Region,mean,std,count
Coastal,35.43689320388349,39.76880884461911,103
Rural,27.68990506329114,36.48440759788675,316
