Region,mean,std,count
Coastal,40.17273584905661,43.0608814306756,106
Inland,39.42288461538461,46.15143510340791,52
Rural,32.390452488687785,40.852654729334866,442
