Region,mean,std,count
Coastal,31.79618357487923,43.73529023641232,207
Inland,50.0,70.71067811865476,2
Rural,32.06890442890443,42.11628368693238,1287
