Date,ID,Value,Neighbor_Estimate,Residual,Robust_Z,Suspect
2021-09-25,US1FLAL0002,0,4.32,-4.32,-108.22,True
2021-09-25,US1FLAL0004,0,1.96,-1.96,-48.82,True
2021-09-25,US1FLAL0007,0,9.88,-9.88,-248.63,True
2021-09-25,US1FLAL0010,0,3.71,-3.71,-92.83,True
2021-09-25,US1FLAL0017,0,2.71,-2.71,-67.73,True
2021-09-25,US1FLAL0026,0,2.45,-2.45,-61.15,True
2021-09-25,US1FLAL0031,0,1.88,-1.88,-46.66,True
2021-09-25,US1FLAL0048,0,4.49,-4.49,-112.62,True
2021-09-25,US1FLAL0050,0,3.27,-3.27,-81.79,True
2021-09-25,US1FLAL0051,0,2.03,-2.03,-50.54,True
2021-09-25,US1FLAL0054,0,2.37,-2.37,-59.19,True
2021-09-25,US1FLAL0055,0,6.68,-6.68,-167.78,True
2021-09-25,US1FLAL0058,0,3.59,-3.59,-89.87,True
2021-09-25,US1FLAL0060,0,8.74,-8.74,-219.8,True
2021-09-25,US1FLAL0071,0,1.58,-1.58,-39.21,True
2021-09-25,US1FLAL0075,0,2.75,-2.75,-68.76,True
2021-09-25,US1FLAL0079,0,2.97,-2.97,-74.19,True
2021-09-25,US1FLAL0080,0,1.88,-1.88,-46.81,True
2021-09-25,US1FLAL0081,127,0.0,127.0,3205.37,True
2021-09-25,US1FLAL0096,0,32.36,-32.36,-815.88,True
2021-09-25,US1FLBK0005,0,0.9,-0.9,-22.08,True
2021-09-25,US1FLBK0006,0,0.83,-0.83,-20.36,True
2021-09-25,US1FLBK0007,0,0.87,-0.87,-21.32,True
2021-09-25,US1FLBV0001,0,4.14,-4.14,-103.78,True
2021-09-25,US1FLBV0002,0,0.65,-0.65,-15.79,True
2021-09-25,US1FLBV0005,0,0.87,-0.87,-21.22,True
2021-09-25,US1FLBV0012,0,0.66,-0.66,-15.98,True
2021-09-25,US1FLBV0013,0,0.57,-0.57,-13.78,True
2021-09-25,US1FLBV0020,0,0.72,-0.72,-17.52,True
2021-09-25,US1FLBV0023,0,0.5,-0.5,-12.06,True
2021-09-25,US1FLBV0028,0,13.09,-13.09,-329.66,True
2021-09-25,US1FLBV0036,0,0.47,-0.47,-11.3,True
2021-09-25,US1FLBV0047,0,0.54,-0.54,-13.05,True
2021-09-25,US1FLBV0052,0,0.71,-0.71,-17.14,True
2021-09-25,US1FLBV0054,0,0.58,-0.58,-13.95,True
2021-09-25,US1FLBV0059,0,4.14,-4.14,-103.69,True
2021-09-25,US1FLBV0063,0,0.65,-0.65,-15.76,True
2021-09-25,US1FLBV0067,0,6.84,-6.84,-171.87,True
2021-09-25,US1FLBV0072,0,5.91,-5.91,-148.42,True
2021-09-25,US1FLBV0073,0,0.01,-0.01,0.34,False
2021-09-25,US1FLBV0078,0,0.5,-0.5,-11.83,True
2021-09-25,US1FLBV0089,0,0.49,-0.49,-11.61,True
2021-09-25,US1FLBV0092,0,0.77,-0.77,-18.69,True
2021-09-25,US1FLBV0095,0,0.47,-0.47,-11.29,True
2021-09-25,US1FLBV0099,0,0.77,-0.77,-18.85,True
2021-09-25,US1FLBV0102,0,0.89,-0.89,-21.7,True
2021-09-25,US1FLBV0107,0,0.76,-0.76,-18.39,True
2021-09-25,US1FLBV0110,0,1.86,-1.86,-46.29,True
2021-09-25,US1FLBV0111,0,0.76,-0.76,-18.59,True
2021-09-25,US1FLBV0113,0,0.49,-0.49,-11.65,True
2021-09-25,US1FLBV0114,0,2.77,-2.77,-69.32,True
2021-09-25,US1FLBV0118,0,12.59,-12.59,-316.96,True
2021-09-25,US1FLBV0123,0,1.58,-1.58,-39.23,True
2021-09-25,US1FLBV0124,0,0.72,-0.72,-17.52,True
2021-09-25,US1FLBV0125,0,0.7,-0.7,-17.07,True
2021-09-25,US1FLBW0007,5,78.82,-73.82,-1862.11,True
2021-09-25,US1FLBW0016,168,62.82,105.18,2654.78,True
2021-09-25,US1FLBW0026,15,71.79,-56.79,-1432.48,True
2021-09-25,US1FLBW0076,61,72.41,-11.41,-287.15,True
2021-09-25,US1FLBW0079,28,74.51,-46.51,-1172.97,True
2021-09-25,US1FLBW0095,13,69.18,-56.18,-1416.94,True
2021-09-25,US1FLBW0099,130,52.76,77.24,1949.81,True
2021-09-25,US1FLBW0110,58,67.21,-9.21,-231.84,True
2021-09-25,US1FLBW0121,127,54.9,72.1,1819.98,True
2021-09-25,US1FLBW0137,0,73.28,-73.28,-1848.4,True
2021-09-25,US1FLBW0151,53,52.75,0.25,6.91,True
2021-09-25,US1FLBW0155,0,65.61,-65.61,-1654.88,True
2021-09-25,US1FLBW0159,30,70.78,-40.78,-1028.47,True
2021-09-25,US1FLBW0160,5,64.41,-59.41,-1498.51,True
2021-09-25,US1FLBW0161,0,68.24,-68.24,-1721.2,True
2021-09-25,US1FLBW0162,69,64.75,4.25,107.88,True
2021-09-25,US1FLBW0166,0,70.03,-70.03,-1766.42,True
2021-09-25,US1FLBW0167,23,70.14,-47.14,-1188.97,True
2021-09-25,US1FLCB0010,0,1.38,-1.38,-34.04,True
2021-09-25,US1FLCB0012,0,1.44,-1.44,-35.74,True
2021-09-25,US1FLCB0019,0,1.46,-1.46,-36.1,True
2021-09-25,US1FLCB0024,0,2.16,-2.16,-53.92,True
2021-09-25,US1FLCB0025,0,1.02,-1.02,-25.18,True
2021-09-25,US1FLCB0026,0,1.97,-1.97,-49.0,True
2021-09-25,US1FLCH0013,0,20.27,-20.27,-510.8,True
2021-09-25,US1FLCH0015,0,22.67,-22.67,-571.43,True
2021-09-25,US1FLCH0019,0,14.89,-14.89,-375.03,True
2021-09-25,US1FLCH0023,0,14.84,-14.84,-373.83,True
2021-09-25,US1FLCH0029,0,28.28,-28.28,-712.94,True
2021-09-25,US1FLCH0034,117,22.41,94.59,2387.51,True
2021-09-25,US1FLCH0035,0,15.61,-15.61,-393.19,True
2021-09-25,US1FLCH0039,30,30.49,-0.49,-11.76,True
2021-09-25,US1FLCH0040,0,21.47,-21.47,-541.09,True
2021-09-25,US1FLCR0012,137,77.12,59.88,1511.72,True
2021-09-25,US1FLCR0013,64,69.22,-5.22,-130.96,True
2021-09-25,US1FLCR0038,244,78.47,165.53,4177.52,True
2021-09-25,US1FLCR0052,25,95.66,-70.66,-1782.26,True
2021-09-25,US1FLCR0053,157,61.28,95.72,2416.07,True
2021-09-25,US1FLCR0057,0,92.6,-92.6,-2335.93,True
2021-09-25,US1FLCR0059,0,85.09,-85.09,-2146.36,True
2021-09-25,US1FLCR0062,0,71.68,-71.68,-1808.05,True
2021-09-25,US1FLCR0066,0,78.78,-78.78,-1987.22,True
2021-09-25,US1FLCT0008,0,0.53,-0.53,-12.74,True
2021-09-25,US1FLCT0011,0,0.49,-0.49,-11.66,True
2021-09-25,US1FLCT0029,0,0.53,-0.53,-12.78,True
2021-09-25,US1FLCT0030,0,0.37,-0.37,-8.61,True
2021-09-25,US1FLCT0031,0,0.34,-0.34,-7.89,True
2021-09-25,US1FLCT0034,0,0.5,-0.5,-11.97,True
2021-09-25,US1FLCT0035,0,0.32,-0.32,-7.28,True
2021-09-25,US1FLCT0036,0,0.45,-0.45,-10.73,True
2021-09-25,US1FLCT0037,0,0.71,-0.71,-17.19,True
2021-09-25,US1FLCT0038,0,0.35,-0.35,-8.25,True
2021-09-25,US1FLCT0039,0,0.3,-0.3,-6.85,True
2021-09-25,US1FLCT0041,0,0.58,-0.58,-13.98,True
2021-09-25,US1FLCY0001,0,0.41,-0.41,-9.73,True
2021-09-25,US1FLCY0003,0,0.72,-0.72,-17.59,True
2021-09-25,US1FLCY0007,0,0.88,-0.88,-21.55,True
2021-09-25,US1FLCY0025,0,0.42,-0.42,-9.83,True
2021-09-25,US1FLCY0037,0,0.44,-0.44,-10.52,True
2021-09-25,US1FLCY0038,0,0.56,-0.56,-13.55,True
2021-09-25,US1FLCY0039,0,0.38,-0.38,-8.9,True
2021-09-25,US1FLCY0041,0,0.66,-0.66,-15.92,True
2021-09-25,US1FLCY0050,0,0.81,-0.81,-19.7,True
2021-09-25,US1FLCY0051,0,0.38,-0.38,-8.93,True
2021-09-25,US1FLCY0054,0,0.56,-0.56,-13.48,True
2021-09-25,US1FLCY0055,0,0.42,-0.42,-9.93,True
2021-09-25,US1FLDS0003,0,21.7,-21.7,-546.78,True
2021-09-25,US1FLDV0003,0,0.0,0.0,0.67,False
2021-09-25,US1FLDV0013,0,0.0,0.0,0.67,False
2021-09-25,US1FLDV0021,0,0.0,0.0,0.67,False
2021-09-25,US1FLDV0028,0,0.0,0.0,0.67,False
2021-09-25,US1FLDV0033,0,0.47,-0.47,-11.06,True
2021-09-25,US1FLDV0042,0,0.42,-0.42,-9.97,True
2021-09-25,US1FLDV0050,0,0.0,0.0,0.67,False
2021-09-25,US1FLDV0059,0,0.0,0.0,0.67,False
2021-09-25,US1FLDV0063,0,0.37,-0.37,-8.56,True
2021-09-25,US1FLDV0069,0,0.0,0.0,0.67,False
2021-09-25,US1FLDV0071,0,0.0,0.0,0.67,False
2021-09-25,US1FLDV0079,0,0.0,0.0,0.67,False
2021-09-25,US1FLDV0091,0,0.0,0.0,0.67,False
2021-09-25,US1FLDV0094,0,0.0,0.0,0.67,False
2021-09-25,US1FLDV0106,0,0.0,0.0,0.67,False
2021-09-25,US1FLDV0117,0,0.0,0.0,0.67,False
2021-09-25,US1FLDV0118,0,0.0,0.0,0.67,False
2021-09-25,US1FLFL0024,0,0.0,0.0,0.67,False
2021-09-25,US1FLFL0032,0,0.0,0.0,0.67,False
2021-09-25,US1FLFL0033,0,0.0,0.0,0.67,False
2021-09-25,US1FLFL0035,0,0.0,0.0,0.67,False
2021-09-25,US1FLFL0036,0,0.0,0.0,0.67,False
2021-09-25,US1FLFL0037,0,0.0,0.0,0.67,False
2021-09-25,US1FLFL0039,0,0.0,0.0,0.67,False
2021-09-25,US1FLFL0040,0,0.0,0.0,0.67,False
2021-09-25,US1FLFL0042,0,0.0,0.0,0.67,False
2021-09-25,US1FLFL0047,0,0.0,0.0,0.67,False
2021-09-25,US1FLFL0049,0,0.0,0.0,0.67,False
2021-09-25,US1FLFL0050,0,0.0,0.0,0.67,False
2021-09-25,US1FLGC0003,0,3.11,-3.11,-77.88,True
2021-09-25,US1FLGC0008,0,2.29,-2.29,-57.04,True
2021-09-25,US1FLGL0007,254,220.56,33.44,844.37,True
2021-09-25,US1FLGL0013,0,89.66,-89.66,-2261.68,True
2021-09-25,US1FLHB0001,0,1.05,-1.05,-25.78,True
2021-09-25,US1FLHB0004,0,1.58,-1.58,-39.27,True
2021-09-25,US1FLHB0005,0,0.72,-0.72,-17.38,True
2021-09-25,US1FLHB0010,0,2.06,-2.06,-51.29,True
2021-09-25,US1FLHB0017,0,2.07,-2.07,-51.66,True
2021-09-25,US1FLHB0027,0,0.58,-0.58,-14.0,True
2021-09-25,US1FLHB0029,0,0.82,-0.82,-20.07,True
2021-09-25,US1FLHB0033,3,1.88,1.12,28.82,True
2021-09-25,US1FLHB0037,0,0.62,-0.62,-14.85,True
2021-09-25,US1FLHB0040,0,0.64,-0.64,-15.49,True
2021-09-25,US1FLHB0044,0,1.71,-1.71,-42.46,True
2021-09-25,US1FLHB0048,0,0.66,-0.66,-15.95,True
2021-09-25,US1FLHB0051,0,0.59,-0.59,-14.29,True
2021-09-25,US1FLHB0055,0,1.14,-1.14,-28.16,True
2021-09-25,US1FLHB0069,0,1.6,-1.6,-39.76,True
2021-09-25,US1FLHB0098,0,2.11,-2.11,-52.6,True
2021-09-25,US1FLHB0107,0,1.6,-1.6,-39.68,True
2021-09-25,US1FLHB0114,0,1.56,-1.56,-38.66,True
2021-09-25,US1FLHB0120,0,0.57,-0.57,-13.77,True
2021-09-25,US1FLHB0130,0,2.19,-2.19,-54.62,True
2021-09-25,US1FLHB0139,0,1.6,-1.6,-39.77,True
2021-09-25,US1FLHB0140,0,0.65,-0.65,-15.69,True
2021-09-25,US1FLHB0141,0,0.61,-0.61,-14.63,True
2021-09-25,US1FLHB0154,0,1.39,-1.39,-34.46,True
2021-09-25,US1FLHB0156,0,0.58,-0.58,-13.95,True
2021-09-25,US1FLHB0160,0,1.44,-1.44,-35.64,True
2021-09-25,US1FLHB0163,0,1.59,-1.59,-39.56,True
2021-09-25,US1FLHB0166,0,1.52,-1.52,-37.79,True
2021-09-25,US1FLHB0168,0,0.77,-0.77,-18.83,True
2021-09-25,US1FLHD0003,0,7.14,-7.14,-179.39,True
2021-09-25,US1FLHL0001,3,32.34,-29.34,-739.76,True
2021-09-25,US1FLHL0003,0,38.61,-38.61,-973.68,True
2021-09-25,US1FLHL0012,0,33.07,-33.07,-833.69,True
2021-09-25,US1FLHL0013,58,14.52,43.48,1097.88,True
2021-09-25,US1FLHL0030,0,24.48,-24.48,-616.95,True
2021-09-25,US1FLHL0043,3,22.64,-19.64,-495.0,True
2021-09-25,US1FLHN0008,0,0.48,-0.48,-11.53,True
2021-09-25,US1FLHN0014,0,0.48,-0.48,-11.39,True
2021-09-25,US1FLHN0022,0,0.44,-0.44,-10.44,True
2021-09-25,US1FLHN0024,0,0.5,-0.5,-12.04,True
2021-09-25,US1FLHN0035,0,0.48,-0.48,-11.56,True
2021-09-25,US1FLHN0039,0,0.46,-0.46,-10.89,True
2021-09-25,US1FLHN0040,0,0.48,-0.48,-11.41,True
2021-09-25,US1FLHN0041,0,0.55,-0.55,-13.19,True
2021-09-25,US1FLHN0043,0,0.47,-0.47,-11.12,True
2021-09-25,US1FLHY0003,853,149.27,703.73,17758.48,True
2021-09-25,US1FLHY0008,262,265.4,-3.4,-85.23,True
2021-09-25,US1FLHY0012,99,88.48,10.52,266.06,True
2021-09-25,US1FLIR0006,30,19.57,10.43,263.77,True
2021-09-25,US1FLIR0015,3,20.35,-17.35,-437.23,True
2021-09-25,US1FLIR0019,0,20.0,-20.0,-503.89,True
2021-09-25,US1FLIR0024,5,28.46,-23.46,-591.35,True
2021-09-25,US1FLIR0026,0,23.82,-23.82,-600.51,True
2021-09-25,US1FLIR0027,0,22.72,-22.72,-572.76,True
2021-09-25,US1FLIR0036,0,25.43,-25.43,-640.98,True
2021-09-25,US1FLIR0048,5,21.22,-16.22,-408.62,True
2021-09-25,US1FLIR0050,79,16.19,62.81,1585.51,True
2021-09-25,US1FLIR0051,3,15.75,-12.75,-321.14,True
2021-09-25,US1FLJF0007,0,0.0,0.0,0.67,False
2021-09-25,US1FLJF0009,0,0.0,0.0,0.67,False
2021-09-25,US1FLJF0010,0,0.0,0.0,0.67,False
2021-09-25,US1FLLE0006,53,84.56,-31.56,-795.73,True
2021-09-25,US1FLLE0022,0,61.15,-61.15,-1542.32,True
2021-09-25,US1FLLE0037,160,76.92,83.08,2097.04,True
2021-09-25,US1FLLE0055,33,77.41,-44.41,-1120.08,True
2021-09-25,US1FLLE0057,23,59.94,-36.94,-931.39,True
2021-09-25,US1FLLE0059,0,52.41,-52.41,-1321.72,True
2021-09-25,US1FLLE0065,48,63.86,-15.86,-399.51,True
2021-09-25,US1FLLE0068,0,86.73,-86.73,-2187.94,True
2021-09-25,US1FLLE0072,201,66.11,134.89,3404.5,True
2021-09-25,US1FLLK0003,0,0.13,-0.13,-2.64,False
2021-09-25,US1FLLK0016,0,0.26,-0.26,-5.86,True
2021-09-25,US1FLLK0017,0,0.09,-0.09,-1.59,False
2021-09-25,US1FLLK0021,0,0.3,-0.3,-6.81,True
2021-09-25,US1FLLK0023,0,0.03,-0.03,0.01,False
2021-09-25,US1FLLK0028,0,0.27,-0.27,-6.06,True
2021-09-25,US1FLLK0030,0,0.03,-0.03,-0.2,False
2021-09-25,US1FLLK0031,0,0.27,-0.27,-6.18,True
2021-09-25,US1FLLK0036,0,0.12,-0.12,-2.45,False
2021-09-25,US1FLLK0043,0,0.31,-0.31,-7.23,True
2021-09-25,US1FLLK0044,0,0.0,0.0,0.67,False
2021-09-25,US1FLLK0045,0,0.0,0.0,0.67,False
2021-09-25,US1FLLV0001,0,1.17,-1.17,-28.81,True
2021-09-25,US1FLLV0004,0,2.36,-2.36,-58.83,True
2021-09-25,US1FLLV0014,0,2.65,-2.65,-66.31,True
2021-09-25,US1FLLV0015,0,0.95,-0.95,-23.29,True
2021-09-25,US1FLLV0017,0,2.17,-2.17,-54.02,True
2021-09-25,US1FLLV0018,0,0.85,-0.85,-20.73,True
2021-09-25,US1FLMA0006,0,2.74,-2.74,-68.47,True
2021-09-25,US1FLMA0010,0,2.11,-2.11,-52.55,True
2021-09-25,US1FLMA0022,0,2.93,-2.93,-73.35,True
2021-09-25,US1FLMA0028,0,3.45,-3.45,-86.45,True
2021-09-25,US1FLMA0029,0,3.72,-3.72,-93.1,True
2021-09-25,US1FLMA0032,0,2.17,-2.17,-54.08,True
2021-09-25,US1FLMA0034,0,2.4,-2.4,-59.91,True
2021-09-25,US1FLMA0037,0,2.37,-2.37,-59.07,True
2021-09-25,US1FLMA0040,0,2.78,-2.78,-69.55,True
2021-09-25,US1FLMA0041,0,2.53,-2.53,-63.14,True
2021-09-25,US1FLMA0043,0,2.3,-2.3,-57.27,True
2021-09-25,US1FLMA0044,0,2.3,-2.3,-57.38,True
2021-09-25,US1FLMR0003,0,0.24,-0.24,-5.32,True
2021-09-25,US1FLMR0004,0,0.31,-0.31,-7.16,True
2021-09-25,US1FLMR0012,0,0.58,-0.58,-13.84,True
2021-09-25,US1FLMR0013,0,1.96,-1.96,-48.68,True
2021-09-25,US1FLMR0018,0,0.39,-0.39,-9.28,True
2021-09-25,US1FLMR0032,0,0.36,-0.36,-8.53,True
2021-09-25,US1FLMR0036,0,0.48,-0.48,-11.34,True
2021-09-25,US1FLMR0042,0,1.64,-1.64,-40.71,True
2021-09-25,US1FLMR0054,0,0.65,-0.65,-15.71,True
2021-09-25,US1FLMR0056,0,0.69,-0.69,-16.8,True
2021-09-25,US1FLMR0057,0,0.83,-0.83,-20.25,True
2021-09-25,US1FLMR0059,0,0.61,-0.61,-14.64,True
2021-09-25,US1FLMR0065,0,0.42,-0.42,-9.94,True
2021-09-25,US1FLMR0066,0,0.24,-0.24,-5.33,True
2021-09-25,US1FLMR0068,0,0.65,-0.65,-15.78,True
2021-09-25,US1FLMR0074,0,0.4,-0.4,-9.46,True
2021-09-25,US1FLMR0079,0,0.8,-0.8,-19.55,True
2021-09-25,US1FLMT0001,716,101.94,614.06,15495.65,True
2021-09-25,US1FLMT0018,231,120.24,110.76,2795.49,True
2021-09-25,US1FLMT0019,0,69.57,-69.57,-1754.86,True
2021-09-25,US1FLMT0021,0,123.19,-123.19,-3107.86,True
2021-09-25,US1FLMT0026,13,57.91,-44.91,-1132.64,True
2021-09-25,US1FLMT0028,0,46.48,-46.48,-1172.29,True
2021-09-25,US1FLMT0031,208,134.76,73.24,1848.89,True
2021-09-25,US1FLMT0035,10,137.07,-127.07,-3205.67,True
2021-09-25,US1FLMT0036,0,46.89,-46.89,-1182.57,True
2021-09-25,US1FLMT0037,213,156.6,56.4,1423.96,True
2021-09-25,US1FLMT0039,457,130.08,326.92,8249.99,True
2021-09-25,US1FLMT0041,30,48.57,-18.57,-468.0,True
2021-09-25,US1FLMT0042,41,121.71,-80.71,-2035.98,True
2021-09-25,US1FLMT0043,0,78.73,-78.73,-1986.02,True
2021-09-25,US1FLMT0045,528,115.71,412.29,10404.4,True
2021-09-25,US1FLMT0046,97,166.03,-69.03,-1741.15,True
2021-09-25,US1FLNS0012,0,0.0,0.0,0.67,False
2021-09-25,US1FLNS0014,0,0.0,0.0,0.67,False
2021-09-25,US1FLNS0017,0,0.0,0.0,0.67,False
2021-09-25,US1FLNS0021,0,0.0,0.0,0.67,False
2021-09-25,US1FLOR0019,0,0.03,-0.03,-0.05,False
2021-09-25,US1FLOR0025,0,0.08,-0.08,-1.38,False
2021-09-25,US1FLOR0026,0,0.07,-0.07,-0.99,False
2021-09-25,US1FLOR0027,0,0.07,-0.07,-0.97,False
2021-09-25,US1FLOR0030,0,0.33,-0.33,-7.57,True
2021-09-25,US1FLOR0034,0,0.08,-0.08,-1.47,False
2021-09-25,US1FLOR0035,0,0.37,-0.37,-8.55,True
2021-09-25,US1FLOR0043,0,0.07,-0.07,-1.21,False
2021-09-25,US1FLOR0046,0,0.09,-0.09,-1.51,False
2021-09-25,US1FLOR0048,0,0.04,-0.04,-0.32,False
2021-09-25,US1FLOR0054,0,0.08,-0.08,-1.29,False
2021-09-25,US1FLOR0055,0,0.09,-0.09,-1.52,False
2021-09-25,US1FLOR0061,0,0.11,-0.11,-2.18,False
2021-09-25,US1FLOR0062,0,0.11,-0.11,-2.08,False
2021-09-25,US1FLOR0065,0,0.08,-0.08,-1.33,False
2021-09-25,US1FLOR0068,0,0.12,-0.12,-2.41,False
2021-09-25,US1FLOS0001,0,0.48,-0.48,-11.54,True
2021-09-25,US1FLOS0027,0,0.49,-0.49,-11.75,True
2021-09-25,US1FLOS0029,0,0.37,-0.37,-8.68,True
2021-09-25,US1FLOS0031,0,0.41,-0.41,-9.66,True
2021-09-25,US1FLOS0036,0,0.89,-0.89,-21.7,True
2021-09-25,US1FLOS0037,0,0.38,-0.38,-9.04,True
2021-09-25,US1FLPB0002,607,81.3,525.7,13265.96,True
2021-09-25,US1FLPB0007,18,123.94,-105.94,-2672.48,True
2021-09-25,US1FLPB0012,38,123.51,-85.51,-2157.03,True
2021-09-25,US1FLPB0013,0,101.43,-101.43,-2558.78,True
2021-09-25,US1FLPB0031,0,83.23,-83.23,-2099.44,True
2021-09-25,US1FLPB0037,15,99.1,-84.1,-2121.4,True
2021-09-25,US1FLPB0044,213,104.15,108.85,2747.25,True
2021-09-25,US1FLPB0061,541,85.37,455.63,11497.98,True
2021-09-25,US1FLPB0063,48,152.34,-104.34,-2632.23,True
2021-09-25,US1FLPB0072,147,128.22,18.78,474.48,True
2021-09-25,US1FLPB0077,51,138.92,-87.92,-2217.88,True
2021-09-25,US1FLPB0080,43,97.41,-54.41,-1372.23,True
2021-09-25,US1FLPB0081,0,88.89,-88.89,-2242.3,True
2021-09-25,US1FLPB0087,0,98.39,-98.39,-2482.14,True
2021-09-25,US1FLPB0098,0,81.73,-81.73,-2061.78,True
2021-09-25,US1FLPK0018,0,1.88,-1.88,-46.87,True
2021-09-25,US1FLPK0032,10,1.0,9.0,227.82,True
2021-09-25,US1FLPK0034,5,1.6,3.4,86.39,True
2021-09-25,US1FLPK0035,0,6.35,-6.35,-159.67,True
2021-09-25,US1FLPK0039,0,1.61,-1.61,-40.03,True
2021-09-25,US1FLPK0055,0,0.97,-0.97,-23.76,True
2021-09-25,US1FLPK0067,0,0.53,-0.53,-12.83,True
2021-09-25,US1FLPK0073,13,1.63,11.37,287.46,True
2021-09-25,US1FLPK0076,0,1.01,-1.01,-24.84,True
2021-09-25,US1FLPK0078,0,0.44,-0.44,-10.54,True
2021-09-25,US1FLPK0081,0,1.14,-1.14,-28.02,True
2021-09-25,US1FLPK0083,0,1.38,-1.38,-34.15,True
2021-09-25,US1FLPN0006,0,1.92,-1.92,-47.87,True
2021-09-25,US1FLPN0009,0,5.55,-5.55,-139.42,True
2021-09-25,US1FLPN0017,0,2.42,-2.42,-60.5,True
2021-09-25,US1FLPN0034,0,4.56,-4.56,-114.39,True
2021-09-25,US1FLPN0035,0,2.79,-2.79,-69.66,True
2021-09-25,US1FLPN0036,0,0.67,-0.67,-16.34,True
2021-09-25,US1FLPN0060,0,3.37,-3.37,-84.24,True
2021-09-25,US1FLPN0071,0,0.75,-0.75,-18.37,True
2021-09-25,US1FLPN0074,0,5.89,-5.89,-147.98,True
2021-09-25,US1FLPN0077,0,2.1,-2.1,-52.24,True
2021-09-25,US1FLPN0079,0,6.87,-6.87,-172.56,True
2021-09-25,US1FLPN0081,0,4.89,-4.89,-122.81,True
2021-09-25,US1FLPN0083,0,1.08,-1.08,-26.64,True
2021-09-25,US1FLPN0087,0,3.4,-3.4,-85.16,True
2021-09-25,US1FLPN0090,0,2.44,-2.44,-60.8,True
2021-09-25,US1FLPN0091,0,0.68,-0.68,-16.43,True
2021-09-25,US1FLPN0094,0,2.09,-2.09,-52.05,True
2021-09-25,US1FLPN0096,0,1.72,-1.72,-42.78,True
2021-09-25,US1FLPN0097,0,1.97,-1.97,-48.94,True
2021-09-25,US1FLPN0099,5,2.37,2.63,67.02,True
2021-09-25,US1FLPN0104,0,1.95,-1.95,-48.47,True
2021-09-25,US1FLPN0105,0,2.24,-2.24,-55.79,True
2021-09-25,US1FLPN0108,0,4.94,-4.94,-123.98,True
2021-09-25,US1FLPN0111,0,0.75,-0.75,-18.33,True
2021-09-25,US1FLPS0001,0,0.73,-0.73,-17.71,True
2021-09-25,US1FLPS0004,0,0.77,-0.77,-18.87,True
2021-09-25,US1FLPS0006,0,0.62,-0.62,-15.05,True
2021-09-25,US1FLPS0007,0,0.65,-0.65,-15.8,True
2021-09-25,US1FLPS0015,0,0.54,-0.54,-12.9,True
2021-09-25,US1FLPS0043,0,0.64,-0.64,-15.46,True
2021-09-25,US1FLPS0049,0,0.51,-0.51,-12.26,True
2021-09-25,US1FLPS0051,0,0.82,-0.82,-20.04,True
2021-09-25,US1FLPS0065,0,0.78,-0.78,-18.99,True
2021-09-25,US1FLPS0072,0,0.65,-0.65,-15.64,True
2021-09-25,US1FLPS0073,0,0.7,-0.7,-16.88,True
2021-09-25,US1FLPS0074,0,0.61,-0.61,-14.8,True
2021-09-25,US1FLPS0075,0,0.78,-0.78,-19.08,True
2021-09-25,US1FLPT0004,0,0.53,-0.53,-12.81,True
2021-09-25,US1FLPT0007,0,0.49,-0.49,-11.68,True
2021-09-25,US1FLPT0008,0,0.54,-0.54,-13.01,True
2021-09-25,US1FLPT0012,0,0.71,-0.71,-17.22,True
2021-09-25,US1FLPT0021,0,0.47,-0.47,-11.26,True
2021-09-25,US1FLPT0024,0,0.47,-0.47,-11.26,True
2021-09-25,US1FLPT0026,0,0.75,-0.75,-18.3,True
2021-09-25,US1FLPT0027,0,0.68,-0.68,-16.4,True
2021-09-25,US1FLPT0029,0,0.6,-0.6,-14.34,True
2021-09-25,US1FLSJ0004,0,0.0,0.0,0.67,False
2021-09-25,US1FLSJ0016,0,0.49,-0.49,-11.78,True
2021-09-25,US1FLSJ0020,0,0.0,0.0,0.67,False
2021-09-25,US1FLSJ0023,0,0.0,0.0,0.67,False
2021-09-25,US1FLSJ0028,0,0.0,0.0,0.67,False
2021-09-25,US1FLSJ0030,0,0.36,-0.36,-8.33,True
2021-09-25,US1FLSJ0033,0,0.0,0.0,0.67,False
2021-09-25,US1FLSJ0034,0,0.0,0.0,0.67,False
2021-09-25,US1FLSJ0036,0,0.37,-0.37,-8.72,True
2021-09-25,US1FLSJ0039,0,0.0,0.0,0.67,False
2021-09-25,US1FLSL0011,0,41.25,-41.25,-1040.21,True
2021-09-25,US1FLSL0013,0,59.89,-59.89,-1510.69,True
2021-09-25,US1FLSL0015,0,36.36,-36.36,-916.95,True
2021-09-25,US1FLSL0017,0,60.47,-60.47,-1525.31,True
2021-09-25,US1FLSL0019,0,51.57,-51.57,-1300.69,True
2021-09-25,US1FLSL0022,0,52.27,-52.27,-1318.34,True
2021-09-25,US1FLSL0033,5,41.0,-36.0,-907.75,True
2021-09-25,US1FLSL0050,0,54.59,-54.59,-1376.93,True
2021-09-25,US1FLSL0054,0,50.0,-50.0,-1260.94,True
2021-09-25,US1FLSM0008,0,0.0,0.0,0.67,False
2021-09-25,US1FLSM0018,0,0.0,0.0,0.67,False
2021-09-25,US1FLSM0026,0,0.04,-0.04,-0.33,False
2021-09-25,US1FLSM0030,0,0.0,0.0,0.67,False
2021-09-25,US1FLSM0034,0,0.0,0.0,0.67,False
2021-09-25,US1FLSM0035,0,0.03,-0.03,-0.0,False
2021-09-25,US1FLSM0037,0,0.0,0.0,0.67,False
2021-09-25,US1FLSM0039,0,0.03,-0.03,-0.0,False
2021-09-25,US1FLSS0014,0,13.81,-13.81,-347.71,True
2021-09-25,US1FLSS0015,3,16.88,-13.88,-349.66,True
2021-09-25,US1FLSS0022,18,26.94,-8.94,-224.94,True
2021-09-25,US1FLSS0034,3,12.17,-9.17,-230.69,True
2021-09-25,US1FLSS0040,8,23.1,-15.1,-380.28,True
2021-09-25,US1FLSS0047,0,2.98,-2.98,-74.53,True
2021-09-25,US1FLSS0052,0,5.38,-5.38,-134.98,True
2021-09-25,US1FLSS0056,0,11.78,-11.78,-296.61,True
2021-09-25,US1FLSS0059,0,12.92,-12.92,-325.43,True
2021-09-25,US1FLSS0063,0,2.7,-2.7,-67.4,True
2021-09-25,US1FLSS0065,127,14.41,112.59,2841.65,True
2021-09-25,US1FLSS0071,0,12.07,-12.07,-303.88,True
2021-09-25,US1FLSS0073,0,5.21,-5.21,-130.88,True
2021-09-25,US1FLSS0075,0,16.9,-16.9,-425.77,True
2021-09-25,US1FLSS0077,0,5.32,-5.32,-133.51,True
2021-09-25,US1FLSS0079,0,4.25,-4.25,-106.61,True
2021-09-25,US1FLSS0080,0,2.8,-2.8,-69.92,True
2021-09-25,US1FLST0007,0,0.28,-0.28,-6.32,True
2021-09-25,US1FLST0009,0,0.25,-0.25,-5.66,True
2021-09-25,US1FLST0012,0,0.27,-0.27,-6.04,True
2021-09-25,US1FLST0026,0,0.27,-0.27,-6.14,True
2021-09-25,US1FLST0032,0,0.27,-0.27,-6.18,True
2021-09-25,US1FLST0035,0,0.34,-0.34,-7.84,True
2021-09-25,US1FLST0037,0,0.29,-0.29,-6.67,True
2021-09-25,US1FLSW0001,0,0.85,-0.85,-20.71,True
2021-09-25,US1FLSW0008,0,0.0,0.0,0.67,False
2021-09-25,US1FLSW0011,0,1.4,-1.4,-34.68,True
2021-09-25,US1FLSW0014,0,1.36,-1.36,-33.53,True
2021-09-25,US1FLVL0001,0,0.0,0.0,0.67,False
2021-09-25,US1FLVL0003,0,0.0,0.0,0.67,False
2021-09-25,US1FLVL0005,0,0.0,0.0,0.67,False
2021-09-25,US1FLVL0009,0,0.0,0.0,0.67,False
2021-09-25,US1FLVL0024,0,0.0,0.0,0.67,False
2021-09-25,US1FLVL0029,0,0.0,0.0,0.67,False
2021-09-25,US1FLVL0037,0,0.0,0.0,0.67,False
2021-09-25,US1FLVL0038,0,0.0,0.0,0.67,False
2021-09-25,US1FLVL0040,0,0.0,0.0,0.67,False
2021-09-25,US1FLVL0042,0,0.0,0.0,0.67,False
2021-09-25,US1FLVL0044,0,0.0,0.0,0.67,False
2021-09-25,US1FLVL0051,0,0.0,0.0,0.67,False
2021-09-25,US1FLVL0060,0,0.0,0.0,0.67,False
2021-09-25,US1FLVL0061,0,0.0,0.0,0.67,False
2021-09-25,US1FLVL0062,0,0.0,0.0,0.67,False
2021-09-25,US1FLVL0063,0,0.0,0.0,0.67,False
2021-09-25,US1FLVL0070,0,0.0,0.0,0.67,False
2021-09-25,US1FLVL0071,0,0.0,0.0,0.67,False
2021-09-25,US1FLVL0073,0,0.0,0.0,0.67,False
2021-09-25,US1FLVL0075,0,0.0,0.0,0.67,False
2021-09-25,US1FLVL0081,0,0.0,0.0,0.67,False
2021-09-25,US1FLVL0082,0,0.0,0.0,0.67,False
2021-09-25,US1FLVL0083,0,0.0,0.0,0.67,False
2021-09-25,US1FLVL0084,0,0.0,0.0,0.67,False
2021-09-25,US1FLVL0086,0,0.0,0.0,0.67,False
2021-09-25,US1FLVL0087,0,0.0,0.0,0.67,False
2021-09-25,US1FLVL0089,0,0.0,0.0,0.67,False
2021-09-25,US1FLVL0090,0,0.0,0.0,0.67,False
2021-09-25,US1FLVL0091,0,0.0,0.0,0.67,False
2021-09-25,US1FLVL0099,0,0.0,0.0,0.67,False
2021-09-25,US1FLVL0101,0,0.0,0.0,0.67,False
2021-09-25,US1FLVL0103,0,0.0,0.0,0.67,False
2021-09-25,US1FLVL0104,0,0.0,0.0,0.67,False
2021-09-25,US1FLVL0105,0,0.0,0.0,0.67,False
2021-09-25,US1GAAP0005,0,0.0,0.0,0.67,False
2021-09-25,US1GAAP0006,0,0.0,0.0,0.67,False
2021-09-25,US1GAAP0007,0,0.0,0.0,0.67,False
2021-09-25,US1GABB0016,0,0.0,0.0,0.67,False
2021-09-25,US1GABB0019,0,0.0,0.0,0.67,False
2021-09-25,US1GABD0001,0,0.09,-0.09,-1.7,False
2021-09-25,US1GABD0005,0,0.08,-0.08,-1.42,False
2021-09-25,US1GABK0001,0,0.05,-0.05,-0.65,False
2021-09-25,US1GABR0002,0,0.0,0.0,0.67,False
2021-09-25,US1GABR0005,0,0.0,0.0,0.67,False
2021-09-25,US1GABU0013,0,0.0,0.0,0.67,False
2021-09-25,US1GABU0021,0,0.0,0.0,0.67,False
2021-09-25,US1GABY0001,0,0.0,0.0,0.67,False
2021-09-25,US1GACF0001,0,0.0,0.0,0.67,False
2021-09-25,US1GACH0006,0,0.0,0.0,0.67,False
2021-09-25,US1GACI0003,0,0.0,0.0,0.67,False
2021-09-25,US1GACK0006,0,0.02,-0.02,0.28,False
2021-09-25,US1GACK0010,0,0.02,-0.02,0.24,False
2021-09-25,US1GACK0011,0,0.02,-0.02,0.08,False
2021-09-25,US1GACK0012,0,0.02,-0.02,0.1,False
2021-09-25,US1GACK0027,0,0.03,-0.03,-0.02,False
2021-09-25,US1GACK0030,0,0.02,-0.02,0.12,False
2021-09-25,US1GACK0038,0,0.02,-0.02,0.25,False
2021-09-25,US1GACM0014,0,0.0,0.0,0.67,False
2021-09-25,US1GACM0018,0,0.0,0.0,0.67,False
2021-09-25,US1GACM0019,0,0.0,0.0,0.67,False
2021-09-25,US1GACM0020,0,0.0,0.0,0.67,False
2021-09-25,US1GACM0021,0,0.0,0.0,0.67,False
2021-09-25,US1GACO0003,0,0.0,0.0,0.67,False
2021-09-25,US1GACQ0002,0,0.0,0.0,0.67,False
2021-09-25,US1GACQ0012,0,0.0,0.0,0.67,False
2021-09-25,US1GACQ0013,0,0.0,0.0,0.67,False
2021-09-25,US1GACT0001,0,0.0,0.0,0.67,False
2021-09-25,US1GACT0003,0,0.0,0.0,0.67,False
2021-09-25,US1GACT0019,0,0.0,0.0,0.67,False
2021-09-25,US1GACT0036,0,0.0,0.0,0.67,False
2021-09-25,US1GACT0037,0,0.0,0.0,0.67,False
2021-09-25,US1GACT0038,0,0.0,0.0,0.67,False
2021-09-25,US1GACT0040,0,0.0,0.0,0.67,False
2021-09-25,US1GACT0055,0,0.0,0.0,0.67,False
2021-09-25,US1GACT0057,0,0.0,0.0,0.67,False
2021-09-25,US1GACT0060,0,0.0,0.0,0.67,False
2021-09-25,US1GACT0061,0,0.0,0.0,0.67,False
2021-09-25,US1GACT0064,0,0.0,0.0,0.67,False
2021-09-25,US1GACT0067,0,0.0,0.0,0.67,False
2021-09-25,US1GACT0077,0,0.0,0.0,0.67,False
2021-09-25,US1GACT0089,0,0.0,0.0,0.67,False
2021-09-25,US1GACT0098,0,0.0,0.0,0.67,False
2021-09-25,US1GACT0099,0,0.0,0.0,0.67,False
2021-09-25,US1GACU0001,0,0.03,-0.03,-0.0,False
2021-09-25,US1GACU0003,0,0.04,-0.04,-0.23,False
2021-09-25,US1GACU0006,0,0.03,-0.03,0.0,False
2021-09-25,US1GACU0009,0,0.06,-0.06,-0.92,False
2021-09-25,US1GACU0011,0,0.06,-0.06,-0.82,False
2021-09-25,US1GACU0013,0,0.03,-0.03,-0.18,False
2021-09-25,US1GACU0014,0,0.05,-0.05,-0.67,False
2021-09-25,US1GACU0021,0,0.03,-0.03,-0.09,False
2021-09-25,US1GADG0004,0,0.0,0.0,0.67,False
2021-09-25,US1GADG0005,0,0.0,0.0,0.67,False
2021-09-25,US1GADG0009,0,0.0,0.0,0.67,False
2021-09-25,US1GAEF0013,0,0.0,0.0,0.67,False
2021-09-25,US1GAEF0017,0,0.0,0.0,0.67,False
2021-09-25,US1GAEF0018,0,0.0,0.0,0.67,False
2021-09-25,US1GAEF0021,0,0.0,0.0,0.67,False
2021-09-25,US1GAEF0022,0,0.0,0.0,0.67,False
2021-09-25,US1GAEM0004,0,0.07,-0.07,-1.16,False
2021-09-25,US1GAEM0005,0,0.0,0.0,0.67,False
2021-09-25,US1GAEV0001,0,0.0,0.0,0.67,False
2021-09-25,US1GAGE0001,0,0.09,-0.09,-1.57,False
2021-09-25,US1GAGE0005,0,0.08,-0.08,-1.25,False
2021-09-25,US1GAGN0005,0,0.0,0.0,0.67,False
2021-09-25,US1GAGN0007,0,0.0,0.0,0.67,False
2021-09-25,US1GAGW0050,0,0.0,0.0,0.67,False
2021-09-25,US1GAGW0065,0,0.0,0.0,0.67,False
2021-09-25,US1GAHS0003,0,0.0,0.0,0.67,False
2021-09-25,US1GAHS0005,0,0.0,0.0,0.67,False
2021-09-25,US1GAHS0011,0,0.0,0.0,0.67,False
2021-09-25,US1GAHS0016,0,0.0,0.0,0.67,False
2021-09-25,US1GAHS0024,0,0.0,0.0,0.67,False
2021-09-25,US1GAHS0027,0,0.0,0.0,0.67,False
2021-09-25,US1GAJN0006,0,0.0,0.0,0.67,False
2021-09-25,US1GALB0004,0,0.0,0.0,0.67,False
2021-09-25,US1GALB0006,0,0.0,0.0,0.67,False
2021-09-25,US1GALB0010,0,0.0,0.0,0.67,False
2021-09-25,US1GALB0011,0,0.0,0.0,0.67,False
2021-09-25,US1GALC0002,0,0.07,-0.07,-1.06,False
2021-09-25,US1GALR0001,0,0.0,0.0,0.67,False
2021-09-25,US1GALW0004,0,0.0,0.0,0.67,False
2021-09-25,US1GALW0008,0,0.0,0.0,0.67,False
2021-09-25,US1GAMD0005,0,0.19,-0.19,-4.15,True
2021-09-25,US1GAMI0001,0,0.0,0.0,0.67,False
2021-09-25,US1GAMI0005,0,0.0,0.0,0.67,False
2021-09-25,US1GAMN0007,0,0.0,0.0,0.67,False
2021-09-25,US1GAMN0010,0,0.0,0.0,0.67,False
2021-09-25,US1GANW0001,0,0.0,0.0,0.67,False
2021-09-25,US1GANW0007,0,0.0,0.0,0.67,False
2021-09-25,US1GAOC0001,0,0.02,-0.02,0.22,False
2021-09-25,US1GAOC0002,0,0.02,-0.02,0.15,False
2021-09-25,US1GAOC0005,0,0.02,-0.02,0.14,False
2021-09-25,US1GAOC0009,0,0.02,-0.02,0.2,False
2021-09-25,US1GAOC0012,0,0.02,-0.02,0.1,False
2021-09-25,US1GAOC0014,0,0.01,-0.01,0.33,False
2021-09-25,US1GAOC0015,0,0.02,-0.02,0.08,False
2021-09-25,US1GAOC0016,0,0.01,-0.01,0.33,False
2021-09-25,US1GAOC0018,0,0.02,-0.02,0.07,False
2021-09-25,US1GAOG0002,0,0.06,-0.06,-0.92,False
2021-09-25,US1GAOG0005,0,0.03,-0.03,-0.09,False
2021-09-25,US1GAOG0007,0,0.05,-0.05,-0.52,False
2021-09-25,US1GAOG0010,0,0.06,-0.06,-0.75,False
2021-09-25,US1GAOG0012,0,0.03,-0.03,-0.08,False
2021-09-25,US1GAOG0015,0,0.04,-0.04,-0.28,False
2021-09-25,US1GAOG0029,0,0.05,-0.05,-0.48,False
2021-09-25,US1GAPE0001,0,0.0,0.0,0.67,False
2021-09-25,US1GAPE0003,0,0.0,0.0,0.67,False
2021-09-25,US1GARC0009,0,0.03,-0.03,-0.02,False
2021-09-25,US1GARC0012,0,0.03,-0.03,-0.08,False
2021-09-25,US1GARC0019,0,0.04,-0.04,-0.38,False
2021-09-25,US1GASV0005,0,0.0,0.0,0.67,False
2021-09-25,US1GASV0007,0,0.0,0.0,0.67,False
2021-09-25,US1GASV0008,0,0.0,0.0,0.67,False
2021-09-25,US1GATE0004,0,0.0,0.0,0.67,False
2021-09-25,US1GATF0003,0,0.0,0.0,0.67,False
2021-09-25,US1GATF0007,0,0.0,0.0,0.67,False
2021-09-25,US1GATG0001,0,0.0,0.0,0.67,False
2021-09-25,US1GATH0002,0,0.0,0.0,0.67,False
2021-09-25,US1GATH0004,0,0.0,0.0,0.67,False
2021-09-25,US1GATN0004,0,0.0,0.0,0.67,False
2021-09-25,US1GAWG0006,0,0.1,-0.1,-1.72,False
2021-09-25,US1GAWL0001,0,0.0,0.0,0.67,False
2021-09-25,US1GAWL0012,0,0.0,0.0,0.67,False
2021-09-25,US1GAWL0022,0,0.02,-0.02,0.06,False
2021-09-25,US1GAWL0024,0,0.0,0.0,0.67,False
2021-09-25,US1GAWN0001,5,0.0,5.0,126.84,True
2021-09-25,US1GAWR0005,0,0.0,0.0,0.67,False
2021-09-25,US1GAWS0001,0,0.11,-0.11,-2.2,False
2021-09-25,US1GAWT0003,0,0.0,0.0,0.67,False
2021-09-25,US1GAWY0007,0,0.0,0.0,0.67,False
2021-09-25,US1NCBR0001,0,0.0,0.0,0.67,False
2021-09-25,US1NCBR0006,0,0.0,0.0,0.67,False
2021-09-25,US1NCBR0104,0,0.0,0.0,0.67,False
2021-09-25,US1NCBR0105,0,0.0,0.0,0.67,False
2021-09-25,US1SCAK0014,0,0.03,-0.03,-0.05,False
2021-09-25,US1SCAK0023,0,0.02,-0.02,0.05,False
2021-09-25,US1SCAK0027,0,0.02,-0.02,0.2,False
2021-09-25,US1SCAK0031,0,0.02,-0.02,0.16,False
2021-09-25,US1SCAK0032,0,0.02,-0.02,0.11,False
2021-09-25,US1SCAK0033,0,0.02,-0.02,0.25,False
2021-09-25,US1SCAK0039,0,0.03,-0.03,-0.04,False
2021-09-25,US1SCAK0051,0,0.03,-0.03,-0.07,False
2021-09-25,US1SCAK0053,0,0.02,-0.02,0.08,False
2021-09-25,US1SCAK0057,0,0.02,-0.02,0.15,False
2021-09-25,US1SCAK0060,0,0.02,-0.02,0.25,False
2021-09-25,US1SCAK0069,0,0.02,-0.02,0.05,False
2021-09-25,US1SCAK0073,0,0.03,-0.03,0.03,False
2021-09-25,US1SCAK0074,0,0.02,-0.02,0.09,False
2021-09-25,US1SCAK0083,0,0.02,-0.02,0.13,False
2021-09-25,US1SCAK0097,0,0.02,-0.02,0.17,False
2021-09-25,US1SCAK0101,0,0.04,-0.04,-0.31,False
2021-09-25,US1SCAL0002,0,0.0,0.0,0.67,False
2021-09-25,US1SCBF0002,0,0.0,0.0,0.67,False
2021-09-25,US1SCBF0010,0,0.0,0.0,0.67,False
2021-09-25,US1SCBF0015,0,0.0,0.0,0.67,False
2021-09-25,US1SCBF0022,0,0.0,0.0,0.67,False
2021-09-25,US1SCBF0032,0,0.0,0.0,0.67,False
2021-09-25,US1SCBF0036,0,0.0,0.0,0.67,False
2021-09-25,US1SCBF0037,0,0.0,0.0,0.67,False
2021-09-25,US1SCBF0053,0,0.0,0.0,0.67,False
2021-09-25,US1SCBF0055,0,0.0,0.0,0.67,False
2021-09-25,US1SCBF0059,0,0.0,0.0,0.67,False
2021-09-25,US1SCBF0066,0,0.0,0.0,0.67,False
2021-09-25,US1SCBF0080,0,0.0,0.0,0.67,False
2021-09-25,US1SCBF0091,0,0.0,0.0,0.67,False
2021-09-25,US1SCBF0092,0,0.0,0.0,0.67,False
2021-09-25,US1SCBF0093,0,0.0,0.0,0.67,False
2021-09-25,US1SCBF0096,0,0.0,0.0,0.67,False
2021-09-25,US1SCBF0097,0,0.0,0.0,0.67,False
2021-09-25,US1SCBF0098,0,0.0,0.0,0.67,False
2021-09-25,US1SCBF0099,0,0.0,0.0,0.67,False
2021-09-25,US1SCBF0100,0,0.0,0.0,0.67,False
2021-09-25,US1SCBF0104,0,0.0,0.0,0.67,False
2021-09-25,US1SCBF0111,0,0.0,0.0,0.67,False
2021-09-25,US1SCBF0112,0,0.0,0.0,0.67,False
2021-09-25,US1SCBK0017,0,0.0,0.0,0.67,False
2021-09-25,US1SCBK0038,0,0.0,0.0,0.67,False
2021-09-25,US1SCBK0046,0,0.0,0.0,0.67,False
2021-09-25,US1SCBK0048,0,0.0,0.0,0.67,False
2021-09-25,US1SCBK0055,0,0.0,0.0,0.67,False
2021-09-25,US1SCBK0056,0,0.0,0.0,0.67,False
2021-09-25,US1SCBK0059,0,0.0,0.0,0.67,False
2021-09-25,US1SCBK0061,0,0.0,0.0,0.67,False
2021-09-25,US1SCBK0065,0,0.0,0.0,0.67,False
2021-09-25,US1SCBK0079,0,0.0,0.0,0.67,False
2021-09-25,US1SCBK0081,0,0.0,0.0,0.67,False
2021-09-25,US1SCBK0082,0,0.0,0.0,0.67,False
2021-09-25,US1SCBK0085,0,0.0,0.0,0.67,False
2021-09-25,US1SCBM0001,0,0.02,-0.02,0.2,False
2021-09-25,US1SCBM0006,0,0.01,-0.01,0.37,False
2021-09-25,US1SCBW0003,0,0.02,-0.02,0.23,False
2021-09-25,US1SCCA0002,0,0.06,-0.06,-0.96,False
2021-09-25,US1SCCA0016,0,0.05,-0.05,-0.47,False
2021-09-25,US1SCCA0020,0,0.03,-0.03,-0.16,False
2021-09-25,US1SCCD0006,0,0.02,-0.02,0.26,False
2021-09-25,US1SCCD0017,0,0.01,-0.01,0.31,False
2021-09-25,US1SCCD0019,0,0.01,-0.01,0.3,False
2021-09-25,US1SCCL0003,0,0.0,0.0,0.67,False
2021-09-25,US1SCCL0005,0,0.0,0.0,0.67,False
2021-09-25,US1SCCL0009,0,0.0,0.0,0.67,False
2021-09-25,US1SCCL0014,0,0.0,0.0,0.67,False
2021-09-25,US1SCCL0016,0,0.0,0.0,0.67,False
2021-09-25,US1SCCL0017,0,0.0,0.0,0.67,False
2021-09-25,US1SCCL0028,0,0.0,0.0,0.67,False
2021-09-25,US1SCCL0031,0,0.0,0.0,0.67,False
2021-09-25,US1SCCR0010,0,0.0,0.0,0.67,False
2021-09-25,US1SCCR0013,0,0.0,0.0,0.67,False
2021-09-25,US1SCCR0022,0,0.0,0.0,0.67,False
2021-09-25,US1SCCR0026,0,0.0,0.0,0.67,False
2021-09-25,US1SCCR0030,0,0.0,0.0,0.67,False
2021-09-25,US1SCCR0032,0,0.0,0.0,0.67,False
2021-09-25,US1SCCR0033,0,0.0,0.0,0.67,False
2021-09-25,US1SCCR0034,0,0.0,0.0,0.67,False
2021-09-25,US1SCCR0042,0,0.0,0.0,0.67,False
2021-09-25,US1SCCR0049,0,0.0,0.0,0.67,False
2021-09-25,US1SCCR0057,0,0.0,0.0,0.67,False
2021-09-25,US1SCCR0060,0,0.0,0.0,0.67,False
2021-09-25,US1SCCR0069,0,0.0,0.0,0.67,False
2021-09-25,US1SCCR0074,0,0.0,0.0,0.67,False
2021-09-25,US1SCCR0078,0,0.0,0.0,0.67,False
2021-09-25,US1SCCR0092,0,0.0,0.0,0.67,False
2021-09-25,US1SCCR0096,0,0.0,0.0,0.67,False
2021-09-25,US1SCCR0097,0,0.0,0.0,0.67,False
2021-09-25,US1SCCR0098,0,0.0,0.0,0.67,False
2021-09-25,US1SCCR0099,0,0.0,0.0,0.67,False
2021-09-25,US1SCCR0105,0,0.0,0.0,0.67,False
2021-09-25,US1SCCR0112,0,0.0,0.0,0.67,False
2021-09-25,US1SCCR0113,0,0.0,0.0,0.67,False
2021-09-25,US1SCCR0115,0,0.0,0.0,0.67,False
2021-09-25,US1SCCR0116,0,0.0,0.0,0.67,False
2021-09-25,US1SCCR0123,0,0.0,0.0,0.67,False
2021-09-25,US1SCCR0131,0,0.0,0.0,0.67,False
2021-09-25,US1SCCR0138,0,0.0,0.0,0.67,False
2021-09-25,US1SCCR0142,0,0.0,0.0,0.67,False
2021-09-25,US1SCCR0144,0,0.0,0.0,0.67,False
2021-09-25,US1SCCR0146,0,0.0,0.0,0.67,False
2021-09-25,US1SCCR0148,0,0.0,0.0,0.67,False
2021-09-25,US1SCCR0149,0,0.0,0.0,0.67,False
2021-09-25,US1SCCR0151,0,0.0,0.0,0.67,False
2021-09-25,US1SCCR0153,0,0.0,0.0,0.67,False
2021-09-25,US1SCCR0154,0,0.0,0.0,0.67,False
2021-09-25,US1SCCR0155,0,0.0,0.0,0.67,False
2021-09-25,US1SCCR0161,0,0.0,0.0,0.67,False
2021-09-25,US1SCCR0162,0,0.0,0.0,0.67,False
2021-09-25,US1SCCR0164,0,0.0,0.0,0.67,False
2021-09-25,US1SCCR0166,0,0.0,0.0,0.67,False
2021-09-25,US1SCCR0173,0,0.0,0.0,0.67,False
2021-09-25,US1SCCR0178,0,0.0,0.0,0.67,False
2021-09-25,US1SCCR0183,0,0.0,0.0,0.67,False
2021-09-25,US1SCCR0187,0,0.0,0.0,0.67,False
2021-09-25,US1SCCR0189,0,0.0,0.0,0.67,False
2021-09-25,US1SCCR0192,0,0.0,0.0,0.67,False
2021-09-25,US1SCCR0194,0,0.0,0.0,0.67,False
2021-09-25,US1SCCR0197,0,0.0,0.0,0.67,False
2021-09-25,US1SCCR0199,0,0.0,0.0,0.67,False
2021-09-25,US1SCCR0204,0,0.0,0.0,0.67,False
2021-09-25,US1SCCR0205,0,0.0,0.0,0.67,False
2021-09-25,US1SCCR0210,0,0.0,0.0,0.67,False
2021-09-25,US1SCCR0212,0,0.0,0.0,0.67,False
2021-09-25,US1SCCR0214,0,0.0,0.0,0.67,False
2021-09-25,US1SCCR0217,0,0.0,0.0,0.67,False
2021-09-25,US1SCCR0218,0,0.0,0.0,0.67,False
2021-09-25,US1SCCR0221,0,0.0,0.0,0.67,False
2021-09-25,US1SCCR0227,0,0.0,0.0,0.67,False
2021-09-25,US1SCCR0228,0,0.0,0.0,0.67,False
2021-09-25,US1SCCR0231,0,0.0,0.0,0.67,False
2021-09-25,US1SCCR0232,0,0.0,0.0,0.67,False
2021-09-25,US1SCCR0238,0,0.0,0.0,0.67,False
2021-09-25,US1SCCR0241,0,0.0,0.0,0.67,False
2021-09-25,US1SCCR0243,0,0.0,0.0,0.67,False
2021-09-25,US1SCDC0003,0,0.0,0.0,0.67,False
2021-09-25,US1SCDC0018,0,0.01,-0.01,0.4,False
2021-09-25,US1SCDC0036,0,0.0,0.0,0.67,False
2021-09-25,US1SCDC0041,0,0.0,0.0,0.67,False
2021-09-25,US1SCDC0042,0,0.0,0.0,0.67,False
2021-09-25,US1SCDC0055,0,0.0,0.0,0.67,False
2021-09-25,US1SCDC0056,0,0.0,0.0,0.67,False
2021-09-25,US1SCDC0057,0,0.0,0.0,0.67,False
2021-09-25,US1SCDC0062,0,0.0,0.0,0.67,False
2021-09-25,US1SCDC0067,0,0.0,0.0,0.67,False
2021-09-25,US1SCDC0069,0,0.0,0.0,0.67,False
2021-09-25,US1SCDC0075,0,0.0,0.0,0.67,False
2021-09-25,US1SCDC0076,0,0.0,0.0,0.67,False
2021-09-25,US1SCDC0078,0,0.0,0.0,0.67,False
2021-09-25,US1SCDC0086,0,0.0,0.0,0.67,False
2021-09-25,US1SCDC0087,0,0.0,0.0,0.67,False
2021-09-25,US1SCED0002,0,0.03,-0.03,-0.21,False
2021-09-25,US1SCED0013,0,0.04,-0.04,-0.22,False
2021-09-25,US1SCED0016,0,0.05,-0.05,-0.64,False
2021-09-25,US1SCGT0004,0,0.0,0.0,0.67,False
2021-09-25,US1SCGT0011,0,0.0,0.0,0.67,False
2021-09-25,US1SCGT0019,0,0.0,0.0,0.67,False
2021-09-25,US1SCGT0024,0,0.0,0.0,0.67,False
2021-09-25,US1SCGT0036,0,0.0,0.0,0.67,False
2021-09-25,US1SCGT0044,0,0.0,0.0,0.67,False
2021-09-25,US1SCGT0046,0,0.0,0.0,0.67,False
2021-09-25,US1SCHM0007,0,0.0,0.0,0.67,False
2021-09-25,US1SCHM0018,0,0.0,0.0,0.67,False
2021-09-25,US1SCHM0021,0,0.0,0.0,0.67,False
2021-09-25,US1SCHR0020,0,0.0,0.0,0.67,False
2021-09-25,US1SCHR0039,0,0.0,0.0,0.67,False
2021-09-25,US1SCHR0046,0,0.0,0.0,0.67,False
2021-09-25,US1SCHR0061,0,0.0,0.0,0.67,False
2021-09-25,US1SCHR0063,0,0.0,0.0,0.67,False
2021-09-25,US1SCHR0064,0,0.0,0.0,0.67,False
2021-09-25,US1SCHR0065,0,0.0,0.0,0.67,False
2021-09-25,US1SCHR0067,0,0.0,0.0,0.67,False
2021-09-25,US1SCHR0073,0,0.0,0.0,0.67,False
2021-09-25,US1SCHR0075,0,0.0,0.0,0.67,False
2021-09-25,US1SCHR0106,0,0.0,0.0,0.67,False
2021-09-25,US1SCHR0111,0,0.0,0.0,0.67,False
2021-09-25,US1SCHR0119,0,0.0,0.0,0.67,False
2021-09-25,US1SCHR0122,0,0.0,0.0,0.67,False
2021-09-25,US1SCHR0123,0,0.0,0.0,0.67,False
2021-09-25,US1SCHR0124,0,0.0,0.0,0.67,False
2021-09-25,US1SCHR0125,0,0.0,0.0,0.67,False
2021-09-25,US1SCHR0126,0,0.0,0.0,0.67,False
2021-09-25,US1SCHR0136,0,0.0,0.0,0.67,False
2021-09-25,US1SCHR0137,0,0.0,0.0,0.67,False
2021-09-25,US1SCJS0003,0,0.0,0.0,0.67,False
2021-09-25,US1SCJS0009,0,0.0,0.0,0.67,False
2021-09-25,US1SCLX0005,0,0.05,-0.05,-0.51,False
2021-09-25,US1SCLX0022,0,0.04,-0.04,-0.28,False
2021-09-25,US1SCLX0031,0,0.06,-0.06,-0.78,False
2021-09-25,US1SCLX0069,0,0.04,-0.04,-0.32,False
2021-09-25,US1SCLX0093,0,0.04,-0.04,-0.25,False
2021-09-25,US1SCLX0096,0,0.16,-0.16,-3.31,False
2021-09-25,US1SCLX0097,0,0.12,-0.12,-2.29,False
2021-09-25,US1SCLX0098,0,0.07,-0.07,-1.08,False
2021-09-25,US1SCLX0122,0,0.03,-0.03,-0.14,False
2021-09-25,US1SCLX0127,0,0.03,-0.03,0.02,False
2021-09-25,US1SCLX0154,0,0.02,-0.02,0.15,False
2021-09-25,US1SCLX0169,0,0.09,-0.09,-1.64,False
2021-09-25,US1SCLX0173,0,0.31,-0.31,-7.08,True
2021-09-25,US1SCLX0184,0,0.05,-0.05,-0.61,False
2021-09-25,US1SCLX0185,0,0.04,-0.04,-0.26,False
2021-09-25,US1SCMC0005,0,0.04,-0.04,-0.41,False
2021-09-25,US1SCMC0008,0,0.03,-0.03,-0.11,False
2021-09-25,US1SCOR0017,0,0.02,-0.02,0.08,False
2021-09-25,US1SCOR0022,0,0.02,-0.02,0.29,False
2021-09-25,US1SCOR0025,0,0.02,-0.02,0.14,False
2021-09-25,US1SCOR0041,0,0.02,-0.02,0.18,False
2021-09-25,US1SCOR0048,0,0.03,-0.03,-0.13,False
2021-09-25,US1SCOR0049,0,0.01,-0.01,0.32,False
2021-09-25,US1SCRC0030,0,0.1,-0.1,-1.77,False
2021-09-25,US1SCRC0042,0,0.25,-0.25,-5.57,True
2021-09-25,US1SCRC0122,0,0.33,-0.33,-7.57,True
2021-09-25,US1SCRC0123,0,0.14,-0.14,-2.73,False
2021-09-25,US1SCSL0002,0,0.05,-0.05,-0.69,False
2021-09-25,US1SCSL0010,0,0.02,-0.02,0.06,False
2021-09-25,US1SCSM0010,0,0.01,-0.01,0.39,False
2021-09-25,US1SCSM0013,0,0.01,-0.01,0.39,False
2021-09-25,US1SCSM0020,0,0.02,-0.02,0.21,False
2021-09-25,US1SCSM0026,0,0.02,-0.02,0.18,False
2021-09-25,US1SCSM0030,0,0.02,-0.02,0.28,False
2021-09-25,US1SCSM0040,0,0.02,-0.02,0.29,False
2021-09-25,US1SCSM0041,0,0.02,-0.02,0.29,False
2021-09-25,US1SCWL0002,0,0.0,0.0,0.67,False
2021-09-25,USC00080236,5,43.53,-38.53,-971.51,True
2021-09-25,USC00080369,0,17.58,-17.58,-442.88,True
2021-09-25,USC00080478,0,1.5,-1.5,-37.23,True
2021-09-25,USC00080737,28,94.53,-66.53,-1678.22,True
2021-09-25,USC00080945,0,2.4,-2.4,-59.92,True
2021-09-25,USC00081641,0,0.15,-0.15,-3.13,False
2021-09-25,USC00082008,0,0.72,-0.72,-17.47,True
2021-09-25,USC00082150,0,0.0,0.0,0.67,False
2021-09-25,USC00082229,0,0.0,0.0,0.67,False
2021-09-25,USC00082298,0,108.91,-108.91,-2747.54,True
2021-09-25,USC00083153,0,3.19,-3.19,-79.9,True
2021-09-25,USC00083163,114,62.5,51.5,1300.29,True
2021-09-25,USC00083207,25,37.38,-12.38,-311.81,True
2021-09-25,USC00083874,0,0.5,-0.5,-11.85,True
2021-09-25,USC00083986,0,0.93,-0.93,-22.89,True
2021-09-25,USC00084289,0,0.46,-0.46,-10.85,True
2021-09-25,USC00084366,0,0.0,0.0,0.67,False
2021-09-25,USC00084394,0,0.0,0.0,0.67,False
2021-09-25,USC00084461,0,87.24,-87.24,-2200.62,True
2021-09-25,USC00084500,0,1.95,-1.95,-48.63,True
2021-09-25,USC00084621,0,25.54,-25.54,-643.69,True
2021-09-25,USC00084731,0,1.01,-1.01,-24.76,True
2021-09-25,USC00084802,0,1.68,-1.68,-41.68,True
2021-09-25,USC00085076,0,0.03,-0.03,0.01,False
2021-09-25,USC00085099,0,0.84,-0.84,-20.6,True
2021-09-25,USC00085184,213,109.38,103.62,2615.3,True
2021-09-25,USC00085539,0,1.91,-1.91,-47.62,True
2021-09-25,USC00085612,0,0.67,-0.67,-16.33,True
2021-09-25,USC00085880,0,0.0,0.0,0.67,False
2021-09-25,USC00085973,0,0.97,-0.97,-23.91,True
2021-09-25,USC00086048,627,156.72,470.28,11867.62,True
2021-09-25,USC00086065,3,14.93,-11.93,-300.43,True
2021-09-25,USC00086078,71,69.11,1.89,48.25,True
2021-09-25,USC00086092,0,49.95,-49.95,-1259.66,True
2021-09-25,USC00086634,0,0.1,-0.1,-1.96,False
2021-09-25,USC00086761,0,6.88,-6.88,-173.04,True
2021-09-25,USC00086764,102,82.46,19.54,493.83,True
2021-09-25,USC00087025,0,0.0,0.0,0.67,False
2021-09-25,USC00087205,0,1.27,-1.27,-31.27,True
2021-09-25,USC00087228,0,0.03,-0.03,-0.09,False
2021-09-25,USC00087261,0,0.0,0.0,0.67,False
2021-09-25,USC00087397,3,16.59,-13.59,-342.35,True
2021-09-25,USC00087851,0,0.61,-0.61,-14.64,True
2021-09-25,USC00087982,0,0.0,0.0,0.67,False
2021-09-25,USC00088051,0,0.0,0.0,0.67,False
2021-09-25,USC00088368,0,102.79,-102.79,-2593.02,True
2021-09-25,USC00088620,137,140.16,-3.16,-79.16,True
2021-09-25,USC00088782,0,1.71,-1.71,-42.51,True
2021-09-25,USC00088824,0,0.86,-0.86,-21.07,True
2021-09-25,USC00088942,0,0.01,-0.01,0.35,False
2021-09-25,USC00089120,0,2.08,-2.08,-51.74,True
2021-09-25,USC00089176,0,19.11,-19.11,-481.59,True
2021-09-25,USC00089219,0,18.47,-18.47,-465.28,True
2021-09-25,USC00089401,3,13.7,-10.7,-269.45,True
2021-09-25,USC00090311,0,0.08,-0.08,-1.24,False
2021-09-25,USC00091266,0,0.0,0.0,0.67,False
2021-09-25,USC00092266,0,0.0,0.0,0.67,False
2021-09-25,USC00092361,0,0.0,0.0,0.67,False
2021-09-25,USC00092844,0,0.08,-0.08,-1.36,False
2021-09-25,USC00092966,0,0.0,0.0,0.67,False
2021-09-25,USC00093538,0,0.0,0.0,0.67,False
2021-09-25,USC00093754,0,0.0,0.0,0.67,False
2021-09-25,USC00094170,0,0.0,0.0,0.67,False
2021-09-25,USC00094862,0,0.09,-0.09,-1.63,False
2021-09-25,USC00095204,0,0.07,-0.07,-1.12,False
2021-09-25,USC00095205,0,0.08,-0.08,-1.28,False
2021-09-25,USC00095314,0,0.1,-0.1,-1.94,False
2021-09-25,USC00095988,0,0.06,-0.06,-0.82,False
2021-09-25,USC00096087,0,0.0,0.0,0.67,False
2021-09-25,USC00096126,0,0.0,0.0,0.67,False
2021-09-25,USC00097528,0,0.0,0.0,0.67,False
2021-09-25,USC00097777,0,0.13,-0.13,-2.55,False
2021-09-25,USC00097808,0,0.0,0.0,0.67,False
2021-09-25,USC00098677,0,0.16,-0.16,-3.38,False
2021-09-25,USC00098703,0,0.0,0.0,0.67,False
2021-09-25,USC00099124,0,0.0,0.0,0.67,False
2021-09-25,USC00099194,0,0.05,-0.05,-0.57,False
2021-09-25,USC00099486,0,0.02,-0.02,0.05,False
2021-09-25,USC00380072,0,0.03,-0.03,-0.0,False
2021-09-25,USC00380184,0,0.0,0.0,0.67,False
2021-09-25,USC00380448,0,0.02,-0.02,0.24,False
2021-09-25,USC00380490,0,0.02,-0.02,0.23,False
2021-09-25,USC00380506,0,0.03,-0.03,-0.03,False
2021-09-25,USC00381093,0,0.0,0.0,0.67,False
2021-09-25,USC00381241,0,0.0,0.0,0.67,False
2021-09-25,USC00381726,0,0.05,-0.05,-0.58,False
2021-09-25,USC00381944,3,0.0,3.0,76.38,True
2021-09-25,USC00383470,0,0.0,0.0,0.67,False
2021-09-25,USC00384205,0,0.01,-0.01,0.39,False
2021-09-25,USC00384449,0,0.0,0.0,0.67,False
2021-09-25,USC00384607,0,0.05,-0.05,-0.49,False
2021-09-25,USC00384886,0,0.0,0.0,0.67,False
2021-09-25,USC00385493,0,0.02,-0.02,0.23,False
2021-09-25,USC00385660,0,0.03,-0.03,-0.13,False
2021-09-25,USC00385946,0,0.0,0.0,0.67,False
2021-09-25,USC00386153,0,0.0,0.0,0.67,False
2021-09-25,USC00386527,0,0.02,-0.02,0.16,False
2021-09-25,USC00386775,0,0.02,-0.02,0.15,False
2021-09-25,USC00387631,0,0.03,-0.03,-0.01,False
2021-09-25,USC00388405,0,0.0,0.0,0.67,False
2021-09-25,USC00388426,0,0.0,0.0,0.67,False
2021-09-25,USC00388440,0,0.02,-0.02,0.11,False
2021-09-25,USC00388474,0,0.05,-0.05,-0.58,False
2021-09-25,USC00388879,0,0.02,-0.02,0.25,False
2021-09-25,USC00389469,0,0.0,0.0,0.67,False
2021-09-25,USW00003728,0,0.0,0.0,0.67,False
2021-09-25,USW00003813,0,0.0,0.0,0.67,False
2021-09-25,USW00003820,0,0.04,-0.04,-0.22,False
2021-09-25,USW00003822,0,0.0,0.0,0.67,False
2021-09-25,USW00003853,0,0.0,0.0,0.67,False
2021-09-25,USW00012812,0,18.08,-18.08,-455.66,True
2021-09-25,USW00012815,0,0.11,-0.11,-2.16,False
2021-09-25,USW00012816,0,2.11,-2.11,-52.61,True
2021-09-25,USW00012818,0,0.53,-0.53,-12.73,True
2021-09-25,USW00012819,0,0.04,-0.04,-0.38,False
2021-09-25,USW00012833,0,0.72,-0.72,-17.47,True
2021-09-25,USW00012834,0,0.0,0.0,0.67,False
2021-09-25,USW00012835,3,74.1,-71.1,-1793.4,True
2021-09-25,USW00012838,0,0.66,-0.66,-15.9,True
2021-09-25,USW00012841,0,0.08,-0.08,-1.26,False
2021-09-25,USW00012842,0,1.66,-1.66,-41.16,True
2021-09-25,USW00012843,3,17.96,-14.96,-376.78,True
2021-09-25,USW00012844,135,84.64,50.36,1271.49,True
2021-09-25,USW00012849,43,75.68,-32.68,-823.96,True
2021-09-25,USW00012854,0,0.0,0.0,0.67,False
2021-09-25,USW00012861,0,0.72,-0.72,-17.51,True
2021-09-25,USW00012871,0,2.97,-2.97,-74.25,True
2021-09-25,USW00012873,0,1.96,-1.96,-48.69,True
2021-09-25,USW00012876,0,1.06,-1.06,-26.09,True
2021-09-25,USW00012883,0,1.56,-1.56,-38.63,True
2021-09-25,USW00012885,69,65.88,3.12,79.44,True
2021-09-25,USW00012894,36,73.26,-37.26,-939.44,True
2021-09-25,USW00012895,0,33.54,-33.54,-845.65,True
2021-09-25,USW00012897,23,66.92,-43.92,-1107.6,True
2021-09-25,USW00013782,0,0.0,0.0,0.67,False
2021-09-25,USW00013837,0,0.03,-0.03,-0.05,False
2021-09-25,USW00013870,0,0.0,0.0,0.67,False
2021-09-25,USW00013873,0,0.02,-0.02,0.19,False
2021-09-25,USW00013878,0,0.0,0.0,0.67,False
2021-09-25,USW00013880,0,0.0,0.0,0.67,False
2021-09-25,USW00013883,0,0.1,-0.1,-1.87,False
2021-09-25,USW00013889,0,0.0,0.0,0.67,False
2021-09-25,USW00053854,0,0.02,-0.02,0.18,False
2021-09-25,USW00053860,0,0.0,0.0,0.67,False
2021-09-25,USW00053867,0,0.23,-0.23,-5.14,True
2021-09-25,USW00063803,0,0.0,0.0,0.67,False
2021-09-25,USW00063826,0,0.02,-0.02,0.19,False
2021-09-25,USW00063850,0,0.03,-0.03,-0.03,False
2021-09-25,USW00063856,0,0.0,0.0,0.67,False
2021-09-25,USW00063890,0,0.56,-0.56,-13.34,True
2021-09-25,USW00092805,56,60.24,-4.24,-106.2,True
2021-09-25,USW00092806,104,0.94,103.06,2601.29,True
2021-09-25,USW00092814,0,0.0,0.0,0.67,False
2021-09-25,USW00092821,0,0.02,-0.02,0.27,False
2021-09-25,USW00092827,0,49.41,-49.41,-1246.17,True
2021-09-25,USW00093718,0,0.0,0.0,0.67,False
2021-09-25,USW00093831,0,0.0,0.0,0.67,False
2021-09-25,USW00093837,0,0.0,0.0,0.67,False
2021-09-25,USW00093845,0,0.0,0.0,0.67,False
2021-09-26,US1FLAL0002,0,0.26,-0.26,-2.25,False
2021-09-26,US1FLAL0004,0,0.17,-0.17,-1.15,False
2021-09-26,US1FLAL0007,0,0.34,-0.34,-3.1,False
2021-09-26,US1FLAL0010,0,0.17,-0.17,-1.23,False
2021-09-26,US1FLAL0017,0,0.21,-0.21,-1.61,False
2021-09-26,US1FLAL0026,0,0.15,-0.15,-0.93,False
2021-09-26,US1FLAL0031,0,0.11,-0.11,-0.51,False
2021-09-26,US1FLAL0048,0,0.19,-0.19,-1.45,False
2021-09-26,US1FLAL0050,0,0.16,-0.16,-1.08,False
2021-09-26,US1FLAL0051,0,0.16,-0.16,-1.04,False
2021-09-26,US1FLAL0054,0,0.17,-0.17,-1.24,False
2021-09-26,US1FLAL0055,0,0.25,-0.25,-2.04,False
2021-09-26,US1FLAL0058,0,0.18,-0.18,-1.26,False
2021-09-26,US1FLAL0060,0,0.29,-0.29,-2.55,False
2021-09-26,US1FLAL0071,0,0.15,-0.15,-0.96,False
2021-09-26,US1FLAL0075,0,0.15,-0.15,-0.95,False
2021-09-26,US1FLAL0079,0,0.16,-0.16,-1.05,False
2021-09-26,US1FLAL0080,0,0.11,-0.11,-0.51,False
2021-09-26,US1FLAL0081,3,0.08,2.92,32.91,True
2021-09-26,US1FLAL0096,0,0.84,-0.84,-8.65,True
2021-09-26,US1FLBK0005,0,0.11,-0.11,-0.55,False
2021-09-26,US1FLBK0006,0,0.07,-0.07,-0.05,False
2021-09-26,US1FLBK0007,0,0.11,-0.11,-0.55,False
2021-09-26,US1FLBV0001,0,2.33,-2.33,-25.07,True
2021-09-26,US1FLBV0002,0,0.14,-0.14,-0.92,False
2021-09-26,US1FLBV0005,0,0.79,-0.79,-8.01,True
2021-09-26,US1FLBV0006,0,0.16,-0.16,-1.14,False
2021-09-26,US1FLBV0012,0,0.15,-0.15,-1.03,False
2021-09-26,US1FLBV0013,0,0.15,-0.15,-0.99,False
2021-09-26,US1FLBV0020,0,0.16,-0.16,-1.08,False
2021-09-26,US1FLBV0023,0,0.14,-0.14,-0.87,False
2021-09-26,US1FLBV0028,0,1.24,-1.24,-13.06,True
2021-09-26,US1FLBV0036,0,0.12,-0.12,-0.7,False
2021-09-26,US1FLBV0047,0,0.14,-0.14,-0.88,False
2021-09-26,US1FLBV0052,0,0.25,-0.25,-2.08,False
2021-09-26,US1FLBV0054,0,0.14,-0.14,-0.9,False
2021-09-26,US1FLBV0059,5,0.58,4.42,49.51,True
2021-09-26,US1FLBV0063,0,0.15,-0.15,-0.94,False
2021-09-26,US1FLBV0067,0,0.92,-0.92,-9.48,True
2021-09-26,US1FLBV0072,0,1.22,-1.22,-12.86,True
2021-09-26,US1FLBV0078,0,0.14,-0.14,-0.9,False
2021-09-26,US1FLBV0089,0,0.11,-0.11,-0.57,False
2021-09-26,US1FLBV0092,0,0.16,-0.16,-1.05,False
2021-09-26,US1FLBV0095,0,0.12,-0.12,-0.69,False
2021-09-26,US1FLBV0099,0,0.78,-0.78,-7.99,True
2021-09-26,US1FLBV0102,0,0.82,-0.82,-8.39,True
2021-09-26,US1FLBV0103,3,0.85,2.15,24.44,True
2021-09-26,US1FLBV0107,0,0.54,-0.54,-5.35,True
2021-09-26,US1FLBV0110,0,0.93,-0.93,-9.57,True
2021-09-26,US1FLBV0111,0,0.21,-0.21,-1.62,False
2021-09-26,US1FLBV0113,0,0.11,-0.11,-0.57,False
2021-09-26,US1FLBV0114,0,0.97,-0.97,-10.04,True
2021-09-26,US1FLBV0118,0,1.22,-1.22,-12.78,True
2021-09-26,US1FLBV0123,0,0.93,-0.93,-9.65,True
2021-09-26,US1FLBV0124,0,0.56,-0.56,-5.56,True
2021-09-26,US1FLBV0125,0,0.53,-0.53,-5.22,True
2021-09-26,US1FLBW0007,38,61.66,-23.66,-260.78,True
2021-09-26,US1FLBW0016,244,66.09,177.91,1966.44,True
2021-09-26,US1FLBW0026,10,60.13,-50.13,-553.19,True
2021-09-26,US1FLBW0076,0,78.36,-78.36,-865.1,True
2021-09-26,US1FLBW0079,130,200.35,-70.35,-776.61,True
2021-09-26,US1FLBW0095,20,81.35,-61.35,-677.16,True
2021-09-26,US1FLBW0099,102,78.97,23.03,255.1,True
2021-09-26,US1FLBW0110,152,73.73,78.27,865.46,True
2021-09-26,US1FLBW0121,25,66.8,-41.8,-461.17,True
2021-09-26,US1FLBW0137,107,60.01,46.99,519.85,True
2021-09-26,US1FLBW0151,48,83.4,-35.4,-390.51,True
2021-09-26,US1FLBW0153,53,90.41,-37.41,-412.66,True
2021-09-26,US1FLBW0155,262,69.65,192.35,2125.93,True
2021-09-26,US1FLBW0159,79,80.4,-1.4,-14.8,True
2021-09-26,US1FLBW0160,69,78.94,-9.94,-109.13,True
2021-09-26,US1FLBW0161,33,90.43,-57.43,-633.86,True
2021-09-26,US1FLBW0162,566,79.11,486.89,5380.31,True
2021-09-26,US1FLBW0166,25,85.24,-60.24,-664.97,True
2021-09-26,US1FLBW0167,10,61.58,-51.58,-569.28,True
2021-09-26,US1FLCB0010,0,0.08,-0.08,-0.19,False
2021-09-26,US1FLCB0012,0,0.14,-0.14,-0.9,False
2021-09-26,US1FLCB0019,0,0.14,-0.14,-0.9,False
2021-09-26,US1FLCB0024,0,0.2,-0.2,-1.49,False
2021-09-26,US1FLCB0025,0,0.11,-0.11,-0.5,False
2021-09-26,US1FLCB0026,0,0.18,-0.18,-1.26,False
2021-09-26,US1FLCH0013,58,13.14,44.86,496.34,True
2021-09-26,US1FLCH0015,0,17.09,-17.09,-188.13,True
2021-09-26,US1FLCH0019,0,9.98,-9.98,-109.63,True
2021-09-26,US1FLCH0023,0,9.99,-9.99,-109.69,True
2021-09-26,US1FLCH0029,56,19.82,36.18,400.41,True
2021-09-26,US1FLCH0034,5,16.85,-11.85,-130.24,True
2021-09-26,US1FLCH0035,3,14.02,-11.02,-121.12,True
2021-09-26,US1FLCH0039,46,14.2,31.8,352.06,True
2021-09-26,US1FLCH0040,15,16.73,-1.73,-18.47,True
2021-09-26,US1FLCR0012,10,88.17,-78.17,-863.03,True
2021-09-26,US1FLCR0013,0,77.53,-77.53,-855.93,True
2021-09-26,US1FLCR0052,10,82.25,-72.25,-797.59,True
2021-09-26,US1FLCR0053,53,84.07,-31.07,-342.58,True
2021-09-26,US1FLCR0059,434,63.41,370.59,4095.35,True
2021-09-26,US1FLCR0062,163,83.34,79.66,880.86,True
2021-09-26,US1FLCR0066,0,89.66,-89.66,-989.94,True
2021-09-26,US1FLCT0008,0,0.06,-0.06,0.01,False
2021-09-26,US1FLCT0011,0,0.05,-0.05,0.13,False
2021-09-26,US1FLCT0024,0,0.04,-0.04,0.21,False
2021-09-26,US1FLCT0029,0,0.19,-0.19,-1.4,False
2021-09-26,US1FLCT0030,0,0.04,-0.04,0.28,False
2021-09-26,US1FLCT0031,0,0.03,-0.03,0.32,False
2021-09-26,US1FLCT0034,0,0.05,-0.05,0.12,False
2021-09-26,US1FLCT0035,0,0.03,-0.03,0.34,False
2021-09-26,US1FLCT0036,0,0.18,-0.18,-1.32,False
2021-09-26,US1FLCT0037,0,0.08,-0.08,-0.21,False
2021-09-26,US1FLCT0038,0,0.03,-0.03,0.3,False
2021-09-26,US1FLCT0039,0,0.03,-0.03,0.36,False
2021-09-26,US1FLCY0001,0,0.05,-0.05,0.13,False
2021-09-26,US1FLCY0003,5,0.05,4.95,55.38,True
2021-09-26,US1FLCY0007,0,0.38,-0.38,-3.53,True
2021-09-26,US1FLCY0025,0,0.05,-0.05,0.16,False
2021-09-26,US1FLCY0037,0,0.06,-0.06,0.07,False
2021-09-26,US1FLCY0038,0,0.27,-0.27,-2.3,False
2021-09-26,US1FLCY0039,0,0.04,-0.04,0.21,False
2021-09-26,US1FLCY0041,0,0.14,-0.14,-0.83,False
2021-09-26,US1FLCY0050,0,0.42,-0.42,-3.95,True
2021-09-26,US1FLCY0051,0,0.04,-0.04,0.22,False
2021-09-26,US1FLCY0054,0,0.31,-0.31,-2.75,False
2021-09-26,US1FLCY0055,0,0.05,-0.05,0.13,False
2021-09-26,US1FLDS0003,0,15.57,-15.57,-171.41,True
2021-09-26,US1FLDV0003,0,0.03,-0.03,0.39,False
2021-09-26,US1FLDV0013,0,0.03,-0.03,0.36,False
2021-09-26,US1FLDV0021,0,0.02,-0.02,0.43,False
2021-09-26,US1FLDV0028,0,0.03,-0.03,0.37,False
2021-09-26,US1FLDV0033,0,0.04,-0.04,0.19,False
2021-09-26,US1FLDV0042,0,0.04,-0.04,0.21,False
2021-09-26,US1FLDV0050,0,0.03,-0.03,0.4,False
2021-09-26,US1FLDV0059,0,0.03,-0.03,0.37,False
2021-09-26,US1FLDV0063,0,0.04,-0.04,0.28,False
2021-09-26,US1FLDV0069,0,0.03,-0.03,0.37,False
2021-09-26,US1FLDV0071,0,0.03,-0.03,0.29,False
2021-09-26,US1FLDV0079,0,0.03,-0.03,0.36,False
2021-09-26,US1FLDV0091,0,0.02,-0.02,0.49,False
2021-09-26,US1FLDV0094,0,0.03,-0.03,0.38,False
2021-09-26,US1FLDV0106,0,0.03,-0.03,0.33,False
2021-09-26,US1FLDV0117,0,0.03,-0.03,0.31,False
2021-09-26,US1FLDV0118,0,0.03,-0.03,0.37,False
2021-09-26,US1FLDX0003,0,0.18,-0.18,-1.34,False
2021-09-26,US1FLFL0024,0,0.01,-0.01,0.51,False
2021-09-26,US1FLFL0030,0,0.01,-0.01,0.55,False
2021-09-26,US1FLFL0032,0,0.02,-0.02,0.5,False
2021-09-26,US1FLFL0033,0,0.02,-0.02,0.48,False
2021-09-26,US1FLFL0035,0,0.02,-0.02,0.49,False
2021-09-26,US1FLFL0037,0,0.01,-0.01,0.53,False
2021-09-26,US1FLFL0039,0,0.02,-0.02,0.48,False
2021-09-26,US1FLFL0040,0,0.02,-0.02,0.49,False
2021-09-26,US1FLFL0042,0,0.02,-0.02,0.5,False
2021-09-26,US1FLFL0047,0,0.01,-0.01,0.54,False
2021-09-26,US1FLFL0049,0,0.02,-0.02,0.5,False
2021-09-26,US1FLFL0050,0,0.02,-0.02,0.5,False
2021-09-26,US1FLGC0003,0,0.25,-0.25,-2.14,False
2021-09-26,US1FLGC0008,0,0.24,-0.24,-1.99,False
2021-09-26,US1FLGL0007,0,17.46,-17.46,-192.25,True
2021-09-26,US1FLGL0013,0,13.69,-13.69,-150.62,True
2021-09-26,US1FLHB0001,0,0.66,-0.66,-6.59,True
2021-09-26,US1FLHB0004,0,1.15,-1.15,-12.02,True
2021-09-26,US1FLHB0005,0,0.72,-0.72,-7.3,True
2021-09-26,US1FLHB0010,0,1.44,-1.44,-15.24,True
2021-09-26,US1FLHB0017,41,1.18,39.82,440.62,True
2021-09-26,US1FLHB0027,0,0.54,-0.54,-5.25,True
2021-09-26,US1FLHB0029,0,0.81,-0.81,-8.25,True
2021-09-26,US1FLHB0033,0,1.63,-1.63,-17.33,True
2021-09-26,US1FLHB0037,0,0.55,-0.55,-5.41,True
2021-09-26,US1FLHB0040,0,0.64,-0.64,-6.38,True
2021-09-26,US1FLHB0044,0,1.91,-1.91,-20.48,True
2021-09-26,US1FLHB0048,0,0.63,-0.63,-6.27,True
2021-09-26,US1FLHB0051,0,0.55,-0.55,-5.45,True
2021-09-26,US1FLHB0055,0,0.88,-0.88,-9.09,True
2021-09-26,US1FLHB0069,0,1.46,-1.46,-15.49,True
2021-09-26,US1FLHB0098,0,2.21,-2.21,-23.77,True
2021-09-26,US1FLHB0107,0,3.54,-3.54,-38.42,True
2021-09-26,US1FLHB0114,0,1.39,-1.39,-14.64,True
2021-09-26,US1FLHB0120,0,0.61,-0.61,-6.08,True
2021-09-26,US1FLHB0130,0,2.71,-2.71,-29.31,True
2021-09-26,US1FLHB0136,0,1.15,-1.15,-11.99,True
2021-09-26,US1FLHB0139,0,3.3,-3.3,-35.83,True
2021-09-26,US1FLHB0140,0,0.65,-0.65,-6.53,True
2021-09-26,US1FLHB0141,0,0.65,-0.65,-6.49,True
2021-09-26,US1FLHB0154,0,0.72,-0.72,-7.32,True
2021-09-26,US1FLHB0156,0,0.63,-0.63,-6.32,True
2021-09-26,US1FLHB0160,0,0.75,-0.75,-7.65,True
2021-09-26,US1FLHB0162,0,0.79,-0.79,-8.08,True
2021-09-26,US1FLHB0163,0,1.26,-1.26,-13.23,True
2021-09-26,US1FLHB0166,0,1.18,-1.18,-12.42,True
2021-09-26,US1FLHB0168,0,0.77,-0.77,-7.82,True
2021-09-26,US1FLHD0003,0,3.07,-3.07,-33.21,True
2021-09-26,US1FLHL0001,0,4.84,-4.84,-52.86,True
2021-09-26,US1FLHL0003,0,5.35,-5.35,-58.41,True
2021-09-26,US1FLHL0012,0,2.69,-2.69,-29.02,True
2021-09-26,US1FLHL0013,0,2.59,-2.59,-27.97,True
2021-09-26,US1FLHL0030,0,2.59,-2.59,-27.9,True
2021-09-26,US1FLHL0038,0,2.51,-2.51,-27.07,True
2021-09-26,US1FLHL0043,0,2.45,-2.45,-26.41,True
2021-09-26,US1FLHN0008,0,0.3,-0.3,-2.68,False
2021-09-26,US1FLHN0014,0,0.28,-0.28,-2.42,False
2021-09-26,US1FLHN0022,0,0.3,-0.3,-2.69,False
2021-09-26,US1FLHN0024,0,0.32,-0.32,-2.84,False
2021-09-26,US1FLHN0035,0,0.29,-0.29,-2.48,False
2021-09-26,US1FLHN0039,0,0.32,-0.32,-2.82,False
2021-09-26,US1FLHN0040,0,0.3,-0.3,-2.65,False
2021-09-26,US1FLHN0041,0,0.38,-0.38,-3.52,True
2021-09-26,US1FLHN0043,0,0.32,-0.32,-2.9,False
2021-09-26,US1FLHY0003,5,17.54,-12.54,-137.86,True
2021-09-26,US1FLHY0008,0,19.15,-19.15,-210.94,True
2021-09-26,US1FLIR0006,0,1.05,-1.05,-10.88,True
2021-09-26,US1FLIR0015,0,1.06,-1.06,-11.0,True
2021-09-26,US1FLIR0019,0,1.67,-1.67,-17.82,True
2021-09-26,US1FLIR0024,0,1.13,-1.13,-11.82,True
2021-09-26,US1FLIR0026,0,2.48,-2.48,-26.76,True
2021-09-26,US1FLIR0027,0,1.61,-1.61,-17.17,True
2021-09-26,US1FLIR0041,0,1.65,-1.65,-17.53,True
2021-09-26,US1FLIR0048,0,1.61,-1.61,-17.07,True
2021-09-26,US1FLIR0050,0,1.23,-1.23,-12.88,True
2021-09-26,US1FLIR0051,0,1.48,-1.48,-15.64,True
2021-09-26,US1FLJF0007,0,0.0,0.0,0.67,False
2021-09-26,US1FLJF0009,0,0.0,0.0,0.67,False
2021-09-26,US1FLJF0010,0,0.0,0.0,0.67,False
2021-09-26,US1FLLE0006,0,28.05,-28.05,-309.29,True
2021-09-26,US1FLLE0022,48,42.51,5.49,61.37,True
2021-09-26,US1FLLE0037,0,23.9,-23.9,-263.42,True
2021-09-26,US1FLLE0055,8,23.66,-15.66,-172.31,True
2021-09-26,US1FLLE0057,160,29.28,130.72,1445.02,True
2021-09-26,US1FLLE0059,122,25.27,96.73,1069.42,True
2021-09-26,US1FLLE0065,8,36.84,-28.84,-318.01,True
2021-09-26,US1FLLE0072,0,24.45,-24.45,-269.5,True
2021-09-26,US1FLLK0003,0,0.21,-0.21,-1.69,False
2021-09-26,US1FLLK0016,0,0.06,-0.06,0.01,False
2021-09-26,US1FLLK0017,0,0.08,-0.08,-0.16,False
2021-09-26,US1FLLK0021,0,0.08,-0.08,-0.19,False
2021-09-26,US1FLLK0023,0,0.06,-0.06,0.02,False
2021-09-26,US1FLLK0028,0,0.06,-0.06,-0.04,False
2021-09-26,US1FLLK0030,0,0.07,-0.07,-0.06,False
2021-09-26,US1FLLK0031,0,0.06,-0.06,-0.03,False
2021-09-26,US1FLLK0036,0,0.12,-0.12,-0.7,False
2021-09-26,US1FLLK0043,0,0.07,-0.07,-0.14,False
2021-09-26,US1FLLK0044,0,0.06,-0.06,-0.02,False
2021-09-26,US1FLLK0045,0,0.08,-0.08,-0.2,False
2021-09-26,US1FLLV0001,0,0.18,-0.18,-1.33,False
2021-09-26,US1FLLV0004,8,0.09,7.91,88.12,True
2021-09-26,US1FLLV0014,0,0.61,-0.61,-6.04,True
2021-09-26,US1FLLV0015,0,0.12,-0.12,-0.61,False
2021-09-26,US1FLLV0017,0,0.29,-0.29,-2.55,False
2021-09-26,US1FLLV0018,0,0.1,-0.1,-0.45,False
2021-09-26,US1FLMA0006,0,2.12,-2.12,-22.76,True
2021-09-26,US1FLMA0010,0,1.85,-1.85,-19.75,True
2021-09-26,US1FLMA0022,0,2.12,-2.12,-22.76,True
2021-09-26,US1FLMA0028,0,2.29,-2.29,-24.61,True
2021-09-26,US1FLMA0029,0,2.52,-2.52,-27.2,True
2021-09-26,US1FLMA0032,0,1.91,-1.91,-20.48,True
2021-09-26,US1FLMA0034,0,2.08,-2.08,-22.28,True
2021-09-26,US1FLMA0037,0,2.07,-2.07,-22.18,True
2021-09-26,US1FLMA0040,0,2.58,-2.58,-27.79,True
2021-09-26,US1FLMA0041,0,2.22,-2.22,-23.84,True
2021-09-26,US1FLMA0043,0,1.99,-1.99,-21.37,True
2021-09-26,US1FLMA0044,0,2.04,-2.04,-21.92,True
2021-09-26,US1FLMR0003,0,0.06,-0.06,0.02,False
2021-09-26,US1FLMR0004,0,0.07,-0.07,-0.15,False
2021-09-26,US1FLMR0012,0,0.07,-0.07,-0.13,False
2021-09-26,US1FLMR0013,0,0.17,-0.17,-1.25,False
2021-09-26,US1FLMR0018,0,0.05,-0.05,0.12,False
2021-09-26,US1FLMR0032,0,0.05,-0.05,0.17,False
2021-09-26,US1FLMR0036,0,0.06,-0.06,-0.0,False
2021-09-26,US1FLMR0042,0,0.15,-0.15,-1.03,False
2021-09-26,US1FLMR0054,0,0.08,-0.08,-0.2,False
2021-09-26,US1FLMR0056,0,0.09,-0.09,-0.31,False
2021-09-26,US1FLMR0057,0,0.1,-0.1,-0.41,False
2021-09-26,US1FLMR0059,0,0.08,-0.08,-0.19,False
2021-09-26,US1FLMR0065,0,0.05,-0.05,0.08,False
2021-09-26,US1FLMR0066,0,0.06,-0.06,0.02,False
2021-09-26,US1FLMR0068,0,0.08,-0.08,-0.2,False
2021-09-26,US1FLMR0074,0,0.05,-0.05,0.12,False
2021-09-26,US1FLMR0079,0,0.1,-0.1,-0.44,False
2021-09-26,US1FLMT0001,10,15.21,-5.21,-56.89,True
2021-09-26,US1FLMT0018,0,8.78,-8.78,-96.37,True
2021-09-26,US1FLMT0019,0,9.97,-9.97,-109.51,True
2021-09-26,US1FLMT0021,0,11.06,-11.06,-121.48,True
2021-09-26,US1FLMT0026,13,24.7,-11.7,-128.57,True
2021-09-26,US1FLMT0028,0,7.24,-7.24,-79.33,True
2021-09-26,US1FLMT0031,0,9.95,-9.95,-109.25,True
2021-09-26,US1FLMT0035,0,16.7,-16.7,-183.81,True
2021-09-26,US1FLMT0036,0,7.14,-7.14,-78.24,True
2021-09-26,US1FLMT0037,0,12.35,-12.35,-135.74,True
2021-09-26,US1FLMT0039,0,12.28,-12.28,-134.97,True
2021-09-26,US1FLMT0042,3,19.36,-16.36,-180.14,True
2021-09-26,US1FLMT0043,58,14.22,43.78,484.41,True
2021-09-26,US1FLMT0045,0,12.57,-12.57,-138.23,True
2021-09-26,US1FLMT0046,0,12.3,-12.3,-135.28,True
2021-09-26,US1FLNS0012,0,0.0,0.0,0.67,False
2021-09-26,US1FLNS0014,0,0.03,-0.03,0.36,False
2021-09-26,US1FLNS0017,0,0.0,0.0,0.67,False
2021-09-26,US1FLNS0021,0,0.0,0.0,0.67,False
2021-09-26,US1FLOR0019,0,0.13,-0.13,-0.73,False
2021-09-26,US1FLOR0025,0,0.12,-0.12,-0.67,False
2021-09-26,US1FLOR0026,0,0.11,-0.11,-0.51,False
2021-09-26,US1FLOR0027,0,0.11,-0.11,-0.49,False
2021-09-26,US1FLOR0030,0,0.37,-0.37,-3.38,False
2021-09-26,US1FLOR0034,0,0.12,-0.12,-0.66,False
2021-09-26,US1FLOR0035,0,0.61,-0.61,-6.08,True
2021-09-26,US1FLOR0043,0,0.09,-0.09,-0.3,False
2021-09-26,US1FLOR0046,0,0.17,-0.17,-1.16,False
2021-09-26,US1FLOR0048,0,0.15,-0.15,-1.01,False
2021-09-26,US1FLOR0054,0,0.09,-0.09,-0.31,False
2021-09-26,US1FLOR0055,0,0.14,-0.14,-0.88,False
2021-09-26,US1FLOR0061,0,0.14,-0.14,-0.87,False
2021-09-26,US1FLOR0062,0,0.15,-0.15,-0.96,False
2021-09-26,US1FLOR0065,0,0.15,-0.15,-0.95,False
2021-09-26,US1FLOR0068,0,0.21,-0.21,-1.66,False
2021-09-26,US1FLOS0001,0,1.34,-1.34,-14.13,True
2021-09-26,US1FLOS0027,0,0.41,-0.41,-3.8,True
2021-09-26,US1FLOS0029,0,0.32,-0.32,-2.91,False
2021-09-26,US1FLOS0031,0,0.66,-0.66,-6.62,True
2021-09-26,US1FLOS0036,0,0.25,-0.25,-2.11,False
2021-09-26,US1FLOS0037,0,0.32,-0.32,-2.86,False
2021-09-26,US1FLPB0002,61,61.33,-0.33,-3.02,False
2021-09-26,US1FLPB0007,246,59.92,186.08,2056.72,True
2021-09-26,US1FLPB0012,28,63.35,-35.35,-389.86,True
2021-09-26,US1FLPB0013,175,53.01,121.99,1348.59,True
2021-09-26,US1FLPB0031,269,44.33,224.67,2483.02,True
2021-09-26,US1FLPB0034,0,36.43,-36.43,-401.81,True
2021-09-26,US1FLPB0037,0,64.54,-64.54,-712.45,True
2021-09-26,US1FLPB0044,3,73.09,-70.09,-773.78,True
2021-09-26,US1FLPB0061,170,63.82,106.18,1173.88,True
2021-09-26,US1FLPB0063,13,77.84,-64.84,-715.73,True
2021-09-26,US1FLPB0072,41,68.51,-27.51,-303.33,True
2021-09-26,US1FLPB0077,43,67.01,-24.01,-264.66,True
2021-09-26,US1FLPB0080,193,74.37,118.63,1311.42,True
2021-09-26,US1FLPB0081,0,45.97,-45.97,-507.22,True
2021-09-26,US1FLPB0087,53,55.97,-2.97,-32.19,True
2021-09-26,US1FLPK0018,0,0.63,-0.63,-6.29,True
2021-09-26,US1FLPK0032,0,0.61,-0.61,-6.01,True
2021-09-26,US1FLPK0034,0,0.62,-0.62,-6.19,True
2021-09-26,US1FLPK0035,5,1.63,3.37,37.93,True
2021-09-26,US1FLPK0039,0,1.4,-1.4,-14.82,True
2021-09-26,US1FLPK0055,0,0.6,-0.6,-6.0,True
2021-09-26,US1FLPK0067,0,1.07,-1.07,-11.17,True
2021-09-26,US1FLPK0073,0,1.01,-1.01,-10.5,True
2021-09-26,US1FLPK0076,0,0.64,-0.64,-6.44,True
2021-09-26,US1FLPK0078,18,0.26,17.74,196.7,True
2021-09-26,US1FLPK0081,0,0.61,-0.61,-6.12,True
2021-09-26,US1FLPK0083,0,0.62,-0.62,-6.22,True
2021-09-26,US1FLPK0084,0,0.7,-0.7,-7.01,True
2021-09-26,US1FLPN0006,0,0.38,-0.38,-3.58,True
2021-09-26,US1FLPN0009,0,1.3,-1.3,-13.7,True
2021-09-26,US1FLPN0017,0,0.65,-0.65,-6.55,True
2021-09-26,US1FLPN0034,0,0.94,-0.94,-9.69,True
2021-09-26,US1FLPN0035,0,0.77,-0.77,-7.79,True
2021-09-26,US1FLPN0036,0,0.39,-0.39,-3.61,True
2021-09-26,US1FLPN0060,0,0.63,-0.63,-6.26,True
2021-09-26,US1FLPN0071,0,0.45,-0.45,-4.25,True
2021-09-26,US1FLPN0074,0,1.07,-1.07,-11.16,True
2021-09-26,US1FLPN0077,0,0.64,-0.64,-6.35,True
2021-09-26,US1FLPN0079,0,1.1,-1.1,-11.51,True
2021-09-26,US1FLPN0081,0,1.24,-1.24,-13.06,True
2021-09-26,US1FLPN0083,0,0.6,-0.6,-5.94,True
2021-09-26,US1FLPN0087,0,1.05,-1.05,-10.98,True
2021-09-26,US1FLPN0090,0,0.79,-0.79,-8.1,True
2021-09-26,US1FLPN0091,0,0.39,-0.39,-3.64,True
2021-09-26,US1FLPN0094,0,0.7,-0.7,-7.11,True
2021-09-26,US1FLPN0096,0,0.71,-0.71,-7.16,True
2021-09-26,US1FLPN0097,0,0.4,-0.4,-3.8,True
2021-09-26,US1FLPN0099,0,0.54,-0.54,-5.3,True
2021-09-26,US1FLPN0104,0,0.63,-0.63,-6.27,True
2021-09-26,US1FLPN0108,0,1.1,-1.1,-11.53,True
2021-09-26,US1FLPN0111,0,0.45,-0.45,-4.29,True
2021-09-26,US1FLPS0004,0,0.49,-0.49,-4.73,True
2021-09-26,US1FLPS0006,0,0.54,-0.54,-5.27,True
2021-09-26,US1FLPS0007,0,0.5,-0.5,-4.83,True
2021-09-26,US1FLPS0010,0,0.44,-0.44,-4.16,True
2021-09-26,US1FLPS0015,0,0.36,-0.36,-3.34,False
2021-09-26,US1FLPS0043,0,0.53,-0.53,-5.19,True
2021-09-26,US1FLPS0049,0,0.36,-0.36,-3.25,False
2021-09-26,US1FLPS0051,0,0.51,-0.51,-5.01,True
2021-09-26,US1FLPS0065,0,0.54,-0.54,-5.25,True
2021-09-26,US1FLPS0072,0,0.53,-0.53,-5.23,True
2021-09-26,US1FLPS0073,0,0.58,-0.58,-5.71,True
2021-09-26,US1FLPS0074,0,0.47,-0.47,-4.47,True
2021-09-26,US1FLPS0075,0,0.51,-0.51,-4.97,True
2021-09-26,US1FLPT0004,0,0.08,-0.08,-0.23,False
2021-09-26,US1FLPT0007,0,0.08,-0.08,-0.18,False
2021-09-26,US1FLPT0008,0,0.09,-0.09,-0.37,False
2021-09-26,US1FLPT0012,0,0.25,-0.25,-2.11,False
2021-09-26,US1FLPT0021,0,0.04,-0.04,0.21,False
2021-09-26,US1FLPT0024,0,0.05,-0.05,0.14,False
2021-09-26,US1FLPT0026,0,0.15,-0.15,-0.93,False
2021-09-26,US1FLPT0027,0,0.12,-0.12,-0.63,False
2021-09-26,US1FLPT0029,0,0.1,-0.1,-0.47,False
2021-09-26,US1FLSJ0004,0,0.03,-0.03,0.31,False
2021-09-26,US1FLSJ0016,0,0.06,-0.06,0.03,False
2021-09-26,US1FLSJ0020,0,0.03,-0.03,0.31,False
2021-09-26,US1FLSJ0023,0,0.03,-0.03,0.31,False
2021-09-26,US1FLSJ0028,0,0.03,-0.03,0.31,False
2021-09-26,US1FLSJ0029,0,0.03,-0.03,0.32,False
2021-09-26,US1FLSJ0030,0,0.04,-0.04,0.24,False
2021-09-26,US1FLSJ0033,0,0.03,-0.03,0.3,False
2021-09-26,US1FLSJ0034,0,0.04,-0.04,0.28,False
2021-09-26,US1FLSJ0036,0,0.04,-0.04,0.22,False
2021-09-26,US1FLSL0011,0,8.03,-8.03,-88.01,True
2021-09-26,US1FLSL0013,46,14.32,31.68,350.66,True
2021-09-26,US1FLSL0015,0,5.93,-5.93,-64.81,True
2021-09-26,US1FLSL0019,0,10.38,-10.38,-114.02,True
2021-09-26,US1FLSL0022,5,11.57,-6.57,-71.9,True
2021-09-26,US1FLSL0033,0,8.35,-8.35,-91.53,True
2021-09-26,US1FLSL0050,33,16.83,16.17,179.34,True
2021-09-26,US1FLSL0054,58,6.16,51.84,573.48,True
2021-09-26,US1FLSM0008,0,0.1,-0.1,-0.44,False
2021-09-26,US1FLSM0018,0,0.07,-0.07,-0.09,False
2021-09-26,US1FLSM0026,0,0.08,-0.08,-0.26,False
2021-09-26,US1FLSM0030,0,0.1,-0.1,-0.47,False
2021-09-26,US1FLSM0034,0,0.1,-0.1,-0.47,False
2021-09-26,US1FLSM0035,0,0.1,-0.1,-0.38,False
2021-09-26,US1FLSM0037,0,0.1,-0.1,-0.47,False
2021-09-26,US1FLSM0039,0,0.08,-0.08,-0.21,False
2021-09-26,US1FLSS0014,0,12.6,-12.6,-138.51,True
2021-09-26,US1FLSS0015,0,10.72,-10.72,-117.74,True
2021-09-26,US1FLSS0022,0,12.23,-12.23,-134.44,True
2021-09-26,US1FLSS0034,0,16.15,-16.15,-177.72,True
2021-09-26,US1FLSS0040,0,9.96,-9.96,-109.4,True
2021-09-26,US1FLSS0052,0,4.32,-4.32,-47.1,True
2021-09-26,US1FLSS0059,107,7.53,99.47,1099.71,True
2021-09-26,US1FLSS0063,0,2.53,-2.53,-27.33,True
2021-09-26,US1FLSS0071,10,17.49,-7.49,-82.11,True
2021-09-26,US1FLSS0073,0,3.99,-3.99,-43.44,True
2021-09-26,US1FLSS0075,0,11.16,-11.16,-122.61,True
2021-09-26,US1FLSS0077,0,4.18,-4.18,-45.46,True
2021-09-26,US1FLSS0079,0,3.32,-3.32,-36.05,True
2021-09-26,US1FLST0007,0,0.07,-0.07,-0.08,False
2021-09-26,US1FLST0009,0,0.06,-0.06,0.02,False
2021-09-26,US1FLST0012,0,0.06,-0.06,-0.01,False
2021-09-26,US1FLST0026,0,0.06,-0.06,0.0,False
2021-09-26,US1FLST0032,0,0.06,-0.06,0.02,False
2021-09-26,US1FLST0035,0,0.07,-0.07,-0.12,False
2021-09-26,US1FLST0037,0,0.07,-0.07,-0.06,False
2021-09-26,US1FLSW0001,0,0.02,-0.02,0.46,False
2021-09-26,US1FLSW0008,0,0.0,0.0,0.67,False
2021-09-26,US1FLSW0011,0,0.11,-0.11,-0.52,False
2021-09-26,US1FLSW0014,0,0.03,-0.03,0.33,False
2021-09-26,US1FLVL0001,0,0.0,0.0,0.67,False
2021-09-26,US1FLVL0003,0,0.04,-0.04,0.18,False
2021-09-26,US1FLVL0005,0,0.0,0.0,0.67,False
2021-09-26,US1FLVL0009,0,0.05,-0.05,0.13,False
2021-09-26,US1FLVL0024,0,0.01,-0.01,0.52,False
2021-09-26,US1FLVL0029,0,0.0,0.0,0.67,False
2021-09-26,US1FLVL0037,0,0.0,0.0,0.67,False
2021-09-26,US1FLVL0038,0,0.09,-0.09,-0.28,False
2021-09-26,US1FLVL0040,0,0.0,0.0,0.67,False
2021-09-26,US1FLVL0042,0,0.0,0.0,0.67,False
2021-09-26,US1FLVL0044,0,0.0,0.0,0.67,False
2021-09-26,US1FLVL0051,0,0.06,-0.06,-0.0,False
2021-09-26,US1FLVL0060,0,0.0,0.0,0.67,False
2021-09-26,US1FLVL0061,0,0.02,-0.02,0.51,False
2021-09-26,US1FLVL0062,0,0.0,0.0,0.67,False
2021-09-26,US1FLVL0063,0,0.01,-0.01,0.54,False
2021-09-26,US1FLVL0070,0,0.05,-0.05,0.18,False
2021-09-26,US1FLVL0071,0,0.01,-0.01,0.53,False
2021-09-26,US1FLVL0073,0,0.0,0.0,0.67,False
2021-09-26,US1FLVL0075,0,0.0,0.0,0.67,False
2021-09-26,US1FLVL0081,0,0.01,-0.01,0.54,False
2021-09-26,US1FLVL0083,0,0.05,-0.05,0.15,False
2021-09-26,US1FLVL0084,0,0.04,-0.04,0.22,False
2021-09-26,US1FLVL0086,0,0.01,-0.01,0.55,False
2021-09-26,US1FLVL0087,0,0.0,0.0,0.67,False
2021-09-26,US1FLVL0089,0,0.0,0.0,0.67,False
2021-09-26,US1FLVL0090,0,0.04,-0.04,0.21,False
2021-09-26,US1FLVL0091,0,0.05,-0.05,0.15,False
2021-09-26,US1FLVL0099,0,0.0,0.0,0.67,False
2021-09-26,US1FLVL0101,0,0.0,0.0,0.67,False
2021-09-26,US1FLVL0103,0,0.05,-0.05,0.09,False
2021-09-26,US1FLVL0104,0,0.02,-0.02,0.5,False
2021-09-26,US1FLVL0105,0,0.02,-0.02,0.44,False
2021-09-26,US1GAAP0005,0,0.0,0.0,0.67,False
2021-09-26,US1GAAP0006,0,0.0,0.0,0.67,False
2021-09-26,US1GAAP0007,0,0.0,0.0,0.67,False
2021-09-26,US1GABB0016,0,0.03,-0.03,0.35,False
2021-09-26,US1GABB0019,0,0.03,-0.03,0.31,False
2021-09-26,US1GABD0001,0,0.06,-0.06,0.04,False
2021-09-26,US1GABD0005,0,0.05,-0.05,0.1,False
2021-09-26,US1GABK0001,0,0.03,-0.03,0.31,False
2021-09-26,US1GABR0002,0,0.0,0.0,0.67,False
2021-09-26,US1GABR0005,0,0.0,0.0,0.67,False
2021-09-26,US1GABU0013,0,0.0,0.0,0.67,False
2021-09-26,US1GABU0021,0,0.0,0.0,0.67,False
2021-09-26,US1GABY0001,0,0.0,0.0,0.67,False
2021-09-26,US1GACF0001,0,0.0,0.0,0.67,False
2021-09-26,US1GACH0006,0,0.0,0.0,0.67,False
2021-09-26,US1GACI0003,0,0.0,0.0,0.67,False
2021-09-26,US1GACK0006,0,0.01,-0.01,0.56,False
2021-09-26,US1GACK0010,0,0.01,-0.01,0.55,False
2021-09-26,US1GACK0011,0,0.02,-0.02,0.51,False
2021-09-26,US1GACK0012,0,0.02,-0.02,0.5,False
2021-09-26,US1GACK0030,0,0.01,-0.01,0.52,False
2021-09-26,US1GACK0038,0,0.01,-0.01,0.56,False
2021-09-26,US1GACM0014,0,0.0,0.0,0.67,False
2021-09-26,US1GACM0018,0,0.0,0.0,0.67,False
2021-09-26,US1GACM0019,0,0.0,0.0,0.67,False
2021-09-26,US1GACM0020,0,0.0,0.0,0.67,False
2021-09-26,US1GACM0021,0,0.0,0.0,0.67,False
2021-09-26,US1GACO0003,0,0.0,0.0,0.67,False
2021-09-26,US1GACQ0002,0,0.06,-0.06,0.01,False
2021-09-26,US1GACQ0012,0,0.08,-0.08,-0.18,False
2021-09-26,US1GACQ0013,0,0.03,-0.03,0.32,False
2021-09-26,US1GACT0001,0,0.0,0.0,0.67,False
2021-09-26,US1GACT0003,0,0.0,0.0,0.67,False
2021-09-26,US1GACT0036,0,0.0,0.0,0.67,False
2021-09-26,US1GACT0037,0,0.0,0.0,0.67,False
2021-09-26,US1GACT0038,0,0.0,0.0,0.67,False
2021-09-26,US1GACT0040,0,0.0,0.0,0.67,False
2021-09-26,US1GACT0055,0,0.0,0.0,0.67,False
2021-09-26,US1GACT0057,0,0.0,0.0,0.67,False
2021-09-26,US1GACT0060,0,0.0,0.0,0.67,False
2021-09-26,US1GACT0061,0,0.0,0.0,0.67,False
2021-09-26,US1GACT0064,0,0.0,0.0,0.67,False
2021-09-26,US1GACT0067,0,0.0,0.0,0.67,False
2021-09-26,US1GACT0077,0,0.0,0.0,0.67,False
2021-09-26,US1GACT0089,0,0.0,0.0,0.67,False
2021-09-26,US1GACT0098,0,0.0,0.0,0.67,False
2021-09-26,US1GACT0099,0,0.0,0.0,0.67,False
2021-09-26,US1GACU0001,0,0.02,-0.02,0.49,False
2021-09-26,US1GACU0003,0,0.02,-0.02,0.43,False
2021-09-26,US1GACU0006,0,0.02,-0.02,0.49,False
2021-09-26,US1GACU0009,0,0.04,-0.04,0.24,False
2021-09-26,US1GACU0011,0,0.04,-0.04,0.27,False
2021-09-26,US1GACU0013,0,0.02,-0.02,0.45,False
2021-09-26,US1GACU0014,0,0.03,-0.03,0.31,False
2021-09-26,US1GACU0021,0,0.02,-0.02,0.47,False
2021-09-26,US1GADG0004,0,0.08,-0.08,-0.22,False
2021-09-26,US1GADG0009,0,0.07,-0.07,-0.08,False
2021-09-26,US1GAEF0013,0,0.0,0.0,0.67,False
2021-09-26,US1GAEF0017,0,0.0,0.0,0.67,False
2021-09-26,US1GAEF0018,0,0.0,0.0,0.67,False
2021-09-26,US1GAEF0021,0,0.0,0.0,0.67,False
2021-09-26,US1GAEF0022,0,0.0,0.0,0.67,False
2021-09-26,US1GAEM0004,0,0.04,-0.04,0.19,False
2021-09-26,US1GAEM0005,0,0.0,0.0,0.67,False
2021-09-26,US1GAEV0001,0,0.0,0.0,0.67,False
2021-09-26,US1GAGE0005,0,0.05,-0.05,0.09,False
2021-09-26,US1GAGN0005,0,0.0,0.0,0.67,False
2021-09-26,US1GAGN0007,0,0.0,0.0,0.67,False
2021-09-26,US1GAGW0050,0,0.0,0.0,0.67,False
2021-09-26,US1GAGW0065,0,0.0,0.0,0.67,False
2021-09-26,US1GAHS0003,0,0.02,-0.02,0.46,False
2021-09-26,US1GAHS0005,0,0.03,-0.03,0.32,False
2021-09-26,US1GAHS0011,0,0.09,-0.09,-0.3,False
2021-09-26,US1GAHS0016,0,0.04,-0.04,0.28,False
2021-09-26,US1GAHS0024,0,0.03,-0.03,0.32,False
2021-09-26,US1GAHS0027,0,0.02,-0.02,0.43,False
2021-09-26,US1GAJN0006,0,0.0,0.0,0.67,False
2021-09-26,US1GAJN0007,0,0.04,-0.04,0.25,False
2021-09-26,US1GALB0004,0,0.0,0.0,0.67,False
2021-09-26,US1GALB0006,0,0.0,0.0,0.67,False
2021-09-26,US1GALB0010,0,0.0,0.0,0.67,False
2021-09-26,US1GALB0011,0,0.0,0.0,0.67,False
2021-09-26,US1GALC0002,0,0.05,-0.05,0.18,False
2021-09-26,US1GALR0001,0,0.05,-0.05,0.09,False
2021-09-26,US1GALW0004,0,0.0,0.0,0.67,False
2021-09-26,US1GALW0008,0,0.0,0.0,0.67,False
2021-09-26,US1GAMD0005,0,0.12,-0.12,-0.64,False
2021-09-26,US1GAMI0001,0,0.0,0.0,0.67,False
2021-09-26,US1GAMI0005,0,0.0,0.0,0.67,False
2021-09-26,US1GAMN0007,0,0.0,0.0,0.67,False
2021-09-26,US1GAMN0010,0,0.0,0.0,0.67,False
2021-09-26,US1GANW0001,0,0.0,0.0,0.67,False
2021-09-26,US1GANW0007,0,0.0,0.0,0.67,False
2021-09-26,US1GAOC0001,0,0.01,-0.01,0.55,False
2021-09-26,US1GAOC0002,0,0.01,-0.01,0.52,False
2021-09-26,US1GAOC0005,0,0.01,-0.01,0.52,False
2021-09-26,US1GAOC0009,0,0.01,-0.01,0.54,False
2021-09-26,US1GAOC0012,0,0.02,-0.02,0.49,False
2021-09-26,US1GAOC0014,0,0.01,-0.01,0.58,False
2021-09-26,US1GAOC0016,0,0.01,-0.01,0.58,False
2021-09-26,US1GAOC0018,0,0.02,-0.02,0.5,False
2021-09-26,US1GAOG0005,0,0.02,-0.02,0.46,False
2021-09-26,US1GAOG0007,0,0.03,-0.03,0.31,False
2021-09-26,US1GAOG0012,0,0.02,-0.02,0.46,False
2021-09-26,US1GAOG0015,0,0.03,-0.03,0.39,False
2021-09-26,US1GAOG0029,0,0.03,-0.03,0.32,False
2021-09-26,US1GAPE0001,0,0.07,-0.07,-0.06,False
2021-09-26,US1GAPE0003,0,0.04,-0.04,0.25,False
2021-09-26,US1GARC0009,0,0.02,-0.02,0.49,False
2021-09-26,US1GARC0012,0,0.02,-0.02,0.47,False
2021-09-26,US1GARC0019,0,0.03,-0.03,0.39,False
2021-09-26,US1GASV0005,0,0.0,0.0,0.67,False
2021-09-26,US1GASV0007,0,0.0,0.0,0.67,False
2021-09-26,US1GASV0008,0,0.0,0.0,0.67,False
2021-09-26,US1GATE0004,0,0.07,-0.07,-0.14,False
2021-09-26,US1GATF0003,0,0.03,-0.03,0.35,False
2021-09-26,US1GATF0007,0,0.03,-0.03,0.35,False
2021-09-26,US1GATG0001,0,0.05,-0.05,0.11,False
2021-09-26,US1GATH0002,0,0.0,0.0,0.67,False
2021-09-26,US1GATH0004,0,0.0,0.0,0.67,False
2021-09-26,US1GATN0004,0,0.0,0.0,0.67,False
2021-09-26,US1GAWG0006,0,0.06,-0.06,0.03,False
2021-09-26,US1GAWL0001,0,0.0,0.0,0.67,False
2021-09-26,US1GAWL0012,0,0.0,0.0,0.67,False
2021-09-26,US1GAWL0022,0,0.02,-0.02,0.5,False
2021-09-26,US1GAWL0024,0,0.0,0.0,0.67,False
2021-09-26,US1GAWN0001,3,0.0,3.0,33.82,True
2021-09-26,US1GAWR0005,0,0.0,0.0,0.67,False
2021-09-26,US1GAWS0001,0,0.07,-0.07,-0.15,False
2021-09-26,US1GAWT0003,0,0.17,-0.17,-1.16,False
2021-09-26,US1GAWY0007,0,0.0,0.0,0.67,False
2021-09-26,US1NCBR0001,0,0.0,0.0,0.67,False
2021-09-26,US1NCBR0006,0,0.0,0.0,0.67,False
2021-09-26,US1NCBR0104,0,0.0,0.0,0.67,False
2021-09-26,US1NCBR0105,0,0.0,0.0,0.67,False
2021-09-26,US1SCAK0023,0,2.87,-2.87,-31.06,True
2021-09-26,US1SCAK0027,0,5.69,-5.69,-62.25,True
2021-09-26,US1SCAK0031,0,2.4,-2.4,-25.82,True
2021-09-26,US1SCAK0032,0,2.6,-2.6,-28.07,True
2021-09-26,US1SCAK0033,0,5.12,-5.12,-55.9,True
2021-09-26,US1SCAK0039,0,0.02,-0.02,0.48,False
2021-09-26,US1SCAK0051,0,4.38,-4.38,-47.76,True
2021-09-26,US1SCAK0053,0,2.75,-2.75,-29.68,True
2021-09-26,US1SCAK0057,0,2.47,-2.47,-26.57,True
2021-09-26,US1SCAK0060,0,5.0,-5.0,-54.57,True
2021-09-26,US1SCAK0069,0,2.85,-2.85,-30.83,True
2021-09-26,US1SCAK0073,0,7.66,-7.66,-84.0,True
2021-09-26,US1SCAK0074,0,2.74,-2.74,-29.6,True
2021-09-26,US1SCAK0083,0,6.52,-6.52,-71.31,True
2021-09-26,US1SCAK0097,0,6.03,-6.03,-65.9,True
2021-09-26,US1SCAK0101,0,3.48,-3.48,-37.78,True
2021-09-26,US1SCBF0002,0,0.0,0.0,0.67,False
2021-09-26,US1SCBF0010,0,0.0,0.0,0.67,False
2021-09-26,US1SCBF0015,0,0.0,0.0,0.67,False
2021-09-26,US1SCBF0022,0,0.0,0.0,0.67,False
2021-09-26,US1SCBF0032,0,0.0,0.0,0.67,False
2021-09-26,US1SCBF0036,0,0.0,0.0,0.67,False
2021-09-26,US1SCBF0037,0,0.0,0.0,0.67,False
2021-09-26,US1SCBF0053,0,0.0,0.0,0.67,False
2021-09-26,US1SCBF0055,0,0.0,0.0,0.67,False
2021-09-26,US1SCBF0059,0,0.0,0.0,0.67,False
2021-09-26,US1SCBF0066,0,0.0,0.0,0.67,False
2021-09-26,US1SCBF0091,0,0.0,0.0,0.67,False
2021-09-26,US1SCBF0092,0,0.0,0.0,0.67,False
2021-09-26,US1SCBF0093,0,0.0,0.0,0.67,False
2021-09-26,US1SCBF0096,0,0.0,0.0,0.67,False
2021-09-26,US1SCBF0097,0,0.0,0.0,0.67,False
2021-09-26,US1SCBF0098,0,0.0,0.0,0.67,False
2021-09-26,US1SCBF0099,0,0.0,0.0,0.67,False
2021-09-26,US1SCBF0100,0,0.0,0.0,0.67,False
2021-09-26,US1SCBF0104,0,0.0,0.0,0.67,False
2021-09-26,US1SCBF0111,0,0.0,0.0,0.67,False
2021-09-26,US1SCBF0112,0,0.0,0.0,0.67,False
2021-09-26,US1SCBK0017,0,0.0,0.0,0.67,False
2021-09-26,US1SCBK0038,0,0.0,0.0,0.67,False
2021-09-26,US1SCBK0046,0,0.0,0.0,0.67,False
2021-09-26,US1SCBK0048,0,0.0,0.0,0.67,False
2021-09-26,US1SCBK0056,0,0.0,0.0,0.67,False
2021-09-26,US1SCBK0059,0,0.0,0.0,0.67,False
2021-09-26,US1SCBK0061,0,0.0,0.0,0.67,False
2021-09-26,US1SCBK0065,0,0.0,0.0,0.67,False
2021-09-26,US1SCBK0067,0,0.0,0.0,0.67,False
2021-09-26,US1SCBK0079,0,0.0,0.0,0.67,False
2021-09-26,US1SCBK0081,0,0.0,0.0,0.67,False
2021-09-26,US1SCBK0082,0,0.0,0.0,0.67,False
2021-09-26,US1SCBK0085,0,0.0,0.0,0.67,False
2021-09-26,US1SCBM0001,0,5.76,-5.76,-62.99,True
2021-09-26,US1SCBM0006,0,3.74,-3.74,-40.66,True
2021-09-26,US1SCBW0003,0,5.39,-5.39,-58.9,True
2021-09-26,US1SCCA0002,0,19.79,-19.79,-217.98,True
2021-09-26,US1SCCA0016,0,13.91,-13.91,-153.06,True
2021-09-26,US1SCCA0020,0,10.23,-10.23,-112.31,True
2021-09-26,US1SCCD0006,0,4.92,-4.92,-53.71,True
2021-09-26,US1SCCD0017,0,4.36,-4.36,-47.48,True
2021-09-26,US1SCCD0019,0,4.45,-4.45,-48.47,True
2021-09-26,US1SCCL0003,0,0.0,0.0,0.67,False
2021-09-26,US1SCCL0005,0,0.0,0.0,0.67,False
2021-09-26,US1SCCL0009,0,0.0,0.0,0.67,False
2021-09-26,US1SCCL0014,0,0.0,0.0,0.67,False
2021-09-26,US1SCCL0016,0,0.0,0.0,0.67,False
2021-09-26,US1SCCL0017,0,0.0,0.0,0.67,False
2021-09-26,US1SCCL0028,0,0.0,0.0,0.67,False
2021-09-26,US1SCCR0010,0,0.0,0.0,0.67,False
2021-09-26,US1SCCR0013,0,0.0,0.0,0.67,False
2021-09-26,US1SCCR0022,0,0.0,0.0,0.67,False
2021-09-26,US1SCCR0026,0,0.0,0.0,0.67,False
2021-09-26,US1SCCR0032,0,0.0,0.0,0.67,False
2021-09-26,US1SCCR0033,0,0.0,0.0,0.67,False
2021-09-26,US1SCCR0034,0,0.0,0.0,0.67,False
2021-09-26,US1SCCR0042,0,0.0,0.0,0.67,False
2021-09-26,US1SCCR0049,0,0.0,0.0,0.67,False
2021-09-26,US1SCCR0060,0,0.0,0.0,0.67,False
2021-09-26,US1SCCR0069,0,0.0,0.0,0.67,False
2021-09-26,US1SCCR0074,0,0.0,0.0,0.67,False
2021-09-26,US1SCCR0078,0,0.0,0.0,0.67,False
2021-09-26,US1SCCR0087,0,0.0,0.0,0.67,False
2021-09-26,US1SCCR0092,0,0.0,0.0,0.67,False
2021-09-26,US1SCCR0096,0,0.0,0.0,0.67,False
2021-09-26,US1SCCR0097,0,0.0,0.0,0.67,False
2021-09-26,US1SCCR0098,0,0.0,0.0,0.67,False
2021-09-26,US1SCCR0099,0,0.0,0.0,0.67,False
2021-09-26,US1SCCR0105,0,0.0,0.0,0.67,False
2021-09-26,US1SCCR0112,0,0.0,0.0,0.67,False
2021-09-26,US1SCCR0113,0,0.0,0.0,0.67,False
2021-09-26,US1SCCR0115,0,0.0,0.0,0.67,False
2021-09-26,US1SCCR0116,0,0.0,0.0,0.67,False
2021-09-26,US1SCCR0123,0,0.0,0.0,0.67,False
2021-09-26,US1SCCR0131,0,0.0,0.0,0.67,False
2021-09-26,US1SCCR0138,0,0.0,0.0,0.67,False
2021-09-26,US1SCCR0142,0,0.0,0.0,0.67,False
2021-09-26,US1SCCR0144,0,0.0,0.0,0.67,False
2021-09-26,US1SCCR0146,0,0.0,0.0,0.67,False
2021-09-26,US1SCCR0148,0,0.0,0.0,0.67,False
2021-09-26,US1SCCR0149,0,0.0,0.0,0.67,False
2021-09-26,US1SCCR0151,0,0.0,0.0,0.67,False
2021-09-26,US1SCCR0153,0,0.0,0.0,0.67,False
2021-09-26,US1SCCR0154,0,0.0,0.0,0.67,False
2021-09-26,US1SCCR0155,0,0.0,0.0,0.67,False
2021-09-26,US1SCCR0161,0,0.0,0.0,0.67,False
2021-09-26,US1SCCR0162,0,0.0,0.0,0.67,False
2021-09-26,US1SCCR0164,0,0.0,0.0,0.67,False
2021-09-26,US1SCCR0166,0,0.0,0.0,0.67,False
2021-09-26,US1SCCR0178,0,0.0,0.0,0.67,False
2021-09-26,US1SCCR0183,0,0.0,0.0,0.67,False
2021-09-26,US1SCCR0187,0,0.0,0.0,0.67,False
2021-09-26,US1SCCR0189,0,0.0,0.0,0.67,False
2021-09-26,US1SCCR0192,0,0.0,0.0,0.67,False
2021-09-26,US1SCCR0194,0,0.0,0.0,0.67,False
2021-09-26,US1SCCR0197,0,0.0,0.0,0.67,False
2021-09-26,US1SCCR0199,0,0.0,0.0,0.67,False
2021-09-26,US1SCCR0204,0,0.0,0.0,0.67,False
2021-09-26,US1SCCR0205,0,0.0,0.0,0.67,False
2021-09-26,US1SCCR0210,0,0.0,0.0,0.67,False
2021-09-26,US1SCCR0212,0,0.0,0.0,0.67,False
2021-09-26,US1SCCR0214,0,0.0,0.0,0.67,False
2021-09-26,US1SCCR0217,0,0.0,0.0,0.67,False
2021-09-26,US1SCCR0218,0,0.0,0.0,0.67,False
2021-09-26,US1SCCR0221,0,0.0,0.0,0.67,False
2021-09-26,US1SCCR0225,0,0.0,0.0,0.67,False
2021-09-26,US1SCCR0227,0,0.0,0.0,0.67,False
2021-09-26,US1SCCR0228,0,0.0,0.0,0.67,False
2021-09-26,US1SCCR0231,0,0.0,0.0,0.67,False
2021-09-26,US1SCCR0232,0,0.0,0.0,0.67,False
2021-09-26,US1SCCR0238,0,0.0,0.0,0.67,False
2021-09-26,US1SCCR0241,0,0.0,0.0,0.67,False
2021-09-26,US1SCCR0242,0,0.0,0.0,0.67,False
2021-09-26,US1SCCR0243,0,0.0,0.0,0.67,False
2021-09-26,US1SCDC0003,0,0.0,0.0,0.67,False
2021-09-26,US1SCDC0018,0,3.29,-3.29,-35.63,True
2021-09-26,US1SCDC0036,0,0.0,0.0,0.67,False
2021-09-26,US1SCDC0041,0,0.0,0.0,0.67,False
2021-09-26,US1SCDC0042,0,0.0,0.0,0.67,False
2021-09-26,US1SCDC0055,0,0.0,0.0,0.67,False
2021-09-26,US1SCDC0056,0,0.0,0.0,0.67,False
2021-09-26,US1SCDC0057,0,0.0,0.0,0.67,False
2021-09-26,US1SCDC0062,0,0.0,0.0,0.67,False
2021-09-26,US1SCDC0067,0,0.0,0.0,0.67,False
2021-09-26,US1SCDC0069,0,0.0,0.0,0.67,False
2021-09-26,US1SCDC0075,0,0.0,0.0,0.67,False
2021-09-26,US1SCDC0076,0,0.0,0.0,0.67,False
2021-09-26,US1SCDC0078,0,0.0,0.0,0.67,False
2021-09-26,US1SCDC0086,0,0.0,0.0,0.67,False
2021-09-26,US1SCDC0087,0,0.0,0.0,0.67,False
2021-09-26,US1SCED0002,0,3.7,-3.7,-40.16,True
2021-09-26,US1SCED0013,0,3.68,-3.68,-40.04,True
2021-09-26,US1SCED0016,0,5.76,-5.76,-62.96,True
2021-09-26,US1SCGT0004,0,0.0,0.0,0.67,False
2021-09-26,US1SCGT0011,0,0.0,0.0,0.67,False
2021-09-26,US1SCGT0019,0,0.0,0.0,0.67,False
2021-09-26,US1SCGT0024,0,0.0,0.0,0.67,False
2021-09-26,US1SCGT0036,0,0.0,0.0,0.67,False
2021-09-26,US1SCGT0044,0,0.0,0.0,0.67,False
2021-09-26,US1SCGT0046,0,0.0,0.0,0.67,False
2021-09-26,US1SCHM0018,0,0.0,0.0,0.67,False
2021-09-26,US1SCHM0021,0,0.0,0.0,0.67,False
2021-09-26,US1SCHR0020,0,0.0,0.0,0.67,False
2021-09-26,US1SCHR0039,0,0.0,0.0,0.67,False
2021-09-26,US1SCHR0046,0,0.0,0.0,0.67,False
2021-09-26,US1SCHR0061,0,0.0,0.0,0.67,False
2021-09-26,US1SCHR0063,0,0.0,0.0,0.67,False
2021-09-26,US1SCHR0064,0,0.0,0.0,0.67,False
2021-09-26,US1SCHR0065,0,0.0,0.0,0.67,False
2021-09-26,US1SCHR0067,0,0.0,0.0,0.67,False
2021-09-26,US1SCHR0073,0,0.0,0.0,0.67,False
2021-09-26,US1SCHR0075,0,0.0,0.0,0.67,False
2021-09-26,US1SCHR0106,0,0.0,0.0,0.67,False
2021-09-26,US1SCHR0111,0,0.0,0.0,0.67,False
2021-09-26,US1SCHR0119,0,0.0,0.0,0.67,False
2021-09-26,US1SCHR0122,0,0.0,0.0,0.67,False
2021-09-26,US1SCHR0123,0,0.0,0.0,0.67,False
2021-09-26,US1SCHR0124,0,0.0,0.0,0.67,False
2021-09-26,US1SCHR0125,0,0.0,0.0,0.67,False
2021-09-26,US1SCHR0126,0,0.0,0.0,0.67,False
2021-09-26,US1SCHR0136,0,0.0,0.0,0.67,False
2021-09-26,US1SCHR0137,0,0.0,0.0,0.67,False
2021-09-26,US1SCJS0003,0,0.0,0.0,0.67,False
2021-09-26,US1SCJS0009,0,0.0,0.0,0.67,False
2021-09-26,US1SCLX0005,0,14.02,-14.02,-154.26,True
2021-09-26,US1SCLX0022,0,11.29,-11.29,-124.07,True
2021-09-26,US1SCLX0031,0,17.3,-17.3,-190.45,True
2021-09-26,US1SCLX0069,0,11.74,-11.74,-129.05,True
2021-09-26,US1SCLX0093,0,11.0,-11.0,-120.83,True
2021-09-26,US1SCLX0096,0,50.82,-50.82,-560.89,True
2021-09-26,US1SCLX0097,0,36.36,-36.36,-401.1,True
2021-09-26,US1SCLX0098,0,21.07,-21.07,-232.11,True
2021-09-26,US1SCLX0122,0,9.64,-9.64,-105.89,True
2021-09-26,US1SCLX0127,0,7.66,-7.66,-83.93,True
2021-09-26,US1SCLX0154,0,6.18,-6.18,-67.61,True
2021-09-26,US1SCLX0169,0,28.2,-28.2,-310.92,True
2021-09-26,US1SCLX0184,0,15.29,-15.29,-168.23,True
2021-09-26,US1SCLX0185,0,10.97,-10.97,-120.55,True
2021-09-26,US1SCMC0005,0,0.03,-0.03,0.38,False
2021-09-26,US1SCMC0008,0,0.02,-0.02,0.46,False
2021-09-26,US1SCOR0017,0,7.15,-7.15,-78.28,True
2021-09-26,US1SCOR0025,0,6.46,-6.46,-70.69,True
2021-09-26,US1SCOR0041,0,6.17,-6.17,-67.53,True
2021-09-26,US1SCOR0048,0,9.75,-9.75,-107.08,True
2021-09-26,US1SCOR0049,0,4.28,-4.28,-46.64,True
2021-09-26,US1SCRC0030,0,29.69,-29.69,-327.35,True
2021-09-26,US1SCRC0042,0,76.58,-76.58,-845.45,True
2021-09-26,US1SCRC0122,0,101.54,-101.54,-1121.21,True
2021-09-26,US1SCRC0123,0,41.47,-41.47,-457.53,True
2021-09-26,US1SCSL0002,0,6.93,-6.93,-75.95,True
2021-09-26,US1SCSL0010,0,7.18,-7.18,-78.7,True
2021-09-26,US1SCSM0010,0,3.44,-3.44,-37.36,True
2021-09-26,US1SCSM0013,0,3.47,-3.47,-37.7,True
2021-09-26,US1SCSM0020,0,6.68,-6.68,-73.08,True
2021-09-26,US1SCSM0026,0,6.35,-6.35,-69.54,True
2021-09-26,US1SCSM0030,0,5.0,-5.0,-54.53,True
2021-09-26,US1SCSM0041,0,6.27,-6.27,-68.6,True
2021-09-26,US1SCWL0002,0,0.0,0.0,0.67,False
2021-09-26,USC00080236,0,7.36,-7.36,-80.67,True
2021-09-26,USC00080369,0,2.29,-2.29,-24.6,True
2021-09-26,USC00080478,0,1.11,-1.11,-11.64,True
2021-09-26,USC00080737,0,67.61,-67.61,-746.38,True
2021-09-26,USC00080945,0,2.07,-2.07,-22.17,True
2021-09-26,USC00081641,0,0.28,-0.28,-2.37,False
2021-09-26,USC00082008,0,0.07,-0.07,-0.06,False
2021-09-26,USC00082150,0,0.0,0.0,0.67,False
2021-09-26,USC00082229,0,0.05,-0.05,0.17,False
2021-09-26,USC00082298,0,46.4,-46.4,-511.95,True
2021-09-26,USC00083153,0,3.27,-3.27,-35.41,True
2021-09-26,USC00083163,23,74.23,-51.23,-565.34,True
2021-09-26,USC00083207,0,6.54,-6.54,-71.53,True
2021-09-26,USC00083874,0,0.05,-0.05,0.07,False
2021-09-26,USC00084050,51,86.5,-35.5,-391.61,True
2021-09-26,USC00084289,0,0.19,-0.19,-1.37,False
2021-09-26,USC00084366,0,0.03,-0.03,0.36,False
2021-09-26,USC00084394,0,0.0,0.0,0.67,False
2021-09-26,USC00084461,0,39.46,-39.46,-435.27,True
2021-09-26,USC00084500,0,1.19,-1.19,-12.52,True
2021-09-26,USC00084621,0,2.21,-2.21,-23.71,True
2021-09-26,USC00084625,0,0.52,-0.52,-5.09,True
2021-09-26,USC00084731,0,0.11,-0.11,-0.49,False
2021-09-26,USC00084802,0,0.6,-0.6,-5.96,True
2021-09-26,USC00085076,0,0.06,-0.06,0.03,False
2021-09-26,USC00085099,0,0.02,-0.02,0.46,False
2021-09-26,USC00085184,51,73.27,-22.27,-245.39,True
2021-09-26,USC00085539,0,0.16,-0.16,-1.04,False
2021-09-26,USC00085612,0,0.25,-0.25,-2.03,False
2021-09-26,USC00085880,0,0.0,0.0,0.67,False
2021-09-26,USC00085973,0,0.88,-0.88,-9.09,True
2021-09-26,USC00086048,0,17.97,-17.97,-197.84,True
2021-09-26,USC00086065,3,5.95,-2.95,-31.95,True
2021-09-26,USC00086078,338,78.62,259.38,2866.55,True
2021-09-26,USC00086092,0,21.39,-21.39,-235.65,True
2021-09-26,USC00086634,0,0.16,-0.16,-1.05,False
2021-09-26,USC00086761,0,0.94,-0.94,-9.66,True
2021-09-26,USC00086764,0,43.25,-43.25,-477.21,True
2021-09-26,USC00087025,0,0.0,0.0,0.67,False
2021-09-26,USC00087205,0,0.68,-0.68,-6.8,True
2021-09-26,USC00087228,0,0.08,-0.08,-0.22,False
2021-09-26,USC00087261,0,0.0,0.0,0.67,False
2021-09-26,USC00087304,0,14.54,-14.54,-160.02,True
2021-09-26,USC00087397,3,10.68,-7.68,-84.17,True
2021-09-26,USC00087851,0,0.46,-0.46,-4.37,True
2021-09-26,USC00087982,0,0.07,-0.07,-0.07,False
2021-09-26,USC00088051,0,0.12,-0.12,-0.67,False
2021-09-26,USC00088368,0,58.08,-58.08,-641.09,True
2021-09-26,USC00088620,0,8.66,-8.66,-95.01,True
2021-09-26,USC00088782,0,1.91,-1.91,-20.42,True
2021-09-26,USC00088824,0,0.53,-0.53,-5.18,True
2021-09-26,USC00088942,0,0.14,-0.14,-0.83,False
2021-09-26,USC00089120,0,0.34,-0.34,-3.09,False
2021-09-26,USC00089176,3,8.36,-5.36,-58.57,True
2021-09-26,USC00089219,0,1.09,-1.09,-11.41,True
2021-09-26,USC00089401,20,3.11,16.89,187.25,True
2021-09-26,USC00090311,0,0.05,-0.05,0.16,False
2021-09-26,USC00091266,0,0.0,0.0,0.67,False
2021-09-26,USC00092266,3,0.0,3.0,33.82,True
2021-09-26,USC00092361,0,0.38,-0.38,-3.55,True
2021-09-26,USC00092844,0,0.05,-0.05,0.12,False
2021-09-26,USC00092966,0,0.06,-0.06,-0.02,False
2021-09-26,USC00093538,0,0.0,0.0,0.67,False
2021-09-26,USC00093754,0,0.0,0.0,0.67,False
2021-09-26,USC00094170,0,0.1,-0.1,-0.39,False
2021-09-26,USC00094862,0,0.06,-0.06,0.07,False
2021-09-26,USC00095204,0,0.05,-0.05,0.18,False
2021-09-26,USC00095205,0,0.05,-0.05,0.13,False
2021-09-26,USC00095314,0,0.06,-0.06,-0.03,False
2021-09-26,USC00095988,0,0.04,-0.04,0.26,False
2021-09-26,USC00096087,0,0.03,-0.03,0.33,False
2021-09-26,USC00096126,0,0.0,0.0,0.67,False
2021-09-26,USC00097528,0,0.0,0.0,0.67,False
2021-09-26,USC00097777,0,0.08,-0.08,-0.2,False
2021-09-26,USC00097808,0,0.0,0.0,0.67,False
2021-09-26,USC00098677,0,0.1,-0.1,-0.43,False
2021-09-26,USC00098703,0,0.05,-0.05,0.14,False
2021-09-26,USC00099124,0,0.02,-0.02,0.42,False
2021-09-26,USC00099194,0,0.03,-0.03,0.34,False
2021-09-26,USC00099486,0,0.02,-0.02,0.5,False
2021-09-26,USC00380072,0,3.31,-3.31,-35.89,True
2021-09-26,USC00380184,0,0.0,0.0,0.67,False
2021-09-26,USC00380448,0,5.28,-5.28,-57.71,True
2021-09-26,USC00380490,0,5.4,-5.4,-58.97,True
2021-09-26,USC00380506,0,8.18,-8.18,-89.73,True
2021-09-26,USC00381093,0,0.0,0.0,0.67,False
2021-09-26,USC00381241,0,0.0,0.0,0.67,False
2021-09-26,USC00381726,0,0.03,-0.03,0.33,False
2021-09-26,USC00381944,869,0.0,869.0,9602.3,True
2021-09-26,USC00384205,0,3.38,-3.38,-36.72,True
2021-09-26,USC00384449,0,0.0,0.0,0.67,False
2021-09-26,USC00384607,0,5.42,-5.42,-59.24,True
2021-09-26,USC00384886,0,0.0,0.0,0.67,False
2021-09-26,USC00385493,0,5.31,-5.31,-58.02,True
2021-09-26,USC00385660,0,0.02,-0.02,0.46,False
2021-09-26,USC00385946,0,0.0,0.0,0.67,False
2021-09-26,USC00386153,0,0.0,0.0,0.67,False
2021-09-26,USC00386527,0,6.26,-6.26,-68.5,True
2021-09-26,USC00386775,0,6.11,-6.11,-66.89,True
2021-09-26,USC00387631,0,8.02,-8.02,-87.98,True
2021-09-26,USC00388405,0,0.0,0.0,0.67,False
2021-09-26,USC00388426,0,0.0,0.0,0.67,False
2021-09-26,USC00388440,0,7.03,-7.03,-76.96,True
2021-09-26,USC00388474,0,15.08,-15.08,-165.9,True
2021-09-26,USC00388879,0,4.96,-4.96,-54.12,True
2021-09-26,USC00389469,0,0.0,0.0,0.67,False
2021-09-26,USW00003728,0,0.0,0.0,0.67,False
2021-09-26,USW00003813,0,0.03,-0.03,0.32,False
2021-09-26,USW00003820,0,0.02,-0.02,0.43,False
2021-09-26,USW00003822,0,0.0,0.0,0.67,False
2021-09-26,USW00003853,0,0.03,-0.03,0.35,False
2021-09-26,USW00012812,3,10.65,-7.65,-83.89,True
2021-09-26,USW00012815,0,0.22,-0.22,-1.78,False
2021-09-26,USW00012816,0,0.15,-0.15,-0.99,False
2021-09-26,USW00012818,0,0.37,-0.37,-3.38,False
2021-09-26,USW00012819,0,0.06,-0.06,-0.02,False
2021-09-26,USW00012833,0,0.07,-0.07,-0.06,False
2021-09-26,USW00012834,0,0.0,0.0,0.67,False
2021-09-26,USW00012835,0,26.95,-26.95,-297.14,True
2021-09-26,USW00012838,0,0.49,-0.49,-4.69,True
2021-09-26,USW00012841,0,0.14,-0.14,-0.89,False
2021-09-26,USW00012842,30,0.44,29.56,327.32,True
2021-09-26,USW00012843,0,1.03,-1.03,-10.68,True
2021-09-26,USW00012844,0,61.83,-61.83,-682.51,True
2021-09-26,USW00012849,3,91.3,-88.3,-974.91,True
2021-09-26,USW00012854,0,0.07,-0.07,-0.12,False
2021-09-26,USW00012861,0,0.09,-0.09,-0.32,False
2021-09-26,USW00012871,0,2.7,-2.7,-29.19,True
2021-09-26,USW00012873,0,0.86,-0.86,-8.87,True
2021-09-26,USW00012876,0,0.67,-0.67,-6.7,True
2021-09-26,USW00012883,0,0.62,-0.62,-6.2,True
2021-09-26,USW00012885,0,98.17,-98.17,-1083.97,True
2021-09-26,USW00012894,0,34.22,-34.22,-377.43,True
2021-09-26,USW00012895,0,4.64,-4.64,-50.63,True
2021-09-26,USW00012897,0,88.79,-88.79,-980.4,True
2021-09-26,USW00013782,0,0.0,0.0,0.67,False
2021-09-26,USW00013837,0,0.02,-0.02,0.48,False
2021-09-26,USW00013870,0,0.0,0.0,0.67,False
2021-09-26,USW00013873,0,0.01,-0.01,0.54,False
2021-09-26,USW00013878,0,0.0,0.0,0.67,False
2021-09-26,USW00013880,0,0.0,0.0,0.67,False
2021-09-26,USW00013883,0,31.13,-31.13,-343.31,True
2021-09-26,USW00013889,0,0.02,-0.02,0.49,False
2021-09-26,USW00053854,0,6.07,-6.07,-66.41,True
2021-09-26,USW00053860,0,0.02,-0.02,0.41,False
2021-09-26,USW00053867,0,71.29,-71.29,-787.02,True
2021-09-26,USW00063803,0,0.0,0.0,0.67,False
2021-09-26,USW00063826,0,5.88,-5.88,-64.26,True
2021-09-26,USW00063850,0,0.02,-0.02,0.48,False
2021-09-26,USW00063856,0,0.0,0.0,0.67,False
2021-09-26,USW00063890,0,0.05,-0.05,0.13,False
2021-09-26,USW00092805,0,82.66,-82.66,-912.61,True
2021-09-26,USW00092806,3,1.14,1.86,21.17,True
2021-09-26,USW00092814,0,0.03,-0.03,0.29,False
2021-09-26,USW00092821,0,0.14,-0.14,-0.92,False
2021-09-26,USW00092827,0,7.6,-7.6,-83.35,True
2021-09-26,USW00093718,0,0.0,0.0,0.67,False
2021-09-26,USW00093831,0,0.0,0.0,0.67,False
2021-09-26,USW00093837,0,0.03,-0.03,0.35,False
2021-09-26,USW00093845,0,0.0,0.0,0.67,False
2021-09-27,US1FLAL0002,0,0.0,0.0,0.0,False
2021-09-27,US1FLAL0004,0,0.0,0.0,0.0,False
2021-09-27,US1FLAL0007,0,0.0,0.0,0.0,False
2021-09-27,US1FLAL0010,0,0.0,0.0,0.0,False
2021-09-27,US1FLAL0026,0,0.0,0.0,0.0,False
2021-09-27,US1FLAL0031,0,0.0,0.0,0.0,False
2021-09-27,US1FLAL0048,0,0.0,0.0,0.0,False
2021-09-27,US1FLAL0050,0,0.0,0.0,0.0,False
2021-09-27,US1FLAL0051,0,0.0,0.0,0.0,False
2021-09-27,US1FLAL0054,0,0.0,0.0,0.0,False
2021-09-27,US1FLAL0055,0,0.0,0.0,0.0,False
2021-09-27,US1FLAL0058,0,0.0,0.0,0.0,False
2021-09-27,US1FLAL0060,0,0.0,0.0,0.0,False
2021-09-27,US1FLAL0071,0,0.0,0.0,0.0,False
2021-09-27,US1FLAL0075,0,0.0,0.0,0.0,False
2021-09-27,US1FLAL0079,0,0.0,0.0,0.0,False
2021-09-27,US1FLAL0080,0,0.0,0.0,0.0,False
2021-09-27,US1FLAL0081,0,0.0,0.0,0.0,False
2021-09-27,US1FLAL0096,0,0.0,0.0,0.0,False
2021-09-27,US1FLBK0005,0,0.0,0.0,0.0,False
2021-09-27,US1FLBK0006,0,0.0,0.0,0.0,False
2021-09-27,US1FLBK0007,0,0.0,0.0,0.0,False
2021-09-27,US1FLBV0001,0,0.03,-0.03,-2.04,False
2021-09-27,US1FLBV0002,0,0.0,0.0,0.0,False
2021-09-27,US1FLBV0005,0,0.04,-0.04,-2.61,False
2021-09-27,US1FLBV0006,0,0.0,0.0,0.0,False
2021-09-27,US1FLBV0012,0,0.0,0.0,0.0,False
2021-09-27,US1FLBV0013,0,0.0,0.0,0.0,False
2021-09-27,US1FLBV0020,0,0.0,0.0,0.0,False
2021-09-27,US1FLBV0023,0,0.0,0.0,0.0,False
2021-09-27,US1FLBV0028,0,0.03,-0.03,-1.79,False
2021-09-27,US1FLBV0036,0,0.0,0.0,0.0,False
2021-09-27,US1FLBV0047,0,0.0,0.0,0.0,False
2021-09-27,US1FLBV0052,0,0.0,0.0,0.0,False
2021-09-27,US1FLBV0054,0,0.0,0.0,0.0,False
2021-09-27,US1FLBV0059,0,0.03,-0.03,-2.04,False
2021-09-27,US1FLBV0063,0,0.0,0.0,0.0,False
2021-09-27,US1FLBV0067,0,0.06,-0.06,-3.4,False
2021-09-27,US1FLBV0072,0,0.05,-0.05,-2.98,False
2021-09-27,US1FLBV0078,0,0.0,0.0,0.0,False
2021-09-27,US1FLBV0089,0,0.0,0.0,0.0,False
2021-09-27,US1FLBV0092,0,0.0,0.0,0.0,False
2021-09-27,US1FLBV0095,0,0.0,0.0,0.0,False
2021-09-27,US1FLBV0099,0,0.05,-0.05,-2.86,False
2021-09-27,US1FLBV0102,0,0.04,-0.04,-2.64,False
2021-09-27,US1FLBV0107,0,0.0,0.0,0.0,False
2021-09-27,US1FLBV0109,0,0.0,0.0,0.0,False
2021-09-27,US1FLBV0110,0,0.0,0.0,0.0,False
2021-09-27,US1FLBV0111,0,0.0,0.0,0.0,False
2021-09-27,US1FLBV0113,0,0.0,0.0,0.0,False
2021-09-27,US1FLBV0114,0,0.0,0.0,0.0,False
2021-09-27,US1FLBV0118,0,0.03,-0.03,-1.74,False
2021-09-27,US1FLBV0123,0,0.05,-0.05,-3.04,False
2021-09-27,US1FLBV0124,0,0.0,0.0,0.0,False
2021-09-27,US1FLBV0125,0,0.0,0.0,0.0,False
2021-09-27,US1FLBW0007,0,1.6,-1.6,-97.06,True
2021-09-27,US1FLBW0016,0,2.35,-2.35,-143.04,True
2021-09-27,US1FLBW0026,0,1.56,-1.56,-94.59,True
2021-09-27,US1FLBW0076,0,2.37,-2.37,-143.93,True
2021-09-27,US1FLBW0079,5,4.62,0.38,22.97,True
2021-09-27,US1FLBW0099,3,4.16,-1.16,-70.26,True
2021-09-27,US1FLBW0110,3,2.34,0.66,40.27,True
2021-09-27,US1FLBW0121,0,1.61,-1.61,-98.04,True
2021-09-27,US1FLBW0137,0,1.82,-1.82,-110.91,True
2021-09-27,US1FLBW0148,41,2.08,38.92,2367.08,True
2021-09-27,US1FLBW0151,0,3.25,-3.25,-197.77,True
2021-09-27,US1FLBW0155,5,3.05,1.95,118.48,True
2021-09-27,US1FLBW0159,0,2.41,-2.41,-146.49,True
2021-09-27,US1FLBW0160,0,3.42,-3.42,-208.21,True
2021-09-27,US1FLBW0161,5,3.57,1.43,86.73,True
2021-09-27,US1FLBW0162,3,5.17,-2.17,-131.78,True
2021-09-27,US1FLBW0166,13,3.44,9.56,581.8,True
2021-09-27,US1FLBW0167,0,1.59,-1.59,-96.81,True
2021-09-27,US1FLCB0010,0,0.0,0.0,0.0,False
2021-09-27,US1FLCB0012,0,0.0,0.0,0.0,False
2021-09-27,US1FLCB0019,0,0.0,0.0,0.0,False
2021-09-27,US1FLCB0024,0,0.0,0.0,0.0,False
2021-09-27,US1FLCB0025,0,0.0,0.0,0.0,False
2021-09-27,US1FLCB0026,0,0.0,0.0,0.0,False
2021-09-27,US1FLCH0013,5,75.93,-70.93,-4314.66,True
2021-09-27,US1FLCH0015,10,55.29,-45.29,-2754.69,True
2021-09-27,US1FLCH0019,0,27.83,-27.83,-1692.65,True
2021-09-27,US1FLCH0023,0,28.0,-28.0,-1703.13,True
2021-09-27,US1FLCH0029,89,54.94,34.06,2071.85,True
2021-09-27,US1FLCH0034,33,57.56,-24.56,-1494.0,True
2021-09-27,US1FLCH0035,20,111.09,-91.09,-5540.83,True
2021-09-27,US1FLCH0036,28,69.89,-41.89,-2547.84,True
2021-09-27,US1FLCH0039,18,61.52,-43.52,-2646.88,True
2021-09-27,US1FLCH0040,5,76.34,-71.34,-4339.26,True
2021-09-27,US1FLCR0012,0,1.75,-1.75,-106.72,True
2021-09-27,US1FLCR0013,0,22.98,-22.98,-1397.68,True
2021-09-27,US1FLCR0052,0,4.54,-4.54,-276.44,True
2021-09-27,US1FLCR0053,0,4.46,-4.46,-271.31,True
2021-09-27,US1FLCR0059,0,4.56,-4.56,-277.28,True
2021-09-27,US1FLCR0060,0,3.33,-3.33,-202.46,True
2021-09-27,US1FLCR0062,0,2.48,-2.48,-150.83,True
2021-09-27,US1FLCR0066,0,2.26,-2.26,-137.4,True
2021-09-27,US1FLCT0008,0,0.76,-0.76,-46.41,True
2021-09-27,US1FLCT0011,0,0.31,-0.31,-18.71,True
2021-09-27,US1FLCT0030,0,0.48,-0.48,-29.5,True
2021-09-27,US1FLCT0031,0,0.44,-0.44,-26.65,True
2021-09-27,US1FLCT0034,0,0.31,-0.31,-19.04,True
2021-09-27,US1FLCT0035,0,0.42,-0.42,-25.33,True
2021-09-27,US1FLCT0036,0,0.7,-0.7,-42.57,True
2021-09-27,US1FLCT0037,0,0.18,-0.18,-11.23,True
2021-09-27,US1FLCT0038,0,0.46,-0.46,-27.72,True
2021-09-27,US1FLCT0039,0,0.39,-0.39,-23.5,True
2021-09-27,US1FLCT0041,0,0.87,-0.87,-53.13,True
2021-09-27,US1FLCY0001,0,0.0,0.0,0.0,False
2021-09-27,US1FLCY0003,0,0.0,0.0,0.0,False
2021-09-27,US1FLCY0007,0,0.0,0.0,0.0,False
2021-09-27,US1FLCY0025,0,0.0,0.0,0.0,False
2021-09-27,US1FLCY0037,0,0.0,0.0,0.0,False
2021-09-27,US1FLCY0038,0,0.0,0.0,0.0,False
2021-09-27,US1FLCY0039,0,0.0,0.0,0.0,False
2021-09-27,US1FLCY0041,0,0.0,0.0,0.0,False
2021-09-27,US1FLCY0042,0,0.0,0.0,0.0,False
2021-09-27,US1FLCY0051,0,0.0,0.0,0.0,False
2021-09-27,US1FLCY0054,0,0.0,0.0,0.0,False
2021-09-27,US1FLCY0055,0,0.0,0.0,0.0,False
2021-09-27,US1FLDS0003,130,54.44,75.56,4596.0,True
2021-09-27,US1FLDV0003,0,0.0,0.0,0.0,False
2021-09-27,US1FLDV0013,0,0.0,0.0,0.0,False
2021-09-27,US1FLDV0021,0,0.0,0.0,0.0,False
2021-09-27,US1FLDV0028,0,0.0,0.0,0.0,False
2021-09-27,US1FLDV0033,0,0.0,0.0,0.0,False
2021-09-27,US1FLDV0042,0,0.0,0.0,0.0,False
2021-09-27,US1FLDV0050,0,0.0,0.0,0.0,False
2021-09-27,US1FLDV0059,0,0.0,0.0,0.0,False
2021-09-27,US1FLDV0063,0,0.0,0.0,0.0,False
2021-09-27,US1FLDV0069,0,0.0,0.0,0.0,False
2021-09-27,US1FLDV0071,0,0.0,0.0,0.0,False
2021-09-27,US1FLDV0079,0,0.0,0.0,0.0,False
2021-09-27,US1FLDV0091,0,0.0,0.0,0.0,False
2021-09-27,US1FLDV0094,0,0.0,0.0,0.0,False
2021-09-27,US1FLDV0106,0,0.0,0.0,0.0,False
2021-09-27,US1FLDV0117,0,0.0,0.0,0.0,False
2021-09-27,US1FLDV0118,0,0.0,0.0,0.0,False
2021-09-27,US1FLDX0003,0,0.0,0.0,0.0,False
2021-09-27,US1FLFL0024,0,0.0,0.0,0.0,False
2021-09-27,US1FLFL0030,0,0.0,0.0,0.0,False
2021-09-27,US1FLFL0032,0,0.0,0.0,0.0,False
2021-09-27,US1FLFL0033,0,0.0,0.0,0.0,False
2021-09-27,US1FLFL0035,0,0.0,0.0,0.0,False
2021-09-27,US1FLFL0037,0,0.0,0.0,0.0,False
2021-09-27,US1FLFL0040,0,0.0,0.0,0.0,False
2021-09-27,US1FLFL0042,0,0.0,0.0,0.0,False
2021-09-27,US1FLFL0047,0,0.0,0.0,0.0,False
2021-09-27,US1FLFL0049,0,0.0,0.0,0.0,False
2021-09-27,US1FLFL0050,0,0.0,0.0,0.0,False
2021-09-27,US1FLGC0008,0,0.0,0.0,0.0,False
2021-09-27,US1FLGL0007,0,19.13,-19.13,-1163.42,True
2021-09-27,US1FLGL0013,0,3.4,-3.4,-206.81,True
2021-09-27,US1FLHB0001,0,13.17,-13.17,-800.86,True
2021-09-27,US1FLHB0004,0,27.9,-27.9,-1697.0,True
2021-09-27,US1FLHB0005,0,12.77,-12.77,-776.6,True
2021-09-27,US1FLHB0010,58,22.73,35.27,2145.23,True
2021-09-27,US1FLHB0017,0,23.01,-23.01,-1399.72,True
2021-09-27,US1FLHB0027,13,11.19,1.81,109.81,True
2021-09-27,US1FLHB0029,89,14.83,74.17,4511.46,True
2021-09-27,US1FLHB0033,0,23.98,-23.98,-1458.67,True
2021-09-27,US1FLHB0037,20,10.92,9.08,552.17,True
2021-09-27,US1FLHB0040,0,13.74,-13.74,-835.48,True
2021-09-27,US1FLHB0044,0,15.95,-15.95,-970.26,True
2021-09-27,US1FLHB0048,8,11.97,-3.97,-241.22,True
2021-09-27,US1FLHB0051,0,13.01,-13.01,-791.38,True
2021-09-27,US1FLHB0055,8,23.24,-15.24,-926.78,True
2021-09-27,US1FLHB0060,20,28.19,-8.19,-497.91,True
2021-09-27,US1FLHB0069,91,40.32,50.68,3082.86,True
2021-09-27,US1FLHB0098,15,28.93,-13.93,-847.54,True
2021-09-27,US1FLHB0114,119,40.62,78.38,4767.67,True
2021-09-27,US1FLHB0120,10,13.63,-3.63,-221.07,True
2021-09-27,US1FLHB0130,0,26.64,-26.64,-1620.27,True
2021-09-27,US1FLHB0136,198,78.86,119.14,7246.97,True
2021-09-27,US1FLHB0138,38,17.55,20.45,1244.13,True
2021-09-27,US1FLHB0139,0,21.99,-21.99,-1337.78,True
2021-09-27,US1FLHB0140,10,12.24,-2.24,-136.39,True
2021-09-27,US1FLHB0141,15,12.76,2.24,136.01,True
2021-09-27,US1FLHB0143,10,24.13,-14.13,-859.23,True
2021-09-27,US1FLHB0150,206,76.8,129.2,7858.63,True
2021-09-27,US1FLHB0154,0,19.59,-19.59,-1191.59,True
2021-09-27,US1FLHB0156,13,13.3,-0.3,-18.34,True
2021-09-27,US1FLHB0160,13,24.27,-11.27,-685.75,True
2021-09-27,US1FLHB0162,3,27.66,-24.66,-1499.85,True
2021-09-27,US1FLHB0163,56,34.18,21.82,1327.27,True
2021-09-27,US1FLHB0166,81,52.03,28.97,1761.85,True
2021-09-27,US1FLHD0003,0,23.31,-23.31,-1418.14,True
2021-09-27,US1FLHL0001,0,20.98,-20.98,-1276.06,True
2021-09-27,US1FLHL0003,0,21.04,-21.04,-1279.97,True
2021-09-27,US1FLHL0012,0,3.36,-3.36,-204.16,True
2021-09-27,US1FLHL0013,0,20.6,-20.6,-1253.25,True
2021-09-27,US1FLHL0030,0,20.06,-20.06,-1220.05,True
2021-09-27,US1FLHL0038,0,16.79,-16.79,-1021.01,True
2021-09-27,US1FLHL0043,0,13.91,-13.91,-846.1,True
2021-09-27,US1FLHN0007,0,5.24,-5.24,-318.78,True
2021-09-27,US1FLHN0008,0,4.81,-4.81,-292.48,True
2021-09-27,US1FLHN0014,0,4.45,-4.45,-270.68,True
2021-09-27,US1FLHN0022,0,4.58,-4.58,-278.36,True
2021-09-27,US1FLHN0024,0,5.09,-5.09,-309.34,True
2021-09-27,US1FLHN0026,0,4.52,-4.52,-274.82,True
2021-09-27,US1FLHN0035,0,4.13,-4.13,-251.34,True
2021-09-27,US1FLHN0039,0,4.77,-4.77,-290.13,True
2021-09-27,US1FLHN0040,0,4.73,-4.73,-287.99,True
2021-09-27,US1FLHN0041,0,5.08,-5.08,-309.07,True
2021-09-27,US1FLHN0043,0,4.82,-4.82,-293.48,True
2021-09-27,US1FLHY0003,0,18.29,-18.29,-1112.82,True
2021-09-27,US1FLHY0008,0,16.61,-16.61,-1010.05,True
2021-09-27,US1FLHY0011,0,17.63,-17.63,-1072.14,True
2021-09-27,US1FLHY0012,0,3.22,-3.22,-195.91,True
2021-09-27,US1FLIR0006,0,0.03,-0.03,-1.63,False
2021-09-27,US1FLIR0019,0,0.04,-0.04,-2.48,False
2021-09-27,US1FLIR0024,0,0.03,-0.03,-1.62,False
2021-09-27,US1FLIR0026,0,0.04,-0.04,-2.33,False
2021-09-27,US1FLIR0027,0,0.04,-0.04,-2.29,False
2021-09-27,US1FLIR0036,0,0.04,-0.04,-2.21,False
2021-09-27,US1FLIR0041,0,0.04,-0.04,-2.38,False
2021-09-27,US1FLIR0048,0,0.04,-0.04,-2.35,False
2021-09-27,US1FLIR0050,0,0.03,-0.03,-1.74,False
2021-09-27,US1FLIR0051,0,0.11,-0.11,-6.64,True
2021-09-27,US1FLJF0007,0,0.0,0.0,0.0,False
2021-09-27,US1FLJF0009,0,0.0,0.0,0.0,False
2021-09-27,US1FLJF0010,0,0.0,0.0,0.0,False
2021-09-27,US1FLLE0006,0,27.91,-27.91,-1697.38,True
2021-09-27,US1FLLE0022,0,38.03,-38.03,-2313.02,True
2021-09-27,US1FLLE0037,20,23.66,-3.66,-222.74,True
2021-09-27,US1FLLE0055,0,24.53,-24.53,-1492.08,True
2021-09-27,US1FLLE0057,3,34.68,-31.68,-1927.07,True
2021-09-27,US1FLLE0059,0,37.41,-37.41,-2275.54,True
2021-09-27,US1FLLE0065,71,24.61,46.39,2821.44,True
2021-09-27,US1FLLE0068,0,25.98,-25.98,-1580.12,True
2021-09-27,US1FLLE0072,0,26.38,-26.38,-1604.39,True
2021-09-27,US1FLLK0003,0,3.51,-3.51,-213.46,True
2021-09-27,US1FLLK0016,0,0.06,-0.06,-3.69,True
2021-09-27,US1FLLK0017,0,0.59,-0.59,-36.1,True
2021-09-27,US1FLLK0021,0,0.0,0.0,0.0,False
2021-09-27,US1FLLK0023,0,0.0,0.0,0.0,False
2021-09-27,US1FLLK0028,0,0.07,-0.07,-3.97,True
2021-09-27,US1FLLK0030,0,0.07,-0.07,-4.49,True
2021-09-27,US1FLLK0031,0,0.09,-0.09,-5.52,True
2021-09-27,US1FLLK0036,0,3.01,-3.01,-182.85,True
2021-09-27,US1FLLK0043,0,0.0,0.0,0.0,False
2021-09-27,US1FLLK0044,0,0.0,0.0,0.0,False
2021-09-27,US1FLLK0045,0,0.0,0.0,0.0,False
2021-09-27,US1FLLV0001,0,0.0,0.0,0.0,False
2021-09-27,US1FLLV0004,0,0.0,0.0,0.0,False
2021-09-27,US1FLLV0015,0,0.03,-0.03,-1.66,False
2021-09-27,US1FLLV0017,0,0.0,0.0,0.0,False
2021-09-27,US1FLLV0018,0,0.02,-0.02,-1.42,False
2021-09-27,US1FLMA0006,0,26.38,-26.38,-1604.74,True
2021-09-27,US1FLMA0010,36,24.64,11.36,691.1,True
2021-09-27,US1FLMA0018,10,27.62,-17.62,-1071.9,True
2021-09-27,US1FLMA0022,0,24.73,-24.73,-1504.31,True
2021-09-27,US1FLMA0028,0,25.86,-25.86,-1572.94,True
2021-09-27,US1FLMA0029,13,29.93,-16.93,-1029.72,True
2021-09-27,US1FLMA0032,8,29.08,-21.08,-1282.34,True
2021-09-27,US1FLMA0034,0,24.3,-24.3,-1478.21,True
2021-09-27,US1FLMA0037,18,27.22,-9.22,-560.74,True
2021-09-27,US1FLMA0040,64,24.27,39.73,2416.71,True
2021-09-27,US1FLMA0041,0,26.54,-26.54,-1614.46,True
2021-09-27,US1FLMA0043,0,24.7,-24.7,-1502.16,True
2021-09-27,US1FLMA0044,36,25.8,10.2,620.42,True
2021-09-27,US1FLMR0003,0,0.0,0.0,0.0,False
2021-09-27,US1FLMR0004,0,0.0,0.0,0.0,False
2021-09-27,US1FLMR0012,0,0.0,0.0,0.0,False
2021-09-27,US1FLMR0013,0,0.0,0.0,0.0,False
2021-09-27,US1FLMR0018,0,0.0,0.0,0.0,False
2021-09-27,US1FLMR0032,0,0.0,0.0,0.0,False
2021-09-27,US1FLMR0036,0,0.11,-0.11,-6.92,True
2021-09-27,US1FLMR0042,0,0.0,0.0,0.0,False
2021-09-27,US1FLMR0054,0,0.0,0.0,0.0,False
2021-09-27,US1FLMR0057,0,0.0,0.0,0.0,False
2021-09-27,US1FLMR0059,0,0.0,0.0,0.0,False
2021-09-27,US1FLMR0065,0,0.0,0.0,0.0,False
2021-09-27,US1FLMR0066,0,0.0,0.0,0.0,False
2021-09-27,US1FLMR0068,0,0.0,0.0,0.0,False
2021-09-27,US1FLMR0074,0,0.0,0.0,0.0,False
2021-09-27,US1FLMR0079,0,0.0,0.0,0.0,False
2021-09-27,US1FLMT0001,0,0.63,-0.63,-38.08,True
2021-09-27,US1FLMT0018,0,0.27,-0.27,-16.39,True
2021-09-27,US1FLMT0019,0,0.27,-0.27,-16.13,True
2021-09-27,US1FLMT0021,0,0.33,-0.33,-19.83,True
2021-09-27,US1FLMT0026,8,0.86,7.14,434.02,True
2021-09-27,US1FLMT0028,0,0.18,-0.18,-10.98,True
2021-09-27,US1FLMT0031,0,0.31,-0.31,-18.95,True
2021-09-27,US1FLMT0035,0,0.65,-0.65,-39.55,True
2021-09-27,US1FLMT0036,0,0.18,-0.18,-10.98,True
2021-09-27,US1FLMT0037,0,0.47,-0.47,-28.43,True
2021-09-27,US1FLMT0039,0,0.46,-0.46,-28.22,True
2021-09-27,US1FLMT0042,0,0.72,-0.72,-43.51,True
2021-09-27,US1FLMT0043,0,0.72,-0.72,-43.89,True
2021-09-27,US1FLMT0045,0,0.47,-0.47,-28.56,True
2021-09-27,US1FLMT0046,0,0.47,-0.47,-28.51,True
2021-09-27,US1FLNS0012,0,0.0,0.0,0.0,False
2021-09-27,US1FLNS0014,0,0.0,0.0,0.0,False
2021-09-27,US1FLNS0017,0,0.0,0.0,0.0,False
2021-09-27,US1FLNS0021,0,0.0,0.0,0.0,False
2021-09-27,US1FLNS0022,0,0.0,0.0,0.0,False
2021-09-27,US1FLOR0019,0,0.0,0.0,0.0,False
2021-09-27,US1FLOR0025,0,0.0,0.0,0.0,False
2021-09-27,US1FLOR0026,0,0.0,0.0,0.0,False
2021-09-27,US1FLOR0027,0,0.0,0.0,0.0,False
2021-09-27,US1FLOR0030,0,0.34,-0.34,-20.59,True
2021-09-27,US1FLOR0034,0,0.03,-0.03,-1.99,False
2021-09-27,US1FLOR0035,0,3.82,-3.82,-232.34,True
2021-09-27,US1FLOR0043,0,0.0,0.0,0.0,False
2021-09-27,US1FLOR0046,0,0.0,0.0,0.0,False
2021-09-27,US1FLOR0048,0,0.0,0.0,0.0,False
2021-09-27,US1FLOR0054,0,0.0,0.0,0.0,False
2021-09-27,US1FLOR0055,0,0.03,-0.03,-1.98,False
2021-09-27,US1FLOR0061,0,2.19,-2.19,-133.47,True
2021-09-27,US1FLOR0062,0,1.99,-1.99,-121.24,True
2021-09-27,US1FLOR0065,0,0.0,0.0,0.0,False
2021-09-27,US1FLOR0068,0,2.34,-2.34,-142.57,True
2021-09-27,US1FLOS0001,0,3.58,-3.58,-217.59,True
2021-09-27,US1FLOS0027,0,0.21,-0.21,-12.72,True
2021-09-27,US1FLOS0029,0,0.07,-0.07,-4.34,True
2021-09-27,US1FLOS0031,0,2.91,-2.91,-176.86,True
2021-09-27,US1FLOS0036,0,0.08,-0.08,-5.04,True
2021-09-27,US1FLOS0037,0,0.07,-0.07,-4.47,True
2021-09-27,US1FLPB0002,0,1.55,-1.55,-94.34,True
2021-09-27,US1FLPB0012,0,1.46,-1.46,-88.57,True
2021-09-27,US1FLPB0013,0,1.53,-1.53,-92.8,True
2021-09-27,US1FLPB0034,0,1.93,-1.93,-117.6,True
2021-09-27,US1FLPB0037,0,1.7,-1.7,-103.16,True
2021-09-27,US1FLPB0043,0,1.12,-1.12,-68.07,True
2021-09-27,US1FLPB0044,0,1.86,-1.86,-112.98,True
2021-09-27,US1FLPB0061,0,1.88,-1.88,-114.32,True
2021-09-27,US1FLPB0063,0,1.74,-1.74,-105.73,True
2021-09-27,US1FLPB0072,0,1.51,-1.51,-91.64,True
2021-09-27,US1FLPB0077,0,1.41,-1.41,-85.63,True
2021-09-27,US1FLPB0080,0,2.73,-2.73,-165.99,True
2021-09-27,US1FLPB0081,0,1.32,-1.32,-80.36,True
2021-09-27,US1FLPB0087,0,1.46,-1.46,-88.59,True
2021-09-27,US1FLPB0098,0,1.82,-1.82,-110.83,True
2021-09-27,US1FLPK0018,0,9.41,-9.41,-572.15,True
2021-09-27,US1FLPK0032,0,9.5,-9.5,-577.62,True
2021-09-27,US1FLPK0034,0,9.93,-9.93,-604.17,True
2021-09-27,US1FLPK0035,0,19.49,-19.49,-1185.34,True
2021-09-27,US1FLPK0039,0,17.84,-17.84,-1085.18,True
2021-09-27,US1FLPK0055,0,6.6,-6.6,-401.45,True
2021-09-27,US1FLPK0067,0,4.65,-4.65,-283.0,True
2021-09-27,US1FLPK0073,0,15.83,-15.83,-962.64,True
2021-09-27,US1FLPK0076,0,6.46,-6.46,-392.65,True
2021-09-27,US1FLPK0078,0,3.8,-3.8,-231.31,True
2021-09-27,US1FLPK0081,0,7.28,-7.28,-442.51,True
2021-09-27,US1FLPK0083,0,8.06,-8.06,-490.23,True
2021-09-27,US1FLPK0084,0,14.81,-14.81,-900.99,True
2021-09-27,US1FLPN0006,0,9.8,-9.8,-595.87,True
2021-09-27,US1FLPN0009,8,17.58,-9.58,-582.45,True
2021-09-27,US1FLPN0017,0,11.82,-11.82,-718.84,True
2021-09-27,US1FLPN0034,13,18.77,-5.77,-351.08,True
2021-09-27,US1FLPN0035,0,12.67,-12.67,-770.89,True
2021-09-27,US1FLPN0036,0,6.44,-6.44,-391.62,True
2021-09-27,US1FLPN0060,0,16.55,-16.55,-1006.9,True
2021-09-27,US1FLPN0071,0,7.67,-7.67,-466.24,True
2021-09-27,US1FLPN0074,51,15.41,35.59,2164.59,True
2021-09-27,US1FLPN0077,0,11.37,-11.37,-691.47,True
2021-09-27,US1FLPN0079,41,16.52,24.48,1489.23,True
2021-09-27,US1FLPN0081,0,18.2,-18.2,-1107.06,True
2021-09-27,US1FLPN0083,0,9.65,-9.65,-586.73,True
2021-09-27,US1FLPN0087,0,15.37,-15.37,-934.85,True
2021-09-27,US1FLPN0090,0,15.81,-15.81,-961.59,True
2021-09-27,US1FLPN0091,0,6.46,-6.46,-393.02,True
2021-09-27,US1FLPN0094,3,10.86,-7.86,-478.25,True
2021-09-27,US1FLPN0096,0,10.95,-10.95,-666.19,True
2021-09-27,US1FLPN0097,0,10.2,-10.2,-620.48,True
2021-09-27,US1FLPN0099,8,13.02,-5.02,-305.54,True
2021-09-27,US1FLPN0104,0,10.9,-10.9,-663.13,True
2021-09-27,US1FLPN0105,0,12.48,-12.48,-759.05,True
2021-09-27,US1FLPN0108,10,18.93,-8.93,-543.03,True
2021-09-27,US1FLPN0111,0,7.76,-7.76,-471.73,True
2021-09-27,US1FLPS0004,0,8.36,-8.36,-508.39,True
2021-09-27,US1FLPS0006,0,10.73,-10.73,-652.78,True
2021-09-27,US1FLPS0007,0,7.58,-7.58,-461.03,True
2021-09-27,US1FLPS0010,0,6.12,-6.12,-372.22,True
2021-09-27,US1FLPS0015,0,5.54,-5.54,-337.26,True
2021-09-27,US1FLPS0043,0,9.81,-9.81,-596.73,True
2021-09-27,US1FLPS0049,0,5.22,-5.22,-317.48,True
2021-09-27,US1FLPS0051,0,8.94,-8.94,-543.5,True
2021-09-27,US1FLPS0065,5,9.74,-4.74,-288.6,True
2021-09-27,US1FLPS0072,0,9.14,-9.14,-556.21,True
2021-09-27,US1FLPS0073,0,10.65,-10.65,-647.93,True
2021-09-27,US1FLPS0074,0,6.58,-6.58,-400.03,True
2021-09-27,US1FLPS0075,0,9.22,-9.22,-560.81,True
2021-09-27,US1FLPT0004,0,0.0,0.0,0.0,False
2021-09-27,US1FLPT0007,0,0.0,0.0,0.0,False
2021-09-27,US1FLPT0008,0,0.0,0.0,0.0,False
2021-09-27,US1FLPT0012,0,0.0,0.0,0.0,False
2021-09-27,US1FLPT0021,0,0.0,0.0,0.0,False
2021-09-27,US1FLPT0024,0,0.0,0.0,0.0,False
2021-09-27,US1FLPT0026,0,0.0,0.0,0.0,False
2021-09-27,US1FLPT0027,0,0.0,0.0,0.0,False
2021-09-27,US1FLPT0029,0,0.0,0.0,0.0,False
2021-09-27,US1FLSJ0004,0,0.0,0.0,0.0,False
2021-09-27,US1FLSJ0016,0,0.0,0.0,0.0,False
2021-09-27,US1FLSJ0020,0,0.0,0.0,0.0,False
2021-09-27,US1FLSJ0023,0,0.0,0.0,0.0,False
2021-09-27,US1FLSJ0028,0,0.0,0.0,0.0,False
2021-09-27,US1FLSJ0029,0,0.0,0.0,0.0,False
2021-09-27,US1FLSJ0030,0,0.0,0.0,0.0,False
2021-09-27,US1FLSJ0033,0,0.0,0.0,0.0,False
2021-09-27,US1FLSJ0034,0,0.0,0.0,0.0,False
2021-09-27,US1FLSJ0036,0,0.0,0.0,0.0,False
2021-09-27,US1FLSJ0039,0,0.0,0.0,0.0,False
2021-09-27,US1FLSL0011,0,0.08,-0.08,-4.69,True
2021-09-27,US1FLSL0013,0,0.3,-0.3,-18.36,True
2021-09-27,US1FLSL0015,0,0.06,-0.06,-3.76,True
2021-09-27,US1FLSL0017,0,0.39,-0.39,-23.5,True
2021-09-27,US1FLSL0019,0,0.09,-0.09,-5.42,True
2021-09-27,US1FLSL0022,0,0.3,-0.3,-18.32,True
2021-09-27,US1FLSL0033,0,0.08,-0.08,-4.8,True
2021-09-27,US1FLSL0050,0,0.29,-0.29,-17.48,True
2021-09-27,US1FLSL0051,0,0.33,-0.33,-20.15,True
2021-09-27,US1FLSL0054,0,0.07,-0.07,-4.24,True
2021-09-27,US1FLSM0008,0,0.0,0.0,0.0,False
2021-09-27,US1FLSM0018,0,0.0,0.0,0.0,False
2021-09-27,US1FLSM0026,0,0.0,0.0,0.0,False
2021-09-27,US1FLSM0030,0,0.0,0.0,0.0,False
2021-09-27,US1FLSM0034,0,0.0,0.0,0.0,False
2021-09-27,US1FLSM0035,0,0.0,0.0,0.0,False
2021-09-27,US1FLSM0037,0,0.0,0.0,0.0,False
2021-09-27,US1FLSM0039,0,0.0,0.0,0.0,False
2021-09-27,US1FLSS0014,79,117.46,-38.46,-2339.61,True
2021-09-27,US1FLSS0015,165,106.24,58.76,3574.05,True
2021-09-27,US1FLSS0022,0,61.41,-61.41,-3735.15,True
2021-09-27,US1FLSS0034,20,89.63,-69.63,-4235.14,True
2021-09-27,US1FLSS0040,0,58.6,-58.6,-3564.4,True
2021-09-27,US1FLSS0052,18,37.23,-19.23,-1169.9,True
2021-09-27,US1FLSS0053,904,324.88,579.12,35225.54,True
2021-09-27,US1FLSS0059,0,76.54,-76.54,-4655.5,True
2021-09-27,US1FLSS0062,104,39.69,64.31,3911.59,True
2021-09-27,US1FLSS0063,36,29.26,6.74,409.98,True
2021-09-27,US1FLSS0065,28,58.75,-30.75,-1870.6,True
2021-09-27,US1FLSS0071,10,81.21,-71.21,-4331.43,True
2021-09-27,US1FLSS0073,71,34.32,36.68,2231.2,True
2021-09-27,US1FLSS0075,800,363.68,436.32,26540.04,True
2021-09-27,US1FLSS0077,33,36.82,-3.82,-232.13,True
2021-09-27,US1FLSS0079,18,34.51,-16.51,-1004.08,True
2021-09-27,US1FLST0007,0,0.06,-0.06,-3.69,True
2021-09-27,US1FLST0009,0,0.06,-0.06,-3.71,True
2021-09-27,US1FLST0012,0,0.09,-0.09,-5.43,True
2021-09-27,US1FLST0026,0,0.06,-0.06,-3.76,True
2021-09-27,US1FLST0032,0,0.06,-0.06,-3.66,True
2021-09-27,US1FLST0035,0,0.09,-0.09,-5.2,True
2021-09-27,US1FLST0037,0,0.14,-0.14,-8.33,True
2021-09-27,US1FLSW0001,0,0.0,0.0,0.0,False
2021-09-27,US1FLSW0008,0,0.0,0.0,0.0,False
2021-09-27,US1FLSW0011,0,0.0,0.0,0.0,False
2021-09-27,US1FLSW0014,0,0.0,0.0,0.0,False
2021-09-27,US1FLVL0001,0,0.0,0.0,0.0,False
2021-09-27,US1FLVL0003,0,0.0,0.0,0.0,False
2021-09-27,US1FLVL0005,0,0.0,0.0,0.0,False
2021-09-27,US1FLVL0009,0,0.0,0.0,0.0,False
2021-09-27,US1FLVL0024,0,0.0,0.0,0.0,False
2021-09-27,US1FLVL0029,0,0.0,0.0,0.0,False
2021-09-27,US1FLVL0037,0,0.0,0.0,0.0,False
2021-09-27,US1FLVL0038,0,0.0,0.0,0.0,False
2021-09-27,US1FLVL0040,0,0.0,0.0,0.0,False
2021-09-27,US1FLVL0042,0,0.0,0.0,0.0,False
2021-09-27,US1FLVL0044,0,0.0,0.0,0.0,False
2021-09-27,US1FLVL0051,0,0.0,0.0,0.0,False
2021-09-27,US1FLVL0060,0,0.0,0.0,0.0,False
2021-09-27,US1FLVL0061,0,0.0,0.0,0.0,False
2021-09-27,US1FLVL0062,0,0.0,0.0,0.0,False
2021-09-27,US1FLVL0063,0,0.0,0.0,0.0,False
2021-09-27,US1FLVL0070,0,0.0,0.0,0.0,False
2021-09-27,US1FLVL0071,0,0.0,0.0,0.0,False
2021-09-27,US1FLVL0073,0,0.0,0.0,0.0,False
2021-09-27,US1FLVL0075,0,0.0,0.0,0.0,False
2021-09-27,US1FLVL0081,0,0.0,0.0,0.0,False
2021-09-27,US1FLVL0083,0,0.0,0.0,0.0,False
2021-09-27,US1FLVL0084,0,0.0,0.0,0.0,False
2021-09-27,US1FLVL0086,0,0.0,0.0,0.0,False
2021-09-27,US1FLVL0087,0,0.0,0.0,0.0,False
2021-09-27,US1FLVL0089,0,0.0,0.0,0.0,False
2021-09-27,US1FLVL0090,0,0.0,0.0,0.0,False
2021-09-27,US1FLVL0091,0,0.0,0.0,0.0,False
2021-09-27,US1FLVL0099,0,0.0,0.0,0.0,False
2021-09-27,US1FLVL0103,0,0.0,0.0,0.0,False
2021-09-27,US1FLVL0105,0,0.0,0.0,0.0,False
2021-09-27,US1GAAP0005,0,0.0,0.0,0.0,False
2021-09-27,US1GAAP0006,0,0.0,0.0,0.0,False
2021-09-27,US1GAAP0007,0,0.0,0.0,0.0,False
2021-09-27,US1GABB0016,0,0.0,0.0,0.0,False
2021-09-27,US1GABB0019,0,0.0,0.0,0.0,False
2021-09-27,US1GABD0001,0,0.13,-0.13,-7.9,True
2021-09-27,US1GABD0005,0,0.12,-0.12,-7.38,True
2021-09-27,US1GABR0002,0,0.0,0.0,0.0,False
2021-09-27,US1GABR0005,0,0.0,0.0,0.0,False
2021-09-27,US1GABR0009,0,0.0,0.0,0.0,False
2021-09-27,US1GABU0013,0,0.0,0.0,0.0,False
2021-09-27,US1GABU0016,0,0.0,0.0,0.0,False
2021-09-27,US1GABU0021,0,0.0,0.0,0.0,False
2021-09-27,US1GABY0001,0,0.0,0.0,0.0,False
2021-09-27,US1GACF0001,0,0.0,0.0,0.0,False
2021-09-27,US1GACH0006,0,0.0,0.0,0.0,False
2021-09-27,US1GACI0003,0,0.0,0.0,0.0,False
2021-09-27,US1GACK0006,0,0.12,-0.12,-7.54,True
2021-09-27,US1GACK0010,0,0.13,-0.13,-7.83,True
2021-09-27,US1GACK0011,0,0.2,-0.2,-11.98,True
2021-09-27,US1GACK0012,0,0.15,-0.15,-9.16,True
2021-09-27,US1GACK0017,0,0.16,-0.16,-9.77,True
2021-09-27,US1GACK0030,0,0.21,-0.21,-12.49,True
2021-09-27,US1GACK0038,0,0.13,-0.13,-8.16,True
2021-09-27,US1GACM0014,0,0.0,0.0,0.0,False
2021-09-27,US1GACM0018,0,0.0,0.0,0.0,False
2021-09-27,US1GACM0019,0,0.0,0.0,0.0,False
2021-09-27,US1GACM0020,0,0.0,0.0,0.0,False
2021-09-27,US1GACM0021,0,0.0,0.0,0.0,False
2021-09-27,US1GACO0003,0,0.0,0.0,0.0,False
2021-09-27,US1GACQ0002,0,0.0,0.0,0.0,False
2021-09-27,US1GACQ0012,0,0.0,0.0,0.0,False
2021-09-27,US1GACQ0013,0,0.0,0.0,0.0,False
2021-09-27,US1GACT0001,0,0.0,0.0,0.0,False
2021-09-27,US1GACT0003,0,0.0,0.0,0.0,False
2021-09-27,US1GACT0019,0,0.0,0.0,0.0,False
2021-09-27,US1GACT0036,0,0.0,0.0,0.0,False
2021-09-27,US1GACT0037,0,0.0,0.0,0.0,False
2021-09-27,US1GACT0038,0,0.0,0.0,0.0,False
2021-09-27,US1GACT0040,0,0.0,0.0,0.0,False
2021-09-27,US1GACT0055,0,0.0,0.0,0.0,False
2021-09-27,US1GACT0057,0,0.0,0.0,0.0,False
2021-09-27,US1GACT0060,0,0.0,0.0,0.0,False
2021-09-27,US1GACT0061,0,0.0,0.0,0.0,False
2021-09-27,US1GACT0064,0,0.0,0.0,0.0,False
2021-09-27,US1GACT0067,0,0.0,0.0,0.0,False
2021-09-27,US1GACT0077,0,0.0,0.0,0.0,False
2021-09-27,US1GACT0079,0,0.0,0.0,0.0,False
2021-09-27,US1GACT0089,0,0.0,0.0,0.0,False
2021-09-27,US1GACT0098,0,0.0,0.0,0.0,False
2021-09-27,US1GACT0099,0,0.0,0.0,0.0,False
2021-09-27,US1GACU0001,0,0.0,0.0,0.0,False
2021-09-27,US1GACU0003,0,0.04,-0.04,-2.27,False
2021-09-27,US1GACU0006,0,0.0,0.0,0.0,False
2021-09-27,US1GACU0009,0,0.06,-0.06,-3.4,False
2021-09-27,US1GACU0011,0,0.05,-0.05,-3.14,False
2021-09-27,US1GACU0013,0,0.04,-0.04,-2.2,False
2021-09-27,US1GACU0014,0,0.05,-0.05,-2.98,False
2021-09-27,US1GACU0021,0,0.0,0.0,0.0,False
2021-09-27,US1GADG0004,0,0.0,0.0,0.0,False
2021-09-27,US1GADG0009,0,0.0,0.0,0.0,False
2021-09-27,US1GAEF0013,0,0.0,0.0,0.0,False
2021-09-27,US1GAEF0017,0,0.0,0.0,0.0,False
2021-09-27,US1GAEF0018,0,0.0,0.0,0.0,False
2021-09-27,US1GAEF0021,0,0.0,0.0,0.0,False
2021-09-27,US1GAEF0022,0,0.0,0.0,0.0,False
2021-09-27,US1GAEM0004,0,0.0,0.0,0.0,False
2021-09-27,US1GAEM0005,0,0.0,0.0,0.0,False
2021-09-27,US1GAEV0001,0,0.0,0.0,0.0,False
2021-09-27,US1GAEV0005,0,0.0,0.0,0.0,False
2021-09-27,US1GAGE0001,0,0.18,-0.18,-10.74,True
2021-09-27,US1GAGE0005,0,0.21,-0.21,-12.55,True
2021-09-27,US1GAGN0005,0,0.0,0.0,0.0,False
2021-09-27,US1GAGN0007,0,0.0,0.0,0.0,False
2021-09-27,US1GAGW0050,0,0.13,-0.13,-7.9,True
2021-09-27,US1GAGW0065,0,0.12,-0.12,-7.55,True
2021-09-27,US1GAHS0003,0,0.0,0.0,0.0,False
2021-09-27,US1GAHS0005,0,0.0,0.0,0.0,False
2021-09-27,US1GAHS0011,0,0.0,0.0,0.0,False
2021-09-27,US1GAHS0016,0,0.0,0.0,0.0,False
2021-09-27,US1GAHS0024,0,0.0,0.0,0.0,False
2021-09-27,US1GAHS0027,0,0.0,0.0,0.0,False
2021-09-27,US1GAJN0006,0,0.0,0.0,0.0,False
2021-09-27,US1GAJN0007,0,0.0,0.0,0.0,False
2021-09-27,US1GALB0004,0,0.0,0.0,0.0,False
2021-09-27,US1GALB0006,0,0.0,0.0,0.0,False
2021-09-27,US1GALB0010,0,0.0,0.0,0.0,False
2021-09-27,US1GALB0011,0,0.0,0.0,0.0,False
2021-09-27,US1GALC0002,0,0.19,-0.19,-11.44,True
2021-09-27,US1GALR0001,0,0.0,0.0,0.0,False
2021-09-27,US1GALW0004,0,0.0,0.0,0.0,False
2021-09-27,US1GALW0007,0,0.0,0.0,0.0,False
2021-09-27,US1GALW0008,0,0.0,0.0,0.0,False
2021-09-27,US1GALW0024,0,0.0,0.0,0.0,False
2021-09-27,US1GAMD0001,0,0.04,-0.04,-2.25,False
2021-09-27,US1GAMD0005,0,0.04,-0.04,-2.27,False
2021-09-27,US1GAMI0001,0,0.0,0.0,0.0,False
2021-09-27,US1GAMI0005,0,0.0,0.0,0.0,False
2021-09-27,US1GAMN0007,0,0.0,0.0,0.0,False
2021-09-27,US1GAMN0010,0,0.0,0.0,0.0,False
2021-09-27,US1GANW0001,0,0.15,-0.15,-9.05,True
2021-09-27,US1GANW0007,0,0.15,-0.15,-9.21,True
2021-09-27,US1GAOC0001,0,0.12,-0.12,-7.24,True
2021-09-27,US1GAOC0002,0,0.13,-0.13,-7.73,True
2021-09-27,US1GAOC0005,0,0.12,-0.12,-7.05,True
2021-09-27,US1GAOC0009,0,0.13,-0.13,-7.62,True
2021-09-27,US1GAOC0012,0,0.14,-0.14,-8.21,True
2021-09-27,US1GAOC0014,0,0.07,-0.07,-4.18,True
2021-09-27,US1GAOC0016,0,0.07,-0.07,-4.15,True
2021-09-27,US1GAOC0018,0,0.14,-0.14,-8.6,True
2021-09-27,US1GAOG0002,0,0.47,-0.47,-28.8,True
2021-09-27,US1GAOG0005,0,0.41,-0.41,-25.02,True
2021-09-27,US1GAOG0007,0,0.78,-0.78,-47.39,True
2021-09-27,US1GAOG0012,0,0.35,-0.35,-21.36,True
2021-09-27,US1GAOG0015,0,0.38,-0.38,-23.38,True
2021-09-27,US1GAOG0029,10,0.0,10.0,608.26,True
2021-09-27,US1GAPE0001,0,0.0,0.0,0.0,False
2021-09-27,US1GAPE0003,0,0.0,0.0,0.0,False
2021-09-27,US1GARC0009,0,0.0,0.0,0.0,False
2021-09-27,US1GARC0012,0,0.0,0.0,0.0,False
2021-09-27,US1GARC0019,0,0.0,0.0,0.0,False
2021-09-27,US1GASV0005,0,0.0,0.0,0.0,False
2021-09-27,US1GASV0007,0,0.0,0.0,0.0,False
2021-09-27,US1GASV0008,0,0.0,0.0,0.0,False
2021-09-27,US1GATE0004,0,0.0,0.0,0.0,False
2021-09-27,US1GATF0003,0,0.0,0.0,0.0,False
2021-09-27,US1GATF0007,0,0.0,0.0,0.0,False
2021-09-27,US1GATG0001,0,0.0,0.0,0.0,False
2021-09-27,US1GATH0002,0,0.0,0.0,0.0,False
2021-09-27,US1GATH0004,0,0.0,0.0,0.0,False
2021-09-27,US1GATN0004,0,0.0,0.0,0.0,False
2021-09-27,US1GAWL0001,0,0.14,-0.14,-8.29,True
2021-09-27,US1GAWL0012,0,0.14,-0.14,-8.44,True
2021-09-27,US1GAWL0022,0,0.12,-0.12,-7.21,True
2021-09-27,US1GAWL0024,0,0.15,-0.15,-9.24,True
2021-09-27,US1GAWN0001,0,0.12,-0.12,-7.13,True
2021-09-27,US1GAWR0005,0,0.0,0.0,0.0,False
2021-09-27,US1GAWS0001,0,0.17,-0.17,-10.09,True
2021-09-27,US1GAWT0003,0,0.0,0.0,0.0,False
2021-09-27,US1GAWY0007,0,0.0,0.0,0.0,False
2021-09-27,US1NCBR0001,0,0.0,0.0,0.0,False
2021-09-27,US1NCBR0006,0,0.0,0.0,0.0,False
2021-09-27,US1NCBR0104,0,0.0,0.0,0.0,False
2021-09-27,US1NCBR0105,0,0.0,0.0,0.0,False
2021-09-27,US1SCAK0014,0,0.01,-0.01,-0.67,False
2021-09-27,US1SCAK0023,0,0.01,-0.01,-0.53,False
2021-09-27,US1SCAK0027,0,0.02,-0.02,-1.09,False
2021-09-27,US1SCAK0031,0,0.01,-0.01,-0.46,False
2021-09-27,US1SCAK0032,0,0.01,-0.01,-0.42,False
2021-09-27,US1SCAK0033,0,0.02,-0.02,-0.97,False
2021-09-27,US1SCAK0039,0,0.0,0.0,0.0,False
2021-09-27,US1SCAK0046,0,0.01,-0.01,-0.7,False
2021-09-27,US1SCAK0051,0,0.01,-0.01,-0.7,False
2021-09-27,US1SCAK0053,0,0.01,-0.01,-0.52,False
2021-09-27,US1SCAK0057,0,0.01,-0.01,-0.47,False
2021-09-27,US1SCAK0060,0,0.04,-0.04,-2.43,False
2021-09-27,US1SCAK0069,0,0.01,-0.01,-0.5,False
2021-09-27,US1SCAK0073,0,0.06,-0.06,-3.64,True
2021-09-27,US1SCAK0074,0,0.01,-0.01,-0.48,False
2021-09-27,US1SCAK0083,0,0.06,-0.06,-3.37,False
2021-09-27,US1SCAK0097,0,0.05,-0.05,-2.85,False
2021-09-27,US1SCAK0101,0,0.01,-0.01,-0.67,False
2021-09-27,US1SCAL0002,0,0.0,0.0,0.0,False
2021-09-27,US1SCBF0002,0,0.0,0.0,0.0,False
2021-09-27,US1SCBF0010,0,0.0,0.0,0.0,False
2021-09-27,US1SCBF0022,0,0.0,0.0,0.0,False
2021-09-27,US1SCBF0032,0,0.0,0.0,0.0,False
2021-09-27,US1SCBF0036,0,0.0,0.0,0.0,False
2021-09-27,US1SCBF0037,0,0.0,0.0,0.0,False
2021-09-27,US1SCBF0053,0,0.0,0.0,0.0,False
2021-09-27,US1SCBF0055,0,0.0,0.0,0.0,False
2021-09-27,US1SCBF0059,0,0.0,0.0,0.0,False
2021-09-27,US1SCBF0066,0,0.0,0.0,0.0,False
2021-09-27,US1SCBF0091,0,0.0,0.0,0.0,False
2021-09-27,US1SCBF0092,0,0.0,0.0,0.0,False
2021-09-27,US1SCBF0093,0,0.0,0.0,0.0,False
2021-09-27,US1SCBF0096,0,0.0,0.0,0.0,False
2021-09-27,US1SCBF0097,0,0.0,0.0,0.0,False
2021-09-27,US1SCBF0098,0,0.0,0.0,0.0,False
2021-09-27,US1SCBF0099,0,0.0,0.0,0.0,False
2021-09-27,US1SCBF0100,0,0.0,0.0,0.0,False
2021-09-27,US1SCBF0104,0,0.0,0.0,0.0,False
2021-09-27,US1SCBF0111,0,0.0,0.0,0.0,False
2021-09-27,US1SCBF0112,0,0.0,0.0,0.0,False
2021-09-27,US1SCBK0017,0,0.01,-0.01,-0.9,False
2021-09-27,US1SCBK0038,0,0.03,-0.03,-1.76,False
2021-09-27,US1SCBK0046,0,0.02,-0.02,-1.24,False
2021-09-27,US1SCBK0048,0,0.0,0.0,0.0,False
2021-09-27,US1SCBK0055,0,0.02,-0.02,-1.29,False
2021-09-27,US1SCBK0056,0,0.03,-0.03,-1.62,False
2021-09-27,US1SCBK0059,0,0.05,-0.05,-3.31,False
2021-09-27,US1SCBK0061,0,0.0,0.0,0.0,False
2021-09-27,US1SCBK0065,0,0.02,-0.02,-0.99,False
2021-09-27,US1SCBK0079,0,0.0,0.0,0.0,False
2021-09-27,US1SCBK0081,0,0.03,-0.03,-1.72,False
2021-09-27,US1SCBK0082,0,0.02,-0.02,-1.46,False
2021-09-27,US1SCBK0085,0,0.0,0.0,0.0,False
2021-09-27,US1SCBM0001,0,0.06,-0.06,-3.5,False
2021-09-27,US1SCBM0006,0,0.01,-0.01,-0.75,False
2021-09-27,US1SCBW0003,0,0.02,-0.02,-0.99,False
2021-09-27,US1SCBW0006,0,0.02,-0.02,-0.97,False
2021-09-27,US1SCCA0002,0,0.12,-0.12,-7.28,True
2021-09-27,US1SCCA0016,0,0.12,-0.12,-7.05,True
2021-09-27,US1SCCA0020,0,0.17,-0.17,-10.08,True
2021-09-27,US1SCCD0006,0,0.17,-0.17,-10.51,True
2021-09-27,US1SCCD0017,0,0.1,-0.1,-5.92,True
2021-09-27,US1SCCD0019,0,0.12,-0.12,-7.37,True
2021-09-27,US1SCCL0003,0,0.0,0.0,0.0,False
2021-09-27,US1SCCL0005,0,0.03,-0.03,-1.94,False
2021-09-27,US1SCCL0009,0,0.0,0.0,0.0,False
2021-09-27,US1SCCL0014,0,0.0,0.0,0.0,False
2021-09-27,US1SCCL0016,0,0.0,0.0,0.0,False
2021-09-27,US1SCCL0028,0,0.03,-0.03,-1.84,False
2021-09-27,US1SCCR0010,0,0.0,0.0,0.0,False
2021-09-27,US1SCCR0013,0,0.0,0.0,0.0,False
2021-09-27,US1SCCR0022,0,0.0,0.0,0.0,False
2021-09-27,US1SCCR0026,0,0.0,0.0,0.0,False
2021-09-27,US1SCCR0030,0,0.0,0.0,0.0,False
2021-09-27,US1SCCR0032,0,0.0,0.0,0.0,False
2021-09-27,US1SCCR0033,0,0.0,0.0,0.0,False
2021-09-27,US1SCCR0034,0,0.0,0.0,0.0,False
2021-09-27,US1SCCR0042,0,0.0,0.0,0.0,False
2021-09-27,US1SCCR0049,0,0.0,0.0,0.0,False
2021-09-27,US1SCCR0060,0,0.0,0.0,0.0,False
2021-09-27,US1SCCR0069,0,0.0,0.0,0.0,False
2021-09-27,US1SCCR0074,0,0.0,0.0,0.0,False
2021-09-27,US1SCCR0078,0,0.0,0.0,0.0,False
2021-09-27,US1SCCR0087,0,0.0,0.0,0.0,False
2021-09-27,US1SCCR0092,0,0.0,0.0,0.0,False
2021-09-27,US1SCCR0096,0,0.0,0.0,0.0,False
2021-09-27,US1SCCR0097,0,0.0,0.0,0.0,False
2021-09-27,US1SCCR0098,0,0.0,0.0,0.0,False
2021-09-27,US1SCCR0099,0,0.0,0.0,0.0,False
2021-09-27,US1SCCR0105,0,0.0,0.0,0.0,False
2021-09-27,US1SCCR0112,0,0.0,0.0,0.0,False
2021-09-27,US1SCCR0113,0,0.0,0.0,0.0,False
2021-09-27,US1SCCR0115,0,0.0,0.0,0.0,False
2021-09-27,US1SCCR0116,0,0.0,0.0,0.0,False
2021-09-27,US1SCCR0123,0,0.0,0.0,0.0,False
2021-09-27,US1SCCR0131,0,0.0,0.0,0.0,False
2021-09-27,US1SCCR0138,0,0.0,0.0,0.0,False
2021-09-27,US1SCCR0142,0,0.0,0.0,0.0,False
2021-09-27,US1SCCR0144,0,0.0,0.0,0.0,False
2021-09-27,US1SCCR0146,0,0.0,0.0,0.0,False
2021-09-27,US1SCCR0148,0,0.0,0.0,0.0,False
2021-09-27,US1SCCR0149,0,0.01,-0.01,-0.85,False
2021-09-27,US1SCCR0151,0,0.0,0.0,0.0,False
2021-09-27,US1SCCR0153,0,0.0,0.0,0.0,False
2021-09-27,US1SCCR0154,0,0.0,0.0,0.0,False
2021-09-27,US1SCCR0155,0,0.0,0.0,0.0,False
2021-09-27,US1SCCR0161,0,0.0,0.0,0.0,False
2021-09-27,US1SCCR0162,0,0.0,0.0,0.0,False
2021-09-27,US1SCCR0164,0,0.0,0.0,0.0,False
2021-09-27,US1SCCR0166,0,0.0,0.0,0.0,False
2021-09-27,US1SCCR0178,0,0.0,0.0,0.0,False
2021-09-27,US1SCCR0183,0,0.0,0.0,0.0,False
2021-09-27,US1SCCR0187,0,0.0,0.0,0.0,False
2021-09-27,US1SCCR0189,0,0.0,0.0,0.0,False
2021-09-27,US1SCCR0194,0,0.0,0.0,0.0,False
2021-09-27,US1SCCR0197,0,0.0,0.0,0.0,False
2021-09-27,US1SCCR0199,0,0.0,0.0,0.0,False
2021-09-27,US1SCCR0204,0,0.0,0.0,0.0,False
2021-09-27,US1SCCR0205,0,0.0,0.0,0.0,False
2021-09-27,US1SCCR0210,0,0.0,0.0,0.0,False
2021-09-27,US1SCCR0212,0,0.0,0.0,0.0,False
2021-09-27,US1SCCR0214,0,0.0,0.0,0.0,False
2021-09-27,US1SCCR0217,0,0.0,0.0,0.0,False
2021-09-27,US1SCCR0218,0,0.0,0.0,0.0,False
2021-09-27,US1SCCR0221,0,0.0,0.0,0.0,False
2021-09-27,US1SCCR0227,0,0.0,0.0,0.0,False
2021-09-27,US1SCCR0228,0,0.0,0.0,0.0,False
2021-09-27,US1SCCR0231,0,0.0,0.0,0.0,False
2021-09-27,US1SCCR0238,0,0.0,0.0,0.0,False
2021-09-27,US1SCCR0241,0,0.0,0.0,0.0,False
2021-09-27,US1SCCR0242,0,0.0,0.0,0.0,False
2021-09-27,US1SCCR0243,0,0.0,0.0,0.0,False
2021-09-27,US1SCDC0003,0,0.0,0.0,0.0,False
2021-09-27,US1SCDC0018,0,0.05,-0.05,-2.97,False
2021-09-27,US1SCDC0036,0,0.01,-0.01,-0.65,False
2021-09-27,US1SCDC0041,0,0.01,-0.01,-0.9,False
2021-09-27,US1SCDC0042,0,0.02,-0.02,-0.99,False
2021-09-27,US1SCDC0056,0,0.01,-0.01,-0.83,False
2021-09-27,US1SCDC0057,0,0.0,0.0,0.0,False
2021-09-27,US1SCDC0062,0,0.01,-0.01,-0.77,False
2021-09-27,US1SCDC0067,0,0.0,0.0,0.0,False
2021-09-27,US1SCDC0069,0,0.03,-0.03,-1.61,False
2021-09-27,US1SCDC0075,0,0.01,-0.01,-0.62,False
2021-09-27,US1SCDC0076,0,0.01,-0.01,-0.68,False
2021-09-27,US1SCDC0084,0,0.01,-0.01,-0.61,False
2021-09-27,US1SCDC0086,0,0.01,-0.01,-0.71,False
2021-09-27,US1SCDC0087,0,0.01,-0.01,-0.8,False
2021-09-27,US1SCED0002,0,0.01,-0.01,-0.72,False
2021-09-27,US1SCED0013,0,0.01,-0.01,-0.72,False
2021-09-27,US1SCED0016,0,0.02,-0.02,-1.13,False
2021-09-27,US1SCGT0004,0,0.0,0.0,0.0,False
2021-09-27,US1SCGT0011,0,0.0,0.0,0.0,False
2021-09-27,US1SCGT0019,0,0.0,0.0,0.0,False
2021-09-27,US1SCGT0024,0,0.0,0.0,0.0,False
2021-09-27,US1SCGT0036,0,0.0,0.0,0.0,False
2021-09-27,US1SCGT0044,0,0.05,-0.05,-2.97,False
2021-09-27,US1SCGT0046,0,0.0,0.0,0.0,False
2021-09-27,US1SCHM0007,0,0.0,0.0,0.0,False
2021-09-27,US1SCHM0021,0,0.0,0.0,0.0,False
2021-09-27,US1SCHR0020,0,0.0,0.0,0.0,False
2021-09-27,US1SCHR0039,0,0.0,0.0,0.0,False
2021-09-27,US1SCHR0046,0,0.0,0.0,0.0,False
2021-09-27,US1SCHR0061,0,0.0,0.0,0.0,False
2021-09-27,US1SCHR0063,0,0.0,0.0,0.0,False
2021-09-27,US1SCHR0064,0,0.0,0.0,0.0,False
2021-09-27,US1SCHR0065,0,0.0,0.0,0.0,False
2021-09-27,US1SCHR0067,0,0.0,0.0,0.0,False
2021-09-27,US1SCHR0073,0,0.0,0.0,0.0,False
2021-09-27,US1SCHR0075,0,0.0,0.0,0.0,False
2021-09-27,US1SCHR0106,0,0.0,0.0,0.0,False
2021-09-27,US1SCHR0119,0,0.0,0.0,0.0,False
2021-09-27,US1SCHR0122,0,0.0,0.0,0.0,False
2021-09-27,US1SCHR0123,0,0.0,0.0,0.0,False
2021-09-27,US1SCHR0125,0,0.0,0.0,0.0,False
2021-09-27,US1SCHR0126,0,0.0,0.0,0.0,False
2021-09-27,US1SCHR0136,0,0.0,0.0,0.0,False
2021-09-27,US1SCJS0003,0,0.0,0.0,0.0,False
2021-09-27,US1SCJS0009,0,0.0,0.0,0.0,False
2021-09-27,US1SCLX0005,0,0.08,-0.08,-4.64,True
2021-09-27,US1SCLX0022,0,0.07,-0.07,-4.05,True
2021-09-27,US1SCLX0031,0,0.09,-0.09,-5.27,True
2021-09-27,US1SCLX0069,0,0.07,-0.07,-4.0,True
2021-09-27,US1SCLX0093,0,0.07,-0.07,-4.24,True
2021-09-27,US1SCLX0096,0,0.19,-0.19,-11.54,True
2021-09-27,US1SCLX0097,0,0.11,-0.11,-6.76,True
2021-09-27,US1SCLX0098,0,0.1,-0.1,-5.93,True
2021-09-27,US1SCLX0122,0,0.06,-0.06,-3.94,True
2021-09-27,US1SCLX0127,0,0.03,-0.03,-1.52,False
2021-09-27,US1SCLX0137,0,0.1,-0.1,-6.32,True
2021-09-27,US1SCLX0154,0,0.04,-0.04,-2.55,False
2021-09-27,US1SCLX0169,0,0.13,-0.13,-7.7,True
2021-09-27,US1SCLX0173,0,0.33,-0.33,-20.05,True
2021-09-27,US1SCLX0184,0,0.08,-0.08,-5.03,True
2021-09-27,US1SCLX0185,0,0.06,-0.06,-3.84,True
2021-09-27,US1SCMC0005,0,0.08,-0.08,-4.61,True
2021-09-27,US1SCMC0008,0,0.05,-0.05,-3.31,False
2021-09-27,US1SCOR0017,0,0.08,-0.08,-4.69,True
2021-09-27,US1SCOR0022,0,0.08,-0.08,-4.66,True
2021-09-27,US1SCOR0025,0,0.07,-0.07,-4.23,True
2021-09-27,US1SCOR0041,0,0.1,-0.1,-6.2,True
2021-09-27,US1SCOR0048,0,0.09,-0.09,-5.19,True
2021-09-27,US1SCOR0049,0,0.09,-0.09,-5.42,True
2021-09-27,US1SCRC0030,0,0.18,-0.18,-10.82,True
2021-09-27,US1SCRC0042,0,0.28,-0.28,-17.26,True
2021-09-27,US1SCRC0122,0,0.35,-0.35,-21.34,True
2021-09-27,US1SCRC0123,0,0.19,-0.19,-11.57,True
2021-09-27,US1SCSL0002,0,0.02,-0.02,-1.35,False
2021-09-27,US1SCSL0010,0,0.02,-0.02,-1.42,False
2021-09-27,US1SCSM0010,0,0.15,-0.15,-9.29,True
2021-09-27,US1SCSM0013,0,0.15,-0.15,-9.22,True
2021-09-27,US1SCSM0020,0,0.43,-0.43,-26.29,True
2021-09-27,US1SCSM0026,0,0.25,-0.25,-15.24,True
2021-09-27,US1SCSM0030,0,0.24,-0.24,-14.89,True
2021-09-27,US1SCSM0035,8,0.03,7.97,485.02,True
2021-09-27,US1SCSM0041,0,0.3,-0.3,-18.49,True
2021-09-27,US1SCWL0002,0,0.13,-0.13,-7.81,True
2021-09-27,USC00080236,0,20.89,-20.89,-1270.97,True
2021-09-27,USC00080369,18,20.25,-2.25,-136.7,True
2021-09-27,USC00080478,0,15.41,-15.41,-937.35,True
2021-09-27,USC00080737,0,4.38,-4.38,-266.28,True
2021-09-27,USC00080945,0,23.83,-23.83,-1449.35,True
2021-09-27,USC00081641,0,3.73,-3.73,-226.95,True
2021-09-27,USC00082008,0,0.0,0.0,0.0,False
2021-09-27,USC00082150,0,0.0,0.0,0.0,False
2021-09-27,USC00082229,0,0.0,0.0,0.0,False
2021-09-27,USC00082298,0,2.97,-2.97,-180.75,True
2021-09-27,USC00083153,0,28.15,-28.15,-1712.1,True
2021-09-27,USC00083163,0,2.26,-2.26,-137.69,True
2021-09-27,USC00083207,0,0.06,-0.06,-3.73,True
2021-09-27,USC00083209,0,0.07,-0.07,-4.11,True
2021-09-27,USC00083874,0,0.0,0.0,0.0,False
2021-09-27,USC00083986,0,10.71,-10.71,-651.44,True
2021-09-27,USC00084050,0,2.69,-2.69,-163.51,True
2021-09-27,USC00084289,0,0.9,-0.9,-54.92,True
2021-09-27,USC00084366,0,0.0,0.0,0.0,False
2021-09-27,USC00084461,0,1.17,-1.17,-71.41,True
2021-09-27,USC00084500,0,0.16,-0.16,-9.75,True
2021-09-27,USC00084621,0,0.29,-0.29,-17.48,True
2021-09-27,USC00084625,0,2.01,-2.01,-122.33,True
2021-09-27,USC00084731,0,0.0,0.0,0.0,False
2021-09-27,USC00084802,0,9.91,-9.91,-602.77,True
2021-09-27,USC00085076,0,0.0,0.0,0.0,False
2021-09-27,USC00085099,0,0.0,0.0,0.0,False
2021-09-27,USC00085184,5,1.91,3.09,187.86,True
2021-09-27,USC00085539,0,0.0,0.0,0.0,False
2021-09-27,USC00085612,0,0.0,0.0,0.0,False
2021-09-27,USC00085880,0,0.0,0.0,0.0,False
2021-09-27,USC00085973,0,6.95,-6.95,-422.51,True
2021-09-27,USC00086048,0,20.79,-20.79,-1264.38,True
2021-09-27,USC00086065,3,50.29,-47.29,-2876.75,True
2021-09-27,USC00086092,0,0.23,-0.23,-13.88,True
2021-09-27,USC00086634,0,0.55,-0.55,-33.48,True
2021-09-27,USC00086761,0,0.06,-0.06,-3.4,False
2021-09-27,USC00086764,0,1.25,-1.25,-76.22,True
2021-09-27,USC00087025,0,0.0,0.0,0.0,False
2021-09-27,USC00087205,0,12.99,-12.99,-789.99,True
2021-09-27,USC00087228,0,0.0,0.0,0.0,False
2021-09-27,USC00087261,0,0.0,0.0,0.0,False
2021-09-27,USC00087304,0,0.57,-0.57,-34.46,True
2021-09-27,USC00087397,5,24.0,-19.0,-1155.45,True
2021-09-27,USC00087851,0,6.53,-6.53,-396.99,True
2021-09-27,USC00087982,0,0.0,0.0,0.0,False
2021-09-27,USC00088051,0,0.0,0.0,0.0,False
2021-09-27,USC00088368,64,1.56,62.44,3798.2,True
2021-09-27,USC00088620,0,0.26,-0.26,-16.11,True
2021-09-27,USC00088782,0,15.95,-15.95,-970.25,True
2021-09-27,USC00088824,0,9.32,-9.32,-566.92,True
2021-09-27,USC00088942,0,0.0,0.0,0.0,False
2021-09-27,USC00089120,0,0.0,0.0,0.0,False
2021-09-27,USC00089176,0,55.31,-55.31,-3364.3,True
2021-09-27,USC00089219,0,0.03,-0.03,-1.71,False
2021-09-27,USC00089401,0,25.15,-25.15,-1529.64,True
2021-09-27,USC00090311,0,0.07,-0.07,-4.03,True
2021-09-27,USC00091266,0,0.0,0.0,0.0,False
2021-09-27,USC00092266,0,0.0,0.0,0.0,False
2021-09-27,USC00092844,0,0.0,0.0,0.0,False
2021-09-27,USC00092966,0,0.0,0.0,0.0,False
2021-09-27,USC00093538,0,0.0,0.0,0.0,False
2021-09-27,USC00093754,0,0.0,0.0,0.0,False
2021-09-27,USC00094170,0,0.0,0.0,0.0,False
2021-09-27,USC00094862,0,0.0,0.0,0.0,False
2021-09-27,USC00095204,0,0.11,-0.11,-6.46,True
2021-09-27,USC00095205,0,0.1,-0.1,-6.07,True
2021-09-27,USC00095314,0,0.0,0.0,0.0,False
2021-09-27,USC00095988,0,0.14,-0.14,-8.52,True
2021-09-27,USC00096087,0,0.0,0.0,0.0,False
2021-09-27,USC00096126,0,0.0,0.0,0.0,False
2021-09-27,USC00097528,0,0.0,0.0,0.0,False
2021-09-27,USC00097777,0,0.0,0.0,0.0,False
2021-09-27,USC00097808,0,0.0,0.0,0.0,False
2021-09-27,USC00098677,0,0.07,-0.07,-4.11,True
2021-09-27,USC00098703,0,0.0,0.0,0.0,False
2021-09-27,USC00099124,0,0.0,0.0,0.0,False
2021-09-27,USC00099194,0,0.0,0.0,0.0,False
2021-09-27,USC00099486,0,0.21,-0.21,-12.73,True
2021-09-27,USC00380072,0,0.01,-0.01,-0.61,False
2021-09-27,USC00380184,0,0.05,-0.05,-2.87,False
2021-09-27,USC00380448,0,0.06,-0.06,-3.5,True
2021-09-27,USC00380490,0,0.02,-0.02,-1.03,False
2021-09-27,USC00380506,0,0.03,-0.03,-1.63,False
2021-09-27,USC00381093,0,0.0,0.0,0.0,False
2021-09-27,USC00381241,0,0.14,-0.14,-8.48,True
2021-09-27,USC00381726,0,0.06,-0.06,-3.56,True
2021-09-27,USC00381944,3,0.04,2.96,180.23,True
2021-09-27,USC00383665,0,0.01,-0.01,-0.45,False
2021-09-27,USC00384205,0,0.06,-0.06,-3.74,True
2021-09-27,USC00384449,0,0.04,-0.04,-2.35,False
2021-09-27,USC00384607,0,0.02,-0.02,-1.06,False
2021-09-27,USC00384886,0,0.15,-0.15,-8.92,True
2021-09-27,USC00385493,0,0.2,-0.2,-12.31,True
2021-09-27,USC00385660,0,0.06,-0.06,-3.35,False
2021-09-27,USC00385946,0,0.03,-0.03,-1.97,False
2021-09-27,USC00386153,0,0.0,0.0,0.0,False
2021-09-27,USC00386527,0,0.07,-0.07,-4.35,True
2021-09-27,USC00386775,0,0.04,-0.04,-2.53,False
2021-09-27,USC00387631,0,0.03,-0.03,-1.58,False
2021-09-27,USC00388426,0,0.02,-0.02,-0.92,False
2021-09-27,USC00388440,0,0.35,-0.35,-21.32,True
2021-09-27,USC00388474,0,0.1,-0.1,-6.19,True
2021-09-27,USC00388879,0,0.04,-0.04,-2.4,False
2021-09-27,USC00388922,0,0.0,0.0,0.0,False
2021-09-27,USC00389469,0,0.0,0.0,0.0,False
2021-09-27,USW00003728,0,0.0,0.0,0.0,False
2021-09-27,USW00003813,0,0.0,0.0,0.0,False
2021-09-27,USW00003820,0,0.0,0.0,0.0,False
2021-09-27,USW00003822,0,0.0,0.0,0.0,False
2021-09-27,USW00003853,0,0.0,0.0,0.0,False
2021-09-27,USW00012812,0,26.49,-26.49,-1611.3,True
2021-09-27,USW00012815,0,0.06,-0.06,-3.51,True
2021-09-27,USW00012816,0,0.0,0.0,0.0,False
2021-09-27,USW00012818,0,5.45,-5.45,-331.27,True
2021-09-27,USW00012819,0,0.08,-0.08,-5.16,True
2021-09-27,USW00012833,0,0.0,0.0,0.0,False
2021-09-27,USW00012834,0,0.0,0.0,0.0,False
2021-09-27,USW00012835,0,25.85,-25.85,-1572.29,True
2021-09-27,USW00012838,0,0.0,0.0,0.0,False
2021-09-27,USW00012841,0,0.0,0.0,0.0,False
2021-09-27,USW00012842,0,16.97,-16.97,-1032.34,True
2021-09-27,USW00012843,0,0.03,-0.03,-1.64,False
2021-09-27,USW00012844,0,1.42,-1.42,-86.1,True
2021-09-27,USW00012849,0,2.36,-2.36,-143.84,True
2021-09-27,USW00012854,0,0.0,0.0,0.0,False
2021-09-27,USW00012861,0,0.0,0.0,0.0,False
2021-09-27,USW00012871,0,28.77,-28.77,-1750.11,True
2021-09-27,USW00012873,0,11.53,-11.53,-701.1,True
2021-09-27,USW00012876,0,6.56,-6.56,-399.32,True
2021-09-27,USW00012883,0,10.79,-10.79,-656.59,True
2021-09-27,USW00012885,0,3.18,-3.18,-193.44,True
2021-09-27,USW00012894,0,26.55,-26.55,-1614.93,True
2021-09-27,USW00012895,0,0.06,-0.06,-3.62,True
2021-09-27,USW00012897,0,2.62,-2.62,-159.26,True
2021-09-27,USW00013782,0,0.0,0.0,0.0,False
2021-09-27,USW00013837,0,0.0,0.0,0.0,False
2021-09-27,USW00013870,0,0.0,0.0,0.0,False
2021-09-27,USW00013873,0,0.15,-0.15,-9.05,True
2021-09-27,USW00013878,0,0.0,0.0,0.0,False
2021-09-27,USW00013880,0,0.0,0.0,0.0,False
2021-09-27,USW00013883,0,0.13,-0.13,-7.81,True
2021-09-27,USW00013889,0,0.0,0.0,0.0,False
2021-09-27,USW00053854,0,0.07,-0.07,-4.36,True
2021-09-27,USW00053860,0,0.0,0.0,0.0,False
2021-09-27,USW00053867,0,0.26,-0.26,-15.79,True
2021-09-27,USW00063803,0,0.13,-0.13,-7.68,True
2021-09-27,USW00063826,0,0.02,-0.02,-1.13,False
2021-09-27,USW00063850,0,0.16,-0.16,-9.76,True
2021-09-27,USW00063856,0,0.0,0.0,0.0,False
2021-09-27,USW00063890,0,0.0,0.0,0.0,False
2021-09-27,USW00092805,0,1.74,-1.74,-105.93,True
2021-09-27,USW00092806,0,20.17,-20.17,-1226.99,True
2021-09-27,USW00092814,0,0.0,0.0,0.0,False
2021-09-27,USW00092821,0,0.0,0.0,0.0,False
2021-09-27,USW00092827,0,21.94,-21.94,-1334.54,True
2021-09-27,USW00093718,0,0.0,0.0,0.0,False
2021-09-27,USW00093831,0,0.0,0.0,0.0,False
2021-09-27,USW00093837,0,0.0,0.0,0.0,False
2021-09-27,USW00093845,0,0.0,0.0,0.0,False
2021-09-28,US1FLAL0002,0,0.0,0.0,0.0,False
2021-09-28,US1FLAL0004,0,0.0,0.0,0.0,False
2021-09-28,US1FLAL0007,0,0.0,0.0,0.0,False
2021-09-28,US1FLAL0010,0,0.0,0.0,0.0,False
2021-09-28,US1FLAL0017,0,0.0,0.0,0.0,False
2021-09-28,US1FLAL0026,0,0.0,0.0,0.0,False
2021-09-28,US1FLAL0031,0,0.0,0.0,0.0,False
2021-09-28,US1FLAL0048,0,0.0,0.0,0.0,False
2021-09-28,US1FLAL0050,0,0.0,0.0,0.0,False
2021-09-28,US1FLAL0051,0,0.0,0.0,0.0,False
2021-09-28,US1FLAL0054,0,0.0,0.0,0.0,False
2021-09-28,US1FLAL0055,0,0.0,0.0,0.0,False
2021-09-28,US1FLAL0058,0,0.0,0.0,0.0,False
2021-09-28,US1FLAL0060,0,0.0,0.0,0.0,False
2021-09-28,US1FLAL0071,0,0.0,0.0,0.0,False
2021-09-28,US1FLAL0075,0,0.0,0.0,0.0,False
2021-09-28,US1FLAL0079,0,0.0,0.0,0.0,False
2021-09-28,US1FLAL0080,0,0.0,0.0,0.0,False
2021-09-28,US1FLAL0081,0,0.0,0.0,0.0,False
2021-09-28,US1FLAL0096,0,0.0,0.0,0.0,False
2021-09-28,US1FLBK0005,0,0.0,0.0,0.0,False
2021-09-28,US1FLBK0006,0,0.0,0.0,0.0,False
2021-09-28,US1FLBK0007,0,0.0,0.0,0.0,False
2021-09-28,US1FLBV0001,0,0.0,0.0,0.0,False
2021-09-28,US1FLBV0002,0,0.0,0.0,0.0,False
2021-09-28,US1FLBV0005,0,0.0,0.0,0.0,False
2021-09-28,US1FLBV0006,0,0.0,0.0,0.0,False
2021-09-28,US1FLBV0012,0,0.0,0.0,0.0,False
2021-09-28,US1FLBV0013,0,0.0,0.0,0.0,False
2021-09-28,US1FLBV0020,0,0.0,0.0,0.0,False
2021-09-28,US1FLBV0023,0,0.0,0.0,0.0,False
2021-09-28,US1FLBV0028,0,0.0,0.0,0.0,False
2021-09-28,US1FLBV0047,0,0.0,0.0,0.0,False
2021-09-28,US1FLBV0052,0,0.0,0.0,0.0,False
2021-09-28,US1FLBV0054,0,0.0,0.0,0.0,False
2021-09-28,US1FLBV0059,0,0.0,0.0,0.0,False
2021-09-28,US1FLBV0063,0,0.0,0.0,0.0,False
2021-09-28,US1FLBV0067,0,0.0,0.0,0.0,False
2021-09-28,US1FLBV0072,0,0.0,0.0,0.0,False
2021-09-28,US1FLBV0078,0,0.0,0.0,0.0,False
2021-09-28,US1FLBV0089,0,0.0,0.0,0.0,False
2021-09-28,US1FLBV0092,0,0.0,0.0,0.0,False
2021-09-28,US1FLBV0095,0,0.0,0.0,0.0,False
2021-09-28,US1FLBV0099,0,0.0,0.0,0.0,False
2021-09-28,US1FLBV0102,0,0.0,0.0,0.0,False
2021-09-28,US1FLBV0107,0,0.0,0.0,0.0,False
2021-09-28,US1FLBV0109,0,0.0,0.0,0.0,False
2021-09-28,US1FLBV0110,0,0.0,0.0,0.0,False
2021-09-28,US1FLBV0111,0,0.0,0.0,0.0,False
2021-09-28,US1FLBV0113,0,0.0,0.0,0.0,False
2021-09-28,US1FLBV0114,0,0.0,0.0,0.0,False
2021-09-28,US1FLBV0118,0,0.0,0.0,0.0,False
2021-09-28,US1FLBV0123,0,0.0,0.0,0.0,False
2021-09-28,US1FLBV0124,0,0.0,0.0,0.0,False
2021-09-28,US1FLBV0125,0,0.0,0.0,0.0,False
2021-09-28,US1FLBW0007,0,0.0,0.0,0.0,False
2021-09-28,US1FLBW0016,0,0.0,0.0,0.0,False
2021-09-28,US1FLBW0026,0,0.0,0.0,0.0,False
2021-09-28,US1FLBW0076,0,0.0,0.0,0.0,False
2021-09-28,US1FLBW0079,0,0.0,0.0,0.0,False
2021-09-28,US1FLBW0095,0,0.0,0.0,0.0,False
2021-09-28,US1FLBW0099,0,0.0,0.0,0.0,False
2021-09-28,US1FLBW0110,0,0.0,0.0,0.0,False
2021-09-28,US1FLBW0121,0,0.0,0.0,0.0,False
2021-09-28,US1FLBW0137,0,0.0,0.0,0.0,False
2021-09-28,US1FLBW0148,0,0.0,0.0,0.0,False
2021-09-28,US1FLBW0151,0,0.0,0.0,0.0,False
2021-09-28,US1FLBW0155,0,0.0,0.0,0.0,False
2021-09-28,US1FLBW0159,0,0.0,0.0,0.0,False
2021-09-28,US1FLBW0160,0,0.0,0.0,0.0,False
2021-09-28,US1FLBW0161,0,0.0,0.0,0.0,False
2021-09-28,US1FLBW0162,0,0.0,0.0,0.0,False
2021-09-28,US1FLBW0165,0,0.0,0.0,0.0,False
2021-09-28,US1FLBW0166,0,0.0,0.0,0.0,False
2021-09-28,US1FLBW0167,0,0.0,0.0,0.0,False
2021-09-28,US1FLCB0010,0,0.03,-0.03,-0.01,False
2021-09-28,US1FLCB0012,0,0.0,0.0,0.0,False
2021-09-28,US1FLCB0019,0,0.0,0.0,0.0,False
2021-09-28,US1FLCB0024,0,0.0,0.0,0.0,False
2021-09-28,US1FLCB0025,0,0.0,0.0,0.0,False
2021-09-28,US1FLCB0026,0,0.0,0.0,0.0,False
2021-09-28,US1FLCH0013,0,0.17,-0.17,-0.07,False
2021-09-28,US1FLCH0015,0,0.57,-0.57,-0.22,False
2021-09-28,US1FLCH0019,0,0.25,-0.25,-0.1,False
2021-09-28,US1FLCH0023,0,0.25,-0.25,-0.1,False
2021-09-28,US1FLCH0029,0,0.4,-0.4,-0.16,False
2021-09-28,US1FLCH0034,0,0.15,-0.15,-0.06,False
2021-09-28,US1FLCH0035,0,0.2,-0.2,-0.08,False
2021-09-28,US1FLCH0036,5,0.08,4.92,1.91,False
2021-09-28,US1FLCH0039,0,0.15,-0.15,-0.06,False
2021-09-28,US1FLCH0040,0,0.15,-0.15,-0.06,False
2021-09-28,US1FLCR0012,0,5.39,-5.39,-2.09,False
2021-09-28,US1FLCR0013,0,3.09,-3.09,-1.2,False
2021-09-28,US1FLCR0052,0,2.32,-2.32,-0.9,False
2021-09-28,US1FLCR0053,0,2.6,-2.6,-1.01,False
2021-09-28,US1FLCR0059,0,5.15,-5.15,-2.0,False
2021-09-28,US1FLCR0062,0,7.29,-7.29,-2.83,False
2021-09-28,US1FLCR0066,0,4.87,-4.87,-1.89,False
2021-09-28,US1FLCT0008,0,0.0,0.0,0.0,False
2021-09-28,US1FLCT0015,0,0.0,0.0,0.0,False
2021-09-28,US1FLCT0024,0,0.0,0.0,0.0,False
2021-09-28,US1FLCT0030,0,0.0,0.0,0.0,False
2021-09-28,US1FLCT0031,0,0.0,0.0,0.0,False
2021-09-28,US1FLCT0034,0,0.0,0.0,0.0,False
2021-09-28,US1FLCT0035,0,0.0,0.0,0.0,False
2021-09-28,US1FLCT0036,0,0.0,0.0,0.0,False
2021-09-28,US1FLCT0037,0,0.0,0.0,0.0,False
2021-09-28,US1FLCT0038,0,0.0,0.0,0.0,False
2021-09-28,US1FLCT0039,0,0.0,0.0,0.0,False
2021-09-28,US1FLCT0041,0,0.0,0.0,0.0,False
2021-09-28,US1FLCY0001,0,0.0,0.0,0.0,False
2021-09-28,US1FLCY0003,0,0.0,0.0,0.0,False
2021-09-28,US1FLCY0007,0,0.0,0.0,0.0,False
2021-09-28,US1FLCY0025,0,0.0,0.0,0.0,False
2021-09-28,US1FLCY0037,0,0.0,0.0,0.0,False
2021-09-28,US1FLCY0038,0,0.0,0.0,0.0,False
2021-09-28,US1FLCY0039,0,0.0,0.0,0.0,False
2021-09-28,US1FLCY0051,0,0.0,0.0,0.0,False
2021-09-28,US1FLCY0054,0,0.0,0.0,0.0,False
2021-09-28,US1FLCY0055,0,0.0,0.0,0.0,False
2021-09-28,US1FLDS0003,0,0.89,-0.89,-0.34,False
2021-09-28,US1FLDV0003,0,0.0,0.0,0.0,False
2021-09-28,US1FLDV0013,0,0.0,0.0,0.0,False
2021-09-28,US1FLDV0021,0,0.0,0.0,0.0,False
2021-09-28,US1FLDV0026,0,0.0,0.0,0.0,False
2021-09-28,US1FLDV0028,0,0.0,0.0,0.0,False
2021-09-28,US1FLDV0033,0,0.0,0.0,0.0,False
2021-09-28,US1FLDV0042,0,0.0,0.0,0.0,False
2021-09-28,US1FLDV0050,0,0.0,0.0,0.0,False
2021-09-28,US1FLDV0059,0,0.0,0.0,0.0,False
2021-09-28,US1FLDV0063,0,0.0,0.0,0.0,False
2021-09-28,US1FLDV0069,0,0.0,0.0,0.0,False
2021-09-28,US1FLDV0071,0,0.0,0.0,0.0,False
2021-09-28,US1FLDV0079,0,0.0,0.0,0.0,False
2021-09-28,US1FLDV0091,0,0.0,0.0,0.0,False
2021-09-28,US1FLDV0094,0,0.0,0.0,0.0,False
2021-09-28,US1FLDV0106,0,0.0,0.0,0.0,False
2021-09-28,US1FLDV0117,0,0.0,0.0,0.0,False
2021-09-28,US1FLDV0118,0,0.0,0.0,0.0,False
2021-09-28,US1FLDX0003,0,0.0,0.0,0.0,False
2021-09-28,US1FLFL0024,0,0.0,0.0,0.0,False
2021-09-28,US1FLFL0030,0,0.0,0.0,0.0,False
2021-09-28,US1FLFL0032,0,0.0,0.0,0.0,False
2021-09-28,US1FLFL0033,0,0.0,0.0,0.0,False
2021-09-28,US1FLFL0035,0,0.0,0.0,0.0,False
2021-09-28,US1FLFL0036,0,0.0,0.0,0.0,False
2021-09-28,US1FLFL0037,0,0.0,0.0,0.0,False
2021-09-28,US1FLFL0039,0,0.0,0.0,0.0,False
2021-09-28,US1FLFL0040,0,0.0,0.0,0.0,False
2021-09-28,US1FLFL0042,0,0.0,0.0,0.0,False
2021-09-28,US1FLFL0047,0,0.0,0.0,0.0,False
2021-09-28,US1FLFL0049,0,0.0,0.0,0.0,False
2021-09-28,US1FLFL0050,0,0.0,0.0,0.0,False
2021-09-28,US1FLGC0003,0,0.0,0.0,0.0,False
2021-09-28,US1FLGC0008,0,0.0,0.0,0.0,False
2021-09-28,US1FLGL0007,0,0.42,-0.42,-0.16,False
2021-09-28,US1FLGL0013,0,0.04,-0.04,-0.02,False
2021-09-28,US1FLHB0001,0,0.15,-0.15,-0.06,False
2021-09-28,US1FLHB0004,0,0.26,-0.26,-0.1,False
2021-09-28,US1FLHB0005,0,0.1,-0.1,-0.04,False
2021-09-28,US1FLHB0010,0,0.22,-0.22,-0.08,False
2021-09-28,US1FLHB0017,0,0.21,-0.21,-0.08,False
2021-09-28,US1FLHB0027,0,0.1,-0.1,-0.04,False
2021-09-28,US1FLHB0029,0,0.18,-0.18,-0.07,False
2021-09-28,US1FLHB0033,0,0.23,-0.23,-0.09,False
2021-09-28,US1FLHB0037,0,0.1,-0.1,-0.04,False
2021-09-28,US1FLHB0040,0,0.11,-0.11,-0.04,False
2021-09-28,US1FLHB0044,0,0.15,-0.15,-0.06,False
2021-09-28,US1FLHB0048,0,0.1,-0.1,-0.04,False
2021-09-28,US1FLHB0051,0,0.1,-0.1,-0.04,False
2021-09-28,US1FLHB0055,0,0.19,-0.19,-0.07,False
2021-09-28,US1FLHB0060,0,0.28,-0.28,-0.11,False
2021-09-28,US1FLHB0069,0,1.13,-1.13,-0.44,False
2021-09-28,US1FLHB0098,0,0.36,-0.36,-0.14,False
2021-09-28,US1FLHB0107,0,0.15,-0.15,-0.06,False
2021-09-28,US1FLHB0114,0,0.64,-0.64,-0.25,False
2021-09-28,US1FLHB0120,0,0.1,-0.1,-0.04,False
2021-09-28,US1FLHB0130,0,0.29,-0.29,-0.11,False
2021-09-28,US1FLHB0136,0,1.04,-1.04,-0.4,False
2021-09-28,US1FLHB0139,0,0.15,-0.15,-0.06,False
2021-09-28,US1FLHB0140,0,0.1,-0.1,-0.04,False
2021-09-28,US1FLHB0141,0,0.1,-0.1,-0.04,False
2021-09-28,US1FLHB0154,0,0.22,-0.22,-0.09,False
2021-09-28,US1FLHB0156,0,0.1,-0.1,-0.04,False
2021-09-28,US1FLHB0160,0,0.25,-0.25,-0.1,False
2021-09-28,US1FLHB0162,0,0.29,-0.29,-0.11,False
2021-09-28,US1FLHB0163,0,0.38,-0.38,-0.15,False
2021-09-28,US1FLHB0166,13,0.04,12.96,5.04,True
2021-09-28,US1FLHB0167,0,0.21,-0.21,-0.08,False
2021-09-28,US1FLHB0168,0,0.11,-0.11,-0.04,False
2021-09-28,US1FLHL0001,0,0.04,-0.04,-0.02,False
2021-09-28,US1FLHL0003,0,0.05,-0.05,-0.02,False
2021-09-28,US1FLHL0012,0,0.03,-0.03,-0.01,False
2021-09-28,US1FLHL0013,0,0.14,-0.14,-0.05,False
2021-09-28,US1FLHL0030,0,0.14,-0.14,-0.05,False
2021-09-28,US1FLHL0038,0,0.03,-0.03,-0.01,False
2021-09-28,US1FLHL0043,0,0.03,-0.03,-0.01,False
2021-09-28,US1FLHN0007,0,0.05,-0.05,-0.02,False
2021-09-28,US1FLHN0008,0,0.05,-0.05,-0.02,False
2021-09-28,US1FLHN0011,0,0.05,-0.05,-0.02,False
2021-09-28,US1FLHN0014,0,0.04,-0.04,-0.02,False
2021-09-28,US1FLHN0022,0,0.05,-0.05,-0.02,False
2021-09-28,US1FLHN0024,0,0.05,-0.05,-0.02,False
2021-09-28,US1FLHN0026,0,0.04,-0.04,-0.02,False
2021-09-28,US1FLHN0035,0,0.04,-0.04,-0.02,False
2021-09-28,US1FLHN0039,0,0.05,-0.05,-0.02,False
2021-09-28,US1FLHN0040,0,0.05,-0.05,-0.02,False
2021-09-28,US1FLHN0041,0,0.05,-0.05,-0.02,False
2021-09-28,US1FLHN0043,0,0.05,-0.05,-0.02,False
2021-09-28,US1FLHY0003,0,0.44,-0.44,-0.17,False
2021-09-28,US1FLHY0008,0,0.41,-0.41,-0.16,False
2021-09-28,US1FLHY0011,0,0.42,-0.42,-0.16,False
2021-09-28,US1FLIR0006,0,0.0,0.0,0.0,False
2021-09-28,US1FLIR0015,0,0.0,0.0,0.0,False
2021-09-28,US1FLIR0019,0,0.0,0.0,0.0,False
2021-09-28,US1FLIR0024,0,0.0,0.0,0.0,False
2021-09-28,US1FLIR0026,0,0.0,0.0,0.0,False
2021-09-28,US1FLIR0027,0,0.0,0.0,0.0,False
2021-09-28,US1FLIR0036,0,0.0,0.0,0.0,False
2021-09-28,US1FLIR0041,0,0.0,0.0,0.0,False
2021-09-28,US1FLIR0048,0,0.0,0.0,0.0,False
2021-09-28,US1FLIR0050,0,0.0,0.0,0.0,False
2021-09-28,US1FLIR0051,0,0.0,0.0,0.0,False
2021-09-28,US1FLJF0007,0,0.08,-0.08,-0.03,False
2021-09-28,US1FLJF0009,0,0.08,-0.08,-0.03,False
2021-09-28,US1FLJF0010,0,0.06,-0.06,-0.03,False
2021-09-28,US1FLLE0006,0,0.69,-0.69,-0.27,False
2021-09-28,US1FLLE0022,0,0.91,-0.91,-0.35,False
2021-09-28,US1FLLE0037,0,0.5,-0.5,-0.19,False
2021-09-28,US1FLLE0055,0,0.49,-0.49,-0.19,False
2021-09-28,US1FLLE0057,0,0.7,-0.7,-0.27,False
2021-09-28,US1FLLE0059,0,0.6,-0.6,-0.23,False
2021-09-28,US1FLLE0065,0,0.77,-0.77,-0.3,False
2021-09-28,US1FLLE0068,0,0.97,-0.97,-0.38,False
2021-09-28,US1FLLE0072,0,0.47,-0.47,-0.18,False
2021-09-28,US1FLLK0003,0,0.04,-0.04,-0.02,False
2021-09-28,US1FLLK0016,0,0.0,0.0,0.0,False
2021-09-28,US1FLLK0017,0,0.0,0.0,0.0,False
2021-09-28,US1FLLK0021,0,0.0,0.0,0.0,False
2021-09-28,US1FLLK0023,0,0.0,0.0,0.0,False
2021-09-28,US1FLLK0028,0,0.0,0.0,0.0,False
2021-09-28,US1FLLK0030,0,0.0,0.0,0.0,False
2021-09-28,US1FLLK0031,0,0.0,0.0,0.0,False
2021-09-28,US1FLLK0036,0,0.04,-0.04,-0.01,False
2021-09-28,US1FLLK0043,0,0.0,0.0,0.0,False
2021-09-28,US1FLLK0044,0,0.0,0.0,0.0,False
2021-09-28,US1FLLK0045,0,0.0,0.0,0.0,False
2021-09-28,US1FLLV0001,0,0.0,0.0,0.0,False
2021-09-28,US1FLLV0004,0,0.0,0.0,0.0,False
2021-09-28,US1FLLV0015,0,0.0,0.0,0.0,False
2021-09-28,US1FLLV0017,0,0.0,0.0,0.0,False
2021-09-28,US1FLLV0018,0,0.0,0.0,0.0,False
2021-09-28,US1FLMA0006,0,0.22,-0.22,-0.09,False
2021-09-28,US1FLMA0010,0,0.25,-0.25,-0.1,False
2021-09-28,US1FLMA0011,0,0.25,-0.25,-0.1,False
2021-09-28,US1FLMA0028,0,0.21,-0.21,-0.08,False
2021-09-28,US1FLMA0029,0,0.27,-0.27,-0.1,False
2021-09-28,US1FLMA0032,0,0.24,-0.24,-0.09,False
2021-09-28,US1FLMA0034,0,0.27,-0.27,-0.1,False
2021-09-28,US1FLMA0040,0,0.22,-0.22,-0.09,False
2021-09-28,US1FLMA0041,0,0.48,-0.48,-0.19,False
2021-09-28,US1FLMA0043,0,0.32,-0.32,-0.12,False
2021-09-28,US1FLMA0044,0,0.23,-0.23,-0.09,False
2021-09-28,US1FLMR0003,0,0.0,0.0,0.0,False
2021-09-28,US1FLMR0004,0,0.0,0.0,0.0,False
2021-09-28,US1FLMR0012,0,0.0,0.0,0.0,False
2021-09-28,US1FLMR0013,0,0.0,0.0,0.0,False
2021-09-28,US1FLMR0018,0,0.0,0.0,0.0,False
2021-09-28,US1FLMR0032,0,0.0,0.0,0.0,False
2021-09-28,US1FLMR0036,0,0.0,0.0,0.0,False
2021-09-28,US1FLMR0042,0,0.0,0.0,0.0,False
2021-09-28,US1FLMR0054,0,0.0,0.0,0.0,False
2021-09-28,US1FLMR0056,0,0.0,0.0,0.0,False
2021-09-28,US1FLMR0057,0,0.0,0.0,0.0,False
2021-09-28,US1FLMR0059,0,0.0,0.0,0.0,False
2021-09-28,US1FLMR0065,0,0.0,0.0,0.0,False
2021-09-28,US1FLMR0066,0,0.0,0.0,0.0,False
2021-09-28,US1FLMR0068,0,0.0,0.0,0.0,False
2021-09-28,US1FLMR0074,0,0.0,0.0,0.0,False
2021-09-28,US1FLMR0079,0,0.0,0.0,0.0,False
2021-09-28,US1FLMT0001,0,0.0,0.0,0.0,False
2021-09-28,US1FLMT0016,0,0.0,0.0,0.0,False
2021-09-28,US1FLMT0018,0,0.0,0.0,0.0,False
2021-09-28,US1FLMT0019,0,0.0,0.0,0.0,False
2021-09-28,US1FLMT0021,0,0.0,0.0,0.0,False
2021-09-28,US1FLMT0026,0,0.0,0.0,0.0,False
2021-09-28,US1FLMT0028,0,0.0,0.0,0.0,False
2021-09-28,US1FLMT0031,0,0.0,0.0,0.0,False
2021-09-28,US1FLMT0035,0,0.0,0.0,0.0,False
2021-09-28,US1FLMT0036,0,0.0,0.0,0.0,False
2021-09-28,US1FLMT0037,0,0.0,0.0,0.0,False
2021-09-28,US1FLMT0039,0,0.0,0.0,0.0,False
2021-09-28,US1FLMT0042,0,0.0,0.0,0.0,False
2021-09-28,US1FLMT0043,0,0.0,0.0,0.0,False
2021-09-28,US1FLMT0045,0,0.0,0.0,0.0,False
2021-09-28,US1FLMT0046,0,0.0,0.0,0.0,False
2021-09-28,US1FLNS0012,0,0.0,0.0,0.0,False
2021-09-28,US1FLNS0014,0,0.0,0.0,0.0,False
2021-09-28,US1FLNS0017,0,0.0,0.0,0.0,False
2021-09-28,US1FLNS0021,0,0.0,0.0,0.0,False
2021-09-28,US1FLNS0022,0,0.0,0.0,0.0,False
2021-09-28,US1FLOB0002,0,0.0,0.0,0.0,False
2021-09-28,US1FLOR0019,0,0.0,0.0,0.0,False
2021-09-28,US1FLOR0025,0,0.0,0.0,0.0,False
2021-09-28,US1FLOR0026,0,0.0,0.0,0.0,False
2021-09-28,US1FLOR0027,0,0.0,0.0,0.0,False
2021-09-28,US1FLOR0030,0,0.0,0.0,0.0,False
2021-09-28,US1FLOR0034,0,0.0,0.0,0.0,False
2021-09-28,US1FLOR0035,0,0.04,-0.04,-0.02,False
2021-09-28,US1FLOR0043,0,0.0,0.0,0.0,False
2021-09-28,US1FLOR0046,0,0.0,0.0,0.0,False
2021-09-28,US1FLOR0054,0,0.0,0.0,0.0,False
2021-09-28,US1FLOR0055,0,0.0,0.0,0.0,False
2021-09-28,US1FLOR0061,0,0.0,0.0,0.0,False
2021-09-28,US1FLOR0062,0,0.0,0.0,0.0,False
2021-09-28,US1FLOR0065,0,0.0,0.0,0.0,False
2021-09-28,US1FLOR0068,0,0.03,-0.03,-0.01,False
2021-09-28,US1FLOS0001,0,0.05,-0.05,-0.02,False
2021-09-28,US1FLOS0027,0,0.0,0.0,0.0,False
2021-09-28,US1FLOS0029,0,0.0,0.0,0.0,False
2021-09-28,US1FLOS0031,0,0.04,-0.04,-0.02,False
2021-09-28,US1FLOS0036,0,0.0,0.0,0.0,False
2021-09-28,US1FLOS0037,0,0.0,0.0,0.0,False
2021-09-28,US1FLPB0002,0,0.0,0.0,0.0,False
2021-09-28,US1FLPB0012,0,0.0,0.0,0.0,False
2021-09-28,US1FLPB0013,0,0.0,0.0,0.0,False
2021-09-28,US1FLPB0034,0,0.0,0.0,0.0,False
2021-09-28,US1FLPB0037,0,0.0,0.0,0.0,False
2021-09-28,US1FLPB0044,0,0.0,0.0,0.0,False
2021-09-28,US1FLPB0061,0,0.0,0.0,0.0,False
2021-09-28,US1FLPB0063,0,0.0,0.0,0.0,False
2021-09-28,US1FLPB0072,0,0.0,0.0,0.0,False
2021-09-28,US1FLPB0077,0,0.0,0.0,0.0,False
2021-09-28,US1FLPB0080,0,0.0,0.0,0.0,False
2021-09-28,US1FLPB0081,0,0.0,0.0,0.0,False
2021-09-28,US1FLPB0087,0,0.0,0.0,0.0,False
2021-09-28,US1FLPB0098,0,0.0,0.0,0.0,False
2021-09-28,US1FLPK0018,0,0.11,-0.11,-0.04,False
2021-09-28,US1FLPK0032,0,0.12,-0.12,-0.05,False
2021-09-28,US1FLPK0034,0,0.12,-0.12,-0.04,False
2021-09-28,US1FLPK0035,0,0.15,-0.15,-0.06,False
2021-09-28,US1FLPK0039,0,0.14,-0.14,-0.05,False
2021-09-28,US1FLPK0055,0,0.07,-0.07,-0.03,False
2021-09-28,US1FLPK0067,0,0.05,-0.05,-0.02,False
2021-09-28,US1FLPK0073,0,0.14,-0.14,-0.05,False
2021-09-28,US1FLPK0076,0,0.06,-0.06,-0.02,False
2021-09-28,US1FLPK0078,0,0.04,-0.04,-0.02,False
2021-09-28,US1FLPK0081,0,0.09,-0.09,-0.04,False
2021-09-28,US1FLPK0083,0,0.1,-0.1,-0.04,False
2021-09-28,US1FLPK0084,0,0.11,-0.11,-0.04,False
2021-09-28,US1FLPN0006,0,0.06,-0.06,-0.02,False
2021-09-28,US1FLPN0009,0,0.13,-0.13,-0.05,False
2021-09-28,US1FLPN0017,0,0.08,-0.08,-0.03,False
2021-09-28,US1FLPN0034,0,0.1,-0.1,-0.04,False
2021-09-28,US1FLPN0035,0,0.08,-0.08,-0.03,False
2021-09-28,US1FLPN0036,0,0.07,-0.07,-0.03,False
2021-09-28,US1FLPN0060,0,0.1,-0.1,-0.04,False
2021-09-28,US1FLPN0071,0,0.08,-0.08,-0.03,False
2021-09-28,US1FLPN0074,0,0.1,-0.1,-0.04,False
2021-09-28,US1FLPN0077,0,0.12,-0.12,-0.05,False
2021-09-28,US1FLPN0079,0,0.1,-0.1,-0.04,False
2021-09-28,US1FLPN0081,0,0.12,-0.12,-0.05,False
2021-09-28,US1FLPN0083,0,0.1,-0.1,-0.04,False
2021-09-28,US1FLPN0087,0,0.1,-0.1,-0.04,False
2021-09-28,US1FLPN0090,0,0.11,-0.11,-0.04,False
2021-09-28,US1FLPN0091,0,0.07,-0.07,-0.03,False
2021-09-28,US1FLPN0094,0,0.11,-0.11,-0.04,False
2021-09-28,US1FLPN0096,0,0.11,-0.11,-0.04,False
2021-09-28,US1FLPN0097,0,0.06,-0.06,-0.03,False
2021-09-28,US1FLPN0099,0,0.08,-0.08,-0.03,False
2021-09-28,US1FLPN0104,0,0.11,-0.11,-0.04,False
2021-09-28,US1FLPN0105,0,0.12,-0.12,-0.05,False
2021-09-28,US1FLPN0108,0,0.12,-0.12,-0.05,False
2021-09-28,US1FLPN0111,0,0.08,-0.08,-0.03,False
2021-09-28,US1FLPS0004,0,0.08,-0.08,-0.03,False
2021-09-28,US1FLPS0006,0,0.1,-0.1,-0.04,False
2021-09-28,US1FLPS0007,0,0.08,-0.08,-0.03,False
2021-09-28,US1FLPS0010,0,0.06,-0.06,-0.02,False
2021-09-28,US1FLPS0015,0,0.06,-0.06,-0.02,False
2021-09-28,US1FLPS0043,0,0.1,-0.1,-0.04,False
2021-09-28,US1FLPS0049,0,0.05,-0.05,-0.02,False
2021-09-28,US1FLPS0051,0,0.1,-0.1,-0.04,False
2021-09-28,US1FLPS0065,0,0.1,-0.1,-0.04,False
2021-09-28,US1FLPS0072,0,0.1,-0.1,-0.04,False
2021-09-28,US1FLPS0073,0,0.11,-0.11,-0.04,False
2021-09-28,US1FLPS0075,0,0.1,-0.1,-0.04,False
2021-09-28,US1FLPT0004,0,0.0,0.0,0.0,False
2021-09-28,US1FLPT0007,0,0.0,0.0,0.0,False
2021-09-28,US1FLPT0008,0,0.0,0.0,0.0,False
2021-09-28,US1FLPT0012,0,0.0,0.0,0.0,False
2021-09-28,US1FLPT0021,0,0.0,0.0,0.0,False
2021-09-28,US1FLPT0024,0,0.0,0.0,0.0,False
2021-09-28,US1FLPT0026,0,0.0,0.0,0.0,False
2021-09-28,US1FLPT0027,0,0.0,0.0,0.0,False
2021-09-28,US1FLPT0029,0,0.0,0.0,0.0,False
2021-09-28,US1FLSJ0004,0,0.0,0.0,0.0,False
2021-09-28,US1FLSJ0016,0,0.0,0.0,0.0,False
2021-09-28,US1FLSJ0020,0,0.0,0.0,0.0,False
2021-09-28,US1FLSJ0023,0,0.0,0.0,0.0,False
2021-09-28,US1FLSJ0028,0,0.0,0.0,0.0,False
2021-09-28,US1FLSJ0029,0,0.0,0.0,0.0,False
2021-09-28,US1FLSJ0030,0,0.0,0.0,0.0,False
2021-09-28,US1FLSJ0033,0,0.0,0.0,0.0,False
2021-09-28,US1FLSJ0034,0,0.0,0.0,0.0,False
2021-09-28,US1FLSJ0036,0,0.0,0.0,0.0,False
2021-09-28,US1FLSJ0039,0,0.0,0.0,0.0,False
2021-09-28,US1FLSL0011,0,0.0,0.0,0.0,False
2021-09-28,US1FLSL0013,0,0.0,0.0,0.0,False
2021-09-28,US1FLSL0015,0,0.0,0.0,0.0,False
2021-09-28,US1FLSL0017,0,0.0,0.0,0.0,False
2021-09-28,US1FLSL0019,0,0.0,0.0,0.0,False
2021-09-28,US1FLSL0033,0,0.0,0.0,0.0,False
2021-09-28,US1FLSL0048,0,0.0,0.0,0.0,False
2021-09-28,US1FLSL0050,0,0.0,0.0,0.0,False
2021-09-28,US1FLSL0054,0,0.0,0.0,0.0,False
2021-09-28,US1FLSM0008,0,0.0,0.0,0.0,False
2021-09-28,US1FLSM0018,0,0.0,0.0,0.0,False
2021-09-28,US1FLSM0026,0,0.0,0.0,0.0,False
2021-09-28,US1FLSM0030,0,0.0,0.0,0.0,False
2021-09-28,US1FLSM0034,0,0.0,0.0,0.0,False
2021-09-28,US1FLSM0035,0,0.0,0.0,0.0,False
2021-09-28,US1FLSM0037,0,0.0,0.0,0.0,False
2021-09-28,US1FLSM0038,0,0.0,0.0,0.0,False
2021-09-28,US1FLSM0039,0,0.0,0.0,0.0,False
2021-09-28,US1FLSS0014,0,0.19,-0.19,-0.08,False
2021-09-28,US1FLSS0015,0,0.24,-0.24,-0.09,False
2021-09-28,US1FLSS0022,0,0.16,-0.16,-0.06,False
2021-09-28,US1FLSS0034,0,0.2,-0.2,-0.08,False
2021-09-28,US1FLSS0040,0,0.23,-0.23,-0.09,False
2021-09-28,US1FLSS0052,0,0.34,-0.34,-0.13,False
2021-09-28,US1FLSS0056,0,0.22,-0.22,-0.08,False
2021-09-28,US1FLSS0059,0,0.26,-0.26,-0.1,False
2021-09-28,US1FLSS0063,8,0.08,7.92,3.08,False
2021-09-28,US1FLSS0071,0,0.19,-0.19,-0.08,False
2021-09-28,US1FLSS0073,0,0.39,-0.39,-0.15,False
2021-09-28,US1FLSS0075,0,0.21,-0.21,-0.08,False
2021-09-28,US1FLSS0077,0,0.37,-0.37,-0.14,False
2021-09-28,US1FLSS0079,0,0.67,-0.67,-0.26,False
2021-09-28,US1FLSS0080,0,0.96,-0.96,-0.37,False
2021-09-28,US1FLST0007,0,0.0,0.0,0.0,False
2021-09-28,US1FLST0009,0,0.0,0.0,0.0,False
2021-09-28,US1FLST0012,0,0.0,0.0,0.0,False
2021-09-28,US1FLST0026,0,0.0,0.0,0.0,False
2021-09-28,US1FLST0032,0,0.0,0.0,0.0,False
2021-09-28,US1FLST0035,0,0.0,0.0,0.0,False
2021-09-28,US1FLST0037,0,0.0,0.0,0.0,False
2021-09-28,US1FLSW0001,0,0.02,-0.02,-0.01,False
2021-09-28,US1FLSW0008,0,0.05,-0.05,-0.02,False
2021-09-28,US1FLSW0011,0,0.03,-0.03,-0.01,False
2021-09-28,US1FLSW0014,0,0.04,-0.04,-0.01,False
2021-09-28,US1FLVL0001,0,0.0,0.0,0.0,False
2021-09-28,US1FLVL0003,0,0.0,0.0,0.0,False
2021-09-28,US1FLVL0005,0,0.0,0.0,0.0,False
2021-09-28,US1FLVL0009,0,0.0,0.0,0.0,False
2021-09-28,US1FLVL0024,0,0.0,0.0,0.0,False
2021-09-28,US1FLVL0029,0,0.0,0.0,0.0,False
2021-09-28,US1FLVL0037,0,0.0,0.0,0.0,False
2021-09-28,US1FLVL0040,0,0.0,0.0,0.0,False
2021-09-28,US1FLVL0042,0,0.0,0.0,0.0,False
2021-09-28,US1FLVL0044,0,0.0,0.0,0.0,False
2021-09-28,US1FLVL0051,0,0.0,0.0,0.0,False
2021-09-28,US1FLVL0060,0,0.0,0.0,0.0,False
2021-09-28,US1FLVL0061,0,0.0,0.0,0.0,False
2021-09-28,US1FLVL0062,0,0.0,0.0,0.0,False
2021-09-28,US1FLVL0063,0,0.0,0.0,0.0,False
2021-09-28,US1FLVL0070,0,0.0,0.0,0.0,False
2021-09-28,US1FLVL0071,0,0.0,0.0,0.0,False
2021-09-28,US1FLVL0073,0,0.0,0.0,0.0,False
2021-09-28,US1FLVL0075,0,0.0,0.0,0.0,False
2021-09-28,US1FLVL0081,0,0.0,0.0,0.0,False
2021-09-28,US1FLVL0082,0,0.0,0.0,0.0,False
2021-09-28,US1FLVL0083,0,0.0,0.0,0.0,False
2021-09-28,US1FLVL0084,0,0.0,0.0,0.0,False
2021-09-28,US1FLVL0086,0,0.0,0.0,0.0,False
2021-09-28,US1FLVL0087,0,0.0,0.0,0.0,False
2021-09-28,US1FLVL0089,0,0.0,0.0,0.0,False
2021-09-28,US1FLVL0090,0,0.0,0.0,0.0,False
2021-09-28,US1FLVL0091,0,0.0,0.0,0.0,False
2021-09-28,US1FLVL0099,0,0.0,0.0,0.0,False
2021-09-28,US1FLVL0100,0,0.0,0.0,0.0,False
2021-09-28,US1FLVL0101,0,0.0,0.0,0.0,False
2021-09-28,US1FLVL0103,0,0.0,0.0,0.0,False
2021-09-28,US1FLVL0104,0,0.0,0.0,0.0,False
2021-09-28,US1FLVL0105,0,0.0,0.0,0.0,False
2021-09-28,US1GAAP0005,0,0.0,0.0,0.0,False
2021-09-28,US1GAAP0006,0,0.0,0.0,0.0,False
2021-09-28,US1GAAP0007,0,0.0,0.0,0.0,False
2021-09-28,US1GABB0016,0,0.08,-0.08,-0.03,False
2021-09-28,US1GABB0019,0,0.08,-0.08,-0.03,False
2021-09-28,US1GABD0001,0,0.05,-0.05,-0.02,False
2021-09-28,US1GABD0005,0,0.04,-0.04,-0.02,False
2021-09-28,US1GABK0001,0,0.0,0.0,0.0,False
2021-09-28,US1GABR0002,0,0.0,0.0,0.0,False
2021-09-28,US1GABR0005,0,0.0,0.0,0.0,False
2021-09-28,US1GABR0009,0,0.0,0.0,0.0,False
2021-09-28,US1GABU0013,0,0.0,0.0,0.0,False
2021-09-28,US1GABU0016,0,0.0,0.0,0.0,False
2021-09-28,US1GABU0021,0,0.0,0.0,0.0,False
2021-09-28,US1GABY0001,0,0.0,0.0,0.0,False
2021-09-28,US1GACF0001,0,0.09,-0.09,-0.04,False
2021-09-28,US1GACH0006,0,0.0,0.0,0.0,False
2021-09-28,US1GACI0003,0,0.11,-0.11,-0.04,False
2021-09-28,US1GACK0006,0,0.0,0.0,0.0,False
2021-09-28,US1GACK0010,0,0.0,0.0,0.0,False
2021-09-28,US1GACK0011,0,0.0,0.0,0.0,False
2021-09-28,US1GACK0012,0,0.0,0.0,0.0,False
2021-09-28,US1GACK0017,0,0.0,0.0,0.0,False
2021-09-28,US1GACK0030,0,0.0,0.0,0.0,False
2021-09-28,US1GACK0038,0,0.0,0.0,0.0,False
2021-09-28,US1GACM0014,0,0.0,0.0,0.0,False
2021-09-28,US1GACM0018,0,0.0,0.0,0.0,False
2021-09-28,US1GACM0019,0,0.0,0.0,0.0,False
2021-09-28,US1GACM0020,0,0.0,0.0,0.0,False
2021-09-28,US1GACM0021,0,0.0,0.0,0.0,False
2021-09-28,US1GACO0003,0,0.18,-0.18,-0.07,False
2021-09-28,US1GACQ0012,0,0.08,-0.08,-0.03,False
2021-09-28,US1GACQ0013,0,0.05,-0.05,-0.02,False
2021-09-28,US1GACT0001,0,0.0,0.0,0.0,False
2021-09-28,US1GACT0003,0,0.0,0.0,0.0,False
2021-09-28,US1GACT0019,0,0.0,0.0,0.0,False
2021-09-28,US1GACT0036,0,0.0,0.0,0.0,False
2021-09-28,US1GACT0037,0,0.0,0.0,0.0,False
2021-09-28,US1GACT0038,0,0.0,0.0,0.0,False
2021-09-28,US1GACT0040,0,0.0,0.0,0.0,False
2021-09-28,US1GACT0055,0,0.0,0.0,0.0,False
2021-09-28,US1GACT0057,0,0.0,0.0,0.0,False
2021-09-28,US1GACT0060,0,0.0,0.0,0.0,False
2021-09-28,US1GACT0061,0,0.0,0.0,0.0,False
2021-09-28,US1GACT0064,0,0.0,0.0,0.0,False
2021-09-28,US1GACT0067,0,0.0,0.0,0.0,False
2021-09-28,US1GACT0079,0,0.0,0.0,0.0,False
2021-09-28,US1GACT0089,0,0.0,0.0,0.0,False
2021-09-28,US1GACT0098,0,0.0,0.0,0.0,False
2021-09-28,US1GACT0099,0,0.0,0.0,0.0,False
2021-09-28,US1GACU0001,0,0.0,0.0,0.0,False
2021-09-28,US1GACU0003,0,0.0,0.0,0.0,False
2021-09-28,US1GACU0006,0,0.0,0.0,0.0,False
2021-09-28,US1GACU0009,0,0.0,0.0,0.0,False
2021-09-28,US1GACU0011,0,0.0,0.0,0.0,False
2021-09-28,US1GACU0013,0,0.0,0.0,0.0,False
2021-09-28,US1GACU0014,0,0.0,0.0,0.0,False
2021-09-28,US1GACU0021,0,0.0,0.0,0.0,False
2021-09-28,US1GADG0004,0,0.07,-0.07,-0.03,False
2021-09-28,US1GADG0005,0,0.06,-0.06,-0.02,False
2021-09-28,US1GADG0009,0,0.07,-0.07,-0.03,False
2021-09-28,US1GAEF0013,0,0.0,0.0,0.0,False
2021-09-28,US1GAEF0017,0,0.0,0.0,0.0,False
2021-09-28,US1GAEF0018,0,0.0,0.0,0.0,False
2021-09-28,US1GAEF0021,0,0.0,0.0,0.0,False
2021-09-28,US1GAEF0022,0,0.0,0.0,0.0,False
2021-09-28,US1GAEM0004,0,0.0,0.0,0.0,False
2021-09-28,US1GAEM0005,0,0.0,0.0,0.0,False
2021-09-28,US1GAEV0001,0,0.0,0.0,0.0,False
2021-09-28,US1GAGE0001,0,0.0,0.0,0.0,False
2021-09-28,US1GAGE0005,0,0.0,0.0,0.0,False
2021-09-28,US1GAGN0005,0,0.0,0.0,0.0,False
2021-09-28,US1GAGN0007,0,0.0,0.0,0.0,False
2021-09-28,US1GAGW0050,0,0.0,0.0,0.0,False
2021-09-28,US1GAGW0055,0,0.0,0.0,0.0,False
2021-09-28,US1GAGW0065,0,0.0,0.0,0.0,False
2021-09-28,US1GAHS0003,0,0.14,-0.14,-0.06,False
2021-09-28,US1GAHS0005,0,0.76,-0.76,-0.29,False
2021-09-28,US1GAHS0011,0,0.22,-0.22,-0.08,False
2021-09-28,US1GAHS0016,3,0.0,3.0,1.17,False
2021-09-28,US1GAHS0024,0,0.15,-0.15,-0.06,False
2021-09-28,US1GAHS0027,0,0.17,-0.17,-0.06,False
2021-09-28,US1GAJN0006,0,0.07,-0.07,-0.03,False
2021-09-28,US1GAJN0007,0,0.06,-0.06,-0.02,False
2021-09-28,US1GALB0004,0,0.0,0.0,0.0,False
2021-09-28,US1GALB0006,0,0.0,0.0,0.0,False
2021-09-28,US1GALB0010,0,0.0,0.0,0.0,False
2021-09-28,US1GALB0011,0,0.0,0.0,0.0,False
2021-09-28,US1GALC0002,0,0.0,0.0,0.0,False
2021-09-28,US1GALR0001,0,0.07,-0.07,-0.03,False
2021-09-28,US1GALW0004,0,0.1,-0.1,-0.04,False
2021-09-28,US1GALW0008,0,0.13,-0.13,-0.05,False
2021-09-28,US1GALW0013,0,0.1,-0.1,-0.04,False
2021-09-28,US1GALW0014,0,0.16,-0.16,-0.06,False
2021-09-28,US1GALW0015,0,0.08,-0.08,-0.03,False
2021-09-28,US1GALW0016,0,0.17,-0.17,-0.06,False
2021-09-28,US1GALW0017,0,0.09,-0.09,-0.03,False
2021-09-28,US1GALW0018,0,0.27,-0.27,-0.11,False
2021-09-28,US1GALW0019,0,0.08,-0.08,-0.03,False
2021-09-28,US1GALW0024,3,0.0,3.0,1.17,False
2021-09-28,US1GAMD0005,0,0.0,0.0,0.0,False
2021-09-28,US1GAMG0003,0,0.0,0.0,0.0,False
2021-09-28,US1GAMI0001,0,0.0,0.0,0.0,False
2021-09-28,US1GAMI0005,0,0.0,0.0,0.0,False
2021-09-28,US1GAMN0007,0,0.08,-0.08,-0.03,False
2021-09-28,US1GAMN0010,0,0.1,-0.1,-0.04,False
2021-09-28,US1GANW0001,0,0.0,0.0,0.0,False
2021-09-28,US1GANW0007,0,0.0,0.0,0.0,False
2021-09-28,US1GAOC0001,0,0.0,0.0,0.0,False
2021-09-28,US1GAOC0002,0,0.0,0.0,0.0,False
2021-09-28,US1GAOC0005,0,0.0,0.0,0.0,False
2021-09-28,US1GAOC0009,0,0.0,0.0,0.0,False
2021-09-28,US1GAOC0012,0,0.0,0.0,0.0,False
2021-09-28,US1GAOC0014,0,0.0,0.0,0.0,False
2021-09-28,US1GAOC0016,0,0.0,0.0,0.0,False
2021-09-28,US1GAOC0018,0,0.0,0.0,0.0,False
2021-09-28,US1GAOG0002,0,0.0,0.0,0.0,False
2021-09-28,US1GAOG0005,0,0.0,0.0,0.0,False
2021-09-28,US1GAOG0007,0,0.0,0.0,0.0,False
2021-09-28,US1GAOG0012,0,0.0,0.0,0.0,False
2021-09-28,US1GAOG0015,0,0.0,0.0,0.0,False
2021-09-28,US1GAPE0001,0,0.18,-0.18,-0.07,False
2021-09-28,US1GAPE0003,0,0.17,-0.17,-0.07,False
2021-09-28,US1GARC0009,0,0.0,0.0,0.0,False
2021-09-28,US1GARC0012,0,0.0,0.0,0.0,False
2021-09-28,US1GARC0019,0,0.0,0.0,0.0,False
2021-09-28,US1GASV0005,0,0.0,0.0,0.0,False
2021-09-28,US1GASV0007,0,0.0,0.0,0.0,False
2021-09-28,US1GASV0008,0,0.0,0.0,0.0,False
2021-09-28,US1GATE0004,0,0.07,-0.07,-0.03,False
2021-09-28,US1GATF0003,0,0.03,-0.03,-0.01,False
2021-09-28,US1GATF0007,0,0.03,-0.03,-0.01,False
2021-09-28,US1GATG0001,0,0.12,-0.12,-0.05,False
2021-09-28,US1GATH0002,0,0.06,-0.06,-0.03,False
2021-09-28,US1GATH0004,0,0.07,-0.07,-0.03,False
2021-09-28,US1GATN0004,0,0.0,0.0,0.0,False
2021-09-28,US1GAWG0005,0,0.02,-0.02,-0.01,False
2021-09-28,US1GAWG0006,0,0.04,-0.04,-0.01,False
2021-09-28,US1GAWL0001,0,0.0,0.0,0.0,False
2021-09-28,US1GAWL0012,0,0.0,0.0,0.0,False
2021-09-28,US1GAWL0022,0,0.0,0.0,0.0,False
2021-09-28,US1GAWL0024,0,0.0,0.0,0.0,False
2021-09-28,US1GAWN0001,0,0.0,0.0,0.0,False
2021-09-28,US1GAWR0005,0,0.1,-0.1,-0.04,False
2021-09-28,US1GAWS0001,0,0.0,0.0,0.0,False
2021-09-28,US1GAWT0003,0,0.08,-0.08,-0.03,False
2021-09-28,US1GAWT0007,0,0.07,-0.07,-0.03,False
2021-09-28,US1GAWY0007,0,0.0,0.0,0.0,False
2021-09-28,US1NCBR0001,0,0.0,0.0,0.0,False
2021-09-28,US1NCBR0006,0,0.0,0.0,0.0,False
2021-09-28,US1NCBR0104,0,0.0,0.0,0.0,False
2021-09-28,US1NCBR0105,0,0.0,0.0,0.0,False
2021-09-28,US1SCAK0014,0,0.01,-0.01,-0.0,False
2021-09-28,US1SCAK0023,0,0.01,-0.01,-0.0,False
2021-09-28,US1SCAK0027,0,0.02,-0.02,-0.01,False
2021-09-28,US1SCAK0031,0,0.01,-0.01,-0.0,False
2021-09-28,US1SCAK0032,0,0.01,-0.01,-0.0,False
2021-09-28,US1SCAK0033,0,0.02,-0.02,-0.01,False
2021-09-28,US1SCAK0039,0,0.0,0.0,0.0,False
2021-09-28,US1SCAK0046,0,0.01,-0.01,-0.0,False
2021-09-28,US1SCAK0051,0,0.01,-0.01,-0.0,False
2021-09-28,US1SCAK0053,0,0.01,-0.01,-0.0,False
2021-09-28,US1SCAK0057,0,0.01,-0.01,-0.0,False
2021-09-28,US1SCAK0069,0,0.01,-0.01,-0.0,False
2021-09-28,US1SCAK0073,0,0.03,-0.03,-0.01,False
2021-09-28,US1SCAK0074,0,0.01,-0.01,-0.0,False
2021-09-28,US1SCAK0083,0,0.02,-0.02,-0.01,False
2021-09-28,US1SCAK0097,0,0.02,-0.02,-0.01,False
2021-09-28,US1SCAK0101,0,0.01,-0.01,-0.0,False
2021-09-28,US1SCAL0002,0,0.0,0.0,0.0,False
2021-09-28,US1SCBF0002,0,0.01,-0.01,-0.0,False
2021-09-28,US1SCBF0010,0,0.0,0.0,0.0,False
2021-09-28,US1SCBF0015,0,0.0,0.0,0.0,False
2021-09-28,US1SCBF0022,0,0.01,-0.01,-0.0,False
2021-09-28,US1SCBF0036,0,0.01,-0.01,-0.0,False
2021-09-28,US1SCBF0037,0,0.01,-0.01,-0.0,False
2021-09-28,US1SCBF0053,0,0.01,-0.01,-0.0,False
2021-09-28,US1SCBF0055,0,0.01,-0.01,-0.0,False
2021-09-28,US1SCBF0059,0,0.01,-0.01,-0.0,False
2021-09-28,US1SCBF0066,0,0.01,-0.01,-0.0,False
2021-09-28,US1SCBF0067,0,0.01,-0.01,-0.0,False
2021-09-28,US1SCBF0091,0,0.01,-0.01,-0.0,False
2021-09-28,US1SCBF0092,0,0.0,0.0,0.0,False
2021-09-28,US1SCBF0093,0,0.01,-0.01,-0.0,False
2021-09-28,US1SCBF0096,0,0.02,-0.02,-0.01,False
2021-09-28,US1SCBF0097,0,0.01,-0.01,-0.0,False
2021-09-28,US1SCBF0098,0,0.01,-0.01,-0.0,False
2021-09-28,US1SCBF0099,0,0.01,-0.01,-0.0,False
2021-09-28,US1SCBF0100,0,0.01,-0.01,-0.0,False
2021-09-28,US1SCBF0104,0,0.01,-0.01,-0.0,False
2021-09-28,US1SCBF0111,0,0.01,-0.01,-0.01,False
2021-09-28,US1SCBF0112,0,0.01,-0.01,-0.01,False
2021-09-28,US1SCBK0017,0,0.03,-0.03,-0.01,False
2021-09-28,US1SCBK0038,0,0.02,-0.02,-0.01,False
2021-09-28,US1SCBK0046,0,0.02,-0.02,-0.01,False
2021-09-28,US1SCBK0048,0,0.02,-0.02,-0.01,False
2021-09-28,US1SCBK0055,0,0.02,-0.02,-0.01,False
2021-09-28,US1SCBK0056,0,0.02,-0.02,-0.01,False
2021-09-28,US1SCBK0059,0,0.02,-0.02,-0.01,False
2021-09-28,US1SCBK0061,0,0.03,-0.03,-0.01,False
2021-09-28,US1SCBK0065,0,0.03,-0.03,-0.01,False
2021-09-28,US1SCBK0067,0,0.03,-0.03,-0.01,False
2021-09-28,US1SCBK0068,0,0.02,-0.02,-0.01,False
2021-09-28,US1SCBK0079,0,0.03,-0.03,-0.01,False
2021-09-28,US1SCBK0081,0,0.02,-0.02,-0.01,False
2021-09-28,US1SCBK0082,0,0.02,-0.02,-0.01,False
2021-09-28,US1SCBK0085,0,0.04,-0.04,-0.01,False
2021-09-28,US1SCBM0001,0,0.02,-0.02,-0.01,False
2021-09-28,US1SCBM0006,0,0.02,-0.02,-0.01,False
2021-09-28,US1SCBW0003,0,0.02,-0.02,-0.01,False
2021-09-28,US1SCCA0002,0,0.06,-0.06,-0.02,False
2021-09-28,US1SCCA0016,0,0.05,-0.05,-0.02,False
2021-09-28,US1SCCA0020,0,0.03,-0.03,-0.01,False
2021-09-28,US1SCCD0006,0,0.03,-0.03,-0.01,False
2021-09-28,US1SCCD0017,0,0.03,-0.03,-0.01,False
2021-09-28,US1SCCD0019,0,0.03,-0.03,-0.01,False
2021-09-28,US1SCCL0003,0,0.02,-0.02,-0.01,False
2021-09-28,US1SCCL0005,0,0.01,-0.01,-0.01,False
2021-09-28,US1SCCL0009,0,0.01,-0.01,-0.01,False
2021-09-28,US1SCCL0014,0,0.02,-0.02,-0.01,False
2021-09-28,US1SCCL0016,0,0.02,-0.02,-0.01,False
2021-09-28,US1SCCL0017,0,0.02,-0.02,-0.01,False
2021-09-28,US1SCCL0028,0,0.02,-0.02,-0.01,False
2021-09-28,US1SCCR0010,0,0.01,-0.01,-0.0,False
2021-09-28,US1SCCR0013,0,0.04,-0.04,-0.01,False
2021-09-28,US1SCCR0022,0,0.09,-0.09,-0.04,False
2021-09-28,US1SCCR0026,0,0.02,-0.02,-0.01,False
2021-09-28,US1SCCR0032,0,0.02,-0.02,-0.01,False
2021-09-28,US1SCCR0033,0,0.01,-0.01,-0.0,False
2021-09-28,US1SCCR0034,0,0.03,-0.03,-0.01,False
2021-09-28,US1SCCR0042,0,0.05,-0.05,-0.02,False
2021-09-28,US1SCCR0049,0,0.04,-0.04,-0.02,False
2021-09-28,US1SCCR0060,0,0.03,-0.03,-0.01,False
2021-09-28,US1SCCR0069,0,0.02,-0.02,-0.01,False
2021-09-28,US1SCCR0074,0,0.04,-0.04,-0.02,False
2021-09-28,US1SCCR0078,0,0.04,-0.04,-0.01,False
2021-09-28,US1SCCR0087,0,0.05,-0.05,-0.02,False
2021-09-28,US1SCCR0092,0,0.03,-0.03,-0.01,False
2021-09-28,US1SCCR0096,0,0.03,-0.03,-0.01,False
2021-09-28,US1SCCR0097,0,0.12,-0.12,-0.05,False
2021-09-28,US1SCCR0098,0,0.03,-0.03,-0.01,False
2021-09-28,US1SCCR0099,0,0.02,-0.02,-0.01,False
2021-09-28,US1SCCR0105,0,0.03,-0.03,-0.01,False
2021-09-28,US1SCCR0112,0,0.02,-0.02,-0.01,False
2021-09-28,US1SCCR0113,0,0.02,-0.02,-0.01,False
2021-09-28,US1SCCR0115,0,0.02,-0.02,-0.01,False
2021-09-28,US1SCCR0116,0,0.1,-0.1,-0.04,False
2021-09-28,US1SCCR0123,0,0.05,-0.05,-0.02,False
2021-09-28,US1SCCR0131,0,0.02,-0.02,-0.01,False
2021-09-28,US1SCCR0138,0,0.06,-0.06,-0.02,False
2021-09-28,US1SCCR0142,0,0.09,-0.09,-0.04,False
2021-09-28,US1SCCR0144,0,0.02,-0.02,-0.01,False
2021-09-28,US1SCCR0146,0,0.02,-0.02,-0.01,False
2021-09-28,US1SCCR0148,0,0.02,-0.02,-0.01,False
2021-09-28,US1SCCR0149,0,0.02,-0.02,-0.01,False
2021-09-28,US1SCCR0151,0,0.09,-0.09,-0.03,False
2021-09-28,US1SCCR0153,0,0.02,-0.02,-0.01,False
2021-09-28,US1SCCR0154,0,0.03,-0.03,-0.01,False
2021-09-28,US1SCCR0155,0,0.02,-0.02,-0.01,False
2021-09-28,US1SCCR0161,0,0.02,-0.02,-0.01,False
2021-09-28,US1SCCR0162,0,0.03,-0.03,-0.01,False
2021-09-28,US1SCCR0164,0,0.15,-0.15,-0.06,False
2021-09-28,US1SCCR0166,0,0.03,-0.03,-0.01,False
2021-09-28,US1SCCR0178,0,0.09,-0.09,-0.04,False
2021-09-28,US1SCCR0179,0,0.02,-0.02,-0.01,False
2021-09-28,US1SCCR0183,0,0.15,-0.15,-0.06,False
2021-09-28,US1SCCR0187,0,0.04,-0.04,-0.01,False
2021-09-28,US1SCCR0189,0,0.03,-0.03,-0.01,False
2021-09-28,US1SCCR0192,0,0.02,-0.02,-0.01,False
2021-09-28,US1SCCR0194,0,0.06,-0.06,-0.02,False
2021-09-28,US1SCCR0197,0,0.02,-0.02,-0.01,False
2021-09-28,US1SCCR0199,0,0.03,-0.03,-0.01,False
2021-09-28,US1SCCR0204,0,0.02,-0.02,-0.01,False
2021-09-28,US1SCCR0205,0,0.08,-0.08,-0.03,False
2021-09-28,US1SCCR0210,3,0.0,3.0,1.17,False
2021-09-28,US1SCCR0212,0,0.04,-0.04,-0.01,False
2021-09-28,US1SCCR0214,0,0.02,-0.02,-0.01,False
2021-09-28,US1SCCR0217,0,0.03,-0.03,-0.01,False
2021-09-28,US1SCCR0218,0,0.04,-0.04,-0.02,False
2021-09-28,US1SCCR0221,0,0.02,-0.02,-0.01,False
2021-09-28,US1SCCR0225,0,0.02,-0.02,-0.01,False
2021-09-28,US1SCCR0227,0,0.56,-0.56,-0.22,False
2021-09-28,US1SCCR0228,0,0.03,-0.03,-0.01,False
2021-09-28,US1SCCR0229,0,0.03,-0.03,-0.01,False
2021-09-28,US1SCCR0231,0,0.02,-0.02,-0.01,False
2021-09-28,US1SCCR0238,0,0.02,-0.02,-0.01,False
2021-09-28,US1SCCR0242,0,0.09,-0.09,-0.03,False
2021-09-28,US1SCCR0243,0,0.02,-0.02,-0.01,False
2021-09-28,US1SCDC0003,0,0.03,-0.03,-0.01,False
2021-09-28,US1SCDC0018,0,0.03,-0.03,-0.01,False
2021-09-28,US1SCDC0036,0,0.02,-0.02,-0.01,False
2021-09-28,US1SCDC0041,0,0.02,-0.02,-0.01,False
2021-09-28,US1SCDC0042,0,0.02,-0.02,-0.01,False
2021-09-28,US1SCDC0056,0,0.02,-0.02,-0.01,False
2021-09-28,US1SCDC0057,0,0.04,-0.04,-0.01,False
2021-09-28,US1SCDC0062,0,0.02,-0.02,-0.01,False
2021-09-28,US1SCDC0067,0,0.03,-0.03,-0.01,False
2021-09-28,US1SCDC0069,0,0.02,-0.02,-0.01,False
2021-09-28,US1SCDC0075,0,0.02,-0.02,-0.01,False
2021-09-28,US1SCDC0076,0,0.02,-0.02,-0.01,False
2021-09-28,US1SCDC0078,0,0.02,-0.02,-0.01,False
2021-09-28,US1SCDC0086,0,0.02,-0.02,-0.01,False
2021-09-28,US1SCDC0087,0,0.02,-0.02,-0.01,False
2021-09-28,US1SCED0002,0,0.01,-0.01,-0.0,False
2021-09-28,US1SCED0013,0,0.01,-0.01,-0.0,False
2021-09-28,US1SCED0016,0,0.02,-0.02,-0.01,False
2021-09-28,US1SCGT0004,0,0.02,-0.02,-0.01,False
2021-09-28,US1SCGT0011,0,0.0,0.0,0.0,False
2021-09-28,US1SCGT0019,0,0.0,0.0,0.0,False
2021-09-28,US1SCGT0024,0,0.0,0.0,0.0,False
2021-09-28,US1SCGT0044,0,0.02,-0.02,-0.01,False
2021-09-28,US1SCGT0046,0,0.0,0.0,0.0,False
2021-09-28,US1SCHM0007,0,0.0,0.0,0.0,False
2021-09-28,US1SCHM0018,0,0.01,-0.01,-0.0,False
2021-09-28,US1SCHM0021,0,0.0,0.0,0.0,False
2021-09-28,US1SCHR0020,0,0.0,0.0,0.0,False
2021-09-28,US1SCHR0039,0,0.0,0.0,0.0,False
2021-09-28,US1SCHR0046,0,0.0,0.0,0.0,False
2021-09-28,US1SCHR0061,0,0.0,0.0,0.0,False
2021-09-28,US1SCHR0064,0,0.0,0.0,0.0,False
2021-09-28,US1SCHR0065,0,0.0,0.0,0.0,False
2021-09-28,US1SCHR0067,0,0.0,0.0,0.0,False
2021-09-28,US1SCHR0071,0,0.0,0.0,0.0,False
2021-09-28,US1SCHR0073,0,0.0,0.0,0.0,False
2021-09-28,US1SCHR0075,0,0.0,0.0,0.0,False
2021-09-28,US1SCHR0106,0,0.0,0.0,0.0,False
2021-09-28,US1SCHR0111,0,0.0,0.0,0.0,False
2021-09-28,US1SCHR0119,0,0.0,0.0,0.0,False
2021-09-28,US1SCHR0122,0,0.0,0.0,0.0,False
2021-09-28,US1SCHR0123,0,0.0,0.0,0.0,False
2021-09-28,US1SCHR0124,0,0.0,0.0,0.0,False
2021-09-28,US1SCHR0125,0,0.0,0.0,0.0,False
2021-09-28,US1SCHR0126,0,0.0,0.0,0.0,False
2021-09-28,US1SCHR0134,0,0.0,0.0,0.0,False
2021-09-28,US1SCHR0136,0,0.0,0.0,0.0,False
2021-09-28,US1SCHR0137,0,0.0,0.0,0.0,False
2021-09-28,US1SCJS0003,0,0.01,-0.01,-0.0,False
2021-09-28,US1SCJS0009,0,0.0,0.0,0.0,False
2021-09-28,US1SCLX0005,0,0.05,-0.05,-0.02,False
2021-09-28,US1SCLX0022,0,0.04,-0.04,-0.01,False
2021-09-28,US1SCLX0031,0,0.06,-0.06,-0.02,False
2021-09-28,US1SCLX0069,0,0.04,-0.04,-0.02,False
2021-09-28,US1SCLX0093,0,0.04,-0.04,-0.01,False
2021-09-28,US1SCLX0096,0,0.15,-0.15,-0.06,False
2021-09-28,US1SCLX0097,0,0.08,-0.08,-0.03,False
2021-09-28,US1SCLX0098,0,0.07,-0.07,-0.03,False
2021-09-28,US1SCLX0122,0,0.03,-0.03,-0.01,False
2021-09-28,US1SCLX0127,0,0.03,-0.03,-0.01,False
2021-09-28,US1SCLX0137,0,0.08,-0.08,-0.03,False
2021-09-28,US1SCLX0154,0,0.02,-0.02,-0.01,False
2021-09-28,US1SCLX0169,0,0.09,-0.09,-0.03,False
2021-09-28,US1SCLX0173,0,0.3,-0.3,-0.12,False
2021-09-28,US1SCLX0184,0,0.05,-0.05,-0.02,False
2021-09-28,US1SCLX0185,0,0.04,-0.04,-0.01,False
2021-09-28,US1SCMC0008,0,0.0,0.0,0.0,False
2021-09-28,US1SCOR0017,0,0.02,-0.02,-0.01,False
2021-09-28,US1SCOR0022,0,0.03,-0.03,-0.01,False
2021-09-28,US1SCOR0025,0,0.02,-0.02,-0.01,False
2021-09-28,US1SCOR0041,0,0.03,-0.03,-0.01,False
2021-09-28,US1SCOR0048,0,0.03,-0.03,-0.01,False
2021-09-28,US1SCOR0049,0,0.03,-0.03,-0.01,False
2021-09-28,US1SCRC0030,0,0.1,-0.1,-0.04,False
2021-09-28,US1SCRC0042,0,0.24,-0.24,-0.09,False
2021-09-28,US1SCRC0122,0,0.32,-0.32,-0.12,False
2021-09-28,US1SCRC0123,0,0.13,-0.13,-0.05,False
2021-09-28,US1SCSL0002,0,0.02,-0.02,-0.01,False
2021-09-28,US1SCSL0010,0,0.02,-0.02,-0.01,False
2021-09-28,US1SCSM0010,0,0.01,-0.01,-0.0,False
2021-09-28,US1SCSM0013,0,0.01,-0.01,-0.0,False
2021-09-28,US1SCSM0020,0,0.02,-0.02,-0.01,False
2021-09-28,US1SCSM0026,0,0.02,-0.02,-0.01,False
2021-09-28,US1SCSM0030,0,0.02,-0.02,-0.01,False
2021-09-28,US1SCSM0041,0,0.02,-0.02,-0.01,False
2021-09-28,US1SCWL0002,0,0.0,0.0,0.0,False
2021-09-28,USC00080236,0,0.05,-0.05,-0.02,False
2021-09-28,USC00080369,0,0.15,-0.15,-0.06,False
2021-09-28,USC00080478,0,0.12,-0.12,-0.05,False
2021-09-28,USC00080737,0,0.77,-0.77,-0.3,False
2021-09-28,USC00080945,0,0.3,-0.3,-0.12,False
2021-09-28,USC00081276,0,0.0,0.0,0.0,False
2021-09-28,USC00081641,0,0.04,-0.04,-0.02,False
2021-09-28,USC00082008,0,0.0,0.0,0.0,False
2021-09-28,USC00082150,0,0.0,0.0,0.0,False
2021-09-28,USC00082229,0,0.0,0.0,0.0,False
2021-09-28,USC00082298,0,0.6,-0.6,-0.23,False
2021-09-28,USC00083153,0,0.21,-0.21,-0.08,False
2021-09-28,USC00083163,0,0.0,0.0,0.0,False
2021-09-28,USC00083207,0,0.0,0.0,0.0,False
2021-09-28,USC00083874,0,0.0,0.0,0.0,False
2021-09-28,USC00083986,0,0.12,-0.12,-0.05,False
2021-09-28,USC00084050,0,0.0,0.0,0.0,False
2021-09-28,USC00084289,0,0.0,0.0,0.0,False
2021-09-28,USC00084366,0,0.0,0.0,0.0,False
2021-09-28,USC00084394,0,0.06,-0.06,-0.02,False
2021-09-28,USC00084461,0,0.0,0.0,0.0,False
2021-09-28,USC00084500,0,0.0,0.0,0.0,False
2021-09-28,USC00084621,0,0.0,0.0,0.0,False
2021-09-28,USC00084625,0,0.0,0.0,0.0,False
2021-09-28,USC00084731,0,0.0,0.0,0.0,False
2021-09-28,USC00084802,0,0.11,-0.11,-0.04,False
2021-09-28,USC00085076,0,0.0,0.0,0.0,False
2021-09-28,USC00085099,0,0.02,-0.02,-0.01,False
2021-09-28,USC00085184,0,0.0,0.0,0.0,False
2021-09-28,USC00085539,0,0.0,0.0,0.0,False
2021-09-28,USC00085612,0,0.0,0.0,0.0,False
2021-09-28,USC00085880,0,0.07,-0.07,-0.03,False
2021-09-28,USC00085895,0,0.47,-0.47,-0.18,False
2021-09-28,USC00085973,0,0.07,-0.07,-0.03,False
2021-09-28,USC00086048,0,0.44,-0.44,-0.17,False
2021-09-28,USC00086065,0,0.26,-0.26,-0.1,False
2021-09-28,USC00086078,51,0.0,51.0,19.81,True
2021-09-28,USC00086092,0,0.0,0.0,0.0,False
2021-09-28,USC00086634,0,0.0,0.0,0.0,False
2021-09-28,USC00086657,0,0.55,-0.55,-0.21,False
2021-09-28,USC00086761,0,0.0,0.0,0.0,False
2021-09-28,USC00086764,0,0.0,0.0,0.0,False
2021-09-28,USC00087025,0,0.0,0.0,0.0,False
2021-09-28,USC00087205,0,0.15,-0.15,-0.06,False
2021-09-28,USC00087228,0,0.0,0.0,0.0,False
2021-09-28,USC00087261,0,0.0,0.0,0.0,False
2021-09-28,USC00087304,0,0.0,0.0,0.0,False
2021-09-28,USC00087397,0,0.25,-0.25,-0.1,False
2021-09-28,USC00087851,0,0.07,-0.07,-0.03,False
2021-09-28,USC00087982,0,0.0,0.0,0.0,False
2021-09-28,USC00088051,0,0.0,0.0,0.0,False
2021-09-28,USC00088368,0,0.0,0.0,0.0,False
2021-09-28,USC00088620,0,0.0,0.0,0.0,False
2021-09-28,USC00088782,0,0.15,-0.15,-0.06,False
2021-09-28,USC00088824,0,0.1,-0.1,-0.04,False
2021-09-28,USC00088942,0,0.0,0.0,0.0,False
2021-09-28,USC00089120,0,0.0,0.0,0.0,False
2021-09-28,USC00089176,0,0.26,-0.26,-0.1,False
2021-09-28,USC00089219,0,0.0,0.0,0.0,False
2021-09-28,USC00089401,0,0.17,-0.17,-0.07,False
2021-09-28,USC00090311,0,0.0,0.0,0.0,False
2021-09-28,USC00091266,0,0.0,0.0,0.0,False
2021-09-28,USC00092266,0,0.12,-0.12,-0.05,False
2021-09-28,USC00092844,0,0.07,-0.07,-0.03,False
2021-09-28,USC00092966,0,0.06,-0.06,-0.02,False
2021-09-28,USC00093538,0,0.0,0.0,0.0,False
2021-09-28,USC00093754,0,0.0,0.0,0.0,False
2021-09-28,USC00094170,0,0.14,-0.14,-0.05,False
2021-09-28,USC00094862,0,0.0,0.0,0.0,False
2021-09-28,USC00095204,0,0.0,0.0,0.0,False
2021-09-28,USC00095205,0,0.0,0.0,0.0,False
2021-09-28,USC00095314,0,0.0,0.0,0.0,False
2021-09-28,USC00095988,0,0.04,-0.04,-0.01,False
2021-09-28,USC00096087,0,0.05,-0.05,-0.02,False
2021-09-28,USC00096126,0,0.0,0.0,0.0,False
2021-09-28,USC00097528,0,0.0,0.0,0.0,False
2021-09-28,USC00097777,0,0.02,-0.02,-0.01,False
2021-09-28,USC00097808,0,0.0,0.0,0.0,False
2021-09-28,USC00098677,0,0.0,0.0,0.0,False
2021-09-28,USC00098703,0,0.05,-0.05,-0.02,False
2021-09-28,USC00099124,0,0.17,-0.17,-0.07,False
2021-09-28,USC00099194,0,0.0,0.0,0.0,False
2021-09-28,USC00099486,0,0.0,0.0,0.0,False
2021-09-28,USC00380072,0,0.01,-0.01,-0.0,False
2021-09-28,USC00380184,0,0.02,-0.02,-0.01,False
2021-09-28,USC00380448,0,0.02,-0.02,-0.01,False
2021-09-28,USC00380490,0,0.02,-0.02,-0.01,False
2021-09-28,USC00380506,0,0.03,-0.03,-0.01,False
2021-09-28,USC00381093,0,0.0,0.0,0.0,False
2021-09-28,USC00381241,0,0.0,0.0,0.0,False
2021-09-28,USC00381726,0,0.0,0.0,0.0,False
2021-09-28,USC00381944,3,0.0,3.0,1.17,False
2021-09-28,USC00383470,0,0.02,-0.02,-0.01,False
2021-09-28,USC00383665,0,0.01,-0.01,-0.0,False
2021-09-28,USC00384205,0,0.03,-0.03,-0.01,False
2021-09-28,USC00384449,0,0.02,-0.02,-0.01,False
2021-09-28,USC00384607,0,0.02,-0.02,-0.01,False
2021-09-28,USC00384886,0,0.0,0.0,0.0,False
2021-09-28,USC00385493,0,0.03,-0.03,-0.01,False
2021-09-28,USC00385660,0,0.0,0.0,0.0,False
2021-09-28,USC00385946,0,0.02,-0.02,-0.01,False
2021-09-28,USC00386153,0,0.0,0.0,0.0,False
2021-09-28,USC00386527,0,0.02,-0.02,-0.01,False
2021-09-28,USC00386775,0,0.02,-0.02,-0.01,False
2021-09-28,USC00387631,0,0.03,-0.03,-0.01,False
2021-09-28,USC00388426,0,0.02,-0.02,-0.01,False
2021-09-28,USC00388440,0,0.02,-0.02,-0.01,False
2021-09-28,USC00388474,0,0.05,-0.05,-0.02,False
2021-09-28,USC00388879,0,0.02,-0.02,-0.01,False
2021-09-28,USC00388922,0,0.02,-0.02,-0.01,False
2021-09-28,USC00389469,0,0.01,-0.01,-0.01,False
2021-09-28,USW00003728,0,0.02,-0.02,-0.01,False
2021-09-28,USW00003813,0,0.14,-0.14,-0.05,False
2021-09-28,USW00003820,0,0.0,0.0,0.0,False
2021-09-28,USW00003822,0,0.0,0.0,0.0,False
2021-09-28,USW00003853,0,0.0,0.0,0.0,False
2021-09-28,USW00012812,0,0.25,-0.25,-0.1,False
2021-09-28,USW00012815,0,0.0,0.0,0.0,False
2021-09-28,USW00012816,0,0.0,0.0,0.0,False
2021-09-28,USW00012818,0,0.05,-0.05,-0.02,False
2021-09-28,USW00012819,0,0.0,0.0,0.0,False
2021-09-28,USW00012833,0,0.0,0.0,0.0,False
2021-09-28,USW00012834,0,0.0,0.0,0.0,False
2021-09-28,USW00012835,0,0.55,-0.55,-0.21,False
2021-09-28,USW00012838,0,0.0,0.0,0.0,False
2021-09-28,USW00012841,0,0.0,0.0,0.0,False
2021-09-28,USW00012842,0,0.17,-0.17,-0.07,False
2021-09-28,USW00012843,0,0.0,0.0,0.0,False
2021-09-28,USW00012844,0,0.0,0.0,0.0,False
2021-09-28,USW00012849,0,0.0,0.0,0.0,False
2021-09-28,USW00012854,0,0.0,0.0,0.0,False
2021-09-28,USW00012861,0,0.0,0.0,0.0,False
2021-09-28,USW00012871,0,0.35,-0.35,-0.14,False
2021-09-28,USW00012873,0,0.12,-0.12,-0.05,False
2021-09-28,USW00012876,0,0.07,-0.07,-0.03,False
2021-09-28,USW00012883,0,0.12,-0.12,-0.05,False
2021-09-28,USW00012885,0,0.0,0.0,0.0,False
2021-09-28,USW00012894,0,0.89,-0.89,-0.34,False
2021-09-28,USW00012895,0,0.0,0.0,0.0,False
2021-09-28,USW00012897,0,4.31,-4.31,-1.67,False
2021-09-28,USW00013782,0,0.04,-0.04,-0.01,False
2021-09-28,USW00013837,0,0.0,0.0,0.0,False
2021-09-28,USW00013870,0,0.08,-0.08,-0.03,False
2021-09-28,USW00013873,0,0.0,0.0,0.0,False
2021-09-28,USW00013878,0,0.0,0.0,0.0,False
2021-09-28,USW00013880,0,0.04,-0.04,-0.02,False
2021-09-28,USW00013883,0,0.09,-0.09,-0.04,False
2021-09-28,USW00013889,0,0.0,0.0,0.0,False
2021-09-28,USW00053854,0,0.02,-0.02,-0.01,False
2021-09-28,USW00053860,0,0.0,0.0,0.0,False
2021-09-28,USW00053867,0,0.23,-0.23,-0.09,False
2021-09-28,USW00063803,0,0.0,0.0,0.0,False
2021-09-28,USW00063826,0,0.02,-0.02,-0.01,False
2021-09-28,USW00063850,0,0.0,0.0,0.0,False
2021-09-28,USW00063856,0,0.0,0.0,0.0,False
2021-09-28,USW00063890,0,0.0,0.0,0.0,False
2021-09-28,USW00092805,0,0.0,0.0,0.0,False
2021-09-28,USW00092806,0,0.13,-0.13,-0.05,False
2021-09-28,USW00092814,0,0.0,0.0,0.0,False
2021-09-28,USW00092821,0,0.0,0.0,0.0,False
2021-09-28,USW00092827,0,0.05,-0.05,-0.02,False
2021-09-28,USW00093718,0,0.0,0.0,0.0,False
2021-09-28,USW00093831,0,0.01,-0.01,-0.0,False
2021-09-28,USW00093837,0,0.0,0.0,0.0,False
2021-09-28,USW00093845,0,0.09,-0.09,-0.03,False
2021-09-29,US1FLAL0002,0,0.0,0.0,0.0,False
2021-09-29,US1FLAL0004,0,0.0,0.0,0.0,False
2021-09-29,US1FLAL0007,0,0.0,0.0,0.0,False
2021-09-29,US1FLAL0010,0,0.0,0.0,0.0,False
2021-09-29,US1FLAL0026,0,0.0,0.0,0.0,False
2021-09-29,US1FLAL0031,0,0.0,0.0,0.0,False
2021-09-29,US1FLAL0048,0,0.0,0.0,0.0,False
2021-09-29,US1FLAL0050,0,0.0,0.0,0.0,False
2021-09-29,US1FLAL0051,0,0.0,0.0,0.0,False
2021-09-29,US1FLAL0054,0,0.0,0.0,0.0,False
2021-09-29,US1FLAL0055,0,0.0,0.0,0.0,False
2021-09-29,US1FLAL0058,0,0.0,0.0,0.0,False
2021-09-29,US1FLAL0063,0,0.0,0.0,0.0,False
2021-09-29,US1FLAL0071,0,0.0,0.0,0.0,False
2021-09-29,US1FLAL0075,0,0.0,0.0,0.0,False
2021-09-29,US1FLAL0079,0,0.0,0.0,0.0,False
2021-09-29,US1FLAL0080,0,0.0,0.0,0.0,False
2021-09-29,US1FLAL0081,0,0.0,0.0,0.0,False
2021-09-29,US1FLAL0096,0,0.0,0.0,0.0,False
2021-09-29,US1FLBK0005,0,0.0,0.0,0.0,False
2021-09-29,US1FLBK0006,0,0.0,0.0,0.0,False
2021-09-29,US1FLBK0007,0,0.0,0.0,0.0,False
2021-09-29,US1FLBV0001,0,0.09,-0.09,-0.12,False
2021-09-29,US1FLBV0002,0,0.19,-0.19,-0.25,False
2021-09-29,US1FLBV0005,0,0.19,-0.19,-0.24,False
2021-09-29,US1FLBV0006,0,0.51,-0.51,-0.66,False
2021-09-29,US1FLBV0012,0,0.1,-0.1,-0.13,False
2021-09-29,US1FLBV0013,0,0.11,-0.11,-0.14,False
2021-09-29,US1FLBV0020,0,0.16,-0.16,-0.2,False
2021-09-29,US1FLBV0023,0,0.08,-0.08,-0.1,False
2021-09-29,US1FLBV0028,0,0.11,-0.11,-0.14,False
2021-09-29,US1FLBV0036,0,0.07,-0.07,-0.09,False
2021-09-29,US1FLBV0038,0,0.05,-0.05,-0.06,False
2021-09-29,US1FLBV0047,0,0.1,-0.1,-0.12,False
2021-09-29,US1FLBV0052,0,0.32,-0.32,-0.41,False
2021-09-29,US1FLBV0054,0,0.1,-0.1,-0.13,False
2021-09-29,US1FLBV0059,0,0.09,-0.09,-0.11,False
2021-09-29,US1FLBV0063,0,0.22,-0.22,-0.28,False
2021-09-29,US1FLBV0072,0,0.12,-0.12,-0.15,False
2021-09-29,US1FLBV0078,0,0.07,-0.07,-0.09,False
2021-09-29,US1FLBV0089,0,0.17,-0.17,-0.22,False
2021-09-29,US1FLBV0092,0,0.16,-0.16,-0.2,False
2021-09-29,US1FLBV0095,0,0.07,-0.07,-0.09,False
2021-09-29,US1FLBV0099,0,0.26,-0.26,-0.33,False
2021-09-29,US1FLBV0102,0,0.16,-0.16,-0.21,False
2021-09-29,US1FLBV0107,0,0.36,-0.36,-0.46,False
2021-09-29,US1FLBV0109,0,0.16,-0.16,-0.21,False
2021-09-29,US1FLBV0110,0,0.25,-0.25,-0.32,False
2021-09-29,US1FLBV0111,0,0.25,-0.25,-0.32,False
2021-09-29,US1FLBV0113,0,0.17,-0.17,-0.22,False
2021-09-29,US1FLBV0114,0,0.22,-0.22,-0.29,False
2021-09-29,US1FLBV0118,0,0.12,-0.12,-0.15,False
2021-09-29,US1FLBV0123,0,0.15,-0.15,-0.2,False
2021-09-29,US1FLBV0124,0,0.47,-0.47,-0.61,False
2021-09-29,US1FLBV0125,0,0.83,-0.83,-1.06,False
2021-09-29,US1FLBW0007,0,0.16,-0.16,-0.21,False
2021-09-29,US1FLBW0016,0,0.18,-0.18,-0.23,False
2021-09-29,US1FLBW0026,0,0.15,-0.15,-0.19,False
2021-09-29,US1FLBW0076,0,0.17,-0.17,-0.21,False
2021-09-29,US1FLBW0079,0,1.07,-1.07,-1.38,False
2021-09-29,US1FLBW0095,0,0.18,-0.18,-0.23,False
2021-09-29,US1FLBW0099,0,0.24,-0.24,-0.31,False
2021-09-29,US1FLBW0110,0,0.17,-0.17,-0.22,False
2021-09-29,US1FLBW0121,0,0.16,-0.16,-0.21,False
2021-09-29,US1FLBW0137,0,0.2,-0.2,-0.25,False
2021-09-29,US1FLBW0151,0,0.22,-0.22,-0.28,False
2021-09-29,US1FLBW0155,0,0.2,-0.2,-0.26,False
2021-09-29,US1FLBW0159,0,0.22,-0.22,-0.28,False
2021-09-29,US1FLBW0160,0,0.23,-0.23,-0.3,False
2021-09-29,US1FLBW0161,0,0.23,-0.23,-0.3,False
2021-09-29,US1FLBW0162,5,0.04,4.96,6.37,True
2021-09-29,US1FLBW0165,0,1.26,-1.26,-1.62,False
2021-09-29,US1FLBW0167,0,0.16,-0.16,-0.2,False
2021-09-29,US1FLCB0010,0,0.0,0.0,0.0,False
2021-09-29,US1FLCB0012,0,0.0,0.0,0.0,False
2021-09-29,US1FLCB0019,0,0.0,0.0,0.0,False
2021-09-29,US1FLCB0024,0,0.0,0.0,0.0,False
2021-09-29,US1FLCB0025,0,0.0,0.0,0.0,False
2021-09-29,US1FLCB0026,0,0.0,0.0,0.0,False
2021-09-29,US1FLCH0013,0,0.0,0.0,0.0,False
2021-09-29,US1FLCH0015,0,0.0,0.0,0.0,False
2021-09-29,US1FLCH0019,0,0.0,0.0,0.0,False
2021-09-29,US1FLCH0023,0,0.0,0.0,0.0,False
2021-09-29,US1FLCH0029,0,0.0,0.0,0.0,False
2021-09-29,US1FLCH0034,0,0.0,0.0,0.0,False
2021-09-29,US1FLCH0035,0,0.0,0.0,0.0,False
2021-09-29,US1FLCH0036,0,0.0,0.0,0.0,False
2021-09-29,US1FLCH0039,0,0.0,0.0,0.0,False
2021-09-29,US1FLCH0040,0,0.0,0.0,0.0,False
2021-09-29,US1FLCR0012,0,0.14,-0.14,-0.18,False
2021-09-29,US1FLCR0013,0,0.14,-0.14,-0.18,False
2021-09-29,US1FLCR0052,0,0.18,-0.18,-0.23,False
2021-09-29,US1FLCR0053,0,0.17,-0.17,-0.22,False
2021-09-29,US1FLCR0057,0,0.1,-0.1,-0.13,False
2021-09-29,US1FLCR0059,0,0.17,-0.17,-0.21,False
2021-09-29,US1FLCR0060,0,0.1,-0.1,-0.13,False
2021-09-29,US1FLCR0062,0,0.11,-0.11,-0.14,False
2021-09-29,US1FLCR0066,0,0.11,-0.11,-0.14,False
2021-09-29,US1FLCT0008,0,0.0,0.0,0.0,False
2021-09-29,US1FLCT0011,0,0.0,0.0,0.0,False
2021-09-29,US1FLCT0015,0,0.0,0.0,0.0,False
2021-09-29,US1FLCT0024,0,0.0,0.0,0.0,False
2021-09-29,US1FLCT0030,0,0.0,0.0,0.0,False
2021-09-29,US1FLCT0031,0,0.0,0.0,0.0,False
2021-09-29,US1FLCT0034,0,0.0,0.0,0.0,False
2021-09-29,US1FLCT0035,0,0.0,0.0,0.0,False
2021-09-29,US1FLCT0036,0,0.0,0.0,0.0,False
2021-09-29,US1FLCT0037,0,0.0,0.0,0.0,False
2021-09-29,US1FLCT0038,0,0.0,0.0,0.0,False
2021-09-29,US1FLCT0039,0,0.0,0.0,0.0,False
2021-09-29,US1FLCT0041,0,0.0,0.0,0.0,False
2021-09-29,US1FLCY0001,0,0.0,0.0,0.0,False
2021-09-29,US1FLCY0003,0,0.0,0.0,0.0,False
2021-09-29,US1FLCY0007,0,0.0,0.0,0.0,False
2021-09-29,US1FLCY0025,0,0.0,0.0,0.0,False
2021-09-29,US1FLCY0037,0,0.0,0.0,0.0,False
2021-09-29,US1FLCY0038,0,0.0,0.0,0.0,False
2021-09-29,US1FLCY0039,0,0.0,0.0,0.0,False
2021-09-29,US1FLCY0041,0,0.0,0.0,0.0,False
2021-09-29,US1FLCY0051,0,0.0,0.0,0.0,False
2021-09-29,US1FLCY0054,0,0.0,0.0,0.0,False
2021-09-29,US1FLCY0055,0,0.0,0.0,0.0,False
2021-09-29,US1FLDS0003,0,0.0,0.0,0.0,False
2021-09-29,US1FLDV0003,0,0.0,0.0,0.0,False
2021-09-29,US1FLDV0013,0,0.0,0.0,0.0,False
2021-09-29,US1FLDV0021,0,0.0,0.0,0.0,False
2021-09-29,US1FLDV0028,0,0.0,0.0,0.0,False
2021-09-29,US1FLDV0033,0,0.0,0.0,0.0,False
2021-09-29,US1FLDV0042,0,0.0,0.0,0.0,False
2021-09-29,US1FLDV0050,0,0.0,0.0,0.0,False
2021-09-29,US1FLDV0059,0,0.0,0.0,0.0,False
2021-09-29,US1FLDV0063,0,0.0,0.0,0.0,False
2021-09-29,US1FLDV0069,0,0.0,0.0,0.0,False
2021-09-29,US1FLDV0071,0,0.0,0.0,0.0,False
2021-09-29,US1FLDV0079,0,0.0,0.0,0.0,False
2021-09-29,US1FLDV0091,0,0.0,0.0,0.0,False
2021-09-29,US1FLDV0094,0,0.0,0.0,0.0,False
2021-09-29,US1FLDV0106,0,0.0,0.0,0.0,False
2021-09-29,US1FLDV0117,0,0.0,0.0,0.0,False
2021-09-29,US1FLDV0118,0,0.0,0.0,0.0,False
2021-09-29,US1FLDX0003,0,0.0,0.0,0.0,False
2021-09-29,US1FLFL0024,0,0.0,0.0,0.0,False
2021-09-29,US1FLFL0032,0,0.0,0.0,0.0,False
2021-09-29,US1FLFL0033,0,0.0,0.0,0.0,False
2021-09-29,US1FLFL0036,0,0.0,0.0,0.0,False
2021-09-29,US1FLFL0037,0,0.0,0.0,0.0,False
2021-09-29,US1FLFL0039,0,0.0,0.0,0.0,False
2021-09-29,US1FLFL0040,0,0.0,0.0,0.0,False
2021-09-29,US1FLFL0042,0,0.0,0.0,0.0,False
2021-09-29,US1FLFL0047,0,0.0,0.0,0.0,False
2021-09-29,US1FLFL0049,0,0.0,0.0,0.0,False
2021-09-29,US1FLFL0050,0,0.0,0.0,0.0,False
2021-09-29,US1FLGC0003,0,0.0,0.0,0.0,False
2021-09-29,US1FLGC0008,0,0.0,0.0,0.0,False
2021-09-29,US1FLGL0007,0,0.1,-0.1,-0.13,False
2021-09-29,US1FLGL0013,0,0.13,-0.13,-0.17,False
2021-09-29,US1FLHB0001,0,0.0,0.0,0.0,False
2021-09-29,US1FLHB0004,0,0.0,0.0,0.0,False
2021-09-29,US1FLHB0005,0,0.0,0.0,0.0,False
2021-09-29,US1FLHB0010,0,0.0,0.0,0.0,False
2021-09-29,US1FLHB0017,0,0.0,0.0,0.0,False
2021-09-29,US1FLHB0027,0,0.0,0.0,0.0,False
2021-09-29,US1FLHB0029,0,0.0,0.0,0.0,False
2021-09-29,US1FLHB0033,0,0.0,0.0,0.0,False
2021-09-29,US1FLHB0037,0,0.0,0.0,0.0,False
2021-09-29,US1FLHB0040,0,0.0,0.0,0.0,False
2021-09-29,US1FLHB0044,0,0.0,0.0,0.0,False
2021-09-29,US1FLHB0048,0,0.0,0.0,0.0,False
2021-09-29,US1FLHB0051,0,0.0,0.0,0.0,False
2021-09-29,US1FLHB0055,0,0.0,0.0,0.0,False
2021-09-29,US1FLHB0060,0,0.0,0.0,0.0,False
2021-09-29,US1FLHB0069,0,0.0,0.0,0.0,False
2021-09-29,US1FLHB0098,0,0.0,0.0,0.0,False
2021-09-29,US1FLHB0107,0,0.0,0.0,0.0,False
2021-09-29,US1FLHB0114,0,0.0,0.0,0.0,False
2021-09-29,US1FLHB0120,0,0.0,0.0,0.0,False
2021-09-29,US1FLHB0130,0,0.0,0.0,0.0,False
2021-09-29,US1FLHB0139,0,0.0,0.0,0.0,False
2021-09-29,US1FLHB0140,0,0.0,0.0,0.0,False
2021-09-29,US1FLHB0141,0,0.0,0.0,0.0,False
2021-09-29,US1FLHB0154,0,0.0,0.0,0.0,False
2021-09-29,US1FLHB0156,0,0.0,0.0,0.0,False
2021-09-29,US1FLHB0160,0,0.0,0.0,0.0,False
2021-09-29,US1FLHB0162,0,0.0,0.0,0.0,False
2021-09-29,US1FLHB0163,0,0.0,0.0,0.0,False
2021-09-29,US1FLHB0166,0,0.0,0.0,0.0,False
2021-09-29,US1FLHB0167,0,0.0,0.0,0.0,False
2021-09-29,US1FLHD0003,0,0.0,0.0,0.0,False
2021-09-29,US1FLHL0001,0,0.0,0.0,0.0,False
2021-09-29,US1FLHL0003,0,0.0,0.0,0.0,False
2021-09-29,US1FLHL0012,0,0.05,-0.05,-0.06,False
2021-09-29,US1FLHL0013,0,0.0,0.0,0.0,False
2021-09-29,US1FLHL0030,0,0.0,0.0,0.0,False
2021-09-29,US1FLHL0038,0,0.0,0.0,0.0,False
2021-09-29,US1FLHL0043,0,0.0,0.0,0.0,False
2021-09-29,US1FLHN0007,0,0.0,0.0,0.0,False
2021-09-29,US1FLHN0008,0,0.0,0.0,0.0,False
2021-09-29,US1FLHN0011,0,0.0,0.0,0.0,False
2021-09-29,US1FLHN0014,0,0.0,0.0,0.0,False
2021-09-29,US1FLHN0022,0,0.0,0.0,0.0,False
2021-09-29,US1FLHN0024,0,0.0,0.0,0.0,False
2021-09-29,US1FLHN0026,0,0.0,0.0,0.0,False
2021-09-29,US1FLHN0035,0,0.0,0.0,0.0,False
2021-09-29,US1FLHN0039,0,0.0,0.0,0.0,False
2021-09-29,US1FLHN0040,0,0.0,0.0,0.0,False
2021-09-29,US1FLHN0041,0,0.0,0.0,0.0,False
2021-09-29,US1FLHN0043,0,0.0,0.0,0.0,False
2021-09-29,US1FLHY0003,0,0.1,-0.1,-0.13,False
2021-09-29,US1FLHY0008,0,0.1,-0.1,-0.13,False
2021-09-29,US1FLHY0011,0,0.11,-0.11,-0.14,False
2021-09-29,US1FLHY0012,0,0.36,-0.36,-0.47,False
2021-09-29,US1FLIR0006,0,0.03,-0.03,-0.04,False
2021-09-29,US1FLIR0015,0,0.03,-0.03,-0.04,False
2021-09-29,US1FLIR0019,0,0.08,-0.08,-0.1,False
2021-09-29,US1FLIR0024,0,0.03,-0.03,-0.04,False
2021-09-29,US1FLIR0026,0,0.04,-0.04,-0.05,False
2021-09-29,US1FLIR0027,0,0.04,-0.04,-0.05,False
2021-09-29,US1FLIR0036,0,0.04,-0.04,-0.06,False
2021-09-29,US1FLIR0041,0,0.05,-0.05,-0.06,False
2021-09-29,US1FLIR0048,0,0.06,-0.06,-0.08,False
2021-09-29,US1FLIR0050,0,0.03,-0.03,-0.04,False
2021-09-29,US1FLIR0051,0,0.1,-0.1,-0.13,False
2021-09-29,US1FLJF0007,0,0.0,0.0,0.0,False
2021-09-29,US1FLJF0009,0,0.0,0.0,0.0,False
2021-09-29,US1FLJF0010,0,0.0,0.0,0.0,False
2021-09-29,US1FLLE0006,0,0.11,-0.11,-0.13,False
2021-09-29,US1FLLE0022,0,0.0,0.0,0.0,False
2021-09-29,US1FLLE0037,0,0.07,-0.07,-0.09,False
2021-09-29,US1FLLE0055,0,0.06,-0.06,-0.08,False
2021-09-29,US1FLLE0057,0,0.0,0.0,0.0,False
2021-09-29,US1FLLE0059,0,0.0,0.0,0.0,False
2021-09-29,US1FLLE0065,0,0.09,-0.09,-0.11,False
2021-09-29,US1FLLE0068,0,0.14,-0.14,-0.17,False
2021-09-29,US1FLLE0072,0,0.06,-0.06,-0.08,False
2021-09-29,US1FLLK0003,0,0.0,0.0,0.0,False
2021-09-29,US1FLLK0016,0,0.0,0.0,0.0,False
2021-09-29,US1FLLK0021,0,0.0,0.0,0.0,False
2021-09-29,US1FLLK0023,0,0.0,0.0,0.0,False
2021-09-29,US1FLLK0028,0,0.0,0.0,0.0,False
2021-09-29,US1FLLK0031,0,0.0,0.0,0.0,False
2021-09-29,US1FLLK0036,0,0.0,0.0,0.0,False
2021-09-29,US1FLLK0043,0,0.0,0.0,0.0,False
2021-09-29,US1FLLK0044,0,0.0,0.0,0.0,False
2021-09-29,US1FLLK0045,0,0.0,0.0,0.0,False
2021-09-29,US1FLLV0001,0,0.0,0.0,0.0,False
2021-09-29,US1FLLV0004,0,0.0,0.0,0.0,False
2021-09-29,US1FLLV0014,0,0.0,0.0,0.0,False
2021-09-29,US1FLLV0015,0,0.0,0.0,0.0,False
2021-09-29,US1FLLV0017,0,0.0,0.0,0.0,False
2021-09-29,US1FLLV0018,0,0.0,0.0,0.0,False
2021-09-29,US1FLMA0006,0,0.0,0.0,0.0,False
2021-09-29,US1FLMA0010,0,0.0,0.0,0.0,False
2021-09-29,US1FLMA0011,0,0.0,0.0,0.0,False
2021-09-29,US1FLMA0022,0,0.0,0.0,0.0,False
2021-09-29,US1FLMA0028,0,0.0,0.0,0.0,False
2021-09-29,US1FLMA0029,0,0.0,0.0,0.0,False
2021-09-29,US1FLMA0032,0,0.0,0.0,0.0,False
2021-09-29,US1FLMA0034,0,0.0,0.0,0.0,False
2021-09-29,US1FLMA0040,0,0.0,0.0,0.0,False
2021-09-29,US1FLMA0041,0,0.0,0.0,0.0,False
2021-09-29,US1FLMA0043,0,0.0,0.0,0.0,False
2021-09-29,US1FLMA0044,0,0.0,0.0,0.0,False
2021-09-29,US1FLMR0003,0,0.0,0.0,0.0,False
2021-09-29,US1FLMR0004,0,0.0,0.0,0.0,False
2021-09-29,US1FLMR0012,0,0.0,0.0,0.0,False
2021-09-29,US1FLMR0013,0,0.0,0.0,0.0,False
2021-09-29,US1FLMR0018,0,0.0,0.0,0.0,False
2021-09-29,US1FLMR0032,0,0.0,0.0,0.0,False
2021-09-29,US1FLMR0036,0,0.0,0.0,0.0,False
2021-09-29,US1FLMR0042,0,0.0,0.0,0.0,False
2021-09-29,US1FLMR0054,0,0.0,0.0,0.0,False
2021-09-29,US1FLMR0056,0,0.0,0.0,0.0,False
2021-09-29,US1FLMR0057,0,0.0,0.0,0.0,False
2021-09-29,US1FLMR0059,0,0.0,0.0,0.0,False
2021-09-29,US1FLMR0065,0,0.0,0.0,0.0,False
2021-09-29,US1FLMR0066,0,0.0,0.0,0.0,False
2021-09-29,US1FLMR0068,0,0.0,0.0,0.0,False
2021-09-29,US1FLMR0074,0,0.0,0.0,0.0,False
2021-09-29,US1FLMR0079,0,0.0,0.0,0.0,False
2021-09-29,US1FLMT0001,0,0.02,-0.02,-0.02,False
2021-09-29,US1FLMT0016,0,0.12,-0.12,-0.15,False
2021-09-29,US1FLMT0018,0,0.0,0.0,0.0,False
2021-09-29,US1FLMT0021,0,0.0,0.0,0.0,False
2021-09-29,US1FLMT0026,0,0.1,-0.1,-0.13,False
2021-09-29,US1FLMT0028,0,0.0,0.0,0.0,False
2021-09-29,US1FLMT0031,0,0.0,0.0,0.0,False
2021-09-29,US1FLMT0035,0,0.02,-0.02,-0.03,False
2021-09-29,US1FLMT0036,0,0.0,0.0,0.0,False
2021-09-29,US1FLMT0037,0,0.02,-0.02,-0.02,False
2021-09-29,US1FLMT0039,0,0.01,-0.01,-0.02,False
2021-09-29,US1FLMT0042,0,0.02,-0.02,-0.03,False
2021-09-29,US1FLMT0043,0,0.0,0.0,0.0,False
2021-09-29,US1FLMT0045,0,0.02,-0.02,-0.02,False
2021-09-29,US1FLMT0046,0,0.02,-0.02,-0.02,False
2021-09-29,US1FLNS0012,0,0.0,0.0,0.0,False
2021-09-29,US1FLNS0014,0,0.0,0.0,0.0,False
2021-09-29,US1FLNS0017,0,0.0,0.0,0.0,False
2021-09-29,US1FLNS0021,0,0.0,0.0,0.0,False
2021-09-29,US1FLNS0022,0,0.0,0.0,0.0,False
2021-09-29,US1FLOB0002,0,0.05,-0.05,-0.07,False
2021-09-29,US1FLOR0019,0,0.03,-0.03,-0.04,False
2021-09-29,US1FLOR0025,0,0.02,-0.02,-0.02,False
2021-09-29,US1FLOR0026,0,0.02,-0.02,-0.02,False
2021-09-29,US1FLOR0027,0,0.02,-0.02,-0.02,False
2021-09-29,US1FLOR0030,0,0.03,-0.03,-0.04,False
2021-09-29,US1FLOR0034,0,0.0,0.0,0.0,False
2021-09-29,US1FLOR0035,0,0.0,0.0,0.0,False
2021-09-29,US1FLOR0043,0,0.0,0.0,0.0,False
2021-09-29,US1FLOR0046,0,0.02,-0.02,-0.03,False
2021-09-29,US1FLOR0054,0,0.0,0.0,0.0,False
2021-09-29,US1FLOR0055,0,0.02,-0.02,-0.03,False
2021-09-29,US1FLOR0061,0,0.0,0.0,0.0,False
2021-09-29,US1FLOR0062,0,0.0,0.0,0.0,False
2021-09-29,US1FLOR0065,0,0.03,-0.03,-0.03,False
2021-09-29,US1FLOR0068,0,0.02,-0.02,-0.03,False
2021-09-29,US1FLOS0001,0,0.03,-0.03,-0.04,False
2021-09-29,US1FLOS0027,0,0.04,-0.04,-0.06,False
2021-09-29,US1FLOS0029,0,0.04,-0.04,-0.05,False
2021-09-29,US1FLOS0031,0,0.03,-0.03,-0.04,False
2021-09-29,US1FLOS0036,0,0.06,-0.06,-0.07,False
2021-09-29,US1FLOS0037,0,0.04,-0.04,-0.05,False
2021-09-29,US1FLPB0002,0,0.11,-0.11,-0.15,False
2021-09-29,US1FLPB0012,0,0.11,-0.11,-0.14,False
2021-09-29,US1FLPB0013,0,0.13,-0.13,-0.16,False
2021-09-29,US1FLPB0034,0,0.14,-0.14,-0.18,False
2021-09-29,US1FLPB0037,0,0.13,-0.13,-0.17,False
2021-09-29,US1FLPB0044,0,0.16,-0.16,-0.21,False
2021-09-29,US1FLPB0061,0,0.16,-0.16,-0.2,False
2021-09-29,US1FLPB0063,0,0.15,-0.15,-0.19,False
2021-09-29,US1FLPB0072,0,0.11,-0.11,-0.14,False
2021-09-29,US1FLPB0077,0,0.1,-0.1,-0.13,False
2021-09-29,US1FLPB0080,0,0.25,-0.25,-0.32,False
2021-09-29,US1FLPB0081,0,0.05,-0.05,-0.06,False
2021-09-29,US1FLPB0087,0,0.12,-0.12,-0.15,False
2021-09-29,US1FLPB0098,0,0.14,-0.14,-0.18,False
2021-09-29,US1FLPK0018,0,0.0,0.0,0.0,False
2021-09-29,US1FLPK0032,0,0.0,0.0,0.0,False
2021-09-29,US1FLPK0034,0,0.0,0.0,0.0,False
2021-09-29,US1FLPK0035,0,0.0,0.0,0.0,False
2021-09-29,US1FLPK0039,0,0.0,0.0,0.0,False
2021-09-29,US1FLPK0067,0,0.03,-0.03,-0.04,False
2021-09-29,US1FLPK0073,0,0.0,0.0,0.0,False
2021-09-29,US1FLPK0076,0,0.0,0.0,0.0,False
2021-09-29,US1FLPK0078,0,0.03,-0.03,-0.03,False
2021-09-29,US1FLPK0081,0,0.0,0.0,0.0,False
2021-09-29,US1FLPK0083,0,0.0,0.0,0.0,False
2021-09-29,US1FLPK0084,0,0.0,0.0,0.0,False
2021-09-29,US1FLPN0006,0,0.0,0.0,0.0,False
2021-09-29,US1FLPN0009,0,0.0,0.0,0.0,False
2021-09-29,US1FLPN0017,0,0.0,0.0,0.0,False
2021-09-29,US1FLPN0034,0,0.0,0.0,0.0,False
2021-09-29,US1FLPN0035,0,0.0,0.0,0.0,False
2021-09-29,US1FLPN0036,0,0.0,0.0,0.0,False
2021-09-29,US1FLPN0060,0,0.0,0.0,0.0,False
2021-09-29,US1FLPN0071,0,0.0,0.0,0.0,False
2021-09-29,US1FLPN0074,0,0.0,0.0,0.0,False
2021-09-29,US1FLPN0077,0,0.0,0.0,0.0,False
2021-09-29,US1FLPN0079,0,0.0,0.0,0.0,False
2021-09-29,US1FLPN0081,0,0.0,0.0,0.0,False
2021-09-29,US1FLPN0083,0,0.0,0.0,0.0,False
2021-09-29,US1FLPN0087,0,0.0,0.0,0.0,False
2021-09-29,US1FLPN0090,0,0.0,0.0,0.0,False
2021-09-29,US1FLPN0091,0,0.0,0.0,0.0,False
2021-09-29,US1FLPN0094,0,0.0,0.0,0.0,False
2021-09-29,US1FLPN0096,0,0.0,0.0,0.0,False
2021-09-29,US1FLPN0097,0,0.0,0.0,0.0,False
2021-09-29,US1FLPN0099,0,0.0,0.0,0.0,False
2021-09-29,US1FLPN0104,0,0.0,0.0,0.0,False
2021-09-29,US1FLPN0105,0,0.0,0.0,0.0,False
2021-09-29,US1FLPN0108,0,0.0,0.0,0.0,False
2021-09-29,US1FLPN0111,0,0.0,0.0,0.0,False
2021-09-29,US1FLPS0001,0,0.0,0.0,0.0,False
2021-09-29,US1FLPS0004,0,0.0,0.0,0.0,False
2021-09-29,US1FLPS0006,0,0.0,0.0,0.0,False
2021-09-29,US1FLPS0007,0,0.0,0.0,0.0,False
2021-09-29,US1FLPS0010,0,0.0,0.0,0.0,False
2021-09-29,US1FLPS0015,0,0.0,0.0,0.0,False
2021-09-29,US1FLPS0043,0,0.0,0.0,0.0,False
2021-09-29,US1FLPS0049,0,0.0,0.0,0.0,False
2021-09-29,US1FLPS0051,0,0.0,0.0,0.0,False
2021-09-29,US1FLPS0065,0,0.0,0.0,0.0,False
2021-09-29,US1FLPS0072,0,0.0,0.0,0.0,False
2021-09-29,US1FLPS0073,0,0.0,0.0,0.0,False
2021-09-29,US1FLPS0074,0,0.0,0.0,0.0,False
2021-09-29,US1FLPS0075,0,0.0,0.0,0.0,False
2021-09-29,US1FLPT0004,0,0.0,0.0,0.0,False
2021-09-29,US1FLPT0007,0,0.0,0.0,0.0,False
2021-09-29,US1FLPT0008,0,0.0,0.0,0.0,False
2021-09-29,US1FLPT0012,0,0.0,0.0,0.0,False
2021-09-29,US1FLPT0021,0,0.0,0.0,0.0,False
2021-09-29,US1FLPT0024,0,0.0,0.0,0.0,False
2021-09-29,US1FLPT0026,0,0.0,0.0,0.0,False
2021-09-29,US1FLPT0027,0,0.0,0.0,0.0,False
2021-09-29,US1FLPT0029,0,0.0,0.0,0.0,False
2021-09-29,US1FLSJ0004,0,0.0,0.0,0.0,False
2021-09-29,US1FLSJ0016,0,0.0,0.0,0.0,False
2021-09-29,US1FLSJ0020,0,0.0,0.0,0.0,False
2021-09-29,US1FLSJ0023,0,0.0,0.0,0.0,False
2021-09-29,US1FLSJ0028,0,0.0,0.0,0.0,False
2021-09-29,US1FLSJ0030,0,0.0,0.0,0.0,False
2021-09-29,US1FLSJ0033,0,0.0,0.0,0.0,False
2021-09-29,US1FLSJ0034,0,0.0,0.0,0.0,False
2021-09-29,US1FLSJ0036,0,0.0,0.0,0.0,False
2021-09-29,US1FLSJ0039,0,0.0,0.0,0.0,False
2021-09-29,US1FLSL0013,0,0.02,-0.02,-0.03,False
2021-09-29,US1FLSL0015,0,0.04,-0.04,-0.06,False
2021-09-29,US1FLSL0017,0,0.03,-0.03,-0.04,False
2021-09-29,US1FLSL0019,0,0.03,-0.03,-0.04,False
2021-09-29,US1FLSL0033,0,0.03,-0.03,-0.04,False
2021-09-29,US1FLSL0048,0,0.03,-0.03,-0.04,False
2021-09-29,US1FLSL0050,0,0.02,-0.02,-0.03,False
2021-09-29,US1FLSL0051,0,0.03,-0.03,-0.04,False
2021-09-29,US1FLSL0054,0,0.02,-0.02,-0.03,False
2021-09-29,US1FLSM0008,0,0.03,-0.03,-0.04,False
2021-09-29,US1FLSM0026,0,0.02,-0.02,-0.03,False
2021-09-29,US1FLSM0030,0,0.02,-0.02,-0.03,False
2021-09-29,US1FLSM0034,0,0.03,-0.03,-0.03,False
2021-09-29,US1FLSM0035,0,0.02,-0.02,-0.03,False
2021-09-29,US1FLSM0037,0,0.03,-0.03,-0.04,False
2021-09-29,US1FLSM0038,0,0.02,-0.02,-0.03,False
2021-09-29,US1FLSM0039,0,0.0,0.0,0.0,False
2021-09-29,US1FLSS0014,0,0.0,0.0,0.0,False
2021-09-29,US1FLSS0015,0,0.0,0.0,0.0,False
2021-09-29,US1FLSS0022,0,0.0,0.0,0.0,False
2021-09-29,US1FLSS0034,0,0.0,0.0,0.0,False
2021-09-29,US1FLSS0040,0,0.0,0.0,0.0,False
2021-09-29,US1FLSS0052,0,0.0,0.0,0.0,False
2021-09-29,US1FLSS0056,0,0.0,0.0,0.0,False
2021-09-29,US1FLSS0059,0,0.0,0.0,0.0,False
2021-09-29,US1FLSS0063,0,0.0,0.0,0.0,False
2021-09-29,US1FLSS0071,0,0.0,0.0,0.0,False
2021-09-29,US1FLSS0073,0,0.0,0.0,0.0,False
2021-09-29,US1FLSS0075,0,0.0,0.0,0.0,False
2021-09-29,US1FLSS0077,0,0.0,0.0,0.0,False
2021-09-29,US1FLSS0079,0,0.0,0.0,0.0,False
2021-09-29,US1FLSS0080,0,0.0,0.0,0.0,False
2021-09-29,US1FLST0007,0,0.0,0.0,0.0,False
2021-09-29,US1FLST0008,0,0.0,0.0,0.0,False
2021-09-29,US1FLST0009,0,0.0,0.0,0.0,False
2021-09-29,US1FLST0012,0,0.0,0.0,0.0,False
2021-09-29,US1FLST0026,0,0.0,0.0,0.0,False
2021-09-29,US1FLST0032,0,0.0,0.0,0.0,False
2021-09-29,US1FLST0035,0,0.0,0.0,0.0,False
2021-09-29,US1FLST0037,0,0.0,0.0,0.0,False
2021-09-29,US1FLSW0001,0,0.0,0.0,0.0,False
2021-09-29,US1FLSW0008,0,0.0,0.0,0.0,False
2021-09-29,US1FLSW0011,0,0.0,0.0,0.0,False
2021-09-29,US1FLSW0014,0,0.0,0.0,0.0,False
2021-09-29,US1FLVL0001,0,0.0,0.0,0.0,False
2021-09-29,US1FLVL0003,0,0.0,0.0,0.0,False
2021-09-29,US1FLVL0005,0,0.0,0.0,0.0,False
2021-09-29,US1FLVL0009,0,0.0,0.0,0.0,False
2021-09-29,US1FLVL0024,0,0.0,0.0,0.0,False
2021-09-29,US1FLVL0029,0,0.0,0.0,0.0,False
2021-09-29,US1FLVL0037,0,0.0,0.0,0.0,False
2021-09-29,US1FLVL0038,0,0.04,-0.04,-0.05,False
2021-09-29,US1FLVL0040,0,0.02,-0.02,-0.02,False
2021-09-29,US1FLVL0042,0,0.0,0.0,0.0,False
2021-09-29,US1FLVL0044,0,0.0,0.0,0.0,False
2021-09-29,US1FLVL0051,0,0.0,0.0,0.0,False
2021-09-29,US1FLVL0060,0,0.0,0.0,0.0,False
2021-09-29,US1FLVL0061,0,0.0,0.0,0.0,False
2021-09-29,US1FLVL0062,0,0.0,0.0,0.0,False
2021-09-29,US1FLVL0063,0,0.0,0.0,0.0,False
2021-09-29,US1FLVL0070,0,0.0,0.0,0.0,False
2021-09-29,US1FLVL0071,0,0.0,0.0,0.0,False
2021-09-29,US1FLVL0073,0,0.0,0.0,0.0,False
2021-09-29,US1FLVL0075,0,0.02,-0.02,-0.02,False
2021-09-29,US1FLVL0081,0,0.0,0.0,0.0,False
2021-09-29,US1FLVL0082,0,0.0,0.0,0.0,False
2021-09-29,US1FLVL0083,0,0.0,0.0,0.0,False
2021-09-29,US1FLVL0084,0,0.0,0.0,0.0,False
2021-09-29,US1FLVL0086,0,0.0,0.0,0.0,False
2021-09-29,US1FLVL0089,0,0.0,0.0,0.0,False
2021-09-29,US1FLVL0090,0,0.0,0.0,0.0,False
2021-09-29,US1FLVL0091,0,0.0,0.0,0.0,False
2021-09-29,US1FLVL0099,0,0.0,0.0,0.0,False
2021-09-29,US1FLVL0100,0,0.03,-0.03,-0.03,False
2021-09-29,US1FLVL0101,0,0.0,0.0,0.0,False
2021-09-29,US1FLVL0104,0,0.0,0.0,0.0,False
2021-09-29,US1FLVL0105,0,0.0,0.0,0.0,False
2021-09-29,US1GAAP0005,0,0.05,-0.05,-0.06,False
2021-09-29,US1GAAP0006,0,0.0,0.0,0.0,False
2021-09-29,US1GAAP0007,0,0.06,-0.06,-0.08,False
2021-09-29,US1GABB0016,0,0.0,0.0,0.0,False
2021-09-29,US1GABB0019,0,0.0,0.0,0.0,False
2021-09-29,US1GABD0001,0,0.0,0.0,0.0,False
2021-09-29,US1GABD0005,0,0.0,0.0,0.0,False
2021-09-29,US1GABK0001,0,0.0,0.0,0.0,False
2021-09-29,US1GABR0002,0,0.12,-0.12,-0.16,False
2021-09-29,US1GABR0005,0,0.12,-0.12,-0.15,False
2021-09-29,US1GABR0009,3,0.0,3.0,3.85,True
2021-09-29,US1GABU0013,0,0.03,-0.03,-0.04,False
2021-09-29,US1GABU0021,0,0.04,-0.04,-0.05,False
2021-09-29,US1GABY0001,0,0.04,-0.04,-0.06,False
2021-09-29,US1GACF0001,0,0.0,0.0,0.0,False
2021-09-29,US1GACH0006,0,0.0,0.0,0.0,False
2021-09-29,US1GACI0003,0,0.0,0.0,0.0,False
2021-09-29,US1GACK0006,0,0.0,0.0,0.0,False
2021-09-29,US1GACK0010,0,0.0,0.0,0.0,False
2021-09-29,US1GACK0011,0,0.0,0.0,0.0,False
2021-09-29,US1GACK0012,0,0.0,0.0,0.0,False
2021-09-29,US1GACK0017,0,0.0,0.0,0.0,False
2021-09-29,US1GACK0027,0,0.0,0.0,0.0,False
2021-09-29,US1GACK0030,0,0.0,0.0,0.0,False
2021-09-29,US1GACK0038,0,0.0,0.0,0.0,False
2021-09-29,US1GACM0014,0,0.0,0.0,0.0,False
2021-09-29,US1GACM0018,0,0.0,0.0,0.0,False
2021-09-29,US1GACM0019,0,0.0,0.0,0.0,False
2021-09-29,US1GACM0020,0,0.0,0.0,0.0,False
2021-09-29,US1GACM0021,0,0.0,0.0,0.0,False
2021-09-29,US1GACO0003,0,0.0,0.0,0.0,False
2021-09-29,US1GACQ0012,0,0.0,0.0,0.0,False
2021-09-29,US1GACQ0013,0,0.0,0.0,0.0,False
2021-09-29,US1GACT0001,0,0.04,-0.04,-0.05,False
2021-09-29,US1GACT0003,0,0.03,-0.03,-0.04,False
2021-09-29,US1GACT0019,0,0.04,-0.04,-0.05,False
2021-09-29,US1GACT0028,0,0.03,-0.03,-0.04,False
2021-09-29,US1GACT0036,0,0.05,-0.05,-0.06,False
2021-09-29,US1GACT0037,0,0.03,-0.03,-0.04,False
2021-09-29,US1GACT0038,0,0.03,-0.03,-0.04,False
2021-09-29,US1GACT0040,0,0.04,-0.04,-0.05,False
2021-09-29,US1GACT0055,0,0.04,-0.04,-0.05,False
2021-09-29,US1GACT0057,0,0.03,-0.03,-0.04,False
2021-09-29,US1GACT0060,0,0.03,-0.03,-0.04,False
2021-09-29,US1GACT0061,0,0.04,-0.04,-0.05,False
2021-09-29,US1GACT0064,0,0.03,-0.03,-0.04,False
2021-09-29,US1GACT0067,0,0.06,-0.06,-0.08,False
2021-09-29,US1GACT0077,0,0.05,-0.05,-0.06,False
2021-09-29,US1GACT0079,0,0.03,-0.03,-0.04,False
2021-09-29,US1GACT0089,0,0.04,-0.04,-0.05,False
2021-09-29,US1GACT0098,0,0.03,-0.03,-0.04,False
2021-09-29,US1GACT0099,0,0.04,-0.04,-0.05,False
2021-09-29,US1GACU0001,0,0.0,0.0,0.0,False
2021-09-29,US1GACU0003,0,0.0,0.0,0.0,False
2021-09-29,US1GACU0006,0,0.0,0.0,0.0,False
2021-09-29,US1GACU0009,0,0.0,0.0,0.0,False
2021-09-29,US1GACU0011,0,0.0,0.0,0.0,False
2021-09-29,US1GACU0014,0,0.0,0.0,0.0,False
2021-09-29,US1GACU0021,0,0.0,0.0,0.0,False
2021-09-29,US1GADG0004,0,0.0,0.0,0.0,False
2021-09-29,US1GADG0009,0,0.0,0.0,0.0,False
2021-09-29,US1GAEF0013,0,0.04,-0.04,-0.05,False
2021-09-29,US1GAEF0017,0,0.03,-0.03,-0.03,False
2021-09-29,US1GAEF0018,0,0.02,-0.02,-0.03,False
2021-09-29,US1GAEF0021,0,0.03,-0.03,-0.04,False
2021-09-29,US1GAEF0022,0,0.03,-0.03,-0.03,False
2021-09-29,US1GAEM0004,0,0.0,0.0,0.0,False
2021-09-29,US1GAEM0005,0,0.0,0.0,0.0,False
2021-09-29,US1GAEV0001,0,0.04,-0.04,-0.05,False
2021-09-29,US1GAGE0001,0,0.0,0.0,0.0,False
2021-09-29,US1GAGE0005,0,0.0,0.0,0.0,False
2021-09-29,US1GAGE0006,0,0.0,0.0,0.0,False
2021-09-29,US1GAGN0005,0,0.03,-0.03,-0.03,False
2021-09-29,US1GAGN0007,0,0.04,-0.04,-0.05,False
2021-09-29,US1GAGW0050,0,0.0,0.0,0.0,False
2021-09-29,US1GAGW0055,0,0.0,0.0,0.0,False
2021-09-29,US1GAGW0065,0,0.0,0.0,0.0,False
2021-09-29,US1GAHS0003,0,0.0,0.0,0.0,False
2021-09-29,US1GAHS0005,0,0.0,0.0,0.0,False
2021-09-29,US1GAHS0011,0,0.0,0.0,0.0,False
2021-09-29,US1GAHS0016,0,0.0,0.0,0.0,False
2021-09-29,US1GAHS0024,0,0.0,0.0,0.0,False
2021-09-29,US1GAHS0027,0,0.0,0.0,0.0,False
2021-09-29,US1GAJN0006,0,0.0,0.0,0.0,False
2021-09-29,US1GAJN0007,0,0.0,0.0,0.0,False
2021-09-29,US1GALB0004,0,0.2,-0.2,-0.26,False
2021-09-29,US1GALB0006,0,0.22,-0.22,-0.28,False
2021-09-29,US1GALB0010,0,0.12,-0.12,-0.15,False
2021-09-29,US1GALB0011,0,0.07,-0.07,-0.09,False
2021-09-29,US1GALC0002,0,0.0,0.0,0.0,False
2021-09-29,US1GALR0001,0,0.0,0.0,0.0,False
2021-09-29,US1GALW0004,0,0.0,0.0,0.0,False
2021-09-29,US1GALW0008,0,0.0,0.0,0.0,False
2021-09-29,US1GALW0013,0,0.0,0.0,0.0,False
2021-09-29,US1GALW0014,0,0.0,0.0,0.0,False
2021-09-29,US1GALW0015,0,0.0,0.0,0.0,False
2021-09-29,US1GALW0016,0,0.0,0.0,0.0,False
2021-09-29,US1GALW0017,0,0.0,0.0,0.0,False
2021-09-29,US1GALW0018,0,0.0,0.0,0.0,False
2021-09-29,US1GALW0019,0,0.0,0.0,0.0,False
2021-09-29,US1GALW0024,0,0.0,0.0,0.0,False
2021-09-29,US1GAMD0005,0,0.0,0.0,0.0,False
2021-09-29,US1GAMG0003,0,0.0,0.0,0.0,False
2021-09-29,US1GAMI0001,0,0.09,-0.09,-0.11,False
2021-09-29,US1GAMI0005,0,0.08,-0.08,-0.1,False
2021-09-29,US1GAMN0007,0,0.0,0.0,0.0,False
2021-09-29,US1GAMN0010,0,0.0,0.0,0.0,False
2021-09-29,US1GANW0001,0,0.0,0.0,0.0,False
2021-09-29,US1GANW0007,0,0.0,0.0,0.0,False
2021-09-29,US1GAOC0001,0,0.0,0.0,0.0,False
2021-09-29,US1GAOC0002,0,0.0,0.0,0.0,False
2021-09-29,US1GAOC0005,0,0.0,0.0,0.0,False
2021-09-29,US1GAOC0009,0,0.0,0.0,0.0,False
2021-09-29,US1GAOC0012,0,0.0,0.0,0.0,False
2021-09-29,US1GAOC0014,0,0.0,0.0,0.0,False
2021-09-29,US1GAOC0016,0,0.0,0.0,0.0,False
2021-09-29,US1GAOC0018,0,0.0,0.0,0.0,False
2021-09-29,US1GAOG0005,0,0.0,0.0,0.0,False
2021-09-29,US1GAOG0007,0,0.0,0.0,0.0,False
2021-09-29,US1GAOG0012,0,0.0,0.0,0.0,False
2021-09-29,US1GAOG0015,0,0.0,0.0,0.0,False
2021-09-29,US1GAPE0001,0,0.0,0.0,0.0,False
2021-09-29,US1GAPE0003,0,0.0,0.0,0.0,False
2021-09-29,US1GARC0009,0,0.0,0.0,0.0,False
2021-09-29,US1GARC0012,0,0.0,0.0,0.0,False
2021-09-29,US1GARC0019,0,0.0,0.0,0.0,False
2021-09-29,US1GASV0003,0,0.0,0.0,0.0,False
2021-09-29,US1GASV0005,0,0.02,-0.02,-0.03,False
2021-09-29,US1GASV0007,0,0.0,0.0,0.0,False
2021-09-29,US1GASV0008,0,0.0,0.0,0.0,False
2021-09-29,US1GATE0004,0,0.0,0.0,0.0,False
2021-09-29,US1GATF0003,0,0.0,0.0,0.0,False
2021-09-29,US1GATF0007,0,0.0,0.0,0.0,False
2021-09-29,US1GATG0001,0,0.0,0.0,0.0,False
2021-09-29,US1GATH0002,0,0.0,0.0,0.0,False
2021-09-29,US1GATH0004,0,0.0,0.0,0.0,False
2021-09-29,US1GATN0004,0,0.04,-0.04,-0.05,False
2021-09-29,US1GAWG0005,0,0.0,0.0,0.0,False
2021-09-29,US1GAWG0006,0,0.0,0.0,0.0,False
2021-09-29,US1GAWL0001,0,0.0,0.0,0.0,False
2021-09-29,US1GAWL0012,0,0.0,0.0,0.0,False
2021-09-29,US1GAWL0022,0,0.0,0.0,0.0,False
2021-09-29,US1GAWL0024,0,0.0,0.0,0.0,False
2021-09-29,US1GAWN0001,0,0.0,0.0,0.0,False
2021-09-29,US1GAWR0005,0,0.0,0.0,0.0,False
2021-09-29,US1GAWS0001,0,0.0,0.0,0.0,False
2021-09-29,US1GAWT0003,0,0.0,0.0,0.0,False
2021-09-29,US1GAWT0007,0,0.0,0.0,0.0,False
2021-09-29,US1GAWY0007,0,0.06,-0.06,-0.08,False
2021-09-29,US1NCBR0001,0,0.0,0.0,0.0,False
2021-09-29,US1NCBR0006,0,0.0,0.0,0.0,False
2021-09-29,US1NCBR0104,0,0.0,0.0,0.0,False
2021-09-29,US1NCBR0105,0,0.0,0.0,0.0,False
2021-09-29,US1SCAK0014,0,0.01,-0.01,-0.01,False
2021-09-29,US1SCAK0023,0,0.01,-0.01,-0.01,False
2021-09-29,US1SCAK0027,0,0.02,-0.02,-0.02,False
2021-09-29,US1SCAK0031,0,0.01,-0.01,-0.01,False
2021-09-29,US1SCAK0032,0,0.01,-0.01,-0.01,False
2021-09-29,US1SCAK0033,0,0.02,-0.02,-0.02,False
2021-09-29,US1SCAK0039,0,0.0,0.0,0.0,False
2021-09-29,US1SCAK0046,0,0.01,-0.01,-0.01,False
2021-09-29,US1SCAK0051,0,0.01,-0.01,-0.01,False
2021-09-29,US1SCAK0053,0,0.01,-0.01,-0.01,False
2021-09-29,US1SCAK0057,0,0.01,-0.01,-0.01,False
2021-09-29,US1SCAK0060,0,0.02,-0.02,-0.02,False
2021-09-29,US1SCAK0069,0,0.01,-0.01,-0.01,False
2021-09-29,US1SCAK0073,0,0.02,-0.02,-0.03,False
2021-09-29,US1SCAK0074,0,0.01,-0.01,-0.01,False
2021-09-29,US1SCAK0083,0,0.02,-0.02,-0.03,False
2021-09-29,US1SCAK0097,0,0.02,-0.02,-0.03,False
2021-09-29,US1SCAK0101,0,0.01,-0.01,-0.01,False
2021-09-29,US1SCAL0002,0,0.0,0.0,0.0,False
2021-09-29,US1SCBF0002,0,0.01,-0.01,-0.01,False
2021-09-29,US1SCBF0015,0,0.02,-0.02,-0.03,False
2021-09-29,US1SCBF0022,0,0.01,-0.01,-0.01,False
2021-09-29,US1SCBF0036,0,0.01,-0.01,-0.02,False
2021-09-29,US1SCBF0037,0,0.01,-0.01,-0.01,False
2021-09-29,US1SCBF0053,0,0.01,-0.01,-0.01,False
2021-09-29,US1SCBF0055,0,0.01,-0.01,-0.02,False
2021-09-29,US1SCBF0059,0,0.01,-0.01,-0.01,False
2021-09-29,US1SCBF0066,0,0.01,-0.01,-0.01,False
2021-09-29,US1SCBF0091,0,0.01,-0.01,-0.01,False
2021-09-29,US1SCBF0092,0,0.02,-0.02,-0.02,False
2021-09-29,US1SCBF0093,0,0.01,-0.01,-0.01,False
2021-09-29,US1SCBF0096,0,0.0,0.0,0.0,False
2021-09-29,US1SCBF0097,0,0.01,-0.01,-0.01,False
2021-09-29,US1SCBF0098,0,0.01,-0.01,-0.01,False
2021-09-29,US1SCBF0099,0,0.02,-0.02,-0.02,False
2021-09-29,US1SCBF0100,0,0.01,-0.01,-0.01,False
2021-09-29,US1SCBF0104,0,0.01,-0.01,-0.01,False
2021-09-29,US1SCBF0111,0,0.01,-0.01,-0.01,False
2021-09-29,US1SCBF0112,0,0.01,-0.01,-0.01,False
2021-09-29,US1SCBK0017,0,0.0,0.0,0.0,False
2021-09-29,US1SCBK0038,0,0.0,0.0,0.0,False
2021-09-29,US1SCBK0046,0,0.0,0.0,0.0,False
2021-09-29,US1SCBK0048,0,0.0,0.0,0.0,False
2021-09-29,US1SCBK0055,0,0.0,0.0,0.0,False
2021-09-29,US1SCBK0056,0,0.0,0.0,0.0,False
2021-09-29,US1SCBK0059,0,0.0,0.0,0.0,False
2021-09-29,US1SCBK0061,0,0.0,0.0,0.0,False
2021-09-29,US1SCBK0065,0,0.0,0.0,0.0,False
2021-09-29,US1SCBK0068,0,0.0,0.0,0.0,False
2021-09-29,US1SCBK0079,0,0.0,0.0,0.0,False
2021-09-29,US1SCBK0081,0,0.0,0.0,0.0,False
2021-09-29,US1SCBK0082,0,0.0,0.0,0.0,False
2021-09-29,US1SCBK0085,0,0.0,0.0,0.0,False
2021-09-29,US1SCBM0001,0,0.02,-0.02,-0.02,False
2021-09-29,US1SCBM0006,0,0.01,-0.01,-0.02,False
2021-09-29,US1SCBW0003,0,0.02,-0.02,-0.02,False
2021-09-29,US1SCBW0006,0,0.02,-0.02,-0.02,False
2021-09-29,US1SCCA0002,0,0.06,-0.06,-0.08,False
2021-09-29,US1SCCA0016,0,0.04,-0.04,-0.06,False
2021-09-29,US1SCCA0020,0,0.03,-0.03,-0.04,False
2021-09-29,US1SCCD0006,0,0.02,-0.02,-0.02,False
2021-09-29,US1SCCD0017,0,0.01,-0.01,-0.02,False
2021-09-29,US1SCCD0019,0,0.02,-0.02,-0.02,False
2021-09-29,US1SCCL0003,0,0.0,0.0,0.0,False
2021-09-29,US1SCCL0005,0,0.0,0.0,0.0,False
2021-09-29,US1SCCL0009,0,0.0,0.0,0.0,False
2021-09-29,US1SCCL0014,0,0.0,0.0,0.0,False
2021-09-29,US1SCCL0016,0,0.0,0.0,0.0,False
2021-09-29,US1SCCL0017,0,0.0,0.0,0.0,False
2021-09-29,US1SCCL0028,0,0.0,0.0,0.0,False
2021-09-29,US1SCCR0010,0,0.0,0.0,0.0,False
2021-09-29,US1SCCR0013,0,0.0,0.0,0.0,False
2021-09-29,US1SCCR0022,0,0.0,0.0,0.0,False
2021-09-29,US1SCCR0026,0,0.0,0.0,0.0,False
2021-09-29,US1SCCR0030,0,0.0,0.0,0.0,False
2021-09-29,US1SCCR0032,0,0.0,0.0,0.0,False
2021-09-29,US1SCCR0033,0,0.0,0.0,0.0,False
2021-09-29,US1SCCR0034,0,0.0,0.0,0.0,False
2021-09-29,US1SCCR0042,0,0.0,0.0,0.0,False
2021-09-29,US1SCCR0049,0,0.0,0.0,0.0,False
2021-09-29,US1SCCR0069,0,0.0,0.0,0.0,False
2021-09-29,US1SCCR0074,0,0.0,0.0,0.0,False
2021-09-29,US1SCCR0078,0,0.0,0.0,0.0,False
2021-09-29,US1SCCR0083,0,0.0,0.0,0.0,False
2021-09-29,US1SCCR0087,0,0.0,0.0,0.0,False
2021-09-29,US1SCCR0092,0,0.0,0.0,0.0,False
2021-09-29,US1SCCR0096,0,0.0,0.0,0.0,False
2021-09-29,US1SCCR0097,0,0.0,0.0,0.0,False
2021-09-29,US1SCCR0098,0,0.0,0.0,0.0,False
2021-09-29,US1SCCR0099,0,0.0,0.0,0.0,False
2021-09-29,US1SCCR0105,0,0.0,0.0,0.0,False
2021-09-29,US1SCCR0112,0,0.0,0.0,0.0,False
2021-09-29,US1SCCR0113,0,0.0,0.0,0.0,False
2021-09-29,US1SCCR0115,0,0.0,0.0,0.0,False
2021-09-29,US1SCCR0116,0,0.0,0.0,0.0,False
2021-09-29,US1SCCR0123,0,0.0,0.0,0.0,False
2021-09-29,US1SCCR0131,0,0.0,0.0,0.0,False
2021-09-29,US1SCCR0138,0,0.0,0.0,0.0,False
2021-09-29,US1SCCR0142,0,0.0,0.0,0.0,False
2021-09-29,US1SCCR0144,0,0.0,0.0,0.0,False
2021-09-29,US1SCCR0146,0,0.0,0.0,0.0,False
2021-09-29,US1SCCR0148,0,0.0,0.0,0.0,False
2021-09-29,US1SCCR0151,0,0.0,0.0,0.0,False
2021-09-29,US1SCCR0153,0,0.0,0.0,0.0,False
2021-09-29,US1SCCR0154,0,0.0,0.0,0.0,False
2021-09-29,US1SCCR0155,0,0.0,0.0,0.0,False
2021-09-29,US1SCCR0161,0,0.0,0.0,0.0,False
2021-09-29,US1SCCR0162,0,0.0,0.0,0.0,False
2021-09-29,US1SCCR0164,0,0.0,0.0,0.0,False
2021-09-29,US1SCCR0166,0,0.0,0.0,0.0,False
2021-09-29,US1SCCR0178,0,0.0,0.0,0.0,False
2021-09-29,US1SCCR0183,0,0.0,0.0,0.0,False
2021-09-29,US1SCCR0187,0,0.0,0.0,0.0,False
2021-09-29,US1SCCR0189,0,0.0,0.0,0.0,False
2021-09-29,US1SCCR0192,0,0.0,0.0,0.0,False
2021-09-29,US1SCCR0194,0,0.0,0.0,0.0,False
2021-09-29,US1SCCR0197,0,0.0,0.0,0.0,False
2021-09-29,US1SCCR0199,0,0.0,0.0,0.0,False
2021-09-29,US1SCCR0204,0,0.0,0.0,0.0,False
2021-09-29,US1SCCR0205,0,0.0,0.0,0.0,False
2021-09-29,US1SCCR0210,0,0.0,0.0,0.0,False
2021-09-29,US1SCCR0212,0,0.0,0.0,0.0,False
2021-09-29,US1SCCR0214,0,0.0,0.0,0.0,False
2021-09-29,US1SCCR0217,0,0.0,0.0,0.0,False
2021-09-29,US1SCCR0218,0,0.0,0.0,0.0,False
2021-09-29,US1SCCR0225,0,0.0,0.0,0.0,False
2021-09-29,US1SCCR0227,0,0.0,0.0,0.0,False
2021-09-29,US1SCCR0228,0,0.0,0.0,0.0,False
2021-09-29,US1SCCR0229,0,0.0,0.0,0.0,False
2021-09-29,US1SCCR0231,0,0.0,0.0,0.0,False
2021-09-29,US1SCCR0238,0,0.0,0.0,0.0,False
2021-09-29,US1SCCR0241,0,0.0,0.0,0.0,False
2021-09-29,US1SCCR0243,0,0.0,0.0,0.0,False
2021-09-29,US1SCDC0003,0,0.0,0.0,0.0,False
2021-09-29,US1SCDC0018,0,0.01,-0.01,-0.01,False
2021-09-29,US1SCDC0036,0,0.0,0.0,0.0,False
2021-09-29,US1SCDC0041,0,0.0,0.0,0.0,False
2021-09-29,US1SCDC0042,0,0.0,0.0,0.0,False
2021-09-29,US1SCDC0056,0,0.0,0.0,0.0,False
2021-09-29,US1SCDC0057,0,0.0,0.0,0.0,False
2021-09-29,US1SCDC0062,0,0.0,0.0,0.0,False
2021-09-29,US1SCDC0067,0,0.0,0.0,0.0,False
2021-09-29,US1SCDC0069,0,0.0,0.0,0.0,False
2021-09-29,US1SCDC0075,0,0.0,0.0,0.0,False
2021-09-29,US1SCDC0076,0,0.0,0.0,0.0,False
2021-09-29,US1SCDC0078,0,0.0,0.0,0.0,False
2021-09-29,US1SCDC0084,0,0.0,0.0,0.0,False
2021-09-29,US1SCDC0087,0,0.0,0.0,0.0,False
2021-09-29,US1SCED0002,0,0.01,-0.01,-0.02,False
2021-09-29,US1SCED0013,0,0.01,-0.01,-0.02,False
2021-09-29,US1SCED0016,0,0.02,-0.02,-0.02,False
2021-09-29,US1SCGT0004,0,0.0,0.0,0.0,False
2021-09-29,US1SCGT0011,0,0.0,0.0,0.0,False
2021-09-29,US1SCGT0019,0,0.0,0.0,0.0,False
2021-09-29,US1SCGT0024,0,0.0,0.0,0.0,False
2021-09-29,US1SCGT0036,0,0.0,0.0,0.0,False
2021-09-29,US1SCGT0044,0,0.0,0.0,0.0,False
2021-09-29,US1SCGT0046,0,0.0,0.0,0.0,False
2021-09-29,US1SCHM0007,0,0.0,0.0,0.0,False
2021-09-29,US1SCHM0018,0,0.0,0.0,0.0,False
2021-09-29,US1SCHM0021,0,0.0,0.0,0.0,False
2021-09-29,US1SCHR0020,0,0.0,0.0,0.0,False
2021-09-29,US1SCHR0039,0,0.0,0.0,0.0,False
2021-09-29,US1SCHR0046,0,0.0,0.0,0.0,False
2021-09-29,US1SCHR0061,0,0.0,0.0,0.0,False
2021-09-29,US1SCHR0064,0,0.0,0.0,0.0,False
2021-09-29,US1SCHR0066,0,0.0,0.0,0.0,False
2021-09-29,US1SCHR0067,0,0.0,0.0,0.0,False
2021-09-29,US1SCHR0071,0,0.0,0.0,0.0,False
2021-09-29,US1SCHR0073,0,0.0,0.0,0.0,False
2021-09-29,US1SCHR0075,0,0.0,0.0,0.0,False
2021-09-29,US1SCHR0087,0,0.0,0.0,0.0,False
2021-09-29,US1SCHR0106,0,0.0,0.0,0.0,False
2021-09-29,US1SCHR0111,0,0.0,0.0,0.0,False
2021-09-29,US1SCHR0119,0,0.0,0.0,0.0,False
2021-09-29,US1SCHR0122,0,0.0,0.0,0.0,False
2021-09-29,US1SCHR0123,0,0.0,0.0,0.0,False
2021-09-29,US1SCHR0124,0,0.0,0.0,0.0,False
2021-09-29,US1SCHR0125,0,0.0,0.0,0.0,False
2021-09-29,US1SCHR0126,0,0.0,0.0,0.0,False
2021-09-29,US1SCHR0134,0,0.0,0.0,0.0,False
2021-09-29,US1SCHR0136,0,0.0,0.0,0.0,False
2021-09-29,US1SCHR0137,0,0.0,0.0,0.0,False
2021-09-29,US1SCJS0003,0,0.01,-0.01,-0.02,False
2021-09-29,US1SCJS0009,0,0.02,-0.02,-0.02,False
2021-09-29,US1SCLX0005,0,0.05,-0.05,-0.06,False
2021-09-29,US1SCLX0022,0,0.04,-0.04,-0.05,False
2021-09-29,US1SCLX0031,0,0.05,-0.05,-0.07,False
2021-09-29,US1SCLX0069,0,0.04,-0.04,-0.05,False
2021-09-29,US1SCLX0093,0,0.04,-0.04,-0.05,False
2021-09-29,US1SCLX0096,0,0.15,-0.15,-0.19,False
2021-09-29,US1SCLX0097,0,0.08,-0.08,-0.11,False
2021-09-29,US1SCLX0098,0,0.07,-0.07,-0.08,False
2021-09-29,US1SCLX0122,0,0.03,-0.03,-0.04,False
2021-09-29,US1SCLX0127,0,0.03,-0.03,-0.03,False
2021-09-29,US1SCLX0137,0,0.08,-0.08,-0.1,False
2021-09-29,US1SCLX0154,0,0.02,-0.02,-0.03,False
2021-09-29,US1SCLX0169,0,0.09,-0.09,-0.11,False
2021-09-29,US1SCLX0173,0,0.29,-0.29,-0.38,False
2021-09-29,US1SCLX0184,0,0.05,-0.05,-0.06,False
2021-09-29,US1SCLX0185,0,0.04,-0.04,-0.05,False
2021-09-29,US1SCMC0005,0,0.0,0.0,0.0,False
2021-09-29,US1SCMC0008,0,0.0,0.0,0.0,False
2021-09-29,US1SCOR0017,0,0.02,-0.02,-0.03,False
2021-09-29,US1SCOR0022,0,0.02,-0.02,-0.02,False
2021-09-29,US1SCOR0025,0,0.02,-0.02,-0.03,False
2021-09-29,US1SCOR0041,0,0.02,-0.02,-0.03,False
2021-09-29,US1SCOR0048,0,0.03,-0.03,-0.04,False
2021-09-29,US1SCOR0049,0,0.01,-0.01,-0.02,False
2021-09-29,US1SCRC0030,0,0.1,-0.1,-0.12,False
2021-09-29,US1SCRC0042,0,0.24,-0.24,-0.31,False
2021-09-29,US1SCRC0122,0,0.32,-0.32,-0.41,False
2021-09-29,US1SCRC0123,0,0.13,-0.13,-0.17,False
2021-09-29,US1SCSL0002,0,0.02,-0.02,-0.03,False
2021-09-29,US1SCSL0010,0,0.02,-0.02,-0.03,False
2021-09-29,US1SCSM0010,0,0.01,-0.01,-0.02,False
2021-09-29,US1SCSM0013,0,0.01,-0.01,-0.02,False
2021-09-29,US1SCSM0020,0,0.02,-0.02,-0.03,False
2021-09-29,US1SCSM0026,0,0.02,-0.02,-0.03,False
2021-09-29,US1SCSM0030,0,0.02,-0.02,-0.02,False
2021-09-29,US1SCSM0041,0,0.02,-0.02,-0.03,False
2021-09-29,US1SCWL0002,0,0.0,0.0,0.0,False
2021-09-29,USC00080236,0,0.0,0.0,0.0,False
2021-09-29,USC00080369,0,0.0,0.0,0.0,False
2021-09-29,USC00080478,0,0.0,0.0,0.0,False
2021-09-29,USC00080737,13,0.06,12.94,16.61,True
2021-09-29,USC00080945,0,0.0,0.0,0.0,False
2021-09-29,USC00081276,0,0.13,-0.13,-0.17,False
2021-09-29,USC00081641,0,0.0,0.0,0.0,False
2021-09-29,USC00082008,0,0.0,0.0,0.0,False
2021-09-29,USC00082150,0,0.0,0.0,0.0,False
2021-09-29,USC00082229,0,0.0,0.0,0.0,False
2021-09-29,USC00082298,0,0.31,-0.31,-0.39,False
2021-09-29,USC00083153,0,0.0,0.0,0.0,False
2021-09-29,USC00083163,0,0.15,-0.15,-0.2,False
2021-09-29,USC00083168,0,0.2,-0.2,-0.25,False
2021-09-29,USC00083207,0,0.04,-0.04,-0.05,False
2021-09-29,USC00083209,0,0.04,-0.04,-0.05,False
2021-09-29,USC00083874,0,0.0,0.0,0.0,False
2021-09-29,USC00084050,0,0.18,-0.18,-0.24,False
2021-09-29,USC00084289,0,0.0,0.0,0.0,False
2021-09-29,USC00084366,0,0.0,0.0,0.0,False
2021-09-29,USC00084394,0,0.0,0.0,0.0,False
2021-09-29,USC00084461,0,0.04,-0.04,-0.05,False
2021-09-29,USC00084500,0,0.08,-0.08,-0.11,False
2021-09-29,USC00084621,0,0.05,-0.05,-0.07,False
2021-09-29,USC00084625,0,0.03,-0.03,-0.04,False
2021-09-29,USC00084731,0,0.0,0.0,0.0,False
2021-09-29,USC00084802,0,0.0,0.0,0.0,False
2021-09-29,USC00085076,0,0.0,0.0,0.0,False
2021-09-29,USC00085099,0,0.0,0.0,0.0,False
2021-09-29,USC00085184,0,0.16,-0.16,-0.21,False
2021-09-29,USC00085539,0,0.0,0.0,0.0,False
2021-09-29,USC00085612,0,0.75,-0.75,-0.96,False
2021-09-29,USC00085880,0,0.0,0.0,0.0,False
2021-09-29,USC00085895,0,0.17,-0.17,-0.22,False
2021-09-29,USC00085973,0,0.04,-0.04,-0.05,False
2021-09-29,USC00086048,0,0.1,-0.1,-0.13,False
2021-09-29,USC00086065,0,0.0,0.0,0.0,False
2021-09-29,USC00086078,0,0.14,-0.14,-0.18,False
2021-09-29,USC00086092,0,0.02,-0.02,-0.03,False
2021-09-29,USC00086634,0,0.0,0.0,0.0,False
2021-09-29,USC00086657,0,0.16,-0.16,-0.21,False
2021-09-29,USC00086761,0,0.12,-0.12,-0.15,False
2021-09-29,USC00086764,0,0.04,-0.04,-0.05,False
2021-09-29,USC00087025,0,0.0,0.0,0.0,False
2021-09-29,USC00087205,0,0.0,0.0,0.0,False
2021-09-29,USC00087228,0,0.0,0.0,0.0,False
2021-09-29,USC00087261,0,0.0,0.0,0.0,False
2021-09-29,USC00087304,0,0.02,-0.02,-0.02,False
2021-09-29,USC00087397,0,0.0,0.0,0.0,False
2021-09-29,USC00087851,0,0.0,0.0,0.0,False
2021-09-29,USC00087982,0,0.0,0.0,0.0,False
2021-09-29,USC00088051,0,0.04,-0.04,-0.06,False
2021-09-29,USC00088368,0,0.34,-0.34,-0.44,False
2021-09-29,USC00088620,0,0.0,0.0,0.0,False
2021-09-29,USC00088782,0,0.0,0.0,0.0,False
2021-09-29,USC00088824,0,0.0,0.0,0.0,False
2021-09-29,USC00088942,0,0.05,-0.05,-0.07,False
2021-09-29,USC00089120,0,0.0,0.0,0.0,False
2021-09-29,USC00089176,0,0.0,0.0,0.0,False
2021-09-29,USC00089219,0,0.03,-0.03,-0.04,False
2021-09-29,USC00089401,0,0.0,0.0,0.0,False
2021-09-29,USC00090311,0,0.0,0.0,0.0,False
2021-09-29,USC00091266,0,0.03,-0.03,-0.04,False
2021-09-29,USC00092266,0,0.0,0.0,0.0,False
2021-09-29,USC00092844,0,0.0,0.0,0.0,False
2021-09-29,USC00092966,0,0.0,0.0,0.0,False
2021-09-29,USC00093538,0,0.06,-0.06,-0.08,False
2021-09-29,USC00093754,0,0.05,-0.05,-0.07,False
2021-09-29,USC00094170,0,0.0,0.0,0.0,False
2021-09-29,USC00094862,0,0.0,0.0,0.0,False
2021-09-29,USC00095204,0,0.0,0.0,0.0,False
2021-09-29,USC00095205,0,0.0,0.0,0.0,False
2021-09-29,USC00095314,0,0.0,0.0,0.0,False
2021-09-29,USC00095988,0,0.0,0.0,0.0,False
2021-09-29,USC00096087,0,0.0,0.0,0.0,False
2021-09-29,USC00096126,0,0.0,0.0,0.0,False
2021-09-29,USC00097528,0,0.02,-0.02,-0.03,False
2021-09-29,USC00097777,0,0.0,0.0,0.0,False
2021-09-29,USC00097808,0,0.07,-0.07,-0.09,False
2021-09-29,USC00098677,0,0.0,0.0,0.0,False
2021-09-29,USC00098703,0,0.0,0.0,0.0,False
2021-09-29,USC00099124,0,0.0,0.0,0.0,False
2021-09-29,USC00099194,0,0.0,0.0,0.0,False
2021-09-29,USC00099486,0,0.0,0.0,0.0,False
2021-09-29,USC00380072,0,0.01,-0.01,-0.01,False
2021-09-29,USC00380184,0,0.0,0.0,0.0,False
2021-09-29,USC00380448,0,0.02,-0.02,-0.02,False
2021-09-29,USC00380490,0,0.02,-0.02,-0.02,False
2021-09-29,USC00380506,0,0.03,-0.03,-0.03,False
2021-09-29,USC00381093,0,0.0,0.0,0.0,False
2021-09-29,USC00381241,0,0.0,0.0,0.0,False
2021-09-29,USC00381726,0,0.0,0.0,0.0,False
2021-09-29,USC00381944,3,0.0,3.0,3.85,True
2021-09-29,USC00383665,0,0.01,-0.01,-0.01,False
2021-09-29,USC00384205,0,0.01,-0.01,-0.01,False
2021-09-29,USC00384449,0,0.0,0.0,0.0,False
2021-09-29,USC00384607,0,0.02,-0.02,-0.02,False
2021-09-29,USC00384886,0,0.0,0.0,0.0,False
2021-09-29,USC00385493,0,0.02,-0.02,-0.02,False
2021-09-29,USC00385660,0,0.0,0.0,0.0,False
2021-09-29,USC00385946,0,0.0,0.0,0.0,False
2021-09-29,USC00386153,0,0.0,0.0,0.0,False
2021-09-29,USC00386527,0,0.02,-0.02,-0.03,False
2021-09-29,USC00386775,0,0.02,-0.02,-0.03,False
2021-09-29,USC00387631,0,0.03,-0.03,-0.03,False
2021-09-29,USC00388405,0,0.0,0.0,0.0,False
2021-09-29,USC00388426,0,0.0,0.0,0.0,False
2021-09-29,USC00388440,0,0.02,-0.02,-0.03,False
2021-09-29,USC00388474,0,0.05,-0.05,-0.06,False
2021-09-29,USC00388879,0,0.02,-0.02,-0.02,False
2021-09-29,USC00388922,0,0.0,0.0,0.0,False
2021-09-29,USC00389469,0,0.0,0.0,0.0,False
2021-09-29,USW00003728,0,0.0,0.0,0.0,False
2021-09-29,USW00003813,0,0.0,0.0,0.0,False
2021-09-29,USW00003820,0,0.0,0.0,0.0,False
2021-09-29,USW00003822,0,0.03,-0.03,-0.04,False
2021-09-29,USW00003853,0,0.0,0.0,0.0,False
2021-09-29,USW00012812,0,0.0,0.0,0.0,False
2021-09-29,USW00012815,0,0.03,-0.03,-0.04,False
2021-09-29,USW00012816,0,0.0,0.0,0.0,False
2021-09-29,USW00012818,0,0.0,0.0,0.0,False
2021-09-29,USW00012819,0,0.0,0.0,0.0,False
2021-09-29,USW00012833,0,0.0,0.0,0.0,False
2021-09-29,USW00012834,0,0.0,0.0,0.0,False
2021-09-29,USW00012835,0,0.07,-0.07,-0.09,False
2021-09-29,USW00012838,8,0.0,8.0,10.27,True
2021-09-29,USW00012841,0,0.02,-0.02,-0.03,False
2021-09-29,USW00012842,0,0.0,0.0,0.0,False
2021-09-29,USW00012843,0,0.03,-0.03,-0.04,False
2021-09-29,USW00012844,0,0.12,-0.12,-0.15,False
2021-09-29,USW00012849,0,0.16,-0.16,-0.21,False
2021-09-29,USW00012854,0,0.02,-0.02,-0.03,False
2021-09-29,USW00012861,0,0.0,0.0,0.0,False
2021-09-29,USW00012871,0,0.0,0.0,0.0,False
2021-09-29,USW00012873,0,0.0,0.0,0.0,False
2021-09-29,USW00012876,0,0.0,0.0,0.0,False
2021-09-29,USW00012883,0,0.0,0.0,0.0,False
2021-09-29,USW00012885,0,0.32,-0.32,-0.41,False
2021-09-29,USW00012894,0,0.11,-0.11,-0.14,False
2021-09-29,USW00012895,0,0.04,-0.04,-0.06,False
2021-09-29,USW00012897,0,0.12,-0.12,-0.15,False
2021-09-29,USW00013782,0,0.0,0.0,0.0,False
2021-09-29,USW00013837,0,0.0,0.0,0.0,False
2021-09-29,USW00013870,0,0.0,0.0,0.0,False
2021-09-29,USW00013873,0,0.0,0.0,0.0,False
2021-09-29,USW00013878,0,0.03,-0.03,-0.03,False
2021-09-29,USW00013880,0,0.0,0.0,0.0,False
2021-09-29,USW00013883,0,0.09,-0.09,-0.12,False
2021-09-29,USW00013889,0,0.0,0.0,0.0,False
2021-09-29,USW00053854,0,0.02,-0.02,-0.02,False
2021-09-29,USW00053860,0,0.0,0.0,0.0,False
2021-09-29,USW00053867,0,0.22,-0.22,-0.29,False
2021-09-29,USW00063803,0,0.0,0.0,0.0,False
2021-09-29,USW00063826,0,0.02,-0.02,-0.02,False
2021-09-29,USW00063850,0,0.0,0.0,0.0,False
2021-09-29,USW00063856,0,0.0,0.0,0.0,False
2021-09-29,USW00063890,0,0.0,0.0,0.0,False
2021-09-29,USW00092805,0,0.18,-0.18,-0.23,False
2021-09-29,USW00092806,0,0.0,0.0,0.0,False
2021-09-29,USW00092814,0,0.0,0.0,0.0,False
2021-09-29,USW00092821,0,0.07,-0.07,-0.08,False
2021-09-29,USW00092827,0,0.09,-0.09,-0.12,False
2021-09-29,USW00093718,0,0.0,0.0,0.0,False
2021-09-29,USW00093831,0,0.01,-0.01,-0.01,False
2021-09-29,USW00093837,0,0.0,0.0,0.0,False
2021-09-29,USW00093845,0,0.0,0.0,0.0,False
2021-09-30,US1FLAL0002,0,0.0,0.0,0.0,False
2021-09-30,US1FLAL0004,0,0.0,0.0,0.0,False
2021-09-30,US1FLAL0007,0,0.0,0.0,0.0,False
2021-09-30,US1FLAL0010,0,0.0,0.0,0.0,False
2021-09-30,US1FLAL0017,0,0.0,0.0,0.0,False
2021-09-30,US1FLAL0026,0,0.0,0.0,0.0,False
2021-09-30,US1FLAL0031,0,0.0,0.0,0.0,False
2021-09-30,US1FLAL0048,0,0.0,0.0,0.0,False
2021-09-30,US1FLAL0050,0,0.0,0.0,0.0,False
2021-09-30,US1FLAL0051,0,0.0,0.0,0.0,False
2021-09-30,US1FLAL0054,0,0.0,0.0,0.0,False
2021-09-30,US1FLAL0055,0,0.0,0.0,0.0,False
2021-09-30,US1FLAL0058,0,0.0,0.0,0.0,False
2021-09-30,US1FLAL0071,0,0.0,0.0,0.0,False
2021-09-30,US1FLAL0075,0,0.0,0.0,0.0,False
2021-09-30,US1FLAL0079,0,0.0,0.0,0.0,False
2021-09-30,US1FLAL0080,0,0.0,0.0,0.0,False
2021-09-30,US1FLAL0081,0,0.0,0.0,0.0,False
2021-09-30,US1FLAL0096,0,0.0,0.0,0.0,False
2021-09-30,US1FLBK0005,0,0.0,0.0,0.0,False
2021-09-30,US1FLBK0006,0,0.0,0.0,0.0,False
2021-09-30,US1FLBK0007,0,0.0,0.0,0.0,False
2021-09-30,US1FLBV0001,0,3.35,-3.35,-0.4,False
2021-09-30,US1FLBV0002,15,9.43,5.57,0.66,False
2021-09-30,US1FLBV0005,8,4.97,3.03,0.36,False
2021-09-30,US1FLBV0006,3,13.42,-10.42,-1.24,False
2021-09-30,US1FLBV0012,0,5.98,-5.98,-0.71,False
2021-09-30,US1FLBV0013,0,5.59,-5.59,-0.67,False
2021-09-30,US1FLBV0020,0,9.27,-9.27,-1.11,False
2021-09-30,US1FLBV0023,0,3.91,-3.91,-0.47,False
2021-09-30,US1FLBV0028,0,5.73,-5.73,-0.68,False
2021-09-30,US1FLBV0036,0,3.43,-3.43,-0.41,False
2021-09-30,US1FLBV0038,0,2.38,-2.38,-0.28,False
2021-09-30,US1FLBV0047,0,5.11,-5.11,-0.61,False
2021-09-30,US1FLBV0052,43,22.42,20.58,2.45,False
2021-09-30,US1FLBV0054,0,5.5,-5.5,-0.66,False
2021-09-30,US1FLBV0055,0,8.15,-8.15,-0.97,False
2021-09-30,US1FLBV0059,0,3.34,-3.34,-0.4,False
2021-09-30,US1FLBV0063,0,11.56,-11.56,-1.38,False
2021-09-30,US1FLBV0078,0,3.57,-3.57,-0.43,False
2021-09-30,US1FLBV0089,89,58.01,30.99,3.7,True
2021-09-30,US1FLBV0092,3,17.09,-14.09,-1.68,False
2021-09-30,US1FLBV0095,0,3.55,-3.55,-0.42,False
2021-09-30,US1FLBV0099,0,6.95,-6.95,-0.83,False
2021-09-30,US1FLBV0102,0,5.83,-5.83,-0.7,False
2021-09-30,US1FLBV0107,41,17.87,23.13,2.76,False
2021-09-30,US1FLBV0109,5,17.09,-12.09,-1.44,False
2021-09-30,US1FLBV0110,3,6.76,-3.76,-0.45,False
2021-09-30,US1FLBV0111,0,9.06,-9.06,-1.08,False
2021-09-30,US1FLBV0113,147,36.85,110.15,13.14,True
2021-09-30,US1FLBV0114,0,7.36,-7.36,-0.88,False
2021-09-30,US1FLBV0118,5,5.3,-0.3,-0.04,False
2021-09-30,US1FLBV0123,0,5.36,-5.36,-0.64,False
2021-09-30,US1FLBV0125,0,9.21,-9.21,-1.1,False
2021-09-30,US1FLBW0007,0,4.7,-4.7,-0.56,False
2021-09-30,US1FLBW0026,0,4.52,-4.52,-0.54,False
2021-09-30,US1FLBW0076,0,6.42,-6.42,-0.77,False
2021-09-30,US1FLBW0079,0,4.03,-4.03,-0.48,False
2021-09-30,US1FLBW0095,0,6.46,-6.46,-0.77,False
2021-09-30,US1FLBW0099,0,5.99,-5.99,-0.71,False
2021-09-30,US1FLBW0110,38,7.08,30.92,3.69,True
2021-09-30,US1FLBW0121,3,4.32,-1.32,-0.16,False
2021-09-30,US1FLBW0137,5,4.37,0.63,0.07,False
2021-09-30,US1FLBW0148,15,5.04,9.96,1.19,False
2021-09-30,US1FLBW0151,0,6.3,-6.3,-0.75,False
2021-09-30,US1FLBW0155,3,6.85,-3.85,-0.46,False
2021-09-30,US1FLBW0159,15,5.71,9.29,1.11,False
2021-09-30,US1FLBW0160,8,4.54,3.46,0.41,False
2021-09-30,US1FLBW0161,5,6.09,-1.09,-0.13,False
2021-09-30,US1FLBW0162,0,4.03,-4.03,-0.48,False
2021-09-30,US1FLBW0165,0,3.76,-3.76,-0.45,False
2021-09-30,US1FLBW0166,0,5.87,-5.87,-0.7,False
2021-09-30,US1FLBW0167,0,4.51,-4.51,-0.54,False
2021-09-30,US1FLCB0010,0,0.03,-0.03,-0.0,False
2021-09-30,US1FLCB0012,0,0.0,0.0,0.0,False
2021-09-30,US1FLCB0019,0,0.0,0.0,0.0,False
2021-09-30,US1FLCB0024,0,0.0,0.0,0.0,False
2021-09-30,US1FLCB0025,0,0.0,0.0,0.0,False
2021-09-30,US1FLCB0026,0,0.0,0.0,0.0,False
2021-09-30,US1FLCH0013,0,0.0,0.0,0.0,False
2021-09-30,US1FLCH0015,0,0.0,0.0,0.0,False
2021-09-30,US1FLCH0019,0,0.0,0.0,0.0,False
2021-09-30,US1FLCH0023,0,0.0,0.0,0.0,False
2021-09-30,US1FLCH0029,0,0.0,0.0,0.0,False
2021-09-30,US1FLCH0034,0,0.0,0.0,0.0,False
2021-09-30,US1FLCH0035,0,0.0,0.0,0.0,False
2021-09-30,US1FLCH0036,0,0.0,0.0,0.0,False
2021-09-30,US1FLCH0039,0,0.0,0.0,0.0,False
2021-09-30,US1FLCH0040,0,0.0,0.0,0.0,False
2021-09-30,US1FLCR0012,0,0.09,-0.09,-0.01,False
2021-09-30,US1FLCR0013,0,0.09,-0.09,-0.01,False
2021-09-30,US1FLCR0052,0,0.11,-0.11,-0.01,False
2021-09-30,US1FLCR0053,0,0.1,-0.1,-0.01,False
2021-09-30,US1FLCR0057,0,0.19,-0.19,-0.02,False
2021-09-30,US1FLCR0059,0,0.1,-0.1,-0.01,False
2021-09-30,US1FLCR0062,0,0.07,-0.07,-0.01,False
2021-09-30,US1FLCR0066,0,0.07,-0.07,-0.01,False
2021-09-30,US1FLCT0008,0,0.0,0.0,0.0,False
2021-09-30,US1FLCT0011,0,0.0,0.0,0.0,False
2021-09-30,US1FLCT0015,0,0.0,0.0,0.0,False
2021-09-30,US1FLCT0024,0,0.0,0.0,0.0,False
2021-09-30,US1FLCT0030,0,0.0,0.0,0.0,False
2021-09-30,US1FLCT0031,0,0.0,0.0,0.0,False
2021-09-30,US1FLCT0034,0,0.0,0.0,0.0,False
2021-09-30,US1FLCT0035,0,0.0,0.0,0.0,False
2021-09-30,US1FLCT0036,0,0.0,0.0,0.0,False
2021-09-30,US1FLCT0037,0,0.0,0.0,0.0,False
2021-09-30,US1FLCT0038,0,0.0,0.0,0.0,False
2021-09-30,US1FLCT0039,0,0.0,0.0,0.0,False
2021-09-30,US1FLCT0041,0,0.0,0.0,0.0,False
2021-09-30,US1FLCY0001,0,0.0,0.0,0.0,False
2021-09-30,US1FLCY0003,0,0.0,0.0,0.0,False
2021-09-30,US1FLCY0007,0,0.0,0.0,0.0,False
2021-09-30,US1FLCY0025,0,0.0,0.0,0.0,False
2021-09-30,US1FLCY0037,0,0.0,0.0,0.0,False
2021-09-30,US1FLCY0038,0,0.0,0.0,0.0,False
2021-09-30,US1FLCY0039,0,0.0,0.0,0.0,False
2021-09-30,US1FLCY0041,0,0.0,0.0,0.0,False
2021-09-30,US1FLCY0051,0,0.0,0.0,0.0,False
2021-09-30,US1FLCY0054,0,0.0,0.0,0.0,False
2021-09-30,US1FLCY0055,0,0.0,0.0,0.0,False
2021-09-30,US1FLDS0003,0,0.0,0.0,0.0,False
2021-09-30,US1FLDV0003,0,0.0,0.0,0.0,False
2021-09-30,US1FLDV0013,0,0.0,0.0,0.0,False
2021-09-30,US1FLDV0021,0,0.0,0.0,0.0,False
2021-09-30,US1FLDV0026,0,0.0,0.0,0.0,False
2021-09-30,US1FLDV0028,0,0.0,0.0,0.0,False
2021-09-30,US1FLDV0033,0,0.0,0.0,0.0,False
2021-09-30,US1FLDV0042,0,0.0,0.0,0.0,False
2021-09-30,US1FLDV0050,0,0.0,0.0,0.0,False
2021-09-30,US1FLDV0059,0,0.0,0.0,0.0,False
2021-09-30,US1FLDV0063,0,0.0,0.0,0.0,False
2021-09-30,US1FLDV0069,0,0.0,0.0,0.0,False
2021-09-30,US1FLDV0071,0,0.0,0.0,0.0,False
2021-09-30,US1FLDV0079,0,0.0,0.0,0.0,False
2021-09-30,US1FLDV0091,0,0.0,0.0,0.0,False
2021-09-30,US1FLDV0094,0,0.0,0.0,0.0,False
2021-09-30,US1FLDV0106,0,0.0,0.0,0.0,False
2021-09-30,US1FLDV0117,0,0.0,0.0,0.0,False
2021-09-30,US1FLDV0118,0,0.0,0.0,0.0,False
2021-09-30,US1FLDX0003,0,0.0,0.0,0.0,False
2021-09-30,US1FLFL0024,0,0.0,0.0,0.0,False
2021-09-30,US1FLFL0030,0,0.0,0.0,0.0,False
2021-09-30,US1FLFL0032,0,0.0,0.0,0.0,False
2021-09-30,US1FLFL0033,0,0.0,0.0,0.0,False
2021-09-30,US1FLFL0035,0,0.0,0.0,0.0,False
2021-09-30,US1FLFL0036,0,0.0,0.0,0.0,False
2021-09-30,US1FLFL0037,0,0.0,0.0,0.0,False
2021-09-30,US1FLFL0039,0,0.0,0.0,0.0,False
2021-09-30,US1FLFL0040,0,0.0,0.0,0.0,False
2021-09-30,US1FLFL0042,0,0.0,0.0,0.0,False
2021-09-30,US1FLFL0047,0,0.0,0.0,0.0,False
2021-09-30,US1FLFL0049,0,0.0,0.0,0.0,False
2021-09-30,US1FLFL0050,0,0.0,0.0,0.0,False
2021-09-30,US1FLGC0003,0,0.0,0.0,0.0,False
2021-09-30,US1FLGC0008,0,0.0,0.0,0.0,False
2021-09-30,US1FLGL0007,0,0.08,-0.08,-0.01,False
2021-09-30,US1FLHB0001,0,0.0,0.0,0.0,False
2021-09-30,US1FLHB0004,0,0.0,0.0,0.0,False
2021-09-30,US1FLHB0005,0,0.0,0.0,0.0,False
2021-09-30,US1FLHB0010,0,0.0,0.0,0.0,False
2021-09-30,US1FLHB0017,0,0.0,0.0,0.0,False
2021-09-30,US1FLHB0027,0,0.0,0.0,0.0,False
2021-09-30,US1FLHB0029,0,0.0,0.0,0.0,False
2021-09-30,US1FLHB0033,0,0.0,0.0,0.0,False
2021-09-30,US1FLHB0037,0,0.0,0.0,0.0,False
2021-09-30,US1FLHB0040,0,0.0,0.0,0.0,False
2021-09-30,US1FLHB0044,0,0.0,0.0,0.0,False
2021-09-30,US1FLHB0048,0,0.0,0.0,0.0,False
2021-09-30,US1FLHB0051,0,0.0,0.0,0.0,False
2021-09-30,US1FLHB0055,0,0.0,0.0,0.0,False
2021-09-30,US1FLHB0060,0,0.0,0.0,0.0,False
2021-09-30,US1FLHB0069,0,0.0,0.0,0.0,False
2021-09-30,US1FLHB0098,0,0.0,0.0,0.0,False
2021-09-30,US1FLHB0107,0,0.0,0.0,0.0,False
2021-09-30,US1FLHB0114,0,0.0,0.0,0.0,False
2021-09-30,US1FLHB0120,0,0.0,0.0,0.0,False
2021-09-30,US1FLHB0130,0,0.0,0.0,0.0,False
2021-09-30,US1FLHB0136,0,0.0,0.0,0.0,False
2021-09-30,US1FLHB0139,0,0.0,0.0,0.0,False
2021-09-30,US1FLHB0140,0,0.0,0.0,0.0,False
2021-09-30,US1FLHB0141,0,0.0,0.0,0.0,False
2021-09-30,US1FLHB0154,0,0.0,0.0,0.0,False
2021-09-30,US1FLHB0156,0,0.0,0.0,0.0,False
2021-09-30,US1FLHB0162,0,0.0,0.0,0.0,False
2021-09-30,US1FLHB0163,0,0.0,0.0,0.0,False
2021-09-30,US1FLHB0166,0,0.0,0.0,0.0,False
2021-09-30,US1FLHB0167,0,0.0,0.0,0.0,False
2021-09-30,US1FLHB0168,0,0.0,0.0,0.0,False
2021-09-30,US1FLHD0001,0,0.0,0.0,0.0,False
2021-09-30,US1FLHD0003,0,0.0,0.0,0.0,False
2021-09-30,US1FLHL0001,0,0.02,-0.02,-0.0,False
2021-09-30,US1FLHL0003,0,0.03,-0.03,-0.0,False
2021-09-30,US1FLHL0012,0,0.19,-0.19,-0.02,False
2021-09-30,US1FLHL0013,0,0.04,-0.04,-0.0,False
2021-09-30,US1FLHL0030,0,0.04,-0.04,-0.0,False
2021-09-30,US1FLHL0038,0,0.08,-0.08,-0.01,False
2021-09-30,US1FLHL0043,0,0.12,-0.12,-0.01,False
2021-09-30,US1FLHN0007,0,0.0,0.0,0.0,False
2021-09-30,US1FLHN0008,0,0.0,0.0,0.0,False
2021-09-30,US1FLHN0011,0,0.0,0.0,0.0,False
2021-09-30,US1FLHN0014,0,0.0,0.0,0.0,False
2021-09-30,US1FLHN0022,0,0.0,0.0,0.0,False
2021-09-30,US1FLHN0024,0,0.0,0.0,0.0,False
2021-09-30,US1FLHN0026,0,0.0,0.0,0.0,False
2021-09-30,US1FLHN0035,0,0.0,0.0,0.0,False
2021-09-30,US1FLHN0039,0,0.0,0.0,0.0,False
2021-09-30,US1FLHN0040,0,0.0,0.0,0.0,False
2021-09-30,US1FLHN0041,0,0.0,0.0,0.0,False
2021-09-30,US1FLHY0003,0,0.08,-0.08,-0.01,False
2021-09-30,US1FLHY0008,0,0.08,-0.08,-0.01,False
2021-09-30,US1FLHY0011,0,0.09,-0.09,-0.01,False
2021-09-30,US1FLHY0012,0,2.42,-2.42,-0.29,False
2021-09-30,US1FLIR0006,0,1.8,-1.8,-0.21,False
2021-09-30,US1FLIR0015,0,1.82,-1.82,-0.22,False
2021-09-30,US1FLIR0019,0,4.36,-4.36,-0.52,False
2021-09-30,US1FLIR0024,0,1.9,-1.9,-0.23,False
2021-09-30,US1FLIR0026,0,2.48,-2.48,-0.3,False
2021-09-30,US1FLIR0027,0,2.51,-2.51,-0.3,False
2021-09-30,US1FLIR0036,0,2.65,-2.65,-0.32,False
2021-09-30,US1FLIR0048,0,3.45,-3.45,-0.41,False
2021-09-30,US1FLIR0050,0,1.97,-1.97,-0.24,False
2021-09-30,US1FLIR0051,0,4.93,-4.93,-0.59,False
2021-09-30,US1FLJF0007,0,0.07,-0.07,-0.01,False
2021-09-30,US1FLJF0009,0,0.07,-0.07,-0.01,False
2021-09-30,US1FLJF0010,0,0.06,-0.06,-0.01,False
2021-09-30,US1FLLE0006,0,0.07,-0.07,-0.01,False
2021-09-30,US1FLLE0022,0,0.03,-0.03,-0.0,False
2021-09-30,US1FLLE0037,0,0.05,-0.05,-0.01,False
2021-09-30,US1FLLE0055,0,0.04,-0.04,-0.0,False
2021-09-30,US1FLLE0057,0,0.02,-0.02,-0.0,False
2021-09-30,US1FLLE0059,0,0.02,-0.02,-0.0,False
2021-09-30,US1FLLE0065,0,0.06,-0.06,-0.01,False
2021-09-30,US1FLLE0068,0,0.09,-0.09,-0.01,False
2021-09-30,US1FLLE0072,0,0.04,-0.04,-0.0,False
2021-09-30,US1FLLK0003,0,0.0,0.0,0.0,False
2021-09-30,US1FLLK0016,0,0.0,0.0,0.0,False
2021-09-30,US1FLLK0021,0,0.0,0.0,0.0,False
2021-09-30,US1FLLK0028,0,0.0,0.0,0.0,False
2021-09-30,US1FLLK0030,0,0.0,0.0,0.0,False
2021-09-30,US1FLLK0031,0,0.0,0.0,0.0,False
2021-09-30,US1FLLK0036,0,0.0,0.0,0.0,False
2021-09-30,US1FLLK0043,0,0.0,0.0,0.0,False
2021-09-30,US1FLLK0044,0,0.0,0.0,0.0,False
2021-09-30,US1FLLK0045,0,0.0,0.0,0.0,False
2021-09-30,US1FLLV0001,0,0.0,0.0,0.0,False
2021-09-30,US1FLLV0004,0,0.0,0.0,0.0,False
2021-09-30,US1FLLV0014,0,0.0,0.0,0.0,False
2021-09-30,US1FLLV0015,0,0.0,0.0,0.0,False
2021-09-30,US1FLLV0017,0,0.0,0.0,0.0,False
2021-09-30,US1FLLV0018,0,0.0,0.0,0.0,False
2021-09-30,US1FLMA0006,0,0.0,0.0,0.0,False
2021-09-30,US1FLMA0010,0,0.0,0.0,0.0,False
2021-09-30,US1FLMA0011,0,0.0,0.0,0.0,False
2021-09-30,US1FLMA0022,0,0.0,0.0,0.0,False
2021-09-30,US1FLMA0028,0,0.0,0.0,0.0,False
2021-09-30,US1FLMA0029,0,0.0,0.0,0.0,False
2021-09-30,US1FLMA0032,0,0.0,0.0,0.0,False
2021-09-30,US1FLMA0034,0,0.0,0.0,0.0,False
2021-09-30,US1FLMA0040,0,0.0,0.0,0.0,False
2021-09-30,US1FLMA0041,0,0.0,0.0,0.0,False
2021-09-30,US1FLMA0043,0,0.0,0.0,0.0,False
2021-09-30,US1FLMR0003,0,0.0,0.0,0.0,False
2021-09-30,US1FLMR0004,0,0.0,0.0,0.0,False
2021-09-30,US1FLMR0012,0,0.0,0.0,0.0,False
2021-09-30,US1FLMR0013,0,0.0,0.0,0.0,False
2021-09-30,US1FLMR0018,0,0.0,0.0,0.0,False
2021-09-30,US1FLMR0032,0,0.0,0.0,0.0,False
2021-09-30,US1FLMR0036,0,0.0,0.0,0.0,False
2021-09-30,US1FLMR0042,0,0.0,0.0,0.0,False
2021-09-30,US1FLMR0054,0,0.0,0.0,0.0,False
2021-09-30,US1FLMR0056,0,0.0,0.0,0.0,False
2021-09-30,US1FLMR0057,0,0.0,0.0,0.0,False
2021-09-30,US1FLMR0059,0,0.0,0.0,0.0,False
2021-09-30,US1FLMR0065,0,0.0,0.0,0.0,False
2021-09-30,US1FLMR0066,0,0.0,0.0,0.0,False
2021-09-30,US1FLMR0068,0,0.0,0.0,0.0,False
2021-09-30,US1FLMR0074,0,0.0,0.0,0.0,False
2021-09-30,US1FLMR0079,0,0.0,0.0,0.0,False
2021-09-30,US1FLMT0016,0,4.06,-4.06,-0.48,False
2021-09-30,US1FLMT0018,0,3.92,-3.92,-0.47,False
2021-09-30,US1FLMT0021,0,4.33,-4.33,-0.52,False
2021-09-30,US1FLMT0026,0,4.78,-4.78,-0.57,False
2021-09-30,US1FLMT0028,5,3.94,1.06,0.13,False
2021-09-30,US1FLMT0031,5,4.0,1.0,0.12,False
2021-09-30,US1FLMT0035,86,3.29,82.71,9.87,True
2021-09-30,US1FLMT0036,5,3.96,1.04,0.12,False
2021-09-30,US1FLMT0037,0,6.46,-6.46,-0.77,False
2021-09-30,US1FLMT0039,0,5.62,-5.62,-0.67,False
2021-09-30,US1FLMT0042,46,5.59,40.41,4.82,True
2021-09-30,US1FLMT0043,0,3.51,-3.51,-0.42,False
2021-09-30,US1FLMT0045,0,5.72,-5.72,-0.68,False
2021-09-30,US1FLMT0046,0,6.72,-6.72,-0.8,False
2021-09-30,US1FLNS0012,0,0.0,0.0,0.0,False
2021-09-30,US1FLNS0014,0,0.0,0.0,0.0,False
2021-09-30,US1FLNS0017,0,0.0,0.0,0.0,False
2021-09-30,US1FLNS0021,0,0.0,0.0,0.0,False
2021-09-30,US1FLNS0022,0,0.0,0.0,0.0,False
2021-09-30,US1FLOB0002,0,2.77,-2.77,-0.33,False
2021-09-30,US1FLOR0019,0,1.32,-1.32,-0.16,False
2021-09-30,US1FLOR0026,0,0.84,-0.84,-0.1,False
2021-09-30,US1FLOR0027,0,0.84,-0.84,-0.1,False
2021-09-30,US1FLOR0030,0,1.29,-1.29,-0.15,False
2021-09-30,US1FLOR0034,0,0.06,-0.06,-0.01,False
2021-09-30,US1FLOR0035,0,0.09,-0.09,-0.01,False
2021-09-30,US1FLOR0043,0,0.07,-0.07,-0.01,False
2021-09-30,US1FLOR0046,0,1.06,-1.06,-0.13,False
2021-09-30,US1FLOR0054,0,0.04,-0.04,-0.0,False
2021-09-30,US1FLOR0055,0,0.96,-0.96,-0.11,False
2021-09-30,US1FLOR0061,0,0.0,0.0,0.0,False
2021-09-30,US1FLOR0062,0,0.04,-0.04,-0.0,False
2021-09-30,US1FLOR0065,0,1.18,-1.18,-0.14,False
2021-09-30,US1FLOR0068,0,0.76,-0.76,-0.09,False
2021-09-30,US1FLOR0072,0,1.45,-1.45,-0.17,False
2021-09-30,US1FLOS0001,0,1.3,-1.3,-0.16,False
2021-09-30,US1FLOS0027,0,1.95,-1.95,-0.23,False
2021-09-30,US1FLOS0029,0,1.75,-1.75,-0.21,False
2021-09-30,US1FLOS0031,0,1.24,-1.24,-0.15,False
2021-09-30,US1FLOS0036,0,2.45,-2.45,-0.29,False
2021-09-30,US1FLOS0037,0,1.84,-1.84,-0.22,False
2021-09-30,US1FLPB0002,0,8.9,-8.9,-1.06,False
2021-09-30,US1FLPB0007,10,8.91,1.09,0.13,False
2021-09-30,US1FLPB0012,0,8.26,-8.26,-0.99,False
2021-09-30,US1FLPB0013,0,9.54,-9.54,-1.14,False
2021-09-30,US1FLPB0034,0,3.81,-3.81,-0.45,False
2021-09-30,US1FLPB0037,25,6.62,18.38,2.19,False
2021-09-30,US1FLPB0044,0,7.53,-7.53,-0.9,False
2021-09-30,US1FLPB0061,36,5.77,30.23,3.61,True
2021-09-30,US1FLPB0063,0,9.39,-9.39,-1.12,False
2021-09-30,US1FLPB0072,20,6.6,13.4,1.6,False
2021-09-30,US1FLPB0077,0,9.88,-9.88,-1.18,False
2021-09-30,US1FLPB0080,0,6.8,-6.8,-0.81,False
2021-09-30,US1FLPB0081,0,7.4,-7.4,-0.88,False
2021-09-30,US1FLPB0087,0,9.02,-9.02,-1.08,False
2021-09-30,US1FLPB0096,0,4.93,-4.93,-0.59,False
2021-09-30,US1FLPB0098,0,7.09,-7.09,-0.85,False
2021-09-30,US1FLPK0018,0,0.0,0.0,0.0,False
2021-09-30,US1FLPK0032,0,0.0,0.0,0.0,False
2021-09-30,US1FLPK0034,0,0.0,0.0,0.0,False
2021-09-30,US1FLPK0035,0,0.04,-0.04,-0.0,False
2021-09-30,US1FLPK0039,0,0.0,0.0,0.0,False
2021-09-30,US1FLPK0055,0,0.0,0.0,0.0,False
2021-09-30,US1FLPK0067,0,0.12,-0.12,-0.01,False
2021-09-30,US1FLPK0073,0,0.0,0.0,0.0,False
2021-09-30,US1FLPK0076,0,0.0,0.0,0.0,False
2021-09-30,US1FLPK0078,0,1.17,-1.17,-0.14,False
2021-09-30,US1FLPK0081,0,0.0,0.0,0.0,False
2021-09-30,US1FLPK0083,0,0.0,0.0,0.0,False
2021-09-30,US1FLPK0084,0,0.0,0.0,0.0,False
2021-09-30,US1FLPN0006,0,0.0,0.0,0.0,False
2021-09-30,US1FLPN0009,0,0.0,0.0,0.0,False
2021-09-30,US1FLPN0017,0,0.0,0.0,0.0,False
2021-09-30,US1FLPN0034,0,0.0,0.0,0.0,False
2021-09-30,US1FLPN0035,0,0.0,0.0,0.0,False
2021-09-30,US1FLPN0036,0,0.0,0.0,0.0,False
2021-09-30,US1FLPN0060,0,0.0,0.0,0.0,False
2021-09-30,US1FLPN0074,0,0.0,0.0,0.0,False
2021-09-30,US1FLPN0077,0,0.0,0.0,0.0,False
2021-09-30,US1FLPN0079,0,0.0,0.0,0.0,False
2021-09-30,US1FLPN0081,0,0.0,0.0,0.0,False
2021-09-30,US1FLPN0083,0,0.0,0.0,0.0,False
2021-09-30,US1FLPN0087,0,0.0,0.0,0.0,False
2021-09-30,US1FLPN0090,0,0.0,0.0,0.0,False
2021-09-30,US1FLPN0091,0,0.0,0.0,0.0,False
2021-09-30,US1FLPN0094,0,0.0,0.0,0.0,False
2021-09-30,US1FLPN0096,0,0.0,0.0,0.0,False
2021-09-30,US1FLPN0097,0,0.0,0.0,0.0,False
2021-09-30,US1FLPN0099,0,0.0,0.0,0.0,False
2021-09-30,US1FLPN0104,0,0.0,0.0,0.0,False
2021-09-30,US1FLPN0105,0,0.0,0.0,0.0,False
2021-09-30,US1FLPN0108,0,0.0,0.0,0.0,False
2021-09-30,US1FLPN0111,0,0.0,0.0,0.0,False
2021-09-30,US1FLPS0001,0,0.0,0.0,0.0,False
2021-09-30,US1FLPS0004,0,0.0,0.0,0.0,False
2021-09-30,US1FLPS0006,0,0.0,0.0,0.0,False
2021-09-30,US1FLPS0007,0,0.0,0.0,0.0,False
2021-09-30,US1FLPS0010,0,0.0,0.0,0.0,False
2021-09-30,US1FLPS0015,0,0.0,0.0,0.0,False
2021-09-30,US1FLPS0043,0,0.0,0.0,0.0,False
2021-09-30,US1FLPS0049,0,0.0,0.0,0.0,False
2021-09-30,US1FLPS0051,0,0.0,0.0,0.0,False
2021-09-30,US1FLPS0065,0,0.0,0.0,0.0,False
2021-09-30,US1FLPS0072,0,0.0,0.0,0.0,False
2021-09-30,US1FLPS0073,0,0.0,0.0,0.0,False
2021-09-30,US1FLPS0074,0,0.0,0.0,0.0,False
2021-09-30,US1FLPS0075,0,0.0,0.0,0.0,False
2021-09-30,US1FLPT0004,0,0.0,0.0,0.0,False
2021-09-30,US1FLPT0007,0,0.0,0.0,0.0,False
2021-09-30,US1FLPT0008,0,0.0,0.0,0.0,False
2021-09-30,US1FLPT0012,0,0.0,0.0,0.0,False
2021-09-30,US1FLPT0021,0,0.0,0.0,0.0,False
2021-09-30,US1FLPT0024,0,0.0,0.0,0.0,False
2021-09-30,US1FLPT0026,0,0.0,0.0,0.0,False
2021-09-30,US1FLPT0027,0,0.0,0.0,0.0,False
2021-09-30,US1FLPT0029,0,0.0,0.0,0.0,False
2021-09-30,US1FLSJ0004,0,0.0,0.0,0.0,False
2021-09-30,US1FLSJ0016,0,0.0,0.0,0.0,False
2021-09-30,US1FLSJ0020,0,0.0,0.0,0.0,False
2021-09-30,US1FLSJ0023,0,0.0,0.0,0.0,False
2021-09-30,US1FLSJ0028,0,0.0,0.0,0.0,False
2021-09-30,US1FLSJ0029,0,0.0,0.0,0.0,False
2021-09-30,US1FLSJ0030,0,0.0,0.0,0.0,False
2021-09-30,US1FLSJ0033,0,0.0,0.0,0.0,False
2021-09-30,US1FLSJ0034,0,0.0,0.0,0.0,False
2021-09-30,US1FLSJ0036,0,0.0,0.0,0.0,False
2021-09-30,US1FLSJ0039,0,0.0,0.0,0.0,False
2021-09-30,US1FLSL0011,0,3.13,-3.13,-0.37,False
2021-09-30,US1FLSL0013,0,2.8,-2.8,-0.33,False
2021-09-30,US1FLSL0015,0,3.68,-3.68,-0.44,False
2021-09-30,US1FLSL0017,0,3.15,-3.15,-0.38,False
2021-09-30,US1FLSL0019,0,3.73,-3.73,-0.44,False
2021-09-30,US1FLSL0033,0,3.18,-3.18,-0.38,False
2021-09-30,US1FLSL0048,0,3.41,-3.41,-0.41,False
2021-09-30,US1FLSL0050,0,2.76,-2.76,-0.33,False
2021-09-30,US1FLSL0051,0,2.93,-2.93,-0.35,False
2021-09-30,US1FLSL0054,0,2.95,-2.95,-0.35,False
2021-09-30,US1FLSM0008,0,1.28,-1.28,-0.15,False
2021-09-30,US1FLSM0026,0,0.7,-0.7,-0.08,False
2021-09-30,US1FLSM0030,0,1.06,-1.06,-0.13,False
2021-09-30,US1FLSM0034,0,1.2,-1.2,-0.14,False
2021-09-30,US1FLSM0035,0,1.0,-1.0,-0.12,False
2021-09-30,US1FLSM0037,0,1.29,-1.29,-0.15,False
2021-09-30,US1FLSM0038,0,1.0,-1.0,-0.12,False
2021-09-30,US1FLSM0039,0,0.71,-0.71,-0.08,False
2021-09-30,US1FLSS0014,0,0.0,0.0,0.0,False
2021-09-30,US1FLSS0015,0,0.0,0.0,0.0,False
2021-09-30,US1FLSS0022,0,0.0,0.0,0.0,False
2021-09-30,US1FLSS0034,0,0.0,0.0,0.0,False
2021-09-30,US1FLSS0040,0,0.0,0.0,0.0,False
2021-09-30,US1FLSS0052,0,0.0,0.0,0.0,False
2021-09-30,US1FLSS0056,0,0.0,0.0,0.0,False
2021-09-30,US1FLSS0059,0,0.0,0.0,0.0,False
2021-09-30,US1FLSS0063,0,0.0,0.0,0.0,False
2021-09-30,US1FLSS0071,0,0.0,0.0,0.0,False
2021-09-30,US1FLSS0073,0,0.0,0.0,0.0,False
2021-09-30,US1FLSS0075,0,0.0,0.0,0.0,False
2021-09-30,US1FLSS0077,0,0.0,0.0,0.0,False
2021-09-30,US1FLSS0079,0,0.0,0.0,0.0,False
2021-09-30,US1FLSS0080,0,0.0,0.0,0.0,False
2021-09-30,US1FLST0007,0,0.0,0.0,0.0,False
2021-09-30,US1FLST0008,0,0.0,0.0,0.0,False
2021-09-30,US1FLST0009,0,0.0,0.0,0.0,False
2021-09-30,US1FLST0012,0,0.0,0.0,0.0,False
2021-09-30,US1FLST0026,0,0.0,0.0,0.0,False
2021-09-30,US1FLST0032,0,0.0,0.0,0.0,False
2021-09-30,US1FLST0035,0,0.0,0.0,0.0,False
2021-09-30,US1FLST0037,0,0.0,0.0,0.0,False
2021-09-30,US1FLSW0001,0,0.02,-0.02,-0.0,False
2021-09-30,US1FLSW0008,0,0.05,-0.05,-0.01,False
2021-09-30,US1FLSW0011,0,0.03,-0.03,-0.0,False
2021-09-30,US1FLSW0014,0,0.04,-0.04,-0.0,False
2021-09-30,US1FLVL0001,0,0.07,-0.07,-0.01,False
2021-09-30,US1FLVL0003,0,0.0,0.0,0.0,False
2021-09-30,US1FLVL0005,0,0.0,0.0,0.0,False
2021-09-30,US1FLVL0009,0,0.0,0.0,0.0,False
2021-09-30,US1FLVL0024,0,0.0,0.0,0.0,False
2021-09-30,US1FLVL0029,0,0.0,0.0,0.0,False
2021-09-30,US1FLVL0037,0,0.0,0.0,0.0,False
2021-09-30,US1FLVL0038,0,1.7,-1.7,-0.2,False
2021-09-30,US1FLVL0040,0,0.76,-0.76,-0.09,False
2021-09-30,US1FLVL0042,0,0.0,0.0,0.0,False
2021-09-30,US1FLVL0044,0,0.0,0.0,0.0,False
2021-09-30,US1FLVL0051,0,0.04,-0.04,-0.0,False
2021-09-30,US1FLVL0060,0,0.0,0.0,0.0,False
2021-09-30,US1FLVL0061,0,0.0,0.0,0.0,False
2021-09-30,US1FLVL0062,0,0.0,0.0,0.0,False
2021-09-30,US1FLVL0063,0,0.0,0.0,0.0,False
2021-09-30,US1FLVL0070,0,0.0,0.0,0.0,False
2021-09-30,US1FLVL0071,0,0.0,0.0,0.0,False
2021-09-30,US1FLVL0073,0,0.0,0.0,0.0,False
2021-09-30,US1FLVL0075,0,0.77,-0.77,-0.09,False
2021-09-30,US1FLVL0081,0,0.0,0.0,0.0,False
2021-09-30,US1FLVL0082,0,0.0,0.0,0.0,False
2021-09-30,US1FLVL0084,0,0.0,0.0,0.0,False
2021-09-30,US1FLVL0086,0,0.0,0.0,0.0,False
2021-09-30,US1FLVL0087,0,0.0,0.0,0.0,False
2021-09-30,US1FLVL0089,0,0.0,0.0,0.0,False
2021-09-30,US1FLVL0090,0,0.0,0.0,0.0,False
2021-09-30,US1FLVL0091,0,0.0,0.0,0.0,False
2021-09-30,US1FLVL0099,0,0.0,0.0,0.0,False
2021-09-30,US1FLVL0100,0,1.19,-1.19,-0.14,False
2021-09-30,US1FLVL0101,0,0.06,-0.06,-0.01,False
2021-09-30,US1FLVL0103,0,0.0,0.0,0.0,False
2021-09-30,US1FLVL0104,0,0.0,0.0,0.0,False
2021-09-30,US1FLVL0105,0,0.0,0.0,0.0,False
2021-09-30,US1GAAP0006,0,0.0,0.0,0.0,False
2021-09-30,US1GAAP0007,0,0.0,0.0,0.0,False
2021-09-30,US1GABB0016,0,0.0,0.0,0.0,False
2021-09-30,US1GABB0019,0,0.0,0.0,0.0,False
2021-09-30,US1GABD0001,0,0.0,0.0,0.0,False
2021-09-30,US1GABD0005,0,0.0,0.0,0.0,False
2021-09-30,US1GABK0001,0,0.0,0.0,0.0,False
2021-09-30,US1GABR0002,0,0.12,-0.12,-0.01,False
2021-09-30,US1GABR0005,3,0.0,3.0,0.36,False
2021-09-30,US1GABR0009,0,0.13,-0.13,-0.02,False
2021-09-30,US1GABU0013,0,0.03,-0.03,-0.0,False
2021-09-30,US1GABU0016,0,0.03,-0.03,-0.0,False
2021-09-30,US1GABU0021,0,0.04,-0.04,-0.0,False
2021-09-30,US1GABY0001,0,0.0,0.0,0.0,False
2021-09-30,US1GACF0001,0,0.1,-0.1,-0.01,False
2021-09-30,US1GACH0006,0,0.0,0.0,0.0,False
2021-09-30,US1GACI0003,0,0.12,-0.12,-0.01,False
2021-09-30,US1GACK0006,0,0.0,0.0,0.0,False
2021-09-30,US1GACK0010,0,0.0,0.0,0.0,False
2021-09-30,US1GACK0011,0,0.0,0.0,0.0,False
2021-09-30,US1GACK0012,0,0.0,0.0,0.0,False
2021-09-30,US1GACK0017,0,0.0,0.0,0.0,False
2021-09-30,US1GACK0027,0,0.0,0.0,0.0,False
2021-09-30,US1GACK0030,0,0.0,0.0,0.0,False
2021-09-30,US1GACK0038,0,0.0,0.0,0.0,False
2021-09-30,US1GACM0014,0,0.0,0.0,0.0,False
2021-09-30,US1GACM0018,0,0.0,0.0,0.0,False
2021-09-30,US1GACM0019,0,0.0,0.0,0.0,False
2021-09-30,US1GACM0021,0,0.0,0.0,0.0,False
2021-09-30,US1GACO0003,0,0.19,-0.19,-0.02,False
2021-09-30,US1GACQ0002,0,0.08,-0.08,-0.01,False
2021-09-30,US1GACQ0012,0,0.08,-0.08,-0.01,False
2021-09-30,US1GACQ0013,0,0.05,-0.05,-0.01,False
2021-09-30,US1GACT0001,0,0.04,-0.04,-0.01,False
2021-09-30,US1GACT0003,0,0.06,-0.06,-0.01,False
2021-09-30,US1GACT0019,0,0.06,-0.06,-0.01,False
2021-09-30,US1GACT0028,0,0.04,-0.04,-0.0,False
2021-09-30,US1GACT0036,0,0.12,-0.12,-0.01,False
2021-09-30,US1GACT0037,0,0.04,-0.04,-0.0,False
2021-09-30,US1GACT0038,0,0.07,-0.07,-0.01,False
2021-09-30,US1GACT0040,0,0.07,-0.07,-0.01,False
2021-09-30,US1GACT0055,0,0.05,-0.05,-0.01,False
2021-09-30,US1GACT0057,0,0.05,-0.05,-0.01,False
2021-09-30,US1GACT0060,0,0.05,-0.05,-0.01,False
2021-09-30,US1GACT0061,0,0.05,-0.05,-0.01,False
2021-09-30,US1GACT0064,0,0.05,-0.05,-0.01,False
2021-09-30,US1GACT0067,0,0.06,-0.06,-0.01,False
2021-09-30,US1GACT0077,0,0.06,-0.06,-0.01,False
2021-09-30,US1GACT0079,0,0.05,-0.05,-0.01,False
2021-09-30,US1GACT0089,0,0.06,-0.06,-0.01,False
2021-09-30,US1GACT0098,0,0.05,-0.05,-0.01,False
2021-09-30,US1GACT0099,0,0.08,-0.08,-0.01,False
2021-09-30,US1GACU0003,0,0.0,0.0,0.0,False
2021-09-30,US1GACU0006,0,0.0,0.0,0.0,False
2021-09-30,US1GACU0009,0,0.0,0.0,0.0,False
2021-09-30,US1GACU0011,0,0.0,0.0,0.0,False
2021-09-30,US1GACU0013,0,0.0,0.0,0.0,False
2021-09-30,US1GACU0014,0,0.0,0.0,0.0,False
2021-09-30,US1GACU0021,0,0.0,0.0,0.0,False
2021-09-30,US1GADG0004,0,0.0,0.0,0.0,False
2021-09-30,US1GADG0005,0,0.0,0.0,0.0,False
2021-09-30,US1GADG0009,0,0.0,0.0,0.0,False
2021-09-30,US1GAEF0013,0,0.04,-0.04,-0.0,False
2021-09-30,US1GAEF0017,0,0.03,-0.03,-0.0,False
2021-09-30,US1GAEF0018,0,0.03,-0.03,-0.0,False
2021-09-30,US1GAEF0021,0,0.03,-0.03,-0.0,False
2021-09-30,US1GAEF0022,0,0.03,-0.03,-0.0,False
2021-09-30,US1GAEM0004,0,0.0,0.0,0.0,False
2021-09-30,US1GAEM0005,0,0.0,0.0,0.0,False
2021-09-30,US1GAEV0001,0,0.04,-0.04,-0.0,False
2021-09-30,US1GAGE0001,0,0.0,0.0,0.0,False
2021-09-30,US1GAGE0005,0,0.0,0.0,0.0,False
2021-09-30,US1GAGE0006,0,0.0,0.0,0.0,False
2021-09-30,US1GAGN0005,0,0.02,-0.02,-0.0,False
2021-09-30,US1GAGN0007,0,0.03,-0.03,-0.0,False
2021-09-30,US1GAGW0050,0,0.0,0.0,0.0,False
2021-09-30,US1GAGW0055,0,0.0,0.0,0.0,False
2021-09-30,US1GAGW0065,0,0.0,0.0,0.0,False
2021-09-30,US1GAHS0003,0,0.0,0.0,0.0,False
2021-09-30,US1GAHS0005,0,0.0,0.0,0.0,False
2021-09-30,US1GAHS0011,0,0.0,0.0,0.0,False
2021-09-30,US1GAHS0016,0,0.0,0.0,0.0,False
2021-09-30,US1GAHS0024,0,0.0,0.0,0.0,False
2021-09-30,US1GAHS0027,0,0.0,0.0,0.0,False
2021-09-30,US1GAJN0006,0,0.0,0.0,0.0,False
2021-09-30,US1GAJN0007,0,0.0,0.0,0.0,False
2021-09-30,US1GALB0004,0,0.08,-0.08,-0.01,False
2021-09-30,US1GALB0006,0,0.08,-0.08,-0.01,False
2021-09-30,US1GALB0010,0,0.09,-0.09,-0.01,False
2021-09-30,US1GALB0011,0,0.05,-0.05,-0.01,False
2021-09-30,US1GALC0002,0,0.0,0.0,0.0,False
2021-09-30,US1GALR0001,0,0.0,0.0,0.0,False
2021-09-30,US1GALW0004,0,0.1,-0.1,-0.01,False
2021-09-30,US1GALW0008,0,0.13,-0.13,-0.02,False
2021-09-30,US1GALW0013,0,0.1,-0.1,-0.01,False
2021-09-30,US1GALW0014,0,0.16,-0.16,-0.02,False
2021-09-30,US1GALW0015,0,0.08,-0.08,-0.01,False
2021-09-30,US1GALW0016,0,0.17,-0.17,-0.02,False
2021-09-30,US1GALW0017,0,0.09,-0.09,-0.01,False
2021-09-30,US1GALW0018,0,0.27,-0.27,-0.03,False
2021-09-30,US1GALW0019,0,0.08,-0.08,-0.01,False
2021-09-30,US1GALW0024,3,0.0,3.0,0.36,False
2021-09-30,US1GAMD0001,0,0.0,0.0,0.0,False
2021-09-30,US1GAMD0005,0,0.0,0.0,0.0,False
2021-09-30,US1GAMI0001,0,0.07,-0.07,-0.01,False
2021-09-30,US1GAMI0005,0,0.06,-0.06,-0.01,False
2021-09-30,US1GAMN0007,0,0.0,0.0,0.0,False
2021-09-30,US1GAMN0010,0,0.0,0.0,0.0,False
2021-09-30,US1GANW0001,0,0.0,0.0,0.0,False
2021-09-30,US1GANW0007,0,0.0,0.0,0.0,False
2021-09-30,US1GAOC0001,0,0.0,0.0,0.0,False
2021-09-30,US1GAOC0002,0,0.0,0.0,0.0,False
2021-09-30,US1GAOC0005,0,0.0,0.0,0.0,False
2021-09-30,US1GAOC0009,0,0.0,0.0,0.0,False
2021-09-30,US1GAOC0012,0,0.0,0.0,0.0,False
2021-09-30,US1GAOC0014,0,0.0,0.0,0.0,False
2021-09-30,US1GAOC0016,0,0.0,0.0,0.0,False
2021-09-30,US1GAOC0018,0,0.0,0.0,0.0,False
2021-09-30,US1GAOG0002,0,0.0,0.0,0.0,False
2021-09-30,US1GAOG0005,0,0.0,0.0,0.0,False
2021-09-30,US1GAOG0007,0,0.0,0.0,0.0,False
2021-09-30,US1GAOG0010,0,0.0,0.0,0.0,False
2021-09-30,US1GAOG0012,0,0.0,0.0,0.0,False
2021-09-30,US1GAOG0015,0,0.0,0.0,0.0,False
2021-09-30,US1GAPE0001,0,0.0,0.0,0.0,False
2021-09-30,US1GAPE0003,0,0.0,0.0,0.0,False
2021-09-30,US1GARC0009,0,0.0,0.0,0.0,False
2021-09-30,US1GARC0012,0,0.0,0.0,0.0,False
2021-09-30,US1GARC0019,0,0.0,0.0,0.0,False
2021-09-30,US1GASV0005,0,0.03,-0.03,-0.0,False
2021-09-30,US1GASV0008,0,0.0,0.0,0.0,False
2021-09-30,US1GATE0004,0,0.0,0.0,0.0,False
2021-09-30,US1GATF0003,0,0.06,-0.06,-0.01,False
2021-09-30,US1GATG0001,0,0.0,0.0,0.0,False
2021-09-30,US1GATH0002,0,0.06,-0.06,-0.01,False
2021-09-30,US1GATH0004,0,0.06,-0.06,-0.01,False
2021-09-30,US1GATN0004,0,0.04,-0.04,-0.0,False
2021-09-30,US1GAWG0005,0,0.0,0.0,0.0,False
2021-09-30,US1GAWG0006,0,0.0,0.0,0.0,False
2021-09-30,US1GAWL0001,0,0.0,0.0,0.0,False
2021-09-30,US1GAWL0012,0,0.0,0.0,0.0,False
2021-09-30,US1GAWL0022,0,0.0,0.0,0.0,False
2021-09-30,US1GAWL0024,0,0.0,0.0,0.0,False
2021-09-30,US1GAWN0001,0,0.0,0.0,0.0,False
2021-09-30,US1GAWR0005,0,0.11,-0.11,-0.01,False
2021-09-30,US1GAWS0001,0,0.0,0.0,0.0,False
2021-09-30,US1GAWT0003,0,0.08,-0.08,-0.01,False
2021-09-30,US1GAWT0007,0,0.07,-0.07,-0.01,False
2021-09-30,US1GAWY0007,0,0.06,-0.06,-0.01,False
2021-09-30,US1NCBR0001,0,0.11,-0.11,-0.01,False
2021-09-30,US1NCBR0006,0,0.14,-0.14,-0.02,False
2021-09-30,US1NCBR0105,0,0.11,-0.11,-0.01,False
2021-09-30,US1SCAK0014,0,0.0,0.0,0.0,False
2021-09-30,US1SCAK0023,0,0.0,0.0,0.0,False
2021-09-30,US1SCAK0027,0,0.0,0.0,0.0,False
2021-09-30,US1SCAK0031,0,0.0,0.0,0.0,False
2021-09-30,US1SCAK0032,0,0.0,0.0,0.0,False
2021-09-30,US1SCAK0033,0,0.0,0.0,0.0,False
2021-09-30,US1SCAK0039,0,0.0,0.0,0.0,False
2021-09-30,US1SCAK0046,0,0.0,0.0,0.0,False
2021-09-30,US1SCAK0051,0,0.0,0.0,0.0,False
2021-09-30,US1SCAK0053,0,0.0,0.0,0.0,False
2021-09-30,US1SCAK0057,0,0.0,0.0,0.0,False
2021-09-30,US1SCAK0060,0,0.0,0.0,0.0,False
2021-09-30,US1SCAK0069,0,0.0,0.0,0.0,False
2021-09-30,US1SCAK0073,0,0.0,0.0,0.0,False
2021-09-30,US1SCAK0074,0,0.0,0.0,0.0,False
2021-09-30,US1SCAK0083,0,0.0,0.0,0.0,False
2021-09-30,US1SCAK0097,0,0.0,0.0,0.0,False
2021-09-30,US1SCAK0101,0,0.0,0.0,0.0,False
2021-09-30,US1SCAL0002,0,0.0,0.0,0.0,False
2021-09-30,US1SCBF0002,0,0.01,-0.01,-0.0,False
2021-09-30,US1SCBF0015,0,0.02,-0.02,-0.0,False
2021-09-30,US1SCBF0022,0,0.01,-0.01,-0.0,False
2021-09-30,US1SCBF0032,0,0.01,-0.01,-0.0,False
2021-09-30,US1SCBF0036,0,0.01,-0.01,-0.0,False
2021-09-30,US1SCBF0037,0,0.01,-0.01,-0.0,False
2021-09-30,US1SCBF0053,0,0.01,-0.01,-0.0,False
2021-09-30,US1SCBF0055,0,0.02,-0.02,-0.0,False
2021-09-30,US1SCBF0059,0,0.01,-0.01,-0.0,False
2021-09-30,US1SCBF0066,0,0.01,-0.01,-0.0,False
2021-09-30,US1SCBF0080,0,0.01,-0.01,-0.0,False
2021-09-30,US1SCBF0091,0,0.01,-0.01,-0.0,False
2021-09-30,US1SCBF0092,0,0.02,-0.02,-0.0,False
2021-09-30,US1SCBF0093,0,0.01,-0.01,-0.0,False
2021-09-30,US1SCBF0097,0,0.01,-0.01,-0.0,False
2021-09-30,US1SCBF0098,0,0.01,-0.01,-0.0,False
2021-09-30,US1SCBF0099,0,0.02,-0.02,-0.0,False
2021-09-30,US1SCBF0100,0,0.01,-0.01,-0.0,False
2021-09-30,US1SCBF0104,0,0.01,-0.01,-0.0,False
2021-09-30,US1SCBF0111,0,0.01,-0.01,-0.0,False
2021-09-30,US1SCBF0112,0,0.01,-0.01,-0.0,False
2021-09-30,US1SCBK0017,0,0.0,0.0,0.0,False
2021-09-30,US1SCBK0038,0,0.0,0.0,0.0,False
2021-09-30,US1SCBK0046,0,0.0,0.0,0.0,False
2021-09-30,US1SCBK0048,0,0.0,0.0,0.0,False
2021-09-30,US1SCBK0055,0,0.0,0.0,0.0,False
2021-09-30,US1SCBK0056,0,0.0,0.0,0.0,False
2021-09-30,US1SCBK0059,0,0.0,0.0,0.0,False
2021-09-30,US1SCBK0061,0,0.0,0.0,0.0,False
2021-09-30,US1SCBK0065,0,0.0,0.0,0.0,False
2021-09-30,US1SCBK0068,0,0.0,0.0,0.0,False
2021-09-30,US1SCBK0079,0,0.0,0.0,0.0,False
2021-09-30,US1SCBK0081,0,0.0,0.0,0.0,False
2021-09-30,US1SCBK0082,0,0.0,0.0,0.0,False
2021-09-30,US1SCBM0001,0,0.0,0.0,0.0,False
2021-09-30,US1SCBM0006,0,0.0,0.0,0.0,False
2021-09-30,US1SCBW0003,0,0.0,0.0,0.0,False
2021-09-30,US1SCCA0002,0,0.0,0.0,0.0,False
2021-09-30,US1SCCA0016,0,0.0,0.0,0.0,False
2021-09-30,US1SCCA0020,0,0.0,0.0,0.0,False
2021-09-30,US1SCCD0006,0,0.0,0.0,0.0,False
2021-09-30,US1SCCD0017,0,0.0,0.0,0.0,False
2021-09-30,US1SCCD0019,0,0.0,0.0,0.0,False
2021-09-30,US1SCCL0003,0,0.0,0.0,0.0,False
2021-09-30,US1SCCL0005,0,0.0,0.0,0.0,False
2021-09-30,US1SCCL0009,0,0.0,0.0,0.0,False
2021-09-30,US1SCCL0014,0,0.0,0.0,0.0,False
2021-09-30,US1SCCL0016,0,0.0,0.0,0.0,False
2021-09-30,US1SCCL0017,0,0.0,0.0,0.0,False
2021-09-30,US1SCCL0028,0,0.0,0.0,0.0,False
2021-09-30,US1SCCR0010,0,0.0,0.0,0.0,False
2021-09-30,US1SCCR0013,0,0.0,0.0,0.0,False
2021-09-30,US1SCCR0022,0,0.0,0.0,0.0,False
2021-09-30,US1SCCR0026,0,0.0,0.0,0.0,False
2021-09-30,US1SCCR0030,0,0.0,0.0,0.0,False
2021-09-30,US1SCCR0032,0,0.0,0.0,0.0,False
2021-09-30,US1SCCR0033,0,0.0,0.0,0.0,False
2021-09-30,US1SCCR0034,0,0.0,0.0,0.0,False
2021-09-30,US1SCCR0042,0,0.0,0.0,0.0,False
2021-09-30,US1SCCR0049,0,0.0,0.0,0.0,False
2021-09-30,US1SCCR0069,0,0.0,0.0,0.0,False
2021-09-30,US1SCCR0074,0,0.0,0.0,0.0,False
2021-09-30,US1SCCR0078,0,0.0,0.0,0.0,False
2021-09-30,US1SCCR0083,0,0.0,0.0,0.0,False
2021-09-30,US1SCCR0087,0,0.0,0.0,0.0,False
2021-09-30,US1SCCR0092,0,0.0,0.0,0.0,False
2021-09-30,US1SCCR0096,0,0.0,0.0,0.0,False
2021-09-30,US1SCCR0097,0,0.0,0.0,0.0,False
2021-09-30,US1SCCR0098,0,0.0,0.0,0.0,False
2021-09-30,US1SCCR0099,0,0.0,0.0,0.0,False
2021-09-30,US1SCCR0105,0,0.0,0.0,0.0,False
2021-09-30,US1SCCR0112,0,0.0,0.0,0.0,False
2021-09-30,US1SCCR0113,0,0.0,0.0,0.0,False
2021-09-30,US1SCCR0115,0,0.0,0.0,0.0,False
2021-09-30,US1SCCR0116,0,0.0,0.0,0.0,False
2021-09-30,US1SCCR0123,0,0.0,0.0,0.0,False
2021-09-30,US1SCCR0131,0,0.0,0.0,0.0,False
2021-09-30,US1SCCR0138,0,0.0,0.0,0.0,False
2021-09-30,US1SCCR0142,0,0.0,0.0,0.0,False
2021-09-30,US1SCCR0144,0,0.0,0.0,0.0,False
2021-09-30,US1SCCR0146,0,0.0,0.0,0.0,False
2021-09-30,US1SCCR0148,0,0.0,0.0,0.0,False
2021-09-30,US1SCCR0149,0,0.0,0.0,0.0,False
2021-09-30,US1SCCR0151,0,0.0,0.0,0.0,False
2021-09-30,US1SCCR0153,0,0.0,0.0,0.0,False
2021-09-30,US1SCCR0154,0,0.0,0.0,0.0,False
2021-09-30,US1SCCR0155,0,0.0,0.0,0.0,False
2021-09-30,US1SCCR0161,0,0.0,0.0,0.0,False
2021-09-30,US1SCCR0162,0,0.0,0.0,0.0,False
2021-09-30,US1SCCR0164,0,0.0,0.0,0.0,False
2021-09-30,US1SCCR0166,0,0.0,0.0,0.0,False
2021-09-30,US1SCCR0178,0,0.0,0.0,0.0,False
2021-09-30,US1SCCR0179,0,0.0,0.0,0.0,False
2021-09-30,US1SCCR0183,0,0.0,0.0,0.0,False
2021-09-30,US1SCCR0187,0,0.0,0.0,0.0,False
2021-09-30,US1SCCR0189,0,0.0,0.0,0.0,False
2021-09-30,US1SCCR0192,0,0.0,0.0,0.0,False
2021-09-30,US1SCCR0194,0,0.0,0.0,0.0,False
2021-09-30,US1SCCR0197,0,0.0,0.0,0.0,False
2021-09-30,US1SCCR0199,0,0.0,0.0,0.0,False
2021-09-30,US1SCCR0204,0,0.0,0.0,0.0,False
2021-09-30,US1SCCR0205,0,0.0,0.0,0.0,False
2021-09-30,US1SCCR0210,0,0.0,0.0,0.0,False
2021-09-30,US1SCCR0212,0,0.0,0.0,0.0,False
2021-09-30,US1SCCR0214,0,0.0,0.0,0.0,False
2021-09-30,US1SCCR0217,0,0.0,0.0,0.0,False
2021-09-30,US1SCCR0218,0,0.0,0.0,0.0,False
2021-09-30,US1SCCR0225,0,0.0,0.0,0.0,False
2021-09-30,US1SCCR0227,0,0.0,0.0,0.0,False
2021-09-30,US1SCCR0228,0,0.0,0.0,0.0,False
2021-09-30,US1SCCR0229,0,0.0,0.0,0.0,False
2021-09-30,US1SCCR0231,0,0.0,0.0,0.0,False
2021-09-30,US1SCCR0238,0,0.0,0.0,0.0,False
2021-09-30,US1SCCR0241,0,0.0,0.0,0.0,False
2021-09-30,US1SCCR0242,0,0.0,0.0,0.0,False
2021-09-30,US1SCCR0243,0,0.0,0.0,0.0,False
2021-09-30,US1SCDC0003,0,0.0,0.0,0.0,False
2021-09-30,US1SCDC0018,0,0.0,0.0,0.0,False
2021-09-30,US1SCDC0036,0,0.0,0.0,0.0,False
2021-09-30,US1SCDC0041,0,0.0,0.0,0.0,False
2021-09-30,US1SCDC0042,0,0.0,0.0,0.0,False
2021-09-30,US1SCDC0056,0,0.0,0.0,0.0,False
2021-09-30,US1SCDC0057,0,0.0,0.0,0.0,False
2021-09-30,US1SCDC0062,0,0.0,0.0,0.0,False
2021-09-30,US1SCDC0067,0,0.0,0.0,0.0,False
2021-09-30,US1SCDC0069,0,0.0,0.0,0.0,False
2021-09-30,US1SCDC0075,0,0.0,0.0,0.0,False
2021-09-30,US1SCDC0076,0,0.0,0.0,0.0,False
2021-09-30,US1SCDC0078,0,0.0,0.0,0.0,False
2021-09-30,US1SCDC0084,0,0.0,0.0,0.0,False
2021-09-30,US1SCDC0086,0,0.0,0.0,0.0,False
2021-09-30,US1SCDC0087,0,0.0,0.0,0.0,False
2021-09-30,US1SCED0002,0,0.0,0.0,0.0,False
2021-09-30,US1SCED0013,0,0.0,0.0,0.0,False
2021-09-30,US1SCED0016,0,0.0,0.0,0.0,False
2021-09-30,US1SCGT0004,0,0.02,-0.02,-0.0,False
2021-09-30,US1SCGT0011,0,0.02,-0.02,-0.0,False
2021-09-30,US1SCGT0019,0,0.02,-0.02,-0.0,False
2021-09-30,US1SCGT0024,0,0.02,-0.02,-0.0,False
2021-09-30,US1SCGT0044,0,0.02,-0.02,-0.0,False
2021-09-30,US1SCGT0046,0,0.02,-0.02,-0.0,False
2021-09-30,US1SCHM0007,0,0.0,0.0,0.0,False
2021-09-30,US1SCHM0018,0,0.0,0.0,0.0,False
2021-09-30,US1SCHM0021,0,0.0,0.0,0.0,False
2021-09-30,US1SCHR0020,0,0.04,-0.04,-0.01,False
2021-09-30,US1SCHR0039,0,0.03,-0.03,-0.0,False
2021-09-30,US1SCHR0061,0,0.07,-0.07,-0.01,False
2021-09-30,US1SCHR0063,0,0.01,-0.01,-0.0,False
2021-09-30,US1SCHR0064,0,0.1,-0.1,-0.01,False
2021-09-30,US1SCHR0065,0,0.16,-0.16,-0.02,False
2021-09-30,US1SCHR0066,0,0.03,-0.03,-0.0,False
2021-09-30,US1SCHR0067,0,0.05,-0.05,-0.01,False
2021-09-30,US1SCHR0071,0,0.08,-0.08,-0.01,False
2021-09-30,US1SCHR0073,0,0.04,-0.04,-0.0,False
2021-09-30,US1SCHR0075,0,0.05,-0.05,-0.01,False
2021-09-30,US1SCHR0087,0,0.02,-0.02,-0.0,False
2021-09-30,US1SCHR0106,0,0.04,-0.04,-0.0,False
2021-09-30,US1SCHR0111,0,0.03,-0.03,-0.0,False
2021-09-30,US1SCHR0119,0,0.03,-0.03,-0.0,False
2021-09-30,US1SCHR0122,0,0.01,-0.01,-0.0,False
2021-09-30,US1SCHR0123,0,0.04,-0.04,-0.01,False
2021-09-30,US1SCHR0124,0,0.2,-0.2,-0.02,False
2021-09-30,US1SCHR0125,0,0.03,-0.03,-0.0,False
2021-09-30,US1SCHR0126,0,0.11,-0.11,-0.01,False
2021-09-30,US1SCHR0134,0,0.05,-0.05,-0.01,False
2021-09-30,US1SCHR0136,0,0.46,-0.46,-0.06,False
2021-09-30,US1SCHR0137,0,0.21,-0.21,-0.02,False
2021-09-30,US1SCJS0003,0,0.01,-0.01,-0.0,False
2021-09-30,US1SCJS0009,0,0.02,-0.02,-0.0,False
2021-09-30,US1SCLX0005,0,0.0,0.0,0.0,False
2021-09-30,US1SCLX0022,0,0.0,0.0,0.0,False
2021-09-30,US1SCLX0031,0,0.0,0.0,0.0,False
2021-09-30,US1SCLX0069,0,0.0,0.0,0.0,False
2021-09-30,US1SCLX0093,0,0.0,0.0,0.0,False
2021-09-30,US1SCLX0096,0,0.0,0.0,0.0,False
2021-09-30,US1SCLX0097,0,0.0,0.0,0.0,False
2021-09-30,US1SCLX0098,0,0.0,0.0,0.0,False
2021-09-30,US1SCLX0122,0,0.0,0.0,0.0,False
2021-09-30,US1SCLX0127,0,0.0,0.0,0.0,False
2021-09-30,US1SCLX0137,0,0.0,0.0,0.0,False
2021-09-30,US1SCLX0154,0,0.0,0.0,0.0,False
2021-09-30,US1SCLX0169,0,0.0,0.0,0.0,False
2021-09-30,US1SCLX0173,0,0.0,0.0,0.0,False
2021-09-30,US1SCLX0184,0,0.0,0.0,0.0,False
2021-09-30,US1SCLX0185,0,0.0,0.0,0.0,False
2021-09-30,US1SCMC0005,0,0.0,0.0,0.0,False
2021-09-30,US1SCMC0008,0,0.0,0.0,0.0,False
2021-09-30,US1SCOR0017,0,0.0,0.0,0.0,False
2021-09-30,US1SCOR0022,0,0.0,0.0,0.0,False
2021-09-30,US1SCOR0025,0,0.0,0.0,0.0,False
2021-09-30,US1SCOR0041,0,0.0,0.0,0.0,False
2021-09-30,US1SCOR0048,0,0.0,0.0,0.0,False
2021-09-30,US1SCOR0049,0,0.0,0.0,0.0,False
2021-09-30,US1SCRC0030,0,0.0,0.0,0.0,False
2021-09-30,US1SCRC0042,0,0.0,0.0,0.0,False
2021-09-30,US1SCRC0122,0,0.0,0.0,0.0,False
2021-09-30,US1SCRC0123,0,0.0,0.0,0.0,False
2021-09-30,US1SCSL0002,0,0.0,0.0,0.0,False
2021-09-30,US1SCSL0010,0,0.0,0.0,0.0,False
2021-09-30,US1SCSM0010,0,0.0,0.0,0.0,False
2021-09-30,US1SCSM0013,0,0.0,0.0,0.0,False
2021-09-30,US1SCSM0020,0,0.0,0.0,0.0,False
2021-09-30,US1SCSM0026,0,0.0,0.0,0.0,False
2021-09-30,US1SCSM0030,0,0.0,0.0,0.0,False
2021-09-30,US1SCSM0039,0,0.0,0.0,0.0,False
2021-09-30,US1SCSM0041,0,0.0,0.0,0.0,False
2021-09-30,US1SCWL0002,0,0.0,0.0,0.0,False
2021-09-30,USC00080236,0,0.03,-0.03,-0.0,False
2021-09-30,USC00080369,0,0.04,-0.04,-0.01,False
2021-09-30,USC00080478,0,0.0,0.0,0.0,False
2021-09-30,USC00080737,5,3.74,1.26,0.15,False
2021-09-30,USC00080945,0,0.0,0.0,0.0,False
2021-09-30,USC00081276,0,3.85,-3.85,-0.46,False
2021-09-30,USC00081641,0,0.0,0.0,0.0,False
2021-09-30,USC00082008,0,0.0,0.0,0.0,False
2021-09-30,USC00082150,0,0.0,0.0,0.0,False
2021-09-30,USC00082229,0,0.0,0.0,0.0,False
2021-09-30,USC00082298,3,2.27,0.73,0.09,False
2021-09-30,USC00083153,0,0.0,0.0,0.0,False
2021-09-30,USC00083163,0,7.48,-7.48,-0.89,False
2021-09-30,USC00083168,0,7.65,-7.65,-0.91,False
2021-09-30,USC00083207,0,3.26,-3.26,-0.39,False
2021-09-30,USC00083209,0,3.47,-3.47,-0.41,False
2021-09-30,USC00083874,0,0.0,0.0,0.0,False
2021-09-30,USC00083986,0,0.0,0.0,0.0,False
2021-09-30,USC00084050,0,11.34,-11.34,-1.35,False
2021-09-30,USC00084289,0,0.0,0.0,0.0,False
2021-09-30,USC00084366,0,0.0,0.0,0.0,False
2021-09-30,USC00084394,0,0.06,-0.06,-0.01,False
2021-09-30,USC00084461,0,6.76,-6.76,-0.81,False
2021-09-30,USC00084500,0,3.45,-3.45,-0.41,False
2021-09-30,USC00084621,0,2.82,-2.82,-0.34,False
2021-09-30,USC00084625,0,1.34,-1.34,-0.16,False
2021-09-30,USC00084731,0,0.0,0.0,0.0,False
2021-09-30,USC00084802,0,0.0,0.0,0.0,False
2021-09-30,USC00085076,0,0.0,0.0,0.0,False
2021-09-30,USC00085099,0,0.02,-0.02,-0.0,False
2021-09-30,USC00085184,38,7.03,30.97,3.69,True
2021-09-30,USC00085539,0,0.0,0.0,0.0,False
2021-09-30,USC00085612,5,10.23,-5.23,-0.62,False
2021-09-30,USC00085880,0,0.07,-0.07,-0.01,False
2021-09-30,USC00085895,0,2.6,-2.6,-0.31,False
2021-09-30,USC00085973,0,0.15,-0.15,-0.02,False
2021-09-30,USC00086048,0,0.08,-0.08,-0.01,False
2021-09-30,USC00086065,0,0.0,0.0,0.0,False
2021-09-30,USC00086078,0,0.08,-0.08,-0.01,False
2021-09-30,USC00086092,0,2.99,-2.99,-0.36,False
2021-09-30,USC00086634,0,0.1,-0.1,-0.01,False
2021-09-30,USC00086657,0,0.15,-0.15,-0.02,False
2021-09-30,USC00086761,0,4.71,-4.71,-0.56,False
2021-09-30,USC00086764,0,7.04,-7.04,-0.84,False
2021-09-30,USC00087025,0,0.0,0.0,0.0,False
2021-09-30,USC00087205,0,0.0,0.0,0.0,False
2021-09-30,USC00087228,0,0.0,0.0,0.0,False
2021-09-30,USC00087261,0,0.06,-0.06,-0.01,False
2021-09-30,USC00087304,0,12.52,-12.52,-1.49,False
2021-09-30,USC00087397,0,0.01,-0.01,-0.0,False
2021-09-30,USC00087851,0,0.0,0.0,0.0,False
2021-09-30,USC00087982,0,0.77,-0.77,-0.09,False
2021-09-30,USC00088051,0,2.07,-2.07,-0.25,False
2021-09-30,USC00088368,0,6.0,-6.0,-0.72,False
2021-09-30,USC00088620,0,3.85,-3.85,-0.46,False
2021-09-30,USC00088782,0,0.0,0.0,0.0,False
2021-09-30,USC00088824,0,0.0,0.0,0.0,False
2021-09-30,USC00088942,0,2.5,-2.5,-0.3,False
2021-09-30,USC00089120,0,0.0,0.0,0.0,False
2021-09-30,USC00089176,0,0.0,0.0,0.0,False
2021-09-30,USC00089219,0,1.99,-1.99,-0.24,False
2021-09-30,USC00089401,0,0.0,0.0,0.0,False
2021-09-30,USC00090311,0,0.0,0.0,0.0,False
2021-09-30,USC00091266,0,0.03,-0.03,-0.0,False
2021-09-30,USC00092266,0,0.0,0.0,0.0,False
2021-09-30,USC00092844,0,0.0,0.0,0.0,False
2021-09-30,USC00092966,0,0.0,0.0,0.0,False
2021-09-30,USC00093538,0,0.05,-0.05,-0.01,False
2021-09-30,USC00093754,0,0.05,-0.05,-0.01,False
2021-09-30,USC00094170,0,0.0,0.0,0.0,False
2021-09-30,USC00094862,0,0.0,0.0,0.0,False
2021-09-30,USC00095204,0,0.0,0.0,0.0,False
2021-09-30,USC00095205,0,0.0,0.0,0.0,False
2021-09-30,USC00095314,0,0.0,0.0,0.0,False
2021-09-30,USC00095988,0,0.0,0.0,0.0,False
2021-09-30,USC00096087,0,0.05,-0.05,-0.01,False
2021-09-30,USC00096126,0,0.0,0.0,0.0,False
2021-09-30,USC00097528,0,0.03,-0.03,-0.0,False
2021-09-30,USC00097777,0,0.0,0.0,0.0,False
2021-09-30,USC00097808,0,0.06,-0.06,-0.01,False
2021-09-30,USC00098677,0,0.0,0.0,0.0,False
2021-09-30,USC00098703,0,0.07,-0.07,-0.01,False
2021-09-30,USC00099124,0,0.0,0.0,0.0,False
2021-09-30,USC00099194,0,0.0,0.0,0.0,False
2021-09-30,USC00099486,0,0.0,0.0,0.0,False
2021-09-30,USC00380072,0,0.0,0.0,0.0,False
2021-09-30,USC00380184,0,0.02,-0.02,-0.0,False
2021-09-30,USC00380448,0,0.0,0.0,0.0,False
2021-09-30,USC00380490,0,0.0,0.0,0.0,False
2021-09-30,USC00380506,0,0.0,0.0,0.0,False
2021-09-30,USC00381093,0,0.03,-0.03,-0.0,False
2021-09-30,USC00381241,0,0.0,0.0,0.0,False
2021-09-30,USC00381726,0,0.0,0.0,0.0,False
2021-09-30,USC00381944,0,0.0,0.0,0.0,False
2021-09-30,USC00383665,0,0.0,0.0,0.0,False
2021-09-30,USC00384205,0,0.0,0.0,0.0,False
2021-09-30,USC00384449,0,0.0,0.0,0.0,False
2021-09-30,USC00384607,0,0.0,0.0,0.0,False
2021-09-30,USC00384886,0,0.03,-0.03,-0.0,False
2021-09-30,USC00385493,0,0.0,0.0,0.0,False
2021-09-30,USC00385660,0,0.0,0.0,0.0,False
2021-09-30,USC00385946,0,0.0,0.0,0.0,False
2021-09-30,USC00386527,0,0.0,0.0,0.0,False
2021-09-30,USC00386775,0,0.0,0.0,0.0,False
2021-09-30,USC00387631,0,0.0,0.0,0.0,False
2021-09-30,USC00388405,0,0.0,0.0,0.0,False
2021-09-30,USC00388426,0,0.0,0.0,0.0,False
2021-09-30,USC00388440,0,0.0,0.0,0.0,False
2021-09-30,USC00388474,0,0.0,0.0,0.0,False
2021-09-30,USC00388879,0,0.0,0.0,0.0,False
2021-09-30,USC00388922,0,0.0,0.0,0.0,False
2021-09-30,USC00389469,0,0.01,-0.01,-0.0,False
2021-09-30,USW00003728,0,0.02,-0.02,-0.0,False
2021-09-30,USW00003813,0,0.0,0.0,0.0,False
2021-09-30,USW00003820,0,0.0,0.0,0.0,False
2021-09-30,USW00003822,0,0.04,-0.04,-0.0,False
2021-09-30,USW00003853,0,0.0,0.0,0.0,False
2021-09-30,USW00012812,0,0.01,-0.01,-0.0,False
2021-09-30,USW00012815,0,1.43,-1.43,-0.17,False
2021-09-30,USW00012816,0,0.0,0.0,0.0,False
2021-09-30,USW00012818,0,0.0,0.0,0.0,False
2021-09-30,USW00012819,0,0.0,0.0,0.0,False
2021-09-30,USW00012833,0,0.0,0.0,0.0,False
2021-09-30,USW00012834,0,0.0,0.0,0.0,False
2021-09-30,USW00012835,0,0.05,-0.05,-0.01,False
2021-09-30,USW00012838,0,10.79,-10.79,-1.29,False
2021-09-30,USW00012841,0,1.07,-1.07,-0.13,False
2021-09-30,USW00012842,0,0.0,0.0,0.0,False
2021-09-30,USW00012843,0,1.86,-1.86,-0.22,False
2021-09-30,USW00012844,48,5.62,42.38,5.06,True
2021-09-30,USW00012849,41,6.27,34.73,4.14,True
2021-09-30,USW00012854,0,1.04,-1.04,-0.12,False
2021-09-30,USW00012861,0,0.0,0.0,0.0,False
2021-09-30,USW00012871,0,0.0,0.0,0.0,False
2021-09-30,USW00012873,0,0.0,0.0,0.0,False
2021-09-30,USW00012876,0,0.0,0.0,0.0,False
2021-09-30,USW00012883,0,0.0,0.0,0.0,False
2021-09-30,USW00012885,3,6.15,-3.15,-0.38,False
2021-09-30,USW00012894,0,0.07,-0.07,-0.01,False
2021-09-30,USW00012895,0,3.49,-3.49,-0.42,False
2021-09-30,USW00012897,0,0.07,-0.07,-0.01,False
2021-09-30,USW00013782,0,0.0,0.0,0.0,False
2021-09-30,USW00013837,0,0.0,0.0,0.0,False
2021-09-30,USW00013870,0,0.09,-0.09,-0.01,False
2021-09-30,USW00013873,0,0.0,0.0,0.0,False
2021-09-30,USW00013878,0,0.02,-0.02,-0.0,False
2021-09-30,USW00013880,0,0.0,0.0,0.0,False
2021-09-30,USW00013883,0,0.0,0.0,0.0,False
2021-09-30,USW00013889,0,0.0,0.0,0.0,False
2021-09-30,USW00053854,0,0.0,0.0,0.0,False
2021-09-30,USW00053860,0,0.0,0.0,0.0,False
2021-09-30,USW00053867,0,0.0,0.0,0.0,False
2021-09-30,USW00063803,0,0.0,0.0,0.0,False
2021-09-30,USW00063826,0,0.0,0.0,0.0,False
2021-09-30,USW00063850,0,0.0,0.0,0.0,False
2021-09-30,USW00063856,0,0.0,0.0,0.0,False
2021-09-30,USW00063890,0,0.0,0.0,0.0,False
2021-09-30,USW00092805,0,5.55,-5.55,-0.66,False
2021-09-30,USW00092806,0,0.0,0.0,0.0,False
2021-09-30,USW00092814,0,0.0,0.0,0.0,False
2021-09-30,USW00092821,0,3.27,-3.27,-0.39,False
2021-09-30,USW00092827,0,0.07,-0.07,-0.01,False
2021-09-30,USW00093718,3,0.0,3.0,0.36,False
2021-09-30,USW00093831,0,0.01,-0.01,-0.0,False
2021-09-30,USW00093837,0,0.0,0.0,0.0,False
2021-09-30,USW00093845,0,0.09,-0.09,-0.01,False
2021-10-01,US1FLAL0002,0,0.06,-0.06,0.55,False
2021-10-01,US1FLAL0004,0,0.09,-0.09,0.46,False
2021-10-01,US1FLAL0007,0,0.05,-0.05,0.57,False
2021-10-01,US1FLAL0010,0,0.04,-0.04,0.59,False
2021-10-01,US1FLAL0017,0,0.09,-0.09,0.47,False
2021-10-01,US1FLAL0026,0,0.05,-0.05,0.56,False
2021-10-01,US1FLAL0031,0,0.04,-0.04,0.59,False
2021-10-01,US1FLAL0048,0,0.04,-0.04,0.57,False
2021-10-01,US1FLAL0050,0,0.04,-0.04,0.58,False
2021-10-01,US1FLAL0051,0,0.39,-0.39,-0.23,False
2021-10-01,US1FLAL0054,0,0.06,-0.06,0.55,False
2021-10-01,US1FLAL0055,0,0.05,-0.05,0.56,False
2021-10-01,US1FLAL0058,0,0.04,-0.04,0.57,False
2021-10-01,US1FLAL0063,0,0.03,-0.03,0.61,False
2021-10-01,US1FLAL0075,0,0.04,-0.04,0.57,False
2021-10-01,US1FLAL0079,0,0.04,-0.04,0.57,False
2021-10-01,US1FLAL0080,0,0.04,-0.04,0.59,False
2021-10-01,US1FLAL0081,0,0.04,-0.04,0.59,False
2021-10-01,US1FLAL0096,0,0.04,-0.04,0.59,False
2021-10-01,US1FLAL0097,0,0.03,-0.03,0.61,False
2021-10-01,US1FLBK0005,0,0.36,-0.36,-0.15,False
2021-10-01,US1FLBK0006,0,0.4,-0.4,-0.24,False
2021-10-01,US1FLBK0007,0,0.37,-0.37,-0.19,False
2021-10-01,US1FLBV0001,0,4.15,-4.15,-8.93,True
2021-10-01,US1FLBV0002,0,1.99,-1.99,-3.94,True
2021-10-01,US1FLBV0005,0,3.23,-3.23,-6.79,True
2021-10-01,US1FLBV0006,0,2.21,-2.21,-4.43,True
2021-10-01,US1FLBV0012,0,1.03,-1.03,-1.7,False
2021-10-01,US1FLBV0013,0,1.21,-1.21,-2.14,False
2021-10-01,US1FLBV0020,18,1.18,16.82,39.59,True
2021-10-01,US1FLBV0023,0,1.24,-1.24,-2.19,False
2021-10-01,US1FLBV0028,0,11.3,-11.3,-25.48,True
2021-10-01,US1FLBV0036,0,1.13,-1.13,-1.94,False
2021-10-01,US1FLBV0047,0,1.06,-1.06,-1.78,False
2021-10-01,US1FLBV0052,0,2.22,-2.22,-4.47,True
2021-10-01,US1FLBV0054,0,1.03,-1.03,-1.72,False
2021-10-01,US1FLBV0055,0,3.42,-3.42,-7.24,True
2021-10-01,US1FLBV0059,0,4.15,-4.15,-8.92,True
2021-10-01,US1FLBV0063,0,1.8,-1.8,-3.5,False
2021-10-01,US1FLBV0067,0,5.89,-5.89,-12.95,True
2021-10-01,US1FLBV0072,0,5.86,-5.86,-12.87,True
2021-10-01,US1FLBV0078,0,1.24,-1.24,-2.2,False
2021-10-01,US1FLBV0089,0,1.46,-1.46,-2.7,False
2021-10-01,US1FLBV0092,0,1.59,-1.59,-2.99,False
2021-10-01,US1FLBV0095,0,1.12,-1.12,-1.92,False
2021-10-01,US1FLBV0099,0,3.47,-3.47,-7.35,True
2021-10-01,US1FLBV0102,0,3.24,-3.24,-6.83,True
2021-10-01,US1FLBV0107,0,2.91,-2.91,-6.07,True
2021-10-01,US1FLBV0109,0,1.56,-1.56,-2.94,False
2021-10-01,US1FLBV0110,0,3.75,-3.75,-8.01,True
2021-10-01,US1FLBV0111,0,2.19,-2.19,-4.4,True
2021-10-01,US1FLBV0113,0,1.47,-1.47,-2.72,False
2021-10-01,US1FLBV0114,0,4.17,-4.17,-8.98,True
2021-10-01,US1FLBV0118,0,10.96,-10.96,-24.69,True
2021-10-01,US1FLBV0123,0,3.72,-3.72,-7.92,True
2021-10-01,US1FLBV0125,0,3.34,-3.34,-7.05,True
2021-10-01,US1FLBW0007,18,21.85,-3.85,-8.22,True
2021-10-01,US1FLBW0016,0,24.37,-24.37,-55.71,True
2021-10-01,US1FLBW0026,0,22.85,-22.85,-52.19,True
2021-10-01,US1FLBW0076,0,22.99,-22.99,-52.53,True
2021-10-01,US1FLBW0079,0,20.11,-20.11,-45.86,True
2021-10-01,US1FLBW0099,0,26.53,-26.53,-60.71,True
2021-10-01,US1FLBW0110,30,25.05,4.95,12.13,True
2021-10-01,US1FLBW0116,13,22.69,-9.69,-21.75,True
2021-10-01,US1FLBW0121,5,26.31,-21.31,-48.64,True
2021-10-01,US1FLBW0137,5,33.32,-28.32,-64.85,True
2021-10-01,US1FLBW0148,41,25.88,15.12,35.67,True
2021-10-01,US1FLBW0151,10,21.68,-11.68,-26.36,True
2021-10-01,US1FLBW0155,130,19.66,110.34,256.0,True
2021-10-01,US1FLBW0159,0,27.32,-27.32,-62.54,True
2021-10-01,US1FLBW0160,10,22.07,-12.07,-27.25,True
2021-10-01,US1FLBW0161,3,27.35,-24.35,-55.68,True
2021-10-01,US1FLBW0162,0,19.78,-19.78,-45.11,True
2021-10-01,US1FLBW0165,0,19.12,-19.12,-43.58,True
2021-10-01,US1FLBW0166,0,25.47,-25.47,-58.27,True
2021-10-01,US1FLBW0167,0,22.73,-22.73,-51.93,True
2021-10-01,US1FLCB0010,0,0.13,-0.13,0.38,False
2021-10-01,US1FLCB0012,0,0.11,-0.11,0.42,False
2021-10-01,US1FLCB0019,0,0.11,-0.11,0.42,False
2021-10-01,US1FLCB0024,0,0.1,-0.1,0.43,False
2021-10-01,US1FLCB0025,0,0.09,-0.09,0.46,False
2021-10-01,US1FLCB0026,0,0.1,-0.1,0.44,False
2021-10-01,US1FLCH0013,0,0.18,-0.18,0.26,False
2021-10-01,US1FLCH0015,0,0.25,-0.25,0.09,False
2021-10-01,US1FLCH0017,0,0.12,-0.12,0.4,False
2021-10-01,US1FLCH0019,0,0.12,-0.12,0.4,False
2021-10-01,US1FLCH0023,0,0.12,-0.12,0.4,False
2021-10-01,US1FLCH0029,0,0.29,-0.29,0.01,False
2021-10-01,US1FLCH0034,0,0.01,-0.01,0.64,False
2021-10-01,US1FLCH0035,0,0.15,-0.15,0.32,False
2021-10-01,US1FLCH0036,0,0.17,-0.17,0.29,False
2021-10-01,US1FLCH0038,0,0.17,-0.17,0.29,False
2021-10-01,US1FLCH0039,0,0.2,-0.2,0.21,False
2021-10-01,US1FLCH0040,0,0.18,-0.18,0.26,False
2021-10-01,US1FLCR0012,0,1.76,-1.76,-3.41,False
2021-10-01,US1FLCR0013,0,1.11,-1.11,-1.88,False
2021-10-01,US1FLCR0052,0,0.83,-0.83,-1.24,False
2021-10-01,US1FLCR0057,0,1.09,-1.09,-1.85,False
2021-10-01,US1FLCR0059,0,1.05,-1.05,-1.74,False
2021-10-01,US1FLCR0062,0,2.49,-2.49,-5.08,True
2021-10-01,US1FLCR0066,0,2.68,-2.68,-5.53,True
2021-10-01,US1FLCT0008,0,0.0,0.0,0.67,False
2021-10-01,US1FLCT0011,0,0.0,0.0,0.67,False
2021-10-01,US1FLCT0015,0,0.28,-0.28,0.02,False
2021-10-01,US1FLCT0024,0,0.0,0.0,0.67,False
2021-10-01,US1FLCT0030,0,0.0,0.0,0.67,False
2021-10-01,US1FLCT0034,0,0.0,0.0,0.67,False
2021-10-01,US1FLCT0035,0,0.0,0.0,0.67,False
2021-10-01,US1FLCT0036,0,0.28,-0.28,0.02,False
2021-10-01,US1FLCT0037,0,0.0,0.0,0.67,False
2021-10-01,US1FLCT0038,0,0.0,0.0,0.67,False
2021-10-01,US1FLCT0039,0,0.0,0.0,0.67,False
2021-10-01,US1FLCT0041,0,0.0,0.0,0.67,False
2021-10-01,US1FLCT0043,0,0.0,0.0,0.67,False
2021-10-01,US1FLCY0001,0,0.54,-0.54,-0.57,False
2021-10-01,US1FLCY0003,0,0.49,-0.49,-0.46,False
2021-10-01,US1FLCY0007,0,0.52,-0.52,-0.52,False
2021-10-01,US1FLCY0025,15,0.12,14.88,35.1,True
2021-10-01,US1FLCY0037,0,0.54,-0.54,-0.57,False
2021-10-01,US1FLCY0038,0,0.42,-0.42,-0.29,False
2021-10-01,US1FLCY0039,0,1.71,-1.71,-3.29,False
2021-10-01,US1FLCY0041,0,0.44,-0.44,-0.34,False
2021-10-01,US1FLCY0051,0,0.82,-0.82,-1.21,False
2021-10-01,US1FLCY0054,0,0.41,-0.41,-0.27,False
2021-10-01,US1FLCY0055,0,0.93,-0.93,-1.48,False
2021-10-01,US1FLDS0003,0,0.19,-0.19,0.23,False
2021-10-01,US1FLDV0003,0,0.38,-0.38,-0.2,False
2021-10-01,US1FLDV0013,0,0.46,-0.46,-0.39,False
2021-10-01,US1FLDV0021,0,0.36,-0.36,-0.17,False
2021-10-01,US1FLDV0026,0,0.36,-0.36,-0.16,False
2021-10-01,US1FLDV0028,0,0.41,-0.41,-0.28,False
2021-10-01,US1FLDV0033,0,0.46,-0.46,-0.38,False
2021-10-01,US1FLDV0042,0,0.57,-0.57,-0.65,False
2021-10-01,US1FLDV0050,0,0.43,-0.43,-0.31,False
2021-10-01,US1FLDV0059,0,0.45,-0.45,-0.36,False
2021-10-01,US1FLDV0063,0,0.37,-0.37,-0.19,False
2021-10-01,US1FLDV0069,0,0.41,-0.41,-0.28,False
2021-10-01,US1FLDV0071,0,0.49,-0.49,-0.47,False
2021-10-01,US1FLDV0079,0,0.39,-0.39,-0.23,False
2021-10-01,US1FLDV0091,0,0.31,-0.31,-0.04,False
2021-10-01,US1FLDV0094,0,0.4,-0.4,-0.25,False
2021-10-01,US1FLDV0098,0,0.38,-0.38,-0.19,False
2021-10-01,US1FLDV0106,0,0.45,-0.45,-0.36,False
2021-10-01,US1FLDV0117,0,0.39,-0.39,-0.22,False
2021-10-01,US1FLDV0118,0,0.39,-0.39,-0.23,False
2021-10-01,US1FLDX0003,0,0.0,0.0,0.67,False
2021-10-01,US1FLFL0024,0,0.43,-0.43,-0.32,False
2021-10-01,US1FLFL0030,0,0.44,-0.44,-0.34,False
2021-10-01,US1FLFL0032,0,0.42,-0.42,-0.31,False
2021-10-01,US1FLFL0033,0,0.78,-0.78,-1.14,False
2021-10-01,US1FLFL0035,0,0.48,-0.48,-0.45,False
2021-10-01,US1FLFL0036,0,0.52,-0.52,-0.52,False
2021-10-01,US1FLFL0037,0,0.51,-0.51,-0.52,False
2021-10-01,US1FLFL0039,0,0.76,-0.76,-1.08,False
2021-10-01,US1FLFL0040,0,0.52,-0.52,-0.53,False
2021-10-01,US1FLFL0043,0,0.91,-0.91,-1.43,False
2021-10-01,US1FLFL0047,0,0.48,-0.48,-0.43,False
2021-10-01,US1FLFL0049,0,0.61,-0.61,-0.74,False
2021-10-01,US1FLGC0003,0,0.0,0.0,0.67,False
2021-10-01,US1FLGC0008,0,0.0,0.0,0.67,False
2021-10-01,US1FLGL0007,0,1.22,-1.22,-2.14,False
2021-10-01,US1FLGL0013,0,30.4,-30.4,-69.68,True
2021-10-01,US1FLHB0001,0,0.24,-0.24,0.13,False
2021-10-01,US1FLHB0004,0,0.12,-0.12,0.4,False
2021-10-01,US1FLHB0005,0,0.0,0.0,0.67,False
2021-10-01,US1FLHB0010,0,0.0,0.0,0.67,False
2021-10-01,US1FLHB0017,0,0.12,-0.12,0.4,False
2021-10-01,US1FLHB0027,0,0.0,0.0,0.67,False
2021-10-01,US1FLHB0029,0,0.0,0.0,0.67,False
2021-10-01,US1FLHB0033,0,0.18,-0.18,0.26,False
2021-10-01,US1FLHB0037,0,0.0,0.0,0.67,False
2021-10-01,US1FLHB0040,0,0.0,0.0,0.67,False
2021-10-01,US1FLHB0044,0,0.08,-0.08,0.48,False
2021-10-01,US1FLHB0048,0,0.0,0.0,0.67,False
2021-10-01,US1FLHB0051,0,0.0,0.0,0.67,False
2021-10-01,US1FLHB0055,0,0.0,0.0,0.67,False
2021-10-01,US1FLHB0060,0,0.11,-0.11,0.41,False
2021-10-01,US1FLHB0069,0,0.11,-0.11,0.43,False
2021-10-01,US1FLHB0098,0,0.12,-0.12,0.4,False
2021-10-01,US1FLHB0107,0,0.09,-0.09,0.47,False
2021-10-01,US1FLHB0114,0,0.11,-0.11,0.42,False
2021-10-01,US1FLHB0120,0,0.0,0.0,0.67,False
2021-10-01,US1FLHB0130,0,0.12,-0.12,0.41,False
2021-10-01,US1FLHB0139,0,0.09,-0.09,0.47,False
2021-10-01,US1FLHB0140,0,0.0,0.0,0.67,False
2021-10-01,US1FLHB0141,0,0.0,0.0,0.67,False
2021-10-01,US1FLHB0143,0,0.0,0.0,0.67,False
2021-10-01,US1FLHB0154,0,0.11,-0.11,0.42,False
2021-10-01,US1FLHB0156,0,0.0,0.0,0.67,False
2021-10-01,US1FLHB0160,0,0.11,-0.11,0.41,False
2021-10-01,US1FLHB0162,0,0.11,-0.11,0.42,False
2021-10-01,US1FLHB0163,0,0.12,-0.12,0.4,False
2021-10-01,US1FLHB0166,0,0.11,-0.11,0.43,False
2021-10-01,US1FLHB0167,0,0.0,0.0,0.67,False
2021-10-01,US1FLHB0168,0,0.0,0.0,0.67,False
2021-10-01,US1FLHD0003,0,0.55,-0.55,-0.59,False
2021-10-01,US1FLHL0001,0,1.98,-1.98,-3.92,True
2021-10-01,US1FLHL0003,0,2.79,-2.79,-5.77,True
2021-10-01,US1FLHL0012,0,7.26,-7.26,-16.12,True
2021-10-01,US1FLHL0013,46,0.02,45.98,107.08,True
2021-10-01,US1FLHL0030,0,7.03,-7.03,-15.59,True
2021-10-01,US1FLHL0038,0,2.46,-2.46,-5.03,True
2021-10-01,US1FLHL0043,0,4.84,-4.84,-10.53,True
2021-10-01,US1FLHN0007,0,0.0,0.0,0.67,False
2021-10-01,US1FLHN0008,0,0.0,0.0,0.67,False
2021-10-01,US1FLHN0014,0,0.0,0.0,0.67,False
2021-10-01,US1FLHN0022,0,0.12,-0.12,0.41,False
2021-10-01,US1FLHN0024,0,0.0,0.0,0.67,False
2021-10-01,US1FLHN0026,0,0.0,0.0,0.67,False
2021-10-01,US1FLHN0035,0,0.0,0.0,0.67,False
2021-10-01,US1FLHN0039,0,0.0,0.0,0.67,False
2021-10-01,US1FLHN0040,0,0.0,0.0,0.67,False
2021-10-01,US1FLHN0041,0,0.0,0.0,0.67,False
2021-10-01,US1FLHN0043,0,0.13,-0.13,0.38,False
2021-10-01,US1FLHY0003,0,1.18,-1.18,-2.06,False
2021-10-01,US1FLHY0008,0,1.4,-1.4,-2.56,False
2021-10-01,US1FLHY0011,3,0.95,2.05,5.43,True
2021-10-01,US1FLHY0012,0,14.51,-14.51,-32.91,True
2021-10-01,US1FLIR0006,0,18.52,-18.52,-42.18,True
2021-10-01,US1FLIR0015,56,12.03,43.97,102.42,True
2021-10-01,US1FLIR0019,0,18.15,-18.15,-41.32,True
2021-10-01,US1FLIR0024,0,15.97,-15.97,-36.29,True
2021-10-01,US1FLIR0026,0,22.74,-22.74,-51.94,True
2021-10-01,US1FLIR0027,0,22.84,-22.84,-52.18,True
2021-10-01,US1FLIR0036,0,19.27,-19.27,-43.92,True
2021-10-01,US1FLIR0041,0,22.17,-22.17,-50.62,True
2021-10-01,US1FLIR0048,0,18.76,-18.76,-42.74,True
2021-10-01,US1FLIR0050,0,16.95,-16.95,-38.55,True
2021-10-01,US1FLIR0051,0,13.59,-13.59,-30.76,True
2021-10-01,US1FLJF0007,0,0.0,0.0,0.67,False
2021-10-01,US1FLJF0009,0,0.0,0.0,0.67,False
2021-10-01,US1FLJF0010,0,0.0,0.0,0.67,False
2021-10-01,US1FLLE0006,0,0.64,-0.64,-0.8,False
2021-10-01,US1FLLE0022,0,0.3,-0.3,-0.03,False
2021-10-01,US1FLLE0037,0,0.22,-0.22,0.17,False
2021-10-01,US1FLLE0055,0,0.21,-0.21,0.19,False
2021-10-01,US1FLLE0057,0,0.23,-0.23,0.14,False
2021-10-01,US1FLLE0059,0,0.17,-0.17,0.28,False
2021-10-01,US1FLLE0065,0,0.32,-0.32,-0.07,False
2021-10-01,US1FLLE0068,0,0.42,-0.42,-0.31,False
2021-10-01,US1FLLE0072,0,0.2,-0.2,0.2,False
2021-10-01,US1FLLK0003,0,0.63,-0.63,-0.78,False
2021-10-01,US1FLLK0016,0,0.39,-0.39,-0.23,False
2021-10-01,US1FLLK0021,0,0.46,-0.46,-0.39,False
2021-10-01,US1FLLK0022,0,0.47,-0.47,-0.41,False
2021-10-01,US1FLLK0023,0,0.74,-0.74,-1.03,False
2021-10-01,US1FLLK0028,0,0.43,-0.43,-0.32,False
2021-10-01,US1FLLK0030,0,0.47,-0.47,-0.41,False
2021-10-01,US1FLLK0031,0,0.4,-0.4,-0.26,False
2021-10-01,US1FLLK0036,0,0.65,-0.65,-0.82,False
2021-10-01,US1FLLK0043,0,0.54,-0.54,-0.57,False
2021-10-01,US1FLLK0044,0,1.62,-1.62,-3.07,False
2021-10-01,US1FLLK0045,0,1.16,-1.16,-2.01,False
2021-10-01,US1FLLV0001,0,0.0,0.0,0.67,False
2021-10-01,US1FLLV0004,0,0.0,0.0,0.67,False
2021-10-01,US1FLLV0014,0,0.0,0.0,0.67,False
2021-10-01,US1FLLV0017,0,0.0,0.0,0.67,False
2021-10-01,US1FLLV0018,0,0.0,0.0,0.67,False
2021-10-01,US1FLMA0006,0,0.14,-0.14,0.35,False
2021-10-01,US1FLMA0010,0,0.11,-0.11,0.42,False
2021-10-01,US1FLMA0011,0,0.0,0.0,0.67,False
2021-10-01,US1FLMA0022,0,0.13,-0.13,0.36,False
2021-10-01,US1FLMA0028,0,0.0,0.0,0.67,False
2021-10-01,US1FLMA0029,0,0.14,-0.14,0.35,False
2021-10-01,US1FLMA0032,0,0.11,-0.11,0.42,False
2021-10-01,US1FLMA0034,0,0.11,-0.11,0.41,False
2021-10-01,US1FLMA0040,0,0.15,-0.15,0.32,False
2021-10-01,US1FLMA0041,0,0.12,-0.12,0.41,False
2021-10-01,US1FLMA0043,0,0.11,-0.11,0.42,False
2021-10-01,US1FLMA0044,0,0.12,-0.12,0.4,False
2021-10-01,US1FLMR0003,0,0.31,-0.31,-0.05,False
2021-10-01,US1FLMR0004,0,0.41,-0.41,-0.27,False
2021-10-01,US1FLMR0012,0,0.38,-0.38,-0.2,False
2021-10-01,US1FLMR0013,0,0.43,-0.43,-0.32,False
2021-10-01,US1FLMR0018,0,0.52,-0.52,-0.52,False
2021-10-01,US1FLMR0032,0,0.47,-0.47,-0.41,False
2021-10-01,US1FLMR0036,0,0.35,-0.35,-0.15,False
2021-10-01,US1FLMR0042,0,0.45,-0.45,-0.37,False
2021-10-01,US1FLMR0054,0,0.42,-0.42,-0.29,False
2021-10-01,US1FLMR0056,0,0.36,-0.36,-0.15,False
2021-10-01,US1FLMR0057,0,0.45,-0.45,-0.37,False
2021-10-01,US1FLMR0059,0,0.35,-0.35,-0.14,False
2021-10-01,US1FLMR0065,0,0.47,-0.47,-0.41,False
2021-10-01,US1FLMR0066,0,0.31,-0.31,-0.05,False
2021-10-01,US1FLMR0068,0,0.43,-0.43,-0.32,False
2021-10-01,US1FLMR0074,0,0.47,-0.47,-0.42,False
2021-10-01,US1FLMR0079,0,0.38,-0.38,-0.2,False
2021-10-01,US1FLMT0001,218,76.83,141.17,327.34,True
2021-10-01,US1FLMT0016,5,51.68,-46.68,-107.34,True
2021-10-01,US1FLMT0018,0,72.98,-72.98,-168.19,True
2021-10-01,US1FLMT0021,0,69.36,-69.36,-159.82,True
2021-10-01,US1FLMT0026,0,60.9,-60.9,-140.25,True
2021-10-01,US1FLMT0028,94,66.39,27.61,64.56,True
2021-10-01,US1FLMT0031,15,72.96,-57.96,-133.45,True
2021-10-01,US1FLMT0035,20,102.01,-82.01,-189.09,True
2021-10-01,US1FLMT0036,71,75.56,-4.56,-9.89,True
2021-10-01,US1FLMT0037,64,104.04,-40.04,-91.98,True
2021-10-01,US1FLMT0038,521,69.12,451.88,1046.31,True
2021-10-01,US1FLMT0039,3,95.03,-92.03,-212.27,True
2021-10-01,US1FLMT0042,122,84.05,37.95,88.5,True
2021-10-01,US1FLMT0043,41,49.24,-8.24,-18.38,True
2021-10-01,US1FLMT0045,81,91.74,-10.74,-24.18,True
2021-10-01,US1FLMT0046,211,89.93,121.07,280.82,True
2021-10-01,US1FLNS0012,0,0.77,-0.77,-1.11,False
2021-10-01,US1FLNS0014,0,0.87,-0.87,-1.34,False
2021-10-01,US1FLNS0017,0,0.55,-0.55,-0.6,False
2021-10-01,US1FLNS0021,0,0.55,-0.55,-0.6,False
2021-10-01,US1FLNS0022,0,0.59,-0.59,-0.7,False
2021-10-01,US1FLOB0002,0,13.55,-13.55,-30.67,True
2021-10-01,US1FLOR0019,0,1.16,-1.16,-2.02,False
2021-10-01,US1FLOR0025,0,0.89,-0.89,-1.4,False
2021-10-01,US1FLOR0026,0,0.9,-0.9,-1.42,False
2021-10-01,US1FLOR0027,0,0.91,-0.91,-1.42,False
2021-10-01,US1FLOR0030,0,1.84,-1.84,-3.58,True
2021-10-01,US1FLOR0034,0,0.86,-0.86,-1.32,False
2021-10-01,US1FLOR0035,0,0.97,-0.97,-1.58,False
2021-10-01,US1FLOR0043,0,0.89,-0.89,-1.37,False
2021-10-01,US1FLOR0046,0,1.3,-1.3,-2.34,False
2021-10-01,US1FLOR0054,0,0.89,-0.89,-1.39,False
2021-10-01,US1FLOR0055,0,0.98,-0.98,-1.59,False
2021-10-01,US1FLOR0061,0,0.72,-0.72,-1.0,False
2021-10-01,US1FLOR0062,0,0.79,-0.79,-1.16,False
2021-10-01,US1FLOR0065,0,1.36,-1.36,-2.47,False
2021-10-01,US1FLOR0068,0,0.95,-0.95,-1.53,False
2021-10-01,US1FLOR0072,0,1.24,-1.24,-2.19,False
2021-10-01,US1FLOS0001,0,0.76,-0.76,-1.09,False
2021-10-01,US1FLOS0027,0,1.01,-1.01,-1.66,False
2021-10-01,US1FLOS0029,0,1.41,-1.41,-2.59,False
2021-10-01,US1FLOS0031,0,1.2,-1.2,-2.09,False
2021-10-01,US1FLOS0036,0,1.26,-1.26,-2.25,False
2021-10-01,US1FLOS0037,0,1.33,-1.33,-2.41,False
2021-10-01,US1FLPB0002,0,37.75,-37.75,-86.68,True
2021-10-01,US1FLPB0009,414,65.83,348.17,806.34,True
2021-10-01,US1FLPB0012,0,41.67,-41.67,-95.76,True
2021-10-01,US1FLPB0013,0,53.42,-53.42,-122.95,True
2021-10-01,US1FLPB0031,13,52.53,-39.53,-90.79,True
2021-10-01,US1FLPB0034,23,44.05,-21.05,-48.04,True
2021-10-01,US1FLPB0037,25,46.86,-21.86,-49.92,True
2021-10-01,US1FLPB0044,10,28.97,-18.97,-43.22,True
2021-10-01,US1FLPB0061,3,32.48,-29.48,-67.55,True
2021-10-01,US1FLPB0063,0,30.88,-30.88,-70.77,True
2021-10-01,US1FLPB0072,0,34.87,-34.87,-80.0,True
2021-10-01,US1FLPB0077,8,33.5,-25.5,-58.32,True
2021-10-01,US1FLPB0080,0,29.95,-29.95,-68.64,True
2021-10-01,US1FLPB0081,170,66.61,103.39,239.92,True
2021-10-01,US1FLPB0087,25,50.16,-25.16,-57.56,True
2021-10-01,US1FLPB0096,0,45.19,-45.19,-103.89,True
2021-10-01,US1FLPB0098,18,54.61,-36.61,-84.05,True
2021-10-01,US1FLPK0018,0,0.34,-0.34,-0.1,False
2021-10-01,US1FLPK0032,0,0.29,-0.29,-0.01,False
2021-10-01,US1FLPK0034,0,0.31,-0.31,-0.03,False
2021-10-01,US1FLPK0035,0,1.25,-1.25,-2.22,False
2021-10-01,US1FLPK0039,0,0.65,-0.65,-0.83,False
2021-10-01,US1FLPK0055,0,0.4,-0.4,-0.26,False
2021-10-01,US1FLPK0067,0,0.66,-0.66,-0.85,False
2021-10-01,US1FLPK0073,0,0.34,-0.34,-0.11,False
2021-10-01,US1FLPK0076,0,0.44,-0.44,-0.33,False
2021-10-01,US1FLPK0078,0,0.71,-0.71,-0.96,False
2021-10-01,US1FLPK0081,0,0.39,-0.39,-0.23,False
2021-10-01,US1FLPK0083,0,0.36,-0.36,-0.15,False
2021-10-01,US1FLPK0084,0,0.41,-0.41,-0.28,False
2021-10-01,US1FLPN0006,0,0.0,0.0,0.67,False
2021-10-01,US1FLPN0009,0,0.0,0.0,0.67,False
2021-10-01,US1FLPN0017,0,0.0,0.0,0.67,False
2021-10-01,US1FLPN0034,0,0.0,0.0,0.67,False
2021-10-01,US1FLPN0035,0,0.0,0.0,0.67,False
2021-10-01,US1FLPN0036,0,0.0,0.0,0.67,False
2021-10-01,US1FLPN0060,0,0.0,0.0,0.67,False
2021-10-01,US1FLPN0074,0,0.0,0.0,0.67,False
2021-10-01,US1FLPN0077,0,0.0,0.0,0.67,False
2021-10-01,US1FLPN0079,0,0.0,0.0,0.67,False
2021-10-01,US1FLPN0081,0,0.0,0.0,0.67,False
2021-10-01,US1FLPN0083,0,0.0,0.0,0.67,False
2021-10-01,US1FLPN0087,0,0.0,0.0,0.67,False
2021-10-01,US1FLPN0090,0,0.0,0.0,0.67,False
2021-10-01,US1FLPN0091,0,0.0,0.0,0.67,False
2021-10-01,US1FLPN0094,0,0.0,0.0,0.67,False
2021-10-01,US1FLPN0096,0,0.0,0.0,0.67,False
2021-10-01,US1FLPN0097,0,0.0,0.0,0.67,False
2021-10-01,US1FLPN0099,0,0.0,0.0,0.67,False
2021-10-01,US1FLPN0104,0,0.0,0.0,0.67,False
2021-10-01,US1FLPN0105,0,0.0,0.0,0.67,False
2021-10-01,US1FLPN0108,0,0.0,0.0,0.67,False
2021-10-01,US1FLPN0111,0,0.0,0.0,0.67,False
2021-10-01,US1FLPS0001,0,0.0,0.0,0.67,False
2021-10-01,US1FLPS0004,0,0.0,0.0,0.67,False
2021-10-01,US1FLPS0006,0,0.0,0.0,0.67,False
2021-10-01,US1FLPS0007,0,0.13,-0.13,0.36,False
2021-10-01,US1FLPS0010,0,0.13,-0.13,0.38,False
2021-10-01,US1FLPS0015,0,0.14,-0.14,0.35,False
2021-10-01,US1FLPS0043,0,0.0,0.0,0.67,False
2021-10-01,US1FLPS0049,0,0.16,-0.16,0.31,False
2021-10-01,US1FLPS0051,0,0.0,0.0,0.67,False
2021-10-01,US1FLPS0065,0,0.0,0.0,0.67,False
2021-10-01,US1FLPS0072,0,0.0,0.0,0.67,False
2021-10-01,US1FLPS0073,0,0.0,0.0,0.67,False
2021-10-01,US1FLPS0074,0,0.14,-0.14,0.35,False
2021-10-01,US1FLPS0075,0,0.0,0.0,0.67,False
2021-10-01,US1FLPT0004,0,0.68,-0.68,-0.91,False
2021-10-01,US1FLPT0007,0,0.65,-0.65,-0.84,False
2021-10-01,US1FLPT0008,0,0.62,-0.62,-0.76,False
2021-10-01,US1FLPT0012,0,0.54,-0.54,-0.57,False
2021-10-01,US1FLPT0021,0,0.94,-0.94,-1.5,False
2021-10-01,US1FLPT0024,0,0.7,-0.7,-0.94,False
2021-10-01,US1FLPT0026,0,0.54,-0.54,-0.57,False
2021-10-01,US1FLPT0027,0,0.56,-0.56,-0.62,False
2021-10-01,US1FLPT0029,0,0.61,-0.61,-0.74,False
2021-10-01,US1FLSJ0004,0,0.61,-0.61,-0.73,False
2021-10-01,US1FLSJ0016,0,0.72,-0.72,-0.99,False
2021-10-01,US1FLSJ0020,0,0.62,-0.62,-0.76,False
2021-10-01,US1FLSJ0023,0,0.67,-0.67,-0.87,False
2021-10-01,US1FLSJ0028,0,0.57,-0.57,-0.65,False
2021-10-01,US1FLSJ0029,0,0.39,-0.39,-0.22,False
2021-10-01,US1FLSJ0030,0,0.4,-0.4,-0.25,False
2021-10-01,US1FLSJ0033,0,0.38,-0.38,-0.2,False
2021-10-01,US1FLSJ0034,0,0.67,-0.67,-0.87,False
2021-10-01,US1FLSJ0036,0,0.42,-0.42,-0.3,False
2021-10-01,US1FLSJ0039,0,0.73,-0.73,-1.02,False
2021-10-01,US1FLSL0011,58,50.09,7.91,18.97,True
2021-10-01,US1FLSL0013,66,53.09,12.91,30.54,True
2021-10-01,US1FLSL0015,0,46.6,-46.6,-107.15,True
2021-10-01,US1FLSL0017,13,53.46,-40.46,-92.94,True
2021-10-01,US1FLSL0019,97,54.99,42.01,97.89,True
2021-10-01,US1FLSL0033,18,55.97,-37.97,-87.18,True
2021-10-01,US1FLSL0050,30,58.13,-28.13,-64.42,True
2021-10-01,US1FLSL0051,41,52.66,-11.66,-26.29,True
2021-10-01,US1FLSL0052,66,51.04,14.96,35.28,True
2021-10-01,US1FLSL0054,150,48.16,101.84,236.34,True
2021-10-01,US1FLSM0008,0,0.93,-0.93,-1.48,False
2021-10-01,US1FLSM0018,0,1.02,-1.02,-1.69,False
2021-10-01,US1FLSM0026,0,0.94,-0.94,-1.51,False
2021-10-01,US1FLSM0030,0,0.94,-0.94,-1.5,False
2021-10-01,US1FLSM0034,0,0.99,-0.99,-1.61,False
2021-10-01,US1FLSM0035,0,0.93,-0.93,-1.48,False
2021-10-01,US1FLSM0037,0,0.94,-0.94,-1.5,False
2021-10-01,US1FLSM0038,0,0.91,-0.91,-1.43,False
2021-10-01,US1FLSM0039,0,0.97,-0.97,-1.56,False
2021-10-01,US1FLSS0014,0,0.14,-0.14,0.35,False
2021-10-01,US1FLSS0015,0,0.2,-0.2,0.22,False
2021-10-01,US1FLSS0022,0,0.01,-0.01,0.64,False
2021-10-01,US1FLSS0034,0,0.13,-0.13,0.38,False
2021-10-01,US1FLSS0040,0,0.0,0.0,0.67,False
2021-10-01,US1FLSS0056,0,0.12,-0.12,0.4,False
2021-10-01,US1FLSS0059,0,0.13,-0.13,0.37,False
2021-10-01,US1FLSS0063,0,0.12,-0.12,0.4,False
2021-10-01,US1FLSS0071,0,0.12,-0.12,0.39,False
2021-10-01,US1FLSS0073,0,0.15,-0.15,0.32,False
2021-10-01,US1FLSS0075,0,0.17,-0.17,0.27,False
2021-10-01,US1FLSS0077,0,0.0,0.0,0.67,False
2021-10-01,US1FLSS0079,0,0.13,-0.13,0.37,False
2021-10-01,US1FLSS0080,0,0.12,-0.12,0.4,False
2021-10-01,US1FLST0009,0,0.38,-0.38,-0.2,False
2021-10-01,US1FLST0012,0,0.38,-0.38,-0.21,False
2021-10-01,US1FLST0026,0,0.39,-0.39,-0.23,False
2021-10-01,US1FLST0032,0,0.41,-0.41,-0.27,False
2021-10-01,US1FLST0035,0,0.43,-0.43,-0.33,False
2021-10-01,US1FLST0037,0,0.4,-0.4,-0.26,False
2021-10-01,US1FLSW0001,0,0.0,0.0,0.67,False
2021-10-01,US1FLSW0008,0,0.0,0.0,0.67,False
2021-10-01,US1FLSW0011,0,0.0,0.0,0.67,False
2021-10-01,US1FLSW0014,0,0.0,0.0,0.67,False
2021-10-01,US1FLVL0001,0,0.88,-0.88,-1.36,False
2021-10-01,US1FLVL0003,0,3.63,-3.63,-7.73,True
2021-10-01,US1FLVL0005,0,0.97,-0.97,-1.57,False
2021-10-01,US1FLVL0009,0,5.64,-5.64,-12.37,True
2021-10-01,US1FLVL0024,102,0.15,101.85,236.36,True
2021-10-01,US1FLVL0029,0,0.92,-0.92,-1.45,False
2021-10-01,US1FLVL0038,0,1.11,-1.11,-1.89,False
2021-10-01,US1FLVL0040,0,0.63,-0.63,-0.78,False
2021-10-01,US1FLVL0042,0,0.9,-0.9,-1.42,False
2021-10-01,US1FLVL0044,0,1.05,-1.05,-1.77,False
2021-10-01,US1FLVL0051,0,1.3,-1.3,-2.32,False
2021-10-01,US1FLVL0060,0,0.86,-0.86,-1.32,False
2021-10-01,US1FLVL0061,0,0.79,-0.79,-1.16,False
2021-10-01,US1FLVL0062,0,0.77,-0.77,-1.1,False
2021-10-01,US1FLVL0063,0,0.67,-0.67,-0.89,False
2021-10-01,US1FLVL0070,0,1.91,-1.91,-3.75,True
2021-10-01,US1FLVL0071,0,4.44,-4.44,-9.6,True
2021-10-01,US1FLVL0073,0,1.0,-1.0,-1.64,False
2021-10-01,US1FLVL0075,0,0.63,-0.63,-0.79,False
2021-10-01,US1FLVL0081,0,0.68,-0.68,-0.91,False
2021-10-01,US1FLVL0083,0,1.43,-1.43,-2.63,False
2021-10-01,US1FLVL0084,0,1.17,-1.17,-2.03,False
2021-10-01,US1FLVL0086,0,5.19,-5.19,-11.34,True
2021-10-01,US1FLVL0087,0,0.76,-0.76,-1.08,False
2021-10-01,US1FLVL0089,0,1.18,-1.18,-2.06,False
2021-10-01,US1FLVL0090,0,1.14,-1.14,-1.96,False
2021-10-01,US1FLVL0091,0,3.29,-3.29,-6.94,True
2021-10-01,US1FLVL0099,0,0.82,-0.82,-1.23,False
2021-10-01,US1FLVL0100,0,1.18,-1.18,-2.06,False
2021-10-01,US1FLVL0101,0,0.87,-0.87,-1.33,False
2021-10-01,US1FLVL0103,0,1.34,-1.34,-2.43,False
2021-10-01,US1FLVL0104,0,1.41,-1.41,-2.58,False
2021-10-01,US1FLVL0105,0,2.55,-2.55,-5.22,True
2021-10-01,US1GAAP0006,0,0.0,0.0,0.67,False
2021-10-01,US1GAAP0007,0,0.0,0.0,0.67,False
2021-10-01,US1GABB0016,0,0.19,-0.19,0.23,False
2021-10-01,US1GABB0019,0,0.22,-0.22,0.17,False
2021-10-01,US1GABD0001,0,0.0,0.0,0.67,False
2021-10-01,US1GABD0005,0,0.0,0.0,0.67,False
2021-10-01,US1GABK0001,0,0.05,-0.05,0.57,False
2021-10-01,US1GABR0002,0,0.15,-0.15,0.33,False
2021-10-01,US1GABR0005,3,0.03,2.97,7.56,True
2021-10-01,US1GABR0009,0,0.16,-0.16,0.31,False
2021-10-01,US1GABU0013,0,0.07,-0.07,0.51,False
2021-10-01,US1GABU0016,0,0.07,-0.07,0.51,False
2021-10-01,US1GABU0021,0,0.04,-0.04,0.59,False
2021-10-01,US1GABY0001,0,0.91,-0.91,-1.43,False
2021-10-01,US1GACF0001,0,0.0,0.0,0.67,False
2021-10-01,US1GACH0006,0,0.92,-0.92,-1.46,False
2021-10-01,US1GACI0003,0,0.0,0.0,0.67,False
2021-10-01,US1GACK0006,0,0.0,0.0,0.67,False
2021-10-01,US1GACK0010,0,0.0,0.0,0.67,False
2021-10-01,US1GACK0011,0,0.0,0.0,0.67,False
2021-10-01,US1GACK0012,0,0.0,0.0,0.67,False
2021-10-01,US1GACK0017,0,0.0,0.0,0.67,False
2021-10-01,US1GACK0027,0,0.0,0.0,0.67,False
2021-10-01,US1GACK0030,0,0.0,0.0,0.67,False
2021-10-01,US1GACK0038,0,0.0,0.0,0.67,False
2021-10-01,US1GACM0014,0,1.64,-1.64,-3.13,False
2021-10-01,US1GACM0018,0,1.25,-1.25,-2.21,False
2021-10-01,US1GACM0019,0,1.54,-1.54,-2.88,False
2021-10-01,US1GACM0020,0,1.39,-1.39,-2.54,False
2021-10-01,US1GACM0021,0,1.25,-1.25,-2.21,False
2021-10-01,US1GACO0003,0,0.0,0.0,0.67,False
2021-10-01,US1GACQ0002,0,0.32,-0.32,-0.05,False
2021-10-01,US1GACQ0012,0,0.41,-0.41,-0.27,False
2021-10-01,US1GACQ0013,0,0.19,-0.19,0.24,False
2021-10-01,US1GACT0001,0,0.07,-0.07,0.5,False
2021-10-01,US1GACT0003,0,0.08,-0.08,0.5,False
2021-10-01,US1GACT0017,0,0.07,-0.07,0.52,False
2021-10-01,US1GACT0019,0,0.07,-0.07,0.52,False
2021-10-01,US1GACT0028,0,0.07,-0.07,0.51,False
2021-10-01,US1GACT0036,0,0.14,-0.14,0.36,False
2021-10-01,US1GACT0037,0,0.18,-0.18,0.27,False
2021-10-01,US1GACT0038,0,0.08,-0.08,0.48,False
2021-10-01,US1GACT0040,0,0.09,-0.09,0.46,False
2021-10-01,US1GACT0055,0,0.08,-0.08,0.5,False
2021-10-01,US1GACT0057,0,0.08,-0.08,0.49,False
2021-10-01,US1GACT0060,0,0.07,-0.07,0.51,False
2021-10-01,US1GACT0061,0,0.08,-0.08,0.5,False
2021-10-01,US1GACT0064,0,0.08,-0.08,0.48,False
2021-10-01,US1GACT0067,0,0.09,-0.09,0.46,False
2021-10-01,US1GACT0079,0,0.08,-0.08,0.5,False
2021-10-01,US1GACT0089,0,0.08,-0.08,0.49,False
2021-10-01,US1GACT0098,0,0.07,-0.07,0.51,False
2021-10-01,US1GACT0099,0,0.1,-0.1,0.45,False
2021-10-01,US1GACU0001,0,0.11,-0.11,0.42,False
2021-10-01,US1GACU0003,0,0.08,-0.08,0.5,False
2021-10-01,US1GACU0006,0,0.1,-0.1,0.45,False
2021-10-01,US1GACU0009,0,0.06,-0.06,0.54,False
2021-10-01,US1GACU0011,0,0.09,-0.09,0.47,False
2021-10-01,US1GACU0013,0,0.08,-0.08,0.5,False
2021-10-01,US1GACU0014,0,0.07,-0.07,0.51,False
2021-10-01,US1GACU0021,0,0.11,-0.11,0.42,False
2021-10-01,US1GADG0004,0,0.51,-0.51,-0.52,False
2021-10-01,US1GADG0005,0,0.37,-0.37,-0.18,False
2021-10-01,US1GADG0009,0,0.43,-0.43,-0.31,False
2021-10-01,US1GAEF0013,0,0.08,-0.08,0.5,False
2021-10-01,US1GAEF0017,0,0.07,-0.07,0.5,False
2021-10-01,US1GAEF0018,0,0.08,-0.08,0.5,False
2021-10-01,US1GAEF0021,0,0.06,-0.06,0.54,False
2021-10-01,US1GAEF0022,0,0.06,-0.06,0.54,False
2021-10-01,US1GAEM0004,0,0.0,0.0,0.67,False
2021-10-01,US1GAEM0005,0,0.0,0.0,0.67,False
2021-10-01,US1GAEV0001,0,0.03,-0.03,0.6,False
2021-10-01,US1GAEV0005,0,0.04,-0.04,0.59,False
2021-10-01,US1GAGE0001,0,0.0,0.0,0.67,False
2021-10-01,US1GAGE0005,0,0.0,0.0,0.67,False
2021-10-01,US1GAGN0005,0,0.6,-0.6,-0.73,False
2021-10-01,US1GAGN0007,0,1.31,-1.31,-2.35,False
2021-10-01,US1GAGW0050,0,0.0,0.0,0.67,False
2021-10-01,US1GAGW0055,0,0.0,0.0,0.67,False
2021-10-01,US1GAGW0065,0,0.0,0.0,0.67,False
2021-10-01,US1GAHS0003,0,0.13,-0.13,0.37,False
2021-10-01,US1GAHS0005,0,0.21,-0.21,0.18,False
2021-10-01,US1GAHS0011,0,0.59,-0.59,-0.7,False
2021-10-01,US1GAHS0016,0,0.24,-0.24,0.12,False
2021-10-01,US1GAHS0024,0,0.22,-0.22,0.17,False
2021-10-01,US1GAHS0027,0,0.15,-0.15,0.33,False
2021-10-01,US1GAJN0006,0,0.0,0.0,0.67,False
2021-10-01,US1GAJN0007,0,0.0,0.0,0.67,False
2021-10-01,US1GALB0004,0,0.1,-0.1,0.44,False
2021-10-01,US1GALB0006,0,0.1,-0.1,0.44,False
2021-10-01,US1GALB0010,0,0.1,-0.1,0.45,False
2021-10-01,US1GALC0002,0,0.03,-0.03,0.6,False
2021-10-01,US1GALR0001,0,0.35,-0.35,-0.13,False
2021-10-01,US1GALW0004,0,0.0,0.0,0.67,False
2021-10-01,US1GALW0007,0,0.0,0.0,0.67,False
2021-10-01,US1GALW0008,0,0.0,0.0,0.67,False
2021-10-01,US1GALW0013,0,0.0,0.0,0.67,False
2021-10-01,US1GALW0014,0,0.0,0.0,0.67,False
2021-10-01,US1GALW0015,0,0.0,0.0,0.67,False
2021-10-01,US1GALW0016,0,0.0,0.0,0.67,False
2021-10-01,US1GALW0017,0,0.0,0.0,0.67,False
2021-10-01,US1GALW0018,0,0.0,0.0,0.67,False
2021-10-01,US1GALW0019,0,0.0,0.0,0.67,False
2021-10-01,US1GALW0024,0,0.0,0.0,0.67,False
2021-10-01,US1GAMD0005,0,0.04,-0.04,0.58,False
2021-10-01,US1GAMG0003,0,0.0,0.0,0.67,False
2021-10-01,US1GAMI0001,0,0.37,-0.37,-0.17,False
2021-10-01,US1GAMI0005,0,0.4,-0.4,-0.25,False
2021-10-01,US1GAMN0007,0,0.0,0.0,0.67,False
2021-10-01,US1GAMN0010,0,0.0,0.0,0.67,False
2021-10-01,US1GANW0001,0,0.0,0.0,0.67,False
2021-10-01,US1GANW0007,0,0.0,0.0,0.67,False
2021-10-01,US1GAOC0001,0,0.0,0.0,0.67,False
2021-10-01,US1GAOC0002,0,0.0,0.0,0.67,False
2021-10-01,US1GAOC0005,0,0.0,0.0,0.67,False
2021-10-01,US1GAOC0009,0,0.0,0.0,0.67,False
2021-10-01,US1GAOC0012,0,0.0,0.0,0.67,False
2021-10-01,US1GAOC0014,0,0.0,0.0,0.67,False
2021-10-01,US1GAOC0015,0,0.0,0.0,0.67,False
2021-10-01,US1GAOC0016,0,0.0,0.0,0.67,False
2021-10-01,US1GAOC0018,0,0.0,0.0,0.67,False
2021-10-01,US1GAOG0002,0,0.02,-0.02,0.62,False
2021-10-01,US1GAOG0007,0,0.0,0.0,0.67,False
2021-10-01,US1GAOG0010,0,0.0,0.0,0.67,False
2021-10-01,US1GAOG0012,0,0.0,0.0,0.67,False
2021-10-01,US1GAOG0015,0,0.0,0.0,0.67,False
2021-10-01,US1GAOG0029,0,0.0,0.0,0.67,False
2021-10-01,US1GAPE0001,0,0.44,-0.44,-0.35,False
2021-10-01,US1GAPE0003,0,0.25,-0.25,0.09,False
2021-10-01,US1GARC0009,0,0.22,-0.22,0.18,False
2021-10-01,US1GARC0012,0,0.36,-0.36,-0.15,False
2021-10-01,US1GARC0019,0,0.12,-0.12,0.4,False
2021-10-01,US1GASV0003,0,0.06,-0.06,0.53,False
2021-10-01,US1GASV0005,0,0.07,-0.07,0.52,False
2021-10-01,US1GASV0007,0,0.06,-0.06,0.54,False
2021-10-01,US1GASV0008,0,0.03,-0.03,0.61,False
2021-10-01,US1GATE0004,0,0.5,-0.5,-0.48,False
2021-10-01,US1GATF0003,0,0.39,-0.39,-0.24,False
2021-10-01,US1GATG0001,0,0.33,-0.33,-0.1,False
2021-10-01,US1GATH0002,0,0.0,0.0,0.67,False
2021-10-01,US1GATH0004,0,0.0,0.0,0.67,False
2021-10-01,US1GATN0004,0,0.04,-0.04,0.59,False
2021-10-01,US1GAWL0001,0,0.0,0.0,0.67,False
2021-10-01,US1GAWL0012,0,0.0,0.0,0.67,False
2021-10-01,US1GAWL0022,0,0.0,0.0,0.67,False
2021-10-01,US1GAWL0024,0,0.0,0.0,0.67,False
2021-10-01,US1GAWN0001,0,0.04,-0.04,0.59,False
2021-10-01,US1GAWR0005,0,0.0,0.0,0.67,False
2021-10-01,US1GAWS0001,0,0.03,-0.03,0.6,False
2021-10-01,US1GAWT0003,0,0.73,-0.73,-1.02,False
2021-10-01,US1GAWT0007,0,0.74,-0.74,-1.04,False
2021-10-01,US1GAWY0007,0,0.67,-0.67,-0.86,False
2021-10-01,US1NCBR0001,0,26.87,-26.87,-61.51,True
2021-10-01,US1NCBR0006,8,43.66,-35.66,-81.85,True
2021-10-01,US1NCBR0104,13,19.79,-6.79,-15.05,True
2021-10-01,US1NCBR0105,10,36.32,-26.32,-60.23,True
2021-10-01,US1SCAK0014,0,0.03,-0.03,0.61,False
2021-10-01,US1SCAK0023,0,0.03,-0.03,0.62,False
2021-10-01,US1SCAK0027,0,0.02,-0.02,0.62,False
2021-10-01,US1SCAK0031,0,0.02,-0.02,0.63,False
2021-10-01,US1SCAK0032,0,0.02,-0.02,0.63,False
2021-10-01,US1SCAK0033,0,0.03,-0.03,0.61,False
2021-10-01,US1SCAK0039,0,0.15,-0.15,0.33,False
2021-10-01,US1SCAK0046,0,0.06,-0.06,0.54,False
2021-10-01,US1SCAK0051,0,0.03,-0.03,0.61,False
2021-10-01,US1SCAK0053,0,0.03,-0.03,0.62,False
2021-10-01,US1SCAK0057,0,0.02,-0.02,0.62,False
2021-10-01,US1SCAK0060,0,0.01,-0.01,0.64,False
2021-10-01,US1SCAK0069,0,0.02,-0.02,0.62,False
2021-10-01,US1SCAK0073,0,0.02,-0.02,0.64,False
2021-10-01,US1SCAK0074,0,0.02,-0.02,0.63,False
2021-10-01,US1SCAK0083,0,0.02,-0.02,0.63,False
2021-10-01,US1SCAK0097,0,0.01,-0.01,0.64,False
2021-10-01,US1SCAK0101,0,0.09,-0.09,0.46,False
2021-10-01,US1SCAL0002,0,0.06,-0.06,0.54,False
2021-10-01,US1SCBF0002,0,0.18,-0.18,0.25,False
2021-10-01,US1SCBF0022,0,0.12,-0.12,0.4,False
2021-10-01,US1SCBF0032,0,0.22,-0.22,0.17,False
2021-10-01,US1SCBF0036,0,0.23,-0.23,0.15,False
2021-10-01,US1SCBF0037,0,0.36,-0.36,-0.16,False
2021-10-01,US1SCBF0053,0,0.26,-0.26,0.08,False
2021-10-01,US1SCBF0055,0,0.18,-0.18,0.26,False
2021-10-01,US1SCBF0059,0,0.17,-0.17,0.27,False
2021-10-01,US1SCBF0066,0,0.19,-0.19,0.24,False
2021-10-01,US1SCBF0080,0,0.31,-0.31,-0.05,False
2021-10-01,US1SCBF0091,0,0.32,-0.32,-0.06,False
2021-10-01,US1SCBF0092,0,0.15,-0.15,0.34,False
2021-10-01,US1SCBF0093,0,0.31,-0.31,-0.05,False
2021-10-01,US1SCBF0096,0,0.29,-0.29,0.0,False
2021-10-01,US1SCBF0097,0,0.34,-0.34,-0.1,False
2021-10-01,US1SCBF0098,0,0.35,-0.35,-0.14,False
2021-10-01,US1SCBF0099,0,0.2,-0.2,0.22,False
2021-10-01,US1SCBF0100,0,0.11,-0.11,0.41,False
2021-10-01,US1SCBF0104,0,0.13,-0.13,0.38,False
2021-10-01,US1SCBF0111,0,0.27,-0.27,0.05,False
2021-10-01,US1SCBF0112,0,0.29,-0.29,0.0,False
2021-10-01,US1SCBK0017,0,0.9,-0.9,-1.41,False
2021-10-01,US1SCBK0038,0,4.69,-4.69,-10.19,True
2021-10-01,US1SCBK0046,0,0.51,-0.51,-0.51,False
2021-10-01,US1SCBK0048,0,1.21,-1.21,-2.11,False
2021-10-01,US1SCBK0056,0,4.04,-4.04,-8.68,True
2021-10-01,US1SCBK0059,5,9.56,-4.56,-9.88,True
2021-10-01,US1SCBK0061,0,0.65,-0.65,-0.82,False
2021-10-01,US1SCBK0065,0,2.52,-2.52,-5.17,True
2021-10-01,US1SCBK0068,0,0.5,-0.5,-0.49,False
2021-10-01,US1SCBK0079,0,2.08,-2.08,-4.14,True
2021-10-01,US1SCBK0081,0,4.07,-4.07,-8.74,True
2021-10-01,US1SCBK0082,0,3.69,-3.69,-7.87,True
2021-10-01,US1SCBK0085,0,0.8,-0.8,-1.18,False
2021-10-01,US1SCBM0001,0,0.02,-0.02,0.63,False
2021-10-01,US1SCBM0006,0,0.2,-0.2,0.22,False
2021-10-01,US1SCBW0003,0,0.02,-0.02,0.62,False
2021-10-01,US1SCCA0002,0,0.0,0.0,0.67,False
2021-10-01,US1SCCA0016,0,0.02,-0.02,0.62,False
2021-10-01,US1SCCA0020,0,0.07,-0.07,0.52,False
2021-10-01,US1SCCD0006,0,1.04,-1.04,-1.73,False
2021-10-01,US1SCCD0017,0,0.2,-0.2,0.21,False
2021-10-01,US1SCCD0019,0,0.85,-0.85,-1.3,False
2021-10-01,US1SCCL0003,0,0.29,-0.29,0.01,False
2021-10-01,US1SCCL0005,0,0.24,-0.24,0.13,False
2021-10-01,US1SCCL0009,0,0.21,-0.21,0.19,False
2021-10-01,US1SCCL0014,0,0.33,-0.33,-0.08,False
2021-10-01,US1SCCL0016,0,0.34,-0.34,-0.11,False
2021-10-01,US1SCCL0017,0,0.33,-0.33,-0.09,False
2021-10-01,US1SCCL0028,0,0.29,-0.29,0.0,False
2021-10-01,US1SCCR0010,0,8.19,-8.19,-18.27,True
2021-10-01,US1SCCR0013,0,0.51,-0.51,-0.5,False
2021-10-01,US1SCCR0022,0,0.69,-0.69,-0.91,False
2021-10-01,US1SCCR0026,0,2.44,-2.44,-4.97,True
2021-10-01,US1SCCR0030,0,0.87,-0.87,-1.35,False
2021-10-01,US1SCCR0032,0,0.7,-0.7,-0.95,False
2021-10-01,US1SCCR0033,0,8.21,-8.21,-18.33,True
2021-10-01,US1SCCR0034,0,0.54,-0.54,-0.58,False
2021-10-01,US1SCCR0042,0,0.49,-0.49,-0.45,False
2021-10-01,US1SCCR0049,0,0.52,-0.52,-0.53,False
2021-10-01,US1SCCR0069,0,2.3,-2.3,-4.65,True
2021-10-01,US1SCCR0074,0,0.55,-0.55,-0.6,False
2021-10-01,US1SCCR0078,0,0.71,-0.71,-0.96,False
2021-10-01,US1SCCR0087,0,0.46,-0.46,-0.39,False
2021-10-01,US1SCCR0089,0,0.49,-0.49,-0.45,False
2021-10-01,US1SCCR0092,0,1.11,-1.11,-1.9,False
2021-10-01,US1SCCR0096,0,0.48,-0.48,-0.43,False
2021-10-01,US1SCCR0097,0,0.8,-0.8,-1.17,False
2021-10-01,US1SCCR0098,0,0.47,-0.47,-0.4,False
2021-10-01,US1SCCR0099,0,0.53,-0.53,-0.55,False
2021-10-01,US1SCCR0105,18,0.21,17.79,41.83,True
2021-10-01,US1SCCR0112,0,2.33,-2.33,-4.71,True
2021-10-01,US1SCCR0113,0,2.34,-2.34,-4.75,True
2021-10-01,US1SCCR0115,0,0.33,-0.33,-0.08,False
2021-10-01,US1SCCR0116,0,0.65,-0.65,-0.83,False
2021-10-01,US1SCCR0123,0,0.47,-0.47,-0.41,False
2021-10-01,US1SCCR0131,0,1.37,-1.37,-2.51,False
2021-10-01,US1SCCR0138,0,0.53,-0.53,-0.54,False
2021-10-01,US1SCCR0142,0,0.7,-0.7,-0.94,False
2021-10-01,US1SCCR0144,0,1.25,-1.25,-2.23,False
2021-10-01,US1SCCR0146,0,2.5,-2.5,-5.12,True
2021-10-01,US1SCCR0148,0,1.7,-1.7,-3.26,False
2021-10-01,US1SCCR0149,0,0.51,-0.51,-0.51,False
2021-10-01,US1SCCR0151,0,0.75,-0.75,-1.07,False
2021-10-01,US1SCCR0153,0,0.31,-0.31,-0.04,False
2021-10-01,US1SCCR0154,0,0.37,-0.37,-0.19,False
2021-10-01,US1SCCR0155,0,0.32,-0.32,-0.06,False
2021-10-01,US1SCCR0161,0,0.67,-0.67,-0.86,False
2021-10-01,US1SCCR0162,0,0.83,-0.83,-1.25,False
2021-10-01,US1SCCR0164,0,0.9,-0.9,-1.4,False
2021-10-01,US1SCCR0166,0,3.11,-3.11,-6.51,True
2021-10-01,US1SCCR0178,0,0.62,-0.62,-0.76,False
2021-10-01,US1SCCR0183,0,0.89,-0.89,-1.38,False
2021-10-01,US1SCCR0187,0,0.53,-0.53,-0.55,False
2021-10-01,US1SCCR0189,0,0.39,-0.39,-0.23,False
2021-10-01,US1SCCR0192,0,2.34,-2.34,-4.74,True
2021-10-01,US1SCCR0194,0,0.52,-0.52,-0.53,False
2021-10-01,US1SCCR0197,0,0.54,-0.54,-0.58,False
2021-10-01,US1SCCR0199,0,0.37,-0.37,-0.18,False
2021-10-01,US1SCCR0204,0,1.31,-1.31,-2.37,False
2021-10-01,US1SCCR0205,0,0.68,-0.68,-0.91,False
2021-10-01,US1SCCR0210,0,2.67,-2.67,-5.5,True
2021-10-01,US1SCCR0212,0,0.7,-0.7,-0.94,False
2021-10-01,US1SCCR0214,0,0.31,-0.31,-0.05,False
2021-10-01,US1SCCR0217,0,0.43,-0.43,-0.32,False
2021-10-01,US1SCCR0218,0,0.61,-0.61,-0.75,False
2021-10-01,US1SCCR0225,0,2.39,-2.39,-4.85,True
2021-10-01,US1SCCR0227,13,0.23,12.77,30.22,True
2021-10-01,US1SCCR0228,0,0.45,-0.45,-0.37,False
2021-10-01,US1SCCR0229,0,0.72,-0.72,-1.0,False
2021-10-01,US1SCCR0231,0,0.4,-0.4,-0.25,False
2021-10-01,US1SCCR0238,0,0.31,-0.31,-0.05,False
2021-10-01,US1SCCR0241,0,0.4,-0.4,-0.25,False
2021-10-01,US1SCCR0242,0,0.64,-0.64,-0.81,False
2021-10-01,US1SCCR0243,0,1.28,-1.28,-2.29,False
2021-10-01,US1SCDC0003,0,0.57,-0.57,-0.64,False
2021-10-01,US1SCDC0018,0,0.25,-0.25,0.1,False
2021-10-01,US1SCDC0036,0,0.41,-0.41,-0.28,False
2021-10-01,US1SCDC0041,0,0.46,-0.46,-0.39,False
2021-10-01,US1SCDC0042,0,0.51,-0.51,-0.5,False
2021-10-01,US1SCDC0055,0,1.34,-1.34,-2.42,False
2021-10-01,US1SCDC0056,0,0.4,-0.4,-0.25,False
2021-10-01,US1SCDC0057,0,0.69,-0.69,-0.91,False
2021-10-01,US1SCDC0062,0,0.41,-0.41,-0.27,False
2021-10-01,US1SCDC0067,5,0.37,4.63,11.39,True
2021-10-01,US1SCDC0069,0,0.31,-0.31,-0.04,False
2021-10-01,US1SCDC0075,0,0.44,-0.44,-0.34,False
2021-10-01,US1SCDC0076,0,0.42,-0.42,-0.3,False
2021-10-01,US1SCDC0078,0,0.42,-0.42,-0.29,False
2021-10-01,US1SCDC0087,0,0.4,-0.4,-0.26,False
2021-10-01,US1SCED0002,0,0.04,-0.04,0.58,False
2021-10-01,US1SCED0013,0,0.04,-0.04,0.58,False
2021-10-01,US1SCED0016,0,0.04,-0.04,0.59,False
2021-10-01,US1SCGT0004,25,34.44,-9.44,-21.18,True
2021-10-01,US1SCGT0011,0,35.54,-35.54,-81.57,True
2021-10-01,US1SCGT0019,10,31.76,-21.76,-49.67,True
2021-10-01,US1SCGT0024,495,114.94,380.06,880.12,True
2021-10-01,US1SCGT0033,114,80.16,33.84,78.99,True
2021-10-01,US1SCGT0036,30,87.08,-57.08,-131.4,True
2021-10-01,US1SCGT0042,58,86.42,-28.42,-65.08,True
2021-10-01,US1SCGT0044,0,32.37,-32.37,-74.23,True
2021-10-01,US1SCGT0046,328,158.6,169.4,392.65,True
2021-10-01,US1SCHM0007,0,0.15,-0.15,0.34,False
2021-10-01,US1SCHM0018,0,0.14,-0.14,0.34,False
2021-10-01,US1SCHM0021,0,0.14,-0.14,0.34,False
2021-10-01,US1SCHR0020,36,43.23,-7.23,-16.05,True
2021-10-01,US1SCHR0027,30,56.67,-26.67,-61.03,True
2021-10-01,US1SCHR0039,8,38.24,-30.24,-69.31,True
2021-10-01,US1SCHR0046,97,52.8,44.2,102.95,True
2021-10-01,US1SCHR0061,221,64.32,156.68,363.23,True
2021-10-01,US1SCHR0063,0,24.24,-24.24,-55.41,True
2021-10-01,US1SCHR0064,15,50.01,-35.01,-80.33,True
2021-10-01,US1SCHR0065,56,68.76,-12.76,-28.84,True
2021-10-01,US1SCHR0066,3,35.75,-32.75,-75.11,True
2021-10-01,US1SCHR0067,97,56.97,40.03,93.29,True
2021-10-01,US1SCHR0071,33,67.19,-34.19,-78.43,True
2021-10-01,US1SCHR0073,8,39.92,-31.92,-73.18,True
2021-10-01,US1SCHR0075,157,64.22,92.78,215.37,True
2021-10-01,US1SCHR0087,0,41.46,-41.46,-95.25,True
2021-10-01,US1SCHR0106,0,52.49,-52.49,-120.78,True
2021-10-01,US1SCHR0111,0,38.53,-38.53,-88.47,True
2021-10-01,US1SCHR0116,102,54.14,47.86,111.42,True
2021-10-01,US1SCHR0119,0,35.48,-35.48,-81.43,True
2021-10-01,US1SCHR0122,0,24.28,-24.28,-55.51,True
2021-10-01,US1SCHR0123,28,49.55,-21.55,-49.19,True
2021-10-01,US1SCHR0124,66,43.01,22.99,53.88,True
2021-10-01,US1SCHR0125,15,35.98,-20.98,-47.87,True
2021-10-01,US1SCHR0126,213,58.41,154.59,358.39,True
2021-10-01,US1SCHR0134,135,70.19,64.81,150.63,True
2021-10-01,US1SCHR0136,5,48.97,-43.97,-101.08,True
2021-10-01,US1SCHR0137,48,53.49,-5.49,-12.03,True
2021-10-01,US1SCJS0003,0,0.27,-0.27,0.05,False
2021-10-01,US1SCJS0009,0,0.17,-0.17,0.28,False
2021-10-01,US1SCLX0005,0,0.01,-0.01,0.65,False
2021-10-01,US1SCLX0022,0,0.01,-0.01,0.65,False
2021-10-01,US1SCLX0031,0,0.01,-0.01,0.65,False
2021-10-01,US1SCLX0069,0,0.01,-0.01,0.65,False
2021-10-01,US1SCLX0093,0,0.02,-0.02,0.64,False
2021-10-01,US1SCLX0096,0,0.0,0.0,0.67,False
2021-10-01,US1SCLX0097,0,0.0,0.0,0.67,False
2021-10-01,US1SCLX0098,0,0.01,-0.01,0.65,False
2021-10-01,US1SCLX0122,0,0.02,-0.02,0.64,False
2021-10-01,US1SCLX0127,0,0.02,-0.02,0.63,False
2021-10-01,US1SCLX0154,0,0.01,-0.01,0.65,False
2021-10-01,US1SCLX0162,0,0.0,0.0,0.67,False
2021-10-01,US1SCLX0169,0,0.01,-0.01,0.65,False
2021-10-01,US1SCLX0185,0,0.01,-0.01,0.65,False
2021-10-01,US1SCMC0005,0,0.03,-0.03,0.61,False
2021-10-01,US1SCMC0008,0,0.02,-0.02,0.62,False
2021-10-01,US1SCOR0022,0,0.2,-0.2,0.21,False
2021-10-01,US1SCOR0025,0,0.06,-0.06,0.53,False
2021-10-01,US1SCOR0041,0,0.21,-0.21,0.19,False
2021-10-01,US1SCOR0048,0,0.02,-0.02,0.64,False
2021-10-01,US1SCOR0049,0,0.2,-0.2,0.21,False
2021-10-01,US1SCRC0030,0,0.0,0.0,0.67,False
2021-10-01,US1SCRC0042,0,0.0,0.0,0.67,False
2021-10-01,US1SCRC0122,0,0.0,0.0,0.67,False
2021-10-01,US1SCRC0123,0,0.0,0.0,0.67,False
2021-10-01,US1SCSL0002,0,0.03,-0.03,0.6,False
2021-10-01,US1SCSL0010,0,0.03,-0.03,0.61,False
2021-10-01,US1SCSM0010,0,0.02,-0.02,0.64,False
2021-10-01,US1SCSM0013,0,0.02,-0.02,0.64,False
2021-10-01,US1SCSM0020,0,0.03,-0.03,0.62,False
2021-10-01,US1SCSM0026,0,0.02,-0.02,0.62,False
2021-10-01,US1SCSM0030,0,0.02,-0.02,0.63,False
2021-10-01,US1SCSM0040,0,0.02,-0.02,0.63,False
2021-10-01,US1SCSM0041,0,0.02,-0.02,0.63,False
2021-10-01,US1SCWL0002,0,16.96,-16.96,-38.57,True
2021-10-01,USC00080236,0,3.06,-3.06,-6.4,True
2021-10-01,USC00080369,0,3.02,-3.02,-6.31,True
2021-10-01,USC00080478,0,0.46,-0.46,-0.39,False
2021-10-01,USC00080737,10,11.2,-1.2,-2.09,False
2021-10-01,USC00080945,0,0.11,-0.11,0.42,False
2021-10-01,USC00081641,0,0.69,-0.69,-0.92,False
2021-10-01,USC00082008,0,0.0,0.0,0.67,False
2021-10-01,USC00082150,0,1.02,-1.02,-1.69,False
2021-10-01,USC00082229,0,1.7,-1.7,-3.25,False
2021-10-01,USC00082298,0,20.63,-20.63,-47.06,True
2021-10-01,USC00083153,0,0.26,-0.26,0.06,False
2021-10-01,USC00083163,0,23.0,-23.0,-52.55,True
2021-10-01,USC00083168,0,24.94,-24.94,-57.03,True
2021-10-01,USC00083207,178,38.39,139.61,323.73,True
2021-10-01,USC00083874,0,0.65,-0.65,-0.83,False
2021-10-01,USC00083986,0,0.23,-0.23,0.13,False
2021-10-01,USC00084050,43,23.27,19.73,46.33,True
2021-10-01,USC00084289,0,0.27,-0.27,0.06,False
2021-10-01,USC00084461,56,79.77,-23.77,-54.32,True
2021-10-01,USC00084500,0,4.73,-4.73,-10.27,True
2021-10-01,USC00084621,0,13.11,-13.11,-29.67,True
2021-10-01,USC00084625,0,1.31,-1.31,-2.35,False
2021-10-01,USC00084731,0,0.1,-0.1,0.45,False
2021-10-01,USC00084802,0,0.29,-0.29,-0.0,False
2021-10-01,USC00085076,0,0.66,-0.66,-0.86,False
2021-10-01,USC00085099,0,0.0,0.0,0.67,False
2021-10-01,USC00085184,112,33.36,78.64,182.65,True
2021-10-01,USC00085539,0,0.0,0.0,0.67,False
2021-10-01,USC00085612,0,2.36,-2.36,-4.79,True
2021-10-01,USC00085880,0,0.0,0.0,0.67,False
2021-10-01,USC00086048,0,1.16,-1.16,-2.01,False
2021-10-01,USC00086065,0,0.2,-0.2,0.22,False
2021-10-01,USC00086078,0,1.48,-1.48,-2.74,False
2021-10-01,USC00086092,8,86.68,-78.68,-181.4,True
2021-10-01,USC00086634,0,0.88,-0.88,-1.37,False
2021-10-01,USC00086761,0,5.93,-5.93,-13.05,True
2021-10-01,USC00086764,318,61.65,256.35,593.85,True
2021-10-01,USC00087025,0,0.0,0.0,0.67,False
2021-10-01,USC00087205,0,0.26,-0.26,0.06,False
2021-10-01,USC00087228,0,0.99,-0.99,-1.63,False
2021-10-01,USC00087261,0,0.81,-0.81,-1.19,False
2021-10-01,USC00087304,114,111.93,2.07,5.47,True
2021-10-01,USC00087397,0,0.18,-0.18,0.26,False
2021-10-01,USC00087851,0,0.13,-0.13,0.38,False
2021-10-01,USC00087982,0,1.05,-1.05,-1.74,False
2021-10-01,USC00088051,0,1.12,-1.12,-1.91,False
2021-10-01,USC00088368,0,39.57,-39.57,-90.88,True
2021-10-01,USC00088620,38,63.52,-25.52,-58.39,True
2021-10-01,USC00088782,0,0.08,-0.08,0.48,False
2021-10-01,USC00088824,0,0.0,0.0,0.67,False
2021-10-01,USC00088942,0,1.1,-1.1,-1.88,False
2021-10-01,USC00089120,0,0.0,0.0,0.67,False
2021-10-01,USC00089176,0,0.0,0.0,0.67,False
2021-10-01,USC00089219,0,18.91,-18.91,-43.09,True
2021-10-01,USC00089401,0,0.72,-0.72,-0.99,False
2021-10-01,USC00090311,0,0.05,-0.05,0.55,False
2021-10-01,USC00091266,0,0.07,-0.07,0.52,False
2021-10-01,USC00092266,20,0.0,20.0,46.95,True
2021-10-01,USC00092844,0,0.0,0.0,0.67,False
2021-10-01,USC00092966,0,0.36,-0.36,-0.15,False
2021-10-01,USC00093538,0,0.06,-0.06,0.53,False
2021-10-01,USC00093754,0,0.05,-0.05,0.57,False
2021-10-01,USC00094170,0,0.64,-0.64,-0.81,False
2021-10-01,USC00094862,0,0.04,-0.04,0.57,False
2021-10-01,USC00095204,0,0.04,-0.04,0.59,False
2021-10-01,USC00095205,0,0.04,-0.04,0.59,False
2021-10-01,USC00095314,0,0.05,-0.05,0.56,False
2021-10-01,USC00095863,0,0.04,-0.04,0.57,False
2021-10-01,USC00095988,0,0.0,0.0,0.67,False
2021-10-01,USC00096087,0,0.18,-0.18,0.25,False
2021-10-01,USC00096126,0,0.0,0.0,0.67,False
2021-10-01,USC00097528,0,0.05,-0.05,0.56,False
2021-10-01,USC00097777,0,0.04,-0.04,0.57,False
2021-10-01,USC00097808,0,0.68,-0.68,-0.89,False
2021-10-01,USC00098677,0,0.04,-0.04,0.58,False
2021-10-01,USC00098703,0,0.37,-0.37,-0.19,False
2021-10-01,USC00099124,0,0.15,-0.15,0.32,False
2021-10-01,USC00099194,0,0.05,-0.05,0.57,False
2021-10-01,USC00380072,0,0.02,-0.02,0.62,False
2021-10-01,USC00380184,0,22.74,-22.74,-51.94,True
2021-10-01,USC00380448,0,0.15,-0.15,0.34,False
2021-10-01,USC00380490,0,0.04,-0.04,0.57,False
2021-10-01,USC00380506,0,0.02,-0.02,0.63,False
2021-10-01,USC00381093,89,72.48,16.52,38.91,True
2021-10-01,USC00381241,0,22.27,-22.27,-50.86,True
2021-10-01,USC00381726,0,0.06,-0.06,0.54,False
2021-10-01,USC00381944,0,0.0,0.0,0.67,False
2021-10-01,USC00383470,69,31.8,37.2,86.76,True
2021-10-01,USC00383665,0,0.02,-0.02,0.63,False
2021-10-01,USC00384205,0,0.26,-0.26,0.07,False
2021-10-01,USC00384607,0,0.04,-0.04,0.59,False
2021-10-01,USC00384886,0,32.66,-32.66,-74.89,True
2021-10-01,USC00385493,0,0.81,-0.81,-1.19,False
2021-10-01,USC00385660,0,0.02,-0.02,0.62,False
2021-10-01,USC00385946,0,4.66,-4.66,-10.12,True
2021-10-01,USC00386153,5,51.46,-46.46,-106.84,True
2021-10-01,USC00386527,0,0.05,-0.05,0.57,False
2021-10-01,USC00386775,0,0.01,-0.01,0.65,False
2021-10-01,USC00387631,0,0.03,-0.03,0.61,False
2021-10-01,USC00388405,0,0.81,-0.81,-1.2,False
2021-10-01,USC00388426,0,0.42,-0.42,-0.3,False
2021-10-01,USC00388440,0,0.03,-0.03,0.6,False
2021-10-01,USC00388474,0,0.01,-0.01,0.64,False
2021-10-01,USC00388879,0,0.01,-0.01,0.64,False
2021-10-01,USC00388922,0,0.3,-0.3,-0.01,False
2021-10-01,USC00389469,0,0.28,-0.28,0.03,False
2021-10-01,USW00003728,0,21.36,-21.36,-48.76,True
2021-10-01,USW00003813,0,0.22,-0.22,0.18,False
2021-10-01,USW00003820,0,0.1,-0.1,0.44,False
2021-10-01,USW00003822,0,0.07,-0.07,0.51,False
2021-10-01,USW00003853,0,0.52,-0.52,-0.52,False
2021-10-01,USW00012812,0,0.18,-0.18,0.26,False
2021-10-01,USW00012815,46,0.48,45.52,106.01,True
2021-10-01,USW00012816,0,0.07,-0.07,0.52,False
2021-10-01,USW00012818,0,0.0,0.0,0.67,False
2021-10-01,USW00012819,0,0.64,-0.64,-0.81,False
2021-10-01,USW00012833,0,0.0,0.0,0.67,False
2021-10-01,USW00012834,0,1.17,-1.17,-2.04,False
2021-10-01,USW00012835,0,0.24,-0.24,0.13,False
2021-10-01,USW00012838,5,2.35,2.65,6.8,True
2021-10-01,USW00012841,0,1.24,-1.24,-2.2,False
2021-10-01,USW00012842,0,0.0,0.0,0.67,False
2021-10-01,USW00012843,0,18.95,-18.95,-43.18,True
2021-10-01,USW00012844,102,51.46,50.54,117.62,True
2021-10-01,USW00012849,18,24.01,-6.01,-13.23,True
2021-10-01,USW00012854,0,1.04,-1.04,-1.73,False
2021-10-01,USW00012861,0,0.37,-0.37,-0.18,False
2021-10-01,USW00012871,0,0.0,0.0,0.67,False
2021-10-01,USW00012873,0,0.0,0.0,0.67,False
2021-10-01,USW00012876,0,0.46,-0.46,-0.4,False
2021-10-01,USW00012883,0,0.28,-0.28,0.02,False
2021-10-01,USW00012885,137,18.3,118.7,275.34,True
2021-10-01,USW00012894,0,0.37,-0.37,-0.19,False
2021-10-01,USW00012895,0,42.79,-42.79,-98.33,True
2021-10-01,USW00012897,15,0.13,14.87,35.09,True
2021-10-01,USW00013782,0,0.46,-0.46,-0.38,False
2021-10-01,USW00013837,3,0.0,3.0,7.62,True
2021-10-01,USW00013870,0,0.0,0.0,0.67,False
2021-10-01,USW00013873,0,0.0,0.0,0.67,False
2021-10-01,USW00013878,0,0.61,-0.61,-0.74,False
2021-10-01,USW00013880,0,0.53,-0.53,-0.56,False
2021-10-01,USW00013883,0,0.0,0.0,0.67,False
2021-10-01,USW00013889,0,0.31,-0.31,-0.04,False
2021-10-01,USW00053854,0,0.13,-0.13,0.38,False
2021-10-01,USW00053860,0,0.37,-0.37,-0.18,False
2021-10-01,USW00053867,0,0.0,0.0,0.67,False
2021-10-01,USW00063803,0,0.0,0.0,0.67,False
2021-10-01,USW00063826,0,0.02,-0.02,0.62,False
2021-10-01,USW00063850,0,0.0,0.0,0.67,False
2021-10-01,USW00063856,35,0.14,34.86,81.35,True
2021-10-01,USW00063890,0,0.47,-0.47,-0.42,False
2021-10-01,USW00092805,64,20.82,43.18,100.6,True
2021-10-01,USW00092806,0,0.0,0.0,0.67,False
2021-10-01,USW00092814,0,0.71,-0.71,-0.96,False
2021-10-01,USW00092821,0,1.13,-1.13,-1.94,False
2021-10-01,USW00092827,0,3.03,-3.03,-6.35,True
2021-10-01,USW00093718,0,49.96,-49.96,-114.93,True
2021-10-01,USW00093831,5,0.18,4.82,11.84,True
2021-10-01,USW00093837,0,0.48,-0.48,-0.43,False
2021-10-01,USW00093845,0,0.0,0.0,0.67,False
2021-10-02,US1FLAL0002,0,0.05,-0.05,0.64,False
2021-10-02,US1FLAL0004,0,0.41,-0.41,0.43,False
2021-10-02,US1FLAL0007,0,0.04,-0.04,0.65,False
2021-10-02,US1FLAL0010,0,0.11,-0.11,0.61,False
2021-10-02,US1FLAL0017,0,0.27,-0.27,0.52,False
2021-10-02,US1FLAL0026,0,0.13,-0.13,0.59,False
2021-10-02,US1FLAL0031,0,0.11,-0.11,0.61,False
2021-10-02,US1FLAL0048,0,0.13,-0.13,0.6,False
2021-10-02,US1FLAL0050,0,0.14,-0.14,0.59,False
2021-10-02,US1FLAL0051,0,0.1,-0.1,0.62,False
2021-10-02,US1FLAL0054,0,0.06,-0.06,0.64,False
2021-10-02,US1FLAL0055,0,0.14,-0.14,0.59,False
2021-10-02,US1FLAL0058,0,0.06,-0.06,0.64,False
2021-10-02,US1FLAL0063,0,0.09,-0.09,0.62,False
2021-10-02,US1FLAL0075,0,0.16,-0.16,0.58,False
2021-10-02,US1FLAL0079,0,0.07,-0.07,0.63,False
2021-10-02,US1FLAL0080,0,0.11,-0.11,0.61,False
2021-10-02,US1FLAL0081,0,0.1,-0.1,0.61,False
2021-10-02,US1FLAL0096,0,0.1,-0.1,0.62,False
2021-10-02,US1FLAL0097,0,0.09,-0.09,0.62,False
2021-10-02,US1FLBK0005,0,0.66,-0.66,0.28,False
2021-10-02,US1FLBK0006,0,0.69,-0.69,0.26,False
2021-10-02,US1FLBK0007,0,0.65,-0.65,0.29,False
2021-10-02,US1FLBV0001,23,22.07,0.93,1.23,False
2021-10-02,US1FLBV0002,0,26.28,-26.28,-14.94,True
2021-10-02,US1FLBV0005,3,24.26,-21.26,-11.96,True
2021-10-02,US1FLBV0006,36,21.3,14.7,9.41,True
2021-10-02,US1FLBV0012,0,21.25,-21.25,-11.95,True
2021-10-02,US1FLBV0013,109,22.79,86.21,51.9,True
2021-10-02,US1FLBV0020,290,16.6,273.4,163.12,True
2021-10-02,US1FLBV0023,8,21.29,-13.29,-7.22,True
2021-10-02,US1FLBV0028,5,38.91,-33.91,-19.47,True
2021-10-02,US1FLBV0036,0,15.41,-15.41,-8.48,True
2021-10-02,US1FLBV0038,0,11.02,-11.02,-5.87,True
2021-10-02,US1FLBV0052,36,22.56,13.44,8.66,True
2021-10-02,US1FLBV0054,0,23.27,-23.27,-13.15,True
2021-10-02,US1FLBV0055,5,30.63,-25.63,-14.55,True
2021-10-02,US1FLBV0059,13,25.43,-12.43,-6.71,True
2021-10-02,US1FLBV0063,0,23.79,-23.79,-13.46,True
2021-10-02,US1FLBV0067,38,31.2,6.8,4.71,True
2021-10-02,US1FLBV0072,0,26.52,-26.52,-15.09,True
2021-10-02,US1FLBV0078,13,22.13,-9.13,-4.75,True
2021-10-02,US1FLBV0085,48,15.61,32.39,19.92,True
2021-10-02,US1FLBV0089,0,16.52,-16.52,-9.14,True
2021-10-02,US1FLBV0092,0,20.06,-20.06,-11.24,True
2021-10-02,US1FLBV0095,0,16.1,-16.1,-8.89,True
2021-10-02,US1FLBV0099,66,21.93,44.07,26.86,True
2021-10-02,US1FLBV0102,0,22.81,-22.81,-12.88,True
2021-10-02,US1FLBV0103,41,24.74,16.26,10.34,True
2021-10-02,US1FLBV0107,28,25.33,2.67,2.26,False
2021-10-02,US1FLBV0109,0,20.07,-20.07,-11.25,True
2021-10-02,US1FLBV0110,43,30.48,12.52,8.11,True
2021-10-02,US1FLBV0111,0,24.29,-24.29,-13.76,True
2021-10-02,US1FLBV0113,0,16.25,-16.25,-8.98,True
2021-10-02,US1FLBV0114,122,24.47,97.53,58.62,True
2021-10-02,US1FLBV0118,84,28.32,55.68,33.76,True
2021-10-02,US1FLBV0123,3,22.86,-19.86,-11.12,True
2021-10-02,US1FLBV0124,41,26.12,14.88,9.52,True
2021-10-02,US1FLBV0125,71,22.46,48.54,29.52,True
2021-10-02,US1FLBW0007,203,132.88,70.12,42.34,True
2021-10-02,US1FLBW0016,229,107.88,121.12,72.64,True
2021-10-02,US1FLBW0026,8,116.13,-108.13,-63.57,True
2021-10-02,US1FLBW0076,102,128.67,-26.67,-15.17,True
2021-10-02,US1FLBW0079,371,239.33,131.67,78.91,True
2021-10-02,US1FLBW0095,130,127.78,2.22,1.99,False
2021-10-02,US1FLBW0099,257,162.36,94.64,56.91,True
2021-10-02,US1FLBW0110,56,118.96,-62.96,-36.74,True
2021-10-02,US1FLBW0121,287,124.95,162.05,96.96,True
2021-10-02,US1FLBW0137,231,115.62,115.38,69.23,True
2021-10-02,US1FLBW0148,41,179.45,-138.45,-81.59,True
2021-10-02,US1FLBW0151,86,146.18,-60.18,-35.08,True
2021-10-02,US1FLBW0155,0,153.5,-153.5,-90.53,True
2021-10-02,US1FLBW0159,18,126.78,-108.78,-63.96,True
2021-10-02,US1FLBW0160,152,133.36,18.64,11.75,True
2021-10-02,US1FLBW0161,531,127.7,403.3,240.31,True
2021-10-02,US1FLBW0162,424,228.97,195.03,116.56,True
2021-10-02,US1FLBW0165,419,236.61,182.39,109.05,True
2021-10-02,US1FLBW0166,356,141.75,214.25,127.98,True
2021-10-02,US1FLBW0167,3,117.73,-114.73,-67.5,True
2021-10-02,US1FLCB0010,0,1.05,-1.05,0.05,False
2021-10-02,US1FLCB0012,0,0.48,-0.48,0.39,False
2021-10-02,US1FLCB0019,0,0.42,-0.42,0.42,False
2021-10-02,US1FLCB0024,0,0.39,-0.39,0.45,False
2021-10-02,US1FLCB0025,0,0.41,-0.41,0.43,False
2021-10-02,US1FLCB0026,0,0.36,-0.36,0.46,False
2021-10-02,US1FLCH0013,0,1.04,-1.04,0.06,False
2021-10-02,US1FLCH0015,0,2.23,-2.23,-0.65,False
2021-10-02,US1FLCH0017,0,1.08,-1.08,0.03,False
2021-10-02,US1FLCH0019,0,1.08,-1.08,0.03,False
2021-10-02,US1FLCH0023,0,1.08,-1.08,0.03,False
2021-10-02,US1FLCH0029,0,2.72,-2.72,-0.94,False
2021-10-02,US1FLCH0034,0,0.94,-0.94,0.12,False
2021-10-02,US1FLCH0035,0,1.02,-1.02,0.07,False
2021-10-02,US1FLCH0036,0,1.36,-1.36,-0.13,False
2021-10-02,US1FLCH0038,0,1.36,-1.36,-0.13,False
2021-10-02,US1FLCH0039,0,0.91,-0.91,0.14,False
2021-10-02,US1FLCH0040,0,1.09,-1.09,0.03,False
2021-10-02,US1FLCR0012,0,35.26,-35.26,-20.28,True
2021-10-02,US1FLCR0013,0,18.98,-18.98,-10.61,True
2021-10-02,US1FLCR0052,119,13.82,105.18,63.17,True
2021-10-02,US1FLCR0057,5,23.04,-18.04,-10.05,True
2021-10-02,US1FLCR0059,25,28.11,-3.11,-1.17,False
2021-10-02,US1FLCR0062,51,28.52,22.48,14.03,True
2021-10-02,US1FLCR0066,71,20.83,50.17,30.49,True
2021-10-02,US1FLCT0008,0,0.03,-0.03,0.66,False
2021-10-02,US1FLCT0011,0,0.04,-0.04,0.65,False
2021-10-02,US1FLCT0015,0,0.35,-0.35,0.47,False
2021-10-02,US1FLCT0030,0,0.02,-0.02,0.66,False
2021-10-02,US1FLCT0034,0,0.02,-0.02,0.66,False
2021-10-02,US1FLCT0035,0,0.03,-0.03,0.66,False
2021-10-02,US1FLCT0036,0,0.42,-0.42,0.43,False
2021-10-02,US1FLCT0037,0,0.03,-0.03,0.66,False
2021-10-02,US1FLCT0038,0,0.02,-0.02,0.66,False
2021-10-02,US1FLCT0039,0,0.03,-0.03,0.66,False
2021-10-02,US1FLCT0041,0,0.03,-0.03,0.66,False
2021-10-02,US1FLCT0043,0,0.3,-0.3,0.49,False
2021-10-02,US1FLCY0001,0,0.65,-0.65,0.29,False
2021-10-02,US1FLCY0003,0,0.51,-0.51,0.37,False
2021-10-02,US1FLCY0007,0,0.5,-0.5,0.38,False
2021-10-02,US1FLCY0025,0,0.59,-0.59,0.32,False
2021-10-02,US1FLCY0037,0,0.64,-0.64,0.29,False
2021-10-02,US1FLCY0038,0,0.42,-0.42,0.42,False
2021-10-02,US1FLCY0039,0,0.58,-0.58,0.33,False
2021-10-02,US1FLCY0042,0,0.73,-0.73,0.24,False
2021-10-02,US1FLCY0051,0,0.65,-0.65,0.29,False
2021-10-02,US1FLCY0054,0,0.41,-0.41,0.43,False
2021-10-02,US1FLCY0055,0,0.63,-0.63,0.3,False
2021-10-02,US1FLDS0003,0,1.53,-1.53,-0.24,False
2021-10-02,US1FLDV0003,0,0.6,-0.6,0.32,False
2021-10-02,US1FLDV0013,23,1.15,21.85,13.66,True
2021-10-02,US1FLDV0021,0,1.25,-1.25,-0.07,False
2021-10-02,US1FLDV0028,0,1.04,-1.04,0.06,False
2021-10-02,US1FLDV0033,0,0.54,-0.54,0.35,False
2021-10-02,US1FLDV0042,0,0.61,-0.61,0.31,False
2021-10-02,US1FLDV0050,0,1.18,-1.18,-0.02,False
2021-10-02,US1FLDV0059,0,0.94,-0.94,0.11,False
2021-10-02,US1FLDV0063,0,0.58,-0.58,0.33,False
2021-10-02,US1FLDV0069,0,0.55,-0.55,0.35,False
2021-10-02,US1FLDV0071,0,0.64,-0.64,0.3,False
2021-10-02,US1FLDV0079,0,1.24,-1.24,-0.06,False
2021-10-02,US1FLDV0091,0,0.41,-0.41,0.43,False
2021-10-02,US1FLDV0094,0,0.67,-0.67,0.27,False
2021-10-02,US1FLDV0098,0,1.42,-1.42,-0.17,False
2021-10-02,US1FLDV0106,0,0.85,-0.85,0.17,False
2021-10-02,US1FLDV0117,0,1.07,-1.07,0.04,False
2021-10-02,US1FLDV0118,0,1.23,-1.23,-0.05,False
2021-10-02,US1FLDX0003,0,0.34,-0.34,0.47,False
2021-10-02,US1FLFL0024,0,1.61,-1.61,-0.28,False
2021-10-02,US1FLFL0030,0,2.83,-2.83,-1.01,False
2021-10-02,US1FLFL0032,0,1.62,-1.62,-0.29,False
2021-10-02,US1FLFL0033,3,2.48,0.52,0.98,False
2021-10-02,US1FLFL0035,0,1.81,-1.81,-0.4,False
2021-10-02,US1FLFL0036,0,1.94,-1.94,-0.48,False
2021-10-02,US1FLFL0037,5,2.75,2.25,2.01,False
2021-10-02,US1FLFL0038,18,2.08,15.92,10.14,True
2021-10-02,US1FLFL0039,0,2.94,-2.94,-1.07,False
2021-10-02,US1FLFL0040,0,2.07,-2.07,-0.55,False
2021-10-02,US1FLFL0043,0,2.96,-2.96,-1.08,False
2021-10-02,US1FLFL0047,0,2.58,-2.58,-0.86,False
2021-10-02,US1FLFL0049,0,3.16,-3.16,-1.2,False
2021-10-02,US1FLFL0050,5,2.42,2.58,2.21,False
2021-10-02,US1FLGC0003,0,0.24,-0.24,0.53,False
2021-10-02,US1FLGC0008,0,0.3,-0.3,0.5,False
2021-10-02,US1FLGL0007,0,6.26,-6.26,-3.05,False
2021-10-02,US1FLHB0001,0,1.28,-1.28,-0.08,False
2021-10-02,US1FLHB0004,0,2.58,-2.58,-0.86,False
2021-10-02,US1FLHB0005,0,0.63,-0.63,0.3,False
2021-10-02,US1FLHB0010,0,0.93,-0.93,0.12,False
2021-10-02,US1FLHB0017,0,1.68,-1.68,-0.32,False
2021-10-02,US1FLHB0027,0,0.51,-0.51,0.37,False
2021-10-02,US1FLHB0029,0,0.74,-0.74,0.23,False
2021-10-02,US1FLHB0033,0,1.68,-1.68,-0.32,False
2021-10-02,US1FLHB0037,0,0.55,-0.55,0.35,False
2021-10-02,US1FLHB0040,0,0.55,-0.55,0.35,False
2021-10-02,US1FLHB0044,0,1.42,-1.42,-0.17,False
2021-10-02,US1FLHB0048,0,0.56,-0.56,0.34,False
2021-10-02,US1FLHB0051,0,0.52,-0.52,0.37,False
2021-10-02,US1FLHB0055,0,0.77,-0.77,0.21,False
2021-10-02,US1FLHB0060,13,0.93,12.07,7.84,True
2021-10-02,US1FLHB0069,0,1.59,-1.59,-0.27,False
2021-10-02,US1FLHB0098,0,1.52,-1.52,-0.23,False
2021-10-02,US1FLHB0107,0,1.39,-1.39,-0.15,False
2021-10-02,US1FLHB0114,0,1.53,-1.53,-0.23,False
2021-10-02,US1FLHB0120,0,0.48,-0.48,0.39,False
2021-10-02,US1FLHB0130,0,1.56,-1.56,-0.25,False
2021-10-02,US1FLHB0136,0,1.56,-1.56,-0.25,False
2021-10-02,US1FLHB0139,0,1.39,-1.39,-0.15,False
2021-10-02,US1FLHB0140,0,0.54,-0.54,0.35,False
2021-10-02,US1FLHB0141,0,0.51,-0.51,0.37,False
2021-10-02,US1FLHB0143,0,0.92,-0.92,0.13,False
2021-10-02,US1FLHB0154,0,1.15,-1.15,-0.01,False
2021-10-02,US1FLHB0156,0,0.49,-0.49,0.39,False
2021-10-02,US1FLHB0160,0,1.32,-1.32,-0.11,False
2021-10-02,US1FLHB0162,0,1.23,-1.23,-0.06,False
2021-10-02,US1FLHB0163,0,1.81,-1.81,-0.4,False
2021-10-02,US1FLHB0166,5,1.11,3.89,2.98,False
2021-10-02,US1FLHB0167,0,0.88,-0.88,0.15,False
2021-10-02,US1FLHD0003,8,2.07,5.93,4.2,True
2021-10-02,US1FLHL0001,0,5.73,-5.73,-2.73,False
2021-10-02,US1FLHL0003,8,5.27,2.73,2.3,False
2021-10-02,US1FLHL0012,0,14.49,-14.49,-7.94,True
2021-10-02,US1FLHL0013,0,12.77,-12.77,-6.91,True
2021-10-02,US1FLHL0030,71,2.57,68.43,41.33,True
2021-10-02,US1FLHL0038,3,9.78,-6.78,-3.35,False
2021-10-02,US1FLHL0043,15,10.57,4.43,3.31,False
2021-10-02,US1FLHM0005,0,1.16,-1.16,-0.01,False
2021-10-02,US1FLHN0007,0,0.12,-0.12,0.61,False
2021-10-02,US1FLHN0008,0,0.1,-0.1,0.61,False
2021-10-02,US1FLHN0014,0,0.09,-0.09,0.62,False
2021-10-02,US1FLHN0022,0,0.38,-0.38,0.45,False
2021-10-02,US1FLHN0024,0,0.11,-0.11,0.61,False
2021-10-02,US1FLHN0026,0,0.09,-0.09,0.62,False
2021-10-02,US1FLHN0035,0,0.09,-0.09,0.62,False
2021-10-02,US1FLHN0039,0,0.38,-0.38,0.45,False
2021-10-02,US1FLHN0040,0,0.1,-0.1,0.61,False
2021-10-02,US1FLHN0041,0,0.11,-0.11,0.61,False
2021-10-02,US1FLHN0043,0,0.42,-0.42,0.42,False
2021-10-02,US1FLHY0003,10,4.77,5.23,3.78,True
2021-10-02,US1FLHY0008,0,6.21,-6.21,-3.02,False
2021-10-02,US1FLHY0011,0,6.55,-6.55,-3.22,False
2021-10-02,US1FLHY0012,64,41.65,22.35,13.95,True
2021-10-02,US1FLIR0006,48,33.03,14.97,9.57,True
2021-10-02,US1FLIR0015,56,28.78,27.22,16.85,True
2021-10-02,US1FLIR0019,0,34.94,-34.94,-20.09,True
2021-10-02,US1FLIR0024,33,36.02,-3.02,-1.12,False
2021-10-02,US1FLIR0026,15,35.54,-20.54,-11.53,True
2021-10-02,US1FLIR0027,15,35.06,-20.06,-11.25,True
2021-10-02,US1FLIR0036,18,35.96,-17.96,-10.0,True
2021-10-02,US1FLIR0041,30,33.69,-3.69,-1.52,False
2021-10-02,US1FLIR0047,48,36.17,11.83,7.7,True
2021-10-02,US1FLIR0048,41,32.67,8.33,5.62,True
2021-10-02,US1FLIR0050,46,33.66,12.34,8.01,True
2021-10-02,US1FLIR0051,0,32.6,-32.6,-18.7,True
2021-10-02,US1FLJF0007,0,1.09,-1.09,0.03,False
2021-10-02,US1FLJF0009,0,0.86,-0.86,0.16,False
2021-10-02,US1FLJF0010,0,0.74,-0.74,0.24,False
2021-10-02,US1FLLE0006,0,6.17,-6.17,-2.99,False
2021-10-02,US1FLLE0022,0,6.08,-6.08,-2.94,False
2021-10-02,US1FLLE0037,0,3.7,-3.7,-1.52,False
2021-10-02,US1FLLE0055,0,3.55,-3.55,-1.43,False
2021-10-02,US1FLLE0057,0,4.82,-4.82,-2.19,False
2021-10-02,US1FLLE0059,0,4.12,-4.12,-1.78,False
2021-10-02,US1FLLE0065,0,5.5,-5.5,-2.59,False
2021-10-02,US1FLLE0068,0,8.09,-8.09,-4.13,True
2021-10-02,US1FLLE0072,0,3.45,-3.45,-1.37,False
2021-10-02,US1FLLK0003,0,1.33,-1.33,-0.12,False
2021-10-02,US1FLLK0016,0,0.67,-0.67,0.28,False
2021-10-02,US1FLLK0021,0,1.03,-1.03,0.06,False
2021-10-02,US1FLLK0022,0,0.76,-0.76,0.22,False
2021-10-02,US1FLLK0023,0,1.61,-1.61,-0.28,False
2021-10-02,US1FLLK0028,0,1.03,-1.03,0.06,False
2021-10-02,US1FLLK0031,0,0.69,-0.69,0.27,False
2021-10-02,US1FLLK0036,0,1.81,-1.81,-0.4,False
2021-10-02,US1FLLK0043,0,1.22,-1.22,-0.05,False
2021-10-02,US1FLLK0044,0,2.86,-2.86,-1.03,False
2021-10-02,US1FLLK0045,0,2.15,-2.15,-0.6,False
2021-10-02,US1FLLV0001,0,0.04,-0.04,0.65,False
2021-10-02,US1FLLV0004,0,0.03,-0.03,0.65,False
2021-10-02,US1FLLV0014,0,0.05,-0.05,0.65,False
2021-10-02,US1FLLV0015,0,0.04,-0.04,0.65,False
2021-10-02,US1FLLV0017,0,0.25,-0.25,0.53,False
2021-10-02,US1FLLV0018,0,0.03,-0.03,0.65,False
2021-10-02,US1FLMA0006,51,4.47,46.53,28.32,True
2021-10-02,US1FLMA0010,0,2.65,-2.65,-0.9,False
2021-10-02,US1FLMA0018,0,8.91,-8.91,-4.62,True
2021-10-02,US1FLMA0022,3,4.45,-1.45,-0.19,False
2021-10-02,US1FLMA0028,0,1.81,-1.81,-0.4,False
2021-10-02,US1FLMA0029,0,2.94,-2.94,-1.07,False
2021-10-02,US1FLMA0032,0,2.64,-2.64,-0.89,False
2021-10-02,US1FLMA0034,0,2.97,-2.97,-1.09,False
2021-10-02,US1FLMA0040,79,3.04,75.96,45.81,True
2021-10-02,US1FLMA0041,0,2.16,-2.16,-0.61,False
2021-10-02,US1FLMA0043,0,2.44,-2.44,-0.78,False
2021-10-02,US1FLMA0044,0,3.31,-3.31,-1.29,False
2021-10-02,US1FLMR0003,0,0.5,-0.5,0.38,False
2021-10-02,US1FLMR0004,0,0.65,-0.65,0.29,False
2021-10-02,US1FLMR0012,0,0.34,-0.34,0.47,False
2021-10-02,US1FLMR0013,0,0.05,-0.05,0.64,False
2021-10-02,US1FLMR0018,0,0.8,-0.8,0.2,False
2021-10-02,US1FLMR0032,0,0.73,-0.73,0.24,False
2021-10-02,US1FLMR0036,0,0.48,-0.48,0.39,False
2021-10-02,US1FLMR0042,0,0.12,-0.12,0.6,False
2021-10-02,US1FLMR0054,0,0.28,-0.28,0.51,False
2021-10-02,US1FLMR0056,0,0.14,-0.14,0.59,False
2021-10-02,US1FLMR0057,0,0.3,-0.3,0.5,False
2021-10-02,US1FLMR0059,0,0.18,-0.18,0.57,False
2021-10-02,US1FLMR0065,0,0.68,-0.68,0.27,False
2021-10-02,US1FLMR0066,0,0.5,-0.5,0.38,False
2021-10-02,US1FLMR0068,0,0.3,-0.3,0.5,False
2021-10-02,US1FLMR0074,0,0.75,-0.75,0.23,False
2021-10-02,US1FLMR0079,0,0.15,-0.15,0.59,False
2021-10-02,US1FLMT0001,104,95.68,8.32,5.62,True
2021-10-02,US1FLMT0018,10,83.39,-73.39,-42.93,True
2021-10-02,US1FLMT0021,0,78.8,-78.8,-46.15,True
2021-10-02,US1FLMT0026,0,95.41,-95.41,-56.01,True
2021-10-02,US1FLMT0028,0,43.31,-43.31,-25.06,True
2021-10-02,US1FLMT0031,53,91.39,-38.39,-22.14,True
2021-10-02,US1FLMT0035,5,116.38,-111.38,-65.51,True
2021-10-02,US1FLMT0036,0,43.29,-43.29,-25.05,True
2021-10-02,US1FLMT0037,419,163.59,255.41,152.43,True
2021-10-02,US1FLMT0039,279,83.4,195.6,116.89,True
2021-10-02,US1FLMT0041,114,35.32,78.68,47.43,True
2021-10-02,US1FLMT0042,23,125.15,-102.15,-60.02,True
2021-10-02,US1FLMT0043,13,54.57,-41.57,-24.02,True
2021-10-02,US1FLMT0045,538,133.2,404.8,241.2,True
2021-10-02,US1FLMT0046,328,162.47,165.53,99.03,True
2021-10-02,US1FLNS0012,0,0.5,-0.5,0.38,False
2021-10-02,US1FLNS0014,0,0.8,-0.8,0.2,False
2021-10-02,US1FLNS0017,0,0.43,-0.43,0.42,False
2021-10-02,US1FLNS0021,0,0.43,-0.43,0.42,False
2021-10-02,US1FLNS0022,0,0.42,-0.42,0.42,False
2021-10-02,US1FLOB0002,0,23.02,-23.02,-13.0,True
2021-10-02,US1FLOR0019,0,7.09,-7.09,-3.54,True
2021-10-02,US1FLOR0025,0,4.76,-4.76,-2.16,False
2021-10-02,US1FLOR0026,0,5.73,-5.73,-2.73,False
2021-10-02,US1FLOR0027,0,5.85,-5.85,-2.8,False
2021-10-02,US1FLOR0030,0,7.0,-7.0,-3.48,False
2021-10-02,US1FLOR0034,0,3.95,-3.95,-1.68,False
2021-10-02,US1FLOR0035,0,3.86,-3.86,-1.62,False
2021-10-02,US1FLOR0043,0,4.01,-4.01,-1.71,False
2021-10-02,US1FLOR0046,51,7.22,43.78,26.69,True
2021-10-02,US1FLOR0054,0,3.81,-3.81,-1.59,False
2021-10-02,US1FLOR0055,5,5.53,-0.53,0.36,False
2021-10-02,US1FLOR0059,46,7.95,38.05,23.29,True
2021-10-02,US1FLOR0061,0,2.52,-2.52,-0.82,False
2021-10-02,US1FLOR0062,0,3.4,-3.4,-1.35,False
2021-10-02,US1FLOR0065,0,7.2,-7.2,-3.61,True
2021-10-02,US1FLOR0066,0,3.66,-3.66,-1.5,False
2021-10-02,US1FLOR0068,0,4.43,-4.43,-1.96,False
2021-10-02,US1FLOR0072,0,7.57,-7.57,-3.83,True
2021-10-02,US1FLOS0001,0,5.59,-5.59,-2.65,False
2021-10-02,US1FLOS0027,0,8.99,-8.99,-4.67,True
2021-10-02,US1FLOS0029,0,8.15,-8.15,-4.17,True
2021-10-02,US1FLOS0031,0,6.1,-6.1,-2.95,False
2021-10-02,US1FLOS0036,0,11.57,-11.57,-6.2,True
2021-10-02,US1FLOS0037,0,8.54,-8.54,-4.4,True
2021-10-02,US1FLPB0002,53,122.85,-69.85,-40.83,True
2021-10-02,US1FLPB0007,386,101.55,284.45,169.69,True
2021-10-02,US1FLPB0012,140,103.41,36.59,22.42,True
2021-10-02,US1FLPB0013,58,102.96,-44.96,-26.04,True
2021-10-02,US1FLPB0031,0,88.01,-88.01,-51.62,True
2021-10-02,US1FLPB0034,8,78.91,-70.91,-41.46,True
2021-10-02,US1FLPB0037,0,98.61,-98.61,-57.92,True
2021-10-02,US1FLPB0044,0,102.52,-102.52,-60.24,True
2021-10-02,US1FLPB0061,0,105.12,-105.12,-61.78,True
2021-10-02,US1FLPB0063,0,97.22,-97.22,-57.09,True
2021-10-02,US1FLPB0072,246,114.07,131.93,79.06,True
2021-10-02,US1FLPB0077,152,131.16,20.84,13.06,True
2021-10-02,US1FLPB0080,0,127.71,-127.71,-75.21,True
2021-10-02,US1FLPB0081,43,101.59,-58.59,-34.14,True
2021-10-02,US1FLPB0087,23,98.61,-75.61,-44.25,True
2021-10-02,US1FLPB0098,5,86.84,-81.84,-47.95,True
2021-10-02,US1FLPK0018,0,1.46,-1.46,-0.2,False
2021-10-02,US1FLPK0032,0,1.35,-1.35,-0.13,False
2021-10-02,US1FLPK0034,0,1.42,-1.42,-0.17,False
2021-10-02,US1FLPK0035,0,4.3,-4.3,-1.88,False
2021-10-02,US1FLPK0039,0,2.24,-2.24,-0.66,False
2021-10-02,US1FLPK0067,0,4.21,-4.21,-1.83,False
2021-10-02,US1FLPK0073,0,1.54,-1.54,-0.24,False
2021-10-02,US1FLPK0076,0,1.56,-1.56,-0.25,False
2021-10-02,US1FLPK0078,0,5.12,-5.12,-2.37,False
2021-10-02,US1FLPK0081,0,1.51,-1.51,-0.22,False
2021-10-02,US1FLPK0083,0,1.48,-1.48,-0.2,False
2021-10-02,US1FLPK0084,0,1.65,-1.65,-0.3,False
2021-10-02,US1FLPN0006,0,0.86,-0.86,0.16,False
2021-10-02,US1FLPN0009,0,1.14,-1.14,-0.0,False
2021-10-02,US1FLPN0017,0,0.93,-0.93,0.12,False
2021-10-02,US1FLPN0034,0,0.99,-0.99,0.09,False
2021-10-02,US1FLPN0035,0,1.06,-1.06,0.04,False
2021-10-02,US1FLPN0036,0,0.48,-0.48,0.39,False
2021-10-02,US1FLPN0060,3,1.01,1.99,1.86,False
2021-10-02,US1FLPN0074,0,1.06,-1.06,0.04,False
2021-10-02,US1FLPN0077,0,1.01,-1.01,0.07,False
2021-10-02,US1FLPN0079,0,0.96,-0.96,0.11,False
2021-10-02,US1FLPN0081,0,1.12,-1.12,0.01,False
2021-10-02,US1FLPN0083,0,0.76,-0.76,0.23,False
2021-10-02,US1FLPN0087,0,1.07,-1.07,0.04,False
2021-10-02,US1FLPN0090,0,0.99,-0.99,0.09,False
2021-10-02,US1FLPN0091,0,0.48,-0.48,0.39,False
2021-10-02,US1FLPN0094,0,0.94,-0.94,0.12,False
2021-10-02,US1FLPN0096,0,0.86,-0.86,0.16,False
2021-10-02,US1FLPN0097,0,0.88,-0.88,0.15,False
2021-10-02,US1FLPN0099,5,0.78,4.22,3.18,False
2021-10-02,US1FLPN0104,0,0.95,-0.95,0.11,False
2021-10-02,US1FLPN0108,0,1.01,-1.01,0.07,False
2021-10-02,US1FLPN0111,0,0.71,-0.71,0.25,False
2021-10-02,US1FLPS0001,0,0.61,-0.61,0.31,False
2021-10-02,US1FLPS0004,0,0.64,-0.64,0.29,False
2021-10-02,US1FLPS0006,0,0.57,-0.57,0.33,False
2021-10-02,US1FLPS0007,0,0.9,-0.9,0.14,False
2021-10-02,US1FLPS0010,0,0.82,-0.82,0.19,False
2021-10-02,US1FLPS0015,0,0.5,-0.5,0.38,False
2021-10-02,US1FLPS0043,0,0.57,-0.57,0.33,False
2021-10-02,US1FLPS0049,0,0.54,-0.54,0.35,False
2021-10-02,US1FLPS0051,0,0.66,-0.66,0.28,False
2021-10-02,US1FLPS0065,0,0.66,-0.66,0.29,False
2021-10-02,US1FLPS0072,0,0.6,-0.6,0.32,False
2021-10-02,US1FLPS0073,0,0.78,-0.78,0.21,False
2021-10-02,US1FLPS0074,0,0.87,-0.87,0.16,False
2021-10-02,US1FLPS0075,0,0.63,-0.63,0.3,False
2021-10-02,US1FLPT0004,0,1.55,-1.55,-0.25,False
2021-10-02,US1FLPT0007,0,1.55,-1.55,-0.25,False
2021-10-02,US1FLPT0008,0,1.24,-1.24,-0.06,False
2021-10-02,US1FLPT0012,0,0.57,-0.57,0.34,False
2021-10-02,US1FLPT0021,0,1.95,-1.95,-0.48,False
2021-10-02,US1FLPT0024,0,1.69,-1.69,-0.33,False
2021-10-02,US1FLPT0026,0,0.62,-0.62,0.3,False
2021-10-02,US1FLPT0027,0,0.96,-0.96,0.1,False
2021-10-02,US1FLPT0029,0,1.07,-1.07,0.04,False
2021-10-02,US1FLSJ0004,0,1.55,-1.55,-0.25,False
2021-10-02,US1FLSJ0016,0,1.03,-1.03,0.06,False
2021-10-02,US1FLSJ0020,0,1.65,-1.65,-0.3,False
2021-10-02,US1FLSJ0023,0,1.09,-1.09,0.03,False
2021-10-02,US1FLSJ0028,0,1.5,-1.5,-0.22,False
2021-10-02,US1FLSJ0029,3,5.67,-2.67,-0.91,False
2021-10-02,US1FLSJ0030,0,0.78,-0.78,0.21,False
2021-10-02,US1FLSJ0033,41,1.07,39.93,24.4,True
2021-10-02,US1FLSJ0034,0,1.06,-1.06,0.05,False
2021-10-02,US1FLSJ0036,0,0.76,-0.76,0.22,False
2021-10-02,US1FLSJ0039,0,1.27,-1.27,-0.08,False
2021-10-02,US1FLSL0011,0,41.29,-41.29,-23.86,True
2021-10-02,US1FLSL0013,30,51.02,-21.02,-11.82,True
2021-10-02,US1FLSL0017,0,49.8,-49.8,-28.92,True
2021-10-02,US1FLSL0019,0,51.89,-51.89,-30.16,True
2021-10-02,US1FLSL0033,0,41.65,-41.65,-24.08,True
2021-10-02,US1FLSL0050,33,47.68,-14.68,-8.05,True
2021-10-02,US1FLSL0051,8,48.78,-40.78,-23.56,True
2021-10-02,US1FLSL0054,0,78.2,-78.2,-45.79,True
2021-10-02,US1FLSM0008,0,6.66,-6.66,-3.28,False
2021-10-02,US1FLSM0018,0,4.43,-4.43,-1.95,False
2021-10-02,US1FLSM0026,0,4.44,-4.44,-1.97,False
2021-10-02,US1FLSM0030,0,5.73,-5.73,-2.73,False
2021-10-02,US1FLSM0034,0,6.36,-6.36,-3.1,False
2021-10-02,US1FLSM0035,0,5.44,-5.44,-2.56,False
2021-10-02,US1FLSM0037,0,6.66,-6.66,-3.28,False
2021-10-02,US1FLSM0038,0,5.45,-5.45,-2.56,False
2021-10-02,US1FLSM0039,0,4.18,-4.18,-1.81,False
2021-10-02,US1FLSS0014,0,0.94,-0.94,0.11,False
2021-10-02,US1FLSS0015,0,1.35,-1.35,-0.13,False
2021-10-02,US1FLSS0022,0,1.07,-1.07,0.04,False
2021-10-02,US1FLSS0034,0,0.84,-0.84,0.18,False
2021-10-02,US1FLSS0040,0,1.28,-1.28,-0.08,False
2021-10-02,US1FLSS0052,0,1.62,-1.62,-0.29,False
2021-10-02,US1FLSS0056,0,0.74,-0.74,0.23,False
2021-10-02,US1FLSS0059,0,0.81,-0.81,0.2,False
2021-10-02,US1FLSS0063,0,1.86,-1.86,-0.43,False
2021-10-02,US1FLSS0071,0,0.77,-0.77,0.21,False
2021-10-02,US1FLSS0073,0,2.04,-2.04,-0.54,False
2021-10-02,US1FLSS0075,0,1.21,-1.21,-0.04,False
2021-10-02,US1FLSS0077,0,1.58,-1.58,-0.26,False
2021-10-02,US1FLSS0079,0,1.81,-1.81,-0.4,False
2021-10-02,US1FLSS0080,0,1.79,-1.79,-0.39,False
2021-10-02,US1FLST0007,0,0.55,-0.55,0.35,False
2021-10-02,US1FLST0009,0,0.61,-0.61,0.31,False
2021-10-02,US1FLST0012,0,0.61,-0.61,0.31,False
2021-10-02,US1FLST0026,0,0.64,-0.64,0.29,False
2021-10-02,US1FLST0032,0,0.56,-0.56,0.34,False
2021-10-02,US1FLST0035,0,0.63,-0.63,0.3,False
2021-10-02,US1FLST0037,0,0.65,-0.65,0.29,False
2021-10-02,US1FLSW0001,0,1.82,-1.82,-0.41,False
2021-10-02,US1FLSW0008,0,1.82,-1.82,-0.41,False
2021-10-02,US1FLSW0011,0,1.66,-1.66,-0.31,False
2021-10-02,US1FLSW0014,30,0.07,29.93,18.46,True
2021-10-02,US1FLVL0001,0,11.04,-11.04,-5.89,True
2021-10-02,US1FLVL0003,0,3.93,-3.93,-1.66,False
2021-10-02,US1FLVL0005,0,3.36,-3.36,-1.32,False
2021-10-02,US1FLVL0009,0,3.16,-3.16,-1.2,False
2021-10-02,US1FLVL0024,0,3.05,-3.05,-1.14,False
2021-10-02,US1FLVL0029,23,7.78,15.22,9.72,True
2021-10-02,US1FLVL0030,81,7.7,73.3,44.23,True
2021-10-02,US1FLVL0038,0,10.54,-10.54,-5.59,True
2021-10-02,US1FLVL0040,18,13.11,4.89,3.58,True
2021-10-02,US1FLVL0042,0,5.64,-5.64,-2.68,False
2021-10-02,US1FLVL0044,5,7.89,-2.89,-1.04,False
2021-10-02,US1FLVL0051,3,5.04,-2.04,-0.53,False
2021-10-02,US1FLVL0060,0,5.36,-5.36,-2.51,False
2021-10-02,US1FLVL0061,0,2.67,-2.67,-0.91,False
2021-10-02,US1FLVL0062,3,5.52,-2.52,-0.82,False
2021-10-02,US1FLVL0063,0,2.42,-2.42,-0.76,False
2021-10-02,US1FLVL0070,0,4.63,-4.63,-2.08,False
2021-10-02,US1FLVL0071,0,3.38,-3.38,-1.33,False
2021-10-02,US1FLVL0073,0,3.24,-3.24,-1.25,False
2021-10-02,US1FLVL0075,8,16.58,-8.58,-4.42,True
2021-10-02,US1FLVL0081,0,2.45,-2.45,-0.78,False
2021-10-02,US1FLVL0083,20,3.75,16.25,10.33,True
2021-10-02,US1FLVL0084,0,5.9,-5.9,-2.83,False
2021-10-02,US1FLVL0086,0,3.15,-3.15,-1.2,False
2021-10-02,US1FLVL0087,0,5.77,-5.77,-2.75,False
2021-10-02,US1FLVL0089,89,5.28,83.72,50.42,True
2021-10-02,US1FLVL0090,5,4.72,0.28,0.84,False
2021-10-02,US1FLVL0091,10,2.39,7.61,5.19,True
2021-10-02,US1FLVL0099,0,2.96,-2.96,-1.09,False
2021-10-02,US1FLVL0101,0,9.98,-9.98,-5.26,True
2021-10-02,US1FLVL0103,3,5.66,-2.66,-0.91,False
2021-10-02,US1FLVL0104,0,3.53,-3.53,-1.42,False
2021-10-02,US1FLVL0105,0,2.63,-2.63,-0.89,False
2021-10-02,US1GAAP0006,0,2.83,-2.83,-1.01,False
2021-10-02,US1GAAP0007,0,0.0,0.0,0.67,False
2021-10-02,US1GABB0016,0,0.39,-0.39,0.44,False
2021-10-02,US1GABB0019,0,0.44,-0.44,0.41,False
2021-10-02,US1GABD0001,0,0.0,0.0,0.67,False
2021-10-02,US1GABD0005,0,0.0,0.0,0.67,False
2021-10-02,US1GABR0002,0,2.57,-2.57,-0.85,False
2021-10-02,US1GABR0009,0,1.65,-1.65,-0.31,False
2021-10-02,US1GABU0013,25,7.41,17.59,11.13,True
2021-10-02,US1GABU0021,0,5.92,-5.92,-2.84,False
2021-10-02,US1GABY0001,0,0.0,0.0,0.67,False
2021-10-02,US1GACF0001,0,0.13,-0.13,0.6,False
2021-10-02,US1GACH0006,0,0.34,-0.34,0.47,False
2021-10-02,US1GACI0003,0,1.14,-1.14,0.0,False
2021-10-02,US1GACK0006,0,0.0,0.0,0.67,False
2021-10-02,US1GACK0010,0,0.0,0.0,0.67,False
2021-10-02,US1GACK0011,0,0.0,0.0,0.67,False
2021-10-02,US1GACK0012,0,0.0,0.0,0.67,False
2021-10-02,US1GACK0017,0,0.0,0.0,0.67,False
2021-10-02,US1GACK0030,0,0.0,0.0,0.67,False
2021-10-02,US1GACK0038,0,0.0,0.0,0.67,False
2021-10-02,US1GACM0014,0,0.65,-0.65,0.29,False
2021-10-02,US1GACM0018,0,0.67,-0.67,0.28,False
2021-10-02,US1GACM0019,0,0.6,-0.6,0.32,False
2021-10-02,US1GACM0020,0,0.54,-0.54,0.36,False
2021-10-02,US1GACM0021,0,0.57,-0.57,0.34,False
2021-10-02,US1GACO0003,0,0.96,-0.96,0.11,False
2021-10-02,US1GACQ0002,0,0.92,-0.92,0.13,False
2021-10-02,US1GACQ0012,0,1.16,-1.16,-0.02,False
2021-10-02,US1GACQ0013,0,0.49,-0.49,0.38,False
2021-10-02,US1GACT0001,0,4.6,-4.6,-2.06,False
2021-10-02,US1GACT0003,0,1.97,-1.97,-0.49,False
2021-10-02,US1GACT0017,0,2.37,-2.37,-0.73,False
2021-10-02,US1GACT0019,0,2.27,-2.27,-0.67,False
2021-10-02,US1GACT0036,0,2.57,-2.57,-0.85,False
2021-10-02,US1GACT0037,0,4.58,-4.58,-2.05,False
2021-10-02,US1GACT0038,0,1.98,-1.98,-0.5,False
2021-10-02,US1GACT0040,0,2.51,-2.51,-0.82,False
2021-10-02,US1GACT0055,0,2.89,-2.89,-1.04,False
2021-10-02,US1GACT0057,0,3.09,-3.09,-1.16,False
2021-10-02,US1GACT0060,0,2.22,-2.22,-0.64,False
2021-10-02,US1GACT0061,0,3.59,-3.59,-1.46,False
2021-10-02,US1GACT0064,0,4.04,-4.04,-1.73,False
2021-10-02,US1GACT0067,0,5.02,-5.02,-2.31,False
2021-10-02,US1GACT0077,0,3.71,-3.71,-1.53,False
2021-10-02,US1GACT0079,0,3.47,-3.47,-1.39,False
2021-10-02,US1GACT0089,0,2.42,-2.42,-0.76,False
2021-10-02,US1GACT0098,0,2.31,-2.31,-0.7,False
2021-10-02,US1GACT0099,0,2.57,-2.57,-0.85,False
2021-10-02,US1GACU0001,0,10.24,-10.24,-5.41,True
2021-10-02,US1GACU0003,0,3.69,-3.69,-1.52,False
2021-10-02,US1GACU0006,48,0.78,47.22,28.73,True
2021-10-02,US1GACU0009,0,1.82,-1.82,-0.41,False
2021-10-02,US1GACU0011,0,2.13,-2.13,-0.59,False
2021-10-02,US1GACU0013,0,4.29,-4.29,-1.87,False
2021-10-02,US1GACU0021,0,4.42,-4.42,-1.95,False
2021-10-02,US1GADG0004,0,1.03,-1.03,0.06,False
2021-10-02,US1GADG0005,0,0.75,-0.75,0.23,False
2021-10-02,US1GADG0009,0,0.86,-0.86,0.16,False
2021-10-02,US1GAEF0013,10,7.58,2.42,2.12,False
2021-10-02,US1GAEF0017,23,6.68,16.32,10.37,True
2021-10-02,US1GAEF0018,0,8.61,-8.61,-4.44,True
2021-10-02,US1GAEF0021,0,7.51,-7.51,-3.79,True
2021-10-02,US1GAEF0022,13,4.43,8.57,5.76,True
2021-10-02,US1GAEM0004,0,2.62,-2.62,-0.88,False
2021-10-02,US1GAEM0005,0,2.88,-2.88,-1.04,False
2021-10-02,US1GAEV0001,0,4.11,-4.11,-1.77,False
2021-10-02,US1GAGE0001,0,0.0,0.0,0.67,False
2021-10-02,US1GAGE0005,0,0.0,0.0,0.67,False
2021-10-02,US1GAGN0007,0,0.37,-0.37,0.46,False
2021-10-02,US1GAGW0055,0,0.0,0.0,0.67,False
2021-10-02,US1GAGW0065,0,0.0,0.0,0.67,False
2021-10-02,US1GAHS0003,0,0.27,-0.27,0.52,False
2021-10-02,US1GAHS0005,0,0.43,-0.43,0.42,False
2021-10-02,US1GAHS0011,0,1.19,-1.19,-0.03,False
2021-10-02,US1GAHS0016,0,0.48,-0.48,0.39,False
2021-10-02,US1GAHS0024,0,0.44,-0.44,0.42,False
2021-10-02,US1GAHS0027,0,0.3,-0.3,0.5,False
2021-10-02,US1GAJN0006,0,0.0,0.0,0.67,False
2021-10-02,US1GAJN0007,0,0.0,0.0,0.67,False
2021-10-02,US1GALB0004,0,1.46,-1.46,-0.19,False
2021-10-02,US1GALB0006,0,1.46,-1.46,-0.2,False
2021-10-02,US1GALB0010,0,1.67,-1.67,-0.32,False
2021-10-02,US1GALB0011,0,1.86,-1.86,-0.43,False
2021-10-02,US1GALR0001,0,0.69,-0.69,0.27,False
2021-10-02,US1GALW0004,0,1.29,-1.29,-0.09,False
2021-10-02,US1GALW0008,0,1.2,-1.2,-0.04,False
2021-10-02,US1GALW0024,3,0.74,2.26,2.02,False
2021-10-02,US1GAMD0005,0,0.98,-0.98,0.09,False
2021-10-02,US1GAMI0001,0,1.23,-1.23,-0.06,False
2021-10-02,US1GAMI0005,0,1.28,-1.28,-0.08,False
2021-10-02,US1GAMN0007,0,0.0,0.0,0.67,False
2021-10-02,US1GAMN0010,0,0.0,0.0,0.67,False
2021-10-02,US1GANW0001,0,0.0,0.0,0.67,False
2021-10-02,US1GANW0007,0,0.0,0.0,0.67,False
2021-10-02,US1GAOC0002,0,0.0,0.0,0.67,False
2021-10-02,US1GAOC0005,0,0.0,0.0,0.67,False
2021-10-02,US1GAOC0009,0,0.0,0.0,0.67,False
2021-10-02,US1GAOC0012,0,0.0,0.0,0.67,False
2021-10-02,US1GAOC0014,0,0.0,0.0,0.67,False
2021-10-02,US1GAOC0015,0,0.0,0.0,0.67,False
2021-10-02,US1GAOC0016,0,0.0,0.0,0.67,False
2021-10-02,US1GAOC0018,0,0.0,0.0,0.67,False
2021-10-02,US1GAOG0002,0,0.56,-0.56,0.34,False
2021-10-02,US1GAOG0005,0,0.0,0.0,0.67,False
2021-10-02,US1GAOG0007,0,0.0,0.0,0.67,False
2021-10-02,US1GAOG0010,0,0.46,-0.46,0.4,False
2021-10-02,US1GAOG0012,0,0.0,0.0,0.67,False
2021-10-02,US1GAOG0015,0,0.0,0.0,0.67,False
2021-10-02,US1GAOG0029,0,0.0,0.0,0.67,False
2021-10-02,US1GAPE0001,0,0.89,-0.89,0.15,False
2021-10-02,US1GAPE0003,0,0.51,-0.51,0.37,False
2021-10-02,US1GARC0009,10,3.66,6.34,4.44,True
2021-10-02,US1GARC0012,3,3.19,-0.19,0.56,False
2021-10-02,US1GARC0019,0,1.84,-1.84,-0.42,False
2021-10-02,US1GASV0005,0,9.02,-9.02,-4.68,True
2021-10-02,US1GASV0007,0,7.83,-7.83,-3.98,True
2021-10-02,US1GASV0008,0,5.7,-5.7,-2.71,False
2021-10-02,US1GATE0004,0,1.02,-1.02,0.07,False
2021-10-02,US1GATF0003,0,1.03,-1.03,0.06,False
2021-10-02,US1GATG0001,0,0.67,-0.67,0.28,False
2021-10-02,US1GATH0002,0,0.08,-0.08,0.63,False
2021-10-02,US1GATH0004,0,0.08,-0.08,0.63,False
2021-10-02,US1GATN0004,0,4.5,-4.5,-2.0,False
2021-10-02,US1GAWG0006,0,1.14,-1.14,0.0,False
2021-10-02,US1GAWL0001,0,0.0,0.0,0.67,False
2021-10-02,US1GAWL0012,0,0.0,0.0,0.67,False
2021-10-02,US1GAWL0022,0,0.0,0.0,0.67,False
2021-10-02,US1GAWL0024,0,0.0,0.0,0.67,False
2021-10-02,US1GAWN0001,0,0.9,-0.9,0.14,False
2021-10-02,US1GAWR0005,0,1.13,-1.13,0.0,False
2021-10-02,US1GAWS0001,0,0.85,-0.85,0.17,False
2021-10-02,US1GAWT0003,0,2.47,-2.47,-0.8,False
2021-10-02,US1GAWY0007,0,0.0,0.0,0.67,False
2021-10-02,US1NCBR0001,0,0.04,-0.04,0.65,False
2021-10-02,US1NCBR0006,0,0.04,-0.04,0.65,False
2021-10-02,US1SCAK0014,0,0.49,-0.49,0.38,False
2021-10-02,US1SCAK0023,0,0.52,-0.52,0.37,False
2021-10-02,US1SCAK0027,0,0.51,-0.51,0.37,False
2021-10-02,US1SCAK0031,0,0.4,-0.4,0.44,False
2021-10-02,US1SCAK0032,0,0.47,-0.47,0.39,False
2021-10-02,US1SCAK0033,0,0.54,-0.54,0.35,False
2021-10-02,US1SCAK0039,0,2.16,-2.16,-0.61,False
2021-10-02,US1SCAK0046,0,1.0,-1.0,0.08,False
2021-10-02,US1SCAK0051,0,0.49,-0.49,0.38,False
2021-10-02,US1SCAK0053,0,0.48,-0.48,0.39,False
2021-10-02,US1SCAK0057,0,0.41,-0.41,0.43,False
2021-10-02,US1SCAK0060,0,0.26,-0.26,0.52,False
2021-10-02,US1SCAK0069,0,0.54,-0.54,0.35,False
2021-10-02,US1SCAK0073,0,0.33,-0.33,0.48,False
2021-10-02,US1SCAK0074,0,0.49,-0.49,0.39,False
2021-10-02,US1SCAK0083,0,0.43,-0.43,0.42,False
2021-10-02,US1SCAK0097,0,0.3,-0.3,0.5,False
2021-10-02,US1SCAK0101,0,1.6,-1.6,-0.28,False
2021-10-02,US1SCAL0002,0,6.88,-6.88,-3.41,False
2021-10-02,US1SCBF0002,0,3.74,-3.74,-1.55,False
2021-10-02,US1SCBF0015,0,5.41,-5.41,-2.54,False
2021-10-02,US1SCBF0022,0,2.79,-2.79,-0.98,False
2021-10-02,US1SCBF0032,0,5.4,-5.4,-2.54,False
2021-10-02,US1SCBF0036,0,6.06,-6.06,-2.93,False
2021-10-02,US1SCBF0037,0,8.36,-8.36,-4.29,True
2021-10-02,US1SCBF0053,0,6.03,-6.03,-2.91,False
2021-10-02,US1SCBF0055,0,3.86,-3.86,-1.62,False
2021-10-02,US1SCBF0059,0,3.51,-3.51,-1.41,False
2021-10-02,US1SCBF0066,0,3.84,-3.84,-1.61,False
2021-10-02,US1SCBF0080,0,6.66,-6.66,-3.28,False
2021-10-02,US1SCBF0091,0,7.05,-7.05,-3.51,True
2021-10-02,US1SCBF0092,0,4.51,-4.51,-2.0,False
2021-10-02,US1SCBF0093,0,7.8,-7.8,-3.96,True
2021-10-02,US1SCBF0096,0,6.07,-6.07,-2.93,False
2021-10-02,US1SCBF0098,46,7.35,38.65,23.64,True
2021-10-02,US1SCBF0099,0,4.11,-4.11,-1.77,False
2021-10-02,US1SCBF0100,0,2.67,-2.67,-0.91,False
2021-10-02,US1SCBF0104,0,2.94,-2.94,-1.07,False
2021-10-02,US1SCBF0111,0,5.46,-5.46,-2.57,False
2021-10-02,US1SCBF0112,0,6.41,-6.41,-3.14,False
2021-10-02,US1SCBK0017,102,14.85,87.15,52.46,True
2021-10-02,US1SCBK0038,0,7.81,-7.81,-3.96,True
2021-10-02,US1SCBK0046,0,7.53,-7.53,-3.8,True
2021-10-02,US1SCBK0048,0,3.42,-3.42,-1.35,False
2021-10-02,US1SCBK0056,0,8.94,-8.94,-4.64,True
2021-10-02,US1SCBK0059,0,4.68,-4.68,-2.11,False
2021-10-02,US1SCBK0061,0,3.61,-3.61,-1.47,False
2021-10-02,US1SCBK0065,89,14.42,74.58,44.99,True
2021-10-02,US1SCBK0068,0,10.43,-10.43,-5.53,True
2021-10-02,US1SCBK0071,58,21.83,36.17,22.17,True
2021-10-02,US1SCBK0079,0,4.44,-4.44,-1.96,False
2021-10-02,US1SCBK0081,0,8.79,-8.79,-4.55,True
2021-10-02,US1SCBK0082,119,7.29,111.71,67.05,True
2021-10-02,US1SCBK0085,0,5.94,-5.94,-2.86,False
2021-10-02,US1SCBM0001,0,3.23,-3.23,-1.24,False
2021-10-02,US1SCBM0006,0,6.73,-6.73,-3.32,False
2021-10-02,US1SCBW0003,0,4.14,-4.14,-1.78,False
2021-10-02,US1SCBW0006,0,4.86,-4.86,-2.21,False
2021-10-02,US1SCCA0002,0,0.0,0.0,0.67,False
2021-10-02,US1SCCA0016,0,0.04,-0.04,0.65,False
2021-10-02,US1SCCA0020,0,2.85,-2.85,-1.02,False
2021-10-02,US1SCCD0006,0,3.23,-3.23,-1.24,False
2021-10-02,US1SCCD0017,0,4.85,-4.85,-2.21,False
2021-10-02,US1SCCD0019,0,3.63,-3.63,-1.48,False
2021-10-02,US1SCCL0003,0,9.44,-9.44,-4.94,True
2021-10-02,US1SCCL0005,0,7.1,-7.1,-3.55,True
2021-10-02,US1SCCL0009,0,8.02,-8.02,-4.09,True
2021-10-02,US1SCCL0014,0,17.0,-17.0,-9.43,True
2021-10-02,US1SCCL0016,0,9.36,-9.36,-4.89,True
2021-10-02,US1SCCL0017,0,7.6,-7.6,-3.84,True
2021-10-02,US1SCCL0027,312,6.8,305.2,182.02,True
2021-10-02,US1SCCL0028,0,7.05,-7.05,-3.52,True
2021-10-02,US1SCCR0010,0,2.11,-2.11,-0.58,False
2021-10-02,US1SCCR0013,0,3.71,-3.71,-1.53,False
2021-10-02,US1SCCR0022,5,3.88,1.12,1.34,False
2021-10-02,US1SCCR0026,0,3.67,-3.67,-1.5,False
2021-10-02,US1SCCR0030,41,10.03,30.97,19.08,True
2021-10-02,US1SCCR0032,0,5.48,-5.48,-2.58,False
2021-10-02,US1SCCR0033,0,2.1,-2.1,-0.57,False
2021-10-02,US1SCCR0034,8,8.26,-0.26,0.52,False
2021-10-02,US1SCCR0042,0,4.14,-4.14,-1.78,False
2021-10-02,US1SCCR0049,0,5.57,-5.57,-2.64,False
2021-10-02,US1SCCR0057,0,4.71,-4.71,-2.12,False
2021-10-02,US1SCCR0069,0,3.17,-3.17,-1.21,False
2021-10-02,US1SCCR0074,0,4.08,-4.08,-1.75,False
2021-10-02,US1SCCR0078,0,4.51,-4.51,-2.01,False
2021-10-02,US1SCCR0089,0,3.73,-3.73,-1.54,False
2021-10-02,US1SCCR0092,0,5.79,-5.79,-2.77,False
2021-10-02,US1SCCR0096,0,3.84,-3.84,-1.61,False
2021-10-02,US1SCCR0097,0,4.63,-4.63,-2.07,False
2021-10-02,US1SCCR0098,0,4.95,-4.95,-2.27,False
2021-10-02,US1SCCR0099,0,2.76,-2.76,-0.97,False
2021-10-02,US1SCCR0105,0,5.41,-5.41,-2.54,False
2021-10-02,US1SCCR0112,0,3.13,-3.13,-1.18,False
2021-10-02,US1SCCR0113,0,3.8,-3.8,-1.58,False
2021-10-02,US1SCCR0115,0,4.76,-4.76,-2.15,False
2021-10-02,US1SCCR0116,0,3.68,-3.68,-1.51,False
2021-10-02,US1SCCR0123,8,4.03,3.97,3.04,False
2021-10-02,US1SCCR0131,3,2.63,0.37,0.9,False
2021-10-02,US1SCCR0138,0,3.87,-3.87,-1.62,False
2021-10-02,US1SCCR0142,0,4.85,-4.85,-2.21,False
2021-10-02,US1SCCR0144,0,2.77,-2.77,-0.97,False
2021-10-02,US1SCCR0146,0,3.03,-3.03,-1.13,False
2021-10-02,US1SCCR0148,0,3.18,-3.18,-1.21,False
2021-10-02,US1SCCR0149,0,10.1,-10.1,-5.32,True
2021-10-02,US1SCCR0151,8,4.7,3.3,2.63,False
2021-10-02,US1SCCR0153,0,5.14,-5.14,-2.38,False
2021-10-02,US1SCCR0154,0,4.71,-4.71,-2.13,False
2021-10-02,US1SCCR0155,0,5.52,-5.52,-2.61,False
2021-10-02,US1SCCR0161,0,3.26,-3.26,-1.26,False
2021-10-02,US1SCCR0162,0,5.56,-5.56,-2.63,False
2021-10-02,US1SCCR0164,0,5.13,-5.13,-2.38,False
2021-10-02,US1SCCR0166,0,3.93,-3.93,-1.66,False
2021-10-02,US1SCCR0178,0,3.65,-3.65,-1.49,False
2021-10-02,US1SCCR0183,8,3.64,4.36,3.27,False
2021-10-02,US1SCCR0187,0,4.44,-4.44,-1.96,False
2021-10-02,US1SCCR0189,5,4.33,0.67,1.07,False
2021-10-02,US1SCCR0192,0,2.94,-2.94,-1.07,False
2021-10-02,US1SCCR0194,0,3.8,-3.8,-1.59,False
2021-10-02,US1SCCR0197,0,2.82,-2.82,-1.0,False
2021-10-02,US1SCCR0199,0,4.74,-4.74,-2.14,False
2021-10-02,US1SCCR0204,0,2.63,-2.63,-0.89,False
2021-10-02,US1SCCR0205,0,4.85,-4.85,-2.21,False
2021-10-02,US1SCCR0210,10,3.48,6.52,4.55,True
2021-10-02,US1SCCR0212,0,4.74,-4.74,-2.14,False
2021-10-02,US1SCCR0214,0,5.14,-5.14,-2.38,False
2021-10-02,US1SCCR0217,0,4.29,-4.29,-1.87,False
2021-10-02,US1SCCR0218,0,4.32,-4.32,-1.89,False
2021-10-02,US1SCCR0225,0,2.97,-2.97,-1.09,False
2021-10-02,US1SCCR0226,0,4.46,-4.46,-1.98,False
2021-10-02,US1SCCR0227,0,5.35,-5.35,-2.5,False
2021-10-02,US1SCCR0228,0,4.16,-4.16,-1.79,False
2021-10-02,US1SCCR0229,0,3.42,-3.42,-1.36,False
2021-10-02,US1SCCR0231,0,5.65,-5.65,-2.68,False
2021-10-02,US1SCCR0232,0,3.73,-3.73,-1.54,False
2021-10-02,US1SCCR0238,0,4.75,-4.75,-2.15,False
2021-10-02,US1SCCR0241,0,5.14,-5.14,-2.38,False
2021-10-02,US1SCCR0243,0,2.57,-2.57,-0.86,False
2021-10-02,US1SCDC0003,3,8.07,-5.07,-2.34,False
2021-10-02,US1SCDC0018,0,6.41,-6.41,-3.13,False
2021-10-02,US1SCDC0036,0,6.5,-6.5,-3.19,False
2021-10-02,US1SCDC0041,5,7.8,-2.8,-0.99,False
2021-10-02,US1SCDC0042,0,6.45,-6.45,-3.16,False
2021-10-02,US1SCDC0055,5,6.31,-1.31,-0.1,False
2021-10-02,US1SCDC0056,0,5.88,-5.88,-2.82,False
2021-10-02,US1SCDC0057,0,7.02,-7.02,-3.5,False
2021-10-02,US1SCDC0062,5,5.81,-0.81,0.19,False
2021-10-02,US1SCDC0067,0,7.44,-7.44,-3.75,True
2021-10-02,US1SCDC0069,0,6.99,-6.99,-3.48,False
2021-10-02,US1SCDC0073,0,7.33,-7.33,-3.68,True
2021-10-02,US1SCDC0075,8,6.93,1.07,1.31,False
2021-10-02,US1SCDC0076,3,5.84,-2.84,-1.01,False
2021-10-02,US1SCDC0078,0,6.22,-6.22,-3.02,False
2021-10-02,US1SCDC0087,0,6.07,-6.07,-2.93,False
2021-10-02,US1SCED0002,0,0.88,-0.88,0.15,False
2021-10-02,US1SCED0013,0,0.94,-0.94,0.12,False
2021-10-02,US1SCED0016,0,0.92,-0.92,0.13,False
2021-10-02,US1SCGT0001,0,2.66,-2.66,-0.91,False
2021-10-02,US1SCGT0004,0,3.06,-3.06,-1.14,False
2021-10-02,US1SCGT0011,0,0.11,-0.11,0.61,False
2021-10-02,US1SCGT0019,0,0.12,-0.12,0.6,False
2021-10-02,US1SCGT0024,0,0.96,-0.96,0.1,False
2021-10-02,US1SCGT0033,0,2.04,-2.04,-0.54,False
2021-10-02,US1SCGT0036,0,1.96,-1.96,-0.49,False
2021-10-02,US1SCGT0046,0,0.98,-0.98,0.09,False
2021-10-02,US1SCHM0007,0,5.62,-5.62,-2.66,False
2021-10-02,US1SCHM0018,0,5.57,-5.57,-2.64,False
2021-10-02,US1SCHM0021,0,6.39,-6.39,-3.12,False
2021-10-02,US1SCHR0020,0,0.03,-0.03,0.66,False
2021-10-02,US1SCHR0027,0,0.07,-0.07,0.63,False
2021-10-02,US1SCHR0039,0,0.07,-0.07,0.63,False
2021-10-02,US1SCHR0061,0,0.05,-0.05,0.64,False
2021-10-02,US1SCHR0063,0,0.08,-0.08,0.63,False
2021-10-02,US1SCHR0064,0,0.06,-0.06,0.64,False
2021-10-02,US1SCHR0065,0,0.04,-0.04,0.65,False
2021-10-02,US1SCHR0066,0,0.08,-0.08,0.62,False
2021-10-02,US1SCHR0067,0,0.06,-0.06,0.64,False
2021-10-02,US1SCHR0073,0,0.07,-0.07,0.64,False
2021-10-02,US1SCHR0075,0,0.05,-0.05,0.65,False
2021-10-02,US1SCHR0106,0,0.03,-0.03,0.66,False
2021-10-02,US1SCHR0111,0,0.08,-0.08,0.63,False
2021-10-02,US1SCHR0119,0,0.07,-0.07,0.63,False
2021-10-02,US1SCHR0122,0,0.08,-0.08,0.63,False
2021-10-02,US1SCHR0123,0,0.04,-0.04,0.65,False
2021-10-02,US1SCHR0124,0,0.04,-0.04,0.65,False
2021-10-02,US1SCHR0125,0,0.07,-0.07,0.64,False
2021-10-02,US1SCHR0126,0,0.06,-0.06,0.64,False
2021-10-02,US1SCHR0136,0,0.05,-0.05,0.64,False
2021-10-02,US1SCHR0137,0,0.04,-0.04,0.65,False
2021-10-02,US1SCJS0003,15,8.5,6.5,4.54,True
2021-10-02,US1SCJS0009,0,5.72,-5.72,-2.72,False
2021-10-02,US1SCLX0005,0,0.24,-0.24,0.53,False
2021-10-02,US1SCLX0022,0,0.25,-0.25,0.52,False
2021-10-02,US1SCLX0031,0,0.22,-0.22,0.54,False
2021-10-02,US1SCLX0069,0,0.21,-0.21,0.55,False
2021-10-02,US1SCLX0093,0,0.34,-0.34,0.47,False
2021-10-02,US1SCLX0096,0,0.0,0.0,0.67,False
2021-10-02,US1SCLX0097,0,0.0,0.0,0.67,False
2021-10-02,US1SCLX0098,0,0.21,-0.21,0.55,False
2021-10-02,US1SCLX0122,0,0.34,-0.34,0.47,False
2021-10-02,US1SCLX0127,0,0.44,-0.44,0.41,False
2021-10-02,US1SCLX0162,0,0.0,0.0,0.67,False
2021-10-02,US1SCLX0173,0,0.0,0.0,0.67,False
2021-10-02,US1SCLX0184,0,0.25,-0.25,0.53,False
2021-10-02,US1SCLX0185,0,0.22,-0.22,0.54,False
2021-10-02,US1SCMC0008,0,0.63,-0.63,0.3,False
2021-10-02,US1SCOR0025,0,4.89,-4.89,-2.23,False
2021-10-02,US1SCOR0041,0,5.4,-5.4,-2.53,False
2021-10-02,US1SCOR0048,0,0.35,-0.35,0.47,False
2021-10-02,US1SCOR0049,0,4.87,-4.87,-2.22,False
2021-10-02,US1SCRC0030,0,0.0,0.0,0.67,False
2021-10-02,US1SCRC0042,0,0.0,0.0,0.67,False
2021-10-02,US1SCRC0122,0,0.0,0.0,0.67,False
2021-10-02,US1SCSL0002,0,0.73,-0.73,0.24,False
2021-10-02,US1SCSL0010,0,0.6,-0.6,0.32,False
2021-10-02,US1SCSM0010,0,0.29,-0.29,0.5,False
2021-10-02,US1SCSM0013,0,0.29,-0.29,0.5,False
2021-10-02,US1SCSM0020,0,0.61,-0.61,0.31,False
2021-10-02,US1SCSM0026,0,0.5,-0.5,0.38,False
2021-10-02,US1SCSM0030,0,0.42,-0.42,0.42,False
2021-10-02,US1SCSM0041,0,0.51,-0.51,0.37,False
2021-10-02,US1SCWL0002,0,3.78,-3.78,-1.57,False
2021-10-02,USC00080236,0,5.07,-5.07,-2.34,False
2021-10-02,USC00080369,0,6.24,-6.24,-3.04,False
2021-10-02,USC00080478,0,1.76,-1.76,-0.37,False
2021-10-02,USC00080737,0,79.74,-79.74,-46.7,True
2021-10-02,USC00080945,0,2.44,-2.44,-0.77,False
2021-10-02,USC00081641,0,2.31,-2.31,-0.7,False
2021-10-02,USC00082008,0,0.13,-0.13,0.6,False
2021-10-02,USC00082150,0,4.59,-4.59,-2.06,False
2021-10-02,USC00082298,0,53.74,-53.74,-31.26,True
2021-10-02,USC00083153,0,2.63,-2.63,-0.89,False
2021-10-02,USC00083163,127,120.45,6.55,4.56,True
2021-10-02,USC00083168,13,126.02,-113.02,-66.48,True
2021-10-02,USC00083207,3,42.61,-39.61,-22.86,True
2021-10-02,USC00083874,0,1.48,-1.48,-0.21,False
2021-10-02,USC00084050,51,118.2,-67.2,-39.25,True
2021-10-02,USC00084289,0,0.37,-0.37,0.45,False
2021-10-02,USC00084366,0,3.88,-3.88,-1.63,False
2021-10-02,USC00084500,0,16.24,-16.24,-8.97,True
2021-10-02,USC00084621,0,21.09,-21.09,-11.85,True
2021-10-02,USC00084625,0,6.7,-6.7,-3.3,False
2021-10-02,USC00084731,0,0.41,-0.41,0.43,False
2021-10-02,USC00084802,0,1.35,-1.35,-0.13,False
2021-10-02,USC00085076,0,1.55,-1.55,-0.25,False
2021-10-02,USC00085099,0,1.9,-1.9,-0.45,False
2021-10-02,USC00085184,33,122.1,-89.1,-52.27,True
2021-10-02,USC00085539,0,0.91,-0.91,0.13,False
2021-10-02,USC00085612,0,25.25,-25.25,-14.33,True
2021-10-02,USC00085880,0,0.08,-0.08,0.63,False
2021-10-02,USC00086048,0,5.7,-5.7,-2.71,False
2021-10-02,USC00086065,0,1.99,-1.99,-0.51,False
2021-10-02,USC00086078,76,24.59,51.41,31.22,True
2021-10-02,USC00086092,130,39.95,90.05,54.18,True
2021-10-02,USC00086634,0,4.38,-4.38,-1.93,False
2021-10-02,USC00086761,41,30.57,10.43,6.87,True
2021-10-02,USC00086764,178,89.29,88.71,53.38,True
2021-10-02,USC00087025,0,1.02,-1.02,0.07,False
2021-10-02,USC00087205,0,1.4,-1.4,-0.16,False
2021-10-02,USC00087228,0,3.0,-3.0,-1.11,False
2021-10-02,USC00087261,0,10.19,-10.19,-5.38,True
2021-10-02,USC00087304,122,109.95,12.05,7.83,True
2021-10-02,USC00087397,0,1.78,-1.78,-0.38,False
2021-10-02,USC00087851,0,0.83,-0.83,0.18,False
2021-10-02,USC00087982,0,4.61,-4.61,-2.07,False
2021-10-02,USC00088051,0,10.6,-10.6,-5.63,True
2021-10-02,USC00088368,0,106.08,-106.08,-62.36,True
2021-10-02,USC00088620,0,81.67,-81.67,-47.85,True
2021-10-02,USC00088782,0,1.43,-1.43,-0.17,False
2021-10-02,USC00088824,0,0.68,-0.68,0.27,False
2021-10-02,USC00088942,0,11.4,-11.4,-6.1,True
2021-10-02,USC00089120,0,0.03,-0.03,0.65,False
2021-10-02,USC00089176,0,1.41,-1.41,-0.17,False
2021-10-02,USC00089219,0,32.22,-32.22,-18.47,True
2021-10-02,USC00089401,0,2.73,-2.73,-0.95,False
2021-10-02,USC00090311,0,1.53,-1.53,-0.24,False
2021-10-02,USC00091266,89,6.37,82.63,49.77,True
2021-10-02,USC00092266,41,0.0,41.0,25.04,True
2021-10-02,USC00092361,0,5.3,-5.3,-2.48,False
2021-10-02,USC00092844,0,0.0,0.0,0.67,False
2021-10-02,USC00092966,0,0.72,-0.72,0.25,False
2021-10-02,USC00093538,0,1.91,-1.91,-0.46,False
2021-10-02,USC00093754,0,3.34,-3.34,-1.31,False
2021-10-02,USC00094170,0,1.28,-1.28,-0.09,False
2021-10-02,USC00094862,0,2.75,-2.75,-0.96,False
2021-10-02,USC00095204,0,0.95,-0.95,0.11,False
2021-10-02,USC00095205,0,0.98,-0.98,0.09,False
2021-10-02,USC00095314,0,2.36,-2.36,-0.73,False
2021-10-02,USC00095863,0,2.72,-2.72,-0.94,False
2021-10-02,USC00095988,0,0.0,0.0,0.67,False
2021-10-02,USC00096087,0,0.48,-0.48,0.39,False
2021-10-02,USC00096126,0,2.69,-2.69,-0.93,False
2021-10-02,USC00097528,0,6.73,-6.73,-3.33,False
2021-10-02,USC00097777,0,0.86,-0.86,0.16,False
2021-10-02,USC00097808,0,0.31,-0.31,0.49,False
2021-10-02,USC00098677,0,1.04,-1.04,0.06,False
2021-10-02,USC00098703,0,1.0,-1.0,0.08,False
2021-10-02,USC00099124,0,0.31,-0.31,0.49,False
2021-10-02,USC00099194,0,2.18,-2.18,-0.62,False
2021-10-02,USC00380184,0,3.62,-3.62,-1.48,False
2021-10-02,USC00380448,0,5.62,-5.62,-2.67,False
2021-10-02,USC00380490,0,4.08,-4.08,-1.75,False
2021-10-02,USC00380506,0,0.43,-0.43,0.42,False
2021-10-02,USC00381093,3,0.58,2.42,2.11,False
2021-10-02,USC00381241,0,4.34,-4.34,-1.9,False
2021-10-02,USC00381726,0,1.89,-1.89,-0.45,False
2021-10-02,USC00381944,0,0.0,0.0,0.67,False
2021-10-02,USC00383470,0,3.03,-3.03,-1.13,False
2021-10-02,USC00384205,0,6.1,-6.1,-2.95,False
2021-10-02,USC00384449,0,4.35,-4.35,-1.91,False
2021-10-02,USC00384607,0,0.86,-0.86,0.17,False
2021-10-02,USC00385493,0,3.25,-3.25,-1.26,False
2021-10-02,USC00385660,0,0.63,-0.63,0.3,False
2021-10-02,USC00385946,0,7.24,-7.24,-3.63,True
2021-10-02,USC00386153,0,0.06,-0.06,0.64,False
2021-10-02,USC00386527,0,4.52,-4.52,-2.01,False
2021-10-02,USC00386775,0,0.31,-0.31,0.49,False
2021-10-02,USC00387631,0,0.66,-0.66,0.28,False
2021-10-02,USC00388405,0,3.74,-3.74,-1.55,False
2021-10-02,USC00388426,0,6.15,-6.15,-2.98,False
2021-10-02,USC00388440,0,0.66,-0.66,0.28,False
2021-10-02,USC00388474,0,0.05,-0.05,0.65,False
2021-10-02,USC00388879,0,0.26,-0.26,0.52,False
2021-10-02,USC00388922,8,10.79,-2.79,-0.99,False
2021-10-02,USC00389469,157,11.22,145.78,87.3,True
2021-10-02,USW00003728,2,3.43,-1.43,-0.17,False
2021-10-02,USW00003813,0,0.43,-0.43,0.42,False
2021-10-02,USW00003820,0,1.55,-1.55,-0.24,False
2021-10-02,USW00003822,0,4.53,-4.53,-2.01,False
2021-10-02,USW00003853,0,1.97,-1.97,-0.49,False
2021-10-02,USW00012812,0,1.79,-1.79,-0.39,False
2021-10-02,USW00012815,0,8.1,-8.1,-4.14,True
2021-10-02,USW00012816,3,0.09,2.91,2.4,False
2021-10-02,USW00012818,0,0.13,-0.13,0.6,False
2021-10-02,USW00012819,3,1.45,1.55,1.59,False
2021-10-02,USW00012833,0,0.13,-0.13,0.6,False
2021-10-02,USW00012834,0,4.79,-4.79,-2.17,False
2021-10-02,USW00012835,0,4.06,-4.06,-1.74,False
2021-10-02,USW00012838,0,27.83,-27.83,-15.86,True
2021-10-02,USW00012841,0,7.48,-7.48,-3.77,True
2021-10-02,USW00012842,0,0.88,-0.88,0.15,False
2021-10-02,USW00012843,0,33.2,-33.2,-19.05,True
2021-10-02,USW00012844,30,99.09,-69.09,-40.38,True
2021-10-02,USW00012849,0,127.53,-127.53,-75.1,True
2021-10-02,USW00012854,0,5.44,-5.44,-2.56,False
2021-10-02,USW00012861,0,0.17,-0.17,0.58,False
2021-10-02,USW00012871,0,2.04,-2.04,-0.54,False
2021-10-02,USW00012873,0,0.91,-0.91,0.13,False
2021-10-02,USW00012876,0,1.63,-1.63,-0.29,False
2021-10-02,USW00012883,0,1.37,-1.37,-0.14,False
2021-10-02,USW00012885,0,151.19,-151.19,-89.16,True
2021-10-02,USW00012894,0,6.81,-6.81,-3.37,False
2021-10-02,USW00012895,33,39.58,-6.58,-3.24,False
2021-10-02,USW00012897,0,34.06,-34.06,-19.57,True
2021-10-02,USW00013782,5,3.61,1.39,1.5,False
2021-10-02,USW00013837,0,3.1,-3.1,-1.17,False
2021-10-02,USW00013870,0,0.09,-0.09,0.62,False
2021-10-02,USW00013873,0,0.0,0.0,0.67,False
2021-10-02,USW00013878,0,0.31,-0.31,0.49,False
2021-10-02,USW00013880,0,6.03,-6.03,-2.91,False
2021-10-02,USW00013883,0,0.0,0.0,0.67,False
2021-10-02,USW00013889,0,0.41,-0.41,0.43,False
2021-10-02,USW00053854,0,4.62,-4.62,-2.07,False
2021-10-02,USW00053860,0,1.34,-1.34,-0.12,False
2021-10-02,USW00053867,0,0.0,0.0,0.67,False
2021-10-02,USW00063803,0,0.0,0.0,0.67,False
2021-10-02,USW00063826,0,3.06,-3.06,-1.14,False
2021-10-02,USW00063850,0,0.0,0.0,0.67,False
2021-10-02,USW00063856,0,0.76,-0.76,0.22,False
2021-10-02,USW00063890,0,0.57,-0.57,0.33,False
2021-10-02,USW00092805,0,161.99,-161.99,-95.58,True
2021-10-02,USW00092806,0,1.06,-1.06,0.05,False
2021-10-02,USW00092814,0,1.27,-1.27,-0.08,False
2021-10-02,USW00092821,9,13.43,-4.43,-1.96,False
2021-10-02,USW00092827,0,5.59,-5.59,-2.65,False
2021-10-02,USW00093718,0,0.05,-0.05,0.64,False
2021-10-02,USW00093831,0,9.22,-9.22,-4.8,True
2021-10-02,USW00093837,0,0.8,-0.8,0.2,False
2021-10-02,USW00093845,0,1.07,-1.07,0.04,False
2021-10-03,US1FLAL0002,0,6.93,-6.93,-2.54,False
2021-10-03,US1FLAL0004,0,5.14,-5.14,-1.73,False
2021-10-03,US1FLAL0007,0,5.74,-5.74,-2.0,False
2021-10-03,US1FLAL0010,0,4.38,-4.38,-1.38,False
2021-10-03,US1FLAL0017,0,3.79,-3.79,-1.12,False
2021-10-03,US1FLAL0026,0,4.75,-4.75,-1.55,False
2021-10-03,US1FLAL0031,15,7.01,7.99,4.24,True
2021-10-03,US1FLAL0048,0,6.31,-6.31,-2.26,False
2021-10-03,US1FLAL0050,0,4.6,-4.6,-1.48,False
2021-10-03,US1FLAL0051,0,8.52,-8.52,-3.27,False
2021-10-03,US1FLAL0054,53,4.82,48.18,22.5,True
2021-10-03,US1FLAL0055,46,4.09,41.91,19.65,True
2021-10-03,US1FLAL0058,0,5.22,-5.22,-1.77,False
2021-10-03,US1FLAL0063,0,3.4,-3.4,-0.94,False
2021-10-03,US1FLAL0071,15,10.24,4.76,2.77,False
2021-10-03,US1FLAL0072,3,4.29,-1.29,0.02,False
2021-10-03,US1FLAL0075,0,4.39,-4.39,-1.39,False
2021-10-03,US1FLAL0079,0,4.95,-4.95,-1.64,False
2021-10-03,US1FLAL0080,10,8.96,1.04,1.08,False
2021-10-03,US1FLAL0081,0,5.32,-5.32,-1.81,False
2021-10-03,US1FLAL0096,0,5.01,-5.01,-1.67,False
2021-10-03,US1FLAL0097,0,3.38,-3.38,-0.93,False
2021-10-03,US1FLBK0005,0,2.62,-2.62,-0.58,False
2021-10-03,US1FLBK0007,0,2.57,-2.57,-0.56,False
2021-10-03,US1FLBV0001,0,0.23,-0.23,0.5,False
2021-10-03,US1FLBV0002,0,1.95,-1.95,-0.28,False
2021-10-03,US1FLBV0005,0,0.57,-0.57,0.35,False
2021-10-03,US1FLBV0006,0,1.0,-1.0,0.15,False
2021-10-03,US1FLBV0012,0,7.05,-7.05,-2.6,False
2021-10-03,US1FLBV0013,0,4.94,-4.94,-1.64,False
2021-10-03,US1FLBV0020,0,3.01,-3.01,-0.76,False
2021-10-03,US1FLBV0023,0,8.3,-8.3,-3.17,False
2021-10-03,US1FLBV0028,0,0.42,-0.42,0.42,False
2021-10-03,US1FLBV0036,0,10.19,-10.19,-4.02,True
2021-10-03,US1FLBV0052,0,0.71,-0.71,0.28,False
2021-10-03,US1FLBV0054,0,6.41,-6.41,-2.31,False
2021-10-03,US1FLBV0059,0,0.23,-0.23,0.5,False
2021-10-03,US1FLBV0063,0,1.31,-1.31,0.01,False
2021-10-03,US1FLBV0067,0,0.24,-0.24,0.5,False
2021-10-03,US1FLBV0072,0,0.34,-0.34,0.45,False
2021-10-03,US1FLBV0078,0,9.87,-9.87,-3.88,True
2021-10-03,US1FLBV0089,0,0.64,-0.64,0.32,False
2021-10-03,US1FLBV0092,0,1.55,-1.55,-0.1,False
2021-10-03,US1FLBV0095,0,9.32,-9.32,-3.63,True
2021-10-03,US1FLBV0102,0,0.39,-0.39,0.43,False
2021-10-03,US1FLBV0103,0,0.4,-0.4,0.43,False
2021-10-03,US1FLBV0107,0,0.75,-0.75,0.27,False
2021-10-03,US1FLBV0109,0,1.53,-1.53,-0.09,False
2021-10-03,US1FLBV0110,0,0.42,-0.42,0.42,False
2021-10-03,US1FLBV0111,0,1.44,-1.44,-0.05,False
2021-10-03,US1FLBV0113,0,0.64,-0.64,0.32,False
2021-10-03,US1FLBV0114,0,0.45,-0.45,0.4,False
2021-10-03,US1FLBV0118,0,0.43,-0.43,0.41,False
2021-10-03,US1FLBV0123,0,0.44,-0.44,0.41,False
2021-10-03,US1FLBV0125,0,0.42,-0.42,0.41,False
2021-10-03,US1FLBW0007,0,3.06,-3.06,-0.78,False
2021-10-03,US1FLBW0016,0,6.04,-6.04,-2.14,False
2021-10-03,US1FLBW0026,0,2.72,-2.72,-0.63,False
2021-10-03,US1FLBW0076,0,6.84,-6.84,-2.5,False
2021-10-03,US1FLBW0079,0,4.28,-4.28,-1.34,False
2021-10-03,US1FLBW0099,8,10.21,-2.21,-0.4,False
2021-10-03,US1FLBW0110,5,7.26,-2.26,-0.42,False
2021-10-03,US1FLBW0121,3,2.58,0.42,0.8,False
2021-10-03,US1FLBW0137,0,3.21,-3.21,-0.85,False
2021-10-03,US1FLBW0148,0,5.87,-5.87,-2.06,False
2021-10-03,US1FLBW0151,5,23.12,-18.12,-7.63,True
2021-10-03,US1FLBW0155,51,6.64,44.36,20.76,True
2021-10-03,US1FLBW0159,0,4.72,-4.72,-1.54,False
2021-10-03,US1FLBW0160,86,4.63,81.37,37.58,True
2021-10-03,US1FLBW0161,10,10.22,-0.22,0.51,False
2021-10-03,US1FLBW0162,5,3.09,1.91,1.47,False
2021-10-03,US1FLBW0165,0,4.19,-4.19,-1.3,False
2021-10-03,US1FLBW0166,3,9.98,-6.98,-2.56,False
2021-10-03,US1FLBW0167,0,2.71,-2.71,-0.62,False
2021-10-03,US1FLCB0010,0,11.79,-11.79,-4.75,True
2021-10-03,US1FLCB0012,0,2.54,-2.54,-0.55,False
2021-10-03,US1FLCB0019,0,2.47,-2.47,-0.52,False
2021-10-03,US1FLCB0024,0,3.56,-3.56,-1.01,False
2021-10-03,US1FLCB0025,0,2.04,-2.04,-0.32,False
2021-10-03,US1FLCB0026,0,3.25,-3.25,-0.87,False
2021-10-03,US1FLCH0013,0,0.0,0.0,0.61,False
2021-10-03,US1FLCH0017,0,0.18,-0.18,0.52,False
2021-10-03,US1FLCH0019,0,0.18,-0.18,0.52,False
2021-10-03,US1FLCH0023,0,0.18,-0.18,0.52,False
2021-10-03,US1FLCH0029,0,0.46,-0.46,0.4,False
2021-10-03,US1FLCH0034,0,0.0,0.0,0.61,False
2021-10-03,US1FLCH0035,0,0.0,0.0,0.61,False
2021-10-03,US1FLCH0036,0,0.0,0.0,0.61,False
2021-10-03,US1FLCH0038,0,0.0,0.0,0.61,False
2021-10-03,US1FLCH0039,0,0.0,0.0,0.61,False
2021-10-03,US1FLCH0040,0,0.0,0.0,0.61,False
2021-10-03,US1FLCR0012,5,13.74,-8.74,-3.36,False
2021-10-03,US1FLCR0013,0,6.89,-6.89,-2.53,False
2021-10-03,US1FLCR0052,0,3.51,-3.51,-0.99,False
2021-10-03,US1FLCR0053,0,3.87,-3.87,-1.15,False
2021-10-03,US1FLCR0057,0,3.38,-3.38,-0.93,False
2021-10-03,US1FLCR0059,0,6.7,-6.7,-2.44,False
2021-10-03,US1FLCR0062,58,8.09,49.91,23.28,True
2021-10-03,US1FLCT0008,0,5.9,-5.9,-2.07,False
2021-10-03,US1FLCT0011,0,7.01,-7.01,-2.58,False
2021-10-03,US1FLCT0029,0,5.39,-5.39,-1.84,False
2021-10-03,US1FLCT0030,0,4.55,-4.55,-1.46,False
2021-10-03,US1FLCT0031,0,4.49,-4.49,-1.44,False
2021-10-03,US1FLCT0034,0,6.33,-6.33,-2.27,False
2021-10-03,US1FLCT0035,0,4.09,-4.09,-1.25,False
2021-10-03,US1FLCT0036,0,8.09,-8.09,-3.07,False
2021-10-03,US1FLCT0037,0,8.15,-8.15,-3.1,False
2021-10-03,US1FLCT0038,0,4.42,-4.42,-1.4,False
2021-10-03,US1FLCT0039,0,3.9,-3.9,-1.16,False
2021-10-03,US1FLCT0041,0,6.05,-6.05,-2.14,False
2021-10-03,US1FLCT0043,0,6.48,-6.48,-2.34,False
2021-10-03,US1FLCY0001,0,8.62,-8.62,-3.31,False
2021-10-03,US1FLCY0003,0,14.83,-14.83,-6.13,True
2021-10-03,US1FLCY0007,0,13.72,-13.72,-5.63,True
2021-10-03,US1FLCY0025,0,6.52,-6.52,-2.36,False
2021-10-03,US1FLCY0037,0,9.04,-9.04,-3.5,True
2021-10-03,US1FLCY0038,0,11.35,-11.35,-4.55,True
2021-10-03,US1FLCY0039,0,7.21,-7.21,-2.67,False
2021-10-03,US1FLCY0051,0,7.63,-7.63,-2.86,False
2021-10-03,US1FLCY0054,0,11.26,-11.26,-4.51,True
2021-10-03,US1FLCY0055,0,8.07,-8.07,-3.06,False
2021-10-03,US1FLDS0003,0,0.0,0.0,0.61,False
2021-10-03,US1FLDV0003,0,4.71,-4.71,-1.54,False
2021-10-03,US1FLDV0013,0,13.18,-13.18,-5.38,True
2021-10-03,US1FLDV0021,0,17.16,-17.16,-7.19,True
2021-10-03,US1FLDV0026,0,4.01,-4.01,-1.22,False
2021-10-03,US1FLDV0028,0,8.2,-8.2,-3.12,False
2021-10-03,US1FLDV0033,0,3.58,-3.58,-1.02,False
2021-10-03,US1FLDV0042,0,5.19,-5.19,-1.75,False
2021-10-03,US1FLDV0050,0,11.61,-11.61,-4.67,True
2021-10-03,US1FLDV0059,0,8.34,-8.34,-3.18,False
2021-10-03,US1FLDV0063,0,4.05,-4.05,-1.23,False
2021-10-03,US1FLDV0069,0,5.11,-5.11,-1.72,False
2021-10-03,US1FLDV0071,0,2.39,-2.39,-0.48,False
2021-10-03,US1FLDV0079,0,10.13,-10.13,-4.0,True
2021-10-03,US1FLDV0091,0,1.48,-1.48,-0.07,False
2021-10-03,US1FLDV0098,0,12.1,-12.1,-4.89,True
2021-10-03,US1FLDV0106,0,8.5,-8.5,-3.25,False
2021-10-03,US1FLDV0117,0,9.69,-9.69,-3.79,True
2021-10-03,US1FLDV0118,0,9.29,-9.29,-3.61,True
2021-10-03,US1FLDX0003,0,3.95,-3.95,-1.19,False
2021-10-03,US1FLFL0024,104,95.67,8.33,4.39,True
2021-10-03,US1FLFL0030,5,46.48,-41.48,-18.24,True
2021-10-03,US1FLFL0032,142,103.8,38.2,17.96,True
2021-10-03,US1FLFL0033,378,117.63,260.37,118.91,True
2021-10-03,US1FLFL0035,46,87.98,-41.98,-18.47,True
2021-10-03,US1FLFL0036,320,77.49,242.51,110.8,True
2021-10-03,US1FLFL0037,10,54.17,-44.17,-19.46,True
2021-10-03,US1FLFL0038,13,68.37,-55.37,-24.55,True
2021-10-03,US1FLFL0039,409,113.65,295.35,134.81,True
2021-10-03,US1FLFL0040,76,81.79,-5.79,-2.03,False
2021-10-03,US1FLFL0043,81,69.17,11.83,5.98,True
2021-10-03,US1FLFL0047,8,46.78,-38.78,-17.01,True
2021-10-03,US1FLFL0049,203,60.9,142.1,65.17,True
2021-10-03,US1FLFL0050,56,69.67,-13.67,-5.61,True
2021-10-03,US1FLGC0003,0,6.07,-6.07,-2.15,False
2021-10-03,US1FLGC0008,0,3.85,-3.85,-1.14,False
2021-10-03,US1FLGL0007,0,0.78,-0.78,0.25,False
2021-10-03,US1FLGL0013,0,0.64,-0.64,0.32,False
2021-10-03,US1FLHB0001,0,0.97,-0.97,0.17,False
2021-10-03,US1FLHB0004,0,0.22,-0.22,0.51,False
2021-10-03,US1FLHB0005,0,0.0,0.0,0.61,False
2021-10-03,US1FLHB0010,0,0.0,0.0,0.61,False
2021-10-03,US1FLHB0017,0,0.0,0.0,0.61,False
2021-10-03,US1FLHB0027,0,0.55,-0.55,0.36,False
2021-10-03,US1FLHB0029,0,0.18,-0.18,0.52,False
2021-10-03,US1FLHB0033,0,0.26,-0.26,0.49,False
2021-10-03,US1FLHB0037,0,0.62,-0.62,0.33,False
2021-10-03,US1FLHB0040,0,0.09,-0.09,0.57,False
2021-10-03,US1FLHB0044,0,0.0,0.0,0.61,False
2021-10-03,US1FLHB0048,0,0.09,-0.09,0.56,False
2021-10-03,US1FLHB0051,0,0.45,-0.45,0.4,False
2021-10-03,US1FLHB0055,0,0.09,-0.09,0.56,False
2021-10-03,US1FLHB0060,0,0.19,-0.19,0.52,False
2021-10-03,US1FLHB0069,0,0.09,-0.09,0.57,False
2021-10-03,US1FLHB0098,0,0.0,0.0,0.61,False
2021-10-03,US1FLHB0114,0,0.09,-0.09,0.56,False
2021-10-03,US1FLHB0120,0,0.07,-0.07,0.57,False
2021-10-03,US1FLHB0130,0,0.0,0.0,0.61,False
2021-10-03,US1FLHB0136,0,0.09,-0.09,0.57,False
2021-10-03,US1FLHB0139,0,0.0,0.0,0.61,False
2021-10-03,US1FLHB0140,0,0.09,-0.09,0.57,False
2021-10-03,US1FLHB0141,0,0.07,-0.07,0.58,False
2021-10-03,US1FLHB0154,0,0.34,-0.34,0.45,False
2021-10-03,US1FLHB0156,0,0.07,-0.07,0.58,False
2021-10-03,US1FLHB0160,0,0.27,-0.27,0.49,False
2021-10-03,US1FLHB0162,0,0.21,-0.21,0.51,False
2021-10-03,US1FLHB0163,0,0.19,-0.19,0.52,False
2021-10-03,US1FLHB0166,0,0.09,-0.09,0.57,False
2021-10-03,US1FLHB0167,0,0.0,0.0,0.61,False
2021-10-03,US1FLHB0168,0,0.0,0.0,0.61,False
2021-10-03,US1FLHD0003,0,0.18,-0.18,0.52,False
2021-10-03,US1FLHL0001,0,0.02,-0.02,0.6,False
2021-10-03,US1FLHL0003,0,0.23,-0.23,0.5,False
2021-10-03,US1FLHL0012,0,0.37,-0.37,0.44,False
2021-10-03,US1FLHL0013,0,0.01,-0.01,0.6,False
2021-10-03,US1FLHL0030,0,0.01,-0.01,0.6,False
2021-10-03,US1FLHL0038,0,0.02,-0.02,0.6,False
2021-10-03,US1FLHL0043,0,0.27,-0.27,0.48,False
2021-10-03,US1FLHM0005,33,0.84,32.16,15.22,True
2021-10-03,US1FLHN0007,0,3.03,-3.03,-0.77,False
2021-10-03,US1FLHN0008,0,3.07,-3.07,-0.79,False
2021-10-03,US1FLHN0014,0,2.42,-2.42,-0.49,False
2021-10-03,US1FLHN0022,0,3.51,-3.51,-0.99,False
2021-10-03,US1FLHN0024,0,3.95,-3.95,-1.19,False
2021-10-03,US1FLHN0026,0,2.31,-2.31,-0.44,False
2021-10-03,US1FLHN0035,0,2.18,-2.18,-0.39,False
2021-10-03,US1FLHN0039,0,3.47,-3.47,-0.97,False
2021-10-03,US1FLHN0040,0,3.03,-3.03,-0.77,False
2021-10-03,US1FLHN0043,0,3.96,-3.96,-1.19,False
2021-10-03,US1FLHY0003,0,0.82,-0.82,0.23,False
2021-10-03,US1FLHY0008,0,0.77,-0.77,0.26,False
2021-10-03,US1FLHY0011,0,0.81,-0.81,0.24,False
2021-10-03,US1FLHY0012,0,2.86,-2.86,-0.69,False
2021-10-03,US1FLIR0006,0,0.34,-0.34,0.45,False
2021-10-03,US1FLIR0019,0,0.54,-0.54,0.36,False
2021-10-03,US1FLIR0024,0,0.34,-0.34,0.45,False
2021-10-03,US1FLIR0026,0,0.55,-0.55,0.36,False
2021-10-03,US1FLIR0027,0,0.52,-0.52,0.37,False
2021-10-03,US1FLIR0036,0,0.47,-0.47,0.4,False
2021-10-03,US1FLIR0041,0,0.52,-0.52,0.37,False
2021-10-03,US1FLIR0048,0,0.49,-0.49,0.38,False
2021-10-03,US1FLIR0050,0,0.37,-0.37,0.44,False
2021-10-03,US1FLIR0051,3,0.37,2.63,1.8,False
2021-10-03,US1FLJF0007,0,2.49,-2.49,-0.53,False
2021-10-03,US1FLJF0009,0,1.5,-1.5,-0.07,False
2021-10-03,US1FLJF0010,0,2.72,-2.72,-0.63,False
2021-10-03,US1FLLE0006,0,1.28,-1.28,0.02,False
2021-10-03,US1FLLE0022,0,1.83,-1.83,-0.23,False
2021-10-03,US1FLLE0037,0,0.94,-0.94,0.18,False
2021-10-03,US1FLLE0055,0,0.94,-0.94,0.18,False
2021-10-03,US1FLLE0057,0,1.37,-1.37,-0.01,False
2021-10-03,US1FLLE0059,0,0.96,-0.96,0.17,False
2021-10-03,US1FLLE0065,0,1.53,-1.53,-0.09,False
2021-10-03,US1FLLE0068,0,1.82,-1.82,-0.22,False
2021-10-03,US1FLLE0072,0,0.9,-0.9,0.2,False
2021-10-03,US1FLLK0003,0,8.9,-8.9,-3.44,False
2021-10-03,US1FLLK0016,0,16.35,-16.35,-6.82,True
2021-10-03,US1FLLK0021,0,19.65,-19.65,-8.32,True
2021-10-03,US1FLLK0022,0,23.85,-23.85,-10.23,True
2021-10-03,US1FLLK0023,0,21.39,-21.39,-9.11,True
2021-10-03,US1FLLK0028,18,14.27,3.73,2.3,False
2021-10-03,US1FLLK0030,0,15.02,-15.02,-6.22,True
2021-10-03,US1FLLK0031,0,13.82,-13.82,-5.67,True
2021-10-03,US1FLLK0036,0,10.21,-10.21,-4.03,True
2021-10-03,US1FLLK0043,0,19.61,-19.61,-8.3,True
2021-10-03,US1FLLK0044,0,30.61,-30.61,-13.3,True
2021-10-03,US1FLLK0045,0,26.57,-26.57,-11.47,True
2021-10-03,US1FLLV0001,20,8.34,11.66,5.91,True
2021-10-03,US1FLLV0004,0,7.3,-7.3,-2.71,False
2021-10-03,US1FLLV0014,0,7.07,-7.07,-2.61,False
2021-10-03,US1FLLV0015,15,8.53,6.47,3.55,True
2021-10-03,US1FLLV0017,18,3.37,14.63,7.25,True
2021-10-03,US1FLLV0018,36,7.28,28.72,13.66,True
2021-10-03,US1FLMA0006,0,0.0,0.0,0.61,False
2021-10-03,US1FLMA0010,0,0.0,0.0,0.61,False
2021-10-03,US1FLMA0022,0,0.0,0.0,0.61,False
2021-10-03,US1FLMA0028,0,0.0,0.0,0.61,False
2021-10-03,US1FLMA0029,0,0.0,0.0,0.61,False
2021-10-03,US1FLMA0032,0,0.0,0.0,0.61,False
2021-10-03,US1FLMA0034,0,0.0,0.0,0.61,False
2021-10-03,US1FLMA0037,0,0.0,0.0,0.61,False
2021-10-03,US1FLMA0040,0,0.0,0.0,0.61,False
2021-10-03,US1FLMA0041,0,0.0,0.0,0.61,False
2021-10-03,US1FLMA0043,0,0.0,0.0,0.61,False
2021-10-03,US1FLMA0044,0,0.0,0.0,0.61,False
2021-10-03,US1FLMR0003,188,58.96,129.04,59.24,True
2021-10-03,US1FLMR0004,28,34.83,-6.83,-2.5,False
2021-10-03,US1FLMR0012,0,12.55,-12.55,-5.09,True
2021-10-03,US1FLMR0013,0,8.27,-8.27,-3.15,False
2021-10-03,US1FLMR0018,28,23.9,4.1,2.47,False
2021-10-03,US1FLMR0032,8,26.56,-18.56,-7.83,True
2021-10-03,US1FLMR0036,0,14.34,-14.34,-5.91,True
2021-10-03,US1FLMR0042,0,8.75,-8.75,-3.37,False
2021-10-03,US1FLMR0054,0,13.58,-13.58,-5.56,True
2021-10-03,US1FLMR0056,0,9.96,-9.96,-3.92,True
2021-10-03,US1FLMR0057,0,14.46,-14.46,-5.97,True
2021-10-03,US1FLMR0059,0,10.69,-10.69,-4.25,True
2021-10-03,US1FLMR0065,0,21.94,-21.94,-9.36,True
2021-10-03,US1FLMR0066,168,64.88,103.12,47.46,True
2021-10-03,US1FLMR0068,0,18.29,-18.29,-7.7,True
2021-10-03,US1FLMR0074,0,23.31,-23.31,-9.99,True
2021-10-03,US1FLMR0079,0,9.4,-9.4,-3.66,True
2021-10-03,US1FLMT0018,0,0.93,-0.93,0.19,False
2021-10-03,US1FLMT0021,0,1.38,-1.38,-0.02,False
2021-10-03,US1FLMT0026,0,2.02,-2.02,-0.31,False
2021-10-03,US1FLMT0028,0,1.03,-1.03,0.14,False
2021-10-03,US1FLMT0031,0,1.11,-1.11,0.1,False
2021-10-03,US1FLMT0035,0,1.07,-1.07,0.12,False
2021-10-03,US1FLMT0036,0,1.02,-1.02,0.14,False
2021-10-03,US1FLMT0037,0,0.82,-0.82,0.23,False
2021-10-03,US1FLMT0039,0,1.08,-1.08,0.11,False
2021-10-03,US1FLMT0042,0,1.17,-1.17,0.08,False
2021-10-03,US1FLMT0043,0,1.56,-1.56,-0.1,False
2021-10-03,US1FLMT0045,0,0.89,-0.89,0.2,False
2021-10-03,US1FLMT0046,0,0.84,-0.84,0.23,False
2021-10-03,US1FLNS0012,0,1.66,-1.66,-0.15,False
2021-10-03,US1FLNS0014,0,2.86,-2.86,-0.69,False
2021-10-03,US1FLNS0017,0,1.46,-1.46,-0.06,False
2021-10-03,US1FLNS0021,0,1.48,-1.48,-0.06,False
2021-10-03,US1FLNS0022,0,1.41,-1.41,-0.04,False
2021-10-03,US1FLOB0002,0,0.37,-0.37,0.44,False
2021-10-03,US1FLOR0019,10,16.3,-6.3,-2.25,False
2021-10-03,US1FLOR0025,25,13.54,11.46,5.81,True
2021-10-03,US1FLOR0026,0,11.35,-11.35,-4.55,True
2021-10-03,US1FLOR0027,0,11.24,-11.24,-4.5,True
2021-10-03,US1FLOR0030,0,8.76,-8.76,-3.37,False
2021-10-03,US1FLOR0034,15,14.52,0.48,0.83,False
2021-10-03,US1FLOR0035,0,8.12,-8.12,-3.08,False
2021-10-03,US1FLOR0043,0,17.48,-17.48,-7.34,True
2021-10-03,US1FLOR0046,0,12.96,-12.96,-5.28,True
2021-10-03,US1FLOR0055,10,13.95,-3.95,-1.19,False
2021-10-03,US1FLOR0061,0,12.15,-12.15,-4.91,True
2021-10-03,US1FLOR0062,0,12.95,-12.95,-5.28,True
2021-10-03,US1FLOR0065,0,13.07,-13.07,-5.33,True
2021-10-03,US1FLOR0066,43,10.29,32.71,15.47,True
2021-10-03,US1FLOR0068,0,12.75,-12.75,-5.19,True
2021-10-03,US1FLOR0072,8,14.24,-6.24,-2.23,False
2021-10-03,US1FLOS0001,0,3.23,-3.23,-0.86,False
2021-10-03,US1FLOS0027,0,4.93,-4.93,-1.63,False
2021-10-03,US1FLOS0029,0,6.02,-6.02,-2.13,False
2021-10-03,US1FLOS0031,0,6.12,-6.12,-2.17,False
2021-10-03,US1FLOS0033,0,5.85,-5.85,-2.05,False
2021-10-03,US1FLOS0036,0,6.34,-6.34,-2.27,False
2021-10-03,US1FLPB0002,0,3.19,-3.19,-0.84,False
2021-10-03,US1FLPB0007,20,2.46,17.54,8.58,True
2021-10-03,US1FLPB0012,5,2.77,2.23,1.62,False
2021-10-03,US1FLPB0013,3,3.14,-0.14,0.54,False
2021-10-03,US1FLPB0031,5,2.59,2.41,1.7,False
2021-10-03,US1FLPB0034,0,2.62,-2.62,-0.59,False
2021-10-03,US1FLPB0037,0,3.12,-3.12,-0.81,False
2021-10-03,US1FLPB0044,0,3.51,-3.51,-0.99,False
2021-10-03,US1FLPB0061,0,3.86,-3.86,-1.15,False
2021-10-03,US1FLPB0072,0,3.32,-3.32,-0.9,False
2021-10-03,US1FLPB0077,0,3.33,-3.33,-0.91,False
2021-10-03,US1FLPB0080,0,3.85,-3.85,-1.14,False
2021-10-03,US1FLPB0081,0,2.92,-2.92,-0.72,False
2021-10-03,US1FLPB0087,0,3.02,-3.02,-0.76,False
2021-10-03,US1FLPB0098,0,3.19,-3.19,-0.84,False
2021-10-03,US1FLPK0018,0,0.57,-0.57,0.35,False
2021-10-03,US1FLPK0032,0,1.26,-1.26,0.03,False
2021-10-03,US1FLPK0034,0,0.48,-0.48,0.39,False
2021-10-03,US1FLPK0035,0,0.73,-0.73,0.28,False
2021-10-03,US1FLPK0039,0,0.74,-0.74,0.27,False
2021-10-03,US1FLPK0067,0,4.2,-4.2,-1.3,False
2021-10-03,US1FLPK0073,0,0.47,-0.47,0.39,False
2021-10-03,US1FLPK0076,0,1.84,-1.84,-0.23,False
2021-10-03,US1FLPK0078,0,4.74,-4.74,-1.55,False
2021-10-03,US1FLPK0081,0,1.49,-1.49,-0.07,False
2021-10-03,US1FLPK0083,0,0.76,-0.76,0.26,False
2021-10-03,US1FLPK0084,0,0.62,-0.62,0.32,False
2021-10-03,US1FLPN0006,0,0.0,0.0,0.61,False
2021-10-03,US1FLPN0009,0,0.0,0.0,0.61,False
2021-10-03,US1FLPN0017,0,0.0,0.0,0.61,False
2021-10-03,US1FLPN0034,0,0.0,0.0,0.61,False
2021-10-03,US1FLPN0035,0,0.0,0.0,0.61,False
2021-10-03,US1FLPN0036,0,0.0,0.0,0.61,False
2021-10-03,US1FLPN0060,0,0.0,0.0,0.61,False
2021-10-03,US1FLPN0074,0,0.0,0.0,0.61,False
2021-10-03,US1FLPN0077,0,0.0,0.0,0.61,False
2021-10-03,US1FLPN0079,0,0.0,0.0,0.61,False
2021-10-03,US1FLPN0081,0,0.0,0.0,0.61,False
2021-10-03,US1FLPN0083,0,0.0,0.0,0.61,False
2021-10-03,US1FLPN0087,0,0.0,0.0,0.61,False
2021-10-03,US1FLPN0090,0,0.0,0.0,0.61,False
2021-10-03,US1FLPN0091,0,0.0,0.0,0.61,False
2021-10-03,US1FLPN0094,0,0.0,0.0,0.61,False
2021-10-03,US1FLPN0096,0,0.0,0.0,0.61,False
2021-10-03,US1FLPN0097,0,0.0,0.0,0.61,False
2021-10-03,US1FLPN0099,0,0.0,0.0,0.61,False
2021-10-03,US1FLPN0104,0,0.0,0.0,0.61,False
2021-10-03,US1FLPN0105,0,0.0,0.0,0.61,False
2021-10-03,US1FLPN0108,0,0.0,0.0,0.61,False
2021-10-03,US1FLPN0111,0,0.0,0.0,0.61,False
2021-10-03,US1FLPS0001,0,2.47,-2.47,-0.51,False
2021-10-03,US1FLPS0004,0,0.98,-0.98,0.16,False
2021-10-03,US1FLPS0006,0,1.67,-1.67,-0.15,False
2021-10-03,US1FLPS0007,0,2.78,-2.78,-0.66,False
2021-10-03,US1FLPS0010,0,3.04,-3.04,-0.78,False
2021-10-03,US1FLPS0015,0,3.67,-3.67,-1.06,False
2021-10-03,US1FLPS0043,0,1.82,-1.82,-0.22,False
2021-10-03,US1FLPS0049,0,4.37,-4.37,-1.38,False
2021-10-03,US1FLPS0051,0,0.16,-0.16,0.53,False
2021-10-03,US1FLPS0065,0,0.19,-0.19,0.52,False
2021-10-03,US1FLPS0072,0,2.14,-2.14,-0.37,False
2021-10-03,US1FLPS0073,0,2.02,-2.02,-0.31,False
2021-10-03,US1FLPS0074,0,3.06,-3.06,-0.78,False
2021-10-03,US1FLPS0075,0,0.17,-0.17,0.53,False
2021-10-03,US1FLPT0004,0,27.48,-27.48,-11.88,True
2021-10-03,US1FLPT0007,0,27.69,-27.69,-11.97,True
2021-10-03,US1FLPT0008,0,26.31,-26.31,-11.35,True
2021-10-03,US1FLPT0012,0,17.79,-17.79,-7.48,True
2021-10-03,US1FLPT0021,0,36.24,-36.24,-15.86,True
2021-10-03,US1FLPT0024,0,31.05,-31.05,-13.5,True
2021-10-03,US1FLPT0026,0,20.37,-20.37,-8.65,True
2021-10-03,US1FLPT0027,18,21.04,-3.04,-0.78,False
2021-10-03,US1FLPT0029,0,24.49,-24.49,-10.52,True
2021-10-03,US1FLSJ0004,0,31.53,-31.53,-13.72,True
2021-10-03,US1FLSJ0016,0,20.29,-20.29,-8.61,True
2021-10-03,US1FLSJ0020,0,32.01,-32.01,-13.94,True
2021-10-03,US1FLSJ0023,0,22.82,-22.82,-9.76,True
2021-10-03,US1FLSJ0028,0,27.91,-27.91,-12.07,True
2021-10-03,US1FLSJ0030,0,8.05,-8.05,-3.05,False
2021-10-03,US1FLSJ0033,0,17.18,-17.18,-7.2,True
2021-10-03,US1FLSJ0034,0,22.55,-22.55,-9.64,True
2021-10-03,US1FLSJ0036,0,8.48,-8.48,-3.25,False
2021-10-03,US1FLSJ0039,0,17.26,-17.26,-7.24,True
2021-10-03,US1FLSL0011,0,3.39,-3.39,-0.93,False
2021-10-03,US1FLSL0013,0,3.32,-3.32,-0.9,False
2021-10-03,US1FLSL0019,5,2.21,2.79,1.88,False
2021-10-03,US1FLSL0033,13,1.38,11.62,5.89,True
2021-10-03,US1FLSL0050,3,3.2,-0.2,0.52,False
2021-10-03,US1FLSL0051,25,1.2,23.8,11.42,True
2021-10-03,US1FLSL0054,0,2.5,-2.5,-0.53,False
2021-10-03,US1FLSM0008,0,18.44,-18.44,-7.77,True
2021-10-03,US1FLSM0018,0,24.01,-24.01,-10.3,True
2021-10-03,US1FLSM0026,5,17.81,-12.81,-5.21,True
2021-10-03,US1FLSM0030,0,19.05,-19.05,-8.05,True
2021-10-03,US1FLSM0034,8,20.13,-12.13,-4.9,True
2021-10-03,US1FLSM0035,3,17.9,-14.9,-6.16,True
2021-10-03,US1FLSM0037,0,17.42,-17.42,-7.31,True
2021-10-03,US1FLSM0038,15,16.55,-1.55,-0.1,False
2021-10-03,US1FLSM0039,0,21.3,-21.3,-9.07,True
2021-10-03,US1FLSS0014,0,0.0,0.0,0.61,False
2021-10-03,US1FLSS0015,0,0.0,0.0,0.61,False
2021-10-03,US1FLSS0022,0,0.0,0.0,0.61,False
2021-10-03,US1FLSS0034,0,0.0,0.0,0.61,False
2021-10-03,US1FLSS0040,0,0.0,0.0,0.61,False
2021-10-03,US1FLSS0052,0,0.0,0.0,0.61,False
2021-10-03,US1FLSS0056,0,0.0,0.0,0.61,False
2021-10-03,US1FLSS0059,0,0.0,0.0,0.61,False
2021-10-03,US1FLSS0063,0,0.0,0.0,0.61,False
2021-10-03,US1FLSS0071,0,0.0,0.0,0.61,False
2021-10-03,US1FLSS0073,0,0.0,0.0,0.61,False
2021-10-03,US1FLSS0075,0,0.0,0.0,0.61,False
2021-10-03,US1FLSS0079,0,0.0,0.0,0.61,False
2021-10-03,US1FLSS0080,0,0.0,0.0,0.61,False
2021-10-03,US1FLST0007,114,24.42,89.58,41.31,True
2021-10-03,US1FLST0008,56,34.71,21.29,10.28,True
2021-10-03,US1FLST0009,0,14.4,-14.4,-5.94,True
2021-10-03,US1FLST0012,0,15.14,-15.14,-6.27,True
2021-10-03,US1FLST0026,0,18.98,-18.98,-8.02,True
2021-10-03,US1FLST0032,18,32.13,-14.13,-5.81,True
2021-10-03,US1FLST0035,10,25.99,-15.99,-6.66,True
2021-10-03,US1FLST0037,5,13.77,-8.77,-3.38,False
2021-10-03,US1FLSW0001,0,1.66,-1.66,-0.15,False
2021-10-03,US1FLSW0008,0,2.69,-2.69,-0.62,False
2021-10-03,US1FLSW0011,0,2.94,-2.94,-0.73,False
2021-10-03,US1FLSW0014,0,2.96,-2.96,-0.74,False
2021-10-03,US1FLVL0001,30,48.72,-18.72,-7.9,True
2021-10-03,US1FLVL0003,56,47.83,8.17,4.32,True
2021-10-03,US1FLVL0005,99,65.33,33.67,15.9,True
2021-10-03,US1FLVL0009,66,43.24,22.76,10.95,True
2021-10-03,US1FLVL0024,0,45.66,-45.66,-20.14,True
2021-10-03,US1FLVL0029,10,52.15,-42.15,-18.55,True
2021-10-03,US1FLVL0030,56,47.51,8.49,4.47,True
2021-10-03,US1FLVL0038,28,36.75,-8.75,-3.37,False
2021-10-03,US1FLVL0040,61,48.77,12.23,6.17,True
2021-10-03,US1FLVL0042,86,56.12,29.88,14.18,True
2021-10-03,US1FLVL0044,48,51.09,-3.09,-0.8,False
2021-10-03,US1FLVL0051,15,30.56,-15.56,-6.46,True
2021-10-03,US1FLVL0060,46,57.28,-11.28,-4.52,True
2021-10-03,US1FLVL0061,91,86.27,4.73,2.76,False
2021-10-03,US1FLVL0062,0,46.39,-46.39,-20.47,True
2021-10-03,US1FLVL0063,152,75.76,76.24,35.25,True
2021-10-03,US1FLVL0070,99,37.44,61.56,28.58,True
2021-10-03,US1FLVL0071,84,43.94,40.06,18.81,True
2021-10-03,US1FLVL0073,5,78.07,-73.07,-32.6,True
2021-10-03,US1FLVL0075,56,50.73,5.27,3.0,False
2021-10-03,US1FLVL0077,170,42.28,127.72,58.64,True
2021-10-03,US1FLVL0081,69,92.25,-23.25,-9.96,True
2021-10-03,US1FLVL0083,20,36.03,-16.03,-6.68,True
2021-10-03,US1FLVL0084,20,33.1,-13.1,-5.35,True
2021-10-03,US1FLVL0086,53,45.97,7.03,3.8,True
2021-10-03,US1FLVL0087,0,47.52,-47.52,-20.98,True
2021-10-03,US1FLVL0089,81,48.28,32.72,15.48,True
2021-10-03,US1FLVL0090,18,32.9,-14.9,-6.16,True
2021-10-03,US1FLVL0091,69,44.43,24.57,11.77,True
2021-10-03,US1FLVL0099,107,75.34,31.66,14.99,True
2021-10-03,US1FLVL0101,28,51.24,-23.24,-9.95,True
2021-10-03,US1FLVL0103,0,34.09,-34.09,-14.88,True
2021-10-03,US1FLVL0104,262,58.26,203.74,93.18,True
2021-10-03,US1FLVL0105,0,41.27,-41.27,-18.15,True
2021-10-03,US1GAAP0006,0,0.0,0.0,0.61,False
2021-10-03,US1GAAP0007,0,0.07,-0.07,0.57,False
2021-10-03,US1GABB0016,0,1.49,-1.49,-0.07,False
2021-10-03,US1GABB0019,0,1.62,-1.62,-0.13,False
2021-10-03,US1GABD0001,0,0.74,-0.74,0.27,False
2021-10-03,US1GABD0005,0,0.95,-0.95,0.18,False
2021-10-03,US1GABK0001,0,0.0,0.0,0.61,False
2021-10-03,US1GABR0002,0,0.66,-0.66,0.3,False
2021-10-03,US1GABR0005,3,0.51,2.49,1.74,False
2021-10-03,US1GABR0009,3,0.51,2.49,1.74,False
2021-10-03,US1GABU0013,0,0.56,-0.56,0.35,False
2021-10-03,US1GABU0021,0,0.58,-0.58,0.34,False
2021-10-03,US1GABY0001,0,2.4,-2.4,-0.49,False
2021-10-03,US1GACF0001,0,0.0,0.0,0.61,False
2021-10-03,US1GACH0006,0,2.6,-2.6,-0.58,False
2021-10-03,US1GACI0003,0,1.06,-1.06,0.12,False
2021-10-03,US1GACK0006,0,1.18,-1.18,0.07,False
2021-10-03,US1GACK0010,0,1.1,-1.1,0.11,False
2021-10-03,US1GACK0011,0,1.13,-1.13,0.1,False
2021-10-03,US1GACK0012,0,1.28,-1.28,0.02,False
2021-10-03,US1GACK0017,0,0.75,-0.75,0.27,False
2021-10-03,US1GACK0027,0,0.73,-0.73,0.28,False
2021-10-03,US1GACK0030,0,1.11,-1.11,0.1,False
2021-10-03,US1GACK0038,0,1.61,-1.61,-0.12,False
2021-10-03,US1GACM0014,0,1.92,-1.92,-0.26,False
2021-10-03,US1GACM0018,0,1.99,-1.99,-0.3,False
2021-10-03,US1GACM0019,0,1.88,-1.88,-0.25,False
2021-10-03,US1GACM0020,0,1.65,-1.65,-0.14,False
2021-10-03,US1GACM0021,0,1.74,-1.74,-0.18,False
2021-10-03,US1GACO0003,0,0.34,-0.34,0.45,False
2021-10-03,US1GACQ0002,0,1.61,-1.61,-0.12,False
2021-10-03,US1GACQ0012,0,1.94,-1.94,-0.27,False
2021-10-03,US1GACQ0013,0,0.82,-0.82,0.24,False
2021-10-03,US1GACT0001,0,2.37,-2.37,-0.47,False
2021-10-03,US1GACT0003,0,0.87,-0.87,0.21,False
2021-10-03,US1GACT0017,0,2.12,-2.12,-0.36,False
2021-10-03,US1GACT0019,0,2.02,-2.02,-0.31,False
2021-10-03,US1GACT0036,0,0.51,-0.51,0.38,False
2021-10-03,US1GACT0037,0,10.1,-10.1,-3.98,True
2021-10-03,US1GACT0038,0,0.87,-0.87,0.21,False
2021-10-03,US1GACT0040,0,1.74,-1.74,-0.18,False
2021-10-03,US1GACT0055,0,1.82,-1.82,-0.22,False
2021-10-03,US1GACT0057,0,2.71,-2.71,-0.63,False
2021-10-03,US1GACT0060,0,1.45,-1.45,-0.05,False
2021-10-03,US1GACT0061,0,2.69,-2.69,-0.61,False
2021-10-03,US1GACT0064,0,4.54,-4.54,-1.46,False
2021-10-03,US1GACT0067,0,0.63,-0.63,0.32,False
2021-10-03,US1GACT0077,0,1.41,-1.41,-0.04,False
2021-10-03,US1GACT0079,0,2.94,-2.94,-0.73,False
2021-10-03,US1GACT0089,0,1.68,-1.68,-0.16,False
2021-10-03,US1GACT0098,0,1.49,-1.49,-0.07,False
2021-10-03,US1GACT0099,0,1.75,-1.75,-0.19,False
2021-10-03,US1GACU0001,0,0.07,-0.07,0.57,False
2021-10-03,US1GACU0003,0,0.11,-0.11,0.56,False
2021-10-03,US1GACU0006,0,0.07,-0.07,0.57,False
2021-10-03,US1GACU0009,0,0.16,-0.16,0.54,False
2021-10-03,US1GACU0011,0,0.13,-0.13,0.55,False
2021-10-03,US1GACU0021,0,0.09,-0.09,0.57,False
2021-10-03,US1GADG0004,0,2.07,-2.07,-0.33,False
2021-10-03,US1GADG0005,0,1.58,-1.58,-0.11,False
2021-10-03,US1GADG0009,0,1.78,-1.78,-0.2,False
2021-10-03,US1GAEF0013,0,0.72,-0.72,0.28,False
2021-10-03,US1GAEF0017,0,6.27,-6.27,-2.24,False
2021-10-03,US1GAEF0018,0,6.65,-6.65,-2.41,False
2021-10-03,US1GAEF0021,0,2.8,-2.8,-0.66,False
2021-10-03,US1GAEF0022,0,2.84,-2.84,-0.68,False
2021-10-03,US1GAEM0004,0,0.0,0.0,0.61,False
2021-10-03,US1GAEM0005,0,0.0,0.0,0.61,False
2021-10-03,US1GAEV0001,0,0.57,-0.57,0.35,False
2021-10-03,US1GAGE0005,0,1.0,-1.0,0.15,False
2021-10-03,US1GAGN0007,0,2.3,-2.3,-0.44,False
2021-10-03,US1GAGW0055,0,0.74,-0.74,0.27,False
2021-10-03,US1GAGW0065,0,0.61,-0.61,0.33,False
2021-10-03,US1GAHS0003,0,6.66,-6.66,-2.42,False
2021-10-03,US1GAHS0005,0,2.8,-2.8,-0.66,False
2021-10-03,US1GAHS0011,0,2.98,-2.98,-0.75,False
2021-10-03,US1GAHS0016,0,2.65,-2.65,-0.6,False
2021-10-03,US1GAHS0024,0,2.45,-2.45,-0.51,False
2021-10-03,US1GAHS0027,0,4.17,-4.17,-1.29,False
2021-10-03,US1GAJN0006,0,0.79,-0.79,0.25,False
2021-10-03,US1GAJN0007,0,0.85,-0.85,0.22,False
2021-10-03,US1GALB0004,0,0.6,-0.6,0.33,False
2021-10-03,US1GALB0006,0,0.62,-0.62,0.33,False
2021-10-03,US1GALB0010,0,0.66,-0.66,0.31,False
2021-10-03,US1GALB0011,0,0.51,-0.51,0.37,False
2021-10-03,US1GALR0001,0,1.65,-1.65,-0.14,False
2021-10-03,US1GALW0004,0,1.25,-1.25,0.04,False
2021-10-03,US1GALW0008,0,0.97,-0.97,0.17,False
2021-10-03,US1GALW0024,0,0.99,-0.99,0.16,False
2021-10-03,US1GAMD0005,0,0.37,-0.37,0.44,False
2021-10-03,US1GAMI0001,0,0.59,-0.59,0.34,False
2021-10-03,US1GAMI0005,0,0.58,-0.58,0.34,False
2021-10-03,US1GAMN0007,0,1.05,-1.05,0.13,False
2021-10-03,US1GAMN0010,0,1.02,-1.02,0.14,False
2021-10-03,US1GANW0001,0,0.77,-0.77,0.25,False
2021-10-03,US1GANW0007,0,0.79,-0.79,0.25,False
2021-10-03,US1GAOC0002,0,0.97,-0.97,0.17,False
2021-10-03,US1GAOC0005,0,0.92,-0.92,0.19,False
2021-10-03,US1GAOC0009,0,1.15,-1.15,0.08,False
2021-10-03,US1GAOC0012,0,0.86,-0.86,0.22,False
2021-10-03,US1GAOC0014,0,0.64,-0.64,0.32,False
2021-10-03,US1GAOC0015,0,0.85,-0.85,0.22,False
2021-10-03,US1GAOC0016,0,0.63,-0.63,0.32,False
2021-10-03,US1GAOC0018,0,2.41,-2.41,-0.49,False
2021-10-03,US1GAOG0002,20,0.48,19.52,9.48,True
2021-10-03,US1GAOG0005,0,1.14,-1.14,0.09,False
2021-10-03,US1GAOG0007,0,1.6,-1.6,-0.12,False
2021-10-03,US1GAOG0010,0,1.87,-1.87,-0.24,False
2021-10-03,US1GAOG0012,0,1.11,-1.11,0.1,False
2021-10-03,US1GAOG0015,0,1.29,-1.29,0.02,False
2021-10-03,US1GAOG0029,0,1.37,-1.37,-0.02,False
2021-10-03,US1GAPE0001,0,2.69,-2.69,-0.62,False
2021-10-03,US1GAPE0003,0,2.42,-2.42,-0.49,False
2021-10-03,US1GARC0009,0,0.07,-0.07,0.57,False
2021-10-03,US1GARC0012,0,0.08,-0.08,0.57,False
2021-10-03,US1GARC0019,0,0.0,0.0,0.61,False
2021-10-03,US1GASV0005,0,0.58,-0.58,0.34,False
2021-10-03,US1GASV0007,0,0.42,-0.42,0.42,False
2021-10-03,US1GASV0008,0,0.43,-0.43,0.41,False
2021-10-03,US1GATE0004,0,1.52,-1.52,-0.08,False
2021-10-03,US1GATF0003,0,1.43,-1.43,-0.04,False
2021-10-03,US1GATG0001,0,2.17,-2.17,-0.38,False
2021-10-03,US1GATH0002,0,0.57,-0.57,0.35,False
2021-10-03,US1GATH0004,0,0.59,-0.59,0.34,False
2021-10-03,US1GATN0004,0,0.08,-0.08,0.57,False
2021-10-03,US1GAWG0006,0,0.35,-0.35,0.45,False
2021-10-03,US1GAWL0001,0,0.76,-0.76,0.26,False
2021-10-03,US1GAWL0012,0,0.77,-0.77,0.26,False
2021-10-03,US1GAWL0022,0,0.89,-0.89,0.2,False
2021-10-03,US1GAWL0024,0,0.89,-0.89,0.2,False
2021-10-03,US1GAWN0001,0,0.53,-0.53,0.36,False
2021-10-03,US1GAWR0005,0,1.08,-1.08,0.12,False
2021-10-03,US1GAWS0001,0,0.79,-0.79,0.25,False
2021-10-03,US1GAWT0003,0,3.51,-3.51,-0.99,False
2021-10-03,US1GAWY0007,0,0.12,-0.12,0.55,False
2021-10-03,US1NCBR0001,0,0.04,-0.04,0.59,False
2021-10-03,US1NCBR0006,0,0.05,-0.05,0.59,False
2021-10-03,US1SCAK0014,0,0.0,0.0,0.61,False
2021-10-03,US1SCAK0023,0,0.0,0.0,0.61,False
2021-10-03,US1SCAK0027,0,0.0,0.0,0.61,False
2021-10-03,US1SCAK0031,0,0.0,0.0,0.61,False
2021-10-03,US1SCAK0032,0,0.0,0.0,0.61,False
2021-10-03,US1SCAK0033,0,0.0,0.0,0.61,False
2021-10-03,US1SCAK0039,0,0.08,-0.08,0.57,False
2021-10-03,US1SCAK0046,0,0.0,0.0,0.61,False
2021-10-03,US1SCAK0051,0,0.0,0.0,0.61,False
2021-10-03,US1SCAK0053,0,0.0,0.0,0.61,False
2021-10-03,US1SCAK0057,0,0.0,0.0,0.61,False
2021-10-03,US1SCAK0060,0,0.0,0.0,0.61,False
2021-10-03,US1SCAK0069,0,0.0,0.0,0.61,False
2021-10-03,US1SCAK0073,0,0.0,0.0,0.61,False
2021-10-03,US1SCAK0074,0,0.0,0.0,0.61,False
2021-10-03,US1SCAK0083,0,0.0,0.0,0.61,False
2021-10-03,US1SCAK0097,0,0.0,0.0,0.61,False
2021-10-03,US1SCAK0101,0,0.0,0.0,0.61,False
2021-10-03,US1SCAL0002,0,6.55,-6.55,-2.37,False
2021-10-03,US1SCBF0002,0,11.2,-11.2,-4.48,True
2021-10-03,US1SCBF0015,46,8.27,37.73,17.75,True
2021-10-03,US1SCBF0022,0,7.1,-7.1,-2.62,False
2021-10-03,US1SCBF0032,0,11.88,-11.88,-4.79,True
2021-10-03,US1SCBF0036,0,12.17,-12.17,-4.92,True
2021-10-03,US1SCBF0037,0,23.43,-23.43,-10.04,True
2021-10-03,US1SCBF0050,0,11.01,-11.01,-4.4,True
2021-10-03,US1SCBF0053,0,17.37,-17.37,-7.28,True
2021-10-03,US1SCBF0055,0,11.04,-11.04,-4.41,True
2021-10-03,US1SCBF0059,0,10.5,-10.5,-4.16,True
2021-10-03,US1SCBF0066,0,12.49,-12.49,-5.07,True
2021-10-03,US1SCBF0080,0,18.0,-18.0,-7.57,True
2021-10-03,US1SCBF0091,0,20.57,-20.57,-8.74,True
2021-10-03,US1SCBF0092,0,9.69,-9.69,-3.79,True
2021-10-03,US1SCBF0093,0,16.57,-16.57,-6.92,True
2021-10-03,US1SCBF0096,0,28.37,-28.37,-12.28,True
2021-10-03,US1SCBF0098,0,17.57,-17.57,-7.38,True
2021-10-03,US1SCBF0099,0,12.39,-12.39,-5.02,True
2021-10-03,US1SCBF0100,0,6.85,-6.85,-2.51,False
2021-10-03,US1SCBF0104,0,7.79,-7.79,-2.93,False
2021-10-03,US1SCBF0111,0,24.41,-24.41,-10.48,True
2021-10-03,US1SCBF0112,0,25.71,-25.71,-11.07,True
2021-10-03,US1SCBK0017,20,23.44,-3.44,-0.95,False
2021-10-03,US1SCBK0038,0,23.21,-23.21,-9.94,True
2021-10-03,US1SCBK0046,0,24.62,-24.62,-10.58,True
2021-10-03,US1SCBK0048,13,38.59,-25.59,-11.02,True
2021-10-03,US1SCBK0056,0,21.73,-21.73,-9.27,True
2021-10-03,US1SCBK0059,0,21.49,-21.49,-9.16,True
2021-10-03,US1SCBK0061,13,36.8,-23.8,-10.21,True
2021-10-03,US1SCBK0065,5,25.37,-20.37,-8.65,True
2021-10-03,US1SCBK0068,38,23.01,14.99,7.42,True
2021-10-03,US1SCBK0071,10,24.39,-14.39,-5.93,True
2021-10-03,US1SCBK0079,25,36.44,-11.44,-4.59,True
2021-10-03,US1SCBK0081,0,21.81,-21.81,-9.3,True
2021-10-03,US1SCBK0082,0,24.95,-24.95,-10.73,True
2021-10-03,US1SCBK0085,48,28.39,19.61,9.52,True
2021-10-03,US1SCBM0001,0,0.66,-0.66,0.31,False
2021-10-03,US1SCBM0006,0,11.52,-11.52,-4.63,True
2021-10-03,US1SCBW0003,0,0.0,0.0,0.61,False
2021-10-03,US1SCCA0002,0,0.0,0.0,0.61,False
2021-10-03,US1SCCA0016,0,0.13,-0.13,0.55,False
2021-10-03,US1SCCA0020,0,1.73,-1.73,-0.18,False
2021-10-03,US1SCCD0006,0,7.32,-7.32,-2.72,False
2021-10-03,US1SCCD0017,0,13.85,-13.85,-5.69,True
2021-10-03,US1SCCD0019,0,17.01,-17.01,-7.12,True
2021-10-03,US1SCCL0003,0,23.35,-23.35,-10.0,True
2021-10-03,US1SCCL0005,0,19.31,-19.31,-8.17,True
2021-10-03,US1SCCL0009,0,13.31,-13.31,-5.44,True
2021-10-03,US1SCCL0014,0,28.63,-28.63,-12.4,True
2021-10-03,US1SCCL0016,0,27.28,-27.28,-11.79,True
2021-10-03,US1SCCL0017,0,26.47,-26.47,-11.42,True
2021-10-03,US1SCCL0028,0,23.6,-23.6,-10.12,True
2021-10-03,US1SCCL0031,8,39.66,-31.66,-13.78,True
2021-10-03,US1SCCR0010,3,14.51,-11.51,-4.62,True
2021-10-03,US1SCCR0013,97,43.4,53.6,24.96,True
2021-10-03,US1SCCR0022,5,24.98,-19.98,-8.47,True
2021-10-03,US1SCCR0026,53,39.71,13.29,6.64,True
2021-10-03,US1SCCR0030,18,25.04,-7.04,-2.59,False
2021-10-03,US1SCCR0032,152,61.07,90.93,41.92,True
2021-10-03,US1SCCR0033,0,15.87,-15.87,-6.6,True
2021-10-03,US1SCCR0034,3,23.83,-20.83,-8.86,True
2021-10-03,US1SCCR0036,97,47.86,49.14,22.93,True
2021-10-03,US1SCCR0042,10,36.22,-26.22,-11.31,True
2021-10-03,US1SCCR0049,8,28.11,-20.11,-8.53,True
2021-10-03,US1SCCR0057,25,29.18,-4.18,-1.29,False
2021-10-03,US1SCCR0069,13,31.81,-18.81,-7.94,True
2021-10-03,US1SCCR0074,18,39.12,-21.12,-8.99,True
2021-10-03,US1SCCR0078,18,28.78,-10.78,-4.29,True
2021-10-03,US1SCCR0089,46,37.99,8.01,4.25,True
2021-10-03,US1SCCR0092,66,54.42,11.58,5.87,True
2021-10-03,US1SCCR0096,102,46.99,55.01,25.6,True
2021-10-03,US1SCCR0097,0,25.75,-25.75,-11.09,True
2021-10-03,US1SCCR0098,28,44.04,-16.04,-6.68,True
2021-10-03,US1SCCR0099,56,47.83,8.17,4.32,True
2021-10-03,US1SCCR0105,470,38.9,431.1,196.49,True
2021-10-03,US1SCCR0112,15,30.62,-15.62,-6.49,True
2021-10-03,US1SCCR0113,28,37.26,-9.26,-3.6,True
2021-10-03,US1SCCR0115,0,39.73,-39.73,-17.45,True
2021-10-03,US1SCCR0116,13,26.8,-13.8,-5.66,True
2021-10-03,US1SCCR0123,10,31.65,-21.65,-9.23,True
2021-10-03,US1SCCR0131,61,45.56,15.44,7.62,True
2021-10-03,US1SCCR0138,20,35.03,-15.03,-6.22,True
2021-10-03,US1SCCR0142,3,30.56,-27.56,-11.91,True
2021-10-03,US1SCCR0144,61,47.28,13.72,6.84,True
2021-10-03,US1SCCR0146,15,29.89,-14.89,-6.16,True
2021-10-03,US1SCCR0148,117,46.77,70.23,32.52,True
2021-10-03,US1SCCR0149,13,24.07,-11.07,-4.42,True
2021-10-03,US1SCCR0151,0,28.27,-28.27,-12.24,True
2021-10-03,US1SCCR0153,3,48.22,-45.22,-19.94,True
2021-10-03,US1SCCR0154,8,42.6,-34.6,-15.11,True
2021-10-03,US1SCCR0155,224,46.9,177.1,81.08,True
2021-10-03,US1SCCR0159,64,46.42,17.58,8.6,True
2021-10-03,US1SCCR0161,91,49.55,41.45,19.44,True
2021-10-03,US1SCCR0162,254,54.38,199.62,91.31,True
2021-10-03,US1SCCR0164,102,20.53,81.47,37.62,True
2021-10-03,US1SCCR0166,130,40.06,89.94,41.48,True
2021-10-03,US1SCCR0178,13,26.85,-13.85,-5.69,True
2021-10-03,US1SCCR0179,13,33.9,-20.9,-8.89,True
2021-10-03,US1SCCR0183,0,38.77,-38.77,-17.01,True
2021-10-03,US1SCCR0187,0,38.95,-38.95,-17.09,True
2021-10-03,US1SCCR0189,112,38.53,73.47,33.99,True
2021-10-03,US1SCCR0192,15,30.27,-15.27,-6.33,True
2021-10-03,US1SCCR0194,53,34.89,18.11,8.83,True
2021-10-03,US1SCCR0197,51,47.73,3.27,2.09,False
2021-10-03,US1SCCR0199,69,41.11,27.89,13.28,True
2021-10-03,US1SCCR0204,56,47.08,8.92,4.66,True
2021-10-03,US1SCCR0205,8,26.78,-18.78,-7.93,True
2021-10-03,US1SCCR0206,91,47.21,43.79,20.5,True
2021-10-03,US1SCCR0210,3,26.6,-23.6,-10.12,True
2021-10-03,US1SCCR0212,18,29.23,-11.23,-4.5,True
2021-10-03,US1SCCR0214,203,49.18,153.82,70.5,True
2021-10-03,US1SCCR0217,23,37.63,-14.63,-6.04,True
2021-10-03,US1SCCR0218,15,36.03,-21.03,-8.95,True
2021-10-03,US1SCCR0225,10,29.98,-19.98,-8.47,True
2021-10-03,US1SCCR0226,3,30.63,-27.63,-11.95,True
2021-10-03,US1SCCR0227,10,25.35,-15.35,-6.37,True
2021-10-03,US1SCCR0228,3,37.07,-34.07,-14.87,True
2021-10-03,US1SCCR0229,99,49.73,49.27,22.99,True
2021-10-03,US1SCCR0231,163,47.03,115.97,53.3,True
2021-10-03,US1SCCR0232,79,47.54,31.46,14.9,True
2021-10-03,US1SCCR0238,0,39.94,-39.94,-17.54,True
2021-10-03,US1SCCR0241,10,48.33,-38.33,-16.81,True
2021-10-03,US1SCCR0242,0,30.75,-30.75,-13.36,True
2021-10-03,US1SCCR0243,56,47.58,8.42,4.43,True
2021-10-03,US1SCDC0003,0,23.94,-23.94,-10.27,True
2021-10-03,US1SCDC0018,0,20.5,-20.5,-8.71,True
2021-10-03,US1SCDC0036,8,19.95,-11.95,-4.82,True
2021-10-03,US1SCDC0041,3,24.03,-21.03,-8.95,True
2021-10-03,US1SCDC0042,99,23.15,75.85,35.07,True
2021-10-03,US1SCDC0055,8,22.1,-14.1,-5.8,True
2021-10-03,US1SCDC0057,0,25.58,-25.58,-11.01,True
2021-10-03,US1SCDC0062,0,22.67,-22.67,-9.7,True
2021-10-03,US1SCDC0067,8,22.12,-14.12,-5.81,True
2021-10-03,US1SCDC0069,0,25.47,-25.47,-10.97,True
2021-10-03,US1SCDC0076,5,20.64,-15.64,-6.5,True
2021-10-03,US1SCDC0078,0,21.84,-21.84,-9.32,True
2021-10-03,US1SCDC0086,5,22.25,-17.25,-7.23,True
2021-10-03,US1SCDC0087,0,24.19,-24.19,-10.38,True
2021-10-03,US1SCED0002,0,0.0,0.0,0.61,False
2021-10-03,US1SCED0013,0,0.08,-0.08,0.57,False
2021-10-03,US1SCED0016,0,0.13,-0.13,0.55,False
2021-10-03,US1SCGT0001,0,11.04,-11.04,-4.41,True
2021-10-03,US1SCGT0004,0,15.74,-15.74,-6.54,True
2021-10-03,US1SCGT0011,0,0.12,-0.12,0.55,False
2021-10-03,US1SCGT0019,0,0.2,-0.2,0.52,False
2021-10-03,US1SCGT0024,0,3.35,-3.35,-0.91,False
2021-10-03,US1SCGT0036,0,7.71,-7.71,-2.9,False
2021-10-03,US1SCGT0044,0,12.83,-12.83,-5.22,True
2021-10-03,US1SCGT0046,0,3.26,-3.26,-0.87,False
2021-10-03,US1SCHM0007,0,8.45,-8.45,-3.23,False
2021-10-03,US1SCHM0018,0,8.42,-8.42,-3.22,False
2021-10-03,US1SCHR0027,0,0.08,-0.08,0.57,False
2021-10-03,US1SCHR0039,0,0.08,-0.08,0.57,False
2021-10-03,US1SCHR0061,0,0.07,-0.07,0.58,False
2021-10-03,US1SCHR0063,0,0.08,-0.08,0.57,False
2021-10-03,US1SCHR0064,0,0.07,-0.07,0.57,False
2021-10-03,US1SCHR0066,0,0.09,-0.09,0.57,False
2021-10-03,US1SCHR0067,0,0.07,-0.07,0.57,False
2021-10-03,US1SCHR0073,0,0.07,-0.07,0.57,False
2021-10-03,US1SCHR0075,0,0.06,-0.06,0.58,False
2021-10-03,US1SCHR0106,0,0.05,-0.05,0.59,False
2021-10-03,US1SCHR0111,0,0.08,-0.08,0.57,False
2021-10-03,US1SCHR0119,0,0.08,-0.08,0.57,False
2021-10-03,US1SCHR0122,0,0.08,-0.08,0.57,False
2021-10-03,US1SCHR0123,0,0.05,-0.05,0.59,False
2021-10-03,US1SCHR0124,0,0.04,-0.04,0.59,False
2021-10-03,US1SCHR0125,0,0.07,-0.07,0.57,False
2021-10-03,US1SCHR0126,0,0.05,-0.05,0.58,False
2021-10-03,US1SCHR0136,0,0.05,-0.05,0.59,False
2021-10-03,US1SCHR0137,0,0.05,-0.05,0.59,False
2021-10-03,US1SCJS0003,0,14.49,-14.49,-5.98,True
2021-10-03,US1SCJS0009,0,12.74,-12.74,-5.18,True
2021-10-03,US1SCLX0005,0,0.0,0.0,0.61,False
2021-10-03,US1SCLX0022,0,0.0,0.0,0.61,False
2021-10-03,US1SCLX0031,0,0.0,0.0,0.61,False
2021-10-03,US1SCLX0069,0,0.0,0.0,0.61,False
2021-10-03,US1SCLX0093,0,0.0,0.0,0.61,False
2021-10-03,US1SCLX0096,0,0.0,0.0,0.61,False
2021-10-03,US1SCLX0097,0,0.0,0.0,0.61,False
2021-10-03,US1SCLX0098,0,0.0,0.0,0.61,False
2021-10-03,US1SCLX0122,0,0.0,0.0,0.61,False
2021-10-03,US1SCLX0127,0,0.0,0.0,0.61,False
2021-10-03,US1SCLX0162,0,0.0,0.0,0.61,False
2021-10-03,US1SCLX0173,0,0.0,0.0,0.61,False
2021-10-03,US1SCLX0184,0,0.0,0.0,0.61,False
2021-10-03,US1SCLX0185,0,0.0,0.0,0.61,False
2021-10-03,US1SCMC0005,0,0.37,-0.37,0.44,False
2021-10-03,US1SCMC0008,0,0.19,-0.19,0.52,False
2021-10-03,US1SCOR0022,0,16.73,-16.73,-6.99,True
2021-10-03,US1SCOR0025,0,1.78,-1.78,-0.2,False
2021-10-03,US1SCOR0041,0,8.19,-8.19,-3.11,False
2021-10-03,US1SCOR0048,0,0.63,-0.63,0.32,False
2021-10-03,US1SCOR0049,0,14.47,-14.47,-5.97,True
2021-10-03,US1SCRC0030,0,0.0,0.0,0.61,False
2021-10-03,US1SCRC0042,0,0.0,0.0,0.61,False
2021-10-03,US1SCRC0122,0,0.0,0.0,0.61,False
2021-10-03,US1SCSL0002,0,0.13,-0.13,0.55,False
2021-10-03,US1SCSL0010,0,0.0,0.0,0.61,False
2021-10-03,US1SCSM0010,0,0.0,0.0,0.61,False
2021-10-03,US1SCSM0013,0,0.0,0.0,0.61,False
2021-10-03,US1SCSM0020,0,0.3,-0.3,0.47,False
2021-10-03,US1SCSM0026,0,0.0,0.0,0.61,False
2021-10-03,US1SCSM0030,0,0.0,0.0,0.61,False
2021-10-03,US1SCSM0041,0,0.1,-0.1,0.56,False
2021-10-03,US1SCWL0002,0,6.16,-6.16,-2.19,False
2021-10-03,USC00080236,0,0.22,-0.22,0.51,False
2021-10-03,USC00080369,0,0.25,-0.25,0.49,False
2021-10-03,USC00080478,0,0.64,-0.64,0.31,False
2021-10-03,USC00080737,3,4.74,-1.74,-0.18,False
2021-10-03,USC00080945,0,0.0,0.0,0.61,False
2021-10-03,USC00081641,0,8.78,-8.78,-3.38,False
2021-10-03,USC00082150,269,53.85,215.15,98.36,True
2021-10-03,USC00082298,0,2.67,-2.67,-0.6,False
2021-10-03,USC00083153,0,0.0,0.0,0.61,False
2021-10-03,USC00083163,0,6.83,-6.83,-2.5,False
2021-10-03,USC00083168,0,5.2,-5.2,-1.76,False
2021-10-03,USC00083207,0,1.7,-1.7,-0.17,False
2021-10-03,USC00083874,0,30.1,-30.1,-13.07,True
2021-10-03,USC00084050,0,6.94,-6.94,-2.55,False
2021-10-03,USC00084289,0,6.77,-6.77,-2.47,False
2021-10-03,USC00084366,0,14.02,-14.02,-5.76,True
2021-10-03,USC00084500,0,1.41,-1.41,-0.03,False
2021-10-03,USC00084621,0,0.37,-0.37,0.44,False
2021-10-03,USC00084625,0,6.55,-6.55,-2.37,False
2021-10-03,USC00084731,0,2.05,-2.05,-0.32,False
2021-10-03,USC00084802,0,0.53,-0.53,0.37,False
2021-10-03,USC00085076,0,20.2,-20.2,-8.57,True
2021-10-03,USC00085099,0,1.63,-1.63,-0.13,False
2021-10-03,USC00085184,0,3.98,-3.98,-1.2,False
2021-10-03,USC00085539,0,2.49,-2.49,-0.52,False
2021-10-03,USC00085612,0,0.85,-0.85,0.22,False
2021-10-03,USC00085880,15,0.0,15.0,7.42,True
2021-10-03,USC00086048,0,0.82,-0.82,0.23,False
2021-10-03,USC00086065,0,0.0,0.0,0.61,False
2021-10-03,USC00086078,0,14.95,-14.95,-6.19,True
2021-10-03,USC00086092,5,0.95,4.05,2.45,False
2021-10-03,USC00086634,43,11.56,31.44,14.89,True
2021-10-03,USC00086761,0,0.24,-0.24,0.5,False
2021-10-03,USC00086764,0,2.63,-2.63,-0.59,False
2021-10-03,USC00087025,0,2.09,-2.09,-0.34,False
2021-10-03,USC00087205,0,0.5,-0.5,0.38,False
2021-10-03,USC00087228,0,23.66,-23.66,-10.14,True
2021-10-03,USC00087304,0,1.0,-1.0,0.15,False
2021-10-03,USC00087397,0,0.28,-0.28,0.48,False
2021-10-03,USC00087851,0,2.93,-2.93,-0.72,False
2021-10-03,USC00087982,0,25.2,-25.2,-10.84,True
2021-10-03,USC00088051,0,26.38,-26.38,-11.38,True
2021-10-03,USC00088368,0,4.04,-4.04,-1.23,False
2021-10-03,USC00088620,0,0.94,-0.94,0.18,False
2021-10-03,USC00088782,0,0.0,0.0,0.61,False
2021-10-03,USC00088824,0,0.05,-0.05,0.59,False
2021-10-03,USC00088942,0,21.1,-21.1,-8.98,True
2021-10-03,USC00089120,0,8.66,-8.66,-3.33,False
2021-10-03,USC00089176,0,0.0,0.0,0.61,False
2021-10-03,USC00089219,0,0.36,-0.36,0.44,False
2021-10-03,USC00089401,0,0.0,0.0,0.61,False
2021-10-03,USC00090311,0,0.18,-0.18,0.53,False
2021-10-03,USC00091266,0,0.58,-0.58,0.34,False
2021-10-03,USC00092266,61,0.81,60.19,27.96,True
2021-10-03,USC00092361,0,8.68,-8.68,-3.34,False
2021-10-03,USC00092844,0,0.57,-0.57,0.35,False
2021-10-03,USC00092966,0,1.51,-1.51,-0.08,False
2021-10-03,USC00093538,0,0.5,-0.5,0.38,False
2021-10-03,USC00093754,0,0.64,-0.64,0.31,False
2021-10-03,USC00094170,0,2.84,-2.84,-0.69,False
2021-10-03,USC00094862,0,0.0,0.0,0.61,False
2021-10-03,USC00095204,0,0.52,-0.52,0.37,False
2021-10-03,USC00095205,0,0.48,-0.48,0.39,False
2021-10-03,USC00095314,0,0.0,0.0,0.61,False
2021-10-03,USC00095863,0,0.0,0.0,0.61,False
2021-10-03,USC00095988,0,1.04,-1.04,0.13,False
2021-10-03,USC00096087,0,0.8,-0.8,0.24,False
2021-10-03,USC00096126,0,0.0,0.0,0.61,False
2021-10-03,USC00097528,0,0.49,-0.49,0.38,False
2021-10-03,USC00097777,0,0.38,-0.38,0.44,False
2021-10-03,USC00097808,0,0.14,-0.14,0.54,False
2021-10-03,USC00098677,0,0.37,-0.37,0.44,False
2021-10-03,USC00098703,0,1.37,-1.37,-0.01,False
2021-10-03,USC00099124,25,0.47,24.53,11.75,True
2021-10-03,USC00099194,0,0.0,0.0,0.61,False
2021-10-03,USC00380184,0,17.33,-17.33,-7.27,True
2021-10-03,USC00380448,0,6.11,-6.11,-2.17,False
2021-10-03,USC00380490,0,0.67,-0.67,0.3,False
2021-10-03,USC00380506,0,0.0,0.0,0.61,False
2021-10-03,USC00381093,3,0.84,2.16,1.59,False
2021-10-03,USC00381241,0,2.88,-2.88,-0.7,False
2021-10-03,USC00381726,0,0.16,-0.16,0.53,False
2021-10-03,USC00381944,0,0.0,0.0,0.61,False
2021-10-03,USC00384205,0,21.02,-21.02,-8.94,True
2021-10-03,USC00384449,0,22.82,-22.82,-9.76,True
2021-10-03,USC00384607,0,0.0,0.0,0.61,False
2021-10-03,USC00385493,0,5.27,-5.27,-1.79,False
2021-10-03,USC00385660,0,0.19,-0.19,0.52,False
2021-10-03,USC00385946,0,22.1,-22.1,-9.44,True
2021-10-03,USC00386153,0,0.07,-0.07,0.58,False
2021-10-03,USC00386527,0,1.7,-1.7,-0.16,False
2021-10-03,USC00386775,0,0.0,0.0,0.61,False
2021-10-03,USC00387631,0,0.0,0.0,0.61,False
2021-10-03,USC00388405,117,46.62,70.38,32.59,True
2021-10-03,USC00388426,25,23.21,1.79,1.42,False
2021-10-03,USC00388440,0,0.0,0.0,0.61,False
2021-10-03,USC00388474,0,0.0,0.0,0.61,False
2021-10-03,USC00388879,0,0.0,0.0,0.61,False
2021-10-03,USC00388922,0,24.32,-24.32,-10.45,True
2021-10-03,USC00389469,0,21.5,-21.5,-9.16,True
2021-10-03,USW00003728,0,22.47,-22.47,-9.6,True
2021-10-03,USW00003813,0,2.88,-2.88,-0.7,False
2021-10-03,USW00003820,0,0.0,0.0,0.61,False
2021-10-03,USW00003822,0,3.1,-3.1,-0.8,False
2021-10-03,USW00003853,71,8.0,63.0,29.23,True
2021-10-03,USW00012812,0,0.28,-0.28,0.48,False
2021-10-03,USW00012815,0,11.45,-11.45,-4.6,True
2021-10-03,USW00012816,0,5.19,-5.19,-1.75,False
2021-10-03,USW00012818,0,3.39,-3.39,-0.93,False
2021-10-03,USW00012819,0,18.34,-18.34,-7.73,True
2021-10-03,USW00012833,0,4.12,-4.12,-1.27,False
2021-10-03,USW00012834,48,61.67,-13.67,-5.6,True
2021-10-03,USW00012835,0,1.07,-1.07,0.12,False
2021-10-03,USW00012838,0,0.74,-0.74,0.27,False
2021-10-03,USW00012841,0,12.57,-12.57,-5.11,True
2021-10-03,USW00012842,0,0.0,0.0,0.61,False
2021-10-03,USW00012843,0,0.35,-0.35,0.45,False
2021-10-03,USW00012844,0,3.08,-3.08,-0.79,False
2021-10-03,USW00012849,10,5.62,4.38,2.6,False
2021-10-03,USW00012854,5,24.6,-19.6,-8.3,True
2021-10-03,USW00012861,0,9.87,-9.87,-3.88,True
2021-10-03,USW00012871,0,0.0,0.0,0.61,False
2021-10-03,USW00012873,0,0.0,0.0,0.61,False
2021-10-03,USW00012876,0,1.71,-1.71,-0.17,False
2021-10-03,USW00012883,0,0.53,-0.53,0.37,False
2021-10-03,USW00012885,10,4.95,5.05,2.9,False
2021-10-03,USW00012894,0,1.71,-1.71,-0.17,False
2021-10-03,USW00012895,0,1.18,-1.18,0.07,False
2021-10-03,USW00012897,41,12.81,28.19,13.42,True
2021-10-03,USW00013782,25,44.6,-19.6,-8.3,True
2021-10-03,USW00013837,0,0.08,-0.08,0.57,False
2021-10-03,USW00013870,0,0.0,0.0,0.61,False
2021-10-03,USW00013873,10,0.47,9.53,4.94,True
2021-10-03,USW00013878,0,2.14,-2.14,-0.36,False
2021-10-03,USW00013880,20,26.45,-6.45,-2.32,False
2021-10-03,USW00013883,0,0.0,0.0,0.61,False
2021-10-03,USW00013889,0,1.48,-1.48,-0.06,False
2021-10-03,USW00053854,0,5.75,-5.75,-2.01,False
2021-10-03,USW00053860,74,5.75,68.25,31.62,True
2021-10-03,USW00053867,0,0.0,0.0,0.61,False
2021-10-03,USW00063803,0,0.63,-0.63,0.32,False
2021-10-03,USW00063826,0,0.0,0.0,0.61,False
2021-10-03,USW00063850,15,0.44,14.56,7.22,True
2021-10-03,USW00063856,0,2.24,-2.24,-0.41,False
2021-10-03,USW00063890,0,2.29,-2.29,-0.43,False
2021-10-03,USW00092805,0,3.18,-3.18,-0.84,False
2021-10-03,USW00092806,0,0.0,0.0,0.61,False
2021-10-03,USW00092814,0,23.2,-23.2,-9.94,True
2021-10-03,USW00092821,0,17.52,-17.52,-7.36,True
2021-10-03,USW00092827,0,0.24,-0.24,0.5,False
2021-10-03,USW00093718,0,0.04,-0.04,0.59,False
2021-10-03,USW00093831,0,20.01,-20.01,-8.49,True
2021-10-03,USW00093837,0,6.09,-6.09,-2.16,False
2021-10-03,USW00093845,0,1.04,-1.04,0.13,False
2021-10-04,US1FLAL0002,0,25.69,-25.69,-8.36,True
2021-10-04,US1FLAL0004,0,30.53,-30.53,-10.06,True
2021-10-04,US1FLAL0007,0,31.23,-31.23,-10.31,True
2021-10-04,US1FLAL0010,302,85.91,216.09,76.65,True
2021-10-04,US1FLAL0017,0,34.71,-34.71,-11.53,True
2021-10-04,US1FLAL0026,0,36.3,-36.3,-12.09,True
2021-10-04,US1FLAL0031,51,50.54,0.46,0.84,False
2021-10-04,US1FLAL0048,99,69.62,29.38,11.01,True
2021-10-04,US1FLAL0050,0,48.49,-48.49,-16.38,True
2021-10-04,US1FLAL0051,0,20.31,-20.31,-6.47,True
2021-10-04,US1FLAL0054,0,21.31,-21.31,-6.82,True
2021-10-04,US1FLAL0055,124,42.59,81.41,29.3,True
2021-10-04,US1FLAL0058,0,31.44,-31.44,-10.38,True
2021-10-04,US1FLAL0063,267,120.56,146.44,52.16,True
2021-10-04,US1FLAL0071,5,20.64,-15.64,-4.82,True
2021-10-04,US1FLAL0075,0,53.86,-53.86,-18.26,True
2021-10-04,US1FLAL0079,0,31.74,-31.74,-10.49,True
2021-10-04,US1FLAL0080,48,51.73,-3.73,-0.64,False
2021-10-04,US1FLAL0081,0,31.2,-31.2,-10.29,True
2021-10-04,US1FLAL0085,36,66.7,-30.7,-10.12,True
2021-10-04,US1FLAL0096,0,29.78,-29.78,-9.8,True
2021-10-04,US1FLAL0097,267,121.9,145.1,51.69,True
2021-10-04,US1FLBK0005,0,13.09,-13.09,-3.93,True
2021-10-04,US1FLBK0006,0,12.29,-12.29,-3.65,True
2021-10-04,US1FLBK0007,0,12.8,-12.8,-3.83,True
2021-10-04,US1FLBV0001,0,0.84,-0.84,0.38,False
2021-10-04,US1FLBV0002,0,1.54,-1.54,0.13,False
2021-10-04,US1FLBV0005,5,1.26,3.74,1.99,False
2021-10-04,US1FLBV0006,18,1.2,16.8,6.58,True
2021-10-04,US1FLBV0012,18,0.89,17.11,6.69,True
2021-10-04,US1FLBV0013,0,1.32,-1.32,0.21,False
2021-10-04,US1FLBV0020,0,1.47,-1.47,0.16,False
2021-10-04,US1FLBV0023,0,2.34,-2.34,-0.15,False
2021-10-04,US1FLBV0028,0,1.49,-1.49,0.15,False
2021-10-04,US1FLBV0036,0,3.19,-3.19,-0.45,False
2021-10-04,US1FLBV0038,0,4.59,-4.59,-0.94,False
2021-10-04,US1FLBV0052,13,1.44,11.56,4.74,True
2021-10-04,US1FLBV0054,0,1.87,-1.87,0.02,False
2021-10-04,US1FLBV0059,0,0.83,-0.83,0.38,False
2021-10-04,US1FLBV0063,0,1.7,-1.7,0.08,False
2021-10-04,US1FLBV0067,0,1.0,-1.0,0.32,False
2021-10-04,US1FLBV0072,0,1.04,-1.04,0.31,False
2021-10-04,US1FLBV0078,0,3.09,-3.09,-0.41,False
2021-10-04,US1FLBV0089,0,1.65,-1.65,0.09,False
2021-10-04,US1FLBV0092,0,1.39,-1.39,0.19,False
2021-10-04,US1FLBV0095,0,3.13,-3.13,-0.43,False
2021-10-04,US1FLBV0102,0,1.87,-1.87,0.02,False
2021-10-04,US1FLBV0103,0,1.76,-1.76,0.05,False
2021-10-04,US1FLBV0107,0,3.23,-3.23,-0.46,False
2021-10-04,US1FLBV0109,0,1.41,-1.41,0.18,False
2021-10-04,US1FLBV0110,8,1.96,6.04,2.8,False
2021-10-04,US1FLBV0111,0,1.71,-1.71,0.07,False
2021-10-04,US1FLBV0113,0,1.55,-1.55,0.13,False
2021-10-04,US1FLBV0114,10,1.79,8.21,3.56,True
2021-10-04,US1FLBV0118,0,1.56,-1.56,0.13,False
2021-10-04,US1FLBV0123,0,1.45,-1.45,0.16,False
2021-10-04,US1FLBV0124,3,1.84,1.16,1.08,False
2021-10-04,US1FLBV0125,0,2.2,-2.2,-0.1,False
2021-10-04,US1FLBW0007,0,3.52,-3.52,-0.56,False
2021-10-04,US1FLBW0016,0,6.11,-6.11,-1.48,False
2021-10-04,US1FLBW0026,0,2.78,-2.78,-0.3,False
2021-10-04,US1FLBW0076,3,9.97,-6.97,-1.78,False
2021-10-04,US1FLBW0079,0,2.55,-2.55,-0.22,False
2021-10-04,US1FLBW0099,15,5.12,9.88,4.15,True
2021-10-04,US1FLBW0110,0,5.29,-5.29,-1.18,False
2021-10-04,US1FLBW0121,5,2.97,2.03,1.39,False
2021-10-04,US1FLBW0137,0,4.81,-4.81,-1.02,False
2021-10-04,US1FLBW0148,0,3.93,-3.93,-0.71,False
2021-10-04,US1FLBW0151,30,3.83,26.17,9.87,True
2021-10-04,US1FLBW0155,5,5.98,-0.98,0.33,False
2021-10-04,US1FLBW0159,20,3.35,16.65,6.53,True
2021-10-04,US1FLBW0160,0,10.78,-10.78,-3.12,False
2021-10-04,US1FLBW0161,0,6.28,-6.28,-1.53,False
2021-10-04,US1FLBW0162,0,2.46,-2.46,-0.19,False
2021-10-04,US1FLBW0165,0,2.4,-2.4,-0.17,False
2021-10-04,US1FLBW0166,13,5.31,7.69,3.38,False
2021-10-04,US1FLBW0167,0,2.71,-2.71,-0.28,False
2021-10-04,US1FLCB0010,0,13.56,-13.56,-4.09,True
2021-10-04,US1FLCB0012,0,22.51,-22.51,-7.24,True
2021-10-04,US1FLCB0019,0,22.75,-22.75,-7.33,True
2021-10-04,US1FLCB0024,0,36.37,-36.37,-12.11,True
2021-10-04,US1FLCB0025,0,15.2,-15.2,-4.67,True
2021-10-04,US1FLCB0026,152,22.94,129.06,46.05,True
2021-10-04,US1FLCH0013,0,0.0,0.0,0.67,False
2021-10-04,US1FLCH0015,0,0.02,-0.02,0.67,False
2021-10-04,US1FLCH0017,0,0.01,-0.01,0.67,False
2021-10-04,US1FLCH0019,0,0.01,-0.01,0.67,False
2021-10-04,US1FLCH0023,0,0.01,-0.01,0.67,False
2021-10-04,US1FLCH0029,0,0.02,-0.02,0.67,False
2021-10-04,US1FLCH0034,0,0.0,0.0,0.67,False
2021-10-04,US1FLCH0035,0,0.0,0.0,0.67,False
2021-10-04,US1FLCH0036,0,0.0,0.0,0.67,False
2021-10-04,US1FLCH0038,0,0.0,0.0,0.67,False
2021-10-04,US1FLCH0039,0,0.0,0.0,0.67,False
2021-10-04,US1FLCH0040,0,0.0,0.0,0.67,False
2021-10-04,US1FLCR0012,3,6.54,-3.54,-0.57,False
2021-10-04,US1FLCR0013,0,1.64,-1.64,0.1,False
2021-10-04,US1FLCR0038,36,1.08,34.92,12.95,True
2021-10-04,US1FLCR0052,0,1.23,-1.23,0.24,False
2021-10-04,US1FLCR0053,0,1.31,-1.31,0.21,False
2021-10-04,US1FLCR0057,0,1.41,-1.41,0.18,False
2021-10-04,US1FLCR0059,0,1.98,-1.98,-0.02,False
2021-10-04,US1FLCR0062,5,2.4,2.6,1.59,False
2021-10-04,US1FLCT0011,0,5.55,-5.55,-1.28,False
2021-10-04,US1FLCT0015,0,5.32,-5.32,-1.2,False
2021-10-04,US1FLCT0029,0,1.43,-1.43,0.17,False
2021-10-04,US1FLCT0030,0,3.8,-3.8,-0.66,False
2021-10-04,US1FLCT0031,0,3.43,-3.43,-0.53,False
2021-10-04,US1FLCT0034,0,5.44,-5.44,-1.24,False
2021-10-04,US1FLCT0035,0,3.22,-3.22,-0.46,False
2021-10-04,US1FLCT0036,0,4.78,-4.78,-1.01,False
2021-10-04,US1FLCT0037,0,7.61,-7.61,-2.0,False
2021-10-04,US1FLCT0038,0,3.64,-3.64,-0.61,False
2021-10-04,US1FLCT0039,0,3.05,-3.05,-0.4,False
2021-10-04,US1FLCT0041,0,6.71,-6.71,-1.68,False
2021-10-04,US1FLCT0043,0,4.3,-4.3,-0.84,False
2021-10-04,US1FLCY0001,0,8.1,-8.1,-2.17,False
2021-10-04,US1FLCY0003,0,13.1,-13.1,-3.93,True
2021-10-04,US1FLCY0007,0,14.66,-14.66,-4.48,True
2021-10-04,US1FLCY0025,0,7.8,-7.8,-2.07,False
2021-10-04,US1FLCY0037,0,8.48,-8.48,-2.31,False
2021-10-04,US1FLCY0038,0,9.53,-9.53,-2.68,False
2021-10-04,US1FLCY0039,0,7.34,-7.34,-1.91,False
2021-10-04,US1FLCY0051,0,7.68,-7.68,-2.03,False
2021-10-04,US1FLCY0054,0,9.43,-9.43,-2.64,False
2021-10-04,US1FLCY0055,0,7.79,-7.79,-2.06,False
2021-10-04,US1FLDS0003,0,0.0,0.0,0.67,False
2021-10-04,US1FLDV0003,0,7.49,-7.49,-1.96,False
2021-10-04,US1FLDV0013,0,5.6,-5.6,-1.29,False
2021-10-04,US1FLDV0021,53,3.09,49.91,18.22,True
2021-10-04,US1FLDV0028,0,6.05,-6.05,-1.45,False
2021-10-04,US1FLDV0033,0,8.75,-8.75,-2.4,False
2021-10-04,US1FLDV0042,23,7.33,15.67,6.18,True
2021-10-04,US1FLDV0050,0,8.89,-8.89,-2.45,False
2021-10-04,US1FLDV0059,0,5.44,-5.44,-1.24,False
2021-10-04,US1FLDV0063,0,8.22,-8.22,-2.22,False
2021-10-04,US1FLDV0069,0,7.94,-7.94,-2.12,False
2021-10-04,US1FLDV0071,0,8.94,-8.94,-2.47,False
2021-10-04,US1FLDV0079,51,5.22,45.78,16.77,True
2021-10-04,US1FLDV0091,0,2.03,-2.03,-0.04,False
2021-10-04,US1FLDV0094,0,7.05,-7.05,-1.8,False
2021-10-04,US1FLDV0098,0,10.39,-10.39,-2.98,False
2021-10-04,US1FLDV0106,0,8.12,-8.12,-2.18,False
2021-10-04,US1FLDV0117,0,8.55,-8.55,-2.33,False
2021-10-04,US1FLDV0118,15,8.43,6.57,2.98,False
2021-10-04,US1FLDX0003,0,25.29,-25.29,-8.22,True
2021-10-04,US1FLFL0024,0,6.67,-6.67,-1.67,False
2021-10-04,US1FLFL0030,0,5.34,-5.34,-1.2,False
2021-10-04,US1FLFL0032,5,5.62,-0.62,0.46,False
2021-10-04,US1FLFL0033,0,10.75,-10.75,-3.11,False
2021-10-04,US1FLFL0035,3,6.22,-3.22,-0.46,False
2021-10-04,US1FLFL0036,3,7.1,-4.1,-0.77,False
2021-10-04,US1FLFL0037,3,5.71,-2.71,-0.28,False
2021-10-04,US1FLFL0039,0,11.48,-11.48,-3.36,False
2021-10-04,US1FLFL0040,0,6.81,-6.81,-1.72,False
2021-10-04,US1FLFL0043,8,9.99,-1.99,-0.03,False
2021-10-04,US1FLFL0047,0,5.58,-5.58,-1.29,False
2021-10-04,US1FLFL0049,0,7.0,-7.0,-1.79,False
2021-10-04,US1FLFL0050,0,6.67,-6.67,-1.67,False
2021-10-04,US1FLGC0003,15,31.43,-16.43,-5.1,True
2021-10-04,US1FLGC0008,0,27.99,-27.99,-9.17,True
2021-10-04,US1FLGL0007,0,1.12,-1.12,0.28,False
2021-10-04,US1FLGL0013,0,1.95,-1.95,-0.01,False
2021-10-04,US1FLHB0001,0,0.44,-0.44,0.52,False
2021-10-04,US1FLHB0004,0,0.61,-0.61,0.46,False
2021-10-04,US1FLHB0005,0,0.18,-0.18,0.61,False
2021-10-04,US1FLHB0010,0,0.2,-0.2,0.61,False
2021-10-04,US1FLHB0017,0,0.18,-0.18,0.61,False
2021-10-04,US1FLHB0027,0,0.19,-0.19,0.61,False
2021-10-04,US1FLHB0029,0,0.29,-0.29,0.57,False
2021-10-04,US1FLHB0033,0,0.32,-0.32,0.56,False
2021-10-04,US1FLHB0037,0,0.21,-0.21,0.6,False
2021-10-04,US1FLHB0040,0,0.19,-0.19,0.61,False
2021-10-04,US1FLHB0044,0,0.12,-0.12,0.63,False
2021-10-04,US1FLHB0048,0,0.19,-0.19,0.61,False
2021-10-04,US1FLHB0051,0,0.19,-0.19,0.61,False
2021-10-04,US1FLHB0055,0,0.28,-0.28,0.57,False
2021-10-04,US1FLHB0060,0,0.57,-0.57,0.47,False
2021-10-04,US1FLHB0069,0,0.3,-0.3,0.57,False
2021-10-04,US1FLHB0098,0,0.25,-0.25,0.59,False
2021-10-04,US1FLHB0107,0,0.13,-0.13,0.63,False
2021-10-04,US1FLHB0114,0,0.37,-0.37,0.55,False
2021-10-04,US1FLHB0120,0,0.16,-0.16,0.62,False
2021-10-04,US1FLHB0130,0,0.22,-0.22,0.6,False
2021-10-04,US1FLHB0136,0,0.41,-0.41,0.53,False
2021-10-04,US1FLHB0139,0,0.13,-0.13,0.63,False
2021-10-04,US1FLHB0140,0,0.17,-0.17,0.61,False
2021-10-04,US1FLHB0141,0,0.16,-0.16,0.62,False
2021-10-04,US1FLHB0143,0,0.2,-0.2,0.6,False
2021-10-04,US1FLHB0154,0,1.22,-1.22,0.25,False
2021-10-04,US1FLHB0156,0,0.16,-0.16,0.62,False
2021-10-04,US1FLHB0160,18,0.06,17.94,6.98,True
2021-10-04,US1FLHB0162,0,1.01,-1.01,0.32,False
2021-10-04,US1FLHB0163,0,0.44,-0.44,0.52,False
2021-10-04,US1FLHB0166,0,0.33,-0.33,0.56,False
2021-10-04,US1FLHB0167,0,0.19,-0.19,0.61,False
2021-10-04,US1FLHB0168,0,0.18,-0.18,0.61,False
2021-10-04,US1FLHD0003,0,0.13,-0.13,0.63,False
2021-10-04,US1FLHL0001,0,0.12,-0.12,0.63,False
2021-10-04,US1FLHL0003,0,1.1,-1.1,0.29,False
2021-10-04,US1FLHL0012,0,1.22,-1.22,0.24,False
2021-10-04,US1FLHL0013,0,0.12,-0.12,0.63,False
2021-10-04,US1FLHL0030,0,0.12,-0.12,0.63,False
2021-10-04,US1FLHL0038,0,0.17,-0.17,0.61,False
2021-10-04,US1FLHL0043,0,1.02,-1.02,0.32,False
2021-10-04,US1FLHM0005,3,12.74,-9.74,-2.75,False
2021-10-04,US1FLHN0007,0,0.67,-0.67,0.44,False
2021-10-04,US1FLHN0008,0,2.45,-2.45,-0.19,False
2021-10-04,US1FLHN0014,0,1.24,-1.24,0.24,False
2021-10-04,US1FLHN0022,0,0.35,-0.35,0.55,False
2021-10-04,US1FLHN0024,0,1.49,-1.49,0.15,False
2021-10-04,US1FLHN0026,0,1.12,-1.12,0.28,False
2021-10-04,US1FLHN0035,3,0.62,2.38,1.51,False
2021-10-04,US1FLHN0039,0,0.37,-0.37,0.54,False
2021-10-04,US1FLHN0040,15,0.83,14.17,5.66,True
2021-10-04,US1FLHN0043,0,0.35,-0.35,0.55,False
2021-10-04,US1FLHY0003,0,0.41,-0.41,0.53,False
2021-10-04,US1FLHY0008,0,0.39,-0.39,0.54,False
2021-10-04,US1FLHY0011,0,1.13,-1.13,0.28,False
2021-10-04,US1FLHY0012,0,2.77,-2.77,-0.3,False
2021-10-04,US1FLIR0006,0,0.71,-0.71,0.42,False
2021-10-04,US1FLIR0015,0,0.72,-0.72,0.42,False
2021-10-04,US1FLIR0019,0,1.42,-1.42,0.18,False
2021-10-04,US1FLIR0024,0,0.75,-0.75,0.41,False
2021-10-04,US1FLIR0026,0,1.04,-1.04,0.31,False
2021-10-04,US1FLIR0027,0,1.03,-1.03,0.31,False
2021-10-04,US1FLIR0036,0,1.06,-1.06,0.3,False
2021-10-04,US1FLIR0041,0,1.14,-1.14,0.27,False
2021-10-04,US1FLIR0048,0,1.25,-1.25,0.24,False
2021-10-04,US1FLIR0050,0,0.8,-0.8,0.39,False
2021-10-04,US1FLIR0051,0,1.5,-1.5,0.15,False
2021-10-04,US1FLJF0007,0,13.66,-13.66,-4.13,True
2021-10-04,US1FLJF0009,10,9.92,0.08,0.7,False
2021-10-04,US1FLJF0010,15,8.34,6.66,3.02,False
2021-10-04,US1FLLE0006,0,0.44,-0.44,0.52,False
2021-10-04,US1FLLE0022,0,0.62,-0.62,0.46,False
2021-10-04,US1FLLE0037,0,0.32,-0.32,0.56,False
2021-10-04,US1FLLE0055,0,0.32,-0.32,0.56,False
2021-10-04,US1FLLE0057,0,0.46,-0.46,0.51,False
2021-10-04,US1FLLE0059,0,0.34,-0.34,0.56,False
2021-10-04,US1FLLE0065,0,0.5,-0.5,0.5,False
2021-10-04,US1FLLE0068,0,0.61,-0.61,0.46,False
2021-10-04,US1FLLE0072,0,0.3,-0.3,0.57,False
2021-10-04,US1FLLK0003,0,1.57,-1.57,0.12,False
2021-10-04,US1FLLK0016,0,3.85,-3.85,-0.68,False
2021-10-04,US1FLLK0021,0,4.44,-4.44,-0.89,False
2021-10-04,US1FLLK0022,0,5.25,-5.25,-1.17,False
2021-10-04,US1FLLK0023,0,3.57,-3.57,-0.58,False
2021-10-04,US1FLLK0028,0,2.13,-2.13,-0.08,False
2021-10-04,US1FLLK0030,0,2.24,-2.24,-0.11,False
2021-10-04,US1FLLK0031,0,1.87,-1.87,0.02,False
2021-10-04,US1FLLK0036,0,1.6,-1.6,0.11,False
2021-10-04,US1FLLK0043,0,4.53,-4.53,-0.92,False
2021-10-04,US1FLLK0044,0,7.58,-7.58,-1.99,False
2021-10-04,US1FLLK0045,0,5.45,-5.45,-1.24,False
2021-10-04,US1FLLV0001,0,12.95,-12.95,-3.88,True
2021-10-04,US1FLLV0004,8,22.16,-14.16,-4.31,True
2021-10-04,US1FLLV0014,0,22.17,-22.17,-7.12,True
2021-10-04,US1FLLV0015,0,11.11,-11.11,-3.23,False
2021-10-04,US1FLLV0017,0,32.14,-32.14,-10.63,True
2021-10-04,US1FLLV0018,0,9.76,-9.76,-2.76,False
2021-10-04,US1FLMA0006,0,0.1,-0.1,0.64,False
2021-10-04,US1FLMA0010,0,0.06,-0.06,0.65,False
2021-10-04,US1FLMA0022,0,0.1,-0.1,0.64,False
2021-10-04,US1FLMA0028,0,0.1,-0.1,0.64,False
2021-10-04,US1FLMA0029,0,0.08,-0.08,0.65,False
2021-10-04,US1FLMA0032,0,0.06,-0.06,0.65,False
2021-10-04,US1FLMA0034,0,0.07,-0.07,0.65,False
2021-10-04,US1FLMA0040,0,0.1,-0.1,0.64,False
2021-10-04,US1FLMA0041,0,0.07,-0.07,0.65,False
2021-10-04,US1FLMA0043,0,0.06,-0.06,0.65,False
2021-10-04,US1FLMA0044,0,0.07,-0.07,0.65,False
2021-10-04,US1FLMR0003,0,3.57,-3.57,-0.58,False
2021-10-04,US1FLMR0004,0,4.38,-4.38,-0.87,False
2021-10-04,US1FLMR0012,0,7.65,-7.65,-2.01,False
2021-10-04,US1FLMR0013,0,18.49,-18.49,-5.83,True
2021-10-04,US1FLMR0018,0,6.77,-6.77,-1.7,False
2021-10-04,US1FLMR0020,0,4.51,-4.51,-0.91,False
2021-10-04,US1FLMR0032,0,6.15,-6.15,-1.49,False
2021-10-04,US1FLMR0036,0,6.34,-6.34,-1.56,False
2021-10-04,US1FLMR0042,0,17.38,-17.38,-5.44,True
2021-10-04,US1FLMR0054,23,8.49,14.51,5.78,True
2021-10-04,US1FLMR0056,0,8.98,-8.98,-2.48,False
2021-10-04,US1FLMR0057,0,11.36,-11.36,-3.32,False
2021-10-04,US1FLMR0059,0,7.69,-7.69,-2.03,False
2021-10-04,US1FLMR0065,0,5.81,-5.81,-1.37,False
2021-10-04,US1FLMR0066,0,3.77,-3.77,-0.65,False
2021-10-04,US1FLMR0068,0,10.93,-10.93,-3.17,False
2021-10-04,US1FLMR0074,0,6.65,-6.65,-1.66,False
2021-10-04,US1FLMR0079,0,10.17,-10.17,-2.9,False
2021-10-04,US1FLMT0018,0,1.34,-1.34,0.2,False
2021-10-04,US1FLMT0021,0,1.9,-1.9,0.01,False
2021-10-04,US1FLMT0026,127,0.72,126.28,45.07,True
2021-10-04,US1FLMT0028,0,0.93,-0.93,0.35,False
2021-10-04,US1FLMT0031,0,1.77,-1.77,0.05,False
2021-10-04,US1FLMT0035,0,2.57,-2.57,-0.23,False
2021-10-04,US1FLMT0036,0,0.94,-0.94,0.34,False
2021-10-04,US1FLMT0037,0,1.51,-1.51,0.14,False
2021-10-04,US1FLMT0039,0,1.92,-1.92,0.0,False
2021-10-04,US1FLMT0042,0,2.17,-2.17,-0.09,False
2021-10-04,US1FLMT0043,0,4.54,-4.54,-0.92,False
2021-10-04,US1FLMT0045,0,1.52,-1.52,0.14,False
2021-10-04,US1FLMT0046,0,1.58,-1.58,0.12,False
2021-10-04,US1FLNS0012,0,2.52,-2.52,-0.21,False
2021-10-04,US1FLNS0014,0,3.55,-3.55,-0.57,False
2021-10-04,US1FLNS0017,0,3.14,-3.14,-0.43,False
2021-10-04,US1FLNS0021,5,1.66,3.34,1.85,False
2021-10-04,US1FLNS0022,0,2.55,-2.55,-0.22,False
2021-10-04,US1FLOB0002,0,1.34,-1.34,0.2,False
2021-10-04,US1FLOR0019,0,3.24,-3.24,-0.47,False
2021-10-04,US1FLOR0025,0,2.67,-2.67,-0.27,False
2021-10-04,US1FLOR0026,0,2.47,-2.47,-0.19,False
2021-10-04,US1FLOR0027,0,2.49,-2.49,-0.2,False
2021-10-04,US1FLOR0030,0,1.6,-1.6,0.11,False
2021-10-04,US1FLOR0034,0,2.8,-2.8,-0.31,False
2021-10-04,US1FLOR0035,0,1.0,-1.0,0.32,False
2021-10-04,US1FLOR0043,0,3.23,-3.23,-0.46,False
2021-10-04,US1FLOR0046,0,2.74,-2.74,-0.29,False
2021-10-04,US1FLOR0054,0,3.35,-3.35,-0.5,False
2021-10-04,US1FLOR0055,0,2.61,-2.61,-0.24,False
2021-10-04,US1FLOR0061,0,2.46,-2.46,-0.19,False
2021-10-04,US1FLOR0062,0,2.39,-2.39,-0.17,False
2021-10-04,US1FLOR0065,0,2.97,-2.97,-0.37,False
2021-10-04,US1FLOR0068,0,1.55,-1.55,0.13,False
2021-10-04,US1FLOR0072,0,3.3,-3.3,-0.49,False
2021-10-04,US1FLOS0001,0,0.58,-0.58,0.47,False
2021-10-04,US1FLOS0027,0,0.99,-0.99,0.33,False
2021-10-04,US1FLOS0029,0,1.22,-1.22,0.25,False
2021-10-04,US1FLOS0031,0,1.12,-1.12,0.28,False
2021-10-04,US1FLOS0036,0,1.48,-1.48,0.15,False
2021-10-04,US1FLOS0037,0,1.23,-1.23,0.24,False
2021-10-04,US1FLPB0002,0,2.05,-2.05,-0.05,False
2021-10-04,US1FLPB0012,0,2.14,-2.14,-0.08,False
2021-10-04,US1FLPB0013,0,2.52,-2.52,-0.21,False
2021-10-04,US1FLPB0031,0,3.31,-3.31,-0.49,False
2021-10-04,US1FLPB0034,0,6.38,-6.38,-1.57,False
2021-10-04,US1FLPB0037,0,2.62,-2.62,-0.25,False
2021-10-04,US1FLPB0043,0,2.86,-2.86,-0.33,False
2021-10-04,US1FLPB0044,0,2.66,-2.66,-0.26,False
2021-10-04,US1FLPB0061,0,2.51,-2.51,-0.21,False
2021-10-04,US1FLPB0063,0,2.44,-2.44,-0.18,False
2021-10-04,US1FLPB0072,0,1.89,-1.89,0.01,False
2021-10-04,US1FLPB0077,0,1.86,-1.86,0.02,False
2021-10-04,US1FLPB0080,0,3.19,-3.19,-0.45,False
2021-10-04,US1FLPB0081,0,2.72,-2.72,-0.28,False
2021-10-04,US1FLPB0087,0,2.4,-2.4,-0.17,False
2021-10-04,US1FLPK0018,0,0.21,-0.21,0.6,False
2021-10-04,US1FLPK0032,0,0.26,-0.26,0.58,False
2021-10-04,US1FLPK0034,0,0.23,-0.23,0.59,False
2021-10-04,US1FLPK0035,0,0.14,-0.14,0.62,False
2021-10-04,US1FLPK0039,0,0.13,-0.13,0.63,False
2021-10-04,US1FLPK0055,0,0.2,-0.2,0.61,False
2021-10-04,US1FLPK0067,0,0.29,-0.29,0.57,False
2021-10-04,US1FLPK0073,0,0.23,-0.23,0.59,False
2021-10-04,US1FLPK0076,0,0.17,-0.17,0.62,False
2021-10-04,US1FLPK0078,0,0.82,-0.82,0.38,False
2021-10-04,US1FLPK0081,0,0.18,-0.18,0.61,False
2021-10-04,US1FLPK0083,0,0.2,-0.2,0.6,False
2021-10-04,US1FLPK0084,0,0.19,-0.19,0.61,False
2021-10-04,US1FLPN0006,0,0.07,-0.07,0.65,False
2021-10-04,US1FLPN0009,0,0.14,-0.14,0.63,False
2021-10-04,US1FLPN0017,0,0.09,-0.09,0.64,False
2021-10-04,US1FLPN0034,0,0.12,-0.12,0.63,False
2021-10-04,US1FLPN0035,0,0.09,-0.09,0.64,False
2021-10-04,US1FLPN0036,0,0.12,-0.12,0.63,False
2021-10-04,US1FLPN0060,0,0.12,-0.12,0.63,False
2021-10-04,US1FLPN0071,0,0.15,-0.15,0.62,False
2021-10-04,US1FLPN0074,0,0.12,-0.12,0.63,False
2021-10-04,US1FLPN0077,0,0.17,-0.17,0.62,False
2021-10-04,US1FLPN0079,0,0.12,-0.12,0.63,False
2021-10-04,US1FLPN0083,0,0.17,-0.17,0.62,False
2021-10-04,US1FLPN0087,0,0.11,-0.11,0.64,False
2021-10-04,US1FLPN0090,0,0.14,-0.14,0.62,False
2021-10-04,US1FLPN0091,0,0.12,-0.12,0.63,False
2021-10-04,US1FLPN0094,0,0.15,-0.15,0.62,False
2021-10-04,US1FLPN0096,0,0.17,-0.17,0.62,False
2021-10-04,US1FLPN0097,0,0.08,-0.08,0.65,False
2021-10-04,US1FLPN0099,0,0.1,-0.1,0.64,False
2021-10-04,US1FLPN0104,0,0.16,-0.16,0.62,False
2021-10-04,US1FLPN0105,0,0.15,-0.15,0.62,False
2021-10-04,US1FLPN0108,0,0.14,-0.14,0.63,False
2021-10-04,US1FLPN0111,0,0.15,-0.15,0.62,False
2021-10-04,US1FLPS0001,0,0.37,-0.37,0.54,False
2021-10-04,US1FLPS0004,0,0.32,-0.32,0.56,False
2021-10-04,US1FLPS0006,0,0.22,-0.22,0.6,False
2021-10-04,US1FLPS0007,0,0.23,-0.23,0.59,False
2021-10-04,US1FLPS0010,0,0.28,-0.28,0.58,False
2021-10-04,US1FLPS0015,0,0.3,-0.3,0.57,False
2021-10-04,US1FLPS0043,0,0.23,-0.23,0.59,False
2021-10-04,US1FLPS0049,0,0.31,-0.31,0.57,False
2021-10-04,US1FLPS0065,0,0.24,-0.24,0.59,False
2021-10-04,US1FLPS0072,0,0.25,-0.25,0.59,False
2021-10-04,US1FLPS0073,0,0.27,-0.27,0.58,False
2021-10-04,US1FLPS0074,0,0.28,-0.28,0.58,False
2021-10-04,US1FLPS0075,0,0.25,-0.25,0.59,False
2021-10-04,US1FLPT0004,0,11.5,-11.5,-3.37,False
2021-10-04,US1FLPT0007,0,11.03,-11.03,-3.21,False
2021-10-04,US1FLPT0008,0,11.68,-11.68,-3.43,False
2021-10-04,US1FLPT0012,0,13.38,-13.38,-4.03,True
2021-10-04,US1FLPT0021,0,12.68,-12.68,-3.79,True
2021-10-04,US1FLPT0024,0,11.36,-11.36,-3.32,False
2021-10-04,US1FLPT0026,5,14.09,-9.09,-2.52,False
2021-10-04,US1FLPT0027,3,13.42,-10.42,-2.99,False
2021-10-04,US1FLPT0029,0,12.37,-12.37,-3.68,True
2021-10-04,US1FLSJ0004,0,11.72,-11.72,-3.45,False
2021-10-04,US1FLSJ0016,5,12.05,-7.05,-1.81,False
2021-10-04,US1FLSJ0020,84,6.44,77.56,27.95,True
2021-10-04,US1FLSJ0023,0,8.71,-8.71,-2.39,False
2021-10-04,US1FLSJ0028,0,11.8,-11.8,-3.47,False
2021-10-04,US1FLSJ0029,3,6.42,-3.42,-0.53,False
2021-10-04,US1FLSJ0030,0,7.24,-7.24,-1.87,False
2021-10-04,US1FLSJ0031,61,4.71,56.29,20.47,True
2021-10-04,US1FLSJ0033,0,7.49,-7.49,-1.96,False
2021-10-04,US1FLSJ0034,0,10.23,-10.23,-2.92,False
2021-10-04,US1FLSJ0036,0,7.63,-7.63,-2.01,False
2021-10-04,US1FLSJ0039,0,11.65,-11.65,-3.42,False
2021-10-04,US1FLSL0011,0,1.5,-1.5,0.15,False
2021-10-04,US1FLSL0013,0,1.92,-1.92,-0.0,False
2021-10-04,US1FLSL0017,0,2.63,-2.63,-0.25,False
2021-10-04,US1FLSL0019,0,1.77,-1.77,0.05,False
2021-10-04,US1FLSL0033,0,1.55,-1.55,0.13,False
2021-10-04,US1FLSL0050,0,1.91,-1.91,0.0,False
2021-10-04,US1FLSL0051,3,1.97,1.03,1.04,False
2021-10-04,US1FLSL0054,0,1.16,-1.16,0.27,False
2021-10-04,US1FLSM0008,0,3.62,-3.62,-0.6,False
2021-10-04,US1FLSM0018,0,4.8,-4.8,-1.01,False
2021-10-04,US1FLSM0026,0,3.46,-3.46,-0.54,False
2021-10-04,US1FLSM0030,0,3.57,-3.57,-0.58,False
2021-10-04,US1FLSM0034,0,3.98,-3.98,-0.73,False
2021-10-04,US1FLSM0035,0,3.34,-3.34,-0.5,False
2021-10-04,US1FLSM0037,0,3.54,-3.54,-0.57,False
2021-10-04,US1FLSM0038,0,3.27,-3.27,-0.47,False
2021-10-04,US1FLSM0039,0,3.95,-3.95,-0.72,False
2021-10-04,US1FLSS0014,0,0.0,0.0,0.67,False
2021-10-04,US1FLSS0015,0,0.06,-0.06,0.65,False
2021-10-04,US1FLSS0022,0,0.0,0.0,0.67,False
2021-10-04,US1FLSS0034,0,0.0,0.0,0.67,False
2021-10-04,US1FLSS0040,0,0.0,0.0,0.67,False
2021-10-04,US1FLSS0052,0,0.08,-0.08,0.65,False
2021-10-04,US1FLSS0056,0,0.0,0.0,0.67,False
2021-10-04,US1FLSS0059,0,0.0,0.0,0.67,False
2021-10-04,US1FLSS0063,0,0.06,-0.06,0.65,False
2021-10-04,US1FLSS0071,0,0.0,0.0,0.67,False
2021-10-04,US1FLSS0073,0,0.07,-0.07,0.65,False
2021-10-04,US1FLSS0075,0,0.05,-0.05,0.66,False
2021-10-04,US1FLSS0077,0,0.07,-0.07,0.65,False
2021-10-04,US1FLSS0079,0,0.06,-0.06,0.65,False
2021-10-04,US1FLSS0080,0,0.06,-0.06,0.65,False
2021-10-04,US1FLST0008,0,4.01,-4.01,-0.73,False
2021-10-04,US1FLST0009,0,3.22,-3.22,-0.46,False
2021-10-04,US1FLST0012,0,3.49,-3.49,-0.55,False
2021-10-04,US1FLST0026,0,3.81,-3.81,-0.67,False
2021-10-04,US1FLST0032,0,3.98,-3.98,-0.72,False
2021-10-04,US1FLST0035,0,4.45,-4.45,-0.89,False
2021-10-04,US1FLST0037,0,1.24,-1.24,0.24,False
2021-10-04,US1FLSW0001,0,11.17,-11.17,-3.25,False
2021-10-04,US1FLSW0008,0,11.68,-11.68,-3.43,False
2021-10-04,US1FLSW0011,0,19.75,-19.75,-6.27,True
2021-10-04,US1FLSW0014,0,17.61,-17.61,-5.52,True
2021-10-04,US1FLVL0001,0,7.42,-7.42,-1.93,False
2021-10-04,US1FLVL0003,66,18.24,47.76,17.47,True
2021-10-04,US1FLVL0005,135,32.37,102.63,36.76,True
2021-10-04,US1FLVL0009,25,20.53,4.47,2.25,False
2021-10-04,US1FLVL0024,0,16.95,-16.95,-5.29,True
2021-10-04,US1FLVL0029,0,7.96,-7.96,-2.13,False
2021-10-04,US1FLVL0038,0,6.46,-6.46,-1.6,False
2021-10-04,US1FLVL0040,0,4.17,-4.17,-0.79,False
2021-10-04,US1FLVL0042,0,10.35,-10.35,-2.96,False
2021-10-04,US1FLVL0044,0,9.36,-9.36,-2.61,False
2021-10-04,US1FLVL0051,5,6.89,-1.89,0.01,False
2021-10-04,US1FLVL0060,0,9.76,-9.76,-2.76,False
2021-10-04,US1FLVL0061,28,17.99,10.01,4.2,True
2021-10-04,US1FLVL0062,0,7.47,-7.47,-1.95,False
2021-10-04,US1FLVL0063,25,20.66,4.34,2.2,False
2021-10-04,US1FLVL0070,0,12.07,-12.07,-3.57,True
2021-10-04,US1FLVL0071,28,15.66,12.34,5.01,True
2021-10-04,US1FLVL0073,198,23.81,174.19,61.92,True
2021-10-04,US1FLVL0075,0,4.17,-4.17,-0.79,False
2021-10-04,US1FLVL0077,0,7.47,-7.47,-1.95,False
2021-10-04,US1FLVL0081,23,21.66,1.34,1.14,False
2021-10-04,US1FLVL0083,0,9.18,-9.18,-2.55,False
2021-10-04,US1FLVL0084,0,7.08,-7.08,-1.81,False
2021-10-04,US1FLVL0086,58,16.47,41.53,15.28,True
2021-10-04,US1FLVL0087,0,7.63,-7.63,-2.01,False
2021-10-04,US1FLVL0089,0,8.63,-8.63,-2.36,False
2021-10-04,US1FLVL0090,0,6.92,-6.92,-1.76,False
2021-10-04,US1FLVL0091,38,21.91,16.09,6.33,True
2021-10-04,US1FLVL0099,5,28.86,-23.86,-7.71,True
2021-10-04,US1FLVL0101,0,7.23,-7.23,-1.87,False
2021-10-04,US1FLVL0103,10,7.25,2.75,1.64,False
2021-10-04,US1FLVL0105,124,8.68,115.32,41.22,True
2021-10-04,US1GAAP0005,0,0.46,-0.46,0.51,False
2021-10-04,US1GAAP0006,0,0.48,-0.48,0.51,False
2021-10-04,US1GAAP0007,0,0.53,-0.53,0.49,False
2021-10-04,US1GABB0006,46,56.23,-10.23,-2.92,False
2021-10-04,US1GABB0016,25,44.1,-19.1,-6.04,True
2021-10-04,US1GABB0019,38,63.73,-25.73,-8.37,True
2021-10-04,US1GABB0022,76,40.8,35.2,13.05,True
2021-10-04,US1GABD0001,5,23.71,-18.71,-5.9,True
2021-10-04,US1GABD0005,0,26.94,-26.94,-8.8,True
2021-10-04,US1GABK0001,0,0.87,-0.87,0.37,False
2021-10-04,US1GABR0002,0,0.16,-0.16,0.62,False
2021-10-04,US1GABR0005,0,0.14,-0.14,0.63,False
2021-10-04,US1GABR0009,0,0.14,-0.14,0.63,False
2021-10-04,US1GABU0013,0,0.5,-0.5,0.5,False
2021-10-04,US1GABU0016,0,0.27,-0.27,0.58,False
2021-10-04,US1GABU0021,0,0.55,-0.55,0.48,False
2021-10-04,US1GABY0001,0,1.29,-1.29,0.22,False
2021-10-04,US1GACF0001,0,1.79,-1.79,0.04,False
2021-10-04,US1GACH0006,0,2.21,-2.21,-0.1,False
2021-10-04,US1GACI0003,0,1.11,-1.11,0.28,False
2021-10-04,US1GACK0006,10,34.36,-24.36,-7.89,True
2021-10-04,US1GACK0010,5,28.43,-23.43,-7.56,True
2021-10-04,US1GACK0011,18,24.5,-6.5,-1.61,False
2021-10-04,US1GACK0012,0,34.91,-34.91,-11.6,True
2021-10-04,US1GACK0017,71,44.9,26.1,9.85,True
2021-10-04,US1GACK0027,94,38.38,55.62,20.23,True
2021-10-04,US1GACK0030,10,27.62,-17.62,-5.52,True
2021-10-04,US1GACK0038,79,27.72,51.28,18.7,True
2021-10-04,US1GACM0014,0,2.3,-2.3,-0.13,False
2021-10-04,US1GACM0018,0,2.41,-2.41,-0.17,False
2021-10-04,US1GACM0019,0,2.18,-2.18,-0.09,False
2021-10-04,US1GACM0020,0,1.94,-1.94,-0.01,False
2021-10-04,US1GACM0021,0,2.05,-2.05,-0.05,False
2021-10-04,US1GACO0003,5,6.83,-1.83,0.03,False
2021-10-04,US1GACQ0002,20,15.17,4.83,2.37,False
2021-10-04,US1GACQ0012,8,19.4,-11.4,-3.33,False
2021-10-04,US1GACQ0013,13,8.42,4.58,2.29,False
2021-10-04,US1GACT0001,0,0.36,-0.36,0.55,False
2021-10-04,US1GACT0003,0,0.2,-0.2,0.6,False
2021-10-04,US1GACT0017,0,0.2,-0.2,0.6,False
2021-10-04,US1GACT0019,0,0.19,-0.19,0.61,False
2021-10-04,US1GACT0028,0,1.72,-1.72,0.07,False
2021-10-04,US1GACT0036,0,0.1,-0.1,0.64,False
2021-10-04,US1GACT0037,0,6.11,-6.11,-1.47,False
2021-10-04,US1GACT0038,0,0.18,-0.18,0.61,False
2021-10-04,US1GACT0040,0,0.27,-0.27,0.58,False
2021-10-04,US1GACT0055,0,0.27,-0.27,0.58,False
2021-10-04,US1GACT0057,0,1.57,-1.57,0.12,False
2021-10-04,US1GACT0060,0,0.22,-0.22,0.6,False
2021-10-04,US1GACT0061,0,0.31,-0.31,0.57,False
2021-10-04,US1GACT0064,0,3.22,-3.22,-0.46,False
2021-10-04,US1GACT0067,0,0.18,-0.18,0.61,False
2021-10-04,US1GACT0077,0,0.29,-0.29,0.57,False
2021-10-04,US1GACT0079,0,1.64,-1.64,0.1,False
2021-10-04,US1GACT0089,0,0.2,-0.2,0.6,False
2021-10-04,US1GACT0098,0,0.22,-0.22,0.6,False
2021-10-04,US1GACT0099,0,0.26,-0.26,0.58,False
2021-10-04,US1GACU0001,0,0.37,-0.37,0.55,False
2021-10-04,US1GACU0003,0,0.41,-0.41,0.53,False
2021-10-04,US1GACU0006,0,0.36,-0.36,0.55,False
2021-10-04,US1GACU0009,0,0.74,-0.74,0.41,False
2021-10-04,US1GACU0011,0,0.59,-0.59,0.47,False
2021-10-04,US1GACU0013,0,0.4,-0.4,0.53,False
2021-10-04,US1GACU0021,0,0.45,-0.45,0.52,False
2021-10-04,US1GADG0004,0,17.21,-17.21,-5.38,True
2021-10-04,US1GADG0005,0,14.94,-14.94,-4.58,True
2021-10-04,US1GADG0009,0,16.47,-16.47,-5.12,True
2021-10-04,US1GAEF0013,0,0.23,-0.23,0.59,False
2021-10-04,US1GAEF0017,0,3.69,-3.69,-0.62,False
2021-10-04,US1GAEF0018,0,4.47,-4.47,-0.9,False
2021-10-04,US1GAEF0021,0,0.34,-0.34,0.55,False
2021-10-04,US1GAEF0022,0,0.35,-0.35,0.55,False
2021-10-04,US1GAEL0006,0,10.71,-10.71,-3.09,False
2021-10-04,US1GAEM0004,0,0.7,-0.7,0.43,False
2021-10-04,US1GAEM0005,0,0.79,-0.79,0.4,False
2021-10-04,US1GAEV0001,0,1.48,-1.48,0.15,False
2021-10-04,US1GAEV0005,0,0.96,-0.96,0.34,False
2021-10-04,US1GAGE0001,0,27.02,-27.02,-8.83,True
2021-10-04,US1GAGE0005,0,28.95,-28.95,-9.51,True
2021-10-04,US1GAGN0007,0,2.04,-2.04,-0.04,False
2021-10-04,US1GAGW0050,119,51.04,67.96,24.57,True
2021-10-04,US1GAGW0065,8,40.66,-32.66,-10.81,True
2021-10-04,US1GAHS0003,18,28.81,-10.81,-3.13,False
2021-10-04,US1GAHS0011,13,39.03,-26.03,-8.48,True
2021-10-04,US1GAHS0016,3,37.18,-34.18,-11.34,True
2021-10-04,US1GAHS0024,8,41.89,-33.89,-11.24,True
2021-10-04,US1GAHS0027,5,32.83,-27.83,-9.11,True
2021-10-04,US1GAJK0004,0,1.02,-1.02,0.32,False
2021-10-04,US1GAJN0006,36,39.79,-3.79,-0.66,False
2021-10-04,US1GAJN0007,10,41.59,-31.59,-10.43,True
2021-10-04,US1GALB0004,0,0.13,-0.13,0.63,False
2021-10-04,US1GALB0006,0,0.13,-0.13,0.63,False
2021-10-04,US1GALB0010,0,0.16,-0.16,0.62,False
2021-10-04,US1GALB0011,0,0.19,-0.19,0.61,False
2021-10-04,US1GALC0002,0,8.44,-8.44,-2.29,False
2021-10-04,US1GALN0003,0,3.25,-3.25,-0.47,False
2021-10-04,US1GALR0001,0,15.21,-15.21,-4.67,True
2021-10-04,US1GALW0004,0,5.08,-5.08,-1.11,False
2021-10-04,US1GALW0008,0,4.81,-4.81,-1.02,False
2021-10-04,US1GALW0024,0,3.0,-3.0,-0.38,False
2021-10-04,US1GAMD0005,0,2.89,-2.89,-0.34,False
2021-10-04,US1GAMI0001,0,0.0,0.0,0.67,False
2021-10-04,US1GAMI0005,0,0.0,0.0,0.67,False
2021-10-04,US1GAMN0007,269,71.36,197.64,70.16,True
2021-10-04,US1GAMN0010,358,59.31,298.69,105.69,True
2021-10-04,US1GANW0001,15,48.15,-33.15,-10.98,True
2021-10-04,US1GANW0007,20,43.98,-23.98,-7.76,True
2021-10-04,US1GAOC0001,8,21.77,-13.77,-4.17,True
2021-10-04,US1GAOC0002,8,25.23,-17.23,-5.39,True
2021-10-04,US1GAOC0005,8,26.76,-18.76,-5.92,True
2021-10-04,US1GAOC0007,5,22.33,-17.33,-5.42,True
2021-10-04,US1GAOC0009,5,22.15,-17.15,-5.35,True
2021-10-04,US1GAOC0012,13,26.93,-13.93,-4.22,True
2021-10-04,US1GAOC0014,20,22.15,-2.15,-0.08,False
2021-10-04,US1GAOC0015,0,27.43,-27.43,-8.97,True
2021-10-04,US1GAOC0016,15,24.43,-9.43,-2.64,False
2021-10-04,US1GAOC0018,43,24.01,18.99,7.35,True
2021-10-04,US1GAOG0005,13,24.81,-11.81,-3.48,False
2021-10-04,US1GAOG0007,0,20.95,-20.95,-6.69,True
2021-10-04,US1GAOG0010,3,18.3,-15.3,-4.7,True
2021-10-04,US1GAOG0012,20,23.46,-3.46,-0.54,False
2021-10-04,US1GAOG0015,13,25.54,-12.54,-3.73,True
2021-10-04,US1GAOG0029,0,20.78,-20.78,-6.63,True
2021-10-04,US1GAPE0001,69,45.95,23.05,8.78,True
2021-10-04,US1GAPE0003,3,41.9,-38.9,-13.0,True
2021-10-04,US1GARC0009,0,0.43,-0.43,0.52,False
2021-10-04,US1GARC0012,0,0.49,-0.49,0.5,False
2021-10-04,US1GARC0019,0,0.99,-0.99,0.32,False
2021-10-04,US1GASV0005,0,0.75,-0.75,0.41,False
2021-10-04,US1GASV0007,0,0.84,-0.84,0.38,False
2021-10-04,US1GASV0008,0,0.97,-0.97,0.33,False
2021-10-04,US1GATE0004,0,9.28,-9.28,-2.59,False
2021-10-04,US1GATF0003,0,20.99,-20.99,-6.71,True
2021-10-04,US1GATG0001,0,32.24,-32.24,-10.66,True
2021-10-04,US1GATH0002,13,9.07,3.93,2.06,False
2021-10-04,US1GATH0004,8,11.11,-3.11,-0.42,False
2021-10-04,US1GATN0004,20,0.0,20.0,7.71,True
2021-10-04,US1GAWG0005,0,3.24,-3.24,-0.47,False
2021-10-04,US1GAWG0006,0,5.71,-5.71,-1.33,False
2021-10-04,US1GAWL0001,76,60.01,15.99,6.3,True
2021-10-04,US1GAWL0012,173,45.07,127.93,45.65,True
2021-10-04,US1GAWL0013,147,49.64,97.36,34.91,True
2021-10-04,US1GAWL0022,41,25.71,15.29,6.05,True
2021-10-04,US1GAWL0024,36,40.45,-4.45,-0.89,False
2021-10-04,US1GAWN0001,0,6.06,-6.06,-1.46,False
2021-10-04,US1GAWR0005,0,0.86,-0.86,0.37,False
2021-10-04,US1GAWS0001,0,7.41,-7.41,-1.93,False
2021-10-04,US1GAWT0003,0,34.26,-34.26,-11.37,True
2021-10-04,US1GAWY0007,0,0.35,-0.35,0.55,False
2021-10-04,US1NCBR0001,0,2.44,-2.44,-0.18,False
2021-10-04,US1NCBR0006,5,1.64,3.36,1.86,False
2021-10-04,US1SCAK0014,0,0.83,-0.83,0.38,False
2021-10-04,US1SCAK0023,0,0.58,-0.58,0.47,False
2021-10-04,US1SCAK0027,0,1.99,-1.99,-0.03,False
2021-10-04,US1SCAK0031,0,0.5,-0.5,0.5,False
2021-10-04,US1SCAK0032,0,0.49,-0.49,0.5,False
2021-10-04,US1SCAK0033,0,1.03,-1.03,0.31,False
2021-10-04,US1SCAK0039,0,0.54,-0.54,0.48,False
2021-10-04,US1SCAK0046,0,0.78,-0.78,0.4,False
2021-10-04,US1SCAK0051,0,0.89,-0.89,0.36,False
2021-10-04,US1SCAK0053,0,0.58,-0.58,0.47,False
2021-10-04,US1SCAK0057,0,0.51,-0.51,0.49,False
2021-10-04,US1SCAK0060,0,0.79,-0.79,0.4,False
2021-10-04,US1SCAK0069,0,0.53,-0.53,0.49,False
2021-10-04,US1SCAK0073,0,1.14,-1.14,0.27,False
2021-10-04,US1SCAK0074,0,0.54,-0.54,0.48,False
2021-10-04,US1SCAK0083,0,1.8,-1.8,0.04,False
2021-10-04,US1SCAK0097,0,0.86,-0.86,0.37,False
2021-10-04,US1SCAK0101,0,0.63,-0.63,0.45,False
2021-10-04,US1SCAL0002,0,6.94,-6.94,-1.77,False
2021-10-04,US1SCBF0002,0,10.53,-10.53,-3.03,False
2021-10-04,US1SCBF0015,0,7.82,-7.82,-2.07,False
2021-10-04,US1SCBF0022,0,7.03,-7.03,-1.8,False
2021-10-04,US1SCBF0032,0,14.36,-14.36,-4.38,True
2021-10-04,US1SCBF0036,0,15.11,-15.11,-4.64,True
2021-10-04,US1SCBF0037,0,23.41,-23.41,-7.56,True
2021-10-04,US1SCBF0050,0,7.73,-7.73,-2.04,False
2021-10-04,US1SCBF0053,0,17.8,-17.8,-5.59,True
2021-10-04,US1SCBF0055,0,10.41,-10.41,-2.98,False
2021-10-04,US1SCBF0059,0,11.62,-11.62,-3.41,False
2021-10-04,US1SCBF0066,0,12.93,-12.93,-3.87,True
2021-10-04,US1SCBF0067,0,10.89,-10.89,-3.15,False
2021-10-04,US1SCBF0080,0,18.12,-18.12,-5.7,True
2021-10-04,US1SCBF0091,0,20.53,-20.53,-6.54,True
2021-10-04,US1SCBF0092,0,8.48,-8.48,-2.31,False
2021-10-04,US1SCBF0093,0,17.39,-17.39,-5.44,True
2021-10-04,US1SCBF0096,5,27.87,-22.87,-7.37,True
2021-10-04,US1SCBF0098,0,18.89,-18.89,-5.97,True
2021-10-04,US1SCBF0099,0,11.99,-11.99,-3.54,True
2021-10-04,US1SCBF0100,0,6.6,-6.6,-1.65,False
2021-10-04,US1SCBF0104,0,7.63,-7.63,-2.01,False
2021-10-04,US1SCBF0111,5,24.35,-19.35,-6.13,True
2021-10-04,US1SCBF0112,0,25.28,-25.28,-8.21,True
2021-10-04,US1SCBK0017,30,37.2,-7.2,-1.86,False
2021-10-04,US1SCBK0038,64,29.42,34.58,12.83,True
2021-10-04,US1SCBK0046,43,41.16,1.84,1.32,False
2021-10-04,US1SCBK0048,23,27.7,-4.7,-0.98,False
2021-10-04,US1SCBK0055,43,34.23,8.77,3.76,True
2021-10-04,US1SCBK0056,13,31.42,-18.42,-5.8,True
2021-10-04,US1SCBK0059,0,28.7,-28.7,-9.42,True
2021-10-04,US1SCBK0061,10,31.16,-21.16,-6.77,True
2021-10-04,US1SCBK0065,30,36.37,-6.37,-1.57,False
2021-10-04,US1SCBK0071,30,36.42,-6.42,-1.58,False
2021-10-04,US1SCBK0079,20,29.86,-9.86,-2.79,False
2021-10-04,US1SCBK0081,0,31.95,-31.95,-10.56,True
2021-10-04,US1SCBK0082,8,34.61,-26.61,-8.68,True
2021-10-04,US1SCBK0085,0,37.13,-37.13,-12.38,True
2021-10-04,US1SCBM0001,0,4.97,-4.97,-1.07,False
2021-10-04,US1SCBM0006,0,17.6,-17.6,-5.51,True
2021-10-04,US1SCBW0003,0,2.65,-2.65,-0.26,False
2021-10-04,US1SCCA0002,0,1.0,-1.0,0.32,False
2021-10-04,US1SCCA0020,0,8.67,-8.67,-2.37,False
2021-10-04,US1SCCD0006,0,15.19,-15.19,-4.66,True
2021-10-04,US1SCCD0017,0,18.59,-18.59,-5.86,True
2021-10-04,US1SCCD0019,0,21.5,-21.5,-6.89,True
2021-10-04,US1SCCL0003,0,27.84,-27.84,-9.11,True
2021-10-04,US1SCCL0005,0,23.99,-23.99,-7.76,True
2021-10-04,US1SCCL0009,0,22.32,-22.32,-7.17,True
2021-10-04,US1SCCL0014,0,30.92,-30.92,-10.2,True
2021-10-04,US1SCCL0016,0,32.59,-32.59,-10.79,True
2021-10-04,US1SCCL0017,0,33.64,-33.64,-11.15,True
2021-10-04,US1SCCL0028,0,30.22,-30.22,-9.95,True
2021-10-04,US1SCCL0031,0,36.71,-36.71,-12.23,True
2021-10-04,US1SCCR0010,0,15.74,-15.74,-4.86,True
2021-10-04,US1SCCR0013,20,42.28,-22.28,-7.16,True
2021-10-04,US1SCCR0022,48,41.66,6.34,2.9,False
2021-10-04,US1SCCR0026,0,24.95,-24.95,-8.1,True
2021-10-04,US1SCCR0030,28,35.41,-7.41,-1.93,False
2021-10-04,US1SCCR0032,122,55.74,66.26,23.97,True
2021-10-04,US1SCCR0033,0,15.7,-15.7,-4.85,True
2021-10-04,US1SCCR0034,5,33.93,-28.93,-9.5,True
2021-10-04,US1SCCR0036,8,37.02,-29.02,-9.53,True
2021-10-04,US1SCCR0042,25,45.82,-20.82,-6.65,True
2021-10-04,US1SCCR0049,48,35.08,12.92,5.22,True
2021-10-04,US1SCCR0057,51,38.15,12.85,5.19,True
2021-10-04,US1SCCR0069,0,20.6,-20.6,-6.57,True
2021-10-04,US1SCCR0074,74,43.77,30.23,11.3,True
2021-10-04,US1SCCR0078,38,37.2,0.8,0.96,False
2021-10-04,US1SCCR0087,165,54.42,110.58,39.55,True
2021-10-04,US1SCCR0089,152,45.04,106.96,38.28,True
2021-10-04,US1SCCR0092,500,39.16,460.84,162.71,True
2021-10-04,US1SCCR0096,8,35.3,-27.3,-8.93,True
2021-10-04,US1SCCR0097,43,41.43,1.57,1.23,False
2021-10-04,US1SCCR0098,152,51.13,100.87,36.14,True
2021-10-04,US1SCCR0099,3,22.35,-19.35,-6.13,True
2021-10-04,US1SCCR0105,0,65.21,-65.21,-22.25,True
2021-10-04,US1SCCR0112,3,20.02,-17.02,-5.31,True
2021-10-04,US1SCCR0113,3,24.21,-21.21,-6.78,True
2021-10-04,US1SCCR0115,0,48.04,-48.04,-16.21,True
2021-10-04,US1SCCR0116,0,37.57,-37.57,-12.54,True
2021-10-04,US1SCCR0123,112,64.69,47.31,17.31,True
2021-10-04,US1SCCR0131,0,21.96,-21.96,-7.05,True
2021-10-04,US1SCCR0138,196,44.44,151.56,53.96,True
2021-10-04,US1SCCR0142,36,43.73,-7.73,-2.04,False
2021-10-04,US1SCCR0144,3,19.45,-16.45,-5.11,True
2021-10-04,US1SCCR0146,3,19.91,-16.91,-5.27,True
2021-10-04,US1SCCR0148,0,24.55,-24.55,-7.96,True
2021-10-04,US1SCCR0149,36,44.29,-8.29,-2.24,False
2021-10-04,US1SCCR0151,43,41.64,1.36,1.15,False
2021-10-04,US1SCCR0153,10,40.76,-30.76,-10.14,True
2021-10-04,US1SCCR0154,56,50.37,5.63,2.65,False
2021-10-04,US1SCCR0155,48,37.14,10.86,4.49,True
2021-10-04,US1SCCR0159,0,29.83,-29.83,-9.81,True
2021-10-04,US1SCCR0161,0,26.05,-26.05,-8.49,True
2021-10-04,US1SCCR0162,137,55.58,81.42,29.3,True
2021-10-04,US1SCCR0164,8,52.45,-44.45,-14.96,True
2021-10-04,US1SCCR0166,13,29.7,-16.7,-5.2,True
2021-10-04,US1SCCR0178,0,37.92,-37.92,-12.66,True
2021-10-04,US1SCCR0179,0,23.32,-23.32,-7.52,True
2021-10-04,US1SCCR0183,107,35.23,71.77,25.91,True
2021-10-04,US1SCCR0187,79,48.69,30.31,11.33,True
2021-10-04,US1SCCR0189,124,50.82,73.18,26.4,True
2021-10-04,US1SCCR0192,0,19.92,-19.92,-6.33,True
2021-10-04,US1SCCR0194,71,50.23,20.77,7.98,True
2021-10-04,US1SCCR0197,0,23.72,-23.72,-7.66,True
2021-10-04,US1SCCR0199,102,51.17,50.83,18.55,True
2021-10-04,US1SCCR0204,5,19.57,-14.57,-4.45,True
2021-10-04,US1SCCR0205,46,42.5,3.5,1.9,False
2021-10-04,US1SCCR0210,10,37.84,-27.84,-9.11,True
2021-10-04,US1SCCR0212,33,36.37,-3.37,-0.51,False
2021-10-04,US1SCCR0214,0,44.56,-44.56,-14.99,True
2021-10-04,US1SCCR0217,74,49.52,24.48,9.28,True
2021-10-04,US1SCCR0218,10,48.22,-38.22,-12.76,True
2021-10-04,US1SCCR0225,0,19.77,-19.77,-6.28,True
2021-10-04,US1SCCR0226,132,46.58,85.42,30.71,True
2021-10-04,US1SCCR0227,0,39.49,-39.49,-13.21,True
2021-10-04,US1SCCR0228,56,50.46,5.54,2.62,False
2021-10-04,US1SCCR0229,0,28.13,-28.13,-9.22,True
2021-10-04,US1SCCR0231,0,50.88,-50.88,-17.21,True
2021-10-04,US1SCCR0238,0,44.9,-44.9,-15.11,True
2021-10-04,US1SCCR0241,396,37.25,358.75,126.81,True
2021-10-04,US1SCCR0242,20,44.15,-24.15,-7.82,True
2021-10-04,US1SCCR0243,5,19.23,-14.23,-4.33,True
2021-10-04,US1SCDC0003,5,33.99,-28.99,-9.52,True
2021-10-04,US1SCDC0018,0,26.2,-26.2,-8.54,True
2021-10-04,US1SCDC0036,84,52.71,31.29,11.68,True
2021-10-04,US1SCDC0041,89,45.81,43.19,15.86,True
2021-10-04,US1SCDC0042,0,47.16,-47.16,-15.91,True
2021-10-04,US1SCDC0055,5,32.49,-27.49,-8.99,True
2021-10-04,US1SCDC0057,10,36.66,-26.66,-8.7,True
2021-10-04,US1SCDC0062,104,51.06,52.94,19.29,True
2021-10-04,US1SCDC0067,0,33.92,-33.92,-11.25,True
2021-10-04,US1SCDC0069,8,36.49,-28.49,-9.34,True
2021-10-04,US1SCDC0076,58,54.78,3.22,1.8,False
2021-10-04,US1SCDC0078,76,52.68,23.32,8.87,True
2021-10-04,US1SCDC0084,114,49.01,64.99,23.53,True
2021-10-04,US1SCDC0086,86,48.36,37.64,13.91,True
2021-10-04,US1SCDC0087,107,47.92,59.08,21.45,True
2021-10-04,US1SCED0002,0,0.57,-0.57,0.47,False
2021-10-04,US1SCED0013,0,0.56,-0.56,0.48,False
2021-10-04,US1SCED0016,0,0.59,-0.59,0.47,False
2021-10-04,US1SCED0018,0,0.63,-0.63,0.45,False
2021-10-04,US1SCGT0001,0,11.11,-11.11,-3.23,False
2021-10-04,US1SCGT0004,0,15.79,-15.79,-4.88,True
2021-10-04,US1SCGT0011,0,2.67,-2.67,-0.26,False
2021-10-04,US1SCGT0019,0,2.12,-2.12,-0.07,False
2021-10-04,US1SCGT0027,3,14.55,-11.55,-3.39,False
2021-10-04,US1SCGT0044,0,15.61,-15.61,-4.82,True
2021-10-04,US1SCGT0046,0,3.48,-3.48,-0.55,False
2021-10-04,US1SCHM0007,0,10.6,-10.6,-3.05,False
2021-10-04,US1SCHM0018,0,10.58,-10.58,-3.05,False
2021-10-04,US1SCHM0021,0,12.61,-12.61,-3.76,True
2021-10-04,US1SCHR0027,0,3.36,-3.36,-0.51,False
2021-10-04,US1SCHR0039,8,8.29,-0.29,0.57,False
2021-10-04,US1SCHR0061,3,2.13,0.87,0.98,False
2021-10-04,US1SCHR0063,0,1.63,-1.63,0.1,False
2021-10-04,US1SCHR0064,3,3.26,-0.26,0.58,False
2021-10-04,US1SCHR0065,0,2.02,-2.02,-0.03,False
2021-10-04,US1SCHR0066,0,4.1,-4.1,-0.77,False
2021-10-04,US1SCHR0067,0,2.97,-2.97,-0.37,False
2021-10-04,US1SCHR0073,58,2.14,55.86,20.32,True
2021-10-04,US1SCHR0075,0,2.54,-2.54,-0.22,False
2021-10-04,US1SCHR0106,0,2.18,-2.18,-0.09,False
2021-10-04,US1SCHR0111,0,3.51,-3.51,-0.56,False
2021-10-04,US1SCHR0119,0,3.79,-3.79,-0.66,False
2021-10-04,US1SCHR0122,0,1.7,-1.7,0.08,False
2021-10-04,US1SCHR0123,0,2.27,-2.27,-0.12,False
2021-10-04,US1SCHR0124,0,2.2,-2.2,-0.1,False
2021-10-04,US1SCHR0125,5,10.86,-5.86,-1.38,False
2021-10-04,US1SCHR0126,0,2.36,-2.36,-0.16,False
2021-10-04,US1SCHR0136,0,2.22,-2.22,-0.1,False
2021-10-04,US1SCHR0137,0,1.93,-1.93,-0.01,False
2021-10-04,US1SCJS0009,0,9.04,-9.04,-2.5,False
2021-10-04,US1SCLX0005,0,0.6,-0.6,0.46,False
2021-10-04,US1SCLX0022,0,0.61,-0.61,0.46,False
2021-10-04,US1SCLX0031,0,0.63,-0.63,0.45,False
2021-10-04,US1SCLX0069,0,0.54,-0.54,0.49,False
2021-10-04,US1SCLX0093,0,0.73,-0.73,0.42,False
2021-10-04,US1SCLX0096,0,1.12,-1.12,0.28,False
2021-10-04,US1SCLX0097,0,0.8,-0.8,0.39,False
2021-10-04,US1SCLX0098,0,0.67,-0.67,0.44,False
2021-10-04,US1SCLX0122,0,0.85,-0.85,0.37,False
2021-10-04,US1SCLX0127,0,0.7,-0.7,0.43,False
2021-10-04,US1SCLX0162,0,0.69,-0.69,0.43,False
2021-10-04,US1SCLX0184,0,0.7,-0.7,0.43,False
2021-10-04,US1SCLX0185,0,0.54,-0.54,0.48,False
2021-10-04,US1SCMC0005,0,3.34,-3.34,-0.5,False
2021-10-04,US1SCOR0022,0,22.1,-22.1,-7.1,True
2021-10-04,US1SCOR0025,0,10.29,-10.29,-2.94,False
2021-10-04,US1SCOR0041,0,18.12,-18.12,-5.7,True
2021-10-04,US1SCOR0048,0,2.52,-2.52,-0.21,False
2021-10-04,US1SCOR0049,0,19.09,-19.09,-6.04,True
2021-10-04,US1SCRC0030,0,1.06,-1.06,0.3,False
2021-10-04,US1SCRC0042,0,1.39,-1.39,0.19,False
2021-10-04,US1SCRC0122,0,1.57,-1.57,0.12,False
2021-10-04,US1SCSL0002,0,0.62,-0.62,0.46,False
2021-10-04,US1SCSL0010,0,0.78,-0.78,0.4,False
2021-10-04,US1SCSM0010,0,0.51,-0.51,0.5,False
2021-10-04,US1SCSM0013,0,0.51,-0.51,0.49,False
2021-10-04,US1SCSM0020,0,2.18,-2.18,-0.09,False
2021-10-04,US1SCSM0026,0,0.9,-0.9,0.36,False
2021-10-04,US1SCSM0030,0,0.75,-0.75,0.41,False
2021-10-04,US1SCSM0041,0,1.13,-1.13,0.28,False
2021-10-04,US1SCWL0002,0,11.74,-11.74,-3.45,False
2021-10-04,USC00080236,0,1.19,-1.19,0.26,False
2021-10-04,USC00080369,0,0.14,-0.14,0.63,False
2021-10-04,USC00080478,0,0.14,-0.14,0.63,False
2021-10-04,USC00080737,0,4.18,-4.18,-0.8,False
2021-10-04,USC00080945,0,0.07,-0.07,0.65,False
2021-10-04,USC00081276,18,3.85,14.15,5.65,True
2021-10-04,USC00081641,0,1.49,-1.49,0.15,False
2021-10-04,USC00082008,0,9.46,-9.46,-2.65,False
2021-10-04,USC00082150,0,16.31,-16.31,-5.06,True
2021-10-04,USC00082229,18,9.05,8.95,3.82,True
2021-10-04,USC00082298,0,2.64,-2.64,-0.25,False
2021-10-04,USC00083153,0,0.14,-0.14,0.63,False
2021-10-04,USC00083163,36,3.23,32.77,12.19,True
2021-10-04,USC00083207,0,1.61,-1.61,0.11,False
2021-10-04,USC00083874,0,12.77,-12.77,-3.81,True
2021-10-04,USC00084050,0,4.69,-4.69,-0.97,False
2021-10-04,USC00084289,0,4.43,-4.43,-0.88,False
2021-10-04,USC00084366,0,5.71,-5.71,-1.33,False
2021-10-04,USC00084461,0,2.63,-2.63,-0.25,False
2021-10-04,USC00084500,0,0.75,-0.75,0.41,False
2021-10-04,USC00084621,0,1.33,-1.33,0.21,False
2021-10-04,USC00084625,0,1.15,-1.15,0.27,False
2021-10-04,USC00084731,0,15.21,-15.21,-4.67,True
2021-10-04,USC00084802,0,0.24,-0.24,0.59,False
2021-10-04,USC00085076,0,3.21,-3.21,-0.45,False
2021-10-04,USC00085099,0,11.13,-11.13,-3.24,False
2021-10-04,USC00085184,0,2.62,-2.62,-0.25,False
2021-10-04,USC00085539,0,28.05,-28.05,-9.19,True
2021-10-04,USC00085612,0,2.99,-2.99,-0.38,False
2021-10-04,USC00085880,0,12.06,-12.06,-3.57,True
2021-10-04,USC00085895,0,1.99,-1.99,-0.02,False
2021-10-04,USC00086048,0,0.41,-0.41,0.53,False
2021-10-04,USC00086065,0,0.08,-0.08,0.65,False
2021-10-04,USC00086078,0,3.43,-3.43,-0.53,False
2021-10-04,USC00086092,0,1.12,-1.12,0.28,False
2021-10-04,USC00086634,0,2.43,-2.43,-0.18,False
2021-10-04,USC00086761,0,1.01,-1.01,0.32,False
2021-10-04,USC00086764,0,2.8,-2.8,-0.31,False
2021-10-04,USC00087025,114,6.04,107.96,38.63,True
2021-10-04,USC00087205,0,0.42,-0.42,0.53,False
2021-10-04,USC00087228,0,4.47,-4.47,-0.9,False
2021-10-04,USC00087304,0,2.23,-2.23,-0.11,False
2021-10-04,USC00087397,0,0.02,-0.02,0.67,False
2021-10-04,USC00087851,0,0.3,-0.3,0.57,False
2021-10-04,USC00087982,0,5.1,-5.1,-1.12,False
2021-10-04,USC00088051,0,5.41,-5.41,-1.23,False
2021-10-04,USC00088368,0,3.93,-3.93,-0.71,False
2021-10-04,USC00088620,0,1.36,-1.36,0.2,False
2021-10-04,USC00088782,0,0.12,-0.12,0.63,False
2021-10-04,USC00088824,0,0.23,-0.23,0.59,False
2021-10-04,USC00088942,0,4.57,-4.57,-0.93,False
2021-10-04,USC00089120,196,18.15,177.85,63.21,True
2021-10-04,USC00089176,0,0.08,-0.08,0.65,False
2021-10-04,USC00089219,0,0.76,-0.76,0.41,False
2021-10-04,USC00089401,0,0.12,-0.12,0.63,False
2021-10-04,USC00090311,0,1.37,-1.37,0.19,False
2021-10-04,USC00091266,0,0.36,-0.36,0.55,False
2021-10-04,USC00092266,330,26.42,303.58,107.41,True
2021-10-04,USC00092361,122,55.5,66.5,24.06,True
2021-10-04,USC00092844,0,9.53,-9.53,-2.67,False
2021-10-04,USC00092966,0,14.15,-14.15,-4.3,True
2021-10-04,USC00093538,0,0.21,-0.21,0.6,False
2021-10-04,USC00093754,0,0.62,-0.62,0.46,False
2021-10-04,USC00094170,0,36.79,-36.79,-12.26,True
2021-10-04,USC00094862,0,1.52,-1.52,0.14,False
2021-10-04,USC00095204,0,5.17,-5.17,-1.14,False
2021-10-04,USC00095205,0,4.86,-4.86,-1.03,False
2021-10-04,USC00095314,0,0.43,-0.43,0.52,False
2021-10-04,USC00095863,0,1.04,-1.04,0.31,False
2021-10-04,USC00095988,0,43.22,-43.22,-14.52,True
2021-10-04,USC00096087,0,15.47,-15.47,-4.76,True
2021-10-04,USC00096126,0,0.94,-0.94,0.34,False
2021-10-04,USC00097528,0,0.9,-0.9,0.36,False
2021-10-04,USC00097777,0,3.22,-3.22,-0.46,False
2021-10-04,USC00097808,0,0.07,-0.07,0.65,False
2021-10-04,USC00098677,0,2.73,-2.73,-0.29,False
2021-10-04,USC00098703,20,11.88,8.12,3.53,True
2021-10-04,USC00099124,25,30.1,-5.1,-1.12,False
2021-10-04,USC00099194,0,0.9,-0.9,0.36,False
2021-10-04,USC00380184,0,20.55,-20.55,-6.55,True
2021-10-04,USC00380448,0,11.05,-11.05,-3.21,False
2021-10-04,USC00380490,0,4.23,-4.23,-0.81,False
2021-10-04,USC00380506,0,0.71,-0.71,0.43,False
2021-10-04,USC00381093,0,3.09,-3.09,-0.41,False
2021-10-04,USC00381241,0,11.12,-11.12,-3.24,False
2021-10-04,USC00381726,0,0.76,-0.76,0.41,False
2021-10-04,USC00381944,10,0.4,9.6,4.05,True
2021-10-04,USC00383470,0,15.32,-15.32,-4.71,True
2021-10-04,USC00384205,0,27.48,-27.48,-8.99,True
2021-10-04,USC00384449,0,27.81,-27.81,-9.1,True
2021-10-04,USC00384607,0,0.7,-0.7,0.43,False
2021-10-04,USC00384886,0,3.89,-3.89,-0.69,False
2021-10-04,USC00385493,0,12.93,-12.93,-3.87,True
2021-10-04,USC00385946,25,30.21,-5.21,-1.16,False
2021-10-04,USC00386153,0,2.82,-2.82,-0.32,False
2021-10-04,USC00386527,8,10.36,-2.36,-0.16,False
2021-10-04,USC00386775,0,0.9,-0.9,0.36,False
2021-10-04,USC00387631,0,0.65,-0.65,0.45,False
2021-10-04,USC00388426,51,46.42,4.58,2.28,False
2021-10-04,USC00388440,0,1.14,-1.14,0.28,False
2021-10-04,USC00388474,0,1.09,-1.09,0.29,False
2021-10-04,USC00388879,0,0.76,-0.76,0.41,False
2021-10-04,USC00388922,0,28.37,-28.37,-9.3,True
2021-10-04,USC00389469,0,23.9,-23.9,-7.73,True
2021-10-04,USW00003728,0,24.14,-24.14,-7.81,True
2021-10-04,USW00003813,112,33.61,78.39,28.24,True
2021-10-04,USW00003820,8,0.48,7.52,3.32,False
2021-10-04,USW00003822,0,0.35,-0.35,0.55,False
2021-10-04,USW00003853,0,5.69,-5.69,-1.32,False
2021-10-04,USW00012812,0,0.02,-0.02,0.67,False
2021-10-04,USW00012815,0,2.72,-2.72,-0.28,False
2021-10-04,USW00012816,0,32.42,-32.42,-10.73,True
2021-10-04,USW00012818,0,0.55,-0.55,0.48,False
2021-10-04,USW00012819,0,3.04,-3.04,-0.39,False
2021-10-04,USW00012833,0,9.46,-9.46,-2.65,False
2021-10-04,USW00012834,0,14.91,-14.91,-4.57,True
2021-10-04,USW00012835,0,0.36,-0.36,0.55,False
2021-10-04,USW00012838,0,2.4,-2.4,-0.17,False
2021-10-04,USW00012841,0,2.83,-2.83,-0.32,False
2021-10-04,USW00012842,0,0.21,-0.21,0.6,False
2021-10-04,USW00012843,0,0.72,-0.72,0.42,False
2021-10-04,USW00012844,0,2.47,-2.47,-0.19,False
2021-10-04,USW00012849,0,6.15,-6.15,-1.49,False
2021-10-04,USW00012854,0,4.83,-4.83,-1.03,False
2021-10-04,USW00012861,0,9.5,-9.5,-2.67,False
2021-10-04,USW00012871,0,0.08,-0.08,0.65,False
2021-10-04,USW00012873,0,0.16,-0.16,0.62,False
2021-10-04,USW00012876,0,0.17,-0.17,0.61,False
2021-10-04,USW00012883,0,0.27,-0.27,0.58,False
2021-10-04,USW00012885,0,5.11,-5.11,-1.12,False
2021-10-04,USW00012894,0,0.56,-0.56,0.48,False
2021-10-04,USW00012895,0,1.57,-1.57,0.12,False
2021-10-04,USW00012897,0,3.55,-3.55,-0.57,False
2021-10-04,USW00013782,0,37.65,-37.65,-12.56,True
2021-10-04,USW00013837,0,0.52,-0.52,0.49,False
2021-10-04,USW00013870,0,1.2,-1.2,0.25,False
2021-10-04,USW00013873,117,26.7,90.3,32.42,True
2021-10-04,USW00013878,0,0.83,-0.83,0.38,False
2021-10-04,USW00013880,0,38.97,-38.97,-13.03,True
2021-10-04,USW00013883,0,0.82,-0.82,0.39,False
2021-10-04,USW00013889,0,2.03,-2.03,-0.04,False
2021-10-04,USW00053854,10,11.59,-1.59,0.11,False
2021-10-04,USW00053860,0,11.49,-11.49,-3.36,False
2021-10-04,USW00053867,0,1.23,-1.23,0.24,False
2021-10-04,USW00063803,5,39.49,-34.49,-11.45,True
2021-10-04,USW00063826,60,0.38,59.62,21.64,True
2021-10-04,USW00063850,35,26.86,8.14,3.54,True
2021-10-04,USW00063856,0,2.59,-2.59,-0.24,False
2021-10-04,USW00063890,0,9.49,-9.49,-2.66,False
2021-10-04,USW00092805,8,3.18,4.82,2.37,False
2021-10-04,USW00092806,0,0.13,-0.13,0.63,False
2021-10-04,USW00092814,0,8.78,-8.78,-2.41,False
2021-10-04,USW00092821,0,4.61,-4.61,-0.95,False
2021-10-04,USW00092827,0,1.17,-1.17,0.26,False
2021-10-04,USW00093718,0,2.05,-2.05,-0.05,False
2021-10-04,USW00093831,0,20.43,-20.43,-6.51,True
2021-10-04,USW00093837,0,8.48,-8.48,-2.31,False
2021-10-04,USW00093845,0,4.71,-4.71,-0.98,False
2021-10-05,US1FLAL0002,0,10.73,-10.73,-0.84,False
2021-10-05,US1FLAL0004,0,11.27,-11.27,-0.92,False
2021-10-05,US1FLAL0007,0,12.03,-12.03,-1.02,False
2021-10-05,US1FLAL0010,46,23.28,22.72,3.88,True
2021-10-05,US1FLAL0017,0,11.24,-11.24,-0.91,False
2021-10-05,US1FLAL0026,0,11.79,-11.79,-0.99,False
2021-10-05,US1FLAL0031,10,17.19,-7.19,-0.34,False
2021-10-05,US1FLAL0048,287,7.38,279.62,40.1,True
2021-10-05,US1FLAL0050,0,13.76,-13.76,-1.27,False
2021-10-05,US1FLAL0051,0,9.13,-9.13,-0.61,False
2021-10-05,US1FLAL0054,0,9.4,-9.4,-0.65,False
2021-10-05,US1FLAL0055,5,19.73,-14.73,-1.4,False
2021-10-05,US1FLAL0058,0,11.25,-11.25,-0.91,False
2021-10-05,US1FLAL0060,0,18.85,-18.85,-1.98,False
2021-10-05,US1FLAL0062,15,7.94,7.06,1.67,False
2021-10-05,US1FLAL0063,5,18.41,-13.41,-1.22,False
2021-10-05,US1FLAL0071,0,8.99,-8.99,-0.59,False
2021-10-05,US1FLAL0075,0,13.74,-13.74,-1.26,False
2021-10-05,US1FLAL0079,0,11.0,-11.0,-0.88,False
2021-10-05,US1FLAL0080,15,15.32,-0.32,0.63,False
2021-10-05,US1FLAL0081,0,11.48,-11.48,-0.94,False
2021-10-05,US1FLAL0096,0,11.07,-11.07,-0.89,False
2021-10-05,US1FLAL0097,3,19.39,-16.39,-1.64,False
2021-10-05,US1FLBK0005,0,5.47,-5.47,-0.1,False
2021-10-05,US1FLBK0006,0,5.58,-5.58,-0.11,False
2021-10-05,US1FLBK0007,0,5.52,-5.52,-0.1,False
2021-10-05,US1FLBV0001,0,0.63,-0.63,0.59,False
2021-10-05,US1FLBV0002,0,2.08,-2.08,0.38,False
2021-10-05,US1FLBV0005,0,1.09,-1.09,0.52,False
2021-10-05,US1FLBV0006,0,2.48,-2.48,0.33,False
2021-10-05,US1FLBV0012,46,1.78,44.22,6.91,True
2021-10-05,US1FLBV0013,0,2.58,-2.58,0.31,False
2021-10-05,US1FLBV0020,0,2.41,-2.41,0.33,False
2021-10-05,US1FLBV0023,0,3.44,-3.44,0.19,False
2021-10-05,US1FLBV0028,0,0.98,-0.98,0.54,False
2021-10-05,US1FLBV0036,0,3.36,-3.36,0.2,False
2021-10-05,US1FLBV0052,0,3.6,-3.6,0.17,False
2021-10-05,US1FLBV0054,0,4.28,-4.28,0.07,False
2021-10-05,US1FLBV0059,0,0.62,-0.62,0.59,False
2021-10-05,US1FLBV0063,0,2.01,-2.01,0.39,False
2021-10-05,US1FLBV0067,0,0.63,-0.63,0.59,False
2021-10-05,US1FLBV0072,0,0.85,-0.85,0.56,False
2021-10-05,US1FLBV0078,0,4.34,-4.34,0.06,False
2021-10-05,US1FLBV0089,18,6.27,11.73,2.33,False
2021-10-05,US1FLBV0092,0,2.87,-2.87,0.27,False
2021-10-05,US1FLBV0095,0,3.29,-3.29,0.21,False
2021-10-05,US1FLBV0099,0,1.4,-1.4,0.48,False
2021-10-05,US1FLBV0102,0,1.01,-1.01,0.53,False
2021-10-05,US1FLBV0107,3,2.49,0.51,0.75,False
2021-10-05,US1FLBV0109,0,2.89,-2.89,0.27,False
2021-10-05,US1FLBV0110,0,1.42,-1.42,0.47,False
2021-10-05,US1FLBV0111,0,1.87,-1.87,0.41,False
2021-10-05,US1FLBV0113,15,7.41,7.59,1.74,False
2021-10-05,US1FLBV0114,0,1.42,-1.42,0.47,False
2021-10-05,US1FLBV0118,0,1.04,-1.04,0.53,False
2021-10-05,US1FLBV0123,0,1.03,-1.03,0.53,False
2021-10-05,US1FLBV0125,5,1.59,3.41,1.16,False
2021-10-05,US1FLBW0007,0,1.94,-1.94,0.4,False
2021-10-05,US1FLBW0016,0,3.35,-3.35,0.2,False
2021-10-05,US1FLBW0076,0,3.65,-3.65,0.16,False
2021-10-05,US1FLBW0079,0,1.75,-1.75,0.43,False
2021-10-05,US1FLBW0099,69,8.44,60.56,9.21,True
2021-10-05,US1FLBW0110,0,4.75,-4.75,0.01,False
2021-10-05,US1FLBW0121,0,2.17,-2.17,0.37,False
2021-10-05,US1FLBW0137,8,1.44,6.56,1.6,False
2021-10-05,US1FLBW0151,0,5.08,-5.08,-0.04,False
2021-10-05,US1FLBW0155,0,10.04,-10.04,-0.74,False
2021-10-05,US1FLBW0159,0,2.95,-2.95,0.26,False
2021-10-05,US1FLBW0160,0,5.14,-5.14,-0.05,False
2021-10-05,US1FLBW0161,71,8.36,62.64,9.51,True
2021-10-05,US1FLBW0162,0,1.71,-1.71,0.43,False
2021-10-05,US1FLBW0165,0,1.63,-1.63,0.45,False
2021-10-05,US1FLBW0166,15,10.6,4.4,1.29,False
2021-10-05,US1FLBW0167,0,2.0,-2.0,0.39,False
2021-10-05,US1FLCB0010,0,4.01,-4.01,0.11,False
2021-10-05,US1FLCB0012,0,5.65,-5.65,-0.12,False
2021-10-05,US1FLCB0019,0,5.81,-5.81,-0.14,False
2021-10-05,US1FLCB0024,0,7.34,-7.34,-0.36,False
2021-10-05,US1FLCB0025,0,4.4,-4.4,0.05,False
2021-10-05,US1FLCB0026,0,7.32,-7.32,-0.36,False
2021-10-05,US1FLCH0013,0,1.68,-1.68,0.44,False
2021-10-05,US1FLCH0015,0,4.68,-4.68,0.01,False
2021-10-05,US1FLCH0017,0,2.75,-2.75,0.29,False
2021-10-05,US1FLCH0019,0,2.71,-2.71,0.29,False
2021-10-05,US1FLCH0023,0,2.68,-2.68,0.3,False
2021-10-05,US1FLCH0029,0,3.24,-3.24,0.22,False
2021-10-05,US1FLCH0034,0,1.72,-1.72,0.43,False
2021-10-05,US1FLCH0035,0,1.32,-1.32,0.49,False
2021-10-05,US1FLCH0036,0,2.8,-2.8,0.28,False
2021-10-05,US1FLCH0038,0,2.26,-2.26,0.36,False
2021-10-05,US1FLCH0039,0,1.77,-1.77,0.42,False
2021-10-05,US1FLCH0040,0,1.54,-1.54,0.46,False
2021-10-05,US1FLCR0012,0,19.76,-19.76,-2.11,False
2021-10-05,US1FLCR0013,0,19.28,-19.28,-2.04,False
2021-10-05,US1FLCR0052,155,24.91,130.09,19.02,True
2021-10-05,US1FLCR0057,213,20.9,192.1,27.76,True
2021-10-05,US1FLCR0059,0,28.9,-28.9,-3.4,False
2021-10-05,US1FLCR0062,0,21.8,-21.8,-2.4,False
2021-10-05,US1FLCR0066,0,21.93,-21.93,-2.42,False
2021-10-05,US1FLCT0008,0,10.79,-10.79,-0.85,False
2021-10-05,US1FLCT0011,0,13.06,-13.06,-1.17,False
2021-10-05,US1FLCT0015,0,9.72,-9.72,-0.7,False
2021-10-05,US1FLCT0024,0,11.12,-11.12,-0.89,False
2021-10-05,US1FLCT0030,0,8.32,-8.32,-0.5,False
2021-10-05,US1FLCT0034,0,13.38,-13.38,-1.21,False
2021-10-05,US1FLCT0036,0,9.07,-9.07,-0.6,False
2021-10-05,US1FLCT0037,0,13.82,-13.82,-1.27,False
2021-10-05,US1FLCT0038,0,8.29,-8.29,-0.5,False
2021-10-05,US1FLCT0039,0,9.36,-9.36,-0.65,False
2021-10-05,US1FLCT0041,13,10.07,2.93,1.09,False
2021-10-05,US1FLCT0042,122,8.04,113.96,16.74,True
2021-10-05,US1FLCT0043,0,8.93,-8.93,-0.58,False
2021-10-05,US1FLCY0001,0,3.84,-3.84,0.13,False
2021-10-05,US1FLCY0003,0,5.56,-5.56,-0.11,False
2021-10-05,US1FLCY0007,0,6.41,-6.41,-0.23,False
2021-10-05,US1FLCY0025,0,4.2,-4.2,0.08,False
2021-10-05,US1FLCY0037,0,3.92,-3.92,0.12,False
2021-10-05,US1FLCY0038,0,4.47,-4.47,0.04,False
2021-10-05,US1FLCY0039,0,4.03,-4.03,0.11,False
2021-10-05,US1FLCY0042,0,4.52,-4.52,0.04,False
2021-10-05,US1FLCY0051,0,4.24,-4.24,0.08,False
2021-10-05,US1FLCY0054,0,4.41,-4.41,0.05,False
2021-10-05,US1FLCY0055,0,4.04,-4.04,0.1,False
2021-10-05,US1FLDS0003,0,3.1,-3.1,0.24,False
2021-10-05,US1FLDV0003,0,5.96,-5.96,-0.17,False
2021-10-05,US1FLDV0013,0,6.97,-6.97,-0.31,False
2021-10-05,US1FLDV0021,51,9.65,41.35,6.51,True
2021-10-05,US1FLDV0028,3,7.66,-4.66,0.02,False
2021-10-05,US1FLDV0033,69,4.15,64.85,9.82,True
2021-10-05,US1FLDV0042,0,6.29,-6.29,-0.21,False
2021-10-05,US1FLDV0050,0,12.46,-12.46,-1.08,False
2021-10-05,US1FLDV0059,18,7.55,10.45,2.15,False
2021-10-05,US1FLDV0063,0,5.99,-5.99,-0.17,False
2021-10-05,US1FLDV0069,0,7.86,-7.86,-0.43,False
2021-10-05,US1FLDV0071,0,8.61,-8.61,-0.54,False
2021-10-05,US1FLDV0079,3,4.95,-1.95,0.4,False
2021-10-05,US1FLDV0091,3,12.48,-9.48,-0.66,False
2021-10-05,US1FLDV0094,3,6.45,-3.45,0.19,False
2021-10-05,US1FLDV0098,0,4.99,-4.99,-0.03,False
2021-10-05,US1FLDV0106,0,4.41,-4.41,0.05,False
2021-10-05,US1FLDV0117,0,4.53,-4.53,0.04,False
2021-10-05,US1FLDV0118,0,5.94,-5.94,-0.16,False
2021-10-05,US1FLDX0003,20,7.1,12.9,2.49,False
2021-10-05,US1FLFL0019,0,5.1,-5.1,-0.04,False
2021-10-05,US1FLFL0024,0,3.59,-3.59,0.17,False
2021-10-05,US1FLFL0030,0,4.56,-4.56,0.03,False
2021-10-05,US1FLFL0032,0,3.64,-3.64,0.16,False
2021-10-05,US1FLFL0033,0,6.82,-6.82,-0.29,False
2021-10-05,US1FLFL0035,0,4.08,-4.08,0.1,False
2021-10-05,US1FLFL0036,0,4.14,-4.14,0.09,False
2021-10-05,US1FLFL0037,5,4.47,0.53,0.75,False
2021-10-05,US1FLFL0039,13,4.78,8.22,1.83,False
2021-10-05,US1FLFL0040,0,4.89,-4.89,-0.01,False
2021-10-05,US1FLFL0043,0,5.27,-5.27,-0.07,False
2021-10-05,US1FLFL0047,0,4.36,-4.36,0.06,False
2021-10-05,US1FLFL0049,33,3.75,29.25,4.8,True
2021-10-05,US1FLFL0050,8,6.05,1.95,0.95,False
2021-10-05,US1FLGC0003,0,11.26,-11.26,-0.91,False
2021-10-05,US1FLGC0008,0,9.75,-9.75,-0.7,False
2021-10-05,US1FLGL0007,0,6.17,-6.17,-0.2,False
2021-10-05,US1FLGL0013,0,4.93,-4.93,-0.02,False
2021-10-05,US1FLHB0001,0,2.89,-2.89,0.27,False
2021-10-05,US1FLHB0004,0,1.65,-1.65,0.44,False
2021-10-05,US1FLHB0005,0,1.91,-1.91,0.41,False
2021-10-05,US1FLHB0010,0,1.19,-1.19,0.51,False
2021-10-05,US1FLHB0017,0,1.19,-1.19,0.51,False
2021-10-05,US1FLHB0027,0,2.18,-2.18,0.37,False
2021-10-05,US1FLHB0029,0,1.82,-1.82,0.42,False
2021-10-05,US1FLHB0033,0,2.01,-2.01,0.39,False
2021-10-05,US1FLHB0037,0,2.43,-2.43,0.33,False
2021-10-05,US1FLHB0040,0,2.13,-2.13,0.37,False
2021-10-05,US1FLHB0044,0,7.03,-7.03,-0.32,False
2021-10-05,US1FLHB0048,0,1.97,-1.97,0.4,False
2021-10-05,US1FLHB0051,0,2.17,-2.17,0.37,False
2021-10-05,US1FLHB0055,0,1.82,-1.82,0.42,False
2021-10-05,US1FLHB0060,0,1.59,-1.59,0.45,False
2021-10-05,US1FLHB0069,0,1.6,-1.6,0.45,False
2021-10-05,US1FLHB0098,0,1.21,-1.21,0.5,False
2021-10-05,US1FLHB0107,0,1.06,-1.06,0.53,False
2021-10-05,US1FLHB0114,0,1.59,-1.59,0.45,False
2021-10-05,US1FLHB0120,0,1.53,-1.53,0.46,False
2021-10-05,US1FLHB0130,0,0.93,-0.93,0.54,False
2021-10-05,US1FLHB0136,0,1.6,-1.6,0.45,False
2021-10-05,US1FLHB0139,0,1.13,-1.13,0.52,False
2021-10-05,US1FLHB0140,0,1.91,-1.91,0.41,False
2021-10-05,US1FLHB0141,3,1.35,1.65,0.91,False
2021-10-05,US1FLHB0154,0,2.18,-2.18,0.37,False
2021-10-05,US1FLHB0156,0,1.58,-1.58,0.45,False
2021-10-05,US1FLHB0160,0,1.8,-1.8,0.42,False
2021-10-05,US1FLHB0162,0,1.8,-1.8,0.42,False
2021-10-05,US1FLHB0163,0,1.64,-1.64,0.44,False
2021-10-05,US1FLHB0166,0,1.55,-1.55,0.46,False
2021-10-05,US1FLHB0167,0,1.21,-1.21,0.5,False
2021-10-05,US1FLHB0168,0,1.73,-1.73,0.43,False
2021-10-05,US1FLHD0003,0,0.8,-0.8,0.56,False
2021-10-05,US1FLHL0001,0,1.24,-1.24,0.5,False
2021-10-05,US1FLHL0003,0,1.38,-1.38,0.48,False
2021-10-05,US1FLHL0012,0,0.61,-0.61,0.59,False
2021-10-05,US1FLHL0013,0,0.59,-0.59,0.59,False
2021-10-05,US1FLHL0030,0,0.59,-0.59,0.59,False
2021-10-05,US1FLHL0038,0,0.53,-0.53,0.6,False
2021-10-05,US1FLHL0043,0,0.57,-0.57,0.59,False
2021-10-05,US1FLHM0005,0,4.07,-4.07,0.1,False
2021-10-05,US1FLHN0007,0,6.99,-6.99,-0.31,False
2021-10-05,US1FLHN0008,0,5.95,-5.95,-0.17,False
2021-10-05,US1FLHN0014,0,4.86,-4.86,-0.01,False
2021-10-05,US1FLHN0022,0,6.57,-6.57,-0.25,False
2021-10-05,US1FLHN0024,0,6.97,-6.97,-0.31,False
2021-10-05,US1FLHN0026,0,4.72,-4.72,0.01,False
2021-10-05,US1FLHN0035,0,4.45,-4.45,0.05,False
2021-10-05,US1FLHN0039,0,6.82,-6.82,-0.29,False
2021-10-05,US1FLHN0040,0,5.89,-5.89,-0.16,False
2021-10-05,US1FLHN0043,0,7.08,-7.08,-0.32,False
2021-10-05,US1FLHY0003,0,7.31,-7.31,-0.36,False
2021-10-05,US1FLHY0011,0,7.18,-7.18,-0.34,False
2021-10-05,US1FLHY0012,0,9.74,-9.74,-0.7,False
2021-10-05,US1FLIR0006,0,0.28,-0.28,0.64,False
2021-10-05,US1FLIR0015,0,0.28,-0.28,0.63,False
2021-10-05,US1FLIR0019,0,0.83,-0.83,0.56,False
2021-10-05,US1FLIR0024,0,0.29,-0.29,0.63,False
2021-10-05,US1FLIR0026,0,0.41,-0.41,0.62,False
2021-10-05,US1FLIR0036,0,0.42,-0.42,0.62,False
2021-10-05,US1FLIR0041,0,0.47,-0.47,0.61,False
2021-10-05,US1FLIR0048,0,0.55,-0.55,0.6,False
2021-10-05,US1FLIR0050,0,0.31,-0.31,0.63,False
2021-10-05,US1FLIR0051,0,0.95,-0.95,0.54,False
2021-10-05,US1FLJF0007,0,0.73,-0.73,0.57,False
2021-10-05,US1FLJF0009,0,0.89,-0.89,0.55,False
2021-10-05,US1FLJF0010,0,0.79,-0.79,0.56,False
2021-10-05,US1FLLE0006,0,10.97,-10.97,-0.87,False
2021-10-05,US1FLLE0022,0,10.59,-10.59,-0.82,False
2021-10-05,US1FLLE0037,0,10.94,-10.94,-0.87,False
2021-10-05,US1FLLE0055,0,16.74,-16.74,-1.69,False
2021-10-05,US1FLLE0057,0,10.26,-10.26,-0.77,False
2021-10-05,US1FLLE0059,0,8.09,-8.09,-0.47,False
2021-10-05,US1FLLE0065,0,13.74,-13.74,-1.26,False
2021-10-05,US1FLLE0068,0,14.4,-14.4,-1.36,False
2021-10-05,US1FLLE0072,0,10.69,-10.69,-0.83,False
2021-10-05,US1FLLK0003,180,20.49,159.51,23.17,True
2021-10-05,US1FLLK0016,0,10.94,-10.94,-0.87,False
2021-10-05,US1FLLK0021,0,10.57,-10.57,-0.82,False
2021-10-05,US1FLLK0022,0,10.19,-10.19,-0.76,False
2021-10-05,US1FLLK0023,0,11.7,-11.7,-0.97,False
2021-10-05,US1FLLK0028,0,13.97,-13.97,-1.3,False
2021-10-05,US1FLLK0030,140,7.24,132.76,19.39,True
2021-10-05,US1FLLK0031,0,14.11,-14.11,-1.31,False
2021-10-05,US1FLLK0036,241,16.16,224.84,32.38,True
2021-10-05,US1FLLK0043,0,10.79,-10.79,-0.85,False
2021-10-05,US1FLLK0044,0,7.61,-7.61,-0.4,False
2021-10-05,US1FLLK0045,0,8.93,-8.93,-0.59,False
2021-10-05,US1FLLV0001,0,12.57,-12.57,-1.1,False
2021-10-05,US1FLLV0004,0,9.94,-9.94,-0.73,False
2021-10-05,US1FLLV0014,0,10.16,-10.16,-0.76,False
2021-10-05,US1FLLV0015,0,10.85,-10.85,-0.86,False
2021-10-05,US1FLLV0017,0,9.79,-9.79,-0.71,False
2021-10-05,US1FLLV0018,0,12.14,-12.14,-1.04,False
2021-10-05,US1FLMA0006,0,0.75,-0.75,0.57,False
2021-10-05,US1FLMA0010,0,0.46,-0.46,0.61,False
2021-10-05,US1FLMA0011,0,0.67,-0.67,0.58,False
2021-10-05,US1FLMA0022,0,0.82,-0.82,0.56,False
2021-10-05,US1FLMA0028,0,0.73,-0.73,0.57,False
2021-10-05,US1FLMA0029,0,0.57,-0.57,0.59,False
2021-10-05,US1FLMA0032,0,0.46,-0.46,0.61,False
2021-10-05,US1FLMA0034,0,0.51,-0.51,0.6,False
2021-10-05,US1FLMA0040,0,0.74,-0.74,0.57,False
2021-10-05,US1FLMA0041,0,0.5,-0.5,0.6,False
2021-10-05,US1FLMA0043,0,0.48,-0.48,0.61,False
2021-10-05,US1FLMA0044,0,0.5,-0.5,0.6,False
2021-10-05,US1FLMR0003,0,7.39,-7.39,-0.37,False
2021-10-05,US1FLMR0004,0,8.78,-8.78,-0.56,False
2021-10-05,US1FLMR0012,206,8.26,197.74,28.56,True
2021-10-05,US1FLMR0013,0,9.04,-9.04,-0.6,False
2021-10-05,US1FLMR0018,0,14.19,-14.19,-1.33,False
2021-10-05,US1FLMR0020,0,8.89,-8.89,-0.58,False
2021-10-05,US1FLMR0032,69,8.83,60.17,9.16,True
2021-10-05,US1FLMR0036,0,13.26,-13.26,-1.2,False
2021-10-05,US1FLMR0042,0,8.75,-8.75,-0.56,False
2021-10-05,US1FLMR0054,0,12.95,-12.95,-1.15,False
2021-10-05,US1FLMR0056,0,14.25,-14.25,-1.34,False
2021-10-05,US1FLMR0057,0,11.62,-11.62,-0.96,False
2021-10-05,US1FLMR0059,0,15.92,-15.92,-1.57,False
2021-10-05,US1FLMR0065,0,12.77,-12.77,-1.13,False
2021-10-05,US1FLMR0066,0,7.53,-7.53,-0.39,False
2021-10-05,US1FLMR0068,5,11.38,-6.38,-0.22,False
2021-10-05,US1FLMR0074,3,14.18,-11.18,-0.9,False
2021-10-05,US1FLMT0016,0,0.14,-0.14,0.66,False
2021-10-05,US1FLMT0018,0,0.0,0.0,0.67,False
2021-10-05,US1FLMT0021,0,0.0,0.0,0.67,False
2021-10-05,US1FLMT0026,0,0.05,-0.05,0.67,False
2021-10-05,US1FLMT0028,0,0.01,-0.01,0.67,False
2021-10-05,US1FLMT0031,0,0.0,0.0,0.67,False
2021-10-05,US1FLMT0035,0,0.03,-0.03,0.67,False
2021-10-05,US1FLMT0036,0,0.01,-0.01,0.67,False
2021-10-05,US1FLMT0037,0,0.03,-0.03,0.67,False
2021-10-05,US1FLMT0039,0,0.0,0.0,0.67,False
2021-10-05,US1FLMT0042,0,0.04,-0.04,0.67,False
2021-10-05,US1FLMT0043,0,0.0,0.0,0.67,False
2021-10-05,US1FLMT0045,0,0.03,-0.03,0.67,False
2021-10-05,US1FLMT0046,0,0.03,-0.03,0.67,False
2021-10-05,US1FLNS0012,0,4.2,-4.2,0.08,False
2021-10-05,US1FLNS0014,0,6.55,-6.55,-0.25,False
2021-10-05,US1FLNS0017,0,3.42,-3.42,0.19,False
2021-10-05,US1FLNS0021,0,3.46,-3.46,0.19,False
2021-10-05,US1FLNS0022,0,3.46,-3.46,0.19,False
2021-10-05,US1FLOB0002,0,0.55,-0.55,0.6,False
2021-10-05,US1FLOR0019,0,4.69,-4.69,0.01,False
2021-10-05,US1FLOR0025,0,6.69,-6.69,-0.27,False
2021-10-05,US1FLOR0026,0,4.85,-4.85,-0.01,False
2021-10-05,US1FLOR0027,0,4.76,-4.76,0.0,False
2021-10-05,US1FLOR0030,0,4.97,-4.97,-0.03,False
2021-10-05,US1FLOR0034,0,7.74,-7.74,-0.42,False
2021-10-05,US1FLOR0035,0,6.94,-6.94,-0.3,False
2021-10-05,US1FLOR0043,0,6.9,-6.9,-0.3,False
2021-10-05,US1FLOR0046,0,5.81,-5.81,-0.15,False
2021-10-05,US1FLOR0054,0,7.65,-7.65,-0.4,False
2021-10-05,US1FLOR0055,0,6.6,-6.6,-0.26,False
2021-10-05,US1FLOR0061,5,11.52,-6.52,-0.24,False
2021-10-05,US1FLOR0062,0,9.32,-9.32,-0.64,False
2021-10-05,US1FLOR0065,0,4.78,-4.78,0.0,False
2021-10-05,US1FLOR0068,0,7.04,-7.04,-0.32,False
2021-10-05,US1FLOR0072,0,4.76,-4.76,0.0,False
2021-10-05,US1FLOS0001,0,4.44,-4.44,0.05,False
2021-10-05,US1FLOS0027,0,4.12,-4.12,0.09,False
2021-10-05,US1FLOS0029,0,3.98,-3.98,0.11,False
2021-10-05,US1FLOS0031,0,4.77,-4.77,0.0,False
2021-10-05,US1FLOS0033,8,3.49,4.51,1.31,False
2021-10-05,US1FLOS0036,0,4.17,-4.17,0.09,False
2021-10-05,US1FLOS0037,0,3.86,-3.86,0.13,False
2021-10-05,US1FLPB0002,0,1.08,-1.08,0.52,False
2021-10-05,US1FLPB0012,0,1.08,-1.08,0.52,False
2021-10-05,US1FLPB0013,0,1.27,-1.27,0.5,False
2021-10-05,US1FLPB0031,0,1.14,-1.14,0.51,False
2021-10-05,US1FLPB0034,0,2.26,-2.26,0.36,False
2021-10-05,US1FLPB0037,0,1.18,-1.18,0.51,False
2021-10-05,US1FLPB0044,0,1.69,-1.69,0.44,False
2021-10-05,US1FLPB0061,0,1.55,-1.55,0.46,False
2021-10-05,US1FLPB0063,0,1.51,-1.51,0.46,False
2021-10-05,US1FLPB0072,0,1.03,-1.03,0.53,False
2021-10-05,US1FLPB0077,0,1.01,-1.01,0.53,False
2021-10-05,US1FLPB0080,0,2.16,-2.16,0.37,False
2021-10-05,US1FLPB0081,0,1.14,-1.14,0.51,False
2021-10-05,US1FLPB0087,0,1.09,-1.09,0.52,False
2021-10-05,US1FLPB0098,0,1.13,-1.13,0.52,False
2021-10-05,US1FLPK0018,0,2.55,-2.55,0.32,False
2021-10-05,US1FLPK0032,0,3.16,-3.16,0.23,False
2021-10-05,US1FLPK0034,0,2.45,-2.45,0.33,False
2021-10-05,US1FLPK0035,0,2.69,-2.69,0.29,False
2021-10-05,US1FLPK0039,0,2.59,-2.59,0.31,False
2021-10-05,US1FLPK0055,0,4.61,-4.61,0.02,False
2021-10-05,US1FLPK0067,0,4.53,-4.53,0.04,False
2021-10-05,US1FLPK0073,0,2.11,-2.11,0.38,False
2021-10-05,US1FLPK0076,0,3.85,-3.85,0.13,False
2021-10-05,US1FLPK0078,0,4.53,-4.53,0.04,False
2021-10-05,US1FLPK0081,0,3.42,-3.42,0.19,False
2021-10-05,US1FLPK0083,0,2.99,-2.99,0.25,False
2021-10-05,US1FLPK0084,0,2.29,-2.29,0.35,False
2021-10-05,US1FLPN0006,0,0.4,-0.4,0.62,False
2021-10-05,US1FLPN0009,0,0.89,-0.89,0.55,False
2021-10-05,US1FLPN0017,0,0.49,-0.49,0.61,False
2021-10-05,US1FLPN0034,0,0.79,-0.79,0.56,False
2021-10-05,US1FLPN0035,0,0.51,-0.51,0.6,False
2021-10-05,US1FLPN0036,0,0.58,-0.58,0.59,False
2021-10-05,US1FLPN0060,0,0.74,-0.74,0.57,False
2021-10-05,US1FLPN0071,0,0.7,-0.7,0.58,False
2021-10-05,US1FLPN0074,0,0.8,-0.8,0.56,False
2021-10-05,US1FLPN0077,0,0.88,-0.88,0.55,False
2021-10-05,US1FLPN0079,0,0.87,-0.87,0.55,False
2021-10-05,US1FLPN0083,0,0.89,-0.89,0.55,False
2021-10-05,US1FLPN0087,0,0.63,-0.63,0.59,False
2021-10-05,US1FLPN0090,0,1.14,-1.14,0.51,False
2021-10-05,US1FLPN0091,0,0.58,-0.58,0.59,False
2021-10-05,US1FLPN0094,0,1.06,-1.06,0.52,False
2021-10-05,US1FLPN0096,0,1.15,-1.15,0.51,False
2021-10-05,US1FLPN0097,0,0.43,-0.43,0.61,False
2021-10-05,US1FLPN0099,0,0.58,-0.58,0.59,False
2021-10-05,US1FLPN0104,0,0.92,-0.92,0.54,False
2021-10-05,US1FLPN0105,0,1.42,-1.42,0.47,False
2021-10-05,US1FLPN0108,0,0.89,-0.89,0.55,False
2021-10-05,US1FLPN0111,0,0.71,-0.71,0.57,False
2021-10-05,US1FLPS0001,0,4.82,-4.82,-0.0,False
2021-10-05,US1FLPS0004,0,3.86,-3.86,0.13,False
2021-10-05,US1FLPS0006,0,2.82,-2.82,0.28,False
2021-10-05,US1FLPS0007,0,5.49,-5.49,-0.1,False
2021-10-05,US1FLPS0010,18,5.52,12.48,2.43,False
2021-10-05,US1FLPS0015,8,6.89,1.11,0.83,False
2021-10-05,US1FLPS0043,0,3.12,-3.12,0.23,False
2021-10-05,US1FLPS0049,3,7.82,-4.82,-0.0,False
2021-10-05,US1FLPS0065,0,2.68,-2.68,0.3,False
2021-10-05,US1FLPS0072,0,4.21,-4.21,0.08,False
2021-10-05,US1FLPS0073,0,3.37,-3.37,0.2,False
2021-10-05,US1FLPS0074,0,6.27,-6.27,-0.21,False
2021-10-05,US1FLPS0075,0,2.79,-2.79,0.28,False
2021-10-05,US1FLPT0004,3,6.78,-3.78,0.14,False
2021-10-05,US1FLPT0007,0,6.36,-6.36,-0.22,False
2021-10-05,US1FLPT0008,0,6.55,-6.55,-0.25,False
2021-10-05,US1FLPT0012,0,6.09,-6.09,-0.18,False
2021-10-05,US1FLPT0021,0,6.8,-6.8,-0.28,False
2021-10-05,US1FLPT0024,0,6.42,-6.42,-0.23,False
2021-10-05,US1FLPT0026,0,7.18,-7.18,-0.34,False
2021-10-05,US1FLPT0027,0,7.07,-7.07,-0.32,False
2021-10-05,US1FLPT0029,0,6.57,-6.57,-0.25,False
2021-10-05,US1FLSJ0004,18,3.84,14.16,2.67,False
2021-10-05,US1FLSJ0016,10,5.09,4.91,1.37,False
2021-10-05,US1FLSJ0020,0,5.3,-5.3,-0.07,False
2021-10-05,US1FLSJ0023,13,3.8,9.2,1.97,False
2021-10-05,US1FLSJ0028,0,5.27,-5.27,-0.07,False
2021-10-05,US1FLSJ0030,0,3.88,-3.88,0.13,False
2021-10-05,US1FLSJ0031,10,3.83,6.17,1.54,False
2021-10-05,US1FLSJ0033,0,4.69,-4.69,0.01,False
2021-10-05,US1FLSJ0034,0,5.06,-5.06,-0.04,False
2021-10-05,US1FLSJ0036,0,3.88,-3.88,0.13,False
2021-10-05,US1FLSJ0039,0,5.72,-5.72,-0.13,False
2021-10-05,US1FLSL0011,0,0.18,-0.18,0.65,False
2021-10-05,US1FLSL0013,0,0.03,-0.03,0.67,False
2021-10-05,US1FLSL0017,0,0.05,-0.05,0.67,False
2021-10-05,US1FLSL0019,0,0.17,-0.17,0.65,False
2021-10-05,US1FLSL0033,0,0.17,-0.17,0.65,False
2021-10-05,US1FLSL0050,0,0.03,-0.03,0.67,False
2021-10-05,US1FLSL0051,0,0.04,-0.04,0.67,False
2021-10-05,US1FLSL0054,0,0.02,-0.02,0.67,False
2021-10-05,US1FLSM0008,0,4.57,-4.57,0.03,False
2021-10-05,US1FLSM0018,0,5.87,-5.87,-0.15,False
2021-10-05,US1FLSM0026,0,6.41,-6.41,-0.23,False
2021-10-05,US1FLSM0030,0,4.7,-4.7,0.01,False
2021-10-05,US1FLSM0034,0,4.93,-4.93,-0.02,False
2021-10-05,US1FLSM0035,0,5.25,-5.25,-0.07,False
2021-10-05,US1FLSM0037,0,4.45,-4.45,0.05,False
2021-10-05,US1FLSM0038,0,4.57,-4.57,0.03,False
2021-10-05,US1FLSM0039,10,6.04,3.96,1.23,False
2021-10-05,US1FLSS0014,0,1.16,-1.16,0.51,False
2021-10-05,US1FLSS0015,0,1.38,-1.38,0.48,False
2021-10-05,US1FLSS0022,0,1.56,-1.56,0.45,False
2021-10-05,US1FLSS0034,0,1.1,-1.1,0.52,False
2021-10-05,US1FLSS0040,0,1.45,-1.45,0.47,False
2021-10-05,US1FLSS0052,0,0.66,-0.66,0.58,False
2021-10-05,US1FLSS0056,0,1.12,-1.12,0.52,False
2021-10-05,US1FLSS0059,0,1.23,-1.23,0.5,False
2021-10-05,US1FLSS0063,0,0.49,-0.49,0.61,False
2021-10-05,US1FLSS0071,0,1.1,-1.1,0.52,False
2021-10-05,US1FLSS0073,0,0.84,-0.84,0.56,False
2021-10-05,US1FLSS0075,0,1.3,-1.3,0.49,False
2021-10-05,US1FLSS0077,0,0.63,-0.63,0.59,False
2021-10-05,US1FLSS0079,0,0.53,-0.53,0.6,False
2021-10-05,US1FLSS0080,0,0.5,-0.5,0.6,False
2021-10-05,US1FLST0008,0,8.83,-8.83,-0.57,False
2021-10-05,US1FLST0009,0,10.77,-10.77,-0.84,False
2021-10-05,US1FLST0012,0,10.61,-10.61,-0.82,False
2021-10-05,US1FLST0014,0,10.81,-10.81,-0.85,False
2021-10-05,US1FLST0026,25,8.26,16.74,3.04,False
2021-10-05,US1FLST0032,0,9.1,-9.1,-0.61,False
2021-10-05,US1FLST0035,8,9.63,-1.63,0.44,False
2021-10-05,US1FLSW0001,0,3.01,-3.01,0.25,False
2021-10-05,US1FLSW0008,0,4.33,-4.33,0.06,False
2021-10-05,US1FLSW0011,0,4.38,-4.38,0.06,False
2021-10-05,US1FLSW0014,0,4.63,-4.63,0.02,False
2021-10-05,US1FLVL0001,13,4.77,8.23,1.83,False
2021-10-05,US1FLVL0003,0,4.41,-4.41,0.05,False
2021-10-05,US1FLVL0005,53,13.58,39.42,6.23,True
2021-10-05,US1FLVL0009,0,4.82,-4.82,-0.01,False
2021-10-05,US1FLVL0024,0,5.74,-5.74,-0.14,False
2021-10-05,US1FLVL0029,0,6.22,-6.22,-0.2,False
2021-10-05,US1FLVL0037,0,6.84,-6.84,-0.29,False
2021-10-05,US1FLVL0038,5,5.75,-0.75,0.57,False
2021-10-05,US1FLVL0040,0,5.34,-5.34,-0.08,False
2021-10-05,US1FLVL0042,5,7.26,-2.26,0.36,False
2021-10-05,US1FLVL0044,0,7.92,-7.92,-0.44,False
2021-10-05,US1FLVL0051,0,5.96,-5.96,-0.17,False
2021-10-05,US1FLVL0059,0,6.54,-6.54,-0.25,False
2021-10-05,US1FLVL0060,0,9.11,-9.11,-0.61,False
2021-10-05,US1FLVL0061,0,7.53,-7.53,-0.39,False
2021-10-05,US1FLVL0062,23,9.27,13.73,2.61,False
2021-10-05,US1FLVL0063,3,8.65,-5.65,-0.12,False
2021-10-05,US1FLVL0070,0,5.76,-5.76,-0.14,False
2021-10-05,US1FLVL0071,0,5.89,-5.89,-0.16,False
2021-10-05,US1FLVL0073,43,12.48,30.52,4.98,True
2021-10-05,US1FLVL0075,3,3.77,-0.77,0.57,False
2021-10-05,US1FLVL0077,0,6.23,-6.23,-0.2,False
2021-10-05,US1FLVL0081,10,8.05,1.95,0.95,False
2021-10-05,US1FLVL0082,33,16.03,16.97,3.07,False
2021-10-05,US1FLVL0083,0,5.48,-5.48,-0.1,False
2021-10-05,US1FLVL0084,0,4.7,-4.7,0.01,False
2021-10-05,US1FLVL0086,0,5.06,-5.06,-0.04,False
2021-10-05,US1FLVL0087,25,8.9,16.1,2.94,False
2021-10-05,US1FLVL0089,0,6.51,-6.51,-0.24,False
2021-10-05,US1FLVL0090,0,4.69,-4.69,0.01,False
2021-10-05,US1FLVL0091,0,4.64,-4.64,0.02,False
2021-10-05,US1FLVL0099,13,10.83,2.17,0.98,False
2021-10-05,US1FLVL0101,15,5.33,9.67,2.04,False
2021-10-05,US1FLVL0103,0,5.57,-5.57,-0.11,False
2021-10-05,US1FLVL0105,0,7.39,-7.39,-0.37,False
2021-10-05,US1GAAP0005,114,41.11,72.89,10.95,True
2021-10-05,US1GAAP0006,38,66.17,-28.17,-3.3,False
2021-10-05,US1GAAP0007,0,55.63,-55.63,-7.17,True
2021-10-05,US1GABB0006,417,151.28,265.72,38.14,True
2021-10-05,US1GABB0016,104,148.77,-44.77,-5.64,True
2021-10-05,US1GABB0019,168,173.08,-5.08,-0.04,False
2021-10-05,US1GABB0022,180,163.89,16.11,2.95,False
2021-10-05,US1GABD0001,69,143.37,-74.37,-9.81,True
2021-10-05,US1GABD0005,226,159.42,66.58,10.06,True
2021-10-05,US1GABK0001,46,49.52,-3.52,0.18,False
2021-10-05,US1GABR0002,0,20.96,-20.96,-2.28,False
2021-10-05,US1GABR0005,0,15.61,-15.61,-1.53,False
2021-10-05,US1GABR0009,41,20.65,20.35,3.54,True
2021-10-05,US1GABU0013,0,46.07,-46.07,-5.82,True
2021-10-05,US1GABU0016,0,31.99,-31.99,-3.84,True
2021-10-05,US1GABU0021,102,36.98,65.02,9.84,True
2021-10-05,US1GABY0001,0,24.0,-24.0,-2.71,False
2021-10-05,US1GACD0002,185,43.27,141.73,20.66,True
2021-10-05,US1GACF0001,295,11.41,283.59,40.66,True
2021-10-05,US1GACH0006,5,9.33,-4.33,0.06,False
2021-10-05,US1GACI0003,0,16.93,-16.93,-1.71,False
2021-10-05,US1GACK0006,188,253.07,-65.07,-8.5,True
2021-10-05,US1GACK0010,206,252.4,-46.4,-5.87,True
2021-10-05,US1GACK0011,178,254.55,-76.55,-10.12,True
2021-10-05,US1GACK0012,188,296.99,-108.99,-14.69,True
2021-10-05,US1GACK0017,226,449.62,-223.62,-30.86,True
2021-10-05,US1GACK0027,876,255.57,620.43,88.16,True
2021-10-05,US1GACK0030,175,251.92,-76.92,-10.17,True
2021-10-05,US1GACK0038,198,261.27,-63.27,-8.25,True
2021-10-05,US1GACM0014,0,8.42,-8.42,-0.51,False
2021-10-05,US1GACM0018,0,8.3,-8.3,-0.5,False
2021-10-05,US1GACM0019,0,6.11,-6.11,-0.19,False
2021-10-05,US1GACM0020,0,6.03,-6.03,-0.18,False
2021-10-05,US1GACM0021,0,6.03,-6.03,-0.18,False
2021-10-05,US1GACO0003,0,7.92,-7.92,-0.44,False
2021-10-05,US1GACQ0002,0,2.81,-2.81,0.28,False
2021-10-05,US1GACQ0012,0,8.28,-8.28,-0.49,False
2021-10-05,US1GACQ0013,5,3.97,1.03,0.82,False
2021-10-05,US1GACT0001,0,22.07,-22.07,-2.44,False
2021-10-05,US1GACT0003,0,8.5,-8.5,-0.52,False
2021-10-05,US1GACT0017,0,9.92,-9.92,-0.72,False
2021-10-05,US1GACT0019,0,9.54,-9.54,-0.67,False
2021-10-05,US1GACT0036,0,10.51,-10.51,-0.81,False
2021-10-05,US1GACT0037,0,19.28,-19.28,-2.04,False
2021-10-05,US1GACT0038,0,8.57,-8.57,-0.53,False
2021-10-05,US1GACT0040,0,9.24,-9.24,-0.63,False
2021-10-05,US1GACT0055,0,13.1,-13.1,-1.17,False
2021-10-05,US1GACT0057,0,13.88,-13.88,-1.28,False
2021-10-05,US1GACT0060,0,9.5,-9.5,-0.67,False
2021-10-05,US1GACT0061,0,19.29,-19.29,-2.05,False
2021-10-05,US1GACT0064,0,15.56,-15.56,-1.52,False
2021-10-05,US1GACT0067,0,21.41,-21.41,-2.34,False
2021-10-05,US1GACT0077,0,16.76,-16.76,-1.69,False
2021-10-05,US1GACT0089,0,8.44,-8.44,-0.52,False
2021-10-05,US1GACT0098,0,9.92,-9.92,-0.72,False
2021-10-05,US1GACT0099,0,9.39,-9.39,-0.65,False
2021-10-05,US1GACU0001,48,48.68,-0.68,0.58,False
2021-10-05,US1GACU0003,41,48.95,-7.95,-0.45,False
2021-10-05,US1GACU0006,61,48.1,12.9,2.49,False
2021-10-05,US1GACU0009,97,57.58,39.42,6.23,True
2021-10-05,US1GACU0011,0,51.8,-51.8,-6.63,True
2021-10-05,US1GACU0013,25,50.14,-25.14,-2.87,False
2021-10-05,US1GACU0021,140,42.92,97.08,14.36,True
2021-10-05,US1GADG0004,0,57.77,-57.77,-7.47,True
2021-10-05,US1GADG0005,0,76.84,-76.84,-10.16,True
2021-10-05,US1GADG0009,0,83.97,-83.97,-11.17,True
2021-10-05,US1GAEF0013,0,24.63,-24.63,-2.8,False
2021-10-05,US1GAEF0017,0,26.47,-26.47,-3.06,False
2021-10-05,US1GAEF0018,0,25.67,-25.67,-2.95,False
2021-10-05,US1GAEF0021,0,18.9,-18.9,-1.99,False
2021-10-05,US1GAEF0022,0,18.76,-18.76,-1.97,False
2021-10-05,US1GAEM0004,25,43.71,-18.71,-1.96,False
2021-10-05,US1GAEM0005,13,49.63,-36.63,-4.49,True
2021-10-05,US1GAEV0001,20,53.97,-33.97,-4.12,True
2021-10-05,US1GAEV0005,157,38.03,118.97,17.45,True
2021-10-05,US1GAGE0001,160,198.08,-38.08,-4.69,True
2021-10-05,US1GAGE0005,25,223.36,-198.36,-27.3,True
2021-10-05,US1GAGE0006,25,215.62,-190.62,-26.21,True
2021-10-05,US1GAGN0005,71,56.66,14.34,2.7,False
2021-10-05,US1GAGN0007,97,27.72,69.28,10.44,True
2021-10-05,US1GAGW0050,516,327.72,188.28,27.22,True
2021-10-05,US1GAGW0065,119,359.27,-240.27,-33.21,True
2021-10-05,US1GAHS0003,127,99.33,27.67,4.58,True
2021-10-05,US1GAHS0011,51,100.69,-49.69,-6.33,True
2021-10-05,US1GAHS0016,140,115.81,24.19,4.09,True
2021-10-05,US1GAHS0024,305,132.65,172.35,24.98,True
2021-10-05,US1GAHS0027,76,126.8,-50.8,-6.49,True
2021-10-05,US1GAJK0004,203,51.2,151.8,22.08,True
2021-10-05,US1GAJN0006,130,146.74,-16.74,-1.69,False
2021-10-05,US1GAJN0007,107,185.94,-78.94,-10.46,True
2021-10-05,US1GALB0004,30,28.7,1.3,0.86,False
2021-10-05,US1GALB0006,43,25.34,17.66,3.16,False
2021-10-05,US1GALB0010,28,22.6,5.4,1.44,False
2021-10-05,US1GALB0011,69,43.66,25.34,4.25,True
2021-10-05,US1GALC0002,33,118.97,-85.97,-11.45,True
2021-10-05,US1GALN0003,0,7.58,-7.58,-0.39,False
2021-10-05,US1GALR0001,0,70.19,-70.19,-9.22,True
2021-10-05,US1GALW0004,0,5.21,-5.21,-0.06,False
2021-10-05,US1GALW0007,0,3.29,-3.29,0.21,False
2021-10-05,US1GALW0008,0,2.55,-2.55,0.31,False
2021-10-05,US1GALW0013,0,3.12,-3.12,0.23,False
2021-10-05,US1GALW0014,0,2.92,-2.92,0.26,False
2021-10-05,US1GALW0015,0,2.31,-2.31,0.35,False
2021-10-05,US1GALW0016,0,2.75,-2.75,0.29,False
2021-10-05,US1GALW0017,0,5.19,-5.19,-0.06,False
2021-10-05,US1GALW0018,0,3.21,-3.21,0.22,False
2021-10-05,US1GALW0019,0,2.28,-2.28,0.35,False
2021-10-05,US1GALW0024,0,4.6,-4.6,0.03,False
2021-10-05,US1GAMD0001,79,56.06,22.94,3.91,True
2021-10-05,US1GAMD0005,51,71.36,-20.36,-2.2,False
2021-10-05,US1GAMG0003,213,268.76,-55.76,-7.19,True
2021-10-05,US1GAMI0001,64,22.33,41.67,6.55,True
2021-10-05,US1GAMI0005,10,30.12,-20.12,-2.16,False
2021-10-05,US1GAMN0007,86,240.14,-154.14,-21.06,True
2021-10-05,US1GAMN0010,208,187.49,20.51,3.57,True
2021-10-05,US1GANW0001,345,329.33,15.67,2.88,False
2021-10-05,US1GANW0007,579,301.02,277.98,39.87,True
2021-10-05,US1GAOC0001,208,254.75,-46.75,-5.92,True
2021-10-05,US1GAOC0002,226,286.31,-60.31,-7.83,True
2021-10-05,US1GAOC0005,102,331.68,-229.68,-31.71,True
2021-10-05,US1GAOC0007,183,265.43,-82.43,-10.95,True
2021-10-05,US1GAOC0009,173,258.73,-85.73,-11.41,True
2021-10-05,US1GAOC0012,442,288.43,153.57,22.33,True
2021-10-05,US1GAOC0014,140,463.79,-323.79,-44.98,True
2021-10-05,US1GAOC0015,226,313.23,-87.23,-11.63,True
2021-10-05,US1GAOC0016,663,228.82,434.18,61.9,True
2021-10-05,US1GAOC0018,218,311.28,-93.28,-12.48,True
2021-10-05,US1GAOG0005,208,245.62,-37.62,-4.63,True
2021-10-05,US1GAOG0010,38,205.63,-167.63,-22.96,True
2021-10-05,US1GAOG0012,259,240.76,18.24,3.25,False
2021-10-05,US1GAOG0015,264,247.51,16.49,3.0,False
2021-10-05,US1GAOG0029,28,227.99,-199.99,-27.53,True
2021-10-05,US1GAPE0001,91,142.18,-51.18,-6.54,True
2021-10-05,US1GAPE0003,198,145.0,53.0,8.15,True
2021-10-05,US1GAPT0006,10,208.9,-198.9,-27.37,True
2021-10-05,US1GARC0009,30,44.74,-14.74,-1.4,False
2021-10-05,US1GARC0012,0,44.03,-44.03,-5.53,True
2021-10-05,US1GARC0019,0,48.34,-48.34,-6.14,True
2021-10-05,US1GASV0003,368,50.23,317.77,45.48,True
2021-10-05,US1GASV0005,5,48.82,-43.82,-5.51,True
2021-10-05,US1GASV0007,175,58.28,116.72,17.13,True
2021-10-05,US1GASV0008,8,67.55,-59.55,-7.72,True
2021-10-05,US1GATE0004,0,47.38,-47.38,-6.01,True
2021-10-05,US1GATF0003,0,12.38,-12.38,-1.07,False
2021-10-05,US1GATG0001,69,103.07,-34.07,-4.13,True
2021-10-05,US1GATH0002,5,0.92,4.08,1.25,False
2021-10-05,US1GATH0004,0,2.56,-2.56,0.31,False
2021-10-05,US1GATN0004,15,48.47,-33.47,-4.05,True
2021-10-05,US1GAWG0005,0,40.69,-40.69,-5.06,True
2021-10-05,US1GAWG0006,0,57.43,-57.43,-7.42,True
2021-10-05,US1GAWL0001,236,361.15,-125.15,-16.97,True
2021-10-05,US1GAWL0012,516,338.83,177.17,25.66,True
2021-10-05,US1GAWL0013,561,329.51,231.49,33.32,True
2021-10-05,US1GAWL0022,691,291.93,399.07,56.95,True
2021-10-05,US1GAWL0024,516,321.92,194.08,28.04,True
2021-10-05,US1GAWN0001,5,101.67,-96.67,-12.96,True
2021-10-05,US1GAWR0005,36,17.12,18.88,3.34,False
2021-10-05,US1GAWS0001,28,109.93,-81.93,-10.88,True
2021-10-05,US1GAWT0003,13,11.91,1.09,0.83,False
2021-10-05,US1GAWT0007,8,16.03,-8.03,-0.46,False
2021-10-05,US1GAWY0007,0,35.87,-35.87,-4.38,True
2021-10-05,US1NCBR0001,0,0.64,-0.64,0.58,False
2021-10-05,US1NCBR0006,0,0.66,-0.66,0.58,False
2021-10-05,US1SCAK0004,15,43.39,-28.39,-3.33,False
2021-10-05,US1SCAK0014,122,136.64,-14.64,-1.39,False
2021-10-05,US1SCAK0023,0,40.11,-40.11,-4.98,True
2021-10-05,US1SCAK0027,127,64.06,62.94,9.55,True
2021-10-05,US1SCAK0031,5,42.86,-37.86,-4.66,True
2021-10-05,US1SCAK0032,0,28.32,-28.32,-3.32,False
2021-10-05,US1SCAK0033,211,53.78,157.22,22.84,True
2021-10-05,US1SCAK0039,0,44.5,-44.5,-5.6,True
2021-10-05,US1SCAK0046,5,48.13,-43.13,-5.41,True
2021-10-05,US1SCAK0051,201,99.91,101.09,14.93,True
2021-10-05,US1SCAK0053,5,47.09,-42.09,-5.26,True
2021-10-05,US1SCAK0057,0,42.69,-42.69,-5.35,True
2021-10-05,US1SCAK0059,165,122.14,42.86,6.72,True
2021-10-05,US1SCAK0060,20,40.5,-20.5,-2.22,False
2021-10-05,US1SCAK0067,180,125.59,54.41,8.35,True
2021-10-05,US1SCAK0069,0,33.23,-33.23,-4.01,True
2021-10-05,US1SCAK0073,122,44.42,77.58,11.61,True
2021-10-05,US1SCAK0074,0,33.01,-33.01,-3.98,True
2021-10-05,US1SCAK0083,51,59.09,-8.09,-0.47,False
2021-10-05,US1SCAK0096,201,117.28,83.72,12.48,True
2021-10-05,US1SCAK0097,18,43.26,-25.26,-2.89,False
2021-10-05,US1SCAK0101,0,43.66,-43.66,-5.48,True
2021-10-05,US1SCAL0002,119,54.07,64.93,9.83,True
2021-10-05,US1SCBF0002,0,26.45,-26.45,-3.06,False
2021-10-05,US1SCBF0022,0,16.16,-16.16,-1.6,False
2021-10-05,US1SCBF0032,0,26.57,-26.57,-3.07,False
2021-10-05,US1SCBF0036,0,27.04,-27.04,-3.14,False
2021-10-05,US1SCBF0037,0,37.51,-37.51,-4.62,True
2021-10-05,US1SCBF0050,0,21.08,-21.08,-2.3,False
2021-10-05,US1SCBF0053,0,28.57,-28.57,-3.35,False
2021-10-05,US1SCBF0055,0,32.5,-32.5,-3.91,True
2021-10-05,US1SCBF0059,0,28.62,-28.62,-3.36,False
2021-10-05,US1SCBF0066,0,28.32,-28.32,-3.32,False
2021-10-05,US1SCBF0080,0,30.46,-30.46,-3.62,True
2021-10-05,US1SCBF0091,0,31.47,-31.47,-3.76,True
2021-10-05,US1SCBF0092,0,18.32,-18.32,-1.91,False
2021-10-05,US1SCBF0093,0,30.77,-30.77,-3.66,True
2021-10-05,US1SCBF0098,0,34.8,-34.8,-4.23,True
2021-10-05,US1SCBF0099,229,18.44,210.56,30.37,True
2021-10-05,US1SCBF0100,0,15.8,-15.8,-1.55,False
2021-10-05,US1SCBF0104,0,17.6,-17.6,-1.81,False
2021-10-05,US1SCBF0111,0,33.19,-33.19,-4.01,True
2021-10-05,US1SCBF0112,0,33.95,-33.95,-4.11,True
2021-10-05,US1SCBK0017,0,47.11,-47.11,-5.97,True
2021-10-05,US1SCBK0038,0,41.25,-41.25,-5.14,True
2021-10-05,US1SCBK0046,0,40.41,-40.41,-5.02,True
2021-10-05,US1SCBK0048,0,39.88,-39.88,-4.95,True
2021-10-05,US1SCBK0055,0,43.99,-43.99,-5.53,True
2021-10-05,US1SCBK0056,0,50.78,-50.78,-6.49,True
2021-10-05,US1SCBK0059,5,35.45,-30.45,-3.62,True
2021-10-05,US1SCBK0061,0,41.38,-41.38,-5.16,True
2021-10-05,US1SCBK0065,0,45.72,-45.72,-5.77,True
2021-10-05,US1SCBK0079,13,41.39,-28.39,-3.33,False
2021-10-05,US1SCBK0081,249,31.11,217.89,31.4,True
2021-10-05,US1SCBK0082,0,43.56,-43.56,-5.47,True
2021-10-05,US1SCBK0085,0,55.03,-55.03,-7.09,True
2021-10-05,US1SCBM0001,150,64.98,85.02,12.66,True
2021-10-05,US1SCBM0006,3,54.99,-51.99,-6.66,True
2021-10-05,US1SCCA0002,13,35.94,-22.94,-2.56,False
2021-10-05,US1SCCA0016,13,39.38,-26.38,-3.05,False
2021-10-05,US1SCCA0020,36,36.47,-0.47,0.61,False
2021-10-05,US1SCCD0006,0,27.24,-27.24,-3.17,False
2021-10-05,US1SCCD0017,0,34.5,-34.5,-4.19,True
2021-10-05,US1SCCD0019,0,34.22,-34.22,-4.15,True
2021-10-05,US1SCCL0003,0,43.41,-43.41,-5.45,True
2021-10-05,US1SCCL0005,0,48.94,-48.94,-6.23,True
2021-10-05,US1SCCL0009,0,51.89,-51.89,-6.64,True
2021-10-05,US1SCCL0014,0,44.97,-44.97,-5.67,True
2021-10-05,US1SCCL0016,0,43.93,-43.93,-5.52,True
2021-10-05,US1SCCL0017,0,43.41,-43.41,-5.45,True
2021-10-05,US1SCCL0028,0,42.15,-42.15,-5.27,True
2021-10-05,US1SCCL0031,0,41.99,-41.99,-5.25,True
2021-10-05,US1SCCR0004,114,35.76,78.24,11.71,True
2021-10-05,US1SCCR0010,8,18.47,-10.47,-0.8,False
2021-10-05,US1SCCR0013,0,44.62,-44.62,-5.62,True
2021-10-05,US1SCCR0022,0,69.07,-69.07,-9.06,True
2021-10-05,US1SCCR0026,0,34.81,-34.81,-4.23,True
2021-10-05,US1SCCR0030,0,55.53,-55.53,-7.16,True
2021-10-05,US1SCCR0032,0,63.13,-63.13,-8.23,True
2021-10-05,US1SCCR0033,0,22.13,-22.13,-2.45,False
2021-10-05,US1SCCR0034,0,60.11,-60.11,-7.8,True
2021-10-05,US1SCCR0036,0,42.86,-42.86,-5.37,True
2021-10-05,US1SCCR0042,0,55.49,-55.49,-7.15,True
2021-10-05,US1SCCR0049,0,103.79,-103.79,-13.96,True
2021-10-05,US1SCCR0057,0,60.08,-60.08,-7.8,True
2021-10-05,US1SCCR0069,0,26.88,-26.88,-3.12,False
2021-10-05,US1SCCR0074,0,49.55,-49.55,-6.31,True
2021-10-05,US1SCCR0078,0,53.03,-53.03,-6.8,True
2021-10-05,US1SCCR0083,0,43.39,-43.39,-5.44,True
2021-10-05,US1SCCR0087,5,56.25,-51.25,-6.55,True
2021-10-05,US1SCCR0089,5,52.39,-47.39,-6.01,True
2021-10-05,US1SCCR0092,0,64.45,-64.45,-8.41,True
2021-10-05,US1SCCR0096,0,44.37,-44.37,-5.58,True
2021-10-05,US1SCCR0097,0,80.89,-80.89,-10.73,True
2021-10-05,US1SCCR0098,0,48.11,-48.11,-6.11,True
2021-10-05,US1SCCR0099,178,32.32,145.68,21.22,True
2021-10-05,US1SCCR0105,335,47.45,287.55,41.22,True
2021-10-05,US1SCCR0112,0,26.48,-26.48,-3.06,False
2021-10-05,US1SCCR0113,0,33.21,-33.21,-4.01,True
2021-10-05,US1SCCR0115,0,43.44,-43.44,-5.45,True
2021-10-05,US1SCCR0116,13,70.33,-57.33,-7.41,True
2021-10-05,US1SCCR0123,3,58.47,-55.47,-7.15,True
2021-10-05,US1SCCR0131,0,32.18,-32.18,-3.86,True
2021-10-05,US1SCCR0138,46,57.2,-11.2,-0.9,False
2021-10-05,US1SCCR0142,0,118.53,-118.53,-16.04,True
2021-10-05,US1SCCR0144,0,28.34,-28.34,-3.32,False
2021-10-05,US1SCCR0146,0,25.78,-25.78,-2.96,False
2021-10-05,US1SCCR0148,5,43.17,-38.17,-4.71,True
2021-10-05,US1SCCR0149,0,43.67,-43.67,-5.48,True
2021-10-05,US1SCCR0151,0,79.89,-79.89,-10.59,True
2021-10-05,US1SCCR0153,0,45.49,-45.49,-5.74,True
2021-10-05,US1SCCR0154,0,41.18,-41.18,-5.13,True
2021-10-05,US1SCCR0155,0,53.26,-53.26,-6.84,True
2021-10-05,US1SCCR0161,0,45.05,-45.05,-5.68,True
2021-10-05,US1SCCR0162,114,53.91,60.09,9.15,True
2021-10-05,US1SCCR0164,1168,61.07,1106.93,156.77,True
2021-10-05,US1SCCR0166,0,40.39,-40.39,-5.02,True
2021-10-05,US1SCCR0178,13,69.32,-56.32,-7.27,True
2021-10-05,US1SCCR0179,0,30.96,-30.96,-3.69,True
2021-10-05,US1SCCR0183,0,272.06,-272.06,-37.69,True
2021-10-05,US1SCCR0187,0,48.52,-48.52,-6.17,True
2021-10-05,US1SCCR0189,0,41.94,-41.94,-5.24,True
2021-10-05,US1SCCR0192,0,25.45,-25.45,-2.91,False
2021-10-05,US1SCCR0194,13,54.85,-41.85,-5.23,True
2021-10-05,US1SCCR0197,18,64.79,-46.79,-5.92,True
2021-10-05,US1SCCR0199,0,41.01,-41.01,-5.11,True
2021-10-05,US1SCCR0204,0,27.7,-27.7,-3.23,False
2021-10-05,US1SCCR0205,0,67.72,-67.72,-8.87,True
2021-10-05,US1SCCR0210,0,229.53,-229.53,-31.69,True
2021-10-05,US1SCCR0212,0,52.2,-52.2,-6.69,True
2021-10-05,US1SCCR0214,0,57.27,-57.27,-7.4,True
2021-10-05,US1SCCR0217,0,43.75,-43.75,-5.49,True
2021-10-05,US1SCCR0218,0,49.46,-49.46,-6.3,True
2021-10-05,US1SCCR0225,0,25.05,-25.05,-2.86,False
2021-10-05,US1SCCR0226,0,87.55,-87.55,-11.67,True
2021-10-05,US1SCCR0227,851,75.8,775.2,109.99,True
2021-10-05,US1SCCR0228,0,44.51,-44.51,-5.6,True
2021-10-05,US1SCCR0229,10,43.22,-33.22,-4.01,True
2021-10-05,US1SCCR0231,688,32.32,655.68,93.13,True
2021-10-05,US1SCCR0232,18,41.31,-23.31,-2.61,False
2021-10-05,US1SCCR0238,0,43.1,-43.1,-5.4,True
2021-10-05,US1SCCR0241,8,58.55,-50.55,-6.45,True
2021-10-05,US1SCCR0243,0,27.35,-27.35,-3.18,False
2021-10-05,US1SCDC0003,3,61.16,-58.16,-7.53,True
2021-10-05,US1SCDC0018,0,46.91,-46.91,-5.94,True
2021-10-05,US1SCDC0036,0,34.93,-34.93,-4.25,True
2021-10-05,US1SCDC0041,0,38.54,-38.54,-4.76,True
2021-10-05,US1SCDC0042,23,41.98,-18.98,-2.0,False
2021-10-05,US1SCDC0055,13,104.27,-91.27,-12.2,True
2021-10-05,US1SCDC0057,18,65.61,-47.61,-6.04,True
2021-10-05,US1SCDC0062,3,36.95,-33.95,-4.11,True
2021-10-05,US1SCDC0067,348,39.18,308.82,44.22,True
2021-10-05,US1SCDC0069,0,42.42,-42.42,-5.31,True
2021-10-05,US1SCDC0075,0,36.8,-36.8,-4.51,True
2021-10-05,US1SCDC0076,3,36.34,-33.34,-4.03,True
2021-10-05,US1SCDC0086,5,40.11,-35.11,-4.28,True
2021-10-05,US1SCDC0087,0,37.84,-37.84,-4.66,True
2021-10-05,US1SCED0002,5,40.0,-35.0,-4.26,True
2021-10-05,US1SCED0013,13,38.79,-25.79,-2.96,False
2021-10-05,US1SCED0016,36,43.06,-7.06,-0.32,False
2021-10-05,US1SCED0018,8,43.58,-35.58,-4.34,True
2021-10-05,US1SCGT0001,0,15.56,-15.56,-1.52,False
2021-10-05,US1SCGT0004,0,21.67,-21.67,-2.38,False
2021-10-05,US1SCGT0011,0,0.19,-0.19,0.65,False
2021-10-05,US1SCGT0019,0,0.83,-0.83,0.56,False
2021-10-05,US1SCGT0024,0,1.89,-1.89,0.41,False
2021-10-05,US1SCGT0027,3,19.39,-16.39,-1.64,False
2021-10-05,US1SCGT0044,0,21.8,-21.8,-2.4,False
2021-10-05,US1SCGT0046,0,1.85,-1.85,0.41,False
2021-10-05,US1SCHM0007,0,30.43,-30.43,-3.62,True
2021-10-05,US1SCHM0018,0,30.39,-30.39,-3.61,True
2021-10-05,US1SCHM0021,0,40.23,-40.23,-5.0,True
2021-10-05,US1SCHR0020,0,0.22,-0.22,0.64,False
2021-10-05,US1SCHR0027,0,0.28,-0.28,0.63,False
2021-10-05,US1SCHR0039,0,0.23,-0.23,0.64,False
2021-10-05,US1SCHR0061,0,0.35,-0.35,0.62,False
2021-10-05,US1SCHR0063,0,0.61,-0.61,0.59,False
2021-10-05,US1SCHR0064,0,0.46,-0.46,0.61,False
2021-10-05,US1SCHR0065,0,0.69,-0.69,0.58,False
2021-10-05,US1SCHR0066,0,0.21,-0.21,0.65,False
2021-10-05,US1SCHR0067,0,0.29,-0.29,0.63,False
2021-10-05,US1SCHR0071,0,0.41,-0.41,0.62,False
2021-10-05,US1SCHR0073,0,0.25,-0.25,0.64,False
2021-10-05,US1SCHR0075,0,0.31,-0.31,0.63,False
2021-10-05,US1SCHR0106,0,0.2,-0.2,0.65,False
2021-10-05,US1SCHR0111,0,0.22,-0.22,0.64,False
2021-10-05,US1SCHR0119,0,0.2,-0.2,0.65,False
2021-10-05,US1SCHR0122,0,0.62,-0.62,0.59,False
2021-10-05,US1SCHR0123,0,0.25,-0.25,0.64,False
2021-10-05,US1SCHR0124,0,0.91,-0.91,0.55,False
2021-10-05,US1SCHR0125,0,0.22,-0.22,0.64,False
2021-10-05,US1SCHR0126,0,0.5,-0.5,0.6,False
2021-10-05,US1SCHR0134,0,0.32,-0.32,0.63,False
2021-10-05,US1SCHR0136,0,1.89,-1.89,0.41,False
2021-10-05,US1SCHR0137,0,0.93,-0.93,0.54,False
2021-10-05,US1SCJS0009,0,20.02,-20.02,-2.15,False
2021-10-05,US1SCLX0005,10,29.32,-19.32,-2.05,False
2021-10-05,US1SCLX0022,0,34.01,-34.01,-4.12,True
2021-10-05,US1SCLX0031,13,27.77,-14.77,-1.41,False
2021-10-05,US1SCLX0069,3,31.73,-28.73,-3.38,False
2021-10-05,US1SCLX0093,3,36.72,-33.72,-4.08,True
2021-10-05,US1SCLX0096,0,32.22,-32.22,-3.87,True
2021-10-05,US1SCLX0097,0,21.51,-21.51,-2.36,False
2021-10-05,US1SCLX0098,0,28.81,-28.81,-3.39,False
2021-10-05,US1SCLX0122,10,40.84,-30.84,-3.67,True
2021-10-05,US1SCLX0127,46,39.12,6.88,1.64,False
2021-10-05,US1SCLX0137,0,20.54,-20.54,-2.22,False
2021-10-05,US1SCLX0162,0,23.93,-23.93,-2.7,False
2021-10-05,US1SCLX0173,20,30.13,-10.13,-0.75,False
2021-10-05,US1SCLX0184,0,31.83,-31.83,-3.81,True
2021-10-05,US1SCLX0185,58,24.26,33.74,5.43,True
2021-10-05,US1SCMC0005,10,57.99,-47.99,-6.09,True
2021-10-05,US1SCMC0008,10,49.5,-39.5,-4.9,True
2021-10-05,US1SCOR0022,0,46.23,-46.23,-5.84,True
2021-10-05,US1SCOR0025,33,59.66,-26.66,-3.08,False
2021-10-05,US1SCOR0041,0,47.22,-47.22,-5.98,True
2021-10-05,US1SCOR0048,33,47.2,-14.2,-1.33,False
2021-10-05,US1SCOR0049,0,37.3,-37.3,-4.59,True
2021-10-05,US1SCRC0030,10,33.9,-23.9,-2.7,False
2021-10-05,US1SCRC0042,0,33.84,-33.84,-4.1,True
2021-10-05,US1SCRC0122,0,39.47,-39.47,-4.89,True
2021-10-05,US1SCSL0002,97,41.74,55.26,8.47,True
2021-10-05,US1SCSL0010,71,44.96,26.04,4.35,True
2021-10-05,US1SCSM0010,0,5.5,-5.5,-0.1,False
2021-10-05,US1SCSM0013,0,5.53,-5.53,-0.11,False
2021-10-05,US1SCSM0020,0,9.33,-9.33,-0.64,False
2021-10-05,US1SCSM0026,0,9.36,-9.36,-0.65,False
2021-10-05,US1SCSM0030,0,7.65,-7.65,-0.4,False
2021-10-05,US1SCSM0039,18,17.92,0.08,0.69,False
2021-10-05,US1SCSM0040,0,7.51,-7.51,-0.38,False
2021-10-05,US1SCSM0041,0,7.49,-7.49,-0.38,False
2021-10-05,US1SCWL0002,0,14.07,-14.07,-1.31,False
2021-10-05,USC00080236,0,3.05,-3.05,0.24,False
2021-10-05,USC00080369,0,0.62,-0.62,0.59,False
2021-10-05,USC00080478,0,2.31,-2.31,0.35,False
2021-10-05,USC00080737,0,12.92,-12.92,-1.15,False
2021-10-05,USC00080945,0,0.49,-0.49,0.61,False
2021-10-05,USC00081276,0,2.14,-2.14,0.37,False
2021-10-05,USC00081641,0,11.58,-11.58,-0.96,False
2021-10-05,USC00082008,0,6.68,-6.68,-0.27,False
2021-10-05,USC00082150,5,8.73,-3.73,0.15,False
2021-10-05,USC00082229,5,5.14,-0.14,0.65,False
2021-10-05,USC00082298,0,8.52,-8.52,-0.53,False
2021-10-05,USC00083153,0,0.85,-0.85,0.56,False
2021-10-05,USC00083163,0,3.66,-3.66,0.16,False
2021-10-05,USC00083207,0,0.23,-0.23,0.64,False
2021-10-05,USC00083874,0,5.8,-5.8,-0.14,False
2021-10-05,USC00084050,0,4.33,-4.33,0.06,False
2021-10-05,USC00084289,0,8.61,-8.61,-0.54,False
2021-10-05,USC00084366,0,6.53,-6.53,-0.25,False
2021-10-05,USC00084461,0,1.03,-1.03,0.53,False
2021-10-05,USC00084500,0,1.0,-1.0,0.53,False
2021-10-05,USC00084621,0,0.56,-0.56,0.6,False
2021-10-05,USC00084625,0,4.51,-4.51,0.04,False
2021-10-05,USC00084731,0,4.37,-4.37,0.06,False
2021-10-05,USC00084802,0,2.51,-2.51,0.32,False
2021-10-05,USC00085076,46,9.43,36.57,5.83,True
2021-10-05,USC00085099,0,3.0,-3.0,0.25,False
2021-10-05,USC00085184,0,1.56,-1.56,0.45,False
2021-10-05,USC00085539,0,5.91,-5.91,-0.16,False
2021-10-05,USC00085612,3,1.83,1.17,0.84,False
2021-10-05,USC00085880,0,0.8,-0.8,0.56,False
2021-10-05,USC00085895,0,5.69,-5.69,-0.13,False
2021-10-05,USC00086048,0,6.43,-6.43,-0.23,False
2021-10-05,USC00086065,0,1.16,-1.16,0.51,False
2021-10-05,USC00086078,0,20.29,-20.29,-2.19,False
2021-10-05,USC00086092,0,0.02,-0.02,0.67,False
2021-10-05,USC00086634,0,7.63,-7.63,-0.4,False
2021-10-05,USC00086657,0,7.76,-7.76,-0.42,False
2021-10-05,USC00086761,0,0.64,-0.64,0.58,False
2021-10-05,USC00086764,0,1.02,-1.02,0.53,False
2021-10-05,USC00087025,0,1.22,-1.22,0.5,False
2021-10-05,USC00087205,0,2.7,-2.7,0.29,False
2021-10-05,USC00087228,0,8.61,-8.61,-0.54,False
2021-10-05,USC00087261,3,7.11,-4.11,0.09,False
2021-10-05,USC00087304,0,0.03,-0.03,0.67,False
2021-10-05,USC00087397,0,36.25,-36.25,-4.44,True
2021-10-05,USC00087851,0,6.5,-6.5,-0.24,False
2021-10-05,USC00087982,0,5.76,-5.76,-0.14,False
2021-10-05,USC00088051,0,5.62,-5.62,-0.12,False
2021-10-05,USC00088368,0,6.04,-6.04,-0.18,False
2021-10-05,USC00088620,0,0.0,0.0,0.67,False
2021-10-05,USC00088782,20,0.44,19.56,3.43,False
2021-10-05,USC00088824,0,1.36,-1.36,0.48,False
2021-10-05,USC00088942,0,5.75,-5.75,-0.14,False
2021-10-05,USC00089120,0,9.65,-9.65,-0.69,False
2021-10-05,USC00089176,0,1.43,-1.43,0.47,False
2021-10-05,USC00089219,0,0.3,-0.3,0.63,False
2021-10-05,USC00089401,0,0.81,-0.81,0.56,False
2021-10-05,USC00090311,178,54.78,123.22,18.05,True
2021-10-05,USC00091266,18,35.92,-17.92,-1.85,False
2021-10-05,USC00092266,28,62.77,-34.77,-4.23,True
2021-10-05,USC00092361,25,49.98,-24.98,-2.85,False
2021-10-05,USC00092844,3,67.44,-64.44,-8.41,True
2021-10-05,USC00092966,145,44.67,100.33,14.82,True
2021-10-05,USC00093538,102,37.26,64.74,9.8,True
2021-10-05,USC00093754,127,40.47,86.53,12.88,True
2021-10-05,USC00094170,69,83.84,-14.84,-1.42,False
2021-10-05,USC00094862,8,48.07,-40.07,-4.98,True
2021-10-05,USC00095204,15,88.69,-73.69,-9.72,True
2021-10-05,USC00095205,25,87.61,-62.61,-8.15,True
2021-10-05,USC00095314,0,49.38,-49.38,-6.29,True
2021-10-05,USC00095863,5,62.61,-57.61,-7.45,True
2021-10-05,USC00095988,660,248.18,411.82,58.75,True
2021-10-05,USC00096087,0,6.33,-6.33,-0.22,False
2021-10-05,USC00096126,0,46.5,-46.5,-5.88,True
2021-10-05,USC00097528,53,56.58,-3.58,0.17,False
2021-10-05,USC00097777,0,40.39,-40.39,-5.02,True
2021-10-05,USC00097808,61,23.35,37.65,5.98,True
2021-10-05,USC00098677,0,70.18,-70.18,-9.22,True
2021-10-05,USC00098703,0,11.74,-11.74,-0.98,False
2021-10-05,USC00099124,25,130.29,-105.29,-14.17,True
2021-10-05,USC00099194,0,56.86,-56.86,-7.34,True
2021-10-05,USC00380072,0,44.15,-44.15,-5.55,True
2021-10-05,USC00380184,0,25.12,-25.12,-2.87,False
2021-10-05,USC00380448,183,54.48,128.52,18.8,True
2021-10-05,USC00380490,282,62.35,219.65,31.65,True
2021-10-05,USC00380506,5,45.1,-40.1,-4.98,True
2021-10-05,USC00381093,0,1.55,-1.55,0.46,False
2021-10-05,USC00381241,0,8.74,-8.74,-0.56,False
2021-10-05,USC00381726,191,48.05,142.95,20.83,True
2021-10-05,USC00381944,48,27.17,20.83,3.61,True
2021-10-05,USC00383470,0,20.88,-20.88,-2.27,False
2021-10-05,USC00383665,0,29.84,-29.84,-3.53,True
2021-10-05,USC00384449,0,32.3,-32.3,-3.88,True
2021-10-05,USC00384607,5,46.07,-41.07,-5.12,True
2021-10-05,USC00384886,0,4.24,-4.24,0.08,False
2021-10-05,USC00385493,5,26.26,-21.26,-2.32,False
2021-10-05,USC00385946,0,45.99,-45.99,-5.81,True
2021-10-05,USC00386153,0,0.65,-0.65,0.58,False
2021-10-05,USC00386527,254,58.16,195.84,28.29,True
2021-10-05,USC00386775,18,39.68,-21.68,-2.38,False
2021-10-05,USC00387631,56,44.61,11.39,2.28,False
2021-10-05,USC00388440,0,10.22,-10.22,-0.77,False
2021-10-05,USC00388474,15,38.17,-23.17,-2.59,False
2021-10-05,USC00388879,10,42.12,-32.12,-3.86,True
2021-10-05,USC00388922,0,43.4,-43.4,-5.45,True
2021-10-05,USC00389469,15,41.25,-26.25,-3.03,False
2021-10-05,USW00003728,3,27.56,-24.56,-2.79,False
2021-10-05,USW00003813,168,140.85,27.15,4.5,True
2021-10-05,USW00003820,18,46.87,-28.87,-3.4,False
2021-10-05,USW00003822,104,16.0,88.0,13.08,True
2021-10-05,USW00003853,5,7.83,-2.83,0.28,False
2021-10-05,USW00012812,76,1.71,74.29,11.15,True
2021-10-05,USW00012815,0,5.16,-5.16,-0.05,False
2021-10-05,USW00012816,20,10.12,9.88,2.07,False
2021-10-05,USW00012818,58,5.14,52.86,8.13,True
2021-10-05,USW00012819,0,12.84,-12.84,-1.14,False
2021-10-05,USW00012833,5,3.3,1.7,0.91,False
2021-10-05,USW00012834,5,8.92,-3.92,0.12,False
2021-10-05,USW00012835,74,5.83,68.17,10.29,True
2021-10-05,USW00012838,0,2.34,-2.34,0.34,False
2021-10-05,USW00012841,0,4.77,-4.77,0.0,False
2021-10-05,USW00012842,5,1.3,3.7,1.2,False
2021-10-05,USW00012843,0,0.29,-0.29,0.63,False
2021-10-05,USW00012844,0,1.14,-1.14,0.51,False
2021-10-05,USW00012849,0,3.65,-3.65,0.16,False
2021-10-05,USW00012854,0,5.81,-5.81,-0.14,False
2021-10-05,USW00012861,0,14.21,-14.21,-1.33,False
2021-10-05,USW00012871,0,0.6,-0.6,0.59,False
2021-10-05,USW00012873,13,0.6,12.4,2.42,False
2021-10-05,USW00012876,0,3.73,-3.73,0.15,False
2021-10-05,USW00012883,0,2.53,-2.53,0.32,False
2021-10-05,USW00012885,0,2.99,-2.99,0.25,False
2021-10-05,USW00012894,13,12.96,0.04,0.68,False
2021-10-05,USW00012895,0,0.26,-0.26,0.64,False
2021-10-05,USW00012897,71,10.66,60.34,9.18,True
2021-10-05,USW00013782,157,42.89,114.11,16.76,True
2021-10-05,USW00013837,10,42.23,-32.23,-3.87,True
2021-10-05,USW00013870,0,51.01,-51.01,-6.52,True
2021-10-05,USW00013873,447,244.15,202.85,29.28,True
2021-10-05,USW00013878,94,46.06,47.94,7.43,True
2021-10-05,USW00013880,617,48.09,568.91,80.9,True
2021-10-05,USW00013883,74,24.47,49.53,7.66,True
2021-10-05,USW00013889,18,4.85,13.15,2.53,False
2021-10-05,USW00053854,218,65.98,152.02,22.11,True
2021-10-05,USW00053860,41,11.24,29.76,4.87,True
2021-10-05,USW00053867,79,21.82,57.18,8.74,True
2021-10-05,USW00063803,391,290.83,100.17,14.8,True
2021-10-05,USW00063826,275,64.25,210.75,30.39,True
2021-10-05,USW00063850,631,260.51,370.49,52.92,True
2021-10-05,USW00063856,0,9.82,-9.82,-0.71,False
2021-10-05,USW00063890,0,8.62,-8.62,-0.54,False
2021-10-05,USW00092805,0,3.35,-3.35,0.2,False
2021-10-05,USW00092806,5,0.61,4.39,1.29,False
2021-10-05,USW00092814,0,5.28,-5.28,-0.07,False
2021-10-05,USW00092821,27,3.12,23.88,4.04,True
2021-10-05,USW00092827,0,4.25,-4.25,0.07,False
2021-10-05,USW00093718,13,0.05,12.95,2.5,False
2021-10-05,USW00093831,145,29.32,115.68,16.99,True
2021-10-05,USW00093837,0,5.65,-5.65,-0.12,False
2021-10-05,USW00093845,18,2.53,15.47,2.86,False
