ID,LAT,LON,NAME,Total Days,Missing Days,Missing %,Distance_to_Coast_km,Region
BF1FP000001,26.5481,-78.7028,FREEPORT LUCAYA 7.4 WNW,11,0,0.0,3.069364605137993,Coastal
US1FLAL0002,29.5272,-82.4271,ARCHER 5.5 E,11,0,0.0,61.29600252068538,Rural
US1FLAL0004,29.8006,-82.2836,BROOKER 6.6 SSE,11,0,0.0,98.59786184726293,Rural
US1FLAL0007,29.5908,-82.4314,GAINESVILLE 8.1 SW,11,0,0.0,67.20555576568673,Rural
US1FLAL0010,29.6802,-82.3988,GAINESVILLE 3.8 W,11,0,0.0,78.59075370206486,Inland
US1FLAL0017,29.7869,-82.6276,HIGH SPRINGS 3.2 SW,11,2,18.18,80.62130280144252,Rural
US1FLAL0026,29.6555,-82.3171,GAINESVILLE 1.7 SE,11,0,0.0,81.69748975743266,Inland
US1FLAL0031,29.738,-82.4162,GAINESVILLE 6.5 NW,11,0,0.0,83.77887023704133,Rural
US1FLAL0048,29.6778,-82.4264,GAINESVILLE 5.4 W,11,0,0.0,76.62434425278596,Inland
US1FLAL0050,29.6478,-82.3618,GAINESVILLE 2.4 SW,11,0,0.0,77.73735249540766,Inland
US1FLAL0051,29.5348,-82.2681,MICANOPY 2.1 NNE,11,0,0.0,75.04529222122275,Rural
US1FLAL0054,29.5198,-82.3127,MICANOPY 2.1 WNW,11,0,0.0,69.96246593512306,Rural
US1FLAL0055,29.6572,-82.4636,GAINESVILLE 7.7 W,11,0,0.0,72.18592899495103,Rural
US1FLAL0056,29.8519,-82.4999,ALACHUA 5.2 NNW,11,11,100.0,92.8734608054822,Rural
US1FLAL0058,29.6056,-82.3601,GAINESVILLE 5.0 SSW,11,0,0.0,73.73911150696223,Rural
US1FLAL0060,29.6467,-82.4563,GAINESVILLE 7.5 WSW,11,6,54.55,71.47338096963081,Rural
US1FLAL0061,29.6416,-82.4246,GAINESVILLE 5.8 WSW,11,11,100.0,72.89190573345799,Rural
US1FLAL0062,29.7091,-82.0662,MELROSE 1.7 W,11,10,90.91,89.19737058329623,Rural
US1FLAL0063,29.6843,-82.3846,GAINESVILLE 3.0 WNW,11,5,45.45,79.92905002023362,Inland
US1FLAL0071,29.6164,-82.1658,HAWTHORNE 5.0 WNW,11,2,18.18,90.45386620540985,Rural
US1FLAL0072,29.6808,-82.3295,GAINESVILLE 0.6 NE,11,10,90.91,83.28563197659093,Inland
US1FLAL0075,29.6692,-82.3496,GAINESVILLE 0.9 WSW,11,0,0.0,80.72576352989356,Inland
US1FLAL0078,29.6007,-82.3453,GAINESVILLE 5.1 S,11,11,100.0,74.38525565667881,Rural
US1FLAL0079,29.6181,-82.3421,GAINESVILLE 3.9 S,11,0,0.0,76.26838956605702,Rural
US1FLAL0080,29.7377,-82.4169,GAINESVILLE 6.5 NW,11,0,0.0,83.7059988595562,Rural
US1FLAL0081,29.6164,-82.4514,GAINESVILLE 8.0 WSW,11,0,0.0,68.53890265776256,Rural
US1FLAL0085,29.6958,-82.3586,GAINESVILLE 2.0 NW,11,10,90.91,82.82134870312626,Inland
US1FLAL0086,29.5845,-82.4327,GAINESVILLE 8.5 SW,11,11,100.0,66.48024435131927,Rural
US1FLAL0093,29.803,-82.5442,ALACHUA 4.2 WNW,11,11,100.0,85.27426992283924,Rural
US1FLAL0095,29.656,-82.3233,GAINESVILLE 0.5 N,11,11,100.0,81.29265912407463,Inland
US1FLAL0096,29.6122,-82.4445,GAINESVILLE 7.8 WSW,11,0,0.0,68.53849449329434,Rural
US1FLAL0097,29.6834,-82.3853,GAINESVILLE 3.0 WNW,11,6,54.55,79.78991086717612,Inland
US1FLAL0102,29.687,-82.6006,NEWBERRY 3.0 NNE,11,11,100.0,69.16396253428336,Rural
US1FLBK0003,30.3212,-82.2757,SANDERSON 4.9 NNW,11,11,100.0,91.28322360525529,Rural
US1FLBK0005,30.237,-82.2189,GLEN ST. MARY 4.4 SW,11,0,0.0,89.6582456833239,Rural
US1FLBK0006,30.2985,-82.1624,GLEN ST. MARY 1.7 N,11,1,9.09,80.60301830917169,Rural
US1FLBK0007,30.2161,-82.1606,MACCLENNY 4.9 SSW,11,0,0.0,85.13035287805825,Rural
US1FLBV0001,27.9512,-80.642,PALM BAY 2.6 SSE,11,0,0.0,11.803523203465158,Coastal
US1FLBV0002,28.1882,-80.6805,PALM SHORES 1.4 W,11,0,0.0,3.4927695695109073,Coastal
US1FLBV0005,28.0235,-80.6881,PALM BAY 3.1 NNW,11,0,0.0,12.761350160064424,Coastal
US1FLBV0006,28.1312,-80.6436,MELBOURNE 1.1 N,11,1,9.09,2.685906469608903,Coastal
US1FLBV0011,28.0165,-80.5332,MELBOURNE BEACH 3.9 SSE,11,11,100.0,0.2374242539687022,Coastal
US1FLBV0012,28.3861,-80.6003,CAPE CANAVERAL 0.6 ESE,11,0,0.0,0.6825795729282726,Coastal
US1FLBV0013,28.3122,-80.7456,ROCKLEDGE 1.1 WSW,11,0,0.0,4.137916157394699,Coastal
US1FLBV0014,27.9921,-80.6432,PALM BAY 1.0 NE,11,11,100.0,9.818138233111322,Coastal
US1FLBV0020,28.2439,-80.6842,PALM SHORES 4.3 NNW,11,0,0.0,0.992284950345621,Coastal
US1FLBV0023,28.3956,-80.7868,COCOA 2.6 WNW,11,0,0.0,4.430291790135977,Coastal
US1FLBV0028,27.8861,-80.5283,MICCO 1.3 NW,11,0,0.0,3.617360468140914,Coastal
US1FLBV0032,28.4017,-80.6729,MERRITT ISLAND 4.1 NE,11,11,100.0,1.439795629647671,Coastal
US1FLBV0036,28.4793,-80.7093,MERRIT ISLAND 9.1 N,11,1,9.09,2.4766891686986146,Coastal
US1FLBV0038,28.6282,-80.8572,TITUSVILLE 3.5 NW,11,7,63.64,4.784541793735834,Coastal
US1FLBV0047,28.3452,-80.7217,ROCKLEDGE 1.8 NNE,11,4,36.36,0.0855010557880581,Coastal
US1FLBV0049,28.2361,-80.6908,PALM SHORES 4.0 NNW,11,11,100.0,2.065694408221125,Coastal
US1FLBV0050,28.1825,-80.6524,MELBOURNE 4.7 N,11,11,100.0,0.9322378478393457,Coastal
US1FLBV0052,28.1329,-80.5855,INDIALANTIC 3.3 NNW,11,0,0.0,0.9686210424086213,Coastal
US1FLBV0054,28.3652,-80.6647,MERRITT ISLAND 3.8 N,11,0,0.0,0.3280873631048138,Coastal
US1FLBV0055,28.0562,-80.6299,MELBOURNE 4.1 S,11,8,72.73,5.1626892041115235,Coastal
US1FLBV0059,27.9501,-80.6421,PALM BAY 2.7 SSE,11,0,0.0,11.870347100536513,Coastal
US1FLBV0063,28.1712,-80.6816,MELBOURNE 4.6 NNW,11,0,0.0,4.482115448734393,Coastal
US1FLBV0067,27.9147,-80.6523,PALM BAY 4.9 S,11,2,18.18,14.732701812803468,Coastal
US1FLBV0072,27.9399,-80.6691,PALM BAY 3.2 S,11,1,9.09,15.138798875863205,Coastal
US1FLBV0073,28.5808,-80.8311,TITUSVILLE 0.9 SW,11,10,90.91,4.252479426700049,Coastal
US1FLBV0075,28.3822,-80.7067,MERRITT ISLAND 5.6 NNW,11,11,100.0,1.225753804660197,Coastal
US1FLBV0078,28.421,-80.8171,COCOA 5.1 NW,11,0,0.0,6.689153423060025,Coastal
US1FLBV0085,28.4247,-80.8018,COCOA 4.6 NW,11,10,90.91,4.9344309839707305,Coastal
US1FLBV0087,28.1733,-80.677,MELBOURNE 4.6 NNW,11,11,100.0,3.9063809466209967,Coastal
US1FLBV0089,28.1628,-80.5914,SATELLITE BEACH 0.7 ESE,11,0,0.0,0.9366148501833409,Coastal
US1FLBV0092,28.2045,-80.6012,SATELLITE BEACH 2.0 N,11,0,0.0,1.0637617483977142,Coastal
US1FLBV0095,28.4585,-80.7077,MERRITT ISLAND 10.6 NNW,11,0,0.0,2.161325709063723,Coastal
US1FLBV0099,28.0502,-80.6939,WEST MELBOURNE 2.5 SSW,11,2,18.18,11.974095220890675,Coastal
US1FLBV0102,28.01,-80.6919,PALM BAY 2.6 NW,11,0,0.0,13.84326237820761,Coastal
US1FLBV0103,27.9949,-80.6505,PALM BAY 0.9 NE,11,7,63.64,10.415482212082148,Coastal
US1FLBV0105,28.0297,-80.5417,MELBOURNE BEACH 2.8 SSE,11,11,100.0,0.41073150741013953,Coastal
US1FLBV0107,28.1164,-80.5806,INDIALANTIC 2.1 NNW,11,0,0.0,0.8061539224871331,Coastal
US1FLBV0109,28.1992,-80.6094,SATELLITE BEACH 1.7 NNW,11,2,18.18,0.9645461437984112,Coastal
US1FLBV0110,28.0234,-80.6174,PALM BAY 3.7 NE,11,0,0.0,5.583790619686131,Coastal
US1FLBV0111,28.1452,-80.7158,MELBOURNE 7.7 WNW,11,0,0.0,9.298569367619946,Coastal
US1FLBV0113,28.1668,-80.5912,SATELLITE BEACH 0.8 SE,11,0,0.0,0.8239820471939174,Coastal
US1FLBV0114,28.0152,-80.5891,PALM BAY 4.8 ENE,11,0,0.0,3.1313498964956814,Coastal
US1FLBV0115,28.64,-80.8542,MIMS 3.1 S,11,11,100.0,3.808907153830046,Coastal
US1FLBV0117,28.4493,-80.6977,SHARPES 3.8 ENE,11,11,100.0,3.1595469146374597,Coastal
US1FLBV0118,27.9075,-80.5242,GRANT 1.5 S,11,0,0.0,2.096510514441564,Coastal
US1FLBV0123,27.9926,-80.7007,PALM BAY 2.5 W,11,0,0.0,15.634041772950495,Coastal
US1FLBV0124,28.0711,-80.66,WEST MELBOURNE 0.9 SE,11,4,36.36,7.452324926237758,Coastal
US1FLBV0125,28.0799,-80.6334,MELBOURNE 2.5 S,11,0,0.0,4.296075971038598,Coastal
US1FLBV0126,28.3291,-80.7405,ROCKLEDGE 0.9 NW,11,11,100.0,2.689075355253526,Coastal
US1FLBV0133,28.3422,-80.6987,MERRITT ISLAND 3.0 NW,11,11,100.0,0.07299743188016945,Coastal
US1FLBV0134,28.3842,-80.7663,COCOA 1.1 WNW,11,11,100.0,2.630035798906082,Coastal
US1FLBW0004,26.0145,-80.3255,PEMBROKE PINES 1.0 ENE,11,11,100.0,23.32180681466879,Coastal
US1FLBW0007,26.286,-80.103,POMPANO BEACH HIGHLANDS 0.7 E,11,0,0.0,2.7542782289664083,Coastal
US1FLBW0016,26.1179,-80.1521,FORT LAUDERDALE 1.9 SSW,11,1,9.09,3.5293208412188686,Coastal
US1FLBW0026,26.3038,-80.0813,DEERFIELD BEACH 2.5 ESE,11,1,9.09,0.13565253978278846,Coastal
US1FLBW0067,26.0645,-80.3256,DAVIE 2.6 WSW,11,11,100.0,22.15933824807929,Coastal
US1FLBW0076,26.1182,-80.2066,PLANTATION 3.4 E,11,0,0.0,8.997247264096735,Coastal
US1FLBW0079,26.2459,-80.218,MARGATE 0.4 W,11,0,0.0,14.665371422245265,Coastal
US1FLBW0095,26.1069,-80.2394,PLANTATION 1.9 SE,11,5,45.45,12.357590092619123,Coastal
US1FLBW0099,26.072,-80.3679,WESTON 2.8 SE,11,0,0.0,26.725733090098135,Coastal
US1FLBW0106,26.1092,-80.2661,PLANTATION 1.2 SSW,11,11,100.0,15.34327837712586,Coastal
US1FLBW0110,26.0377,-80.18,HOLLYWOOD 1.1 WNW,11,0,0.0,7.284877110801143,Coastal
US1FLBW0116,26.1391,-80.2953,PLANTATION 2.3 WNW,11,10,90.91,19.205021622821935,Coastal
US1FLBW0121,26.2723,-80.1026,POMPANO BEACH 3.1 NE,11,0,0.0,2.4553380534494202,Coastal
US1FLBW0137,26.2521,-80.1224,POMPANO BEACH 1.2 NNE,11,0,0.0,4.258762981400819,Coastal
US1FLBW0139,26.1818,-80.2999,SUNRISE 2.1 N,11,11,100.0,21.662963578458186,Coastal
US1FLBW0145,26.1806,-80.1684,OAKLAND PARK 1.0 WNW,11,11,100.0,7.991943192277386,Coastal
US1FLBW0148,26.2632,-80.2592,CORAL SPRINGS 0.4 S,11,4,36.36,19.521764200664837,Coastal
US1FLBW0150,26.1294,-80.2825,PLANTATION 1.3 WNW,11,11,100.0,17.53307311153478,Coastal
US1FLBW0151,26.1569,-80.2965,SUNRISE 0.4 NNE,11,0,0.0,20.020816443850464,Coastal
US1FLBW0153,26.0078,-80.2297,PEMBROKE PINES 4.1 E,11,10,90.91,12.629563843725528,Coastal
US1FLBW0155,26.0577,-80.2757,COOPER CITY 1.3 NE,11,0,0.0,16.874896376743514,Coastal
US1FLBW0159,26.1885,-80.1094,FORT LAUDERDALE 3.7 NNE,11,0,0.0,1.6451517101057909,Coastal
US1FLBW0160,26.1667,-80.3106,SUNRISE 1.3 NW,11,0,0.0,21.930646051902716,Coastal
US1FLBW0161,26.0198,-80.3408,PEMBROKE PINES 0.7 N,11,0,0.0,25.055083028445832,Coastal
US1FLBW0162,26.2563,-80.2147,MARGATE 0.8 NNW,11,0,0.0,14.495631935587982,Coastal
US1FLBW0165,26.2492,-80.2093,MARGATE 0.3 NNE,11,3,27.27,13.769216960486357,Coastal
US1FLBW0166,26.1214,-80.4127,WESTON 1.7 NNW,11,1,9.09,31.732472167771075,Coastal
US1FLBW0167,26.3095,-80.0938,DEERFIELD BEACH 1.7 E,11,0,0.0,1.4336740324537505,Coastal
US1FLBW0174,26.0056,-80.1475,HOLLYWOOD 2.0 SSE,11,11,100.0,3.476730192215034,Coastal
US1FLCB0010,30.3178,-82.7543,WHITE SPRINGS 1.0 SSE,11,0,0.0,110.9098054308476,Rural
US1FLCB0012,30.0812,-82.671,LAKE CITY 7.9 SSW,11,0,0.0,97.65611045770386,Rural
US1FLCB0014,30.3175,-82.754,WHITE SPRINGS 1.0 SSE,11,11,100.0,110.9025954474533,Rural
US1FLCB0019,30.0681,-82.622,LAKE CITY 8.7 S,11,0,0.0,101.32485916032736,Rural
US1FLCB0024,29.8735,-82.7463,FORT WHITE 3.8 SSW,11,0,0.0,77.71784603472365,Rural
US1FLCB0025,30.1706,-82.6036,LAKE CITY 2.8 ESE,11,0,0.0,110.44936619581425,Rural
US1FLCB0026,29.9166,-82.6751,FORT WHITE 2.4 E,11,0,0.0,87.13822258915775,Rural
US1FLCH0006,26.8853,-82.2898,ROTONDA 0.8 WNW,11,11,100.0,3.8623483036113058,Coastal
US1FLCH0013,26.9805,-82.2094,PORT CHARLOTTE 6.2 W,11,0,0.0,2.175093329021073,Coastal
US1FLCH0015,26.9828,-82.0552,PORT CHARLOTTE 3.3 E,11,1,9.09,2.0847758178944438,Coastal
US1FLCH0017,26.9197,-82.0653,PUNTA GORDA 1.6 NNW,11,6,54.55,1.044660513079789,Coastal
US1FLCH0019,26.916,-82.068,PUNTA GORDA 1.4 NNW,11,0,0.0,1.2855674328300934,Coastal
US1FLCH0023,26.9175,-82.0689,PUNTA GORDA 1.6 NNW,11,0,0.0,1.0734533083689852,Coastal
US1FLCH0029,26.8966,-82.2221,PORT CHARLOTTE 9.3 SW,11,0,0.0,4.3879630869853825,Coastal
US1FLCH0030,26.9634,-82.168,PORT CHARLOTTE 4.0 WSW,11,11,100.0,1.6029570605568209,Coastal
US1FLCH0034,26.9353,-82.326,ENGLEWOOD 2.4 SE,11,0,0.0,1.8181615054017497,Coastal
US1FLCH0035,27.0323,-82.1902,NORTH PORT 1.2 SSE,11,0,0.0,7.375709479808333,Coastal
US1FLCH0036,27.0287,-82.0711,PORT CHARLOTTE 3.8 NE,11,2,18.18,8.06172621642585,Coastal
US1FLCH0037,27.0231,-82.0663,PORT CHARLOTTE 3.7 NE,11,11,100.0,7.26654884796246,Coastal
US1FLCH0038,27.0194,-82.0901,PORT CHARLOTTE 2.6 NNE,11,6,54.55,7.635929065300085,Coastal
US1FLCH0039,26.9302,-82.2851,GROVE CITY 2.8 NE,11,0,0.0,5.9901891892778485,Coastal
US1FLCH0040,26.987,-82.2462,NORTH PORT 5.4 SW,11,0,0.0,0.9355436073341321,Coastal
US1FLCH0044,26.8755,-82.2021,PORT CHARLOTTE 9.5 SW,11,11,100.0,3.8017867052000924,Coastal
US1FLCH0046,26.9345,-82.2572,PORT CHARLOTTE 9.8 WSW,11,11,100.0,4.100881622987702,Coastal
US1FLCR0012,26.0976,-81.7221,NAPLES 5.7 SE,11,0,0.0,5.997975200894773,Coastal
US1FLCR0013,26.2798,-81.7583,NAPLES PARK 3.7 ENE,11,0,0.0,7.030639474459787,Coastal
US1FLCR0037,26.236,-81.7325,NAPLES 7.4 NNE,11,11,100.0,10.375359818748553,Coastal
US1FLCR0038,26.054,-81.6964,NAPLES 8.7 SE,11,9,81.82,5.1094382248669445,Coastal
US1FLCR0041,26.2406,-81.6976,NAPLES 9.0 NE,11,11,100.0,14.297496791145928,Coastal
US1FLCR0052,26.2744,-81.5318,NAPLES 18.6 ENE,11,0,0.0,32.2511057381455,Coastal
US1FLCR0053,26.264,-81.5619,NAPLES 16.6 ENE,11,3,27.27,28.97853630438516,Coastal
US1FLCR0057,26.3329,-81.4339,AVE MARIA 0.4 SE,11,3,27.27,43.469940493294054,Coastal
US1FLCR0059,26.2271,-81.628,NAPLES 11.8 ENE,11,0,0.0,20.784250152322457,Coastal
US1FLCR0060,26.3292,-81.4314,AVE MARIA 0.7 SE,11,9,81.82,43.69203243292596,Coastal
US1FLCR0061,26.1964,-81.7945,NAPLES 3.6 N,11,11,100.0,3.028792742372542,Coastal
US1FLCR0062,26.1647,-81.7324,GOLDEN GATE 2.2 SW,11,0,0.0,6.8510044801896965,Coastal
US1FLCR0063,26.0389,-81.6891,MARCO ISLAND 6.6 NNE,11,11,100.0,4.56855817189716,Coastal
US1FLCR0066,26.129,-81.7458,EAST NAPLES 0.9 NE,11,2,18.18,4.2335486708492125,Coastal
US1FLCR0067,26.3066,-81.4501,AVE MARIA 2.3 SSW,11,11,100.0,41.38673718690321,Coastal
US1FLCT0008,28.871,-82.5273,CRYSTAL RIVER 4.7 ESE,11,1,9.09,11.556948345949055,Coastal
US1FLCT0011,28.9298,-82.3704,HERNANDO 1.6 N,11,1,9.09,29.787468630097454,Coastal
US1FLCT0015,28.8582,-82.3056,INVERNESS 2.6 ENE,11,4,36.36,36.282458366158394,Coastal
US1FLCT0024,28.9142,-82.4215,HERNANDO 2.9 W,11,5,45.45,23.85220495919368,Coastal
US1FLCT0029,28.7303,-82.5391,HOMOSASSA 6.0 SE,11,7,63.64,10.892865759911016,Coastal
US1FLCT0030,28.8741,-82.4411,HERNANDO 4.4 WSW,11,0,0.0,21.150382008348227,Coastal
US1FLCT0031,28.8816,-82.3971,INVERNESS 4.4 NW,11,3,27.27,26.070945985212294,Coastal
US1FLCT0034,28.9317,-82.4416,BEVERLY HILLS 1.9 NE,11,0,0.0,22.0972081850187,Coastal
US1FLCT0035,28.8717,-82.4114,INVERNESS 4.7 WNW,11,1,9.09,24.456653799638758,Coastal
US1FLCT0036,28.8175,-82.2769,INVERNESS 4.3 ESE,11,0,0.0,39.54446892207513,Coastal
US1FLCT0037,29.0059,-82.4938,CITRUS SPRINGS 1.3 WNW,11,0,0.0,21.477248192579303,Coastal
US1FLCT0038,28.8828,-82.4333,HERNANDO 3.9 WSW,11,0,0.0,22.05347960096707,Coastal
US1FLCT0039,28.8794,-82.4076,INVERNESS 4.8 NW,11,0,0.0,24.892448159483184,Coastal
US1FLCT0041,28.8529,-82.5858,HOMOSASSA 5.3 NNE,11,1,9.09,5.338402892221885,Coastal
US1FLCT0042,28.9709,-82.4168,HERNANDO 5.1 NNW,11,10,90.91,26.356810291087903,Coastal
US1FLCT0043,28.8227,-82.3334,INVERNESS 1.3 SSE,11,6,54.55,33.38731490363482,Coastal
US1FLCT0046,28.8646,-82.4114,INVERNESS 4.5 WNW,11,11,100.0,24.4793582533245,Coastal
US1FLCY0001,30.0785,-81.6956,FLEMING ISLAND 1.7 SE,11,0,0.0,39.56992687526142,Coastal
US1FLCY0002,30.1044,-81.736,ORANGE PARK 4.8 SSW,11,11,100.0,42.96163070789382,Coastal
US1FLCY0003,29.8172,-81.9275,KEYSTONE HEIGHTS 6.9 ENE,11,0,0.0,71.22914799718798,Rural
US1FLCY0005,29.8362,-81.9247,KEYSTONE HEIGHTS 7.6 ENE,11,11,100.0,70.62239240431022,Rural
US1FLCY0007,29.7981,-81.9788,KEYSTONE HEIGHTS 3.5 ENE,11,0,0.0,77.24164421185628,Rural
US1FLCY0024,29.7668,-82.0079,KEYSTONE HEIGHTS 1.8 ESE,11,11,100.0,81.15320022314938,Rural
US1FLCY0025,30.1448,-81.7668,ORANGE PARK 4.1 WSW,11,0,0.0,45.00199164834762,Coastal
US1FLCY0034,30.0751,-81.6943,FLEMING ISLAND 2.0 SE,11,11,100.0,39.50873426684641,Coastal
US1FLCY0037,30.0616,-81.7134,FLEMING ISLAND 2.2 S,11,0,0.0,41.91980311665569,Coastal
US1FLCY0038,29.8593,-81.8916,KEYSTONE HEIGHTS 10.1 ENE,11,0,0.0,66.69528049546327,Rural
US1FLCY0039,30.1517,-81.7424,ORANGE PARK 2.5 WSW,11,0,0.0,42.15066405907365,Coastal
US1FLCY0041,29.981,-81.8102,PENNEY FARMS 0.1 E,11,5,45.45,54.42857858604464,Rural
US1FLCY0042,30.0057,-81.7178,GREEN COVE SPRINGS 2.6 WNW,11,8,72.73,43.73258781785282,Coastal
US1FLCY0050,29.8475,-81.9615,KEYSTONE HEIGHTS 6.4 NE,11,9,81.82,74.5670782733955,Rural
US1FLCY0051,30.1628,-81.7091,ORANGE PARK 0.5 SSW,11,0,0.0,38.205869363965675,Coastal
US1FLCY0054,29.8505,-81.8948,KEYSTONE HEIGHTS 9.7 ENE,11,0,0.0,67.13544986333447,Rural
US1FLCY0055,30.108,-81.7321,FLEMING ISLAND 1.3 NW,11,0,0.0,42.42561848083084,Coastal
US1FLCY0056,29.7801,-82.0166,KEYSTONE HEIGHTS 1.0 E,11,11,100.0,81.77976695295484,Rural
US1FLCY0057,30.1054,-81.7027,FLEMING ISLAND 1.3 NE,11,11,100.0,39.351465811342216,Coastal
US1FLDS0003,27.039,-82.0546,LAKE SUZY 1.0 W,11,0,0.0,8.865489018159094,Coastal
US1FLDV0003,30.2765,-81.7304,JACKSONVILLE 5.9 SW,11,0,0.0,37.45284981434288,Coastal
US1FLDV0013,30.3216,-81.3956,NEPTUNE BEACH 0.5 NNW,11,0,0.0,0.0010579213339587186,Coastal
US1FLDV0021,30.356,-81.512,JACKSONVILLE 8.8 E,11,0,0.0,13.058985525987355,Coastal
US1FLDV0026,30.2608,-81.7444,JACKSONVILLE 7.3 SW,11,7,63.64,39.206578787207306,Coastal
US1FLDV0028,30.3157,-81.5985,JACKSONVILLE 3.8 ESE,11,0,0.0,22.59773392613104,Coastal
US1FLDV0032,30.3144,-81.4676,JACKSONVILLE 11.4 ESE,11,11,100.0,8.035056024973242,Coastal
US1FLDV0033,30.3044,-81.8226,JACKSONVILLE 10.0 WSW,11,0,0.0,47.46822282313496,Coastal
US1FLDV0034,30.2948,-81.7237,JACKSONVILLE 4.8 SW,11,11,100.0,36.59925143231289,Coastal
US1FLDV0042,30.235,-81.7869,JACKSONVILLE 10.3 SW,11,0,0.0,44.396778031606864,Coastal
US1FLDV0047,30.1705,-81.5818,JACKSONVILLE 12.0 SSE,11,11,100.0,24.22765437870153,Coastal
US1FLDV0050,30.3848,-81.521,JACKSONVILLE 8.9 ENE,11,0,0.0,12.845333092984719,Coastal
US1FLDV0051,30.175,-81.5705,JACKSONVILLE 12.0 SSE,11,11,100.0,22.865739851395606,Coastal
US1FLDV0059,30.3758,-81.6047,JACKSONVILLE 4.2 NE,11,0,0.0,22.1762843522305,Coastal
US1FLDV0063,30.2586,-81.7548,JACKSONVILLE 7.8 SW,11,0,0.0,40.390784298378726,Coastal
US1FLDV0069,30.3033,-81.7635,JACKSONVILLE 6.7 WSW,11,0,0.0,41.00031283960165,Coastal
US1FLDV0071,30.411,-81.8252,JACKSONVILLE 11.3 WNW,11,0,0.0,40.44167393837727,Coastal
US1FLDV0079,30.2274,-81.5565,JACKSONVILLE 9.6 SE,11,0,0.0,19.691987118084285,Coastal
US1FLDV0091,30.4839,-81.7016,JACKSONVILLE 10.6 NNW,11,0,0.0,24.0380051567366,Coastal
US1FLDV0094,30.2991,-81.7126,JACKSONVILLE 4.1 SW,11,1,9.09,35.34984057817185,Coastal
US1FLDV0098,30.1148,-81.5205,FRUIT COVE 5.9 E,11,6,54.55,19.550051502832446,Coastal
US1FLDV0106,30.1643,-81.6264,JACKSONVILLE 11.9 S,11,0,0.0,29.236107296530044,Coastal
US1FLDV0112,30.2956,-81.7184,JACKSONVILLE 4.5 SW,11,11,100.0,36.00681495408336,Coastal
US1FLDV0113,30.1866,-81.5855,FRUIT COVE 6.2 NNE,11,11,100.0,24.115882389273082,Coastal
US1FLDV0117,30.1402,-81.5713,JACKSONVILLE 14.4 SSE,11,0,0.0,24.05891118573554,Coastal
US1FLDV0118,30.2583,-81.5586,JACKSONVILLE 7.9 SE,11,0,0.0,18.93726358584558,Coastal
US1FLDX0002,29.644,-83.0473,CROSS CITY 4.7 E,11,11,100.0,34.51812095313659,Coastal
US1FLDX0003,29.6579,-83.0332,OLD TOWN 4.9 NW,11,1,9.09,36.891382640449564,Coastal
US1FLDX0004,29.6385,-83.0054,OLD TOWN 2.9 NNW,11,11,100.0,37.04943117723996,Coastal
US1FLFL0019,29.4722,-81.2439,BUNNELL 1.0 ENE,11,10,90.91,12.49081315341294,Coastal
US1FLFL0021,29.5663,-81.2054,PALM COAST 0.6 ESE,11,11,100.0,3.7492704931790497,Coastal
US1FLFL0023,29.4592,-81.3859,BUNNELL 7.7 W,11,11,100.0,27.644176191416015,Coastal
US1FLFL0024,29.5996,-81.2046,PALM COAST 2.1 NNE,11,0,0.0,2.2843399047450976,Coastal
US1FLFL0027,29.601,-81.2609,PALM COAST 3.5 NW,11,11,100.0,8.406991528509964,Coastal
US1FLFL0030,29.5161,-81.245,PALM COAST 4.2 SSW,11,2,18.18,10.358104603525707,Coastal
US1FLFL0032,29.5938,-81.1968,PALM COAST 1.9 NNE,11,0,0.0,1.6644462587348023,Coastal
US1FLFL0033,29.4564,-81.1163,FLAGLER BEACH 1.3 SE,11,0,0.0,0.10159095920828697,Coastal
US1FLFL0035,29.5972,-81.2201,PALM COAST 1.8 N,11,1,9.09,4.035252653668563,Coastal
US1FLFL0036,29.592,-81.1828,PALM COAST 2.4 NE,11,2,18.18,0.23962714115914754,Coastal
US1FLFL0037,29.5177,-81.235,PALM COAST 3.9 SSW,11,0,0.0,9.25593071464664,Coastal
US1FLFL0038,29.5123,-81.2128,PALM COAST 4.1 S,11,9,81.82,7.266987122117596,Coastal
US1FLFL0039,29.4418,-81.1106,FLAGLER BEACH 2.3 SSE,11,1,9.09,0.21397973601167491,Coastal
US1FLFL0040,29.5808,-81.2208,PALM COAST 0.8 NNW,11,0,0.0,4.703731160022288,Coastal
US1FLFL0042,29.4939,-81.2452,PALM COAST 5.7 SSW,11,5,45.45,11.513890044784493,Coastal
US1FLFL0043,29.4504,-81.2156,PALM COAST 8.3 S,11,6,54.55,10.635372977155093,Coastal
US1FLFL0047,29.5135,-81.2507,PALM COAST 4.5 SSW,11,0,0.0,11.072680807990283,Coastal
US1FLFL0049,29.544,-81.2166,PALM COAST 1.9 S,11,0,0.0,6.033104558380452,Coastal
US1FLFL0050,29.5441,-81.2398,PALM COAST 2.4 SW,11,1,9.09,8.395165862267596,Coastal
US1FLGC0003,29.6765,-82.6687,NEWBERRY 4.0 WNW,11,1,9.09,65.7934357794257,Rural
US1FLGC0008,29.6563,-82.8628,TRENTON 4.0 NW,11,0,0.0,50.3136382164303,Rural
US1FLGL0007,26.8206,-81.4495,LA BELLE 4.5 NNW,11,0,0.0,39.11666436531105,Coastal
US1FLGL0013,26.9838,-81.0984,MOORE HAVEN 10.4 N,11,2,18.18,82.99669437968993,Rural
US1FLHB0001,28.0662,-82.2098,PLANT CITY 6.5 NW,11,0,0.0,30.159103602019954,Coastal
US1FLHB0004,27.9125,-82.2261,VALRICO 2.2 SE,11,0,0.0,20.922666611473428,Coastal
US1FLHB0005,28.0823,-82.5493,CITRUS PARK 1.3 ENE,11,0,0.0,13.448300221606107,Coastal
US1FLHB0010,27.8859,-82.4895,TAMPA 5.1 S,11,0,0.0,0.49083438110267125,Coastal
US1FLHB0014,27.868,-82.2405,BLOOMINGDALE 1.3 ESE,11,11,100.0,17.47251569627345,Coastal
US1FLHB0016,28.0088,-82.0724,PLANT CITY 3.4 E,11,11,100.0,40.56670205592165,Coastal
US1FLHB0017,27.7305,-82.3384,SUN CITY CENTER 1.0 NE,11,0,0.0,10.448251098078972,Coastal
US1FLHB0027,28.1228,-82.4531,LUTZ 1.3 SSE,11,0,0.0,23.74487040769285,Coastal
US1FLHB0029,28.0301,-82.4062,TAMPA 6.5 NNE,11,0,0.0,13.08998978099087,Coastal
US1FLHB0033,27.8283,-82.1487,BLOOMINGDALE 7.6 ESE,11,0,0.0,26.94439983781132,Coastal
US1FLHB0036,27.9035,-82.516,TAMPA 4.4 SSW,11,11,100.0,2.249665042854049,Coastal
US1FLHB0037,28.1358,-82.4304,LUTZ 2.0 E,11,0,0.0,25.965513551085998,Coastal
US1FLHB0040,28.0824,-82.464,UNIVERSITY WEST 2.0 WNW,11,0,0.0,19.13899235521643,Coastal
US1FLHB0044,27.7057,-82.4005,RUSKIN 1.8 ESE,11,0,0.0,7.287550481093444,Coastal
US1FLHB0048,28.1071,-82.5132,GREATER NORTHDALE 0.4 ENE,11,0,0.0,18.159565959682844,Coastal
US1FLHB0051,28.1105,-82.446,LUTZ 2.2 SSE,11,0,0.0,22.67632628115792,Coastal
US1FLHB0055,28.0126,-82.4155,TAMPA 5.0 NNE,11,0,0.0,10.713278089315484,Coastal
US1FLHB0060,27.9058,-82.2411,VALRICO 2.8 SSE,11,2,18.18,19.05636412115919,Coastal
US1FLHB0068,27.9491,-82.0938,TAMPA 22.3 E,11,11,100.0,36.28740058917238,Coastal
US1FLHB0069,27.8658,-82.3507,RIVERVIEW 2.1 W,11,0,0.0,5.856806318324588,Coastal
US1FLHB0098,27.8047,-82.341,RIVERVIEW 4.8 SSW,11,0,0.0,5.509815029594678,Coastal
US1FLHB0107,27.7086,-82.3483,SUN CITY CENTER 0.9 SSE,11,2,18.18,11.428602574943138,Coastal
US1FLHB0112,27.8902,-82.4907,TAMPA 4.8 SW,11,11,100.0,0.6412905146382082,Coastal
US1FLHB0114,27.8735,-82.3029,RIVERVIEW 0.9 ENE,11,0,0.0,11.138587244650639,Coastal
US1FLHB0116,28.1341,-82.4719,LUTZ 0.6 WSW,11,11,100.0,23.535651696610188,Coastal
US1FLHB0120,28.0632,-82.4799,TAMPA 7.9 N,11,0,0.0,16.1428124574299,Coastal
US1FLHB0123,28.0939,-82.2561,THONOTOSASSA 3.6 NE,11,11,100.0,28.681570923836578,Coastal
US1FLHB0128,27.7036,-82.4066,RUSKIN 1.6 ESE,11,11,100.0,7.113664893565776,Coastal
US1FLHB0130,27.7822,-82.3645,APOLLO BEACH 2.7 ENE,11,0,0.0,4.134169945140755,Coastal
US1FLHB0134,27.7448,-82.3377,SUN CITY CENTER 1.8 NNE,11,11,100.0,9.314846709166604,Coastal
US1FLHB0136,27.903,-82.3264,BRANDON 2.8 SW,11,3,27.27,10.06527105445842,Coastal
US1FLHB0138,27.9382,-82.5047,TAMPA 2.0 SW,11,10,90.91,3.825531676907899,Coastal
US1FLHB0139,27.7087,-82.3539,SUN CITY CENTER 0.9 S,11,0,0.0,10.891630733343929,Coastal
US1FLHB0140,28.0864,-82.5154,GREATER NORTHDALE 1.2 S,11,0,0.0,15.824093345404782,Coastal
US1FLHB0141,28.0687,-82.4965,CARROLLWOOD 1.3 N,11,0,0.0,15.47152185136381,Coastal
US1FLHB0142,28.1648,-82.2965,ZEPHYRHILLS 8.8 SW,11,11,100.0,33.42040153105215,Coastal
US1FLHB0143,27.9135,-82.5136,TAMPA 3.7 SSW,11,7,63.64,2.3691344648938157,Coastal
US1FLHB0147,27.8479,-82.4766,TAMPA 7.7 S,11,11,100.0,0.6270565934466321,Coastal
US1FLHB0150,27.9004,-82.3247,RIVERVIEW 2.1 NNW,11,10,90.91,10.187386566414869,Coastal
US1FLHB0152,27.9991,-82.5857,TAMPA 6.9 WNW,11,11,100.0,2.3256659840339244,Coastal
US1FLHB0153,27.7377,-82.3497,SUN CITY CENTER 1.1 N,11,11,100.0,8.906110994716268,Coastal
US1FLHB0154,27.9942,-82.269,SEFFNER 0.4 ESE,11,0,0.0,19.578563284005373,Coastal
US1FLHB0156,28.059,-82.4871,CARROLLWOOD 0.7 NNE,11,0,0.0,15.266932265214134,Coastal
US1FLHB0160,27.9665,-82.2548,VALRICO 1.6 NNW,11,1,9.09,19.595492322911326,Coastal
US1FLHB0162,27.9697,-82.296,BRANDON 2.8 N,11,1,9.09,15.483164689120615,Coastal
US1FLHB0163,27.8801,-82.2641,BLOOMINGDALE 0.3 NW,11,0,0.0,15.444154108358008,Coastal
US1FLHB0166,27.8869,-82.3449,RIVERVIEW 2.1 WNW,11,0,0.0,7.480320813493458,Coastal
US1FLHB0167,27.8964,-82.4957,TAMPA 4.4 S,11,3,27.27,1.285303438802791,Coastal
US1FLHB0168,28.07,-82.5587,CARROLLWOOD VILLAGE 2.3 W,11,3,27.27,11.603064551742913,Coastal
US1FLHB0169,27.9833,-82.1473,PLANT CITY 1.9 SW,11,11,100.0,31.666622662535197,Coastal
US1FLHD0001,27.4898,-81.7863,ZOLFO SPRINGS 0.6 ESE,11,10,90.91,65.4022109268536,Rural
US1FLHD0003,27.6369,-81.8337,BOWLING GREEN 0.6 W,11,1,9.09,65.68389403155456,Rural
US1FLHL0001,27.3424,-81.429,LAKE PLACID 4.8 NW,11,0,0.0,74.94735073224096,Rural
US1FLHL0003,27.2877,-81.3853,LAKE PLACID 1.1 WSW,11,0,0.0,75.42501994164606,Rural
US1FLHL0012,27.405,-81.2461,SYLVAN SHORES 8.5 NE,11,0,0.0,96.24721985541935,Rural
US1FLHL0013,27.516,-81.525,SEBRING 4.7 WNW,11,0,0.0,82.36974733667495,Rural
US1FLHL0024,27.2406,-81.4102,LAKE PLACID 4.6 SSW,11,11,100.0,70.25076160235486,Rural
US1FLHL0030,27.4995,-81.498,SEBRING 2.8 WNW,11,0,0.0,82.65514873362902,Rural
US1FLHL0032,27.5334,-81.4896,SEBRING 3.7 NW,11,11,100.0,86.52870830300971,Rural
US1FLHL0038,27.4687,-81.417,SEBRING 2.7 SE,11,1,9.09,86.05418797367463,Rural
US1FLHL0042,27.4576,-81.487,SEBRING 3.1 SW,11,11,100.0,79.55675812442439,Rural
US1FLHL0043,27.4415,-81.3377,SEBRING 7.9 ESE,11,0,0.0,90.52340733352789,Rural
US1FLHM0005,30.334,-82.762,WHITE SPRINGS 0.3 NW,11,7,63.64,111.93981232660286,Rural
US1FLHN0007,28.4475,-82.5236,SPRING HILL 3.3 SE,11,2,18.18,15.651497075583144,Coastal
US1FLHN0008,28.5586,-82.5781,WEEKI WACHEE 3.0 N,11,0,0.0,7.989611332991043,Coastal
US1FLHN0011,28.6396,-82.3385,NORTH BROOKSVILLE 6.3 NE,11,8,72.73,33.23739944169931,Coastal
US1FLHN0014,28.4955,-82.6018,SPRING HILL 2.4 NW,11,0,0.0,6.835004587824216,Coastal
US1FLHN0022,28.5228,-82.3394,BROOKSVILLE 3.9 SE,11,0,0.0,34.732314970385666,Coastal
US1FLHN0024,28.6105,-82.5351,WEEKI WACHEE 7.1 NNE,11,0,0.0,12.254508590218956,Coastal
US1FLHN0026,28.4715,-82.5992,SPRING HILL 2.4 WSW,11,2,18.18,7.1807955924263105,Coastal
US1FLHN0030,28.4931,-82.576,SPRING HILL 1.1 NW,11,11,100.0,9.712194414111883,Coastal
US1FLHN0035,28.4829,-82.5957,SPRING HILL 2.1 W,11,0,0.0,7.5435534745561,Coastal
US1FLHN0039,28.5106,-82.3589,BROOKSVILLE 3.7 SE,11,0,0.0,32.72992204541401,Coastal
US1FLHN0040,28.5372,-82.5652,WEEKI WACHEE 1.7 NNE,11,0,0.0,9.53085719846727,Coastal
US1FLHN0041,28.4611,-82.5085,SPRING HILL 3.6 ESE,11,3,27.27,17.300174960363336,Coastal
US1FLHN0043,28.5334,-82.303,BROOKSVILLE 5.7 ESE,11,1,9.09,38.705521601629655,Coastal
US1FLHY0003,26.7639,-81.4748,LA BELLE 2.3 WNW,11,0,0.0,34.55949354747851,Coastal
US1FLHY0005,26.6639,-81.09,CLEWISTON 11.2 WSW,11,11,100.0,77.11649024553573,Rural
US1FLHY0008,26.7582,-81.4432,LABELLE 0.3 WNW,11,1,9.09,37.91965386123462,Coastal
US1FLHY0011,26.7672,-81.4159,LABELLE 1.5 ENE,11,2,18.18,41.09284512738725,Coastal
US1FLHY0012,26.6183,-81.1047,CLEWISTON 13.8 SW,11,2,18.18,76.1752115607383,Rural
US1FLIR0006,27.6438,-80.4339,VERO BEACH 2.4 W,11,0,0.0,6.339316176935692,Coastal
US1FLIR0015,27.6414,-80.4174,VERO BEACH 1.5 WSW,11,2,18.18,4.60264122626311,Coastal
US1FLIR0019,27.7598,-80.4927,SEBASTIAN 2.0 SSW,11,0,0.0,6.5166548528250665,Coastal
US1FLIR0024,27.6429,-80.4494,VERO BEACH 3.4 W,11,0,0.0,8.051574677460733,Coastal
US1FLIR0026,27.5996,-80.4166,VERO BEACH 3.5 SSW,11,0,0.0,5.586381509112993,Coastal
US1FLIR0027,27.6102,-80.393,VERO BEACH 2.5 S,11,1,9.09,2.7429096415358454,Coastal
US1FLIR0029,27.5598,-80.3889,VERO BEACH 6.0 SSE,11,11,100.0,3.586930296640737,Coastal
US1FLIR0036,27.6409,-80.4804,VERO BEACH 5.3 W,11,1,9.09,11.393357002010701,Coastal
US1FLIR0041,27.6626,-80.3663,VERO BEACH 2.1 NE,11,2,18.18,0.8373147241832357,Coastal
US1FLIR0047,27.5591,-80.3935,VERO BEACH 6.0 S,11,10,90.91,4.106164089417197,Coastal
US1FLIR0048,27.7109,-80.4427,VERO BEACH 5.4 NNW,11,0,0.0,3.9595531077834525,Coastal
US1FLIR0050,27.6306,-80.4496,VERO BEACH SOUTH 2.4 WNW,11,0,0.0,8.388546044166374,Coastal
US1FLIR0051,27.8208,-80.5931,FELLSMERE 3.8 N,11,0,0.0,13.566423978663376,Coastal
US1FLIR0052,27.7374,-80.4247,WABASSO 1.2 SE,11,11,100.0,0.7661803564824121,Coastal
US1FLIR0054,27.7646,-80.5343,VERO BEACH 11.9 NW,11,11,100.0,10.493471950924976,Coastal
US1FLIR0061,27.6593,-80.4515,VERO BEACH 3.6 WNW,11,11,100.0,7.51119275888384,Coastal
US1FLJF0007,30.2925,-83.8973,LAMONT 7.7 SW,11,0,0.0,27.79203238048681,Coastal
US1FLJF0009,30.5577,-83.8016,MONTICELLO 4.3 ENE,11,0,0.0,63.2314266011986,Rural
US1FLJF0010,30.5255,-83.9162,MONTICELLO 2.9 WSW,11,0,0.0,55.337254754544425,Rural
US1FLLE0006,26.6586,-81.7138,BUCKINGHAM 1.7 SE,11,0,0.0,9.572569915365237,Coastal
US1FLLE0010,26.3969,-81.8281,BONITA SPRINGS 4.7 NW,11,11,100.0,1.692214208923315,Coastal
US1FLLE0022,26.4946,-82.0774,SAINT JAMES CITY 0.4 SSE,11,0,0.0,0.4929327961625522,Coastal
US1FLLE0037,26.6423,-81.8488,FORT MYERS 0.8 N,11,0,0.0,1.2933746538795083,Coastal
US1FLLE0055,26.6064,-81.8773,FORT MYERS 2.3 SW,11,0,0.0,2.094068229927262,Coastal
US1FLLE0057,26.5674,-81.9979,CAPE CORAL 4.9 S,11,0,0.0,3.01297486044877,Coastal
US1FLLE0058,26.4855,-81.8478,FOREST ISLAND PARK 0.9 ESE,11,11,100.0,3.0351130106577413,Coastal
US1FLLE0059,26.6917,-82.0127,CAPE CORAL 3.9 NNW,11,0,0.0,7.675570193973638,Coastal
US1FLLE0062,26.5937,-81.9331,CAPE CORAL 5.0 SE,11,11,100.0,0.28685174756948845,Coastal
US1FLLE0065,26.5304,-81.9027,CYPRESS LAKE 0.5 SSW,11,0,0.0,3.226356983170802,Coastal
US1FLLE0068,26.5504,-81.6508,LEHIGH ACRES 3.8 SSW,11,1,9.09,23.571192382975408,Coastal
US1FLLE0072,26.6372,-81.8772,FORT MYERS 1.7 WNW,11,0,0.0,0.4902648134605469,Coastal
US1FLLE0074,26.684,-81.8547,NORTH FORT MYERS 2.8 ESE,11,11,100.0,0.4163422792751685,Coastal
US1FLLE0075,26.4435,-81.8179,ESTERO 0.5 WNW,11,11,100.0,3.635599330706184,Coastal
US1FLLK0003,28.565,-81.824,GROVELAND 1.7 E,11,0,0.0,91.09511054248361,Rural
US1FLLK0016,28.8925,-81.9404,LADY LAKE 2.5 SSW,11,0,0.0,76.92757083806896,Rural
US1FLLK0017,28.7366,-81.8465,LEESBURG 5.4 SSE,11,7,63.64,87.4424253521506,Rural
US1FLLK0021,28.92,-81.9116,LADY LAKE 1.2 ESE,11,0,0.0,80.31629566326659,Rural
US1FLLK0022,28.9548,-81.939,LADY LAKE 2.0 NNW,11,6,54.55,77.74268939077906,Rural
US1FLLK0023,28.9017,-81.7576,LEESBURG 9.9 NE,11,1,9.09,93.7292801780748,Rural
US1FLLK0024,29.0397,-81.6271,ALTOONA 5.3 NNE,11,11,100.0,73.2593322723302,Rural
US1FLLK0025,28.7109,-81.7188,ASTATULA 1.0 E,11,11,100.0,97.44890837977184,Rural
US1FLLK0027,28.5422,-81.6831,OAKLAND 3.4 WSW,11,11,100.0,96.35654598604928,Rural
US1FLLK0028,28.8679,-81.9152,FRUITLAND PARK 0.8 NNW,11,0,0.0,79.69546237249455,Rural
US1FLLK0030,28.8362,-81.9137,LEESBURG 2.7 NW,11,2,18.18,79.9966071044474,Inland
US1FLLK0031,28.8499,-81.9446,LADY LAKE 5.5 S,11,0,0.0,76.47638836657468,Rural
US1FLLK0036,28.5737,-81.7821,CLERMONT 2.1 NW,11,0,0.0,95.61655670680635,Rural
US1FLLK0041,28.7284,-81.8878,LEESBURG 5.5 S,11,11,100.0,82.93932925872404,Rural
US1FLLK0042,28.493,-81.7677,CLERMONT 4.1 S,11,11,100.0,98.48233014606305,Rural
US1FLLK0043,28.9117,-81.8661,LADY LAKE 4.0 ESE,11,0,0.0,85.30071458998033,Rural
US1FLLK0044,28.9847,-81.5019,PAISLEY 2.4 E,11,0,0.0,63.45280549507895,Rural
US1FLLK0045,28.9736,-81.6308,ALTOONA 1.2 ENE,11,0,0.0,77.0883922442731,Rural
US1FLLV0001,29.1569,-82.5611,DUNNELLON 10.1 NW,11,0,0.0,23.707545546629333,Coastal
US1FLLV0004,29.4208,-82.6015,BRONSON 3.0 SE,11,0,0.0,38.456610548539615,Coastal
US1FLLV0014,29.442,-82.536,WILLISTON 6.9 NW,11,2,18.18,45.09152692068492,Coastal
US1FLLV0015,29.0409,-82.6598,INGLIS 0.6 N,11,1,9.09,9.249002673592114,Coastal
US1FLLV0017,29.4991,-82.8666,CHIEFLAND 1.4 NNW,11,0,0.0,37.81828768777604,Coastal
US1FLLV0018,29.0429,-82.5701,DUNNELLON 7.4 W,11,0,0.0,18.294365355726132,Coastal
US1FLMA0006,27.54,-82.422,ELLENTON 6.6 E,11,0,0.0,16.922765738891773,Coastal
US1FLMA0010,27.4309,-82.4152,BRADENTON 10.8 SE,11,0,0.0,18.20007867744688,Coastal
US1FLMA0011,27.4768,-82.6094,BRADENTON 2.0 WSW,11,6,54.55,3.177456934733975,Coastal
US1FLMA0015,27.4969,-82.4318,BRADENTON 8.8 E,11,11,100.0,17.499836166046904,Coastal
US1FLMA0017,27.5182,-82.6511,BRADENTON 4.9 WNW,11,11,100.0,0.04902170409610131,Coastal
US1FLMA0018,27.505,-82.4005,BRADENTON 11.0 E,11,9,81.82,20.324655768468805,Coastal
US1FLMA0020,27.5099,-82.6297,BRADENTON 3.5 WNW,11,11,100.0,0.10962237576209562,Coastal
US1FLMA0022,27.5622,-82.483,PALMETTO 6.4 ENE,11,1,9.09,9.959646286744881,Coastal
US1FLMA0026,27.4979,-82.528,SAMOSET 1.7 NNE,11,11,100.0,6.843667998511159,Coastal
US1FLMA0028,27.5319,-82.7317,ANNA MARIA 0.2 NNE,11,0,0.0,0.1650753216720186,Coastal
US1FLMA0029,27.4132,-82.3683,LAKEWOOD RANCH 3.5 E,11,0,0.0,22.858241379365747,Coastal
US1FLMA0032,27.4275,-82.4001,THE MEADOWS 6.2 NE,11,0,0.0,19.74117486939986,Coastal
US1FLMA0033,27.4502,-82.4137,THE MEADOWS 7.0 NNE,11,11,100.0,19.09882549180617,Coastal
US1FLMA0034,27.4547,-82.4694,SAMOSET 4.7 ESE,11,0,0.0,13.803725876980922,Coastal
US1FLMA0037,27.4119,-82.4267,THE MEADOWS 4.4 NE,11,7,63.64,16.452180183392137,Coastal
US1FLMA0038,27.4756,-82.5974,BRADENTON 1.4 SW,11,11,100.0,3.4073468405228855,Coastal
US1FLMA0040,27.5239,-82.3732,PARRISH 5.6 SE,11,0,0.0,22.62311338242959,Coastal
US1FLMA0041,27.4039,-82.4885,SARASOTA 5.9 NE,11,0,0.0,9.509733780369366,Coastal
US1FLMA0042,27.4886,-82.6818,CORTEZ 1.5 NNW,11,11,100.0,1.2724038689780548,Coastal
US1FLMA0043,27.4273,-82.4634,DESOTO LAKES 4.2 NNE,11,0,0.0,12.919430600209198,Coastal
US1FLMA0044,27.4463,-82.399,THE MEADOWS 7.3 NE,11,1,9.09,20.47411004215135,Coastal
US1FLMR0003,28.9774,-82.0245,BELLEVIEW 6.0 SSE,11,0,0.0,68.76089119433628,Rural
US1FLMR0004,28.9609,-81.9979,LADY LAKE 4.8 WNW,11,0,0.0,71.36572481413057,Rural
US1FLMR0012,29.0805,-82.1738,OCALA WEATHER SERVICE,11,0,0.0,56.766246287720186,Rural
US1FLMR0013,29.4571,-82.2998,MICANOPY 3.6 SSW,11,0,0.0,66.41149969950277,Rural
US1FLMR0016,29.1527,-82.1055,OCALA 2.8 SSE,11,11,100.0,67.78485366962796,Rural
US1FLMR0018,29.0609,-81.9759,BELLEVIEW 4.8 E,11,0,0.0,76.463831654095,Rural
US1FLMR0020,28.9744,-81.9986,THE VILLAGES 2.7 NNW,11,9,81.82,71.5457727985662,Rural
US1FLMR0032,29.042,-81.9983,SUMMERFIELD 3.0 NE,11,0,0.0,73.39937026357035,Rural
US1FLMR0033,29.1913,-81.951,SILVER SPRINGS SHORES 6.9 NNE,11,11,100.0,85.25923195503046,Rural
US1FLMR0036,28.976,-82.1746,OCALA 14.3 S,11,0,0.0,52.31876525492304,Rural
US1FLMR0042,29.4453,-82.2492,MICANOPY 4.6 SSE,11,0,0.0,70.45630406561246,Rural
US1FLMR0046,29.4898,-81.9043,INTERLACHEN 8.8 S,11,11,100.0,80.52241872595444,Rural
US1FLMR0054,29.1779,-82.116,OCALA 1.1 SE,11,0,0.0,68.45319860858484,Inland
US1FLMR0056,29.1117,-82.2848,OCALA 10.7 WSW,11,1,9.09,48.17701835756946,Coastal
US1FLMR0057,29.2542,-82.1267,OCALA 4.6 N,11,0,0.0,73.06355241037576,Rural
US1FLMR0059,29.0674,-82.2561,OCALA 11.2 SW,11,0,0.0,47.84689508546742,Coastal
US1FLMR0065,29.0183,-82.0808,BELLEVIEW 3.3 SSW,11,0,0.0,63.74460133335261,Rural
US1FLMR0066,28.9802,-82.023,THE VILLAGES 3.7 NNW,11,0,0.0,68.9854717539192,Rural
US1FLMR0068,29.2059,-82.0817,OCALA 3.2 ENE,11,0,0.0,73.60082134514852,Rural
US1FLMR0071,29.1109,-82.2871,OCALA 10.8 WSW,11,11,100.0,47.91037108546488,Coastal
US1FLMR0074,29.056,-82.0289,BELLEVIEW 1.6 E,11,0,0.0,70.64315734012231,Rural
US1FLMR0079,29.1782,-82.2683,OCALA 8.3 W,11,1,9.09,54.810469400473444,Rural
US1FLMS0003,30.4727,-83.3954,MADISON 1.2 ENE,11,11,100.0,76.0265721931172,Rural
US1FLMT0001,27.1222,-80.3169,PALM CITY 4.0 SW,11,4,36.36,11.282529922972701,Coastal
US1FLMT0016,26.993,-80.5739,CANAL POINT 9.9 NNE,11,6,54.55,42.069170600400966,Coastal
US1FLMT0017,27.0999,-80.2789,STUART 6.9 SSW,11,11,100.0,12.176749010939796,Coastal
US1FLMT0018,27.1883,-80.2279,STUART 1.0 ESE,11,0,0.0,1.480862090837739,Coastal
US1FLMT0019,27.2541,-80.2604,JENSEN BEACH 2.2 NW,11,7,63.64,3.6750407219233496,Coastal
US1FLMT0021,27.1976,-80.2999,PALM CITY 3.1 NW,11,0,0.0,2.2599328101436797,Coastal
US1FLMT0026,27.0326,-80.4732,INDIANTOWN 0.4 SW,11,0,0.0,30.470948321402,Coastal
US1FLMT0028,27.2573,-80.2338,JENSEN BEACH 1.5 N,11,0,0.0,0.7841087428898866,Coastal
US1FLMT0031,27.1755,-80.285,PALM CITY 1.4 NW,11,0,0.0,3.7497978320976597,Coastal
US1FLMT0035,27.0728,-80.2583,STUART 8.4 S,11,0,0.0,13.298205982159692,Coastal
US1FLMT0036,27.256,-80.2351,JENSEN BEACH 1.4 N,11,0,0.0,0.9798689070609795,Coastal
US1FLMT0037,27.1208,-80.1954,STUART 5.9 SSE,11,0,0.0,4.264983399593018,Coastal
US1FLMT0038,27.1238,-80.2566,STUART 4.9 S,11,10,90.91,8.82039808407,Coastal
US1FLMT0039,27.1514,-80.2796,PALM CITY 0.9 SW,11,0,0.0,6.098617100161315,Coastal
US1FLMT0041,27.0314,-80.4752,INDIANTOWN 0.5 SW,11,9,81.82,30.73354142610217,Coastal
US1FLMT0042,27.0768,-80.1484,HOBE SOUND 0.6 WNW,11,0,0.0,2.61139791861108,Coastal
US1FLMT0043,27.1642,-80.5767,INDIANTOWN 11.1 NW,11,0,0.0,30.811508049926317,Coastal
US1FLMT0045,27.141,-80.1961,STUART 4.7 SE,11,0,0.0,2.449082649560381,Coastal
US1FLMT0046,27.1198,-80.2145,PORT SALERNO 2.4 SW,11,0,0.0,5.690017956567649,Coastal
US1FLNS0010,30.5979,-81.5947,HEDGES 0.3 ESE,11,11,100.0,10.58045595894647,Coastal
US1FLNS0012,30.6489,-81.4483,FERNANDINA BEACH 0.6 S,11,0,0.0,1.4629503546975577,Coastal
US1FLNS0014,30.5979,-81.5284,FERNANDINA BEACH 6.3 SW,11,0,0.0,3.2028583407613787,Coastal
US1FLNS0017,30.6243,-81.4427,FERNANDINA BEACH 2.3 S,11,0,0.0,0.4779399928221268,Coastal
US1FLNS0021,30.6228,-81.4524,FERNANDINA BEACH 2.4 S,11,0,0.0,1.5496803568852437,Coastal
US1FLNS0022,30.6364,-81.449,FERNANDINA BEACH 1.5 S,11,2,18.18,1.2376097018278847,Coastal
US1FLNS0023,30.5045,-81.8214,CALLAHAN 4.0 S,11,11,100.0,36.2501674620675,Coastal
US1FLOB0002,27.5847,-81.0456,OKEECHOBEE 27.1 NNW,11,3,27.27,71.67941538922821,Rural
US1FLOR0015,28.5814,-81.1758,UNION PARK 3.8 ENE,11,11,100.0,40.00003894521056,Coastal
US1FLOR0016,28.6848,-81.4659,APOPKA 2.9 E,11,11,100.0,70.01691057595808,Inland
US1FLOR0019,28.5624,-81.2185,UNION PARK 1.1 E,11,0,0.0,45.22290468419592,Coastal
US1FLOR0025,28.5709,-81.4959,ORLANDO 7.4 WNW,11,1,9.09,75.2056236621815,Inland
US1FLOR0026,28.5722,-81.3958,ORLANDO 4.8 NNW,11,0,0.0,64.18645702493549,Inland
US1FLOR0027,28.5743,-81.3851,ORLANDO 4.9 N,11,0,0.0,62.96708666640462,Inland
US1FLOR0030,28.3645,-81.4146,ORLANDO 12.0 S,11,0,0.0,72.88506336202393,Inland
US1FLOR0031,28.5431,-81.1785,UNION PARK 3.8 ESE,11,11,100.0,41.7787878288869,Coastal
US1FLOR0033,28.5729,-81.4914,ORLANDO 7.2 WNW,11,11,100.0,74.67205688120251,Inland
US1FLOR0034,28.5927,-81.5285,OCOEE 1.4 N,11,0,0.0,78.43900132640353,Inland
US1FLOR0035,28.3567,-81.6334,BAY LAKE 4.1 WSW,11,0,0.0,96.9090751032478,Inland
US1FLOR0043,28.667,-81.4609,APOPKA 3.5 ESE,11,0,0.0,69.8142742910948,Inland
US1FLOR0046,28.5139,-81.4096,ORLANDO 2.2 WNW,11,0,0.0,67.36600225551301,Inland
US1FLOR0047,28.5262,-81.5612,WINTER GARDEN 2.8 SSE,11,11,100.0,83.37533142256333,Rural
US1FLOR0048,28.5299,-81.1934,UNION PARK 3.5 SE,11,8,72.73,43.938117040527246,Coastal
US1FLOR0049,28.5428,-81.5764,WINTER GARDEN 1.4 SSE,11,11,100.0,84.63285961485964,Rural
US1FLOR0050,28.3692,-81.2629,BUENA VENTURA LAKES 6.0 ENE,11,11,100.0,56.247293478175166,Rural
US1FLOR0054,28.6849,-81.4972,APOPKA 1.0 E,11,1,9.09,73.45780705470521,Inland
US1FLOR0055,28.53,-81.4874,ORLANDO 6.8 W,11,0,0.0,75.24640858065696,Inland
US1FLOR0059,28.5001,-81.379,ORLANDO 0.4 SW,11,10,90.91,64.63230339364318,Inland
US1FLOR0061,28.5492,-81.6524,OAKLAND 1.5 WSW,11,0,0.0,92.84280222824067,Rural
US1FLOR0062,28.5237,-81.6084,OAKLAND 2.6 SSE,11,0,0.0,88.58579076193907,Rural
US1FLOR0065,28.5371,-81.295,ORLANDO 5.3 ENE,11,0,0.0,54.298995903356065,Inland
US1FLOR0066,28.4636,-81.5969,WINDERMERE 4.4 WSW,11,9,81.82,89.16583624185185,Rural
US1FLOR0068,28.444,-81.5548,BAY HILL 2.9 SW,11,0,0.0,85.44645365722324,Inland
US1FLOR0071,28.4589,-81.0882,BITHLO 7.8 S,11,11,100.0,34.854748408164795,Coastal
US1FLOR0072,28.5381,-81.1932,UNION PARK 3.1 SE,11,5,45.45,43.53355860551484,Coastal
US1FLOR0073,28.6909,-81.5176,APOPKA 0.4 NW,11,11,100.0,75.5846138588462,Inland
US1FLOS0001,28.193,-81.4997,POINCIANA PLACE 2.6 NNW,11,0,0.0,87.76979940651974,Rural
US1FLOS0027,28.2006,-81.285,ST. CLOUD 2.9 S,11,0,0.0,64.66660712956667,Rural
US1FLOS0029,28.2659,-81.261,ST. CLOUD 2.4 NE,11,0,0.0,59.69164515896163,Rural
US1FLOS0031,28.2738,-81.4647,CAMPBELL 1.4 NNW,11,0,0.0,80.9365669989639,Rural
US1FLOS0033,28.2619,-81.4462,KISSIMMEE 3.6 SW,11,9,81.82,79.40014341380758,Rural
US1FLOS0036,28.249,-81.159,ST. CLOUD 8.0 E,11,0,0.0,49.40946712395794,Coastal
US1FLOS0037,28.2482,-81.2399,ST CLOUD 3.1 E,11,1,9.09,58.044507833701545,Rural
US1FLOS0038,28.3125,-81.2413,ST. CLOUD 5.7 NNE,11,11,100.0,55.72890726345161,Rural
US1FLPB0002,26.5755,-80.2026,ABERDEEN 3.7 WNW,11,0,0.0,16.748602360441783,Coastal
US1FLPB0007,26.518,-80.145,SUN VALLEY 0.8 SW,11,6,54.55,9.888508927342944,Coastal
US1FLPB0009,26.9458,-80.2299,JUPITER 7.9 W,11,10,90.91,12.79390539264242,Coastal
US1FLPB0012,26.607,-80.1721,ABERDEEN 4.2 NNW,11,0,0.0,14.599535620234311,Coastal
US1FLPB0013,26.6331,-80.0661,LAKE WORTH 1.0 NNW,11,0,0.0,3.66762172146515,Coastal
US1FLPB0029,26.9433,-80.562,INDIANTOWN 8.6 SW,11,11,100.0,45.36691668827688,Coastal
US1FLPB0031,26.714,-80.307,ROYAL PALM BEACH 5.0 W,11,4,36.36,28.83778131460556,Coastal
US1FLPB0034,26.8374,-80.6471,PAHOKEE 1.6 NE,11,1,9.09,60.4545762995633,Rural
US1FLPB0036,26.5838,-80.0506,LANTANA 0.3 E,11,11,100.0,1.920480621585553,Coastal
US1FLPB0037,26.651,-80.2475,WELLINGTON 0.7 SE,11,0,0.0,23.825113912045172,Coastal
US1FLPB0043,26.902,-80.1246,JUPITER 2.0 SW,11,9,81.82,4.152829136305968,Coastal
US1FLPB0044,26.3985,-80.0736,BOCA RATON 2.7 NE,11,0,0.0,0.46045684791787317,Coastal
US1FLPB0061,26.442,-80.1105,DELRAY BEACH 1.6 WSW,11,0,0.0,5.527620288796339,Coastal
US1FLPB0063,26.4278,-80.0809,DELRAY BEACH 1.9 SSE,11,1,9.09,2.139374789182417,Coastal
US1FLPB0070,26.5357,-80.0998,BOYNTON BEACH 1.3 WNW,11,11,100.0,4.987303360838687,Coastal
US1FLPB0072,26.5508,-80.1825,BOYNTON BEACH 6.5 WNW,11,0,0.0,14.283771141012508,Coastal
US1FLPB0077,26.5613,-80.1686,ABERDEEN 1.4 WNW,11,0,0.0,12.811595212088388,Coastal
US1FLPB0079,26.3839,-80.0755,BOCA RATON 2.1 ENE,11,11,100.0,0.2904540096304645,Coastal
US1FLPB0080,26.3544,-80.1644,BOCA RATON 3.8 WSW,11,0,0.0,10.112390725512475,Coastal
US1FLPB0081,26.797,-80.035,PALM BEACH SHORES 1.4 N,11,0,0.0,0.3699976120480838,Coastal
US1FLPB0082,26.4467,-80.1256,DELRAY BEACH 2.3 WSW,11,11,100.0,7.238475454449727,Coastal
US1FLPB0087,26.6674,-80.1785,GOLDEN LAKES 2.4 SSW,11,0,0.0,16.114175559383916,Coastal
US1FLPB0095,26.6179,-80.0515,LAKE WORTH 0.5 ESE,11,11,100.0,2.071046568748626,Coastal
US1FLPB0096,26.7235,-80.6665,BELLE GLADE 2.6 N,11,9,81.82,66.7978346846565,Rural
US1FLPB0098,26.7473,-80.3282,ROYAL PALM BEACH 6.9 WNW,11,2,18.18,30.62225330448445,Coastal
US1FLPB0106,26.3467,-80.1979,SANDALFOOT COVE 0.8 NW,11,11,100.0,13.811611529292206,Coastal
US1FLPB0116,26.9551,-80.136,JUPITER 2.9 NW,11,11,100.0,2.92486412808086,Coastal
US1FLPB0117,26.6033,-80.1768,GREENACRES CITY 2.9 SW,11,11,100.0,14.888452590941245,Coastal
US1FLPK0013,28.0337,-81.7415,WINTER HAVEN 1.3 WSW,11,11,100.0,76.73083564176196,Inland
US1FLPK0018,27.957,-81.946,LAKELAND HIGHLANDS 0.3 SE,11,0,0.0,52.08086384500133,Rural
US1FLPK0032,28.065,-82.0423,LAKELAND 5.3 WNW,11,0,0.0,46.16733492988062,Coastal
US1FLPK0034,27.9608,-81.9956,LAKELAND 6.9 SW,11,0,0.0,46.998448698247856,Coastal
US1FLPK0035,27.7027,-81.589,FROSTPROOF 4.6 SW,11,0,0.0,90.1995751356862,Rural
US1FLPK0039,27.8285,-81.7433,BARTOW 7.8 SE,11,0,0.0,72.01953196872769,Rural
US1FLPK0048,27.9915,-81.943,LAKELAND 3.6 SSE,11,11,100.0,53.84548272307218,Inland
US1FLPK0053,28.1242,-81.5005,POINCIANA PLACE 2.5 SSW,11,11,100.0,90.50990979752702,Rural
US1FLPK0055,28.1722,-81.8492,POLK CITY 1.6 WSW,11,3,27.27,71.3917084436707,Rural
US1FLPK0060,28.0202,-81.6158,DUNDEE 0.3 E,11,11,100.0,89.60666105658156,Rural
US1FLPK0067,28.1817,-81.6238,DAVENPORT 1.9 NW,11,0,0.0,94.88614700178434,Rural
US1FLPK0070,27.9374,-82.0424,WILLOW OAK 1.8 NW,11,11,100.0,41.10905644857744,Coastal
US1FLPK0071,27.975,-81.7865,WINTER HAVEN 6.1 SW,11,11,100.0,69.77731906900569,Rural
US1FLPK0073,27.9171,-81.9777,MULBERRY 1.1 NNW,11,0,0.0,47.365480051096974,Coastal
US1FLPK0076,28.1019,-81.7813,AUBURNDALE 2.4 NNE,11,0,0.0,75.00170773953974,Inland
US1FLPK0078,28.2211,-81.5442,LOUGHMAN 2.0 ESE,11,0,0.0,91.37051482626964,Rural
US1FLPK0081,28.0515,-81.8443,AUBURNDALE 3.1 WSW,11,0,0.0,66.47320154042417,Rural
US1FLPK0083,28.0053,-81.9059,CRYSTAL LAKE 2.1 S,11,0,0.0,58.32599720155568,Rural
US1FLPK0084,27.9147,-81.8681,BARTOW 1.9 NW,11,1,9.09,59.27360923029898,Rural
US1FLPK0087,28.0994,-81.8922,LAKELAND 5.8 NE,11,11,100.0,63.26751076438557,Rural
US1FLPK0096,27.951,-81.6882,WINTER HAVEN 6.6 SSE,11,11,100.0,79.79474219262761,Rural
US1FLPN0004,27.8017,-82.7355,ST. PETERSBURG 6.5 WNW,11,11,100.0,2.9811300774697678,Coastal
US1FLPN0006,27.7635,-82.7315,SOUTH PASADENA 1.0 NE,11,0,0.0,0.32389412768922626,Coastal
US1FLPN0009,27.7255,-82.6325,ST. PETERSBURG 2.3 SSE,11,0,0.0,0.8522172975216646,Coastal
US1FLPN0017,27.7532,-82.7309,SOUTH PASADENA 0.6 E,11,0,0.0,0.3242480397287285,Coastal
US1FLPN0034,27.8033,-82.6546,ST. PETERSBURG 3.2 NNW,11,0,0.0,4.689654594487567,Coastal
US1FLPN0035,27.7588,-82.7164,GULFPORT 0.9 NNW,11,0,0.0,1.4135359020210554,Coastal
US1FLPN0036,28.0347,-82.7645,DUNEDIN 2.8 ESE,11,0,0.0,2.337252836981885,Coastal
US1FLPN0049,27.8239,-82.6358,ST. PETERSBURG 4.6 N,11,11,100.0,4.362379052526649,Coastal
US1FLPN0053,27.8019,-82.7347,ST.PETERSBURG 6.0 WNW,11,11,100.0,3.064862738769983,Coastal
US1FLPN0057,28.1439,-82.7385,TARPON SPRINGS 2.6 E,11,11,100.0,4.978474167432345,Coastal
US1FLPN0060,27.8019,-82.6967,ST. PETERSBURG 4.5 NW,11,0,0.0,6.258150690568211,Coastal
US1FLPN0071,28.0729,-82.7654,PALM HARBOR 1.0 S,11,4,36.36,1.5816413470417439,Coastal
US1FLPN0072,27.9214,-82.7603,LARGO 1.5 NE,11,11,100.0,4.682899418590082,Coastal
US1FLPN0074,27.7674,-82.6654,ST. PETERSBURG 1.6 WNW,11,0,0.0,4.418729457278922,Coastal
US1FLPN0077,27.8618,-82.8348,SEMINOLE 3.3 WNW,11,0,0.0,1.7428184804336562,Coastal
US1FLPN0079,27.7899,-82.6437,ST. PETERSBURG 2.2 N,11,0,0.0,3.0345901855231694,Coastal
US1FLPN0081,27.7229,-82.6492,ST. PETERSBURG 2.5 S,11,2,18.18,2.5867561894899924,Coastal
US1FLPN0082,28.1287,-82.7441,TARPON SPRINGS 2.6 ESE,11,11,100.0,3.673674945192981,Coastal
US1FLPN0083,28.0029,-82.7624,CLEARWATER 1.6 N,11,0,0.0,3.3942237554354797,Coastal
US1FLPN0087,27.7389,-82.7053,GULFPORT 0.6 SSE,11,0,0.0,0.11356864501224756,Coastal
US1FLPN0090,27.8674,-82.6815,PINELLAS PARK 1.7 ENE,11,0,0.0,5.135967663523388,Coastal
US1FLPN0091,28.033,-82.7622,DUNEDIN 2.9 ESE,11,0,0.0,2.632049958479077,Coastal
US1FLPN0093,28.0796,-82.7149,PALM HARBOR 3.0 E,11,11,100.0,5.921848821972148,Coastal
US1FLPN0094,27.882,-82.7411,LARGO 3.1 SE,11,0,0.0,6.278168302844874,Coastal
US1FLPN0096,27.9481,-82.7352,CLEARWATER 2.9 SE,11,0,0.0,3.0381912912791185,Coastal
US1FLPN0097,27.7657,-82.7359,ST. PETERSBURG 5.8 W,11,0,0.0,0.06316739034076406,Coastal
US1FLPN0099,27.7775,-82.7184,ST. PETERSBURG 4.9 WNW,11,0,0.0,2.5052786262026134,Coastal
US1FLPN0104,27.8904,-82.7931,LARGO 1.5 SSW,11,0,0.0,4.255844030324103,Coastal
US1FLPN0105,27.8899,-82.6599,FEATHER SOUND 1.3 S,11,2,18.18,1.472789402742914,Coastal
US1FLPN0108,27.8126,-82.6258,ST. PETERSBURG 3.9 NNE,11,0,0.0,2.6090979729975734,Coastal
US1FLPN0111,28.0808,-82.7617,PALM HARBOR 0.5 S,11,0,0.0,1.950014089093933,Coastal
US1FLPN0112,27.9449,-82.7613,CLEARWATER 2.4 S,11,11,100.0,5.19229524166657,Coastal
US1FLPN0115,28.0908,-82.7765,PALM HARBOR 0.8 WNW,11,11,100.0,0.12329059390058279,Coastal
US1FLPN0116,28.146,-82.7298,TARPON SPRINGS 3.1 E,11,11,100.0,5.980925578057847,Coastal
US1FLPS0001,28.3505,-82.6836,HUDSON 1.1 ESE,11,3,27.27,3.06583511688751,Coastal
US1FLPS0004,28.3014,-82.7146,PORT RICHEY 2.0 NNE,11,0,0.0,0.29471956491375345,Coastal
US1FLPS0006,28.1714,-82.4223,LUTZ 3.4 NE,11,0,0.0,30.526653623735577,Coastal
US1FLPS0007,28.2698,-82.1941,ZEPHYRHILLS 2.6 NNW,11,0,0.0,50.593522148226135,Rural
US1FLPS0008,28.242,-82.1638,ZEPHYRHILLS 0.9 ENE,11,11,100.0,49.61171582728424,Coastal
US1FLPS0010,28.3522,-82.2225,DADE CITY 1.8 WSW,11,1,9.09,50.642246115980484,Rural
US1FLPS0015,28.4225,-82.206,DADE CITY 4.3 N,11,0,0.0,51.10981380412444,Rural
US1FLPS0018,28.2839,-82.1614,ZEPHYRHILLS NORTH 2.3 N,11,11,100.0,54.07019915089701,Rural
US1FLPS0043,28.2027,-82.44,LAND O LAKES 1.5 SSE,11,0,0.0,32.70585701311277,Coastal
US1FLPS0049,28.4754,-82.1569,LACOOCHEE 1.0 NE,11,0,0.0,55.623527993406285,Rural
US1FLPS0051,28.1875,-82.7321,HOLIDAY 0.6 E,11,2,18.18,4.600891563208795,Coastal
US1FLPS0053,28.2027,-82.4341,LAND O' LAKES 1.8 SE,11,11,100.0,33.061233083314285,Coastal
US1FLPS0057,28.3848,-82.689,HUDSON 2.0 NNE,11,11,100.0,0.9814043665113973,Coastal
US1FLPS0065,28.1871,-82.6233,TRINITY 3.0 ENE,11,0,0.0,15.418916874040892,Coastal
US1FLPS0068,28.2219,-82.7407,NEW PORT RICHEY 2.3 SW,11,11,100.0,1.6410055947236875,Coastal
US1FLPS0072,28.2283,-82.3876,LAND O' LAKES 4.1 E,11,0,0.0,37.69846357242036,Coastal
US1FLPS0073,28.1751,-82.3376,WESLEY CHAPEL 1.7 ESE,11,0,0.0,32.81868497186983,Coastal
US1FLPS0074,28.3189,-82.1769,DADE CITY 3.2 SSE,11,1,9.09,56.6516034115665,Rural
US1FLPS0075,28.2088,-82.6757,NEW PORT RICHEY 3.7 SE,11,0,0.0,9.026684985257736,Coastal
US1FLPT0004,29.5517,-81.6579,SATSUMA 0.2 WSW,11,0,0.0,51.97951567986729,Rural
US1FLPT0007,29.5909,-81.6063,SATSUMA 4.0 NE,11,0,0.0,44.97567258694848,Coastal
US1FLPT0008,29.6962,-81.6264,EAST PALATKA 3.5 NNW,11,0,0.0,42.91759517714532,Coastal
US1FLPT0009,29.6517,-81.8746,INTERLACHEN 2.8 NNE,11,11,100.0,71.1050815183175,Rural
US1FLPT0010,29.6046,-81.9143,INTERLACHEN 1.3 SW,11,11,100.0,76.89842512508955,Rural
US1FLPT0012,29.7832,-81.8487,FLORAHOME 4.1 NNE,11,0,0.0,63.38845241386559,Rural
US1FLPT0021,29.4661,-81.521,CRESCENT CITY 2.0 N,11,0,0.0,41.095210524372426,Coastal
US1FLPT0024,29.5887,-81.5487,SAN MATEO 2.5 SE,11,0,0.0,38.96484326835691,Coastal
US1FLPT0026,29.6622,-81.87,INTERLACHEN 3.6 NNE,11,0,0.0,70.28619339011922,Rural
US1FLPT0027,29.6278,-81.8191,HOLLISTER 0.5 NW,11,0,0.0,65.89248134497328,Rural
US1FLPT0029,29.6414,-81.7153,PALATKA 3.6 W,11,0,0.0,54.32135846988751,Rural
US1FLSJ0004,29.8129,-81.3319,ST. AUGUSTINE SOUTH 2.1 SSW,11,0,0.0,8.12032048233082,Coastal
US1FLSJ0016,29.9441,-81.5061,ST. AUGUSTINE 12.2 WNW,11,0,0.0,22.812455653814638,Coastal
US1FLSJ0020,29.85,-81.2904,ST. AUGUSTINE 3.1 SSE,11,0,0.0,2.692822242877063,Coastal
US1FLSJ0023,29.9269,-81.3517,ST. AUGUSTINE 3.4 NW,11,0,0.0,6.843003523403895,Coastal
US1FLSJ0028,29.8518,-81.3447,ST. AUGUSTINE 3.4 SW,11,0,0.0,7.848088980429953,Coastal
US1FLSJ0029,30.1925,-81.3702,SAWGRASS 0.0 E,11,4,36.36,0.7007811771121788,Coastal
US1FLSJ0030,30.1286,-81.6197,FRUIT COVE 1.9 N,11,0,0.0,29.649741070120893,Coastal
US1FLSJ0031,30.1215,-81.4323,PALM VALLEY 5.9 SSW,11,9,81.82,9.741869371671145,Coastal
US1FLSJ0033,30.1613,-81.3669,SAWGRASS 2.2 S,11,0,0.0,1.6385571249583217,Coastal
US1FLSJ0034,29.9198,-81.3901,ST. AUGUSTINE 5.1 WNW,11,0,0.0,11.114363457999177,Coastal
US1FLSJ0036,30.1116,-81.6323,FRUIT COVE 1.1 NW,11,0,0.0,31.624807365975087,Coastal
US1FLSJ0038,29.9296,-81.3879,ST. AUGUSTINE 5.3 WNW,11,11,100.0,10.632957944207094,Coastal
US1FLSJ0039,30.0123,-81.4802,ST JOHNS 6.2 SE,11,1,9.09,17.68882017723409,Coastal
US1FLSJ0046,30.1004,-81.5726,FRUIT COVE 2.7 E,11,11,100.0,25.592669397900163,Coastal
US1FLSL0011,27.3864,-80.3286,FORT PIERCE 2.8 SSE,11,1,9.09,4.390817575453395,Coastal
US1FLSL0013,27.2494,-80.3718,PORT ST. LUCIE 2.4 SSW,11,0,0.0,6.45531878465437,Coastal
US1FLSL0015,27.4874,-80.3035,FORT PIERCE 3.4 NNE,11,4,36.36,1.1208899636533147,Coastal
US1FLSL0017,27.2681,-80.4454,TRADITION 5.6 W,11,2,18.18,14.937535007566707,Coastal
US1FLSL0019,27.3237,-80.3111,PORT ST. LUCIE 4.0 NE,11,0,0.0,5.578430288898663,Coastal
US1FLSL0022,27.3138,-80.3563,PORT ST. LUCIE 2.4 N,11,8,72.73,10.07008806616721,Coastal
US1FLSL0031,27.3398,-80.3763,PORT ST. LUCIE 4.4 NNW,11,11,100.0,11.523443626247046,Coastal
US1FLSL0033,27.3704,-80.3428,FORT PIERCE 5.1 SSW,11,0,0.0,6.615697943043865,Coastal
US1FLSL0043,27.2439,-80.4066,PORT ST. LUCIE 4.1 SW,11,11,100.0,10.273841940558073,Coastal
US1FLSL0048,27.365,-80.3034,FORT PIERCE 5.4 SSE,11,8,72.73,2.816891656531215,Coastal
US1FLSL0050,27.2626,-80.3767,PORT ST. LUCIE 1.8 SW,11,0,0.0,7.38269459434538,Coastal
US1FLSL0051,27.2671,-80.4102,PORT ST. LUCIE 3.5 WSW,11,3,27.27,11.106114871439944,Coastal
US1FLSL0052,27.2891,-80.394,PORT ST. LUCIE 2.5 WNW,11,10,90.91,10.612034506114533,Coastal
US1FLSL0054,27.2941,-80.2145,JENSEN BEACH 4.1 NNE,11,0,0.0,0.7246663645744588,Coastal
US1FLSM0004,28.7904,-81.27,SANFORD 0.4 ENE,11,11,100.0,46.96192394938108,Coastal
US1FLSM0008,28.652,-81.1209,CHULUOTA 0.9 N,11,0,0.0,32.601179355546556,Coastal
US1FLSM0018,28.7971,-81.3051,SANFORD 1.9 WNW,11,2,18.18,50.8759425573935,Inland
US1FLSM0026,28.6831,-81.3997,ALTAMONTE SPRINGS 1.5 N,11,0,0.0,62.768407494839,Inland
US1FLSM0027,28.6462,-81.3805,ALTAMONTE SPRINGS 1.4 SE,11,11,100.0,61.3764698028314,Inland
US1FLSM0030,28.676,-81.237,WINTER SPRINGS 2.3 E,11,0,0.0,45.01074798318498,Coastal
US1FLSM0034,28.6886,-81.1828,OVIEDO 2.1 N,11,0,0.0,38.80312669850015,Coastal
US1FLSM0035,28.6548,-81.2865,CASSELBERRY 2.3 ESE,11,0,0.0,50.86915129966106,Inland
US1FLSM0036,28.6172,-81.2667,OVIEDO 5.9 WSW,11,11,100.0,49.13108895139949,Coastal
US1FLSM0037,28.6376,-81.1293,CHULUOTA 0.6 WSW,11,0,0.0,33.65045120385626,Coastal
US1FLSM0038,28.6582,-81.2624,WINTER SPRINGS 1.8 SSE,11,3,27.27,48.15193488861327,Coastal
US1FLSM0039,28.7281,-81.3833,LONGWOOD 2.8 NW,11,0,0.0,60.100645914226696,Inland
US1FLSM0055,28.6985,-81.1569,OVIEDO 3.2 NNE,11,11,100.0,35.76103675296751,Coastal
US1FLSS0014,27.061,-82.172,NORTH PORT 1.6 ENE,11,0,0.0,11.118953474037394,Coastal
US1FLSS0015,27.1132,-82.1657,NORTH PORT 4.7 NNE,11,0,0.0,16.489042135705844,Coastal
US1FLSS0022,26.9865,-82.3654,ENGLEWOOD 2.0 NNW,11,0,0.0,3.180737818548347,Coastal
US1FLSS0034,27.0545,-82.1527,NORTH PORT 2.6 E,11,0,0.0,10.727820098903345,Coastal
US1FLSS0040,27.0315,-82.4121,VENICE 4.8 SSE,11,0,0.0,1.5483949826054848,Coastal
US1FLSS0047,27.3401,-82.5235,SARASOTA 1.4 E,11,10,90.91,3.565191573549423,Coastal
US1FLSS0052,27.2779,-82.5501,SARASOTA 4.0 S,11,1,9.09,0.7564433255564661,Coastal
US1FLSS0053,27.0751,-82.2137,NORTH PORT 2.1 NNW,11,10,90.91,9.604146238509562,Coastal
US1FLSS0056,27.0362,-82.1381,NORTH PORT 3.6 ESE,11,2,18.18,9.281767696490167,Coastal
US1FLSS0059,27.041,-82.1276,NORTH PORT 4.2 E,11,0,0.0,10.038108136711388,Coastal
US1FLSS0062,27.2286,-82.4619,VAMO 2.1 E,11,10,90.91,4.390147543148595,Coastal
US1FLSS0063,27.3622,-82.4746,SARASOTA 4.8 ENE,11,0,0.0,9.671598434101739,Coastal
US1FLSS0065,27.1278,-82.3793,NOKOMIS 3.6 E,11,9,81.82,10.189636687217115,Coastal
US1FLSS0067,26.997,-82.3586,ENGLEWOOD 2.6 N,11,11,100.0,4.628693608747081,Coastal
US1FLSS0069,27.2966,-82.4311,LAKE SARASOTA 0.5 NE,11,11,100.0,12.26367445443137,Coastal
US1FLSS0071,27.0387,-82.1518,NORTH PORT 2.8 ESE,11,0,0.0,8.89285666569181,Coastal
US1FLSS0073,27.3193,-82.4086,SARASOTA SPRINGS 4.4 E,11,0,0.0,14.90003082204872,Coastal
US1FLSS0075,27.0771,-82.2105,NORTH PORT 2.1 NNW,11,0,0.0,9.991797432114062,Coastal
US1FLSS0077,27.2816,-82.5089,SARASOTA 4.4 SSE,11,1,9.09,3.554834925489978,Coastal
US1FLSS0079,27.3305,-82.4653,FRUITVILLE 0.2 SW,11,0,0.0,8.960052699066463,Coastal
US1FLSS0080,27.3503,-82.4936,SARASOTA 3.4 ENE,11,2,18.18,7.118227029599339,Coastal
US1FLSS0081,27.2635,-82.3126,MYAKKA VALLEY RANCHES 0.8 ENE,11,11,100.0,21.463915570297953,Coastal
US1FLSS0091,27.3114,-82.5152,SARASOTA 2.6 SE,11,11,100.0,2.993784839503933,Coastal
US1FLST0007,28.9249,-82.0119,LADY LAKE 5.0 W,11,3,27.27,69.24352240615598,Rural
US1FLST0008,28.931,-82.006,THE VILLAGES 3.5 WSW,11,6,54.55,69.9748699602222,Rural
US1FLST0009,28.8699,-81.9544,LADY LAKE 4.3 SSW,11,0,0.0,75.33013499316954,Rural
US1FLST0012,28.8687,-81.9842,THE VILLAGES 4.8 SSW,11,0,0.0,72.01385561785257,Rural
US1FLST0013,28.9003,-81.973,THE VILLAGES 2.7 NNW,11,11,100.0,73.3407898376797,Rural
US1FLST0014,28.8916,-81.9745,THE VILLAGES 3.3 SSE,11,10,90.91,73.12986071940966,Rural
US1FLST0026,28.9033,-81.9658,THE VILLAGES 2.8 ESE,11,0,0.0,74.1602436511827,Rural
US1FLST0031,28.8937,-81.9979,THE VILLAGES 2.3 S,11,11,100.0,70.53585921223358,Rural
US1FLST0032,28.9197,-81.9995,LADY LAKE 4.3 W,11,0,0.0,70.5589814372048,Rural
US1FLST0035,28.9207,-82.0458,OXFORD 0.8 SW,11,0,0.0,65.43628404796571,Rural
US1FLST0037,28.8517,-81.9889,THE VILLAGES 5.3 S,11,1,9.09,71.53979892938388,Rural
US1FLST0038,28.8754,-82.0004,WILDWOOD 2.8 ENE,11,11,100.0,70.20907999845578,Rural
US1FLSW0001,30.2985,-82.9818,LIVE OAK 0.4 NE,11,0,0.0,90.80197400483365,Rural
US1FLSW0008,30.3067,-83.1533,LIVE OAK 10.0 W,11,0,0.0,76.84418008460716,Rural
US1FLSW0011,30.233,-82.9389,LIVE OAK 5.1 SSE,11,0,0.0,89.55403284761968,Rural
US1FLSW0014,30.38,-82.9366,SUWANNEE SPRINGS 0.9 S,11,0,0.0,101.36852473827348,Rural
US1FLTY0004,30.0803,-83.5864,PERRY 2.0 S,11,11,100.0,22.620603312910628,Coastal
US1FLVL0001,29.0314,-80.8947,NEW SMYRNA BEACH 1.5 E,11,0,0.0,1.0175477008468676,Coastal
US1FLVL0003,29.087,-81.344,DE LAND 4.5 NW,11,0,0.0,42.049637982596494,Coastal
US1FLVL0005,29.265,-81.0472,ORMOND BEACH 3.5 SE,11,0,0.0,2.605688110701078,Coastal
US1FLVL0006,29.0019,-80.9098,EDGEWATER 2.4 N,11,11,100.0,3.6731944704777466,Coastal
US1FLVL0009,29.0995,-81.3569,DE LAND 5.7 NW,11,0,0.0,42.69546833796286,Coastal
US1FLVL0021,29.0374,-81.3299,DELAND 2.0 W,11,11,100.0,43.25083669075119,Coastal
US1FLVL0024,29.1344,-81.3626,DE LEON SPRINGS 1.3 NNW,11,0,0.0,41.45653856664814,Coastal
US1FLVL0029,29.0662,-80.915,NEW SMYRNA BEACH 2.3 N,11,0,0.0,0.37612378873317504,Coastal
US1FLVL0030,28.9873,-80.9082,EDGEWATER 1.4 N,11,9,81.82,4.294336862543386,Coastal
US1FLVL0037,29.065,-81.0307,PORT ORANGE 3.4 SSW,11,4,36.36,11.858596076693125,Coastal
US1FLVL0038,28.8606,-80.8712,OAK HILL 2.8 WSW,11,1,9.09,8.862517202322435,Coastal
US1FLVL0040,28.9662,-80.906,EDGEWATER 0.1 SW,11,0,0.0,5.436647938309972,Coastal
US1FLVL0042,29.1494,-80.9696,DAYTONA BEACH SHORES 1.8 SSE,11,0,0.0,0.8426186723332196,Coastal
US1FLVL0044,29.1,-81.0528,PORT ORANGE 2.9 WSW,11,0,0.0,11.96667896570721,Coastal
US1FLVL0051,28.9021,-81.2945,DE BARY 1.7 NE,11,0,0.0,46.53858408689775,Coastal
US1FLVL0057,29.0688,-80.959,NEW SMYRNA BEACH 3.4 NW,11,11,100.0,4.10722423755546,Coastal
US1FLVL0059,29.0436,-80.974,NEW SMYRNA BEACH 3.4 WNW,11,10,90.91,6.577693957164669,Coastal
US1FLVL0060,29.1452,-80.996,PORT ORANGE 2.5 NNE,11,0,0.0,3.7377004476476245,Coastal
US1FLVL0061,29.3621,-81.0754,ORMOND BEACH 4.8 NNE,11,0,0.0,0.4043080405963524,Coastal
US1FLVL0062,29.1122,-81.007,PORT ORANGE 0.2 NNW,11,0,0.0,6.729573622702699,Coastal
US1FLVL0063,29.3421,-81.0671,ORMOND-BY-THE-SEA 0.1 SSE,11,0,0.0,0.6037711980737523,Coastal
US1FLVL0067,28.9546,-81.1972,DELTONA 3.2 NNE,11,11,100.0,33.87119738228841,Coastal
US1FLVL0070,29.0293,-81.2925,DE LAND 0.6 SSE,11,0,0.0,39.894166371337285,Coastal
US1FLVL0071,29.1278,-81.3004,DE LEON SPRINGS 3.2 ENE,11,0,0.0,35.481359090812205,Coastal
US1FLVL0072,29.0544,-80.9053,NEW SMYRNA BEACH 1.6 NNE,11,11,100.0,0.006229694879712568,Coastal
US1FLVL0073,29.2641,-81.0694,ORMOND BEACH 2.6 SE,11,0,0.0,4.907984434503236,Coastal
US1FLVL0075,28.9644,-80.9048,EDGEWATER 0.2 S,11,0,0.0,5.436766072264581,Coastal
US1FLVL0077,29.0318,-80.984,NEW SMYRNA BEACH 3.9 W,11,8,72.73,8.311245465457876,Coastal
US1FLVL0081,29.3321,-81.0643,ORMOND-BY-THE-SEA 0.8 SSE,11,0,0.0,0.84135256205243,Coastal
US1FLVL0082,29.2693,-81.0335,ORMOND BEACH 4.1 ESE,11,6,54.55,0.9895521923230495,Coastal
US1FLVL0083,28.9818,-81.28,DE LAND 3.9 SSE,11,1,9.09,41.33437719193554,Coastal
US1FLVL0084,28.9789,-81.2353,LAKE HELEN 0.4 SW,11,0,0.0,36.675146698717,Coastal
US1FLVL0086,29.1074,-81.3287,DE LEON SPRINGS 1.6 ESE,11,0,0.0,39.4196301686234,Coastal
US1FLVL0087,29.1209,-81.0104,PORT ORANGE 0.8 NNW,11,1,9.09,6.5498898436902335,Coastal
US1FLVL0088,29.0802,-81.0817,PORT ORANGE 5.0 WSW,11,11,100.0,15.987249442199834,Coastal
US1FLVL0089,29.051,-81.0573,NEW SMYRNA BEACH 8.5 W,11,0,0.0,15.209946365247857,Coastal
US1FLVL0090,28.9707,-81.2341,LAKE HELEN 0.9 S,11,0,0.0,36.88645364750045,Coastal
US1FLVL0091,29.0772,-81.3476,DELAND 4.2 NW,11,0,0.0,42.93347993325618,Coastal
US1FLVL0099,29.3063,-81.0645,ORMOND BEACH 2.0 ENE,11,0,0.0,2.2082963777377804,Coastal
US1FLVL0100,28.8606,-81.1132,OSTEEN 3.2 ENE,11,7,63.64,30.818624292060676,Coastal
US1FLVL0101,29.0423,-80.9397,NEW SMYRNA BEACH 1.4 WNW,11,1,9.09,3.718392996229274,Coastal
US1FLVL0103,28.9459,-81.2732,ORANGE CITY 1.4 ENE,11,1,9.09,42.07442070647018,Coastal
US1FLVL0104,29.2625,-81.1483,ORMOND BEACH 3.9 SW,11,3,27.27,13.007072516364069,Coastal
US1FLVL0105,29.241,-81.445,PIERSON 1.0 ENE,11,0,0.0,44.342118750908504,Coastal
US1GAAP0005,31.774,-82.3472,BAXLEY 0.7 NNE,11,4,36.36,108.9628169745347,Rural
US1GAAP0006,31.7899,-82.3927,BAXLEY 3.0 NW,11,0,0.0,114.40231815742604,Rural
US1GAAP0007,31.6328,-82.271,BAXLEY 10.3 SSE,11,0,0.0,93.3281635743445,Rural
US1GAAT0002,31.3382,-82.8172,PEARSON 3.5 NE,11,11,100.0,147.52371831425228,Rural
US1GABB0006,32.8931,-83.7303,MACON 5.8 NW,11,9,81.82,311.2491509923504,Inland
US1GABB0016,32.8383,-83.5482,MACON 6.3 E,11,0,0.0,289.9880501165464,Rural
US1GABB0019,32.8671,-83.6343,MACON 2.5 NNE,11,0,0.0,300.2204702560689,Inland
US1GABB0021,32.8713,-83.6312,MACON 2.8 NNE,11,11,100.0,300.188124719222,Inland
US1GABB0022,32.8613,-83.6322,MACON 2.2 NE,11,9,81.82,299.6448203329279,Inland
US1GABD0001,32.9972,-83.1998,MILLEDGEVILLE 6.5 SSE,11,0,0.0,267.9661656260874,Rural
US1GABD0005,33.0978,-83.2389,MILLEDGEVILLE 0.9 N,11,0,0.0,275.4898843382828,Inland
US1GABK0001,33.0601,-82.0573,WAYNESBORO 3.3 SW,11,2,18.18,150.55703652041555,Rural
US1GABR0002,31.9455,-81.3002,RICHMOND HILL 0.5 NE,11,0,0.0,20.855424444911783,Coastal
US1GABR0005,31.8871,-81.205,RICHMOND HILL 7.0 ESE,11,1,9.09,8.090800098532434,Coastal
US1GABR0009,31.8484,-81.3123,RICHMOND HILL 6.3 S,11,2,18.18,11.179865475773934,Coastal
US1GABR0011,31.8522,-81.2868,RICHMOND HILL 6.2 S,11,11,100.0,10.692167581112047,Coastal
US1GABU0013,32.5059,-81.7781,STATESBORO 4.4 N,11,0,0.0,102.82626583261538,Rural
US1GABU0015,32.36,-81.7731,STATESBORO 5.7 S,11,11,100.0,94.07577581077815,Rural
US1GABU0016,32.2996,-81.5694,BROOKLET 8.5 SE,11,5,45.45,71.92155367607124,Rural
US1GABU0018,32.2776,-81.8016,STATESBORO 11.5 S,11,11,100.0,89.146481730984,Rural
US1GABU0021,32.2191,-81.768,NEVILS 3.1 S,11,0,0.0,80.95261442283224,Rural
US1GABW0007,33.9787,-83.7103,WINDER 1.1 SE,11,11,100.0,371.13781576813784,Rural
US1GABW0013,33.9474,-83.7491,BETHLEHEM 2.4 WNW,11,11,100.0,372.7136576850627,Rural
US1GABY0001,31.12,-81.93,NAHUNTA 6 S,11,0,0.0,46.489707085926426,Coastal
US1GACD0002,32.4972,-82.0502,METTER 7.0 N,11,10,90.91,129.1815905471364,Rural
US1GACF0001,31.4912,-82.8908,DOUGLAS 2.5 WSW,11,0,0.0,156.4989309851065,Rural
US1GACF0009,31.4345,-82.8344,DOUGLAS 5.0 SSE,11,11,100.0,149.64252857170197,Rural
US1GACH0003,30.8198,-82.0192,FOLKSTON 1.3 SSW,11,11,100.0,54.19772260500647,Rural
US1GACH0006,30.8655,-82.0256,HOMELAND 0.7 N,11,0,0.0,54.817775297072075,Rural
US1GACI0003,31.0347,-82.7529,HOMERVILLE 0.1 SSE,11,0,0.0,137.43841209358524,Rural
US1GACK0006,33.9152,-83.3294,ATHENS 4.6 SE,11,0,0.0,330.7466877879383,Inland
US1GACK0010,33.9055,-83.3448,ATHENS 4.5 SE,11,0,0.0,331.46042132140195,Rural
US1GACK0011,33.8625,-83.3089,ATHENS 7.6 SE,11,0,0.0,324.9670800337885,Rural
US1GACK0012,33.9597,-83.3855,ATHENS 0.6 ENE,11,0,0.0,339.2561941970522,Inland
US1GACK0017,33.9841,-83.4378,ATHENS 3.2 NW,11,2,18.18,345.91598897427826,Inland
US1GACK0027,33.9848,-83.4504,ATHENS 3.8 WNW,11,4,36.36,347.1347866532569,Inland
US1GACK0029,33.9106,-83.3622,ATHENS 3.6 SSE,11,11,100.0,333.45562392012226,Rural
US1GACK0030,33.8946,-83.2873,GAINES SCHOOL 3.7 SE,11,0,0.0,325.3143323559066,Rural
US1GACK0031,33.9836,-83.4466,ATHENS 3.6 WNW,11,11,100.0,346.69342347716525,Inland
US1GACK0038,33.9264,-83.3192,ATHENS 4.7 ESE,11,0,0.0,330.63809290183406,Rural
US1GACM0004,30.8194,-81.6259,KINGSLAND 2.9 NE,11,11,100.0,10.900178208457213,Coastal
US1GACM0014,30.8182,-81.6204,KINGSLAND 3.1 NE,11,0,0.0,10.378141584062499,Coastal
US1GACM0018,30.7866,-81.6818,KINGSLAND 1.2 WSW,11,0,0.0,18.278350922357518,Coastal
US1GACM0019,30.7237,-81.5472,ST. MARYS 3.0 SE,11,0,0.0,5.1112100948437815,Coastal
US1GACM0020,30.7442,-81.5742,ST. MARYS 1.0 S,11,1,9.09,8.482518093489666,Coastal
US1GACM0021,30.7406,-81.6043,ST. MARYS 2.1 SW,11,0,0.0,11.658343871321932,Coastal
US1GACO0003,31.1135,-83.4116,ADEL 1.9 SSE,11,0,0.0,147.0042031161731,Rural
US1GACP0002,31.8746,-83.9104,CORDELE 10.4 SW,11,11,100.0,229.95047836872348,Rural
US1GACQ0002,31.116,-83.8577,MOULTRIE 6.2 SW,11,2,18.18,131.87070482752333,Rural
US1GACQ0012,31.2588,-83.8799,MOULTRIE 9.1 NW,11,0,0.0,150.00675869656902,Rural
US1GACQ0013,31.1849,-83.7585,MOULTRIE 1.4 NNE,11,0,0.0,142.6231877701259,Rural
US1GACT0001,32.1219,-81.2531,POOLER 1.2 NNE,11,0,0.0,31.441503718016847,Coastal
US1GACT0003,31.9689,-81.1463,SAVANNAH 3.9 SSW,11,0,0.0,8.094996103770692,Coastal
US1GACT0015,31.9433,-81.1587,COFFEE BLUFF,11,11,100.0,6.4890533587820185,Coastal
US1GACT0017,31.9426,-81.0262,SKIDAWAY ISLAND 1.3 ENE,11,6,54.55,6.882365927632229,Coastal
US1GACT0019,31.9428,-81.0368,SKIDAWAY ISLAND 0.8 NE,11,1,9.09,7.228365725882592,Coastal
US1GACT0028,32.1177,-81.1519,GARDEN CITY 1.2 NNE,11,7,63.64,26.88155934765028,Coastal
US1GACT0036,31.9425,-81.1596,SAVANNAH 5.9 SSW,11,0,0.0,6.487125369120835,Coastal
US1GACT0037,32.0187,-80.85,TYBEE ISLAND 0.7 NNE,11,0,0.0,0.4007503523061835,Coastal
US1GACT0038,31.9613,-81.1494,SAVANNAH 4.5 SSW,11,0,0.0,7.470781510887667,Coastal
US1GACT0040,31.9155,-81.0755,SAVANNAH 8.2 SSE,11,0,0.0,1.6265052579384731,Coastal
US1GACT0055,32.0288,-81.1601,SAVANNAH 1.7 W,11,0,0.0,15.848869411342786,Coastal
US1GACT0057,32.0006,-81.0569,SAVANNAH 4.7 ESE,11,0,0.0,11.89551879858317,Coastal
US1GACT0060,31.9935,-81.1448,SAVANNAH 2.3 SSW,11,0,0.0,10.913105005051342,Coastal
US1GACT0061,32.0709,-81.1882,SAVANNAH 4.6 NW,11,0,0.0,22.156031846515337,Coastal
US1GACT0064,32.016,-80.9546,SAVANNAH 10.4 E,11,0,0.0,5.532321610813766,Coastal
US1GACT0067,32.0639,-81.3561,BLOOMINGDALE 4.7 SW,11,0,0.0,33.490655274635515,Coastal
US1GACT0074,31.9886,-81.0943,SAVANNAH 3.3 SE,11,11,100.0,9.523893596125191,Coastal
US1GACT0077,32.047,-81.2364,SAVANNAH 6.3 WNW,11,2,18.18,22.308936705341473,Coastal
US1GACT0078,32.049,-81.0054,SAVANNAH 7.6 ENE,11,11,100.0,12.16682371868783,Coastal
US1GACT0079,32.0481,-81.0873,SAVANNAH 3.1 ENE,11,3,27.27,17.359577944712896,Coastal
US1GACT0080,32.006,-80.9691,SAVANNAH 9.6 E,11,11,100.0,5.244405027281264,Coastal
US1GACT0083,32.0672,-81.2132,SAVANNAH 5.6 WNW,11,11,100.0,22.993499456344637,Coastal
US1GACT0089,31.9261,-81.0621,SAVANNAH 7.9 SSE,11,0,0.0,3.6635040695005343,Coastal
US1GACT0092,31.9536,-81.1,SAVANNAH 5.2 SSE,11,11,100.0,4.914218368019678,Coastal
US1GACT0096,32.1165,-81.2468,POOLER 1.0 NE,11,11,100.0,30.47342952515982,Coastal
US1GACT0098,32.0027,-81.1536,SAVANNAH 2.0 SW,11,0,0.0,12.407475825577754,Coastal
US1GACT0099,31.9408,-81.1042,SAVANNAH 6.0 SSE,11,0,0.0,3.22183290646686,Coastal
US1GACU0001,33.5152,-82.0988,MARTINEZ 0.7 WSW,11,1,9.09,189.61921390272516,Inland
US1GACU0003,33.5418,-82.158,EVANS 2.1 NNW,11,0,0.0,196.86754261756522,Inland
US1GACU0006,33.5293,-82.0978,MARTINEZ 0.9 NW,11,0,0.0,190.82978093978593,Inland
US1GACU0009,33.5298,-82.2873,APPLING 2.0 SE,11,0,0.0,206.677556487725,Rural
US1GACU0011,33.4212,-82.2096,GROVETOWN 2.0 SSW,11,0,0.0,190.86752857933791,Rural
US1GACU0013,33.5566,-82.1364,EVANS 3.0 N,11,2,18.18,196.45664041156712,Inland
US1GACU0014,33.5096,-82.2324,GROVETOWN 4.5 NNW,11,4,36.36,200.25476995271012,Rural
US1GACU0018,33.5443,-82.2223,EVANS 4.9 WNW,11,11,100.0,202.41934515979952,Rural
US1GACU0021,33.5504,-82.0528,MARTINEZ 3.0 NE,11,0,0.0,189.21867576061973,Inland
US1GACU0026,33.5092,-82.133,MARTINEZ 2.7 WSW,11,11,100.0,191.87836866233587,Inland
US1GACU0029,33.5513,-82.2263,EVANS 5.3 WNW,11,11,100.0,203.37093854737043,Rural
US1GADG0004,32.0791,-83.0949,CHAUNCEY 2.6 SW,11,0,0.0,201.224198004981,Rural
US1GADG0005,32.2058,-83.1456,EASTMAN 2.1 ENE,11,3,27.27,214.28010865369967,Rural
US1GADG0009,32.1998,-83.2568,EASTMAN 4.5 W,11,0,0.0,224.61672928767473,Rural
US1GAEF0013,32.2704,-81.3921,MARLOW 0.0 S,11,0,0.0,56.242318370640575,Rural
US1GAEF0017,32.367,-81.2673,SPRINGFIELD 2.4 E,11,0,0.0,50.16812085628799,Rural
US1GAEF0018,32.3649,-81.2093,RINCON 5.3 NNE,11,0,0.0,43.987471538616205,Coastal
US1GAEF0021,32.1943,-81.2754,GUYTON 12.0 SE,11,0,0.0,40.97964884007738,Coastal
US1GAEF0022,32.2065,-81.2805,GUYTON 11.1 SE,11,0,0.0,42.6679694995939,Coastal
US1GAEL0006,33.9896,-82.7391,FORTSONIA 3.1 SE,11,10,90.91,285.07212926544383,Rural
US1GAEM0004,32.5878,-82.351,SWAINSBORO 0.9 W,11,0,0.0,161.47446001097464,Rural
US1GAEM0005,32.5471,-82.317,SWAINSBORO 4.5 SSE,11,0,0.0,155.08167413539303,Rural
US1GAEV0001,32.1932,-81.9684,BELLVILLE 2.8 N,11,0,0.0,95.58987873324682,Rural
US1GAEV0005,32.1576,-81.9156,CLAXTON 0.5 WSW,11,7,63.64,88.08362940670945,Rural
US1GAGE0001,33.4145,-83.2168,GREENSBORO 11.2 S,11,2,18.18,287.4163869909675,Rural
US1GAGE0005,33.5072,-83.2798,BUCKHEAD 6.4 SE,11,0,0.0,298.9492148524639,Rural
US1GAGE0006,33.5664,-83.1927,GREENSBORO 0.7 SW,11,8,72.73,293.81003765959974,Rural
US1GAGN0005,31.1641,-81.3964,ST. SIMONS 1.1 SW,11,3,27.27,2.4383997524364136,Coastal
US1GAGN0007,31.0702,-81.4104,JEKYLL ISLAND 0.6 E,11,0,0.0,0.1737058050752922,Coastal
US1GAGN0015,31.1373,-81.386,ST. SIMONS 2.7 S,11,11,100.0,0.5788232012406807,Coastal
US1GAGW0023,33.9572,-83.9024,DACULA 2.1 SSW,11,11,100.0,388.19750405896764,Rural
US1GAGW0039,33.9498,-83.8297,BETHLEHEM 7.0 W,11,11,100.0,380.65481766414626,Rural
US1GAGW0050,33.8622,-83.9184,LOGANVILLE 2.3 NW,11,2,18.18,383.74698357121565,Rural
US1GAGW0055,33.9449,-83.8472,DACULA 3.6 SE,11,5,45.45,382.02833103150044,Rural
US1GAGW0065,33.966,-83.9278,LAWRENCEVILLE 3.9 ENE,11,0,0.0,391.2427411385369,Rural
US1GAHS0003,32.6119,-83.6359,WARNER ROBINS 0.3 W,11,0,0.0,285.5959894400535,Inland
US1GAHS0005,32.5448,-83.6481,BONAIRE 3.0 W,11,2,18.18,283.5244635089107,Rural
US1GAHS0011,32.364,-83.5958,HAWKINSVILLE 9.1 NW,11,0,0.0,268.10528187934375,Rural
US1GAHS0012,32.4727,-83.7288,PERRY 0.8 NE,11,11,100.0,288.06681786501684,Inland
US1GAHS0015,32.4441,-83.6915,PERRY 3.0 ESE,11,11,100.0,282.58247489452384,Rural
US1GAHS0016,32.5256,-83.6312,KATHLEEN 2.5 NW,11,0,0.0,280.85913913299595,Rural
US1GAHS0024,32.6485,-83.7242,BYRON 2.0 E,11,0,0.0,296.53444829799446,Rural
US1GAHS0027,32.6062,-83.653,WARNER ROBINS 1.3 WSW,11,0,0.0,287.05891989160125,Inland
US1GAJK0004,32.7862,-82.1303,MIDVILLE 6.6 ESE,11,9,81.82,145.6688202728386,Rural
US1GAJN0006,32.8766,-83.5492,MACON 6.8 ENE,11,0,0.0,292.59091665121935,Rural
US1GAJN0007,33.0051,-83.5396,GRAY 0.3 SW,11,1,9.09,300.5812952427954,Rural
US1GALB0004,31.818,-81.3744,MIDWAY 3.3 ENE,11,0,0.0,13.18611435420762,Coastal
US1GALB0006,31.8347,-81.3749,MIDWAY 3.8 NE,11,0,0.0,14.490984838200028,Coastal
US1GALB0010,31.7003,-81.2471,MIDWAY 12.7 ESE,11,0,0.0,3.98153529657906,Coastal
US1GALB0011,31.8635,-81.5942,HINESVILLE 2.2 N,11,1,9.09,37.957487413880095,Coastal
US1GALC0002,33.9767,-82.6225,TIGNALL 10.2 NE,11,2,18.18,274.4523315300433,Rural
US1GALN0003,31.0361,-83.1565,LAKELAND 4.8 W,11,9,81.82,152.38101012991464,Rural
US1GALR0001,32.4642,-82.9861,DUBLIN 6.3 SW,11,0,0.0,211.62795982620133,Rural
US1GALW0004,30.683,-83.236,LAKE PARK 2.8 W,11,0,0.0,108.4829609896552,Inland
US1GALW0007,30.8302,-83.3553,VALDOSTA 4.8 WSW,11,8,72.73,118.69107271704605,Rural
US1GALW0008,30.8859,-83.2979,VALDOSTA 2.8 NNW,11,0,0.0,127.91790328643516,Inland
US1GALW0010,30.877,-83.2823,VALDOSTA 1.9 N,11,11,100.0,127.6305233784056,Inland
US1GALW0013,30.8456,-83.2779,VALDOSTA 0.3 S,11,6,54.55,124.21155046012237,Inland
US1GALW0014,30.8869,-83.2588,VALDOSTA 2.8 NNE,11,6,54.55,129.94854583023584,Rural
US1GALW0015,30.8446,-83.3179,VALDOSTA 2.4 W,11,6,54.55,122.12410119287075,Inland
US1GALW0016,30.9048,-83.3015,VALDOSTA 4.1 NNW,11,6,54.55,129.97264851426192,Inland
US1GALW0017,30.8043,-83.2771,VALDOSTA 3.1 S,11,6,54.55,119.51661838673964,Rural
US1GALW0018,30.9145,-83.2522,VALDOSTA 4.8 NNE,11,6,54.55,133.47697882072907,Rural
US1GALW0019,30.8474,-83.3292,VALDOSTA 3.0 W,11,6,54.55,121.9203300951916,Inland
US1GALW0024,30.97,-83.2487,VALDOSTA 8.5 NNE,11,2,18.18,140.12540429004085,Rural
US1GAMD0001,33.4293,-82.5026,THOMSON 2.5 S,11,8,72.73,218.1403340443648,Rural
US1GAMD0005,33.429,-82.5061,THOMSON 2.6 S,11,0,0.0,218.44640156188092,Rural
US1GAMD0006,33.5145,-82.4327,THOMSON 5.1 NE,11,11,100.0,218.1880023744477,Rural
US1GAMG0002,33.6885,-83.5373,MADISON 8.4 NNW,11,11,100.0,335.3814668833503,Rural
US1GAMG0003,33.5969,-83.4651,MADISON 1.5 NNE,11,7,63.64,322.7298941177005,Rural
US1GAMG0004,33.5926,-83.5192,MADISON 2.7 WNW,11,11,100.0,327.9168393644004,Rural
US1GAMI0001,31.6117,-81.3036,RICEBORO 11.4 SE,11,0,0.0,2.9540355082173484,Coastal
US1GAMI0002,31.4259,-81.258,SAPELO ISLAND 2.3 NW,11,11,100.0,1.8168851765517295,Coastal
US1GAMI0003,31.4247,-81.3958,DARIEN 4.2 NNE,11,11,100.0,3.484569577615599,Coastal
US1GAMI0005,31.5723,-81.3606,TOWNSEND 5.5 SE,11,0,0.0,4.186723063997617,Coastal
US1GAMN0004,33.1553,-83.8222,BERNER 0.4 ENE,11,11,100.0,337.83368326460834,Rural
US1GAMN0007,33.0363,-83.9593,FORSYTH 1.1 W,11,0,0.0,342.7485568844396,Rural
US1GAMN0010,32.9143,-83.9416,FORSYTH 8.3 S,11,0,0.0,333.37561282908376,Rural
US1GAMN0015,32.9218,-83.8207,MACON 11.2 WNW,11,11,100.0,321.9118562216026,Rural
US1GANW0001,33.5748,-83.8775,COVINGTON 2.4 SW,11,0,0.0,363.4820887376029,Rural
US1GANW0007,33.5128,-83.7777,COVINGTON 7.7 SE,11,0,0.0,350.08244081698444,Rural
US1GAOC0001,33.8844,-83.3914,WATKINSVILLE 1.8 NNE,11,2,18.18,334.28691504437495,Rural
US1GAOC0002,33.8999,-83.433,ATHENS 4.4 SSW,11,0,0.0,339.3118957178007,Rural
US1GAOC0005,33.8366,-83.4826,BISHOP 3.0 WNW,11,0,0.0,339.6050299183471,Rural
US1GAOC0007,33.8689,-83.408,WATKINSVILLE 0.5 N,11,9,81.82,334.7464472612506,Rural
US1GAOC0009,33.8701,-83.3823,WATKINSVILLE 1.6 ENE,11,0,0.0,332.40660900479884,Rural
US1GAOC0012,33.9124,-83.4804,WATKINSVILLE 5.4 NW,11,0,0.0,344.67205288593095,Rural
US1GAOC0014,33.7994,-83.4776,BISHOP 2.6 WSW,11,0,0.0,336.61707409285896,Rural
US1GAOC0015,33.8817,-83.509,BOGART 4.7 SSE,11,5,45.45,345.22799133966043,Rural
US1GAOC0016,33.8019,-83.4784,BISHOP 2.6 WSW,11,0,0.0,336.8611101406988,Rural
US1GAOC0018,33.8085,-83.4047,WATKINSVILLE 3.7 S,11,0,0.0,330.2249000521404,Rural
US1GAOG0002,33.8943,-82.9257,RAYLE 7.2 N,11,4,36.36,292.63780386921997,Rural
US1GAOG0004,33.8858,-83.2282,ARNOLDSVILLE 1.6 SSW,11,11,100.0,319.1955082301932,Rural
US1GAOG0005,33.9055,-83.218,ARNOLDSVILLE 0.4 S,11,1,9.09,319.750944474476,Rural
US1GAOG0007,33.9404,-83.0659,LEXINGTON 5.5 NNE,11,1,9.09,308.77768321846486,Rural
US1GAOG0010,33.8443,-83.0211,LEXINGTON 5.5 ESE,11,4,36.36,297.10878527882295,Rural
US1GAOG0012,33.8601,-83.2418,ARNOLDSVILLE 3.7 SSW,11,0,0.0,318.53622689557034,Rural
US1GAOG0015,33.9995,-83.1847,COLBERT 3.1 SSE,11,0,0.0,324.11358846738835,Rural
US1GAOG0029,33.8669,-83.1045,LEXINGTON 0.4 ESE,11,3,27.27,306.4279142208151,Rural
US1GAPE0001,32.5514,-83.8771,FORT VALLEY 0.7 ESE,11,0,0.0,307.561555219248,Rural
US1GAPE0003,32.6086,-83.756,BYRON 3.0 S,11,0,0.0,297.79072794378135,Rural
US1GAPR0003,31.3032,-82.2402,BLACKSHEAR 0.3 NNE,11,11,100.0,83.6652536431974,Rural
US1GAPR0005,31.2686,-82.2962,BLACKSHEAR 3.8 WSW,11,11,100.0,90.0607241780643,Rural
US1GAPT0006,33.1841,-83.4011,EATONTON 9.6 S,11,10,90.91,296.0281464650576,Rural
US1GARC0009,33.4951,-82.0695,WEST AUGUSTA 0.9 NW,11,0,0.0,185.40434536517074,Inland
US1GARC0012,33.4647,-82.0679,AUGUSTA 4.2 W,11,0,0.0,182.52018853495858,Inland
US1GARC0019,33.3593,-82.0413,SOUTH AUGUSTA 4.1 S,11,0,0.0,171.07849730223438,Rural
US1GASV0001,32.7187,-81.6995,SYLVANIA 4.2 WSW,11,11,100.0,96.95084838777028,Rural
US1GASV0003,32.7494,-81.6523,SYLVANIA 0.8 W,11,8,72.73,92.99522097197111,Rural
US1GASV0005,32.5823,-81.5032,NEWINGTON 0.5 SSE,11,0,0.0,72.38177717614778,Rural
US1GASV0007,32.7705,-81.5456,SYLVANIA 5.5 ENE,11,1,9.09,82.72547482706509,Rural
US1GASV0008,32.7237,-81.8255,ROCKY FORD 4.2 N,11,0,0.0,110.74869813317876,Rural
US1GATE0004,31.9962,-82.8199,MCRAE 6.6 SE,11,0,0.0,169.10862011356627,Rural
US1GATF0003,31.4744,-83.4893,TIFTON 1.4 ENE,11,0,0.0,186.98292651171315,Inland
US1GATF0007,31.4771,-83.4791,TIFTON 2.0 ENE,11,6,54.55,187.6809618497195,Rural
US1GATG0001,32.6016,-83.3032,DANVILLE 3.3 W,11,0,0.0,251.30533335076535,Rural
US1GATH0002,30.8376,-83.9313,THOMASVILLE 2.8 E,11,0,0.0,94.9801239818463,Rural
US1GATH0004,30.8176,-83.8965,THOMASVILLE 5.1 ESE,11,0,0.0,92.91579390807809,Rural
US1GATN0004,32.2689,-82.0443,COLLINS 7.3 NNE,11,0,0.0,108.32292995665594,Rural
US1GATR0001,31.6727,-83.6299,SYCAMORE 0.4 ENE,11,11,100.0,207.84840205718254,Rural
US1GAWG0001,32.8128,-82.6904,HARRISON 2.1 ESE,11,11,100.0,207.49153758115304,Rural
US1GAWG0005,32.9833,-82.8125,SANDERSVILLE 0.0 ESE,11,6,54.55,225.69185368345666,Inland
US1GAWG0006,32.8127,-82.6906,HARRISON 2.2 ESE,11,2,18.18,207.51115447681553,Rural
US1GAWL0001,33.7981,-83.9583,LOGANVILLE 4.5 SW,11,0,0.0,383.87680573986734,Rural
US1GAWL0012,33.8355,-83.8255,LOGANVILLE 4.0 E,11,0,0.0,372.9189963661503,Rural
US1GAWL0013,33.7426,-83.8623,LOGANVILLE 6.7 SSE,11,9,81.82,371.02436095580106,Rural
US1GAWL0018,33.779,-83.7866,MONROE 4.4 WSW,11,11,100.0,365.61023349974147,Rural
US1GAWL0022,33.8104,-83.5208,NORTH HIGH SHOALS 1.7 SW,11,0,0.0,341.52332094176336,Rural
US1GAWL0024,33.8024,-83.6821,MONROE 1.8 ENE,11,0,0.0,356.73031151740537,Rural
US1GAWN0001,33.4121,-82.6758,WARRENTON 0.7 WNW,11,0,0.0,233.43742617485978,Rural
US1GAWR0001,31.1662,-82.2662,WAYCROSS 6.3 ESE,11,11,100.0,84.32003891462422,Rural
US1GAWR0005,31.1218,-82.6195,MANOR 3.0 NW,11,0,0.0,123.17062978563887,Rural
US1GAWS0001,33.6994,-82.6717,WASHINGTON 4.8 ESE,11,0,0.0,254.3008628499687,Rural
US1GAWT0003,31.4859,-83.9145,SYLVESTER 5.5 WSW,11,0,0.0,179.1710997083584,Rural
US1GAWT0007,31.5303,-83.834,SYLVESTER 0.2 NE,11,6,54.55,185.7615051008334,Rural
US1GAWY0002,31.7006,-81.8957,JESUP 7.1 N,11,11,100.0,62.499726114943286,Rural
US1GAWY0004,31.732,-81.9578,JESUP 10.0 NNW,11,11,100.0,70.34862478857247,Rural
US1GAWY0007,31.4986,-81.9817,SCREVEN 2.3 ENE,11,0,0.0,57.08241212086598,Rural
US1GAWY0008,31.6575,-81.9035,JESUP 4.2 NNW,11,11,100.0,59.38349777839569,Rural
US1NCBR0001,33.9247,-78.5696,CALABASH 1.9 NNE,11,0,0.0,5.291292014107673,Coastal
US1NCBR0006,33.8841,-78.5377,SUNSET BEACH 1.7 WNW,11,0,0.0,0.8571092060916126,Coastal
US1NCBR0104,33.9236,-78.5648,CAROLINA SHORES 1.8 NE,11,5,45.45,4.9957212579641155,Coastal
US1NCBR0105,33.9436,-78.5796,CALABASH 3.1 N,11,4,36.36,8.040553082166632,Coastal
US1NCBR0106,33.9089,-78.607,CALABASH 1.9 WNW,11,11,100.0,4.46422309091604,Coastal
US1SCAK0004,33.5591,-81.9029,NORTH AUGUSTA 4.2 NE,11,10,90.91,178.73290638906363,Rural
US1SCAK0014,33.4438,-81.6584,AIKEN 7.8 SSE,11,1,9.09,149.68089422769933,Rural
US1SCAK0020,33.5243,-81.7288,AIKEN 1.1 S,11,11,100.0,162.97905912270565,Inland
US1SCAK0023,33.528,-81.735,AIKEN 1.0 SSW,11,0,0.0,163.78762547901545,Inland
US1SCAK0027,33.4594,-81.4515,WILLISTON 4.3 NNW,11,0,0.0,138.99261400983,Rural
US1SCAK0031,33.492,-81.7136,AIKEN 3.5 SSE,11,0,0.0,158.51384459219528,Rural
US1SCAK0032,33.5602,-81.7433,AIKEN 1.6 NNW,11,0,0.0,167.79689277713265,Inland
US1SCAK0033,33.5565,-81.5853,AIKEN 8.3 E,11,0,0.0,157.6476912643741,Rural
US1SCAK0039,33.5074,-81.9782,NORTH AUGUSTA 1.5 WSW,11,0,0.0,179.30192669225292,Inland
US1SCAK0041,33.5043,-81.7294,AIKEN 2.5 S,11,11,100.0,160.88480767412432,Rural
US1SCAK0046,33.4778,-81.8371,BEECH ISLAND 4.7 NE,11,2,18.18,165.73479649434674,Rural
US1SCAK0047,33.4793,-81.7444,AIKEN 4.3 SSW,11,11,100.0,159.2733380683129,Rural
US1SCAK0051,33.44,-81.64,AIKEN 8.6 SE,11,0,0.0,148.0565728660746,Rural
US1SCAK0053,33.4846,-81.7266,AIKEN 3.9 S,11,0,0.0,158.6081596098028,Rural
US1SCAK0057,33.501,-81.7141,AIKEN 2.9 SSE,11,0,0.0,159.50727606935405,Rural
US1SCAK0059,33.4454,-81.6518,NEW ELLENTON 2.7 NE,11,10,90.91,149.41476925846743,Rural
US1SCAK0060,33.6312,-81.3647,WAGENER 1.4 S,11,1,9.09,155.75379990033838,Rural
US1SCAK0067,33.4478,-81.6593,AIKEN 7.6 SSE,11,10,90.91,150.1688534154316,Rural
US1SCAK0069,33.5603,-81.759,AIKEN 2.2 NW,11,0,0.0,168.84351237963259,Rural
US1SCAK0071,33.545,-81.9044,NORTH AUGUSTA 3.5 ENE,11,11,100.0,177.42013142745978,Rural
US1SCAK0073,33.6338,-81.2792,SALLEY 4.9 NNE,11,0,0.0,152.87466527557973,Rural
US1SCAK0074,33.5568,-81.7269,AIKEN 1.1 N,11,0,0.0,166.35842618535915,Inland
US1SCAK0077,33.572,-81.7549,AIKEN 2.6 NW,11,11,100.0,169.83153468736023,Inland
US1SCAK0078,33.4991,-81.9614,NORTH AUGUSTA 1.3 SSW,11,11,100.0,177.20449650577694,Inland
US1SCAK0083,33.5218,-81.3409,SPRINGFIELD 4.0 WNW,11,0,0.0,141.2047814393599,Rural
US1SCAK0092,33.4841,-81.5963,AIKEN 8.6 ESE,11,11,100.0,150.11791929445837,Rural
US1SCAK0096,33.4495,-81.6617,AIKEN 7.4 SSE,11,10,90.91,150.51025237628411,Rural
US1SCAK0097,33.6564,-81.3572,WAGENER 0.5 NE,11,0,0.0,158.60041867868713,Rural
US1SCAK0098,33.4976,-81.6956,AIKEN 3.5 SSE,11,11,100.0,157.91523793727865,Rural
US1SCAK0101,33.5264,-81.9331,NORTH AUGUSTA 1.5 ENE,11,0,0.0,177.70017763839155,Inland
US1SCAK0109,33.6125,-81.6842,AIKEN 5.6 NNE,11,11,100.0,169.82804198771834,Rural
US1SCAL0002,32.989,-81.2921,ALLENDALE 1.7 SE,11,1,9.09,76.86907551679863,Rural
US1SCBF0002,32.2529,-80.735,HILTON HEAD ISLAND 4.0 N,11,0,0.0,1.1945022065745616,Coastal
US1SCBF0010,32.2665,-80.9633,BLUFFTON 6.2 WNW,11,7,63.64,19.593298882627362,Coastal
US1SCBF0015,32.2713,-80.9683,BLUFFTON 5.1 NW,11,3,27.27,19.902634181984563,Coastal
US1SCBF0022,32.248,-80.8156,BLUFFTON 2.9 ENE,11,0,0.0,3.4657170671444826,Coastal
US1SCBF0023,32.1007,-80.883,DAUFUSKIE ISLAND 1.7 SW,11,11,100.0,2.237225615345287,Coastal
US1SCBF0032,32.3426,-80.8391,OKATIE 7.2 ENE,11,2,18.18,4.663136605464735,Coastal
US1SCBF0035,32.4762,-80.6719,BEAUFORT 3.6 NNE,11,11,100.0,1.649691198470439,Coastal
US1SCBF0036,32.3662,-80.8524,OKATIE 7.6 NE,11,0,0.0,6.5212635094859595,Coastal
US1SCBF0037,32.4939,-80.6334,BEAUFORT 5.7 NE,11,0,0.0,1.0235522940021247,Coastal
US1SCBF0050,32.2174,-80.9802,BLUFFTON 7.0 W,11,8,72.73,18.574351826445046,Coastal
US1SCBF0052,32.1897,-80.7007,HILTON HEAD ISLAND 2.7 E,11,11,100.0,0.4106464828456199,Coastal
US1SCBF0053,32.3536,-80.6923,PARRIS ISLAND 1.7 N,11,0,0.0,1.7299336932957101,Coastal
US1SCBF0055,32.1991,-80.7658,HILTON HEAD ISLAND 1.2 WNW,11,0,0.0,1.6045688691605142,Coastal
US1SCBF0059,32.2314,-80.7235,HILTON HEAD ISLAND 2.8 NNE,11,0,0.0,3.917876756216693,Coastal
US1SCBF0064,32.5555,-80.8281,SHELDON 3.7 SSW,11,11,100.0,2.211720525059855,Coastal
US1SCBF0065,32.2638,-80.7174,HILTON HEAD ISLAND 5.0 NNE,11,11,100.0,0.030795645859651586,Coastal
US1SCBF0066,32.2411,-80.7008,HILTON HEAD ISLAND 4.1 NE,11,0,0.0,1.1434494035051022,Coastal
US1SCBF0067,32.2568,-80.7254,HILTON HEAD ISLAND 4.4 NNE,11,9,81.82,1.1301046718860006,Coastal
US1SCBF0068,32.4279,-80.6378,BEAUFORT 3.0 E,11,11,100.0,1.9572946544104273,Coastal
US1SCBF0080,32.4052,-80.6993,BEAUFORT 1.6 SSW,11,4,36.36,2.4732860551069056,Coastal
US1SCBF0086,32.269,-80.9791,BLUFFTON 7.2 WNW,11,11,100.0,21.138748471639005,Coastal
US1SCBF0091,32.4286,-80.6423,BEAUFORT 2.7 E,11,0,0.0,1.44823089770211,Coastal
US1SCBF0092,32.2441,-80.8686,BLUFFTON 0.7 NNW,11,0,0.0,9.017818277060726,Coastal
US1SCBF0093,32.4131,-80.7601,BEAUFORT 4.2 WSW,11,0,0.0,2.3807383571688336,Coastal
US1SCBF0094,32.4754,-80.6794,BEAUFORT 3.5 N,11,11,100.0,1.4804898535725157,Coastal
US1SCBF0096,32.3782,-80.4416,SAINT HELENA 7.0 E,11,2,18.18,0.45736090230031734,Coastal
US1SCBF0097,32.4675,-80.6296,BEAUFORT 4.5 NE,11,4,36.36,3.134688223855017,Coastal
US1SCBF0098,32.4653,-80.8019,BEAUFORT 7.1 WNW,11,0,0.0,0.5958260962665567,Coastal
US1SCBF0099,32.1775,-80.724,HILTON HEAD ISLAND 1.8 SE,11,0,0.0,0.7467534875319637,Coastal
US1SCBF0100,32.2412,-80.8143,HILTON HEAD ISLAND 5.1 NW,11,0,0.0,3.012579113045812,Coastal
US1SCBF0104,32.2431,-80.8034,HILTON HEAD ISLAND 4.7 NW,11,0,0.0,1.9641068298865088,Coastal
US1SCBF0111,32.3136,-80.4924,FRIPP ISLAND 0.5 WSW,11,0,0.0,0.2646553133869743,Coastal
US1SCBF0112,32.4078,-80.5275,ST HELENA ISLAND 2.8 NE,11,0,0.0,3.39927119726202,Coastal
US1SCBF0114,32.2117,-80.86,BLUFFTON 1.7 S,11,11,100.0,7.1006135816663045,Coastal
US1SCBK0008,32.9459,-80.0084,HANAHAN 1.1 N,11,11,100.0,14.440770537303695,Coastal
US1SCBK0017,33.0011,-80.0766,GOOSE CREEK 4.6 WNW,11,0,0.0,24.748775106152408,Coastal
US1SCBK0029,33.4249,-80.0267,PINEVILLE 0.3 SSE,11,11,100.0,73.564247794146,Rural
US1SCBK0038,33.1987,-79.9377,MONCKS CORNER 3.6 E,11,0,0.0,45.75752655108051,Coastal
US1SCBK0046,33.0775,-80.2177,SUMMERVILLE 5.5 NNW,11,0,0.0,42.77112053920329,Coastal
US1SCBK0048,32.8473,-79.9032,DANIEL ISLAND 1.0 SE,11,0,0.0,0.12400144698614991,Coastal
US1SCBK0055,33.0676,-79.9747,MONCKS CORNER 8.9 S,11,4,36.36,28.621297205966922,Coastal
US1SCBK0056,33.1923,-79.9865,MONCKS CORNER 0.8 ESE,11,0,0.0,45.22818854637109,Coastal
US1SCBK0059,33.4062,-79.919,ST. STEPHEN 0.4 ENE,11,0,0.0,64.1042586181943,Rural
US1SCBK0061,32.8514,-79.9123,CHARLESTON 6.6 NE,11,0,0.0,1.2734518476388688,Coastal
US1SCBK0063,33.1056,-80.1635,SUMMERVILLE 7.1 N,11,11,100.0,41.661383253287354,Coastal
US1SCBK0065,33.0188,-80.047,GOOSE CREEK 3.5 NW,11,0,0.0,24.98667160191019,Coastal
US1SCBK0067,32.842,-79.9111,DANIEL ISLAND 1.4 S,11,9,81.82,0.3311470410736986,Coastal
US1SCBK0068,33.0319,-80.1324,SUMMERVILLE 3.3 NE,11,5,45.45,31.840395532265156,Coastal
US1SCBK0071,33.0038,-80.0626,GOOSE CREEK 3.9 WNW,11,8,72.73,24.149317188353397,Coastal
US1SCBK0077,33.0717,-80.147,SUMMERVILLE 5.0 NNE,11,11,100.0,36.955035057545224,Coastal
US1SCBK0079,32.8865,-79.8945,CHARLESTON 9.1 NE,11,0,0.0,4.207977007622234,Coastal
US1SCBK0081,33.2066,-80.0158,MONCKS CORNER 1.2 NW,11,0,0.0,47.60096818818719,Coastal
US1SCBK0082,33.1254,-80.0263,MONCKS CORNER 5.1 SSW,11,0,0.0,37.32474448568803,Coastal
US1SCBK0085,32.9156,-79.9846,HANAHAN 1.7 SE,11,1,9.09,9.640351206523489,Coastal
US1SCBK0086,32.9842,-79.7998,HUGER 7.7 S,11,11,100.0,20.013323035242916,Coastal
US1SCBK0087,33.014,-80.1088,LADSON 0.4 NNW,11,11,100.0,28.324249154626255,Coastal
US1SCBK0097,32.9038,-79.8947,CHARLESTON 10.0 NE,11,11,100.0,6.4999455120369,Coastal
US1SCBM0001,33.3392,-81.1805,DENMARK 2.8 WNW,11,0,0.0,112.09507724904581,Rural
US1SCBM0006,33.096,-81.0108,EHRHARDT 0.2 SE,11,0,0.0,75.72877943149301,Rural
US1SCBW0003,33.2367,-81.3857,BARNWELL 1.2 WSW,11,1,9.09,109.69553761632113,Rural
US1SCBW0006,33.175,-81.3522,BARNWELL 4.6 S,11,8,72.73,100.77862545693137,Rural
US1SCCA0001,33.6874,-80.7301,ST. MATTHEWS 3.2 ENE,11,11,100.0,141.59778834826,Rural
US1SCCA0002,33.8097,-81.009,GASTON 5.3 E,11,0,0.0,169.80774200034284,Rural
US1SCCA0016,33.719,-80.9188,ST. MATTHEWS 9.0 WNW,11,1,9.09,156.9555396429511,Rural
US1SCCA0019,33.6853,-80.9773,NORTH 8.6 ENE,11,11,100.0,152.89293671950878,Rural
US1SCCA0020,33.6817,-80.6561,ST MATTHEWS 7.1 E,11,0,0.0,136.03845093723754,Rural
US1SCCD0002,33.5744,-80.2205,MANNING 8.2 S,11,11,100.0,100.86995738779041,Rural
US1SCCD0006,33.6698,-80.1995,MANNING 1.9 SSE,11,0,0.0,110.62360721712282,Rural
US1SCCD0017,33.5108,-80.4259,SUMMERTON 7.6 SW,11,0,0.0,102.81738910681764,Rural
US1SCCD0019,33.5522,-80.2342,SUMMERTON 7.6 ESE,11,0,0.0,98.55578988086732,Rural
US1SCCL0003,32.9439,-80.6812,WALTERBORO 3.0 NNW,11,0,0.0,52.88334040468367,Rural
US1SCCL0005,33.089,-80.814,SMOAKS 0.1 ESE,11,0,0.0,72.74546533903046,Rural
US1SCCL0009,33.0271,-80.9871,LODGE 3.4 SW,11,0,0.0,66.21774383737791,Rural
US1SCCL0014,32.7134,-80.6087,GREEN POND 1.3 S,11,0,0.0,21.3291035243252,Coastal
US1SCCL0016,32.8947,-80.5661,COTTAGEVILLE 5.8 WSW,11,0,0.0,44.258958510102595,Coastal
US1SCCL0017,32.9799,-80.4947,COTTAGEVILLE 3.1 NNW,11,1,9.09,53.87565335916059,Rural
US1SCCL0020,32.906,-80.9773,ISLANDTON 2.4 W,11,11,100.0,50.37125925091506,Rural
US1SCCL0027,32.7262,-80.6932,GREEN POND 4.6 W,11,10,90.91,26.735160430195034,Coastal
US1SCCL0028,33.0658,-80.5371,GROVER 4.4 SE,11,0,0.0,66.168398037641,Rural
US1SCCL0031,32.4817,-80.3372,EDISTO BEACH 1.2 WSW,11,7,63.64,0.8963101283858976,Coastal
US1SCCR0004,32.8117,-79.8336,MOUNT PLEASANT 1.9 ESE,11,10,90.91,6.022535770615028,Coastal
US1SCCR0010,33.0845,-79.4636,MCCLELLANVILLE 0.2 ESE,11,0,0.0,8.514831317513757,Coastal
US1SCCR0013,32.7264,-79.9587,CHARLESTON 4.6 SSE,11,0,0.0,5.065580555740401,Coastal
US1SCCR0022,32.8066,-80.0827,CHARLESTON 5.2 WNW,11,0,0.0,12.394348469691462,Coastal
US1SCCR0026,32.8567,-79.8058,MOUNT PLEASANT 4.1 NE,11,0,0.0,7.957683453234121,Coastal
US1SCCR0030,32.9591,-80.0606,NORTH CHARLESTON 3.5 N,11,2,18.18,19.3093074486887,Coastal
US1SCCR0032,32.7011,-80.2937,MEGGETT 1.8 W,11,0,0.0,10.981623620204433,Coastal
US1SCCR0033,33.0835,-79.4599,MCCLELLANVILLE 0.5 ESE,11,0,0.0,8.736951005781282,Coastal
US1SCCR0034,32.9322,-80.0736,NORTH CHARLESTON 2.6 NW,11,0,0.0,17.98539998732907,Coastal
US1SCCR0036,32.7398,-79.9314,FOLLY BEACH 4.5 N,11,8,72.73,2.617216468114911,Coastal
US1SCCR0042,32.8103,-79.9569,CHARLESTON 2.8 NE,11,0,0.0,2.1478187372566806,Coastal
US1SCCR0049,32.8949,-80.0273,NWS CHARLESTON SC,11,0,0.0,10.937637551616916,Coastal
US1SCCR0057,32.8794,-79.9899,NORTH CHARLESTON 3.5 ESE,11,6,54.55,6.3317439446898796,Coastal
US1SCCR0060,32.7177,-79.9455,CHARLESTON 5.4 SSE,11,7,63.64,5.81920209120545,Coastal
US1SCCR0063,32.8915,-79.9834,NORTH CHARLESTON 3.5 ESE,11,11,100.0,6.901416316972653,Coastal
US1SCCR0069,32.8965,-79.7962,MOUNT PLEASANT 6.4 NE,11,0,0.0,11.418455530243552,Coastal
US1SCCR0074,32.7216,-80.0088,JOHNS ISLAND 1.8 NE,11,0,0.0,8.790506057077977,Coastal
US1SCCR0078,32.8919,-79.9904,NORTH CHARLESTON 3.1 ESE,11,0,0.0,7.461912274026217,Coastal
US1SCCR0083,32.6288,-80.0406,KIAWAH ISLAND 1.5 NE,11,8,72.73,2.4576636342725924,Coastal
US1SCCR0085,32.7979,-79.8442,MOUNT PLEASANT 2.1 SSE,11,11,100.0,4.113631081787329,Coastal
US1SCCR0087,32.8257,-79.9835,CHARLESTON 2.9 NNE,11,3,27.27,3.6959248860042933,Coastal
US1SCCR0088,32.7559,-79.9955,CHARLESTON 2.0 S,11,11,100.0,4.71744820067375,Coastal
US1SCCR0089,32.7649,-79.9762,CHARLESTON 1.7 SE,11,6,54.55,2.2669577636293408,Coastal
US1SCCR0092,32.7884,-80.2565,RAVENEL 2.0 WNW,11,0,0.0,21.787953223461397,Coastal
US1SCCR0094,32.7924,-79.8588,MOUNT PLEASANT 2.1 S,11,11,100.0,2.3791171400370743,Coastal
US1SCCR0096,32.7449,-79.9186,CHARLESTON 5.2 ESE,11,0,0.0,1.639849995967573,Coastal
US1SCCR0097,32.8097,-80.0746,CHARLESTON 5.0 WNW,11,0,0.0,11.535604487361573,Coastal
US1SCCR0098,32.6299,-80.1951,WADMALAW ISLAND 2.3 SSW,11,0,0.0,4.560926961528648,Coastal
US1SCCR0099,32.8195,-79.8809,MOUNT PLEASANT 1.0 WSW,11,0,0.0,1.2008966695452956,Coastal
US1SCCR0105,32.7523,-80.2403,HOLLYWOOD 2.3 W,11,0,0.0,17.044940613404286,Coastal
US1SCCR0106,32.912,-79.8184,MOUNT PLEASANT 6.7 NNE,11,11,100.0,11.15456094456177,Coastal
US1SCCR0112,32.902,-79.7882,MOUNT PLEASANT 7.0 NE,11,0,0.0,11.716117360559666,Coastal
US1SCCR0113,32.8821,-79.8284,MOUNT PLEASANT 4.6 NNE,11,0,0.0,7.4911727024745725,Coastal
US1SCCR0114,32.7516,-79.8998,CHARLESTON 5.9 ESE,11,11,100.0,0.2773326085429927,Coastal
US1SCCR0115,32.5456,-80.2435,EDISTO ISLAND 3.6 E,11,0,0.0,1.1243774308105976,Coastal
US1SCCR0116,32.7889,-80.0495,CHARLESTON 3.2 W,11,0,0.0,8.779799606255686,Coastal
US1SCCR0123,32.8281,-79.9863,CHARLESTON 3.0 N,11,0,0.0,4.1079170544637,Coastal
US1SCCR0131,32.8466,-79.8735,MOUNT PLEASANT 1.7 NNW,11,0,0.0,0.6269628417752089,Coastal
US1SCCR0132,32.8763,-79.8177,MOUNT PLEASANT 4.5 NE,11,11,100.0,7.881532110552288,Coastal
US1SCCR0138,32.7841,-79.9893,CHARLESTON 0.3 ESE,11,0,0.0,2.381158596168477,Coastal
US1SCCR0142,32.8491,-80.0276,NORTH CHARLESTON 4.0 SSE,11,0,0.0,9.0396248989102,Coastal
US1SCCR0144,32.8472,-79.8665,MOUNT PLEASANT 1.7 N,11,0,0.0,1.2234453068269413,Coastal
US1SCCR0146,32.8983,-79.7536,MOUNT PLEASANT 8.2 NE,11,0,0.0,8.425794085393978,Coastal
US1SCCR0148,32.8224,-79.8577,MOUNT PLEASANT 0.4 E,11,0,0.0,3.0280880313782625,Coastal
US1SCCR0149,33.0044,-80.1347,SUMMERVILLE 2.6 E,11,1,9.09,29.380255075420614,Coastal
US1SCCR0151,32.8303,-80.091,CHARLESTON 6.4 WNW,11,0,0.0,13.891233872563099,Coastal
US1SCCR0152,32.7914,-79.9429,CHARLESTON 3.0 E,11,11,100.0,1.0893601426585033,Coastal
US1SCCR0153,32.5281,-80.3148,EDISTO BEACH 2.7 N,11,0,0.0,3.9559392517865763,Coastal
US1SCCR0154,32.6042,-80.0715,KIAWAH ISLAND 1.0 SW,11,0,0.0,0.5098476313673628,Coastal
US1SCCR0155,32.5554,-80.3682,EDISTO BEACH 5.4 NNW,11,0,0.0,2.9128180861604718,Coastal
US1SCCR0159,32.7929,-79.8913,MOUNT PLEASANT 2.6 SW,11,9,81.82,0.23779808854062354,Coastal
US1SCCR0161,32.7994,-79.8651,MOUNT PLEASANT 1.6 S,11,0,0.0,2.383720306154063,Coastal
US1SCCR0162,32.7236,-80.2956,HOLLYWOOD 5.8 WSW,11,0,0.0,13.912166582884074,Coastal
US1SCCR0164,32.8332,-80.0367,CHARLESTON 4.1 NW,11,0,0.0,8.495940156614711,Coastal
US1SCCR0166,32.8014,-79.7564,ISLE OF PALMS 0.1 E,11,0,0.0,0.8679519035678666,Coastal
US1SCCR0173,32.8414,-80.0864,CHARLESTON 6.6 NW,11,10,90.91,13.91890950922628,Coastal
US1SCCR0175,32.7166,-79.973,CHARLESTON 4.9 SSE,11,11,100.0,6.909728102214364,Coastal
US1SCCR0178,32.7875,-80.0435,CHARLESTON 2.9 W,11,0,0.0,8.155874898174535,Coastal
US1SCCR0179,32.9019,-79.8148,MOUNT PLEASANT 6.1 NNE,11,6,54.55,10.444703958372068,Coastal
US1SCCR0180,32.8019,-79.8825,MOUNT PLEASANT 1.8 SW,11,11,100.0,1.6953856313613864,Coastal
US1SCCR0183,32.8323,-80.035,CHARLESTON 4.0 NW,11,0,0.0,8.272281572632703,Coastal
US1SCCR0187,32.713,-80.1421,JOHNS ISLAND 6.4 W,11,0,0.0,15.49493005197523,Coastal
US1SCCR0189,32.6257,-80.1214,KIAWAH RIVER 3.5 W,11,0,0.0,4.852782770303078,Coastal
US1SCCR0192,32.8938,-79.7652,MOUNT PLEASANT 7.5 NE,11,1,9.09,9.046593679065483,Coastal
US1SCCR0194,32.7621,-80.0006,CHARLESTON 1.6 SSW,11,0,0.0,4.74524256146443,Coastal
US1SCCR0197,32.8176,-79.886,MOUNT PLEASANT 1.3 WSW,11,0,0.0,0.9001713168154519,Coastal
US1SCCR0199,32.5979,-80.1113,KIAWAH ISLAND 3.1 WSW,11,0,0.0,1.0484549202745452,Coastal
US1SCCR0204,32.8515,-79.8592,MOUNT PLEASANT 2.0 N,11,0,0.0,2.2135115152490523,Coastal
US1SCCR0205,32.8098,-80.0946,CHARLESTON 6.1 WNW,11,0,0.0,13.750760492250796,Coastal
US1SCCR0206,32.8302,-79.8411,MOUNT PLEASANT 1.4 ENE,11,10,90.91,4.032221436058429,Coastal
US1SCCR0208,32.8407,-79.812,MOUNT PLEASANT 3.2 ENE,11,11,100.0,6.9986881433218775,Coastal
US1SCCR0210,32.8183,-80.0466,CHARLESTON 3.8 NW,11,0,0.0,8.700162464084181,Coastal
US1SCCR0212,32.8991,-79.9889,NORTH CHARLESTON 3.1 E,11,0,0.0,8.06944859188613,Coastal
US1SCCR0213,32.735,-79.9311,CHARLESTON 5.0 SE,11,11,100.0,3.2287776469487603,Coastal
US1SCCR0214,32.5605,-80.339,EDISTO BEACH 5.1 NNW,11,0,0.0,4.758969830121487,Coastal
US1SCCR0217,32.6785,-80.1181,WADMALAW ISLAND 3.6 ENE,11,0,0.0,11.011988617136733,Coastal
US1SCCR0218,32.7147,-80.0875,JOHNS ISLAND 3.3 WNW,11,0,0.0,11.108669264518976,Coastal
US1SCCR0220,32.7316,-79.9224,CHARLESTON 5.6 SE,11,11,100.0,3.326203965853546,Coastal
US1SCCR0221,32.5775,-80.1753,SEABROOK ISLAND 0.2 S,11,7,63.64,1.1780663551715935,Coastal
US1SCCR0225,32.9037,-79.7626,MOUNT PLEASANT 8.1 NE,11,2,18.18,9.654521933547057,Coastal
US1SCCR0226,32.8192,-80.0076,CHARLESTON 2.5 NNW,11,7,63.64,4.766378672326079,Coastal
US1SCCR0227,32.8197,-80.0482,CHARLESTON 4.0 NW,11,0,0.0,8.92454651777962,Coastal
US1SCCR0228,32.6993,-80.1236,WADMALAW ISLAND 4.1 NE,11,0,0.0,12.78470632158346,Coastal
US1SCCR0229,32.7844,-79.8558,MOUNT PLEASANT 2.7 S,11,3,27.27,2.0078719075350615,Coastal
US1SCCR0231,32.6077,-80.3362,EDISTO ISLAND 4.5 NNW,11,0,0.0,8.028309612319141,Coastal
US1SCCR0232,32.722,-79.9408,CHARLESTON 5.4 SE,11,6,54.55,5.147395662037115,Coastal
US1SCCR0238,32.5353,-80.263,EDISTO ISLAND 2.2 ESE,11,0,0.0,1.3116893832611094,Coastal
US1SCCR0241,32.5928,-80.2751,EDISTO ISLAND 3.2 NNE,11,1,9.09,3.139886744414405,Coastal
US1SCCR0242,32.7867,-80.0273,CHARLESTON 1.9 W,11,4,36.36,6.420245885157213,Coastal
US1SCCR0243,32.8501,-79.8595,MOUNT PLEASANT 1.9 N,11,0,0.0,2.0767658287832886,Coastal
US1SCDC0003,32.9262,-80.084,NORTH CHARLESTON 2.9 WNW,11,0,0.0,18.49005927249539,Coastal
US1SCDC0018,33.1896,-80.6381,REEVESVILLE 1.0 SSE,11,0,0.0,83.98334727674008,Rural
US1SCDC0021,32.9551,-80.1686,SUMMERVILLE 3.4 S,11,11,100.0,28.55310132522658,Coastal
US1SCDC0033,33.0006,-80.1734,SUMMERVILLE 0.4 SE,11,11,100.0,32.32174050407318,Coastal
US1SCDC0036,32.985,-80.1844,SUMMERVILLE 1.4 SSW,11,0,0.0,32.11210060384891,Coastal
US1SCDC0041,33.0313,-80.174,SUMMERVILLE 1.9 N,11,0,0.0,35.0134867117612,Coastal
US1SCDC0042,32.9827,-80.2583,SUMMERVILLE 4.8 WSW,11,0,0.0,39.10109797515769,Coastal
US1SCDC0054,33.0026,-80.1524,LINCOLNVILLE 0.4 SE,11,11,100.0,30.67913851794854,Coastal
US1SCDC0055,32.9345,-80.1258,SUMMERVILLE 5.7 SSE,11,4,36.36,23.061811110556125,Coastal
US1SCDC0056,33.0251,-80.2288,SUMMERVILLE 3.2 WNW,11,3,27.27,39.20806237466607,Coastal
US1SCDC0057,32.913,-80.1158,NORTH CHARLESTON 4.4 W,11,0,0.0,20.816451238208742,Coastal
US1SCDC0062,32.9966,-80.2138,SUMMERVILLE 2.1 WSW,11,0,0.0,35.695073979915136,Coastal
US1SCDC0066,33.0726,-80.3136,RIDGEVILLE 1.3 SSW,11,11,100.0,50.55516021069577,Rural
US1SCDC0067,32.9403,-80.127,SUMMERVILLE 5.3 SE,11,0,0.0,23.55435984484426,Coastal
US1SCDC0069,33.0753,-80.3586,RIDGEVILLE 3.2 WSW,11,0,0.0,54.905140315291185,Rural
US1SCDC0073,32.9522,-80.1598,LADSON 5.0 SW,11,10,90.91,27.509564901747762,Coastal
US1SCDC0075,33.0068,-80.1784,SUMMERVILLE 0.2 N,11,2,18.18,33.267010317049724,Coastal
US1SCDC0076,32.9776,-80.1892,SUMMERVILLE 1.9 SSW,11,0,0.0,32.0356969952573,Coastal
US1SCDC0077,32.9952,-80.1932,SUMMERVILLE 1.0 SW,11,11,100.0,33.680957847200915,Coastal
US1SCDC0078,32.983,-80.2033,SUMMERVILLE 2.0 SW,11,2,18.18,33.74916784470778,Coastal
US1SCDC0081,32.9992,-80.1824,SUMMERVILLE 0.4 SSW,11,11,100.0,33.00918343326038,Coastal
US1SCDC0084,33.004,-80.1799,SUMMERVILLE 0.1 W,11,7,63.64,33.17030502256032,Coastal
US1SCDC0086,32.9815,-80.1675,SUMMERVILLE 1.7 SSE,11,3,27.27,30.293533591117058,Coastal
US1SCDC0087,33.0102,-80.2261,SUMMERVILLE 2.8 W,11,0,0.0,37.8296950508803,Coastal
US1SCED0002,33.6515,-81.8662,TRENTON 6.3 SSW,11,0,0.0,185.75850213674963,Rural
US1SCED0005,33.9403,-81.9561,EDGEFIELD 10.5 N,11,11,100.0,223.13441919377203,Rural
US1SCED0013,33.6552,-81.8851,TRENTON 6.5 SSW,11,0,0.0,187.4321263470876,Rural
US1SCED0016,33.8377,-81.9294,EDGEFIELD 3.3 N,11,0,0.0,210.06619989767538,Rural
US1SCED0017,33.6075,-81.9592,NORTH AUGUSTA 6.2 N,11,11,100.0,187.72408576133532,Rural
US1SCED0018,33.8836,-82.0697,MCCORMICK 12.9 E,11,9,81.82,224.2115350672032,Rural
US1SCFL0023,33.9192,-79.8723,SCRANTON 7.4 W,11,11,100.0,98.36849558641012,Rural
US1SCGT0001,33.4306,-79.2537,GEORGETOWN 5.3 NNE,11,7,63.64,3.431024121022285,Coastal
US1SCGT0002,33.5513,-79.0515,MURRELLS INLET 0.3 SSW,11,11,100.0,3.18909669975591,Coastal
US1SCGT0004,33.2759,-79.2928,GEORGETOWN 6.0 S,11,0,0.0,0.2820340872768625,Coastal
US1SCGT0009,33.4943,-79.0832,PAWLEYS ISLAND 5.6 NNE,11,11,100.0,1.5572942401446443,Coastal
US1SCGT0011,33.5702,-79.0251,MURRELLS INLET 1.8 NE,11,0,0.0,2.274560315868398,Coastal
US1SCGT0015,33.6814,-79.3766,HEMINGWAY 6.3 SE,11,11,100.0,38.44531142452916,Coastal
US1SCGT0019,33.5668,-79.0457,MURRELLS INLET 0.9 NNE,11,0,0.0,3.8723343310576817,Coastal
US1SCGT0024,33.4596,-79.1195,PAWLEYS ISLAND 2.6 N,11,1,9.09,2.09128053861697,Coastal
US1SCGT0026,33.4268,-79.1379,PAWLEY'S ISLAND 0.8 WNW,11,11,100.0,1.16620603964207,Coastal
US1SCGT0027,33.3657,-79.2787,GEORGETOWN 1.0 E,11,9,81.82,0.6525838977300711,Coastal
US1SCGT0033,33.4231,-79.1567,PAWLEY'S ISLAND 1.8 W,11,9,81.82,2.7007533072732786,Coastal
US1SCGT0036,33.4435,-79.1714,PAWLEYS ISLAND 3.0 WNW,11,4,36.36,2.204432116775881,Coastal
US1SCGT0038,33.2317,-79.4106,GEORGETOWN 11.2 SW,11,11,100.0,12.761565697161346,Coastal
US1SCGT0042,33.4419,-79.1608,PAWLEYS ISLAND 2.4 NW,11,10,90.91,3.272594733561919,Coastal
US1SCGT0044,33.5195,-79.4299,GEORGETOWN 13.3 NW,11,1,9.09,26.236672634003025,Coastal
US1SCGT0046,33.47,-79.1229,PAWLEYS ISLAND 3.3 N,11,0,0.0,3.215126022619976,Coastal
US1SCGT0049,33.3637,-79.2271,GEORGETOWN 4.0 E (HOBCAW BARON,11,11,100.0,2.3087635664417334,Coastal
US1SCHM0002,32.9029,-81.1993,BRUNSON 1.6 SSW,11,11,100.0,61.492790018864476,Rural
US1SCHM0003,32.7223,-81.2359,ESTILL 2.2 S,11,11,100.0,48.80633732691471,Coastal
US1SCHM0006,32.7764,-81.1532,VARNVILLE 6.7 SW,11,11,100.0,45.64390937271441,Coastal
US1SCHM0007,32.8575,-81.1165,HAMPTON 0.8 SW,11,1,9.09,51.158484650322436,Rural
US1SCHM0015,32.8655,-81.1114,HAMPTON 0.2 SW,11,11,100.0,51.71825896308429,Rural
US1SCHM0016,32.9386,-81.1207,BRUNSON 4.1 ENE,11,11,100.0,60.53814021305101,Rural
US1SCHM0018,32.8655,-81.1142,HAMPTON 0.3 WSW,11,1,9.09,51.89094840622126,Rural
US1SCHM0019,32.9203,-81.1821,BRUNSON 0.5 ESE,11,11,100.0,62.172789804242754,Rural
US1SCHM0021,32.8759,-81.1539,HAMPTON 2.7 WNW,11,1,9.09,55.570296925362165,Rural
US1SCHR0014,33.5995,-79.0065,MURRELLS INLET 4.0 NE,11,11,100.0,2.8762997280939375,Coastal
US1SCHR0020,33.7692,-78.9144,MYRTLE BEACH 5.0 NNW,11,2,18.18,9.972343278243956,Coastal
US1SCHR0027,33.7153,-79.0298,MYRTLE BEACH 8.4 WNW,11,6,54.55,14.1565840777149,Coastal
US1SCHR0039,33.6207,-78.9673,SURFSIDE BEACH 1.0 NE,11,0,0.0,0.9845019907598239,Coastal
US1SCHR0046,33.7267,-78.9729,MYRTLE BEACH 5.0 WNW,11,5,45.45,10.583555689323529,Coastal
US1SCHR0061,33.8295,-78.9528,CONWAY 6.2 E,11,0,0.0,18.89045045762394,Coastal
US1SCHR0063,33.5786,-79.0454,MURRELLS INLET 1.7 N,11,2,18.18,4.764756716782875,Coastal
US1SCHR0064,33.7157,-78.8556,MYRTLE BEACH 2.4 ENE,11,0,0.0,0.2751456827877964,Coastal
US1SCHR0065,33.9533,-78.7474,LONGS 1.3 NW,11,2,18.18,19.136097963769807,Coastal
US1SCHR0066,33.6236,-79.0258,MYRTLE BEACH 9.2 WSW,11,4,36.36,6.500374321251181,Coastal
US1SCHR0067,33.7452,-79.0173,MYRTLE BEACH 8.4 WNW,11,0,0.0,15.881813559982255,Coastal
US1SCHR0071,33.967,-79.018,CONWAY 9.2 NNE,11,6,54.55,37.62518480148937,Coastal
US1SCHR0073,33.6446,-78.9561,MYRTLE BEACH 5.2 SW,11,0,0.0,1.8355355471256503,Coastal
US1SCHR0075,33.7905,-78.9572,MYRTLE BEACH 7.4 NNW,11,0,0.0,15.236673941433306,Coastal
US1SCHR0087,33.5833,-79.0747,MURRELLS INLET 2.4 NW,11,8,72.73,7.780449942530402,Coastal
US1SCHR0106,33.7639,-78.9196,MYRTLE BEACH 4.8 NNW,11,0,0.0,9.808821176944535,Coastal
US1SCHR0109,33.8552,-78.6199,NORTH MYRTLE BEACH 3.5 ENE,11,11,100.0,1.3735080728221845,Coastal
US1SCHR0111,33.6522,-79.0485,SOCASTEE 3.3 SW,11,1,9.09,10.783403098847321,Coastal
US1SCHR0116,33.9656,-78.7402,LONGS 2.6 NNW,11,10,90.91,19.70836091603472,Coastal
US1SCHR0119,33.6438,-79.0321,MYRTLE BEACH 8.9 WSW,11,0,0.0,8.645297659253417,Coastal
US1SCHR0122,33.581,-79.043,MURRELLS INLET 1.9 NNE,11,0,0.0,4.734783623202021,Coastal
US1SCHR0123,33.7567,-78.9288,MYRTLE BEACH 4.5 NNW,11,0,0.0,9.762966296729504,Coastal
US1SCHR0124,33.8693,-78.6176,LITTLE RIVER 0.8 ESE,11,1,9.09,1.9585926356930285,Coastal
US1SCHR0125,33.6383,-78.9765,SURFSIDE BEACH 2.0 N,11,0,0.0,3.1888294643821036,Coastal
US1SCHR0126,33.9041,-78.8981,CONWAY 10.4 ENE,11,0,0.0,22.53830758854597,Coastal
US1SCHR0132,33.6022,-79.0422,MURRELLS INLET 3.3 N,11,11,100.0,6.3148786738629115,Coastal
US1SCHR0134,33.8013,-78.9973,CONWAY 4.5 SE,11,6,54.55,19.401587449310693,Coastal
US1SCHR0136,33.7899,-78.7516,BRIARCLIFFE ACRES 0.2 WNW,11,0,0.0,0.6256985300402227,Coastal
US1SCHR0137,33.9076,-78.7025,LITTLE RIVER 4.7 WNW,11,1,9.09,11.339903650052486,Coastal
US1SCHR0139,33.8208,-78.9317,CONWAY 7.5 E,11,11,100.0,16.478276964024538,Coastal
US1SCHR0140,33.6255,-79.0254,MYRTLE BEACH 9.2 WSW,11,11,100.0,6.6123571485258745,Coastal
US1SCJS0003,32.4496,-80.8911,RIDGELAND 5.8 ESE,11,2,18.18,6.961203634538471,Coastal
US1SCJS0009,32.3083,-80.9504,BLUFFTON 7.2 NW,11,0,0.0,16.927568475210542,Coastal
US1SCJS0013,32.3094,-80.9699,HARDEEVILLE 6.7 ENE,11,11,100.0,19.079795519185122,Coastal
US1SCLX0002,33.9877,-81.1951,LEXINGTON 1.9 E,11,11,100.0,196.49494023657053,Inland
US1SCLX0005,33.9894,-81.2654,LEXINGTON 1.6 WNW,11,0,0.0,198.37385314155736,Inland
US1SCLX0022,33.9292,-81.3065,LEXINGTON 5.9 SW,11,0,0.0,191.6692949447873,Rural
US1SCLX0031,33.9764,-81.2173,LEXINGTON 1.0 SE,11,0,0.0,195.50146109314477,Inland
US1SCLX0036,33.9922,-81.2413,LEXINGTON 0.8 WNW,11,11,100.0,198.1401424972518,Inland
US1SCLX0069,33.9644,-81.274,LEXINGTON 3.0 WSW,11,0,0.0,195.33603024815358,Rural
US1SCLX0093,33.915,-81.3813,GILBERT 1.0 SE,11,0,0.0,192.20421241509965,Rural
US1SCLX0096,33.9414,-81.056,CAYCE 1.0 SSE,11,0,0.0,187.93522883265393,Rural
US1SCLX0097,33.997,-81.129,LEXINGTON 5.8 E,11,0,0.0,196.4440495778214,Inland
US1SCLX0098,33.9542,-81.1736,WEST COLUMBIA 5.9 WSW,11,0,0.0,191.62706424013268,Inland
US1SCLX0106,33.9836,-81.1851,LEXINGTON 2.5 E,11,11,100.0,195.74279934789718,Inland
US1SCLX0108,33.9366,-81.3056,LEXINGTON 5.6 SW,11,11,100.0,192.6014595941675,Rural
US1SCLX0122,33.7862,-81.3294,PELION 4.7 W,11,0,0.0,174.0005001409433,Rural
US1SCLX0127,33.8839,-81.561,BATESBURG 1.8 SSW,11,0,0.0,195.38952395730664,Rural
US1SCLX0134,33.8703,-81.4417,LEESVILLE 5.2 SE,11,11,100.0,188.72417799210334,Rural
US1SCLX0137,33.9918,-81.1366,LEXINGTON 5.3 E,11,6,54.55,195.88798323922273,Inland
US1SCLX0145,33.7029,-81.1526,SWANSEA 3.5 SW,11,11,100.0,158.14957576030022,Rural
US1SCLX0154,33.7719,-81.2537,PELION 0.7 SSW,11,4,36.36,169.78136109836333,Rural
US1SCLX0162,33.9857,-81.1539,LEXINGTON 4.3 E,11,6,54.55,195.39835358298518,Inland
US1SCLX0169,33.9102,-81.1007,WEST COLUMBIA 5.7 S,11,4,36.36,184.45199293411747,Rural
US1SCLX0173,33.9758,-81.0522,CAYCE 1.5 NNE,11,3,27.27,192.4712837176726,Inland
US1SCLX0184,33.9058,-81.223,LEXINGTON 5.6 S,11,1,9.09,186.38067859187163,Rural
US1SCLX0185,33.9497,-81.2896,LEXINGTON 4.3 SW,11,0,0.0,193.84695579059266,Rural
US1SCLX0195,33.9379,-81.3391,LEXINGTON 7.1 WSW,11,11,100.0,193.7737707102458,Rural
US1SCLX0211,33.976,-81.0785,WEST COLUMBIA 1.1 S,11,11,100.0,192.85381303007034,Inland
US1SCMC0005,33.9092,-82.3327,MCCORMICK 2.3 W,11,2,18.18,245.53137059854063,Rural
US1SCMC0008,33.9151,-82.2996,MCCORMICK 0.5 NW,11,1,9.09,243.67213780529534,Rural
US1SCMC0009,33.9086,-82.3678,MCCORMICK 4.3 W,11,11,100.0,248.10702528787917,Rural
US1SCOR0011,33.4656,-81.0397,NEESES 7.0 SE,11,11,100.0,124.63894060284424,Rural
US1SCOR0017,33.5207,-80.9117,ORANGEBURG 3.2 NW,11,5,45.45,130.43876305792307,Rural
US1SCOR0022,33.4267,-80.5882,SANTEE 6.9 WSW,11,2,18.18,104.85596643541075,Rural
US1SCOR0025,33.4277,-80.9662,COPE 4.1 NE,11,0,0.0,118.5230221610464,Rural
US1SCOR0027,33.5135,-80.8826,ORANGEBURG 1.7 NW,11,11,100.0,129.3479340618955,Inland
US1SCOR0036,33.6033,-80.8725,ORANGEBURG 7.6 N,11,11,100.0,141.29845858713077,Rural
US1SCOR0037,33.4994,-80.8687,ORANGEBURG 0.4 NNW,11,11,100.0,127.41367417538198,Inland
US1SCOR0041,33.5153,-80.6063,ELLOREE 2.2 WSW,11,0,0.0,115.04839317991163,Rural
US1SCOR0048,33.6033,-81.0296,NORTH 4.3 ESE,11,0,0.0,142.65116754608172,Rural
US1SCOR0049,33.4876,-80.4531,SANTEE 2.0 ENE,11,0,0.0,101.84300894144752,Rural
US1SCOR0051,33.3366,-80.4571,HOLLY HILL 2.6 WNW,11,11,100.0,86.14511057983769,Rural
US1SCOR0052,33.6213,-81.0133,NORTH 5.2 E,11,11,100.0,144.8030842746531,Rural
US1SCRC0030,33.9574,-80.8578,HOPKINS 3.9 NNE,11,0,0.0,179.17318603212536,Rural
US1SCRC0042,33.9984,-80.9804,COLUMBIA 3.1 E,11,0,0.0,191.62549653028128,Inland
US1SCRC0064,33.9839,-81.0094,COLUMBIA 1.9 SE,11,11,100.0,192.05199750199787,Inland
US1SCRC0122,33.9807,-81.0021,VALENCIA HEIGHTS 1.0 WNW,11,0,0.0,191.21257116630548,Inland
US1SCRC0123,33.9661,-80.9292,COLUMBIA 5.6 SSW,11,4,36.36,184.7415931510735,Inland
US1SCSL0002,33.9465,-81.8558,SALUDA 6.1 SW,11,0,0.0,217.9158743865661,Rural
US1SCSL0010,33.84,-81.6663,RIDGE SPRING 0.4 SSW,11,0,0.0,195.15671361419857,Rural
US1SCSM0010,33.9456,-80.388,SUMTER 0.3 ENE,11,0,0.0,146.44037831177639,Inland
US1SCSM0013,33.9471,-80.3901,SUMTER 0.2 NE,11,0,0.0,146.74560632397123,Inland
US1SCSM0020,33.8944,-80.4083,SUMTER 3.6 SSW,11,0,0.0,144.83984069241987,Rural
US1SCSM0024,33.9883,-80.5361,OAKLAND 2.1 W,11,11,100.0,163.4811575513632,Rural
US1SCSM0026,33.942,-80.4254,SUMTER 1.9 W,11,0,0.0,149.72075629754966,Rural
US1SCSM0030,33.9291,-80.397,SUMTER 1.1 SSW,11,0,0.0,146.12051298674027,Inland
US1SCSM0035,33.8316,-80.3652,SUMTER 8.0 SSE,11,10,90.91,136.59851795234184,Rural
US1SCSM0039,33.9837,-80.526,SUMTER 8.1 WNW,11,9,81.82,162.1993461178596,Rural
US1SCSM0040,33.9053,-80.4241,SUMTER 3.3 SW,11,8,72.73,147.091849815502,Rural
US1SCSM0041,33.9142,-80.4259,SUMTER 2.8 SW,11,0,0.0,147.86141941308819,Rural
US1SCWL0002,33.7394,-79.9332,KINGSTREE 7.9 NW,11,0,0.0,88.96441579757851,Rural
US1SCWL0004,33.7456,-79.9629,KINGSTREE 9.5 NW,11,11,100.0,92.16051879380099,Rural
USC00080228,27.2178,-81.8742,ARCADIA,11,11,100.0,30.045830388851254,Coastal
USC00080236,27.1819,-81.3511,ARCHBOLD BIO STN,11,0,0.0,73.5895358684036,Rural
USC00080369,27.5947,-81.5267,AVON PARK 2 W,11,0,0.0,90.27675952632313,Rural
USC00080478,27.8864,-81.8325,BARTOW 1SE,11,0,0.0,62.70740169972764,Rural
USC00080598,29.7956,-82.9178,BELL 4NW,11,11,100.0,56.35646986673109,Rural
USC00080737,26.3283,-80.9958,BIG CYPRESS,11,0,0.0,73.98571652839227,Rural
USC00080945,27.4364,-82.4903,BRADENTON 5 ESE,11,0,0.0,10.625776887238427,Coastal
USC00081276,26.8639,-80.6256,CANAL PT USDA,11,6,54.55,57.46161384297153,Rural
USC00081641,28.4558,-81.7233,CLERMONT 9 S,11,0,0.0,102.99046970384587,Rural
USC00082008,29.6333,-83.1053,CROSS CITY 1 E,11,1,9.09,29.47351179959662,Coastal
USC00082150,29.1967,-81.0083,DAYTONA BEACH,11,0,0.0,2.2507238810881054,Coastal
USC00082229,29.0097,-81.2986,DELAND 1 SSE,11,2,18.18,41.56023210144275,Coastal
USC00082288,27.3697,-81.5136,DESOTO CITY 8 SW,11,11,100.0,69.72857504279186,Rural
USC00082298,26.6639,-81.09,DEVILS GARDEN,11,0,0.0,77.11649024553573,Rural
USC00082944,30.6669,-81.4525,FERNANDINA BEACH,11,11,100.0,2.445361065483161,Coastal
USC00083153,27.5728,-82.1392,FT GREEN 12 WSW,11,0,0.0,40.18847619386191,Coastal
USC00083163,26.1019,-80.2011,FT LAUDERDALE,11,0,0.0,8.061608457872126,Coastal
USC00083168,26.1408,-80.1061,FT LAUDERDALE BEACH,11,6,54.55,0.39526788786704303,Coastal
USC00083207,27.4419,-80.3508,FT PIERCE,11,0,0.0,4.028926667228157,Coastal
USC00083209,27.4272,-80.4053,FT PIERCE ARC,11,8,72.73,10.341112222637012,Coastal
USC00083470,30.2717,-82.1856,GLEN ST MARY 1 W,11,11,100.0,84.38962648539362,Rural
USC00083874,29.7653,-81.4697,HASTINGS 4NE,11,0,0.0,24.006550139360595,Coastal
USC00083986,28.1469,-82.2275,HILLSBOROUGH RVR SP,11,6,54.55,35.79635412041973,Coastal
USC00084050,26.0281,-80.1342,HOLLYWOOD,11,1,9.09,2.1343499903758714,Coastal
USC00084289,28.8028,-82.3128,INVERNESS 3 SE,11,0,0.0,35.400992179295464,Coastal
USC00084366,30.2875,-81.3928,JACKSONVILLE BEACH,11,1,9.09,0.12219742973233885,Coastal
USC00084394,30.5056,-82.9492,JASPER,11,6,54.55,110.87916876470898,Rural
USC00084461,26.86,-80.0553,JUNO BEACH,11,2,18.18,0.40366826093947616,Coastal
USC00084500,27.8703,-81.0436,KENANSVILLE,11,0,0.0,56.76965538967845,Rural
USC00084621,27.6039,-81.0531,KISSIMMEE PRAIRIE PRESERVE,11,0,0.0,71.45277878133025,Rural
USC00084625,28.2764,-81.4239,KISSIMMEE 2,11,1,9.09,76.48731421595257,Rural
USC00084731,30.1853,-82.5942,LAKE CITY 2 E,11,0,0.0,112.4258416198466,Rural
USC00084802,27.9944,-82.0139,LAKELAND 2,11,0,0.0,46.43203735532496,Coastal
USC00085076,28.8728,-81.7844,LISBON,11,0,0.0,94.25342598882251,Rural
USC00085099,30.3075,-82.9936,LIVE OAK,11,0,0.0,90.4965413837672,Rural
USC00085184,26.4986,-80.2161,LOXAHATCHEE NWR,11,0,0.0,17.656659626391765,Coastal
USC00085539,30.06,-83.1719,MAYO,11,0,0.0,55.711572509717,Rural
USC00085612,28.1136,-80.6539,MELBOURNE WFO,11,0,0.0,4.640407327493008,Coastal
USC00085880,30.4406,-83.9858,MONTICELLO 10 SW,11,0,0.0,43.26253270707167,Coastal
USC00085895,26.84,-81.0872,MOORE HAVEN LOCK 1,11,6,54.55,78.72356497529513,Rural
USC00085973,27.9378,-81.5992,MTN LAKE,11,5,45.45,89.2920642315315,Inland
USC00086048,26.8261,-81.4914,MUSE,11,0,0.0,35.0256908866396,Coastal
USC00086065,27.24,-82.3153,MYAKKA RVR SP,11,0,0.0,20.456466051042437,Coastal
USC00086078,26.1653,-81.6842,NAPLES,11,1,9.09,11.9030822925992,Coastal
USC00086092,27.2878,-80.2214,NETTLES IS,11,0,0.0,0.05875357184876621,Coastal
USC00086414,29.1639,-82.0778,OCALA,11,11,100.0,71.17052228026795,Rural
USC00086634,28.5083,-81.5467,ORLANDO W,11,0,0.0,82.30163215104824,Rural
USC00086657,26.7897,-81.3045,ORTONA LOCK 2,11,7,63.64,53.78769220690069,Rural
USC00086761,27.9153,-80.6458,PALM BAY,11,0,0.0,14.041689408277078,Coastal
USC00086764,26.8261,-80.1489,PALM BEACH GARDENS,11,0,0.0,11.52823870604327,Coastal
USC00086767,29.6319,-81.2061,PALM COAST 6NE,11,11,100.0,1.351769320626817,Coastal
USC00087025,30.0925,-83.5708,PERRY,11,0,0.0,24.920527578460486,Coastal
USC00087205,28.0208,-82.1392,PLANT CITY,11,0,0.0,34.056203406942195,Coastal
USC00087228,28.7992,-81.5372,MT PLYMOUTH 1SSW,11,0,0.0,76.55066045185943,Rural
USC00087261,29.0361,-80.9181,NEW SMYRNA BCH - MARINE DISCOV,11,2,18.18,2.7142453069628765,Coastal
USC00087304,27.0997,-80.2628,PORT SALERNO 5W,11,1,9.09,11.486422234929782,Coastal
USC00087397,26.9147,-81.9969,PUNTA GORDA 4 ESE,11,0,0.0,4.98019748612642,Coastal
USC00087826,29.8764,-81.31,ST AUGUSTINE WTP,11,11,100.0,2.901318125220059,Coastal
USC00087851,28.3381,-82.2603,SAINT LEO,11,0,0.0,47.06300540878216,Coastal
USC00087982,28.8147,-81.2778,SANFORD,11,0,0.0,47.9281353019382,Coastal
USC00088051,28.73,-80.8794,SCOTTSMOOR 2.5 SSW,11,0,0.0,4.622485474583604,Coastal
USC00088368,26.47,-80.6403,S BAY 15 S,11,0,0.0,64.0433853463932,Rural
USC00088620,27.1897,-80.2397,STUART,11,0,0.0,0.9252392261169209,Coastal
USC00088782,27.7053,-82.4008,TAMPA BAY AREA WFO,11,0,0.0,7.309539117372555,Coastal
USC00088824,28.1522,-82.7539,TARPON SPGS SEWAGE PLT,11,0,0.0,3.5122041547812093,Coastal
USC00088942,28.6244,-80.8169,TITUSVILLE,11,0,0.0,1.0032628127772536,Coastal
USC00089120,29.4081,-82.8189,USHER TWR,11,0,0.0,29.032248134204288,Coastal
USC00089176,27.1006,-82.4364,VENICE,11,0,0.0,2.9832456762607684,Coastal
USC00089219,27.6528,-80.4031,VERO BEACH 4SE,11,0,0.0,2.752080824409765,Coastal
USC00089401,27.5478,-81.7994,WAUCHULA,11,0,0.0,71.90386638274707,Rural
USC00090311,33.5572,-82.3369,APPLING 2 NW,11,0,0.0,213.26678429606233,Rural
USC00091266,32.3767,-81.6739,BROOKLET 1 W,11,0,0.0,87.33975924144923,Rural
USC00091340,31.1681,-81.5022,BRUNSWICK,11,11,100.0,4.783035399594133,Coastal
USC00092266,31.985,-83.7747,CORDELE,11,0,0.0,245.65599132831693,Inland
USC00092361,31.8453,-83.9408,CRISP CO PWR DAM,11,5,45.45,225.95210649880565,Rural
USC00092844,32.5575,-82.9,DUBLIN 2,11,0,0.0,208.894544146758,Inland
USC00092966,32.2003,-83.2058,EASTMAN 1 W,11,0,0.0,219.70228783406114,Rural
USC00092994,33.3178,-83.3931,EATONTON,11,11,100.0,300.8091136949893,Rural
USC00093325,30.8264,-82.3606,FARGO 17 NE,11,11,100.0,92.1266918054128,Rural
USC00093465,30.74,-82.1278,FOLKSTON 9 SW,11,11,100.0,67.60695939506267,Rural
USC00093538,31.8694,-81.6236,FT STEWART,11,0,0.0,41.30074202361747,Coastal
USC00093754,31.9881,-81.9522,GLENNVILLE 3NW,11,0,0.0,81.01080382693688,Rural
USC00094170,32.2964,-83.4883,HAWKINSVILLE,11,0,0.0,253.32355205167832,Rural
USC00094429,31.0767,-82.8003,HOMERVILLE 5 N,11,11,100.0,143.06451031768864,Rural
USC00094623,33.32,-83.8436,JACKSON DAM,11,11,100.0,348.42568306872,Rural
USC00094862,32.7128,-82.5414,KITE,11,0,0.0,188.3038936165452,Rural
USC00095204,33.7764,-82.4714,LINCOLNTON,11,0,0.0,243.78659645924466,Rural
USC00095205,33.7244,-82.4675,LINCOLNTON 4.4S,11,0,0.0,238.81819751579206,Rural
USC00095314,33.0125,-82.3914,LOUISVILLE 1 E,11,0,0.0,182.13937415282948,Rural
USC00095331,31.7131,-81.7453,LUDOWICI,11,11,100.0,50.669154411281575,Rural
USC00095440,32.8269,-83.6092,MACON (DARDC),11,11,100.0,295.21845061622986,Inland
USC00095811,32.4003,-82.0478,METTER,11,11,100.0,119.87009905854494,Rural
USC00095863,32.8753,-82.2156,MIDVILLE EXP STN,11,6,54.55,157.84544613204997,Rural
USC00095974,33.8019,-83.7156,MONROE DARDC,11,11,100.0,359.99332713219206,Rural
USC00095988,33.3328,-83.6975,MONTICELLO,11,0,0.0,333.46552329882496,Rural
USC00096087,31.1728,-83.7481,MOULTRIE 2 ESE,11,0,0.0,141.33047110369864,Rural
USC00096126,32.1739,-82.5956,MT VERNON,11,0,0.0,156.64813828903945,Rural
USC00096219,31.2739,-81.9197,NAHUNTA 6NE,11,11,100.0,49.10865950129979,Coastal
USC00097171,31.6953,-82.9239,PRIDGEN,11,11,100.0,164.99675666571864,Rural
USC00097528,32.6319,-81.7722,ROCKY FORD 4SE,11,0,0.0,102.83281940446538,Rural
USC00097777,32.9744,-82.8045,SANDERSVILLE,11,0,0.0,224.52640204629495,Inland
USC00097808,31.3981,-81.2808,SAPELO IS,11,0,0.0,1.0805675933442458,Coastal
USC00098677,33.4506,-82.4822,THOMSON 1.5SE,11,0,0.0,217.79919622800477,Rural
USC00098703,31.4461,-83.4767,TIFTON,11,0,0.0,183.94543334186022,Rural
USC00099124,32.6094,-83.6164,WARNER ROBINS,11,0,0.0,283.4687112473292,Inland
USC00099194,33.0714,-82.0072,WAYNESBORO 2 S,11,0,0.0,146.33811450513934,Rural
USC00099486,33.9669,-83.2886,WINTERVILLE,11,5,45.45,330.9081259473312,Rural
USC00099502,30.9592,-81.7072,WOODBINE,11,11,100.0,20.996545258671176,Coastal
USC00380072,33.5506,-81.6969,AIKEN 2 E,11,3,27.27,163.75249301925516,Inland
USC00380184,33.4408,-79.5672,ANDREWS,11,0,0.0,33.876522542477595,Coastal
USC00380448,33.2872,-81.0506,BAMBERG,11,0,0.0,101.51267297633872,Rural
USC00380490,33.2547,-81.2361,BARNWELL 5 ENE,11,0,0.0,103.88112275148325,Rural
USC00380506,33.9,-81.5389,BATESBURG,11,0,0.0,196.40144537333865,Rural
USC00381093,33.5214,-79.0975,BROOKGREEN GARDENS,11,0,0.0,4.9760302472451405,Coastal
USC00381241,33.8083,-79.8567,CADES 4 W,11,0,0.0,87.38517708423804,Rural
USC00381726,33.6633,-82.1897,CLARKS HILL 1 W,11,0,0.0,210.66472323886484,Rural
USC00381944,33.9917,-81.0247,COLUMBIA UNIV OF SC,11,0,0.0,193.92880925357875,Inland
USC00382711,33.7858,-81.9314,EDGEFIELD 0.3SW,11,11,100.0,204.51853743853735,Rural
USC00382730,32.5042,-80.3247,EDISTO BEACH SP,11,11,100.0,1.6331945145640072,Coastal
USC00383470,33.3169,-79.3228,GEORGETOWN CO AP,11,5,45.45,2.905206537070777,Coastal
USC00383665,33.5683,-81.7394,GRANITEVILLE 3.9 ENE,11,5,45.45,168.41816343296364,Inland
USC00384205,33.3172,-80.4183,HOLLY HILL 1 SW,11,1,9.09,81.35999134935196,Rural
USC00384449,33.2886,-79.6914,JAMESTOWN,11,1,9.09,37.61596441724029,Coastal
USC00384607,33.7775,-81.8475,JOHNSTON 4 SW,11,0,0.0,198.26625082540411,Rural
USC00384886,33.8642,-79.7297,LAKE CITY 2 SE,11,2,18.18,81.9524405732867,Rural
USC00385493,33.6989,-80.1992,MANNING,11,0,0.0,112.20236864980768,Rural
USC00385660,33.9125,-82.2878,MCCORMICK,11,2,18.18,242.54438197563576,Rural
USC00385946,33.2425,-79.9869,MONCKS CORNER 4 N,11,0,0.0,51.87108959446311,Rural
USC00386153,33.7544,-78.8219,MYRTLE BEACH,11,1,9.09,1.7764939752725055,Coastal
USC00386299,33.6628,-81.0333,N 5NE,11,11,100.0,150.58979576748484,Rural
USC00386527,33.4889,-80.8742,ORANGEBURG 2,11,0,0.0,126.03186551676075,Inland
USC00386775,33.7717,-81.2581,PELION 0.8 NW,11,0,0.0,169.88423802448162,Rural
USC00387631,33.9919,-81.7714,SALUDA,11,0,0.0,218.6361996796891,Rural
USC00388405,32.7617,-79.8572,SULLIVANS IS,11,4,36.36,0.005352867691595983,Coastal
USC00388426,33.0367,-80.2325,SUMMERVILLE 4W,11,1,9.09,40.458609748207365,Coastal
USC00388440,33.935,-80.3478,SUMTER,11,0,0.0,141.9045521845649,Inland
USC00388474,33.7564,-81.0428,SWANSEA 3.5 NE,11,0,0.0,163.14654425640734,Rural
USC00388879,33.6397,-81.3722,WAGENER 1SW,11,0,0.0,157.1167679244605,Rural
USC00388922,32.885,-80.6761,WALTERBORO 1 SW,11,2,18.18,45.2607096469825,Coastal
USC00389469,32.7019,-80.8517,YEMASSEE 1 N,11,0,0.0,21.435272787111835,Coastal
USW00003728,33.1533,-79.3636,MCCLELLANVILLE 7 NE,11,0,0.0,2.5996149512871956,Coastal
USW00003813,32.6889,-83.6531,MACON MIDDLE GA RGNL AP,11,0,0.0,291.45545095259774,Rural
USW00003820,33.3653,-81.9636,AUGUSTA BUSH FLD AP,11,0,0.0,165.02335237928082,Inland
USW00003822,32.1314,-81.2022,SAVANNAH INTL AP,11,0,0.0,30.114451631109215,Coastal
USW00003853,30.4,-81.4167,MAYPORT PILOT STN,11,0,0.0,1.3523140541600367,Coastal
USW00012812,26.9183,-81.9939,PUNTA GORDA CHARLOTTE CO AP,11,0,0.0,4.624451134199147,Coastal
USW00012815,28.4183,-81.3242,ORLANDO INTL AP,11,0,0.0,61.62006472891976,Rural
USW00012816,29.6917,-82.2761,GAINESVILLE RGNL AP,11,0,0.0,88.19453855080229,Rural
USW00012818,28.4739,-82.4536,BROOKSVILLE HERNANDO CO AP,11,0,0.0,23.38048160694798,Coastal
USW00012819,28.8214,-81.8097,LEESBURG MUNI AP,11,0,0.0,91.44940489822955,Rural
USW00012833,29.6333,-83.1053,CROSS CITY AP,11,0,0.0,29.47351179959662,Coastal
USW00012834,29.1736,-81.0719,DAYTONA BEACH INTL AP,11,0,0.0,9.914208272370399,Coastal
USW00012835,26.585,-81.8614,FT MYERS PAGE FLD AP,11,0,0.0,3.5266983037581516,Coastal
USW00012838,28.0997,-80.6356,MELBOURNE INTL AP,11,0,0.0,3.4983037910406782,Coastal
USW00012841,28.5467,-81.3356,ORLANDO EXECUTIVE AP,11,0,0.0,58.323256369260974,Inland
USW00012842,27.9633,-82.54,TAMPA INTL AP,11,0,0.0,2.0678564370882206,Coastal
USW00012843,27.6553,-80.4142,VERO BEACH INTL AP,11,0,0.0,3.897692613270962,Coastal
USW00012844,26.685,-80.0992,W PALM BEACH INTL AP,11,0,0.0,7.2545204966034245,Coastal
USW00012849,26.0789,-80.1622,FT LAUDERDALE INTL AP,11,0,0.0,4.021828482501693,Coastal
USW00012854,28.7794,-81.2436,ORLANDO SANFORD AP,11,0,0.0,44.046039799900754,Coastal
USW00012861,29.1667,-82.2333,OCALA JIM TAYLOR FLD,11,0,0.0,56.95641808815076,Rural
USW00012871,27.4014,-82.5586,SARASOTA BRADENTON AP,11,0,0.0,1.851777866445063,Coastal
USW00012873,27.9125,-82.6856,ST PETERSBURG CLEARWATER INTL,11,0,0.0,0.4122641383231388,Coastal
USW00012876,28.0614,-81.7569,WINTER HAVEN GILBERT AP,11,0,0.0,76.21029470887042,Inland
USW00012883,28.0,-82.05,LAKELAND LINDER RGNL AP,11,0,0.0,42.678152617129484,Coastal
USW00012885,26.1992,-80.1778,FT LAUDERDALE EXECUTIVE AP,11,0,0.0,9.372351242963473,Coastal
USW00012894,26.5381,-81.7567,FT MYERS SW FLORIDA RGNL AP,11,0,0.0,14.98615422591773,Coastal
USW00012895,27.4981,-80.3764,FT PIERCE ST LUCIE CO INTL AP,11,0,0.0,3.982322335377889,Coastal
USW00012897,26.155,-81.7753,NAPLES MUNI AP,11,0,0.0,2.326173897658845,Coastal
USW00013717,33.6833,-78.9333,MYRTLE BEACH AFB,11,11,100.0,3.394621692758817,Coastal
USW00013782,32.775,-79.9239,DWTN CHARLESTON,11,0,0.0,1.5902336483659716,Coastal
USW00013837,33.4667,-82.0383,AUGUSTA DANIEL FLD AP,11,0,0.0,180.27835392926914,Inland
USW00013870,31.54,-82.5072,ALMA BACON CO AP,11,0,0.0,115.18150917239073,Rural
USW00013873,33.9478,-83.3272,ATHENS BEN EPPS AP,11,0,0.0,332.98528950606635,Inland
USW00013878,31.1528,-81.3906,BRUNSWICK-MCKINNON AP,11,0,0.0,1.3943446710220504,Coastal
USW00013880,32.8994,-80.0408,CHARLESTON INTL AP,11,0,0.0,12.532674943799165,Coastal
USW00013883,33.9486,-81.1183,COLUMBIA,11,0,0.0,189.84111135277874,Inland
USW00013889,30.4847,-81.7019,JACKSONVILLE,11,0,0.0,24.031962012123397,Coastal
USW00053854,33.4639,-80.8533,ORANGEBURG MUNI AP,11,0,0.0,122.6386175921518,Rural
USW00053860,30.3369,-81.5128,JACKSONVILLE CRAIG MUNI AP,11,0,0.0,12.990896597005648,Coastal
USW00053867,33.9719,-80.9939,COLUMBIA OWENS DWTN AP,11,0,0.0,189.71971495953122,Inland
USW00063803,33.9797,-83.9633,LAWRENCEVILLE AP,11,0,0.0,395.59058085471816,Inland
USW00063826,33.355,-81.3278,BLACKVILLE 3 W,11,0,0.0,120.30673700117221,Rural
USW00063850,33.7836,-83.3897,WATKINSVILLE 5 SSE,11,0,0.0,327.0911063635173,Rural
USW00063856,30.8078,-81.4597,BRUNSWICK 23 S,11,0,0.0,0.7207856512559856,Coastal
USW00063890,30.3503,-81.8761,JACKSONVILLE WHITEHOUSE NAVAL,11,0,0.0,49.045263576217636,Coastal
USW00092805,26.2464,-80.1111,POMPANO BEACH AIRPARK,11,0,0.0,2.9090283280269023,Coastal
USW00092806,27.7683,-82.6256,ST PETERSBURG ALBERT WHITTED A,11,0,0.0,0.27725089954975757,Coastal
USW00092814,29.9592,-81.3397,ST AUGUSTINE AP,11,0,0.0,4.445382715122781,Coastal
USW00092821,28.6158,-80.6928,TITUSVILLE 7 E,11,0,0.0,2.405030431077921,Coastal
USW00092827,27.1525,-81.3689,SEBRING 23 SSE,11,0,0.0,70.60653965392514,Rural
USW00093718,33.8161,-78.7206,N MYRTLE BEACH,11,0,0.0,1.8458210938040267,Coastal
USW00093831,32.4833,-80.7167,BEAUFORT MCAS,11,0,0.0,4.4416639892540255,Coastal
USW00093837,30.2333,-81.6667,JACKSONVILLE NAS,11,0,0.0,31.393674035156334,Coastal
USW00093845,30.7764,-83.2739,VALDOSTA RGNL AP,11,0,0.0,116.5233968689848,Rural
