Event,Before_mean_missing,After_mean_missing,Delta_mean_missing
Ian,32.05514037433156,29.772756977535735,-2.2823833967958223
