Date,ID,Value,Neighbor_Estimate,Residual,Robust_Z,Suspect
2012-10-25,US1CTFR0002,15,12.19,2.81,2.03,False
2012-10-25,US1CTFR0009,10,11.29,-1.29,0.08,False
2012-10-25,US1CTFR0020,15,8.22,6.78,3.91,True
2012-10-25,US1CTHR0005,0,1.23,-1.23,0.11,False
2012-10-25,US1CTHR0006,0,3.2,-3.2,-0.83,False
2012-10-25,US1CTHR0008,0,2.65,-2.65,-0.57,False
2012-10-25,US1CTMD0002,0,3.04,-3.04,-0.75,False
2012-10-25,US1CTMD0005,3,3.03,-0.03,0.68,False
2012-10-25,US1CTNH0009,0,6.47,-6.47,-2.38,False
2012-10-25,US1CTNH0013,0,6.28,-6.28,-2.29,False
2012-10-25,US1CTNH0014,5,6.27,-1.27,0.09,False
2012-10-25,US1CTNH0015,0,8.18,-8.18,-3.19,False
2012-10-25,US1CTNL0005,0,1.85,-1.85,-0.19,False
2012-10-25,US1MABE0003,5,5.52,-0.52,0.44,False
2012-10-25,US1MABE0005,3,5.36,-2.36,-0.43,False
2012-10-25,US1MAHD0009,0,0.67,-0.67,0.37,False
2012-10-25,US1MAHS0002,0,0.97,-0.97,0.23,False
2012-10-25,US1MAWR0118,0,0.15,-0.15,0.62,False
2012-10-25,US1NJAT0001,0,0.16,-0.16,0.61,False
2012-10-25,US1NJAT0002,0,0.17,-0.17,0.61,False
2012-10-25,US1NJAT0005,0,0.17,-0.17,0.61,False
2012-10-25,US1NJBG0002,10,6.45,3.55,2.38,False
2012-10-25,US1NJBG0003,10,6.51,3.49,2.35,False
2012-10-25,US1NJBG0010,13,6.74,6.26,3.66,True
2012-10-25,US1NJBG0015,3,5.58,-2.58,-0.53,False
2012-10-25,US1NJBG0017,10,6.8,3.2,2.21,False
2012-10-25,US1NJBG0018,0,6.09,-6.09,-2.2,False
2012-10-25,US1NJBG0023,10,8.2,1.8,1.54,False
2012-10-25,US1NJBG0029,8,8.18,-0.18,0.6,False
2012-10-25,US1NJBG0030,13,7.85,5.15,3.14,False
2012-10-25,US1NJBG0033,5,6.12,-1.12,0.16,False
2012-10-25,US1NJBT0003,0,1.21,-1.21,0.11,False
2012-10-25,US1NJBT0004,0,0.65,-0.65,0.38,False
2012-10-25,US1NJBT0005,0,0.3,-0.3,0.55,False
2012-10-25,US1NJBT0006,0,0.87,-0.87,0.28,False
2012-10-25,US1NJBT0007,0,1.44,-1.44,0.01,False
2012-10-25,US1NJBT0023,0,0.98,-0.98,0.23,False
2012-10-25,US1NJBT0025,0,0.43,-0.43,0.49,False
2012-10-25,US1NJBT0028,0,0.38,-0.38,0.51,False
2012-10-25,US1NJBT0029,0,0.47,-0.47,0.47,False
2012-10-25,US1NJBT0032,0,0.42,-0.42,0.49,False
2012-10-25,US1NJBT0035,0,0.8,-0.8,0.31,False
2012-10-25,US1NJBT0036,0,0.39,-0.39,0.5,False
2012-10-25,US1NJBT0037,0,0.83,-0.83,0.3,False
2012-10-25,US1NJBT0040,0,0.74,-0.74,0.34,False
2012-10-25,US1NJBT0045,0,0.98,-0.98,0.22,False
2012-10-25,US1NJCN0001,0,0.71,-0.71,0.35,False
2012-10-25,US1NJCN0005,0,0.17,-0.17,0.61,False
2012-10-25,US1NJCN0011,0,0.26,-0.26,0.57,False
2012-10-25,US1NJCN0015,0,0.27,-0.27,0.56,False
2012-10-25,US1NJCN0017,0,0.26,-0.26,0.57,False
2012-10-25,US1NJCN0019,5,0.33,4.67,2.91,False
2012-10-25,US1NJCN0020,0,0.2,-0.2,0.6,False
2012-10-25,US1NJES0011,8,6.31,1.69,1.5,False
2012-10-25,US1NJES0015,8,6.35,1.65,1.47,False
2012-10-25,US1NJES0018,13,6.15,6.85,3.95,True
2012-10-25,US1NJES0019,0,6.2,-6.2,-2.25,False
2012-10-25,US1NJES0020,0,5.96,-5.96,-2.14,False
2012-10-25,US1NJGL0001,0,0.17,-0.17,0.61,False
2012-10-25,US1NJGL0006,0,0.15,-0.15,0.62,False
2012-10-25,US1NJGL0011,0,0.18,-0.18,0.61,False
2012-10-25,US1NJGL0015,0,0.16,-0.16,0.61,False
2012-10-25,US1NJGL0017,0,0.15,-0.15,0.62,False
2012-10-25,US1NJGL0023,0,0.24,-0.24,0.58,False
2012-10-25,US1NJGL0024,0,0.17,-0.17,0.61,False
2012-10-25,US1NJGL0030,0,0.17,-0.17,0.61,False
2012-10-25,US1NJHD0002,3,5.47,-2.47,-0.48,False
2012-10-25,US1NJHN0001,3,4.6,-1.6,-0.07,False
2012-10-25,US1NJHN0003,0,3.53,-3.53,-0.99,False
2012-10-25,US1NJHN0004,0,3.18,-3.18,-0.82,False
2012-10-25,US1NJHN0005,0,2.78,-2.78,-0.63,False
2012-10-25,US1NJHN0007,3,3.84,-0.84,0.29,False
2012-10-25,US1NJHN0010,0,2.47,-2.47,-0.48,False
2012-10-25,US1NJHN0011,0,2.98,-2.98,-0.72,False
2012-10-25,US1NJHN0012,0,3.42,-3.42,-0.93,False
2012-10-25,US1NJHN0015,0,2.53,-2.53,-0.51,False
2012-10-25,US1NJHN0018,8,4.14,3.86,2.52,False
2012-10-25,US1NJHN0019,0,3.05,-3.05,-0.76,False
2012-10-25,US1NJHN0021,8,4.08,3.92,2.55,False
2012-10-25,US1NJHN0022,0,2.41,-2.41,-0.45,False
2012-10-25,US1NJHN0025,0,3.55,-3.55,-0.99,False
2012-10-25,US1NJHN0026,5,3.03,1.97,1.62,False
2012-10-25,US1NJHN0029,0,2.66,-2.66,-0.57,False
2012-10-25,US1NJMC0001,0,1.79,-1.79,-0.16,False
2012-10-25,US1NJMC0002,0,1.68,-1.68,-0.11,False
2012-10-25,US1NJMC0003,0,1.91,-1.91,-0.22,False
2012-10-25,US1NJMC0005,0,1.73,-1.73,-0.13,False
2012-10-25,US1NJMC0008,0,1.8,-1.8,-0.16,False
2012-10-25,US1NJMC0009,0,1.48,-1.48,-0.01,False
2012-10-25,US1NJMC0011,0,1.57,-1.57,-0.06,False
2012-10-25,US1NJMC0016,0,1.68,-1.68,-0.11,False
2012-10-25,US1NJMC0022,0,1.51,-1.51,-0.03,False
2012-10-25,US1NJMC0027,0,1.98,-1.98,-0.25,False
2012-10-25,US1NJMC0029,0,1.55,-1.55,-0.05,False
2012-10-25,US1NJMD0002,0,2.38,-2.38,-0.44,False
2012-10-25,US1NJMD0009,0,2.24,-2.24,-0.37,False
2012-10-25,US1NJMD0028,0,2.53,-2.53,-0.51,False
2012-10-25,US1NJMD0033,0,3.08,-3.08,-0.77,False
2012-10-25,US1NJMD0038,0,3.42,-3.42,-0.93,False
2012-10-25,US1NJMD0039,0,2.57,-2.57,-0.53,False
2012-10-25,US1NJMD0043,0,3.46,-3.46,-0.95,False
2012-10-25,US1NJMD0044,0,3.09,-3.09,-0.78,False
2012-10-25,US1NJMD0045,0,3.63,-3.63,-1.03,False
2012-10-25,US1NJMN0008,0,1.45,-1.45,0.0,False
2012-10-25,US1NJMN0010,0,2.0,-2.0,-0.26,False
2012-10-25,US1NJMN0017,0,1.81,-1.81,-0.17,False
2012-10-25,US1NJMN0019,0,1.8,-1.8,-0.16,False
2012-10-25,US1NJMN0020,0,1.35,-1.35,0.05,False
2012-10-25,US1NJMN0024,0,1.35,-1.35,0.05,False
2012-10-25,US1NJMN0032,0,2.22,-2.22,-0.36,False
2012-10-25,US1NJMN0042,0,1.64,-1.64,-0.09,False
2012-10-25,US1NJMN0044,0,1.66,-1.66,-0.1,False
2012-10-25,US1NJMN0048,0,1.46,-1.46,-0.0,False
2012-10-25,US1NJMN0051,0,1.64,-1.64,-0.09,False
2012-10-25,US1NJMN0052,0,1.95,-1.95,-0.23,False
2012-10-25,US1NJMN0055,0,2.04,-2.04,-0.28,False
2012-10-25,US1NJMN0058,0,2.16,-2.16,-0.33,False
2012-10-25,US1NJMS0002,10,4.5,5.5,3.3,False
2012-10-25,US1NJMS0003,15,5.63,9.37,5.14,True
2012-10-25,US1NJMS0006,5,6.65,-1.65,-0.09,False
2012-10-25,US1NJMS0011,8,6.68,1.32,1.32,False
2012-10-25,US1NJMS0014,15,7.09,7.91,4.45,True
2012-10-25,US1NJMS0015,15,5.25,9.75,5.32,True
2012-10-25,US1NJMS0018,10,8.12,1.88,1.58,False
2012-10-25,US1NJMS0019,5,4.73,0.27,0.82,False
2012-10-25,US1NJMS0021,5,5.92,-0.92,0.25,False
2012-10-25,US1NJMS0022,5,5.86,-0.86,0.28,False
2012-10-25,US1NJMS0023,5,6.33,-1.33,0.06,False
2012-10-25,US1NJMS0025,0,6.09,-6.09,-2.2,False
2012-10-25,US1NJMS0031,5,6.72,-1.72,-0.13,False
2012-10-25,US1NJMS0035,5,6.57,-1.57,-0.06,False
2012-10-25,US1NJMS0036,5,6.6,-1.6,-0.07,False
2012-10-25,US1NJMS0039,5,6.52,-1.52,-0.03,False
2012-10-25,US1NJMS0040,23,6.7,16.3,8.43,True
2012-10-25,US1NJMS0042,5,5.51,-0.51,0.45,False
2012-10-25,US1NJMS0049,10,6.9,3.1,2.16,False
2012-10-25,US1NJMS0050,8,5.53,2.47,1.86,False
2012-10-25,US1NJMS0051,8,6.02,1.98,1.63,False
2012-10-25,US1NJMS0054,8,5.75,2.25,1.76,False
2012-10-25,US1NJMS0061,0,5.43,-5.43,-1.89,False
2012-10-25,US1NJOC0001,0,1.18,-1.18,0.13,False
2012-10-25,US1NJOC0006,0,1.17,-1.17,0.14,False
2012-10-25,US1NJOC0008,0,0.97,-0.97,0.23,False
2012-10-25,US1NJOC0009,0,0.75,-0.75,0.34,False
2012-10-25,US1NJOC0012,0,0.1,-0.1,0.64,False
2012-10-25,US1NJOC0013,0,1.3,-1.3,0.08,False
2012-10-25,US1NJOC0017,0,0.62,-0.62,0.4,False
2012-10-25,US1NJOC0024,0,0.72,-0.72,0.35,False
2012-10-25,US1NJOC0036,0,0.12,-0.12,0.63,False
2012-10-25,US1NJOC0040,0,1.64,-1.64,-0.09,False
2012-10-25,US1NJOC0042,0,0.78,-0.78,0.32,False
2012-10-25,US1NJPS0004,8,7.07,0.93,1.13,False
2012-10-25,US1NJPS0005,0,7.58,-7.58,-2.91,False
2012-10-25,US1NJPS0012,5,6.53,-1.53,-0.04,False
2012-10-25,US1NJPS0014,10,6.14,3.86,2.53,False
2012-10-25,US1NJPS0016,5,9.5,-4.5,-1.45,False
2012-10-25,US1NJPS0019,10,6.9,3.1,2.16,False
2012-10-25,US1NJPS0021,10,8.4,1.6,1.45,False
2012-10-25,US1NJPS0022,10,8.01,1.99,1.63,False
2012-10-25,US1NJSL0002,0,0.15,-0.15,0.62,False
2012-10-25,US1NJSL0003,0,0.16,-0.16,0.62,False
2012-10-25,US1NJSM0001,0,2.21,-2.21,-0.36,False
2012-10-25,US1NJSM0002,8,4.8,3.2,2.21,False
2012-10-25,US1NJSM0003,0,2.36,-2.36,-0.43,False
2012-10-25,US1NJSM0004,10,4.56,5.44,3.27,False
2012-10-25,US1NJSM0005,0,3.41,-3.41,-0.93,False
2012-10-25,US1NJSM0011,3,3.92,-0.92,0.26,False
2012-10-25,US1NJSM0012,0,2.46,-2.46,-0.48,False
2012-10-25,US1NJSM0015,0,2.27,-2.27,-0.39,False
2012-10-25,US1NJSM0021,0,2.19,-2.19,-0.35,False
2012-10-25,US1NJSM0022,0,2.14,-2.14,-0.32,False
2012-10-25,US1NJSM0023,0,2.21,-2.21,-0.36,False
2012-10-25,US1NJSM0026,0,2.47,-2.47,-0.48,False
2012-10-25,US1NJSM0027,0,2.29,-2.29,-0.4,False
2012-10-25,US1NJSM0031,13,4.75,8.25,4.61,True
2012-10-25,US1NJSM0033,0,2.45,-2.45,-0.47,False
2012-10-25,US1NJSM0039,0,2.84,-2.84,-0.66,False
2012-10-25,US1NJSM0040,0,3.86,-3.86,-1.14,False
2012-10-25,US1NJSM0045,0,2.7,-2.7,-0.59,False
2012-10-25,US1NJSM0046,3,3.27,-0.27,0.56,False
2012-10-25,US1NJSM0049,0,2.85,-2.85,-0.67,False
2012-10-25,US1NJSM0050,0,3.12,-3.12,-0.79,False
2012-10-25,US1NJSS0001,5,7.41,-2.41,-0.46,False
2012-10-25,US1NJSS0007,13,8.79,4.21,2.69,False
2012-10-25,US1NJSS0020,8,10.37,-2.37,-0.44,False
2012-10-25,US1NJSS0027,5,8.2,-3.2,-0.83,False
2012-10-25,US1NJSS0028,5,11.22,-6.22,-2.27,False
2012-10-25,US1NJSS0029,10,7.41,2.59,1.92,False
2012-10-25,US1NJUN0010,23,5.33,17.67,9.08,True
2012-10-25,US1NJUN0014,3,5.2,-2.2,-0.35,False
2012-10-25,US1NJUN0017,10,5.25,4.75,2.95,False
2012-10-25,US1NJUN0018,23,5.64,17.36,8.94,True
2012-10-25,US1NJWR0001,0,3.56,-3.56,-1.0,False
2012-10-25,US1NJWR0004,5,6.7,-1.7,-0.12,False
2012-10-25,US1NJWR0005,5,5.63,-0.63,0.39,False
2012-10-25,US1NJWR0006,0,6.48,-6.48,-2.38,False
2012-10-25,US1NJWR0007,13,6.35,6.65,3.85,True
2012-10-25,US1NJWR0008,5,6.46,-1.46,-0.0,False
2012-10-25,US1NJWR0017,20,6.06,13.94,7.31,True
2012-10-25,US1NJWR0020,10,6.76,3.24,2.23,False
2012-10-25,US1NJWR0021,28,5.15,22.85,11.55,True
2012-10-25,US1NJWR0023,18,6.08,11.92,6.35,True
2012-10-25,US1NJWR0024,8,6.76,1.24,1.28,False
2012-10-25,US1NYCB0001,0,13.96,-13.96,-5.94,True
2012-10-25,US1NYCB0006,3,6.05,-3.05,-0.76,False
2012-10-25,US1NYDL0005,8,17.14,-9.14,-3.65,True
2012-10-25,US1NYDL0009,0,19.5,-19.5,-8.57,True
2012-10-25,US1NYDL0022,5,17.37,-12.37,-5.19,True
2012-10-25,US1NYDT0004,51,18.01,32.99,16.36,True
2012-10-25,US1NYDT0005,64,18.67,45.33,22.22,True
2012-10-25,US1NYDT0008,5,13.72,-8.72,-3.45,False
2012-10-25,US1NYDT0010,23,20.19,2.81,2.02,False
2012-10-25,US1NYDT0012,0,15.84,-15.84,-6.83,True
2012-10-25,US1NYGR0005,0,8.41,-8.41,-3.3,False
2012-10-25,US1NYGR0006,0,11.62,-11.62,-4.83,True
2012-10-25,US1NYGR0007,0,9.93,-9.93,-4.02,True
2012-10-25,US1NYNS0007,3,5.21,-2.21,-0.36,False
2012-10-25,US1NYOR0004,69,10.54,58.46,28.46,True
2012-10-25,US1NYPT0002,61,18.58,42.42,20.84,True
2012-10-25,US1NYPT0004,71,18.52,52.48,25.62,True
2012-10-25,US1NYQN0002,3,5.05,-2.05,-0.28,False
2012-10-25,US1NYRC0001,0,3.53,-3.53,-0.99,False
2012-10-25,US1NYRC0002,0,3.7,-3.7,-1.07,False
2012-10-25,US1NYRL0005,5,8.37,-3.37,-0.91,False
2012-10-25,US1NYSF0002,0,3.56,-3.56,-1.0,False
2012-10-25,US1NYSF0003,8,4.91,3.09,2.16,False
2012-10-25,US1NYSF0007,3,3.11,-0.11,0.64,False
2012-10-25,US1NYSF0016,5,7.49,-2.49,-0.49,False
2012-10-25,US1NYSF0017,0,5.3,-5.3,-1.83,False
2012-10-25,US1NYSF0019,18,3.89,14.11,7.39,True
2012-10-25,US1NYSF0024,5,5.1,-0.1,0.64,False
2012-10-25,US1NYSV0005,43,18.02,24.98,12.56,True
2012-10-25,US1NYSV0006,91,22.72,68.28,33.12,True
2012-10-25,US1NYSV0008,36,17.95,18.05,9.26,True
2012-10-25,US1NYUL0001,0,19.06,-19.06,-8.36,True
2012-10-25,US1NYUL0002,3,21.85,-18.85,-8.26,True
2012-10-25,US1NYUL0003,0,18.38,-18.38,-8.04,True
2012-10-25,US1NYUL0004,91,13.82,77.18,37.35,True
2012-10-25,US1NYUL0006,58,18.15,39.85,19.62,True
2012-10-25,US1NYUL0008,10,19.25,-9.25,-3.7,True
2012-10-25,US1NYUL0009,43,18.6,24.4,12.28,True
2012-10-25,US1NYWC0006,36,11.28,24.72,12.43,True
2012-10-25,US1NYWC0007,10,15.65,-5.65,-1.99,False
2012-10-25,US1NYWC0011,8,12.36,-4.36,-1.38,False
2012-10-25,US1PABK0004,0,1.84,-1.84,-0.18,False
2012-10-25,US1PABK0005,0,1.59,-1.59,-0.07,False
2012-10-25,US1PABK0013,0,1.24,-1.24,0.1,False
2012-10-25,US1PABK0015,0,1.63,-1.63,-0.09,False
2012-10-25,US1PABK0018,0,1.5,-1.5,-0.02,False
2012-10-25,US1PABK0026,0,1.56,-1.56,-0.05,False
2012-10-25,US1PADL0009,0,0.25,-0.25,0.57,False
2012-10-25,US1PAMN0007,3,6.81,-3.81,-1.12,False
2012-10-25,US1PAMN0008,5,6.99,-1.99,-0.26,False
2012-10-25,US1PAMN0009,0,7.59,-7.59,-2.91,False
2012-10-25,US1PAMT0006,0,1.31,-1.31,0.07,False
2012-10-25,US1PAMT0007,0,1.05,-1.05,0.19,False
2012-10-25,US1PAMT0013,0,0.94,-0.94,0.25,False
2012-10-25,US1PAMT0016,0,0.95,-0.95,0.24,False
2012-10-25,US1PAMT0020,0,0.85,-0.85,0.29,False
2012-10-25,US1PAMT0022,0,0.9,-0.9,0.26,False
2012-10-25,US1PAMT0027,0,1.03,-1.03,0.2,False
2012-10-25,US1PAMT0038,3,0.98,2.02,1.65,False
2012-10-25,US1PAMT0048,0,0.7,-0.7,0.36,False
2012-10-25,US1PAMT0051,0,0.94,-0.94,0.24,False
2012-10-25,US1PAMT0056,0,1.19,-1.19,0.13,False
2012-10-25,US1PAMT0063,3,1.22,1.78,1.54,False
2012-10-25,US1PAMT0064,0,0.86,-0.86,0.28,False
2012-10-25,US1PAMT0065,0,0.92,-0.92,0.25,False
2012-10-25,US1PAMT0067,0,1.21,-1.21,0.12,False
2012-10-25,US1PAMT0072,0,0.93,-0.93,0.25,False
2012-10-25,US1PANH0001,0,4.68,-4.68,-1.53,False
2012-10-25,US1PANH0005,3,3.14,-0.14,0.63,False
2012-10-25,US1PANH0009,10,3.08,6.92,3.98,True
2012-10-25,US1PANH0010,0,3.11,-3.11,-0.79,False
2012-10-25,US1PAPH0002,0,0.95,-0.95,0.24,False
2012-10-25,US1PAPH0004,0,0.93,-0.93,0.25,False
2012-10-25,US1PAPH0006,0,0.76,-0.76,0.33,False
2012-10-25,US1PAPH0008,0,0.73,-0.73,0.34,False
2012-10-25,US1PAPK0004,8,15.81,-7.81,-3.02,False
2012-10-25,US1PAPK0014,15,13.72,1.28,1.3,False
2012-10-25,US1PASS0006,20,21.59,-1.59,-0.06,False
2012-10-25,US1PAWN0004,15,14.13,0.87,1.11,False
2012-10-25,US1PAWN0008,15,20.7,-5.7,-2.02,False
2012-10-25,US1PAWN0010,0,25.8,-25.8,-11.56,True
2012-10-25,US1PAWN0012,18,21.91,-3.91,-1.17,False
2012-10-25,US1PAWN0013,10,15.5,-5.5,-1.92,False
2012-10-25,US1PAWN0026,20,19.03,0.97,1.15,False
2012-10-25,US1PAWN0035,15,19.34,-4.34,-1.37,False
2012-10-25,US1PAWN0037,61,18.49,42.51,20.88,True
2012-10-25,US1PAWN0038,13,17.6,-4.6,-1.49,False
2012-10-25,US1PAWN0042,33,28.43,4.57,2.86,False
2012-10-25,US1PAWN0044,13,27.88,-14.88,-6.38,True
2012-10-25,USC00060128,0,7.08,-7.08,-2.67,False
2012-10-25,USC00060227,0,5.94,-5.94,-2.13,False
2012-10-25,USC00060299,0,5.45,-5.45,-1.9,False
2012-10-25,USC00060808,5,7.54,-2.54,-0.52,False
2012-10-25,USC00060961,10,12.82,-2.82,-0.65,False
2012-10-25,USC00060973,0,5.68,-5.68,-2.01,False
2012-10-25,USC00061508,0,5.72,-5.72,-2.03,False
2012-10-25,USC00062658,3,9.23,-6.23,-2.27,False
2012-10-25,USC00063420,0,0.2,-0.2,0.6,False
2012-10-25,USC00065445,0,7.29,-7.29,-2.77,False
2012-10-25,USC00065910,0,0.92,-0.92,0.25,False
2012-10-25,USC00066655,0,8.77,-8.77,-3.48,False
2012-10-25,USC00066966,5,12.16,-7.16,-2.71,False
2012-10-25,USC00067373,25,9.45,15.55,8.08,True
2012-10-25,USC00067432,0,5.06,-5.06,-1.71,False
2012-10-25,USC00067958,0,0.51,-0.51,0.45,False
2012-10-25,USC00067970,5,9.35,-4.35,-1.38,False
2012-10-25,USC00068065,23,7.12,15.88,8.23,True
2012-10-25,USC00068138,0,0.75,-0.75,0.33,False
2012-10-25,USC00068330,5,7.12,-2.12,-0.32,False
2012-10-25,USC00068436,0,7.22,-7.22,-2.74,False
2012-10-25,USC00190120,0,0.47,-0.47,0.47,False
2012-10-25,USC00190408,0,0.0,0.0,0.69,False
2012-10-25,USC00190562,0,0.23,-0.23,0.58,False
2012-10-25,USC00192107,0,0.16,-0.16,0.62,False
2012-10-25,USC00193172,0,2.45,-2.45,-0.47,False
2012-10-25,USC00193213,0,6.96,-6.96,-2.61,False
2012-10-25,USC00193402,0,0.1,-0.1,0.64,False
2012-10-25,USC00194131,0,5.07,-5.07,-1.72,False
2012-10-25,USC00194154,0,0.18,-0.18,0.61,False
2012-10-25,USC00197627,0,0.16,-0.16,0.62,False
2012-10-25,USC00198278,0,0.18,-0.18,0.61,False
2012-10-25,USC00198793,0,0.18,-0.18,0.61,False
2012-10-25,USC00199193,0,1.27,-1.27,0.09,False
2012-10-25,USC00199371,0,6.18,-6.18,-2.25,False
2012-10-25,USC00199972,0,2.0,-2.0,-0.26,False
2012-10-25,USC00280331,5,0.1,4.9,3.02,False
2012-10-25,USC00280734,23,5.82,17.18,8.85,True
2012-10-25,USC00280847,0,2.18,-2.18,-0.34,False
2012-10-25,USC00280907,5,6.74,-1.74,-0.13,False
2012-10-25,USC00280927,0,2.9,-2.9,-0.69,False
2012-10-25,USC00280990,0,0.14,-0.14,0.63,False
2012-10-25,USC00281327,10,9.09,0.91,1.12,False
2012-10-25,USC00281335,18,6.5,11.5,6.15,True
2012-10-25,USC00281582,10,8.13,1.87,1.58,False
2012-10-25,USC00282023,3,5.57,-2.57,-0.53,False
2012-10-25,USC00283029,0,2.87,-2.87,-0.67,False
2012-10-25,USC00283181,0,2.25,-2.25,-0.38,False
2012-10-25,USC00283662,0,0.18,-0.18,0.61,False
2012-10-25,USC00283704,5,5.37,-0.37,0.52,False
2012-10-25,USC00283951,0,1.89,-1.89,-0.21,False
2012-10-25,USC00284229,0,0.34,-0.34,0.53,False
2012-10-25,USC00284635,0,2.01,-2.01,-0.26,False
2012-10-25,USC00284987,0,1.46,-1.46,-0.0,False
2012-10-25,USC00285728,0,0.65,-0.65,0.38,False
2012-10-25,USC00286055,0,2.45,-2.45,-0.47,False
2012-10-25,USC00286146,0,7.35,-7.35,-2.8,False
2012-10-25,USC00286460,13,8.22,4.78,2.96,False
2012-10-25,USC00286864,0,0.75,-0.75,0.34,False
2012-10-25,USC00286964,0,1.02,-1.02,0.2,False
2012-10-25,USC00286979,0,4.0,-4.0,-1.21,False
2012-10-25,USC00287301,8,4.62,3.38,2.3,False
2012-10-25,USC00287486,0,3.25,-3.25,-0.85,False
2012-10-25,USC00288173,0,0.3,-0.3,0.55,False
2012-10-25,USC00288644,8,10.07,-2.07,-0.29,False
2012-10-25,USC00289187,0,8.37,-8.37,-3.29,False
2012-10-25,USC00289363,0,2.33,-2.33,-0.41,False
2012-10-25,USC00289832,0,7.82,-7.82,-3.02,False
2012-10-25,USC00300063,0,8.5,-8.5,-3.35,False
2012-10-25,USC00300254,5,20.82,-15.82,-6.82,True
2012-10-25,USC00300364,3,3.78,-0.78,0.32,False
2012-10-25,USC00300732,23,17.73,5.27,3.19,False
2012-10-25,USC00300889,0,2.88,-2.88,-0.68,False
2012-10-25,USC00300961,0,6.08,-6.08,-2.2,False
2012-10-25,USC00301102,64,23.1,40.9,20.12,True
2012-10-25,USC00301211,20,14.69,5.31,3.21,False
2012-10-25,USC00301309,8,6.92,1.08,1.2,False
2012-10-25,USC00302169,20,20.93,-0.93,0.25,False
2012-10-25,USC00302366,5,16.02,-11.02,-4.54,True
2012-10-25,USC00302454,3,17.04,-14.04,-5.98,True
2012-10-25,USC00302582,71,18.01,52.99,25.86,True
2012-10-25,USC00304575,5,15.8,-10.8,-4.44,True
2012-10-25,USC00304731,51,21.44,29.56,14.73,True
2012-10-25,USC00305113,5,16.52,-11.52,-4.78,True
2012-10-25,USC00305142,0,3.48,-3.48,-0.96,False
2012-10-25,USC00305426,30,19.94,10.06,5.47,True
2012-10-25,USC00305606,13,5.51,7.49,4.25,True
2012-10-25,USC00306217,13,14.41,-1.41,0.02,False
2012-10-25,USC00306570,13,18.58,-5.58,-1.96,False
2012-10-25,USC00306649,10,17.05,-7.05,-2.66,False
2012-10-25,USC00306774,8,13.1,-5.1,-1.73,False
2012-10-25,USC00306820,15,18.32,-3.32,-0.89,False
2012-10-25,USC00307035,15,15.92,-0.92,0.25,False
2012-10-25,USC00307134,0,3.98,-3.98,-1.2,False
2012-10-25,USC00307210,10,19.26,-9.26,-3.71,True
2012-10-25,USC00307633,0,6.85,-6.85,-2.56,False
2012-10-25,USC00307799,8,20.1,-12.1,-5.06,True
2012-10-25,USC00308670,3,16.68,-13.68,-5.81,True
2012-10-25,USC00308721,0,5.87,-5.87,-2.1,False
2012-10-25,USC00308932,13,19.57,-6.57,-2.43,False
2012-10-25,USC00309292,0,15.26,-15.26,-6.56,True
2012-10-25,USC00309670,23,11.25,11.75,6.27,True
2012-10-25,USC00361737,0,0.76,-0.76,0.33,False
2012-10-25,USC00362671,64,24.01,39.99,19.69,True
2012-10-25,USC00363437,0,0.9,-0.9,0.26,False
2012-10-25,USC00363488,0,1.38,-1.38,0.04,False
2012-10-25,USC00363758,10,14.98,-4.98,-1.68,False
2012-10-25,USC00365390,0,0.25,-0.25,0.57,False
2012-10-25,USC00365738,25,20.94,4.06,2.62,False
2012-10-25,USC00366194,0,1.23,-1.23,0.11,False
2012-10-25,USC00366370,0,0.81,-0.81,0.31,False
2012-10-25,USC00366886,0,0.69,-0.69,0.37,False
2012-10-25,USC00366927,0,0.82,-0.82,0.3,False
2012-10-25,USC00367029,33,28.43,4.57,2.86,False
2012-10-25,USC00367186,18,18.43,-0.43,0.49,False
2012-10-25,USC00367938,0,1.62,-1.62,-0.08,False
2012-10-25,USC00368400,3,2.72,0.28,0.82,False
2012-10-25,USC00368596,3,7.02,-4.02,-1.22,False
2012-10-25,USW00004781,0,5.2,-5.2,-1.78,False
2012-10-25,USW00004789,8,16.91,-8.91,-3.54,True
2012-10-25,USW00013739,0,0.32,-0.32,0.54,False
2012-10-25,USW00014707,0,1.74,-1.74,-0.14,False
2012-10-25,USW00014719,0,4.15,-4.15,-1.28,False
2012-10-25,USW00014732,0,5.49,-5.49,-1.92,False
2012-10-25,USW00014734,0,5.13,-5.13,-1.75,False
2012-10-25,USW00014737,0,3.36,-3.36,-0.91,False
2012-10-25,USW00014740,0,1.53,-1.53,-0.04,False
2012-10-25,USW00014752,0,2.33,-2.33,-0.42,False
2012-10-25,USW00014757,25,21.1,3.9,2.54,False
2012-10-25,USW00014758,0,5.92,-5.92,-2.12,False
2012-10-25,USW00014763,0,3.22,-3.22,-0.84,False
2012-10-25,USW00014775,0,1.01,-1.01,0.21,False
2012-10-25,USW00014792,0,1.57,-1.57,-0.06,False
2012-10-25,USW00054734,8,12.24,-4.24,-1.32,False
2012-10-25,USW00054743,0,6.26,-6.26,-2.28,False
2012-10-25,USW00054767,0,0.7,-0.7,0.36,False
2012-10-25,USW00054779,3,7.57,-4.57,-1.48,False
2012-10-25,USW00054785,3,3.06,-0.06,0.66,False
2012-10-25,USW00054786,0,1.73,-1.73,-0.13,False
2012-10-25,USW00054787,0,5.63,-5.63,-1.98,False
2012-10-25,USW00054788,0,5.69,-5.69,-2.01,False
2012-10-25,USW00054789,0,9.31,-9.31,-3.73,True
2012-10-25,USW00054790,10,4.82,5.18,3.15,False
2012-10-25,USW00054793,8,10.0,-2.0,-0.26,False
2012-10-25,USW00064756,0,14.85,-14.85,-6.36,True
2012-10-25,USW00093780,0,0.71,-0.71,0.36,False
2012-10-25,USW00094702,0,7.15,-7.15,-2.7,False
2012-10-25,USW00094728,0,5.58,-5.58,-1.96,False
2012-10-25,USW00094732,0,1.11,-1.11,0.16,False
2012-10-25,USW00094741,0,6.31,-6.31,-2.31,False
2012-10-25,USW00094745,0,8.49,-8.49,-3.34,False
2012-10-25,USW00094789,0,4.63,-4.63,-1.51,False
2012-10-26,US1CTFR0002,0,1.36,-1.36,-0.63,False
2012-10-26,US1CTFR0009,0,1.3,-1.3,-0.57,False
2012-10-26,US1CTFR0020,0,1.79,-1.79,-1.1,False
2012-10-26,US1CTHR0005,0,0.25,-0.25,0.57,False
2012-10-26,US1CTHR0006,0,0.52,-0.52,0.28,False
2012-10-26,US1CTHR0008,0,0.27,-0.27,0.54,False
2012-10-26,US1CTMD0002,0,0.61,-0.61,0.18,False
2012-10-26,US1CTMD0005,0,0.69,-0.69,0.09,False
2012-10-26,US1CTNH0009,0,1.55,-1.55,-0.84,False
2012-10-26,US1CTNH0013,0,1.23,-1.23,-0.49,False
2012-10-26,US1CTNH0014,0,0.64,-0.64,0.14,False
2012-10-26,US1CTNH0015,0,1.13,-1.13,-0.38,False
2012-10-26,US1MABE0003,0,0.78,-0.78,-0.01,False
2012-10-26,US1MABE0005,0,0.62,-0.62,0.17,False
2012-10-26,US1MAHD0009,0,0.27,-0.27,0.55,False
2012-10-26,US1MAHS0002,0,0.37,-0.37,0.44,False
2012-10-26,US1MAWR0118,0,0.0,0.0,0.84,False
2012-10-26,US1NJAT0001,0,0.1,-0.1,0.73,False
2012-10-26,US1NJAT0002,0,0.1,-0.1,0.73,False
2012-10-26,US1NJAT0005,0,0.09,-0.09,0.74,False
2012-10-26,US1NJBG0002,0,2.11,-2.11,-1.45,False
2012-10-26,US1NJBG0003,0,2.45,-2.45,-1.82,False
2012-10-26,US1NJBG0015,0,1.36,-1.36,-0.64,False
2012-10-26,US1NJBG0017,0,2.53,-2.53,-1.9,False
2012-10-26,US1NJBG0018,0,1.78,-1.78,-1.09,False
2012-10-26,US1NJBG0023,0,2.13,-2.13,-1.47,False
2012-10-26,US1NJBG0029,0,2.03,-2.03,-1.36,False
2012-10-26,US1NJBG0030,3,1.8,1.2,2.14,False
2012-10-26,US1NJBG0033,0,1.66,-1.66,-0.96,False
2012-10-26,US1NJBT0003,0,0.5,-0.5,0.3,False
2012-10-26,US1NJBT0004,0,0.28,-0.28,0.54,False
2012-10-26,US1NJBT0005,0,0.22,-0.22,0.6,False
2012-10-26,US1NJBT0006,0,0.41,-0.41,0.39,False
2012-10-26,US1NJBT0007,0,0.51,-0.51,0.28,False
2012-10-26,US1NJBT0023,0,0.45,-0.45,0.35,False
2012-10-26,US1NJBT0025,0,0.15,-0.15,0.68,False
2012-10-26,US1NJBT0028,0,0.24,-0.24,0.58,False
2012-10-26,US1NJBT0029,0,0.24,-0.24,0.57,False
2012-10-26,US1NJBT0032,0,0.23,-0.23,0.59,False
2012-10-26,US1NJBT0035,0,0.32,-0.32,0.49,False
2012-10-26,US1NJBT0037,0,0.35,-0.35,0.46,False
2012-10-26,US1NJBT0040,0,0.28,-0.28,0.54,False
2012-10-26,US1NJBT0045,0,0.39,-0.39,0.42,False
2012-10-26,US1NJCN0001,0,0.55,-0.55,0.25,False
2012-10-26,US1NJCN0005,0,0.14,-0.14,0.69,False
2012-10-26,US1NJCN0011,0,0.24,-0.24,0.58,False
2012-10-26,US1NJCN0015,0,0.24,-0.24,0.58,False
2012-10-26,US1NJCN0017,0,0.24,-0.24,0.58,False
2012-10-26,US1NJCN0019,0,0.36,-0.36,0.45,False
2012-10-26,US1NJCN0020,0,0.21,-0.21,0.62,False
2012-10-26,US1NJES0011,0,1.43,-1.43,-0.71,False
2012-10-26,US1NJES0015,0,1.47,-1.47,-0.75,False
2012-10-26,US1NJES0018,0,1.18,-1.18,-0.44,False
2012-10-26,US1NJES0019,0,1.48,-1.48,-0.76,False
2012-10-26,US1NJES0020,0,1.37,-1.37,-0.65,False
2012-10-26,US1NJGL0001,0,0.19,-0.19,0.63,False
2012-10-26,US1NJGL0006,0,0.11,-0.11,0.72,False
2012-10-26,US1NJGL0011,0,0.17,-0.17,0.66,False
2012-10-26,US1NJGL0015,0,0.14,-0.14,0.68,False
2012-10-26,US1NJGL0023,0,0.28,-0.28,0.54,False
2012-10-26,US1NJGL0024,0,0.15,-0.15,0.68,False
2012-10-26,US1NJGL0030,0,0.16,-0.16,0.66,False
2012-10-26,US1NJHD0002,0,1.29,-1.29,-0.56,False
2012-10-26,US1NJHN0001,3,1.95,1.05,1.98,False
2012-10-26,US1NJHN0003,3,1.65,1.35,2.3,False
2012-10-26,US1NJHN0004,0,1.56,-1.56,-0.85,False
2012-10-26,US1NJHN0005,0,1.28,-1.28,-0.55,False
2012-10-26,US1NJHN0007,5,1.7,3.3,4.41,True
2012-10-26,US1NJHN0010,0,1.09,-1.09,-0.35,False
2012-10-26,US1NJHN0011,0,1.24,-1.24,-0.51,False
2012-10-26,US1NJHN0012,5,1.74,3.26,4.37,True
2012-10-26,US1NJHN0015,0,1.14,-1.14,-0.4,False
2012-10-26,US1NJHN0018,5,1.96,3.04,4.13,True
2012-10-26,US1NJHN0019,0,1.56,-1.56,-0.85,False
2012-10-26,US1NJHN0021,5,1.94,3.06,4.16,True
2012-10-26,US1NJHN0022,0,1.03,-1.03,-0.27,False
2012-10-26,US1NJHN0025,5,1.55,3.45,4.58,True
2012-10-26,US1NJHN0026,0,1.5,-1.5,-0.79,False
2012-10-26,US1NJHN0029,0,1.17,-1.17,-0.43,False
2012-10-26,US1NJHN0031,0,1.26,-1.26,-0.52,False
2012-10-26,US1NJMC0001,0,0.79,-0.79,-0.02,False
2012-10-26,US1NJMC0002,0,0.55,-0.55,0.24,False
2012-10-26,US1NJMC0003,0,0.8,-0.8,-0.03,False
2012-10-26,US1NJMC0005,0,0.74,-0.74,0.03,False
2012-10-26,US1NJMC0008,0,0.68,-0.68,0.1,False
2012-10-26,US1NJMC0009,0,0.51,-0.51,0.28,False
2012-10-26,US1NJMC0011,0,0.57,-0.57,0.22,False
2012-10-26,US1NJMC0016,0,0.54,-0.54,0.26,False
2012-10-26,US1NJMC0022,0,0.52,-0.52,0.28,False
2012-10-26,US1NJMC0027,0,0.9,-0.9,-0.14,False
2012-10-26,US1NJMC0029,0,0.56,-0.56,0.23,False
2012-10-26,US1NJMD0002,0,0.84,-0.84,-0.07,False
2012-10-26,US1NJMD0009,0,0.84,-0.84,-0.07,False
2012-10-26,US1NJMD0028,0,0.82,-0.82,-0.05,False
2012-10-26,US1NJMD0033,0,0.85,-0.85,-0.08,False
2012-10-26,US1NJMD0038,0,0.95,-0.95,-0.19,False
2012-10-26,US1NJMD0039,0,0.83,-0.83,-0.06,False
2012-10-26,US1NJMD0043,0,0.95,-0.95,-0.19,False
2012-10-26,US1NJMD0044,0,0.84,-0.84,-0.07,False
2012-10-26,US1NJMD0045,0,0.96,-0.96,-0.21,False
2012-10-26,US1NJMN0006,0,0.76,-0.76,0.01,False
2012-10-26,US1NJMN0008,0,0.52,-0.52,0.28,False
2012-10-26,US1NJMN0010,0,0.65,-0.65,0.14,False
2012-10-26,US1NJMN0015,0,0.85,-0.85,-0.08,False
2012-10-26,US1NJMN0017,0,0.68,-0.68,0.1,False
2012-10-26,US1NJMN0019,0,0.59,-0.59,0.2,False
2012-10-26,US1NJMN0020,0,0.48,-0.48,0.32,False
2012-10-26,US1NJMN0024,0,0.48,-0.48,0.32,False
2012-10-26,US1NJMN0032,0,0.74,-0.74,0.04,False
2012-10-26,US1NJMN0042,0,0.61,-0.61,0.18,False
2012-10-26,US1NJMN0048,0,0.46,-0.46,0.34,False
2012-10-26,US1NJMN0051,0,0.75,-0.75,0.03,False
2012-10-26,US1NJMN0052,0,0.77,-0.77,0.01,False
2012-10-26,US1NJMN0055,0,0.74,-0.74,0.04,False
2012-10-26,US1NJMN0058,0,0.8,-0.8,-0.02,False
2012-10-26,US1NJMS0002,0,1.15,-1.15,-0.4,False
2012-10-26,US1NJMS0003,5,1.73,3.27,4.38,True
2012-10-26,US1NJMS0006,3,1.75,1.25,2.19,False
2012-10-26,US1NJMS0011,0,1.63,-1.63,-0.93,False
2012-10-26,US1NJMS0014,0,1.36,-1.36,-0.64,False
2012-10-26,US1NJMS0015,3,1.79,1.21,2.15,False
2012-10-26,US1NJMS0018,0,1.91,-1.91,-1.23,False
2012-10-26,US1NJMS0019,0,1.16,-1.16,-0.42,False
2012-10-26,US1NJMS0021,5,1.92,3.08,4.18,True
2012-10-26,US1NJMS0022,5,2.24,2.76,3.83,True
2012-10-26,US1NJMS0023,5,1.9,3.1,4.2,True
2012-10-26,US1NJMS0025,5,1.98,3.02,4.11,True
2012-10-26,US1NJMS0031,0,1.7,-1.7,-1.01,False
2012-10-26,US1NJMS0035,0,1.76,-1.76,-1.07,False
2012-10-26,US1NJMS0036,3,1.5,1.5,2.46,False
2012-10-26,US1NJMS0040,0,1.34,-1.34,-0.61,False
2012-10-26,US1NJMS0042,3,2.25,0.75,1.65,False
2012-10-26,US1NJMS0047,5,1.52,3.48,4.61,True
2012-10-26,US1NJMS0049,0,1.47,-1.47,-0.76,False
2012-10-26,US1NJMS0050,3,1.75,1.25,2.19,False
2012-10-26,US1NJMS0051,0,2.15,-2.15,-1.49,False
2012-10-26,US1NJMS0054,8,2.05,5.95,7.29,True
2012-10-26,US1NJMS0061,3,2.03,0.97,1.89,False
2012-10-26,US1NJOC0001,0,0.23,-0.23,0.59,False
2012-10-26,US1NJOC0006,0,0.22,-0.22,0.6,False
2012-10-26,US1NJOC0008,0,0.13,-0.13,0.7,False
2012-10-26,US1NJOC0012,0,0.06,-0.06,0.77,False
2012-10-26,US1NJOC0013,0,0.24,-0.24,0.58,False
2012-10-26,US1NJOC0017,0,0.06,-0.06,0.77,False
2012-10-26,US1NJOC0024,0,0.1,-0.1,0.73,False
2012-10-26,US1NJOC0036,0,0.07,-0.07,0.77,False
2012-10-26,US1NJOC0040,0,0.47,-0.47,0.33,False
2012-10-26,US1NJOC0042,0,0.1,-0.1,0.73,False
2012-10-26,US1NJPS0004,0,2.16,-2.16,-1.5,False
2012-10-26,US1NJPS0005,0,1.95,-1.95,-1.27,False
2012-10-26,US1NJPS0012,0,1.52,-1.52,-0.81,False
2012-10-26,US1NJPS0014,0,1.92,-1.92,-1.25,False
2012-10-26,US1NJPS0016,0,2.17,-2.17,-1.51,False
2012-10-26,US1NJPS0019,3,1.67,1.33,2.28,False
2012-10-26,US1NJPS0021,3,1.95,1.05,1.97,False
2012-10-26,US1NJPS0022,0,2.11,-2.11,-1.45,False
2012-10-26,US1NJSL0002,0,0.14,-0.14,0.69,False
2012-10-26,US1NJSL0003,0,0.13,-0.13,0.7,False
2012-10-26,US1NJSM0001,0,0.82,-0.82,-0.05,False
2012-10-26,US1NJSM0002,0,1.21,-1.21,-0.47,False
2012-10-26,US1NJSM0003,0,0.81,-0.81,-0.03,False
2012-10-26,US1NJSM0004,0,1.25,-1.25,-0.52,False
2012-10-26,US1NJSM0005,0,1.12,-1.12,-0.37,False
2012-10-26,US1NJSM0011,3,1.18,1.82,2.81,False
2012-10-26,US1NJSM0012,0,0.82,-0.82,-0.05,False
2012-10-26,US1NJSM0015,0,0.94,-0.94,-0.17,False
2012-10-26,US1NJSM0021,0,0.88,-0.88,-0.11,False
2012-10-26,US1NJSM0022,0,0.86,-0.86,-0.1,False
2012-10-26,US1NJSM0026,0,0.82,-0.82,-0.05,False
2012-10-26,US1NJSM0027,0,0.98,-0.98,-0.22,False
2012-10-26,US1NJSM0033,3,0.93,2.07,3.08,False
2012-10-26,US1NJSM0039,0,0.92,-0.92,-0.15,False
2012-10-26,US1NJSM0040,0,1.05,-1.05,-0.3,False
2012-10-26,US1NJSM0045,0,1.03,-1.03,-0.28,False
2012-10-26,US1NJSM0046,0,1.12,-1.12,-0.37,False
2012-10-26,US1NJSM0049,0,1.05,-1.05,-0.3,False
2012-10-26,US1NJSM0050,0,1.17,-1.17,-0.43,False
2012-10-26,US1NJSS0001,3,2.03,0.97,1.89,False
2012-10-26,US1NJSS0007,5,2.06,2.94,4.03,True
2012-10-26,US1NJSS0020,3,2.57,0.43,1.3,False
2012-10-26,US1NJSS0027,3,2.15,0.85,1.76,False
2012-10-26,US1NJSS0028,0,2.35,-2.35,-1.71,False
2012-10-26,US1NJSS0029,3,2.04,0.96,1.88,False
2012-10-26,US1NJUN0010,0,1.2,-1.2,-0.46,False
2012-10-26,US1NJUN0014,0,1.0,-1.0,-0.24,False
2012-10-26,US1NJUN0017,0,1.0,-1.0,-0.24,False
2012-10-26,US1NJUN0018,0,1.14,-1.14,-0.4,False
2012-10-26,US1NJWR0001,3,1.92,1.08,2.01,False
2012-10-26,US1NJWR0004,0,2.42,-2.42,-1.78,False
2012-10-26,US1NJWR0005,0,2.2,-2.2,-1.54,False
2012-10-26,US1NJWR0006,0,2.24,-2.24,-1.59,False
2012-10-26,US1NJWR0007,5,2.24,2.76,3.83,True
2012-10-26,US1NJWR0008,5,2.1,2.9,3.98,True
2012-10-26,US1NJWR0017,5,2.29,2.71,3.77,True
2012-10-26,US1NJWR0020,5,2.35,2.65,3.71,True
2012-10-26,US1NJWR0021,5,2.14,2.86,3.93,True
2012-10-26,US1NJWR0022,5,2.15,2.85,3.92,True
2012-10-26,US1NJWR0023,8,2.11,5.89,7.22,True
2012-10-26,US1NJWR0024,5,2.15,2.85,3.93,True
2012-10-26,US1NYCB0001,0,1.7,-1.7,-1.01,False
2012-10-26,US1NYCB0006,0,1.08,-1.08,-0.33,False
2012-10-26,US1NYDL0005,0,1.71,-1.71,-1.01,False
2012-10-26,US1NYDL0009,0,1.86,-1.86,-1.18,False
2012-10-26,US1NYDL0022,0,1.83,-1.83,-1.14,False
2012-10-26,US1NYDL0023,8,2.37,5.63,6.94,True
2012-10-26,US1NYDT0005,3,1.55,1.45,2.41,False
2012-10-26,US1NYDT0008,0,1.55,-1.55,-0.84,False
2012-10-26,US1NYDT0010,0,1.39,-1.39,-0.67,False
2012-10-26,US1NYDT0012,0,1.55,-1.55,-0.84,False
2012-10-26,US1NYGR0006,0,1.23,-1.23,-0.49,False
2012-10-26,US1NYGR0007,0,1.11,-1.11,-0.36,False
2012-10-26,US1NYNS0007,0,1.46,-1.46,-0.75,False
2012-10-26,US1NYPT0002,3,1.78,1.22,2.16,False
2012-10-26,US1NYPT0004,0,1.88,-1.88,-1.2,False
2012-10-26,US1NYQN0002,0,1.44,-1.44,-0.72,False
2012-10-26,US1NYRC0001,0,1.08,-1.08,-0.33,False
2012-10-26,US1NYRC0002,0,1.1,-1.1,-0.35,False
2012-10-26,US1NYRL0005,0,3.8,-3.8,-3.28,False
2012-10-26,US1NYSF0002,0,0.85,-0.85,-0.08,False
2012-10-26,US1NYSF0003,0,2.35,-2.35,-1.71,False
2012-10-26,US1NYSF0007,0,0.85,-0.85,-0.08,False
2012-10-26,US1NYSF0016,0,2.0,-2.0,-1.33,False
2012-10-26,US1NYSF0017,0,1.82,-1.82,-1.13,False
2012-10-26,US1NYSF0019,0,1.14,-1.14,-0.4,False
2012-10-26,US1NYSF0024,0,2.06,-2.06,-1.4,False
2012-10-26,US1NYSV0005,3,3.02,-0.02,0.81,False
2012-10-26,US1NYSV0006,0,2.95,-2.95,-2.36,False
2012-10-26,US1NYSV0008,5,2.49,2.51,3.56,True
2012-10-26,US1NYUL0002,0,1.3,-1.3,-0.57,False
2012-10-26,US1NYUL0003,0,1.68,-1.68,-0.98,False
2012-10-26,US1NYUL0004,0,1.26,-1.26,-0.53,False
2012-10-26,US1NYUL0006,0,1.84,-1.84,-1.16,False
2012-10-26,US1NYUL0008,0,1.58,-1.58,-0.87,False
2012-10-26,US1NYUL0009,0,1.65,-1.65,-0.94,False
2012-10-26,US1NYWC0006,0,1.66,-1.66,-0.95,False
2012-10-26,US1NYWC0007,0,1.38,-1.38,-0.66,False
2012-10-26,US1NYWC0011,0,2.13,-2.13,-1.46,False
2012-10-26,US1PABK0005,3,0.89,2.11,3.13,False
2012-10-26,US1PABK0013,0,0.55,-0.55,0.24,False
2012-10-26,US1PABK0015,0,0.79,-0.79,-0.01,False
2012-10-26,US1PABK0018,0,0.62,-0.62,0.17,False
2012-10-26,US1PABK0026,0,0.9,-0.9,-0.13,False
2012-10-26,US1PACB0015,5,1.92,3.08,4.17,True
2012-10-26,US1PACH0020,0,0.6,-0.6,0.19,False
2012-10-26,US1PADL0009,0,0.4,-0.4,0.41,False
2012-10-26,US1PAMN0007,5,1.97,3.03,4.12,True
2012-10-26,US1PAMN0008,5,2.05,2.95,4.04,True
2012-10-26,US1PAMN0009,0,2.33,-2.33,-1.68,False
2012-10-26,US1PAMT0006,0,0.98,-0.98,-0.22,False
2012-10-26,US1PAMT0007,0,0.85,-0.85,-0.08,False
2012-10-26,US1PAMT0013,0,0.82,-0.82,-0.04,False
2012-10-26,US1PAMT0016,0,0.95,-0.95,-0.19,False
2012-10-26,US1PAMT0020,0,0.69,-0.69,0.09,False
2012-10-26,US1PAMT0022,0,0.76,-0.76,0.01,False
2012-10-26,US1PAMT0027,0,0.83,-0.83,-0.06,False
2012-10-26,US1PAMT0038,3,0.77,2.23,3.26,False
2012-10-26,US1PAMT0048,0,0.51,-0.51,0.28,False
2012-10-26,US1PAMT0051,0,0.79,-0.79,-0.02,False
2012-10-26,US1PAMT0056,3,0.76,2.24,3.27,False
2012-10-26,US1PAMT0063,0,0.7,-0.7,0.08,False
2012-10-26,US1PAMT0064,0,0.66,-0.66,0.12,False
2012-10-26,US1PAMT0065,0,0.72,-0.72,0.05,False
2012-10-26,US1PAMT0067,3,0.65,2.35,3.38,False
2012-10-26,US1PAMT0072,3,0.61,2.39,3.43,False
2012-10-26,US1PANH0001,8,1.73,6.27,7.64,True
2012-10-26,US1PANH0005,5,1.64,3.36,4.48,True
2012-10-26,US1PANH0009,3,1.75,1.25,2.2,False
2012-10-26,US1PANH0010,3,1.98,1.02,1.95,False
2012-10-26,US1PAPH0002,0,0.49,-0.49,0.31,False
2012-10-26,US1PAPH0004,0,0.48,-0.48,0.32,False
2012-10-26,US1PAPH0006,0,0.54,-0.54,0.25,False
2012-10-26,US1PAPH0008,0,0.49,-0.49,0.31,False
2012-10-26,US1PAPK0004,0,2.47,-2.47,-1.83,False
2012-10-26,US1PAPK0014,0,2.48,-2.48,-1.85,False
2012-10-26,US1PASS0006,0,2.5,-2.5,-1.87,False
2012-10-26,US1PAWN0004,5,2.86,2.14,3.16,False
2012-10-26,US1PAWN0008,3,3.02,-0.02,0.82,False
2012-10-26,US1PAWN0010,0,2.32,-2.32,-1.68,False
2012-10-26,US1PAWN0012,3,3.18,-0.18,0.64,False
2012-10-26,US1PAWN0013,0,2.37,-2.37,-1.73,False
2012-10-26,US1PAWN0026,0,2.53,-2.53,-1.9,False
2012-10-26,US1PAWN0035,0,2.68,-2.68,-2.06,False
2012-10-26,US1PAWN0037,20,2.18,17.82,20.15,True
2012-10-26,US1PAWN0038,0,2.84,-2.84,-2.24,False
2012-10-26,US1PAWN0041,5,2.68,2.32,3.35,False
2012-10-26,US1PAWN0042,0,1.03,-1.03,-0.28,False
2012-10-26,US1PAWN0044,0,2.75,-2.75,-2.14,False
2012-10-26,USC00060128,0,1.16,-1.16,-0.42,False
2012-10-26,USC00060227,0,0.58,-0.58,0.21,False
2012-10-26,USC00060299,0,0.35,-0.35,0.46,False
2012-10-26,USC00060808,0,1.44,-1.44,-0.72,False
2012-10-26,USC00060961,0,1.44,-1.44,-0.72,False
2012-10-26,USC00060973,0,0.55,-0.55,0.24,False
2012-10-26,USC00061508,0,0.42,-0.42,0.38,False
2012-10-26,USC00062658,0,0.87,-0.87,-0.1,False
2012-10-26,USC00063420,0,0.0,0.0,0.84,False
2012-10-26,USC00065445,0,0.59,-0.59,0.2,False
2012-10-26,USC00065910,0,0.0,0.0,0.84,False
2012-10-26,USC00066655,0,1.79,-1.79,-1.1,False
2012-10-26,USC00066966,0,1.33,-1.33,-0.6,False
2012-10-26,USC00067373,0,1.31,-1.31,-0.58,False
2012-10-26,USC00067432,0,0.56,-0.56,0.23,False
2012-10-26,USC00067958,0,0.0,0.0,0.84,False
2012-10-26,USC00067970,0,1.68,-1.68,-0.98,False
2012-10-26,USC00068065,0,1.19,-1.19,-0.45,False
2012-10-26,USC00068138,0,0.0,0.0,0.84,False
2012-10-26,USC00068330,0,0.61,-0.61,0.18,False
2012-10-26,USC00068436,0,0.63,-0.63,0.15,False
2012-10-26,USC00190120,0,0.29,-0.29,0.53,False
2012-10-26,USC00190408,0,0.0,0.0,0.84,False
2012-10-26,USC00190562,0,0.0,0.0,0.84,False
2012-10-26,USC00192107,0,0.0,0.0,0.84,False
2012-10-26,USC00193172,0,0.27,-0.27,0.54,False
2012-10-26,USC00193213,0,1.03,-1.03,-0.28,False
2012-10-26,USC00193402,0,0.0,0.0,0.84,False
2012-10-26,USC00194131,0,0.62,-0.62,0.16,False
2012-10-26,USC00194154,0,0.22,-0.22,0.6,False
2012-10-26,USC00197627,0,0.0,0.0,0.84,False
2012-10-26,USC00198278,0,0.22,-0.22,0.6,False
2012-10-26,USC00198793,0,0.0,0.0,0.84,False
2012-10-26,USC00199193,0,0.27,-0.27,0.55,False
2012-10-26,USC00199371,0,0.69,-0.69,0.09,False
2012-10-26,USC00199972,0,0.45,-0.45,0.35,False
2012-10-26,USC00280331,0,0.1,-0.1,0.73,False
2012-10-26,USC00280734,0,2.36,-2.36,-1.72,False
2012-10-26,USC00280847,0,0.81,-0.81,-0.04,False
2012-10-26,USC00280907,0,1.64,-1.64,-0.94,False
2012-10-26,USC00280927,0,0.97,-0.97,-0.21,False
2012-10-26,USC00280990,0,0.03,-0.03,0.81,False
2012-10-26,USC00281327,5,2.05,2.95,4.04,True
2012-10-26,USC00281335,3,1.21,1.79,2.78,False
2012-10-26,USC00281582,0,1.96,-1.96,-1.29,False
2012-10-26,USC00282023,0,0.96,-0.96,-0.2,False
2012-10-26,USC00283029,3,1.29,1.71,2.69,False
2012-10-26,USC00283181,0,0.79,-0.79,-0.01,False
2012-10-26,USC00283662,0,0.09,-0.09,0.74,False
2012-10-26,USC00283704,0,1.3,-1.3,-0.57,False
2012-10-26,USC00283951,0,0.75,-0.75,0.02,False
2012-10-26,USC00284229,0,0.22,-0.22,0.6,False
2012-10-26,USC00284635,0,0.81,-0.81,-0.04,False
2012-10-26,USC00284987,0,0.46,-0.46,0.34,False
2012-10-26,USC00285728,0,0.28,-0.28,0.54,False
2012-10-26,USC00286055,0,0.8,-0.8,-0.03,False
2012-10-26,USC00286146,0,3.98,-3.98,-3.48,False
2012-10-26,USC00286460,0,1.97,-1.97,-1.29,False
2012-10-26,USC00286864,3,0.34,2.66,3.72,True
2012-10-26,USC00286964,0,0.44,-0.44,0.36,False
2012-10-26,USC00286979,0,1.81,-1.81,-1.12,False
2012-10-26,USC00287301,5,1.67,3.33,4.44,True
2012-10-26,USC00287486,0,1.79,-1.79,-1.1,False
2012-10-26,USC00288173,0,0.25,-0.25,0.57,False
2012-10-26,USC00288644,5,2.35,2.65,3.71,True
2012-10-26,USC00289187,0,2.07,-2.07,-1.4,False
2012-10-26,USC00289363,0,0.99,-0.99,-0.24,False
2012-10-26,USC00289832,102,0.9,101.1,110.37,True
2012-10-26,USC00300063,0,1.01,-1.01,-0.25,False
2012-10-26,USC00300254,0,2.22,-2.22,-1.57,False
2012-10-26,USC00300364,0,0.94,-0.94,-0.18,False
2012-10-26,USC00300732,0,2.67,-2.67,-2.05,False
2012-10-26,USC00300889,0,1.02,-1.02,-0.27,False
2012-10-26,USC00300961,0,1.72,-1.72,-1.03,False
2012-10-26,USC00301102,13,2.57,10.43,12.13,True
2012-10-26,USC00301211,0,1.58,-1.58,-0.87,False
2012-10-26,USC00301309,0,1.78,-1.78,-1.09,False
2012-10-26,USC00301521,10,2.27,7.73,9.21,True
2012-10-26,USC00301761,28,0.3,27.7,30.85,True
2012-10-26,USC00302169,0,2.31,-2.31,-1.66,False
2012-10-26,USC00302366,0,1.52,-1.52,-0.8,False
2012-10-26,USC00302454,0,1.73,-1.73,-1.04,False
2012-10-26,USC00302582,0,2.59,-2.59,-1.96,False
2012-10-26,USC00304575,5,1.75,3.25,4.36,True
2012-10-26,USC00304731,15,2.33,12.67,14.57,True
2012-10-26,USC00305113,0,1.36,-1.36,-0.64,False
2012-10-26,USC00305142,0,0.89,-0.89,-0.12,False
2012-10-26,USC00305426,3,1.85,1.15,2.09,False
2012-10-26,USC00305606,0,4.28,-4.28,-3.8,True
2012-10-26,USC00306217,0,1.35,-1.35,-0.63,False
2012-10-26,USC00306570,0,1.89,-1.89,-1.21,False
2012-10-26,USC00306649,0,1.4,-1.4,-0.68,False
2012-10-26,USC00306774,0,2.4,-2.4,-1.76,False
2012-10-26,USC00306820,0,1.55,-1.55,-0.84,False
2012-10-26,USC00307035,0,1.65,-1.65,-0.94,False
2012-10-26,USC00307134,0,0.89,-0.89,-0.12,False
2012-10-26,USC00307210,10,2.58,7.42,8.88,True
2012-10-26,USC00307274,0,1.66,-1.66,-0.96,False
2012-10-26,USC00307633,48,0.76,47.24,52.02,True
2012-10-26,USC00307799,3,1.91,1.09,2.02,False
2012-10-26,USC00308670,0,1.7,-1.7,-1.0,False
2012-10-26,USC00308721,0,1.27,-1.27,-0.54,False
2012-10-26,USC00308932,0,2.02,-2.02,-1.35,False
2012-10-26,USC00309292,0,2.07,-2.07,-1.4,False
2012-10-26,USC00309670,0,1.38,-1.38,-0.66,False
2012-10-26,USC00361737,0,0.55,-0.55,0.24,False
2012-10-26,USC00362671,0,2.55,-2.55,-1.92,False
2012-10-26,USC00363437,0,0.74,-0.74,0.04,False
2012-10-26,USC00363488,0,1.07,-1.07,-0.32,False
2012-10-26,USC00363758,0,2.32,-2.32,-1.67,False
2012-10-26,USC00365390,0,0.32,-0.32,0.49,False
2012-10-26,USC00365738,5,2.87,2.13,3.15,False
2012-10-26,USC00366194,0,0.56,-0.56,0.23,False
2012-10-26,USC00366370,0,0.63,-0.63,0.16,False
2012-10-26,USC00366886,0,0.44,-0.44,0.36,False
2012-10-26,USC00366927,0,0.66,-0.66,0.12,False
2012-10-26,USC00367029,0,1.03,-1.03,-0.27,False
2012-10-26,USC00367186,3,1.74,1.26,2.21,False
2012-10-26,USC00367938,0,1.16,-1.16,-0.42,False
2012-10-26,USC00368400,10,1.48,8.52,10.06,True
2012-10-26,USC00368596,0,2.36,-2.36,-1.72,False
2012-10-26,USW00004781,0,2.14,-2.14,-1.48,False
2012-10-26,USW00004789,0,2.31,-2.31,-1.66,False
2012-10-26,USW00013739,0,0.32,-0.32,0.49,False
2012-10-26,USW00014707,0,0.8,-0.8,-0.03,False
2012-10-26,USW00014719,0,0.97,-0.97,-0.21,False
2012-10-26,USW00014732,0,1.53,-1.53,-0.82,False
2012-10-26,USW00014734,0,1.25,-1.25,-0.51,False
2012-10-26,USW00014737,0,1.75,-1.75,-1.05,False
2012-10-26,USW00014740,0,0.25,-0.25,0.56,False
2012-10-26,USW00014752,0,0.53,-0.53,0.27,False
2012-10-26,USW00014757,0,1.61,-1.61,-0.9,False
2012-10-26,USW00014758,0,0.81,-0.81,-0.04,False
2012-10-26,USW00014763,0,0.71,-0.71,0.07,False
2012-10-26,USW00014775,0,0.3,-0.3,0.52,False
2012-10-26,USW00014792,0,0.58,-0.58,0.21,False
2012-10-26,USW00054734,0,1.4,-1.4,-0.67,False
2012-10-26,USW00054743,0,1.51,-1.51,-0.8,False
2012-10-26,USW00054767,0,0.0,0.0,0.84,False
2012-10-26,USW00054779,0,2.24,-2.24,-1.59,False
2012-10-26,USW00054785,0,1.12,-1.12,-0.37,False
2012-10-26,USW00054786,0,0.85,-0.85,-0.09,False
2012-10-26,USW00054787,0,1.56,-1.56,-0.85,False
2012-10-26,USW00054788,0,0.64,-0.64,0.15,False
2012-10-26,USW00054789,0,2.51,-2.51,-1.88,False
2012-10-26,USW00054790,0,1.24,-1.24,-0.51,False
2012-10-26,USW00054793,3,2.48,0.52,1.4,False
2012-10-26,USW00064756,0,1.43,-1.43,-0.71,False
2012-10-26,USW00093780,0,0.3,-0.3,0.51,False
2012-10-26,USW00094702,0,1.74,-1.74,-1.04,False
2012-10-26,USW00094728,0,1.54,-1.54,-0.83,False
2012-10-26,USW00094732,0,0.54,-0.54,0.25,False
2012-10-26,USW00094741,0,1.74,-1.74,-1.04,False
2012-10-26,USW00094745,0,1.9,-1.9,-1.22,False
2012-10-26,USW00094789,0,1.33,-1.33,-0.6,False
2012-10-27,US1CTFR0002,0,0.21,-0.21,-0.32,False
2012-10-27,US1CTFR0009,0,0.16,-0.16,-0.03,False
2012-10-27,US1CTFR0020,0,0.16,-0.16,-0.03,False
2012-10-27,US1CTHR0005,0,0.0,0.0,0.87,False
2012-10-27,US1CTHR0006,0,0.02,-0.02,0.74,False
2012-10-27,US1CTHR0008,0,0.02,-0.02,0.75,False
2012-10-27,US1CTHR0009,0,0.02,-0.02,0.74,False
2012-10-27,US1CTMD0002,0,0.03,-0.03,0.72,False
2012-10-27,US1CTMD0005,0,0.0,0.0,0.87,False
2012-10-27,US1CTNH0009,0,0.04,-0.04,0.61,False
2012-10-27,US1CTNH0013,0,0.03,-0.03,0.71,False
2012-10-27,US1CTNH0014,0,0.03,-0.03,0.7,False
2012-10-27,US1CTNH0015,0,0.04,-0.04,0.63,False
2012-10-27,US1MABE0003,0,0.02,-0.02,0.74,False
2012-10-27,US1MAHD0009,0,0.0,0.0,0.87,False
2012-10-27,US1MAHS0002,0,0.0,0.0,0.87,False
2012-10-27,US1MAWR0118,0,0.0,0.0,0.87,False
2012-10-27,US1NJAT0001,0,0.06,-0.06,0.55,False
2012-10-27,US1NJAT0005,0,0.05,-0.05,0.58,False
2012-10-27,US1NJBG0002,0,0.38,-0.38,-1.3,False
2012-10-27,US1NJBG0003,0,0.31,-0.31,-0.88,False
2012-10-27,US1NJBG0015,0,0.81,-0.81,-3.76,True
2012-10-27,US1NJBG0017,3,0.24,2.76,16.67,True
2012-10-27,US1NJBG0018,0,0.33,-0.33,-1.03,False
2012-10-27,US1NJBG0023,0,0.27,-0.27,-0.66,False
2012-10-27,US1NJBG0029,0,0.27,-0.27,-0.7,False
2012-10-27,US1NJBG0030,0,0.27,-0.27,-0.66,False
2012-10-27,US1NJBT0003,0,0.1,-0.1,0.27,False
2012-10-27,US1NJBT0005,0,0.04,-0.04,0.61,False
2012-10-27,US1NJBT0006,0,0.06,-0.06,0.52,False
2012-10-27,US1NJBT0007,0,0.12,-0.12,0.18,False
2012-10-27,US1NJBT0023,0,0.07,-0.07,0.49,False
2012-10-27,US1NJBT0025,5,0.0,5.0,29.5,True
2012-10-27,US1NJBT0028,0,0.04,-0.04,0.64,False
2012-10-27,US1NJBT0029,0,0.1,-0.1,0.3,False
2012-10-27,US1NJBT0032,0,0.06,-0.06,0.51,False
2012-10-27,US1NJBT0035,0,0.07,-0.07,0.46,False
2012-10-27,US1NJBT0036,0,0.04,-0.04,0.62,False
2012-10-27,US1NJBT0037,0,0.06,-0.06,0.5,False
2012-10-27,US1NJCN0001,0,0.04,-0.04,0.64,False
2012-10-27,US1NJCN0005,0,0.04,-0.04,0.66,False
2012-10-27,US1NJCN0011,0,0.03,-0.03,0.67,False
2012-10-27,US1NJCN0015,0,0.02,-0.02,0.72,False
2012-10-27,US1NJCN0017,0,0.03,-0.03,0.71,False
2012-10-27,US1NJCN0019,0,0.04,-0.04,0.66,False
2012-10-27,US1NJCN0020,0,0.03,-0.03,0.67,False
2012-10-27,US1NJES0015,0,0.5,-0.5,-2.0,False
2012-10-27,US1NJES0018,0,0.56,-0.56,-2.36,False
2012-10-27,US1NJES0019,0,0.41,-0.41,-1.45,False
2012-10-27,US1NJES0020,15,0.18,14.82,85.72,True
2012-10-27,US1NJGL0001,0,0.03,-0.03,0.72,False
2012-10-27,US1NJGL0006,0,0.04,-0.04,0.64,False
2012-10-27,US1NJGL0011,0,0.03,-0.03,0.7,False
2012-10-27,US1NJGL0015,0,0.03,-0.03,0.69,False
2012-10-27,US1NJGL0017,0,0.03,-0.03,0.72,False
2012-10-27,US1NJGL0023,0,0.02,-0.02,0.72,False
2012-10-27,US1NJGL0024,0,0.03,-0.03,0.7,False
2012-10-27,US1NJGL0030,0,0.03,-0.03,0.7,False
2012-10-27,US1NJHN0001,0,0.25,-0.25,-0.54,False
2012-10-27,US1NJHN0003,0,0.2,-0.2,-0.25,False
2012-10-27,US1NJHN0004,0,0.19,-0.19,-0.19,False
2012-10-27,US1NJHN0005,0,0.17,-0.17,-0.13,False
2012-10-27,US1NJHN0007,0,0.22,-0.22,-0.37,False
2012-10-27,US1NJHN0010,0,0.16,-0.16,-0.07,False
2012-10-27,US1NJHN0011,0,0.19,-0.19,-0.23,False
2012-10-27,US1NJHN0012,0,0.21,-0.21,-0.31,False
2012-10-27,US1NJHN0015,0,0.16,-0.16,-0.08,False
2012-10-27,US1NJHN0018,0,0.2,-0.2,-0.3,False
2012-10-27,US1NJHN0019,0,0.18,-0.18,-0.17,False
2012-10-27,US1NJHN0021,0,0.21,-0.21,-0.31,False
2012-10-27,US1NJHN0022,0,0.17,-0.17,-0.13,False
2012-10-27,US1NJHN0026,0,0.19,-0.19,-0.23,False
2012-10-27,US1NJHN0029,0,0.17,-0.17,-0.12,False
2012-10-27,US1NJHN0031,0,0.19,-0.19,-0.22,False
2012-10-27,US1NJMC0001,0,0.12,-0.12,0.16,False
2012-10-27,US1NJMC0002,0,0.12,-0.12,0.17,False
2012-10-27,US1NJMC0003,0,0.13,-0.13,0.1,False
2012-10-27,US1NJMC0005,0,0.12,-0.12,0.17,False
2012-10-27,US1NJMC0008,0,0.13,-0.13,0.14,False
2012-10-27,US1NJMC0009,0,0.11,-0.11,0.25,False
2012-10-27,US1NJMC0011,0,0.12,-0.12,0.19,False
2012-10-27,US1NJMC0016,0,0.12,-0.12,0.15,False
2012-10-27,US1NJMC0022,0,0.11,-0.11,0.24,False
2012-10-27,US1NJMC0027,0,0.15,-0.15,0.01,False
2012-10-27,US1NJMC0029,0,0.11,-0.11,0.22,False
2012-10-27,US1NJMD0002,0,0.15,-0.15,-0.02,False
2012-10-27,US1NJMD0009,0,0.15,-0.15,0.03,False
2012-10-27,US1NJMD0033,0,0.18,-0.18,-0.18,False
2012-10-27,US1NJMD0038,0,0.22,-0.22,-0.37,False
2012-10-27,US1NJMD0039,0,0.16,-0.16,-0.07,False
2012-10-27,US1NJMD0043,0,0.22,-0.22,-0.42,False
2012-10-27,US1NJMD0044,0,0.18,-0.18,-0.19,False
2012-10-27,US1NJMD0045,0,0.23,-0.23,-0.48,False
2012-10-27,US1NJMN0006,0,0.16,-0.16,-0.06,False
2012-10-27,US1NJMN0010,0,0.13,-0.13,0.13,False
2012-10-27,US1NJMN0015,0,0.17,-0.17,-0.1,False
2012-10-27,US1NJMN0017,0,0.13,-0.13,0.12,False
2012-10-27,US1NJMN0019,0,0.13,-0.13,0.1,False
2012-10-27,US1NJMN0020,0,0.11,-0.11,0.23,False
2012-10-27,US1NJMN0024,0,0.1,-0.1,0.27,False
2012-10-27,US1NJMN0032,0,0.15,-0.15,-0.0,False
2012-10-27,US1NJMN0044,0,0.12,-0.12,0.19,False
2012-10-27,US1NJMN0048,0,0.1,-0.1,0.32,False
2012-10-27,US1NJMN0049,0,0.11,-0.11,0.22,False
2012-10-27,US1NJMN0051,0,0.1,-0.1,0.27,False
2012-10-27,US1NJMN0052,0,0.14,-0.14,0.05,False
2012-10-27,US1NJMN0055,0,0.14,-0.14,0.05,False
2012-10-27,US1NJMN0058,0,0.15,-0.15,-0.02,False
2012-10-27,US1NJMS0002,0,0.27,-0.27,-0.67,False
2012-10-27,US1NJMS0003,3,0.34,2.66,16.12,True
2012-10-27,US1NJMS0006,0,0.37,-0.37,-1.24,False
2012-10-27,US1NJMS0011,0,0.34,-0.34,-1.07,False
2012-10-27,US1NJMS0015,3,0.39,2.61,15.84,True
2012-10-27,US1NJMS0018,0,0.37,-0.37,-1.25,False
2012-10-27,US1NJMS0019,0,0.26,-0.26,-0.63,False
2012-10-27,US1NJMS0021,0,0.47,-0.47,-1.81,False
2012-10-27,US1NJMS0022,0,0.34,-0.34,-1.08,False
2012-10-27,US1NJMS0023,0,0.48,-0.48,-1.87,False
2012-10-27,US1NJMS0025,0,0.41,-0.41,-1.48,False
2012-10-27,US1NJMS0031,0,0.34,-0.34,-1.09,False
2012-10-27,US1NJMS0035,0,0.34,-0.34,-1.11,False
2012-10-27,US1NJMS0036,0,0.36,-0.36,-1.2,False
2012-10-27,US1NJMS0040,0,0.36,-0.36,-1.18,False
2012-10-27,US1NJMS0042,0,0.39,-0.39,-1.39,False
2012-10-27,US1NJMS0049,0,0.38,-0.38,-1.31,False
2012-10-27,US1NJMS0050,3,0.39,2.61,15.82,True
2012-10-27,US1NJMS0051,3,0.34,2.66,16.12,True
2012-10-27,US1NJMS0054,0,0.35,-0.35,-1.16,False
2012-10-27,US1NJMS0061,0,0.28,-0.28,-0.73,False
2012-10-27,US1NJOC0001,0,0.12,-0.12,0.19,False
2012-10-27,US1NJOC0006,0,0.12,-0.12,0.19,False
2012-10-27,US1NJOC0008,0,0.13,-0.13,0.13,False
2012-10-27,US1NJOC0009,0,0.11,-0.11,0.25,False
2012-10-27,US1NJOC0012,0,0.1,-0.1,0.31,False
2012-10-27,US1NJOC0013,0,0.13,-0.13,0.15,False
2012-10-27,US1NJOC0017,0,0.07,-0.07,0.47,False
2012-10-27,US1NJOC0024,0,0.1,-0.1,0.3,False
2012-10-27,US1NJOC0036,0,0.11,-0.11,0.26,False
2012-10-27,US1NJOC0040,0,0.13,-0.13,0.12,False
2012-10-27,US1NJOC0042,0,0.12,-0.12,0.18,False
2012-10-27,US1NJPS0004,0,0.33,-0.33,-1.02,False
2012-10-27,US1NJPS0005,0,0.35,-0.35,-1.17,False
2012-10-27,US1NJPS0012,0,0.41,-0.41,-1.49,False
2012-10-27,US1NJPS0014,0,0.38,-0.38,-1.29,False
2012-10-27,US1NJPS0016,0,0.36,-0.36,-1.21,False
2012-10-27,US1NJPS0019,0,0.28,-0.28,-0.71,False
2012-10-27,US1NJPS0021,0,0.34,-0.34,-1.09,False
2012-10-27,US1NJPS0022,0,0.3,-0.3,-0.85,False
2012-10-27,US1NJSL0002,0,0.03,-0.03,0.68,False
2012-10-27,US1NJSL0003,0,0.04,-0.04,0.62,False
2012-10-27,US1NJSM0001,0,0.15,-0.15,-0.01,False
2012-10-27,US1NJSM0002,0,0.26,-0.26,-0.64,False
2012-10-27,US1NJSM0003,0,0.15,-0.15,0.01,False
2012-10-27,US1NJSM0004,0,0.26,-0.26,-0.65,False
2012-10-27,US1NJSM0005,0,0.2,-0.2,-0.25,False
2012-10-27,US1NJSM0011,0,0.24,-0.24,-0.49,False
2012-10-27,US1NJSM0012,0,0.16,-0.16,-0.04,False
2012-10-27,US1NJSM0015,0,0.15,-0.15,-0.01,False
2012-10-27,US1NJSM0021,0,0.16,-0.16,-0.03,False
2012-10-27,US1NJSM0022,0,0.14,-0.14,0.07,False
2012-10-27,US1NJSM0026,0,0.15,-0.15,-0.02,False
2012-10-27,US1NJSM0027,0,0.15,-0.15,-0.01,False
2012-10-27,US1NJSM0033,0,0.16,-0.16,-0.07,False
2012-10-27,US1NJSM0039,0,0.19,-0.19,-0.21,False
2012-10-27,US1NJSM0045,0,0.18,-0.18,-0.17,False
2012-10-27,US1NJSM0046,0,0.21,-0.21,-0.31,False
2012-10-27,US1NJSS0001,0,0.62,-0.62,-2.67,False
2012-10-27,US1NJSS0007,0,0.39,-0.39,-1.4,False
2012-10-27,US1NJSS0020,0,0.39,-0.39,-1.39,False
2012-10-27,US1NJSS0027,8,0.31,7.69,44.89,True
2012-10-27,US1NJSS0028,0,0.53,-0.53,-2.16,False
2012-10-27,US1NJSS0029,0,0.49,-0.49,-1.93,False
2012-10-27,US1NJUN0010,0,0.32,-0.32,-0.98,False
2012-10-27,US1NJUN0014,0,0.28,-0.28,-0.76,False
2012-10-27,US1NJUN0017,0,0.33,-0.33,-1.04,False
2012-10-27,US1NJUN0018,3,0.31,2.69,16.24,True
2012-10-27,US1NJWR0001,0,0.23,-0.23,-0.43,False
2012-10-27,US1NJWR0004,0,0.38,-0.38,-1.3,False
2012-10-27,US1NJWR0005,0,0.32,-0.32,-0.95,False
2012-10-27,US1NJWR0006,0,0.4,-0.4,-1.41,False
2012-10-27,US1NJWR0007,0,0.3,-0.3,-0.84,False
2012-10-27,US1NJWR0008,0,0.37,-0.37,-1.25,False
2012-10-27,US1NJWR0017,0,0.28,-0.28,-0.73,False
2012-10-27,US1NJWR0020,0,0.27,-0.27,-0.7,False
2012-10-27,US1NJWR0021,0,0.26,-0.26,-0.61,False
2012-10-27,US1NJWR0022,0,0.46,-0.46,-1.75,False
2012-10-27,US1NJWR0023,0,0.28,-0.28,-0.76,False
2012-10-27,US1NJWR0024,0,0.42,-0.42,-1.51,False
2012-10-27,US1NYCB0001,0,0.18,-0.18,-0.15,False
2012-10-27,US1NYCB0006,0,0.0,0.0,0.87,False
2012-10-27,US1NYDL0005,0,0.44,-0.44,-1.67,False
2012-10-27,US1NYDL0009,0,0.51,-0.51,-2.03,False
2012-10-27,US1NYDL0022,0,0.39,-0.39,-1.37,False
2012-10-27,US1NYDL0023,3,0.62,2.38,14.52,True
2012-10-27,US1NYDL0024,0,0.53,-0.53,-2.19,False
2012-10-27,US1NYDT0004,0,0.27,-0.27,-0.7,False
2012-10-27,US1NYDT0005,0,0.25,-0.25,-0.56,False
2012-10-27,US1NYDT0008,0,0.16,-0.16,-0.04,False
2012-10-27,US1NYDT0010,0,0.23,-0.23,-0.47,False
2012-10-27,US1NYDT0012,0,0.16,-0.16,-0.07,False
2012-10-27,US1NYGR0005,0,0.0,0.0,0.87,False
2012-10-27,US1NYGR0006,0,0.12,-0.12,0.16,False
2012-10-27,US1NYGR0007,0,0.13,-0.13,0.1,False
2012-10-27,US1NYNS0007,0,0.24,-0.24,-0.53,False
2012-10-27,US1NYPT0002,0,0.32,-0.32,-0.95,False
2012-10-27,US1NYPT0004,0,0.29,-0.29,-0.81,False
2012-10-27,US1NYQN0002,0,0.27,-0.27,-0.66,False
2012-10-27,US1NYRC0001,0,0.23,-0.23,-0.45,False
2012-10-27,US1NYRC0002,0,0.25,-0.25,-0.55,False
2012-10-27,US1NYRL0005,0,0.28,-0.28,-0.76,False
2012-10-27,US1NYSF0002,0,0.0,0.0,0.87,False
2012-10-27,US1NYSF0003,0,0.02,-0.02,0.74,False
2012-10-27,US1NYSF0017,0,0.17,-0.17,-0.11,False
2012-10-27,US1NYSF0019,0,0.0,0.0,0.87,False
2012-10-27,US1NYSF0024,0,0.15,-0.15,0.01,False
2012-10-27,US1NYSV0005,3,0.81,2.19,13.39,True
2012-10-27,US1NYSV0006,0,0.85,-0.85,-4.02,True
2012-10-27,US1NYSV0008,0,0.72,-0.72,-3.23,False
2012-10-27,US1NYUL0002,0,0.24,-0.24,-0.53,False
2012-10-27,US1NYUL0003,0,0.23,-0.23,-0.46,False
2012-10-27,US1NYUL0004,0,0.23,-0.23,-0.47,False
2012-10-27,US1NYUL0006,0,0.26,-0.26,-0.64,False
2012-10-27,US1NYUL0008,0,0.27,-0.27,-0.69,False
2012-10-27,US1NYUL0009,0,0.29,-0.29,-0.82,False
2012-10-27,US1NYWC0006,0,0.21,-0.21,-0.34,False
2012-10-27,US1NYWC0007,0,0.21,-0.21,-0.33,False
2012-10-27,US1NYWC0011,0,0.31,-0.31,-0.91,False
2012-10-27,US1PABK0004,0,0.15,-0.15,0.02,False
2012-10-27,US1PABK0005,0,0.13,-0.13,0.14,False
2012-10-27,US1PABK0013,0,0.09,-0.09,0.36,False
2012-10-27,US1PABK0015,0,0.15,-0.15,0.03,False
2012-10-27,US1PABK0026,0,0.12,-0.12,0.17,False
2012-10-27,US1PACB0015,0,0.43,-0.43,-1.61,False
2012-10-27,US1PACH0020,0,0.04,-0.04,0.66,False
2012-10-27,US1PADL0009,0,0.04,-0.04,0.62,False
2012-10-27,US1PAMN0008,5,0.52,4.48,26.51,True
2012-10-27,US1PAMN0009,0,0.51,-0.51,-2.07,False
2012-10-27,US1PAMT0007,0,0.09,-0.09,0.38,False
2012-10-27,US1PAMT0009,0,0.06,-0.06,0.54,False
2012-10-27,US1PAMT0013,0,0.06,-0.06,0.53,False
2012-10-27,US1PAMT0016,0,0.06,-0.06,0.54,False
2012-10-27,US1PAMT0020,0,0.05,-0.05,0.55,False
2012-10-27,US1PAMT0022,0,0.06,-0.06,0.52,False
2012-10-27,US1PAMT0048,0,0.03,-0.03,0.68,False
2012-10-27,US1PAMT0051,0,0.06,-0.06,0.51,False
2012-10-27,US1PAMT0053,0,0.05,-0.05,0.57,False
2012-10-27,US1PAMT0056,0,0.09,-0.09,0.35,False
2012-10-27,US1PAMT0063,0,0.07,-0.07,0.45,False
2012-10-27,US1PAMT0064,0,0.05,-0.05,0.56,False
2012-10-27,US1PAMT0065,0,0.05,-0.05,0.58,False
2012-10-27,US1PAMT0067,0,0.07,-0.07,0.46,False
2012-10-27,US1PAMT0072,0,0.06,-0.06,0.55,False
2012-10-27,US1PAMT0078,0,0.06,-0.06,0.51,False
2012-10-27,US1PANH0001,5,0.27,4.73,27.96,True
2012-10-27,US1PANH0005,0,0.21,-0.21,-0.36,False
2012-10-27,US1PANH0009,0,0.31,-0.31,-0.89,False
2012-10-27,US1PANH0010,0,0.23,-0.23,-0.43,False
2012-10-27,US1PAPH0004,0,0.06,-0.06,0.51,False
2012-10-27,US1PAPH0006,0,0.04,-0.04,0.62,False
2012-10-27,US1PAPH0008,0,0.04,-0.04,0.61,False
2012-10-27,US1PAPK0004,0,0.67,-0.67,-2.98,False
2012-10-27,US1PASS0006,0,0.75,-0.75,-3.4,False
2012-10-27,US1PAWN0004,0,0.89,-0.89,-4.22,True
2012-10-27,US1PAWN0008,0,0.91,-0.91,-4.34,True
2012-10-27,US1PAWN0012,0,0.71,-0.71,-3.17,False
2012-10-27,US1PAWN0013,0,0.68,-0.68,-3.02,False
2012-10-27,US1PAWN0026,0,0.66,-0.66,-2.89,False
2012-10-27,US1PAWN0035,0,0.7,-0.7,-3.14,False
2012-10-27,US1PAWN0037,0,0.78,-0.78,-3.61,True
2012-10-27,US1PAWN0038,5,0.51,4.49,26.58,True
2012-10-27,US1PAWN0041,0,0.85,-0.85,-4.0,True
2012-10-27,US1PAWN0042,0,0.29,-0.29,-0.82,False
2012-10-27,US1PAWN0044,0,0.76,-0.76,-3.47,False
2012-10-27,USC00060128,0,0.04,-0.04,0.63,False
2012-10-27,USC00060227,0,0.02,-0.02,0.73,False
2012-10-27,USC00060299,0,0.02,-0.02,0.73,False
2012-10-27,USC00060808,0,0.12,-0.12,0.16,False
2012-10-27,USC00060961,0,0.12,-0.12,0.21,False
2012-10-27,USC00060973,0,0.02,-0.02,0.73,False
2012-10-27,USC00062658,0,0.03,-0.03,0.68,False
2012-10-27,USC00063420,0,0.0,0.0,0.87,False
2012-10-27,USC00065445,0,0.03,-0.03,0.71,False
2012-10-27,USC00065910,0,0.0,0.0,0.87,False
2012-10-27,USC00066655,0,0.25,-0.25,-0.58,False
2012-10-27,USC00066966,0,0.12,-0.12,0.2,False
2012-10-27,USC00067373,0,0.04,-0.04,0.63,False
2012-10-27,USC00067958,0,0.0,0.0,0.87,False
2012-10-27,USC00067970,0,0.2,-0.2,-0.28,False
2012-10-27,USC00068065,0,0.05,-0.05,0.6,False
2012-10-27,USC00068138,0,0.0,0.0,0.87,False
2012-10-27,USC00068330,0,0.03,-0.03,0.7,False
2012-10-27,USC00068436,0,0.03,-0.03,0.7,False
2012-10-27,USC00190120,0,0.0,0.0,0.87,False
2012-10-27,USC00190408,0,0.0,0.0,0.87,False
2012-10-27,USC00190562,0,0.0,0.0,0.87,False
2012-10-27,USC00192107,0,0.0,0.0,0.87,False
2012-10-27,USC00193172,0,0.02,-0.02,0.76,False
2012-10-27,USC00193213,0,0.02,-0.02,0.73,False
2012-10-27,USC00193402,0,0.0,0.0,0.87,False
2012-10-27,USC00194131,0,0.0,0.0,0.87,False
2012-10-27,USC00194154,0,0.0,0.0,0.87,False
2012-10-27,USC00197627,0,0.0,0.0,0.87,False
2012-10-27,USC00198278,0,0.0,0.0,0.87,False
2012-10-27,USC00198793,0,0.0,0.0,0.87,False
2012-10-27,USC00199193,0,0.02,-0.02,0.76,False
2012-10-27,USC00199371,0,0.02,-0.02,0.73,False
2012-10-27,USC00199972,0,0.0,0.0,0.87,False
2012-10-27,USC00280331,0,0.08,-0.08,0.4,False
2012-10-27,USC00280734,0,0.33,-0.33,-1.01,False
2012-10-27,USC00280847,0,0.14,-0.14,0.08,False
2012-10-27,USC00280907,0,0.34,-0.34,-1.06,False
2012-10-27,USC00280927,0,0.19,-0.19,-0.21,False
2012-10-27,USC00280990,0,0.1,-0.1,0.32,False
2012-10-27,USC00281327,0,0.37,-0.37,-1.27,False
2012-10-27,USC00281335,0,0.39,-0.39,-1.35,False
2012-10-27,USC00282023,0,0.29,-0.29,-0.8,False
2012-10-27,USC00283029,0,0.18,-0.18,-0.14,False
2012-10-27,USC00283181,0,0.15,-0.15,0.01,False
2012-10-27,USC00283662,0,0.05,-0.05,0.57,False
2012-10-27,USC00283704,0,0.68,-0.68,-3.06,False
2012-10-27,USC00283951,0,0.13,-0.13,0.1,False
2012-10-27,USC00284229,0,0.06,-0.06,0.54,False
2012-10-27,USC00284635,0,0.16,-0.16,-0.03,False
2012-10-27,USC00284987,0,0.1,-0.1,0.32,False
2012-10-27,USC00285503,0,0.33,-0.33,-1.0,False
2012-10-27,USC00285728,0,0.06,-0.06,0.52,False
2012-10-27,USC00286055,0,0.17,-0.17,-0.08,False
2012-10-27,USC00286146,0,0.31,-0.31,-0.93,False
2012-10-27,USC00286460,0,0.37,-0.37,-1.23,False
2012-10-27,USC00286864,0,0.05,-0.05,0.61,False
2012-10-27,USC00286964,0,0.07,-0.07,0.44,False
2012-10-27,USC00286979,0,0.3,-0.3,-0.85,False
2012-10-27,USC00287301,0,0.3,-0.3,-0.87,False
2012-10-27,USC00287486,0,0.21,-0.21,-0.32,False
2012-10-27,USC00287587,0,0.32,-0.32,-0.96,False
2012-10-27,USC00288173,0,0.02,-0.02,0.73,False
2012-10-27,USC00288644,0,0.38,-0.38,-1.32,False
2012-10-27,USC00289187,0,0.28,-0.28,-0.72,False
2012-10-27,USC00289363,0,0.16,-0.16,-0.05,False
2012-10-27,USC00289832,0,0.31,-0.31,-0.88,False
2012-10-27,USC00300063,0,0.0,0.0,0.87,False
2012-10-27,USC00300254,0,0.48,-0.48,-1.87,False
2012-10-27,USC00300364,0,0.02,-0.02,0.75,False
2012-10-27,USC00300732,0,0.63,-0.63,-2.76,False
2012-10-27,USC00300889,0,0.0,0.0,0.87,False
2012-10-27,USC00300961,0,0.26,-0.26,-0.62,False
2012-10-27,USC00301102,0,0.95,-0.95,-4.56,True
2012-10-27,USC00301211,3,0.16,2.84,17.12,True
2012-10-27,USC00301309,0,0.18,-0.18,-0.15,False
2012-10-27,USC00301521,0,0.7,-0.7,-3.16,False
2012-10-27,USC00301761,0,0.05,-0.05,0.58,False
2012-10-27,USC00302366,0,0.28,-0.28,-0.75,False
2012-10-27,USC00302454,0,0.45,-0.45,-1.74,False
2012-10-27,USC00302582,0,0.5,-0.5,-2.01,False
2012-10-27,USC00304575,0,0.38,-0.38,-1.33,False
2012-10-27,USC00304731,10,0.5,9.5,55.28,True
2012-10-27,USC00305113,0,0.26,-0.26,-0.62,False
2012-10-27,USC00305142,0,0.0,0.0,0.87,False
2012-10-27,USC00305426,0,0.32,-0.32,-0.99,False
2012-10-27,USC00305606,0,0.14,-0.14,0.05,False
2012-10-27,USC00306217,0,0.26,-0.26,-0.6,False
2012-10-27,USC00306570,0,0.35,-0.35,-1.16,False
2012-10-27,USC00306649,0,0.26,-0.26,-0.61,False
2012-10-27,USC00306774,0,0.56,-0.56,-2.31,False
2012-10-27,USC00306820,0,0.2,-0.2,-0.25,False
2012-10-27,USC00307035,0,0.17,-0.17,-0.11,False
2012-10-27,USC00307134,0,0.02,-0.02,0.75,False
2012-10-27,USC00307210,5,0.7,4.3,25.52,True
2012-10-27,USC00307799,0,0.41,-0.41,-1.47,False
2012-10-27,USC00308670,0,0.4,-0.4,-1.44,False
2012-10-27,USC00308721,0,0.02,-0.02,0.75,False
2012-10-27,USC00308932,0,0.5,-0.5,-2.01,False
2012-10-27,USC00309292,0,0.33,-0.33,-1.02,False
2012-10-27,USC00309670,0,0.21,-0.21,-0.33,False
2012-10-27,USC00361737,0,0.04,-0.04,0.62,False
2012-10-27,USC00362671,0,0.79,-0.79,-3.68,True
2012-10-27,USC00363437,0,0.05,-0.05,0.55,False
2012-10-27,USC00363488,0,0.12,-0.12,0.15,False
2012-10-27,USC00363758,0,0.68,-0.68,-3.02,False
2012-10-27,USC00365390,0,0.03,-0.03,0.72,False
2012-10-27,USC00365738,3,0.59,2.41,14.66,True
2012-10-27,USC00366194,0,0.09,-0.09,0.36,False
2012-10-27,USC00366370,0,0.04,-0.04,0.63,False
2012-10-27,USC00366886,0,0.03,-0.03,0.68,False
2012-10-27,USC00366927,0,0.05,-0.05,0.59,False
2012-10-27,USC00367029,0,0.29,-0.29,-0.81,False
2012-10-27,USC00367938,0,0.13,-0.13,0.13,False
2012-10-27,USC00368263,0,0.1,-0.1,0.28,False
2012-10-27,USC00368400,0,0.21,-0.21,-0.34,False
2012-10-27,USC00368596,0,0.59,-0.59,-2.51,False
2012-10-27,USW00004781,0,0.14,-0.14,0.07,False
2012-10-27,USW00004789,0,0.45,-0.45,-1.71,False
2012-10-27,USW00013739,0,0.02,-0.02,0.73,False
2012-10-27,USW00014707,0,0.0,0.0,0.87,False
2012-10-27,USW00014719,0,0.0,0.0,0.87,False
2012-10-27,USW00014732,0,0.26,-0.26,-0.64,False
2012-10-27,USW00014734,0,0.41,-0.41,-1.5,False
2012-10-27,USW00014737,0,0.29,-0.29,-0.77,False
2012-10-27,USW00014740,0,0.02,-0.02,0.74,False
2012-10-27,USW00014752,0,0.02,-0.02,0.74,False
2012-10-27,USW00014757,0,0.23,-0.23,-0.44,False
2012-10-27,USW00014758,0,0.03,-0.03,0.71,False
2012-10-27,USW00014763,0,0.0,0.0,0.87,False
2012-10-27,USW00014775,0,0.0,0.0,0.87,False
2012-10-27,USW00014792,0,0.12,-0.12,0.21,False
2012-10-27,USW00054734,0,0.19,-0.19,-0.25,False
2012-10-27,USW00054743,0,0.38,-0.38,-1.32,False
2012-10-27,USW00054767,0,0.0,0.0,0.87,False
2012-10-27,USW00054779,0,0.54,-0.54,-2.2,False
2012-10-27,USW00054785,0,0.2,-0.2,-0.26,False
2012-10-27,USW00054786,0,0.15,-0.15,0.0,False
2012-10-27,USW00054787,0,0.2,-0.2,-0.27,False
2012-10-27,USW00054788,0,0.03,-0.03,0.72,False
2012-10-27,USW00054789,10,0.54,9.46,55.04,True
2012-10-27,USW00054790,0,0.02,-0.02,0.74,False
2012-10-27,USW00054793,0,0.41,-0.41,-1.48,False
2012-10-27,USW00064756,0,0.16,-0.16,-0.05,False
2012-10-27,USW00093780,0,0.05,-0.05,0.58,False
2012-10-27,USW00094702,0,0.12,-0.12,0.15,False
2012-10-27,USW00094728,0,0.31,-0.31,-0.91,False
2012-10-27,USW00094732,0,0.06,-0.06,0.5,False
2012-10-27,USW00094741,0,0.37,-0.37,-1.26,False
2012-10-27,USW00094745,0,0.26,-0.26,-0.63,False
2012-10-27,USW00094789,0,0.24,-0.24,-0.52,False
2012-10-28,US1CTFR0002,0,0.1,-0.1,0.27,False
2012-10-28,US1CTFR0009,0,0.09,-0.09,0.27,False
2012-10-28,US1CTFR0020,0,0.06,-0.06,0.29,False
2012-10-28,US1CTHR0005,0,0.14,-0.14,0.24,False
2012-10-28,US1CTHR0006,0,0.08,-0.08,0.28,False
2012-10-28,US1CTHR0008,0,0.28,-0.28,0.13,False
2012-10-28,US1CTHR0009,0,0.09,-0.09,0.27,False
2012-10-28,US1CTLT0007,0,0.1,-0.1,0.26,False
2012-10-28,US1CTMD0002,0,0.09,-0.09,0.27,False
2012-10-28,US1CTMD0005,0,0.09,-0.09,0.27,False
2012-10-28,US1CTNH0009,0,0.09,-0.09,0.27,False
2012-10-28,US1CTNH0013,0,0.09,-0.09,0.27,False
2012-10-28,US1CTNH0014,0,0.11,-0.11,0.26,False
2012-10-28,US1CTNH0015,0,0.08,-0.08,0.28,False
2012-10-28,US1MABE0003,0,0.05,-0.05,0.3,False
2012-10-28,US1MAHD0009,0,0.14,-0.14,0.23,False
2012-10-28,US1MAWR0118,0,0.12,-0.12,0.25,False
2012-10-28,US1NJAT0001,0,7.78,-7.78,-5.34,True
2012-10-28,US1NJAT0002,0,7.53,-7.53,-5.15,True
2012-10-28,US1NJAT0005,0,6.44,-6.44,-4.36,True
2012-10-28,US1NJBG0002,0,0.39,-0.39,0.05,False
2012-10-28,US1NJBG0003,0,0.35,-0.35,0.09,False
2012-10-28,US1NJBG0015,0,0.62,-0.62,-0.12,False
2012-10-28,US1NJBG0017,0,0.36,-0.36,0.07,False
2012-10-28,US1NJBG0018,0,0.37,-0.37,0.07,False
2012-10-28,US1NJBG0023,0,0.36,-0.36,0.08,False
2012-10-28,US1NJBG0029,0,0.37,-0.37,0.06,False
2012-10-28,US1NJBG0030,0,0.36,-0.36,0.08,False
2012-10-28,US1NJBT0003,0,6.42,-6.42,-4.34,True
2012-10-28,US1NJBT0004,0,11.42,-11.42,-7.99,True
2012-10-28,US1NJBT0005,0,7.76,-7.76,-5.32,True
2012-10-28,US1NJBT0006,0,7.67,-7.67,-5.26,True
2012-10-28,US1NJBT0007,0,4.98,-4.98,-3.3,False
2012-10-28,US1NJBT0018,23,6.58,16.42,12.31,True
2012-10-28,US1NJBT0023,0,7.4,-7.4,-5.06,True
2012-10-28,US1NJBT0028,0,7.25,-7.25,-4.95,True
2012-10-28,US1NJBT0029,0,6.66,-6.66,-4.52,True
2012-10-28,US1NJBT0032,0,7.3,-7.3,-4.99,True
2012-10-28,US1NJBT0035,0,7.21,-7.21,-4.92,True
2012-10-28,US1NJBT0036,0,6.86,-6.86,-4.66,True
2012-10-28,US1NJBT0037,0,8.29,-8.29,-5.71,True
2012-10-28,US1NJCN0001,0,8.04,-8.04,-5.53,True
2012-10-28,US1NJCN0005,0,7.67,-7.67,-5.26,True
2012-10-28,US1NJCN0011,0,7.64,-7.64,-5.23,True
2012-10-28,US1NJCN0015,0,7.52,-7.52,-5.14,True
2012-10-28,US1NJCN0019,0,9.38,-9.38,-6.5,True
2012-10-28,US1NJCN0020,0,7.57,-7.57,-5.18,True
2012-10-28,US1NJES0015,0,0.55,-0.55,-0.06,False
2012-10-28,US1NJES0018,0,0.91,-0.91,-0.33,False
2012-10-28,US1NJES0019,0,0.64,-0.64,-0.13,False
2012-10-28,US1NJES0020,0,0.63,-0.63,-0.12,False
2012-10-28,US1NJGL0001,0,9.51,-9.51,-6.6,True
2012-10-28,US1NJGL0006,0,8.98,-8.98,-6.21,True
2012-10-28,US1NJGL0011,0,12.26,-12.26,-8.6,True
2012-10-28,US1NJGL0015,0,9.17,-9.17,-6.35,True
2012-10-28,US1NJGL0022,5,11.76,-6.76,-4.6,True
2012-10-28,US1NJGL0023,0,12.46,-12.46,-8.75,True
2012-10-28,US1NJGL0024,3,9.99,-6.99,-4.76,True
2012-10-28,US1NJGL0030,0,9.43,-9.43,-6.54,True
2012-10-28,US1NJGL0031,20,6.31,13.69,10.32,True
2012-10-28,US1NJHN0001,0,2.83,-2.83,-1.73,False
2012-10-28,US1NJHN0003,0,3.27,-3.27,-2.05,False
2012-10-28,US1NJHN0004,0,3.84,-3.84,-2.47,False
2012-10-28,US1NJHN0005,0,3.17,-3.17,-1.98,False
2012-10-28,US1NJHN0007,10,4.61,5.39,4.27,True
2012-10-28,US1NJHN0010,0,3.42,-3.42,-2.16,False
2012-10-28,US1NJHN0011,0,2.64,-2.64,-1.59,False
2012-10-28,US1NJHN0012,30,5.04,24.96,18.54,True
2012-10-28,US1NJHN0015,0,3.69,-3.69,-2.35,False
2012-10-28,US1NJHN0018,0,2.95,-2.95,-1.81,False
2012-10-28,US1NJHN0019,0,3.37,-3.37,-2.12,False
2012-10-28,US1NJHN0021,0,2.86,-2.86,-1.75,False
2012-10-28,US1NJHN0022,0,5.64,-5.64,-3.78,True
2012-10-28,US1NJHN0026,0,5.05,-5.05,-3.34,False
2012-10-28,US1NJHN0029,0,3.06,-3.06,-1.89,False
2012-10-28,US1NJMC0001,0,4.03,-4.03,-2.6,False
2012-10-28,US1NJMC0002,0,3.92,-3.92,-2.52,False
2012-10-28,US1NJMC0003,0,3.54,-3.54,-2.24,False
2012-10-28,US1NJMC0005,0,3.73,-3.73,-2.38,False
2012-10-28,US1NJMC0008,0,4.68,-4.68,-3.08,False
2012-10-28,US1NJMC0009,0,3.56,-3.56,-2.26,False
2012-10-28,US1NJMC0011,0,4.36,-4.36,-2.84,False
2012-10-28,US1NJMC0016,0,3.95,-3.95,-2.54,False
2012-10-28,US1NJMC0022,0,3.52,-3.52,-2.23,False
2012-10-28,US1NJMC0027,0,4.29,-4.29,-2.79,False
2012-10-28,US1NJMC0029,0,4.33,-4.33,-2.82,False
2012-10-28,US1NJMD0002,0,2.43,-2.43,-1.43,False
2012-10-28,US1NJMD0009,0,2.96,-2.96,-1.82,False
2012-10-28,US1NJMD0028,0,2.07,-2.07,-1.17,False
2012-10-28,US1NJMD0033,0,1.59,-1.59,-0.82,False
2012-10-28,US1NJMD0038,0,1.78,-1.78,-0.96,False
2012-10-28,US1NJMD0039,0,2.08,-2.08,-1.18,False
2012-10-28,US1NJMD0043,0,1.55,-1.55,-0.8,False
2012-10-28,US1NJMD0044,0,1.59,-1.59,-0.82,False
2012-10-28,US1NJMD0045,0,1.54,-1.54,-0.78,False
2012-10-28,US1NJMN0005,0,1.61,-1.61,-0.83,False
2012-10-28,US1NJMN0006,0,1.32,-1.32,-0.63,False
2012-10-28,US1NJMN0010,0,1.29,-1.29,-0.6,False
2012-10-28,US1NJMN0015,0,1.84,-1.84,-1.0,False
2012-10-28,US1NJMN0017,0,2.99,-2.99,-1.85,False
2012-10-28,US1NJMN0019,0,1.71,-1.71,-0.91,False
2012-10-28,US1NJMN0020,13,2.67,10.33,7.87,True
2012-10-28,US1NJMN0024,8,3.64,4.36,3.52,True
2012-10-28,US1NJMN0032,0,1.18,-1.18,-0.52,False
2012-10-28,US1NJMN0044,0,1.15,-1.15,-0.5,False
2012-10-28,US1NJMN0048,0,0.86,-0.86,-0.29,False
2012-10-28,US1NJMN0049,8,2.99,5.01,3.99,True
2012-10-28,US1NJMN0052,0,3.68,-3.68,-2.34,False
2012-10-28,US1NJMN0055,0,2.87,-2.87,-1.76,False
2012-10-28,US1NJMN0058,3,2.74,0.26,0.53,False
2012-10-28,US1NJMS0002,0,1.75,-1.75,-0.94,False
2012-10-28,US1NJMS0003,0,1.38,-1.38,-0.67,False
2012-10-28,US1NJMS0006,0,0.98,-0.98,-0.38,False
2012-10-28,US1NJMS0011,0,0.8,-0.8,-0.24,False
2012-10-28,US1NJMS0015,0,1.88,-1.88,-1.03,False
2012-10-28,US1NJMS0018,0,0.81,-0.81,-0.25,False
2012-10-28,US1NJMS0019,0,1.78,-1.78,-0.96,False
2012-10-28,US1NJMS0021,0,1.45,-1.45,-0.72,False
2012-10-28,US1NJMS0022,0,2.13,-2.13,-1.21,False
2012-10-28,US1NJMS0023,0,1.42,-1.42,-0.7,False
2012-10-28,US1NJMS0025,0,1.23,-1.23,-0.56,False
2012-10-28,US1NJMS0031,0,0.91,-0.91,-0.32,False
2012-10-28,US1NJMS0035,0,0.9,-0.9,-0.32,False
2012-10-28,US1NJMS0036,0,0.83,-0.83,-0.27,False
2012-10-28,US1NJMS0040,0,1.21,-1.21,-0.55,False
2012-10-28,US1NJMS0042,0,1.2,-1.2,-0.54,False
2012-10-28,US1NJMS0049,0,1.13,-1.13,-0.49,False
2012-10-28,US1NJMS0050,0,1.75,-1.75,-0.94,False
2012-10-28,US1NJMS0051,0,1.54,-1.54,-0.79,False
2012-10-28,US1NJMS0054,0,2.07,-2.07,-1.17,False
2012-10-28,US1NJMS0061,0,2.98,-2.98,-1.84,False
2012-10-28,US1NJOC0001,0,1.98,-1.98,-1.1,False
2012-10-28,US1NJOC0006,0,1.9,-1.9,-1.05,False
2012-10-28,US1NJOC0008,0,2.08,-2.08,-1.18,False
2012-10-28,US1NJOC0009,0,2.14,-2.14,-1.22,False
2012-10-28,US1NJOC0012,0,4.56,-4.56,-2.99,False
2012-10-28,US1NJOC0013,0,1.79,-1.79,-0.96,False
2012-10-28,US1NJOC0017,0,2.33,-2.33,-1.36,False
2012-10-28,US1NJOC0024,0,2.16,-2.16,-1.23,False
2012-10-28,US1NJOC0036,0,4.95,-4.95,-3.27,False
2012-10-28,US1NJOC0040,0,4.18,-4.18,-2.71,False
2012-10-28,US1NJOC0042,0,3.0,-3.0,-1.85,False
2012-10-28,US1NJPS0004,0,0.38,-0.38,0.06,False
2012-10-28,US1NJPS0005,0,0.33,-0.33,0.1,False
2012-10-28,US1NJPS0012,0,0.54,-0.54,-0.06,False
2012-10-28,US1NJPS0014,0,0.33,-0.33,0.1,False
2012-10-28,US1NJPS0016,0,0.54,-0.54,-0.06,False
2012-10-28,US1NJPS0019,0,0.41,-0.41,0.03,False
2012-10-28,US1NJPS0021,0,0.49,-0.49,-0.02,False
2012-10-28,US1NJPS0022,0,0.4,-0.4,0.04,False
2012-10-28,US1NJSL0002,8,12.2,-4.2,-2.73,False
2012-10-28,US1NJSL0003,0,9.89,-9.89,-6.87,True
2012-10-28,US1NJSM0001,0,2.33,-2.33,-1.36,False
2012-10-28,US1NJSM0002,0,1.71,-1.71,-0.91,False
2012-10-28,US1NJSM0003,0,2.12,-2.12,-1.21,False
2012-10-28,US1NJSM0004,0,1.85,-1.85,-1.01,False
2012-10-28,US1NJSM0005,0,2.05,-2.05,-1.16,False
2012-10-28,US1NJSM0011,0,2.02,-2.02,-1.13,False
2012-10-28,US1NJSM0012,0,2.08,-2.08,-1.18,False
2012-10-28,US1NJSM0015,0,2.8,-2.8,-1.7,False
2012-10-28,US1NJSM0021,0,2.86,-2.86,-1.75,False
2012-10-28,US1NJSM0022,0,3.37,-3.37,-2.12,False
2012-10-28,US1NJSM0026,0,2.06,-2.06,-1.17,False
2012-10-28,US1NJSM0033,0,2.84,-2.84,-1.73,False
2012-10-28,US1NJSM0039,0,2.15,-2.15,-1.23,False
2012-10-28,US1NJSM0045,0,2.32,-2.32,-1.36,False
2012-10-28,US1NJSM0046,0,2.15,-2.15,-1.23,False
2012-10-28,US1NJSM0049,0,2.26,-2.26,-1.31,False
2012-10-28,US1NJSM0050,0,2.34,-2.34,-1.37,False
2012-10-28,US1NJSS0001,0,1.41,-1.41,-0.69,False
2012-10-28,US1NJSS0007,0,0.69,-0.69,-0.17,False
2012-10-28,US1NJSS0020,0,0.63,-0.63,-0.12,False
2012-10-28,US1NJSS0028,0,0.9,-0.9,-0.32,False
2012-10-28,US1NJSS0029,0,1.28,-1.28,-0.6,False
2012-10-28,US1NJUN0010,0,1.39,-1.39,-0.68,False
2012-10-28,US1NJUN0017,0,1.16,-1.16,-0.51,False
2012-10-28,US1NJWR0001,5,6.6,-1.6,-0.83,False
2012-10-28,US1NJWR0004,0,2.78,-2.78,-1.69,False
2012-10-28,US1NJWR0005,0,2.57,-2.57,-1.53,False
2012-10-28,US1NJWR0006,0,2.21,-2.21,-1.27,False
2012-10-28,US1NJWR0007,5,3.26,1.74,1.6,False
2012-10-28,US1NJWR0008,0,2.71,-2.71,-1.64,False
2012-10-28,US1NJWR0012,5,4.21,0.79,0.91,False
2012-10-28,US1NJWR0017,5,3.54,1.46,1.4,False
2012-10-28,US1NJWR0020,5,3.92,1.08,1.12,False
2012-10-28,US1NJWR0021,5,3.71,1.29,1.28,False
2012-10-28,US1NJWR0022,0,2.18,-2.18,-1.25,False
2012-10-28,US1NJWR0023,5,4.42,0.58,0.76,False
2012-10-28,US1NJWR0024,0,3.1,-3.1,-1.92,False
2012-10-28,US1NYCB0001,0,0.1,-0.1,0.26,False
2012-10-28,US1NYCB0006,0,0.04,-0.04,0.3,False
2012-10-28,US1NYDL0005,0,0.12,-0.12,0.25,False
2012-10-28,US1NYDL0009,0,0.13,-0.13,0.24,False
2012-10-28,US1NYDL0022,0,0.03,-0.03,0.31,False
2012-10-28,US1NYDL0023,0,0.27,-0.27,0.14,False
2012-10-28,US1NYDL0024,0,0.17,-0.17,0.22,False
2012-10-28,US1NYDT0004,0,0.14,-0.14,0.24,False
2012-10-28,US1NYDT0005,0,0.12,-0.12,0.25,False
2012-10-28,US1NYDT0008,0,0.1,-0.1,0.27,False
2012-10-28,US1NYDT0010,0,0.1,-0.1,0.26,False
2012-10-28,US1NYDT0012,0,0.1,-0.1,0.26,False
2012-10-28,US1NYGR0005,0,0.04,-0.04,0.31,False
2012-10-28,US1NYGR0006,0,0.03,-0.03,0.32,False
2012-10-28,US1NYGR0007,0,0.0,0.0,0.34,False
2012-10-28,US1NYPT0002,0,0.24,-0.24,0.16,False
2012-10-28,US1NYPT0004,0,0.18,-0.18,0.21,False
2012-10-28,US1NYQN0002,0,0.28,-0.28,0.13,False
2012-10-28,US1NYRC0001,0,1.21,-1.21,-0.54,False
2012-10-28,US1NYRC0002,0,1.03,-1.03,-0.41,False
2012-10-28,US1NYRL0005,0,0.26,-0.26,0.15,False
2012-10-28,US1NYSF0002,0,0.02,-0.02,0.32,False
2012-10-28,US1NYSF0003,0,0.0,0.0,0.34,False
2012-10-28,US1NYSF0016,0,0.05,-0.05,0.3,False
2012-10-28,US1NYSF0024,0,0.05,-0.05,0.3,False
2012-10-28,US1NYSV0005,0,0.43,-0.43,0.03,False
2012-10-28,US1NYSV0006,0,0.41,-0.41,0.04,False
2012-10-28,US1NYSV0008,0,0.43,-0.43,0.02,False
2012-10-28,US1NYUL0002,0,0.07,-0.07,0.29,False
2012-10-28,US1NYUL0003,0,0.08,-0.08,0.28,False
2012-10-28,US1NYUL0004,0,0.09,-0.09,0.27,False
2012-10-28,US1NYUL0006,0,0.11,-0.11,0.25,False
2012-10-28,US1NYUL0008,0,0.1,-0.1,0.26,False
2012-10-28,US1NYUL0009,0,0.13,-0.13,0.24,False
2012-10-28,US1NYWC0006,0,0.09,-0.09,0.27,False
2012-10-28,US1NYWC0007,0,0.09,-0.09,0.27,False
2012-10-28,US1NYWC0011,0,0.25,-0.25,0.15,False
2012-10-28,US1PABK0004,10,9.84,0.16,0.45,False
2012-10-28,US1PABK0005,28,11.3,16.7,12.52,True
2012-10-28,US1PABK0013,0,9.68,-9.68,-6.72,True
2012-10-28,US1PABK0014,0,6.48,-6.48,-4.39,True
2012-10-28,US1PABK0015,28,8.4,19.6,14.63,True
2012-10-28,US1PABK0026,23,10.22,12.78,9.66,True
2012-10-28,US1PACB0015,0,5.59,-5.59,-3.74,True
2012-10-28,US1PACH0018,36,13.3,22.7,16.89,True
2012-10-28,US1PACH0020,8,15.57,-7.57,-5.19,True
2012-10-28,US1PADL0009,8,18.91,-10.91,-7.62,True
2012-10-28,US1PAMN0008,5,3.89,1.11,1.15,False
2012-10-28,US1PAMN0009,8,2.5,5.5,4.35,True
2012-10-28,US1PAMT0006,33,11.84,21.16,15.76,True
2012-10-28,US1PAMT0007,8,12.61,-4.61,-3.02,False
2012-10-28,US1PAMT0009,0,13.1,-13.1,-9.22,True
2012-10-28,US1PAMT0013,43,13.76,29.24,21.66,True
2012-10-28,US1PAMT0016,28,14.43,13.57,10.23,True
2012-10-28,US1PAMT0020,3,13.79,-10.79,-7.53,True
2012-10-28,US1PAMT0022,15,13.79,1.21,1.22,False
2012-10-28,US1PAMT0037,18,12.18,5.82,4.58,True
2012-10-28,US1PAMT0048,36,11.92,24.08,17.89,True
2012-10-28,US1PAMT0051,15,12.74,2.26,1.98,False
2012-10-28,US1PAMT0053,18,11.66,6.34,4.96,True
2012-10-28,US1PAMT0056,15,13.15,1.85,1.69,False
2012-10-28,US1PAMT0063,0,9.27,-9.27,-6.42,True
2012-10-28,US1PAMT0064,48,13.72,34.28,25.33,True
2012-10-28,US1PAMT0067,13,11.51,1.49,1.42,False
2012-10-28,US1PAMT0072,25,15.21,9.79,7.47,True
2012-10-28,US1PAMT0078,30,12.97,17.03,12.76,True
2012-10-28,US1PANH0001,0,5.02,-5.02,-3.32,False
2012-10-28,US1PANH0005,5,6.69,-1.69,-0.89,False
2012-10-28,US1PANH0009,5,6.49,-1.49,-0.75,False
2012-10-28,US1PANH0010,13,6.41,6.59,5.14,True
2012-10-28,US1PAPH0004,0,9.1,-9.1,-6.3,True
2012-10-28,US1PAPH0006,0,11.33,-11.33,-7.92,True
2012-10-28,US1PAPH0008,0,10.38,-10.38,-7.23,True
2012-10-28,US1PAPK0004,0,1.49,-1.49,-0.75,False
2012-10-28,US1PASS0006,0,0.9,-0.9,-0.32,False
2012-10-28,US1PAWN0004,0,1.85,-1.85,-1.02,False
2012-10-28,US1PAWN0008,0,0.75,-0.75,-0.21,False
2012-10-28,US1PAWN0010,0,0.44,-0.44,0.02,False
2012-10-28,US1PAWN0012,0,0.93,-0.93,-0.34,False
2012-10-28,US1PAWN0013,5,0.9,4.1,3.32,False
2012-10-28,US1PAWN0026,3,0.72,2.28,2.0,False
2012-10-28,US1PAWN0035,0,1.37,-1.37,-0.66,False
2012-10-28,US1PAWN0037,0,0.92,-0.92,-0.34,False
2012-10-28,US1PAWN0038,3,1.06,1.94,1.75,False
2012-10-28,US1PAWN0041,0,1.64,-1.64,-0.86,False
2012-10-28,US1PAWN0042,0,0.24,-0.24,0.16,False
2012-10-28,US1PAWN0044,0,0.46,-0.46,-0.0,False
2012-10-28,USC00060128,0,0.08,-0.08,0.28,False
2012-10-28,USC00060227,0,0.12,-0.12,0.25,False
2012-10-28,USC00060299,0,0.11,-0.11,0.26,False
2012-10-28,USC00060808,0,0.07,-0.07,0.28,False
2012-10-28,USC00060961,0,0.1,-0.1,0.26,False
2012-10-28,USC00060973,0,0.12,-0.12,0.25,False
2012-10-28,USC00062658,0,0.1,-0.1,0.26,False
2012-10-28,USC00063420,0,0.38,-0.38,0.06,False
2012-10-28,USC00065445,0,0.13,-0.13,0.24,False
2012-10-28,USC00065910,0,0.21,-0.21,0.19,False
2012-10-28,USC00066655,0,0.06,-0.06,0.29,False
2012-10-28,USC00066966,0,0.09,-0.09,0.27,False
2012-10-28,USC00067373,0,0.11,-0.11,0.26,False
2012-10-28,USC00067958,0,0.15,-0.15,0.22,False
2012-10-28,USC00067970,0,0.07,-0.07,0.29,False
2012-10-28,USC00068065,0,0.09,-0.09,0.27,False
2012-10-28,USC00068138,0,0.46,-0.46,0.0,False
2012-10-28,USC00068330,0,0.11,-0.11,0.26,False
2012-10-28,USC00068436,0,0.11,-0.11,0.26,False
2012-10-28,USC00190120,0,0.11,-0.11,0.26,False
2012-10-28,USC00190408,0,0.15,-0.15,0.23,False
2012-10-28,USC00190562,0,0.11,-0.11,0.25,False
2012-10-28,USC00192107,0,0.12,-0.12,0.25,False
2012-10-28,USC00193172,3,0.03,2.97,2.51,False
2012-10-28,USC00193213,0,0.05,-0.05,0.3,False
2012-10-28,USC00193402,0,0.12,-0.12,0.25,False
2012-10-28,USC00194131,0,0.06,-0.06,0.3,False
2012-10-28,USC00194154,0,0.07,-0.07,0.28,False
2012-10-28,USC00197627,0,0.12,-0.12,0.25,False
2012-10-28,USC00198278,0,0.07,-0.07,0.28,False
2012-10-28,USC00198793,0,0.11,-0.11,0.26,False
2012-10-28,USC00199193,0,0.52,-0.52,-0.05,False
2012-10-28,USC00199371,0,0.09,-0.09,0.27,False
2012-10-28,USC00199972,0,0.13,-0.13,0.24,False
2012-10-28,USC00280331,0,7.36,-7.36,-5.03,True
2012-10-28,USC00280734,23,3.69,19.31,14.42,True
2012-10-28,USC00280847,0,2.35,-2.35,-1.38,False
2012-10-28,USC00280907,0,0.78,-0.78,-0.23,False
2012-10-28,USC00280927,0,2.22,-2.22,-1.28,False
2012-10-28,USC00280990,0,3.44,-3.44,-2.17,False
2012-10-28,USC00281327,0,0.59,-0.59,-0.09,False
2012-10-28,USC00281335,0,1.13,-1.13,-0.48,False
2012-10-28,USC00281582,0,0.67,-0.67,-0.15,False
2012-10-28,USC00282023,0,1.24,-1.24,-0.57,False
2012-10-28,USC00283029,0,3.58,-3.58,-2.28,False
2012-10-28,USC00283181,0,2.66,-2.66,-1.6,False
2012-10-28,USC00283662,0,6.37,-6.37,-4.31,True
2012-10-28,USC00283704,0,0.66,-0.66,-0.14,False
2012-10-28,USC00283951,0,3.66,-3.66,-2.33,False
2012-10-28,USC00284229,41,5.76,35.24,26.03,True
2012-10-28,USC00284635,0,5.6,-5.6,-3.75,True
2012-10-28,USC00284987,0,0.86,-0.86,-0.29,False
2012-10-28,USC00285503,0,0.38,-0.38,0.06,False
2012-10-28,USC00285728,23,5.34,17.66,13.22,True
2012-10-28,USC00286055,0,2.08,-2.08,-1.18,False
2012-10-28,USC00286146,0,0.35,-0.35,0.08,False
2012-10-28,USC00286460,0,0.67,-0.67,-0.15,False
2012-10-28,USC00286864,0,7.83,-7.83,-5.38,True
2012-10-28,USC00286964,0,6.85,-6.85,-4.65,True
2012-10-28,USC00286979,0,5.86,-5.86,-3.93,True
2012-10-28,USC00287301,0,2.39,-2.39,-1.41,False
2012-10-28,USC00287486,13,6.21,6.79,5.29,True
2012-10-28,USC00288173,0,7.78,-7.78,-5.33,True
2012-10-28,USC00288644,0,0.61,-0.61,-0.11,False
2012-10-28,USC00289187,0,0.42,-0.42,0.03,False
2012-10-28,USC00289363,0,3.6,-3.6,-2.28,False
2012-10-28,USC00289832,0,0.39,-0.39,0.05,False
2012-10-28,USC00300063,0,0.03,-0.03,0.31,False
2012-10-28,USC00300254,0,0.11,-0.11,0.26,False
2012-10-28,USC00300364,0,0.0,0.0,0.34,False
2012-10-28,USC00300732,0,0.44,-0.44,0.02,False
2012-10-28,USC00300889,0,0.06,-0.06,0.3,False
2012-10-28,USC00300961,0,0.23,-0.23,0.17,False
2012-10-28,USC00301102,0,0.43,-0.43,0.02,False
2012-10-28,USC00301211,0,0.13,-0.13,0.24,False
2012-10-28,USC00301309,0,0.18,-0.18,0.2,False
2012-10-28,USC00302366,0,0.07,-0.07,0.29,False
2012-10-28,USC00302454,0,0.15,-0.15,0.23,False
2012-10-28,USC00302582,0,0.18,-0.18,0.21,False
2012-10-28,USC00304575,0,0.0,0.0,0.34,False
2012-10-28,USC00304731,0,0.35,-0.35,0.08,False
2012-10-28,USC00305113,0,0.0,0.0,0.34,False
2012-10-28,USC00305142,0,0.04,-0.04,0.31,False
2012-10-28,USC00305426,0,0.12,-0.12,0.25,False
2012-10-28,USC00305606,0,0.05,-0.05,0.3,False
2012-10-28,USC00306217,0,0.04,-0.04,0.31,False
2012-10-28,USC00306570,0,0.12,-0.12,0.25,False
2012-10-28,USC00306649,0,0.07,-0.07,0.29,False
2012-10-28,USC00306774,0,0.76,-0.76,-0.22,False
2012-10-28,USC00306820,0,0.1,-0.1,0.26,False
2012-10-28,USC00307035,0,0.1,-0.1,0.27,False
2012-10-28,USC00307134,0,0.02,-0.02,0.32,False
2012-10-28,USC00307210,0,0.49,-0.49,-0.02,False
2012-10-28,USC00307633,0,0.05,-0.05,0.3,False
2012-10-28,USC00307799,0,0.15,-0.15,0.23,False
2012-10-28,USC00308670,0,0.17,-0.17,0.21,False
2012-10-28,USC00308721,0,0.0,0.0,0.34,False
2012-10-28,USC00308932,0,0.15,-0.15,0.23,False
2012-10-28,USC00309292,8,0.0,8.0,6.17,True
2012-10-28,USC00309670,0,0.1,-0.1,0.27,False
2012-10-28,USC00361737,5,14.63,-9.63,-6.68,True
2012-10-28,USC00362671,0,0.46,-0.46,0.0,False
2012-10-28,USC00363437,18,12.18,5.82,4.58,True
2012-10-28,USC00363488,10,10.82,-0.82,-0.26,False
2012-10-28,USC00363758,0,1.72,-1.72,-0.92,False
2012-10-28,USC00365390,155,10.93,144.07,105.4,True
2012-10-28,USC00365738,0,0.71,-0.71,-0.18,False
2012-10-28,USC00366194,38,6.1,31.9,23.6,True
2012-10-28,USC00366370,46,13.51,32.49,24.03,True
2012-10-28,USC00366886,0,10.9,-10.9,-7.61,True
2012-10-28,USC00366927,33,13.44,19.56,14.6,True
2012-10-28,USC00367029,0,0.24,-0.24,0.16,False
2012-10-28,USC00367938,25,11.51,13.49,10.18,True
2012-10-28,USC00368263,0,8.39,-8.39,-5.78,True
2012-10-28,USC00368400,3,7.24,-4.24,-2.75,False
2012-10-28,USC00368596,13,3.3,9.7,7.41,True
2012-10-28,USW00004781,0,0.05,-0.05,0.3,False
2012-10-28,USW00004789,0,0.31,-0.31,0.11,False
2012-10-28,USW00013739,104,9.28,94.72,69.41,True
2012-10-28,USW00014707,0,0.11,-0.11,0.26,False
2012-10-28,USW00014719,0,0.0,0.0,0.34,False
2012-10-28,USW00014732,0,0.26,-0.26,0.15,False
2012-10-28,USW00014734,0,0.86,-0.86,-0.29,False
2012-10-28,USW00014737,5,7.06,-2.06,-1.17,False
2012-10-28,USW00014740,0,0.14,-0.14,0.24,False
2012-10-28,USW00014752,0,0.09,-0.09,0.27,False
2012-10-28,USW00014757,0,0.11,-0.11,0.26,False
2012-10-28,USW00014758,0,0.1,-0.1,0.26,False
2012-10-28,USW00014763,0,0.06,-0.06,0.29,False
2012-10-28,USW00014775,0,0.21,-0.21,0.18,False
2012-10-28,USW00014792,5,4.24,0.76,0.89,False
2012-10-28,USW00054734,0,0.09,-0.09,0.27,False
2012-10-28,USW00054743,0,0.63,-0.63,-0.13,False
2012-10-28,USW00054767,3,0.04,2.96,2.49,False
2012-10-28,USW00054779,0,1.34,-1.34,-0.64,False
2012-10-28,USW00054785,0,2.1,-2.1,-1.19,False
2012-10-28,USW00054786,30,8.5,21.5,16.02,True
2012-10-28,USW00054787,0,0.23,-0.23,0.17,False
2012-10-28,USW00054788,0,0.11,-0.11,0.26,False
2012-10-28,USW00054789,3,2.97,0.03,0.36,False
2012-10-28,USW00054790,0,0.0,0.0,0.34,False
2012-10-28,USW00054793,0,0.66,-0.66,-0.14,False
2012-10-28,USW00064756,0,0.1,-0.1,0.27,False
2012-10-28,USW00093780,36,6.37,29.63,21.94,True
2012-10-28,USW00094702,0,0.06,-0.06,0.3,False
2012-10-28,USW00094728,0,0.4,-0.4,0.05,False
2012-10-28,USW00094732,28,7.62,20.38,15.2,True
2012-10-28,USW00094741,0,0.4,-0.4,0.04,False
2012-10-28,USW00094745,0,0.07,-0.07,0.29,False
2012-10-28,USW00094789,0,0.22,-0.22,0.18,False
2012-10-29,US1CTFR0002,0,29.03,-29.03,-0.44,False
2012-10-29,US1CTFR0009,0,27.35,-27.35,-0.37,False
2012-10-29,US1CTFR0020,0,32.2,-32.2,-0.58,False
2012-10-29,US1CTHR0005,5,33.73,-28.73,-0.43,False
2012-10-29,US1CTHR0006,0,22.73,-22.73,-0.17,False
2012-10-29,US1CTHR0008,3,21.92,-18.92,0.0,False
2012-10-29,US1CTHR0009,0,22.89,-22.89,-0.17,False
2012-10-29,US1CTLT0007,0,18.01,-18.01,0.04,False
2012-10-29,US1CTMD0002,3,22.2,-19.2,-0.01,False
2012-10-29,US1CTMD0005,0,26.69,-26.69,-0.34,False
2012-10-29,US1CTNH0013,3,28.66,-25.66,-0.29,False
2012-10-29,US1CTNH0014,10,21.92,-11.92,0.3,False
2012-10-29,US1CTNH0015,20,23.64,-3.64,0.66,False
2012-10-29,US1MABE0003,0,18.35,-18.35,0.03,False
2012-10-29,US1MABE0004,0,18.72,-18.72,0.01,False
2012-10-29,US1MAHD0009,5,24.95,-19.95,-0.04,False
2012-10-29,US1MAHS0002,5,21.18,-16.18,0.12,False
2012-10-29,US1MAWR0006,38,27.79,10.21,1.27,False
2012-10-29,US1MAWR0118,28,28.32,-0.32,0.81,False
2012-10-29,US1NJAT0001,462,251.75,210.25,9.96,True
2012-10-29,US1NJAT0002,414,254.12,159.88,7.77,True
2012-10-29,US1NJAT0005,406,256.57,149.43,7.31,True
2012-10-29,US1NJBG0002,0,33.31,-33.31,-0.62,False
2012-10-29,US1NJBG0003,0,37.55,-37.55,-0.81,False
2012-10-29,US1NJBG0015,5,31.48,-26.48,-0.33,False
2012-10-29,US1NJBG0017,0,27.31,-27.31,-0.36,False
2012-10-29,US1NJBG0018,5,40.0,-35.0,-0.7,False
2012-10-29,US1NJBG0023,0,18.66,-18.66,0.01,False
2012-10-29,US1NJBG0029,0,19.02,-19.02,-0.0,False
2012-10-29,US1NJBG0030,0,18.81,-18.81,0.01,False
2012-10-29,US1NJBT0003,51,152.07,-101.07,-3.57,True
2012-10-29,US1NJBT0004,191,271.42,-80.42,-2.67,False
2012-10-29,US1NJBT0005,239,231.38,7.62,1.15,False
2012-10-29,US1NJBT0006,239,184.59,54.41,3.19,False
2012-10-29,US1NJBT0007,221,126.53,94.47,4.93,True
2012-10-29,US1NJBT0010,132,170.76,-38.76,-0.86,False
2012-10-29,US1NJBT0018,340,214.96,125.04,6.26,True
2012-10-29,US1NJBT0023,170,178.65,-8.65,0.45,False
2012-10-29,US1NJBT0025,318,181.19,136.81,6.77,True
2012-10-29,US1NJBT0028,279,220.14,58.86,3.38,False
2012-10-29,US1NJBT0029,180,197.13,-17.13,0.08,False
2012-10-29,US1NJBT0032,244,215.72,28.28,2.05,False
2012-10-29,US1NJBT0035,119,200.78,-81.78,-2.73,False
2012-10-29,US1NJBT0036,241,220.6,20.4,1.71,False
2012-10-29,US1NJBT0037,132,216.49,-84.49,-2.85,False
2012-10-29,US1NJBT0040,226,188.56,37.44,2.45,False
2012-10-29,US1NJBT0045,206,172.8,33.2,2.26,False
2012-10-29,US1NJBT0052,361,170.15,190.85,9.11,True
2012-10-29,US1NJCN0001,122,176.26,-54.26,-1.54,False
2012-10-29,US1NJCN0005,267,238.01,28.99,2.08,False
2012-10-29,US1NJCN0011,513,213.25,299.75,13.85,True
2012-10-29,US1NJCN0015,216,230.46,-14.46,0.19,False
2012-10-29,US1NJCN0017,295,221.0,74.0,4.04,True
2012-10-29,US1NJCN0019,157,197.55,-40.55,-0.94,False
2012-10-29,US1NJCN0020,145,236.03,-91.03,-3.13,False
2012-10-29,US1NJES0015,0,27.95,-27.95,-0.39,False
2012-10-29,US1NJES0018,3,35.84,-32.84,-0.6,False
2012-10-29,US1NJES0019,38,26.77,11.23,1.31,False
2012-10-29,US1NJES0020,0,31.23,-31.23,-0.53,False
2012-10-29,US1NJGL0001,295,241.65,53.35,3.14,False
2012-10-29,US1NJGL0006,310,247.41,62.59,3.54,True
2012-10-29,US1NJGL0011,368,241.43,126.57,6.32,True
2012-10-29,US1NJGL0012,137,236.59,-99.59,-3.5,True
2012-10-29,US1NJGL0015,193,280.75,-87.75,-2.99,False
2012-10-29,US1NJGL0017,262,251.08,10.92,1.3,False
2012-10-29,US1NJGL0022,249,241.11,7.89,1.17,False
2012-10-29,US1NJGL0023,371,224.91,146.09,7.17,True
2012-10-29,US1NJGL0024,376,244.8,131.2,6.52,True
2012-10-29,US1NJGL0030,305,278.48,26.52,1.97,False
2012-10-29,US1NJGL0031,660,234.09,425.91,19.33,True
2012-10-29,US1NJHD0002,0,31.76,-31.76,-0.56,False
2012-10-29,US1NJHN0001,0,40.37,-40.37,-0.93,False
2012-10-29,US1NJHN0003,5,49.01,-44.01,-1.09,False
2012-10-29,US1NJHN0004,5,54.54,-49.54,-1.33,False
2012-10-29,US1NJHN0005,51,56.58,-5.58,0.58,False
2012-10-29,US1NJHN0007,5,53.0,-48.0,-1.26,False
2012-10-29,US1NJHN0009,13,60.57,-47.57,-1.24,False
2012-10-29,US1NJHN0010,51,65.5,-14.5,0.19,False
2012-10-29,US1NJHN0011,0,52.98,-52.98,-1.48,False
2012-10-29,US1NJHN0012,8,57.06,-49.06,-1.31,False
2012-10-29,US1NJHN0015,8,67.99,-59.99,-1.78,False
2012-10-29,US1NJHN0018,18,42.35,-24.35,-0.24,False
2012-10-29,US1NJHN0019,0,53.27,-53.27,-1.49,False
2012-10-29,US1NJHN0021,0,44.59,-44.59,-1.11,False
2012-10-29,US1NJHN0022,10,82.1,-72.1,-2.31,False
2012-10-29,US1NJHN0026,10,64.36,-54.36,-1.54,False
2012-10-29,US1NJHN0029,46,58.22,-12.22,0.29,False
2012-10-29,US1NJMC0001,23,92.34,-69.34,-2.19,False
2012-10-29,US1NJMC0002,46,102.15,-56.15,-1.62,False
2012-10-29,US1NJMC0003,66,86.83,-20.83,-0.08,False
2012-10-29,US1NJMC0005,3,91.17,-88.17,-3.01,False
2012-10-29,US1NJMC0008,5,98.16,-93.16,-3.23,False
2012-10-29,US1NJMC0009,8,88.23,-80.23,-2.66,False
2012-10-29,US1NJMC0011,5,104.58,-99.58,-3.5,True
2012-10-29,US1NJMC0016,71,104.28,-33.28,-0.62,False
2012-10-29,US1NJMC0021,152,108.82,43.18,2.7,False
2012-10-29,US1NJMC0022,10,87.18,-77.18,-2.53,False
2012-10-29,US1NJMC0027,36,87.27,-51.27,-1.41,False
2012-10-29,US1NJMC0029,5,112.82,-107.82,-3.86,True
2012-10-29,US1NJMC0030,137,87.0,50.0,2.99,False
2012-10-29,US1NJMD0002,10,69.44,-59.44,-1.76,False
2012-10-29,US1NJMD0006,102,89.51,12.49,1.37,False
2012-10-29,US1NJMD0009,109,73.79,35.21,2.35,False
2012-10-29,US1NJMD0023,86,46.23,39.77,2.55,False
2012-10-29,US1NJMD0028,38,61.9,-23.9,-0.22,False
2012-10-29,US1NJMD0033,13,47.02,-34.02,-0.66,False
2012-10-29,US1NJMD0038,23,53.48,-30.48,-0.5,False
2012-10-29,US1NJMD0043,10,51.27,-41.27,-0.97,False
2012-10-29,US1NJMD0044,10,48.34,-38.34,-0.84,False
2012-10-29,US1NJMD0045,0,50.05,-50.05,-1.35,False
2012-10-29,US1NJMN0005,94,99.08,-5.08,0.6,False
2012-10-29,US1NJMN0006,56,70.88,-14.88,0.18,False
2012-10-29,US1NJMN0008,99,128.97,-29.97,-0.48,False
2012-10-29,US1NJMN0010,36,77.27,-41.27,-0.97,False
2012-10-29,US1NJMN0015,53,73.29,-20.29,-0.06,False
2012-10-29,US1NJMN0016,5,99.78,-94.78,-3.3,False
2012-10-29,US1NJMN0017,66,103.62,-37.62,-0.81,False
2012-10-29,US1NJMN0019,160,97.18,62.82,3.55,True
2012-10-29,US1NJMN0024,445,100.4,344.6,15.79,True
2012-10-29,US1NJMN0032,20,67.5,-47.5,-1.24,False
2012-10-29,US1NJMN0044,18,56.02,-38.02,-0.83,False
2012-10-29,US1NJMN0048,46,56.93,-10.93,0.35,False
2012-10-29,US1NJMN0049,127,140.19,-13.19,0.25,False
2012-10-29,US1NJMN0051,25,53.83,-28.83,-0.43,False
2012-10-29,US1NJMN0055,165,89.79,75.21,4.09,True
2012-10-29,US1NJMN0058,58,88.99,-30.99,-0.52,False
2012-10-29,US1NJMS0002,13,43.74,-30.74,-0.51,False
2012-10-29,US1NJMS0003,0,30.83,-30.83,-0.52,False
2012-10-29,US1NJMS0006,0,22.48,-22.48,-0.15,False
2012-10-29,US1NJMS0011,0,23.31,-23.31,-0.19,False
2012-10-29,US1NJMS0018,0,20.24,-20.24,-0.06,False
2012-10-29,US1NJMS0019,10,43.81,-33.81,-0.65,False
2012-10-29,US1NJMS0021,0,26.79,-26.79,-0.34,False
2012-10-29,US1NJMS0022,0,27.87,-27.87,-0.39,False
2012-10-29,US1NJMS0023,0,25.33,-25.33,-0.28,False
2012-10-29,US1NJMS0025,0,24.95,-24.95,-0.26,False
2012-10-29,US1NJMS0031,0,22.3,-22.3,-0.15,False
2012-10-29,US1NJMS0035,0,21.81,-21.81,-0.13,False
2012-10-29,US1NJMS0036,0,25.24,-25.24,-0.27,False
2012-10-29,US1NJMS0040,0,35.56,-35.56,-0.72,False
2012-10-29,US1NJMS0042,0,23.71,-23.71,-0.21,False
2012-10-29,US1NJMS0050,0,35.2,-35.2,-0.71,False
2012-10-29,US1NJMS0051,0,26.51,-26.51,-0.33,False
2012-10-29,US1NJMS0054,0,28.17,-28.17,-0.4,False
2012-10-29,US1NJMS0061,0,36.7,-36.7,-0.77,False
2012-10-29,US1NJOC0001,84,130.82,-46.82,-1.21,False
2012-10-29,US1NJOC0006,193,116.91,76.09,4.13,True
2012-10-29,US1NJOC0008,254,135.19,118.81,5.98,True
2012-10-29,US1NJOC0009,132,146.08,-14.08,0.21,False
2012-10-29,US1NJOC0012,450,198.82,251.18,11.74,True
2012-10-29,US1NJOC0013,122,121.89,0.11,0.83,False
2012-10-29,US1NJOC0017,191,159.65,31.35,2.18,False
2012-10-29,US1NJOC0019,107,148.0,-41.0,-0.96,False
2012-10-29,US1NJOC0033,81,110.07,-29.07,-0.44,False
2012-10-29,US1NJOC0034,119,109.93,9.07,1.22,False
2012-10-29,US1NJOC0036,226,212.08,13.92,1.43,False
2012-10-29,US1NJOC0040,109,115.54,-6.54,0.54,False
2012-10-29,US1NJOC0042,157,152.25,4.75,1.03,False
2012-10-29,US1NJOC0049,107,115.05,-8.05,0.47,False
2012-10-29,US1NJOC0051,318,211.93,106.07,5.43,True
2012-10-29,US1NJPS0004,0,23.46,-23.46,-0.2,False
2012-10-29,US1NJPS0005,0,21.98,-21.98,-0.13,False
2012-10-29,US1NJPS0012,0,26.45,-26.45,-0.33,False
2012-10-29,US1NJPS0014,0,22.42,-22.42,-0.15,False
2012-10-29,US1NJPS0016,0,18.85,-18.85,0.0,False
2012-10-29,US1NJPS0018,0,25.38,-25.38,-0.28,False
2012-10-29,US1NJPS0019,10,17.71,-7.71,0.49,False
2012-10-29,US1NJPS0021,0,18.99,-18.99,-0.0,False
2012-10-29,US1NJPS0022,8,20.03,-12.03,0.3,False
2012-10-29,US1NJSL0002,295,248.84,46.16,2.83,False
2012-10-29,US1NJSL0003,213,249.12,-36.12,-0.75,False
2012-10-29,US1NJSM0001,8,62.68,-54.68,-1.55,False
2012-10-29,US1NJSM0003,43,63.05,-20.05,-0.05,False
2012-10-29,US1NJSM0004,33,44.11,-11.11,0.34,False
2012-10-29,US1NJSM0005,3,49.04,-46.04,-1.18,False
2012-10-29,US1NJSM0011,3,47.46,-44.46,-1.11,False
2012-10-29,US1NJSM0021,38,68.41,-30.41,-0.5,False
2012-10-29,US1NJSM0022,25,80.2,-55.2,-1.58,False
2012-10-29,US1NJSM0027,46,61.9,-15.9,0.13,False
2012-10-29,US1NJSM0033,5,63.15,-58.15,-1.7,False
2012-10-29,US1NJSM0039,8,58.03,-50.03,-1.35,False
2012-10-29,US1NJSM0046,56,48.05,7.95,1.17,False
2012-10-29,US1NJSM0049,0,52.58,-52.58,-1.46,False
2012-10-29,US1NJSM0050,0,50.18,-50.18,-1.36,False
2012-10-29,US1NJSS0001,0,26.39,-26.39,-0.32,False
2012-10-29,US1NJSS0003,0,16.68,-16.68,0.1,False
2012-10-29,US1NJSS0007,0,18.54,-18.54,0.02,False
2012-10-29,US1NJSS0020,0,15.42,-15.42,0.15,False
2012-10-29,US1NJSS0026,0,19.21,-19.21,-0.01,False
2012-10-29,US1NJSS0027,127,19.51,107.49,5.49,True
2012-10-29,US1NJSS0029,0,24.05,-24.05,-0.22,False
2012-10-29,US1NJUN0010,20,39.67,-19.67,-0.03,False
2012-10-29,US1NJUN0014,8,39.84,-31.84,-0.56,False
2012-10-29,US1NJUN0018,0,37.77,-37.77,-0.82,False
2012-10-29,US1NJWR0001,30,54.5,-24.5,-0.24,False
2012-10-29,US1NJWR0004,0,27.19,-27.19,-0.36,False
2012-10-29,US1NJWR0005,0,31.91,-31.91,-0.56,False
2012-10-29,US1NJWR0006,0,26.8,-26.8,-0.34,False
2012-10-29,US1NJWR0007,8,32.0,-24.0,-0.22,False
2012-10-29,US1NJWR0008,5,26.6,-21.6,-0.12,False
2012-10-29,US1NJWR0012,3,45.71,-42.71,-1.03,False
2012-10-29,US1NJWR0017,5,34.06,-29.06,-0.44,False
2012-10-29,US1NJWR0020,5,35.34,-30.34,-0.5,False
2012-10-29,US1NJWR0021,5,36.92,-31.92,-0.56,False
2012-10-29,US1NJWR0022,3,24.57,-21.57,-0.11,False
2012-10-29,US1NJWR0023,10,36.87,-26.87,-0.35,False
2012-10-29,US1NJWR0024,10,27.13,-17.13,0.08,False
2012-10-29,US1NYCB0001,0,15.0,-15.0,0.17,False
2012-10-29,US1NYCB0006,0,16.55,-16.55,0.1,False
2012-10-29,US1NYDL0005,5,0.97,4.03,1.0,False
2012-10-29,US1NYDL0009,0,2.76,-2.76,0.7,False
2012-10-29,US1NYDL0022,0,1.4,-1.4,0.76,False
2012-10-29,US1NYDL0023,0,4.54,-4.54,0.63,False
2012-10-29,US1NYDL0024,0,0.23,-0.23,0.81,False
2012-10-29,US1NYDL0025,0,4.6,-4.6,0.62,False
2012-10-29,US1NYDT0004,0,21.57,-21.57,-0.11,False
2012-10-29,US1NYDT0005,0,20.88,-20.88,-0.08,False
2012-10-29,US1NYDT0008,0,25.61,-25.61,-0.29,False
2012-10-29,US1NYDT0010,0,22.29,-22.29,-0.15,False
2012-10-29,US1NYDT0012,147,18.07,128.93,6.42,True
2012-10-29,US1NYGR0005,0,11.35,-11.35,0.33,False
2012-10-29,US1NYGR0006,0,9.17,-9.17,0.42,False
2012-10-29,US1NYGR0007,0,8.21,-8.21,0.47,False
2012-10-29,US1NYNS0006,13,49.47,-36.47,-0.76,False
2012-10-29,US1NYNS0007,10,44.41,-34.41,-0.67,False
2012-10-29,US1NYPT0002,0,22.36,-22.36,-0.15,False
2012-10-29,US1NYPT0004,0,22.16,-22.16,-0.14,False
2012-10-29,US1NYQN0002,10,45.73,-35.73,-0.73,False
2012-10-29,US1NYRC0002,0,54.62,-54.62,-1.55,False
2012-10-29,US1NYRL0005,0,29.12,-29.12,-0.44,False
2012-10-29,US1NYSF0002,0,32.85,-32.85,-0.6,False
2012-10-29,US1NYSF0003,0,41.83,-41.83,-1.0,False
2012-10-29,US1NYSF0007,0,30.54,-30.54,-0.5,False
2012-10-29,US1NYSF0016,0,34.33,-34.33,-0.67,False
2012-10-29,US1NYSF0017,56,46.96,9.04,1.22,False
2012-10-29,US1NYSF0019,18,33.57,-15.57,0.15,False
2012-10-29,US1NYSF0024,3,56.34,-53.34,-1.5,False
2012-10-29,US1NYSV0005,0,13.09,-13.09,0.25,False
2012-10-29,US1NYSV0006,0,6.43,-6.43,0.54,False
2012-10-29,US1NYSV0008,0,14.72,-14.72,0.18,False
2012-10-29,US1NYUL0001,0,13.21,-13.21,0.25,False
2012-10-29,US1NYUL0002,0,10.92,-10.92,0.35,False
2012-10-29,US1NYUL0003,0,13.45,-13.45,0.24,False
2012-10-29,US1NYUL0004,0,11.37,-11.37,0.33,False
2012-10-29,US1NYUL0006,0,18.31,-18.31,0.03,False
2012-10-29,US1NYUL0009,0,19.03,-19.03,-0.0,False
2012-10-29,US1NYWC0006,3,27.78,-24.78,-0.25,False
2012-10-29,US1NYWC0007,0,17.36,-17.36,0.07,False
2012-10-29,US1NYWC0011,0,25.38,-25.38,-0.28,False
2012-10-29,US1PABK0005,28,102.17,-74.17,-2.4,False
2012-10-29,US1PABK0013,48,166.3,-118.3,-4.32,True
2012-10-29,US1PABK0014,71,119.34,-48.34,-1.28,False
2012-10-29,US1PABK0015,457,107.56,349.44,16.0,True
2012-10-29,US1PABK0018,117,121.13,-4.13,0.64,False
2012-10-29,US1PABK0026,79,112.48,-33.48,-0.63,False
2012-10-29,US1PACB0015,8,47.44,-39.44,-0.89,False
2012-10-29,US1PACH0018,155,169.41,-14.41,0.2,False
2012-10-29,US1PACH0020,147,165.64,-18.64,0.01,False
2012-10-29,US1PADL0009,142,213.45,-71.45,-2.28,False
2012-10-29,US1PAMN0008,23,36.28,-13.28,0.25,False
2012-10-29,US1PAMN0009,0,26.34,-26.34,-0.32,False
2012-10-29,US1PAMT0006,23,111.57,-88.57,-3.03,False
2012-10-29,US1PAMT0007,76,115.23,-39.23,-0.88,False
2012-10-29,US1PAMT0009,91,128.08,-37.08,-0.79,False
2012-10-29,US1PAMT0013,66,125.1,-59.1,-1.75,False
2012-10-29,US1PAMT0016,51,114.86,-63.86,-1.95,False
2012-10-29,US1PAMT0020,79,124.11,-45.11,-1.14,False
2012-10-29,US1PAMT0022,79,117.78,-38.78,-0.86,False
2012-10-29,US1PAMT0037,56,104.81,-48.81,-1.3,False
2012-10-29,US1PAMT0048,58,164.63,-106.63,-3.81,True
2012-10-29,US1PAMT0051,66,115.67,-49.67,-1.34,False
2012-10-29,US1PAMT0053,74,125.04,-51.04,-1.39,False
2012-10-29,US1PAMT0056,104,107.81,-3.81,0.66,False
2012-10-29,US1PAMT0063,38,138.35,-100.35,-3.54,True
2012-10-29,US1PAMT0064,102,142.04,-40.04,-0.92,False
2012-10-29,US1PAMT0065,114,126.65,-12.65,0.27,False
2012-10-29,US1PAMT0067,185,132.2,52.8,3.12,False
2012-10-29,US1PAMT0072,64,115.61,-51.61,-1.42,False
2012-10-29,US1PAMT0078,112,130.05,-18.05,0.04,False
2012-10-29,US1PANH0001,0,46.87,-46.87,-1.21,False
2012-10-29,US1PANH0005,15,62.82,-47.82,-1.26,False
2012-10-29,US1PANH0009,30,66.39,-36.39,-0.76,False
2012-10-29,US1PANH0010,8,69.03,-61.03,-1.83,False
2012-10-29,US1PAPH0002,48,143.92,-95.92,-3.35,False
2012-10-29,US1PAPH0004,61,142.87,-81.87,-2.73,False
2012-10-29,US1PAPH0008,71,159.13,-88.13,-3.01,False
2012-10-29,US1PAPK0004,0,9.35,-9.35,0.42,False
2012-10-29,US1PASS0006,0,6.24,-6.24,0.55,False
2012-10-29,US1PAWN0004,0,16.38,-16.38,0.11,False
2012-10-29,US1PAWN0008,0,7.99,-7.99,0.48,False
2012-10-29,US1PAWN0010,0,3.53,-3.53,0.67,False
2012-10-29,US1PAWN0012,0,6.43,-6.43,0.54,False
2012-10-29,US1PAWN0013,3,8.03,-5.03,0.6,False
2012-10-29,US1PAWN0026,0,4.96,-4.96,0.61,False
2012-10-29,US1PAWN0035,0,3.85,-3.85,0.66,False
2012-10-29,US1PAWN0038,0,9.26,-9.26,0.42,False
2012-10-29,US1PAWN0041,0,11.58,-11.58,0.32,False
2012-10-29,US1PAWN0042,0,2.36,-2.36,0.72,False
2012-10-29,US1PAWN0044,0,6.66,-6.66,0.53,False
2012-10-29,USC00060128,0,27.59,-27.59,-0.38,False
2012-10-29,USC00060227,3,17.11,-14.11,0.21,False
2012-10-29,USC00060299,0,17.84,-17.84,0.05,False
2012-10-29,USC00060808,0,32.39,-32.39,-0.58,False
2012-10-29,USC00060961,0,21.43,-21.43,-0.11,False
2012-10-29,USC00060973,0,18.84,-18.84,0.0,False
2012-10-29,USC00062658,0,16.74,-16.74,0.1,False
2012-10-29,USC00063420,20,41.08,-21.08,-0.09,False
2012-10-29,USC00065445,0,16.54,-16.54,0.1,False
2012-10-29,USC00065910,0,34.17,-34.17,-0.66,False
2012-10-29,USC00066655,127,33.17,93.83,4.9,True
2012-10-29,USC00066966,0,23.6,-23.6,-0.2,False
2012-10-29,USC00067373,0,20.03,-20.03,-0.05,False
2012-10-29,USC00067958,30,27.42,2.58,0.93,False
2012-10-29,USC00067970,0,32.69,-32.69,-0.6,False
2012-10-29,USC00068065,0,27.2,-27.2,-0.36,False
2012-10-29,USC00068138,10,46.04,-36.04,-0.74,False
2012-10-29,USC00068330,5,18.88,-13.88,0.22,False
2012-10-29,USC00068436,3,17.09,-14.09,0.21,False
2012-10-29,USC00190120,0,18.55,-18.55,0.02,False
2012-10-29,USC00190408,25,26.33,-1.33,0.76,False
2012-10-29,USC00190562,5,23.33,-18.33,0.03,False
2012-10-29,USC00192107,25,27.28,-2.28,0.72,False
2012-10-29,USC00193172,0,18.7,-18.7,0.01,False
2012-10-29,USC00193213,0,15.79,-15.79,0.14,False
2012-10-29,USC00193402,36,23.68,12.32,1.36,False
2012-10-29,USC00194131,0,25.08,-25.08,-0.27,False
2012-10-29,USC00194154,0,14.83,-14.83,0.18,False
2012-10-29,USC00197627,36,28.03,7.97,1.17,False
2012-10-29,USC00198278,5,12.91,-7.91,0.48,False
2012-10-29,USC00198793,18,23.46,-5.46,0.59,False
2012-10-29,USC00199193,0,20.71,-20.71,-0.08,False
2012-10-29,USC00199371,3,17.08,-14.08,0.21,False
2012-10-29,USC00199972,5,20.87,-15.87,0.13,False
2012-10-29,USC00280734,10,36.48,-26.48,-0.33,False
2012-10-29,USC00280847,0,64.43,-64.43,-1.98,False
2012-10-29,USC00280907,0,23.66,-23.66,-0.21,False
2012-10-29,USC00280927,84,55.03,28.97,2.08,False
2012-10-29,USC00281327,0,18.81,-18.81,0.01,False
2012-10-29,USC00281335,3,35.69,-32.69,-0.6,False
2012-10-29,USC00281582,0,21.23,-21.23,-0.1,False
2012-10-29,USC00282023,8,38.82,-30.82,-0.52,False
2012-10-29,USC00283029,13,57.31,-44.31,-1.1,False
2012-10-29,USC00283181,130,84.23,45.77,2.81,False
2012-10-29,USC00283662,396,255.67,140.33,6.92,True
2012-10-29,USC00283704,0,35.54,-35.54,-0.72,False
2012-10-29,USC00283951,15,97.03,-82.03,-2.74,False
2012-10-29,USC00284229,782,202.76,579.24,25.99,True
2012-10-29,USC00284635,36,95.67,-59.67,-1.77,False
2012-10-29,USC00284987,0,71.06,-71.06,-2.27,False
2012-10-29,USC00285503,0,25.55,-25.55,-0.29,False
2012-10-29,USC00285728,513,191.32,321.68,14.8,True
2012-10-29,USC00286055,41,64.03,-23.03,-0.18,False
2012-10-29,USC00286146,180,29.32,150.68,7.37,True
2012-10-29,USC00286460,0,19.73,-19.73,-0.03,False
2012-10-29,USC00286864,58,176.91,-118.91,-4.34,True
2012-10-29,USC00286964,142,179.16,-37.16,-0.79,False
2012-10-29,USC00286979,25,54.34,-29.34,-0.45,False
2012-10-29,USC00287301,5,40.72,-35.72,-0.73,False
2012-10-29,USC00287486,18,64.96,-46.96,-1.22,False
2012-10-29,USC00288173,376,210.66,165.34,8.01,True
2012-10-29,USC00288644,0,15.65,-15.65,0.14,False
2012-10-29,USC00289187,0,19.36,-19.36,-0.02,False
2012-10-29,USC00289363,13,74.89,-61.89,-1.87,False
2012-10-29,USC00289832,122,28.79,93.21,4.87,True
2012-10-29,USC00300063,0,9.45,-9.45,0.41,False
2012-10-29,USC00300254,0,5.75,-5.75,0.57,False
2012-10-29,USC00300364,0,34.5,-34.5,-0.68,False
2012-10-29,USC00300732,0,16.35,-16.35,0.11,False
2012-10-29,USC00300889,10,31.56,-21.56,-0.11,False
2012-10-29,USC00300961,107,39.22,67.78,3.77,True
2012-10-29,USC00301102,0,7.95,-7.95,0.48,False
2012-10-29,USC00301211,0,24.62,-24.62,-0.25,False
2012-10-29,USC00301309,0,38.37,-38.37,-0.84,False
2012-10-29,USC00301761,0,15.71,-15.71,0.14,False
2012-10-29,USC00302169,0,2.67,-2.67,0.71,False
2012-10-29,USC00302366,0,10.31,-10.31,0.37,False
2012-10-29,USC00302454,0,0.28,-0.28,0.81,False
2012-10-29,USC00302582,0,13.73,-13.73,0.23,False
2012-10-29,USC00304575,0,5.8,-5.8,0.57,False
2012-10-29,USC00304731,0,10.04,-10.04,0.39,False
2012-10-29,USC00305113,0,0.33,-0.33,0.81,False
2012-10-29,USC00305142,30,26.51,3.49,0.97,False
2012-10-29,USC00305426,81,12.45,68.55,3.8,True
2012-10-29,USC00305606,117,33.04,83.96,4.47,True
2012-10-29,USC00306217,0,0.3,-0.3,0.81,False
2012-10-29,USC00306570,0,9.18,-9.18,0.42,False
2012-10-29,USC00306649,3,10.92,-7.92,0.48,False
2012-10-29,USC00306774,0,15.9,-15.9,0.13,False
2012-10-29,USC00306820,0,19.6,-19.6,-0.03,False
2012-10-29,USC00307035,0,17.86,-17.86,0.05,False
2012-10-29,USC00307134,66,23.08,42.92,2.69,False
2012-10-29,USC00307210,0,12.91,-12.91,0.26,False
2012-10-29,USC00307274,0,15.12,-15.12,0.17,False
2012-10-29,USC00307799,0,7.53,-7.53,0.5,False
2012-10-29,USC00308670,0,0.24,-0.24,0.81,False
2012-10-29,USC00308721,15,34.1,-19.1,-0.01,False
2012-10-29,USC00308932,0,1.05,-1.05,0.78,False
2012-10-29,USC00309292,140,20.05,119.95,6.03,True
2012-10-29,USC00309670,0,17.27,-17.27,0.07,False
2012-10-29,USC00361737,119,148.58,-29.58,-0.46,False
2012-10-29,USC00362671,0,6.86,-6.86,0.52,False
2012-10-29,USC00363437,86,117.79,-31.79,-0.56,False
2012-10-29,USC00363488,64,113.95,-49.95,-1.35,False
2012-10-29,USC00363758,0,9.1,-9.1,0.43,False
2012-10-29,USC00365390,772,197.23,574.77,25.79,True
2012-10-29,USC00366194,503,124.14,378.86,17.28,True
2012-10-29,USC00366370,122,140.94,-18.94,-0.0,False
2012-10-29,USC00366886,0,180.07,-180.07,-7.0,True
2012-10-29,USC00366927,800,133.38,666.62,29.79,True
2012-10-29,USC00367029,0,2.36,-2.36,0.72,False
2012-10-29,USC00367186,0,4.08,-4.08,0.65,False
2012-10-29,USC00367938,51,99.72,-48.72,-1.29,False
2012-10-29,USC00368400,28,73.33,-45.33,-1.15,False
2012-10-29,USC00368596,155,27.85,127.15,6.35,True
2012-10-29,USW00004781,178,33.51,144.49,7.1,True
2012-10-29,USW00004789,163,15.11,147.89,7.25,True
2012-10-29,USW00013739,681,193.15,487.85,22.02,True
2012-10-29,USW00014707,91,26.23,64.77,3.64,True
2012-10-29,USW00014732,137,41.06,95.94,4.99,True
2012-10-29,USW00014734,152,38.33,113.67,5.76,True
2012-10-29,USW00014737,318,62.39,255.61,11.93,True
2012-10-29,USW00014740,183,17.03,165.97,8.03,True
2012-10-29,USW00014757,48,16.02,31.98,2.21,False
2012-10-29,USW00014763,241,8.06,232.94,10.94,True
2012-10-29,USW00014775,71,18.43,52.57,3.11,False
2012-10-29,USW00014792,419,87.53,331.47,15.22,True
2012-10-29,USW00054734,145,21.22,123.78,6.2,True
2012-10-29,USW00054767,218,17.7,200.3,9.53,True
2012-10-29,USW00054787,203,38.13,164.87,7.99,True
2012-10-29,USW00054788,8,23.03,-15.03,0.17,False
2012-10-29,USW00054789,251,18.83,232.17,10.91,True
2012-10-29,USW00054790,20,35.17,-15.17,0.16,False
2012-10-29,USW00064756,100,18.91,81.09,4.35,True
2012-10-29,USW00093780,767,187.72,579.28,25.99,True
2012-10-29,USW00094702,99,27.34,71.66,3.94,True
2012-10-29,USW00094728,170,37.42,132.58,6.58,True
2012-10-29,USW00094732,462,144.02,317.98,14.64,True
2012-10-29,USW00094741,135,30.86,104.14,5.35,True
2012-10-29,USW00094745,157,32.2,124.8,6.24,True
2012-10-29,USW00094789,130,43.19,86.81,4.59,True
2012-10-30,US1CTFR0009,173,167.41,5.59,0.14,False
2012-10-30,US1CTHR0005,208,252.44,-44.44,-0.27,False
2012-10-30,US1CTHR0006,312,223.17,88.83,0.83,False
2012-10-30,US1CTHR0008,305,244.99,60.01,0.59,False
2012-10-30,US1CTHR0009,251,242.61,8.39,0.17,False
2012-10-30,US1CTHR0012,175,239.73,-64.73,-0.44,False
2012-10-30,US1CTLT0003,450,258.98,191.02,1.68,False
2012-10-30,US1CTLT0007,361,247.4,113.6,1.04,False
2012-10-30,US1CTMD0001,216,231.88,-15.88,-0.03,False
2012-10-30,US1CTMD0002,432,217.05,214.95,1.88,False
2012-10-30,US1CTNH0009,127,146.49,-19.49,-0.06,False
2012-10-30,US1CTNH0013,132,164.29,-32.29,-0.17,False
2012-10-30,US1CTNH0014,226,195.29,30.71,0.35,False
2012-10-30,US1CTTL0004,279,244.28,34.72,0.38,False
2012-10-30,US1CTWN0003,279,297.32,-18.32,-0.05,False
2012-10-30,US1MABE0003,274,254.66,19.34,0.26,False
2012-10-30,US1MABE0004,452,259.9,192.1,1.69,False
2012-10-30,US1MAHD0009,216,286.74,-70.74,-0.49,False
2012-10-30,US1MAHS0002,183,263.48,-80.48,-0.57,False
2012-10-30,US1MAWR0006,503,356.08,146.92,1.31,False
2012-10-30,US1MAWR0118,445,362.37,82.63,0.78,False
2012-10-30,US1NJAT0001,986,694.89,291.11,2.51,False
2012-10-30,US1NJAT0002,1044,686.63,357.37,3.05,False
2012-10-30,US1NJAT0005,889,707.06,181.94,1.6,False
2012-10-30,US1NJBG0002,198,270.75,-72.75,-0.5,False
2012-10-30,US1NJBG0003,183,258.52,-75.52,-0.53,False
2012-10-30,US1NJBG0015,185,282.77,-97.77,-0.71,False
2012-10-30,US1NJBG0017,218,274.62,-56.62,-0.37,False
2012-10-30,US1NJBG0018,196,263.99,-67.99,-0.47,False
2012-10-30,US1NJBG0023,295,274.36,20.64,0.27,False
2012-10-30,US1NJBG0029,295,283.32,11.68,0.19,False
2012-10-30,US1NJBG0030,157,293.6,-136.6,-1.03,False
2012-10-30,US1NJBT0003,396,508.78,-112.78,-0.84,False
2012-10-30,US1NJBT0004,551,445.53,105.47,0.97,False
2012-10-30,US1NJBT0005,803,590.83,212.17,1.85,False
2012-10-30,US1NJBT0006,561,535.76,25.24,0.31,False
2012-10-30,US1NJBT0007,391,500.26,-109.26,-0.81,False
2012-10-30,US1NJBT0010,742,558.11,183.89,1.62,False
2012-10-30,US1NJBT0023,546,521.79,24.21,0.3,False
2012-10-30,US1NJBT0025,709,581.63,127.37,1.15,False
2012-10-30,US1NJBT0028,798,584.94,213.06,1.86,False
2012-10-30,US1NJBT0029,965,575.01,389.99,3.32,False
2012-10-30,US1NJBT0032,523,597.13,-74.13,-0.52,False
2012-10-30,US1NJBT0035,826,545.3,280.7,2.42,False
2012-10-30,US1NJBT0036,572,607.83,-35.83,-0.2,False
2012-10-30,US1NJBT0037,500,516.44,-16.44,-0.04,False
2012-10-30,US1NJBT0040,638,574.85,63.15,0.62,False
2012-10-30,US1NJBT0045,638,555.38,82.62,0.78,False
2012-10-30,US1NJBT0052,767,525.2,241.8,2.1,False
2012-10-30,US1NJCN0001,470,568.41,-98.41,-0.72,False
2012-10-30,US1NJCN0005,917,661.27,255.73,2.21,False
2012-10-30,US1NJCN0011,815,617.66,197.34,1.73,False
2012-10-30,US1NJCN0015,782,618.94,163.06,1.45,False
2012-10-30,US1NJCN0017,706,630.23,75.77,0.72,False
2012-10-30,US1NJCN0019,818,576.41,241.59,2.1,False
2012-10-30,US1NJCN0020,808,646.42,161.58,1.43,False
2012-10-30,US1NJES0015,234,296.75,-62.75,-0.42,False
2012-10-30,US1NJES0018,188,318.92,-130.92,-0.99,False
2012-10-30,US1NJES0019,274,309.53,-35.53,-0.2,False
2012-10-30,US1NJES0020,236,293.54,-57.54,-0.38,False
2012-10-30,US1NJGL0001,1054,668.36,385.64,3.29,False
2012-10-30,US1NJGL0006,1019,686.45,332.55,2.85,False
2012-10-30,US1NJGL0010,1204,638.73,565.27,4.78,True
2012-10-30,US1NJGL0011,762,672.49,89.51,0.84,False
2012-10-30,US1NJGL0012,706,658.45,47.55,0.49,False
2012-10-30,US1NJGL0015,927,679.82,247.18,2.14,False
2012-10-30,US1NJGL0017,744,705.83,38.17,0.41,False
2012-10-30,US1NJGL0022,798,618.83,179.17,1.58,False
2012-10-30,US1NJGL0023,490,647.11,-157.11,-1.2,False
2012-10-30,US1NJGL0024,726,690.2,35.8,0.39,False
2012-10-30,US1NJGL0030,940,668.19,271.81,2.35,False
2012-10-30,US1NJGL0031,572,732.18,-160.18,-1.23,False
2012-10-30,US1NJHD0002,137,289.13,-152.13,-1.16,False
2012-10-30,US1NJHN0001,602,406.23,195.77,1.72,False
2012-10-30,US1NJHN0003,378,418.17,-40.17,-0.24,False
2012-10-30,US1NJHN0004,386,427.35,-41.35,-0.24,False
2012-10-30,US1NJHN0005,371,426.85,-55.85,-0.36,False
2012-10-30,US1NJHN0009,475,432.09,42.91,0.45,False
2012-10-30,US1NJHN0010,422,438.78,-16.78,-0.04,False
2012-10-30,US1NJHN0011,442,422.52,19.48,0.26,False
2012-10-30,US1NJHN0012,432,441.53,-9.53,0.02,False
2012-10-30,US1NJHN0015,465,437.98,27.02,0.32,False
2012-10-30,US1NJHN0018,381,415.28,-34.28,-0.19,False
2012-10-30,US1NJHN0019,363,423.51,-60.51,-0.4,False
2012-10-30,US1NJHN0021,391,413.99,-22.99,-0.09,False
2012-10-30,US1NJHN0022,559,457.06,101.94,0.94,False
2012-10-30,US1NJHN0025,351,418.47,-67.47,-0.46,False
2012-10-30,US1NJHN0029,361,430.22,-69.22,-0.48,False
2012-10-30,US1NJMC0002,439,476.07,-37.07,-0.21,False
2012-10-30,US1NJMC0005,521,453.99,67.01,0.65,False
2012-10-30,US1NJMC0009,323,466.94,-143.94,-1.09,False
2012-10-30,US1NJMC0011,488,454.7,33.3,0.37,False
2012-10-30,US1NJMC0016,561,472.91,88.09,0.83,False
2012-10-30,US1NJMC0022,483,445.86,37.14,0.4,False
2012-10-30,US1NJMC0027,597,454.62,142.38,1.28,False
2012-10-30,US1NJMC0030,396,457.82,-61.82,-0.41,False
2012-10-30,US1NJMD0002,394,434.32,-40.32,-0.24,False
2012-10-30,US1NJMD0006,490,464.19,25.81,0.31,False
2012-10-30,US1NJMD0009,470,450.67,19.33,0.26,False
2012-10-30,US1NJMD0023,259,371.65,-112.65,-0.83,False
2012-10-30,US1NJMD0028,297,410.66,-113.66,-0.84,False
2012-10-30,US1NJMD0033,305,363.13,-58.13,-0.38,False
2012-10-30,US1NJMD0043,305,368.9,-63.9,-0.43,False
2012-10-30,US1NJMD0044,282,363.51,-81.51,-0.58,False
2012-10-30,US1NJMN0005,483,387.87,95.13,0.88,False
2012-10-30,US1NJMN0010,335,367.2,-32.2,-0.17,False
2012-10-30,US1NJMN0016,673,470.95,202.05,1.77,False
2012-10-30,US1NJMN0017,775,463.91,311.09,2.67,False
2012-10-30,US1NJMN0019,378,406.2,-28.2,-0.14,False
2012-10-30,US1NJMN0032,236,363.19,-127.19,-0.96,False
2012-10-30,US1NJMN0044,216,359.79,-143.79,-1.09,False
2012-10-30,US1NJMN0048,363,247.86,115.14,1.05,False
2012-10-30,US1NJMN0052,536,472.84,63.16,0.62,False
2012-10-30,US1NJMN0055,602,468.3,133.7,1.2,False
2012-10-30,US1NJMS0002,424,375.75,48.25,0.5,False
2012-10-30,US1NJMS0003,239,359.71,-120.71,-0.9,False
2012-10-30,US1NJMS0006,356,347.72,8.28,0.17,False
2012-10-30,US1NJMS0009,554,379.82,174.18,1.54,False
2012-10-30,US1NJMS0018,541,333.03,207.97,1.82,False
2012-10-30,US1NJMS0019,406,382.22,23.78,0.29,False
2012-10-30,US1NJMS0021,485,371.68,113.32,1.04,False
2012-10-30,US1NJMS0022,531,383.96,147.04,1.31,False
2012-10-30,US1NJMS0023,447,372.65,74.35,0.71,False
2012-10-30,US1NJMS0025,330,358.24,-28.24,-0.14,False
2012-10-30,US1NJMS0031,279,342.39,-63.39,-0.43,False
2012-10-30,US1NJMS0035,366,338.44,27.56,0.33,False
2012-10-30,US1NJMS0036,251,327.65,-76.65,-0.54,False
2012-10-30,US1NJMS0039,307,337.43,-30.43,-0.15,False
2012-10-30,US1NJMS0040,384,343.51,40.49,0.43,False
2012-10-30,US1NJMS0042,333,357.63,-24.63,-0.11,False
2012-10-30,US1NJMS0049,391,341.89,49.11,0.5,False
2012-10-30,US1NJMS0050,241,377.78,-136.78,-1.03,False
2012-10-30,US1NJMS0051,533,378.53,154.47,1.38,False
2012-10-30,US1NJMS0054,330,396.55,-66.55,-0.45,False
2012-10-30,US1NJMS0061,592,403.42,188.58,1.66,False
2012-10-30,US1NJOC0012,732,584.53,147.47,1.32,False
2012-10-30,US1NJOC0013,483,449.47,33.53,0.37,False
2012-10-30,US1NJOC0017,889,531.32,357.68,3.06,False
2012-10-30,US1NJOC0033,500,491.12,8.88,0.17,False
2012-10-30,US1NJOC0036,960,596.78,363.22,3.1,False
2012-10-30,US1NJOC0040,594,492.84,101.16,0.93,False
2012-10-30,US1NJOC0042,508,544.92,-36.92,-0.21,False
2012-10-30,US1NJOC0051,470,616.63,-146.63,-1.12,False
2012-10-30,US1NJPS0005,282,274.76,7.24,0.16,False
2012-10-30,US1NJPS0012,310,296.22,13.78,0.21,False
2012-10-30,US1NJPS0014,249,278.91,-29.91,-0.15,False
2012-10-30,US1NJPS0015,262,301.62,-39.62,-0.23,False
2012-10-30,US1NJPS0016,396,299.87,96.13,0.89,False
2012-10-30,US1NJPS0019,292,306.81,-14.81,-0.03,False
2012-10-30,US1NJPS0021,353,311.93,41.07,0.44,False
2012-10-30,US1NJPS0022,198,296.13,-98.13,-0.71,False
2012-10-30,US1NJSL0002,851,660.63,190.37,1.67,False
2012-10-30,US1NJSL0003,1199,672.54,526.46,4.45,True
2012-10-30,US1NJSM0001,516,461.78,54.22,0.55,False
2012-10-30,US1NJSM0003,389,423.6,-34.6,-0.19,False
2012-10-30,US1NJSM0004,297,391.03,-94.03,-0.68,False
2012-10-30,US1NJSM0005,483,414.59,68.41,0.66,False
2012-10-30,US1NJSM0011,447,403.38,43.62,0.46,False
2012-10-30,US1NJSM0013,462,413.51,48.49,0.5,False
2012-10-30,US1NJSM0021,470,448.99,21.01,0.27,False
2012-10-30,US1NJSM0022,498,453.19,44.81,0.47,False
2012-10-30,US1NJSM0039,394,406.59,-12.59,-0.01,False
2012-10-30,US1NJSM0046,445,414.37,30.63,0.35,False
2012-10-30,US1NJSM0049,635,416.37,218.63,1.91,False
2012-10-30,US1NJSM0050,457,421.96,35.04,0.39,False
2012-10-30,US1NJSS0001,447,352.05,94.95,0.88,False
2012-10-30,US1NJSS0007,544,326.82,217.18,1.89,False
2012-10-30,US1NJSS0020,249,305.09,-56.09,-0.37,False
2012-10-30,US1NJSS0027,282,352.84,-70.84,-0.49,False
2012-10-30,US1NJSS0028,259,306.58,-47.58,-0.3,False
2012-10-30,US1NJUN0010,318,353.88,-35.88,-0.2,False
2012-10-30,US1NJUN0014,244,344.63,-100.63,-0.74,False
2012-10-30,US1NJUN0018,157,326.83,-169.83,-1.31,False
2012-10-30,US1NJWR0001,480,434.06,45.94,0.48,False
2012-10-30,US1NJWR0004,292,384.52,-92.52,-0.67,False
2012-10-30,US1NJWR0005,521,396.02,124.98,1.13,False
2012-10-30,US1NJWR0006,445,379.77,65.23,0.64,False
2012-10-30,US1NJWR0007,584,404.06,179.94,1.59,False
2012-10-30,US1NJWR0008,462,378.98,83.02,0.78,False
2012-10-30,US1NJWR0012,406,417.69,-11.69,0.0,False
2012-10-30,US1NJWR0017,554,406.8,147.2,1.32,False
2012-10-30,US1NJWR0021,175,418.41,-243.41,-1.92,False
2012-10-30,US1NJWR0022,325,366.51,-41.51,-0.25,False
2012-10-30,US1NJWR0023,488,405.78,82.22,0.78,False
2012-10-30,US1NJWR0024,335,377.53,-42.53,-0.25,False
2012-10-30,US1NYCB0001,97,217.1,-120.1,-0.9,False
2012-10-30,US1NYCB0006,117,230.01,-113.01,-0.84,False
2012-10-30,US1NYDL0005,284,238.52,45.48,0.47,False
2012-10-30,US1NYDL0008,389,259.1,129.9,1.17,False
2012-10-30,US1NYDL0009,259,232.23,26.77,0.32,False
2012-10-30,US1NYDL0022,434,250.68,183.32,1.61,False
2012-10-30,US1NYDL0023,142,229.54,-87.54,-0.63,False
2012-10-30,US1NYDL0024,130,229.44,-99.44,-0.73,False
2012-10-30,US1NYDL0025,663,229.32,433.68,3.69,True
2012-10-30,US1NYDT0004,175,178.38,-3.38,0.07,False
2012-10-30,US1NYDT0005,89,171.88,-82.88,-0.59,False
2012-10-30,US1NYDT0007,104,182.96,-78.96,-0.56,False
2012-10-30,US1NYDT0008,112,174.99,-62.99,-0.42,False
2012-10-30,US1NYDT0010,53,161.43,-108.43,-0.8,False
2012-10-30,US1NYDT0012,36,176.38,-140.38,-1.06,False
2012-10-30,US1NYGR0005,102,223.91,-121.91,-0.91,False
2012-10-30,US1NYGR0006,84,222.13,-138.13,-1.05,False
2012-10-30,US1NYGR0007,130,214.84,-84.84,-0.6,False
2012-10-30,US1NYNS0006,264,228.85,35.15,0.39,False
2012-10-30,US1NYNS0007,297,261.87,35.13,0.39,False
2012-10-30,US1NYOR0004,475,284.64,190.36,1.67,False
2012-10-30,US1NYPT0002,183,192.91,-9.91,0.02,False
2012-10-30,US1NYPT0004,213,186.67,26.33,0.32,False
2012-10-30,US1NYQN0002,366,275.7,90.3,0.84,False
2012-10-30,US1NYRL0005,188,251.84,-63.84,-0.43,False
2012-10-30,US1NYSF0002,99,98.04,0.96,0.11,False
2012-10-30,US1NYSF0003,0,104.07,-104.07,-0.76,False
2012-10-30,US1NYSF0016,94,174.93,-80.93,-0.57,False
2012-10-30,US1NYSF0017,373,148.66,224.34,1.95,False
2012-10-30,US1NYSF0019,119,92.55,26.45,0.32,False
2012-10-30,US1NYSF0024,193,135.3,57.7,0.57,False
2012-10-30,US1NYSV0005,213,237.69,-24.69,-0.11,False
2012-10-30,US1NYSV0006,183,232.94,-49.94,-0.32,False
2012-10-30,US1NYSV0008,135,237.73,-102.73,-0.75,False
2012-10-30,US1NYUL0001,109,195.01,-86.01,-0.61,False
2012-10-30,US1NYUL0002,251,208.7,42.3,0.45,False
2012-10-30,US1NYUL0003,94,194.24,-100.24,-0.73,False
2012-10-30,US1NYUL0004,259,203.08,55.92,0.56,False
2012-10-30,US1NYUL0006,211,193.33,17.67,0.24,False
2012-10-30,US1NYUL0009,112,183.76,-71.76,-0.5,False
2012-10-30,US1NYWC0006,191,177.62,13.38,0.21,False
2012-10-30,US1NYWC0007,91,202.81,-111.81,-0.83,False
2012-10-30,US1NYWC0011,127,216.5,-89.5,-0.64,False
2012-10-30,US1PABK0005,508,509.78,-1.78,0.08,False
2012-10-30,US1PABK0013,414,448.8,-34.8,-0.19,False
2012-10-30,US1PABK0014,442,469.59,-27.59,-0.13,False
2012-10-30,US1PABK0015,43,495.41,-452.41,-3.65,True
2012-10-30,US1PABK0018,254,478.15,-224.15,-1.76,False
2012-10-30,US1PABK0026,406,500.21,-94.21,-0.68,False
2012-10-30,US1PACB0015,493,417.41,75.59,0.72,False
2012-10-30,US1PACH0018,1046,593.44,452.56,3.84,True
2012-10-30,US1PACH0020,1006,591.65,414.35,3.53,True
2012-10-30,US1PADL0009,950,578.52,371.48,3.17,False
2012-10-30,US1PAMN0008,343,384.85,-41.85,-0.25,False
2012-10-30,US1PAMN0009,371,364.15,6.85,0.15,False
2012-10-30,US1PAMT0007,526,539.21,-13.21,-0.01,False
2012-10-30,US1PAMT0009,627,539.44,87.56,0.82,False
2012-10-30,US1PAMT0013,625,551.04,73.96,0.71,False
2012-10-30,US1PAMT0016,645,547.01,97.99,0.91,False
2012-10-30,US1PAMT0020,521,551.94,-30.94,-0.16,False
2012-10-30,US1PAMT0022,584,546.39,37.61,0.41,False
2012-10-30,US1PAMT0037,498,519.14,-21.14,-0.08,False
2012-10-30,US1PAMT0048,719,565.03,153.97,1.37,False
2012-10-30,US1PAMT0053,483,554.45,-71.45,-0.49,False
2012-10-30,US1PAMT0056,663,525.91,137.09,1.23,False
2012-10-30,US1PAMT0063,475,505.8,-30.8,-0.16,False
2012-10-30,US1PAMT0064,737,558.09,178.91,1.58,False
2012-10-30,US1PAMT0065,597,544.1,52.9,0.54,False
2012-10-30,US1PAMT0067,381,536.44,-155.44,-1.19,False
2012-10-30,US1PAMT0072,630,551.71,78.29,0.75,False
2012-10-30,US1PAMT0078,597,540.37,56.63,0.57,False
2012-10-30,US1PANH0001,279,421.24,-142.24,-1.08,False
2012-10-30,US1PANH0009,462,442.48,19.52,0.26,False
2012-10-30,US1PANH0010,559,465.74,93.26,0.87,False
2012-10-30,US1PAPH0002,503,516.37,-13.37,-0.01,False
2012-10-30,US1PAPH0004,536,514.7,21.3,0.27,False
2012-10-30,US1PAPH0008,665,542.73,122.27,1.11,False
2012-10-30,US1PAPK0004,284,305.15,-21.15,-0.08,False
2012-10-30,US1PAPK0014,546,315.15,230.85,2.01,False
2012-10-30,US1PASS0006,104,262.09,-158.09,-1.21,False
2012-10-30,US1PAWN0004,516,322.67,193.33,1.7,False
2012-10-30,US1PAWN0010,211,234.32,-23.32,-0.1,False
2012-10-30,US1PAWN0012,201,260.82,-59.82,-0.4,False
2012-10-30,US1PAWN0013,361,299.0,62.0,0.61,False
2012-10-30,US1PAWN0026,208,254.46,-46.46,-0.29,False
2012-10-30,US1PAWN0035,213,249.95,-36.95,-0.21,False
2012-10-30,US1PAWN0037,216,272.33,-56.33,-0.37,False
2012-10-30,US1PAWN0038,295,291.48,3.52,0.13,False
2012-10-30,US1PAWN0041,310,315.9,-5.9,0.05,False
2012-10-30,US1PAWN0042,267,244.31,22.69,0.29,False
2012-10-30,US1PAWN0044,206,236.23,-30.23,-0.15,False
2012-10-30,USC00060128,198,156.17,41.83,0.44,False
2012-10-30,USC00060227,373,259.81,113.19,1.03,False
2012-10-30,USC00060299,302,267.13,34.87,0.39,False
2012-10-30,USC00060961,140,182.05,-42.05,-0.25,False
2012-10-30,USC00060973,343,247.35,95.65,0.89,False
2012-10-30,USC00061508,343,263.51,79.49,0.76,False
2012-10-30,USC00062658,358,224.48,133.52,1.2,False
2012-10-30,USC00063420,300,275.73,24.27,0.3,False
2012-10-30,USC00065445,419,248.37,170.63,1.51,False
2012-10-30,USC00065910,312,236.64,75.36,0.72,False
2012-10-30,USC00066655,61,198.34,-137.34,-1.04,False
2012-10-30,USC00066966,30,184.05,-154.05,-1.18,False
2012-10-30,USC00067373,155,207.43,-52.43,-0.34,False
2012-10-30,USC00067432,422,214.91,207.09,1.81,False
2012-10-30,USC00067958,419,305.02,113.98,1.04,False
2012-10-30,USC00067970,157,185.07,-28.07,-0.13,False
2012-10-30,USC00068065,56,168.31,-112.31,-0.83,False
2012-10-30,USC00068138,264,270.88,-6.88,0.04,False
2012-10-30,USC00068330,343,228.19,114.81,1.05,False
2012-10-30,USC00068436,503,247.73,255.27,2.21,False
2012-10-30,USC00190120,152,280.78,-128.78,-0.97,False
2012-10-30,USC00190408,472,315.19,156.81,1.4,False
2012-10-30,USC00190562,259,317.28,-58.28,-0.38,False
2012-10-30,USC00192107,518,348.57,169.43,1.5,False
2012-10-30,USC00193172,249,242.46,6.54,0.15,False
2012-10-30,USC00193213,249,251.81,-2.81,0.07,False
2012-10-30,USC00193402,462,325.88,136.12,1.22,False
2012-10-30,USC00194131,381,246.54,134.46,1.21,False
2012-10-30,USC00194154,193,264.75,-71.75,-0.5,False
2012-10-30,USC00197627,498,363.6,134.4,1.21,False
2012-10-30,USC00198278,229,250.98,-21.98,-0.08,False
2012-10-30,USC00198793,475,312.69,162.31,1.44,False
2012-10-30,USC00199193,152,257.48,-105.48,-0.78,False
2012-10-30,USC00199371,523,249.19,273.81,2.36,False
2012-10-30,USC00199972,249,265.28,-16.28,-0.04,False
2012-10-30,USC00280734,384,408.04,-24.04,-0.1,False
2012-10-30,USC00280847,800,437.2,362.8,3.1,False
2012-10-30,USC00280907,284,325.59,-41.59,-0.25,False
2012-10-30,USC00280927,315,417.17,-102.17,-0.75,False
2012-10-30,USC00281335,312,339.78,-27.78,-0.13,False
2012-10-30,USC00282023,279,336.44,-57.44,-0.38,False
2012-10-30,USC00283029,391,428.76,-37.76,-0.22,False
2012-10-30,USC00283181,587,434.52,152.48,1.36,False
2012-10-30,USC00283662,991,684.52,306.48,2.63,False
2012-10-30,USC00283704,297,292.92,4.08,0.13,False
2012-10-30,USC00283951,602,466.85,135.15,1.22,False
2012-10-30,USC00284229,320,615.9,-295.9,-2.35,False
2012-10-30,USC00284635,533,465.86,67.14,0.65,False
2012-10-30,USC00284987,0,378.86,-378.86,-3.04,False
2012-10-30,USC00285728,206,537.32,-331.32,-2.64,False
2012-10-30,USC00286055,409,405.32,3.68,0.13,False
2012-10-30,USC00286146,61,263.54,-202.54,-1.58,False
2012-10-30,USC00286864,688,542.01,145.99,1.31,False
2012-10-30,USC00286964,472,529.49,-57.49,-0.38,False
2012-10-30,USC00286979,432,432.48,-0.48,0.09,False
2012-10-30,USC00287301,325,400.87,-75.87,-0.53,False
2012-10-30,USC00287486,592,453.17,138.83,1.25,False
2012-10-30,USC00288173,627,632.21,-5.21,0.05,False
2012-10-30,USC00288644,277,303.78,-26.78,-0.12,False
2012-10-30,USC00289187,356,297.9,58.1,0.58,False
2012-10-30,USC00289363,462,447.21,14.79,0.22,False
2012-10-30,USC00289832,53,264.1,-211.1,-1.65,False
2012-10-30,USC00300063,201,211.17,-10.17,0.01,False
2012-10-30,USC00300254,401,255.34,145.66,1.3,False
2012-10-30,USC00300364,175,87.4,87.6,0.82,False
2012-10-30,USC00300732,155,241.47,-86.47,-0.62,False
2012-10-30,USC00300889,66,116.28,-50.28,-0.32,False
2012-10-30,USC00300961,69,260.46,-191.46,-1.49,False
2012-10-30,USC00301102,160,236.65,-76.65,-0.54,False
2012-10-30,USC00301211,142,181.89,-39.89,-0.23,False
2012-10-30,USC00301309,175,175.25,-0.25,0.1,False
2012-10-30,USC00302169,216,227.86,-11.86,-0.0,False
2012-10-30,USC00302366,566,210.09,355.91,3.04,False
2012-10-30,USC00302454,203,221.62,-18.62,-0.06,False
2012-10-30,USC00302582,221,221.0,-0.0,0.1,False
2012-10-30,USC00304575,300,253.05,46.95,0.49,False
2012-10-30,USC00304731,71,233.88,-162.88,-1.25,False
2012-10-30,USC00305113,119,226.2,-107.2,-0.79,False
2012-10-30,USC00305142,3,123.23,-120.23,-0.9,False
2012-10-30,USC00305426,147,201.58,-54.58,-0.35,False
2012-10-30,USC00305606,15,126.38,-111.38,-0.82,False
2012-10-30,USC00306217,142,215.83,-73.83,-0.51,False
2012-10-30,USC00306570,191,224.27,-33.27,-0.18,False
2012-10-30,USC00306649,297,222.74,74.26,0.71,False
2012-10-30,USC00306774,178,286.25,-108.25,-0.8,False
2012-10-30,USC00306820,119,175.01,-56.01,-0.37,False
2012-10-30,USC00307035,102,188.92,-86.92,-0.62,False
2012-10-30,USC00307134,5,124.03,-119.03,-0.89,False
2012-10-30,USC00307210,229,245.38,-16.38,-0.04,False
2012-10-30,USC00307799,315,213.4,101.6,0.94,False
2012-10-30,USC00308670,163,225.78,-62.78,-0.42,False
2012-10-30,USC00308932,117,229.44,-112.44,-0.83,False
2012-10-30,USC00309292,51,211.09,-160.09,-1.23,False
2012-10-30,USC00361737,630,569.39,60.61,0.6,False
2012-10-30,USC00362671,163,232.58,-69.58,-0.48,False
2012-10-30,USC00363488,592,520.97,71.03,0.69,False
2012-10-30,USC00363758,305,316.85,-11.85,-0.0,False
2012-10-30,USC00365390,91,634.89,-543.89,-4.4,True
2012-10-30,USC00365738,193,266.16,-73.16,-0.51,False
2012-10-30,USC00366194,38,488.97,-450.97,-3.63,True
2012-10-30,USC00366370,691,564.85,126.15,1.14,False
2012-10-30,USC00366886,0,577.51,-577.51,-4.68,True
2012-10-30,USC00366927,239,584.0,-345.0,-2.76,False
2012-10-30,USC00367029,249,255.33,-6.33,0.05,False
2012-10-30,USC00367186,216,248.1,-32.1,-0.17,False
2012-10-30,USC00367938,554,507.33,46.67,0.48,False
2012-10-30,USC00368400,660,467.74,192.26,1.69,False
2012-10-30,USC00368596,259,378.55,-119.55,-0.89,False
2012-10-30,USW00004781,3,153.23,-150.23,-1.15,False
2012-10-30,USW00004789,13,237.48,-224.48,-1.76,False
2012-10-30,USW00013739,66,608.38,-542.38,-4.39,True
2012-10-30,USW00014707,18,211.01,-193.01,-1.5,False
2012-10-30,USW00014719,0,105.02,-105.02,-0.77,False
2012-10-30,USW00014732,10,270.78,-260.78,-2.06,False
2012-10-30,USW00014734,185,322.34,-137.34,-1.04,False
2012-10-30,USW00014737,41,453.84,-412.84,-3.32,False
2012-10-30,USW00014740,3,261.94,-258.94,-2.05,False
2012-10-30,USW00014752,0,256.23,-256.23,-2.02,False
2012-10-30,USW00014757,20,165.78,-145.78,-1.11,False
2012-10-30,USW00014763,74,262.87,-188.87,-1.47,False
2012-10-30,USW00014775,43,265.56,-222.56,-1.74,False
2012-10-30,USW00014792,51,471.23,-420.23,-3.38,False
2012-10-30,USW00054734,41,178.0,-137.0,-1.04,False
2012-10-30,USW00054767,142,277.32,-135.32,-1.02,False
2012-10-30,USW00054787,10,212.68,-202.68,-1.58,False
2012-10-30,USW00054788,0,216.02,-216.02,-1.69,False
2012-10-30,USW00054789,343,367.78,-24.78,-0.11,False
2012-10-30,USW00054790,5,105.74,-100.74,-0.74,False
2012-10-30,USW00064756,6,181.82,-175.82,-1.36,False
2012-10-30,USW00093780,18,556.87,-538.87,-4.36,True
2012-10-30,USW00094702,10,156.97,-146.97,-1.12,False
2012-10-30,USW00094728,69,278.13,-209.13,-1.63,False
2012-10-30,USW00094732,8,520.75,-512.75,-4.15,True
2012-10-30,USW00094741,84,274.93,-190.93,-1.48,False
2012-10-30,USW00094745,23,212.72,-189.72,-1.47,False
2012-10-30,USW00094789,10,292.92,-282.92,-2.24,False
2012-10-31,US1CTFR0009,10,23.02,-13.02,-0.22,False
2012-10-31,US1CTHR0005,28,28.94,-0.94,0.34,False
2012-10-31,US1CTHR0006,15,21.65,-6.65,0.08,False
2012-10-31,US1CTHR0008,30,29.55,0.45,0.4,False
2012-10-31,US1CTHR0009,23,23.65,-0.65,0.35,False
2012-10-31,US1CTLT0007,33,26.57,6.43,0.68,False
2012-10-31,US1CTMD0001,5,23.42,-18.42,-0.47,False
2012-10-31,US1CTMD0002,8,20.73,-12.73,-0.2,False
2012-10-31,US1CTNH0013,5,15.19,-10.19,-0.09,False
2012-10-31,US1CTNH0014,13,18.51,-5.51,0.13,False
2012-10-31,US1MABE0003,20,32.05,-12.05,-0.17,False
2012-10-31,US1MAHD0009,25,34.76,-9.76,-0.07,False
2012-10-31,US1MAHS0002,38,34.71,3.29,0.53,False
2012-10-31,US1MAWR0006,33,40.41,-7.41,0.04,False
2012-10-31,US1MAWR0118,58,39.43,18.57,1.24,False
2012-10-31,US1NJAT0001,13,27.79,-14.79,-0.3,False
2012-10-31,US1NJAT0002,5,27.65,-22.65,-0.66,False
2012-10-31,US1NJAT0005,8,24.95,-16.95,-0.4,False
2012-10-31,US1NJBG0002,71,28.01,42.99,2.36,False
2012-10-31,US1NJBG0003,28,27.81,0.19,0.39,False
2012-10-31,US1NJBG0015,23,37.12,-14.12,-0.27,False
2012-10-31,US1NJBG0017,38,28.86,9.14,0.8,False
2012-10-31,US1NJBG0018,30,27.47,2.53,0.5,False
2012-10-31,US1NJBG0023,48,32.7,15.3,1.09,False
2012-10-31,US1NJBG0029,48,32.4,15.6,1.1,False
2012-10-31,US1NJBG0030,33,35.01,-2.01,0.29,False
2012-10-31,US1NJBT0003,3,28.84,-25.84,-0.81,False
2012-10-31,US1NJBT0004,8,17.7,-9.7,-0.06,False
2012-10-31,US1NJBT0006,3,26.98,-23.98,-0.72,False
2012-10-31,US1NJBT0007,3,30.34,-27.34,-0.88,False
2012-10-31,US1NJBT0023,3,26.74,-23.74,-0.71,False
2012-10-31,US1NJBT0025,51,26.43,24.57,1.51,False
2012-10-31,US1NJBT0028,5,23.34,-18.34,-0.46,False
2012-10-31,US1NJBT0029,15,25.62,-10.62,-0.11,False
2012-10-31,US1NJBT0032,8,24.32,-16.32,-0.37,False
2012-10-31,US1NJBT0036,8,22.7,-14.7,-0.29,False
2012-10-31,US1NJBT0037,8,23.19,-15.19,-0.32,False
2012-10-31,US1NJBT0040,15,25.7,-10.7,-0.11,False
2012-10-31,US1NJBT0045,15,26.94,-11.94,-0.17,False
2012-10-31,US1NJCN0001,10,30.34,-20.34,-0.55,False
2012-10-31,US1NJCN0005,5,28.97,-23.97,-0.72,False
2012-10-31,US1NJCN0011,3,27.28,-24.28,-0.74,False
2012-10-31,US1NJCN0015,10,28.74,-18.74,-0.48,False
2012-10-31,US1NJCN0019,18,32.78,-14.78,-0.3,False
2012-10-31,US1NJCN0020,8,27.76,-19.76,-0.53,False
2012-10-31,US1NJES0015,48,30.82,17.18,1.17,False
2012-10-31,US1NJES0018,13,28.95,-15.95,-0.35,False
2012-10-31,US1NJES0019,13,31.74,-18.74,-0.48,False
2012-10-31,US1NJES0020,28,31.93,-3.93,0.2,False
2012-10-31,US1NJGL0001,46,32.93,13.07,0.98,False
2012-10-31,US1NJGL0006,28,33.82,-5.82,0.11,False
2012-10-31,US1NJGL0010,61,38.63,22.37,1.41,False
2012-10-31,US1NJGL0011,99,40.57,58.43,3.07,False
2012-10-31,US1NJGL0015,28,30.45,-2.45,0.27,False
2012-10-31,US1NJGL0017,18,36.91,-18.91,-0.49,False
2012-10-31,US1NJGL0022,66,33.77,32.23,1.86,False
2012-10-31,US1NJGL0023,0,42.44,-42.44,-1.57,False
2012-10-31,US1NJGL0024,56,36.69,19.31,1.27,False
2012-10-31,US1NJGL0031,20,31.51,-11.51,-0.15,False
2012-10-31,US1NJHD0002,140,25.13,114.87,5.67,True
2012-10-31,US1NJHN0001,117,47.39,69.61,3.59,True
2012-10-31,US1NJHN0004,33,44.3,-11.3,-0.14,False
2012-10-31,US1NJHN0005,36,42.42,-6.42,0.09,False
2012-10-31,US1NJHN0009,66,41.38,24.62,1.51,False
2012-10-31,US1NJHN0010,23,40.02,-17.02,-0.4,False
2012-10-31,US1NJHN0011,97,40.37,56.63,2.99,False
2012-10-31,US1NJHN0012,43,44.05,-1.05,0.33,False
2012-10-31,US1NJHN0015,53,38.87,14.13,1.03,False
2012-10-31,US1NJHN0018,41,50.83,-9.83,-0.07,False
2012-10-31,US1NJHN0019,48,43.84,4.16,0.57,False
2012-10-31,US1NJHN0021,81,46.2,34.8,1.98,False
2012-10-31,US1NJHN0022,41,39.61,1.39,0.45,False
2012-10-31,US1NJHN0025,74,44.26,29.74,1.75,False
2012-10-31,US1NJHN0029,43,40.88,2.12,0.48,False
2012-10-31,US1NJMC0002,36,31.44,4.56,0.59,False
2012-10-31,US1NJMC0005,30,31.24,-1.24,0.32,False
2012-10-31,US1NJMC0009,15,31.25,-16.25,-0.37,False
2012-10-31,US1NJMC0011,15,30.84,-15.84,-0.35,False
2012-10-31,US1NJMC0016,43,30.6,12.4,0.95,False
2012-10-31,US1NJMC0027,28,34.97,-6.97,0.06,False
2012-10-31,US1NJMC0030,15,31.91,-16.91,-0.4,False
2012-10-31,US1NJMD0002,23,30.92,-7.92,0.02,False
2012-10-31,US1NJMD0006,13,31.77,-18.77,-0.48,False
2012-10-31,US1NJMD0009,15,32.27,-17.27,-0.41,False
2012-10-31,US1NJMD0023,10,28.15,-18.15,-0.45,False
2012-10-31,US1NJMD0028,3,29.43,-26.43,-0.83,False
2012-10-31,US1NJMD0033,10,27.04,-17.04,-0.4,False
2012-10-31,US1NJMD0043,10,27.77,-17.77,-0.44,False
2012-10-31,US1NJMD0044,13,25.85,-12.85,-0.21,False
2012-10-31,US1NJMN0005,13,19.75,-6.75,0.07,False
2012-10-31,US1NJMN0010,15,20.35,-5.35,0.14,False
2012-10-31,US1NJMN0016,18,28.64,-10.64,-0.11,False
2012-10-31,US1NJMN0017,8,27.35,-19.35,-0.51,False
2012-10-31,US1NJMN0019,10,20.36,-10.36,-0.09,False
2012-10-31,US1NJMN0044,3,23.25,-20.25,-0.55,False
2012-10-31,US1NJMN0048,10,13.62,-3.62,0.22,False
2012-10-31,US1NJMN0052,38,30.08,7.92,0.75,False
2012-10-31,US1NJMS0002,18,31.89,-13.89,-0.26,False
2012-10-31,US1NJMS0003,25,34.75,-9.75,-0.07,False
2012-10-31,US1NJMS0006,18,33.2,-15.2,-0.32,False
2012-10-31,US1NJMS0018,20,36.68,-16.68,-0.39,False
2012-10-31,US1NJMS0019,15,34.09,-19.09,-0.5,False
2012-10-31,US1NJMS0021,36,37.74,-1.74,0.3,False
2012-10-31,US1NJMS0022,48,45.05,2.95,0.52,False
2012-10-31,US1NJMS0023,10,38.48,-28.48,-0.93,False
2012-10-31,US1NJMS0025,30,36.32,-6.32,0.09,False
2012-10-31,US1NJMS0031,10,32.42,-22.42,-0.65,False
2012-10-31,US1NJMS0035,15,31.77,-16.77,-0.39,False
2012-10-31,US1NJMS0036,18,31.65,-13.65,-0.25,False
2012-10-31,US1NJMS0039,18,32.34,-14.34,-0.28,False
2012-10-31,US1NJMS0040,20,29.51,-9.51,-0.06,False
2012-10-31,US1NJMS0049,13,30.78,-17.78,-0.44,False
2012-10-31,US1NJMS0050,122,35.48,86.52,4.36,True
2012-10-31,US1NJMS0051,46,37.81,8.19,0.76,False
2012-10-31,US1NJMS0054,20,45.73,-25.73,-0.8,False
2012-10-31,US1NJMS0061,213,46.2,166.8,8.06,True
2012-10-31,US1NJOC0012,23,26.26,-3.26,0.23,False
2012-10-31,US1NJOC0013,8,21.0,-13.0,-0.22,False
2012-10-31,US1NJOC0033,18,28.39,-10.39,-0.1,False
2012-10-31,US1NJOC0036,48,24.05,23.95,1.48,False
2012-10-31,US1NJOC0040,5,29.24,-24.24,-0.73,False
2012-10-31,US1NJOC0042,5,24.91,-19.91,-0.53,False
2012-10-31,US1NJOC0051,38,22.37,15.63,1.1,False
2012-10-31,US1NJPS0005,30,26.71,3.29,0.53,False
2012-10-31,US1NJPS0012,41,31.05,9.95,0.84,False
2012-10-31,US1NJPS0014,3,31.41,-28.41,-0.93,False
2012-10-31,US1NJPS0016,86,37.28,48.72,2.62,False
2012-10-31,US1NJPS0019,18,30.25,-12.25,-0.18,False
2012-10-31,US1NJPS0021,53,36.05,16.95,1.16,False
2012-10-31,US1NJPS0022,25,33.87,-8.87,-0.03,False
2012-10-31,US1NJSL0002,107,40.84,66.16,3.43,False
2012-10-31,US1NJSL0003,74,34.04,39.96,2.22,False
2012-10-31,US1NJSM0001,23,31.14,-8.14,0.01,False
2012-10-31,US1NJSM0003,36,31.13,4.87,0.61,False
2012-10-31,US1NJSM0004,41,35.86,5.14,0.62,False
2012-10-31,US1NJSM0005,23,40.04,-17.04,-0.4,False
2012-10-31,US1NJSM0011,43,37.79,5.21,0.62,False
2012-10-31,US1NJSM0013,25,37.19,-12.19,-0.18,False
2012-10-31,US1NJSM0021,48,32.87,15.13,1.08,False
2012-10-31,US1NJSM0039,28,33.51,-5.51,0.13,False
2012-10-31,US1NJSM0049,79,37.88,41.12,2.27,False
2012-10-31,US1NJSM0050,58,40.95,17.05,1.17,False
2012-10-31,US1NJSS0007,53,39.61,13.39,1.0,False
2012-10-31,US1NJSS0020,25,43.11,-18.11,-0.45,False
2012-10-31,US1NJSS0027,10,44.77,-34.77,-1.22,False
2012-10-31,US1NJSS0028,36,49.73,-13.73,-0.25,False
2012-10-31,US1NJUN0010,13,29.65,-16.65,-0.38,False
2012-10-31,US1NJWR0001,48,44.28,3.72,0.55,False
2012-10-31,US1NJWR0004,64,49.55,14.45,1.05,False
2012-10-31,US1NJWR0005,135,45.94,89.06,4.48,True
2012-10-31,US1NJWR0006,64,46.33,17.67,1.19,False
2012-10-31,US1NJWR0008,56,49.78,6.22,0.67,False
2012-10-31,US1NJWR0012,79,46.31,32.69,1.89,False
2012-10-31,US1NJWR0017,71,50.23,20.77,1.34,False
2012-10-31,US1NJWR0022,56,48.05,7.95,0.75,False
2012-10-31,US1NJWR0023,66,50.32,15.68,1.1,False
2012-10-31,US1NJWR0024,58,50.71,7.29,0.72,False
2012-10-31,US1NYCB0001,20,47.1,-27.1,-0.87,False
2012-10-31,US1NYCB0006,10,43.64,-33.64,-1.17,False
2012-10-31,US1NYDL0005,30,72.92,-42.92,-1.59,False
2012-10-31,US1NYDL0008,56,73.69,-17.69,-0.43,False
2012-10-31,US1NYDL0009,58,77.21,-19.21,-0.5,False
2012-10-31,US1NYDL0022,10,71.5,-61.5,-2.45,False
2012-10-31,US1NYDL0023,165,83.95,81.05,4.11,True
2012-10-31,US1NYDL0024,71,83.58,-12.58,-0.2,False
2012-10-31,US1NYDL0025,30,67.79,-37.79,-1.36,False
2012-10-31,US1NYDT0004,46,32.41,13.59,1.01,False
2012-10-31,US1NYDT0005,20,33.57,-13.57,-0.24,False
2012-10-31,US1NYDT0007,15,41.37,-26.37,-0.83,False
2012-10-31,US1NYDT0008,8,34.15,-26.15,-0.82,False
2012-10-31,US1NYDT0010,10,32.63,-22.63,-0.66,False
2012-10-31,US1NYDT0012,5,33.59,-28.59,-0.93,False
2012-10-31,US1NYGR0005,18,46.08,-28.08,-0.91,False
2012-10-31,US1NYGR0006,33,53.14,-20.14,-0.54,False
2012-10-31,US1NYGR0007,23,54.33,-31.33,-1.06,False
2012-10-31,US1NYNS0007,58,23.07,34.93,1.99,False
2012-10-31,US1NYPT0002,48,34.21,13.79,1.02,False
2012-10-31,US1NYPT0004,64,32.21,31.79,1.84,False
2012-10-31,US1NYQN0002,43,25.11,17.89,1.21,False
2012-10-31,US1NYRC0001,0,25.75,-25.75,-0.8,False
2012-10-31,US1NYRC0002,8,25.07,-17.07,-0.4,False
2012-10-31,US1NYRL0005,33,28.79,4.21,0.58,False
2012-10-31,US1NYSF0002,10,9.99,0.01,0.38,False
2012-10-31,US1NYSF0003,0,8.3,-8.3,0.0,False
2012-10-31,US1NYSF0016,8,15.8,-7.8,0.02,False
2012-10-31,US1NYSF0017,5,12.49,-7.49,0.04,False
2012-10-31,US1NYSF0019,8,7.79,0.21,0.39,False
2012-10-31,US1NYSF0024,0,11.46,-11.46,-0.15,False
2012-10-31,US1NYSV0005,97,58.47,38.53,2.16,False
2012-10-31,US1NYSV0006,122,84.86,37.14,2.09,False
2012-10-31,US1NYSV0008,43,53.57,-10.57,-0.1,False
2012-10-31,US1NYUL0002,71,63.49,7.51,0.73,False
2012-10-31,US1NYUL0003,127,48.89,78.11,3.98,True
2012-10-31,US1NYUL0004,64,59.32,4.68,0.6,False
2012-10-31,US1NYUL0006,25,44.34,-19.34,-0.51,False
2012-10-31,US1NYUL0009,64,36.16,27.84,1.66,False
2012-10-31,US1NYWC0006,25,21.24,3.76,0.55,False
2012-10-31,US1NYWC0007,23,27.39,-4.39,0.18,False
2012-10-31,US1NYWC0011,15,31.72,-16.72,-0.39,False
2012-10-31,US1PABK0005,81,47.13,33.87,1.94,False
2012-10-31,US1PABK0013,0,29.03,-29.03,-0.95,False
2012-10-31,US1PABK0014,15,32.62,-17.62,-0.43,False
2012-10-31,US1PABK0015,0,39.47,-39.47,-1.43,False
2012-10-31,US1PABK0018,13,31.43,-18.43,-0.47,False
2012-10-31,US1PABK0026,36,43.27,-7.27,0.05,False
2012-10-31,US1PACB0015,74,50.31,23.69,1.47,False
2012-10-31,US1PACH0020,114,50.19,63.81,3.32,False
2012-10-31,US1PADL0009,112,43.2,68.8,3.55,True
2012-10-31,US1PAMN0008,81,49.86,31.14,1.82,False
2012-10-31,US1PAMN0009,112,48.99,63.01,3.28,False
2012-10-31,US1PAMT0007,86,50.48,35.52,2.02,False
2012-10-31,US1PAMT0013,84,52.39,31.61,1.84,False
2012-10-31,US1PAMT0016,76,54.39,21.61,1.38,False
2012-10-31,US1PAMT0020,69,52.42,16.58,1.15,False
2012-10-31,US1PAMT0022,69,52.87,16.13,1.12,False
2012-10-31,US1PAMT0037,64,48.94,15.06,1.07,False
2012-10-31,US1PAMT0048,386,41.06,344.94,16.25,True
2012-10-31,US1PAMT0053,61,51.78,9.22,0.81,False
2012-10-31,US1PAMT0056,58,50.32,7.68,0.74,False
2012-10-31,US1PAMT0063,10,38.37,-28.37,-0.92,False
2012-10-31,US1PAMT0064,36,55.32,-19.32,-0.51,False
2012-10-31,US1PAMT0067,69,44.54,24.46,1.51,False
2012-10-31,US1PAMT0072,84,53.61,30.39,1.78,False
2012-10-31,US1PANH0001,41,48.34,-7.34,0.04,False
2012-10-31,US1PANH0009,64,44.3,19.7,1.29,False
2012-10-31,US1PANH0010,48,44.45,3.55,0.55,False
2012-10-31,US1PAPH0002,13,30.84,-17.84,-0.44,False
2012-10-31,US1PAPH0004,10,31.4,-21.4,-0.6,False
2012-10-31,US1PAPK0004,76,71.19,4.81,0.6,False
2012-10-31,US1PAPK0014,84,67.75,16.25,1.13,False
2012-10-31,US1PASS0006,86,81.88,4.12,0.57,False
2012-10-31,US1PAWN0010,140,84.58,55.42,2.93,False
2012-10-31,US1PAWN0012,58,79.4,-21.4,-0.6,False
2012-10-31,US1PAWN0013,61,75.13,-14.13,-0.27,False
2012-10-31,US1PAWN0035,99,82.27,16.73,1.15,False
2012-10-31,US1PAWN0037,38,78.95,-40.95,-1.5,False
2012-10-31,US1PAWN0038,97,75.29,21.71,1.38,False
2012-10-31,US1PAWN0041,117,72.94,44.06,2.41,False
2012-10-31,US1PAWN0042,89,89.88,-0.88,0.34,False
2012-10-31,US1PAWN0044,104,82.22,21.78,1.38,False
2012-10-31,USC00060128,8,16.64,-8.64,-0.02,False
2012-10-31,USC00060227,15,25.74,-10.74,-0.11,False
2012-10-31,USC00060299,8,28.15,-20.15,-0.55,False
2012-10-31,USC00060808,10,16.21,-6.21,0.1,False
2012-10-31,USC00060961,84,30.12,53.88,2.86,False
2012-10-31,USC00060973,8,24.87,-16.87,-0.39,False
2012-10-31,USC00061508,25,29.26,-4.26,0.19,False
2012-10-31,USC00062658,58,33.47,24.53,1.51,False
2012-10-31,USC00063420,61,30.42,30.58,1.79,False
2012-10-31,USC00065445,18,32.59,-14.59,-0.29,False
2012-10-31,USC00065910,38,23.4,14.6,1.05,False
2012-10-31,USC00066655,0,20.79,-20.79,-0.57,False
2012-10-31,USC00066966,25,28.72,-3.72,0.21,False
2012-10-31,USC00067373,53,28.98,24.02,1.49,False
2012-10-31,USC00067432,13,20.92,-7.92,0.02,False
2012-10-31,USC00067958,81,33.5,47.5,2.57,False
2012-10-31,USC00067970,0,20.22,-20.22,-0.55,False
2012-10-31,USC00068065,10,17.4,-7.4,0.04,False
2012-10-31,USC00068138,61,29.12,31.88,1.85,False
2012-10-31,USC00068330,33,23.83,9.17,0.8,False
2012-10-31,USC00068436,18,27.44,-9.44,-0.05,False
2012-10-31,USC00190120,48,41.62,6.38,0.68,False
2012-10-31,USC00190408,41,40.34,0.66,0.41,False
2012-10-31,USC00190562,20,37.11,-17.11,-0.41,False
2012-10-31,USC00192107,69,37.67,31.33,1.82,False
2012-10-31,USC00193172,43,31.61,11.39,0.91,False
2012-10-31,USC00193213,0,34.32,-34.32,-1.2,False
2012-10-31,USC00193402,28,37.23,-9.23,-0.04,False
2012-10-31,USC00194131,15,32.12,-17.12,-0.41,False
2012-10-31,USC00194154,66,46.68,19.32,1.27,False
2012-10-31,USC00197627,36,42.1,-6.1,0.1,False
2012-10-31,USC00198278,66,46.68,19.32,1.27,False
2012-10-31,USC00198793,36,35.59,0.41,0.4,False
2012-10-31,USC00199193,56,30.08,25.92,1.57,False
2012-10-31,USC00199371,25,31.01,-6.01,0.11,False
2012-10-31,USC00199972,97,30.68,66.32,3.43,False
2012-10-31,USC00280734,104,48.48,55.52,2.94,False
2012-10-31,USC00280847,0,32.99,-32.99,-1.14,False
2012-10-31,USC00280907,25,31.41,-6.41,0.09,False
2012-10-31,USC00280927,56,33.61,22.39,1.41,False
2012-10-31,USC00281327,58,38.68,19.32,1.27,False
2012-10-31,USC00281335,15,29.16,-14.16,-0.27,False
2012-10-31,USC00281582,23,36.53,-13.53,-0.24,False
2012-10-31,USC00282023,5,28.86,-23.86,-0.72,False
2012-10-31,USC00283029,61,41.89,19.11,1.26,False
2012-10-31,USC00283662,13,23.79,-10.79,-0.11,False
2012-10-31,USC00283704,0,34.69,-34.69,-1.21,False
2012-10-31,USC00283951,36,30.92,5.08,0.62,False
2012-10-31,USC00284229,0,25.26,-25.26,-0.78,False
2012-10-31,USC00284635,23,36.52,-13.52,-0.24,False
2012-10-31,USC00284987,0,17.5,-17.5,-0.42,False
2012-10-31,USC00285728,0,20.07,-20.07,-0.54,False
2012-10-31,USC00286055,0,29.36,-29.36,-0.97,False
2012-10-31,USC00286146,3,29.2,-26.2,-0.82,False
2012-10-31,USC00286864,8,30.02,-22.02,-0.63,False
2012-10-31,USC00286964,5,26.1,-21.1,-0.59,False
2012-10-31,USC00286979,51,45.75,5.25,0.62,False
2012-10-31,USC00287301,36,43.88,-7.88,0.02,False
2012-10-31,USC00287486,3,44.89,-41.89,-1.55,False
2012-10-31,USC00288173,18,28.44,-10.44,-0.1,False
2012-10-31,USC00288644,30,42.25,-12.25,-0.18,False
2012-10-31,USC00289187,5,32.96,-27.96,-0.9,False
2012-10-31,USC00289363,46,36.36,9.64,0.83,False
2012-10-31,USC00289832,0,30.0,-30.0,-1.0,False
2012-10-31,USC00300063,36,48.36,-12.36,-0.19,False
2012-10-31,USC00300254,48,75.15,-27.15,-0.87,False
2012-10-31,USC00300364,23,8.4,14.6,1.05,False
2012-10-31,USC00300732,0,53.96,-53.96,-2.1,False
2012-10-31,USC00300961,3,26.0,-23.0,-0.68,False
2012-10-31,USC00301102,104,80.28,23.72,1.47,False
2012-10-31,USC00301211,5,30.39,-25.39,-0.79,False
2012-10-31,USC00301309,8,15.97,-7.97,0.02,False
2012-10-31,USC00301521,284,73.47,210.53,10.07,True
2012-10-31,USC00302169,107,80.86,26.14,1.58,False
2012-10-31,USC00302366,145,63.11,81.89,4.15,True
2012-10-31,USC00302454,36,77.27,-41.27,-1.52,False
2012-10-31,USC00302582,173,56.31,116.69,5.75,True
2012-10-31,USC00304575,15,68.63,-53.63,-2.09,False
2012-10-31,USC00304731,124,74.16,49.84,2.68,False
2012-10-31,USC00305113,15,65.73,-50.73,-1.95,False
2012-10-31,USC00305142,5,10.38,-5.38,0.13,False
2012-10-31,USC00305426,10,52.83,-42.83,-1.59,False
2012-10-31,USC00305606,0,12.47,-12.47,-0.19,False
2012-10-31,USC00306217,28,62.83,-34.83,-1.22,False
2012-10-31,USC00306570,178,80.99,97.01,4.85,True
2012-10-31,USC00306649,145,62.05,82.95,4.2,True
2012-10-31,USC00306774,33,51.48,-18.48,-0.47,False
2012-10-31,USC00306820,13,37.99,-24.99,-0.77,False
2012-10-31,USC00307035,10,43.99,-33.99,-1.18,False
2012-10-31,USC00307134,8,11.36,-3.36,0.23,False
2012-10-31,USC00307799,315,74.96,240.04,11.43,True
2012-10-31,USC00308670,41,74.57,-33.57,-1.16,False
2012-10-31,USC00308721,3,7.51,-4.51,0.17,False
2012-10-31,USC00308932,86,79.64,6.36,0.67,False
2012-10-31,USC00309292,0,34.03,-34.03,-1.18,False
2012-10-31,USC00361737,102,56.47,45.53,2.48,False
2012-10-31,USC00362671,58,87.76,-29.76,-0.99,False
2012-10-31,USC00363437,56,54.26,1.74,0.46,False
2012-10-31,USC00363488,66,48.6,17.4,1.18,False
2012-10-31,USC00363758,91,70.14,20.86,1.34,False
2012-10-31,USC00365390,0,47.49,-47.49,-1.8,False
2012-10-31,USC00365738,53,74.17,-21.17,-0.59,False
2012-10-31,USC00366194,3,29.03,-26.03,-0.82,False
2012-10-31,USC00366370,112,52.95,59.05,3.1,False
2012-10-31,USC00366927,0,53.8,-53.8,-2.09,False
2012-10-31,USC00367029,94,86.75,7.25,0.72,False
2012-10-31,USC00367186,89,85.62,3.38,0.54,False
2012-10-31,USC00367938,71,48.77,22.23,1.4,False
2012-10-31,USC00368400,56,43.14,12.86,0.97,False
2012-10-31,USC00368596,13,51.57,-38.57,-1.39,False
2012-10-31,USW00004781,0,10.56,-10.56,-0.1,False
2012-10-31,USW00004789,0,47.92,-47.92,-1.82,False
2012-10-31,USW00013739,0,40.54,-40.54,-1.48,False
2012-10-31,USW00014707,5,20.88,-15.88,-0.35,False
2012-10-31,USW00014719,18,8.03,9.97,0.84,False
2012-10-31,USW00014732,0,26.33,-26.33,-0.83,False
2012-10-31,USW00014734,0,28.51,-28.51,-0.93,False
2012-10-31,USW00014737,0,48.11,-48.11,-1.83,False
2012-10-31,USW00014740,18,27.94,-9.94,-0.08,False
2012-10-31,USW00014752,10,23.48,-13.48,-0.24,False
2012-10-31,USW00014757,5,32.71,-27.71,-0.89,False
2012-10-31,USW00014758,0,14.99,-14.99,-0.31,False
2012-10-31,USW00014763,8,34.61,-26.61,-0.84,False
2012-10-31,USW00014775,23,33.3,-10.3,-0.09,False
2012-10-31,USW00014792,3,32.2,-29.2,-0.96,False
2012-10-31,USW00054734,0,23.17,-23.17,-0.68,False
2012-10-31,USW00054767,3,36.12,-33.12,-1.14,False
2012-10-31,USW00054787,8,17.38,-9.38,-0.05,False
2012-10-31,USW00054788,0,19.12,-19.12,-0.5,False
2012-10-31,USW00054789,0,58.28,-58.28,-2.3,False
2012-10-31,USW00054790,0,7.84,-7.84,0.02,False
2012-10-31,USW00064756,5,35.33,-30.33,-1.01,False
2012-10-31,USW00093780,0,23.9,-23.9,-0.72,False
2012-10-31,USW00094702,3,15.83,-12.83,-0.21,False
2012-10-31,USW00094728,3,27.95,-24.95,-0.77,False
2012-10-31,USW00094732,0,32.07,-32.07,-1.09,False
2012-10-31,USW00094741,3,30.82,-27.82,-0.9,False
2012-10-31,USW00094745,3,22.2,-19.2,-0.5,False
2012-10-31,USW00094789,3,25.8,-22.8,-0.67,False
2012-11-01,US1CTFR0009,0,1.05,-1.05,-0.55,False
2012-11-01,US1CTHR0005,5,1.78,3.22,9.42,True
2012-11-01,US1CTHR0006,0,1.44,-1.44,-1.46,False
2012-11-01,US1CTHR0008,5,1.78,3.22,9.41,True
2012-11-01,US1CTHR0009,5,1.49,3.51,10.09,True
2012-11-01,US1CTLT0007,0,1.72,-1.72,-2.11,False
2012-11-01,US1CTMD0002,0,1.37,-1.37,-1.3,False
2012-11-01,US1CTMD0005,0,1.0,-1.0,-0.45,False
2012-11-01,US1CTNH0013,0,1.17,-1.17,-0.82,False
2012-11-01,US1CTNH0014,5,1.15,3.85,10.87,True
2012-11-01,US1MABE0003,5,1.5,3.5,10.05,True
2012-11-01,US1MAHD0009,3,2.01,0.99,4.2,True
2012-11-01,US1MAHS0002,3,1.82,1.18,4.66,True
2012-11-01,US1MAWR0118,0,2.29,-2.29,-3.44,False
2012-11-01,US1NJAT0001,0,0.99,-0.99,-0.4,False
2012-11-01,US1NJAT0002,0,0.94,-0.94,-0.3,False
2012-11-01,US1NJAT0005,0,0.79,-0.79,0.04,False
2012-11-01,US1NJBG0003,10,0.62,9.38,23.79,True
2012-11-01,US1NJBG0015,3,0.55,2.45,7.61,True
2012-11-01,US1NJBG0017,3,0.76,2.24,7.11,True
2012-11-01,US1NJBG0018,0,0.89,-0.89,-0.18,False
2012-11-01,US1NJBG0023,0,0.55,-0.55,0.6,False
2012-11-01,US1NJBG0029,0,0.59,-0.59,0.52,False
2012-11-01,US1NJBG0030,0,0.56,-0.56,0.58,False
2012-11-01,US1NJBG0033,0,0.76,-0.76,0.13,False
2012-11-01,US1NJBT0003,0,0.81,-0.81,0.0,False
2012-11-01,US1NJBT0004,0,0.5,-0.5,0.73,False
2012-11-01,US1NJBT0005,0,0.67,-0.67,0.32,False
2012-11-01,US1NJBT0006,0,0.78,-0.78,0.08,False
2012-11-01,US1NJBT0007,0,0.87,-0.87,-0.13,False
2012-11-01,US1NJBT0025,0,0.8,-0.8,0.02,False
2012-11-01,US1NJBT0028,0,0.69,-0.69,0.29,False
2012-11-01,US1NJBT0029,0,0.71,-0.71,0.23,False
2012-11-01,US1NJBT0032,0,0.68,-0.68,0.31,False
2012-11-01,US1NJBT0035,0,0.69,-0.69,0.28,False
2012-11-01,US1NJBT0037,0,0.64,-0.64,0.41,False
2012-11-01,US1NJBT0040,0,0.7,-0.7,0.26,False
2012-11-01,US1NJCN0001,0,0.89,-0.89,-0.17,False
2012-11-01,US1NJCN0005,0,1.05,-1.05,-0.56,False
2012-11-01,US1NJCN0011,0,0.85,-0.85,-0.08,False
2012-11-01,US1NJCN0015,0,0.87,-0.87,-0.14,False
2012-11-01,US1NJCN0017,0,0.88,-0.88,-0.15,False
2012-11-01,US1NJCN0019,0,1.09,-1.09,-0.65,False
2012-11-01,US1NJCN0020,0,0.92,-0.92,-0.26,False
2012-11-01,US1NJES0015,0,0.66,-0.66,0.37,False
2012-11-01,US1NJES0018,0,0.63,-0.63,0.42,False
2012-11-01,US1NJES0019,0,0.61,-0.61,0.47,False
2012-11-01,US1NJES0020,0,0.69,-0.69,0.28,False
2012-11-01,US1NJGL0001,3,1.5,1.5,5.39,True
2012-11-01,US1NJGL0006,0,1.27,-1.27,-1.07,False
2012-11-01,US1NJGL0010,0,2.17,-2.17,-3.16,False
2012-11-01,US1NJGL0011,0,1.56,-1.56,-1.73,False
2012-11-01,US1NJGL0012,0,1.37,-1.37,-1.3,False
2012-11-01,US1NJGL0015,5,1.07,3.93,11.06,True
2012-11-01,US1NJGL0017,3,1.49,1.51,5.43,True
2012-11-01,US1NJGL0022,5,4.08,0.92,4.05,True
2012-11-01,US1NJGL0023,25,1.27,23.73,57.27,True
2012-11-01,US1NJGL0024,0,1.59,-1.59,-1.82,False
2012-11-01,US1NJGL0030,0,1.43,-1.43,-1.44,False
2012-11-01,US1NJHD0002,0,0.79,-0.79,0.05,False
2012-11-01,US1NJHN0001,0,0.72,-0.72,0.22,False
2012-11-01,US1NJHN0003,0,0.76,-0.76,0.12,False
2012-11-01,US1NJHN0004,0,0.73,-0.73,0.19,False
2012-11-01,US1NJHN0005,0,0.78,-0.78,0.08,False
2012-11-01,US1NJHN0010,0,0.98,-0.98,-0.38,False
2012-11-01,US1NJHN0011,0,0.77,-0.77,0.1,False
2012-11-01,US1NJHN0012,0,0.82,-0.82,-0.01,False
2012-11-01,US1NJHN0015,0,0.92,-0.92,-0.25,False
2012-11-01,US1NJHN0018,0,0.68,-0.68,0.32,False
2012-11-01,US1NJHN0019,0,0.73,-0.73,0.18,False
2012-11-01,US1NJHN0021,0,0.66,-0.66,0.36,False
2012-11-01,US1NJHN0022,0,0.88,-0.88,-0.15,False
2012-11-01,US1NJHN0026,0,0.78,-0.78,0.07,False
2012-11-01,US1NJHN0029,0,0.86,-0.86,-0.1,False
2012-11-01,US1NJHN0031,0,0.81,-0.81,-0.0,False
2012-11-01,US1NJMC0001,0,1.4,-1.4,-1.37,False
2012-11-01,US1NJMC0002,0,1.06,-1.06,-0.57,False
2012-11-01,US1NJMC0005,0,1.52,-1.52,-1.65,False
2012-11-01,US1NJMC0009,0,1.05,-1.05,-0.57,False
2012-11-01,US1NJMC0011,0,1.03,-1.03,-0.51,False
2012-11-01,US1NJMC0016,0,1.01,-1.01,-0.46,False
2012-11-01,US1NJMC0022,0,1.09,-1.09,-0.65,False
2012-11-01,US1NJMC0027,0,1.27,-1.27,-1.08,False
2012-11-01,US1NJMD0002,0,1.05,-1.05,-0.56,False
2012-11-01,US1NJMD0009,0,1.65,-1.65,-1.95,False
2012-11-01,US1NJMD0023,0,0.59,-0.59,0.51,False
2012-11-01,US1NJMD0028,0,0.74,-0.74,0.18,False
2012-11-01,US1NJMD0033,0,0.54,-0.54,0.64,False
2012-11-01,US1NJMD0043,0,0.7,-0.7,0.27,False
2012-11-01,US1NJMD0044,0,0.52,-0.52,0.68,False
2012-11-01,US1NJMN0010,0,0.8,-0.8,0.04,False
2012-11-01,US1NJMN0017,0,0.81,-0.81,-0.0,False
2012-11-01,US1NJMN0019,0,0.71,-0.71,0.23,False
2012-11-01,US1NJMN0020,0,0.66,-0.66,0.35,False
2012-11-01,US1NJMN0044,0,0.76,-0.76,0.13,False
2012-11-01,US1NJMN0048,3,0.38,2.62,8.01,True
2012-11-01,US1NJMN0052,0,1.0,-1.0,-0.44,False
2012-11-01,US1NJMN0055,0,0.83,-0.83,-0.04,False
2012-11-01,US1NJMS0002,0,0.6,-0.6,0.5,False
2012-11-01,US1NJMS0003,0,0.65,-0.65,0.38,False
2012-11-01,US1NJMS0006,0,0.79,-0.79,0.06,False
2012-11-01,US1NJMS0011,0,0.67,-0.67,0.33,False
2012-11-01,US1NJMS0014,0,0.66,-0.66,0.37,False
2012-11-01,US1NJMS0015,0,0.69,-0.69,0.29,False
2012-11-01,US1NJMS0018,0,0.81,-0.81,-0.01,False
2012-11-01,US1NJMS0019,0,0.58,-0.58,0.54,False
2012-11-01,US1NJMS0021,0,0.67,-0.67,0.34,False
2012-11-01,US1NJMS0022,0,0.79,-0.79,0.06,False
2012-11-01,US1NJMS0023,0,0.71,-0.71,0.25,False
2012-11-01,US1NJMS0025,0,0.58,-0.58,0.53,False
2012-11-01,US1NJMS0031,0,0.83,-0.83,-0.04,False
2012-11-01,US1NJMS0035,3,0.57,2.43,7.56,True
2012-11-01,US1NJMS0036,0,0.63,-0.63,0.43,False
2012-11-01,US1NJMS0040,0,0.61,-0.61,0.47,False
2012-11-01,US1NJMS0042,0,0.59,-0.59,0.52,False
2012-11-01,US1NJMS0049,3,0.5,2.5,7.73,True
2012-11-01,US1NJMS0050,0,0.65,-0.65,0.37,False
2012-11-01,US1NJMS0051,0,0.72,-0.72,0.22,False
2012-11-01,US1NJMS0054,0,0.78,-0.78,0.08,False
2012-11-01,US1NJMS0061,0,0.78,-0.78,0.07,False
2012-11-01,US1NJOC0012,0,0.74,-0.74,0.18,False
2012-11-01,US1NJOC0013,0,0.7,-0.7,0.25,False
2012-11-01,US1NJOC0017,0,0.73,-0.73,0.2,False
2012-11-01,US1NJOC0024,0,0.78,-0.78,0.08,False
2012-11-01,US1NJOC0036,0,0.86,-0.86,-0.1,False
2012-11-01,US1NJOC0040,0,0.89,-0.89,-0.17,False
2012-11-01,US1NJOC0042,0,0.74,-0.74,0.18,False
2012-11-01,US1NJOC0051,0,0.72,-0.72,0.21,False
2012-11-01,US1NJPS0004,0,0.78,-0.78,0.08,False
2012-11-01,US1NJPS0005,0,1.1,-1.1,-0.67,False
2012-11-01,US1NJPS0012,0,0.63,-0.63,0.42,False
2012-11-01,US1NJPS0014,3,0.64,2.36,7.41,True
2012-11-01,US1NJPS0016,0,0.98,-0.98,-0.4,False
2012-11-01,US1NJPS0019,0,0.6,-0.6,0.5,False
2012-11-01,US1NJPS0021,0,0.86,-0.86,-0.11,False
2012-11-01,US1NJSL0002,0,1.47,-1.47,-1.54,False
2012-11-01,US1NJSL0003,0,0.92,-0.92,-0.25,False
2012-11-01,US1NJSM0001,0,1.18,-1.18,-0.85,False
2012-11-01,US1NJSM0002,0,0.56,-0.56,0.6,False
2012-11-01,US1NJSM0003,0,0.84,-0.84,-0.07,False
2012-11-01,US1NJSM0004,0,0.56,-0.56,0.58,False
2012-11-01,US1NJSM0005,0,0.66,-0.66,0.35,False
2012-11-01,US1NJSM0011,0,0.63,-0.63,0.44,False
2012-11-01,US1NJSM0012,0,0.78,-0.78,0.08,False
2012-11-01,US1NJSM0013,0,0.79,-0.79,0.05,False
2012-11-01,US1NJSM0021,0,1.78,-1.78,-2.25,False
2012-11-01,US1NJSM0022,71,0.32,70.68,166.8,True
2012-11-01,US1NJSM0026,0,0.78,-0.78,0.07,False
2012-11-01,US1NJSM0039,0,0.73,-0.73,0.19,False
2012-11-01,US1NJSM0045,0,0.88,-0.88,-0.15,False
2012-11-01,US1NJSM0050,0,0.74,-0.74,0.18,False
2012-11-01,US1NJSS0001,0,1.08,-1.08,-0.62,False
2012-11-01,US1NJSS0007,3,0.94,2.06,6.7,True
2012-11-01,US1NJSS0020,0,1.26,-1.26,-1.05,False
2012-11-01,US1NJSS0027,0,1.17,-1.17,-0.84,False
2012-11-01,US1NJSS0028,0,1.76,-1.76,-2.22,False
2012-11-01,US1NJUN0010,0,0.61,-0.61,0.47,False
2012-11-01,US1NJWR0001,0,0.82,-0.82,-0.02,False
2012-11-01,US1NJWR0004,0,1.24,-1.24,-1.0,False
2012-11-01,US1NJWR0005,0,0.83,-0.83,-0.03,False
2012-11-01,US1NJWR0006,0,0.97,-0.97,-0.36,False
2012-11-01,US1NJWR0008,0,1.09,-1.09,-0.65,False
2012-11-01,US1NJWR0012,0,0.79,-0.79,0.05,False
2012-11-01,US1NJWR0017,0,0.88,-0.88,-0.15,False
2012-11-01,US1NJWR0020,0,0.93,-0.93,-0.28,False
2012-11-01,US1NJWR0022,0,1.26,-1.26,-1.05,False
2012-11-01,US1NJWR0023,3,0.81,2.19,7.0,True
2012-11-01,US1NJWR0024,5,1.19,3.81,10.78,True
2012-11-01,US1NYCB0001,0,2.06,-2.06,-2.92,False
2012-11-01,US1NYCB0006,0,2.02,-2.02,-2.82,False
2012-11-01,US1NYDL0005,10,8.0,2.0,6.56,True
2012-11-01,US1NYDL0009,13,8.17,4.83,13.17,True
2012-11-01,US1NYDL0022,5,6.99,-1.99,-2.74,False
2012-11-01,US1NYDL0023,25,8.28,16.72,40.91,True
2012-11-01,US1NYDL0024,23,10.11,12.89,31.97,True
2012-11-01,US1NYDL0025,5,5.8,-0.8,0.03,False
2012-11-01,US1NYDT0004,0,1.05,-1.05,-0.54,False
2012-11-01,US1NYDT0005,0,0.97,-0.97,-0.37,False
2012-11-01,US1NYDT0008,3,1.33,1.67,5.79,True
2012-11-01,US1NYDT0010,0,0.96,-0.96,-0.34,False
2012-11-01,US1NYDT0012,0,1.26,-1.26,-1.04,False
2012-11-01,US1NYGR0006,3,2.32,0.68,3.47,False
2012-11-01,US1NYGR0007,0,2.75,-2.75,-4.51,True
2012-11-01,US1NYNS0007,13,0.64,12.36,30.72,True
2012-11-01,US1NYOR0004,0,1.36,-1.36,-1.28,False
2012-11-01,US1NYPT0002,0,0.95,-0.95,-0.32,False
2012-11-01,US1NYPT0004,0,0.96,-0.96,-0.34,False
2012-11-01,US1NYRC0001,0,0.67,-0.67,0.33,False
2012-11-01,US1NYRC0002,0,0.67,-0.67,0.34,False
2012-11-01,US1NYRL0005,0,0.8,-0.8,0.03,False
2012-11-01,US1NYSF0002,0,0.4,-0.4,0.95,False
2012-11-01,US1NYSF0003,0,0.6,-0.6,0.49,False
2012-11-01,US1NYSF0016,0,0.74,-0.74,0.18,False
2012-11-01,US1NYSF0017,0,0.88,-0.88,-0.16,False
2012-11-01,US1NYSF0019,0,0.41,-0.41,0.95,False
2012-11-01,US1NYSF0024,5,0.48,4.52,12.44,True
2012-11-01,US1NYSV0005,3,2.8,0.2,2.37,False
2012-11-01,US1NYSV0006,20,7.76,12.24,30.46,True
2012-11-01,US1NYSV0008,0,2.41,-2.41,-3.73,True
2012-11-01,US1NYUL0001,0,2.07,-2.07,-2.94,False
2012-11-01,US1NYUL0002,3,2.44,0.56,3.21,False
2012-11-01,US1NYUL0003,0,2.0,-2.0,-2.78,False
2012-11-01,US1NYUL0004,0,2.49,-2.49,-3.92,True
2012-11-01,US1NYUL0006,0,1.76,-1.76,-2.2,False
2012-11-01,US1NYUL0008,0,2.82,-2.82,-4.67,True
2012-11-01,US1NYUL0009,0,1.39,-1.39,-1.36,False
2012-11-01,US1NYWC0006,0,0.81,-0.81,0.01,False
2012-11-01,US1NYWC0007,3,0.49,2.51,7.76,True
2012-11-01,US1NYWC0011,0,0.8,-0.8,0.02,False
2012-11-01,US1PABK0005,3,0.84,2.16,6.94,True
2012-11-01,US1PABK0013,0,0.79,-0.79,0.05,False
2012-11-01,US1PABK0014,0,0.9,-0.9,-0.2,False
2012-11-01,US1PABK0015,0,0.88,-0.88,-0.16,False
2012-11-01,US1PABK0018,0,0.88,-0.88,-0.17,False
2012-11-01,US1PABK0026,0,0.94,-0.94,-0.3,False
2012-11-01,US1PACB0015,0,1.32,-1.32,-1.19,False
2012-11-01,US1PADL0009,0,1.31,-1.31,-1.16,False
2012-11-01,US1PAMN0008,0,1.74,-1.74,-2.16,False
2012-11-01,US1PAMN0009,3,1.6,1.4,5.15,True
2012-11-01,US1PAMT0007,3,0.98,2.02,6.62,True
2012-11-01,US1PAMT0012,0,1.11,-1.11,-0.7,False
2012-11-01,US1PAMT0013,5,0.94,4.06,11.37,True
2012-11-01,US1PAMT0016,0,1.33,-1.33,-1.21,False
2012-11-01,US1PAMT0022,0,1.11,-1.11,-0.69,False
2012-11-01,US1PAMT0048,0,1.06,-1.06,-0.57,False
2012-11-01,US1PAMT0053,5,0.93,4.07,11.39,True
2012-11-01,US1PAMT0056,0,1.06,-1.06,-0.58,False
2012-11-01,US1PAMT0063,0,0.94,-0.94,-0.31,False
2012-11-01,US1PAMT0064,0,1.05,-1.05,-0.55,False
2012-11-01,US1PAMT0067,0,1.01,-1.01,-0.45,False
2012-11-01,US1PAMT0072,3,0.99,2.01,6.58,True
2012-11-01,US1PANH0001,0,1.07,-1.07,-0.6,False
2012-11-01,US1PANH0009,3,0.91,2.09,6.78,True
2012-11-01,US1PANH0010,0,0.91,-0.91,-0.22,False
2012-11-01,US1PAPH0002,3,1.18,1.82,6.14,True
2012-11-01,US1PAPH0004,3,1.19,1.81,6.11,True
2012-11-01,US1PAPH0006,0,1.01,-1.01,-0.45,False
2012-11-01,US1PAPK0004,10,5.84,4.16,11.6,True
2012-11-01,US1PASS0006,10,8.17,1.83,6.17,True
2012-11-01,US1PAWN0004,13,4.38,8.62,22.01,True
2012-11-01,US1PAWN0010,8,9.49,-1.49,-1.57,False
2012-11-01,US1PAWN0012,10,6.99,3.01,8.91,True
2012-11-01,US1PAWN0013,8,6.85,1.15,4.57,True
2012-11-01,US1PAWN0035,3,9.54,-6.54,-13.36,True
2012-11-01,US1PAWN0037,0,7.43,-7.43,-15.44,True
2012-11-01,US1PAWN0038,13,6.2,6.8,17.76,True
2012-11-01,US1PAWN0041,10,5.73,4.27,11.86,True
2012-11-01,US1PAWN0042,10,12.38,-2.38,-3.65,True
2012-11-01,US1PAWN0044,5,8.41,-3.41,-6.06,True
2012-11-01,USC00060128,0,1.37,-1.37,-1.3,False
2012-11-01,USC00060227,5,1.48,3.52,10.12,True
2012-11-01,USC00060299,0,1.87,-1.87,-2.47,False
2012-11-01,USC00060961,3,1.37,1.63,5.7,True
2012-11-01,USC00060973,0,1.85,-1.85,-2.41,False
2012-11-01,USC00061508,0,1.78,-1.78,-2.26,False
2012-11-01,USC00061762,0,0.97,-0.97,-0.38,False
2012-11-01,USC00062658,10,1.52,8.48,21.68,True
2012-11-01,USC00063207,0,0.71,-0.71,0.25,False
2012-11-01,USC00063420,0,1.43,-1.43,-1.45,False
2012-11-01,USC00065077,0,1.22,-1.22,-0.94,False
2012-11-01,USC00065445,0,1.92,-1.92,-2.58,False
2012-11-01,USC00065910,0,1.14,-1.14,-0.77,False
2012-11-01,USC00066966,0,1.36,-1.36,-1.29,False
2012-11-01,USC00067373,5,1.45,3.55,10.17,True
2012-11-01,USC00067432,0,1.47,-1.47,-1.52,False
2012-11-01,USC00067958,13,1.46,11.54,28.83,True
2012-11-01,USC00067970,0,0.77,-0.77,0.1,False
2012-11-01,USC00068065,5,0.94,4.06,11.36,True
2012-11-01,USC00068138,0,1.71,-1.71,-2.1,False
2012-11-01,USC00068330,8,1.34,6.66,17.44,True
2012-11-01,USC00068436,0,1.75,-1.75,-2.18,False
2012-11-01,USC00190120,0,1.83,-1.83,-2.38,False
2012-11-01,USC00190408,3,1.54,1.46,5.31,True
2012-11-01,USC00190562,0,1.82,-1.82,-2.36,False
2012-11-01,USC00192107,5,1.57,3.43,9.91,True
2012-11-01,USC00193172,5,1.65,3.35,9.71,True
2012-11-01,USC00193213,0,2.07,-2.07,-2.94,False
2012-11-01,USC00193402,0,1.73,-1.73,-2.15,False
2012-11-01,USC00194131,0,1.93,-1.93,-2.62,False
2012-11-01,USC00194154,0,2.12,-2.12,-3.05,False
2012-11-01,USC00197627,0,2.09,-2.09,-2.97,False
2012-11-01,USC00198278,3,0.98,2.02,6.6,True
2012-11-01,USC00198793,0,1.81,-1.81,-2.33,False
2012-11-01,USC00199193,0,2.46,-2.46,-3.84,True
2012-11-01,USC00199371,5,1.59,3.41,9.86,True
2012-11-01,USC00199972,0,1.97,-1.97,-2.7,False
2012-11-01,USC00280734,0,1.06,-1.06,-0.57,False
2012-11-01,USC00280847,0,1.24,-1.24,-1.01,False
2012-11-01,USC00280907,0,0.6,-0.6,0.49,False
2012-11-01,USC00280927,0,0.79,-0.79,0.06,False
2012-11-01,USC00281327,0,1.04,-1.04,-0.53,False
2012-11-01,USC00281335,0,0.61,-0.61,0.48,False
2012-11-01,USC00281582,0,0.84,-0.84,-0.06,False
2012-11-01,USC00283029,0,0.75,-0.75,0.14,False
2012-11-01,USC00283181,0,0.83,-0.83,-0.03,False
2012-11-01,USC00283662,0,0.79,-0.79,0.06,False
2012-11-01,USC00283704,0,0.68,-0.68,0.31,False
2012-11-01,USC00283951,0,1.18,-1.18,-0.85,False
2012-11-01,USC00284229,0,0.72,-0.72,0.23,False
2012-11-01,USC00284635,0,0.98,-0.98,-0.38,False
2012-11-01,USC00284987,0,1.52,-1.52,-1.65,False
2012-11-01,USC00285728,0,0.5,-0.5,0.72,False
2012-11-01,USC00286055,0,0.76,-0.76,0.12,False
2012-11-01,USC00286146,0,1.0,-1.0,-0.44,False
2012-11-01,USC00286460,0,0.86,-0.86,-0.12,False
2012-11-01,USC00286864,0,0.86,-0.86,-0.11,False
2012-11-01,USC00286964,0,0.73,-0.73,0.19,False
2012-11-01,USC00286979,0,0.96,-0.96,-0.35,False
2012-11-01,USC00287301,0,0.73,-0.73,0.19,False
2012-11-01,USC00287486,0,0.86,-0.86,-0.11,False
2012-11-01,USC00288173,0,0.94,-0.94,-0.31,False
2012-11-01,USC00288644,0,1.18,-1.18,-0.85,False
2012-11-01,USC00289187,0,0.63,-0.63,0.43,False
2012-11-01,USC00289363,0,1.45,-1.45,-1.49,False
2012-11-01,USC00289832,0,0.83,-0.83,-0.03,False
2012-11-01,USC00300063,0,2.46,-2.46,-3.85,True
2012-11-01,USC00300254,5,6.33,-1.33,-1.21,False
2012-11-01,USC00300364,0,0.46,-0.46,0.83,False
2012-11-01,USC00300732,0,2.21,-2.21,-3.27,False
2012-11-01,USC00300889,0,0.29,-0.29,1.21,False
2012-11-01,USC00300961,0,0.9,-0.9,-0.19,False
2012-11-01,USC00301102,13,6.8,6.2,16.36,True
2012-11-01,USC00301211,3,0.99,2.01,6.58,True
2012-11-01,USC00301309,0,0.73,-0.73,0.18,False
2012-11-01,USC00301521,18,4.75,13.25,32.8,True
2012-11-01,USC00302151,0,0.87,-0.87,-0.15,False
2012-11-01,USC00302169,13,8.82,4.18,11.65,True
2012-11-01,USC00302366,0,3.38,-3.38,-6.0,True
2012-11-01,USC00302454,5,9.95,-4.95,-9.65,True
2012-11-01,USC00304025,5,1.91,3.09,9.11,True
2012-11-01,USC00304575,5,5.26,-0.26,1.3,False
2012-11-01,USC00304731,5,5.37,-0.37,1.03,False
2012-11-01,USC00305113,5,8.57,-3.57,-6.44,True
2012-11-01,USC00305142,0,0.4,-0.4,0.96,False
2012-11-01,USC00305426,0,2.28,-2.28,-3.42,False
2012-11-01,USC00305606,0,0.77,-0.77,0.09,False
2012-11-01,USC00306217,8,7.96,0.04,2.0,False
2012-11-01,USC00306570,0,4.53,-4.53,-8.67,True
2012-11-01,USC00306649,0,3.0,-3.0,-5.11,True
2012-11-01,USC00306774,0,2.07,-2.07,-2.92,False
2012-11-01,USC00306820,0,1.45,-1.45,-1.48,False
2012-11-01,USC00307035,0,1.65,-1.65,-1.95,False
2012-11-01,USC00307134,0,0.45,-0.45,0.84,False
2012-11-01,USC00307210,0,3.0,-3.0,-5.1,True
2012-11-01,USC00307799,10,4.34,5.66,15.1,True
2012-11-01,USC00308670,5,10.22,-5.22,-10.28,True
2012-11-01,USC00308721,0,0.51,-0.51,0.71,False
2012-11-01,USC00308932,25,9.36,15.64,38.38,True
2012-11-01,USC00309292,0,0.91,-0.91,-0.24,False
2012-11-01,USC00309670,0,1.58,-1.58,-1.79,False
2012-11-01,USC00361080,3,0.83,2.17,6.97,True
2012-11-01,USC00361737,0,0.99,-0.99,-0.42,False
2012-11-01,USC00362671,0,9.35,-9.35,-19.92,True
2012-11-01,USC00363437,0,1.17,-1.17,-0.83,False
2012-11-01,USC00363488,3,1.01,1.99,6.53,True
2012-11-01,USC00363758,15,5.52,9.48,24.0,True
2012-11-01,USC00365390,0,1.43,-1.43,-1.44,False
2012-11-01,USC00365738,10,5.94,4.06,11.36,True
2012-11-01,USC00366194,0,0.79,-0.79,0.04,False
2012-11-01,USC00366370,0,1.02,-1.02,-0.49,False
2012-11-01,USC00366886,0,1.1,-1.1,-0.67,False
2012-11-01,USC00366927,0,1.12,-1.12,-0.72,False
2012-11-01,USC00367029,15,9.25,5.75,15.3,True
2012-11-01,USC00367186,13,5.49,7.51,19.42,True
2012-11-01,USC00367938,0,1.14,-1.14,-0.77,False
2012-11-01,USC00368400,0,0.88,-0.88,-0.15,False
2012-11-01,USC00368596,0,1.59,-1.59,-1.81,False
2012-11-01,USW00004781,0,1.15,-1.15,-0.78,False
2012-11-01,USW00004789,0,1.77,-1.77,-2.23,False
2012-11-01,USW00013739,0,1.8,-1.8,-2.31,False
2012-11-01,USW00014707,0,0.66,-0.66,0.35,False
2012-11-01,USW00014719,0,0.37,-0.37,1.02,False
2012-11-01,USW00014732,0,0.88,-0.88,-0.16,False
2012-11-01,USW00014734,0,0.67,-0.67,0.34,False
2012-11-01,USW00014737,0,1.15,-1.15,-0.78,False
2012-11-01,USW00014740,0,2.14,-2.14,-3.1,False
2012-11-01,USW00014752,0,1.57,-1.57,-1.76,False
2012-11-01,USW00014757,0,0.92,-0.92,-0.25,False
2012-11-01,USW00014758,0,1.11,-1.11,-0.7,False
2012-11-01,USW00014763,0,1.84,-1.84,-2.4,False
2012-11-01,USW00014775,0,2.08,-2.08,-2.95,False
2012-11-01,USW00014792,0,1.05,-1.05,-0.55,False
2012-11-01,USW00054734,0,0.9,-0.9,-0.21,False
2012-11-01,USW00054767,0,1.43,-1.43,-1.44,False
2012-11-01,USW00054786,0,0.88,-0.88,-0.16,False
2012-11-01,USW00054787,0,0.73,-0.73,0.18,False
2012-11-01,USW00054788,0,1.39,-1.39,-1.35,False
2012-11-01,USW00054789,0,2.21,-2.21,-3.26,False
2012-11-01,USW00054790,0,0.55,-0.55,0.62,False
2012-11-01,USW00054793,0,1.24,-1.24,-0.99,False
2012-11-01,USW00064756,2,1.35,0.65,3.42,False
2012-11-01,USW00093780,0,0.65,-0.65,0.37,False
2012-11-01,USW00094702,0,0.97,-0.97,-0.38,False
2012-11-01,USW00094728,0,0.81,-0.81,0.01,False
2012-11-01,USW00094732,0,0.96,-0.96,-0.34,False
2012-11-01,USW00094741,0,0.8,-0.8,0.02,False
2012-11-01,USW00094745,0,0.66,-0.66,0.35,False
2012-11-01,USW00094789,0,1.1,-1.1,-0.66,False
2012-11-02,US1CTFR0009,0,0.42,-0.42,-0.4,False
2012-11-02,US1CTFR0020,0,0.2,-0.2,0.34,False
2012-11-02,US1CTHR0005,0,0.15,-0.15,0.51,False
2012-11-02,US1CTHR0006,0,0.12,-0.12,0.62,False
2012-11-02,US1CTHR0008,0,0.59,-0.59,-1.0,False
2012-11-02,US1CTHR0009,0,0.33,-0.33,-0.1,False
2012-11-02,US1CTLT0007,0,0.63,-0.63,-1.13,False
2012-11-02,US1CTMD0002,0,0.11,-0.11,0.67,False
2012-11-02,US1CTMD0005,0,0.06,-0.06,0.81,False
2012-11-02,US1CTNH0013,0,0.18,-0.18,0.4,False
2012-11-02,US1CTNH0014,0,0.25,-0.25,0.18,False
2012-11-02,US1MABE0003,0,1.66,-1.66,-4.64,True
2012-11-02,US1MAHD0009,0,0.11,-0.11,0.64,False
2012-11-02,US1MAHS0002,0,0.68,-0.68,-1.29,False
2012-11-02,US1MAWR0118,0,0.04,-0.04,0.89,False
2012-11-02,US1NJAT0001,0,0.29,-0.29,0.03,False
2012-11-02,US1NJAT0005,0,0.26,-0.26,0.16,False
2012-11-02,US1NJBG0003,0,0.19,-0.19,0.36,False
2012-11-02,US1NJBG0015,0,0.17,-0.17,0.44,False
2012-11-02,US1NJBG0017,0,0.21,-0.21,0.31,False
2012-11-02,US1NJBG0018,0,0.18,-0.18,0.41,False
2012-11-02,US1NJBG0023,3,0.22,2.78,10.54,True
2012-11-02,US1NJBG0029,0,0.53,-0.53,-0.79,False
2012-11-02,US1NJBG0030,0,0.67,-0.67,-1.27,False
2012-11-02,US1NJBG0033,0,0.19,-0.19,0.39,False
2012-11-02,US1NJBT0003,0,0.31,-0.31,-0.03,False
2012-11-02,US1NJBT0004,0,0.38,-0.38,-0.27,False
2012-11-02,US1NJBT0005,0,0.26,-0.26,0.13,False
2012-11-02,US1NJBT0006,0,0.33,-0.33,-0.1,False
2012-11-02,US1NJBT0007,0,0.28,-0.28,0.08,False
2012-11-02,US1NJBT0025,0,0.29,-0.29,0.02,False
2012-11-02,US1NJBT0028,0,0.28,-0.28,0.07,False
2012-11-02,US1NJBT0029,0,0.27,-0.27,0.1,False
2012-11-02,US1NJBT0032,0,0.26,-0.26,0.13,False
2012-11-02,US1NJBT0035,0,0.32,-0.32,-0.08,False
2012-11-02,US1NJBT0037,0,0.4,-0.4,-0.34,False
2012-11-02,US1NJBT0040,0,0.28,-0.28,0.08,False
2012-11-02,US1NJBT0045,0,0.28,-0.28,0.07,False
2012-11-02,US1NJBT0052,0,0.3,-0.3,0.01,False
2012-11-02,US1NJCN0001,0,0.31,-0.31,-0.04,False
2012-11-02,US1NJCN0005,0,0.27,-0.27,0.1,False
2012-11-02,US1NJCN0011,0,0.28,-0.28,0.08,False
2012-11-02,US1NJCN0015,0,0.26,-0.26,0.15,False
2012-11-02,US1NJCN0017,0,0.26,-0.26,0.12,False
2012-11-02,US1NJCN0019,0,0.33,-0.33,-0.1,False
2012-11-02,US1NJCN0020,0,0.26,-0.26,0.14,False
2012-11-02,US1NJES0015,0,0.21,-0.21,0.3,False
2012-11-02,US1NJES0018,0,0.19,-0.19,0.38,False
2012-11-02,US1NJES0020,0,0.18,-0.18,0.4,False
2012-11-02,US1NJGL0001,0,0.3,-0.3,-0.0,False
2012-11-02,US1NJGL0006,0,0.3,-0.3,0.02,False
2012-11-02,US1NJGL0010,0,0.43,-0.43,-0.45,False
2012-11-02,US1NJGL0011,0,0.38,-0.38,-0.25,False
2012-11-02,US1NJGL0012,0,0.28,-0.28,0.06,False
2012-11-02,US1NJGL0015,0,0.27,-0.27,0.11,False
2012-11-02,US1NJGL0022,3,0.24,2.76,10.46,True
2012-11-02,US1NJGL0023,0,0.65,-0.65,-1.18,False
2012-11-02,US1NJGL0024,0,0.33,-0.33,-0.1,False
2012-11-02,US1NJGL0030,0,0.26,-0.26,0.14,False
2012-11-02,US1NJHD0002,0,0.17,-0.17,0.45,False
2012-11-02,US1NJHN0001,0,0.43,-0.43,-0.42,False
2012-11-02,US1NJHN0003,0,0.42,-0.42,-0.4,False
2012-11-02,US1NJHN0004,0,0.42,-0.42,-0.4,False
2012-11-02,US1NJHN0005,0,0.38,-0.38,-0.27,False
2012-11-02,US1NJHN0010,0,0.53,-0.53,-0.79,False
2012-11-02,US1NJHN0011,0,0.34,-0.34,-0.13,False
2012-11-02,US1NJHN0012,0,0.5,-0.5,-0.67,False
2012-11-02,US1NJHN0015,5,0.31,4.69,17.08,True
2012-11-02,US1NJHN0018,0,0.39,-0.39,-0.31,False
2012-11-02,US1NJHN0019,0,0.39,-0.39,-0.31,False
2012-11-02,US1NJHN0021,0,0.38,-0.38,-0.27,False
2012-11-02,US1NJHN0022,0,0.49,-0.49,-0.64,False
2012-11-02,US1NJHN0029,0,0.37,-0.37,-0.25,False
2012-11-02,US1NJHN0031,0,0.49,-0.49,-0.65,False
2012-11-02,US1NJMC0001,0,0.4,-0.4,-0.33,False
2012-11-02,US1NJMC0002,0,0.3,-0.3,0.0,False
2012-11-02,US1NJMC0005,0,0.36,-0.36,-0.21,False
2012-11-02,US1NJMC0011,0,0.43,-0.43,-0.45,False
2012-11-02,US1NJMC0016,0,0.28,-0.28,0.09,False
2012-11-02,US1NJMC0027,0,0.43,-0.43,-0.43,False
2012-11-02,US1NJMD0002,0,0.26,-0.26,0.13,False
2012-11-02,US1NJMD0006,0,0.27,-0.27,0.11,False
2012-11-02,US1NJMD0009,0,0.28,-0.28,0.07,False
2012-11-02,US1NJMD0023,0,0.26,-0.26,0.13,False
2012-11-02,US1NJMD0028,0,0.25,-0.25,0.19,False
2012-11-02,US1NJMD0033,0,0.26,-0.26,0.14,False
2012-11-02,US1NJMD0039,0,0.24,-0.24,0.21,False
2012-11-02,US1NJMD0043,0,0.24,-0.24,0.2,False
2012-11-02,US1NJMD0044,0,0.25,-0.25,0.19,False
2012-11-02,US1NJMN0005,5,0.09,4.91,17.82,True
2012-11-02,US1NJMN0010,0,0.28,-0.28,0.08,False
2012-11-02,US1NJMN0017,0,0.27,-0.27,0.11,False
2012-11-02,US1NJMN0019,0,0.73,-0.73,-1.45,False
2012-11-02,US1NJMN0020,0,0.3,-0.3,0.01,False
2012-11-02,US1NJMN0044,0,0.24,-0.24,0.2,False
2012-11-02,US1NJMN0048,0,0.2,-0.2,0.33,False
2012-11-02,US1NJMN0052,0,0.27,-0.27,0.12,False
2012-11-02,US1NJMN0055,0,0.28,-0.28,0.08,False
2012-11-02,US1NJMS0002,0,0.35,-0.35,-0.18,False
2012-11-02,US1NJMS0003,0,0.32,-0.32,-0.06,False
2012-11-02,US1NJMS0006,0,0.37,-0.37,-0.25,False
2012-11-02,US1NJMS0011,0,0.34,-0.34,-0.13,False
2012-11-02,US1NJMS0014,0,0.23,-0.23,0.23,False
2012-11-02,US1NJMS0015,0,0.39,-0.39,-0.3,False
2012-11-02,US1NJMS0018,0,0.62,-0.62,-1.08,False
2012-11-02,US1NJMS0019,0,0.34,-0.34,-0.12,False
2012-11-02,US1NJMS0021,0,0.41,-0.41,-0.36,False
2012-11-02,US1NJMS0022,0,0.56,-0.56,-0.87,False
2012-11-02,US1NJMS0023,0,0.44,-0.44,-0.48,False
2012-11-02,US1NJMS0031,0,0.36,-0.36,-0.21,False
2012-11-02,US1NJMS0035,0,0.35,-0.35,-0.17,False
2012-11-02,US1NJMS0036,0,0.26,-0.26,0.13,False
2012-11-02,US1NJMS0040,0,0.23,-0.23,0.26,False
2012-11-02,US1NJMS0042,0,0.37,-0.37,-0.23,False
2012-11-02,US1NJMS0049,0,0.24,-0.24,0.21,False
2012-11-02,US1NJMS0050,0,0.37,-0.37,-0.22,False
2012-11-02,US1NJMS0051,0,0.46,-0.46,-0.54,False
2012-11-02,US1NJMS0054,0,0.54,-0.54,-0.81,False
2012-11-02,US1NJMS0061,0,0.5,-0.5,-0.67,False
2012-11-02,US1NJOC0012,0,0.17,-0.17,0.46,False
2012-11-02,US1NJOC0013,0,0.22,-0.22,0.29,False
2012-11-02,US1NJOC0017,0,0.19,-0.19,0.38,False
2012-11-02,US1NJOC0024,0,0.19,-0.19,0.39,False
2012-11-02,US1NJOC0036,0,0.16,-0.16,0.47,False
2012-11-02,US1NJOC0040,0,0.25,-0.25,0.16,False
2012-11-02,US1NJOC0042,0,0.19,-0.19,0.38,False
2012-11-02,US1NJOC0051,0,0.13,-0.13,0.58,False
2012-11-02,US1NJPS0004,0,0.27,-0.27,0.11,False
2012-11-02,US1NJPS0005,0,0.19,-0.19,0.38,False
2012-11-02,US1NJPS0012,0,0.22,-0.22,0.27,False
2012-11-02,US1NJPS0014,0,0.19,-0.19,0.39,False
2012-11-02,US1NJPS0016,0,0.76,-0.76,-1.58,False
2012-11-02,US1NJPS0019,0,0.39,-0.39,-0.32,False
2012-11-02,US1NJPS0021,0,0.61,-0.61,-1.06,False
2012-11-02,US1NJPS0022,0,0.44,-0.44,-0.49,False
2012-11-02,US1NJSL0002,0,0.37,-0.37,-0.23,False
2012-11-02,US1NJSL0003,0,0.33,-0.33,-0.1,False
2012-11-02,US1NJSM0001,0,0.28,-0.28,0.09,False
2012-11-02,US1NJSM0002,0,0.3,-0.3,-0.01,False
2012-11-02,US1NJSM0003,0,0.25,-0.25,0.19,False
2012-11-02,US1NJSM0004,0,0.3,-0.3,-0.01,False
2012-11-02,US1NJSM0005,0,0.31,-0.31,-0.04,False
2012-11-02,US1NJSM0011,0,0.32,-0.32,-0.05,False
2012-11-02,US1NJSM0012,0,0.25,-0.25,0.19,False
2012-11-02,US1NJSM0013,0,0.31,-0.31,-0.04,False
2012-11-02,US1NJSM0015,0,0.32,-0.32,-0.08,False
2012-11-02,US1NJSM0021,0,0.31,-0.31,-0.03,False
2012-11-02,US1NJSM0026,0,0.25,-0.25,0.18,False
2012-11-02,US1NJSM0039,0,0.31,-0.31,-0.04,False
2012-11-02,US1NJSM0040,5,0.23,4.77,17.35,True
2012-11-02,US1NJSM0045,0,0.32,-0.32,-0.06,False
2012-11-02,US1NJSM0050,0,0.32,-0.32,-0.06,False
2012-11-02,US1NJSS0001,3,1.32,1.68,6.77,True
2012-11-02,US1NJSS0007,0,0.89,-0.89,-2.02,False
2012-11-02,US1NJSS0020,0,1.56,-1.56,-4.3,True
2012-11-02,US1NJSS0027,8,1.17,6.83,24.38,True
2012-11-02,US1NJSS0028,0,2.46,-2.46,-7.39,True
2012-11-02,US1NJUN0010,0,0.29,-0.29,0.03,False
2012-11-02,US1NJWR0001,0,0.51,-0.51,-0.73,False
2012-11-02,US1NJWR0004,0,1.13,-1.13,-2.82,False
2012-11-02,US1NJWR0005,0,0.57,-0.57,-0.91,False
2012-11-02,US1NJWR0006,0,0.85,-0.85,-1.87,False
2012-11-02,US1NJWR0008,0,0.99,-0.99,-2.36,False
2012-11-02,US1NJWR0012,0,0.5,-0.5,-0.68,False
2012-11-02,US1NJWR0017,0,0.59,-0.59,-0.99,False
2012-11-02,US1NJWR0020,0,0.58,-0.58,-0.97,False
2012-11-02,US1NJWR0022,0,1.32,-1.32,-3.49,False
2012-11-02,US1NJWR0023,0,0.62,-0.62,-1.09,False
2012-11-02,US1NJWR0024,0,1.31,-1.31,-3.46,False
2012-11-02,US1NYCB0001,10,4.24,5.76,20.73,True
2012-11-02,US1NYCB0006,13,4.27,8.73,30.87,True
2012-11-02,US1NYDL0005,69,24.43,44.57,153.44,True
2012-11-02,US1NYDL0009,33,23.79,9.21,32.53,True
2012-11-02,US1NYDL0022,41,24.99,16.01,55.76,True
2012-11-02,US1NYDL0023,43,18.55,24.45,84.64,True
2012-11-02,US1NYDL0024,48,26.73,21.27,73.75,True
2012-11-02,US1NYDL0025,51,20.03,30.97,106.95,True
2012-11-02,US1NYDT0004,3,1.1,1.9,7.53,True
2012-11-02,US1NYDT0005,5,1.32,3.68,13.63,True
2012-11-02,US1NYDT0008,3,1.31,1.69,6.81,True
2012-11-02,US1NYDT0010,3,1.7,1.3,5.46,True
2012-11-02,US1NYDT0012,0,1.45,-1.45,-3.92,True
2012-11-02,US1NYGR0006,8,8.53,-0.53,-0.77,False
2012-11-02,US1NYGR0007,5,9.86,-4.86,-15.58,True
2012-11-02,US1NYNS0007,0,0.19,-0.19,0.38,False
2012-11-02,US1NYPT0002,0,1.18,-1.18,-3.0,False
2012-11-02,US1NYPT0004,0,1.18,-1.18,-3.01,False
2012-11-02,US1NYRC0001,0,0.18,-0.18,0.42,False
2012-11-02,US1NYRC0002,0,0.18,-0.18,0.43,False
2012-11-02,US1NYRL0005,0,0.25,-0.25,0.18,False
2012-11-02,US1NYSF0002,0,0.03,-0.03,0.94,False
2012-11-02,US1NYSF0003,0,0.03,-0.03,0.94,False
2012-11-02,US1NYSF0016,0,0.15,-0.15,0.52,False
2012-11-02,US1NYSF0017,0,0.08,-0.08,0.76,False
2012-11-02,US1NYSF0019,0,0.03,-0.03,0.93,False
2012-11-02,US1NYSF0024,0,0.09,-0.09,0.74,False
2012-11-02,US1NYSV0005,0,5.43,-5.43,-17.54,True
2012-11-02,US1NYSV0006,36,15.86,20.14,69.91,True
2012-11-02,US1NYSV0008,0,4.2,-4.2,-13.34,True
2012-11-02,US1NYUL0001,0,4.54,-4.54,-14.5,True
2012-11-02,US1NYUL0002,0,6.88,-6.88,-22.5,True
2012-11-02,US1NYUL0003,0,4.34,-4.34,-13.81,True
2012-11-02,US1NYUL0004,0,5.95,-5.95,-19.32,True
2012-11-02,US1NYUL0006,0,3.39,-3.39,-10.57,True
2012-11-02,US1NYUL0008,0,6.57,-6.57,-21.44,True
2012-11-02,US1NYUL0009,0,2.47,-2.47,-7.43,True
2012-11-02,US1NYWC0006,0,0.36,-0.36,-0.2,False
2012-11-02,US1NYWC0007,0,0.36,-0.36,-0.19,False
2012-11-02,US1NYWC0011,0,0.58,-0.58,-0.95,False
2012-11-02,US1PABK0005,0,0.7,-0.7,-1.37,False
2012-11-02,US1PABK0013,0,0.35,-0.35,-0.17,False
2012-11-02,US1PABK0015,3,0.6,2.4,9.24,True
2012-11-02,US1PABK0018,0,0.42,-0.42,-0.42,False
2012-11-02,US1PABK0026,0,0.78,-0.78,-1.62,False
2012-11-02,US1PACB0015,5,1.13,3.87,14.26,True
2012-11-02,US1PACH0018,0,0.53,-0.53,-0.77,False
2012-11-02,US1PACH0020,0,0.54,-0.54,-0.81,False
2012-11-02,US1PADL0009,0,0.46,-0.46,-0.53,False
2012-11-02,US1PAMN0008,5,2.3,2.7,10.25,True
2012-11-02,US1PAMN0009,0,1.92,-1.92,-5.54,True
2012-11-02,US1PAMT0006,0,1.12,-1.12,-2.8,False
2012-11-02,US1PAMT0007,0,1.11,-1.11,-2.78,False
2012-11-02,US1PAMT0013,3,0.91,2.09,8.18,True
2012-11-02,US1PAMT0016,0,1.58,-1.58,-4.37,True
2012-11-02,US1PAMT0020,3,1.0,2.0,7.87,True
2012-11-02,US1PAMT0022,8,1.07,6.93,24.74,True
2012-11-02,US1PAMT0027,8,0.95,7.05,25.15,True
2012-11-02,US1PAMT0051,5,1.06,3.94,14.51,True
2012-11-02,US1PAMT0053,0,0.85,-0.85,-1.87,False
2012-11-02,US1PAMT0056,3,1.06,1.94,7.67,True
2012-11-02,US1PAMT0063,0,0.51,-0.51,-0.71,False
2012-11-02,US1PAMT0064,0,0.82,-0.82,-1.78,False
2012-11-02,US1PAMT0065,0,0.91,-0.91,-2.07,False
2012-11-02,US1PAMT0067,0,0.65,-0.65,-1.19,False
2012-11-02,US1PANH0001,0,0.9,-0.9,-2.03,False
2012-11-02,US1PANH0009,0,0.67,-0.67,-1.28,False
2012-11-02,US1PANH0010,0,0.58,-0.58,-0.97,False
2012-11-02,US1PAPH0002,0,0.33,-0.33,-0.11,False
2012-11-02,US1PAPH0004,0,0.33,-0.33,-0.1,False
2012-11-02,US1PAPH0006,0,0.47,-0.47,-0.57,False
2012-11-02,US1PAPH0008,0,0.42,-0.42,-0.4,False
2012-11-02,US1PAPK0004,0,6.82,-6.82,-22.3,True
2012-11-02,US1PASS0006,13,14.29,-1.29,-3.39,False
2012-11-02,US1PAWN0004,15,6.15,8.85,31.29,True
2012-11-02,US1PAWN0010,28,19.73,8.27,29.32,True
2012-11-02,US1PAWN0012,5,11.01,-6.01,-19.51,True
2012-11-02,US1PAWN0013,0,6.71,-6.71,-21.93,True
2012-11-02,US1PAWN0026,10,8.69,1.31,5.52,True
2012-11-02,US1PAWN0035,0,9.55,-9.55,-31.62,True
2012-11-02,US1PAWN0037,0,10.89,-10.89,-36.22,True
2012-11-02,US1PAWN0038,5,8.17,-3.17,-9.81,True
2012-11-02,US1PAWN0041,18,7.01,10.99,38.6,True
2012-11-02,US1PAWN0042,38,17.8,20.2,70.11,True
2012-11-02,US1PAWN0044,5,16.44,-11.44,-38.09,True
2012-11-02,USC00060128,0,0.2,-0.2,0.35,False
2012-11-02,USC00060227,0,0.46,-0.46,-0.56,False
2012-11-02,USC00060299,0,0.52,-0.52,-0.75,False
2012-11-02,USC00060808,0,0.21,-0.21,0.3,False
2012-11-02,USC00060961,0,1.09,-1.09,-2.71,False
2012-11-02,USC00060973,0,0.4,-0.4,-0.33,False
2012-11-02,USC00061508,0,0.77,-0.77,-1.6,False
2012-11-02,USC00061762,0,0.48,-0.48,-0.62,False
2012-11-02,USC00062658,0,1.29,-1.29,-3.38,False
2012-11-02,USC00063207,0,0.0,0.0,1.03,False
2012-11-02,USC00063420,0,0.05,-0.05,0.87,False
2012-11-02,USC00065077,0,0.19,-0.19,0.39,False
2012-11-02,USC00065445,0,1.02,-1.02,-2.46,False
2012-11-02,USC00066966,0,0.74,-0.74,-1.49,False
2012-11-02,USC00067373,0,0.92,-0.92,-2.11,False
2012-11-02,USC00067432,0,0.25,-0.25,0.16,False
2012-11-02,USC00067958,0,0.08,-0.08,0.75,False
2012-11-02,USC00067970,0,0.22,-0.22,0.26,False
2012-11-02,USC00068065,0,0.29,-0.29,0.05,False
2012-11-02,USC00068138,0,0.05,-0.05,0.87,False
2012-11-02,USC00068330,0,0.41,-0.41,-0.37,False
2012-11-02,USC00068436,0,0.55,-0.55,-0.85,False
2012-11-02,USC00190120,0,0.24,-0.24,0.21,False
2012-11-02,USC00190408,0,0.07,-0.07,0.78,False
2012-11-02,USC00190562,0,0.1,-0.1,0.69,False
2012-11-02,USC00192107,0,0.05,-0.05,0.87,False
2012-11-02,USC00193172,3,0.45,2.55,9.77,True
2012-11-02,USC00193213,0,1.62,-1.62,-4.52,True
2012-11-02,USC00193402,0,0.1,-0.1,0.7,False
2012-11-02,USC00194131,0,1.49,-1.49,-4.07,True
2012-11-02,USC00194154,0,0.18,-0.18,0.41,False
2012-11-02,USC00197627,0,0.04,-0.04,0.88,False
2012-11-02,USC00198278,0,0.18,-0.18,0.4,False
2012-11-02,USC00198793,0,0.09,-0.09,0.72,False
2012-11-02,USC00199193,0,0.76,-0.76,-1.57,False
2012-11-02,USC00199371,0,1.16,-1.16,-2.93,False
2012-11-02,USC00199972,0,0.9,-0.9,-2.05,False
2012-11-02,USC00280734,0,0.73,-0.73,-1.46,False
2012-11-02,USC00280847,0,0.25,-0.25,0.17,False
2012-11-02,USC00280907,0,0.26,-0.26,0.15,False
2012-11-02,USC00280927,0,0.31,-0.31,-0.03,False
2012-11-02,USC00281327,0,0.82,-0.82,-1.78,False
2012-11-02,USC00281335,0,0.24,-0.24,0.22,False
2012-11-02,USC00281582,0,0.62,-0.62,-1.09,False
2012-11-02,USC00283029,0,0.43,-0.43,-0.44,False
2012-11-02,USC00283181,0,0.27,-0.27,0.1,False
2012-11-02,USC00283662,0,0.25,-0.25,0.16,False
2012-11-02,USC00283704,0,0.18,-0.18,0.43,False
2012-11-02,USC00283951,0,0.27,-0.27,0.09,False
2012-11-02,USC00284229,0,0.26,-0.26,0.12,False
2012-11-02,USC00284635,0,0.49,-0.49,-0.65,False
2012-11-02,USC00284987,0,0.2,-0.2,0.33,False
2012-11-02,USC00286055,0,0.24,-0.24,0.22,False
2012-11-02,USC00286146,0,0.2,-0.2,0.34,False
2012-11-02,USC00286460,0,0.65,-0.65,-1.19,False
2012-11-02,USC00286864,0,0.31,-0.31,-0.05,False
2012-11-02,USC00286964,0,0.31,-0.31,-0.02,False
2012-11-02,USC00286979,0,0.62,-0.62,-1.11,False
2012-11-02,USC00287301,0,0.42,-0.42,-0.39,False
2012-11-02,USC00287486,0,0.55,-0.55,-0.85,False
2012-11-02,USC00288173,0,0.27,-0.27,0.1,False
2012-11-02,USC00288644,0,1.55,-1.55,-4.28,True
2012-11-02,USC00289187,0,0.41,-0.41,-0.36,False
2012-11-02,USC00289363,0,0.41,-0.41,-0.36,False
2012-11-02,USC00289832,0,0.24,-0.24,0.22,False
2012-11-02,USC00300063,8,8.9,-0.9,-2.05,False
2012-11-02,USC00300254,15,18.07,-3.07,-9.46,True
2012-11-02,USC00300364,0,0.02,-0.02,0.95,False
2012-11-02,USC00300732,0,3.9,-3.9,-12.31,True
2012-11-02,USC00300889,0,0.0,0.0,1.03,False
2012-11-02,USC00300961,0,0.2,-0.2,0.36,False
2012-11-02,USC00301102,30,14.19,15.81,55.1,True
2012-11-02,USC00301211,0,0.84,-0.84,-1.83,False
2012-11-02,USC00301309,0,0.17,-0.17,0.46,False
2012-11-02,USC00301521,10,12.1,-2.1,-6.13,True
2012-11-02,USC00302151,0,0.06,-0.06,0.81,False
2012-11-02,USC00302169,25,22.12,2.88,10.87,True
2012-11-02,USC00302366,15,10.28,4.72,17.19,True
2012-11-02,USC00302454,51,30.97,20.03,69.51,True
2012-11-02,USC00304025,8,5.41,2.59,9.89,True
2012-11-02,USC00304575,8,21.59,-13.59,-45.43,True
2012-11-02,USC00304731,20,11.13,8.87,31.35,True
2012-11-02,USC00305113,64,33.13,30.87,106.58,True
2012-11-02,USC00305142,0,0.03,-0.03,0.91,False
2012-11-02,USC00305426,0,4.24,-4.24,-13.48,True
2012-11-02,USC00305606,0,0.05,-0.05,0.86,False
2012-11-02,USC00306217,43,38.12,4.88,17.71,True
2012-11-02,USC00306570,8,11.41,-3.41,-10.64,True
2012-11-02,USC00306649,0,8.96,-8.96,-29.61,True
2012-11-02,USC00306774,0,3.01,-3.01,-9.27,True
2012-11-02,USC00306820,5,2.53,2.47,9.48,True
2012-11-02,USC00307035,0,3.38,-3.38,-10.53,True
2012-11-02,USC00307134,0,0.02,-0.02,0.95,False
2012-11-02,USC00307210,0,5.29,-5.29,-17.06,True
2012-11-02,USC00307799,23,10.91,12.09,42.39,True
2012-11-02,USC00308670,46,33.0,13.0,45.49,True
2012-11-02,USC00308721,0,0.02,-0.02,0.95,False
2012-11-02,USC00308932,46,26.34,19.66,68.27,True
2012-11-02,USC00309292,0,0.95,-0.95,-2.21,False
2012-11-02,USC00309670,0,0.38,-0.38,-0.25,False
2012-11-02,USC00361080,0,0.56,-0.56,-0.88,False
2012-11-02,USC00361737,0,0.59,-0.59,-1.0,False
2012-11-02,USC00362671,0,19.18,-19.18,-64.55,True
2012-11-02,USC00363437,0,1.11,-1.11,-2.75,False
2012-11-02,USC00363488,0,0.76,-0.76,-1.56,False
2012-11-02,USC00363758,5,6.01,-1.01,-2.41,False
2012-11-02,USC00365390,0,0.44,-0.44,-0.47,False
2012-11-02,USC00365738,15,10.68,4.32,15.81,True
2012-11-02,USC00366194,0,0.36,-0.36,-0.2,False
2012-11-02,USC00366370,0,0.7,-0.7,-1.38,False
2012-11-02,USC00366886,0,0.37,-0.37,-0.25,False
2012-11-02,USC00366927,0,0.69,-0.69,-1.32,False
2012-11-02,USC00367029,20,28.89,-8.89,-29.36,True
2012-11-02,USC00367186,8,6.79,1.21,5.15,True
2012-11-02,USC00367938,0,0.7,-0.7,-1.37,False
2012-11-02,USC00368400,0,0.57,-0.57,-0.92,False
2012-11-02,USC00368596,5,1.76,3.24,12.09,True
2012-11-02,USW00004781,0,0.07,-0.07,0.79,False
2012-11-02,USW00004789,0,2.48,-2.48,-7.46,True
2012-11-02,USW00013739,0,0.4,-0.4,-0.33,False
2012-11-02,USW00014707,0,0.0,0.0,1.03,False
2012-11-02,USW00014719,0,0.03,-0.03,0.92,False
2012-11-02,USW00014732,0,0.18,-0.18,0.4,False
2012-11-02,USW00014734,0,0.18,-0.18,0.41,False
2012-11-02,USW00014737,0,0.81,-0.81,-1.75,False
2012-11-02,USW00014740,0,0.37,-0.37,-0.24,False
2012-11-02,USW00014752,0,0.13,-0.13,0.6,False
2012-11-02,USW00014757,0,2.11,-2.11,-6.19,True
2012-11-02,USW00014758,0,0.16,-0.16,0.49,False
2012-11-02,USW00014763,3,1.68,1.32,5.54,True
2012-11-02,USW00014775,0,0.49,-0.49,-0.64,False
2012-11-02,USW00014792,3,0.32,2.68,10.19,True
2012-11-02,USW00054734,3,0.26,2.74,10.39,True
2012-11-02,USW00054767,0,0.04,-0.04,0.88,False
2012-11-02,USW00054786,3,0.61,2.39,9.22,True
2012-11-02,USW00054787,0,0.12,-0.12,0.62,False
2012-11-02,USW00054788,0,0.18,-0.18,0.41,False
2012-11-02,USW00054789,15,2.98,12.02,42.15,True
2012-11-02,USW00054790,0,0.03,-0.03,0.94,False
2012-11-02,USW00054793,3,1.32,1.68,6.79,True
2012-11-02,USW00064756,0,1.91,-1.91,-5.51,True
2012-11-02,USW00093780,3,0.21,2.79,10.56,True
2012-11-02,USW00094702,0,0.18,-0.18,0.4,False
2012-11-02,USW00094728,0,0.18,-0.18,0.42,False
2012-11-02,USW00094732,0,0.37,-0.37,-0.22,False
2012-11-02,USW00094741,0,0.19,-0.19,0.4,False
2012-11-02,USW00094745,0,0.25,-0.25,0.16,False
2012-11-02,USW00094789,0,0.18,-0.18,0.42,False
2012-11-03,US1CTFR0009,0,1.46,-1.46,-1.47,False
2012-11-03,US1CTFR0020,0,0.18,-0.18,0.52,False
2012-11-03,US1CTHR0005,0,1.87,-1.87,-2.11,False
2012-11-03,US1CTHR0006,0,1.51,-1.51,-1.55,False
2012-11-03,US1CTHR0008,0,2.08,-2.08,-2.44,False
2012-11-03,US1CTHR0009,0,1.74,-1.74,-1.91,False
2012-11-03,US1CTLT0007,0,2.28,-2.28,-2.74,False
2012-11-03,US1CTMD0002,0,1.52,-1.52,-1.57,False
2012-11-03,US1CTMD0005,0,0.05,-0.05,0.71,False
2012-11-03,US1CTNH0013,0,0.08,-0.08,0.67,False
2012-11-03,US1CTNH0014,0,1.47,-1.47,-1.48,False
2012-11-03,US1CTTL0004,0,0.0,0.0,0.79,False
2012-11-03,US1MABE0003,0,5.91,-5.91,-8.37,True
2012-11-03,US1MAHD0009,0,2.0,-2.0,-2.31,False
2012-11-03,US1MAHS0002,0,2.8,-2.8,-3.56,True
2012-11-03,US1MAWR0118,0,0.0,0.0,0.79,False
2012-11-03,US1NJAT0001,0,1.6,-1.6,-1.69,False
2012-11-03,US1NJAT0005,3,1.66,1.34,2.88,False
2012-11-03,US1NJBG0003,0,0.32,-0.32,0.29,False
2012-11-03,US1NJBG0015,3,0.25,2.75,5.07,True
2012-11-03,US1NJBG0017,0,0.34,-0.34,0.27,False
2012-11-03,US1NJBG0018,0,0.32,-0.32,0.29,False
2012-11-03,US1NJBG0023,0,0.39,-0.39,0.2,False
2012-11-03,US1NJBG0029,0,0.43,-0.43,0.12,False
2012-11-03,US1NJBG0030,0,0.39,-0.39,0.19,False
2012-11-03,US1NJBG0033,0,0.35,-0.35,0.24,False
2012-11-03,US1NJBT0003,0,0.7,-0.7,-0.29,False
2012-11-03,US1NJBT0004,0,0.53,-0.53,-0.03,False
2012-11-03,US1NJBT0005,0,1.01,-1.01,-0.77,False
2012-11-03,US1NJBT0006,0,0.76,-0.76,-0.38,False
2012-11-03,US1NJBT0007,0,0.71,-0.71,-0.31,False
2012-11-03,US1NJBT0025,38,0.65,37.35,58.77,True
2012-11-03,US1NJBT0028,0,0.92,-0.92,-0.63,False
2012-11-03,US1NJBT0029,3,1.44,1.56,3.21,False
2012-11-03,US1NJBT0032,0,1.23,-1.23,-1.11,False
2012-11-03,US1NJBT0035,0,0.98,-0.98,-0.73,False
2012-11-03,US1NJBT0036,0,0.95,-0.95,-0.67,False
2012-11-03,US1NJBT0037,0,0.71,-0.71,-0.3,False
2012-11-03,US1NJBT0040,5,1.01,3.99,6.98,True
2012-11-03,US1NJBT0052,0,0.79,-0.79,-0.43,False
2012-11-03,US1NJCN0001,0,0.86,-0.86,-0.53,False
2012-11-03,US1NJCN0005,0,1.65,-1.65,-1.77,False
2012-11-03,US1NJCN0011,0,1.24,-1.24,-1.13,False
2012-11-03,US1NJCN0015,0,1.33,-1.33,-1.27,False
2012-11-03,US1NJCN0017,0,1.34,-1.34,-1.29,False
2012-11-03,US1NJCN0019,3,1.05,1.95,3.82,True
2012-11-03,US1NJES0015,0,0.37,-0.37,0.22,False
2012-11-03,US1NJES0018,0,0.35,-0.35,0.26,False
2012-11-03,US1NJES0019,0,0.42,-0.42,0.15,False
2012-11-03,US1NJES0020,0,0.4,-0.4,0.17,False
2012-11-03,US1NJGL0001,3,2.35,0.65,1.8,False
2012-11-03,US1NJGL0006,0,1.64,-1.64,-1.74,False
2012-11-03,US1NJGL0010,3,1.46,1.54,3.18,False
2012-11-03,US1NJGL0011,0,1.46,-1.46,-1.48,False
2012-11-03,US1NJGL0012,30,0.85,29.15,46.04,True
2012-11-03,US1NJGL0015,5,1.7,3.3,5.91,True
2012-11-03,US1NJGL0017,3,2.02,0.98,2.31,False
2012-11-03,US1NJGL0023,0,1.49,-1.49,-1.53,False
2012-11-03,US1NJGL0024,0,1.84,-1.84,-2.07,False
2012-11-03,US1NJGL0030,0,2.42,-2.42,-2.97,False
2012-11-03,US1NJHD0002,0,0.49,-0.49,0.03,False
2012-11-03,US1NJHN0003,0,0.46,-0.46,0.08,False
2012-11-03,US1NJHN0004,0,0.47,-0.47,0.07,False
2012-11-03,US1NJHN0005,0,0.44,-0.44,0.12,False
2012-11-03,US1NJHN0010,0,0.55,-0.55,-0.07,False
2012-11-03,US1NJHN0011,0,0.4,-0.4,0.18,False
2012-11-03,US1NJHN0012,0,0.43,-0.43,0.12,False
2012-11-03,US1NJHN0015,3,0.43,2.57,4.78,True
2012-11-03,US1NJHN0018,0,0.35,-0.35,0.25,False
2012-11-03,US1NJHN0019,0,0.44,-0.44,0.11,False
2012-11-03,US1NJHN0021,0,0.4,-0.4,0.17,False
2012-11-03,US1NJHN0022,5,0.49,4.51,7.79,True
2012-11-03,US1NJHN0029,0,0.44,-0.44,0.11,False
2012-11-03,US1NJHN0031,0,0.58,-0.58,-0.11,False
2012-11-03,US1NJMC0001,0,0.53,-0.53,-0.03,False
2012-11-03,US1NJMC0002,0,0.54,-0.54,-0.04,False
2012-11-03,US1NJMC0005,0,0.52,-0.52,-0.02,False
2012-11-03,US1NJMC0011,3,0.48,2.52,4.71,True
2012-11-03,US1NJMC0016,0,0.55,-0.55,-0.07,False
2012-11-03,US1NJMC0022,0,0.56,-0.56,-0.07,False
2012-11-03,US1NJMC0027,0,0.53,-0.53,-0.03,False
2012-11-03,US1NJMD0002,0,0.4,-0.4,0.17,False
2012-11-03,US1NJMD0009,0,0.43,-0.43,0.13,False
2012-11-03,US1NJMD0023,0,0.3,-0.3,0.32,False
2012-11-03,US1NJMD0028,0,0.35,-0.35,0.24,False
2012-11-03,US1NJMD0033,0,0.27,-0.27,0.37,False
2012-11-03,US1NJMD0039,0,0.37,-0.37,0.22,False
2012-11-03,US1NJMD0043,0,0.37,-0.37,0.22,False
2012-11-03,US1NJMD0044,0,0.27,-0.27,0.38,False
2012-11-03,US1NJMN0006,0,0.38,-0.38,0.2,False
2012-11-03,US1NJMN0010,0,0.36,-0.36,0.23,False
2012-11-03,US1NJMN0017,0,0.58,-0.58,-0.11,False
2012-11-03,US1NJMN0019,0,0.4,-0.4,0.18,False
2012-11-03,US1NJMN0020,0,0.54,-0.54,-0.04,False
2012-11-03,US1NJMN0044,0,0.39,-0.39,0.2,False
2012-11-03,US1NJMN0048,0,0.24,-0.24,0.42,False
2012-11-03,US1NJMN0052,0,0.55,-0.55,-0.06,False
2012-11-03,US1NJMN0055,0,0.55,-0.55,-0.06,False
2012-11-03,US1NJMS0002,0,0.36,-0.36,0.23,False
2012-11-03,US1NJMS0003,0,0.58,-0.58,-0.11,False
2012-11-03,US1NJMS0006,5,0.75,4.25,7.39,True
2012-11-03,US1NJMS0011,0,0.65,-0.65,-0.21,False
2012-11-03,US1NJMS0014,0,0.39,-0.39,0.19,False
2012-11-03,US1NJMS0015,0,0.51,-0.51,-0.0,False
2012-11-03,US1NJMS0018,0,0.73,-0.73,-0.35,False
2012-11-03,US1NJMS0019,0,0.36,-0.36,0.24,False
2012-11-03,US1NJMS0021,3,0.66,2.34,4.43,True
2012-11-03,US1NJMS0022,0,0.55,-0.55,-0.06,False
2012-11-03,US1NJMS0023,5,0.64,4.36,7.56,True
2012-11-03,US1NJMS0031,0,0.95,-0.95,-0.68,False
2012-11-03,US1NJMS0035,3,0.83,2.17,4.16,True
2012-11-03,US1NJMS0036,0,0.59,-0.59,-0.12,False
2012-11-03,US1NJMS0039,5,0.52,4.48,7.75,True
2012-11-03,US1NJMS0042,0,0.75,-0.75,-0.37,False
2012-11-03,US1NJMS0049,0,0.41,-0.41,0.15,False
2012-11-03,US1NJMS0050,0,0.51,-0.51,-0.0,False
2012-11-03,US1NJMS0051,0,0.86,-0.86,-0.55,False
2012-11-03,US1NJMS0054,0,0.56,-0.56,-0.07,False
2012-11-03,US1NJMS0061,0,0.47,-0.47,0.06,False
2012-11-03,US1NJOC0012,0,1.22,-1.22,-1.1,False
2012-11-03,US1NJOC0013,0,0.66,-0.66,-0.23,False
2012-11-03,US1NJOC0017,0,0.95,-0.95,-0.68,False
2012-11-03,US1NJOC0024,0,0.86,-0.86,-0.55,False
2012-11-03,US1NJOC0036,0,1.48,-1.48,-1.5,False
2012-11-03,US1NJOC0040,0,0.69,-0.69,-0.28,False
2012-11-03,US1NJOC0042,0,0.94,-0.94,-0.67,False
2012-11-03,US1NJOC0051,0,1.17,-1.17,-1.02,False
2012-11-03,US1NJPS0004,0,0.38,-0.38,0.2,False
2012-11-03,US1NJPS0005,0,0.31,-0.31,0.32,False
2012-11-03,US1NJPS0012,0,0.38,-0.38,0.21,False
2012-11-03,US1NJPS0014,0,0.31,-0.31,0.32,False
2012-11-03,US1NJPS0016,8,0.72,7.28,12.09,True
2012-11-03,US1NJPS0019,0,0.49,-0.49,0.03,False
2012-11-03,US1NJPS0021,5,0.71,4.29,7.45,True
2012-11-03,US1NJPS0022,0,0.58,-0.58,-0.1,False
2012-11-03,US1NJSL0002,0,1.39,-1.39,-1.36,False
2012-11-03,US1NJSL0003,0,1.47,-1.47,-1.49,False
2012-11-03,US1NJSM0001,0,0.37,-0.37,0.23,False
2012-11-03,US1NJSM0002,0,0.36,-0.36,0.24,False
2012-11-03,US1NJSM0003,0,0.34,-0.34,0.27,False
2012-11-03,US1NJSM0004,0,0.36,-0.36,0.24,False
2012-11-03,US1NJSM0005,0,0.34,-0.34,0.27,False
2012-11-03,US1NJSM0011,0,0.36,-0.36,0.24,False
2012-11-03,US1NJSM0012,0,0.34,-0.34,0.27,False
2012-11-03,US1NJSM0013,0,0.36,-0.36,0.24,False
2012-11-03,US1NJSM0015,0,0.41,-0.41,0.16,False
2012-11-03,US1NJSM0021,0,0.4,-0.4,0.18,False
2012-11-03,US1NJSM0023,0,0.42,-0.42,0.14,False
2012-11-03,US1NJSM0026,0,0.33,-0.33,0.28,False
2012-11-03,US1NJSM0039,0,0.35,-0.35,0.25,False
2012-11-03,US1NJSM0045,0,0.36,-0.36,0.24,False
2012-11-03,US1NJSM0049,0,0.36,-0.36,0.24,False
2012-11-03,US1NJSM0050,0,0.38,-0.38,0.2,False
2012-11-03,US1NJSS0001,0,1.05,-1.05,-0.84,False
2012-11-03,US1NJSS0007,0,0.85,-0.85,-0.52,False
2012-11-03,US1NJSS0020,0,1.69,-1.69,-1.83,False
2012-11-03,US1NJSS0027,5,0.88,4.12,7.19,True
2012-11-03,US1NJSS0028,3,1.64,1.36,2.9,False
2012-11-03,US1NJUN0010,0,0.4,-0.4,0.18,False
2012-11-03,US1NJWR0001,0,0.43,-0.43,0.12,False
2012-11-03,US1NJWR0004,0,0.76,-0.76,-0.39,False
2012-11-03,US1NJWR0005,0,0.53,-0.53,-0.03,False
2012-11-03,US1NJWR0006,0,0.67,-0.67,-0.24,False
2012-11-03,US1NJWR0008,0,0.75,-0.75,-0.37,False
2012-11-03,US1NJWR0012,0,0.41,-0.41,0.16,False
2012-11-03,US1NJWR0017,3,0.43,2.57,4.78,True
2012-11-03,US1NJWR0020,0,0.55,-0.55,-0.07,False
2012-11-03,US1NJWR0022,0,0.9,-0.9,-0.6,False
2012-11-03,US1NJWR0023,0,0.49,-0.49,0.03,False
2012-11-03,US1NJWR0024,0,0.83,-0.83,-0.5,False
2012-11-03,US1NYCB0001,0,9.9,-9.9,-14.58,True
2012-11-03,US1NYCB0006,0,7.7,-7.7,-11.16,True
2012-11-03,US1NYDL0005,23,11.7,11.3,18.34,True
2012-11-03,US1NYDL0009,25,10.73,14.27,22.94,True
2012-11-03,US1NYDL0022,10,12.88,-2.88,-3.67,True
2012-11-03,US1NYDL0023,36,8.0,28.0,44.26,True
2012-11-03,US1NYDL0024,13,13.12,-0.12,0.61,False
2012-11-03,US1NYDL0025,36,12.15,23.85,37.81,True
2012-11-03,US1NYDT0004,0,1.76,-1.76,-1.94,False
2012-11-03,US1NYDT0005,0,1.76,-1.76,-1.94,False
2012-11-03,US1NYDT0008,3,2.87,0.13,0.99,False
2012-11-03,US1NYDT0010,0,1.95,-1.95,-2.24,False
2012-11-03,US1NYDT0012,0,2.42,-2.42,-2.96,False
2012-11-03,US1NYGR0006,0,7.36,-7.36,-10.63,True
2012-11-03,US1NYGR0007,0,7.76,-7.76,-11.25,True
2012-11-03,US1NYNS0007,0,0.26,-0.26,0.39,False
2012-11-03,US1NYPT0002,0,1.6,-1.6,-1.69,False
2012-11-03,US1NYPT0004,0,1.61,-1.61,-1.7,False
2012-11-03,US1NYQN0002,0,0.28,-0.28,0.35,False
2012-11-03,US1NYRC0001,0,0.37,-0.37,0.23,False
2012-11-03,US1NYRC0002,0,0.38,-0.38,0.21,False
2012-11-03,US1NYRL0005,0,0.38,-0.38,0.2,False
2012-11-03,US1NYSF0002,0,0.03,-0.03,0.74,False
2012-11-03,US1NYSF0003,0,0.04,-0.04,0.74,False
2012-11-03,US1NYSF0007,0,0.0,0.0,0.79,False
2012-11-03,US1NYSF0016,0,0.2,-0.2,0.48,False
2012-11-03,US1NYSF0017,0,0.05,-0.05,0.71,False
2012-11-03,US1NYSF0019,0,0.0,0.0,0.79,False
2012-11-03,US1NYSF0024,0,0.05,-0.05,0.72,False
2012-11-03,US1NYSV0005,3,3.81,-0.81,-0.46,False
2012-11-03,US1NYSV0006,0,9.13,-9.13,-13.38,True
2012-11-03,US1NYSV0008,0,3.36,-3.36,-4.43,True
2012-11-03,US1NYUL0001,0,4.72,-4.72,-6.54,True
2012-11-03,US1NYUL0002,0,5.7,-5.7,-8.06,True
2012-11-03,US1NYUL0003,0,4.26,-4.26,-5.81,True
2012-11-03,US1NYUL0004,0,5.76,-5.76,-8.14,True
2012-11-03,US1NYUL0006,3,3.07,-0.07,0.69,False
2012-11-03,US1NYUL0008,0,5.12,-5.12,-7.15,True
2012-11-03,US1NYUL0009,0,2.54,-2.54,-3.14,False
2012-11-03,US1NYWC0006,0,1.25,-1.25,-1.15,False
2012-11-03,US1NYWC0007,0,0.79,-0.79,-0.43,False
2012-11-03,US1NYWC0011,0,1.23,-1.23,-1.11,False
2012-11-03,US1PABK0004,0,0.43,-0.43,0.13,False
2012-11-03,US1PABK0005,0,0.53,-0.53,-0.03,False
2012-11-03,US1PABK0013,0,0.55,-0.55,-0.06,False
2012-11-03,US1PABK0015,0,0.57,-0.57,-0.1,False
2012-11-03,US1PABK0018,0,0.59,-0.59,-0.13,False
2012-11-03,US1PABK0026,3,0.49,2.51,4.69,True
2012-11-03,US1PACB0015,0,0.66,-0.66,-0.23,False
2012-11-03,US1PACH0018,0,0.64,-0.64,-0.21,False
2012-11-03,US1PACH0020,0,0.62,-0.62,-0.16,False
2012-11-03,US1PADL0009,0,0.92,-0.92,-0.64,False
2012-11-03,US1PAMN0008,0,1.2,-1.2,-1.07,False
2012-11-03,US1PAMN0009,0,1.16,-1.16,-1.0,False
2012-11-03,US1PAMT0007,0,0.46,-0.46,0.08,False
2012-11-03,US1PAMT0013,0,0.47,-0.47,0.06,False
2012-11-03,US1PAMT0016,0,0.43,-0.43,0.13,False
2012-11-03,US1PAMT0022,0,0.45,-0.45,0.09,False
2012-11-03,US1PAMT0051,0,0.45,-0.45,0.1,False
2012-11-03,US1PAMT0053,0,0.49,-0.49,0.03,False
2012-11-03,US1PAMT0056,0,0.5,-0.5,0.02,False
2012-11-03,US1PAMT0063,0,0.57,-0.57,-0.09,False
2012-11-03,US1PAMT0064,0,0.5,-0.5,0.01,False
2012-11-03,US1PAMT0067,0,0.54,-0.54,-0.05,False
2012-11-03,US1PAMT0072,0,0.43,-0.43,0.13,False
2012-11-03,US1PANH0001,0,0.55,-0.55,-0.06,False
2012-11-03,US1PANH0009,0,0.39,-0.39,0.19,False
2012-11-03,US1PANH0010,0,0.44,-0.44,0.11,False
2012-11-03,US1PAPH0002,0,0.53,-0.53,-0.03,False
2012-11-03,US1PAPH0004,0,0.53,-0.53,-0.03,False
2012-11-03,US1PAPH0006,0,0.63,-0.63,-0.18,False
2012-11-03,US1PAPH0008,0,0.67,-0.67,-0.25,False
2012-11-03,US1PAPK0004,0,4.86,-4.86,-6.74,True
2012-11-03,US1PASS0006,13,8.98,4.02,7.04,True
2012-11-03,US1PAWN0004,8,3.68,4.32,7.5,True
2012-11-03,US1PAWN0010,13,10.62,2.38,4.48,True
2012-11-03,US1PAWN0012,13,6.47,6.53,10.93,True
2012-11-03,US1PAWN0013,8,4.05,3.95,6.93,True
2012-11-03,US1PAWN0026,10,5.58,4.42,7.66,True
2012-11-03,US1PAWN0035,0,7.49,-7.49,-10.84,True
2012-11-03,US1PAWN0037,0,6.93,-6.93,-9.96,True
2012-11-03,US1PAWN0038,5,5.17,-0.17,0.52,False
2012-11-03,US1PAWN0041,3,4.77,-1.77,-1.95,False
2012-11-03,US1PAWN0042,25,20.39,4.61,7.96,True
2012-11-03,US1PAWN0044,0,8.45,-8.45,-12.33,True
2012-11-03,USC00060128,0,1.23,-1.23,-1.11,False
2012-11-03,USC00060227,0,2.11,-2.11,-2.48,False
2012-11-03,USC00060299,0,2.34,-2.34,-2.83,False
2012-11-03,USC00060808,0,0.15,-0.15,0.56,False
2012-11-03,USC00060961,0,2.7,-2.7,-3.4,False
2012-11-03,USC00060973,0,1.84,-1.84,-2.07,False
2012-11-03,USC00061762,0,1.31,-1.31,-1.24,False
2012-11-03,USC00062658,0,5.67,-5.67,-8.01,True
2012-11-03,USC00063207,0,0.0,0.0,0.79,False
2012-11-03,USC00063420,0,0.0,0.0,0.79,False
2012-11-03,USC00065077,0,1.33,-1.33,-1.26,False
2012-11-03,USC00065445,0,4.06,-4.06,-5.51,True
2012-11-03,USC00065910,0,0.0,0.0,0.79,False
2012-11-03,USC00066966,5,1.88,3.12,5.63,True
2012-11-03,USC00067373,0,2.64,-2.64,-3.3,False
2012-11-03,USC00067958,0,0.0,0.0,0.79,False
2012-11-03,USC00067970,0,0.29,-0.29,0.34,False
2012-11-03,USC00068065,0,1.28,-1.28,-1.2,False
2012-11-03,USC00068138,0,0.0,0.0,0.79,False
2012-11-03,USC00068330,0,1.88,-1.88,-2.13,False
2012-11-03,USC00068436,0,2.21,-2.21,-2.64,False
2012-11-03,USC00190120,0,2.14,-2.14,-2.52,False
2012-11-03,USC00190408,0,0.0,0.0,0.79,False
2012-11-03,USC00190562,0,0.0,0.0,0.79,False
2012-11-03,USC00192107,0,0.0,0.0,0.79,False
2012-11-03,USC00193172,0,2.08,-2.08,-2.44,False
2012-11-03,USC00193213,0,7.55,-7.55,-10.92,True
2012-11-03,USC00193402,0,0.0,0.0,0.79,False
2012-11-03,USC00194131,0,4.82,-4.82,-6.69,True
2012-11-03,USC00194154,0,1.62,-1.62,-1.73,False
2012-11-03,USC00197627,0,0.0,0.0,0.79,False
2012-11-03,USC00198278,0,1.65,-1.65,-1.77,False
2012-11-03,USC00198793,0,0.0,0.0,0.79,False
2012-11-03,USC00199193,0,2.05,-2.05,-2.39,False
2012-11-03,USC00199371,0,5.17,-5.17,-7.24,True
2012-11-03,USC00199972,0,3.48,-3.48,-4.61,True
2012-11-03,USC00280734,0,0.55,-0.55,-0.06,False
2012-11-03,USC00280847,0,0.37,-0.37,0.22,False
2012-11-03,USC00280907,0,0.59,-0.59,-0.12,False
2012-11-03,USC00280927,0,0.35,-0.35,0.25,False
2012-11-03,USC00281327,0,0.86,-0.86,-0.55,False
2012-11-03,USC00281335,0,0.36,-0.36,0.24,False
2012-11-03,USC00281582,0,0.8,-0.8,-0.45,False
2012-11-03,USC00283029,0,0.48,-0.48,0.05,False
2012-11-03,USC00283181,0,0.5,-0.5,0.01,False
2012-11-03,USC00283662,3,1.65,1.35,2.89,False
2012-11-03,USC00283704,0,0.36,-0.36,0.23,False
2012-11-03,USC00283951,0,0.53,-0.53,-0.03,False
2012-11-03,USC00284229,0,1.18,-1.18,-1.04,False
2012-11-03,USC00284635,0,0.57,-0.57,-0.09,False
2012-11-03,USC00284987,0,0.24,-0.24,0.42,False
2012-11-03,USC00285728,0,0.53,-0.53,-0.03,False
2012-11-03,USC00286055,0,0.35,-0.35,0.24,False
2012-11-03,USC00286146,0,0.33,-0.33,0.29,False
2012-11-03,USC00286460,0,0.75,-0.75,-0.37,False
2012-11-03,USC00286864,0,0.78,-0.78,-0.42,False
2012-11-03,USC00286964,0,0.72,-0.72,-0.32,False
2012-11-03,USC00286979,0,0.4,-0.4,0.18,False
2012-11-03,USC00287301,0,0.42,-0.42,0.14,False
2012-11-03,USC00287486,0,0.45,-0.45,0.1,False
2012-11-03,USC00288173,0,1.43,-1.43,-1.42,False
2012-11-03,USC00288644,5,0.95,4.05,7.09,True
2012-11-03,USC00289187,0,0.55,-0.55,-0.06,False
2012-11-03,USC00289363,0,0.49,-0.49,0.03,False
2012-11-03,USC00289832,0,0.36,-0.36,0.24,False
2012-11-03,USC00300063,0,8.13,-8.13,-11.83,True
2012-11-03,USC00300254,13,10.66,2.34,4.42,True
2012-11-03,USC00300364,0,0.03,-0.03,0.74,False
2012-11-03,USC00300732,0,2.3,-2.3,-2.78,False
2012-11-03,USC00300889,0,0.0,0.0,0.79,False
2012-11-03,USC00300961,0,0.29,-0.29,0.35,False
2012-11-03,USC00301102,13,7.06,5.94,10.02,True
2012-11-03,USC00301211,0,1.63,-1.63,-1.73,False
2012-11-03,USC00301309,0,0.2,-0.2,0.49,False
2012-11-03,USC00301521,13,7.27,5.73,9.68,True
2012-11-03,USC00301761,208,1.1,206.9,321.95,True
2012-11-03,USC00302151,0,0.02,-0.02,0.76,False
2012-11-03,USC00302366,3,8.11,-5.11,-7.13,True
2012-11-03,USC00302454,3,13.6,-10.6,-15.65,True
2012-11-03,USC00304025,0,8.68,-8.68,-12.67,True
2012-11-03,USC00304575,33,12.15,20.85,33.16,True
2012-11-03,USC00304731,0,5.9,-5.9,-8.37,True
2012-11-03,USC00305113,15,13.95,1.05,2.42,False
2012-11-03,USC00305142,0,0.0,0.0,0.79,False
2012-11-03,USC00305426,0,3.92,-3.92,-5.29,True
2012-11-03,USC00305606,0,0.06,-0.06,0.7,False
2012-11-03,USC00306217,15,13.74,1.26,2.76,False
2012-11-03,USC00306570,8,7.46,0.54,1.63,False
2012-11-03,USC00306649,5,6.85,-1.85,-2.08,False
2012-11-03,USC00306774,0,2.01,-2.01,-2.33,False
2012-11-03,USC00306820,0,3.04,-3.04,-3.92,True
2012-11-03,USC00307035,0,4.6,-4.6,-6.35,True
2012-11-03,USC00307134,0,0.03,-0.03,0.74,False
2012-11-03,USC00307210,0,3.14,-3.14,-4.07,True
2012-11-03,USC00308670,10,12.8,-2.8,-3.56,True
2012-11-03,USC00308721,0,0.03,-0.03,0.74,False
2012-11-03,USC00308932,30,10.99,19.01,30.31,True
2012-11-03,USC00309292,0,1.45,-1.45,-1.46,False
2012-11-03,USC00309670,0,0.81,-0.81,-0.46,False
2012-11-03,USC00361737,0,0.57,-0.57,-0.1,False
2012-11-03,USC00362671,0,9.68,-9.68,-14.23,True
2012-11-03,USC00363488,0,0.51,-0.51,0.0,False
2012-11-03,USC00363758,5,4.44,0.56,1.66,False
2012-11-03,USC00365390,0,1.05,-1.05,-0.83,False
2012-11-03,USC00365738,5,5.91,-0.91,-0.63,False
2012-11-03,USC00366194,0,0.54,-0.54,-0.05,False
2012-11-03,USC00366370,0,0.51,-0.51,-0.0,False
2012-11-03,USC00366886,0,0.86,-0.86,-0.54,False
2012-11-03,USC00366927,0,0.58,-0.58,-0.1,False
2012-11-03,USC00367029,28,18.52,9.48,15.51,True
2012-11-03,USC00367938,0,0.52,-0.52,-0.01,False
2012-11-03,USC00368263,0,0.56,-0.56,-0.08,False
2012-11-03,USC00368400,0,0.43,-0.43,0.13,False
2012-11-03,USC00368596,0,1.01,-1.01,-0.77,False
2012-11-03,USW00004781,0,0.05,-0.05,0.72,False
2012-11-03,USW00004789,0,2.46,-2.46,-3.02,False
2012-11-03,USW00013739,0,1.15,-1.15,-0.99,False
2012-11-03,USW00014707,0,0.0,0.0,0.79,False
2012-11-03,USW00014719,0,0.0,0.0,0.79,False
2012-11-03,USW00014732,0,0.28,-0.28,0.36,False
2012-11-03,USW00014734,0,0.33,-0.33,0.29,False
2012-11-03,USW00014737,0,0.38,-0.38,0.2,False
2012-11-03,USW00014740,0,1.9,-1.9,-2.15,False
2012-11-03,USW00014752,0,1.57,-1.57,-1.64,False
2012-11-03,USW00014757,0,1.85,-1.85,-2.07,False
2012-11-03,USW00014758,0,0.08,-0.08,0.68,False
2012-11-03,USW00014763,0,5.65,-5.65,-7.97,True
2012-11-03,USW00014775,0,2.29,-2.29,-2.76,False
2012-11-03,USW00014792,0,0.6,-0.6,-0.13,False
2012-11-03,USW00054734,0,1.3,-1.3,-1.22,False
2012-11-03,USW00054767,0,0.0,0.0,0.79,False
2012-11-03,USW00054786,0,0.59,-0.59,-0.12,False
2012-11-03,USW00054787,0,0.2,-0.2,0.49,False
2012-11-03,USW00054788,0,1.4,-1.4,-1.38,False
2012-11-03,USW00054789,0,1.89,-1.89,-2.14,False
2012-11-03,USW00054790,0,0.03,-0.03,0.74,False
2012-11-03,USW00054793,0,1.54,-1.54,-1.6,False
2012-11-03,USW00064756,0,3.47,-3.47,-4.59,True
2012-11-03,USW00093780,0,0.77,-0.77,-0.4,False
2012-11-03,USW00094702,0,0.09,-0.09,0.66,False
2012-11-03,USW00094728,0,0.3,-0.3,0.33,False
2012-11-03,USW00094732,0,0.62,-0.62,-0.16,False
2012-11-03,USW00094741,0,0.33,-0.33,0.28,False
2012-11-03,USW00094745,0,0.33,-0.33,0.28,False
2012-11-03,USW00094789,0,0.25,-0.25,0.4,False
2012-11-04,US1CTFR0009,0,0.01,-0.01,0.02,False
2012-11-04,US1CTFR0020,0,0.0,0.0,0.67,False
2012-11-04,US1CTHR0005,0,0.0,0.0,0.67,False
2012-11-04,US1CTHR0006,0,0.0,0.0,0.67,False
2012-11-04,US1CTHR0008,0,0.0,0.0,0.67,False
2012-11-04,US1CTHR0009,0,0.0,0.0,0.67,False
2012-11-04,US1CTLT0007,0,0.05,-0.05,-1.51,False
2012-11-04,US1CTMD0001,0,0.0,0.0,0.67,False
2012-11-04,US1CTMD0002,0,0.0,0.0,0.67,False
2012-11-04,US1CTMD0005,0,0.0,0.0,0.67,False
2012-11-04,US1CTNH0013,0,0.0,0.0,0.67,False
2012-11-04,US1CTNH0014,0,0.0,0.0,0.67,False
2012-11-04,US1CTNH0015,0,0.0,0.0,0.67,False
2012-11-04,US1CTTL0004,0,0.0,0.0,0.67,False
2012-11-04,US1MABE0003,0,0.16,-0.16,-6.88,True
2012-11-04,US1MAHD0009,0,0.0,0.0,0.67,False
2012-11-04,US1MAHS0002,0,0.0,0.0,0.67,False
2012-11-04,US1MAWR0118,0,0.0,0.0,0.67,False
2012-11-04,US1NJAT0001,0,0.04,-0.04,-0.99,False
2012-11-04,US1NJAT0005,0,0.03,-0.03,-0.78,False
2012-11-04,US1NJBG0003,0,0.0,0.0,0.67,False
2012-11-04,US1NJBG0015,0,0.01,-0.01,0.41,False
2012-11-04,US1NJBG0017,0,0.01,-0.01,0.4,False
2012-11-04,US1NJBG0018,0,0.0,0.0,0.67,False
2012-11-04,US1NJBG0023,0,0.01,-0.01,0.19,False
2012-11-04,US1NJBG0029,0,0.02,-0.02,-0.45,False
2012-11-04,US1NJBG0030,0,0.01,-0.01,0.19,False
2012-11-04,US1NJBG0033,0,0.01,-0.01,0.4,False
2012-11-04,US1NJBT0003,0,0.02,-0.02,-0.12,False
2012-11-04,US1NJBT0005,0,0.03,-0.03,-0.63,False
2012-11-04,US1NJBT0006,0,0.02,-0.02,-0.11,False
2012-11-04,US1NJBT0007,0,0.02,-0.02,-0.26,False
2012-11-04,US1NJBT0025,3,0.0,3.0,139.21,True
2012-11-04,US1NJBT0028,0,0.03,-0.03,-0.48,False
2012-11-04,US1NJBT0029,0,0.06,-0.06,-2.21,False
2012-11-04,US1NJBT0032,0,0.04,-0.04,-1.14,False
2012-11-04,US1NJBT0035,0,0.03,-0.03,-0.58,False
2012-11-04,US1NJBT0036,0,0.03,-0.03,-0.56,False
2012-11-04,US1NJBT0037,0,0.02,-0.02,-0.22,False
2012-11-04,US1NJBT0040,0,0.04,-0.04,-1.14,False
2012-11-04,US1NJBT0052,0,0.02,-0.02,-0.35,False
2012-11-04,US1NJCN0001,0,0.01,-0.01,0.02,False
2012-11-04,US1NJCN0005,0,0.02,-0.02,-0.39,False
2012-11-04,US1NJCN0011,0,0.02,-0.02,-0.3,False
2012-11-04,US1NJCN0015,0,0.02,-0.02,-0.02,False
2012-11-04,US1NJCN0017,0,0.02,-0.02,-0.11,False
2012-11-04,US1NJCN0019,0,0.01,-0.01,-0.01,False
2012-11-04,US1NJCN0020,0,0.02,-0.02,-0.29,False
2012-11-04,US1NJES0015,0,0.01,-0.01,0.39,False
2012-11-04,US1NJES0018,0,0.01,-0.01,0.4,False
2012-11-04,US1NJES0020,0,0.01,-0.01,0.4,False
2012-11-04,US1NJGL0001,0,0.02,-0.02,-0.03,False
2012-11-04,US1NJGL0006,0,0.02,-0.02,-0.48,False
2012-11-04,US1NJGL0010,0,0.01,-0.01,-0.02,False
2012-11-04,US1NJGL0011,0,0.02,-0.02,-0.12,False
2012-11-04,US1NJGL0012,0,0.02,-0.02,-0.07,False
2012-11-04,US1NJGL0017,0,0.02,-0.02,-0.05,False
2012-11-04,US1NJGL0022,0,0.01,-0.01,0.07,False
2012-11-04,US1NJGL0023,0,0.01,-0.01,0.08,False
2012-11-04,US1NJGL0024,0,0.02,-0.02,-0.13,False
2012-11-04,US1NJGL0030,0,0.02,-0.02,-0.17,False
2012-11-04,US1NJHD0002,0,0.01,-0.01,0.42,False
2012-11-04,US1NJHN0003,0,0.03,-0.03,-0.69,False
2012-11-04,US1NJHN0004,0,0.03,-0.03,-0.69,False
2012-11-04,US1NJHN0010,0,0.01,-0.01,0.06,False
2012-11-04,US1NJHN0011,0,0.01,-0.01,0.08,False
2012-11-04,US1NJHN0012,0,0.03,-0.03,-0.82,False
2012-11-04,US1NJHN0015,0,0.01,-0.01,0.04,False
2012-11-04,US1NJHN0018,0,0.03,-0.03,-0.84,False
2012-11-04,US1NJHN0019,0,0.03,-0.03,-0.59,False
2012-11-04,US1NJHN0021,0,0.03,-0.03,-0.66,False
2012-11-04,US1NJHN0022,0,0.02,-0.02,-0.08,False
2012-11-04,US1NJHN0026,0,0.03,-0.03,-0.84,False
2012-11-04,US1NJHN0029,0,0.01,-0.01,0.07,False
2012-11-04,US1NJHN0031,0,0.03,-0.03,-0.88,False
2012-11-04,US1NJMC0001,0,0.02,-0.02,-0.03,False
2012-11-04,US1NJMC0002,0,0.02,-0.02,-0.16,False
2012-11-04,US1NJMC0005,0,0.02,-0.02,-0.05,False
2012-11-04,US1NJMC0011,0,0.02,-0.02,-0.11,False
2012-11-04,US1NJMC0016,0,0.01,-0.01,0.06,False
2012-11-04,US1NJMC0027,0,0.02,-0.02,-0.02,False
2012-11-04,US1NJMD0002,0,0.01,-0.01,0.11,False
2012-11-04,US1NJMD0009,0,0.01,-0.01,0.06,False
2012-11-04,US1NJMD0023,0,0.01,-0.01,0.19,False
2012-11-04,US1NJMD0028,0,0.01,-0.01,0.16,False
2012-11-04,US1NJMD0033,0,0.01,-0.01,0.24,False
2012-11-04,US1NJMD0039,0,0.01,-0.01,0.13,False
2012-11-04,US1NJMD0043,0,0.01,-0.01,0.07,False
2012-11-04,US1NJMD0044,0,0.01,-0.01,0.25,False
2012-11-04,US1NJMN0005,0,0.01,-0.01,0.13,False
2012-11-04,US1NJMN0006,0,0.01,-0.01,0.2,False
2012-11-04,US1NJMN0010,0,0.01,-0.01,0.2,False
2012-11-04,US1NJMN0017,0,0.02,-0.02,-0.07,False
2012-11-04,US1NJMN0019,0,0.01,-0.01,0.1,False
2012-11-04,US1NJMN0020,0,0.02,-0.02,-0.06,False
2012-11-04,US1NJMN0032,0,0.01,-0.01,0.22,False
2012-11-04,US1NJMN0044,0,0.01,-0.01,0.21,False
2012-11-04,US1NJMN0048,0,0.01,-0.01,0.33,False
2012-11-04,US1NJMN0052,0,0.01,-0.01,0.04,False
2012-11-04,US1NJMN0055,0,0.01,-0.01,0.08,False
2012-11-04,US1NJMN0058,0,0.01,-0.01,0.15,False
2012-11-04,US1NJMS0002,0,0.01,-0.01,0.16,False
2012-11-04,US1NJMS0003,0,0.02,-0.02,-0.27,False
2012-11-04,US1NJMS0006,0,0.1,-0.1,-3.9,True
2012-11-04,US1NJMS0011,0,0.03,-0.03,-0.92,False
2012-11-04,US1NJMS0014,0,0.01,-0.01,0.39,False
2012-11-04,US1NJMS0015,0,0.03,-0.03,-0.78,False
2012-11-04,US1NJMS0018,0,0.17,-0.17,-7.26,True
2012-11-04,US1NJMS0019,0,0.01,-0.01,0.16,False
2012-11-04,US1NJMS0021,0,0.05,-0.05,-1.6,False
2012-11-04,US1NJMS0022,0,0.16,-0.16,-6.63,True
2012-11-04,US1NJMS0023,0,0.11,-0.11,-4.32,True
2012-11-04,US1NJMS0025,0,0.03,-0.03,-0.72,False
2012-11-04,US1NJMS0031,0,0.05,-0.05,-1.58,False
2012-11-04,US1NJMS0035,0,0.05,-0.05,-1.49,False
2012-11-04,US1NJMS0036,0,0.01,-0.01,0.35,False
2012-11-04,US1NJMS0040,0,0.01,-0.01,0.4,False
2012-11-04,US1NJMS0042,0,0.03,-0.03,-0.73,False
2012-11-04,US1NJMS0049,0,0.01,-0.01,0.38,False
2012-11-04,US1NJMS0050,0,0.02,-0.02,-0.32,False
2012-11-04,US1NJMS0051,0,0.11,-0.11,-4.55,True
2012-11-04,US1NJMS0054,0,0.15,-0.15,-6.36,True
2012-11-04,US1NJMS0061,0,0.13,-0.13,-5.23,True
2012-11-04,US1NJOC0012,0,0.06,-0.06,-1.98,False
2012-11-04,US1NJOC0013,0,0.02,-0.02,-0.31,False
2012-11-04,US1NJOC0017,0,0.04,-0.04,-1.16,False
2012-11-04,US1NJOC0024,0,0.03,-0.03,-0.89,False
2012-11-04,US1NJOC0036,0,0.07,-0.07,-2.52,False
2012-11-04,US1NJOC0040,0,0.02,-0.02,-0.33,False
2012-11-04,US1NJOC0042,0,0.04,-0.04,-1.15,False
2012-11-04,US1NJOC0051,0,0.05,-0.05,-1.82,False
2012-11-04,US1NJPS0004,0,0.01,-0.01,0.39,False
2012-11-04,US1NJPS0005,0,0.01,-0.01,0.43,False
2012-11-04,US1NJPS0012,0,0.01,-0.01,0.38,False
2012-11-04,US1NJPS0014,0,0.01,-0.01,0.43,False
2012-11-04,US1NJPS0016,0,0.22,-0.22,-9.5,True
2012-11-04,US1NJPS0019,0,0.03,-0.03,-0.86,False
2012-11-04,US1NJPS0022,0,0.05,-0.05,-1.42,False
2012-11-04,US1NJSL0002,0,0.02,-0.02,-0.23,False
2012-11-04,US1NJSL0003,0,0.03,-0.03,-0.55,False
2012-11-04,US1NJSM0001,0,0.01,-0.01,0.17,False
2012-11-04,US1NJSM0002,0,0.01,-0.01,0.17,False
2012-11-04,US1NJSM0003,0,0.01,-0.01,0.18,False
2012-11-04,US1NJSM0004,0,0.01,-0.01,0.16,False
2012-11-04,US1NJSM0005,0,0.01,-0.01,0.13,False
2012-11-04,US1NJSM0011,0,0.01,-0.01,0.12,False
2012-11-04,US1NJSM0012,0,0.01,-0.01,0.18,False
2012-11-04,US1NJSM0013,0,0.01,-0.01,0.16,False
2012-11-04,US1NJSM0021,0,0.01,-0.01,0.12,False
2012-11-04,US1NJSM0023,0,0.01,-0.01,0.1,False
2012-11-04,US1NJSM0026,0,0.01,-0.01,0.19,False
2012-11-04,US1NJSM0027,0,0.01,-0.01,0.14,False
2012-11-04,US1NJSM0033,0,0.01,-0.01,0.13,False
2012-11-04,US1NJSM0039,0,0.01,-0.01,0.17,False
2012-11-04,US1NJSM0045,0,0.01,-0.01,0.16,False
2012-11-04,US1NJSM0049,0,0.01,-0.01,0.16,False
2012-11-04,US1NJSM0050,0,0.01,-0.01,0.12,False
2012-11-04,US1NJSS0001,0,0.39,-0.39,-17.44,True
2012-11-04,US1NJSS0007,0,0.29,-0.29,-12.82,True
2012-11-04,US1NJSS0020,0,0.48,-0.48,-21.58,True
2012-11-04,US1NJSS0028,0,0.94,-0.94,-42.63,True
2012-11-04,US1NJUN0010,0,0.01,-0.01,0.16,False
2012-11-04,US1NJUN0017,0,0.01,-0.01,0.14,False
2012-11-04,US1NJUN0018,0,0.01,-0.01,0.4,False
2012-11-04,US1NJWR0001,0,0.04,-0.04,-1.4,False
2012-11-04,US1NJWR0004,0,0.39,-0.39,-17.41,True
2012-11-04,US1NJWR0005,0,0.16,-0.16,-6.93,True
2012-11-04,US1NJWR0006,0,0.22,-0.22,-9.36,True
2012-11-04,US1NJWR0008,0,0.3,-0.3,-13.36,True
2012-11-04,US1NJWR0012,0,0.05,-0.05,-1.43,False
2012-11-04,US1NJWR0017,0,0.18,-0.18,-7.5,True
2012-11-04,US1NJWR0020,0,0.17,-0.17,-7.34,True
2012-11-04,US1NJWR0022,0,0.46,-0.46,-20.56,True
2012-11-04,US1NJWR0023,0,0.18,-0.18,-7.86,True
2012-11-04,US1NJWR0024,0,0.47,-0.47,-21.1,True
2012-11-04,US1NYCB0001,0,0.82,-0.82,-37.01,True
2012-11-04,US1NYCB0006,0,0.51,-0.51,-22.91,True
2012-11-04,US1NYDL0005,33,8.24,24.76,1144.11,True
2012-11-04,US1NYDL0009,15,8.26,6.74,311.81,True
2012-11-04,US1NYDL0022,8,9.06,-1.06,-48.37,True
2012-11-04,US1NYDL0023,13,7.67,5.33,246.99,True
2012-11-04,US1NYDL0024,8,9.24,-1.24,-56.53,True
2012-11-04,US1NYDT0004,0,0.08,-0.08,-2.94,False
2012-11-04,US1NYDT0005,0,0.14,-0.14,-5.84,True
2012-11-04,US1NYDT0008,0,0.11,-0.11,-4.5,True
2012-11-04,US1NYDT0010,0,0.14,-0.14,-6.01,True
2012-11-04,US1NYDT0012,0,0.1,-0.1,-3.92,True
2012-11-04,US1NYGR0005,0,1.1,-1.1,-50.09,True
2012-11-04,US1NYGR0006,0,1.96,-1.96,-89.84,True
2012-11-04,US1NYGR0007,0,2.15,-2.15,-98.67,True
2012-11-04,US1NYNS0007,0,0.0,0.0,0.67,False
2012-11-04,US1NYPT0002,0,0.13,-0.13,-5.29,True
2012-11-04,US1NYPT0004,0,0.09,-0.09,-3.38,False
2012-11-04,US1NYQN0002,0,0.0,0.0,0.67,False
2012-11-04,US1NYRC0001,0,0.01,-0.01,0.33,False
2012-11-04,US1NYRC0002,0,0.01,-0.01,0.34,False
2012-11-04,US1NYRL0005,0,0.0,0.0,0.67,False
2012-11-04,US1NYSF0002,0,0.0,0.0,0.67,False
2012-11-04,US1NYSF0003,0,0.0,0.0,0.67,False
2012-11-04,US1NYSF0007,0,0.0,0.0,0.67,False
2012-11-04,US1NYSF0016,0,0.0,0.0,0.67,False
2012-11-04,US1NYSF0017,0,0.0,0.0,0.67,False
2012-11-04,US1NYSF0019,0,0.0,0.0,0.67,False
2012-11-04,US1NYSF0024,0,0.0,0.0,0.67,False
2012-11-04,US1NYSV0005,0,1.73,-1.73,-79.36,True
2012-11-04,US1NYSV0006,28,5.87,22.13,1022.47,True
2012-11-04,US1NYSV0008,0,1.4,-1.4,-63.88,True
2012-11-04,US1NYUL0001,0,1.07,-1.07,-48.63,True
2012-11-04,US1NYUL0002,0,1.85,-1.85,-84.57,True
2012-11-04,US1NYUL0003,0,1.03,-1.03,-46.97,True
2012-11-04,US1NYUL0004,0,1.67,-1.67,-76.32,True
2012-11-04,US1NYUL0006,0,0.92,-0.92,-41.66,True
2012-11-04,US1NYUL0008,0,1.93,-1.93,-88.26,True
2012-11-04,US1NYUL0009,0,0.43,-0.43,-19.26,True
2012-11-04,US1NYWC0006,0,0.0,0.0,0.67,False
2012-11-04,US1NYWC0007,0,0.01,-0.01,0.33,False
2012-11-04,US1NYWC0011,0,0.02,-0.02,-0.39,False
2012-11-04,US1PABK0004,0,0.01,-0.01,0.09,False
2012-11-04,US1PABK0005,0,0.02,-0.02,-0.08,False
2012-11-04,US1PABK0013,0,0.02,-0.02,-0.13,False
2012-11-04,US1PABK0015,0,0.02,-0.02,-0.09,False
2012-11-04,US1PABK0026,0,0.02,-0.02,-0.09,False
2012-11-04,US1PACB0015,0,0.35,-0.35,-15.66,True
2012-11-04,US1PACH0020,0,0.01,-0.01,0.14,False
2012-11-04,US1PADL0009,0,0.01,-0.01,-0.02,False
2012-11-04,US1PAMN0008,0,0.85,-0.85,-38.47,True
2012-11-04,US1PAMN0009,0,0.71,-0.71,-32.33,True
2012-11-04,US1PAMT0006,0,0.02,-0.02,-0.02,False
2012-11-04,US1PAMT0007,0,0.01,-0.01,-0.01,False
2012-11-04,US1PAMT0016,0,0.01,-0.01,0.06,False
2012-11-04,US1PAMT0020,0,0.01,-0.01,0.0,False
2012-11-04,US1PAMT0022,0,0.01,-0.01,0.02,False
2012-11-04,US1PAMT0051,0,0.01,-0.01,0.03,False
2012-11-04,US1PAMT0053,0,0.02,-0.02,-0.08,False
2012-11-04,US1PAMT0056,0,0.01,-0.01,-0.0,False
2012-11-04,US1PAMT0063,0,0.02,-0.02,-0.11,False
2012-11-04,US1PAMT0064,0,0.02,-0.02,-0.07,False
2012-11-04,US1PAMT0067,0,0.02,-0.02,-0.07,False
2012-11-04,US1PAMT0072,0,0.01,-0.01,0.05,False
2012-11-04,US1PAMT0078,0,0.02,-0.02,-0.04,False
2012-11-04,US1PANH0001,0,0.24,-0.24,-10.26,True
2012-11-04,US1PANH0009,0,0.06,-0.06,-2.18,False
2012-11-04,US1PANH0010,0,0.04,-0.04,-1.1,False
2012-11-04,US1PAPH0002,0,0.01,-0.01,0.21,False
2012-11-04,US1PAPH0004,0,0.01,-0.01,0.2,False
2012-11-04,US1PAPH0006,0,0.01,-0.01,0.17,False
2012-11-04,US1PAPH0008,0,0.01,-0.01,0.14,False
2012-11-04,US1PASS0006,0,7.31,-7.31,-336.91,True
2012-11-04,US1PAWN0004,8,2.54,5.46,252.64,True
2012-11-04,US1PAWN0008,3,4.97,-1.97,-90.38,True
2012-11-04,US1PAWN0010,10,8.11,1.89,87.95,True
2012-11-04,US1PAWN0012,5,7.03,-2.03,-93.28,True
2012-11-04,US1PAWN0013,0,3.45,-3.45,-158.84,True
2012-11-04,US1PAWN0026,8,5.13,2.87,133.01,True
2012-11-04,US1PAWN0035,3,6.1,-3.1,-142.59,True
2012-11-04,US1PAWN0037,30,4.56,25.44,1175.41,True
2012-11-04,US1PAWN0038,5,4.3,0.7,32.91,True
2012-11-04,US1PAWN0041,0,3.72,-3.72,-170.94,True
2012-11-04,US1PAWN0042,13,11.77,1.23,57.45,True
2012-11-04,US1PAWN0044,3,7.77,-4.77,-219.77,True
2012-11-04,USC00060128,0,0.0,0.0,0.67,False
2012-11-04,USC00060227,0,0.02,-0.02,-0.11,False
2012-11-04,USC00060299,0,0.02,-0.02,-0.18,False
2012-11-04,USC00060808,0,0.0,0.0,0.67,False
2012-11-04,USC00060973,0,0.0,0.0,0.67,False
2012-11-04,USC00061762,0,0.01,-0.01,0.08,False
2012-11-04,USC00063207,0,0.0,0.0,0.67,False
2012-11-04,USC00063420,0,0.0,0.0,0.67,False
2012-11-04,USC00065077,0,0.0,0.0,0.67,False
2012-11-04,USC00065445,0,0.07,-0.07,-2.34,False
2012-11-04,USC00065910,0,0.0,0.0,0.67,False
2012-11-04,USC00067958,0,0.0,0.0,0.67,False
2012-11-04,USC00067970,0,0.0,0.0,0.67,False
2012-11-04,USC00068138,0,0.0,0.0,0.67,False
2012-11-04,USC00068330,0,0.02,-0.02,-0.1,False
2012-11-04,USC00068436,0,0.05,-0.05,-1.41,False
2012-11-04,USC00190120,0,0.0,0.0,0.67,False
2012-11-04,USC00190408,0,0.0,0.0,0.67,False
2012-11-04,USC00190562,0,0.0,0.0,0.67,False
2012-11-04,USC00192107,0,0.0,0.0,0.67,False
2012-11-04,USC00193172,0,0.0,0.0,0.67,False
2012-11-04,USC00193402,0,0.0,0.0,0.67,False
2012-11-04,USC00194131,0,0.09,-0.09,-3.52,True
2012-11-04,USC00194154,0,0.0,0.0,0.67,False
2012-11-04,USC00197627,0,0.0,0.0,0.67,False
2012-11-04,USC00198278,0,0.0,0.0,0.67,False
2012-11-04,USC00198793,0,0.0,0.0,0.67,False
2012-11-04,USC00199193,0,0.0,0.0,0.67,False
2012-11-04,USC00199371,0,0.08,-0.08,-3.01,False
2012-11-04,USC00199972,0,0.0,0.0,0.67,False
2012-11-04,USC00280734,0,0.22,-0.22,-9.33,True
2012-11-04,USC00280847,0,0.01,-0.01,0.16,False
2012-11-04,USC00280907,0,0.01,-0.01,0.12,False
2012-11-04,USC00280927,0,0.01,-0.01,0.17,False
2012-11-04,USC00281327,0,0.29,-0.29,-12.63,True
2012-11-04,USC00281335,0,0.01,-0.01,0.39,False
2012-11-04,USC00283029,0,0.03,-0.03,-0.59,False
2012-11-04,USC00283181,0,0.01,-0.01,0.16,False
2012-11-04,USC00283662,0,0.03,-0.03,-0.86,False
2012-11-04,USC00283704,0,0.01,-0.01,0.4,False
2012-11-04,USC00283951,0,0.02,-0.02,-0.15,False
2012-11-04,USC00284229,0,0.04,-0.04,-0.99,False
2012-11-04,USC00284635,0,0.02,-0.02,-0.07,False
2012-11-04,USC00284987,0,0.01,-0.01,0.33,False
2012-11-04,USC00285503,0,0.01,-0.01,0.38,False
2012-11-04,USC00285728,0,0.02,-0.02,-0.16,False
2012-11-04,USC00286055,0,0.01,-0.01,0.15,False
2012-11-04,USC00286146,0,0.0,0.0,0.67,False
2012-11-04,USC00286460,0,0.18,-0.18,-7.82,True
2012-11-04,USC00286864,0,0.01,-0.01,0.02,False
2012-11-04,USC00286964,0,0.02,-0.02,-0.21,False
2012-11-04,USC00286979,0,0.07,-0.07,-2.34,False
2012-11-04,USC00287301,0,0.03,-0.03,-0.91,False
2012-11-04,USC00287486,0,0.03,-0.03,-0.92,False
2012-11-04,USC00288173,0,0.01,-0.01,-0.02,False
2012-11-04,USC00288644,0,0.46,-0.46,-20.51,True
2012-11-04,USC00289187,0,0.04,-0.04,-1.14,False
2012-11-04,USC00289363,0,0.01,-0.01,0.04,False
2012-11-04,USC00289832,0,0.01,-0.01,0.35,False
2012-11-04,USC00300063,0,2.05,-2.05,-93.83,True
2012-11-04,USC00300254,5,5.86,-0.86,-38.92,True
2012-11-04,USC00300364,0,0.0,0.0,0.67,False
2012-11-04,USC00300732,0,1.29,-1.29,-58.85,True
2012-11-04,USC00300961,0,0.0,0.0,0.67,False
2012-11-04,USC00301102,5,5.86,-0.86,-39.13,True
2012-11-04,USC00301211,0,0.05,-0.05,-1.72,False
2012-11-04,USC00301309,0,0.0,0.0,0.67,False
2012-11-04,USC00301521,3,3.9,-0.9,-40.95,True
2012-11-04,USC00301761,0,0.26,-0.26,-11.48,True
2012-11-04,USC00302151,0,0.0,0.0,0.67,False
2012-11-04,USC00302366,5,2.74,2.26,105.12,True
2012-11-04,USC00302454,0,11.25,-11.25,-518.7,True
2012-11-04,USC00304025,0,0.94,-0.94,-42.66,True
2012-11-04,USC00304575,8,5.7,2.3,106.97,True
2012-11-04,USC00304731,0,4.11,-4.11,-189.18,True
2012-11-04,USC00305113,30,14.68,15.32,708.32,True
2012-11-04,USC00305142,0,0.0,0.0,0.67,False
2012-11-04,USC00305426,0,1.21,-1.21,-55.36,True
2012-11-04,USC00305606,0,0.0,0.0,0.67,False
2012-11-04,USC00306217,30,14.42,15.58,720.31,True
2012-11-04,USC00306570,0,3.51,-3.51,-161.51,True
2012-11-04,USC00306649,3,2.26,0.74,34.73,True
2012-11-04,USC00306774,0,1.1,-1.1,-50.16,True
2012-11-04,USC00306820,0,0.4,-0.4,-17.67,True
2012-11-04,USC00307035,0,0.6,-0.6,-27.01,True
2012-11-04,USC00307134,0,0.0,0.0,0.67,False
2012-11-04,USC00307210,0,1.77,-1.77,-81.23,True
2012-11-04,USC00308670,8,10.19,-2.19,-100.57,True
2012-11-04,USC00308721,0,0.0,0.0,0.67,False
2012-11-04,USC00308932,10,8.9,1.1,51.25,True
2012-11-04,USC00309292,0,0.11,-0.11,-4.31,True
2012-11-04,USC00309670,0,0.01,-0.01,0.33,False
2012-11-04,USC00361737,0,0.01,-0.01,0.21,False
2012-11-04,USC00362671,0,8.42,-8.42,-388.02,True
2012-11-04,USC00363437,0,0.01,-0.01,0.02,False
2012-11-04,USC00363488,0,0.02,-0.02,-0.25,False
2012-11-04,USC00363758,0,3.13,-3.13,-143.74,True
2012-11-04,USC00365390,0,0.02,-0.02,-0.06,False
2012-11-04,USC00365738,8,4.95,3.05,141.57,True
2012-11-04,USC00366194,0,0.02,-0.02,-0.11,False
2012-11-04,USC00366370,0,0.01,-0.01,0.25,False
2012-11-04,USC00366886,0,0.01,-0.01,0.07,False
2012-11-04,USC00366927,0,0.01,-0.01,0.19,False
2012-11-04,USC00367029,15,10.51,4.49,208.22,True
2012-11-04,USC00367938,0,0.02,-0.02,-0.09,False
2012-11-04,USC00368400,0,0.04,-0.04,-0.99,False
2012-11-04,USC00368596,3,0.59,2.41,111.97,True
2012-11-04,USW00004781,0,0.0,0.0,0.67,False
2012-11-04,USW00004789,0,0.77,-0.77,-34.91,True
2012-11-04,USW00013739,0,0.01,-0.01,0.03,False
2012-11-04,USW00014707,0,0.0,0.0,0.67,False
2012-11-04,USW00014719,0,0.0,0.0,0.67,False
2012-11-04,USW00014732,0,0.0,0.0,0.67,False
2012-11-04,USW00014734,0,0.01,-0.01,0.38,False
2012-11-04,USW00014737,0,0.07,-0.07,-2.75,False
2012-11-04,USW00014740,0,0.0,0.0,0.67,False
2012-11-04,USW00014752,0,0.0,0.0,0.67,False
2012-11-04,USW00014757,0,0.14,-0.14,-5.6,True
2012-11-04,USW00014758,0,0.0,0.0,0.67,False
2012-11-04,USW00014763,0,0.2,-0.2,-8.78,True
2012-11-04,USW00014775,0,0.0,0.0,0.67,False
2012-11-04,USW00014792,0,0.02,-0.02,-0.08,False
2012-11-04,USW00054734,0,0.01,-0.01,0.09,False
2012-11-04,USW00054743,0,0.01,-0.01,0.36,False
2012-11-04,USW00054767,0,0.0,0.0,0.67,False
2012-11-04,USW00054786,0,0.02,-0.02,-0.08,False
2012-11-04,USW00054787,0,0.0,0.0,0.67,False
2012-11-04,USW00054788,0,0.0,0.0,0.67,False
2012-11-04,USW00054789,0,1.32,-1.32,-60.34,True
2012-11-04,USW00054790,0,0.0,0.0,0.67,False
2012-11-04,USW00054793,0,0.48,-0.48,-21.41,True
2012-11-04,USW00064756,0,0.17,-0.17,-6.95,True
2012-11-04,USW00093780,0,0.02,-0.02,-0.28,False
2012-11-04,USW00094702,0,0.0,0.0,0.67,False
2012-11-04,USW00094728,0,0.0,0.0,0.67,False
2012-11-04,USW00094732,0,0.01,-0.01,0.1,False
2012-11-04,USW00094741,0,0.01,-0.01,0.4,False
2012-11-04,USW00094745,0,0.0,0.0,0.67,False
2012-11-04,USW00094789,0,0.0,0.0,0.67,False
2012-11-05,US1CTFR0009,0,0.0,0.0,0.67,False
2012-11-05,US1CTFR0020,0,0.02,-0.02,0.11,False
2012-11-05,US1CTHR0005,0,0.0,0.0,0.67,False
2012-11-05,US1CTHR0006,0,0.0,0.0,0.67,False
2012-11-05,US1CTHR0007,0,0.0,0.0,0.67,False
2012-11-05,US1CTHR0008,0,0.0,0.0,0.67,False
2012-11-05,US1CTHR0009,0,0.0,0.0,0.67,False
2012-11-05,US1CTLT0007,0,0.0,0.0,0.67,False
2012-11-05,US1CTMD0002,0,0.0,0.0,0.67,False
2012-11-05,US1CTMD0005,0,0.0,0.0,0.67,False
2012-11-05,US1CTNH0013,0,0.0,0.0,0.67,False
2012-11-05,US1CTNH0014,0,0.0,0.0,0.67,False
2012-11-05,US1CTNH0015,0,0.0,0.0,0.67,False
2012-11-05,US1CTTL0004,0,0.0,0.0,0.67,False
2012-11-05,US1MABE0003,0,0.0,0.0,0.67,False
2012-11-05,US1MAHD0009,0,0.0,0.0,0.67,False
2012-11-05,US1MAHS0002,0,0.0,0.0,0.67,False
2012-11-05,US1MAWR0118,0,0.0,0.0,0.67,False
2012-11-05,US1NJAT0001,0,0.03,-0.03,-0.62,False
2012-11-05,US1NJAT0002,0,0.03,-0.03,-0.53,False
2012-11-05,US1NJAT0005,0,0.03,-0.03,-0.39,False
2012-11-05,US1NJBG0003,0,0.02,-0.02,-0.03,False
2012-11-05,US1NJBG0015,0,0.03,-0.03,-0.55,False
2012-11-05,US1NJBG0017,0,0.02,-0.02,0.05,False
2012-11-05,US1NJBG0018,0,0.02,-0.02,-0.13,False
2012-11-05,US1NJBG0023,0,0.01,-0.01,0.2,False
2012-11-05,US1NJBG0029,0,0.01,-0.01,0.2,False
2012-11-05,US1NJBG0030,0,0.01,-0.01,0.21,False
2012-11-05,US1NJBG0033,0,0.02,-0.02,-0.21,False
2012-11-05,US1NJBT0003,0,0.02,-0.02,-0.19,False
2012-11-05,US1NJBT0004,0,0.02,-0.02,-0.06,False
2012-11-05,US1NJBT0005,0,0.02,-0.02,-0.2,False
2012-11-05,US1NJBT0006,0,0.03,-0.03,-0.54,False
2012-11-05,US1NJBT0007,0,0.02,-0.02,-0.13,False
2012-11-05,US1NJBT0025,0,0.02,-0.02,-0.07,False
2012-11-05,US1NJBT0028,0,0.02,-0.02,-0.16,False
2012-11-05,US1NJBT0029,0,0.02,-0.02,-0.1,False
2012-11-05,US1NJBT0032,0,0.02,-0.02,-0.13,False
2012-11-05,US1NJBT0035,0,0.03,-0.03,-0.3,False
2012-11-05,US1NJBT0036,0,0.02,-0.02,-0.11,False
2012-11-05,US1NJBT0037,0,0.02,-0.02,-0.21,False
2012-11-05,US1NJBT0052,0,0.02,-0.02,-0.22,False
2012-11-05,US1NJCN0001,0,0.04,-0.04,-0.86,False
2012-11-05,US1NJCN0005,0,0.04,-0.04,-1.01,False
2012-11-05,US1NJCN0011,0,0.04,-0.04,-0.92,False
2012-11-05,US1NJCN0015,0,0.07,-0.07,-1.99,False
2012-11-05,US1NJCN0017,0,0.06,-0.06,-1.5,False
2012-11-05,US1NJCN0019,0,0.09,-0.09,-2.65,False
2012-11-05,US1NJCN0020,0,0.05,-0.05,-1.09,False
2012-11-05,US1NJES0015,0,0.03,-0.03,-0.36,False
2012-11-05,US1NJES0018,0,0.18,-0.18,-6.0,True
2012-11-05,US1NJES0019,0,0.03,-0.03,-0.34,False
2012-11-05,US1NJES0020,0,0.04,-0.04,-0.93,False
2012-11-05,US1NJGL0001,0,0.08,-0.08,-2.17,False
2012-11-05,US1NJGL0006,0,0.05,-0.05,-1.04,False
2012-11-05,US1NJGL0010,0,0.07,-0.07,-1.88,False
2012-11-05,US1NJGL0011,0,0.05,-0.05,-1.32,False
2012-11-05,US1NJGL0012,0,0.11,-0.11,-3.43,False
2012-11-05,US1NJGL0015,0,0.05,-0.05,-1.31,False
2012-11-05,US1NJGL0019,3,0.0,3.0,113.26,True
2012-11-05,US1NJGL0022,0,0.07,-0.07,-2.01,False
2012-11-05,US1NJGL0023,0,0.08,-0.08,-2.43,False
2012-11-05,US1NJGL0024,0,0.06,-0.06,-1.52,False
2012-11-05,US1NJGL0030,0,0.06,-0.06,-1.59,False
2012-11-05,US1NJHD0002,0,0.04,-0.04,-0.64,False
2012-11-05,US1NJHN0003,0,0.01,-0.01,0.13,False
2012-11-05,US1NJHN0004,0,0.01,-0.01,0.14,False
2012-11-05,US1NJHN0010,0,0.01,-0.01,0.12,False
2012-11-05,US1NJHN0011,0,0.02,-0.02,0.1,False
2012-11-05,US1NJHN0012,0,0.01,-0.01,0.13,False
2012-11-05,US1NJHN0015,0,0.01,-0.01,0.12,False
2012-11-05,US1NJHN0018,0,0.01,-0.01,0.14,False
2012-11-05,US1NJHN0019,0,0.01,-0.01,0.14,False
2012-11-05,US1NJHN0021,0,0.01,-0.01,0.13,False
2012-11-05,US1NJHN0022,0,0.02,-0.02,0.06,False
2012-11-05,US1NJHN0026,0,0.01,-0.01,0.11,False
2012-11-05,US1NJHN0029,0,0.02,-0.02,0.11,False
2012-11-05,US1NJHN0031,0,0.02,-0.02,0.09,False
2012-11-05,US1NJMC0001,0,0.02,-0.02,0.08,False
2012-11-05,US1NJMC0002,0,0.02,-0.02,0.03,False
2012-11-05,US1NJMC0005,0,0.02,-0.02,0.08,False
2012-11-05,US1NJMC0008,0,0.02,-0.02,0.07,False
2012-11-05,US1NJMC0009,0,0.01,-0.01,0.14,False
2012-11-05,US1NJMC0011,0,0.02,-0.02,0.06,False
2012-11-05,US1NJMC0016,0,0.02,-0.02,0.01,False
2012-11-05,US1NJMC0022,0,0.01,-0.01,0.13,False
2012-11-05,US1NJMC0027,0,0.02,-0.02,0.08,False
2012-11-05,US1NJMD0002,0,0.02,-0.02,-0.01,False
2012-11-05,US1NJMD0009,0,0.02,-0.02,0.03,False
2012-11-05,US1NJMD0023,0,0.02,-0.02,-0.21,False
2012-11-05,US1NJMD0028,0,0.02,-0.02,-0.08,False
2012-11-05,US1NJMD0033,0,0.02,-0.02,-0.08,False
2012-11-05,US1NJMD0038,0,0.03,-0.03,-0.31,False
2012-11-05,US1NJMD0039,0,0.02,-0.02,-0.13,False
2012-11-05,US1NJMD0043,0,0.03,-0.03,-0.54,False
2012-11-05,US1NJMD0044,0,0.02,-0.02,-0.09,False
2012-11-05,US1NJMN0005,0,0.01,-0.01,0.19,False
2012-11-05,US1NJMN0006,0,0.02,-0.02,0.05,False
2012-11-05,US1NJMN0010,0,0.01,-0.01,0.16,False
2012-11-05,US1NJMN0017,0,0.02,-0.02,-0.12,False
2012-11-05,US1NJMN0019,0,0.01,-0.01,0.19,False
2012-11-05,US1NJMN0020,0,0.02,-0.02,-0.17,False
2012-11-05,US1NJMN0032,0,0.02,-0.02,0.08,False
2012-11-05,US1NJMN0044,0,0.02,-0.02,0.05,False
2012-11-05,US1NJMN0048,0,0.01,-0.01,0.3,False
2012-11-05,US1NJMN0052,0,0.02,-0.02,-0.05,False
2012-11-05,US1NJMN0055,0,0.02,-0.02,-0.09,False
2012-11-05,US1NJMN0058,0,0.02,-0.02,-0.1,False
2012-11-05,US1NJMS0002,0,0.03,-0.03,-0.27,False
2012-11-05,US1NJMS0003,0,0.02,-0.02,-0.12,False
2012-11-05,US1NJMS0006,0,0.05,-0.05,-1.27,False
2012-11-05,US1NJMS0011,0,0.02,-0.02,-0.03,False
2012-11-05,US1NJMS0014,0,0.04,-0.04,-0.67,False
2012-11-05,US1NJMS0015,0,0.02,-0.02,0.1,False
2012-11-05,US1NJMS0018,0,0.07,-0.07,-2.0,False
2012-11-05,US1NJMS0019,0,0.02,-0.02,-0.11,False
2012-11-05,US1NJMS0021,0,0.02,-0.02,0.11,False
2012-11-05,US1NJMS0022,0,0.07,-0.07,-1.83,False
2012-11-05,US1NJMS0023,0,0.05,-0.05,-1.26,False
2012-11-05,US1NJMS0025,0,0.02,-0.02,0.1,False
2012-11-05,US1NJMS0031,0,0.02,-0.02,0.06,False
2012-11-05,US1NJMS0035,0,0.02,-0.02,0.07,False
2012-11-05,US1NJMS0036,0,0.02,-0.02,-0.24,False
2012-11-05,US1NJMS0040,0,0.04,-0.04,-0.9,False
2012-11-05,US1NJMS0042,0,0.02,-0.02,0.1,False
2012-11-05,US1NJMS0049,0,0.04,-0.04,-0.67,False
2012-11-05,US1NJMS0050,0,0.02,-0.02,0.03,False
2012-11-05,US1NJMS0051,0,0.05,-0.05,-1.3,False
2012-11-05,US1NJMS0054,0,0.07,-0.07,-1.78,False
2012-11-05,US1NJMS0061,0,0.06,-0.06,-1.52,False
2012-11-05,US1NJOC0012,0,0.02,-0.02,0.0,False
2012-11-05,US1NJOC0013,0,0.03,-0.03,-0.27,False
2012-11-05,US1NJOC0017,0,0.03,-0.03,-0.42,False
2012-11-05,US1NJOC0024,0,0.03,-0.03,-0.35,False
2012-11-05,US1NJOC0036,0,0.02,-0.02,-0.15,False
2012-11-05,US1NJOC0040,0,0.02,-0.02,-0.13,False
2012-11-05,US1NJOC0042,0,0.03,-0.03,-0.33,False
2012-11-05,US1NJOC0051,0,0.02,-0.02,-0.01,False
2012-11-05,US1NJPS0004,0,0.02,-0.02,0.07,False
2012-11-05,US1NJPS0005,0,0.01,-0.01,0.12,False
2012-11-05,US1NJPS0012,0,0.02,-0.02,-0.24,False
2012-11-05,US1NJPS0014,0,0.02,-0.02,0.1,False
2012-11-05,US1NJPS0016,0,0.09,-0.09,-2.53,False
2012-11-05,US1NJPS0018,0,0.02,-0.02,-0.09,False
2012-11-05,US1NJPS0019,0,0.01,-0.01,0.21,False
2012-11-05,US1NJPS0021,0,0.07,-0.07,-1.82,False
2012-11-05,US1NJPS0022,0,0.01,-0.01,0.17,False
2012-11-05,US1NJSL0002,0,0.05,-0.05,-1.2,False
2012-11-05,US1NJSL0003,0,0.04,-0.04,-0.97,False
2012-11-05,US1NJSM0001,0,0.02,-0.02,0.09,False
2012-11-05,US1NJSM0002,0,0.02,-0.02,0.0,False
2012-11-05,US1NJSM0003,0,0.02,-0.02,0.03,False
2012-11-05,US1NJSM0004,0,0.02,-0.02,0.04,False
2012-11-05,US1NJSM0005,0,0.02,-0.02,0.05,False
2012-11-05,US1NJSM0011,0,0.01,-0.01,0.14,False
2012-11-05,US1NJSM0012,0,0.02,-0.02,-0.02,False
2012-11-05,US1NJSM0013,0,0.02,-0.02,0.03,False
2012-11-05,US1NJSM0015,0,0.02,-0.02,0.09,False
2012-11-05,US1NJSM0021,0,0.02,-0.02,0.09,False
2012-11-05,US1NJSM0023,0,0.02,-0.02,0.09,False
2012-11-05,US1NJSM0026,0,0.02,-0.02,0.01,False
2012-11-05,US1NJSM0033,0,0.02,-0.02,0.1,False
2012-11-05,US1NJSM0039,0,0.02,-0.02,-0.05,False
2012-11-05,US1NJSM0045,0,0.02,-0.02,0.09,False
2012-11-05,US1NJSM0046,0,0.02,-0.02,0.02,False
2012-11-05,US1NJSM0049,0,0.02,-0.02,0.09,False
2012-11-05,US1NJSM0050,0,0.02,-0.02,0.08,False
2012-11-05,US1NJSS0001,0,0.13,-0.13,-4.1,True
2012-11-05,US1NJSS0007,0,0.11,-0.11,-3.33,False
2012-11-05,US1NJSS0020,0,0.2,-0.2,-7.0,True
2012-11-05,US1NJSS0027,0,0.14,-0.14,-4.52,True
2012-11-05,US1NJUN0010,0,0.05,-0.05,-1.24,False
2012-11-05,US1NJUN0017,0,0.11,-0.11,-3.42,False
2012-11-05,US1NJUN0018,3,0.0,3.0,113.26,True
2012-11-05,US1NJWR0001,0,0.01,-0.01,0.12,False
2012-11-05,US1NJWR0004,0,0.13,-0.13,-4.07,True
2012-11-05,US1NJWR0005,0,0.07,-0.07,-1.88,False
2012-11-05,US1NJWR0006,0,0.1,-0.1,-3.22,False
2012-11-05,US1NJWR0008,0,0.12,-0.12,-3.79,True
2012-11-05,US1NJWR0012,0,0.02,-0.02,0.1,False
2012-11-05,US1NJWR0017,0,0.07,-0.07,-1.95,False
2012-11-05,US1NJWR0020,0,0.07,-0.07,-1.89,False
2012-11-05,US1NJWR0022,0,0.15,-0.15,-4.93,True
2012-11-05,US1NJWR0023,0,0.07,-0.07,-2.01,False
2012-11-05,US1NJWR0024,0,0.15,-0.15,-4.85,True
2012-11-05,US1NYCB0001,0,0.07,-0.07,-1.99,False
2012-11-05,US1NYCB0006,0,0.04,-0.04,-0.67,False
2012-11-05,US1NYDL0005,3,4.16,-1.16,-42.71,True
2012-11-05,US1NYDL0009,3,4.29,-1.29,-47.91,True
2012-11-05,US1NYDL0022,3,3.43,-0.43,-15.35,True
2012-11-05,US1NYDL0023,0,3.31,-3.31,-123.4,True
2012-11-05,US1NYDL0024,0,5.61,-5.61,-209.81,True
2012-11-05,US1NYDT0004,0,0.0,0.0,0.67,False
2012-11-05,US1NYDT0005,0,0.0,0.0,0.67,False
2012-11-05,US1NYDT0008,0,0.0,0.0,0.67,False
2012-11-05,US1NYDT0010,0,0.0,0.0,0.67,False
2012-11-05,US1NYDT0012,0,0.0,0.0,0.67,False
2012-11-05,US1NYGR0005,0,0.1,-0.1,-3.1,False
2012-11-05,US1NYGR0006,0,0.5,-0.5,-18.01,True
2012-11-05,US1NYGR0007,0,0.57,-0.57,-20.72,True
2012-11-05,US1NYNS0007,0,0.02,-0.02,-0.07,False
2012-11-05,US1NYPT0002,0,0.01,-0.01,0.25,False
2012-11-05,US1NYPT0004,0,0.01,-0.01,0.27,False
2012-11-05,US1NYQN0002,0,0.02,-0.02,-0.18,False
2012-11-05,US1NYRC0001,0,0.03,-0.03,-0.39,False
2012-11-05,US1NYRC0002,0,0.03,-0.03,-0.49,False
2012-11-05,US1NYRL0005,0,0.02,-0.02,0.08,False
2012-11-05,US1NYSF0002,0,0.0,0.0,0.67,False
2012-11-05,US1NYSF0003,0,0.0,0.0,0.67,False
2012-11-05,US1NYSF0007,0,0.0,0.0,0.67,False
2012-11-05,US1NYSF0016,0,0.02,-0.02,0.07,False
2012-11-05,US1NYSF0017,0,0.02,-0.02,-0.03,False
2012-11-05,US1NYSF0019,0,0.0,0.0,0.67,False
2012-11-05,US1NYSF0024,0,0.02,-0.02,0.07,False
2012-11-05,US1NYSV0005,0,0.56,-0.56,-20.45,True
2012-11-05,US1NYSV0006,0,2.62,-2.62,-97.48,True
2012-11-05,US1NYSV0008,0,0.47,-0.47,-16.81,True
2012-11-05,US1NYUL0001,0,0.25,-0.25,-8.55,True
2012-11-05,US1NYUL0002,0,0.39,-0.39,-13.82,True
2012-11-05,US1NYUL0003,0,0.24,-0.24,-8.24,True
2012-11-05,US1NYUL0004,0,0.36,-0.36,-12.74,True
2012-11-05,US1NYUL0006,0,0.27,-0.27,-9.55,True
2012-11-05,US1NYUL0008,0,0.53,-0.53,-19.26,True
2012-11-05,US1NYUL0009,0,0.11,-0.11,-3.45,False
2012-11-05,US1NYWC0006,0,0.01,-0.01,0.19,False
2012-11-05,US1NYWC0007,0,0.01,-0.01,0.32,False
2012-11-05,US1NYWC0011,0,0.01,-0.01,0.16,False
2012-11-05,US1PABK0004,0,0.01,-0.01,0.22,False
2012-11-05,US1PABK0005,0,0.02,-0.02,0.03,False
2012-11-05,US1PABK0013,0,0.02,-0.02,-0.08,False
2012-11-05,US1PABK0015,0,0.02,-0.02,-0.02,False
2012-11-05,US1PABK0018,0,0.02,-0.02,-0.05,False
2012-11-05,US1PABK0026,0,0.02,-0.02,-0.01,False
2012-11-05,US1PACB0015,0,0.18,-0.18,-5.94,True
2012-11-05,US1PADL0009,0,0.04,-0.04,-0.79,False
2012-11-05,US1PAMN0008,0,0.26,-0.26,-9.24,True
2012-11-05,US1PAMN0009,0,0.21,-0.21,-7.24,True
2012-11-05,US1PAMT0006,0,0.02,-0.02,0.02,False
2012-11-05,US1PAMT0007,0,0.01,-0.01,0.25,False
2012-11-05,US1PAMT0013,0,0.01,-0.01,0.16,False
2012-11-05,US1PAMT0016,0,0.01,-0.01,0.24,False
2012-11-05,US1PAMT0020,0,0.01,-0.01,0.21,False
2012-11-05,US1PAMT0022,0,0.01,-0.01,0.22,False
2012-11-05,US1PAMT0051,0,0.01,-0.01,0.25,False
2012-11-05,US1PAMT0053,0,0.01,-0.01,0.2,False
2012-11-05,US1PAMT0056,0,0.01,-0.01,0.25,False
2012-11-05,US1PAMT0063,0,0.02,-0.02,-0.19,False
2012-11-05,US1PAMT0064,0,0.02,-0.02,0.05,False
2012-11-05,US1PAMT0065,0,0.01,-0.01,0.19,False
2012-11-05,US1PAMT0067,0,0.02,-0.02,-0.18,False
2012-11-05,US1PAMT0072,0,0.01,-0.01,0.23,False
2012-11-05,US1PAMT0078,0,0.02,-0.02,0.1,False
2012-11-05,US1PANH0009,0,0.02,-0.02,0.02,False
2012-11-05,US1PANH0010,0,0.02,-0.02,0.07,False
2012-11-05,US1PAPH0002,0,0.02,-0.02,-0.24,False
2012-11-05,US1PAPH0004,0,0.03,-0.03,-0.27,False
2012-11-05,US1PAPH0006,0,0.03,-0.03,-0.3,False
2012-11-05,US1PAPH0008,0,0.03,-0.03,-0.42,False
2012-11-05,US1PAPK0014,0,0.95,-0.95,-35.0,True
2012-11-05,US1PASS0006,10,2.66,7.34,276.28,True
2012-11-05,US1PAWN0004,0,1.1,-1.1,-40.74,True
2012-11-05,US1PAWN0008,0,1.89,-1.89,-70.42,True
2012-11-05,US1PAWN0010,5,3.63,1.37,51.96,True
2012-11-05,US1PAWN0012,3,3.45,-0.45,-16.21,True
2012-11-05,US1PAWN0013,0,1.53,-1.53,-56.7,True
2012-11-05,US1PAWN0026,3,2.35,0.65,24.93,True
2012-11-05,US1PAWN0035,0,2.92,-2.92,-108.87,True
2012-11-05,US1PAWN0037,23,1.58,21.42,804.66,True
2012-11-05,US1PAWN0038,0,2.11,-2.11,-78.66,True
2012-11-05,US1PAWN0041,0,1.39,-1.39,-51.38,True
2012-11-05,US1PAWN0042,5,1.32,3.68,138.87,True
2012-11-05,US1PAWN0044,0,2.81,-2.81,-104.76,True
2012-11-05,USC00060128,0,0.0,0.0,0.67,False
2012-11-05,USC00060227,0,0.0,0.0,0.67,False
2012-11-05,USC00060299,0,0.0,0.0,0.67,False
2012-11-05,USC00060808,0,0.0,0.0,0.67,False
2012-11-05,USC00060961,0,0.0,0.0,0.67,False
2012-11-05,USC00060973,0,0.0,0.0,0.67,False
2012-11-05,USC00061762,0,0.0,0.0,0.67,False
2012-11-05,USC00062658,0,0.0,0.0,0.67,False
2012-11-05,USC00063207,0,0.0,0.0,0.67,False
2012-11-05,USC00063420,0,0.0,0.0,0.67,False
2012-11-05,USC00065077,0,0.0,0.0,0.67,False
2012-11-05,USC00065445,0,0.0,0.0,0.67,False
2012-11-05,USC00065910,0,0.0,0.0,0.67,False
2012-11-05,USC00066966,0,0.0,0.0,0.67,False
2012-11-05,USC00067373,0,0.0,0.0,0.67,False
2012-11-05,USC00067958,0,0.0,0.0,0.67,False
2012-11-05,USC00067970,0,0.02,-0.02,0.11,False
2012-11-05,USC00068065,0,0.0,0.0,0.67,False
2012-11-05,USC00068138,0,0.0,0.0,0.67,False
2012-11-05,USC00068330,0,0.0,0.0,0.67,False
2012-11-05,USC00068436,0,0.0,0.0,0.67,False
2012-11-05,USC00190120,0,0.0,0.0,0.67,False
2012-11-05,USC00190408,0,0.0,0.0,0.67,False
2012-11-05,USC00190562,0,0.0,0.0,0.67,False
2012-11-05,USC00192107,0,0.0,0.0,0.67,False
2012-11-05,USC00193172,0,0.0,0.0,0.67,False
2012-11-05,USC00193213,0,0.0,0.0,0.67,False
2012-11-05,USC00193402,0,0.0,0.0,0.67,False
2012-11-05,USC00194131,0,0.0,0.0,0.67,False
2012-11-05,USC00194154,0,0.0,0.0,0.67,False
2012-11-05,USC00197627,0,0.0,0.0,0.67,False
2012-11-05,USC00198278,0,0.0,0.0,0.67,False
2012-11-05,USC00198793,0,0.0,0.0,0.67,False
2012-11-05,USC00199193,0,0.0,0.0,0.67,False
2012-11-05,USC00199371,0,0.0,0.0,0.67,False
2012-11-05,USC00199972,0,0.0,0.0,0.67,False
2012-11-05,USC00280734,0,0.1,-0.1,-3.22,False
2012-11-05,USC00280847,0,0.02,-0.02,0.09,False
2012-11-05,USC00280907,0,0.02,-0.02,-0.1,False
2012-11-05,USC00280927,0,0.02,-0.02,-0.0,False
2012-11-05,USC00281327,0,0.08,-0.08,-2.47,False
2012-11-05,USC00281335,0,0.06,-0.06,-1.73,False
2012-11-05,USC00281582,0,0.07,-0.07,-1.99,False
2012-11-05,USC00283029,0,0.01,-0.01,0.14,False
2012-11-05,USC00283181,0,0.02,-0.02,-0.13,False
2012-11-05,USC00283662,0,0.03,-0.03,-0.35,False
2012-11-05,USC00283704,0,0.04,-0.04,-0.96,False
2012-11-05,USC00283951,0,0.02,-0.02,-0.01,False
2012-11-05,USC00284229,0,0.02,-0.02,-0.25,False
2012-11-05,USC00284635,0,0.02,-0.02,0.04,False
2012-11-05,USC00284987,0,0.01,-0.01,0.3,False
2012-11-05,USC00285503,0,0.02,-0.02,0.09,False
2012-11-05,USC00285728,0,0.02,-0.02,-0.06,False
2012-11-05,USC00286055,0,0.02,-0.02,-0.07,False
2012-11-05,USC00286146,0,0.02,-0.02,0.02,False
2012-11-05,USC00286460,0,0.07,-0.07,-2.05,False
2012-11-05,USC00286864,0,0.03,-0.03,-0.61,False
2012-11-05,USC00286964,0,0.02,-0.02,-0.22,False
2012-11-05,USC00286979,0,0.02,-0.02,0.07,False
2012-11-05,USC00287301,0,0.01,-0.01,0.19,False
2012-11-05,USC00287486,0,0.02,-0.02,0.08,False
2012-11-05,USC00288173,0,0.09,-0.09,-2.74,False
2012-11-05,USC00288644,0,0.14,-0.14,-4.6,True
2012-11-05,USC00289187,0,0.01,-0.01,0.21,False
2012-11-05,USC00289363,0,0.02,-0.02,0.09,False
2012-11-05,USC00289832,0,0.02,-0.02,0.06,False
2012-11-05,USC00300063,0,0.54,-0.54,-19.48,True
2012-11-05,USC00300254,0,2.62,-2.62,-97.52,True
2012-11-05,USC00300364,0,0.0,0.0,0.67,False
2012-11-05,USC00300732,0,0.44,-0.44,-15.9,True
2012-11-05,USC00300889,0,0.0,0.0,0.67,False
2012-11-05,USC00300961,0,0.02,-0.02,-0.06,False
2012-11-05,USC00301102,0,2.22,-2.22,-82.74,True
2012-11-05,USC00301211,0,0.0,0.0,0.67,False
2012-11-05,USC00301309,0,0.02,-0.02,0.05,False
2012-11-05,USC00301521,0,1.64,-1.64,-61.01,True
2012-11-05,USC00302151,0,0.0,0.0,0.67,False
2012-11-05,USC00302169,25,2.59,22.41,841.49,True
2012-11-05,USC00302366,0,1.01,-1.01,-37.16,True
2012-11-05,USC00302454,0,10.3,-10.3,-385.8,True
2012-11-05,USC00304025,0,0.28,-0.28,-9.66,True
2012-11-05,USC00304575,0,2.33,-2.33,-86.8,True
2012-11-05,USC00304731,0,1.64,-1.64,-60.83,True
2012-11-05,USC00305113,5,6.15,-1.15,-42.5,True
2012-11-05,USC00305142,0,0.0,0.0,0.67,False
2012-11-05,USC00305426,0,0.37,-0.37,-13.09,True
2012-11-05,USC00305606,0,0.0,0.0,0.67,False
2012-11-05,USC00306217,8,5.66,2.34,88.61,True
2012-11-05,USC00306570,0,1.32,-1.32,-48.85,True
2012-11-05,USC00306649,0,0.47,-0.47,-17.04,True
2012-11-05,USC00306774,0,0.43,-0.43,-15.33,True
2012-11-05,USC00306820,0,0.14,-0.14,-4.39,True
2012-11-05,USC00307035,0,0.19,-0.19,-6.51,True
2012-11-05,USC00307134,0,0.0,0.0,0.67,False
2012-11-05,USC00307210,0,0.58,-0.58,-20.99,True
2012-11-05,USC00308670,51,3.06,47.94,1799.92,True
2012-11-05,USC00308721,0,0.0,0.0,0.67,False
2012-11-05,USC00308932,5,4.74,0.26,10.48,True
2012-11-05,USC00309292,0,0.01,-0.01,0.19,False
2012-11-05,USC00309670,0,0.01,-0.01,0.32,False
2012-11-05,USC00361737,0,0.02,-0.02,-0.14,False
2012-11-05,USC00362671,0,3.09,-3.09,-115.36,True
2012-11-05,USC00363437,0,0.01,-0.01,0.25,False
2012-11-05,USC00363488,0,0.01,-0.01,0.19,False
2012-11-05,USC00363758,0,1.34,-1.34,-49.79,True
2012-11-05,USC00365390,0,0.04,-0.04,-0.98,False
2012-11-05,USC00365738,0,2.04,-2.04,-75.81,True
2012-11-05,USC00366194,0,0.02,-0.02,-0.09,False
2012-11-05,USC00366370,0,0.02,-0.02,0.0,False
2012-11-05,USC00366886,0,0.05,-0.05,-1.06,False
2012-11-05,USC00366927,0,0.02,-0.02,-0.06,False
2012-11-05,USC00367029,0,4.45,-4.45,-166.38,True
2012-11-05,USC00367938,0,0.02,-0.02,0.03,False
2012-11-05,USC00368400,0,0.02,-0.02,0.06,False
2012-11-05,USC00368596,0,0.2,-0.2,-6.92,True
2012-11-05,USW00004781,0,0.0,0.0,0.67,False
2012-11-05,USW00004789,0,0.27,-0.27,-9.59,True
2012-11-05,USW00013739,0,0.08,-0.08,-2.18,False
2012-11-05,USW00014707,0,0.0,0.0,0.67,False
2012-11-05,USW00014719,0,0.0,0.0,0.67,False
2012-11-05,USW00014732,0,0.02,-0.02,-0.11,False
2012-11-05,USW00014734,0,0.06,-0.06,-1.47,False
2012-11-05,USW00014737,0,0.02,-0.02,-0.09,False
2012-11-05,USW00014740,0,0.0,0.0,0.67,False
2012-11-05,USW00014752,0,0.0,0.0,0.67,False
2012-11-05,USW00014757,0,0.0,0.0,0.67,False
2012-11-05,USW00014758,0,0.0,0.0,0.67,False
2012-11-05,USW00014763,0,0.0,0.0,0.67,False
2012-11-05,USW00014775,0,0.0,0.0,0.67,False
2012-11-05,USW00014792,0,0.02,-0.02,0.06,False
2012-11-05,USW00054734,0,0.01,-0.01,0.24,False
2012-11-05,USW00054743,0,0.02,-0.02,-0.25,False
2012-11-05,USW00054767,0,0.0,0.0,0.67,False
2012-11-05,USW00054786,0,0.02,-0.02,0.01,False
2012-11-05,USW00054787,0,0.02,-0.02,-0.05,False
2012-11-05,USW00054788,0,0.0,0.0,0.67,False
2012-11-05,USW00054789,0,0.39,-0.39,-14.1,True
2012-11-05,USW00054790,0,0.0,0.0,0.67,False
2012-11-05,USW00054793,0,0.15,-0.15,-4.8,True
2012-11-05,USW00064756,0,0.0,0.0,0.67,False
2012-11-05,USW00093780,0,0.03,-0.03,-0.31,False
2012-11-05,USW00094702,0,0.0,0.0,0.67,False
2012-11-05,USW00094728,0,0.02,-0.02,-0.23,False
2012-11-05,USW00094732,0,0.03,-0.03,-0.31,False
2012-11-05,USW00094741,0,0.02,-0.02,-0.14,False
2012-11-05,USW00094745,0,0.02,-0.02,0.08,False
2012-11-05,USW00094789,0,0.02,-0.02,-0.13,False
