ID,LAT,LON,NAME,Total Days,Missing Days,Missing %,Distance_to_Coast_km,Region,Days_Checked,Suspect_Days,Suspect_%,Likely_Malfunctioning,Malfunction_Score,Event,Period
US1CTFR0002,41.423,-73.5187,DANBURY 2.8 WNW,12,12,100.0,0.0,Coastal,0,0,0.0,True,50.0,Sandy,Before
US1CTFR0003,41.1486,-73.4591,NEW CANAAN 1.9 ENE,12,12,100.0,0.0,Coastal,0,0,0.0,True,50.0,Sandy,Before
US1CTFR0005,41.1028,-73.4893,DARIEN 3.6 N,12,3,25.0,0.0,Coastal,9,0,0.0,False,12.5,Sandy,Before
US1CTFR0009,41.4406,-73.3904,BROOKFIELD 3.3 SSE,12,0,0.0,1.2591867138231896,Coastal,12,1,8.33,False,4.16,Sandy,Before
US1CTFR0012,41.1306,-73.5961,STAMFORD 3.3 NW,12,12,100.0,1.1677609030426466,Coastal,0,0,0.0,True,50.0,Sandy,Before
US1CTFR0016,41.4017,-73.481,DANBURY 0.5 W,12,12,100.0,0.0,Coastal,0,0,0.0,True,50.0,Sandy,Before
US1CTFR0020,41.1328,-73.3003,WESTPORT 2.5 ENE,12,1,8.33,0.5561186362934997,Coastal,11,0,0.0,False,4.16,Sandy,Before
US1CTFR0063,41.2113,-73.4693,WILTON 1.9 NW,12,12,100.0,3.663010232182178,Coastal,0,0,0.0,True,50.0,Sandy,Before
US1CTHR0005,41.9563,-72.573,ENFIELD 1.5 SE,12,1,8.33,1.7998164119780848,Coastal,11,1,9.09,False,8.71,Sandy,Before
US1CTHR0006,41.6926,-72.6909,WETHERSFIELD 1.2 WSW,12,4,33.33,0.0,Coastal,8,1,12.5,True,22.92,Sandy,Before
US1CTHR0007,41.7476,-72.5519,CENTRAL MANCHESTER 2.7 SW,12,11,91.67,1.3009013619350571,Coastal,1,0,0.0,True,45.84,Sandy,Before
US1CTHR0008,42.0244,-72.8207,NORTH GRANBY 1.3 ENE,12,0,0.0,12.531369269065069,Coastal,12,1,8.33,False,4.16,Sandy,Before
US1CTHR0009,41.8029,-72.7767,WEST HARTFORD 2.7 NNW,12,10,83.33,0.6846830823625238,Coastal,2,0,0.0,True,41.66,Sandy,Before
US1CTLT0003,41.921,-73.055,WINSTED 0.7 SE,12,12,100.0,28.758162264380246,Coastal,0,0,0.0,True,50.0,Sandy,Before
US1CTLT0005,41.961,-73.09,WINSTED 2.6 NNW,12,12,100.0,35.88416168577681,Coastal,0,0,0.0,True,50.0,Sandy,Before
US1CTMD0001,41.5779,-72.4866,EAST HAMPTON 0.6 NE,12,4,33.33,15.678983137398511,Coastal,8,1,12.5,True,22.92,Sandy,Before
US1CTMD0002,41.5709,-72.626,PORTLAND 0.9 S,12,3,25.0,0.13682146234429163,Coastal,9,2,22.22,True,23.61,Sandy,Before
US1CTNH0003,41.35,-72.9391,HAMDEN 3.8 SW,12,12,100.0,0.0,Coastal,0,0,0.0,True,50.0,Sandy,Before
US1CTNH0006,41.5113,-73.0106,PROSPECT 1.8 NW,12,12,100.0,1.011275994812653,Coastal,0,0,0.0,True,50.0,Sandy,Before
US1CTNH0009,41.2057,-73.0138,MILFORD 2.9 ESE,12,0,0.0,0.15123947860786585,Coastal,12,1,8.33,False,4.16,Sandy,Before
US1CTNH0013,41.3243,-72.9506,NEW HAVEN 1.7 NW,12,0,0.0,0.0,Coastal,12,1,8.33,False,4.16,Sandy,Before
US1CTNH0014,41.5124,-72.9437,PROSPECT 1.9 ENE,12,1,8.33,1.6235666507295108,Coastal,11,1,9.09,False,8.71,Sandy,Before
US1CTNL0005,41.4752,-72.2055,OAKDALE 2.6 WNW,12,0,0.0,11.215952699331522,Coastal,12,1,8.33,False,4.16,Sandy,Before
US1CTTL0003,41.7621,-72.3164,COVENTRY LAKE 1.1 SE,12,12,100.0,9.83675942495097,Coastal,0,0,0.0,True,50.0,Sandy,Before
US1CTTL0004,41.7414,-72.2174,MANSFIELD CENTER 1.9 SW,12,4,33.33,0.0,Coastal,8,0,0.0,True,16.66,Sandy,Before
US1CTTL0005,41.9453,-72.3802,STAFFORD SPRINGS 3.7 W,12,9,75.0,13.039291837234561,Coastal,3,1,33.33,True,54.16,Sandy,Before
US1CTWN0001,41.9252,-72.0924,WOODSTOCK VALLEY 1.4 SW,12,0,0.0,29.314866860090827,Coastal,12,1,8.33,False,4.16,Sandy,Before
US1CTWN0003,41.8442,-72.0379,POMFRET CENTER 4.9 SW,12,11,91.67,23.378604636313977,Coastal,1,0,0.0,True,45.84,Sandy,Before
US1MABE0002,42.1998,-73.3551,GREAT BARRINGTON 0.4 N,12,12,100.0,35.51033894189232,Coastal,0,0,0.0,True,50.0,Sandy,Before
US1MABE0003,42.2898,-73.3195,STOCKBRIDGE .2 NNE,12,1,8.33,21.415245282368243,Coastal,11,2,18.18,False,13.26,Sandy,Before
US1MABE0004,42.2591,-73.1321,BECKET 5.6 SSW,12,0,0.0,28.51623083348685,Coastal,12,2,16.67,False,8.34,Sandy,Before
US1MABE0005,42.2529,-73.2313,TYRINGHAM 1.5 WNW,12,11,91.67,26.013566297200416,Coastal,1,1,100.0,True,95.84,Sandy,Before
US1MAFR0012,42.4522,-72.5661,SUNDERLAND 1.3 SE,12,12,100.0,6.7409126665233225,Coastal,0,0,0.0,True,50.0,Sandy,Before
US1MAHD0007,42.1136,-72.53,SPRINGFIELD 0.5 ESE,12,3,25.0,0.0,Coastal,9,0,0.0,False,12.5,Sandy,Before
US1MAHD0009,42.1098,-72.4581,WILBRAHAM 2.1 SSW,12,7,58.33,1.9292541020808414,Coastal,5,1,20.0,True,39.16,Sandy,Before
US1MAHD0056,42.2276,-72.6228,HOLYOKE 1.4 NE,12,12,100.0,0.0,Coastal,0,0,0.0,True,50.0,Sandy,Before
US1MAHS0002,42.2794,-72.787,WESTHAMPTON 1.8 SW,12,1,8.33,10.629822388724245,Coastal,11,1,9.09,False,8.71,Sandy,Before
US1MAWR0006,42.0842,-72.0225,SOUTHBRIDGE 0.6 E,12,8,66.67,23.42621261091501,Coastal,4,0,0.0,True,33.34,Sandy,Before
US1NJAT0001,39.5483,-74.8671,BUENA VISTA TWP 2.6 NNE,12,1,8.33,15.274576466561049,Coastal,11,1,9.09,False,8.71,Sandy,Before
US1NJAT0002,39.5565,-74.8048,HAMILTON TWP 5.5 NW,12,1,8.33,19.974146443389593,Coastal,11,0,0.0,False,4.16,Sandy,Before
US1NJAT0005,39.6404,-74.8261,HAMMONTON 3.3 WSW,12,0,0.0,17.202629465602485,Coastal,12,1,8.33,False,4.16,Sandy,Before
US1NJAT0051,39.6429,-74.7895,HAMMONTON 1.5 SW,12,12,100.0,20.180423993305592,Coastal,0,0,0.0,True,50.0,Sandy,Before
US1NJBG0002,40.9027,-74.0834,SADDLE BROOK TWP 0.6 E,12,0,0.0,0.0,Coastal,12,0,0.0,False,0.0,Sandy,Before
US1NJBG0003,40.9147,-73.9775,TENAFLY 1.3 W,12,0,0.0,0.0,Coastal,12,0,0.0,False,0.0,Sandy,Before
US1NJBG0005,40.983,-74.0159,WESTWOOD 0.8 ESE,12,12,100.0,0.0,Coastal,0,0,0.0,True,50.0,Sandy,Before
US1NJBG0006,41.0586,-74.1341,RAMSEY 0.6 E,12,12,100.0,0.0,Coastal,0,0,0.0,True,50.0,Sandy,Before
US1NJBG0008,40.9071,-74.0934,SADDLE BROOK TWP 0.3 NNE,12,0,0.0,0.0,Coastal,12,0,0.0,False,0.0,Sandy,Before
US1NJBG0010,40.9915,-74.0123,RIVER VALE TWP 1.5 S,12,11,91.67,0.0,Coastal,1,1,100.0,True,95.84,Sandy,Before
US1NJBG0015,40.7915,-74.1398,NORTH ARLINGTON 0.7 WNW,12,0,0.0,0.0,Coastal,12,0,0.0,False,0.0,Sandy,Before
US1NJBG0017,40.9511,-74.1183,GLEN ROCK 0.7 SSE,12,0,0.0,0.0,Coastal,12,1,8.33,False,4.16,Sandy,Before
US1NJBG0018,40.8481,-74.0002,PALISADES PARK 0.2 WNW,12,3,25.0,0.0,Coastal,9,1,11.11,False,18.06,Sandy,Before
US1NJBG0023,41.0191,-74.2334,OAKLAND 0.9 SSE,12,0,0.0,0.0,Coastal,12,0,0.0,False,0.0,Sandy,Before
US1NJBG0029,41.0328,-74.245,OAKLAND 0.2 WNW,12,1,8.33,0.0,Coastal,11,0,0.0,False,4.16,Sandy,Before
US1NJBG0030,41.0253,-74.2236,OAKLAND 1.0 ESE,12,0,0.0,0.0,Coastal,12,0,0.0,False,0.0,Sandy,Before
US1NJBG0031,40.9628,-73.96,DEMAREST 0.6 NNW,12,12,100.0,0.0,Coastal,0,0,0.0,True,50.0,Sandy,Before
US1NJBG0033,40.8536,-74.0943,WOOD RIDGE 0.6 NNW,12,0,0.0,0.0,Coastal,12,0,0.0,False,0.0,Sandy,Before
US1NJBT0003,40.0786,-74.8209,BURLINGTON 1.7 E,12,1,8.33,0.0,Coastal,11,0,0.0,False,4.16,Sandy,Before
US1NJBT0004,39.9684,-74.8648,MOUNT LAUREL TWP 2.5 ENE,12,0,0.0,0.15606513659271268,Coastal,12,0,0.0,False,0.0,Sandy,Before
US1NJBT0005,39.8315,-74.8083,MEDFORD TWP 2.4 SSE,12,0,0.0,5.520292005412539,Coastal,12,0,0.0,False,0.0,Sandy,Before
US1NJBT0006,39.9716,-74.9343,MOORESTOWN TWP 0.6 SE,12,0,0.0,0.0,Coastal,12,1,8.33,False,4.16,Sandy,Before
US1NJBT0007,40.1146,-74.6393,CHESTERFIELD TWP 0.4 ESE,12,2,16.67,6.464275183117036,Coastal,10,0,0.0,False,8.34,Sandy,Before
US1NJBT0010,39.9164,-74.5788,PEMBERTON TWP 3.0 SSE,12,7,58.33,7.658138945214062,Coastal,5,0,0.0,True,29.16,Sandy,Before
US1NJBT0011,40.0672,-74.8223,BURLINGTON TWP 0.9 ENE,12,12,100.0,0.0,Coastal,0,0,0.0,True,50.0,Sandy,Before
US1NJBT0018,39.8596,-74.8537,MEDFORD TWP 1.7 W,12,0,0.0,1.3240276016315857,Coastal,12,0,0.0,False,0.0,Sandy,Before
US1NJBT0019,39.9368,-74.9084,MOUNT LAUREL TWP 0.8 SSW,12,12,100.0,0.0,Coastal,0,0,0.0,True,50.0,Sandy,Before
US1NJBT0022,39.9407,-74.7456,SOUTHAMPTON TWP 2.4 NW,12,7,58.33,6.329588122159794,Coastal,5,0,0.0,True,29.16,Sandy,Before
US1NJBT0023,40.0085,-74.908,MOORESTOWN TWP 2.7 NE,12,5,41.67,0.0,Coastal,7,1,14.29,True,27.98,Sandy,Before
US1NJBT0025,39.821,-74.5383,WOODLAND TWP 1.8 SW,12,0,0.0,22.03073918346565,Coastal,12,0,0.0,False,0.0,Sandy,Before
US1NJBT0027,39.9448,-74.9128,MOUNT LAUREL TWP 0.5 WSW,12,0,0.0,0.0,Coastal,12,0,0.0,False,0.0,Sandy,Before
US1NJBT0028,39.8572,-74.817,MEDFORD LAKES 0.6 W,12,0,0.0,1.7328479530121208,Coastal,12,1,8.33,False,4.16,Sandy,Before
US1NJBT0029,39.854,-74.6807,TABERNACLE TWP 2.7 NNW,12,0,0.0,14.927659193116678,Coastal,12,0,0.0,False,0.0,Sandy,Before
US1NJBT0032,39.8378,-74.7467,TABERNACLE TWP 5.0 WNW,12,0,0.0,8.714517572814948,Coastal,12,1,8.33,False,4.16,Sandy,Before
US1NJBT0035,39.9321,-74.7736,SOUTHAMPTON TWP 3.2 WNW,12,0,0.0,5.292706710072398,Coastal,12,0,0.0,False,0.0,Sandy,Before
US1NJBT0036,39.8594,-74.7971,MEDFORD LAKES 0.4 ENE,12,8,66.67,2.3129570329149827,Coastal,4,0,0.0,True,33.34,Sandy,Before
US1NJBT0037,39.9664,-74.8293,HAINESPORT TWP 0.8 SSE,12,1,8.33,0.5107979332619397,Coastal,11,0,0.0,False,4.16,Sandy,Before
US1NJBT0040,39.9071,-74.717,SOUTHAMPTON TWP 0.5 S,12,12,100.0,11.15023112665367,Coastal,0,0,0.0,True,50.0,Sandy,Before
US1NJBT0041,39.9296,-74.8779,MOUNT LAUREL TWP 1.9 SE,12,12,100.0,0.0,Coastal,0,0,0.0,True,50.0,Sandy,Before
US1NJCD0002,39.5058,-75.0381,VINELAND 3.5 NW,12,12,100.0,0.0,Coastal,0,0,0.0,True,50.0,Sandy,Before
US1NJCN0001,39.9471,-75.0408,MERCHANTVILLE 0.5 ESE,12,3,25.0,0.0,Coastal,9,0,0.0,False,12.5,Sandy,Before
US1NJCN0005,39.7109,-74.9679,WINSLOW TWP 3.5 W,12,0,0.0,0.0,Coastal,12,1,8.33,False,4.16,Sandy,Before
US1NJCN0011,39.81,-74.9357,BERLIN TWP 0.6 WNW,12,0,0.0,0.0,Coastal,12,0,0.0,False,0.0,Sandy,Before
US1NJCN0015,39.8315,-75.0244,STRATFORD 0.5 WNW,12,1,8.33,0.0,Coastal,11,1,9.09,False,8.71,Sandy,Before
US1NJES0010,40.8255,-74.2531,VERONA TWP 0.7 SW,12,12,100.0,0.0,Coastal,0,0,0.0,True,50.0,Sandy,Before
US1NJES0011,40.8648,-74.2157,CEDAR GROVE TWP 0.9 NE,12,12,100.0,0.0,Coastal,0,0,0.0,True,50.0,Sandy,Before
US1NJGL0001,39.7332,-75.1331,PITMAN 0.1 W,12,0,0.0,0.0,Coastal,12,0,0.0,False,0.0,Sandy,Before
US1NJGL0004,39.7609,-75.1397,MANTUA TWP 1.5 E,12,12,100.0,0.0,Coastal,0,0,0.0,True,50.0,Sandy,Before
US1NJGL0006,39.5936,-75.0692,FRANKLIN TWP 2.7 W,12,0,0.0,8.664886978243869,Coastal,12,2,16.67,False,8.34,Sandy,Before
US1NJGL0007,39.7678,-75.0685,WASHINGTON TWP 1.5 N,12,12,100.0,0.0,Coastal,0,0,0.0,True,50.0,Sandy,Before
US1NJGL0008,39.6465,-75.1141,ELK TWP 2.5 ESE,12,12,100.0,6.242610007499112,Coastal,0,0,0.0,True,50.0,Sandy,Before
US1NJGL0010,39.7555,-75.236,MULLICA HILL 1.3 NNW,12,12,100.0,4.800804991560766,Coastal,0,0,0.0,True,50.0,Sandy,Before
US1NJGL0011,39.6991,-75.2876,WOOLWICH TWP 3.2 SSE,12,0,0.0,10.79606777498846,Coastal,12,1,8.33,False,4.16,Sandy,Before
US1NJGL0012,39.7739,-75.0925,WASHINGTON TWP 2.1 NNW,12,7,58.33,0.0,Coastal,5,0,0.0,True,29.16,Sandy,Before
US1NJGL0015,39.6916,-75.0596,MONROE TWP 5.1 WNW,12,12,100.0,3.4275042716659763,Coastal,0,0,0.0,True,50.0,Sandy,Before
US1NJGL0017,39.7111,-75.1402,GLASSBORO 1.6 WNW,12,12,100.0,0.0,Coastal,0,0,0.0,True,50.0,Sandy,Before
US1NJGL0022,39.8009,-75.2387,EAST GREENWICH TWP 0.7 N,12,12,100.0,0.7019935722624149,Coastal,0,0,0.0,True,50.0,Sandy,Before
US1NJGL0023,39.8111,-75.2214,EAST GREENWICH TWP 1.7 NE,12,12,100.0,0.0,Coastal,0,0,0.0,True,50.0,Sandy,Before
US1NJGL0024,39.686,-75.1855,ELK TWP 2.2 NW,12,12,100.0,4.404643052126682,Coastal,0,0,0.0,True,50.0,Sandy,Before
US1NJHD0002,40.7729,-74.1409,KEARNY 1.7 NW,12,3,25.0,0.0,Coastal,9,0,0.0,False,12.5,Sandy,Before
US1NJHN0001,40.7261,-74.8433,CALIFON 0.6 NW,12,0,0.0,19.8907110610623,Coastal,12,0,0.0,False,0.0,Sandy,Before
US1NJHN0002,40.4547,-75.0318,STOCKTON 4.4 NW,12,11,91.67,15.251844148042004,Coastal,1,0,0.0,True,45.84,Sandy,Before
US1NJHN0003,40.6418,-74.8827,CLINTON 1.6 ENE,12,12,100.0,17.784351400357913,Coastal,0,0,0.0,True,50.0,Sandy,Before
US1NJHN0004,40.6055,-74.9224,FRANKLIN TWP 2.8 NNE,12,0,0.0,21.423438447193156,Coastal,12,0,0.0,False,0.0,Sandy,Before
US1NJHN0005,40.5724,-74.8147,READINGTON TWP 2.0 WSW,12,0,0.0,9.848703110439796,Coastal,12,0,0.0,False,0.0,Sandy,Before
US1NJHN0007,40.66,-75.008,BETHLEHEM TWP 0.6 S,12,7,58.33,18.14382338622865,Coastal,5,0,0.0,True,29.16,Sandy,Before
US1NJHN0008,40.6727,-74.903,HIGH BRIDGE 0.6 WNW,12,0,0.0,21.074887917787336,Coastal,12,0,0.0,False,0.0,Sandy,Before
US1NJHN0009,40.5663,-74.9443,FRANKLIN TWP 0.4 W,12,9,75.0,24.23803741873776,Coastal,3,0,0.0,True,37.5,Sandy,Before
US1NJHN0010,40.5083,-74.8152,FLEMINGTON 2.3 E,12,0,0.0,13.484155322727212,Coastal,12,0,0.0,False,0.0,Sandy,Before
US1NJHN0011,40.594,-74.749,READINGTON TWP 1.8 ENE,12,1,8.33,2.1299297692837142,Coastal,11,0,0.0,False,4.16,Sandy,Before
US1NJHN0012,40.6317,-75.1045,HOLLAND TWP 2.6 NNE,12,0,0.0,10.109089145903287,Coastal,12,0,0.0,False,0.0,Sandy,Before
US1NJHN0015,40.5091,-74.8549,FLEMINGTON 0.3 E,12,0,0.0,16.9866129045944,Coastal,12,0,0.0,False,0.0,Sandy,Before
US1NJHN0018,40.6872,-74.8575,CLINTON TWP 3.9 N,12,6,50.0,17.403493681534044,Coastal,6,0,0.0,True,25.0,Sandy,Before
US1NJHN0019,40.6064,-74.871,LEBANON 3.2 SW,12,0,0.0,15.725484173916596,Coastal,12,0,0.0,False,0.0,Sandy,Before
US1NJHN0021,40.6841,-74.8389,LEBANON 2.8 N,12,0,0.0,15.418526383101273,Coastal,12,0,0.0,False,0.0,Sandy,Before
US1NJHN0022,40.4549,-75.012,KINGWOOD TWP 2.5 S,12,0,0.0,16.483609290206807,Coastal,12,0,0.0,False,0.0,Sandy,Before
US1NJHN0025,40.6418,-74.8249,LEBANON 0.5 E,12,8,66.67,11.450859868119204,Coastal,4,0,0.0,True,33.34,Sandy,Before
US1NJHN0026,40.5726,-75.0123,ALEXANDRIA TWP 1.5 SE,12,12,100.0,23.52137586204004,Coastal,0,0,0.0,True,50.0,Sandy,Before
US1NJHN0027,40.5677,-75.0228,ALEXANDRIA TWP 1.5 SSE,12,12,100.0,23.175840971624027,Coastal,0,0,0.0,True,50.0,Sandy,Before
US1NJMC0001,40.3295,-74.782,PENNINGTON 0.5 ENE,12,2,16.67,0.7051772627617868,Coastal,10,1,10.0,False,13.34,Sandy,Before
US1NJMC0002,40.2286,-74.6472,HAMILTON TWP 2.3 NE,12,12,100.0,0.0,Coastal,0,0,0.0,True,50.0,Sandy,Before
US1NJMC0003,40.3294,-74.6482,WEST WINDSOR TWP 3.0 NNW,12,2,16.67,0.0,Coastal,10,0,0.0,False,8.34,Sandy,Before
US1NJMC0004,40.2242,-74.6443,HAMILTON TWP 2.2 NE,12,12,100.0,0.0,Coastal,0,0,0.0,True,50.0,Sandy,Before
US1NJMC0005,40.31,-74.7243,LAWRENCE TWP 1.0 NNW,12,0,0.0,0.26888250930194924,Coastal,12,0,0.0,False,0.0,Sandy,Before
US1NJMC0008,40.324,-74.8523,HOPEWELL TWP 2.8 WSW,12,0,0.0,6.049851545997827,Coastal,12,0,0.0,False,0.0,Sandy,Before
US1NJMC0009,40.2707,-74.7295,LAWRENCE TWP 1.8 SSW,12,0,0.0,0.0,Coastal,12,0,0.0,False,0.0,Sandy,Before
US1NJMC0011,40.2519,-74.7751,EWING TWP 1.6 SE,12,0,0.0,0.0,Coastal,12,0,0.0,False,0.0,Sandy,Before
US1NJMC0015,40.2703,-74.7275,LAWRENCE TWP 1.8 SSW,12,12,100.0,0.0,Coastal,0,0,0.0,True,50.0,Sandy,Before
US1NJMC0016,40.2104,-74.6204,ROBBINSVILLE TWP 1.7 WSW,12,0,0.0,2.4342597709239215,Coastal,12,0,0.0,False,0.0,Sandy,Before
US1NJMC0021,40.1918,-74.6786,HAMILTON TWP 0.9 S,12,8,66.67,0.0,Coastal,4,0,0.0,True,33.34,Sandy,Before
US1NJMC0022,40.2733,-74.7175,LAWRENCE TWP 1.6 S,12,0,0.0,0.0,Coastal,12,0,0.0,False,0.0,Sandy,Before
US1NJMC0030,40.3046,-74.758,HOPEWELL TWP 3.9 SE,12,12,100.0,0.0,Coastal,0,0,0.0,True,50.0,Sandy,Before
US1NJMC0050,40.2413,-74.7755,EWING TWP 2.1 SE,12,12,100.0,0.0,Coastal,0,0,0.0,True,50.0,Sandy,Before
US1NJMD0002,40.447,-74.508,NORTH BRUNSWICK TWP 1.5 W,12,0,0.0,0.0,Coastal,12,0,0.0,False,0.0,Sandy,Before
US1NJMD0006,40.3003,-74.5286,CRANBURY TWP 0.9 SSW,12,11,91.67,0.0,Coastal,1,0,0.0,True,45.84,Sandy,Before
US1NJMD0009,40.4099,-74.573,SOUTH BRUNSWICK TWP 3.1 NW,12,2,16.67,0.0,Coastal,10,1,10.0,False,13.34,Sandy,Before
US1NJMD0015,40.4031,-74.5199,SOUTH BRUNSWICK TWP 1.3 NNE,12,12,100.0,0.0,Coastal,0,0,0.0,True,50.0,Sandy,Before
US1NJMD0018,40.497,-74.4291,HIGHLAND PARK 0.2 S,12,12,100.0,0.0,Coastal,0,0,0.0,True,50.0,Sandy,Before
US1NJMD0023,40.5789,-74.4014,SOUTH PLAINFIELD 0.8 ENE,12,3,25.0,0.0,Coastal,9,0,0.0,False,12.5,Sandy,Before
US1NJMD0024,40.5392,-74.4795,PISCATAWAY TWP 1.0 WSW,12,6,50.0,0.0,Coastal,6,0,0.0,True,25.0,Sandy,Before
US1NJMD0025,40.4698,-74.4607,NORTH BRUNSWICK TWP 1.7 NE,12,12,100.0,0.0,Coastal,0,0,0.0,True,50.0,Sandy,Before
US1NJMD0028,40.4897,-74.4409,NEW BRUNSWICK 0.3 NE,12,12,100.0,0.0,Coastal,0,0,0.0,True,50.0,Sandy,Before
US1NJMD0031,40.4513,-74.3129,OLD BRIDGE TWP 3.3 N,12,8,66.67,0.0,Coastal,4,0,0.0,True,33.34,Sandy,Before
US1NJMD0033,40.5835,-74.4284,SOUTH PLAINFIELD 0.9 NW,12,1,8.33,0.0,Coastal,11,0,0.0,False,4.16,Sandy,Before
US1NJMD0038,40.5629,-74.3669,EDISON TWP 1.9 N,12,12,100.0,0.0,Coastal,0,0,0.0,True,50.0,Sandy,Before
US1NJMD0039,40.4739,-74.4,EAST BRUNSWICK TWP 3.3 NNE,12,12,100.0,0.0,Coastal,0,0,0.0,True,50.0,Sandy,Before
US1NJMN0001,40.201,-74.009,BRADLEY BEACH 0.2 ESE,12,12,100.0,0.0,Coastal,0,0,0.0,True,50.0,Sandy,Before
US1NJMN0005,40.2421,-74.0298,OCEAN TWP 0.8 SE,12,2,16.67,0.0,Coastal,10,0,0.0,False,8.34,Sandy,Before
US1NJMN0006,40.3622,-74.0833,RED BANK 1.3 NW,12,7,58.33,0.0,Coastal,5,0,0.0,True,29.16,Sandy,Before
US1NJMN0008,40.1678,-74.0261,LAKE COMO 0.2 S,12,1,8.33,0.0,Coastal,11,0,0.0,False,4.16,Sandy,Before
US1NJMN0010,40.3034,-74.04,EATONTOWN 1.2 NE,12,6,50.0,0.0,Coastal,6,0,0.0,True,25.0,Sandy,Before
US1NJMN0012,40.3204,-74.1927,COLTS NECK TWP 2.4 NW,12,12,100.0,3.712346818381433,Coastal,0,0,0.0,True,50.0,Sandy,Before
US1NJMN0015,40.3773,-74.1595,HOLMDEL TWP 0.7 E,12,0,0.0,0.0,Coastal,12,0,0.0,False,0.0,Sandy,Before
US1NJMN0016,40.2279,-74.3142,FREEHOLD TWP 1.0 WNW,12,9,75.0,0.07686363720227138,Coastal,3,0,0.0,True,37.5,Sandy,Before
US1NJMN0017,40.1838,-74.2448,HOWELL TWP 2.5 W,12,0,0.0,0.3830304767582371,Coastal,12,1,8.33,False,4.16,Sandy,Before
US1NJMN0019,40.2274,-74.0127,ASBURY PARK 0.3 N,12,0,0.0,0.0,Coastal,12,0,0.0,False,0.0,Sandy,Before
US1NJMN0020,40.1739,-74.0656,WALL TWP 1.7 ENE,12,0,0.0,0.0,Coastal,12,2,16.67,False,8.34,Sandy,Before
US1NJMN0024,40.18,-74.052,WALL TWP 2.5 ENE,12,0,0.0,0.0,Coastal,12,1,8.33,False,4.16,Sandy,Before
US1NJMN0029,40.427,-74.1071,MIDDLETOWN TWP 2.9 NNW,12,6,50.0,0.0,Coastal,6,1,16.67,True,33.34,Sandy,Before
US1NJMN0032,40.3627,-74.0312,FAIR HAVEN 0.4 E,12,0,0.0,0.0,Coastal,12,0,0.0,False,0.0,Sandy,Before
US1NJMN0043,40.1533,-74.2028,HOWELL TWP 2.0 S,12,12,100.0,0.40185680339376445,Coastal,0,0,0.0,True,50.0,Sandy,Before
US1NJMN0044,40.3716,-73.9972,RUMSON 0.7 NNE,12,0,0.0,2.0876943436681787,Coastal,12,0,0.0,False,0.0,Sandy,Before
US1NJMN0048,40.297,-74.0015,LONG BRANCH 0.5 W,12,0,0.0,0.0,Coastal,12,0,0.0,False,0.0,Sandy,Before
US1NJMN0049,40.1761,-74.0353,BELMAR 0.6 WSW,12,7,58.33,0.0,Coastal,5,0,0.0,True,29.16,Sandy,Before
US1NJMN0051,40.3671,-73.9979,RUMSON 0.5 NE,12,0,0.0,2.604211316679338,Coastal,12,0,0.0,False,0.0,Sandy,Before
US1NJMN0052,40.235,-74.4755,MILLSTONE TWP 2.9 WNW,12,12,100.0,7.23137069325168,Coastal,0,0,0.0,True,50.0,Sandy,Before
US1NJMN0055,40.251,-74.2819,FREEHOLD 0.7 SSW,12,11,91.67,0.0,Coastal,1,0,0.0,True,45.84,Sandy,Before
US1NJMS0002,40.667,-74.4827,LONG HILL TWP 1.2 SSE,12,0,0.0,0.0,Coastal,12,1,8.33,False,4.16,Sandy,Before
US1NJMS0003,40.8054,-74.5045,MORRIS TWP 0.8 NW,12,8,66.67,0.0,Coastal,4,0,0.0,True,33.34,Sandy,Before
US1NJMS0004,40.9658,-74.4878,ROCKAWAY TWP 0.7 NE,12,4,33.33,5.647985383044876,Coastal,8,0,0.0,True,16.66,Sandy,Before
US1NJMS0006,40.9018,-74.5189,ROCKAWAY 0.4 NNW,12,0,0.0,0.0,Coastal,12,0,0.0,False,0.0,Sandy,Before
US1NJMS0008,40.8232,-74.5484,RANDOLPH TWP 2.2 SE,12,12,100.0,0.6501378219315388,Coastal,0,0,0.0,True,50.0,Sandy,Before
US1NJMS0009,40.8581,-74.658,ROXBURY TWP 1.7 S,12,6,50.0,0.01893247726007746,Coastal,6,0,0.0,True,25.0,Sandy,Before
US1NJMS0011,40.9096,-74.4141,BOONTON 0.6 NW,12,1,8.33,0.0,Coastal,11,0,0.0,False,4.16,Sandy,Before
US1NJMS0014,40.7556,-74.4098,MADISON 0.5 ESE,12,3,25.0,0.0,Coastal,9,0,0.0,False,12.5,Sandy,Before
US1NJMS0015,40.7836,-74.6325,MENDHAM TWP 2.0 W,12,2,16.67,9.113336482591894,Coastal,10,0,0.0,False,8.34,Sandy,Before
US1NJMS0016,40.969,-74.371,KINNELON 1.4 SE,12,12,100.0,0.21813903984260094,Coastal,0,0,0.0,True,50.0,Sandy,Before
US1NJMS0018,41.0127,-74.5103,JEFFERSON TWP 2.4 ENE,12,0,0.0,8.01840988052888,Coastal,12,1,8.33,False,4.16,Sandy,Before
US1NJMS0019,40.6713,-74.5175,LONG HILL TWP 1.8 WSW,12,0,0.0,0.9349989400546984,Coastal,12,0,0.0,False,0.0,Sandy,Before
US1NJMS0020,40.7741,-74.5222,HARDING TWP 2.6 NNW,12,12,100.0,2.6268307676570823,Coastal,0,0,0.0,True,50.0,Sandy,Before
US1NJMS0021,40.8451,-74.5969,RANDOLPH TWP 0.8 W,12,0,0.0,2.4812828109657934,Coastal,12,0,0.0,False,0.0,Sandy,Before
US1NJMS0022,40.8763,-74.7807,MOUNT OLIVE TWP 2.1 WNW,12,0,0.0,7.452198794554303,Coastal,12,0,0.0,False,0.0,Sandy,Before
US1NJMS0023,40.8821,-74.5944,MINE HILL TWP 0.4 NE,12,0,0.0,0.0,Coastal,12,0,0.0,False,0.0,Sandy,Before
US1NJMS0025,40.8315,-74.5449,RANDOLPH TWP 2.1 ESE,12,12,100.0,0.0,Coastal,0,0,0.0,True,50.0,Sandy,Before
US1NJMS0031,40.9158,-74.4758,DENVILLE TWP 2.0 NNE,12,3,25.0,0.0,Coastal,9,0,0.0,False,12.5,Sandy,Before
US1NJMS0033,40.7856,-74.6858,CHESTER 0.3 ESE,12,12,100.0,11.110678362744665,Coastal,0,0,0.0,True,50.0,Sandy,Before
US1NJMS0034,40.8558,-74.7476,MOUNT OLIVE TWP 0.8 SSW,12,12,100.0,6.892935626244499,Coastal,0,0,0.0,True,50.0,Sandy,Before
US1NJMS0035,40.9008,-74.4893,DENVILLE TWP 0.8 N,12,0,0.0,0.0,Coastal,12,0,0.0,False,0.0,Sandy,Before
US1NJMS0036,40.8656,-74.3851,PARSIPPANY-TROY HILLS TWP 2.1,12,0,0.0,0.0,Coastal,12,0,0.0,False,0.0,Sandy,Before
US1NJMS0039,40.8533,-74.447,PARSIPPANY-TROY HILLS TWP 1.3,12,9,75.0,0.0,Coastal,3,0,0.0,True,37.5,Sandy,Before
US1NJMS0040,40.7481,-74.3908,CHATHAM 0.6 NW,12,10,83.33,0.0,Coastal,2,0,0.0,True,41.66,Sandy,Before
US1NJMS0042,40.8398,-74.5432,RANDOLPH TWP 2.0 E,12,6,50.0,0.0,Coastal,6,0,0.0,True,25.0,Sandy,Before
US1NJMS0049,40.778,-74.3992,FLORHAM PARK 0.2 WNW,12,0,0.0,0.0,Coastal,12,0,0.0,False,0.0,Sandy,Before
US1NJMS0051,40.8759,-74.6304,ROXBURY TWP 1.2 ESE,12,12,100.0,0.0,Coastal,0,0,0.0,True,50.0,Sandy,Before
US1NJMS0054,40.8675,-74.7536,MOUNT OLIVE TWP 0.6 W,12,12,100.0,5.955662675686663,Coastal,0,0,0.0,True,50.0,Sandy,Before
US1NJOC0001,40.0936,-74.103,BRICK TWP 2.4 N,12,2,16.67,0.0,Coastal,10,1,10.0,False,13.34,Sandy,Before
US1NJOC0004,39.5907,-74.3484,LITTLE EGG HARBOR TWP 0.4 SSW,12,12,100.0,16.090455513520514,Coastal,0,0,0.0,True,50.0,Sandy,Before
US1NJOC0006,40.0797,-74.0989,BRICK TWP 1.5 NNE,12,0,0.0,0.0,Coastal,12,1,8.33,False,4.16,Sandy,Before
US1NJOC0008,39.9847,-74.0726,LAVALLETTE 1.1 N,12,1,8.33,3.6140377785604714,Coastal,11,1,9.09,False,8.71,Sandy,Before
US1NJOC0009,39.9496,-74.1363,TOMS RIVER TWP 3.1 SSE,12,12,100.0,0.0,Coastal,0,0,0.0,True,50.0,Sandy,Before
US1NJOC0012,39.7287,-74.2894,STAFFORD TWP 2.1 NW,12,0,0.0,0.0,Coastal,12,0,0.0,False,0.0,Sandy,Before
US1NJOC0013,40.0878,-74.052,POINT PLEASANT BEACH 0.5 SW,12,0,0.0,0.0,Coastal,12,1,8.33,False,4.16,Sandy,Before
US1NJOC0017,39.8626,-74.141,LACEY TWP 6.3 E,12,0,0.0,2.404143527292562,Coastal,12,0,0.0,False,0.0,Sandy,Before
US1NJOC0019,39.9409,-74.1749,PINE BEACH 0.4 NW,12,8,66.67,0.0,Coastal,4,0,0.0,True,33.34,Sandy,Before
US1NJOC0021,39.954,-74.0779,ORTLEY BEACH 0.3 W,12,12,100.0,3.3921231078811886,Coastal,0,0,0.0,True,50.0,Sandy,Before
US1NJOC0024,39.9331,-74.1455,BERKELEY TWP 2.9 ENE,12,2,16.67,0.0,Coastal,10,1,10.0,False,13.34,Sandy,Before
US1NJOC0033,40.1535,-74.3859,JACKSON TWP 4.1 NNW,12,8,66.67,11.811220648456922,Coastal,4,0,0.0,True,33.34,Sandy,Before
US1NJOC0034,40.128,-74.293,JACKSON TWP 2.4 NE,12,3,25.0,1.3995561214064987,Coastal,9,3,33.33,True,29.16,Sandy,Before
US1NJOC0035,39.9614,-74.1521,TOMS RIVER TWP 1.5 SE,12,12,100.0,0.0,Coastal,0,0,0.0,True,50.0,Sandy,Before
US1NJOC0036,39.6747,-74.3483,LITTLE EGG HARBOR TWP 5.4 N,12,0,0.0,7.1896984515151185,Coastal,12,0,0.0,False,0.0,Sandy,Before
US1NJOC0038,40.1245,-74.1035,BRICK TWP 3.5 N,12,6,50.0,0.0,Coastal,6,1,16.67,True,33.34,Sandy,Before
US1NJOC0039,39.7372,-74.2855,STAFFORD TWP 2.5 NNW,12,12,100.0,0.0,Coastal,0,0,0.0,True,50.0,Sandy,Before
US1NJOC0040,40.1181,-74.3972,JACKSON TWP 2.5 WNW,12,1,8.33,10.350068739871922,Coastal,11,3,27.27,True,17.8,Sandy,Before
US1NJOC0042,39.9028,-74.2064,BERKELEY TWP 1.3 SSW,12,0,0.0,0.0,Coastal,12,0,0.0,False,0.0,Sandy,Before
US1NJOC0049,40.1018,-74.2757,JACKSON TWP 4.3 E,12,10,83.33,1.109119507576115,Coastal,2,0,0.0,True,41.66,Sandy,Before
US1NJOC0051,39.735,-74.2525,STAFFORD TWP 2.2 NNE,12,0,0.0,0.9286306535640626,Coastal,12,0,0.0,False,0.0,Sandy,Before
US1NJPS0004,40.9713,-74.1856,NORTH HALEDON 0.6 N,12,3,25.0,0.0,Coastal,9,1,11.11,False,18.06,Sandy,Before
US1NJPS0005,40.9517,-74.1573,HAWTHORNE 0.4 S,12,0,0.0,0.0,Coastal,12,0,0.0,False,0.0,Sandy,Before
US1NJPS0010,41.1107,-74.2575,RINGWOOD 1.0 ENE,12,12,100.0,8.043027586027772,Coastal,0,0,0.0,True,50.0,Sandy,Before
US1NJPS0012,40.8796,-74.227,LITTLE FALLS TWP 0.5 WNW,12,0,0.0,0.0,Coastal,12,0,0.0,False,0.0,Sandy,Before
US1NJPS0013,41.1705,-74.3293,WEST MILFORD TWP 5.5 NE,12,7,58.33,17.926483357047367,Coastal,5,0,0.0,True,29.16,Sandy,Before
US1NJPS0014,40.9436,-74.1523,HAWTHORNE 1.0 SSE,12,0,0.0,0.0,Coastal,12,0,0.0,False,0.0,Sandy,Before
US1NJPS0015,40.9369,-74.2515,WAYNE TWP 0.8 SSW,12,9,75.0,0.0,Coastal,3,0,0.0,True,37.5,Sandy,Before
US1NJPS0016,41.141,-74.3536,WEST MILFORD TWP 3.2 NE,12,0,0.0,15.004812817026624,Coastal,12,0,0.0,False,0.0,Sandy,Before
US1NJPS0017,40.8918,-74.196,WOODLAND PARK 0.1 NW,12,12,100.0,0.0,Coastal,0,0,0.0,True,50.0,Sandy,Before
US1NJPS0018,40.9163,-74.2005,PATERSON 2.0 W,12,12,100.0,0.0,Coastal,0,0,0.0,True,50.0,Sandy,Before
US1NJPS0019,41.0351,-74.2892,WANAQUE 0.6 S,12,0,0.0,0.0,Coastal,12,0,0.0,False,0.0,Sandy,Before
US1NJPS0021,41.0739,-74.368,WEST MILFORD TWP 2.5 SSE,12,9,75.0,5.607704343916496,Coastal,3,0,0.0,True,37.5,Sandy,Before
US1NJPS0022,41.0653,-74.2571,RINGWOOD 3.0 SSE,12,1,8.33,2.979551744574352,Coastal,11,1,9.09,False,8.71,Sandy,Before
US1NJSL0002,39.6561,-75.3338,WOODSTOWN 0.6 NW,12,0,0.0,14.858687053939196,Coastal,12,1,8.33,False,4.16,Sandy,Before
US1NJSL0003,39.5137,-75.1363,PITTSGROVE TWP 1.9 S,12,2,16.67,5.220791419128351,Coastal,10,1,10.0,False,13.34,Sandy,Before
US1NJSM0001,40.4726,-74.5904,HILLSBOROUGH TWP 4.7 ESE,12,0,0.0,3.070003193381147,Coastal,12,0,0.0,False,0.0,Sandy,Before
US1NJSM0002,40.6831,-74.5524,BERNARDS TWP 0.9 ENE,12,0,0.0,0.0,Coastal,12,0,0.0,False,0.0,Sandy,Before
US1NJSM0003,40.493,-74.5175,FRANKLIN TWP 2.1 ENE,12,7,58.33,0.0,Coastal,5,0,0.0,True,29.16,Sandy,Before
US1NJSM0004,40.6834,-74.5731,BERNARDS TWP 0.6 NNW,12,0,0.0,0.0,Coastal,12,0,0.0,False,0.0,Sandy,Before
US1NJSM0005,40.6262,-74.6535,BRIDGEWATER TWP 3.3 NW,12,0,0.0,0.0,Coastal,12,1,8.33,False,4.16,Sandy,Before
US1NJSM0007,40.5266,-74.5792,FRANKLIN TWP 4.5 NW,12,12,100.0,0.786676722974046,Coastal,0,0,0.0,True,50.0,Sandy,Before
US1NJSM0009,40.5937,-74.6434,BRIDGEWATER TWP 1.9 W,12,12,100.0,0.0,Coastal,0,0,0.0,True,50.0,Sandy,Before
US1NJSM0011,40.6563,-74.6305,BEDMINSTER TWP 2.9 ESE,12,0,0.0,0.0,Coastal,12,0,0.0,False,0.0,Sandy,Before
US1NJSM0012,40.5006,-74.4875,FRANKLIN TWP 3.8 ENE,12,0,0.0,0.0,Coastal,12,0,0.0,False,0.0,Sandy,Before
US1NJSM0013,40.5704,-74.6053,SOMERVILLE 0.2 ENE,12,3,25.0,0.0,Coastal,9,0,0.0,False,12.5,Sandy,Before
US1NJSM0015,40.5017,-74.6671,HILLSBOROUGH TWP 0.4 ENE,12,4,33.33,0.0,Coastal,8,0,0.0,True,16.66,Sandy,Before
US1NJSM0020,40.431,-74.6548,MONTGOMERY TWP 1.3 ENE,12,3,25.0,2.3642232251272444,Coastal,9,0,0.0,False,12.5,Sandy,Before
US1NJSM0021,40.4552,-74.6361,MONTGOMERY TWP 3.0 NE,12,0,0.0,4.3262624455281,Coastal,12,0,0.0,False,0.0,Sandy,Before
US1NJSM0022,40.3936,-74.6773,MONTGOMERY TWP 2.3 S,12,7,58.33,0.0,Coastal,5,0,0.0,True,29.16,Sandy,Before
US1NJSM0023,40.4511,-74.6699,MONTGOMERY TWP 1.8 NNE,12,0,0.0,3.9924134210819924,Coastal,12,0,0.0,False,0.0,Sandy,Before
US1NJSM0027,40.5138,-74.6739,HILLSBOROUGH TWP 1.0 N,12,4,33.33,0.0,Coastal,8,0,0.0,True,16.66,Sandy,Before
US1NJSM0030,40.683,-74.5777,BERNARDS TWP 0.7 NW,12,4,33.33,0.0,Coastal,8,0,0.0,True,16.66,Sandy,Before
US1NJSM0031,40.7343,-74.6478,PEAPACK-GLADSTONE 1.3 NNE,12,2,16.67,7.28214653678533,Coastal,10,0,0.0,False,8.34,Sandy,Before
US1NJSM0033,40.5247,-74.7029,HILLSBOROUGH TWP 2.4 NW,12,1,8.33,2.5917448897346462,Coastal,11,0,0.0,False,4.16,Sandy,Before
US1NJSM0034,40.5733,-74.5908,BRIDGEWATER TWP 1.6 SSE,12,1,8.33,0.0,Coastal,11,0,0.0,False,4.16,Sandy,Before
US1NJSM0068,40.5426,-74.6006,MANVILLE 0.6 W,12,12,100.0,0.0,Coastal,0,0,0.0,True,50.0,Sandy,Before
US1NJSS0001,41.0197,-74.7611,ANDOVER TWP 1.7 W,12,0,0.0,12.811930591152445,Coastal,12,0,0.0,False,0.0,Sandy,Before
US1NJSS0003,41.2215,-74.488,VERNON TWP 1.7 N,12,11,91.67,30.385985307278176,Coastal,1,0,0.0,True,45.84,Sandy,Before
US1NJSS0007,41.089,-74.5399,HARDYSTON TWP 3.2 SE,12,0,0.0,17.89735522172225,Coastal,12,1,8.33,False,4.16,Sandy,Before
US1NJSS0009,41.0813,-74.7464,NEWTON 1.9 N,12,12,100.0,21.139678452095588,Coastal,0,0,0.0,True,50.0,Sandy,Before
US1NJSS0017,41.2929,-74.6176,WANTAGE TWP 3.5 N,12,12,100.0,29.855274243243702,Coastal,0,0,0.0,True,50.0,Sandy,Before
US1NJSS0020,41.2288,-74.6059,WANTAGE TWP 1.5 SE,12,0,0.0,36.68865425581435,Coastal,12,1,8.33,False,4.16,Sandy,Before
US1NJSS0022,41.2122,-74.5222,VERNON TWP 2.2 WNW,12,7,58.33,30.94186800967951,Coastal,5,0,0.0,True,29.16,Sandy,Before
US1NJSS0023,41.0524,-74.5559,SPARTA TWP 3.7 E,12,12,100.0,12.345742298988814,Coastal,0,0,0.0,True,50.0,Sandy,Before
US1NJSS0026,41.1569,-74.6348,LAFAYETTE TWP 3.6 NE,12,12,100.0,28.65830118143357,Coastal,0,0,0.0,True,50.0,Sandy,Before
US1NJSS0027,41.0609,-74.7564,NEWTON 0.5 NNW,12,1,8.33,18.59005822975315,Coastal,11,2,18.18,False,13.26,Sandy,Before
US1NJSS0028,41.3037,-74.7808,MONTAGUE TWP 2.7 WNW,12,0,0.0,43.486471677738976,Coastal,12,2,16.67,False,8.34,Sandy,Before
US1NJUN0003,40.6412,-74.2726,LINDEN 2.2 NW,12,12,100.0,0.0,Coastal,0,0,0.0,True,50.0,Sandy,Before
US1NJUN0007,40.6606,-74.3287,WESTFIELD 1.0 NE,12,12,100.0,0.0,Coastal,0,0,0.0,True,50.0,Sandy,Before
US1NJUN0010,40.6945,-74.3898,NEW PROVIDENCE 0.8 ESE,12,7,58.33,0.0,Coastal,5,0,0.0,True,29.16,Sandy,Before
US1NJWR0001,40.6554,-75.1167,GREENWICH TWP 1.6 S,12,0,0.0,6.857738462469439,Coastal,12,0,0.0,False,0.0,Sandy,Before
US1NJWR0002,40.8549,-74.9815,LIBERTY TWP 1.7 WSW,12,0,0.0,28.09807670786444,Coastal,12,0,0.0,False,0.0,Sandy,Before
US1NJWR0004,40.9611,-74.97,BLAIRSTOWN TWP 2.0 SE,12,0,0.0,22.95166973343394,Coastal,12,0,0.0,False,0.0,Sandy,Before
US1NJWR0005,40.8515,-74.8403,HACKETTSTOWN 0.8 W,12,7,58.33,14.901520319042339,Coastal,5,0,0.0,True,29.16,Sandy,Before
US1NJWR0006,40.9412,-74.8428,ALLAMUCHY TWP 1.7 NNW,12,1,8.33,10.97112626145143,Coastal,11,1,9.09,False,8.71,Sandy,Before
US1NJWR0007,40.8522,-74.9494,LIBERTY TWP 1.0 S,12,1,8.33,24.97535829562574,Coastal,11,0,0.0,False,4.16,Sandy,Before
US1NJWR0008,40.9408,-74.9385,BLAIRSTOWN TWP 4.1 SE,12,0,0.0,21.485531847753634,Coastal,12,0,0.0,False,0.0,Sandy,Before
US1NJWR0012,40.7103,-74.9942,FRANKLIN TWP 2.9 E,12,12,100.0,19.698958302884687,Coastal,0,0,0.0,True,50.0,Sandy,Before
US1NJWR0017,40.8234,-74.9578,MANSFIELD TWP 2.6 WNW,12,6,50.0,27.846550127629126,Coastal,6,0,0.0,True,25.0,Sandy,Before
US1NJWR0018,40.8902,-75.0318,KNOWLTON TWP 3.2 SSE,12,7,58.33,21.881617303310396,Coastal,5,0,0.0,True,29.16,Sandy,Before
US1NJWR0020,40.8014,-74.9978,OXFORD TWP 0.6 SSW,12,1,8.33,24.023490823703597,Coastal,11,0,0.0,False,4.16,Sandy,Before
US1NJWR0021,40.7623,-74.9719,WASHINGTON 0.6 ENE,12,0,0.0,24.214549838651248,Coastal,12,0,0.0,False,0.0,Sandy,Before
US1NJWR0022,41.0238,-74.9212,HARDWICK TWP 3.6 E,12,0,0.0,24.06129180210893,Coastal,12,0,0.0,False,0.0,Sandy,Before
US1NJWR0023,40.7964,-75.0447,WHITE TWP 1.7 S,12,0,0.0,19.33387155141417,Coastal,12,0,0.0,False,0.0,Sandy,Before
US1NJWR0024,40.9784,-75.0329,BLAIRSTOWN TWP 1.8 W,12,12,100.0,15.53502333125667,Coastal,0,0,0.0,True,50.0,Sandy,Before
US1NYCB0001,42.1335,-73.7679,HUDSON 8.2 S,12,0,0.0,30.72214063655773,Coastal,12,2,16.67,False,8.34,Sandy,Before
US1NYCB0023,42.3559,-73.6084,CHATHAM 0.7 SW,12,12,100.0,37.855322684948135,Coastal,0,0,0.0,True,50.0,Sandy,Before
US1NYDL0005,42.3003,-74.9026,DELHI 1.5 NNE,12,0,0.0,106.94558677725152,Rural,12,2,16.67,False,8.34,Sandy,Before
US1NYDL0008,42.1496,-74.6189,MARGARETVILLE 1.7 ENE,12,12,100.0,69.46460644132164,Rural,0,0,0.0,True,50.0,Sandy,Before
US1NYDL0009,42.1792,-74.9167,ANDES 6.8 W,12,0,0.0,102.32956933052154,Rural,12,1,8.33,False,4.16,Sandy,Before
US1NYDL0016,41.9511,-75.3024,HANCOCK 1.0 W,12,9,75.0,64.09915716347251,Rural,3,1,33.33,True,54.16,Sandy,Before
US1NYDL0022,42.3442,-74.7317,SOUTH KORTRIGHT 0.8 W,12,0,0.0,93.97762460161105,Rural,12,1,8.33,False,4.16,Sandy,Before
US1NYDT0001,41.616,-73.8033,HILLSIDE LAKE 0.3 WNW,12,12,100.0,9.9270540202905,Coastal,0,0,0.0,True,50.0,Sandy,Before
US1NYDT0002,41.6634,-73.8419,POUGHKEEPSIE 4.7 ESE,12,11,91.67,4.843346798249696,Coastal,1,0,0.0,True,45.84,Sandy,Before
US1NYDT0004,41.5535,-73.7863,HOPEWELL JUNCTION 2.4 SSE,12,1,8.33,11.599469212652444,Coastal,11,1,9.09,False,8.71,Sandy,Before
US1NYDT0005,41.588,-73.8922,WAPPINGERS FALLS 1.6 ESE,12,0,0.0,0.0,Coastal,12,0,0.0,False,0.0,Sandy,Before
US1NYDT0007,41.7887,-73.9356,HYDE PARK 1.5 W,12,12,100.0,7.98889723392345,Coastal,0,0,0.0,True,50.0,Sandy,Before
US1NYDT0008,41.7523,-73.6488,MILLBROOK 3.2 SE,12,7,58.33,27.666904425744434,Coastal,5,0,0.0,True,29.16,Sandy,Before
US1NYDT0009,41.9231,-73.9021,RHINEBECK 0.5 SE,12,12,100.0,8.293967205443073,Coastal,0,0,0.0,True,50.0,Sandy,Before
US1NYGR0005,42.4429,-73.7866,NEW BALTIMORE 0.2 SE,12,5,41.67,24.276662027209582,Coastal,7,0,0.0,True,20.84,Sandy,Before
US1NYGR0006,42.3605,-73.9835,FREEHOLD 3.4 E,12,0,0.0,44.231972720854245,Coastal,12,0,0.0,False,0.0,Sandy,Before
US1NYNS0006,40.7245,-73.5086,LEVITTOWN 0.2 E,12,12,100.0,0.0,Coastal,0,0,0.0,True,50.0,Sandy,Before
US1NYNS0007,40.723,-73.711,FLORAL PARK 0.4 W,12,4,33.33,0.0,Coastal,8,1,12.5,True,22.92,Sandy,Before
US1NYOR0002,41.4469,-74.0214,CORNWALL ON HUDSON 0.6 NNW,12,12,100.0,1.567748536866307,Coastal,0,0,0.0,True,50.0,Sandy,Before
US1NYOR0004,41.2684,-74.416,WARWICK 3.2 WNW,12,10,83.33,24.87799205666496,Coastal,2,0,0.0,True,41.66,Sandy,Before
US1NYOR0006,41.3014,-74.167,MONROE 1.7 SE,12,0,0.0,17.786738758292785,Coastal,12,1,8.33,False,4.16,Sandy,Before
US1NYOT0008,42.3235,-75.3643,SIDNEY 2.1 NE,12,12,100.0,61.298059807411434,Rural,0,0,0.0,True,50.0,Sandy,Before
US1NYPT0001,41.4969,-73.7017,CARMEL HAMLET 5.8 N,12,9,75.0,22.430682777525007,Coastal,3,1,33.33,True,54.16,Sandy,Before
US1NYPT0002,41.4807,-73.8911,BEACON 4.2 ESE,12,0,0.0,9.250145682285634,Coastal,12,1,8.33,False,4.16,Sandy,Before
US1NYPT0004,41.497,-73.8369,COLD SPRING 8.1 NE,12,0,0.0,12.311994307629778,Coastal,12,2,16.67,False,8.34,Sandy,Before
US1NYQN0002,40.7145,-73.8819,MIDDLE VILLAGE 0.5 SW,12,9,75.0,0.0,Coastal,3,0,0.0,True,37.5,Sandy,Before
US1NYRC0001,40.5421,-74.1476,STATEN ISLAND 4.5 SSE,12,12,100.0,0.0,Coastal,0,0,0.0,True,50.0,Sandy,Before
US1NYRC0002,40.5674,-74.1327,STATEN ISLAND 1.4 SE,12,0,0.0,0.0,Coastal,12,0,0.0,False,0.0,Sandy,Before
US1NYRL0003,41.0955,-74.0099,NANUET 0.3 E,12,12,100.0,0.0,Coastal,0,0,0.0,True,50.0,Sandy,Before
US1NYRL0004,41.1394,-74.0457,SPRING VALLEY 1.7 N,12,12,100.0,0.0,Coastal,0,0,0.0,True,50.0,Sandy,Before
US1NYSF0002,40.93,-72.67,RIVERHEAD 1.3 SSE,12,0,0.0,24.98156545895806,Coastal,12,1,8.33,False,4.16,Sandy,Before
US1NYSF0003,40.8806,-72.9292,MIDDLE ISLAND 0.8 ESE,12,0,0.0,0.0,Coastal,12,2,16.67,False,8.34,Sandy,Before
US1NYSF0007,40.9364,-72.5778,JAMESPORT 0.6 SSW,12,0,0.0,34.06261044783909,Coastal,12,1,8.33,False,4.16,Sandy,Before
US1NYSF0016,40.9234,-73.3305,NORTHPORT 1.6 NNE,12,0,0.0,0.0,Coastal,12,1,8.33,False,4.16,Sandy,Before
US1NYSF0017,40.7351,-73.2212,ISLIP 0.2 NW,12,0,0.0,0.0,Coastal,12,3,25.0,True,12.5,Sandy,Before
US1NYSF0018,40.9299,-72.8988,SHOREHAM 1.8 SSE,12,5,41.67,5.2570571698161555,Coastal,7,2,28.57,True,35.12,Sandy,Before
US1NYSF0019,40.8123,-72.7718,EAST MORICHES 0.6 WNW,12,0,0.0,7.4835720478241505,Coastal,12,2,16.67,False,8.34,Sandy,Before
US1NYSF0024,40.7982,-73.15,RONKONKOMA 1.4 WSW,12,12,100.0,0.0,Coastal,0,0,0.0,True,50.0,Sandy,Before
US1NYSF0030,40.9562,-72.9197,ROCKY POINT 2.0 N,12,12,100.0,1.4778342194091927,Coastal,0,0,0.0,True,50.0,Sandy,Before
US1NYSF0049,40.7326,-73.0807,SAYVILLE 1.0 SSE,12,12,100.0,0.0,Coastal,0,0,0.0,True,50.0,Sandy,Before
US1NYSF0060,40.7507,-73.028,BLUE POINT 0.4 E,12,12,100.0,0.0,Coastal,0,0,0.0,True,50.0,Sandy,Before
US1NYSV0005,41.6326,-74.5604,ROCK HILL 2.0 NE,12,0,0.0,27.24892215433234,Coastal,12,1,8.33,False,4.16,Sandy,Before
US1NYSV0006,41.85,-75.1333,LONG EDDY,12,1,8.33,75.8844467828102,Rural,11,1,9.09,False,8.71,Sandy,Before
US1NYSV0007,41.5998,-74.9828,NARROWSBURG 4.1 ESE,12,12,100.0,62.74694403945418,Rural,0,0,0.0,True,50.0,Sandy,Before
US1NYSV0008,41.5739,-74.4871,WURTSBORO 0.2 SSW,12,0,0.0,15.638154085118543,Coastal,12,1,8.33,False,4.16,Sandy,Before
US1NYSV0009,41.6501,-74.5884,GLEN WILD 0.3 SSW,12,8,66.67,31.140106668292646,Coastal,4,0,0.0,True,33.34,Sandy,Before
US1NYUL0001,41.9286,-74.0195,KINGSTON 1.1 W,12,0,0.0,0.0,Coastal,12,1,8.33,False,4.16,Sandy,Before
US1NYUL0002,42.0204,-74.0977,WOODSTOCK 1.4 SSE,12,9,75.0,8.404869205431897,Coastal,3,0,0.0,True,37.5,Sandy,Before
US1NYUL0003,41.8809,-74.0574,ROSENDALE VILLAGE 2.4 NNE,12,0,0.0,6.698023680290033,Coastal,12,0,0.0,False,0.0,Sandy,Before
US1NYUL0004,42.0181,-74.0151,RUBY 0.5 NE,12,1,8.33,2.341310852480121,Coastal,11,1,9.09,False,8.71,Sandy,Before
US1NYUL0006,41.714,-74.0866,NEW PALTZ 2.4 S,12,0,0.0,13.204733168808168,Coastal,12,1,8.33,False,4.16,Sandy,Before
US1NYUL0008,41.9162,-74.1832,STONE RIDGE 4.9 NNW,12,10,83.33,14.25169814828195,Coastal,2,0,0.0,True,41.66,Sandy,Before
US1NYUL0009,41.6267,-73.9941,MARLBORO 1.9 NNW,12,0,0.0,3.29701379864951,Coastal,12,1,8.33,False,4.16,Sandy,Before
US1NYUL0029,41.7149,-73.9684,HIGHLAND 0.2 SW,12,12,100.0,0.4674801497609632,Coastal,0,0,0.0,True,50.0,Sandy,Before
US1NYWC0003,41.0639,-73.7722,WHITE PLAINS 3.1 NNW,12,12,100.0,0.0,Coastal,0,0,0.0,True,50.0,Sandy,Before
US1NYWC0006,41.3003,-73.57,SOUTH SALEM 2.1 NW,12,0,0.0,12.783895319232172,Coastal,12,1,8.33,False,4.16,Sandy,Before
US1NYWC0007,41.2649,-73.7899,YORKTOWN HEIGHTS 0.6 SW,12,0,0.0,7.349625309651747,Coastal,12,1,8.33,False,4.16,Sandy,Before
US1NYWC0009,40.904,-73.777,NEW ROCHELLE 1.3 S,12,7,58.33,0.0,Coastal,5,1,20.0,True,39.16,Sandy,Before
US1PABK0004,40.4105,-75.4427,PENNSBURG 3.0 ENE,12,1,8.33,9.429130666061981,Coastal,11,0,0.0,False,4.16,Sandy,Before
US1PABK0005,40.3483,-75.2862,PERKASIE 1.6 SSE,12,2,16.67,0.11997416318021914,Coastal,10,2,20.0,True,18.34,Sandy,Before
US1PABK0012,40.2148,-74.9888,RICHBORO 1.1 SE,12,11,91.67,0.0,Coastal,1,0,0.0,True,45.84,Sandy,Before
US1PABK0013,40.1499,-74.9333,PENNDEL 1.1 WSW,12,3,25.0,0.0,Coastal,9,0,0.0,False,12.5,Sandy,Before
US1PABK0014,40.2366,-74.9213,NEWTOWN 0.8 NE,12,0,0.0,0.0,Coastal,12,0,0.0,False,0.0,Sandy,Before
US1PABK0015,40.2893,-75.0931,FURLONG 0.7 SW,12,0,0.0,1.0548735170956596,Coastal,12,3,25.0,True,12.5,Sandy,Before
US1PABK0018,40.2092,-74.886,LANGHORNE 2.8 NE,12,3,25.0,0.0,Coastal,9,0,0.0,False,12.5,Sandy,Before
US1PABK0026,40.307,-75.1982,DOYLESTOWN 3.7 W,12,0,0.0,0.6288184943217784,Coastal,12,0,0.0,False,0.0,Sandy,Before
US1PABK0030,40.1783,-74.9108,LANGHORNE 0.5 E,12,12,100.0,0.0,Coastal,0,0,0.0,True,50.0,Sandy,Before
US1PACB0015,40.8283,-75.4889,CHAPMAN 6.6 NW,12,3,25.0,1.959635699822573,Coastal,9,0,0.0,False,12.5,Sandy,Before
US1PACH0018,40.0324,-75.4935,MALVERN 1.1 E,12,12,100.0,0.0,Coastal,0,0,0.0,True,50.0,Sandy,Before
US1PADL0003,39.8962,-75.3619,NETHER PROVIDENCE TOWNSHIP 0.4,12,0,0.0,0.0,Coastal,12,1,8.33,False,4.16,Sandy,Before
US1PADL0005,40.0589,-75.3706,RADNOR TOWNSHIP 2.1 N,12,12,100.0,0.0,Coastal,0,0,0.0,True,50.0,Sandy,Before
US1PAMN0007,40.9887,-75.2959,STROUDSBURG 5.1 W,12,4,33.33,6.928518349699288,Coastal,8,0,0.0,True,16.66,Sandy,Before
US1PAMT0006,40.2763,-75.3006,HATFIELD 0.1 SSW,12,1,8.33,0.0,Coastal,11,0,0.0,False,4.16,Sandy,Before
US1PAMT0007,40.2556,-75.4144,HARLEYSVILLE 2.1 SW,12,0,0.0,5.286173739515137,Coastal,12,2,16.67,False,8.34,Sandy,Before
US1PAMT0009,40.2177,-75.4933,COLLEGEVILLE 2.8 NW,12,12,100.0,1.095808299307012,Coastal,0,0,0.0,True,50.0,Sandy,Before
US1PAMT0011,40.2819,-75.336,HATFIELD 2.0 W,12,12,100.0,0.0,Coastal,0,0,0.0,True,50.0,Sandy,Before
US1PAMT0012,40.2182,-75.4202,COLLEGEVILLE 2.9 NE,12,4,33.33,3.44337196754088,Coastal,8,0,0.0,True,16.66,Sandy,Before
US1PAMT0013,40.1685,-75.3005,BLUE BELL 2.3 NW,12,5,41.67,0.0,Coastal,7,0,0.0,True,20.84,Sandy,Before
US1PAMT0016,40.2061,-75.2991,NORTH WALES 1.3 WSW,12,0,0.0,0.0,Coastal,12,0,0.0,False,0.0,Sandy,Before
US1PAMT0017,40.0124,-75.257,NARBERTH 0.5 NE,12,12,100.0,0.0,Coastal,0,0,0.0,True,50.0,Sandy,Before
US1PAMT0019,40.2919,-75.4669,SPRING MOUNT 1.3 N,12,12,100.0,8.14802292978981,Coastal,0,0,0.0,True,50.0,Sandy,Before
US1PAMT0020,40.2011,-75.409,SKIPPACK 1.4 SSW,12,0,0.0,1.8540007933048348,Coastal,12,0,0.0,False,0.0,Sandy,Before
US1PAMT0022,40.2077,-75.3522,KULPSVILLE 2.6 SSW,12,0,0.0,1.8459293903711,Coastal,12,0,0.0,False,0.0,Sandy,Before
US1PAMT0025,40.2192,-75.4538,COLLEGEVILLE 2.2 N,12,6,50.0,0.0,Coastal,6,2,33.33,True,41.66,Sandy,Before
US1PAMT0027,40.2238,-75.31,LANSDALE 1.9 SW,12,6,50.0,0.0,Coastal,6,0,0.0,True,25.0,Sandy,Before
US1PAMT0037,40.3184,-75.3243,SOUDERTON 0.6 NNW,12,7,58.33,0.0,Coastal,5,0,0.0,True,29.16,Sandy,Before
US1PAMT0038,40.2707,-75.4659,SCHWENKSVILLE 0.9 N,12,7,58.33,5.062154535024104,Coastal,5,4,80.0,True,69.16,Sandy,Before
US1PAMT0042,40.2887,-75.21,CHALFONT 0.2 NW,12,5,41.67,0.0,Coastal,7,0,0.0,True,20.84,Sandy,Before
US1PAMT0047,40.1639,-75.2321,AMBLER 0.8 NW,12,12,100.0,0.0,Coastal,0,0,0.0,True,50.0,Sandy,Before
US1PAMT0048,40.0082,-75.3003,ARDMORE 0.5 NW,12,0,0.0,0.0,Coastal,12,0,0.0,False,0.0,Sandy,Before
US1PAMT0051,40.2363,-75.3825,HARLEYSVILLE 2.9 S,12,1,8.33,3.1966410004690773,Coastal,11,0,0.0,False,4.16,Sandy,Before
US1PAMT0052,40.2632,-75.2283,LANSDALE 3.2 ENE,12,12,100.0,0.0,Coastal,0,0,0.0,True,50.0,Sandy,Before
US1PAMT0053,40.2199,-75.4655,COLLEGEVILLE 2.3 N,12,9,75.0,0.0,Coastal,3,0,0.0,True,37.5,Sandy,Before
US1PAMT0055,40.2384,-75.4033,SCHWENKSVILLE 3.6 ESE,12,1,8.33,5.1791296634894,Coastal,11,0,0.0,False,4.16,Sandy,Before
US1PAMT0056,40.2654,-75.3329,HATFIELD 2.0 WSW,12,1,8.33,0.0,Coastal,11,0,0.0,False,4.16,Sandy,Before
US1PAMT0060,40.1015,-75.2538,PLYMOUTH MEETING 1.5 ESE,12,0,0.0,0.0,Coastal,12,0,0.0,False,0.0,Sandy,Before
US1PAMT0063,40.1522,-75.1038,WILLOW GROVE 0.8 ENE,12,0,0.0,0.0,Coastal,12,0,0.0,False,0.0,Sandy,Before
US1PAMT0064,40.1305,-75.3839,WEST NORRITON 0.3 WNW,12,0,0.0,0.0,Coastal,12,0,0.0,False,0.0,Sandy,Before
US1PAMT0065,40.1999,-75.4534,COLLEGEVILLE 0.9 NNE,12,5,41.67,0.0,Coastal,7,0,0.0,True,20.84,Sandy,Before
US1PAMT0067,40.146,-75.2025,FORT WASHINGTON 0.8 NW,12,12,100.0,0.0,Coastal,0,0,0.0,True,50.0,Sandy,Before
US1PAMT0116,40.052,-75.2765,GLADWYNE 0.2 NNE,12,12,100.0,0.0,Coastal,0,0,0.0,True,50.0,Sandy,Before
US1PANH0001,40.7712,-75.3069,NAZARETH 2.2 N,12,0,0.0,8.620352446096426,Coastal,12,0,0.0,False,0.0,Sandy,Before
US1PANH0005,40.6114,-75.2259,GLENDON 3.5 S,12,6,50.0,7.737260113442599,Coastal,6,0,0.0,True,25.0,Sandy,Before
US1PANH0009,40.6569,-75.3295,BETHLEHEM 2.9 NE,12,0,0.0,0.0,Coastal,12,1,8.33,False,4.16,Sandy,Before
US1PAPH0001,40.0732,-75.1596,WYNCOTE 1.5 SSW,12,12,100.0,0.0,Coastal,0,0,0.0,True,50.0,Sandy,Before
US1PAPH0002,40.0677,-75.0748,ROCKLEDGE 1.3 SE,12,0,0.0,0.0,Coastal,12,0,0.0,False,0.0,Sandy,Before
US1PAPH0004,40.0586,-75.077,PHILADELPHIA 4.7 NE,12,0,0.0,0.0,Coastal,12,0,0.0,False,0.0,Sandy,Before
US1PAPH0006,40.0455,-75.2222,WYNDMOOR 3.0 SSW,12,0,0.0,0.0,Coastal,12,0,0.0,False,0.0,Sandy,Before
US1PAPH0008,40.025,-75.18,PHILADELPHIA 2.7 WNW,12,0,0.0,0.0,Coastal,12,0,0.0,False,0.0,Sandy,Before
US1PAPK0004,41.5075,-75.1163,HAWLEY 3.8 NE,12,0,0.0,54.227998462427806,Rural,12,2,16.67,False,8.34,Sandy,Before
US1PAPK0008,41.3,-74.95,MILFORD 7.9 WSW,12,10,83.33,46.02406009460743,Coastal,2,1,50.0,True,66.66,Sandy,Before
US1PAPK0009,41.2084,-74.9437,DINGMANS FERRY 3.9 WSW,12,1,8.33,35.741576234497245,Coastal,11,0,0.0,False,4.16,Sandy,Before
US1PAPK0011,41.3134,-75.047,LORDS VALLEY 3.8 SSE,12,12,100.0,42.850018805363426,Coastal,0,0,0.0,True,50.0,Sandy,Before
US1PAPK0012,41.4795,-74.9996,ROWLAND 2.3 ENE,12,2,16.67,61.554061477694226,Rural,10,1,10.0,False,13.34,Sandy,Before
US1PASS0006,41.65,-75.4667,FOREST CITY 0.2 SE,12,0,0.0,29.37762885348243,Coastal,12,1,8.33,False,4.16,Sandy,Before
US1PAWN0002,41.2908,-75.355,MOSCOW 9.7 ESE,12,12,100.0,32.988283902306634,Coastal,0,0,0.0,True,50.0,Sandy,Before
US1PAWN0003,41.65,-75.0833,DAMASCUS - 9,12,12,100.0,63.030031353088404,Rural,0,0,0.0,True,50.0,Sandy,Before
US1PAWN0004,41.3528,-75.4358,MOSCOW 4.9 E,12,0,0.0,20.592480517345084,Coastal,12,2,16.67,False,8.34,Sandy,Before
US1PAWN0008,41.6333,-75.05,MILANVILLE 1.5 SE,12,0,0.0,65.53809388304215,Rural,12,3,25.0,True,12.5,Sandy,Before
US1PAWN0010,41.8992,-75.4718,STARRUCCA - 27,12,1,8.33,50.663306560151284,Rural,11,1,9.09,False,8.71,Sandy,Before
US1PAWN0012,41.6384,-75.2994,DYBERRY 2.1 W,12,0,0.0,41.09334813250029,Coastal,12,2,16.67,False,8.34,Sandy,Before
US1PAWN0013,41.5027,-75.159,HAWLEY - 15,12,6,50.0,49.43594208741866,Coastal,6,1,16.67,True,33.34,Sandy,Before
US1PAWN0014,41.54,-75.25,TEXAS TWP. 1,12,12,100.0,40.186607015677936,Coastal,0,0,0.0,True,50.0,Sandy,Before
US1PAWN0026,41.5902,-75.359,CANAAN - 11,12,0,0.0,31.61404960969669,Coastal,12,2,16.67,False,8.34,Sandy,Before
US1PAWN0035,41.5824,-75.3357,PROMPTON - 25,12,0,0.0,33.315897689799684,Coastal,12,1,8.33,False,4.16,Sandy,Before
US1PAWN0036,41.5868,-75.4079,WAYMART - 28,12,8,66.67,26.798935302688903,Coastal,4,0,0.0,True,33.34,Sandy,Before
US1PAWN0037,41.625,-75.222,OREGON - 23,12,9,75.0,47.472507730259885,Coastal,3,0,0.0,True,37.5,Sandy,Before
US1PAWN0038,41.5237,-75.2696,CHERRY RIDGE 13A,12,0,0.0,37.57027369907429,Coastal,12,3,25.0,True,12.5,Sandy,Before
US1PAWN0041,41.4511,-75.345,LAKE ARIEL 2.0 ESE,12,7,58.33,28.426057272123224,Coastal,5,1,20.0,True,39.16,Sandy,Before
US1PAWN0042,41.7395,-75.443,PLEASANT MOUNT 1.0 E,12,0,0.0,41.249034675843525,Coastal,12,1,8.33,False,4.16,Sandy,Before
US1PAWN0044,41.7974,-75.2207,MANCHESTER - 7A,12,0,0.0,63.51075420711974,Rural,12,0,0.0,False,0.0,Sandy,Before
US1PAWN0047,41.5076,-75.1869,HAWLEY 2.2 NNW,12,12,100.0,46.395773682007636,Coastal,0,0,0.0,True,50.0,Sandy,Before
US1PAWN0048,41.5678,-75.1908,BERLIN TWP. 20A,12,9,75.0,47.59735250237676,Coastal,3,2,66.67,True,70.84,Sandy,Before
USC00060128,41.3492,-73.0917,ANSONIA 1 NW,12,0,0.0,0.0,Coastal,12,1,8.33,False,4.16,Sandy,Before
USC00060227,41.8417,-73.0086,BAKERSVILLE,12,0,0.0,16.49649387666411,Coastal,12,1,8.33,False,4.16,Sandy,Before
USC00060299,41.9211,-72.9636,BARKHAMSTED,12,0,0.0,23.993332976866647,Coastal,12,3,25.0,True,12.5,Sandy,Before
USC00060808,41.2278,-73.1744,TRUMBULL,12,0,0.0,0.0,Coastal,12,0,0.0,False,0.0,Sandy,Before
USC00060961,41.6764,-73.5086,BULLS BRG DAM,12,0,0.0,30.989824409011202,Coastal,12,1,8.33,False,4.16,Sandy,Before
USC00060973,41.7944,-72.9319,BURLINGTON,12,0,0.0,5.437880297037573,Coastal,12,1,8.33,False,4.16,Sandy,Before
USC00061508,42.0003,-73.0439,COLEBROOK RVR LAKE,12,2,16.67,33.08477679874056,Coastal,10,3,30.0,True,23.34,Sandy,Before
USC00061762,41.4003,-73.4211,DANBURY,12,0,0.0,0.0,Coastal,12,4,33.33,True,16.66,Sandy,Before
USC00062658,41.95,-73.3667,FALLS VILLAGE,12,0,0.0,57.03513129057999,Rural,12,1,8.33,False,4.16,Sandy,Before
USC00063207,41.3503,-72.0378,GROTON,12,0,0.0,0.0,Coastal,12,2,16.67,False,8.34,Sandy,Before
USC00063420,41.7675,-72.0531,HAMPTON,12,0,0.0,16.911138637640903,Coastal,12,2,16.67,False,8.34,Sandy,Before
USC00065077,41.4072,-72.9031,MT CARMEL,12,12,100.0,0.0,Coastal,0,0,0.0,True,50.0,Sandy,Before
USC00065445,41.9725,-73.2208,NORFOLK 2 SW,12,0,0.0,47.16118797942995,Coastal,12,2,16.67,False,8.34,Sandy,Before
USC00065910,41.5267,-72.0653,NORWICH PUBLIC UTILITY PLT,12,0,0.0,0.07164447330424849,Coastal,12,1,8.33,False,4.16,Sandy,Before
USC00066655,41.0825,-73.6386,PUTNAM LAKE,12,0,0.0,0.746726392827456,Coastal,12,3,25.0,True,12.5,Sandy,Before
USC00066966,41.5833,-73.4333,ROCKY RVR DAM,12,0,0.0,17.597443781589536,Coastal,12,1,8.33,False,4.16,Sandy,Before
USC00067373,41.7167,-73.3,SHEPAUG DAM,12,0,0.0,24.06593042077242,Coastal,12,0,0.0,False,0.0,Sandy,Before
USC00067432,41.6444,-72.8167,SHUTTLE MEADOW RSVR,12,12,100.0,0.0,Coastal,0,0,0.0,True,50.0,Sandy,Before
USC00067958,41.9983,-72.2606,STAFFORDVILLE,12,0,0.0,27.895518460570194,Coastal,12,1,8.33,False,4.16,Sandy,Before
USC00067970,41.1247,-73.5475,STAMFORD 5 N,12,12,100.0,0.0,Coastal,0,0,0.0,True,50.0,Sandy,Before
USC00068065,41.3819,-73.1717,STEVENSON DAM,12,0,0.0,5.390266230067221,Coastal,12,1,8.33,False,4.16,Sandy,Before
USC00068138,41.795,-72.2286,STORRS,12,0,0.0,7.6989100850053465,Coastal,12,3,25.0,True,12.5,Sandy,Before
USC00068330,41.6931,-73.06,THOMASTON DAM,12,0,0.0,10.112803940841543,Coastal,12,1,8.33,False,4.16,Sandy,Before
USC00068436,41.8,-73.1167,TORRINGTON,12,12,100.0,21.405728615931817,Coastal,0,0,0.0,True,50.0,Sandy,Before
USC00190120,42.3861,-72.5375,AMHERST,12,0,0.0,0.0,Coastal,12,1,8.33,False,4.16,Sandy,Before
USC00190408,42.4281,-72.0275,BARRE FALLS DAM,12,0,0.0,20.01794576863563,Coastal,12,1,8.33,False,4.16,Sandy,Before
USC00190562,42.2797,-72.3483,BELCHERTOWN,12,0,0.0,19.716323321051952,Coastal,12,2,16.67,False,8.34,Sandy,Before
USC00191821,42.4686,-73.1531,DALTON,12,1,8.33,4.360308500788983,Coastal,11,2,18.18,False,13.26,Sandy,Before
USC00192107,42.1103,-72.1269,E BRIMFIELD LAKE,12,0,0.0,31.137749626755088,Coastal,12,1,8.33,False,4.16,Sandy,Before
USC00193172,42.0875,-72.8486,GRANVILLE DAM,12,0,0.0,7.74352595840743,Coastal,12,1,8.33,False,4.16,Sandy,Before
USC00193213,42.2167,-73.35,GREAT BARRINGTON 2N,12,0,0.0,32.918989548874166,Coastal,12,2,16.67,False,8.34,Sandy,Before
USC00193402,42.3458,-72.1542,HARDWICK 2 ESE,12,0,0.0,32.67668484457345,Coastal,12,1,8.33,False,4.16,Sandy,Before
USC00194131,42.3356,-73.2506,LENOX DALE,12,0,0.0,13.422697767952272,Coastal,12,2,16.67,False,8.34,Sandy,Before
USC00194154,42.4467,-72.53,LEVERETT #2,12,0,0.0,5.05171448138255,Coastal,12,2,16.67,False,8.34,Sandy,Before
USC00197627,42.0583,-72.0722,SOUTHBRIDGE 3 SW,12,0,0.0,30.131864517923248,Coastal,12,1,8.33,False,4.16,Sandy,Before
USC00198181,42.3,-73.3333,STOCKBRIDGE,12,12,100.0,20.54404544165817,Coastal,0,0,0.0,True,50.0,Sandy,Before
USC00198278,42.4447,-72.5528,SUNDERLAND,12,0,0.0,5.072198818054855,Coastal,12,2,16.67,False,8.34,Sandy,Before
USC00198793,42.2622,-72.2483,WARE,12,0,0.0,26.170214850695015,Coastal,12,2,16.67,False,8.34,Sandy,Before
USC00199193,42.0931,-72.8036,WESTFIELD 3 SW,12,0,0.0,2.9435166425134436,Coastal,12,0,0.0,False,0.0,Sandy,Before
USC00199371,42.1819,-73.2236,W OTIS,12,0,0.0,36.71544428197777,Coastal,12,2,16.67,False,8.34,Sandy,Before
USC00199972,42.3869,-72.9211,WORTHINGTON,12,0,0.0,26.698507120535492,Coastal,12,1,8.33,False,4.16,Sandy,Before
USC00280331,39.7417,-74.7258,ATSION,12,5,41.67,17.616881634245406,Coastal,7,1,14.29,True,27.98,Sandy,Before
USC00280484,39.7575,-74.1069,BARNEGAT LIGHT,12,12,100.0,12.334449470268869,Coastal,0,0,0.0,True,50.0,Sandy,Before
USC00280734,40.8292,-75.0833,BELVIDERE BRG,12,0,0.0,19.083902096837445,Coastal,12,1,8.33,False,4.16,Sandy,Before
USC00280847,40.4592,-74.5836,BLACKWELLS MILLS,12,2,16.67,1.6243789828489303,Coastal,10,1,10.0,False,13.34,Sandy,Before
USC00280907,40.8917,-74.3964,BOONTON 1 SE,12,0,0.0,0.0,Coastal,12,0,0.0,False,0.0,Sandy,Before
USC00280927,40.5561,-74.5717,BOUND BROOK 2W,12,0,0.0,0.0,Coastal,12,0,0.0,False,0.0,Sandy,Before
USC00280990,39.5656,-74.2453,BRANT BEACH-BEACH HAVEN,12,0,0.0,13.588668422075774,Coastal,12,0,0.0,False,0.0,Sandy,Before
USC00281211,40.1172,-74.7736,ROEBLING,12,12,100.0,0.0,Coastal,0,0,0.0,True,50.0,Sandy,Before
USC00281327,41.1092,-74.4828,CANISTEAR RSVR,12,3,25.0,16.22239428459371,Coastal,9,1,11.11,False,18.06,Sandy,Before
USC00281335,40.7436,-74.3539,CANOE BROOK,12,5,41.67,0.0,Coastal,7,0,0.0,True,20.84,Sandy,Before
USC00281582,41.03,-74.4247,CHARLOTTEBURG RSVR,12,1,8.33,4.387072358980396,Coastal,11,1,9.09,False,8.71,Sandy,Before
USC00282023,40.6667,-74.3236,CRANFORD,12,0,0.0,0.0,Coastal,12,1,8.33,False,4.16,Sandy,Before
USC00282768,40.8319,-74.2864,ESSEX FELLS SVC BLDG,12,12,100.0,0.0,Coastal,0,0,0.0,True,50.0,Sandy,Before
USC00283029,40.5742,-74.8817,FLEMINGTON 5 NNW,12,3,25.0,17.174127265397985,Coastal,9,0,0.0,False,12.5,Sandy,Before
USC00283181,40.3136,-74.2511,FREEHOLD-MARLBORO,12,0,0.0,0.7205209634932946,Coastal,12,0,0.0,False,0.0,Sandy,Before
USC00283662,39.6442,-74.8047,HAMMONTON 1 NE,12,0,0.0,18.97511292603537,Coastal,12,1,8.33,False,4.16,Sandy,Before
USC00283704,40.7481,-74.1519,HARRISON,12,0,0.0,0.0,Coastal,12,3,25.0,True,12.5,Sandy,Before
USC00283951,40.2664,-74.5642,HIGHTSTOWN 2 W,12,0,0.0,0.9249178452647878,Coastal,12,0,0.0,False,0.0,Sandy,Before
USC00284229,39.7994,-74.7806,INDIAN MILLS 2 W,12,0,0.0,9.8364197268471,Coastal,12,1,8.33,False,4.16,Sandy,Before
USC00284635,40.3594,-74.9447,LAMBERTVILLE,12,7,58.33,13.11076633741002,Coastal,5,0,0.0,True,29.16,Sandy,Before
USC00284987,40.2969,-74.0017,LONG BRANCH-OAKHURST,12,0,0.0,0.0,Coastal,12,0,0.0,False,0.0,Sandy,Before
USC00285503,40.9939,-74.1453,MIDLAND PARK,12,5,41.67,0.0,Coastal,7,0,0.0,True,20.84,Sandy,Before
USC00285728,39.9683,-74.865,MOORESTOWN 4 E,12,1,8.33,0.17022609791202317,Coastal,11,1,9.09,False,8.71,Sandy,Before
USC00286055,40.4728,-74.4225,NEW BRUNSWICK 3 SE,12,0,0.0,0.0,Coastal,12,0,0.0,False,0.0,Sandy,Before
USC00286146,40.9611,-74.0158,NEW MILFORD,12,0,0.0,0.0,Coastal,12,3,25.0,True,12.5,Sandy,Before
USC00286460,41.0356,-74.5011,OAK RIDGE RSVR,12,2,16.67,11.431433162984021,Coastal,10,1,10.0,False,13.34,Sandy,Before
USC00286864,39.9661,-75.0219,PENNSAUKEN 1N,12,0,0.0,0.0,Coastal,12,0,0.0,False,0.0,Sandy,Before
USC00286964,40.0136,-74.8181,PHILADELPHIA/MT HOLLY WFO,12,0,0.0,0.0,Coastal,12,0,0.0,False,0.0,Sandy,Before
USC00286979,40.6956,-75.2,PHILLIPSBURG-EASTON BRG,12,0,0.0,0.0,Coastal,12,1,8.33,False,4.16,Sandy,Before
USC00287079,40.6036,-74.4025,PLAINFIELD,12,12,100.0,0.0,Coastal,0,0,0.0,True,50.0,Sandy,Before
USC00287301,40.7369,-74.7322,POTTERSVILLE 2 NNW,12,0,0.0,13.232703597153197,Coastal,12,0,0.0,False,0.0,Sandy,Before
USC00287486,40.5944,-75.1897,RIEGELSVILLE,12,0,0.0,11.326358354940554,Coastal,12,0,0.0,False,0.0,Sandy,Before
USC00287587,41.0917,-74.2683,RINGWOOD,12,0,0.0,6.798587655796218,Coastal,12,0,0.0,False,0.0,Sandy,Before
USC00287850,39.5697,-75.4617,SALEM,12,12,100.0,15.548334696086698,Coastal,0,0,0.0,True,50.0,Sandy,Before
USC00287865,40.4633,-74.0056,SANDY HOOK,12,1,8.33,6.7847065320849,Coastal,11,1,9.09,False,8.71,Sandy,Before
USC00288173,39.8367,-75.0447,SOMERDALE 4 SW,12,0,0.0,0.0,Coastal,12,1,8.33,False,4.16,Sandy,Before
USC00288644,41.2186,-74.6211,SUSSEX 1 NW,12,0,0.0,37.285298154899984,Coastal,12,1,8.33,False,4.16,Sandy,Before
USC00288816,39.95,-74.2167,TOMS RIVER,12,12,100.0,0.0,Coastal,0,0,0.0,True,50.0,Sandy,Before
USC00288880,40.285,-74.8419,EWING 3 WNW,12,12,100.0,0.34973507068648807,Coastal,0,0,0.0,True,50.0,Sandy,Before
USC00289187,41.0417,-74.2972,WANAQUE RAYMOND DAM,12,0,0.0,0.0,Coastal,12,0,0.0,False,0.0,Sandy,Before
USC00289363,40.4519,-74.7792,WERTSVILLE 4 NE,12,0,0.0,11.798625002605455,Coastal,12,0,0.0,False,0.0,Sandy,Before
USC00289450,39.8408,-75.2317,WEST DEPTFORD,12,12,100.0,0.0,Coastal,0,0,0.0,True,50.0,Sandy,Before
USC00289832,41.0139,-74.0425,WOODCLIFF LAKE,12,0,0.0,0.0,Coastal,12,3,25.0,True,12.5,Sandy,Before
USC00300063,42.4722,-73.9281,ALCOVE DAM,12,0,0.0,26.973428956014324,Coastal,12,1,8.33,False,4.16,Sandy,Before
USC00300254,42.1394,-74.6536,ARKVILLE 2 W,12,0,0.0,72.6384443531908,Rural,12,2,16.67,False,8.34,Sandy,Before
USC00300364,40.9344,-72.7408,BAITING HOLLOW,12,0,0.0,19.904875407850806,Coastal,12,1,8.33,False,4.16,Sandy,Before
USC00300732,41.5311,-74.4803,BLOOMINGBURG 2 SW,12,0,0.0,9.728378031257424,Coastal,12,1,8.33,False,4.16,Sandy,Before
USC00300889,40.9519,-72.2978,BRIDGEHAMPTON,12,0,0.0,59.39889061693759,Rural,12,1,8.33,False,4.16,Sandy,Before
USC00300961,40.8372,-73.8497,BRONX,12,0,0.0,0.0,Coastal,12,3,25.0,True,12.5,Sandy,Before
USC00301095,42.3167,-74.0331,CAIRO 3 NW,12,0,0.0,47.1981304740029,Coastal,12,1,8.33,False,4.16,Sandy,Before
USC00301102,41.8275,-74.9506,CALLICOON CTR,12,0,0.0,77.4224513692664,Rural,12,1,8.33,False,4.16,Sandy,Before
USC00301211,41.4725,-73.655,CARMEL 4N,12,0,0.0,16.146642494827198,Coastal,12,0,0.0,False,0.0,Sandy,Before
USC00301309,40.8833,-73.3731,CENTERPORT,12,0,0.0,0.0,Coastal,12,1,8.33,False,4.16,Sandy,Before
USC00301521,41.9136,-74.5722,CLARYVILLE,12,8,66.67,57.34697214746687,Rural,4,1,25.0,True,45.84,Sandy,Before
USC00301761,42.1131,-73.5522,COPAKE,12,3,25.0,50.399385603384346,Rural,9,1,11.11,False,18.06,Sandy,Before
USC00302036,42.2533,-74.905,DELHI 2 SE,12,12,100.0,104.77445958950251,Rural,0,0,0.0,True,50.0,Sandy,Before
USC00302060,42.0628,-75.4264,DEPOSIT,12,0,0.0,46.95071943269806,Coastal,12,0,0.0,False,0.0,Sandy,Before
USC00302129,41.0072,-73.8344,DOBBS FERRY-ARDSLEY,12,12,100.0,0.0,Coastal,0,0,0.0,True,50.0,Sandy,Before
USC00302151,40.7211,-73.0908,MOLLOY CERCOM,12,0,0.0,0.21224572850473752,Coastal,12,4,33.33,True,16.66,Sandy,Before
USC00302169,42.0772,-74.9828,DOWNSVILLE DAM,12,3,25.0,96.16042806256017,Rural,9,1,11.11,False,18.06,Sandy,Before
USC00302366,42.2344,-74.1444,E JEWETT,12,0,0.0,37.27720572280359,Coastal,12,2,16.67,False,8.34,Sandy,Before
USC00302454,42.3328,-75.2297,E SIDNEY,12,0,0.0,75.91573754646326,Rural,12,2,16.67,False,8.34,Sandy,Before
USC00302582,41.7167,-74.4,ELLENVILLE,12,11,91.67,35.023861567324786,Coastal,1,0,0.0,True,45.84,Sandy,Before
USC00304025,42.2475,-73.7922,HUDSON CORRECTIONAL FACILITY,12,0,0.0,42.306900258662175,Coastal,12,3,25.0,True,12.5,Sandy,Before
USC00304575,42.4486,-74.4653,LANSING MANOR,12,1,8.33,71.07871643619973,Rural,11,3,27.27,True,17.8,Sandy,Before
USC00304731,41.8017,-74.74,LIBERTY 1 NE,12,4,33.33,59.31045113531096,Rural,8,0,0.0,True,16.66,Sandy,Before
USC00305113,42.4694,-75.0106,EMMONS,12,0,0.0,80.55548140483761,Rural,12,2,16.67,False,8.34,Sandy,Before
USC00305142,40.9886,-72.5103,MATTITUCK,12,8,66.67,44.47486568301575,Coastal,4,2,50.0,True,58.34,Sandy,Before
USC00305310,41.4603,-74.4489,MIDDLETOWN 2 NW,12,9,75.0,0.600917259499183,Coastal,3,0,0.0,True,37.5,Sandy,Before
USC00305377,40.7328,-73.6183,MINEOLA,12,9,75.0,0.0,Coastal,3,2,66.67,True,70.84,Sandy,Before
USC00305426,41.7719,-74.1536,MOHONK LAKE,12,0,0.0,21.240259963867075,Coastal,12,3,25.0,True,12.5,Sandy,Before
USC00305606,40.9331,-73.0192,MT SINAI,12,0,0.0,0.0,Coastal,12,2,16.67,False,8.34,Sandy,Before
USC00305816,40.7106,-74.0142,WORLD TRADE CTR,12,12,100.0,0.0,Coastal,0,0,0.0,True,50.0,Sandy,Before
USC00306217,42.4603,-75.0642,ONEONTA,12,0,0.0,81.98973247734702,Rural,12,2,16.67,False,8.34,Sandy,Before
USC00306570,42.0675,-74.3356,PHONECIA 2SW,12,0,0.0,35.63511396156184,Coastal,12,1,8.33,False,4.16,Sandy,Before
USC00306649,42.1389,-74.0914,PLATTE CLOVE,12,0,0.0,21.77156567296817,Coastal,12,1,8.33,False,4.16,Sandy,Before
USC00306774,41.3892,-74.6906,PORT JERVIS,12,0,0.0,29.407000306058308,Coastal,12,1,8.33,False,4.16,Sandy,Before
USC00306820,41.7269,-73.9203,POUGHKEEPSIE,12,1,8.33,0.0,Coastal,11,1,9.09,False,8.71,Sandy,Before
USC00307035,41.8847,-73.8686,RHINEBECK 4SE,12,1,8.33,13.133688330623944,Coastal,11,1,9.09,False,8.71,Sandy,Before
USC00307134,40.9625,-72.7161,RIVERHEAD RSCH FARM,12,0,0.0,24.154351037023325,Coastal,12,0,0.0,False,0.0,Sandy,Before
USC00307210,41.5917,-74.6142,ROCK HILL 3 SW,12,0,0.0,26.05773445447197,Coastal,12,1,8.33,False,4.16,Sandy,Before
USC00307274,41.8481,-74.0472,ROSENDALE 2 E,12,3,25.0,10.711072384501854,Coastal,9,1,11.11,False,18.06,Sandy,Before
USC00307633,40.9586,-73.1047,SETAUKET STRONG,12,9,75.0,0.0,Coastal,3,3,100.0,True,87.5,Sandy,Before
USC00307742,41.3325,-73.8369,SHRUB OAK,12,12,100.0,0.0,Coastal,0,0,0.0,True,50.0,Sandy,Before
USC00307799,42.0167,-74.4167,SLIDE MTN,12,0,0.0,41.73800118854606,Coastal,12,1,8.33,False,4.16,Sandy,Before
USC00308670,42.3542,-75.3242,UNADILLA 2 N,12,0,0.0,67.16298772605079,Rural,12,2,16.67,False,8.34,Sandy,Before
USC00308721,40.8656,-72.8642,UPTON COOP - NWSFO NEW YORK,12,0,0.0,3.631238865270785,Coastal,12,2,16.67,False,8.34,Sandy,Before
USC00308906,41.5514,-74.1628,WALDEN 1 ESE,12,9,75.0,4.775991728141058,Coastal,3,0,0.0,True,37.5,Sandy,Before
USC00308932,42.1847,-75.1456,WALTON 2,12,1,8.33,79.26436111588636,Rural,11,2,18.18,False,13.26,Sandy,Before
USC00308946,40.655,-73.5053,WANTAGH CEDAR CREEK,12,9,75.0,0.0,Coastal,3,2,66.67,True,70.84,Sandy,Before
USC00309292,41.3906,-73.9608,W PT,12,0,0.0,8.578047190550036,Coastal,12,3,25.0,True,12.5,Sandy,Before
USC00309670,41.2664,-73.7975,YORKTOWN HTS 1W,12,10,83.33,7.015934140935521,Coastal,2,0,0.0,True,41.66,Sandy,Before
USC00361080,40.5,-75.2042,BUCKSVILLE,12,3,25.0,15.281921185020545,Coastal,9,0,0.0,False,12.5,Sandy,Before
USC00361737,40.0744,-75.3178,CONSHOHOCKEN,12,0,0.0,0.0,Coastal,12,0,0.0,False,0.0,Sandy,Before
USC00362671,41.8722,-75.2656,EQUINUNK 2 NW,12,0,0.0,68.99667400389663,Rural,12,1,8.33,False,4.16,Sandy,Before
USC00363437,40.2294,-75.4242,GRATERFORD 1 E,12,1,8.33,3.0850397661606204,Coastal,11,0,0.0,False,4.16,Sandy,Before
USC00363488,40.3422,-75.4783,GREEN LANE,12,0,0.0,13.660397992354893,Coastal,12,2,16.67,False,8.34,Sandy,Before
USC00363758,41.4764,-75.1653,HAWLEY 1 E,12,0,0.0,48.625407364738095,Coastal,12,2,16.67,False,8.34,Sandy,Before
USC00365390,39.8253,-75.4283,MARCUS HOOK,12,0,0.0,0.0,Coastal,12,1,8.33,False,4.16,Sandy,Before
USC00365470,41.3914,-74.7172,MATAMORAS,12,0,0.0,32.14854577313668,Coastal,12,1,8.33,False,4.16,Sandy,Before
USC00365738,41.6725,-75.0642,MILANVILLE,12,0,0.0,66.35842010689449,Rural,12,2,16.67,False,8.34,Sandy,Before
USC00366194,40.1483,-74.953,NESHAMINY FALLS,12,0,0.0,0.0,Coastal,12,2,16.67,False,8.34,Sandy,Before
USC00366370,40.1097,-75.3369,NORRISTOWN,12,0,0.0,0.0,Coastal,12,1,8.33,False,4.16,Sandy,Before
USC00366886,39.9586,-75.1728,PHILA FRANKLIN INST,12,0,0.0,0.0,Coastal,12,2,16.67,False,8.34,Sandy,Before
USC00366927,40.1208,-75.4878,PHOENIXVILLE 1 E,12,0,0.0,0.0,Coastal,12,1,8.33,False,4.16,Sandy,Before
USC00367029,41.7394,-75.4464,PLEASANT MT 1 W,12,1,8.33,41.01877450654675,Coastal,11,1,9.09,False,8.71,Sandy,Before
USC00367040,41.2808,-75.3958,POCONO PEAK LAKE,12,0,0.0,30.222493973492245,Coastal,12,1,8.33,False,4.16,Sandy,Before
USC00367186,41.5889,-75.3303,PROMPTON DAM,12,1,8.33,34.296897024874454,Coastal,11,1,9.09,False,8.71,Sandy,Before
USC00367938,40.3553,-75.3131,SELLERSVILLE,12,0,0.0,0.0,Coastal,12,1,8.33,False,4.16,Sandy,Before
USC00368263,40.1719,-75.0361,SOUTHAMPTON,12,4,33.33,0.0,Coastal,8,0,0.0,True,16.66,Sandy,Before
USC00368400,40.5711,-75.2781,SPRINGTOWN 1 NNE,12,0,0.0,7.04670815908354,Coastal,12,1,8.33,False,4.16,Sandy,Before
USC00368596,41.0147,-75.2072,E STROUDSBURG,12,0,0.0,0.0,Coastal,12,3,25.0,True,12.5,Sandy,Before
USW00004781,40.7939,-73.1019,ISLIP-LI MACARTHUR AP,12,0,0.0,0.0,Coastal,12,4,33.33,True,16.66,Sandy,Before
USW00004789,41.5092,-74.2644,MONTGOMERY ORANGE CO AP,12,3,25.0,11.974093554822776,Coastal,9,3,33.33,True,29.16,Sandy,Before
USW00013739,39.8733,-75.2269,PHILA INTL AP,12,0,0.0,0.45839567129645004,Coastal,12,1,8.33,False,4.16,Sandy,Before
USW00014707,41.3281,-72.0489,GROTON NEW LONDON AP,12,0,0.0,0.0,Coastal,12,0,0.0,False,0.0,Sandy,Before
USW00014719,40.8506,-72.6192,WESTHAMPTON GABRESKI AP,12,0,0.0,25.341582950342286,Coastal,12,3,25.0,True,12.5,Sandy,Before
USW00014732,40.7794,-73.8803,LAGUARDIA AP,12,0,0.0,0.0,Coastal,12,3,25.0,True,12.5,Sandy,Before
USW00014734,40.6828,-74.1692,NEWARK LIBERTY INTL AP,12,0,0.0,0.0,Coastal,12,3,25.0,True,12.5,Sandy,Before
USW00014737,40.6497,-75.4478,ALLENTOWN LEHIGH VLY INTL AP,12,0,0.0,0.0,Coastal,12,4,33.33,True,16.66,Sandy,Before
USW00014740,41.9375,-72.6819,HARTFORD-BRADLEY INTL AP,12,0,0.0,0.0,Coastal,12,5,41.67,True,20.84,Sandy,Before
USW00014752,41.7353,-72.6511,HARTFORD BRAINARD FLD,12,0,0.0,0.0,Coastal,12,4,33.33,True,16.66,Sandy,Before
USW00014757,41.6258,-73.8817,POUGHKEEPSIE AP,12,0,0.0,1.8244784100749831,Coastal,12,3,25.0,True,12.5,Sandy,Before
USW00014758,41.2589,-72.8892,NEW HAVEN TWEED AP,12,0,0.0,0.0,Coastal,12,3,25.0,True,12.5,Sandy,Before
USW00014763,42.4269,-73.2892,PITTSFIELD MUNI AP,12,0,0.0,2.11943686033872,Coastal,12,5,41.67,True,20.84,Sandy,Before
USW00014775,42.16,-72.7125,WESTFIELD BARNES MUNI AP,12,2,16.67,0.0,Coastal,10,4,40.0,True,28.34,Sandy,Before
USW00014792,40.2769,-74.8158,TRENTON-MERCER AP,12,0,0.0,0.0,Coastal,12,2,16.67,False,8.34,Sandy,Before
USW00014793,40.2,-75.15,WILLOW GROVE NAS,12,12,100.0,0.0,Coastal,0,0,0.0,True,50.0,Sandy,Before
USW00054734,41.3722,-73.4833,DANBURY MUNI AP,12,2,16.67,0.0,Coastal,10,3,30.0,True,23.34,Sandy,Before
USW00054743,40.8764,-74.2828,CALDWELL ESSEX CO AP,12,0,0.0,0.0,Coastal,12,3,25.0,True,12.5,Sandy,Before
USW00054767,41.7425,-72.1825,WILLIMANTIC WINDHAM AP,12,0,0.0,2.2207838403472877,Coastal,12,4,33.33,True,16.66,Sandy,Before
USW00054779,41.0092,-74.7364,AEROFLEX-ANDOVER AP,12,0,0.0,10.679164690951618,Coastal,12,3,25.0,True,12.5,Sandy,Before
USW00054785,40.6242,-74.6689,SOMERSET AP,12,0,0.0,0.0,Coastal,12,4,33.33,True,16.66,Sandy,Before
USW00054786,40.3303,-75.1228,DOYLESTOWN AP,12,1,8.33,0.0,Coastal,11,1,9.09,False,8.71,Sandy,Before
USW00054787,40.7344,-73.4164,FARMINGDALE REPUBLIC AP,12,0,0.0,0.0,Coastal,12,3,25.0,True,12.5,Sandy,Before
USW00054788,41.5097,-72.8278,MERIDEN MARKHAM MUNI AP,12,0,0.0,0.0,Coastal,12,3,25.0,True,12.5,Sandy,Before
USW00054789,41.1369,-75.3772,MT POCONO POCONO MOUNTAINS MUN,12,0,0.0,23.38567464016048,Coastal,12,3,25.0,True,12.5,Sandy,Before
USW00054790,40.8211,-72.8675,SHIRLEY BROOKHAVEN AP,12,0,0.0,0.0,Coastal,12,3,25.0,True,12.5,Sandy,Before
USW00054793,41.1992,-74.6258,SUSSEX AP,12,0,0.0,34.54491307954835,Coastal,12,3,25.0,True,12.5,Sandy,Before
USW00064756,41.7858,-73.7422,MILLBROOK 3 W,12,0,0.0,19.195612855000874,Coastal,12,4,33.33,True,16.66,Sandy,Before
USW00093780,39.9408,-74.8408,S JERSEY RGNL AP,12,0,0.0,0.0,Coastal,12,1,8.33,False,4.16,Sandy,Before
USW00094702,41.1642,-73.1267,IGOR I SIKORSKY MEM AP,12,0,0.0,0.0,Coastal,12,3,25.0,True,12.5,Sandy,Before
USW00094728,40.7789,-73.9692,NY CITY CNTRL PARK,12,0,0.0,0.0,Coastal,12,3,25.0,True,12.5,Sandy,Before
USW00094732,40.0789,-75.0133,NE PHILA AP,12,0,0.0,0.0,Coastal,12,2,16.67,False,8.34,Sandy,Before
USW00094741,40.8589,-74.0561,TETERBORO AP,12,0,0.0,0.0,Coastal,12,3,25.0,True,12.5,Sandy,Before
USW00094745,41.0622,-73.7044,WESTCHESTER CO AP,12,0,0.0,0.0,Coastal,12,4,33.33,True,16.66,Sandy,Before
USW00094789,40.6392,-73.7639,JFK INTL AP,12,0,0.0,0.0,Coastal,12,3,25.0,True,12.5,Sandy,Before
US1CTFR0002,41.423,-73.5187,DANBURY 2.8 WNW,12,7,58.33,0.0,Coastal,5,0,0.0,True,29.16,Sandy,After
US1CTFR0003,41.1486,-73.4591,NEW CANAAN 1.9 ENE,12,12,100.0,0.0,Coastal,0,0,0.0,True,50.0,Sandy,After
US1CTFR0005,41.1028,-73.4893,DARIEN 3.6 N,12,12,100.0,0.0,Coastal,0,0,0.0,True,50.0,Sandy,After
US1CTFR0009,41.4406,-73.3904,BROOKFIELD 3.3 SSE,12,0,0.0,1.2591867138231896,Coastal,12,0,0.0,False,0.0,Sandy,After
US1CTFR0012,41.1306,-73.5961,STAMFORD 3.3 NW,12,12,100.0,1.1677609030426466,Coastal,0,0,0.0,True,50.0,Sandy,After
US1CTFR0020,41.1328,-73.3003,WESTPORT 2.5 ENE,12,3,25.0,0.5561186362934997,Coastal,9,1,11.11,False,18.06,Sandy,After
US1CTFR0063,41.2113,-73.4693,WILTON 1.9 NW,12,12,100.0,3.663010232182178,Coastal,0,0,0.0,True,50.0,Sandy,After
US1CTHR0005,41.9563,-72.573,ENFIELD 1.5 SE,12,0,0.0,1.7998164119780848,Coastal,12,1,8.33,False,4.16,Sandy,After
US1CTHR0006,41.6926,-72.6909,WETHERSFIELD 1.2 WSW,12,0,0.0,0.0,Coastal,12,0,0.0,False,0.0,Sandy,After
US1CTHR0007,41.7476,-72.5519,CENTRAL MANCHESTER 2.7 SW,12,11,91.67,1.3009013619350571,Coastal,1,0,0.0,True,45.84,Sandy,After
US1CTHR0008,42.0244,-72.8207,NORTH GRANBY 1.3 ENE,12,0,0.0,12.531369269065069,Coastal,12,1,8.33,False,4.16,Sandy,After
US1CTHR0009,41.8029,-72.7767,WEST HARTFORD 2.7 NNW,12,2,16.67,0.6846830823625238,Coastal,10,1,10.0,False,13.34,Sandy,After
US1CTHR0011,41.7302,-72.7401,WEST HARTFORD 2.7 SSE,12,12,100.0,0.0,Coastal,0,0,0.0,True,50.0,Sandy,After
US1CTHR0012,41.6228,-72.4765,MARLBOROUGH 1.7 W,12,11,91.67,15.38841903508122,Coastal,1,0,0.0,True,45.84,Sandy,After
US1CTLT0003,41.921,-73.055,WINSTED 0.7 SE,12,11,91.67,28.758162264380246,Coastal,1,0,0.0,True,45.84,Sandy,After
US1CTLT0005,41.961,-73.09,WINSTED 2.6 NNW,12,12,100.0,35.88416168577681,Coastal,0,0,0.0,True,50.0,Sandy,After
US1CTLT0007,41.7744,-73.169,LITCHFIELD 2.3 NNE,12,3,25.0,24.40488926970221,Coastal,9,0,0.0,False,12.5,Sandy,After
US1CTMD0001,41.5779,-72.4866,EAST HAMPTON 0.6 NE,12,9,75.0,15.678983137398511,Coastal,3,0,0.0,True,37.5,Sandy,After
US1CTMD0002,41.5709,-72.626,PORTLAND 0.9 S,12,0,0.0,0.13682146234429163,Coastal,12,0,0.0,False,0.0,Sandy,After
US1CTMD0005,41.2965,-72.4413,WESTBROOK CENTER 1.1 N,12,2,16.67,33.59414801933808,Coastal,10,0,0.0,False,8.34,Sandy,After
US1CTNH0009,41.2057,-73.0138,MILFORD 2.9 ESE,12,7,58.33,0.15123947860786585,Coastal,5,0,0.0,True,29.16,Sandy,After
US1CTNH0013,41.3243,-72.9506,NEW HAVEN 1.7 NW,12,0,0.0,0.0,Coastal,12,0,0.0,False,0.0,Sandy,After
US1CTNH0014,41.5124,-72.9437,PROSPECT 1.9 ENE,12,0,0.0,1.6235666507295108,Coastal,12,1,8.33,False,4.16,Sandy,After
US1CTNH0015,41.363,-73.128,SEYMOUR 3.6 SW,12,5,41.67,1.6737020308942605,Coastal,7,0,0.0,True,20.84,Sandy,After
US1CTNL0005,41.4752,-72.2055,OAKDALE 2.6 WNW,12,11,91.67,11.215952699331522,Coastal,1,0,0.0,True,45.84,Sandy,After
US1CTTL0004,41.7414,-72.2174,MANSFIELD CENTER 1.9 SW,12,8,66.67,0.0,Coastal,4,0,0.0,True,33.34,Sandy,After
US1CTWN0001,41.9252,-72.0924,WOODSTOCK VALLEY 1.4 SW,12,12,100.0,29.314866860090827,Coastal,0,0,0.0,True,50.0,Sandy,After
US1CTWN0003,41.8442,-72.0379,POMFRET CENTER 4.9 SW,12,11,91.67,23.378604636313977,Coastal,1,0,0.0,True,45.84,Sandy,After
US1MABE0002,42.1998,-73.3551,GREAT BARRINGTON 0.4 N,12,12,100.0,35.51033894189232,Coastal,0,0,0.0,True,50.0,Sandy,After
US1MABE0003,42.2898,-73.3195,STOCKBRIDGE .2 NNE,12,0,0.0,21.415245282368243,Coastal,12,4,33.33,True,16.66,Sandy,After
US1MABE0004,42.2591,-73.1321,BECKET 5.6 SSW,12,10,83.33,28.51623083348685,Coastal,2,0,0.0,True,41.66,Sandy,After
US1MABE0005,42.2529,-73.2313,TYRINGHAM 1.5 WNW,12,10,83.33,26.013566297200416,Coastal,2,0,0.0,True,41.66,Sandy,After
US1MAFR0008,42.4562,-72.3441,NEW SALEM 3.1 S,12,12,100.0,20.630578567637414,Coastal,0,0,0.0,True,50.0,Sandy,After
US1MAFR0012,42.4522,-72.5661,SUNDERLAND 1.3 SE,12,12,100.0,6.7409126665233225,Coastal,0,0,0.0,True,50.0,Sandy,After
US1MAHD0007,42.1136,-72.53,SPRINGFIELD 0.5 ESE,12,12,100.0,0.0,Coastal,0,0,0.0,True,50.0,Sandy,After
US1MAHD0009,42.1098,-72.4581,WILBRAHAM 2.1 SSW,12,0,0.0,1.9292541020808414,Coastal,12,1,8.33,False,4.16,Sandy,After
US1MAHD0056,42.2276,-72.6228,HOLYOKE 1.4 NE,12,12,100.0,0.0,Coastal,0,0,0.0,True,50.0,Sandy,After
US1MAHS0002,42.2794,-72.787,WESTHAMPTON 1.8 SW,12,1,8.33,10.629822388724245,Coastal,11,2,18.18,False,13.26,Sandy,After
US1MAWR0006,42.0842,-72.0225,SOUTHBRIDGE 0.6 E,12,9,75.0,23.42621261091501,Coastal,3,0,0.0,True,37.5,Sandy,After
US1MAWR0118,42.0528,-72.1269,STURBRIDGE 4.6 SW,12,0,0.0,35.405827175376906,Coastal,12,0,0.0,False,0.0,Sandy,After
US1NJAT0001,39.5483,-74.8671,BUENA VISTA TWP 2.6 NNE,12,0,0.0,15.274576466561049,Coastal,12,2,16.67,False,8.34,Sandy,After
US1NJAT0002,39.5565,-74.8048,HAMILTON TWP 5.5 NW,12,4,33.33,19.974146443389593,Coastal,8,2,25.0,True,29.16,Sandy,After
US1NJAT0005,39.6404,-74.8261,HAMMONTON 3.3 WSW,12,0,0.0,17.202629465602485,Coastal,12,2,16.67,False,8.34,Sandy,After
US1NJAT0051,39.6429,-74.7895,HAMMONTON 1.5 SW,12,12,100.0,20.180423993305592,Coastal,0,0,0.0,True,50.0,Sandy,After
US1NJBG0002,40.9027,-74.0834,SADDLE BROOK TWP 0.6 E,12,5,41.67,0.0,Coastal,7,0,0.0,True,20.84,Sandy,After
US1NJBG0003,40.9147,-73.9775,TENAFLY 1.3 W,12,0,0.0,0.0,Coastal,12,1,8.33,False,4.16,Sandy,After
US1NJBG0006,41.0586,-74.1341,RAMSEY 0.6 E,12,12,100.0,0.0,Coastal,0,0,0.0,True,50.0,Sandy,After
US1NJBG0008,40.9071,-74.0934,SADDLE BROOK TWP 0.3 NNE,12,12,100.0,0.0,Coastal,0,0,0.0,True,50.0,Sandy,After
US1NJBG0010,40.9915,-74.0123,RIVER VALE TWP 1.5 S,12,11,91.67,0.0,Coastal,1,1,100.0,True,95.84,Sandy,After
US1NJBG0015,40.7915,-74.1398,NORTH ARLINGTON 0.7 WNW,12,0,0.0,0.0,Coastal,12,3,25.0,True,12.5,Sandy,After
US1NJBG0017,40.9511,-74.1183,GLEN ROCK 0.7 SSE,12,0,0.0,0.0,Coastal,12,2,16.67,False,8.34,Sandy,After
US1NJBG0018,40.8481,-74.0002,PALISADES PARK 0.2 WNW,12,0,0.0,0.0,Coastal,12,0,0.0,False,0.0,Sandy,After
US1NJBG0023,41.0191,-74.2334,OAKLAND 0.9 SSE,12,0,0.0,0.0,Coastal,12,1,8.33,False,4.16,Sandy,After
US1NJBG0029,41.0328,-74.245,OAKLAND 0.2 WNW,12,0,0.0,0.0,Coastal,12,0,0.0,False,0.0,Sandy,After
US1NJBG0030,41.0253,-74.2236,OAKLAND 1.0 ESE,12,0,0.0,0.0,Coastal,12,0,0.0,False,0.0,Sandy,After
US1NJBG0033,40.8536,-74.0943,WOOD RIDGE 0.6 NNW,12,5,41.67,0.0,Coastal,7,0,0.0,True,20.84,Sandy,After
US1NJBT0003,40.0786,-74.8209,BURLINGTON 1.7 E,12,0,0.0,0.0,Coastal,12,2,16.67,False,8.34,Sandy,After
US1NJBT0004,39.9684,-74.8648,MOUNT LAUREL TWP 2.5 ENE,12,2,16.67,0.15606513659271268,Coastal,10,1,10.0,False,13.34,Sandy,After
US1NJBT0005,39.8315,-74.8083,MEDFORD TWP 2.4 SSE,12,1,8.33,5.520292005412539,Coastal,11,1,9.09,False,8.71,Sandy,After
US1NJBT0006,39.9716,-74.9343,MOORESTOWN TWP 0.6 SE,12,0,0.0,0.0,Coastal,12,1,8.33,False,4.16,Sandy,After
US1NJBT0007,40.1146,-74.6393,CHESTERFIELD TWP 0.4 ESE,12,0,0.0,6.464275183117036,Coastal,12,1,8.33,False,4.16,Sandy,After
US1NJBT0010,39.9164,-74.5788,PEMBERTON TWP 3.0 SSE,12,10,83.33,7.658138945214062,Coastal,2,0,0.0,True,41.66,Sandy,After
US1NJBT0011,40.0672,-74.8223,BURLINGTON TWP 0.9 ENE,12,12,100.0,0.0,Coastal,0,0,0.0,True,50.0,Sandy,After
US1NJBT0018,39.8596,-74.8537,MEDFORD TWP 1.7 W,12,10,83.33,1.3240276016315857,Coastal,2,2,100.0,True,91.66,Sandy,After
US1NJBT0022,39.9407,-74.7456,SOUTHAMPTON TWP 2.4 NW,12,12,100.0,6.329588122159794,Coastal,0,0,0.0,True,50.0,Sandy,After
US1NJBT0023,40.0085,-74.908,MOORESTOWN TWP 2.7 NE,12,5,41.67,0.0,Coastal,7,1,14.29,True,27.98,Sandy,After
US1NJBT0025,39.821,-74.5383,WOODLAND TWP 1.8 SW,12,1,8.33,22.03073918346565,Coastal,11,4,36.36,True,22.34,Sandy,After
US1NJBT0027,39.9448,-74.9128,MOUNT LAUREL TWP 0.5 WSW,12,12,100.0,0.0,Coastal,0,0,0.0,True,50.0,Sandy,After
US1NJBT0028,39.8572,-74.817,MEDFORD LAKES 0.6 W,12,0,0.0,1.7328479530121208,Coastal,12,1,8.33,False,4.16,Sandy,After
US1NJBT0029,39.854,-74.6807,TABERNACLE TWP 2.7 NNW,12,0,0.0,14.927659193116678,Coastal,12,1,8.33,False,4.16,Sandy,After
US1NJBT0032,39.8378,-74.7467,TABERNACLE TWP 5.0 WNW,12,0,0.0,8.714517572814948,Coastal,12,1,8.33,False,4.16,Sandy,After
US1NJBT0035,39.9321,-74.7736,SOUTHAMPTON TWP 3.2 WNW,12,1,8.33,5.292706710072398,Coastal,11,1,9.09,False,8.71,Sandy,After
US1NJBT0036,39.8594,-74.7971,MEDFORD LAKES 0.4 ENE,12,3,25.0,2.3129570329149827,Coastal,9,1,11.11,False,18.06,Sandy,After
US1NJBT0037,39.9664,-74.8293,HAINESPORT TWP 0.8 SSE,12,0,0.0,0.5107979332619397,Coastal,12,1,8.33,False,4.16,Sandy,After
US1NJBT0040,39.9071,-74.717,SOUTHAMPTON TWP 0.5 S,12,3,25.0,11.15023112665367,Coastal,9,1,11.11,False,18.06,Sandy,After
US1NJBT0041,39.9296,-74.8779,MOUNT LAUREL TWP 1.9 SE,12,12,100.0,0.0,Coastal,0,0,0.0,True,50.0,Sandy,After
US1NJBT0045,39.9551,-74.6817,PEMBERTON 1.1 S,12,6,50.0,8.609444062553274,Coastal,6,0,0.0,True,25.0,Sandy,After
US1NJBT0050,39.972,-74.685,PEMBERTON 0.1 NE,12,12,100.0,7.079393569347285,Coastal,0,0,0.0,True,50.0,Sandy,After
US1NJBT0052,39.9971,-74.7772,MOUNT HOLLY TWP 0.5 ENE,12,6,50.0,0.0,Coastal,6,1,16.67,True,33.34,Sandy,After
US1NJCN0001,39.9471,-75.0408,MERCHANTVILLE 0.5 ESE,12,0,0.0,0.0,Coastal,12,1,8.33,False,4.16,Sandy,After
US1NJCN0005,39.7109,-74.9679,WINSLOW TWP 3.5 W,12,0,0.0,0.0,Coastal,12,1,8.33,False,4.16,Sandy,After
US1NJCN0011,39.81,-74.9357,BERLIN TWP 0.6 WNW,12,0,0.0,0.0,Coastal,12,2,16.67,False,8.34,Sandy,After
US1NJCN0015,39.8315,-75.0244,STRATFORD 0.5 WNW,12,0,0.0,0.0,Coastal,12,1,8.33,False,4.16,Sandy,After
US1NJCN0017,39.8183,-74.9956,LINDENWOLD 0.3 WNW,12,2,16.67,0.0,Coastal,10,1,10.0,False,13.34,Sandy,After
US1NJCN0019,39.8933,-75.0942,MOUNT EPHRAIM 0.9 N,12,0,0.0,0.0,Coastal,12,2,16.67,False,8.34,Sandy,After
US1NJCN0020,39.765,-74.9615,BERLIN 2.2 SW,12,1,8.33,0.0,Coastal,11,1,9.09,False,8.71,Sandy,After
US1NJES0010,40.8255,-74.2531,VERONA TWP 0.7 SW,12,12,100.0,0.0,Coastal,0,0,0.0,True,50.0,Sandy,After
US1NJES0011,40.8648,-74.2157,CEDAR GROVE TWP 0.9 NE,12,10,83.33,0.0,Coastal,2,0,0.0,True,41.66,Sandy,After
US1NJES0015,40.8565,-74.2004,MONTCLAIR 2.2 NNE,12,0,0.0,0.0,Coastal,12,0,0.0,False,0.0,Sandy,After
US1NJES0018,40.7245,-74.2595,MAPLEWOOD TWP 0.9 SE,12,0,0.0,0.0,Coastal,12,2,16.67,False,8.34,Sandy,After
US1NJES0019,40.8615,-74.2775,WEST CALDWELL TWP 1.3 NE,12,2,16.67,0.0,Coastal,10,0,0.0,False,8.34,Sandy,After
US1NJES0020,40.785,-74.1885,BLOOMFIELD 1.7 S,12,0,0.0,0.0,Coastal,12,1,8.33,False,4.16,Sandy,After
US1NJES0021,40.8305,-74.2539,VERONA TWP 0.6 WSW,12,12,100.0,0.0,Coastal,0,0,0.0,True,50.0,Sandy,After
US1NJGL0001,39.7332,-75.1331,PITMAN 0.1 W,12,0,0.0,0.0,Coastal,12,2,16.67,False,8.34,Sandy,After
US1NJGL0006,39.5936,-75.0692,FRANKLIN TWP 2.7 W,12,0,0.0,8.664886978243869,Coastal,12,2,16.67,False,8.34,Sandy,After
US1NJGL0008,39.6465,-75.1141,ELK TWP 2.5 ESE,12,12,100.0,6.242610007499112,Coastal,0,0,0.0,True,50.0,Sandy,After
US1NJGL0010,39.7555,-75.236,MULLICA HILL 1.3 NNW,12,5,41.67,4.800804991560766,Coastal,7,1,14.29,True,27.98,Sandy,After
US1NJGL0011,39.6991,-75.2876,WOOLWICH TWP 3.2 SSE,12,0,0.0,10.79606777498846,Coastal,12,2,16.67,False,8.34,Sandy,After
US1NJGL0012,39.7739,-75.0925,WASHINGTON TWP 2.1 NNW,12,5,41.67,0.0,Coastal,7,2,28.57,True,35.12,Sandy,After
US1NJGL0015,39.6916,-75.0596,MONROE TWP 5.1 WNW,12,1,8.33,3.4275042716659763,Coastal,11,3,27.27,True,17.8,Sandy,After
US1NJGL0017,39.7111,-75.1402,GLASSBORO 1.6 WNW,12,4,33.33,0.0,Coastal,8,1,12.5,True,22.92,Sandy,After
US1NJGL0019,39.8286,-75.122,DEPTFORD TWP 0.9 NNW,12,11,91.67,0.0,Coastal,1,1,100.0,True,95.84,Sandy,After
US1NJGL0022,39.8009,-75.2387,EAST GREENWICH TWP 0.7 N,12,4,33.33,0.7019935722624149,Coastal,8,3,37.5,True,35.42,Sandy,After
US1NJGL0023,39.8111,-75.2214,EAST GREENWICH TWP 1.7 NE,12,0,0.0,0.0,Coastal,12,3,25.0,True,12.5,Sandy,After
US1NJGL0024,39.686,-75.1855,ELK TWP 2.2 NW,12,0,0.0,4.404643052126682,Coastal,12,2,16.67,False,8.34,Sandy,After
US1NJGL0029,39.6764,-75.0974,CLAYTON 1.4 NW,12,12,100.0,3.062629720553229,Coastal,0,0,0.0,True,50.0,Sandy,After
US1NJGL0030,39.7242,-75.0607,WASHINGTON TWP 1.7 SSE,12,1,8.33,0.0,Coastal,11,1,9.09,False,8.71,Sandy,After
US1NJGL0031,39.7103,-75.0654,WASHINGTON TWP 2.6 S,12,8,66.67,1.075975181597159,Coastal,4,2,50.0,True,58.34,Sandy,After
US1NJHD0002,40.7729,-74.1409,KEARNY 1.7 NW,12,2,16.67,0.0,Coastal,10,1,10.0,False,13.34,Sandy,After
US1NJHN0001,40.7261,-74.8433,CALIFON 0.6 NW,12,3,25.0,19.8907110610623,Coastal,9,1,11.11,False,18.06,Sandy,After
US1NJHN0002,40.4547,-75.0318,STOCKTON 4.4 NW,12,12,100.0,15.251844148042004,Coastal,0,0,0.0,True,50.0,Sandy,After
US1NJHN0003,40.6418,-74.8827,CLINTON 1.6 ENE,12,1,8.33,17.784351400357913,Coastal,11,0,0.0,False,4.16,Sandy,After
US1NJHN0004,40.6055,-74.9224,FRANKLIN TWP 2.8 NNE,12,0,0.0,21.423438447193156,Coastal,12,0,0.0,False,0.0,Sandy,After
US1NJHN0005,40.5724,-74.8147,READINGTON TWP 2.0 WSW,12,2,16.67,9.848703110439796,Coastal,10,0,0.0,False,8.34,Sandy,After
US1NJHN0007,40.66,-75.008,BETHLEHEM TWP 0.6 S,12,7,58.33,18.14382338622865,Coastal,5,2,40.0,True,49.16,Sandy,After
US1NJHN0008,40.6727,-74.903,HIGH BRIDGE 0.6 WNW,12,12,100.0,21.074887917787336,Coastal,0,0,0.0,True,50.0,Sandy,After
US1NJHN0009,40.5663,-74.9443,FRANKLIN TWP 0.4 W,12,9,75.0,24.23803741873776,Coastal,3,0,0.0,True,37.5,Sandy,After
US1NJHN0010,40.5083,-74.8152,FLEMINGTON 2.3 E,12,0,0.0,13.484155322727212,Coastal,12,0,0.0,False,0.0,Sandy,After
US1NJHN0011,40.594,-74.749,READINGTON TWP 1.8 ENE,12,0,0.0,2.1299297692837142,Coastal,12,0,0.0,False,0.0,Sandy,After
US1NJHN0012,40.6317,-75.1045,HOLLAND TWP 2.6 NNE,12,0,0.0,10.109089145903287,Coastal,12,2,16.67,False,8.34,Sandy,After
US1NJHN0015,40.5091,-74.8549,FLEMINGTON 0.3 E,12,0,0.0,16.9866129045944,Coastal,12,2,16.67,False,8.34,Sandy,After
US1NJHN0018,40.6872,-74.8575,CLINTON TWP 3.9 N,12,0,0.0,17.403493681534044,Coastal,12,1,8.33,False,4.16,Sandy,After
US1NJHN0019,40.6064,-74.871,LEBANON 3.2 SW,12,0,0.0,15.725484173916596,Coastal,12,0,0.0,False,0.0,Sandy,After
US1NJHN0021,40.6841,-74.8389,LEBANON 2.8 N,12,0,0.0,15.418526383101273,Coastal,12,1,8.33,False,4.16,Sandy,After
US1NJHN0022,40.4549,-75.012,KINGWOOD TWP 2.5 S,12,0,0.0,16.483609290206807,Coastal,12,2,16.67,False,8.34,Sandy,After
US1NJHN0025,40.6418,-74.8249,LEBANON 0.5 E,12,8,66.67,11.450859868119204,Coastal,4,1,25.0,True,45.84,Sandy,After
US1NJHN0026,40.5726,-75.0123,ALEXANDRIA TWP 1.5 SE,12,4,33.33,23.52137586204004,Coastal,8,0,0.0,True,16.66,Sandy,After
US1NJHN0027,40.5677,-75.0228,ALEXANDRIA TWP 1.5 SSE,12,12,100.0,23.175840971624027,Coastal,0,0,0.0,True,50.0,Sandy,After
US1NJHN0029,40.5548,-74.7819,FLEMINGTON 5.2 NE,12,0,0.0,6.736063501637556,Coastal,12,0,0.0,False,0.0,Sandy,After
US1NJHN0031,40.5342,-75.0559,FRENCHTOWN 0.5 N,12,5,41.67,24.844211875271263,Coastal,7,0,0.0,True,20.84,Sandy,After
US1NJHN0032,40.6202,-74.9828,UNION TWP 1.2 SW,12,12,100.0,22.505673654957587,Coastal,0,0,0.0,True,50.0,Sandy,After
US1NJMC0001,40.3295,-74.782,PENNINGTON 0.5 ENE,12,2,16.67,0.7051772627617868,Coastal,10,0,0.0,False,8.34,Sandy,After
US1NJMC0002,40.2286,-74.6472,HAMILTON TWP 2.3 NE,12,0,0.0,0.0,Coastal,12,0,0.0,False,0.0,Sandy,After
US1NJMC0003,40.3294,-74.6482,WEST WINDSOR TWP 3.0 NNW,12,7,58.33,0.0,Coastal,5,0,0.0,True,29.16,Sandy,After
US1NJMC0005,40.31,-74.7243,LAWRENCE TWP 1.0 NNW,12,0,0.0,0.26888250930194924,Coastal,12,0,0.0,False,0.0,Sandy,After
US1NJMC0008,40.324,-74.8523,HOPEWELL TWP 2.8 WSW,12,6,50.0,6.049851545997827,Coastal,6,0,0.0,True,25.0,Sandy,After
US1NJMC0009,40.2707,-74.7295,LAWRENCE TWP 1.8 SSW,12,3,25.0,0.0,Coastal,9,0,0.0,False,12.5,Sandy,After
US1NJMC0011,40.2519,-74.7751,EWING TWP 1.6 SE,12,0,0.0,0.0,Coastal,12,2,16.67,False,8.34,Sandy,After
US1NJMC0015,40.2703,-74.7275,LAWRENCE TWP 1.8 SSW,12,12,100.0,0.0,Coastal,0,0,0.0,True,50.0,Sandy,After
US1NJMC0016,40.2104,-74.6204,ROBBINSVILLE TWP 1.7 WSW,12,0,0.0,2.4342597709239215,Coastal,12,0,0.0,False,0.0,Sandy,After
US1NJMC0021,40.1918,-74.6786,HAMILTON TWP 0.9 S,12,11,91.67,0.0,Coastal,1,0,0.0,True,45.84,Sandy,After
US1NJMC0022,40.2733,-74.7175,LAWRENCE TWP 1.6 S,12,3,25.0,0.0,Coastal,9,0,0.0,False,12.5,Sandy,After
US1NJMC0027,40.3735,-74.8347,HOPEWELL TWP 2.4 NW,12,0,0.0,9.348552558294713,Coastal,12,0,0.0,False,0.0,Sandy,After
US1NJMC0029,40.2778,-74.7926,EWING TWP 1.2 N,12,7,58.33,0.0,Coastal,5,1,20.0,True,39.16,Sandy,After
US1NJMC0030,40.3046,-74.758,HOPEWELL TWP 3.9 SE,12,9,75.0,0.0,Coastal,3,0,0.0,True,37.5,Sandy,After
US1NJMC0050,40.2413,-74.7755,EWING TWP 2.1 SE,12,12,100.0,0.0,Coastal,0,0,0.0,True,50.0,Sandy,After
US1NJMD0002,40.447,-74.508,NORTH BRUNSWICK TWP 1.5 W,12,0,0.0,0.0,Coastal,12,0,0.0,False,0.0,Sandy,After
US1NJMD0006,40.3003,-74.5286,CRANBURY TWP 0.9 SSW,12,8,66.67,0.0,Coastal,4,0,0.0,True,33.34,Sandy,After
US1NJMD0009,40.4099,-74.573,SOUTH BRUNSWICK TWP 3.1 NW,12,0,0.0,0.0,Coastal,12,0,0.0,False,0.0,Sandy,After
US1NJMD0015,40.4031,-74.5199,SOUTH BRUNSWICK TWP 1.3 NNE,12,12,100.0,0.0,Coastal,0,0,0.0,True,50.0,Sandy,After
US1NJMD0023,40.5789,-74.4014,SOUTH PLAINFIELD 0.8 ENE,12,4,33.33,0.0,Coastal,8,0,0.0,True,16.66,Sandy,After
US1NJMD0024,40.5392,-74.4795,PISCATAWAY TWP 1.0 WSW,12,12,100.0,0.0,Coastal,0,0,0.0,True,50.0,Sandy,After
US1NJMD0028,40.4897,-74.4409,NEW BRUNSWICK 0.3 NE,12,1,8.33,0.0,Coastal,11,0,0.0,False,4.16,Sandy,After
US1NJMD0031,40.4513,-74.3129,OLD BRIDGE TWP 3.3 N,12,12,100.0,0.0,Coastal,0,0,0.0,True,50.0,Sandy,After
US1NJMD0033,40.5835,-74.4284,SOUTH PLAINFIELD 0.9 NW,12,0,0.0,0.0,Coastal,12,0,0.0,False,0.0,Sandy,After
US1NJMD0038,40.5629,-74.3669,EDISON TWP 1.9 N,12,6,50.0,0.0,Coastal,6,0,0.0,True,25.0,Sandy,After
US1NJMD0039,40.4739,-74.4,EAST BRUNSWICK TWP 3.3 NNE,12,4,33.33,0.0,Coastal,8,0,0.0,True,16.66,Sandy,After
US1NJMD0043,40.5554,-74.274,WOODBRIDGE TWP 1.1 ESE,12,0,0.0,0.0,Coastal,12,0,0.0,False,0.0,Sandy,After
US1NJMD0044,40.5835,-74.4195,SOUTH PLAINFIELD 0.7 NNW,12,0,0.0,0.0,Coastal,12,0,0.0,False,0.0,Sandy,After
US1NJMD0045,40.5759,-74.2847,WOODBRIDGE TWP 1.1 NNE,12,7,58.33,0.0,Coastal,5,0,0.0,True,29.16,Sandy,After
US1NJMN0001,40.201,-74.009,BRADLEY BEACH 0.2 ESE,12,12,100.0,0.0,Coastal,0,0,0.0,True,50.0,Sandy,After
US1NJMN0005,40.2421,-74.0298,OCEAN TWP 0.8 SE,12,5,41.67,0.0,Coastal,7,1,14.29,True,27.98,Sandy,After
US1NJMN0006,40.3622,-74.0833,RED BANK 1.3 NW,12,5,41.67,0.0,Coastal,7,0,0.0,True,20.84,Sandy,After
US1NJMN0008,40.1678,-74.0261,LAKE COMO 0.2 S,12,9,75.0,0.0,Coastal,3,0,0.0,True,37.5,Sandy,After
US1NJMN0010,40.3034,-74.04,EATONTOWN 1.2 NE,12,0,0.0,0.0,Coastal,12,0,0.0,False,0.0,Sandy,After
US1NJMN0012,40.3204,-74.1927,COLTS NECK TWP 2.4 NW,12,12,100.0,3.712346818381433,Coastal,0,0,0.0,True,50.0,Sandy,After
US1NJMN0015,40.3773,-74.1595,HOLMDEL TWP 0.7 E,12,8,66.67,0.0,Coastal,4,0,0.0,True,33.34,Sandy,After
US1NJMN0016,40.2279,-74.3142,FREEHOLD TWP 1.0 WNW,12,9,75.0,0.07686363720227138,Coastal,3,0,0.0,True,37.5,Sandy,After
US1NJMN0017,40.1838,-74.2448,HOWELL TWP 2.5 W,12,0,0.0,0.3830304767582371,Coastal,12,0,0.0,False,0.0,Sandy,After
US1NJMN0019,40.2274,-74.0127,ASBURY PARK 0.3 N,12,0,0.0,0.0,Coastal,12,1,8.33,False,4.16,Sandy,After
US1NJMN0020,40.1739,-74.0656,WALL TWP 1.7 ENE,12,3,25.0,0.0,Coastal,9,1,11.11,False,18.06,Sandy,After
US1NJMN0024,40.18,-74.052,WALL TWP 2.5 ENE,12,7,58.33,0.0,Coastal,5,2,40.0,True,49.16,Sandy,After
US1NJMN0029,40.427,-74.1071,MIDDLETOWN TWP 2.9 NNW,12,12,100.0,0.0,Coastal,0,0,0.0,True,50.0,Sandy,After
US1NJMN0032,40.3627,-74.0312,FAIR HAVEN 0.4 E,12,4,33.33,0.0,Coastal,8,0,0.0,True,16.66,Sandy,After
US1NJMN0042,40.1526,-74.1974,HOWELL TWP 2.0 S,12,10,83.33,1.0115628017704459,Coastal,2,0,0.0,True,41.66,Sandy,After
US1NJMN0044,40.3716,-73.9972,RUMSON 0.7 NNE,12,1,8.33,2.0876943436681787,Coastal,11,0,0.0,False,4.16,Sandy,After
US1NJMN0048,40.297,-74.0015,LONG BRANCH 0.5 W,12,0,0.0,0.0,Coastal,12,1,8.33,False,4.16,Sandy,After
US1NJMN0049,40.1761,-74.0353,BELMAR 0.6 WSW,12,9,75.0,0.0,Coastal,3,1,33.33,True,54.16,Sandy,After
US1NJMN0051,40.3671,-73.9979,RUMSON 0.5 NE,12,8,66.67,2.604211316679338,Coastal,4,0,0.0,True,33.34,Sandy,After
US1NJMN0052,40.235,-74.4755,MILLSTONE TWP 2.9 WNW,12,1,8.33,7.23137069325168,Coastal,11,0,0.0,False,4.16,Sandy,After
US1NJMN0055,40.251,-74.2819,FREEHOLD 0.7 SSW,12,1,8.33,0.0,Coastal,11,1,9.09,False,8.71,Sandy,After
US1NJMN0058,40.3004,-74.3311,MANALAPAN TWP 1.6 NNE,12,5,41.67,0.0,Coastal,7,0,0.0,True,20.84,Sandy,After
US1NJMS0002,40.667,-74.4827,LONG HILL TWP 1.2 SSE,12,0,0.0,0.0,Coastal,12,0,0.0,False,0.0,Sandy,After
US1NJMS0003,40.8054,-74.5045,MORRIS TWP 0.8 NW,12,0,0.0,0.0,Coastal,12,3,25.0,True,12.5,Sandy,After
US1NJMS0004,40.9658,-74.4878,ROCKAWAY TWP 0.7 NE,12,12,100.0,5.647985383044876,Coastal,0,0,0.0,True,50.0,Sandy,After
US1NJMS0006,40.9018,-74.5189,ROCKAWAY 0.4 NNW,12,0,0.0,0.0,Coastal,12,2,16.67,False,8.34,Sandy,After
US1NJMS0008,40.8232,-74.5484,RANDOLPH TWP 2.2 SE,12,12,100.0,0.6501378219315388,Coastal,0,0,0.0,True,50.0,Sandy,After
US1NJMS0009,40.8581,-74.658,ROXBURY TWP 1.7 S,12,11,91.67,0.01893247726007746,Coastal,1,0,0.0,True,45.84,Sandy,After
US1NJMS0011,40.9096,-74.4141,BOONTON 0.6 NW,12,2,16.67,0.0,Coastal,10,0,0.0,False,8.34,Sandy,After
US1NJMS0014,40.7556,-74.4098,MADISON 0.5 ESE,12,5,41.67,0.0,Coastal,7,1,14.29,True,27.98,Sandy,After
US1NJMS0015,40.7836,-74.6325,MENDHAM TWP 2.0 W,12,3,25.0,9.113336482591894,Coastal,9,2,22.22,True,23.61,Sandy,After
US1NJMS0016,40.969,-74.371,KINNELON 1.4 SE,12,12,100.0,0.21813903984260094,Coastal,0,0,0.0,True,50.0,Sandy,After
US1NJMS0018,41.0127,-74.5103,JEFFERSON TWP 2.4 ENE,12,0,0.0,8.01840988052888,Coastal,12,1,8.33,False,4.16,Sandy,After
US1NJMS0019,40.6713,-74.5175,LONG HILL TWP 1.8 WSW,12,0,0.0,0.9349989400546984,Coastal,12,0,0.0,False,0.0,Sandy,After
US1NJMS0021,40.8451,-74.5969,RANDOLPH TWP 0.8 W,12,0,0.0,2.4812828109657934,Coastal,12,2,16.67,False,8.34,Sandy,After
US1NJMS0022,40.8763,-74.7807,MOUNT OLIVE TWP 2.1 WNW,12,0,0.0,7.452198794554303,Coastal,12,2,16.67,False,8.34,Sandy,After
US1NJMS0023,40.8821,-74.5944,MINE HILL TWP 0.4 NE,12,0,0.0,0.0,Coastal,12,3,25.0,True,12.5,Sandy,After
US1NJMS0025,40.8315,-74.5449,RANDOLPH TWP 2.1 ESE,12,2,16.67,0.0,Coastal,10,1,10.0,False,13.34,Sandy,After
US1NJMS0031,40.9158,-74.4758,DENVILLE TWP 2.0 NNE,12,0,0.0,0.0,Coastal,12,0,0.0,False,0.0,Sandy,After
US1NJMS0033,40.7856,-74.6858,CHESTER 0.3 ESE,12,12,100.0,11.110678362744665,Coastal,0,0,0.0,True,50.0,Sandy,After
US1NJMS0034,40.8558,-74.7476,MOUNT OLIVE TWP 0.8 SSW,12,12,100.0,6.892935626244499,Coastal,0,0,0.0,True,50.0,Sandy,After
US1NJMS0035,40.9008,-74.4893,DENVILLE TWP 0.8 N,12,0,0.0,0.0,Coastal,12,2,16.67,False,8.34,Sandy,After
US1NJMS0036,40.8656,-74.3851,PARSIPPANY-TROY HILLS TWP 2.1,12,0,0.0,0.0,Coastal,12,0,0.0,False,0.0,Sandy,After
US1NJMS0039,40.8533,-74.447,PARSIPPANY-TROY HILLS TWP 1.3,12,8,66.67,0.0,Coastal,4,1,25.0,True,45.84,Sandy,After
US1NJMS0040,40.7481,-74.3908,CHATHAM 0.6 NW,12,1,8.33,0.0,Coastal,11,1,9.09,False,8.71,Sandy,After
US1NJMS0042,40.8398,-74.5432,RANDOLPH TWP 2.0 E,12,1,8.33,0.0,Coastal,11,0,0.0,False,4.16,Sandy,After
US1NJMS0047,40.7924,-74.45,MORRISTOWN 1.4 E,12,11,91.67,0.0,Coastal,1,1,100.0,True,95.84,Sandy,After
US1NJMS0049,40.778,-74.3992,FLORHAM PARK 0.2 WNW,12,1,8.33,0.0,Coastal,11,1,9.09,False,8.71,Sandy,After
US1NJMS0050,40.7798,-74.5854,MENDHAM TWP 0.5 ESE,12,0,0.0,6.465630036680702,Coastal,12,2,16.67,False,8.34,Sandy,After
US1NJMS0051,40.8759,-74.6304,ROXBURY TWP 1.2 ESE,12,0,0.0,0.0,Coastal,12,2,16.67,False,8.34,Sandy,After
US1NJMS0054,40.8675,-74.7536,MOUNT OLIVE TWP 0.6 W,12,0,0.0,5.955662675686663,Coastal,12,2,16.67,False,8.34,Sandy,After
US1NJMS0058,40.7924,-74.4546,MORRISTOWN 1.2 ESE,12,12,100.0,0.0,Coastal,0,0,0.0,True,50.0,Sandy,After
US1NJMS0060,40.7817,-74.6738,CHESTER TWP 0.6 ENE,12,12,100.0,11.37810320897472,Coastal,0,0,0.0,True,50.0,Sandy,After
US1NJMS0061,40.7853,-74.8612,WASHINGTON TWP 3.6 W,12,0,0.0,22.975748681834247,Coastal,12,2,16.67,False,8.34,Sandy,After
US1NJOC0001,40.0936,-74.103,BRICK TWP 2.4 N,12,7,58.33,0.0,Coastal,5,0,0.0,True,29.16,Sandy,After
US1NJOC0006,40.0797,-74.0989,BRICK TWP 1.5 NNE,12,7,58.33,0.0,Coastal,5,1,20.0,True,39.16,Sandy,After
US1NJOC0008,39.9847,-74.0726,LAVALLETTE 1.1 N,12,7,58.33,3.6140377785604714,Coastal,5,1,20.0,True,39.16,Sandy,After
US1NJOC0009,39.9496,-74.1363,TOMS RIVER TWP 3.1 SSE,12,8,66.67,0.0,Coastal,4,0,0.0,True,33.34,Sandy,After
US1NJOC0012,39.7287,-74.2894,STAFFORD TWP 2.1 NW,12,0,0.0,0.0,Coastal,12,1,8.33,False,4.16,Sandy,After
US1NJOC0013,40.0878,-74.052,POINT PLEASANT BEACH 0.5 SW,12,0,0.0,0.0,Coastal,12,0,0.0,False,0.0,Sandy,After
US1NJOC0017,39.8626,-74.141,LACEY TWP 6.3 E,12,1,8.33,2.404143527292562,Coastal,11,0,0.0,False,4.16,Sandy,After
US1NJOC0019,39.9409,-74.1749,PINE BEACH 0.4 NW,12,11,91.67,0.0,Coastal,1,0,0.0,True,45.84,Sandy,After
US1NJOC0024,39.9331,-74.1455,BERKELEY TWP 2.9 ENE,12,3,25.0,0.0,Coastal,9,0,0.0,False,12.5,Sandy,After
US1NJOC0033,40.1535,-74.3859,JACKSON TWP 4.1 NNW,12,9,75.0,11.811220648456922,Coastal,3,0,0.0,True,37.5,Sandy,After
US1NJOC0034,40.128,-74.293,JACKSON TWP 2.4 NE,12,11,91.67,1.3995561214064987,Coastal,1,0,0.0,True,45.84,Sandy,After
US1NJOC0036,39.6747,-74.3483,LITTLE EGG HARBOR TWP 5.4 N,12,0,0.0,7.1896984515151185,Coastal,12,0,0.0,False,0.0,Sandy,After
US1NJOC0038,40.1245,-74.1035,BRICK TWP 3.5 N,12,12,100.0,0.0,Coastal,0,0,0.0,True,50.0,Sandy,After
US1NJOC0040,40.1181,-74.3972,JACKSON TWP 2.5 WNW,12,0,0.0,10.350068739871922,Coastal,12,0,0.0,False,0.0,Sandy,After
US1NJOC0042,39.9028,-74.2064,BERKELEY TWP 1.3 SSW,12,0,0.0,0.0,Coastal,12,0,0.0,False,0.0,Sandy,After
US1NJOC0049,40.1018,-74.2757,JACKSON TWP 4.3 E,12,11,91.67,1.109119507576115,Coastal,1,0,0.0,True,45.84,Sandy,After
US1NJOC0051,39.735,-74.2525,STAFFORD TWP 2.2 NNE,12,4,33.33,0.9286306535640626,Coastal,8,1,12.5,True,22.92,Sandy,After
US1NJOC0053,40.0663,-74.357,JACKSON TWP 2.2 S,12,12,100.0,1.6230962047661925,Coastal,0,0,0.0,True,50.0,Sandy,After
US1NJPS0004,40.9713,-74.1856,NORTH HALEDON 0.6 N,12,2,16.67,0.0,Coastal,10,0,0.0,False,8.34,Sandy,After
US1NJPS0005,40.9517,-74.1573,HAWTHORNE 0.4 S,12,0,0.0,0.0,Coastal,12,0,0.0,False,0.0,Sandy,After
US1NJPS0012,40.8796,-74.227,LITTLE FALLS TWP 0.5 WNW,12,0,0.0,0.0,Coastal,12,0,0.0,False,0.0,Sandy,After
US1NJPS0013,41.1705,-74.3293,WEST MILFORD TWP 5.5 NE,12,12,100.0,17.926483357047367,Coastal,0,0,0.0,True,50.0,Sandy,After
US1NJPS0014,40.9436,-74.1523,HAWTHORNE 1.0 SSE,12,0,0.0,0.0,Coastal,12,1,8.33,False,4.16,Sandy,After
US1NJPS0015,40.9369,-74.2515,WAYNE TWP 0.8 SSW,12,11,91.67,0.0,Coastal,1,0,0.0,True,45.84,Sandy,After
US1NJPS0016,41.141,-74.3536,WEST MILFORD TWP 3.2 NE,12,0,0.0,15.004812817026624,Coastal,12,2,16.67,False,8.34,Sandy,After
US1NJPS0017,40.8918,-74.196,WOODLAND PARK 0.1 NW,12,12,100.0,0.0,Coastal,0,0,0.0,True,50.0,Sandy,After
US1NJPS0018,40.9163,-74.2005,PATERSON 2.0 W,12,10,83.33,0.0,Coastal,2,0,0.0,True,41.66,Sandy,After
US1NJPS0019,41.0351,-74.2892,WANAQUE 0.6 S,12,0,0.0,0.0,Coastal,12,0,0.0,False,0.0,Sandy,After
US1NJPS0021,41.0739,-74.368,WEST MILFORD TWP 2.5 SSE,12,1,8.33,5.607704343916496,Coastal,11,1,9.09,False,8.71,Sandy,After
US1NJPS0022,41.0653,-74.2571,RINGWOOD 3.0 SSE,12,1,8.33,2.979551744574352,Coastal,11,0,0.0,False,4.16,Sandy,After
US1NJPS0038,41.0073,-74.331,BLOOMINGDALE 1.6 S,12,12,100.0,0.0,Coastal,0,0,0.0,True,50.0,Sandy,After
US1NJSL0002,39.6561,-75.3338,WOODSTOWN 0.6 NW,12,0,0.0,14.858687053939196,Coastal,12,0,0.0,False,0.0,Sandy,After
US1NJSL0003,39.5137,-75.1363,PITTSGROVE TWP 1.9 S,12,0,0.0,5.220791419128351,Coastal,12,2,16.67,False,8.34,Sandy,After
US1NJSM0001,40.4726,-74.5904,HILLSBOROUGH TWP 4.7 ESE,12,0,0.0,3.070003193381147,Coastal,12,0,0.0,False,0.0,Sandy,After
US1NJSM0002,40.6831,-74.5524,BERNARDS TWP 0.9 ENE,12,3,25.0,0.0,Coastal,9,0,0.0,False,12.5,Sandy,After
US1NJSM0003,40.493,-74.5175,FRANKLIN TWP 2.1 ENE,12,0,0.0,0.0,Coastal,12,0,0.0,False,0.0,Sandy,After
US1NJSM0004,40.6834,-74.5731,BERNARDS TWP 0.6 NNW,12,0,0.0,0.0,Coastal,12,0,0.0,False,0.0,Sandy,After
US1NJSM0005,40.6262,-74.6535,BRIDGEWATER TWP 3.3 NW,12,0,0.0,0.0,Coastal,12,0,0.0,False,0.0,Sandy,After
US1NJSM0011,40.6563,-74.6305,BEDMINSTER TWP 2.9 ESE,12,0,0.0,0.0,Coastal,12,0,0.0,False,0.0,Sandy,After
US1NJSM0012,40.5006,-74.4875,FRANKLIN TWP 3.8 ENE,12,3,25.0,0.0,Coastal,9,0,0.0,False,12.5,Sandy,After
US1NJSM0013,40.5704,-74.6053,SOMERVILLE 0.2 ENE,12,5,41.67,0.0,Coastal,7,0,0.0,True,20.84,Sandy,After
US1NJSM0015,40.5017,-74.6671,HILLSBOROUGH TWP 0.4 ENE,12,5,41.67,0.0,Coastal,7,0,0.0,True,20.84,Sandy,After
US1NJSM0021,40.4552,-74.6361,MONTGOMERY TWP 3.0 NE,12,0,0.0,4.3262624455281,Coastal,12,0,0.0,False,0.0,Sandy,After
US1NJSM0022,40.3936,-74.6773,MONTGOMERY TWP 2.3 S,12,5,41.67,0.0,Coastal,7,1,14.29,True,27.98,Sandy,After
US1NJSM0023,40.4511,-74.6699,MONTGOMERY TWP 1.8 NNE,12,8,66.67,3.9924134210819924,Coastal,4,0,0.0,True,33.34,Sandy,After
US1NJSM0026,40.5123,-74.5174,FRANKLIN TWP 3.1 NE,12,3,25.0,0.0,Coastal,9,0,0.0,False,12.5,Sandy,After
US1NJSM0027,40.5138,-74.6739,HILLSBOROUGH TWP 1.0 N,12,7,58.33,0.0,Coastal,5,0,0.0,True,29.16,Sandy,After
US1NJSM0030,40.683,-74.5777,BERNARDS TWP 0.7 NW,12,12,100.0,0.0,Coastal,0,0,0.0,True,50.0,Sandy,After
US1NJSM0031,40.7343,-74.6478,PEAPACK-GLADSTONE 1.3 NNE,12,11,91.67,7.28214653678533,Coastal,1,1,100.0,True,95.84,Sandy,After
US1NJSM0033,40.5247,-74.7029,HILLSBOROUGH TWP 2.4 NW,12,5,41.67,2.5917448897346462,Coastal,7,0,0.0,True,20.84,Sandy,After
US1NJSM0034,40.5733,-74.5908,BRIDGEWATER TWP 1.6 SSE,12,12,100.0,0.0,Coastal,0,0,0.0,True,50.0,Sandy,After
US1NJSM0039,40.5462,-74.5287,FRANKLIN TWP 4.6 NNW,12,0,0.0,0.0,Coastal,12,0,0.0,False,0.0,Sandy,After
US1NJSM0040,40.6148,-74.4994,WARREN TWP 1.5 SSE,12,9,75.0,0.0,Coastal,3,1,33.33,True,54.16,Sandy,After
US1NJSM0045,40.5606,-74.6649,BRIDGEWATER TWP 3.8 SW,12,3,25.0,0.0,Coastal,9,0,0.0,False,12.5,Sandy,After
US1NJSM0046,40.614,-74.6228,BRIDGEWATER TWP 1.6 NNW,12,5,41.67,0.0,Coastal,7,0,0.0,True,20.84,Sandy,After
US1NJSM0049,40.5816,-74.6674,BRIDGEWATER TWP 3.2 WSW,12,3,25.0,0.0,Coastal,9,0,0.0,False,12.5,Sandy,After
US1NJSM0050,40.6092,-74.6992,BRANCHBURG TWP 3.3 NNE,12,1,8.33,0.0,Coastal,11,0,0.0,False,4.16,Sandy,After
US1NJSM0068,40.5426,-74.6006,MANVILLE 0.6 W,12,12,100.0,0.0,Coastal,0,0,0.0,True,50.0,Sandy,After
US1NJSS0001,41.0197,-74.7611,ANDOVER TWP 1.7 W,12,1,8.33,12.811930591152445,Coastal,11,3,27.27,True,17.8,Sandy,After
US1NJSS0003,41.2215,-74.488,VERNON TWP 1.7 N,12,11,91.67,30.385985307278176,Coastal,1,0,0.0,True,45.84,Sandy,After
US1NJSS0007,41.089,-74.5399,HARDYSTON TWP 3.2 SE,12,0,0.0,17.89735522172225,Coastal,12,3,25.0,True,12.5,Sandy,After
US1NJSS0017,41.2929,-74.6176,WANTAGE TWP 3.5 N,12,12,100.0,29.855274243243702,Coastal,0,0,0.0,True,50.0,Sandy,After
US1NJSS0020,41.2288,-74.6059,WANTAGE TWP 1.5 SE,12,0,0.0,36.68865425581435,Coastal,12,3,25.0,True,12.5,Sandy,After
US1NJSS0022,41.2122,-74.5222,VERNON TWP 2.2 WNW,12,12,100.0,30.94186800967951,Coastal,0,0,0.0,True,50.0,Sandy,After
US1NJSS0026,41.1569,-74.6348,LAFAYETTE TWP 3.6 NE,12,11,91.67,28.65830118143357,Coastal,1,0,0.0,True,45.84,Sandy,After
US1NJSS0027,41.0609,-74.7564,NEWTON 0.5 NNW,12,2,16.67,18.59005822975315,Coastal,10,5,50.0,True,33.34,Sandy,After
US1NJSS0028,41.3037,-74.7808,MONTAGUE TWP 2.7 WNW,12,2,16.67,43.486471677738976,Coastal,10,2,20.0,True,18.34,Sandy,After
US1NJSS0029,41.0086,-74.6819,SPARTA TWP 4.0 SW,12,7,58.33,9.077638852266956,Coastal,5,0,0.0,True,29.16,Sandy,After
US1NJUN0003,40.6412,-74.2726,LINDEN 2.2 NW,12,12,100.0,0.0,Coastal,0,0,0.0,True,50.0,Sandy,After
US1NJUN0007,40.6606,-74.3287,WESTFIELD 1.0 NE,12,12,100.0,0.0,Coastal,0,0,0.0,True,50.0,Sandy,After
US1NJUN0010,40.6945,-74.3898,NEW PROVIDENCE 0.8 ESE,12,0,0.0,0.0,Coastal,12,1,8.33,False,4.16,Sandy,After
US1NJUN0014,40.6588,-74.3358,WESTFIELD 0.6 NE,12,7,58.33,0.0,Coastal,5,0,0.0,True,29.16,Sandy,After
US1NJUN0016,40.6676,-74.2822,KENILWORTH 0.8 SSE,12,12,100.0,0.0,Coastal,0,0,0.0,True,50.0,Sandy,After
US1NJUN0017,40.6722,-74.3096,CRANFORD TWP 1.1 NNW,12,6,50.0,0.0,Coastal,6,0,0.0,True,25.0,Sandy,After
US1NJUN0018,40.7079,-74.2841,UNION TWP 1.1 NW,12,5,41.67,0.0,Coastal,7,3,42.86,True,42.26,Sandy,After
US1NJUN0019,40.7294,-74.3719,SUMMIT 1.0 NNW,12,12,100.0,0.0,Coastal,0,0,0.0,True,50.0,Sandy,After
US1NJWR0001,40.6554,-75.1167,GREENWICH TWP 1.6 S,12,0,0.0,6.857738462469439,Coastal,12,0,0.0,False,0.0,Sandy,After
US1NJWR0002,40.8549,-74.9815,LIBERTY TWP 1.7 WSW,12,12,100.0,28.09807670786444,Coastal,0,0,0.0,True,50.0,Sandy,After
US1NJWR0004,40.9611,-74.97,BLAIRSTOWN TWP 2.0 SE,12,0,0.0,22.95166973343394,Coastal,12,2,16.67,False,8.34,Sandy,After
US1NJWR0005,40.8515,-74.8403,HACKETTSTOWN 0.8 W,12,0,0.0,14.901520319042339,Coastal,12,2,16.67,False,8.34,Sandy,After
US1NJWR0006,40.9412,-74.8428,ALLAMUCHY TWP 1.7 NNW,12,0,0.0,10.97112626145143,Coastal,12,1,8.33,False,4.16,Sandy,After
US1NJWR0007,40.8522,-74.9494,LIBERTY TWP 1.0 S,12,6,50.0,24.97535829562574,Coastal,6,2,33.33,True,41.66,Sandy,After
US1NJWR0008,40.9408,-74.9385,BLAIRSTOWN TWP 4.1 SE,12,0,0.0,21.485531847753634,Coastal,12,3,25.0,True,12.5,Sandy,After
US1NJWR0012,40.7103,-74.9942,FRANKLIN TWP 2.9 E,12,3,25.0,19.698958302884687,Coastal,9,0,0.0,False,12.5,Sandy,After
US1NJWR0017,40.8234,-74.9578,MANSFIELD TWP 2.6 WNW,12,0,0.0,27.846550127629126,Coastal,12,4,33.33,True,16.66,Sandy,After
US1NJWR0020,40.8014,-74.9978,OXFORD TWP 0.6 SSW,12,2,16.67,24.023490823703597,Coastal,10,2,20.0,True,18.34,Sandy,After
US1NJWR0021,40.7623,-74.9719,WASHINGTON 0.6 ENE,12,6,50.0,24.214549838651248,Coastal,6,2,33.33,True,41.66,Sandy,After
US1NJWR0022,41.0238,-74.9212,HARDWICK TWP 3.6 E,12,1,8.33,24.06129180210893,Coastal,11,3,27.27,True,17.8,Sandy,After
US1NJWR0023,40.7964,-75.0447,WHITE TWP 1.7 S,12,0,0.0,19.33387155141417,Coastal,12,4,33.33,True,16.66,Sandy,After
US1NJWR0024,40.9784,-75.0329,BLAIRSTOWN TWP 1.8 W,12,0,0.0,15.53502333125667,Coastal,12,4,33.33,True,16.66,Sandy,After
US1NYCB0001,42.1335,-73.7679,HUDSON 8.2 S,12,0,0.0,30.72214063655773,Coastal,12,4,33.33,True,16.66,Sandy,After
US1NYCB0006,42.4727,-73.6439,NORTH CHATHAM 0.6 W,12,0,0.0,23.327489650910007,Coastal,12,3,25.0,True,12.5,Sandy,After
US1NYCB0023,42.3559,-73.6084,CHATHAM 0.7 SW,12,12,100.0,37.855322684948135,Coastal,0,0,0.0,True,50.0,Sandy,After
US1NYDL0005,42.3003,-74.9026,DELHI 1.5 NNE,12,0,0.0,106.94558677725152,Rural,12,6,50.0,True,25.0,Sandy,After
US1NYDL0008,42.1496,-74.6189,MARGARETVILLE 1.7 ENE,12,10,83.33,69.46460644132164,Rural,2,0,0.0,True,41.66,Sandy,After
US1NYDL0009,42.1792,-74.9167,ANDES 6.8 W,12,0,0.0,102.32956933052154,Rural,12,6,50.0,True,25.0,Sandy,After
US1NYDL0016,41.9511,-75.3024,HANCOCK 1.0 W,12,12,100.0,64.09915716347251,Rural,0,0,0.0,True,50.0,Sandy,After
US1NYDL0022,42.3442,-74.7317,SOUTH KORTRIGHT 0.8 W,12,0,0.0,93.97762460161105,Rural,12,5,41.67,True,20.84,Sandy,After
US1NYDL0023,41.9351,-75.0784,LONG EDDY 6.5 NNE,12,1,8.33,88.63973935661598,Rural,11,8,72.73,True,40.53,Sandy,After
US1NYDL0024,42.1653,-75.2585,WALTON 6.5 W,12,2,16.67,66.38225143785019,Rural,10,4,40.0,True,28.34,Sandy,After
US1NYDL0025,42.3523,-74.5783,HOBART 4.8 ESE,12,6,50.0,81.00381152577948,Rural,6,3,50.0,True,50.0,Sandy,After
US1NYDT0001,41.616,-73.8033,HILLSIDE LAKE 0.3 WNW,12,12,100.0,9.9270540202905,Coastal,0,0,0.0,True,50.0,Sandy,After
US1NYDT0002,41.6634,-73.8419,POUGHKEEPSIE 4.7 ESE,12,12,100.0,4.843346798249696,Coastal,0,0,0.0,True,50.0,Sandy,After
US1NYDT0004,41.5535,-73.7863,HOPEWELL JUNCTION 2.4 SSE,12,1,8.33,11.599469212652444,Coastal,11,2,18.18,False,13.26,Sandy,After
US1NYDT0005,41.588,-73.8922,WAPPINGERS FALLS 1.6 ESE,12,0,0.0,0.0,Coastal,12,3,25.0,True,12.5,Sandy,After
US1NYDT0007,41.7887,-73.9356,HYDE PARK 1.5 W,12,10,83.33,7.98889723392345,Coastal,2,0,0.0,True,41.66,Sandy,After
US1NYDT0008,41.7523,-73.6488,MILLBROOK 3.2 SE,12,0,0.0,27.666904425744434,Coastal,12,3,25.0,True,12.5,Sandy,After
US1NYDT0009,41.9231,-73.9021,RHINEBECK 0.5 SE,12,12,100.0,8.293967205443073,Coastal,0,0,0.0,True,50.0,Sandy,After
US1NYDT0010,41.647,-73.897,POUGHKEEPSIE 3.9 SSE,12,0,0.0,0.0,Coastal,12,2,16.67,False,8.34,Sandy,After
US1NYDT0012,41.6846,-73.7205,LAGRANGEVILLE 3.4 NE,12,0,0.0,18.615512994385625,Coastal,12,4,33.33,True,16.66,Sandy,After
US1NYGR0005,42.4429,-73.7866,NEW BALTIMORE 0.2 SE,12,4,33.33,24.276662027209582,Coastal,8,1,12.5,True,22.92,Sandy,After
US1NYGR0006,42.3605,-73.9835,FREEHOLD 3.4 E,12,0,0.0,44.231972720854245,Coastal,12,4,33.33,True,16.66,Sandy,After
US1NYGR0007,42.414,-74.009,GREENVILLE 0.7 E,12,0,0.0,39.26819477454403,Coastal,12,6,50.0,True,25.0,Sandy,After
US1NYNS0006,40.7245,-73.5086,LEVITTOWN 0.2 E,12,10,83.33,0.0,Coastal,2,0,0.0,True,41.66,Sandy,After
US1NYNS0007,40.723,-73.711,FLORAL PARK 0.4 W,12,1,8.33,0.0,Coastal,11,1,9.09,False,8.71,Sandy,After
US1NYOR0002,41.4469,-74.0214,CORNWALL ON HUDSON 0.6 NNW,12,12,100.0,1.567748536866307,Coastal,0,0,0.0,True,50.0,Sandy,After
US1NYOR0004,41.2684,-74.416,WARWICK 3.2 WNW,12,9,75.0,24.87799205666496,Coastal,3,1,33.33,True,54.16,Sandy,After
US1NYOR0006,41.3014,-74.167,MONROE 1.7 SE,12,12,100.0,17.786738758292785,Coastal,0,0,0.0,True,50.0,Sandy,After
US1NYOT0008,42.3235,-75.3643,SIDNEY 2.1 NE,12,12,100.0,61.298059807411434,Rural,0,0,0.0,True,50.0,Sandy,After
US1NYPT0001,41.4969,-73.7017,CARMEL HAMLET 5.8 N,12,12,100.0,22.430682777525007,Coastal,0,0,0.0,True,50.0,Sandy,After
US1NYPT0002,41.4807,-73.8911,BEACON 4.2 ESE,12,0,0.0,9.250145682285634,Coastal,12,2,16.67,False,8.34,Sandy,After
US1NYPT0004,41.497,-73.8369,COLD SPRING 8.1 NE,12,0,0.0,12.311994307629778,Coastal,12,1,8.33,False,4.16,Sandy,After
US1NYQN0002,40.7145,-73.8819,MIDDLE VILLAGE 0.5 SW,12,2,16.67,0.0,Coastal,10,0,0.0,False,8.34,Sandy,After
US1NYRC0001,40.5421,-74.1476,STATEN ISLAND 4.5 SSE,12,2,16.67,0.0,Coastal,10,0,0.0,False,8.34,Sandy,After
US1NYRC0002,40.5674,-74.1327,STATEN ISLAND 1.4 SE,12,1,8.33,0.0,Coastal,11,0,0.0,False,4.16,Sandy,After
US1NYRL0004,41.1394,-74.0457,SPRING VALLEY 1.7 N,12,12,100.0,0.0,Coastal,0,0,0.0,True,50.0,Sandy,After
US1NYRL0005,41.0835,-73.993,WEST NYACK 1.3 WSW,12,0,0.0,0.0,Coastal,12,0,0.0,False,0.0,Sandy,After
US1NYSF0002,40.93,-72.67,RIVERHEAD 1.3 SSE,12,0,0.0,24.98156545895806,Coastal,12,0,0.0,False,0.0,Sandy,After
US1NYSF0003,40.8806,-72.9292,MIDDLE ISLAND 0.8 ESE,12,0,0.0,0.0,Coastal,12,0,0.0,False,0.0,Sandy,After
US1NYSF0007,40.9364,-72.5778,JAMESPORT 0.6 SSW,12,6,50.0,34.06261044783909,Coastal,6,0,0.0,True,25.0,Sandy,After
US1NYSF0016,40.9234,-73.3305,NORTHPORT 1.6 NNE,12,1,8.33,0.0,Coastal,11,0,0.0,False,4.16,Sandy,After
US1NYSF0017,40.7351,-73.2212,ISLIP 0.2 NW,12,1,8.33,0.0,Coastal,11,0,0.0,False,4.16,Sandy,After
US1NYSF0018,40.9299,-72.8988,SHOREHAM 1.8 SSE,12,12,100.0,5.2570571698161555,Coastal,0,0,0.0,True,50.0,Sandy,After
US1NYSF0019,40.8123,-72.7718,EAST MORICHES 0.6 WNW,12,1,8.33,7.4835720478241505,Coastal,11,1,9.09,False,8.71,Sandy,After
US1NYSF0024,40.7982,-73.15,RONKONKOMA 1.4 WSW,12,0,0.0,0.0,Coastal,12,1,8.33,False,4.16,Sandy,After
US1NYSF0030,40.9562,-72.9197,ROCKY POINT 2.0 N,12,12,100.0,1.4778342194091927,Coastal,0,0,0.0,True,50.0,Sandy,After
US1NYSF0049,40.7326,-73.0807,SAYVILLE 1.0 SSE,12,12,100.0,0.0,Coastal,0,0,0.0,True,50.0,Sandy,After
US1NYSF0060,40.7507,-73.028,BLUE POINT 0.4 E,12,12,100.0,0.0,Coastal,0,0,0.0,True,50.0,Sandy,After
US1NYSV0005,41.6326,-74.5604,ROCK HILL 2.0 NE,12,0,0.0,27.24892215433234,Coastal,12,5,41.67,True,20.84,Sandy,After
US1NYSV0006,41.85,-75.1333,LONG EDDY,12,0,0.0,75.8844467828102,Rural,12,7,58.33,True,29.16,Sandy,After
US1NYSV0008,41.5739,-74.4871,WURTSBORO 0.2 SSW,12,0,0.0,15.638154085118543,Coastal,12,7,58.33,True,29.16,Sandy,After
US1NYSV0009,41.6501,-74.5884,GLEN WILD 0.3 SSW,12,12,100.0,31.140106668292646,Coastal,0,0,0.0,True,50.0,Sandy,After
US1NYUL0001,41.9286,-74.0195,KINGSTON 1.1 W,12,4,33.33,0.0,Coastal,8,5,62.5,True,47.92,Sandy,After
US1NYUL0002,42.0204,-74.0977,WOODSTOCK 1.4 SSE,12,0,0.0,8.404869205431897,Coastal,12,5,41.67,True,20.84,Sandy,After
US1NYUL0003,41.8809,-74.0574,ROSENDALE VILLAGE 2.4 NNE,12,0,0.0,6.698023680290033,Coastal,12,6,50.0,True,25.0,Sandy,After
US1NYUL0004,42.0181,-74.0151,RUBY 0.5 NE,12,0,0.0,2.341310852480121,Coastal,12,6,50.0,True,25.0,Sandy,After
US1NYUL0006,41.714,-74.0866,NEW PALTZ 2.4 S,12,0,0.0,13.204733168808168,Coastal,12,4,33.33,True,16.66,Sandy,After
US1NYUL0008,41.9162,-74.1832,STONE RIDGE 4.9 NNW,12,3,25.0,14.25169814828195,Coastal,9,6,66.67,True,45.84,Sandy,After
US1NYUL0009,41.6267,-73.9941,MARLBORO 1.9 NNW,12,0,0.0,3.29701379864951,Coastal,12,3,25.0,True,12.5,Sandy,After
US1NYUL0029,41.7149,-73.9684,HIGHLAND 0.2 SW,12,12,100.0,0.4674801497609632,Coastal,0,0,0.0,True,50.0,Sandy,After
US1NYWC0003,41.0639,-73.7722,WHITE PLAINS 3.1 NNW,12,12,100.0,0.0,Coastal,0,0,0.0,True,50.0,Sandy,After
US1NYWC0006,41.3003,-73.57,SOUTH SALEM 2.1 NW,12,0,0.0,12.783895319232172,Coastal,12,1,8.33,False,4.16,Sandy,After
US1NYWC0007,41.2649,-73.7899,YORKTOWN HEIGHTS 0.6 SW,12,0,0.0,7.349625309651747,Coastal,12,1,8.33,False,4.16,Sandy,After
US1NYWC0009,40.904,-73.777,NEW ROCHELLE 1.3 S,12,12,100.0,0.0,Coastal,0,0,0.0,True,50.0,Sandy,After
US1NYWC0011,41.2944,-73.9229,PEEKSKILL 0.4 N,12,0,0.0,0.0,Coastal,12,0,0.0,False,0.0,Sandy,After
US1PABK0004,40.4105,-75.4427,PENNSBURG 3.0 ENE,12,6,50.0,9.429130666061981,Coastal,6,0,0.0,True,25.0,Sandy,After
US1PABK0005,40.3483,-75.2862,PERKASIE 1.6 SSE,12,0,0.0,0.11997416318021914,Coastal,12,2,16.67,False,8.34,Sandy,After
US1PABK0013,40.1499,-74.9333,PENNDEL 1.1 WSW,12,0,0.0,0.0,Coastal,12,2,16.67,False,8.34,Sandy,After
US1PABK0014,40.2366,-74.9213,NEWTOWN 0.8 NE,12,7,58.33,0.0,Coastal,5,1,20.0,True,39.16,Sandy,After
US1PABK0015,40.2893,-75.0931,FURLONG 0.7 SW,12,0,0.0,1.0548735170956596,Coastal,12,4,33.33,True,16.66,Sandy,After
US1PABK0018,40.2092,-74.886,LANGHORNE 2.8 NE,12,3,25.0,0.0,Coastal,9,0,0.0,False,12.5,Sandy,After
US1PABK0026,40.307,-75.1982,DOYLESTOWN 3.7 W,12,0,0.0,0.6288184943217784,Coastal,12,2,16.67,False,8.34,Sandy,After
US1PABK0030,40.1783,-74.9108,LANGHORNE 0.5 E,12,12,100.0,0.0,Coastal,0,0,0.0,True,50.0,Sandy,After
US1PACB0015,40.8283,-75.4889,CHAPMAN 6.6 NW,12,1,8.33,1.959635699822573,Coastal,11,5,45.45,True,26.89,Sandy,After
US1PACH0018,40.0324,-75.4935,MALVERN 1.1 E,12,7,58.33,0.0,Coastal,5,2,40.0,True,49.16,Sandy,After
US1PACH0020,40.0449,-75.4564,DEVON-BERWYN 0.9 W,12,3,25.0,0.0,Coastal,9,2,22.22,True,23.61,Sandy,After
US1PADL0009,39.8854,-75.4518,ASTON 0.2 W,12,0,0.0,0.0,Coastal,12,2,16.67,False,8.34,Sandy,After
US1PAMN0007,40.9887,-75.2959,STROUDSBURG 5.1 W,12,10,83.33,6.928518349699288,Coastal,2,1,50.0,True,66.66,Sandy,After
US1PAMN0008,41.013,-75.371,REEDERS 1.8 W,12,0,0.0,15.551192812983286,Coastal,12,5,41.67,True,20.84,Sandy,After
US1PAMN0009,41.0578,-75.0796,EAST STROUDSBURG 6.5 NE,12,0,0.0,10.43847237747826,Coastal,12,5,41.67,True,20.84,Sandy,After
US1PAMT0006,40.2763,-75.3006,HATFIELD 0.1 SSW,12,5,41.67,0.0,Coastal,7,1,14.29,True,27.98,Sandy,After
US1PAMT0007,40.2556,-75.4144,HARLEYSVILLE 2.1 SW,12,0,0.0,5.286173739515137,Coastal,12,1,8.33,False,4.16,Sandy,After
US1PAMT0009,40.2177,-75.4933,COLLEGEVILLE 2.8 NW,12,8,66.67,1.095808299307012,Coastal,4,1,25.0,True,45.84,Sandy,After
US1PAMT0011,40.2819,-75.336,HATFIELD 2.0 W,12,12,100.0,0.0,Coastal,0,0,0.0,True,50.0,Sandy,After
US1PAMT0012,40.2182,-75.4202,COLLEGEVILLE 2.9 NE,12,11,91.67,3.44337196754088,Coastal,1,0,0.0,True,45.84,Sandy,After
US1PAMT0013,40.1685,-75.3005,BLUE BELL 2.3 NW,12,1,8.33,0.0,Coastal,11,3,27.27,True,17.8,Sandy,After
US1PAMT0016,40.2061,-75.2991,NORTH WALES 1.3 WSW,12,0,0.0,0.0,Coastal,12,2,16.67,False,8.34,Sandy,After
US1PAMT0017,40.0124,-75.257,NARBERTH 0.5 NE,12,12,100.0,0.0,Coastal,0,0,0.0,True,50.0,Sandy,After
US1PAMT0020,40.2011,-75.409,SKIPPACK 1.4 SSW,12,2,16.67,1.8540007933048348,Coastal,10,2,20.0,True,18.34,Sandy,After
US1PAMT0022,40.2077,-75.3522,KULPSVILLE 2.6 SSW,12,0,0.0,1.8459293903711,Coastal,12,1,8.33,False,4.16,Sandy,After
US1PAMT0025,40.2192,-75.4538,COLLEGEVILLE 2.2 N,12,12,100.0,0.0,Coastal,0,0,0.0,True,50.0,Sandy,After
US1PAMT0027,40.2238,-75.31,LANSDALE 1.9 SW,12,9,75.0,0.0,Coastal,3,1,33.33,True,54.16,Sandy,After
US1PAMT0037,40.3184,-75.3243,SOUDERTON 0.6 NNW,12,8,66.67,0.0,Coastal,4,1,25.0,True,45.84,Sandy,After
US1PAMT0038,40.2707,-75.4659,SCHWENKSVILLE 0.9 N,12,10,83.33,5.062154535024104,Coastal,2,0,0.0,True,41.66,Sandy,After
US1PAMT0042,40.2887,-75.21,CHALFONT 0.2 NW,12,12,100.0,0.0,Coastal,0,0,0.0,True,50.0,Sandy,After
US1PAMT0048,40.0082,-75.3003,ARDMORE 0.5 NW,12,4,33.33,0.0,Coastal,8,3,37.5,True,35.42,Sandy,After
US1PAMT0051,40.2363,-75.3825,HARLEYSVILLE 2.9 S,12,3,25.0,3.1966410004690773,Coastal,9,1,11.11,False,18.06,Sandy,After
US1PAMT0053,40.2199,-75.4655,COLLEGEVILLE 2.3 N,12,2,16.67,0.0,Coastal,10,2,20.0,True,18.34,Sandy,After
US1PAMT0055,40.2384,-75.4033,SCHWENKSVILLE 3.6 ESE,12,12,100.0,5.1791296634894,Coastal,0,0,0.0,True,50.0,Sandy,After
US1PAMT0056,40.2654,-75.3329,HATFIELD 2.0 WSW,12,0,0.0,0.0,Coastal,12,1,8.33,False,4.16,Sandy,After
US1PAMT0060,40.1015,-75.2538,PLYMOUTH MEETING 1.5 ESE,12,12,100.0,0.0,Coastal,0,0,0.0,True,50.0,Sandy,After
US1PAMT0063,40.1522,-75.1038,WILLOW GROVE 0.8 ENE,12,0,0.0,0.0,Coastal,12,2,16.67,False,8.34,Sandy,After
US1PAMT0064,40.1305,-75.3839,WEST NORRITON 0.3 WNW,12,0,0.0,0.0,Coastal,12,1,8.33,False,4.16,Sandy,After
US1PAMT0065,40.1999,-75.4534,COLLEGEVILLE 0.9 NNE,12,5,41.67,0.0,Coastal,7,0,0.0,True,20.84,Sandy,After
US1PAMT0067,40.146,-75.2025,FORT WASHINGTON 0.8 NW,12,0,0.0,0.0,Coastal,12,0,0.0,False,0.0,Sandy,After
US1PAMT0072,40.195,-75.2908,NORTH WALES 1.3 SW,12,1,8.33,0.0,Coastal,11,2,18.18,False,13.26,Sandy,After
US1PAMT0078,40.153,-75.2564,BLUE BELL 0.8 NE,12,6,50.0,0.0,Coastal,6,1,16.67,True,33.34,Sandy,After
US1PAMT0116,40.052,-75.2765,GLADWYNE 0.2 NNE,12,12,100.0,0.0,Coastal,0,0,0.0,True,50.0,Sandy,After
US1PANH0001,40.7712,-75.3069,NAZARETH 2.2 N,12,1,8.33,8.620352446096426,Coastal,11,3,27.27,True,17.8,Sandy,After
US1PANH0005,40.6114,-75.2259,GLENDON 3.5 S,12,7,58.33,7.737260113442599,Coastal,5,1,20.0,True,39.16,Sandy,After
US1PANH0009,40.6569,-75.3295,BETHLEHEM 2.9 NE,12,0,0.0,0.0,Coastal,12,2,16.67,False,8.34,Sandy,After
US1PANH0010,40.6029,-75.2899,HELLERTOWN 2.9 ENE,12,0,0.0,3.9288342657637956,Coastal,12,1,8.33,False,4.16,Sandy,After
US1PAPH0002,40.0677,-75.0748,ROCKLEDGE 1.3 SE,12,2,16.67,0.0,Coastal,10,1,10.0,False,13.34,Sandy,After
US1PAPH0004,40.0586,-75.077,PHILADELPHIA 4.7 NE,12,0,0.0,0.0,Coastal,12,2,16.67,False,8.34,Sandy,After
US1PAPH0006,40.0455,-75.2222,WYNDMOOR 3.0 SSW,12,3,25.0,0.0,Coastal,9,1,11.11,False,18.06,Sandy,After
US1PAPH0008,40.025,-75.18,PHILADELPHIA 2.7 WNW,12,2,16.67,0.0,Coastal,10,1,10.0,False,13.34,Sandy,After
US1PAPK0004,41.5075,-75.1163,HAWLEY 3.8 NE,12,2,16.67,54.227998462427806,Rural,10,3,30.0,True,23.34,Sandy,After
US1PAPK0008,41.3,-74.95,MILFORD 7.9 WSW,12,12,100.0,46.02406009460743,Coastal,0,0,0.0,True,50.0,Sandy,After
US1PAPK0009,41.2084,-74.9437,DINGMANS FERRY 3.9 WSW,12,12,100.0,35.741576234497245,Coastal,0,0,0.0,True,50.0,Sandy,After
US1PAPK0014,41.4153,-75.1702,TAFTON 1.0 NE,12,7,58.33,47.77814474874317,Coastal,5,1,20.0,True,39.16,Sandy,After
US1PASS0006,41.65,-75.4667,FOREST CITY 0.2 SE,12,0,0.0,29.37762885348243,Coastal,12,4,33.33,True,16.66,Sandy,After
US1PAWN0002,41.2908,-75.355,MOSCOW 9.7 ESE,12,12,100.0,32.988283902306634,Coastal,0,0,0.0,True,50.0,Sandy,After
US1PAWN0003,41.65,-75.0833,DAMASCUS - 9,12,12,100.0,63.030031353088404,Rural,0,0,0.0,True,50.0,Sandy,After
US1PAWN0004,41.3528,-75.4358,MOSCOW 4.9 E,12,1,8.33,20.592480517345084,Coastal,11,6,54.55,True,31.44,Sandy,After
US1PAWN0008,41.6333,-75.05,MILANVILLE 1.5 SE,12,5,41.67,65.53809388304215,Rural,7,3,42.86,True,42.26,Sandy,After
US1PAWN0010,41.8992,-75.4718,STARRUCCA - 27,12,1,8.33,50.663306560151284,Rural,11,5,45.45,True,26.89,Sandy,After
US1PAWN0012,41.6384,-75.2994,DYBERRY 2.1 W,12,0,0.0,41.09334813250029,Coastal,12,5,41.67,True,20.84,Sandy,After
US1PAWN0013,41.5027,-75.159,HAWLEY - 15,12,0,0.0,49.43594208741866,Coastal,12,5,41.67,True,20.84,Sandy,After
US1PAWN0014,41.54,-75.25,TEXAS TWP. 1,12,12,100.0,40.186607015677936,Coastal,0,0,0.0,True,50.0,Sandy,After
US1PAWN0026,41.5902,-75.359,CANAAN - 11,12,2,16.67,31.61404960969669,Coastal,10,4,40.0,True,28.34,Sandy,After
US1PAWN0035,41.5824,-75.3357,PROMPTON - 25,12,0,0.0,33.315897689799684,Coastal,12,5,41.67,True,20.84,Sandy,After
US1PAWN0036,41.5868,-75.4079,WAYMART - 28,12,12,100.0,26.798935302688903,Coastal,0,0,0.0,True,50.0,Sandy,After
US1PAWN0037,41.625,-75.222,OREGON - 23,12,1,8.33,47.472507730259885,Coastal,11,8,72.73,True,40.53,Sandy,After
US1PAWN0038,41.5237,-75.2696,CHERRY RIDGE 13A,12,0,0.0,37.57027369907429,Coastal,12,5,41.67,True,20.84,Sandy,After
US1PAWN0041,41.4511,-75.345,LAKE ARIEL 2.0 ESE,12,1,8.33,28.426057272123224,Coastal,11,5,45.45,True,26.89,Sandy,After
US1PAWN0042,41.7395,-75.443,PLEASANT MOUNT 1.0 E,12,0,0.0,41.249034675843525,Coastal,12,5,41.67,True,20.84,Sandy,After
US1PAWN0044,41.7974,-75.2207,MANCHESTER - 7A,12,0,0.0,63.51075420711974,Rural,12,6,50.0,True,25.0,Sandy,After
USC00060128,41.3492,-73.0917,ANSONIA 1 NW,12,0,0.0,0.0,Coastal,12,0,0.0,False,0.0,Sandy,After
USC00060227,41.8417,-73.0086,BAKERSVILLE,12,0,0.0,16.49649387666411,Coastal,12,1,8.33,False,4.16,Sandy,After
USC00060299,41.9211,-72.9636,BARKHAMSTED,12,0,0.0,23.993332976866647,Coastal,12,0,0.0,False,0.0,Sandy,After
USC00060808,41.2278,-73.1744,TRUMBULL,12,2,16.67,0.0,Coastal,10,0,0.0,False,8.34,Sandy,After
USC00060961,41.6764,-73.5086,BULLS BRG DAM,12,1,8.33,30.989824409011202,Coastal,11,1,9.09,False,8.71,Sandy,After
USC00060973,41.7944,-72.9319,BURLINGTON,12,0,0.0,5.437880297037573,Coastal,12,0,0.0,False,0.0,Sandy,After
USC00061508,42.0003,-73.0439,COLEBROOK RVR LAKE,12,6,50.0,33.08477679874056,Coastal,6,0,0.0,True,25.0,Sandy,After
USC00061762,41.4003,-73.4211,DANBURY,12,7,58.33,0.0,Coastal,5,0,0.0,True,29.16,Sandy,After
USC00062658,41.95,-73.3667,FALLS VILLAGE,12,1,8.33,57.03513129057999,Rural,11,2,18.18,False,13.26,Sandy,After
USC00063207,41.3503,-72.0378,GROTON,12,7,58.33,0.0,Coastal,5,0,0.0,True,29.16,Sandy,After
USC00063420,41.7675,-72.0531,HAMPTON,12,0,0.0,16.911138637640903,Coastal,12,0,0.0,False,0.0,Sandy,After
USC00065077,41.4072,-72.9031,MT CARMEL,12,7,58.33,0.0,Coastal,5,0,0.0,True,29.16,Sandy,After
USC00065445,41.9725,-73.2208,NORFOLK 2 SW,12,0,0.0,47.16118797942995,Coastal,12,1,8.33,False,4.16,Sandy,After
USC00065910,41.5267,-72.0653,NORWICH PUBLIC UTILITY PLT,12,1,8.33,0.07164447330424849,Coastal,11,0,0.0,False,4.16,Sandy,After
USC00066655,41.0825,-73.6386,PUTNAM LAKE,12,5,41.67,0.746726392827456,Coastal,7,1,14.29,True,27.98,Sandy,After
USC00066966,41.5833,-73.4333,ROCKY RVR DAM,12,1,8.33,17.597443781589536,Coastal,11,1,9.09,False,8.71,Sandy,After
USC00067373,41.7167,-73.3,SHEPAUG DAM,12,1,8.33,24.06593042077242,Coastal,11,2,18.18,False,13.26,Sandy,After
USC00067432,41.6444,-72.8167,SHUTTLE MEADOW RSVR,12,6,50.0,0.0,Coastal,6,0,0.0,True,25.0,Sandy,After
USC00067958,41.9983,-72.2606,STAFFORDVILLE,12,0,0.0,27.895518460570194,Coastal,12,1,8.33,False,4.16,Sandy,After
USC00067970,41.1247,-73.5475,STAMFORD 5 N,12,0,0.0,0.0,Coastal,12,0,0.0,False,0.0,Sandy,After
USC00068065,41.3819,-73.1717,STEVENSON DAM,12,1,8.33,5.390266230067221,Coastal,11,2,18.18,False,13.26,Sandy,After
USC00068138,41.795,-72.2286,STORRS,12,0,0.0,7.6989100850053465,Coastal,12,0,0.0,False,0.0,Sandy,After
USC00068330,41.6931,-73.06,THOMASTON DAM,12,0,0.0,10.112803940841543,Coastal,12,1,8.33,False,4.16,Sandy,After
USC00068436,41.8,-73.1167,TORRINGTON,12,0,0.0,21.405728615931817,Coastal,12,0,0.0,False,0.0,Sandy,After
USC00190120,42.3861,-72.5375,AMHERST,12,0,0.0,0.0,Coastal,12,0,0.0,False,0.0,Sandy,After
USC00190408,42.4281,-72.0275,BARRE FALLS DAM,12,0,0.0,20.01794576863563,Coastal,12,1,8.33,False,4.16,Sandy,After
USC00190562,42.2797,-72.3483,BELCHERTOWN,12,0,0.0,19.716323321051952,Coastal,12,0,0.0,False,0.0,Sandy,After
USC00191821,42.4686,-73.1531,DALTON,12,12,100.0,4.360308500788983,Coastal,0,0,0.0,True,50.0,Sandy,After
USC00192107,42.1103,-72.1269,E BRIMFIELD LAKE,12,0,0.0,31.137749626755088,Coastal,12,1,8.33,False,4.16,Sandy,After
USC00193172,42.0875,-72.8486,GRANVILLE DAM,12,0,0.0,7.74352595840743,Coastal,12,2,16.67,False,8.34,Sandy,After
USC00193213,42.2167,-73.35,GREAT BARRINGTON 2N,12,1,8.33,32.918989548874166,Coastal,11,2,18.18,False,13.26,Sandy,After
USC00193402,42.3458,-72.1542,HARDWICK 2 ESE,12,0,0.0,32.67668484457345,Coastal,12,0,0.0,False,0.0,Sandy,After
USC00194131,42.3356,-73.2506,LENOX DALE,12,0,0.0,13.422697767952272,Coastal,12,3,25.0,True,12.5,Sandy,After
USC00194154,42.4467,-72.53,LEVERETT #2,12,0,0.0,5.05171448138255,Coastal,12,0,0.0,False,0.0,Sandy,After
USC00197627,42.0583,-72.0722,SOUTHBRIDGE 3 SW,12,0,0.0,30.131864517923248,Coastal,12,0,0.0,False,0.0,Sandy,After
USC00198181,42.3,-73.3333,STOCKBRIDGE,12,12,100.0,20.54404544165817,Coastal,0,0,0.0,True,50.0,Sandy,After
USC00198278,42.4447,-72.5528,SUNDERLAND,12,0,0.0,5.072198818054855,Coastal,12,1,8.33,False,4.16,Sandy,After
USC00198793,42.2622,-72.2483,WARE,12,0,0.0,26.170214850695015,Coastal,12,0,0.0,False,0.0,Sandy,After
USC00199193,42.0931,-72.8036,WESTFIELD 3 SW,12,0,0.0,2.9435166425134436,Coastal,12,1,8.33,False,4.16,Sandy,After
USC00199371,42.1819,-73.2236,W OTIS,12,0,0.0,36.71544428197777,Coastal,12,2,16.67,False,8.34,Sandy,After
USC00199972,42.3869,-72.9211,WORTHINGTON,12,0,0.0,26.698507120535492,Coastal,12,1,8.33,False,4.16,Sandy,After
USC00280331,39.7417,-74.7258,ATSION,12,8,66.67,17.616881634245406,Coastal,4,1,25.0,True,45.84,Sandy,After
USC00280484,39.7575,-74.1069,BARNEGAT LIGHT,12,12,100.0,12.334449470268869,Coastal,0,0,0.0,True,50.0,Sandy,After
USC00280734,40.8292,-75.0833,BELVIDERE BRG,12,0,0.0,19.083902096837445,Coastal,12,3,25.0,True,12.5,Sandy,After
USC00280847,40.4592,-74.5836,BLACKWELLS MILLS,12,0,0.0,1.6243789828489303,Coastal,12,0,0.0,False,0.0,Sandy,After
USC00280907,40.8917,-74.3964,BOONTON 1 SE,12,0,0.0,0.0,Coastal,12,0,0.0,False,0.0,Sandy,After
USC00280927,40.5561,-74.5717,BOUND BROOK 2W,12,0,0.0,0.0,Coastal,12,0,0.0,False,0.0,Sandy,After
USC00280990,39.5656,-74.2453,BRANT BEACH-BEACH HAVEN,12,8,66.67,13.588668422075774,Coastal,4,0,0.0,True,33.34,Sandy,After
USC00281211,40.1172,-74.7736,ROEBLING,12,12,100.0,0.0,Coastal,0,0,0.0,True,50.0,Sandy,After
USC00281327,41.1092,-74.4828,CANISTEAR RSVR,12,1,8.33,16.22239428459371,Coastal,11,2,18.18,False,13.26,Sandy,After
USC00281335,40.7436,-74.3539,CANOE BROOK,12,0,0.0,0.0,Coastal,12,1,8.33,False,4.16,Sandy,After
USC00281582,41.03,-74.4247,CHARLOTTEBURG RSVR,12,3,25.0,4.387072358980396,Coastal,9,0,0.0,False,12.5,Sandy,After
USC00282023,40.6667,-74.3236,CRANFORD,12,5,41.67,0.0,Coastal,7,0,0.0,True,20.84,Sandy,After
USC00282768,40.8319,-74.2864,ESSEX FELLS SVC BLDG,12,12,100.0,0.0,Coastal,0,0,0.0,True,50.0,Sandy,After
USC00283029,40.5742,-74.8817,FLEMINGTON 5 NNW,12,0,0.0,17.174127265397985,Coastal,12,0,0.0,False,0.0,Sandy,After
USC00283181,40.3136,-74.2511,FREEHOLD-MARLBORO,12,1,8.33,0.7205209634932946,Coastal,11,0,0.0,False,4.16,Sandy,After
USC00283662,39.6442,-74.8047,HAMMONTON 1 NE,12,0,0.0,18.97511292603537,Coastal,12,2,16.67,False,8.34,Sandy,After
USC00283704,40.7481,-74.1519,HARRISON,12,0,0.0,0.0,Coastal,12,0,0.0,False,0.0,Sandy,After
USC00283951,40.2664,-74.5642,HIGHTSTOWN 2 W,12,0,0.0,0.9249178452647878,Coastal,12,0,0.0,False,0.0,Sandy,After
USC00284229,39.7994,-74.7806,INDIAN MILLS 2 W,12,0,0.0,9.8364197268471,Coastal,12,2,16.67,False,8.34,Sandy,After
USC00284635,40.3594,-74.9447,LAMBERTVILLE,12,0,0.0,13.11076633741002,Coastal,12,1,8.33,False,4.16,Sandy,After
USC00284987,40.2969,-74.0017,LONG BRANCH-OAKHURST,12,0,0.0,0.0,Coastal,12,0,0.0,False,0.0,Sandy,After
USC00285503,40.9939,-74.1453,MIDLAND PARK,12,7,58.33,0.0,Coastal,5,0,0.0,True,29.16,Sandy,After
USC00285728,39.9683,-74.865,MOORESTOWN 4 E,12,1,8.33,0.17022609791202317,Coastal,11,2,18.18,False,13.26,Sandy,After
USC00286055,40.4728,-74.4225,NEW BRUNSWICK 3 SE,12,0,0.0,0.0,Coastal,12,0,0.0,False,0.0,Sandy,After
USC00286146,40.9611,-74.0158,NEW MILFORD,12,0,0.0,0.0,Coastal,12,1,8.33,False,4.16,Sandy,After
USC00286460,41.0356,-74.5011,OAK RIDGE RSVR,12,2,16.67,11.431433162984021,Coastal,10,1,10.0,False,13.34,Sandy,After
USC00286864,39.9661,-75.0219,PENNSAUKEN 1N,12,0,0.0,0.0,Coastal,12,3,25.0,True,12.5,Sandy,After
USC00286964,40.0136,-74.8181,PHILADELPHIA/MT HOLLY WFO,12,0,0.0,0.0,Coastal,12,1,8.33,False,4.16,Sandy,After
USC00286979,40.6956,-75.2,PHILLIPSBURG-EASTON BRG,12,0,0.0,0.0,Coastal,12,1,8.33,False,4.16,Sandy,After
USC00287079,40.6036,-74.4025,PLAINFIELD,12,12,100.0,0.0,Coastal,0,0,0.0,True,50.0,Sandy,After
USC00287301,40.7369,-74.7322,POTTERSVILLE 2 NNW,12,0,0.0,13.232703597153197,Coastal,12,1,8.33,False,4.16,Sandy,After
USC00287486,40.5944,-75.1897,RIEGELSVILLE,12,0,0.0,11.326358354940554,Coastal,12,1,8.33,False,4.16,Sandy,After
USC00287587,41.0917,-74.2683,RINGWOOD,12,11,91.67,6.798587655796218,Coastal,1,0,0.0,True,45.84,Sandy,After
USC00287850,39.5697,-75.4617,SALEM,12,12,100.0,15.548334696086698,Coastal,0,0,0.0,True,50.0,Sandy,After
USC00287865,40.4633,-74.0056,SANDY HOOK,12,12,100.0,6.7847065320849,Coastal,0,0,0.0,True,50.0,Sandy,After
USC00288173,39.8367,-75.0447,SOMERDALE 4 SW,12,0,0.0,0.0,Coastal,12,2,16.67,False,8.34,Sandy,After
USC00288644,41.2186,-74.6211,SUSSEX 1 NW,12,0,0.0,37.285298154899984,Coastal,12,5,41.67,True,20.84,Sandy,After
USC00288880,40.285,-74.8419,EWING 3 WNW,12,12,100.0,0.34973507068648807,Coastal,0,0,0.0,True,50.0,Sandy,After
USC00289187,41.0417,-74.2972,WANAQUE RAYMOND DAM,12,0,0.0,0.0,Coastal,12,0,0.0,False,0.0,Sandy,After
USC00289363,40.4519,-74.7792,WERTSVILLE 4 NE,12,0,0.0,11.798625002605455,Coastal,12,0,0.0,False,0.0,Sandy,After
USC00289832,41.0139,-74.0425,WOODCLIFF LAKE,12,0,0.0,0.0,Coastal,12,2,16.67,False,8.34,Sandy,After
USC00300063,42.4722,-73.9281,ALCOVE DAM,12,0,0.0,26.973428956014324,Coastal,12,4,33.33,True,16.66,Sandy,After
USC00300254,42.1394,-74.6536,ARKVILLE 2 W,12,0,0.0,72.6384443531908,Rural,12,5,41.67,True,20.84,Sandy,After
USC00300364,40.9344,-72.7408,BAITING HOLLOW,12,0,0.0,19.904875407850806,Coastal,12,0,0.0,False,0.0,Sandy,After
USC00300732,41.5311,-74.4803,BLOOMINGBURG 2 SW,12,0,0.0,9.728378031257424,Coastal,12,3,25.0,True,12.5,Sandy,After
USC00300889,40.9519,-72.2978,BRIDGEHAMPTON,12,2,16.67,59.39889061693759,Rural,10,0,0.0,False,8.34,Sandy,After
USC00300961,40.8372,-73.8497,BRONX,12,0,0.0,0.0,Coastal,12,1,8.33,False,4.16,Sandy,After
USC00301095,42.3167,-74.0331,CAIRO 3 NW,12,12,100.0,47.1981304740029,Coastal,0,0,0.0,True,50.0,Sandy,After
USC00301102,41.8275,-74.9506,CALLICOON CTR,12,0,0.0,77.4224513692664,Rural,12,8,66.67,True,33.34,Sandy,After
USC00301211,41.4725,-73.655,CARMEL 4N,12,0,0.0,16.146642494827198,Coastal,12,2,16.67,False,8.34,Sandy,After
USC00301309,40.8833,-73.3731,CENTERPORT,12,0,0.0,0.0,Coastal,12,0,0.0,False,0.0,Sandy,After
USC00301521,41.9136,-74.5722,CLARYVILLE,12,4,33.33,57.34697214746687,Rural,8,7,87.5,True,60.42,Sandy,After
USC00301761,42.1131,-73.5522,COPAKE,12,7,58.33,50.399385603384346,Rural,5,3,60.0,True,59.16,Sandy,After
USC00302036,42.2533,-74.905,DELHI 2 SE,12,12,100.0,104.77445958950251,Rural,0,0,0.0,True,50.0,Sandy,After
USC00302060,42.0628,-75.4264,DEPOSIT,12,12,100.0,46.95071943269806,Coastal,0,0,0.0,True,50.0,Sandy,After
USC00302129,41.0072,-73.8344,DOBBS FERRY-ARDSLEY,12,12,100.0,0.0,Coastal,0,0,0.0,True,50.0,Sandy,After
USC00302151,40.7211,-73.0908,MOLLOY CERCOM,12,7,58.33,0.21224572850473752,Coastal,5,0,0.0,True,29.16,Sandy,After
USC00302169,42.0772,-74.9828,DOWNSVILLE DAM,12,4,33.33,96.16042806256017,Rural,8,3,37.5,True,35.42,Sandy,After
USC00302366,42.2344,-74.1444,E JEWETT,12,0,0.0,37.27720572280359,Coastal,12,7,58.33,True,29.16,Sandy,After
USC00302454,42.3328,-75.2297,E SIDNEY,12,0,0.0,75.91573754646326,Rural,12,6,50.0,True,25.0,Sandy,After
USC00302582,41.7167,-74.4,ELLENVILLE,12,5,41.67,35.023861567324786,Coastal,7,2,28.57,True,35.12,Sandy,After
USC00304025,42.2475,-73.7922,HUDSON CORRECTIONAL FACILITY,12,7,58.33,42.306900258662175,Coastal,5,5,100.0,True,79.16,Sandy,After
USC00304575,42.4486,-74.4653,LANSING MANOR,12,0,0.0,71.07871643619973,Rural,12,6,50.0,True,25.0,Sandy,After
USC00304731,41.8017,-74.74,LIBERTY 1 NE,12,0,0.0,59.31045113531096,Rural,12,7,58.33,True,29.16,Sandy,After
USC00305113,42.4694,-75.0106,EMMONS,12,0,0.0,80.55548140483761,Rural,12,5,41.67,True,20.84,Sandy,After
USC00305142,40.9886,-72.5103,MATTITUCK,12,0,0.0,44.47486568301575,Coastal,12,0,0.0,False,0.0,Sandy,After
USC00305426,41.7719,-74.1536,MOHONK LAKE,12,0,0.0,21.240259963867075,Coastal,12,6,50.0,True,25.0,Sandy,After
USC00305606,40.9331,-73.0192,MT SINAI,12,0,0.0,0.0,Coastal,12,3,25.0,True,12.5,Sandy,After
USC00305816,40.7106,-74.0142,WORLD TRADE CTR,12,12,100.0,0.0,Coastal,0,0,0.0,True,50.0,Sandy,After
USC00306217,42.4603,-75.0642,ONEONTA,12,0,0.0,81.98973247734702,Rural,12,3,25.0,True,12.5,Sandy,After
USC00306570,42.0675,-74.3356,PHONECIA 2SW,12,0,0.0,35.63511396156184,Coastal,12,5,41.67,True,20.84,Sandy,After
USC00306649,42.1389,-74.0914,PLATTE CLOVE,12,0,0.0,21.77156567296817,Coastal,12,5,41.67,True,20.84,Sandy,After
USC00306774,41.3892,-74.6906,PORT JERVIS,12,0,0.0,29.407000306058308,Coastal,12,3,25.0,True,12.5,Sandy,After
USC00306820,41.7269,-73.9203,POUGHKEEPSIE,12,0,0.0,0.0,Coastal,12,4,33.33,True,16.66,Sandy,After
USC00307035,41.8847,-73.8686,RHINEBECK 4SE,12,0,0.0,13.133688330623944,Coastal,12,4,33.33,True,16.66,Sandy,After
USC00307134,40.9625,-72.7161,RIVERHEAD RSCH FARM,12,0,0.0,24.154351037023325,Coastal,12,0,0.0,False,0.0,Sandy,After
USC00307210,41.5917,-74.6142,ROCK HILL 3 SW,12,1,8.33,26.05773445447197,Coastal,11,8,72.73,True,40.53,Sandy,After
USC00307274,41.8481,-74.0472,ROSENDALE 2 E,12,10,83.33,10.711072384501854,Coastal,2,0,0.0,True,41.66,Sandy,After
USC00307633,40.9586,-73.1047,SETAUKET STRONG,12,9,75.0,0.0,Coastal,3,1,33.33,True,54.16,Sandy,After
USC00307742,41.3325,-73.8369,SHRUB OAK,12,12,100.0,0.0,Coastal,0,0,0.0,True,50.0,Sandy,After
USC00307799,42.0167,-74.4167,SLIDE MTN,12,3,25.0,41.73800118854606,Coastal,9,4,44.44,True,34.72,Sandy,After
USC00308670,42.3542,-75.3242,UNADILLA 2 N,12,0,0.0,67.16298772605079,Rural,12,6,50.0,True,25.0,Sandy,After
USC00308721,40.8656,-72.8642,UPTON COOP - NWSFO NEW YORK,12,1,8.33,3.631238865270785,Coastal,11,0,0.0,False,4.16,Sandy,After
USC00308906,41.5514,-74.1628,WALDEN 1 ESE,12,12,100.0,4.775991728141058,Coastal,0,0,0.0,True,50.0,Sandy,After
USC00308932,42.1847,-75.1456,WALTON 2,12,0,0.0,79.26436111588636,Rural,12,5,41.67,True,20.84,Sandy,After
USC00309292,41.3906,-73.9608,W PT,12,0,0.0,8.578047190550036,Coastal,12,4,33.33,True,16.66,Sandy,After
USC00309670,41.2664,-73.7975,YORKTOWN HTS 1W,12,2,16.67,7.015934140935521,Coastal,10,1,10.0,False,13.34,Sandy,After
USC00361080,40.5,-75.2042,BUCKSVILLE,12,10,83.33,15.281921185020545,Coastal,2,1,50.0,True,66.66,Sandy,After
USC00361737,40.0744,-75.3178,CONSHOHOCKEN,12,0,0.0,0.0,Coastal,12,1,8.33,False,4.16,Sandy,After
USC00362671,41.8722,-75.2656,EQUINUNK 2 NW,12,0,0.0,68.99667400389663,Rural,12,7,58.33,True,29.16,Sandy,After
USC00363437,40.2294,-75.4242,GRATERFORD 1 E,12,2,16.67,3.0850397661606204,Coastal,10,1,10.0,False,13.34,Sandy,After
USC00363488,40.3422,-75.4783,GREEN LANE,12,0,0.0,13.660397992354893,Coastal,12,1,8.33,False,4.16,Sandy,After
USC00363758,41.4764,-75.1653,HAWLEY 1 E,12,0,0.0,48.625407364738095,Coastal,12,3,25.0,True,12.5,Sandy,After
USC00365390,39.8253,-75.4283,MARCUS HOOK,12,0,0.0,0.0,Coastal,12,3,25.0,True,12.5,Sandy,After
USC00365470,41.3914,-74.7172,MATAMORAS,12,12,100.0,32.14854577313668,Coastal,0,0,0.0,True,50.0,Sandy,After
USC00365738,41.6725,-75.0642,MILANVILLE,12,1,8.33,66.35842010689449,Rural,11,5,45.45,True,26.89,Sandy,After
USC00366194,40.1483,-74.953,NESHAMINY FALLS,12,0,0.0,0.0,Coastal,12,3,25.0,True,12.5,Sandy,After
USC00366370,40.1097,-75.3369,NORRISTOWN,12,0,0.0,0.0,Coastal,12,1,8.33,False,4.16,Sandy,After
USC00366886,39.9586,-75.1728,PHILA FRANKLIN INST,12,1,8.33,0.0,Coastal,11,3,27.27,True,17.8,Sandy,After
USC00366927,40.1208,-75.4878,PHOENIXVILLE 1 E,12,0,0.0,0.0,Coastal,12,2,16.67,False,8.34,Sandy,After
USC00367029,41.7394,-75.4464,PLEASANT MT 1 W,12,0,0.0,41.01877450654675,Coastal,12,5,41.67,True,20.84,Sandy,After
USC00367186,41.5889,-75.3303,PROMPTON DAM,12,5,41.67,34.296897024874454,Coastal,7,2,28.57,True,35.12,Sandy,After
USC00367938,40.3553,-75.3131,SELLERSVILLE,12,0,0.0,0.0,Coastal,12,1,8.33,False,4.16,Sandy,After
USC00368263,40.1719,-75.0361,SOUTHAMPTON,12,9,75.0,0.0,Coastal,3,1,33.33,True,54.16,Sandy,After
USC00368400,40.5711,-75.2781,SPRINGTOWN 1 NNE,12,0,0.0,7.04670815908354,Coastal,12,1,8.33,False,4.16,Sandy,After
USC00368596,41.0147,-75.2072,E STROUDSBURG,12,0,0.0,0.0,Coastal,12,5,41.67,True,20.84,Sandy,After
USW00004781,40.7939,-73.1019,ISLIP-LI MACARTHUR AP,12,0,0.0,0.0,Coastal,12,1,8.33,False,4.16,Sandy,After
USW00004789,41.5092,-74.2644,MONTGOMERY ORANGE CO AP,12,0,0.0,11.974093554822776,Coastal,12,5,41.67,True,20.84,Sandy,After
USW00013739,39.8733,-75.2269,PHILA INTL AP,12,0,0.0,0.45839567129645004,Coastal,12,3,25.0,True,12.5,Sandy,After
USW00014707,41.3281,-72.0489,GROTON NEW LONDON AP,12,0,0.0,0.0,Coastal,12,1,8.33,False,4.16,Sandy,After
USW00014719,40.8506,-72.6192,WESTHAMPTON GABRESKI AP,12,1,8.33,25.341582950342286,Coastal,11,0,0.0,False,4.16,Sandy,After
USW00014732,40.7794,-73.8803,LAGUARDIA AP,12,0,0.0,0.0,Coastal,12,1,8.33,False,4.16,Sandy,After
USW00014734,40.6828,-74.1692,NEWARK LIBERTY INTL AP,12,0,0.0,0.0,Coastal,12,1,8.33,False,4.16,Sandy,After
USW00014737,40.6497,-75.4478,ALLENTOWN LEHIGH VLY INTL AP,12,0,0.0,0.0,Coastal,12,1,8.33,False,4.16,Sandy,After
USW00014740,41.9375,-72.6819,HARTFORD-BRADLEY INTL AP,12,0,0.0,0.0,Coastal,12,1,8.33,False,4.16,Sandy,After
USW00014752,41.7353,-72.6511,HARTFORD BRAINARD FLD,12,1,8.33,0.0,Coastal,11,0,0.0,False,4.16,Sandy,After
USW00014757,41.6258,-73.8817,POUGHKEEPSIE AP,12,0,0.0,1.8244784100749831,Coastal,12,2,16.67,False,8.34,Sandy,After
USW00014758,41.2589,-72.8892,NEW HAVEN TWEED AP,12,2,16.67,0.0,Coastal,10,0,0.0,False,8.34,Sandy,After
USW00014763,42.4269,-73.2892,PITTSFIELD MUNI AP,12,0,0.0,2.11943686033872,Coastal,12,4,33.33,True,16.66,Sandy,After
USW00014775,42.16,-72.7125,WESTFIELD BARNES MUNI AP,12,0,0.0,0.0,Coastal,12,0,0.0,False,0.0,Sandy,After
USW00014792,40.2769,-74.8158,TRENTON-MERCER AP,12,0,0.0,0.0,Coastal,12,2,16.67,False,8.34,Sandy,After
USW00054734,41.3722,-73.4833,DANBURY MUNI AP,12,0,0.0,0.0,Coastal,12,2,16.67,False,8.34,Sandy,After
USW00054743,40.8764,-74.2828,CALDWELL ESSEX CO AP,12,6,50.0,0.0,Coastal,6,0,0.0,True,25.0,Sandy,After
USW00054767,41.7425,-72.1825,WILLIMANTIC WINDHAM AP,12,0,0.0,2.2207838403472877,Coastal,12,1,8.33,False,4.16,Sandy,After
USW00054779,41.0092,-74.7364,AEROFLEX-ANDOVER AP,12,8,66.67,10.679164690951618,Coastal,4,0,0.0,True,33.34,Sandy,After
USW00054785,40.6242,-74.6689,SOMERSET AP,12,8,66.67,0.0,Coastal,4,0,0.0,True,33.34,Sandy,After
USW00054786,40.3303,-75.1228,DOYLESTOWN AP,12,3,25.0,0.0,Coastal,9,2,22.22,True,23.61,Sandy,After
USW00054787,40.7344,-73.4164,FARMINGDALE REPUBLIC AP,12,0,0.0,0.0,Coastal,12,1,8.33,False,4.16,Sandy,After
USW00054788,41.5097,-72.8278,MERIDEN MARKHAM MUNI AP,12,0,0.0,0.0,Coastal,12,0,0.0,False,0.0,Sandy,After
USW00054789,41.1369,-75.3772,MT POCONO POCONO MOUNTAINS MUN,12,0,0.0,23.38567464016048,Coastal,12,6,50.0,True,25.0,Sandy,After
USW00054790,40.8211,-72.8675,SHIRLEY BROOKHAVEN AP,12,0,0.0,0.0,Coastal,12,0,0.0,False,0.0,Sandy,After
USW00054793,41.1992,-74.6258,SUSSEX AP,12,3,25.0,34.54491307954835,Coastal,9,3,33.33,True,29.16,Sandy,After
USW00064756,41.7858,-73.7422,MILLBROOK 3 W,12,0,0.0,19.195612855000874,Coastal,12,5,41.67,True,20.84,Sandy,After
USW00093780,39.9408,-74.8408,S JERSEY RGNL AP,12,0,0.0,0.0,Coastal,12,4,33.33,True,16.66,Sandy,After
USW00094702,41.1642,-73.1267,IGOR I SIKORSKY MEM AP,12,0,0.0,0.0,Coastal,12,1,8.33,False,4.16,Sandy,After
USW00094728,40.7789,-73.9692,NY CITY CNTRL PARK,12,0,0.0,0.0,Coastal,12,1,8.33,False,4.16,Sandy,After
USW00094732,40.0789,-75.0133,NE PHILA AP,12,0,0.0,0.0,Coastal,12,3,25.0,True,12.5,Sandy,After
USW00094741,40.8589,-74.0561,TETERBORO AP,12,0,0.0,0.0,Coastal,12,1,8.33,False,4.16,Sandy,After
USW00094745,41.0622,-73.7044,WESTCHESTER CO AP,12,0,0.0,0.0,Coastal,12,1,8.33,False,4.16,Sandy,After
USW00094789,40.6392,-73.7639,JFK INTL AP,12,0,0.0,0.0,Coastal,12,1,8.33,False,4.16,Sandy,After
BF1FP000001,26.5481,-78.7028,FREEPORT LUCAYA 7.4 WNW,11,0,0.0,0.0,Coastal,0,0,0.0,False,0.0,Ian,Before
US1FLAL0002,29.5272,-82.4271,ARCHER 5.5 E,11,0,0.0,11.171652499167186,Coastal,11,2,18.18,False,9.09,Ian,Before
US1FLAL0004,29.8006,-82.2836,BROOKER 6.6 SSE,11,0,0.0,10.55495095548435,Coastal,11,2,18.18,False,9.09,Ian,Before
US1FLAL0007,29.5908,-82.4314,GAINESVILLE 8.1 SW,11,0,0.0,4.617237791310587,Coastal,11,2,18.18,False,9.09,Ian,Before
US1FLAL0010,29.6802,-82.3988,GAINESVILLE 3.8 W,11,0,0.0,0.0,Coastal,11,3,27.27,True,13.64,Ian,Before
US1FLAL0017,29.7869,-82.6276,HIGH SPRINGS 3.2 SW,11,2,18.18,24.125331479110233,Coastal,9,2,22.22,True,20.2,Ian,Before
US1FLAL0026,29.6555,-82.3171,GAINESVILLE 1.7 SE,11,0,0.0,0.0,Coastal,11,2,18.18,False,9.09,Ian,Before
US1FLAL0031,29.738,-82.4162,GAINESVILLE 6.5 NW,11,0,0.0,2.276140808030407,Coastal,11,2,18.18,False,9.09,Ian,Before
US1FLAL0048,29.6778,-82.4264,GAINESVILLE 5.4 W,11,0,0.0,0.0,Coastal,11,3,27.27,True,13.64,Ian,Before
US1FLAL0050,29.6478,-82.3618,GAINESVILLE 2.4 SW,11,0,0.0,0.0,Coastal,11,2,18.18,False,9.09,Ian,Before
US1FLAL0051,29.5348,-82.2681,MICANOPY 2.1 NNE,11,0,0.0,13.932523333701685,Coastal,11,2,18.18,False,9.09,Ian,Before
US1FLAL0054,29.5198,-82.3127,MICANOPY 2.1 WNW,11,0,0.0,13.615996043374766,Coastal,11,3,27.27,True,13.64,Ian,Before
US1FLAL0055,29.6572,-82.4636,GAINESVILLE 7.7 W,11,0,0.0,2.4829881814800006,Coastal,11,3,27.27,True,13.64,Ian,Before
US1FLAL0056,29.8519,-82.4999,ALACHUA 5.2 NNW,11,11,100.0,19.47096117795683,Coastal,0,0,0.0,True,50.0,Ian,Before
US1FLAL0058,29.6056,-82.3601,GAINESVILLE 5.0 SSW,11,0,0.0,1.5177466447783496,Coastal,11,2,18.18,False,9.09,Ian,Before
US1FLAL0060,29.6467,-82.4563,GAINESVILLE 7.5 WSW,11,6,54.55,2.2502958301428175,Coastal,5,1,20.0,True,37.28,Ian,Before
US1FLAL0061,29.6416,-82.4246,GAINESVILLE 5.8 WSW,11,11,100.0,0.673673752129982,Coastal,0,0,0.0,True,50.0,Ian,Before
US1FLAL0062,29.7091,-82.0662,MELROSE 1.7 W,11,10,90.91,22.307043787619577,Coastal,1,0,0.0,True,45.46,Ian,Before
US1FLAL0063,29.6843,-82.3846,GAINESVILLE 3.0 WNW,11,5,45.45,0.0,Coastal,6,1,16.67,True,31.06,Ian,Before
US1FLAL0071,29.6164,-82.1658,HAWTHORNE 5.0 WNW,11,2,18.18,15.458512372006386,Coastal,9,2,22.22,True,20.2,Ian,Before
US1FLAL0072,29.6808,-82.3295,GAINESVILLE 0.6 NE,11,10,90.91,0.0,Coastal,1,0,0.0,True,45.46,Ian,Before
US1FLAL0075,29.6692,-82.3496,GAINESVILLE 0.9 WSW,11,0,0.0,0.0,Coastal,11,2,18.18,False,9.09,Ian,Before
US1FLAL0078,29.6007,-82.3453,GAINESVILLE 5.1 S,11,11,100.0,3.1194574831178556,Coastal,0,0,0.0,True,50.0,Ian,Before
US1FLAL0079,29.6181,-82.3421,GAINESVILLE 3.9 S,11,0,0.0,1.5540386635088748,Coastal,11,2,18.18,False,9.09,Ian,Before
US1FLAL0080,29.7377,-82.4169,GAINESVILLE 6.5 NW,11,0,0.0,2.2617524122427577,Coastal,11,1,9.09,False,4.54,Ian,Before
US1FLAL0081,29.6164,-82.4514,GAINESVILLE 8.0 WSW,11,0,0.0,4.926791017666814,Coastal,11,3,27.27,True,13.64,Ian,Before
US1FLAL0085,29.6958,-82.3586,GAINESVILLE 2.0 NW,11,10,90.91,0.0,Coastal,1,1,100.0,True,95.46,Ian,Before
US1FLAL0086,29.5845,-82.4327,GAINESVILLE 8.5 SW,11,11,100.0,5.2962909139545244,Coastal,0,0,0.0,True,50.0,Ian,Before
US1FLAL0093,29.803,-82.5442,ALACHUA 4.2 WNW,11,11,100.0,17.530660643286325,Coastal,0,0,0.0,True,50.0,Ian,Before
US1FLAL0095,29.656,-82.3233,GAINESVILLE 0.5 N,11,11,100.0,0.0,Coastal,0,0,0.0,True,50.0,Ian,Before
US1FLAL0096,29.6122,-82.4445,GAINESVILLE 7.8 WSW,11,0,0.0,4.843304975683211,Coastal,11,3,27.27,True,13.64,Ian,Before
US1FLAL0097,29.6834,-82.3853,GAINESVILLE 3.0 WNW,11,6,54.55,0.0,Coastal,5,1,20.0,True,37.28,Ian,Before
US1FLAL0102,29.687,-82.6006,NEWBERRY 3.0 NNE,11,11,100.0,17.395187337001126,Coastal,0,0,0.0,True,50.0,Ian,Before
US1FLBK0003,30.3212,-82.2757,SANDERSON 4.9 NNW,11,11,100.0,42.18003455592597,Coastal,0,0,0.0,True,50.0,Ian,Before
US1FLBK0005,30.237,-82.2189,GLEN ST. MARY 4.4 SW,11,0,0.0,45.28727196180258,Coastal,11,2,18.18,False,9.09,Ian,Before
US1FLBK0006,30.2985,-82.1624,GLEN ST. MARY 1.7 N,11,1,9.09,37.93931442612606,Coastal,10,2,20.0,True,14.54,Ian,Before
US1FLBK0007,30.2161,-82.1606,MACCLENNY 4.9 SSW,11,0,0.0,38.998512064847894,Coastal,11,2,18.18,False,9.09,Ian,Before
US1FLBV0001,27.9512,-80.642,PALM BAY 2.6 SSE,11,0,0.0,9.80703510611342,Coastal,11,3,27.27,True,13.64,Ian,Before
US1FLBV0002,28.1882,-80.6805,PALM SHORES 1.4 W,11,0,0.0,0.0,Coastal,11,3,27.27,True,13.64,Ian,Before
US1FLBV0005,28.0235,-80.6881,PALM BAY 3.1 NNW,11,0,0.0,5.042647584845462,Coastal,11,4,36.36,True,18.18,Ian,Before
US1FLBV0006,28.1312,-80.6436,MELBOURNE 1.1 N,11,1,9.09,0.0,Coastal,10,3,30.0,True,19.55,Ian,Before
US1FLBV0011,28.0165,-80.5332,MELBOURNE BEACH 3.9 SSE,11,11,100.0,6.152905127759068,Coastal,0,0,0.0,True,50.0,Ian,Before
US1FLBV0012,28.3861,-80.6003,CAPE CANAVERAL 0.6 ESE,11,0,0.0,0.0,Coastal,11,4,36.36,True,18.18,Ian,Before
US1FLBV0013,28.3122,-80.7456,ROCKLEDGE 1.1 WSW,11,0,0.0,2.274361471084924,Coastal,11,2,18.18,False,9.09,Ian,Before
US1FLBV0014,27.9921,-80.6432,PALM BAY 1.0 NE,11,11,100.0,4.882738692610702,Coastal,0,0,0.0,True,50.0,Ian,Before
US1FLBV0020,28.2439,-80.6842,PALM SHORES 4.3 NNW,11,0,0.0,0.5929793308243387,Coastal,11,3,27.27,True,13.64,Ian,Before
US1FLBV0023,28.3956,-80.7868,COCOA 2.6 WNW,11,0,0.0,0.0,Coastal,11,2,18.18,False,9.09,Ian,Before
US1FLBV0028,27.8861,-80.5283,MICCO 1.3 NW,11,0,0.0,19.35437641562909,Coastal,11,4,36.36,True,18.18,Ian,Before
US1FLBV0032,28.4017,-80.6729,MERRITT ISLAND 4.1 NE,11,11,100.0,0.0,Coastal,0,0,0.0,True,50.0,Ian,Before
US1FLBV0036,28.4793,-80.7093,MERRIT ISLAND 9.1 N,11,1,9.09,5.517048110207888,Coastal,10,3,30.0,True,19.55,Ian,Before
US1FLBV0038,28.6282,-80.8572,TITUSVILLE 3.5 NW,11,7,63.64,0.5945784144607792,Coastal,4,1,25.0,True,44.32,Ian,Before
US1FLBV0047,28.3452,-80.7217,ROCKLEDGE 1.8 NNE,11,4,36.36,0.08557542230740525,Coastal,7,1,14.29,True,25.32,Ian,Before
US1FLBV0049,28.2361,-80.6908,PALM SHORES 4.0 NNW,11,11,100.0,0.0,Coastal,0,0,0.0,True,50.0,Ian,Before
US1FLBV0050,28.1825,-80.6524,MELBOURNE 4.7 N,11,11,100.0,0.0,Coastal,0,0,0.0,True,50.0,Ian,Before
US1FLBV0052,28.1329,-80.5855,INDIALANTIC 3.3 NNW,11,0,0.0,0.0,Coastal,11,4,36.36,True,18.18,Ian,Before
US1FLBV0054,28.3652,-80.6647,MERRITT ISLAND 3.8 N,11,0,0.0,0.0,Coastal,11,2,18.18,False,9.09,Ian,Before
US1FLBV0055,28.0562,-80.6299,MELBOURNE 4.1 S,11,8,72.73,0.0,Coastal,3,2,66.67,True,69.7,Ian,Before
US1FLBV0059,27.9501,-80.6421,PALM BAY 2.7 SSE,11,0,0.0,9.943454417001252,Coastal,11,4,36.36,True,18.18,Ian,Before
US1FLBV0063,28.1712,-80.6816,MELBOURNE 4.6 NNW,11,0,0.0,0.0,Coastal,11,2,18.18,False,9.09,Ian,Before
US1FLBV0067,27.9147,-80.6523,PALM BAY 4.9 S,11,2,18.18,14.544452191519119,Coastal,9,4,44.44,True,31.31,Ian,Before
US1FLBV0072,27.9399,-80.6691,PALM BAY 3.2 S,11,1,9.09,12.020732389260315,Coastal,10,4,40.0,True,24.54,Ian,Before
US1FLBV0073,28.5808,-80.8311,TITUSVILLE 0.9 SW,11,10,90.91,0.5478882928890966,Coastal,1,0,0.0,True,45.46,Ian,Before
US1FLBV0075,28.3822,-80.7067,MERRITT ISLAND 5.6 NNW,11,11,100.0,0.0,Coastal,0,0,0.0,True,50.0,Ian,Before
US1FLBV0078,28.421,-80.8171,COCOA 5.1 NW,11,0,0.0,2.2059247568724216,Coastal,11,3,27.27,True,13.64,Ian,Before
US1FLBV0085,28.4247,-80.8018,COCOA 4.6 NW,11,10,90.91,1.7192072717543432,Coastal,1,1,100.0,True,95.46,Ian,Before
US1FLBV0087,28.1733,-80.677,MELBOURNE 4.6 NNW,11,11,100.0,0.0,Coastal,0,0,0.0,True,50.0,Ian,Before
US1FLBV0089,28.1628,-80.5914,SATELLITE BEACH 0.7 ESE,11,0,0.0,0.0,Coastal,11,3,27.27,True,13.64,Ian,Before
US1FLBV0092,28.2045,-80.6012,SATELLITE BEACH 2.0 N,11,0,0.0,0.0,Coastal,11,2,18.18,False,9.09,Ian,Before
US1FLBV0095,28.4585,-80.7077,MERRITT ISLAND 10.6 NNW,11,0,0.0,3.205987102234069,Coastal,11,3,27.27,True,13.64,Ian,Before
US1FLBV0099,28.0502,-80.6939,WEST MELBOURNE 2.5 SSW,11,2,18.18,3.576209308477198,Coastal,9,4,44.44,True,31.31,Ian,Before
US1FLBV0102,28.01,-80.6919,PALM BAY 2.6 NW,11,0,0.0,6.2191155193766035,Coastal,11,4,36.36,True,18.18,Ian,Before
US1FLBV0103,27.9949,-80.6505,PALM BAY 0.9 NE,11,7,63.64,4.805621910394604,Coastal,4,2,50.0,True,56.82,Ian,Before
US1FLBV0105,28.0297,-80.5417,MELBOURNE BEACH 2.8 SSE,11,11,100.0,4.677360850021034,Coastal,0,0,0.0,True,50.0,Ian,Before
US1FLBV0107,28.1164,-80.5806,INDIALANTIC 2.1 NNW,11,0,0.0,0.0,Coastal,11,3,27.27,True,13.64,Ian,Before
US1FLBV0109,28.1992,-80.6094,SATELLITE BEACH 1.7 NNW,11,2,18.18,0.0,Coastal,9,1,11.11,False,14.64,Ian,Before
US1FLBV0110,28.0234,-80.6174,PALM BAY 3.7 NE,11,0,0.0,0.3039627128452299,Coastal,11,4,36.36,True,18.18,Ian,Before
US1FLBV0111,28.1452,-80.7158,MELBOURNE 7.7 WNW,11,0,0.0,0.10036590016275233,Coastal,11,3,27.27,True,13.64,Ian,Before
US1FLBV0113,28.1668,-80.5912,SATELLITE BEACH 0.8 SE,11,0,0.0,0.0,Coastal,11,3,27.27,True,13.64,Ian,Before
US1FLBV0114,28.0152,-80.5891,PALM BAY 4.8 ENE,11,0,0.0,1.7470399623681212,Coastal,11,5,45.45,True,22.72,Ian,Before
US1FLBV0115,28.64,-80.8542,MIMS 3.1 S,11,11,100.0,0.4412671213684375,Coastal,0,0,0.0,True,50.0,Ian,Before
US1FLBV0117,28.4493,-80.6977,SHARPES 3.8 ENE,11,11,100.0,2.7911158295249248,Coastal,0,0,0.0,True,50.0,Ian,Before
US1FLBV0118,27.9075,-80.5242,GRANT 1.5 S,11,0,0.0,17.101516274269276,Coastal,11,4,36.36,True,18.18,Ian,Before
US1FLBV0123,27.9926,-80.7007,PALM BAY 2.5 W,11,0,0.0,8.361971345070158,Coastal,11,4,36.36,True,18.18,Ian,Before
US1FLBV0124,28.0711,-80.66,WEST MELBOURNE 0.9 SE,11,4,36.36,0.1593364856918172,Coastal,7,3,42.86,True,39.61,Ian,Before
US1FLBV0125,28.0799,-80.6334,MELBOURNE 2.5 S,11,0,0.0,0.0,Coastal,11,4,36.36,True,18.18,Ian,Before
US1FLBV0126,28.3291,-80.7405,ROCKLEDGE 0.9 NW,11,11,100.0,0.19929297087208256,Coastal,0,0,0.0,True,50.0,Ian,Before
US1FLBV0133,28.3422,-80.6987,MERRITT ISLAND 3.0 NW,11,11,100.0,0.07290522725587817,Coastal,0,0,0.0,True,50.0,Ian,Before
US1FLBV0134,28.3842,-80.7663,COCOA 1.1 WNW,11,11,100.0,0.0,Coastal,0,0,0.0,True,50.0,Ian,Before
US1FLBW0004,26.0145,-80.3255,PEMBROKE PINES 1.0 ENE,11,11,100.0,0.0,Coastal,0,0,0.0,True,50.0,Ian,Before
US1FLBW0007,26.286,-80.103,POMPANO BEACH HIGHLANDS 0.7 E,11,0,0.0,0.0,Coastal,11,5,45.45,True,22.72,Ian,Before
US1FLBW0016,26.1179,-80.1521,FORT LAUDERDALE 1.9 SSW,11,1,9.09,0.0,Coastal,10,5,50.0,True,29.54,Ian,Before
US1FLBW0026,26.3038,-80.0813,DEERFIELD BEACH 2.5 ESE,11,1,9.09,0.0,Coastal,10,5,50.0,True,29.54,Ian,Before
US1FLBW0067,26.0645,-80.3256,DAVIE 2.6 WSW,11,11,100.0,0.0,Coastal,0,0,0.0,True,50.0,Ian,Before
US1FLBW0076,26.1182,-80.2066,PLANTATION 3.4 E,11,0,0.0,0.0,Coastal,11,5,45.45,True,22.72,Ian,Before
US1FLBW0079,26.2459,-80.218,MARGATE 0.4 W,11,0,0.0,0.0,Coastal,11,5,45.45,True,22.72,Ian,Before
US1FLBW0095,26.1069,-80.2394,PLANTATION 1.9 SE,11,5,45.45,0.0,Coastal,6,2,33.33,True,39.39,Ian,Before
US1FLBW0099,26.072,-80.3679,WESTON 2.8 SE,11,0,0.0,0.0,Coastal,11,7,63.64,True,31.82,Ian,Before
US1FLBW0106,26.1092,-80.2661,PLANTATION 1.2 SSW,11,11,100.0,0.0,Coastal,0,0,0.0,True,50.0,Ian,Before
US1FLBW0110,26.0377,-80.18,HOLLYWOOD 1.1 WNW,11,0,0.0,0.0,Coastal,11,6,54.55,True,27.28,Ian,Before
US1FLBW0116,26.1391,-80.2953,PLANTATION 2.3 WNW,11,10,90.91,0.0,Coastal,1,1,100.0,True,95.46,Ian,Before
US1FLBW0121,26.2723,-80.1026,POMPANO BEACH 3.1 NE,11,0,0.0,0.0,Coastal,11,5,45.45,True,22.72,Ian,Before
US1FLBW0137,26.2521,-80.1224,POMPANO BEACH 1.2 NNE,11,0,0.0,0.0,Coastal,11,5,45.45,True,22.72,Ian,Before
US1FLBW0139,26.1818,-80.2999,SUNRISE 2.1 N,11,11,100.0,0.0,Coastal,0,0,0.0,True,50.0,Ian,Before
US1FLBW0145,26.1806,-80.1684,OAKLAND PARK 1.0 WNW,11,11,100.0,0.0,Coastal,0,0,0.0,True,50.0,Ian,Before
US1FLBW0148,26.2632,-80.2592,CORAL SPRINGS 0.4 S,11,4,36.36,0.0,Coastal,7,3,42.86,True,39.61,Ian,Before
US1FLBW0150,26.1294,-80.2825,PLANTATION 1.3 WNW,11,11,100.0,0.0,Coastal,0,0,0.0,True,50.0,Ian,Before
US1FLBW0151,26.1569,-80.2965,SUNRISE 0.4 NNE,11,0,0.0,0.0,Coastal,11,7,63.64,True,31.82,Ian,Before
US1FLBW0153,26.0078,-80.2297,PEMBROKE PINES 4.1 E,11,10,90.91,0.0,Coastal,1,1,100.0,True,95.46,Ian,Before
US1FLBW0155,26.0577,-80.2757,COOPER CITY 1.3 NE,11,0,0.0,0.0,Coastal,11,6,54.55,True,27.28,Ian,Before
US1FLBW0159,26.1885,-80.1094,FORT LAUDERDALE 3.7 NNE,11,0,0.0,0.0,Coastal,11,6,54.55,True,27.28,Ian,Before
US1FLBW0160,26.1667,-80.3106,SUNRISE 1.3 NW,11,0,0.0,0.0,Coastal,11,6,54.55,True,27.28,Ian,Before
US1FLBW0161,26.0198,-80.3408,PEMBROKE PINES 0.7 N,11,0,0.0,0.0,Coastal,11,6,54.55,True,27.28,Ian,Before
US1FLBW0162,26.2563,-80.2147,MARGATE 0.8 NNW,11,0,0.0,0.0,Coastal,11,6,54.55,True,27.28,Ian,Before
US1FLBW0165,26.2492,-80.2093,MARGATE 0.3 NNE,11,3,27.27,0.0,Coastal,8,2,25.0,True,26.14,Ian,Before
US1FLBW0166,26.1214,-80.4127,WESTON 1.7 NNW,11,1,9.09,0.0,Coastal,10,5,50.0,True,29.54,Ian,Before
US1FLBW0167,26.3095,-80.0938,DEERFIELD BEACH 1.7 E,11,0,0.0,0.0,Coastal,11,5,45.45,True,22.72,Ian,Before
US1FLBW0174,26.0056,-80.1475,HOLLYWOOD 2.0 SSE,11,11,100.0,0.0,Coastal,0,0,0.0,True,50.0,Ian,Before
US1FLCB0010,30.3178,-82.7543,WHITE SPRINGS 1.0 SSE,11,0,0.0,16.96462218129868,Coastal,11,3,27.27,True,13.64,Ian,Before
US1FLCB0012,30.0812,-82.671,LAKE CITY 7.9 SSW,11,0,0.0,11.626148313790791,Coastal,11,2,18.18,False,9.09,Ian,Before
US1FLCB0014,30.3175,-82.754,WHITE SPRINGS 1.0 SSE,11,11,100.0,16.91382088302764,Coastal,0,0,0.0,True,50.0,Ian,Before
US1FLCB0019,30.0681,-82.622,LAKE CITY 8.7 S,11,0,0.0,14.300131379699852,Coastal,11,2,18.18,False,9.09,Ian,Before
US1FLCB0024,29.8735,-82.7463,FORT WHITE 3.8 SSW,11,0,0.0,38.56618679637783,Coastal,11,2,18.18,False,9.09,Ian,Before
US1FLCB0025,30.1706,-82.6036,LAKE CITY 2.8 ESE,11,0,0.0,4.389344712487577,Coastal,11,2,18.18,False,9.09,Ian,Before
US1FLCB0026,29.9166,-82.6751,FORT WHITE 2.4 E,11,0,0.0,32.76472203609635,Coastal,11,2,18.18,False,9.09,Ian,Before
US1FLCH0006,26.8853,-82.2898,ROTONDA 0.8 WNW,11,11,100.0,5.776353469899658,Coastal,0,0,0.0,True,50.0,Ian,Before
US1FLCH0013,26.9805,-82.2094,PORT CHARLOTTE 6.2 W,11,0,0.0,6.957425261363208,Coastal,11,3,27.27,True,13.64,Ian,Before
US1FLCH0015,26.9828,-82.0552,PORT CHARLOTTE 3.3 E,11,1,9.09,1.1720833919117084,Coastal,10,3,30.0,True,19.55,Ian,Before
US1FLCH0017,26.9197,-82.0653,PUNTA GORDA 1.6 NNW,11,6,54.55,0.0,Coastal,5,0,0.0,True,27.28,Ian,Before
US1FLCH0019,26.916,-82.068,PUNTA GORDA 1.4 NNW,11,0,0.0,0.0,Coastal,11,3,27.27,True,13.64,Ian,Before
US1FLCH0023,26.9175,-82.0689,PUNTA GORDA 1.6 NNW,11,0,0.0,0.0,Coastal,11,3,27.27,True,13.64,Ian,Before
US1FLCH0029,26.8966,-82.2221,PORT CHARLOTTE 9.3 SW,11,0,0.0,11.03442363821422,Coastal,11,3,27.27,True,13.64,Ian,Before
US1FLCH0030,26.9634,-82.168,PORT CHARLOTTE 4.0 WSW,11,11,100.0,4.431007724651989,Coastal,0,0,0.0,True,50.0,Ian,Before
US1FLCH0034,26.9353,-82.326,ENGLEWOOD 2.4 SE,11,0,0.0,0.0,Coastal,11,3,27.27,True,13.64,Ian,Before
US1FLCH0035,27.0323,-82.1902,NORTH PORT 1.2 SSE,11,0,0.0,2.517938229493092,Coastal,11,3,27.27,True,13.64,Ian,Before
US1FLCH0036,27.0287,-82.0711,PORT CHARLOTTE 3.8 NE,11,2,18.18,3.749075002713965,Coastal,9,1,11.11,False,14.64,Ian,Before
US1FLCH0037,27.0231,-82.0663,PORT CHARLOTTE 3.7 NE,11,11,100.0,3.164959983923487,Coastal,0,0,0.0,True,50.0,Ian,Before
US1FLCH0038,27.0194,-82.0901,PORT CHARLOTTE 2.6 NNE,11,6,54.55,1.6973283295791202,Coastal,5,0,0.0,True,27.28,Ian,Before
US1FLCH0039,26.9302,-82.2851,GROVE CITY 2.8 NE,11,0,0.0,2.9144169011749947,Coastal,11,3,27.27,True,13.64,Ian,Before
US1FLCH0040,26.987,-82.2462,NORTH PORT 5.4 SW,11,0,0.0,7.805411695582384,Coastal,11,3,27.27,True,13.64,Ian,Before
US1FLCH0044,26.8755,-82.2021,PORT CHARLOTTE 9.5 SW,11,11,100.0,14.401453005256622,Coastal,0,0,0.0,True,50.0,Ian,Before
US1FLCH0046,26.9345,-82.2572,PORT CHARLOTTE 9.8 WSW,11,11,100.0,5.297097762182496,Coastal,0,0,0.0,True,50.0,Ian,Before
US1FLCR0012,26.0976,-81.7221,NAPLES 5.7 SE,11,0,0.0,2.6554230760029722,Coastal,11,4,36.36,True,18.18,Ian,Before
US1FLCR0013,26.2798,-81.7583,NAPLES PARK 3.7 ENE,11,0,0.0,0.0,Coastal,11,4,36.36,True,18.18,Ian,Before
US1FLCR0037,26.236,-81.7325,NAPLES 7.4 NNE,11,11,100.0,1.4794223012650107,Coastal,0,0,0.0,True,50.0,Ian,Before
US1FLCR0038,26.054,-81.6964,NAPLES 8.7 SE,11,9,81.82,8.348683879004207,Coastal,2,2,100.0,True,90.91,Ian,Before
US1FLCR0041,26.2406,-81.6976,NAPLES 9.0 NE,11,11,100.0,4.493853920205821,Coastal,0,0,0.0,True,50.0,Ian,Before
US1FLCR0052,26.2744,-81.5318,NAPLES 18.6 ENE,11,0,0.0,19.610359643944157,Coastal,11,5,45.45,True,22.72,Ian,Before
US1FLCR0053,26.264,-81.5619,NAPLES 16.6 ENE,11,3,27.27,16.03653990178027,Coastal,8,3,37.5,True,32.38,Ian,Before
US1FLCR0057,26.3329,-81.4339,AVE MARIA 0.4 SE,11,3,27.27,32.63923782826221,Coastal,8,3,37.5,True,32.38,Ian,Before
US1FLCR0059,26.2271,-81.628,NAPLES 11.8 ENE,11,0,0.0,7.431333370998186,Coastal,11,3,27.27,True,13.64,Ian,Before
US1FLCR0060,26.3292,-81.4314,AVE MARIA 0.7 SE,11,9,81.82,32.66287921233418,Coastal,2,1,50.0,True,65.91,Ian,Before
US1FLCR0061,26.1964,-81.7945,NAPLES 3.6 N,11,11,100.0,0.0,Coastal,0,0,0.0,True,50.0,Ian,Before
US1FLCR0062,26.1647,-81.7324,GOLDEN GATE 2.2 SW,11,0,0.0,0.0,Coastal,11,6,54.55,True,27.28,Ian,Before
US1FLCR0063,26.0389,-81.6891,MARCO ISLAND 6.6 NNE,11,11,100.0,10.312340289584732,Coastal,0,0,0.0,True,50.0,Ian,Before
US1FLCR0066,26.129,-81.7458,EAST NAPLES 0.9 NE,11,2,18.18,0.0,Coastal,9,5,55.56,True,36.87,Ian,Before
US1FLCR0067,26.3066,-81.4501,AVE MARIA 2.3 SSW,11,11,100.0,29.539415299742316,Coastal,0,0,0.0,True,50.0,Ian,Before
US1FLCT0008,28.871,-82.5273,CRYSTAL RIVER 4.7 ESE,11,1,9.09,4.706193615779394,Coastal,10,2,20.0,True,14.54,Ian,Before
US1FLCT0011,28.9298,-82.3704,HERNANDO 1.6 N,11,1,9.09,22.575048956546247,Coastal,10,2,20.0,True,14.54,Ian,Before
US1FLCT0015,28.8582,-82.3056,INVERNESS 2.6 ENE,11,4,36.36,29.385980276857264,Coastal,7,0,0.0,True,18.18,Ian,Before
US1FLCT0024,28.9142,-82.4215,HERNANDO 2.9 W,11,5,45.45,16.66830806432686,Coastal,6,0,0.0,True,22.72,Ian,Before
US1FLCT0029,28.7303,-82.5391,HOMOSASSA 6.0 SE,11,7,63.64,17.04747018825906,Coastal,4,1,25.0,True,44.32,Ian,Before
US1FLCT0030,28.8741,-82.4411,HERNANDO 4.4 WSW,11,0,0.0,14.19406963223475,Coastal,11,2,18.18,False,9.09,Ian,Before
US1FLCT0031,28.8816,-82.3971,INVERNESS 4.4 NW,11,3,27.27,19.07776944722436,Coastal,8,2,25.0,True,26.14,Ian,Before
US1FLCT0034,28.9317,-82.4416,BEVERLY HILLS 1.9 NE,11,0,0.0,14.87816334724806,Coastal,11,2,18.18,False,9.09,Ian,Before
US1FLCT0035,28.8717,-82.4114,INVERNESS 4.7 WNW,11,1,9.09,17.511692656682847,Coastal,10,2,20.0,True,14.54,Ian,Before
US1FLCT0036,28.8175,-82.2769,INVERNESS 4.3 ESE,11,0,0.0,33.39766789850742,Coastal,11,2,18.18,False,9.09,Ian,Before
US1FLCT0037,29.0059,-82.4938,CITRUS SPRINGS 1.3 WNW,11,0,0.0,15.363074313478238,Coastal,11,2,18.18,False,9.09,Ian,Before
US1FLCT0038,28.8828,-82.4333,HERNANDO 3.9 WSW,11,0,0.0,15.05206088434105,Coastal,11,2,18.18,False,9.09,Ian,Before
US1FLCT0039,28.8794,-82.4076,INVERNESS 4.8 NW,11,0,0.0,17.90696061696845,Coastal,11,2,18.18,False,9.09,Ian,Before
US1FLCT0041,28.8529,-82.5858,HOMOSASSA 5.3 NNE,11,1,9.09,1.178532241145719,Coastal,10,2,20.0,True,14.54,Ian,Before
US1FLCT0042,28.9709,-82.4168,HERNANDO 5.1 NNW,11,10,90.91,19.30235910934632,Coastal,1,1,100.0,True,95.46,Ian,Before
US1FLCT0043,28.8227,-82.3334,INVERNESS 1.3 SSE,11,6,54.55,27.142608203333737,Coastal,5,0,0.0,True,27.28,Ian,Before
US1FLCT0046,28.8646,-82.4114,INVERNESS 4.5 WNW,11,11,100.0,17.58558033802601,Coastal,0,0,0.0,True,50.0,Ian,Before
US1FLCY0001,30.0785,-81.6956,FLEMING ISLAND 1.7 SE,11,0,0.0,9.415764114117746,Coastal,11,1,9.09,False,4.54,Ian,Before
US1FLCY0002,30.1044,-81.736,ORANGE PARK 4.8 SSW,11,11,100.0,5.230013711579479,Coastal,0,0,0.0,True,50.0,Ian,Before
US1FLCY0003,29.8172,-81.9275,KEYSTONE HEIGHTS 6.9 ENE,11,0,0.0,29.79805431075232,Coastal,11,4,36.36,True,18.18,Ian,Before
US1FLCY0005,29.8362,-81.9247,KEYSTONE HEIGHTS 7.6 ENE,11,11,100.0,30.915720636935312,Coastal,0,0,0.0,True,50.0,Ian,Before
US1FLCY0007,29.7981,-81.9788,KEYSTONE HEIGHTS 3.5 ENE,11,0,0.0,33.71128705927635,Coastal,11,4,36.36,True,18.18,Ian,Before
US1FLCY0024,29.7668,-82.0079,KEYSTONE HEIGHTS 1.8 ESE,11,11,100.0,29.65995794391046,Coastal,0,0,0.0,True,50.0,Ian,Before
US1FLCY0025,30.1448,-81.7668,ORANGE PARK 4.1 WSW,11,0,0.0,0.0,Coastal,11,2,18.18,False,9.09,Ian,Before
US1FLCY0034,30.0751,-81.6943,FLEMING ISLAND 2.0 SE,11,11,100.0,9.690285161782931,Coastal,0,0,0.0,True,50.0,Ian,Before
US1FLCY0037,30.0616,-81.7134,FLEMING ISLAND 2.2 S,11,0,0.0,10.60388840190665,Coastal,11,2,18.18,False,9.09,Ian,Before
US1FLCY0038,29.8593,-81.8916,KEYSTONE HEIGHTS 10.1 ENE,11,0,0.0,30.055403774237117,Coastal,11,2,18.18,False,9.09,Ian,Before
US1FLCY0039,30.1517,-81.7424,ORANGE PARK 2.5 WSW,11,0,0.0,0.0,Coastal,11,1,9.09,False,4.54,Ian,Before
US1FLCY0041,29.981,-81.8102,PENNEY FARMS 0.1 E,11,5,45.45,17.666353718152326,Coastal,6,1,16.67,True,31.06,Ian,Before
US1FLCY0042,30.0057,-81.7178,GREEN COVE SPRINGS 2.6 WNW,11,8,72.73,16.277601664396766,Coastal,3,0,0.0,True,36.36,Ian,Before
US1FLCY0050,29.8475,-81.9615,KEYSTONE HEIGHTS 6.4 NE,11,9,81.82,35.09672610608917,Coastal,2,2,100.0,True,90.91,Ian,Before
US1FLCY0051,30.1628,-81.7091,ORANGE PARK 0.5 SSW,11,0,0.0,0.15996492069954976,Coastal,11,1,9.09,False,4.54,Ian,Before
US1FLCY0054,29.8505,-81.8948,KEYSTONE HEIGHTS 9.7 ENE,11,0,0.0,29.526986601053007,Coastal,11,2,18.18,False,9.09,Ian,Before
US1FLCY0055,30.108,-81.7321,FLEMING ISLAND 1.3 NW,11,0,0.0,4.947477143237806,Coastal,11,1,9.09,False,4.54,Ian,Before
US1FLCY0056,29.7801,-82.0166,KEYSTONE HEIGHTS 1.0 E,11,11,100.0,29.155190742956833,Coastal,0,0,0.0,True,50.0,Ian,Before
US1FLCY0057,30.1054,-81.7027,FLEMING ISLAND 1.3 NE,11,11,100.0,6.408198181004466,Coastal,0,0,0.0,True,50.0,Ian,Before
US1FLDS0003,27.039,-82.0546,LAKE SUZY 1.0 W,11,0,0.0,5.454186013756459,Coastal,11,3,27.27,True,13.64,Ian,Before
US1FLDV0003,30.2765,-81.7304,JACKSONVILLE 5.9 SW,11,0,0.0,0.0,Coastal,11,0,0.0,False,0.0,Ian,Before
US1FLDV0013,30.3216,-81.3956,NEPTUNE BEACH 0.5 NNW,11,0,0.0,0.001057921330879343,Coastal,11,2,18.18,False,9.09,Ian,Before
US1FLDV0021,30.356,-81.512,JACKSONVILLE 8.8 E,11,0,0.0,0.0,Coastal,11,3,27.27,True,13.64,Ian,Before
US1FLDV0026,30.2608,-81.7444,JACKSONVILLE 7.3 SW,11,7,63.64,0.0,Coastal,4,0,0.0,True,31.82,Ian,Before
US1FLDV0028,30.3157,-81.5985,JACKSONVILLE 3.8 ESE,11,0,0.0,0.0,Coastal,11,0,0.0,False,0.0,Ian,Before
US1FLDV0032,30.3144,-81.4676,JACKSONVILLE 11.4 ESE,11,11,100.0,0.0,Coastal,0,0,0.0,True,50.0,Ian,Before
US1FLDV0033,30.3044,-81.8226,JACKSONVILLE 10.0 WSW,11,0,0.0,0.6524722586070764,Coastal,11,2,18.18,False,9.09,Ian,Before
US1FLDV0034,30.2948,-81.7237,JACKSONVILLE 4.8 SW,11,11,100.0,0.0,Coastal,0,0,0.0,True,50.0,Ian,Before
US1FLDV0042,30.235,-81.7869,JACKSONVILLE 10.3 SW,11,0,0.0,0.0,Coastal,11,2,18.18,False,9.09,Ian,Before
US1FLDV0047,30.1705,-81.5818,JACKSONVILLE 12.0 SSE,11,11,100.0,0.0,Coastal,0,0,0.0,True,50.0,Ian,Before
US1FLDV0050,30.3848,-81.521,JACKSONVILLE 8.9 ENE,11,0,0.0,0.0,Coastal,11,1,9.09,False,4.54,Ian,Before
US1FLDV0051,30.175,-81.5705,JACKSONVILLE 12.0 SSE,11,11,100.0,0.0,Coastal,0,0,0.0,True,50.0,Ian,Before
US1FLDV0059,30.3758,-81.6047,JACKSONVILLE 4.2 NE,11,0,0.0,0.0,Coastal,11,0,0.0,False,0.0,Ian,Before
US1FLDV0063,30.2586,-81.7548,JACKSONVILLE 7.8 SW,11,0,0.0,0.0,Coastal,11,1,9.09,False,4.54,Ian,Before
US1FLDV0069,30.3033,-81.7635,JACKSONVILLE 6.7 WSW,11,0,0.0,0.0,Coastal,11,0,0.0,False,0.0,Ian,Before
US1FLDV0071,30.411,-81.8252,JACKSONVILLE 11.3 WNW,11,0,0.0,4.674340436957707,Coastal,11,0,0.0,False,0.0,Ian,Before
US1FLDV0079,30.2274,-81.5565,JACKSONVILLE 9.6 SE,11,0,0.0,0.0,Coastal,11,2,18.18,False,9.09,Ian,Before
US1FLDV0091,30.4839,-81.7016,JACKSONVILLE 10.6 NNW,11,0,0.0,0.0,Coastal,11,0,0.0,False,0.0,Ian,Before
US1FLDV0094,30.2991,-81.7126,JACKSONVILLE 4.1 SW,11,1,9.09,0.0,Coastal,10,0,0.0,False,4.54,Ian,Before
US1FLDV0098,30.1148,-81.5205,FRUIT COVE 5.9 E,11,6,54.55,5.989578728519496,Coastal,5,1,20.0,True,37.28,Ian,Before
US1FLDV0106,30.1643,-81.6264,JACKSONVILLE 11.9 S,11,0,0.0,0.0,Coastal,11,0,0.0,False,0.0,Ian,Before
US1FLDV0112,30.2956,-81.7184,JACKSONVILLE 4.5 SW,11,11,100.0,0.0,Coastal,0,0,0.0,True,50.0,Ian,Before
US1FLDV0113,30.1866,-81.5855,FRUIT COVE 6.2 NNE,11,11,100.0,0.0,Coastal,0,0,0.0,True,50.0,Ian,Before
US1FLDV0117,30.1402,-81.5713,JACKSONVILLE 14.4 SSE,11,0,0.0,2.346614559983983,Coastal,11,1,9.09,False,4.54,Ian,Before
US1FLDV0118,30.2583,-81.5586,JACKSONVILLE 7.9 SE,11,0,0.0,0.0,Coastal,11,1,9.09,False,4.54,Ian,Before
US1FLDX0002,29.644,-83.0473,CROSS CITY 4.7 E,11,11,100.0,67.08871716483937,Rural,0,0,0.0,True,50.0,Ian,Before
US1FLDX0003,29.6579,-83.0332,OLD TOWN 4.9 NW,11,1,9.09,65.45156339677835,Rural,10,1,10.0,False,9.54,Ian,Before
US1FLDX0004,29.6385,-83.0054,OLD TOWN 2.9 NNW,11,11,100.0,62.4739907613042,Rural,0,0,0.0,True,50.0,Ian,Before
US1FLFL0019,29.4722,-81.2439,BUNNELL 1.0 ENE,11,10,90.91,9.859792956421234,Coastal,1,0,0.0,True,45.46,Ian,Before
US1FLFL0021,29.5663,-81.2054,PALM COAST 0.6 ESE,11,11,100.0,0.4594531540479136,Coastal,0,0,0.0,True,50.0,Ian,Before
US1FLFL0023,29.4592,-81.3859,BUNNELL 7.7 W,11,11,100.0,18.374462673900062,Coastal,0,0,0.0,True,50.0,Ian,Before
US1FLFL0024,29.5996,-81.2046,PALM COAST 2.1 NNE,11,0,0.0,0.6656256725589346,Coastal,11,1,9.09,False,4.54,Ian,Before
US1FLFL0027,29.601,-81.2609,PALM COAST 3.5 NW,11,11,100.0,2.2298102606224277,Coastal,0,0,0.0,True,50.0,Ian,Before
US1FLFL0030,29.5161,-81.245,PALM COAST 4.2 SSW,11,2,18.18,4.248928895911991,Coastal,9,1,11.11,False,14.64,Ian,Before
US1FLFL0032,29.5938,-81.1968,PALM COAST 1.9 NNE,11,0,0.0,0.4962479292835594,Coastal,11,1,9.09,False,4.54,Ian,Before
US1FLFL0033,29.4564,-81.1163,FLAGLER BEACH 1.3 SE,11,0,0.0,15.174573740964293,Coastal,11,1,9.09,False,4.54,Ian,Before
US1FLFL0035,29.5972,-81.2201,PALM COAST 1.8 N,11,1,9.09,0.0,Coastal,10,1,10.0,False,9.54,Ian,Before
US1FLFL0036,29.592,-81.1828,PALM COAST 2.4 NE,11,2,18.18,2.0537929744725374,Coastal,9,1,11.11,False,14.64,Ian,Before
US1FLFL0037,29.5177,-81.235,PALM COAST 3.9 SSW,11,0,0.0,4.115910757493006,Coastal,11,1,9.09,False,4.54,Ian,Before
US1FLFL0038,29.5123,-81.2128,PALM COAST 4.1 S,11,9,81.82,5.3331319989414325,Coastal,2,2,100.0,True,90.91,Ian,Before
US1FLFL0039,29.4418,-81.1106,FLAGLER BEACH 2.3 SSE,11,1,9.09,13.363962078113646,Coastal,10,1,10.0,False,9.54,Ian,Before
US1FLFL0040,29.5808,-81.2208,PALM COAST 0.8 NNW,11,0,0.0,0.0,Coastal,11,0,0.0,False,0.0,Ian,Before
US1FLFL0042,29.4939,-81.2452,PALM COAST 5.7 SSW,11,5,45.45,7.081229452636546,Coastal,6,0,0.0,True,22.72,Ian,Before
US1FLFL0043,29.4504,-81.2156,PALM COAST 8.3 S,11,6,54.55,12.892851268434324,Coastal,5,1,20.0,True,37.28,Ian,Before
US1FLFL0047,29.5135,-81.2507,PALM COAST 4.5 SSW,11,0,0.0,4.540232917828011,Coastal,11,1,9.09,False,4.54,Ian,Before
US1FLFL0049,29.544,-81.2166,PALM COAST 1.9 S,11,0,0.0,1.566136846366268,Coastal,11,2,18.18,False,9.09,Ian,Before
US1FLFL0050,29.5441,-81.2398,PALM COAST 2.4 SW,11,1,9.09,0.7110182440436279,Coastal,10,1,10.0,False,9.54,Ian,Before
US1FLGC0003,29.6765,-82.6687,NEWBERRY 4.0 WNW,11,1,9.09,24.86436284751391,Coastal,10,2,20.0,True,14.54,Ian,Before
US1FLGC0008,29.6563,-82.8628,TRENTON 4.0 NW,11,0,0.0,46.49927258249364,Coastal,11,2,18.18,False,9.09,Ian,Before
US1FLGL0007,26.8206,-81.4495,LA BELLE 4.5 NNW,11,0,0.0,44.052417322775035,Coastal,11,3,27.27,True,13.64,Ian,Before
US1FLGL0013,26.9838,-81.0984,MOORE HAVEN 10.4 N,11,2,18.18,86.1595224394407,Rural,9,4,44.44,True,31.31,Ian,Before
US1FLHB0001,28.0662,-82.2098,PLANT CITY 6.5 NW,11,0,0.0,5.588059037919641,Coastal,11,3,27.27,True,13.64,Ian,Before
US1FLHB0004,27.9125,-82.2261,VALRICO 2.2 SE,11,0,0.0,3.256157594441726,Coastal,11,3,27.27,True,13.64,Ian,Before
US1FLHB0005,28.0823,-82.5493,CITRUS PARK 1.3 ENE,11,0,0.0,0.0,Coastal,11,3,27.27,True,13.64,Ian,Before
US1FLHB0010,27.8859,-82.4895,TAMPA 5.1 S,11,0,0.0,0.0,Coastal,11,3,27.27,True,13.64,Ian,Before
US1FLHB0014,27.868,-82.2405,BLOOMINGDALE 1.3 ESE,11,11,100.0,3.5207823488531758,Coastal,0,0,0.0,True,50.0,Ian,Before
US1FLHB0016,28.0088,-82.0724,PLANT CITY 3.4 E,11,11,100.0,4.425840474323379,Coastal,0,0,0.0,True,50.0,Ian,Before
US1FLHB0017,27.7305,-82.3384,SUN CITY CENTER 1.0 NE,11,0,0.0,20.513132192650286,Coastal,11,3,27.27,True,13.64,Ian,Before
US1FLHB0027,28.1228,-82.4531,LUTZ 1.3 SSE,11,0,0.0,0.0,Coastal,11,3,27.27,True,13.64,Ian,Before
US1FLHB0029,28.0301,-82.4062,TAMPA 6.5 NNE,11,0,0.0,0.0,Coastal,11,3,27.27,True,13.64,Ian,Before
US1FLHB0033,27.8283,-82.1487,BLOOMINGDALE 7.6 ESE,11,0,0.0,14.887832444360667,Coastal,11,3,27.27,True,13.64,Ian,Before
US1FLHB0036,27.9035,-82.516,TAMPA 4.4 SSW,11,11,100.0,0.0,Coastal,0,0,0.0,True,50.0,Ian,Before
US1FLHB0037,28.1358,-82.4304,LUTZ 2.0 E,11,0,0.0,1.269783078230539,Coastal,11,3,27.27,True,13.64,Ian,Before
US1FLHB0040,28.0824,-82.464,UNIVERSITY WEST 2.0 WNW,11,0,0.0,0.0,Coastal,11,3,27.27,True,13.64,Ian,Before
US1FLHB0044,27.7057,-82.4005,RUSKIN 1.8 ESE,11,0,0.0,19.977842150718566,Coastal,11,3,27.27,True,13.64,Ian,Before
US1FLHB0048,28.1071,-82.5132,GREATER NORTHDALE 0.4 ENE,11,0,0.0,0.0,Coastal,11,3,27.27,True,13.64,Ian,Before
US1FLHB0051,28.1105,-82.446,LUTZ 2.2 SSE,11,0,0.0,0.0,Coastal,11,3,27.27,True,13.64,Ian,Before
US1FLHB0055,28.0126,-82.4155,TAMPA 5.0 NNE,11,0,0.0,0.0,Coastal,11,3,27.27,True,13.64,Ian,Before
US1FLHB0060,27.9058,-82.2411,VALRICO 2.8 SSE,11,2,18.18,1.9212168491756298,Coastal,9,2,22.22,True,20.2,Ian,Before
US1FLHB0068,27.9491,-82.0938,TAMPA 22.3 E,11,11,100.0,7.278877378510386,Coastal,0,0,0.0,True,50.0,Ian,Before
US1FLHB0069,27.8658,-82.3507,RIVERVIEW 2.1 W,11,0,0.0,3.926991748968505,Coastal,11,3,27.27,True,13.64,Ian,Before
US1FLHB0098,27.8047,-82.341,RIVERVIEW 4.8 SSW,11,0,0.0,11.197660594962004,Coastal,11,3,27.27,True,13.64,Ian,Before
US1FLHB0107,27.7086,-82.3483,SUN CITY CENTER 0.9 SSE,11,2,18.18,22.931221806539583,Coastal,9,2,22.22,True,20.2,Ian,Before
US1FLHB0112,27.8902,-82.4907,TAMPA 4.8 SW,11,11,100.0,0.0,Coastal,0,0,0.0,True,50.0,Ian,Before
US1FLHB0114,27.8735,-82.3029,RIVERVIEW 0.9 ENE,11,0,0.0,3.142983972996803,Coastal,11,3,27.27,True,13.64,Ian,Before
US1FLHB0116,28.1341,-82.4719,LUTZ 0.6 WSW,11,11,100.0,0.0,Coastal,0,0,0.0,True,50.0,Ian,Before
US1FLHB0120,28.0632,-82.4799,TAMPA 7.9 N,11,0,0.0,0.0,Coastal,11,3,27.27,True,13.64,Ian,Before
US1FLHB0123,28.0939,-82.2561,THONOTOSASSA 3.6 NE,11,11,100.0,9.696320436475409,Coastal,0,0,0.0,True,50.0,Ian,Before
US1FLHB0128,27.7036,-82.4066,RUSKIN 1.6 ESE,11,11,100.0,19.916618000710116,Coastal,0,0,0.0,True,50.0,Ian,Before
US1FLHB0130,27.7822,-82.3645,APOLLO BEACH 2.7 ENE,11,0,0.0,14.40047892298504,Coastal,11,3,27.27,True,13.64,Ian,Before
US1FLHB0134,27.7448,-82.3377,SUN CITY CENTER 1.8 NNE,11,11,100.0,18.71335719238688,Coastal,0,0,0.0,True,50.0,Ian,Before
US1FLHB0136,27.903,-82.3264,BRANDON 2.8 SW,11,3,27.27,0.0,Coastal,8,2,25.0,True,26.14,Ian,Before
US1FLHB0138,27.9382,-82.5047,TAMPA 2.0 SW,11,10,90.91,0.0,Coastal,1,1,100.0,True,95.46,Ian,Before
US1FLHB0139,27.7087,-82.3539,SUN CITY CENTER 0.9 S,11,0,0.0,22.52104625694131,Coastal,11,3,27.27,True,13.64,Ian,Before
US1FLHB0140,28.0864,-82.5154,GREATER NORTHDALE 1.2 S,11,0,0.0,0.0,Coastal,11,3,27.27,True,13.64,Ian,Before
US1FLHB0141,28.0687,-82.4965,CARROLLWOOD 1.3 N,11,0,0.0,0.0,Coastal,11,3,27.27,True,13.64,Ian,Before
US1FLHB0142,28.1648,-82.2965,ZEPHYRHILLS 8.8 SW,11,11,100.0,5.297180556450786,Coastal,0,0,0.0,True,50.0,Ian,Before
US1FLHB0143,27.9135,-82.5136,TAMPA 3.7 SSW,11,7,63.64,0.0,Coastal,4,1,25.0,True,44.32,Ian,Before
US1FLHB0147,27.8479,-82.4766,TAMPA 7.7 S,11,11,100.0,0.6405597767802894,Coastal,0,0,0.0,True,50.0,Ian,Before
US1FLHB0150,27.9004,-82.3247,RIVERVIEW 2.1 NNW,11,10,90.91,0.3564400895501986,Coastal,1,1,100.0,True,95.46,Ian,Before
US1FLHB0152,27.9991,-82.5857,TAMPA 6.9 WNW,11,11,100.0,0.0,Coastal,0,0,0.0,True,50.0,Ian,Before
US1FLHB0153,27.7377,-82.3497,SUN CITY CENTER 1.1 N,11,11,100.0,19.676767997508485,Coastal,0,0,0.0,True,50.0,Ian,Before
US1FLHB0154,27.9942,-82.269,SEFFNER 0.4 ESE,11,0,0.0,0.7258648627154701,Coastal,11,3,27.27,True,13.64,Ian,Before
US1FLHB0156,28.059,-82.4871,CARROLLWOOD 0.7 NNE,11,0,0.0,0.0,Coastal,11,3,27.27,True,13.64,Ian,Before
US1FLHB0160,27.9665,-82.2548,VALRICO 1.6 NNW,11,1,9.09,0.0,Coastal,10,4,40.0,True,24.54,Ian,Before
US1FLHB0162,27.9697,-82.296,BRANDON 2.8 N,11,1,9.09,0.0,Coastal,10,2,20.0,True,14.54,Ian,Before
US1FLHB0163,27.8801,-82.2641,BLOOMINGDALE 0.3 NW,11,0,0.0,0.484967298649048,Coastal,11,3,27.27,True,13.64,Ian,Before
US1FLHB0166,27.8869,-82.3449,RIVERVIEW 2.1 WNW,11,0,0.0,1.27735054628416,Coastal,11,4,36.36,True,18.18,Ian,Before
US1FLHB0167,27.8964,-82.4957,TAMPA 4.4 S,11,3,27.27,0.0,Coastal,8,0,0.0,False,13.64,Ian,Before
US1FLHB0168,28.07,-82.5587,CARROLLWOOD VILLAGE 2.3 W,11,3,27.27,0.0,Coastal,8,2,25.0,True,26.14,Ian,Before
US1FLHB0169,27.9833,-82.1473,PLANT CITY 1.9 SW,11,11,100.0,2.67658568425104,Coastal,0,0,0.0,True,50.0,Ian,Before
US1FLHD0001,27.4898,-81.7863,ZOLFO SPRINGS 0.6 ESE,11,10,90.91,54.67804775664452,Rural,1,0,0.0,True,45.46,Ian,Before
US1FLHD0003,27.6369,-81.8337,BOWLING GREEN 0.6 W,11,1,9.09,40.917172722885994,Coastal,10,4,40.0,True,24.54,Ian,Before
US1FLHL0001,27.3424,-81.429,LAKE PLACID 4.8 NW,11,0,0.0,71.51547106893675,Rural,11,4,36.36,True,18.18,Ian,Before
US1FLHL0003,27.2877,-81.3853,LAKE PLACID 1.1 WSW,11,0,0.0,79.42596408343955,Rural,11,4,36.36,True,18.18,Ian,Before
US1FLHL0012,27.405,-81.2461,SYLVAN SHORES 8.5 NE,11,0,0.0,72.34755569629381,Rural,11,5,45.45,True,22.72,Ian,Before
US1FLHL0013,27.516,-81.525,SEBRING 4.7 WNW,11,0,0.0,48.00801240362622,Coastal,11,5,45.45,True,22.72,Ian,Before
US1FLHL0024,27.2406,-81.4102,LAKE PLACID 4.6 SSW,11,11,100.0,77.35890132420245,Rural,0,0,0.0,True,50.0,Ian,Before
US1FLHL0030,27.4995,-81.498,SEBRING 2.8 WNW,11,0,0.0,50.57867829995401,Rural,11,5,45.45,True,22.72,Ian,Before
US1FLHL0032,27.5334,-81.4896,SEBRING 3.7 NW,11,11,100.0,46.63531431076385,Coastal,0,0,0.0,True,50.0,Ian,Before
US1FLHL0038,27.4687,-81.417,SEBRING 2.7 SE,11,1,9.09,56.763836868243935,Rural,10,3,30.0,True,19.55,Ian,Before
US1FLHL0042,27.4576,-81.487,SEBRING 3.1 SW,11,11,100.0,55.97531090387124,Rural,0,0,0.0,True,50.0,Ian,Before
US1FLHL0043,27.4415,-81.3377,SEBRING 7.9 ESE,11,0,0.0,63.37380672570114,Rural,11,4,36.36,True,18.18,Ian,Before
US1FLHM0005,30.334,-82.762,WHITE SPRINGS 0.3 NW,11,7,63.64,19.175962608047787,Coastal,4,1,25.0,True,44.32,Ian,Before
US1FLHN0007,28.4475,-82.5236,SPRING HILL 3.3 SE,11,2,18.18,8.613739220024986,Coastal,9,1,11.11,False,14.64,Ian,Before
US1FLHN0008,28.5586,-82.5781,WEEKI WACHEE 3.0 N,11,0,0.0,1.2150590446312115,Coastal,11,2,18.18,False,9.09,Ian,Before
US1FLHN0011,28.6396,-82.3385,NORTH BROOKSVILLE 6.3 NE,11,8,72.73,28.508554128633325,Coastal,3,0,0.0,True,36.36,Ian,Before
US1FLHN0014,28.4955,-82.6018,SPRING HILL 2.4 NW,11,0,0.0,0.0,Coastal,11,2,18.18,False,9.09,Ian,Before
US1FLHN0022,28.5228,-82.3394,BROOKSVILLE 3.9 SE,11,0,0.0,24.63140793160275,Coastal,11,2,18.18,False,9.09,Ian,Before
US1FLHN0024,28.6105,-82.5351,WEEKI WACHEE 7.1 NNE,11,0,0.0,9.183056685801883,Coastal,11,2,18.18,False,9.09,Ian,Before
US1FLHN0026,28.4715,-82.5992,SPRING HILL 2.4 WSW,11,2,18.18,0.9348697522595913,Coastal,9,1,11.11,False,14.64,Ian,Before
US1FLHN0030,28.4931,-82.576,SPRING HILL 1.1 NW,11,11,100.0,0.42412702454407836,Coastal,0,0,0.0,True,50.0,Ian,Before
US1FLHN0035,28.4829,-82.5957,SPRING HILL 2.1 W,11,0,0.0,0.0,Coastal,11,2,18.18,False,9.09,Ian,Before
US1FLHN0039,28.5106,-82.3589,BROOKSVILLE 3.7 SE,11,0,0.0,22.55640335874263,Coastal,11,2,18.18,False,9.09,Ian,Before
US1FLHN0040,28.5372,-82.5652,WEEKI WACHEE 1.7 NNE,11,0,0.0,0.31303669988635646,Coastal,11,3,27.27,True,13.64,Ian,Before
US1FLHN0041,28.4611,-82.5085,SPRING HILL 3.6 ESE,11,3,27.27,8.651037636899515,Coastal,8,3,37.5,True,32.38,Ian,Before
US1FLHN0043,28.5334,-82.303,BROOKSVILLE 5.7 ESE,11,1,9.09,28.68519751816624,Coastal,10,2,20.0,True,14.54,Ian,Before
US1FLHY0003,26.7639,-81.4748,LA BELLE 2.3 WNW,11,0,0.0,39.09261386309053,Coastal,11,4,36.36,True,18.18,Ian,Before
US1FLHY0005,26.6639,-81.09,CLEWISTON 11.2 WSW,11,11,100.0,80.40955363115894,Rural,0,0,0.0,True,50.0,Ian,Before
US1FLHY0008,26.7582,-81.4432,LABELLE 0.3 WNW,11,1,9.09,42.340738209065044,Coastal,10,3,30.0,True,19.55,Ian,Before
US1FLHY0011,26.7672,-81.4159,LABELLE 1.5 ENE,11,2,18.18,45.5540290942528,Coastal,9,2,22.22,True,20.2,Ian,Before
US1FLHY0012,26.6183,-81.1047,CLEWISTON 13.8 SW,11,2,18.18,78.81391061083444,Rural,9,4,44.44,True,31.31,Ian,Before
US1FLIR0006,27.6438,-80.4339,VERO BEACH 2.4 W,11,0,0.0,0.0,Coastal,11,4,36.36,True,18.18,Ian,Before
US1FLIR0015,27.6414,-80.4174,VERO BEACH 1.5 WSW,11,2,18.18,0.0,Coastal,9,4,44.44,True,31.31,Ian,Before
US1FLIR0019,27.7598,-80.4927,SEBASTIAN 2.0 SSW,11,0,0.0,12.215047627945516,Coastal,11,4,36.36,True,18.18,Ian,Before
US1FLIR0024,27.6429,-80.4494,VERO BEACH 3.4 W,11,0,0.0,0.4610211096177088,Coastal,11,3,27.27,True,13.64,Ian,Before
US1FLIR0026,27.5996,-80.4166,VERO BEACH 3.5 SSW,11,0,0.0,2.0203708162912104,Coastal,11,4,36.36,True,18.18,Ian,Before
US1FLIR0027,27.6102,-80.393,VERO BEACH 2.5 S,11,1,9.09,0.0,Coastal,10,4,40.0,True,24.54,Ian,Before
US1FLIR0029,27.5598,-80.3889,VERO BEACH 6.0 SSE,11,11,100.0,5.6290037209607515,Coastal,0,0,0.0,True,50.0,Ian,Before
US1FLIR0036,27.6409,-80.4804,VERO BEACH 5.3 W,11,1,9.09,3.8640619883226437,Coastal,10,3,30.0,True,19.55,Ian,Before
US1FLIR0041,27.6626,-80.3663,VERO BEACH 2.1 NE,11,2,18.18,1.5096451521336853,Coastal,9,2,22.22,True,20.2,Ian,Before
US1FLIR0047,27.5591,-80.3935,VERO BEACH 6.0 S,11,10,90.91,5.726741960995116,Coastal,1,1,100.0,True,95.46,Ian,Before
US1FLIR0048,27.7109,-80.4427,VERO BEACH 5.4 NNW,11,0,0.0,4.009576190528276,Coastal,11,4,36.36,True,18.18,Ian,Before
US1FLIR0050,27.6306,-80.4496,VERO BEACH SOUTH 2.4 WNW,11,0,0.0,1.0130410566696073,Coastal,11,4,36.36,True,18.18,Ian,Before
US1FLIR0051,27.8208,-80.5931,FELLSMERE 3.8 N,11,0,0.0,25.668329476065924,Coastal,11,5,45.45,True,22.72,Ian,Before
US1FLIR0052,27.7374,-80.4247,WABASSO 1.2 SE,11,11,100.0,5.679229648335993,Coastal,0,0,0.0,True,50.0,Ian,Before
US1FLIR0054,27.7646,-80.5343,VERO BEACH 11.9 NW,11,11,100.0,16.080051591518462,Coastal,0,0,0.0,True,50.0,Ian,Before
US1FLIR0061,27.6593,-80.4515,VERO BEACH 3.6 WNW,11,11,100.0,1.0802570368782223,Coastal,0,0,0.0,True,50.0,Ian,Before
US1FLJF0007,30.2925,-83.8973,LAMONT 7.7 SW,11,0,0.0,39.044763801405644,Coastal,11,1,9.09,False,4.54,Ian,Before
US1FLJF0009,30.5577,-83.8016,MONTICELLO 4.3 ENE,11,0,0.0,39.45545213328516,Coastal,11,0,0.0,False,0.0,Ian,Before
US1FLJF0010,30.5255,-83.9162,MONTICELLO 2.9 WSW,11,0,0.0,33.31988803732091,Coastal,11,0,0.0,False,0.0,Ian,Before
US1FLLE0006,26.6586,-81.7138,BUCKINGHAM 1.7 SE,11,0,0.0,11.005800688462543,Coastal,11,3,27.27,True,13.64,Ian,Before
US1FLLE0010,26.3969,-81.8281,BONITA SPRINGS 4.7 NW,11,11,100.0,0.0,Coastal,0,0,0.0,True,50.0,Ian,Before
US1FLLE0022,26.4946,-82.0774,SAINT JAMES CITY 0.4 SSE,11,0,0.0,6.396953605673136,Coastal,11,3,27.27,True,13.64,Ian,Before
US1FLLE0037,26.6423,-81.8488,FORT MYERS 0.8 N,11,0,0.0,0.0,Coastal,11,3,27.27,True,13.64,Ian,Before
US1FLLE0055,26.6064,-81.8773,FORT MYERS 2.3 SW,11,0,0.0,0.0,Coastal,11,3,27.27,True,13.64,Ian,Before
US1FLLE0057,26.5674,-81.9979,CAPE CORAL 4.9 S,11,0,0.0,0.0,Coastal,11,3,27.27,True,13.64,Ian,Before
US1FLLE0058,26.4855,-81.8478,FOREST ISLAND PARK 0.9 ESE,11,11,100.0,4.8070657972254365,Coastal,0,0,0.0,True,50.0,Ian,Before
US1FLLE0059,26.6917,-82.0127,CAPE CORAL 3.9 NNW,11,0,0.0,6.345515436916924,Coastal,11,3,27.27,True,13.64,Ian,Before
US1FLLE0062,26.5937,-81.9331,CAPE CORAL 5.0 SE,11,11,100.0,0.0,Coastal,0,0,0.0,True,50.0,Ian,Before
US1FLLE0065,26.5304,-81.9027,CYPRESS LAKE 0.5 SSW,11,0,0.0,0.0,Coastal,11,3,27.27,True,13.64,Ian,Before
US1FLLE0068,26.5504,-81.6508,LEHIGH ACRES 3.8 SSW,11,1,9.09,19.241800280883247,Coastal,10,3,30.0,True,19.55,Ian,Before
US1FLLE0072,26.6372,-81.8772,FORT MYERS 1.7 WNW,11,0,0.0,0.4902648134661588,Coastal,11,3,27.27,True,13.64,Ian,Before
US1FLLE0074,26.684,-81.8547,NORTH FORT MYERS 2.8 ESE,11,11,100.0,0.4163422792737386,Coastal,0,0,0.0,True,50.0,Ian,Before
US1FLLE0075,26.4435,-81.8179,ESTERO 0.5 WNW,11,11,100.0,3.417580548637074,Coastal,0,0,0.0,True,50.0,Ian,Before
US1FLLK0003,28.565,-81.824,GROVELAND 1.7 E,11,0,0.0,23.574611173226774,Coastal,11,2,18.18,False,9.09,Ian,Before
US1FLLK0016,28.8925,-81.9404,LADY LAKE 2.5 SSW,11,0,0.0,4.544874858901876,Coastal,11,3,27.27,True,13.64,Ian,Before
US1FLLK0017,28.7366,-81.8465,LEESBURG 5.4 SSE,11,7,63.64,8.682779751216337,Coastal,4,1,25.0,True,44.32,Ian,Before
US1FLLK0021,28.92,-81.9116,LADY LAKE 1.2 ESE,11,0,0.0,7.73758245156078,Coastal,11,2,18.18,False,9.09,Ian,Before
US1FLLK0022,28.9548,-81.939,LADY LAKE 2.0 NNW,11,6,54.55,12.178424933352913,Coastal,5,1,20.0,True,37.28,Ian,Before
US1FLLK0023,28.9017,-81.7576,LEESBURG 9.9 NE,11,1,9.09,7.390845956865457,Coastal,10,1,10.0,False,9.54,Ian,Before
US1FLLK0024,29.0397,-81.6271,ALTOONA 5.3 NNE,11,11,100.0,22.34322584682203,Coastal,0,0,0.0,True,50.0,Ian,Before
US1FLLK0025,28.7109,-81.7188,ASTATULA 1.0 E,11,11,100.0,13.833302873962024,Coastal,0,0,0.0,True,50.0,Ian,Before
US1FLLK0027,28.5422,-81.6831,OAKLAND 3.4 WSW,11,11,100.0,8.199119216347006,Coastal,0,0,0.0,True,50.0,Ian,Before
US1FLLK0028,28.8679,-81.9152,FRUITLAND PARK 0.8 NNW,11,0,0.0,1.218072866468618,Coastal,11,2,18.18,False,9.09,Ian,Before
US1FLLK0030,28.8362,-81.9137,LEESBURG 2.7 NW,11,2,18.18,0.0,Coastal,9,3,33.33,True,25.76,Ian,Before
US1FLLK0031,28.8499,-81.9446,LADY LAKE 5.5 S,11,0,0.0,2.4582007444954708,Coastal,11,3,27.27,True,13.64,Ian,Before
US1FLLK0036,28.5737,-81.7821,CLERMONT 2.1 NW,11,0,0.0,18.981015129632596,Coastal,11,3,27.27,True,13.64,Ian,Before
US1FLLK0041,28.7284,-81.8878,LEESBURG 5.5 S,11,11,100.0,9.721082433796441,Coastal,0,0,0.0,True,50.0,Ian,Before
US1FLLK0042,28.493,-81.7677,CLERMONT 4.1 S,11,11,100.0,18.173503664619822,Coastal,0,0,0.0,True,50.0,Ian,Before
US1FLLK0043,28.9117,-81.8661,LADY LAKE 4.0 ESE,11,0,0.0,8.234311591664522,Coastal,11,2,18.18,False,9.09,Ian,Before
US1FLLK0044,28.9847,-81.5019,PAISLEY 2.4 E,11,0,0.0,19.198915445714025,Coastal,11,1,9.09,False,4.54,Ian,Before
US1FLLK0045,28.9736,-81.6308,ALTOONA 1.2 ENE,11,0,0.0,14.333082099760071,Coastal,11,1,9.09,False,4.54,Ian,Before
US1FLLV0001,29.1569,-82.5611,DUNNELLON 10.1 NW,11,0,0.0,30.888708845626837,Coastal,11,3,27.27,True,13.64,Ian,Before
US1FLLV0004,29.4208,-82.6015,BRONSON 3.0 SE,11,0,0.0,33.42958706439412,Coastal,11,3,27.27,True,13.64,Ian,Before
US1FLLV0014,29.442,-82.536,WILLISTON 6.9 NW,11,2,18.18,26.65707697265941,Coastal,9,3,33.33,True,25.76,Ian,Before
US1FLLV0015,29.0409,-82.6598,INGLIS 0.6 N,11,1,9.09,16.804903149539363,Coastal,10,2,20.0,True,14.54,Ian,Before
US1FLLV0017,29.4991,-82.8666,CHIEFLAND 1.4 NNW,11,0,0.0,51.61635604172846,Rural,11,3,27.27,True,13.64,Ian,Before
US1FLLV0018,29.0429,-82.5701,DUNNELLON 7.4 W,11,0,0.0,16.33448590812679,Coastal,11,2,18.18,False,9.09,Ian,Before
US1FLMA0006,27.54,-82.422,ELLENTON 6.6 E,11,0,0.0,9.84879324516464,Coastal,11,4,36.36,True,18.18,Ian,Before
US1FLMA0010,27.4309,-82.4152,BRADENTON 10.8 SE,11,0,0.0,5.827410568049938,Coastal,11,3,27.27,True,13.64,Ian,Before
US1FLMA0011,27.4768,-82.6094,BRADENTON 2.0 WSW,11,6,54.55,0.0,Coastal,5,0,0.0,True,27.28,Ian,Before
US1FLMA0015,27.4969,-82.4318,BRADENTON 8.8 E,11,11,100.0,7.201799957698809,Coastal,0,0,0.0,True,50.0,Ian,Before
US1FLMA0017,27.5182,-82.6511,BRADENTON 4.9 WNW,11,11,100.0,0.049021704095023697,Coastal,0,0,0.0,True,50.0,Ian,Before
US1FLMA0018,27.505,-82.4005,BRADENTON 11.0 E,11,9,81.82,10.248775915155207,Coastal,2,2,100.0,True,90.91,Ian,Before
US1FLMA0020,27.5099,-82.6297,BRADENTON 3.5 WNW,11,11,100.0,0.0,Coastal,0,0,0.0,True,50.0,Ian,Before
US1FLMA0022,27.5622,-82.483,PALMETTO 6.4 ENE,11,1,9.09,6.013651266552899,Coastal,10,3,30.0,True,19.55,Ian,Before
US1FLMA0026,27.4979,-82.528,SAMOSET 1.7 NNE,11,11,100.0,0.0,Coastal,0,0,0.0,True,50.0,Ian,Before
US1FLMA0028,27.5319,-82.7317,ANNA MARIA 0.2 NNE,11,0,0.0,6.987562961865752,Coastal,11,3,27.27,True,13.64,Ian,Before
US1FLMA0029,27.4132,-82.3683,LAKEWOOD RANCH 3.5 E,11,0,0.0,10.558256092684354,Coastal,11,3,27.27,True,13.64,Ian,Before
US1FLMA0032,27.4275,-82.4001,THE MEADOWS 6.2 NE,11,0,0.0,7.555315280705605,Coastal,11,3,27.27,True,13.64,Ian,Before
US1FLMA0033,27.4502,-82.4137,THE MEADOWS 7.0 NNE,11,11,100.0,6.002295539156473,Coastal,0,0,0.0,True,50.0,Ian,Before
US1FLMA0034,27.4547,-82.4694,SAMOSET 4.7 ESE,11,0,0.0,0.5137088210183157,Coastal,11,3,27.27,True,13.64,Ian,Before
US1FLMA0037,27.4119,-82.4267,THE MEADOWS 4.4 NE,11,7,63.64,4.973285213474218,Coastal,4,3,75.0,True,69.32,Ian,Before
US1FLMA0038,27.4756,-82.5974,BRADENTON 1.4 SW,11,11,100.0,0.0,Coastal,0,0,0.0,True,50.0,Ian,Before
US1FLMA0040,27.5239,-82.3732,PARRISH 5.6 SE,11,0,0.0,14.09254019844887,Coastal,11,4,36.36,True,18.18,Ian,Before
US1FLMA0041,27.4039,-82.4885,SARASOTA 5.9 NE,11,0,0.0,0.0,Coastal,11,3,27.27,True,13.64,Ian,Before
US1FLMA0042,27.4886,-82.6818,CORTEZ 1.5 NNW,11,11,100.0,1.525331411703747,Coastal,0,0,0.0,True,50.0,Ian,Before
US1FLMA0043,27.4273,-82.4634,DESOTO LAKES 4.2 NNE,11,0,0.0,0.9014460024245418,Coastal,11,3,27.27,True,13.64,Ian,Before
US1FLMA0044,27.4463,-82.399,THE MEADOWS 7.3 NE,11,1,9.09,7.609716689102811,Coastal,10,3,30.0,True,19.55,Ian,Before
US1FLMR0003,28.9774,-82.0245,BELLEVIEW 6.0 SSE,11,0,0.0,18.69869304842933,Coastal,11,2,18.18,False,9.09,Ian,Before
US1FLMR0004,28.9609,-81.9979,LADY LAKE 4.8 WNW,11,0,0.0,15.279235656745495,Coastal,11,1,9.09,False,4.54,Ian,Before
US1FLMR0012,29.0805,-82.1738,OCALA WEATHER SERVICE,11,0,0.0,8.55386929194059,Coastal,11,3,27.27,True,13.64,Ian,Before
US1FLMR0013,29.4571,-82.2998,MICANOPY 3.6 SSW,11,0,0.0,21.422917239913573,Coastal,11,2,18.18,False,9.09,Ian,Before
US1FLMR0016,29.1527,-82.1055,OCALA 2.8 SSE,11,11,100.0,0.9262638244061578,Coastal,0,0,0.0,True,50.0,Ian,Before
US1FLMR0018,29.0609,-81.9759,BELLEVIEW 4.8 E,11,0,0.0,18.79646082445156,Coastal,11,1,9.09,False,4.54,Ian,Before
US1FLMR0020,28.9744,-81.9986,THE VILLAGES 2.7 NNW,11,9,81.82,16.78630952988901,Coastal,2,0,0.0,True,40.91,Ian,Before
US1FLMR0032,29.042,-81.9983,SUMMERFIELD 3.0 NE,11,0,0.0,18.883338692466804,Coastal,11,3,27.27,True,13.64,Ian,Before
US1FLMR0033,29.1913,-81.951,SILVER SPRINGS SHORES 6.9 NNE,11,11,100.0,14.270191999602512,Coastal,0,0,0.0,True,50.0,Ian,Before
US1FLMR0036,28.976,-82.1746,OCALA 14.3 S,11,0,0.0,21.85215248265858,Coastal,11,3,27.27,True,13.64,Ian,Before
US1FLMR0042,29.4453,-82.2492,MICANOPY 4.6 SSE,11,0,0.0,25.346894199494493,Coastal,11,2,18.18,False,9.09,Ian,Before
US1FLMR0046,29.4898,-81.9043,INTERLACHEN 8.8 S,11,11,100.0,32.327750515542675,Coastal,0,0,0.0,True,50.0,Ian,Before
US1FLMR0054,29.1779,-82.116,OCALA 1.1 SE,11,0,0.0,0.0,Coastal,11,3,27.27,True,13.64,Ian,Before
US1FLMR0056,29.1117,-82.2848,OCALA 10.7 WSW,11,1,9.09,11.40218739525492,Coastal,10,2,20.0,True,14.54,Ian,Before
US1FLMR0057,29.2542,-82.1267,OCALA 4.6 N,11,0,0.0,2.2883996585253925,Coastal,11,2,18.18,False,9.09,Ian,Before
US1FLMR0059,29.0674,-82.2561,OCALA 11.2 SW,11,0,0.0,12.726298109723283,Coastal,11,2,18.18,False,9.09,Ian,Before
US1FLMR0065,29.0183,-82.0808,BELLEVIEW 3.3 SSW,11,0,0.0,18.182047736143037,Coastal,11,2,18.18,False,9.09,Ian,Before
US1FLMR0066,28.9802,-82.023,THE VILLAGES 3.7 NNW,11,0,0.0,18.88584581489288,Coastal,11,2,18.18,False,9.09,Ian,Before
US1FLMR0068,29.2059,-82.0817,OCALA 3.2 ENE,11,0,0.0,0.4463548892341388,Coastal,11,2,18.18,False,9.09,Ian,Before
US1FLMR0071,29.1109,-82.2871,OCALA 10.8 WSW,11,11,100.0,11.67652248199726,Coastal,0,0,0.0,True,50.0,Ian,Before
US1FLMR0074,29.056,-82.0289,BELLEVIEW 1.6 E,11,0,0.0,15.487586562421155,Coastal,11,2,18.18,False,9.09,Ian,Before
US1FLMR0079,29.1782,-82.2683,OCALA 8.3 W,11,1,9.09,6.009855223775683,Coastal,10,2,20.0,True,14.54,Ian,Before
US1FLMS0003,30.4727,-83.3954,MADISON 1.2 ENE,11,11,100.0,32.15085639487817,Coastal,0,0,0.0,True,50.0,Ian,Before
US1FLMT0001,27.1222,-80.3169,PALM CITY 4.0 SW,11,4,36.36,7.439395755142461,Coastal,7,5,71.43,True,53.9,Ian,Before
US1FLMT0016,26.993,-80.5739,CANAL POINT 9.9 NNE,11,6,54.55,39.66440038068149,Coastal,5,1,20.0,True,37.28,Ian,Before
US1FLMT0017,27.0999,-80.2789,STUART 6.9 SSW,11,11,100.0,8.13784533552681,Coastal,0,0,0.0,True,50.0,Ian,Before
US1FLMT0018,27.1883,-80.2279,STUART 1.0 ESE,11,0,0.0,0.0,Coastal,11,5,45.45,True,22.72,Ian,Before
US1FLMT0019,27.2541,-80.2604,JENSEN BEACH 2.2 NW,11,7,63.64,0.0,Coastal,4,3,75.0,True,69.32,Ian,Before
US1FLMT0021,27.1976,-80.2999,PALM CITY 3.1 NW,11,0,0.0,2.910207750880507,Coastal,11,5,45.45,True,22.72,Ian,Before
US1FLMT0026,27.0326,-80.4732,INDIANTOWN 0.4 SW,11,0,0.0,27.6996299396938,Coastal,11,6,54.55,True,27.28,Ian,Before
US1FLMT0028,27.2573,-80.2338,JENSEN BEACH 1.5 N,11,0,0.0,0.0,Coastal,11,5,45.45,True,22.72,Ian,Before
US1FLMT0031,27.1755,-80.285,PALM CITY 1.4 NW,11,0,0.0,0.543594028583628,Coastal,11,5,45.45,True,22.72,Ian,Before
US1FLMT0035,27.0728,-80.2583,STUART 8.4 S,11,0,0.0,9.27934506897234,Coastal,11,6,54.55,True,27.28,Ian,Before
US1FLMT0036,27.256,-80.2351,JENSEN BEACH 1.4 N,11,0,0.0,0.0,Coastal,11,5,45.45,True,22.72,Ian,Before
US1FLMT0037,27.1208,-80.1954,STUART 5.9 SSE,11,0,0.0,2.142176748849394,Coastal,11,5,45.45,True,22.72,Ian,Before
US1FLMT0038,27.1238,-80.2566,STUART 4.9 S,11,10,90.91,4.360261643534697,Coastal,1,1,100.0,True,95.46,Ian,Before
US1FLMT0039,27.1514,-80.2796,PALM CITY 0.9 SW,11,0,0.0,2.1710010374517292,Coastal,11,5,45.45,True,22.72,Ian,Before
US1FLMT0041,27.0314,-80.4752,INDIANTOWN 0.5 SW,11,9,81.82,27.967133558656254,Coastal,2,2,100.0,True,90.91,Ian,Before
US1FLMT0042,27.0768,-80.1484,HOBE SOUND 0.6 WNW,11,0,0.0,9.025157803449591,Coastal,11,6,54.55,True,27.28,Ian,Before
US1FLMT0043,27.1642,-80.5767,INDIANTOWN 11.1 NW,11,0,0.0,25.67273162220912,Coastal,11,5,45.45,True,22.72,Ian,Before
US1FLMT0045,27.141,-80.1961,STUART 4.7 SE,11,0,0.0,0.0,Coastal,11,5,45.45,True,22.72,Ian,Before
US1FLMT0046,27.1198,-80.2145,PORT SALERNO 2.4 SW,11,0,0.0,2.1134950684705016,Coastal,11,5,45.45,True,22.72,Ian,Before
US1FLNS0010,30.5979,-81.5947,HEDGES 0.3 ESE,11,11,100.0,12.779146040683983,Coastal,0,0,0.0,True,50.0,Ian,Before
US1FLNS0012,30.6489,-81.4483,FERNANDINA BEACH 0.6 S,11,0,0.0,19.19472010954251,Coastal,11,0,0.0,False,0.0,Ian,Before
US1FLNS0014,30.5979,-81.5284,FERNANDINA BEACH 6.3 SW,11,0,0.0,16.911314150993874,Coastal,11,0,0.0,False,0.0,Ian,Before
US1FLNS0017,30.6243,-81.4427,FERNANDINA BEACH 2.3 S,11,0,0.0,21.959970230860247,Coastal,11,0,0.0,False,0.0,Ian,Before
US1FLNS0021,30.6228,-81.4524,FERNANDINA BEACH 2.4 S,11,0,0.0,21.430612818110095,Coastal,11,0,0.0,False,0.0,Ian,Before
US1FLNS0022,30.6364,-81.449,FERNANDINA BEACH 1.5 S,11,2,18.18,20.318099686334396,Coastal,9,0,0.0,False,9.09,Ian,Before
US1FLNS0023,30.5045,-81.8214,CALLAHAN 4.0 S,11,11,100.0,10.891808210705237,Coastal,0,0,0.0,True,50.0,Ian,Before
US1FLOB0002,27.5847,-81.0456,OKEECHOBEE 27.1 NNW,11,3,27.27,67.09892686202811,Rural,8,2,25.0,True,26.14,Ian,Before
US1FLOR0015,28.5814,-81.1758,UNION PARK 3.8 ENE,11,11,100.0,0.3489338476732373,Coastal,0,0,0.0,True,50.0,Ian,Before
US1FLOR0016,28.6848,-81.4659,APOPKA 2.9 E,11,11,100.0,0.0,Coastal,0,0,0.0,True,50.0,Ian,Before
US1FLOR0019,28.5624,-81.2185,UNION PARK 1.1 E,11,0,0.0,0.0,Coastal,11,1,9.09,False,4.54,Ian,Before
US1FLOR0025,28.5709,-81.4959,ORLANDO 7.4 WNW,11,1,9.09,0.0,Coastal,10,1,10.0,False,9.54,Ian,Before
US1FLOR0026,28.5722,-81.3958,ORLANDO 4.8 NNW,11,0,0.0,0.0,Coastal,11,1,9.09,False,4.54,Ian,Before
US1FLOR0027,28.5743,-81.3851,ORLANDO 4.9 N,11,0,0.0,0.0,Coastal,11,1,9.09,False,4.54,Ian,Before
US1FLOR0030,28.3645,-81.4146,ORLANDO 12.0 S,11,0,0.0,0.0,Coastal,11,3,27.27,True,13.64,Ian,Before
US1FLOR0031,28.5431,-81.1785,UNION PARK 3.8 ESE,11,11,100.0,0.048371222529560325,Coastal,0,0,0.0,True,50.0,Ian,Before
US1FLOR0033,28.5729,-81.4914,ORLANDO 7.2 WNW,11,11,100.0,0.0,Coastal,0,0,0.0,True,50.0,Ian,Before
US1FLOR0034,28.5927,-81.5285,OCOEE 1.4 N,11,0,0.0,0.0,Coastal,11,0,0.0,False,0.0,Ian,Before
US1FLOR0035,28.3567,-81.6334,BAY LAKE 4.1 WSW,11,0,0.0,0.0,Coastal,11,3,27.27,True,13.64,Ian,Before
US1FLOR0043,28.667,-81.4609,APOPKA 3.5 ESE,11,0,0.0,0.0,Coastal,11,1,9.09,False,4.54,Ian,Before
US1FLOR0046,28.5139,-81.4096,ORLANDO 2.2 WNW,11,0,0.0,0.0,Coastal,11,2,18.18,False,9.09,Ian,Before
US1FLOR0047,28.5262,-81.5612,WINTER GARDEN 2.8 SSE,11,11,100.0,0.44769665764629946,Coastal,0,0,0.0,True,50.0,Ian,Before
US1FLOR0048,28.5299,-81.1934,UNION PARK 3.5 SE,11,8,72.73,1.0653068053264503,Coastal,3,0,0.0,True,36.36,Ian,Before
US1FLOR0049,28.5428,-81.5764,WINTER GARDEN 1.4 SSE,11,11,100.0,0.7407700120211121,Coastal,0,0,0.0,True,50.0,Ian,Before
US1FLOR0050,28.3692,-81.2629,BUENA VENTURA LAKES 6.0 ENE,11,11,100.0,8.980061768032638,Coastal,0,0,0.0,True,50.0,Ian,Before
US1FLOR0054,28.6849,-81.4972,APOPKA 1.0 E,11,1,9.09,0.0,Coastal,10,0,0.0,False,4.54,Ian,Before
US1FLOR0055,28.53,-81.4874,ORLANDO 6.8 W,11,0,0.0,0.0,Coastal,11,0,0.0,False,0.0,Ian,Before
US1FLOR0059,28.5001,-81.379,ORLANDO 0.4 SW,11,10,90.91,0.0,Coastal,1,1,100.0,True,95.46,Ian,Before
US1FLOR0061,28.5492,-81.6524,OAKLAND 1.5 WSW,11,0,0.0,4.670341104325328,Coastal,11,2,18.18,False,9.09,Ian,Before
US1FLOR0062,28.5237,-81.6084,OAKLAND 2.6 SSE,11,0,0.0,4.613771656253725,Coastal,11,2,18.18,False,9.09,Ian,Before
US1FLOR0065,28.5371,-81.295,ORLANDO 5.3 ENE,11,0,0.0,0.0,Coastal,11,2,18.18,False,9.09,Ian,Before
US1FLOR0066,28.4636,-81.5969,WINDERMERE 4.4 WSW,11,9,81.82,1.8417156289387495,Coastal,2,1,50.0,True,65.91,Ian,Before
US1FLOR0068,28.444,-81.5548,BAY HILL 2.9 SW,11,0,0.0,0.0,Coastal,11,2,18.18,False,9.09,Ian,Before
US1FLOR0071,28.4589,-81.0882,BITHLO 7.8 S,11,11,100.0,14.209917740223256,Coastal,0,0,0.0,True,50.0,Ian,Before
US1FLOR0072,28.5381,-81.1932,UNION PARK 3.1 SE,11,5,45.45,0.02626111281804054,Coastal,6,1,16.67,True,31.06,Ian,Before
US1FLOR0073,28.6909,-81.5176,APOPKA 0.4 NW,11,11,100.0,0.0,Coastal,0,0,0.0,True,50.0,Ian,Before
US1FLOS0001,28.193,-81.4997,POINCIANA PLACE 2.6 NNW,11,0,0.0,12.61067075601133,Coastal,11,3,27.27,True,13.64,Ian,Before
US1FLOS0027,28.2006,-81.285,ST. CLOUD 2.9 S,11,0,0.0,5.696556249243019,Coastal,11,4,36.36,True,18.18,Ian,Before
US1FLOS0029,28.2659,-81.261,ST. CLOUD 2.4 NE,11,0,0.0,1.98830902838707,Coastal,11,3,27.27,True,13.64,Ian,Before
US1FLOS0031,28.2738,-81.4647,CAMPBELL 1.4 NNW,11,0,0.0,2.3301744444832226,Coastal,11,3,27.27,True,13.64,Ian,Before
US1FLOS0033,28.2619,-81.4462,KISSIMMEE 3.6 SW,11,9,81.82,2.8805642234938778,Coastal,2,0,0.0,True,40.91,Ian,Before
US1FLOS0036,28.249,-81.159,ST. CLOUD 8.0 E,11,0,0.0,13.342897089298813,Coastal,11,3,27.27,True,13.64,Ian,Before
US1FLOS0037,28.2482,-81.2399,ST CLOUD 3.1 E,11,1,9.09,4.33821541360243,Coastal,10,3,30.0,True,19.55,Ian,Before
US1FLOS0038,28.3125,-81.2413,ST. CLOUD 5.7 NNE,11,11,100.0,6.689030686213909,Coastal,0,0,0.0,True,50.0,Ian,Before
US1FLPB0002,26.5755,-80.2026,ABERDEEN 3.7 WNW,11,0,0.0,1.4358088552443322,Coastal,11,4,36.36,True,18.18,Ian,Before
US1FLPB0007,26.518,-80.145,SUN VALLEY 0.8 SW,11,6,54.55,0.0,Coastal,5,4,80.0,True,67.28,Ian,Before
US1FLPB0009,26.9458,-80.2299,JUPITER 7.9 W,11,10,90.91,6.89355791861562,Coastal,1,1,100.0,True,95.46,Ian,Before
US1FLPB0012,26.607,-80.1721,ABERDEEN 4.2 NNW,11,0,0.0,0.0,Coastal,11,5,45.45,True,22.72,Ian,Before
US1FLPB0013,26.6331,-80.0661,LAKE WORTH 1.0 NNW,11,0,0.0,0.0,Coastal,11,5,45.45,True,22.72,Ian,Before
US1FLPB0029,26.9433,-80.562,INDIANTOWN 8.6 SW,11,11,100.0,42.46634652274262,Coastal,0,0,0.0,True,50.0,Ian,Before
US1FLPB0031,26.714,-80.307,ROYAL PALM BEACH 5.0 W,11,4,36.36,3.792228881568864,Coastal,7,4,57.14,True,46.75,Ian,Before
US1FLPB0034,26.8374,-80.6471,PAHOKEE 1.6 NE,11,1,9.09,43.87979084787287,Coastal,10,4,40.0,True,24.54,Ian,Before
US1FLPB0036,26.5838,-80.0506,LANTANA 0.3 E,11,11,100.0,0.0,Coastal,0,0,0.0,True,50.0,Ian,Before
US1FLPB0037,26.651,-80.2475,WELLINGTON 0.7 SE,11,0,0.0,0.0,Coastal,11,5,45.45,True,22.72,Ian,Before
US1FLPB0043,26.902,-80.1246,JUPITER 2.0 SW,11,9,81.82,1.1231915086948396,Coastal,2,1,50.0,True,65.91,Ian,Before
US1FLPB0044,26.3985,-80.0736,BOCA RATON 2.7 NE,11,0,0.0,0.0,Coastal,11,5,45.45,True,22.72,Ian,Before
US1FLPB0061,26.442,-80.1105,DELRAY BEACH 1.6 WSW,11,0,0.0,0.0,Coastal,11,6,54.55,True,27.28,Ian,Before
US1FLPB0063,26.4278,-80.0809,DELRAY BEACH 1.9 SSE,11,1,9.09,0.0,Coastal,10,5,50.0,True,29.54,Ian,Before
US1FLPB0070,26.5357,-80.0998,BOYNTON BEACH 1.3 WNW,11,11,100.0,0.0,Coastal,0,0,0.0,True,50.0,Ian,Before
US1FLPB0072,26.5508,-80.1825,BOYNTON BEACH 6.5 WNW,11,0,0.0,0.0,Coastal,11,5,45.45,True,22.72,Ian,Before
US1FLPB0077,26.5613,-80.1686,ABERDEEN 1.4 WNW,11,0,0.0,0.0,Coastal,11,5,45.45,True,22.72,Ian,Before
US1FLPB0079,26.3839,-80.0755,BOCA RATON 2.1 ENE,11,11,100.0,0.0,Coastal,0,0,0.0,True,50.0,Ian,Before
US1FLPB0080,26.3544,-80.1644,BOCA RATON 3.8 WSW,11,0,0.0,0.0,Coastal,11,5,45.45,True,22.72,Ian,Before
US1FLPB0081,26.797,-80.035,PALM BEACH SHORES 1.4 N,11,0,0.0,0.3699976120481375,Coastal,11,5,45.45,True,22.72,Ian,Before
US1FLPB0082,26.4467,-80.1256,DELRAY BEACH 2.3 WSW,11,11,100.0,0.0,Coastal,0,0,0.0,True,50.0,Ian,Before
US1FLPB0087,26.6674,-80.1785,GOLDEN LAKES 2.4 SSW,11,0,0.0,0.0,Coastal,11,5,45.45,True,22.72,Ian,Before
US1FLPB0095,26.6179,-80.0515,LAKE WORTH 0.5 ESE,11,11,100.0,0.0,Coastal,0,0,0.0,True,50.0,Ian,Before
US1FLPB0096,26.7235,-80.6665,BELLE GLADE 2.6 N,11,9,81.82,42.043019727756295,Coastal,2,1,50.0,True,65.91,Ian,Before
US1FLPB0098,26.7473,-80.3282,ROYAL PALM BEACH 6.9 WNW,11,2,18.18,8.494508279830244,Coastal,9,4,44.44,True,31.31,Ian,Before
US1FLPB0106,26.3467,-80.1979,SANDALFOOT COVE 0.8 NW,11,11,100.0,0.0,Coastal,0,0,0.0,True,50.0,Ian,Before
US1FLPB0116,26.9551,-80.136,JUPITER 2.9 NW,11,11,100.0,0.0,Coastal,0,0,0.0,True,50.0,Ian,Before
US1FLPB0117,26.6033,-80.1768,GREENACRES CITY 2.9 SW,11,11,100.0,0.0,Coastal,0,0,0.0,True,50.0,Ian,Before
US1FLPK0013,28.0337,-81.7415,WINTER HAVEN 1.3 WSW,11,11,100.0,0.0,Coastal,0,0,0.0,True,50.0,Ian,Before
US1FLPK0018,27.957,-81.946,LAKELAND HIGHLANDS 0.3 SE,11,0,0.0,2.7110356709990953,Coastal,11,3,27.27,True,13.64,Ian,Before
US1FLPK0032,28.065,-82.0423,LAKELAND 5.3 WNW,11,0,0.0,2.915890799083424,Coastal,11,3,27.27,True,13.64,Ian,Before
US1FLPK0034,27.9608,-81.9956,LAKELAND 6.9 SW,11,0,0.0,2.9220034167622884,Coastal,11,3,27.27,True,13.64,Ian,Before
US1FLPK0035,27.7027,-81.589,FROSTPROOF 4.6 SW,11,0,0.0,24.004318997331126,Coastal,11,3,27.27,True,13.64,Ian,Before
US1FLPK0039,27.8285,-81.7433,BARTOW 7.8 SE,11,0,0.0,16.912588428650235,Coastal,11,3,27.27,True,13.64,Ian,Before
US1FLPK0048,27.9915,-81.943,LAKELAND 3.6 SSE,11,11,100.0,0.0,Coastal,0,0,0.0,True,50.0,Ian,Before
US1FLPK0053,28.1242,-81.5005,POINCIANA PLACE 2.5 SSW,11,11,100.0,21.233080351486954,Coastal,0,0,0.0,True,50.0,Ian,Before
US1FLPK0055,28.1722,-81.8492,POLK CITY 1.6 WSW,11,3,27.27,10.517906645426258,Coastal,8,3,37.5,True,32.38,Ian,Before
US1FLPK0060,28.0202,-81.6158,DUNDEE 0.3 E,11,11,100.0,6.084817248938267,Coastal,0,0,0.0,True,50.0,Ian,Before
US1FLPK0067,28.1817,-81.6238,DAVENPORT 1.9 NW,11,0,0.0,13.129599880252085,Coastal,11,3,27.27,True,13.64,Ian,Before
US1FLPK0070,27.9374,-82.0424,WILLOW OAK 1.8 NW,11,11,100.0,8.775971955714141,Coastal,0,0,0.0,True,50.0,Ian,Before
US1FLPK0071,27.975,-81.7865,WINTER HAVEN 6.1 SW,11,11,100.0,3.7821277817117256,Coastal,0,0,0.0,True,50.0,Ian,Before
US1FLPK0073,27.9171,-81.9777,MULBERRY 1.1 NNW,11,0,0.0,7.122053751185867,Coastal,11,3,27.27,True,13.64,Ian,Before
US1FLPK0076,28.1019,-81.7813,AUBURNDALE 2.4 NNE,11,0,0.0,0.0,Coastal,11,3,27.27,True,13.64,Ian,Before
US1FLPK0078,28.2211,-81.5442,LOUGHMAN 2.0 ESE,11,0,0.0,10.942588922291415,Coastal,11,3,27.27,True,13.64,Ian,Before
US1FLPK0081,28.0515,-81.8443,AUBURNDALE 3.1 WSW,11,0,0.0,2.4797011536159554,Coastal,11,3,27.27,True,13.64,Ian,Before
US1FLPK0083,28.0053,-81.9059,CRYSTAL LAKE 2.1 S,11,0,0.0,0.7625745276269612,Coastal,11,3,27.27,True,13.64,Ian,Before
US1FLPK0084,27.9147,-81.8681,BARTOW 1.9 NW,11,1,9.09,12.066491723047072,Coastal,10,2,20.0,True,14.54,Ian,Before
US1FLPK0087,28.0994,-81.8922,LAKELAND 5.8 NE,11,11,100.0,1.2404282305776528,Coastal,0,0,0.0,True,50.0,Ian,Before
US1FLPK0096,27.951,-81.6882,WINTER HAVEN 6.6 SSE,11,11,100.0,4.075628526062188,Coastal,0,0,0.0,True,50.0,Ian,Before
US1FLPN0004,27.8017,-82.7355,ST. PETERSBURG 6.5 WNW,11,11,100.0,0.0,Coastal,0,0,0.0,True,50.0,Ian,Before
US1FLPN0006,27.7635,-82.7315,SOUTH PASADENA 1.0 NE,11,0,0.0,0.0,Coastal,11,3,27.27,True,13.64,Ian,Before
US1FLPN0009,27.7255,-82.6325,ST. PETERSBURG 2.3 SSE,11,0,0.0,0.0,Coastal,11,3,27.27,True,13.64,Ian,Before
US1FLPN0017,27.7532,-82.7309,SOUTH PASADENA 0.6 E,11,0,0.0,0.32424803973118854,Coastal,11,3,27.27,True,13.64,Ian,Before
US1FLPN0034,27.8033,-82.6546,ST. PETERSBURG 3.2 NNW,11,0,0.0,0.0,Coastal,11,3,27.27,True,13.64,Ian,Before
US1FLPN0035,27.7588,-82.7164,GULFPORT 0.9 NNW,11,0,0.0,0.0,Coastal,11,3,27.27,True,13.64,Ian,Before
US1FLPN0036,28.0347,-82.7645,DUNEDIN 2.8 ESE,11,0,0.0,0.0,Coastal,11,3,27.27,True,13.64,Ian,Before
US1FLPN0049,27.8239,-82.6358,ST. PETERSBURG 4.6 N,11,11,100.0,0.0,Coastal,0,0,0.0,True,50.0,Ian,Before
US1FLPN0053,27.8019,-82.7347,ST.PETERSBURG 6.0 WNW,11,11,100.0,0.0,Coastal,0,0,0.0,True,50.0,Ian,Before
US1FLPN0057,28.1439,-82.7385,TARPON SPRINGS 2.6 E,11,11,100.0,0.0,Coastal,0,0,0.0,True,50.0,Ian,Before
US1FLPN0060,27.8019,-82.6967,ST. PETERSBURG 4.5 NW,11,0,0.0,0.0,Coastal,11,3,27.27,True,13.64,Ian,Before
US1FLPN0071,28.0729,-82.7654,PALM HARBOR 1.0 S,11,4,36.36,0.0,Coastal,7,3,42.86,True,39.61,Ian,Before
US1FLPN0072,27.9214,-82.7603,LARGO 1.5 NE,11,11,100.0,0.0,Coastal,0,0,0.0,True,50.0,Ian,Before
US1FLPN0074,27.7674,-82.6654,ST. PETERSBURG 1.6 WNW,11,0,0.0,0.0,Coastal,11,3,27.27,True,13.64,Ian,Before
US1FLPN0077,27.8618,-82.8348,SEMINOLE 3.3 WNW,11,0,0.0,0.0,Coastal,11,3,27.27,True,13.64,Ian,Before
US1FLPN0079,27.7899,-82.6437,ST. PETERSBURG 2.2 N,11,0,0.0,0.0,Coastal,11,3,27.27,True,13.64,Ian,Before
US1FLPN0081,27.7229,-82.6492,ST. PETERSBURG 2.5 S,11,2,18.18,0.0,Coastal,9,3,33.33,True,25.76,Ian,Before
US1FLPN0082,28.1287,-82.7441,TARPON SPRINGS 2.6 ESE,11,11,100.0,0.0,Coastal,0,0,0.0,True,50.0,Ian,Before
US1FLPN0083,28.0029,-82.7624,CLEARWATER 1.6 N,11,0,0.0,0.0,Coastal,11,3,27.27,True,13.64,Ian,Before
US1FLPN0087,27.7389,-82.7053,GULFPORT 0.6 SSE,11,0,0.0,0.0,Coastal,11,3,27.27,True,13.64,Ian,Before
US1FLPN0090,27.8674,-82.6815,PINELLAS PARK 1.7 ENE,11,0,0.0,0.0,Coastal,11,3,27.27,True,13.64,Ian,Before
US1FLPN0091,28.033,-82.7622,DUNEDIN 2.9 ESE,11,0,0.0,0.0,Coastal,11,3,27.27,True,13.64,Ian,Before
US1FLPN0093,28.0796,-82.7149,PALM HARBOR 3.0 E,11,11,100.0,0.0,Coastal,0,0,0.0,True,50.0,Ian,Before
US1FLPN0094,27.882,-82.7411,LARGO 3.1 SE,11,0,0.0,0.0,Coastal,11,3,27.27,True,13.64,Ian,Before
US1FLPN0096,27.9481,-82.7352,CLEARWATER 2.9 SE,11,0,0.0,0.0,Coastal,11,3,27.27,True,13.64,Ian,Before
US1FLPN0097,27.7657,-82.7359,ST. PETERSBURG 5.8 W,11,0,0.0,0.0,Coastal,11,3,27.27,True,13.64,Ian,Before
US1FLPN0099,27.7775,-82.7184,ST. PETERSBURG 4.9 WNW,11,0,0.0,0.0,Coastal,11,3,27.27,True,13.64,Ian,Before
US1FLPN0104,27.8904,-82.7931,LARGO 1.5 SSW,11,0,0.0,0.0,Coastal,11,3,27.27,True,13.64,Ian,Before
US1FLPN0105,27.8899,-82.6599,FEATHER SOUND 1.3 S,11,2,18.18,0.0,Coastal,9,2,22.22,True,20.2,Ian,Before
US1FLPN0108,27.8126,-82.6258,ST. PETERSBURG 3.9 NNE,11,0,0.0,0.0,Coastal,11,3,27.27,True,13.64,Ian,Before
US1FLPN0111,28.0808,-82.7617,PALM HARBOR 0.5 S,11,0,0.0,0.0,Coastal,11,3,27.27,True,13.64,Ian,Before
US1FLPN0112,27.9449,-82.7613,CLEARWATER 2.4 S,11,11,100.0,0.0,Coastal,0,0,0.0,True,50.0,Ian,Before
US1FLPN0115,28.0908,-82.7765,PALM HARBOR 0.8 WNW,11,11,100.0,0.0,Coastal,0,0,0.0,True,50.0,Ian,Before
US1FLPN0116,28.146,-82.7298,TARPON SPRINGS 3.1 E,11,11,100.0,0.0,Coastal,0,0,0.0,True,50.0,Ian,Before
US1FLPS0001,28.3505,-82.6836,HUDSON 1.1 ESE,11,3,27.27,0.0,Coastal,8,1,12.5,False,19.88,Ian,Before
US1FLPS0004,28.3014,-82.7146,PORT RICHEY 2.0 NNE,11,0,0.0,0.0,Coastal,11,3,27.27,True,13.64,Ian,Before
US1FLPS0006,28.1714,-82.4223,LUTZ 3.4 NE,11,0,0.0,5.200019816477895,Coastal,11,3,27.27,True,13.64,Ian,Before
US1FLPS0007,28.2698,-82.1941,ZEPHYRHILLS 2.6 NNW,11,0,0.0,20.20048566988134,Coastal,11,3,27.27,True,13.64,Ian,Before
US1FLPS0008,28.242,-82.1638,ZEPHYRHILLS 0.9 ENE,11,11,100.0,21.813477930413306,Coastal,0,0,0.0,True,50.0,Ian,Before
US1FLPS0010,28.3522,-82.2225,DADE CITY 1.8 WSW,11,1,9.09,25.003521662479518,Coastal,10,2,20.0,True,14.54,Ian,Before
US1FLPS0015,28.4225,-82.206,DADE CITY 4.3 N,11,0,0.0,33.45823955881469,Coastal,11,2,18.18,False,9.09,Ian,Before
US1FLPS0018,28.2839,-82.1614,ZEPHYRHILLS NORTH 2.3 N,11,11,100.0,24.241651690151617,Coastal,0,0,0.0,True,50.0,Ian,Before
US1FLPS0043,28.2027,-82.44,LAND O LAKES 1.5 SSE,11,0,0.0,6.256161718979839,Coastal,11,3,27.27,True,13.64,Ian,Before
US1FLPS0049,28.4754,-82.1569,LACOOCHEE 1.0 NE,11,0,0.0,42.015253138437195,Coastal,11,2,18.18,False,9.09,Ian,Before
US1FLPS0051,28.1875,-82.7321,HOLIDAY 0.6 E,11,2,18.18,0.0,Coastal,9,3,33.33,True,25.76,Ian,Before
US1FLPS0053,28.2027,-82.4341,LAND O' LAKES 1.8 SE,11,11,100.0,6.733850673523065,Coastal,0,0,0.0,True,50.0,Ian,Before
US1FLPS0057,28.3848,-82.689,HUDSON 2.0 NNE,11,11,100.0,0.0,Coastal,0,0,0.0,True,50.0,Ian,Before
US1FLPS0065,28.1871,-82.6233,TRINITY 3.0 ENE,11,0,0.0,6.103653328183106,Coastal,11,3,27.27,True,13.64,Ian,Before
US1FLPS0068,28.2219,-82.7407,NEW PORT RICHEY 2.3 SW,11,11,100.0,0.0,Coastal,0,0,0.0,True,50.0,Ian,Before
US1FLPS0072,28.2283,-82.3876,LAND O' LAKES 4.1 E,11,0,0.0,5.595357937027054,Coastal,11,3,27.27,True,13.64,Ian,Before
US1FLPS0073,28.1751,-82.3376,WESLEY CHAPEL 1.7 ESE,11,0,0.0,0.8632097395552534,Coastal,11,3,27.27,True,13.64,Ian,Before
US1FLPS0074,28.3189,-82.1769,DADE CITY 3.2 SSE,11,1,9.09,25.404779626216595,Coastal,10,3,30.0,True,19.55,Ian,Before
US1FLPS0075,28.2088,-82.6757,NEW PORT RICHEY 3.7 SE,11,0,0.0,0.30046767171998484,Coastal,11,3,27.27,True,13.64,Ian,Before
US1FLPT0004,29.5517,-81.6579,SATSUMA 0.2 WSW,11,0,0.0,11.080568757206276,Coastal,11,2,18.18,False,9.09,Ian,Before
US1FLPT0007,29.5909,-81.6063,SATSUMA 4.0 NE,11,0,0.0,7.405852824870095,Coastal,11,2,18.18,False,9.09,Ian,Before
US1FLPT0008,29.6962,-81.6264,EAST PALATKA 3.5 NNW,11,0,0.0,3.344816720728675,Coastal,11,2,18.18,False,9.09,Ian,Before
US1FLPT0009,29.6517,-81.8746,INTERLACHEN 2.8 NNE,11,11,100.0,19.331391300937895,Coastal,0,0,0.0,True,50.0,Ian,Before
US1FLPT0010,29.6046,-81.9143,INTERLACHEN 1.3 SW,11,11,100.0,25.116462262996055,Coastal,0,0,0.0,True,50.0,Ian,Before
US1FLPT0012,29.7832,-81.8487,FLORAHOME 4.1 NNE,11,0,0.0,20.076385140346797,Coastal,11,3,27.27,True,13.64,Ian,Before
US1FLPT0021,29.4661,-81.521,CRESCENT CITY 2.0 N,11,0,0.0,25.958905111311587,Coastal,11,3,27.27,True,13.64,Ian,Before
US1FLPT0024,29.5887,-81.5487,SAN MATEO 2.5 SE,11,0,0.0,12.467484950455907,Coastal,11,2,18.18,False,9.09,Ian,Before
US1FLPT0026,29.6622,-81.87,INTERLACHEN 3.6 NNE,11,0,0.0,18.68238527900479,Coastal,11,2,18.18,False,9.09,Ian,Before
US1FLPT0027,29.6278,-81.8191,HOLLISTER 0.5 NW,11,0,0.0,14.17224631060111,Coastal,11,1,9.09,False,4.54,Ian,Before
US1FLPT0029,29.6414,-81.7153,PALATKA 3.6 W,11,0,0.0,3.7093680085634624,Coastal,11,3,27.27,True,13.64,Ian,Before
US1FLSJ0004,29.8129,-81.3319,ST. AUGUSTINE SOUTH 2.1 SSW,11,0,0.0,4.690039237347302,Coastal,11,1,9.09,False,4.54,Ian,Before
US1FLSJ0016,29.9441,-81.5061,ST. AUGUSTINE 12.2 WNW,11,0,0.0,15.730665045894012,Coastal,11,2,18.18,False,9.09,Ian,Before
US1FLSJ0020,29.85,-81.2904,ST. AUGUSTINE 3.1 SSE,11,0,0.0,0.635299490577189,Coastal,11,2,18.18,False,9.09,Ian,Before
US1FLSJ0023,29.9269,-81.3517,ST. AUGUSTINE 3.4 NW,11,0,0.0,0.0,Coastal,11,1,9.09,False,4.54,Ian,Before
US1FLSJ0028,29.8518,-81.3447,ST. AUGUSTINE 3.4 SW,11,0,0.0,0.6056058231389015,Coastal,11,1,9.09,False,4.54,Ian,Before
US1FLSJ0029,30.1925,-81.3702,SAWGRASS 0.0 E,11,4,36.36,1.6281504484928262,Coastal,7,0,0.0,True,18.18,Ian,Before
US1FLSJ0030,30.1286,-81.6197,FRUIT COVE 1.9 N,11,0,0.0,0.21419865195893933,Coastal,11,1,9.09,False,4.54,Ian,Before
US1FLSJ0031,30.1215,-81.4323,PALM VALLEY 5.9 SSW,11,9,81.82,11.882133727616452,Coastal,2,1,50.0,True,65.91,Ian,Before
US1FLSJ0033,30.1613,-81.3669,SAWGRASS 2.2 S,11,0,0.0,5.646817688316755,Coastal,11,2,18.18,False,9.09,Ian,Before
US1FLSJ0034,29.9198,-81.3901,ST. AUGUSTINE 5.1 WNW,11,0,0.0,2.5224005749796508,Coastal,11,1,9.09,False,4.54,Ian,Before
US1FLSJ0036,30.1116,-81.6323,FRUIT COVE 1.1 NW,11,0,0.0,2.813048408270099,Coastal,11,1,9.09,False,4.54,Ian,Before
US1FLSJ0038,29.9296,-81.3879,ST. AUGUSTINE 5.3 WNW,11,11,100.0,2.501553060665512,Coastal,0,0,0.0,True,50.0,Ian,Before
US1FLSJ0039,30.0123,-81.4802,ST JOHNS 6.2 SE,11,1,9.09,16.23980750141829,Coastal,10,1,10.0,False,9.54,Ian,Before
US1FLSJ0046,30.1004,-81.5726,FRUIT COVE 2.7 E,11,11,100.0,5.541644176483876,Coastal,0,0,0.0,True,50.0,Ian,Before
US1FLSL0011,27.3864,-80.3286,FORT PIERCE 2.8 SSE,11,1,9.09,1.0233901889235728,Coastal,10,5,50.0,True,29.54,Ian,Before
US1FLSL0013,27.2494,-80.3718,PORT ST. LUCIE 2.4 SSW,11,0,0.0,7.798311966009624,Coastal,11,5,45.45,True,22.72,Ian,Before
US1FLSL0015,27.4874,-80.3035,FORT PIERCE 3.4 NNE,11,4,36.36,3.0142466165686352,Coastal,7,4,57.14,True,46.75,Ian,Before
US1FLSL0017,27.2681,-80.4454,TRADITION 5.6 W,11,2,18.18,6.441459900179501,Coastal,9,4,44.44,True,31.31,Ian,Before
US1FLSL0019,27.3237,-80.3111,PORT ST. LUCIE 4.0 NE,11,0,0.0,0.0,Coastal,11,5,45.45,True,22.72,Ian,Before
US1FLSL0022,27.3138,-80.3563,PORT ST. LUCIE 2.4 N,11,8,72.73,2.5534937267522535,Coastal,3,3,100.0,True,86.36,Ian,Before
US1FLSL0031,27.3398,-80.3763,PORT ST. LUCIE 4.4 NNW,11,11,100.0,0.3829137414451852,Coastal,0,0,0.0,True,50.0,Ian,Before
US1FLSL0033,27.3704,-80.3428,FORT PIERCE 5.1 SSW,11,0,0.0,3.4165067019616853,Coastal,11,6,54.55,True,27.28,Ian,Before
US1FLSL0043,27.2439,-80.4066,PORT ST. LUCIE 4.1 SW,11,11,100.0,7.780635317338714,Coastal,0,0,0.0,True,50.0,Ian,Before
US1FLSL0048,27.365,-80.3034,FORT PIERCE 5.4 SSE,11,8,72.73,4.224652111023042,Coastal,3,0,0.0,True,36.36,Ian,Before
US1FLSL0050,27.2626,-80.3767,PORT ST. LUCIE 1.8 SW,11,0,0.0,6.072920570905303,Coastal,11,5,45.45,True,22.72,Ian,Before
US1FLSL0051,27.2671,-80.4102,PORT ST. LUCIE 3.5 WSW,11,3,27.27,4.952152229526277,Coastal,8,4,50.0,True,38.64,Ian,Before
US1FLSL0052,27.2891,-80.394,PORT ST. LUCIE 2.5 WNW,11,10,90.91,2.2524602561851013,Coastal,1,1,100.0,True,95.46,Ian,Before
US1FLSL0054,27.2941,-80.2145,JENSEN BEACH 4.1 NNE,11,0,0.0,2.964002474885345,Coastal,11,5,45.45,True,22.72,Ian,Before
US1FLSM0004,28.7904,-81.27,SANFORD 0.4 ENE,11,11,100.0,0.0,Coastal,0,0,0.0,True,50.0,Ian,Before
US1FLSM0008,28.652,-81.1209,CHULUOTA 0.9 N,11,0,0.0,3.860426581472222,Coastal,11,1,9.09,False,4.54,Ian,Before
US1FLSM0018,28.7971,-81.3051,SANFORD 1.9 WNW,11,2,18.18,0.0,Coastal,9,1,11.11,False,14.64,Ian,Before
US1FLSM0026,28.6831,-81.3997,ALTAMONTE SPRINGS 1.5 N,11,0,0.0,0.0,Coastal,11,1,9.09,False,4.54,Ian,Before
US1FLSM0027,28.6462,-81.3805,ALTAMONTE SPRINGS 1.4 SE,11,11,100.0,0.0,Coastal,0,0,0.0,True,50.0,Ian,Before
US1FLSM0030,28.676,-81.237,WINTER SPRINGS 2.3 E,11,0,0.0,0.0,Coastal,11,1,9.09,False,4.54,Ian,Before
US1FLSM0034,28.6886,-81.1828,OVIEDO 2.1 N,11,0,0.0,2.0581312740958073,Coastal,11,1,9.09,False,4.54,Ian,Before
US1FLSM0035,28.6548,-81.2865,CASSELBERRY 2.3 ESE,11,0,0.0,0.0,Coastal,11,1,9.09,False,4.54,Ian,Before
US1FLSM0036,28.6172,-81.2667,OVIEDO 5.9 WSW,11,11,100.0,0.0,Coastal,0,0,0.0,True,50.0,Ian,Before
US1FLSM0037,28.6376,-81.1293,CHULUOTA 0.6 WSW,11,0,0.0,2.8714067605362383,Coastal,11,1,9.09,False,4.54,Ian,Before
US1FLSM0038,28.6582,-81.2624,WINTER SPRINGS 1.8 SSE,11,3,27.27,0.0,Coastal,8,0,0.0,False,13.64,Ian,Before
US1FLSM0039,28.7281,-81.3833,LONGWOOD 2.8 NW,11,0,0.0,0.0,Coastal,11,1,9.09,False,4.54,Ian,Before
US1FLSM0055,28.6985,-81.1569,OVIEDO 3.2 NNE,11,11,100.0,4.840163257663229,Coastal,0,0,0.0,True,50.0,Ian,Before
US1FLSS0014,27.061,-82.172,NORTH PORT 1.6 ENE,11,0,0.0,2.7007695836725745,Coastal,11,3,27.27,True,13.64,Ian,Before
US1FLSS0015,27.1132,-82.1657,NORTH PORT 4.7 NNE,11,0,0.0,8.647541887218152,Coastal,11,3,27.27,True,13.64,Ian,Before
US1FLSS0022,26.9865,-82.3654,ENGLEWOOD 2.0 NNW,11,0,0.0,0.41290867169389006,Coastal,11,3,27.27,True,13.64,Ian,Before
US1FLSS0034,27.0545,-82.1527,NORTH PORT 2.6 E,11,0,0.0,1.1890098769392479,Coastal,11,3,27.27,True,13.64,Ian,Before
US1FLSS0040,27.0315,-82.4121,VENICE 4.8 SSE,11,0,0.0,3.32079536057142,Coastal,11,3,27.27,True,13.64,Ian,Before
US1FLSS0047,27.3401,-82.5235,SARASOTA 1.4 E,11,10,90.91,0.0,Coastal,1,1,100.0,True,95.46,Ian,Before
US1FLSS0052,27.2779,-82.5501,SARASOTA 4.0 S,11,1,9.09,0.0,Coastal,10,3,30.0,True,19.55,Ian,Before
US1FLSS0053,27.0751,-82.2137,NORTH PORT 2.1 NNW,11,10,90.91,6.899270400582378,Coastal,1,1,100.0,True,95.46,Ian,Before
US1FLSS0056,27.0362,-82.1381,NORTH PORT 3.6 ESE,11,2,18.18,0.0,Coastal,9,1,11.11,False,14.64,Ian,Before
US1FLSS0059,27.041,-82.1276,NORTH PORT 4.2 E,11,0,0.0,0.0,Coastal,11,3,27.27,True,13.64,Ian,Before
US1FLSS0062,27.2286,-82.4619,VAMO 2.1 E,11,10,90.91,0.6687248201051226,Coastal,1,1,100.0,True,95.46,Ian,Before
US1FLSS0063,27.3622,-82.4746,SARASOTA 4.8 ENE,11,0,0.0,0.0,Coastal,11,3,27.27,True,13.64,Ian,Before
US1FLSS0065,27.1278,-82.3793,NOKOMIS 3.6 E,11,9,81.82,2.843749186452745,Coastal,2,2,100.0,True,90.91,Ian,Before
US1FLSS0067,26.997,-82.3586,ENGLEWOOD 2.6 N,11,11,100.0,0.7299609722031669,Coastal,0,0,0.0,True,50.0,Ian,Before
US1FLSS0069,27.2966,-82.4311,LAKE SARASOTA 0.5 NE,11,11,100.0,0.1205572902232303,Coastal,0,0,0.0,True,50.0,Ian,Before
US1FLSS0071,27.0387,-82.1518,NORTH PORT 2.8 ESE,11,0,0.0,0.0,Coastal,11,3,27.27,True,13.64,Ian,Before
US1FLSS0073,27.3193,-82.4086,SARASOTA SPRINGS 4.4 E,11,0,0.0,1.68346107626782,Coastal,11,3,27.27,True,13.64,Ian,Before
US1FLSS0075,27.0771,-82.2105,NORTH PORT 2.1 NNW,11,0,0.0,6.816248835765058,Coastal,11,3,27.27,True,13.64,Ian,Before
US1FLSS0077,27.2816,-82.5089,SARASOTA 4.4 SSE,11,1,9.09,0.0,Coastal,10,3,30.0,True,19.55,Ian,Before
US1FLSS0079,27.3305,-82.4653,FRUITVILLE 0.2 SW,11,0,0.0,0.0,Coastal,11,3,27.27,True,13.64,Ian,Before
US1FLSS0080,27.3503,-82.4936,SARASOTA 3.4 ENE,11,2,18.18,0.0,Coastal,9,1,11.11,False,14.64,Ian,Before
US1FLSS0081,27.2635,-82.3126,MYAKKA VALLEY RANCHES 0.8 ENE,11,11,100.0,13.860724352484521,Coastal,0,0,0.0,True,50.0,Ian,Before
US1FLSS0091,27.3114,-82.5152,SARASOTA 2.6 SE,11,11,100.0,0.0,Coastal,0,0,0.0,True,50.0,Ian,Before
US1FLST0007,28.9249,-82.0119,LADY LAKE 5.0 W,11,3,27.27,12.853179194519557,Coastal,8,3,37.5,True,32.38,Ian,Before
US1FLST0008,28.931,-82.006,THE VILLAGES 3.5 WSW,11,6,54.55,12.88782802051894,Coastal,5,1,20.0,True,37.28,Ian,Before
US1FLST0009,28.8699,-81.9544,LADY LAKE 4.3 SSW,11,0,0.0,3.6756355572321184,Coastal,11,3,27.27,True,13.64,Ian,Before
US1FLST0012,28.8687,-81.9842,THE VILLAGES 4.8 SSW,11,0,0.0,6.860156604864632,Coastal,11,3,27.27,True,13.64,Ian,Before
US1FLST0013,28.9003,-81.973,THE VILLAGES 2.7 NNW,11,11,100.0,7.534312861820551,Coastal,0,0,0.0,True,50.0,Ian,Before
US1FLST0014,28.8916,-81.9745,THE VILLAGES 3.3 SSE,11,10,90.91,6.966214502527017,Coastal,1,0,0.0,True,45.46,Ian,Before
US1FLST0026,28.9033,-81.9658,THE VILLAGES 2.8 ESE,11,0,0.0,7.25297128116936,Coastal,11,3,27.27,True,13.64,Ian,Before
US1FLST0031,28.8937,-81.9979,THE VILLAGES 2.3 S,11,11,100.0,9.336966759078098,Coastal,0,0,0.0,True,50.0,Ian,Before
US1FLST0032,28.9197,-81.9995,LADY LAKE 4.3 W,11,0,0.0,11.376567593009558,Coastal,11,3,27.27,True,13.64,Ian,Before
US1FLST0035,28.9207,-82.0458,OXFORD 0.8 SW,11,0,0.0,15.661787832230088,Coastal,11,3,27.27,True,13.64,Ian,Before
US1FLST0037,28.8517,-81.9889,THE VILLAGES 5.3 S,11,1,9.09,7.35455252787164,Coastal,10,2,20.0,True,14.54,Ian,Before
US1FLST0038,28.8754,-82.0004,WILDWOOD 2.8 ENE,11,11,100.0,8.794588514286303,Coastal,0,0,0.0,True,50.0,Ian,Before
US1FLSW0001,30.2985,-82.9818,LIVE OAK 0.4 NE,11,0,0.0,34.469480256340944,Coastal,11,1,9.09,False,4.54,Ian,Before
US1FLSW0008,30.3067,-83.1533,LIVE OAK 10.0 W,11,0,0.0,48.040733453897694,Coastal,11,0,0.0,False,0.0,Ian,Before
US1FLSW0011,30.233,-82.9389,LIVE OAK 5.1 SSE,11,0,0.0,27.10097685863241,Coastal,11,2,18.18,False,9.09,Ian,Before
US1FLSW0014,30.38,-82.9366,SUWANNEE SPRINGS 0.9 S,11,0,0.0,36.37226262855714,Coastal,11,3,27.27,True,13.64,Ian,Before
US1FLTY0004,30.0803,-83.5864,PERRY 2.0 S,11,11,100.0,82.68523659929136,Rural,0,0,0.0,True,50.0,Ian,Before
US1FLVL0001,29.0314,-80.8947,NEW SMYRNA BEACH 1.5 E,11,0,0.0,0.0,Coastal,11,2,18.18,False,9.09,Ian,Before
US1FLVL0003,29.087,-81.344,DE LAND 4.5 NW,11,0,0.0,3.195160810744759,Coastal,11,3,27.27,True,13.64,Ian,Before
US1FLVL0005,29.265,-81.0472,ORMOND BEACH 3.5 SE,11,0,0.0,0.0,Coastal,11,3,27.27,True,13.64,Ian,Before
US1FLVL0006,29.0019,-80.9098,EDGEWATER 2.4 N,11,11,100.0,2.4180347935399995,Coastal,0,0,0.0,True,50.0,Ian,Before
US1FLVL0009,29.0995,-81.3569,DE LAND 5.7 NW,11,0,0.0,4.998616714502412,Coastal,11,2,18.18,False,9.09,Ian,Before
US1FLVL0021,29.0374,-81.3299,DELAND 2.0 W,11,11,100.0,0.0,Coastal,0,0,0.0,True,50.0,Ian,Before
US1FLVL0024,29.1344,-81.3626,DE LEON SPRINGS 1.3 NNW,11,0,0.0,7.671722572374765,Coastal,11,3,27.27,True,13.64,Ian,Before
US1FLVL0029,29.0662,-80.915,NEW SMYRNA BEACH 2.3 N,11,0,0.0,0.37612378873691305,Coastal,11,2,18.18,False,9.09,Ian,Before
US1FLVL0030,28.9873,-80.9082,EDGEWATER 1.4 N,11,9,81.82,4.284451721490893,Coastal,2,2,100.0,True,90.91,Ian,Before
US1FLVL0037,29.065,-81.0307,PORT ORANGE 3.4 SSW,11,4,36.36,5.170810647288891,Coastal,7,0,0.0,True,18.18,Ian,Before
US1FLVL0038,28.8606,-80.8712,OAK HILL 2.8 WSW,11,1,9.09,20.75832523446507,Coastal,10,1,10.0,False,9.54,Ian,Before
US1FLVL0040,28.9662,-80.906,EDGEWATER 0.1 SW,11,0,0.0,6.979948220501387,Coastal,11,2,18.18,False,9.09,Ian,Before
US1FLVL0042,29.1494,-80.9696,DAYTONA BEACH SHORES 1.8 SSE,11,0,0.0,1.2512505553100046,Coastal,11,1,9.09,False,4.54,Ian,Before
US1FLVL0044,29.1,-81.0528,PORT ORANGE 2.9 WSW,11,0,0.0,2.438980496273974,Coastal,11,0,0.0,False,0.0,Ian,Before
US1FLVL0051,28.9021,-81.2945,DE BARY 1.7 NE,11,0,0.0,0.0,Coastal,11,1,9.09,False,4.54,Ian,Before
US1FLVL0057,29.0688,-80.959,NEW SMYRNA BEACH 3.4 NW,11,11,100.0,0.14083792970094813,Coastal,0,0,0.0,True,50.0,Ian,Before
US1FLVL0059,29.0436,-80.974,NEW SMYRNA BEACH 3.4 WNW,11,10,90.91,0.9818952420378666,Coastal,1,0,0.0,True,45.46,Ian,Before
US1FLVL0060,29.1452,-80.996,PORT ORANGE 2.5 NNE,11,0,0.0,0.0,Coastal,11,1,9.09,False,4.54,Ian,Before
US1FLVL0061,29.3621,-81.0754,ORMOND BEACH 4.8 NNE,11,0,0.0,2.695323404685291,Coastal,11,1,9.09,False,4.54,Ian,Before
US1FLVL0062,29.1122,-81.007,PORT ORANGE 0.2 NNW,11,0,0.0,0.0,Coastal,11,1,9.09,False,4.54,Ian,Before
US1FLVL0063,29.3421,-81.0671,ORMOND-BY-THE-SEA 0.1 SSE,11,0,0.0,0.3577981816246739,Coastal,11,1,9.09,False,4.54,Ian,Before
US1FLVL0067,28.9546,-81.1972,DELTONA 3.2 NNE,11,11,100.0,4.212678850413817,Coastal,0,0,0.0,True,50.0,Ian,Before
US1FLVL0070,29.0293,-81.2925,DE LAND 0.6 SSE,11,0,0.0,0.0,Coastal,11,3,27.27,True,13.64,Ian,Before
US1FLVL0071,29.1278,-81.3004,DE LEON SPRINGS 3.2 ENE,11,0,0.0,4.597077074986443,Coastal,11,3,27.27,True,13.64,Ian,Before
US1FLVL0072,29.0544,-80.9053,NEW SMYRNA BEACH 1.6 NNE,11,11,100.0,0.006229694879188832,Coastal,0,0,0.0,True,50.0,Ian,Before
US1FLVL0073,29.2641,-81.0694,ORMOND BEACH 2.6 SE,11,0,0.0,0.0,Coastal,11,3,27.27,True,13.64,Ian,Before
US1FLVL0075,28.9644,-80.9048,EDGEWATER 0.2 S,11,0,0.0,7.222478248998729,Coastal,11,1,9.09,False,4.54,Ian,Before
US1FLVL0077,29.0318,-80.984,NEW SMYRNA BEACH 3.9 W,11,8,72.73,2.0107980836871318,Coastal,3,1,33.33,True,53.03,Ian,Before
US1FLVL0081,29.3321,-81.0643,ORMOND-BY-THE-SEA 0.8 SSE,11,0,0.0,0.0,Coastal,11,1,9.09,False,4.54,Ian,Before
US1FLVL0082,29.2693,-81.0335,ORMOND BEACH 4.1 ESE,11,6,54.55,0.0,Coastal,5,0,0.0,True,27.28,Ian,Before
US1FLVL0083,28.9818,-81.28,DE LAND 3.9 SSE,11,1,9.09,1.1219223797274418,Coastal,10,2,20.0,True,14.54,Ian,Before
US1FLVL0084,28.9789,-81.2353,LAKE HELEN 0.4 SW,11,0,0.0,3.813857719525417,Coastal,11,1,9.09,False,4.54,Ian,Before
US1FLVL0086,29.1074,-81.3287,DE LEON SPRINGS 1.6 ESE,11,0,0.0,2.5664589744489232,Coastal,11,3,27.27,True,13.64,Ian,Before
US1FLVL0087,29.1209,-81.0104,PORT ORANGE 0.8 NNW,11,1,9.09,0.0,Coastal,10,1,10.0,False,9.54,Ian,Before
US1FLVL0088,29.0802,-81.0817,PORT ORANGE 5.0 WSW,11,11,100.0,6.523442060885437,Coastal,0,0,0.0,True,50.0,Ian,Before
US1FLVL0089,29.051,-81.0573,NEW SMYRNA BEACH 8.5 W,11,0,0.0,7.773955872620944,Coastal,11,2,18.18,False,9.09,Ian,Before
US1FLVL0090,28.9707,-81.2341,LAKE HELEN 0.9 S,11,0,0.0,2.7698555253315895,Coastal,11,1,9.09,False,4.54,Ian,Before
US1FLVL0091,29.0772,-81.3476,DELAND 4.2 NW,11,0,0.0,3.1594234564174712,Coastal,11,4,36.36,True,18.18,Ian,Before
US1FLVL0099,29.3063,-81.0645,ORMOND BEACH 2.0 ENE,11,0,0.0,0.0,Coastal,11,2,18.18,False,9.09,Ian,Before
US1FLVL0100,28.8606,-81.1132,OSTEEN 3.2 ENE,11,7,63.64,15.717193530984922,Coastal,4,0,0.0,True,31.82,Ian,Before
US1FLVL0101,29.0423,-80.9397,NEW SMYRNA BEACH 1.4 WNW,11,1,9.09,0.0,Coastal,10,2,20.0,True,14.54,Ian,Before
US1FLVL0103,28.9459,-81.2732,ORANGE CITY 1.4 ENE,11,1,9.09,0.9894030734643987,Coastal,10,1,10.0,False,9.54,Ian,Before
US1FLVL0104,29.2625,-81.1483,ORMOND BEACH 3.9 SW,11,3,27.27,1.5088832416398137,Coastal,8,1,12.5,False,19.88,Ian,Before
US1FLVL0105,29.241,-81.445,PIERSON 1.0 ENE,11,0,0.0,23.93847732211114,Coastal,11,3,27.27,True,13.64,Ian,Before
US1GAAP0005,31.774,-82.3472,BAXLEY 0.7 NNE,11,4,36.36,52.50450436708015,Rural,7,1,14.29,True,25.32,Ian,Before
US1GAAP0006,31.7899,-82.3927,BAXLEY 3.0 NW,11,0,0.0,54.19376305485127,Rural,11,0,0.0,False,0.0,Ian,Before
US1GAAP0007,31.6328,-82.271,BAXLEY 10.3 SSE,11,0,0.0,40.367394592576,Coastal,11,1,9.09,False,4.54,Ian,Before
US1GAAT0002,31.3382,-82.8172,PEARSON 3.5 NE,11,11,100.0,20.642232212867516,Coastal,0,0,0.0,True,50.0,Ian,Before
US1GABB0006,32.8931,-83.7303,MACON 5.8 NW,11,9,81.82,0.0,Coastal,2,1,50.0,True,65.91,Ian,Before
US1GABB0016,32.8383,-83.5482,MACON 6.3 E,11,0,0.0,0.8944754729741522,Coastal,11,2,18.18,False,9.09,Ian,Before
US1GABB0019,32.8671,-83.6343,MACON 2.5 NNE,11,0,0.0,0.0,Coastal,11,1,9.09,False,4.54,Ian,Before
US1GABB0021,32.8713,-83.6312,MACON 2.8 NNE,11,11,100.0,0.0,Coastal,0,0,0.0,True,50.0,Ian,Before
US1GABB0022,32.8613,-83.6322,MACON 2.2 NE,11,9,81.82,0.0,Coastal,2,1,50.0,True,65.91,Ian,Before
US1GABD0001,32.9972,-83.1998,MILLEDGEVILLE 6.5 SSE,11,0,0.0,8.03278840846314,Coastal,11,3,27.27,True,13.64,Ian,Before
US1GABD0005,33.0978,-83.2389,MILLEDGEVILLE 0.9 N,11,0,0.0,0.0,Coastal,11,3,27.27,True,13.64,Ian,Before
US1GABK0001,33.0601,-82.0573,WAYNESBORO 3.3 SW,11,2,18.18,36.99613129103213,Coastal,9,0,0.0,False,9.09,Ian,Before
US1GABR0002,31.9455,-81.3002,RICHMOND HILL 0.5 NE,11,0,0.0,0.0,Coastal,11,0,0.0,False,0.0,Ian,Before
US1GABR0005,31.8871,-81.205,RICHMOND HILL 7.0 ESE,11,1,9.09,12.119505202921008,Coastal,10,1,10.0,False,9.54,Ian,Before
US1GABR0009,31.8484,-81.3123,RICHMOND HILL 6.3 S,11,2,18.18,12.099702601102846,Coastal,9,2,22.22,True,20.2,Ian,Before
US1GABR0011,31.8522,-81.2868,RICHMOND HILL 6.2 S,11,11,100.0,12.066995461643574,Coastal,0,0,0.0,True,50.0,Ian,Before
US1GABU0013,32.5059,-81.7781,STATESBORO 4.4 N,11,0,0.0,2.83369909653597,Coastal,11,2,18.18,False,9.09,Ian,Before
US1GABU0015,32.36,-81.7731,STATESBORO 5.7 S,11,11,100.0,6.074712791469781,Coastal,0,0,0.0,True,50.0,Ian,Before
US1GABU0016,32.2996,-81.5694,BROOKLET 8.5 SE,11,5,45.45,26.37016970953206,Coastal,6,1,16.67,True,31.06,Ian,Before
US1GABU0018,32.2776,-81.8016,STATESBORO 11.5 S,11,11,100.0,16.680951929586573,Coastal,0,0,0.0,True,50.0,Ian,Before
US1GABU0021,32.2191,-81.768,NEVILS 3.1 S,11,0,0.0,24.453601095552333,Coastal,11,1,9.09,False,4.54,Ian,Before
US1GABW0007,33.9787,-83.7103,WINDER 1.1 SE,11,11,100.0,0.4061559671616925,Coastal,0,0,0.0,True,50.0,Ian,Before
US1GABW0013,33.9474,-83.7491,BETHLEHEM 2.4 WNW,11,11,100.0,5.2297490121803,Coastal,0,0,0.0,True,50.0,Ian,Before
US1GABY0001,31.12,-81.93,NAHUNTA 6 S,11,0,0.0,45.11901629807477,Coastal,11,0,0.0,False,0.0,Ian,Before
US1GACD0002,32.4972,-82.0502,METTER 7.0 N,11,10,90.91,26.488520987753763,Coastal,1,1,100.0,True,95.46,Ian,Before
US1GACF0001,31.4912,-82.8908,DOUGLAS 2.5 WSW,11,0,0.0,1.7215548756008396,Coastal,11,1,9.09,False,4.54,Ian,Before
US1GACF0009,31.4345,-82.8344,DOUGLAS 5.0 SSE,11,11,100.0,8.002798914939076,Coastal,0,0,0.0,True,50.0,Ian,Before
US1GACH0003,30.8198,-82.0192,FOLKSTON 1.3 SSW,11,11,100.0,36.64450479653087,Coastal,0,0,0.0,True,50.0,Ian,Before
US1GACH0006,30.8655,-82.0256,HOMELAND 0.7 N,11,0,0.0,37.91612892090231,Coastal,11,0,0.0,False,0.0,Ian,Before
US1GACI0003,31.0347,-82.7529,HOMERVILLE 0.1 SSE,11,0,0.0,42.47721824458017,Coastal,11,0,0.0,False,0.0,Ian,Before
US1GACK0006,33.9152,-83.3294,ATHENS 4.6 SE,11,0,0.0,0.0,Coastal,11,3,27.27,True,13.64,Ian,Before
US1GACK0010,33.9055,-83.3448,ATHENS 4.5 SE,11,0,0.0,1.238863275544718,Coastal,11,3,27.27,True,13.64,Ian,Before
US1GACK0011,33.8625,-83.3089,ATHENS 7.6 SE,11,0,0.0,7.180787527451246,Coastal,11,2,18.18,False,9.09,Ian,Before
US1GACK0012,33.9597,-83.3855,ATHENS 0.6 ENE,11,0,0.0,0.0,Coastal,11,3,27.27,True,13.64,Ian,Before
US1GACK0017,33.9841,-83.4378,ATHENS 3.2 NW,11,2,18.18,0.0,Coastal,9,3,33.33,True,25.76,Ian,Before
US1GACK0027,33.9848,-83.4504,ATHENS 3.8 WNW,11,4,36.36,0.0,Coastal,7,2,28.57,True,32.47,Ian,Before
US1GACK0029,33.9106,-83.3622,ATHENS 3.6 SSE,11,11,100.0,0.5547974798949435,Coastal,0,0,0.0,True,50.0,Ian,Before
US1GACK0030,33.8946,-83.2873,GAINES SCHOOL 3.7 SE,11,0,0.0,4.811818933330615,Coastal,11,3,27.27,True,13.64,Ian,Before
US1GACK0031,33.9836,-83.4466,ATHENS 3.6 WNW,11,11,100.0,0.0,Coastal,0,0,0.0,True,50.0,Ian,Before
US1GACK0038,33.9264,-83.3192,ATHENS 4.7 ESE,11,0,0.0,0.04436330458054966,Coastal,11,3,27.27,True,13.64,Ian,Before
US1GACM0004,30.8194,-81.6259,KINGSLAND 2.9 NE,11,11,100.0,2.19367880675312,Coastal,0,0,0.0,True,50.0,Ian,Before
US1GACM0014,30.8182,-81.6204,KINGSLAND 3.1 NE,11,0,0.0,2.4004031049257453,Coastal,11,0,0.0,False,0.0,Ian,Before
US1GACM0018,30.7866,-81.6818,KINGSLAND 1.2 WSW,11,0,0.0,0.9019078064890385,Coastal,11,0,0.0,False,0.0,Ian,Before
US1GACM0019,30.7237,-81.5472,ST. MARYS 3.0 SE,11,0,0.0,4.6568330734905805,Coastal,11,0,0.0,False,0.0,Ian,Before
US1GACM0020,30.7442,-81.5742,ST. MARYS 1.0 S,11,1,9.09,0.8949450689203601,Coastal,10,0,0.0,False,4.54,Ian,Before
US1GACM0021,30.7406,-81.6043,ST. MARYS 2.1 SW,11,0,0.0,1.8838256529036663,Coastal,11,0,0.0,False,0.0,Ian,Before
US1GACO0003,31.1135,-83.4116,ADEL 1.9 SSE,11,0,0.0,28.92240655315939,Coastal,11,0,0.0,False,0.0,Ian,Before
US1GACP0002,31.8746,-83.9104,CORDELE 10.4 SW,11,11,100.0,16.744992378619827,Coastal,0,0,0.0,True,50.0,Ian,Before
US1GACQ0002,31.116,-83.8577,MOULTRIE 6.2 SW,11,2,18.18,8.974988747172675,Coastal,9,0,0.0,False,9.09,Ian,Before
US1GACQ0012,31.2588,-83.8799,MOULTRIE 9.1 NW,11,0,0.0,11.426710869715581,Coastal,11,0,0.0,False,0.0,Ian,Before
US1GACQ0013,31.1849,-83.7585,MOULTRIE 1.4 NNE,11,0,0.0,0.4587778020109856,Coastal,11,0,0.0,False,0.0,Ian,Before
US1GACT0001,32.1219,-81.2531,POOLER 1.2 NNE,11,0,0.0,0.0,Coastal,11,0,0.0,False,0.0,Ian,Before
US1GACT0003,31.9689,-81.1463,SAVANNAH 3.9 SSW,11,0,0.0,0.0,Coastal,11,0,0.0,False,0.0,Ian,Before
US1GACT0015,31.9433,-81.1587,COFFEE BLUFF,11,11,100.0,3.3897721163681513,Coastal,0,0,0.0,True,50.0,Ian,Before
US1GACT0017,31.9426,-81.0262,SKIDAWAY ISLAND 1.3 ENE,11,6,54.55,8.84863311274658,Coastal,5,0,0.0,True,27.28,Ian,Before
US1GACT0019,31.9428,-81.0368,SKIDAWAY ISLAND 0.8 NE,11,1,9.09,7.946284710301889,Coastal,10,0,0.0,False,4.54,Ian,Before
US1GACT0028,32.1177,-81.1519,GARDEN CITY 1.2 NNE,11,7,63.64,0.0,Coastal,4,0,0.0,True,31.82,Ian,Before
US1GACT0036,31.9425,-81.1596,SAVANNAH 5.9 SSW,11,0,0.0,3.5156654274247643,Coastal,11,0,0.0,False,0.0,Ian,Before
US1GACT0037,32.0187,-80.85,TYBEE ISLAND 0.7 NNE,11,0,0.0,19.98288255248969,Coastal,11,1,9.09,False,4.54,Ian,Before
US1GACT0038,31.9613,-81.1494,SAVANNAH 4.5 SSW,11,0,0.0,0.9080534549588369,Coastal,11,0,0.0,False,0.0,Ian,Before
US1GACT0040,31.9155,-81.0755,SAVANNAH 8.2 SSE,11,0,0.0,7.771809807407376,Coastal,11,0,0.0,False,0.0,Ian,Before
US1GACT0055,32.0288,-81.1601,SAVANNAH 1.7 W,11,0,0.0,0.0,Coastal,11,0,0.0,False,0.0,Ian,Before
US1GACT0057,32.0006,-81.0569,SAVANNAH 4.7 ESE,11,0,0.0,1.3243188809047726,Coastal,11,0,0.0,False,0.0,Ian,Before
US1GACT0060,31.9935,-81.1448,SAVANNAH 2.3 SSW,11,0,0.0,0.0,Coastal,11,0,0.0,False,0.0,Ian,Before
US1GACT0061,32.0709,-81.1882,SAVANNAH 4.6 NW,11,0,0.0,0.0,Coastal,11,0,0.0,False,0.0,Ian,Before
US1GACT0064,32.016,-80.9546,SAVANNAH 10.4 E,11,0,0.0,9.563468658529484,Coastal,11,0,0.0,False,0.0,Ian,Before
US1GACT0067,32.0639,-81.3561,BLOOMINGDALE 4.7 SW,11,0,0.0,11.89701296367973,Coastal,11,0,0.0,False,0.0,Ian,Before
US1GACT0074,31.9886,-81.0943,SAVANNAH 3.3 SE,11,11,100.0,0.0,Coastal,0,0,0.0,True,50.0,Ian,Before
US1GACT0077,32.047,-81.2364,SAVANNAH 6.3 WNW,11,2,18.18,4.9692725802039135,Coastal,9,0,0.0,False,9.09,Ian,Before
US1GACT0078,32.049,-81.0054,SAVANNAH 7.6 ENE,11,11,100.0,2.44152035450361,Coastal,0,0,0.0,True,50.0,Ian,Before
US1GACT0079,32.0481,-81.0873,SAVANNAH 3.1 ENE,11,3,27.27,0.0,Coastal,8,0,0.0,False,13.64,Ian,Before
US1GACT0080,32.006,-80.9691,SAVANNAH 9.6 E,11,11,100.0,9.218675298806742,Coastal,0,0,0.0,True,50.0,Ian,Before
US1GACT0083,32.0672,-81.2132,SAVANNAH 5.6 WNW,11,11,100.0,1.700851281053046,Coastal,0,0,0.0,True,50.0,Ian,Before
US1GACT0089,31.9261,-81.0621,SAVANNAH 7.9 SSE,11,0,0.0,7.2788002446796085,Coastal,11,0,0.0,False,0.0,Ian,Before
US1GACT0092,31.9536,-81.1,SAVANNAH 5.2 SSE,11,11,100.0,2.2120446039696144,Coastal,0,0,0.0,True,50.0,Ian,Before
US1GACT0096,32.1165,-81.2468,POOLER 1.0 NE,11,11,100.0,0.0,Coastal,0,0,0.0,True,50.0,Ian,Before
US1GACT0098,32.0027,-81.1536,SAVANNAH 2.0 SW,11,0,0.0,0.0,Coastal,11,0,0.0,False,0.0,Ian,Before
US1GACT0099,31.9408,-81.1042,SAVANNAH 6.0 SSE,11,0,0.0,3.766617803301079,Coastal,11,0,0.0,False,0.0,Ian,Before
US1GACU0001,33.5152,-82.0988,MARTINEZ 0.7 WSW,11,1,9.09,0.0,Coastal,10,1,10.0,False,9.54,Ian,Before
US1GACU0003,33.5418,-82.158,EVANS 2.1 NNW,11,0,0.0,0.0,Coastal,11,0,0.0,False,0.0,Ian,Before
US1GACU0006,33.5293,-82.0978,MARTINEZ 0.9 NW,11,0,0.0,0.0,Coastal,11,1,9.09,False,4.54,Ian,Before
US1GACU0009,33.5298,-82.2873,APPLING 2.0 SE,11,0,0.0,12.599444628061093,Coastal,11,1,9.09,False,4.54,Ian,Before
US1GACU0011,33.4212,-82.2096,GROVETOWN 2.0 SSW,11,0,0.0,1.8218132542177061,Coastal,11,1,9.09,False,4.54,Ian,Before
US1GACU0013,33.5566,-82.1364,EVANS 3.0 N,11,2,18.18,0.0,Coastal,9,0,0.0,False,9.09,Ian,Before
US1GACU0014,33.5096,-82.2324,GROVETOWN 4.5 NNW,11,4,36.36,6.733020920167704,Coastal,7,0,0.0,True,18.18,Ian,Before
US1GACU0018,33.5443,-82.2223,EVANS 4.9 WNW,11,11,100.0,5.22754810082656,Coastal,0,0,0.0,True,50.0,Ian,Before
US1GACU0021,33.5504,-82.0528,MARTINEZ 3.0 NE,11,0,0.0,0.0,Coastal,11,1,9.09,False,4.54,Ian,Before
US1GACU0026,33.5092,-82.133,MARTINEZ 2.7 WSW,11,11,100.0,0.0,Coastal,0,0,0.0,True,50.0,Ian,Before
US1GACU0029,33.5513,-82.2263,EVANS 5.3 WNW,11,11,100.0,5.593419025830523,Coastal,0,0,0.0,True,50.0,Ian,Before
US1GADG0004,32.0791,-83.0949,CHAUNCEY 2.6 SW,11,0,0.0,61.7520585554081,Rural,11,2,18.18,False,9.09,Ian,Before
US1GADG0005,32.2058,-83.1456,EASTMAN 2.1 ENE,11,3,27.27,47.952939006862756,Coastal,8,2,25.0,True,26.14,Ian,Before
US1GADG0009,32.1998,-83.2568,EASTMAN 4.5 W,11,0,0.0,54.88822657450082,Rural,11,2,18.18,False,9.09,Ian,Before
US1GAEF0013,32.2704,-81.3921,MARLOW 0.0 S,11,0,0.0,21.30149948873392,Coastal,11,0,0.0,False,0.0,Ian,Before
US1GAEF0017,32.367,-81.2673,SPRINGFIELD 2.4 E,11,0,0.0,23.637377334136783,Coastal,11,1,9.09,False,4.54,Ian,Before
US1GAEF0018,32.3649,-81.2093,RINCON 5.3 NNE,11,0,0.0,22.680309384318814,Coastal,11,1,9.09,False,4.54,Ian,Before
US1GAEF0021,32.1943,-81.2754,GUYTON 12.0 SE,11,0,0.0,5.044145110314001,Coastal,11,1,9.09,False,4.54,Ian,Before
US1GAEF0022,32.2065,-81.2805,GUYTON 11.1 SE,11,0,0.0,6.3160208128483095,Coastal,11,1,9.09,False,4.54,Ian,Before
US1GAEL0006,33.9896,-82.7391,FORTSONIA 3.1 SE,11,10,90.91,64.70388749362068,Rural,1,0,0.0,True,45.46,Ian,Before
US1GAEM0004,32.5878,-82.351,SWAINSBORO 0.9 W,11,0,0.0,0.2859241328494053,Coastal,11,0,0.0,False,0.0,Ian,Before
US1GAEM0005,32.5471,-82.317,SWAINSBORO 4.5 SSE,11,0,0.0,4.611599625504419,Coastal,11,1,9.09,False,4.54,Ian,Before
US1GAEV0001,32.1932,-81.9684,BELLVILLE 2.8 N,11,0,0.0,34.11442476191227,Coastal,11,1,9.09,False,4.54,Ian,Before
US1GAEV0005,32.1576,-81.9156,CLAXTON 0.5 WSW,11,7,63.64,35.30677821381896,Coastal,4,1,25.0,True,44.32,Ian,Before
US1GAGE0001,33.4145,-83.2168,GREENSBORO 11.2 S,11,2,18.18,36.66801589104274,Coastal,9,3,33.33,True,25.76,Ian,Before
US1GAGE0005,33.5072,-83.2798,BUCKHEAD 6.4 SE,11,0,0.0,48.987894186594446,Coastal,11,3,27.27,True,13.64,Ian,Before
US1GAGE0006,33.5664,-83.1927,GREENSBORO 0.7 SW,11,8,72.73,48.838050681649335,Coastal,3,1,33.33,True,53.03,Ian,Before
US1GAGN0005,31.1641,-81.3964,ST. SIMONS 1.1 SW,11,3,27.27,8.486015374845955,Coastal,8,0,0.0,False,13.64,Ian,Before
US1GAGN0007,31.0702,-81.4104,JEKYLL ISLAND 0.6 E,11,0,0.0,13.501493575720863,Coastal,11,1,9.09,False,4.54,Ian,Before
US1GAGN0015,31.1373,-81.386,ST. SIMONS 2.7 S,11,11,100.0,10.374727728075868,Coastal,0,0,0.0,True,50.0,Ian,Before
US1GAGW0023,33.9572,-83.9024,DACULA 2.1 SSW,11,11,100.0,4.55447831949635,Coastal,0,0,0.0,True,50.0,Ian,Before
US1GAGW0039,33.9498,-83.8297,BETHLEHEM 7.0 W,11,11,100.0,11.476191987451248,Coastal,0,0,0.0,True,50.0,Ian,Before
US1GAGW0050,33.8622,-83.9184,LOGANVILLE 2.3 NW,11,2,18.18,6.460163937077864,Coastal,9,3,33.33,True,25.76,Ian,Before
US1GAGW0055,33.9449,-83.8472,DACULA 3.6 SE,11,5,45.45,10.564070848895913,Coastal,6,0,0.0,True,22.72,Ian,Before
US1GAGW0065,33.966,-83.9278,LAWRENCEVILLE 3.9 ENE,11,0,0.0,1.552164077948047,Coastal,11,3,27.27,True,13.64,Ian,Before
US1GAHS0003,32.6119,-83.6359,WARNER ROBINS 0.3 W,11,0,0.0,0.0,Coastal,11,1,9.09,False,4.54,Ian,Before
US1GAHS0005,32.5448,-83.6481,BONAIRE 3.0 W,11,2,18.18,4.8555148990169705,Coastal,9,0,0.0,False,9.09,Ian,Before
US1GAHS0011,32.364,-83.5958,HAWKINSVILLE 9.1 NW,11,0,0.0,18.243379596810417,Coastal,11,2,18.18,False,9.09,Ian,Before
US1GAHS0012,32.4727,-83.7288,PERRY 0.8 NE,11,11,100.0,0.0,Coastal,0,0,0.0,True,50.0,Ian,Before
US1GAHS0015,32.4441,-83.6915,PERRY 3.0 ESE,11,11,100.0,3.534008824447937,Coastal,0,0,0.0,True,50.0,Ian,Before
US1GAHS0016,32.5256,-83.6312,KATHLEEN 2.5 NW,11,0,0.0,7.394727624430574,Coastal,11,2,18.18,False,9.09,Ian,Before
US1GAHS0024,32.6485,-83.7242,BYRON 2.0 E,11,0,0.0,2.607974261468385,Coastal,11,2,18.18,False,9.09,Ian,Before
US1GAHS0027,32.6062,-83.653,WARNER ROBINS 1.3 WSW,11,0,0.0,0.0,Coastal,11,2,18.18,False,9.09,Ian,Before
US1GAJK0004,32.7862,-82.1303,MIDVILLE 6.6 ESE,11,9,81.82,31.461979868678867,Coastal,2,1,50.0,True,65.91,Ian,Before
US1GAJN0006,32.8766,-83.5492,MACON 6.8 ENE,11,0,0.0,1.7154778616485127,Coastal,11,0,0.0,False,0.0,Ian,Before
US1GAJN0007,33.0051,-83.5396,GRAY 0.3 SW,11,1,9.09,15.220811037829685,Coastal,10,2,20.0,True,14.54,Ian,Before
US1GALB0004,31.818,-81.3744,MIDWAY 3.3 ENE,11,0,0.0,15.958168170867582,Coastal,11,0,0.0,False,0.0,Ian,Before
US1GALB0006,31.8347,-81.3749,MIDWAY 3.8 NE,11,0,0.0,13.83433048506482,Coastal,11,0,0.0,False,0.0,Ian,Before
US1GALB0010,31.7003,-81.2471,MIDWAY 12.7 ESE,11,0,0.0,32.422005449121066,Coastal,11,0,0.0,False,0.0,Ian,Before
US1GALB0011,31.8635,-81.5942,HINESVILLE 2.2 N,11,1,9.09,0.0,Coastal,10,1,10.0,False,9.54,Ian,Before
US1GALC0002,33.9767,-82.6225,TIGNALL 10.2 NE,11,2,18.18,54.703259480183924,Rural,9,2,22.22,True,20.2,Ian,Before
US1GALN0003,31.0361,-83.1565,LAKELAND 4.8 W,11,9,81.82,22.44517885791008,Coastal,2,0,0.0,True,40.91,Ian,Before
US1GALR0001,32.4642,-82.9861,DUBLIN 6.3 SW,11,0,0.0,9.789241832704132,Coastal,11,2,18.18,False,9.09,Ian,Before
US1GALW0004,30.683,-83.236,LAKE PARK 2.8 W,11,0,0.0,0.0,Coastal,11,0,0.0,False,0.0,Ian,Before
US1GALW0007,30.8302,-83.3553,VALDOSTA 4.8 WSW,11,8,72.73,2.281080678048943,Coastal,3,0,0.0,True,36.36,Ian,Before
US1GALW0008,30.8859,-83.2979,VALDOSTA 2.8 NNW,11,0,0.0,0.0,Coastal,11,0,0.0,False,0.0,Ian,Before
US1GALW0010,30.877,-83.2823,VALDOSTA 1.9 N,11,11,100.0,0.0,Coastal,0,0,0.0,True,50.0,Ian,Before
US1GALW0013,30.8456,-83.2779,VALDOSTA 0.3 S,11,6,54.55,0.0,Coastal,5,0,0.0,True,27.28,Ian,Before
US1GALW0014,30.8869,-83.2588,VALDOSTA 2.8 NNE,11,6,54.55,0.5610122234798105,Coastal,5,0,0.0,True,27.28,Ian,Before
US1GALW0015,30.8446,-83.3179,VALDOSTA 2.4 W,11,6,54.55,0.0,Coastal,5,0,0.0,True,27.28,Ian,Before
US1GALW0016,30.9048,-83.3015,VALDOSTA 4.1 NNW,11,6,54.55,0.0,Coastal,5,0,0.0,True,27.28,Ian,Before
US1GALW0017,30.8043,-83.2771,VALDOSTA 3.1 S,11,6,54.55,0.7484141094952362,Coastal,5,0,0.0,True,27.28,Ian,Before
US1GALW0018,30.9145,-83.2522,VALDOSTA 4.8 NNE,11,6,54.55,3.5464588427768247,Coastal,5,0,0.0,True,27.28,Ian,Before
US1GALW0019,30.8474,-83.3292,VALDOSTA 3.0 W,11,6,54.55,0.0,Coastal,5,0,0.0,True,27.28,Ian,Before
US1GALW0024,30.97,-83.2487,VALDOSTA 8.5 NNE,11,2,18.18,9.70363941331369,Coastal,9,0,0.0,False,9.09,Ian,Before
US1GAMD0001,33.4293,-82.5026,THOMSON 2.5 S,11,8,72.73,5.479681434985542,Coastal,3,1,33.33,True,53.03,Ian,Before
US1GAMD0005,33.429,-82.5061,THOMSON 2.6 S,11,0,0.0,5.545537157829439,Coastal,11,1,9.09,False,4.54,Ian,Before
US1GAMD0006,33.5145,-82.4327,THOMSON 5.1 NE,11,11,100.0,6.75867901639539,Coastal,0,0,0.0,True,50.0,Ian,Before
US1GAMG0002,33.6885,-83.5373,MADISON 8.4 NNW,11,11,100.0,32.21726366083819,Coastal,0,0,0.0,True,50.0,Ian,Before
US1GAMG0003,33.5969,-83.4651,MADISON 1.5 NNE,11,7,63.64,38.61301547832035,Coastal,4,1,25.0,True,44.32,Ian,Before
US1GAMG0004,33.5926,-83.5192,MADISON 2.7 WNW,11,11,100.0,32.61381082965914,Coastal,0,0,0.0,True,50.0,Ian,Before
US1GAMI0001,31.6117,-81.3036,RICEBORO 11.4 SE,11,0,0.0,42.88857287245259,Coastal,11,1,9.09,False,4.54,Ian,Before
US1GAMI0002,31.4259,-81.258,SAPELO ISLAND 2.3 NW,11,11,100.0,31.979759333981526,Coastal,0,0,0.0,True,50.0,Ian,Before
US1GAMI0003,31.4247,-81.3958,DARIEN 4.2 NNE,11,11,100.0,23.173452335741917,Coastal,0,0,0.0,True,50.0,Ian,Before
US1GAMI0005,31.5723,-81.3606,TOWNSEND 5.5 SE,11,0,0.0,42.20793273990837,Coastal,11,0,0.0,False,0.0,Ian,Before
US1GAMN0004,33.1553,-83.8222,BERNER 0.4 ENE,11,11,100.0,30.582758500183058,Coastal,0,0,0.0,True,50.0,Ian,Before
US1GAMN0007,33.0363,-83.9593,FORSYTH 1.1 W,11,0,0.0,28.306292155588345,Coastal,11,2,18.18,False,9.09,Ian,Before
US1GAMN0010,32.9143,-83.9416,FORSYTH 8.3 S,11,0,0.0,20.37113455141297,Coastal,11,2,18.18,False,9.09,Ian,Before
US1GAMN0015,32.9218,-83.8207,MACON 11.2 WNW,11,11,100.0,7.54133881459599,Coastal,0,0,0.0,True,50.0,Ian,Before
US1GANW0001,33.5748,-83.8775,COVINGTON 2.4 SW,11,0,0.0,2.5353599824933317,Coastal,11,2,18.18,False,9.09,Ian,Before
US1GANW0007,33.5128,-83.7777,COVINGTON 7.7 SE,11,0,0.0,12.392233869738854,Coastal,11,3,27.27,True,13.64,Ian,Before
US1GAOC0001,33.8844,-83.3914,WATKINSVILLE 1.8 NNE,11,2,18.18,4.306937773281134,Coastal,9,3,33.33,True,25.76,Ian,Before
US1GAOC0002,33.8999,-83.433,ATHENS 4.4 SSW,11,0,0.0,4.42903351036571,Coastal,11,3,27.27,True,13.64,Ian,Before
US1GAOC0005,33.8366,-83.4826,BISHOP 3.0 WNW,11,0,0.0,12.60876230668423,Coastal,11,3,27.27,True,13.64,Ian,Before
US1GAOC0007,33.8689,-83.408,WATKINSVILLE 0.5 N,11,9,81.82,6.859533960089736,Coastal,2,2,100.0,True,90.91,Ian,Before
US1GAOC0009,33.8701,-83.3823,WATKINSVILLE 1.6 ENE,11,0,0.0,5.999457555189813,Coastal,11,3,27.27,True,13.64,Ian,Before
US1GAOC0012,33.9124,-83.4804,WATKINSVILLE 5.4 NW,11,0,0.0,2.5624195548074606,Coastal,11,3,27.27,True,13.64,Ian,Before
US1GAOC0014,33.7994,-83.4776,BISHOP 2.6 WSW,11,0,0.0,17.623768865338526,Coastal,11,2,18.18,False,9.09,Ian,Before
US1GAOC0015,33.8817,-83.509,BOGART 4.7 SSE,11,5,45.45,6.727138662672416,Coastal,6,2,33.33,True,39.39,Ian,Before
US1GAOC0016,33.8019,-83.4784,BISHOP 2.6 WSW,11,0,0.0,17.281682965982885,Coastal,11,2,18.18,False,9.09,Ian,Before
US1GAOC0018,33.8085,-83.4047,WATKINSVILLE 3.7 S,11,0,0.0,14.533087593787993,Coastal,11,3,27.27,True,13.64,Ian,Before
US1GAOG0002,33.8943,-82.9257,RAYLE 7.2 N,11,4,36.36,44.04144130923304,Coastal,7,2,28.57,True,32.47,Ian,Before
US1GAOG0004,33.8858,-83.2282,ARNOLDSVILLE 1.6 SSW,11,11,100.0,11.250994850958984,Coastal,0,0,0.0,True,50.0,Ian,Before
US1GAOG0005,33.9055,-83.218,ARNOLDSVILLE 0.4 S,11,1,9.09,11.653455835923268,Coastal,10,2,20.0,True,14.54,Ian,Before
US1GAOG0007,33.9404,-83.0659,LEXINGTON 5.5 NNE,11,1,9.09,28.224023131395985,Coastal,10,2,20.0,True,14.54,Ian,Before
US1GAOG0010,33.8443,-83.0211,LEXINGTON 5.5 ESE,11,4,36.36,34.91600310651095,Coastal,7,2,28.57,True,32.47,Ian,Before
US1GAOG0012,33.8601,-83.2418,ARNOLDSVILLE 3.7 SSW,11,0,0.0,11.64214464159915,Coastal,11,1,9.09,False,4.54,Ian,Before
US1GAOG0015,33.9995,-83.1847,COLBERT 3.1 SSE,11,0,0.0,15.57956098154584,Coastal,11,2,18.18,False,9.09,Ian,Before
US1GAOG0029,33.8669,-83.1045,LEXINGTON 0.4 ESE,11,3,27.27,25.161786790190423,Coastal,8,3,37.5,True,32.38,Ian,Before
US1GAPE0001,32.5514,-83.8771,FORT VALLEY 0.7 ESE,11,0,0.0,13.718236820560715,Coastal,11,2,18.18,False,9.09,Ian,Before
US1GAPE0003,32.6086,-83.756,BYRON 3.0 S,11,0,0.0,5.4118961192714234,Coastal,11,2,18.18,False,9.09,Ian,Before
US1GAPR0003,31.3032,-82.2402,BLACKSHEAR 0.3 NNE,11,11,100.0,12.952999747923345,Coastal,0,0,0.0,True,50.0,Ian,Before
US1GAPR0005,31.2686,-82.2962,BLACKSHEAR 3.8 WSW,11,11,100.0,5.294242208297615,Coastal,0,0,0.0,True,50.0,Ian,Before
US1GAPT0006,33.1841,-83.4011,EATONTON 9.6 S,11,10,90.91,14.59655298483768,Coastal,1,1,100.0,True,95.46,Ian,Before
US1GARC0009,33.4951,-82.0695,WEST AUGUSTA 0.9 NW,11,0,0.0,0.0,Coastal,11,1,9.09,False,4.54,Ian,Before
US1GARC0012,33.4647,-82.0679,AUGUSTA 4.2 W,11,0,0.0,0.0,Coastal,11,1,9.09,False,4.54,Ian,Before
US1GARC0019,33.3593,-82.0413,SOUTH AUGUSTA 4.1 S,11,0,0.0,1.7305213224496532,Coastal,11,1,9.09,False,4.54,Ian,Before
US1GASV0001,32.7187,-81.6995,SYLVANIA 4.2 WSW,11,11,100.0,31.731749014538135,Coastal,0,0,0.0,True,50.0,Ian,Before
US1GASV0003,32.7494,-81.6523,SYLVANIA 0.8 W,11,8,72.73,36.869786461127156,Coastal,3,1,33.33,True,53.03,Ian,Before
US1GASV0005,32.5823,-81.5032,NEWINGTON 0.5 SSE,11,0,0.0,30.072766797530544,Coastal,11,2,18.18,False,9.09,Ian,Before
US1GASV0007,32.7705,-81.5456,SYLVANIA 5.5 ENE,11,1,9.09,44.188108223542564,Coastal,10,2,20.0,True,14.54,Ian,Before
US1GASV0008,32.7237,-81.8255,ROCKY FORD 4.2 N,11,0,0.0,30.545170471426303,Coastal,11,1,9.09,False,4.54,Ian,Before
US1GATE0004,31.9962,-82.8199,MCRAE 6.6 SE,11,0,0.0,51.78789811878464,Rural,11,1,9.09,False,4.54,Ian,Before
US1GATF0003,31.4744,-83.4893,TIFTON 1.4 ENE,11,0,0.0,0.0,Coastal,11,1,9.09,False,4.54,Ian,Before
US1GATF0007,31.4771,-83.4791,TIFTON 2.0 ENE,11,6,54.55,0.2918550299382524,Coastal,5,0,0.0,True,27.28,Ian,Before
US1GATG0001,32.6016,-83.3032,DANVILLE 3.3 W,11,0,0.0,29.293530613442847,Coastal,11,2,18.18,False,9.09,Ian,Before
US1GATH0002,30.8376,-83.9313,THOMASVILLE 2.8 E,11,0,0.0,2.6954434626202715,Coastal,11,0,0.0,False,0.0,Ian,Before
US1GATH0004,30.8176,-83.8965,THOMASVILLE 5.1 ESE,11,0,0.0,7.349864318600506,Coastal,11,0,0.0,False,0.0,Ian,Before
US1GATN0004,32.2689,-82.0443,COLLINS 7.3 NNE,11,0,0.0,33.425863754786825,Coastal,11,2,18.18,False,9.09,Ian,Before
US1GATR0001,31.6727,-83.6299,SYCAMORE 0.4 ENE,11,11,100.0,26.33414941973451,Coastal,0,0,0.0,True,50.0,Ian,Before
US1GAWG0001,32.8128,-82.6904,HARRISON 2.1 ESE,11,11,100.0,23.010218613776935,Coastal,0,0,0.0,True,50.0,Ian,Before
US1GAWG0005,32.9833,-82.8125,SANDERSVILLE 0.0 ESE,11,6,54.55,0.0,Coastal,5,1,20.0,True,37.28,Ian,Before
US1GAWG0006,32.8127,-82.6906,HARRISON 2.2 ESE,11,2,18.18,23.00908025382069,Coastal,9,1,11.11,False,14.64,Ian,Before
US1GAWL0001,33.7981,-83.9583,LOGANVILLE 4.5 SW,11,0,0.0,8.213838239319157,Coastal,11,3,27.27,True,13.64,Ian,Before
US1GAWL0012,33.8355,-83.8255,LOGANVILLE 4.0 E,11,0,0.0,17.322800895481695,Coastal,11,3,27.27,True,13.64,Ian,Before
US1GAWL0013,33.7426,-83.8623,LOGANVILLE 6.7 SSE,11,9,81.82,11.686443794623004,Coastal,2,2,100.0,True,90.91,Ian,Before
US1GAWL0018,33.779,-83.7866,MONROE 4.4 WSW,11,11,100.0,19.709649104352202,Coastal,0,0,0.0,True,50.0,Ian,Before
US1GAWL0022,33.8104,-83.5208,NORTH HIGH SHOALS 1.7 SW,11,0,0.0,16.34421232569132,Coastal,11,3,27.27,True,13.64,Ian,Before
US1GAWL0024,33.8024,-83.6821,MONROE 1.8 ENE,11,0,0.0,24.232469708223107,Coastal,11,2,18.18,False,9.09,Ian,Before
US1GAWN0001,33.4121,-82.6758,WARRENTON 0.7 WNW,11,0,0.0,19.98925045184249,Coastal,11,4,36.36,True,18.18,Ian,Before
US1GAWR0001,31.1662,-82.2662,WAYCROSS 6.3 ESE,11,11,100.0,8.9943059073232,Coastal,0,0,0.0,True,50.0,Ian,Before
US1GAWR0005,31.1218,-82.6195,MANOR 3.0 NW,11,0,0.0,24.3623651541303,Coastal,11,0,0.0,False,0.0,Ian,Before
US1GAWS0001,33.6994,-82.6717,WASHINGTON 4.8 ESE,11,0,0.0,27.277501979544617,Coastal,11,2,18.18,False,9.09,Ian,Before
US1GAWT0003,31.4859,-83.9145,SYLVESTER 5.5 WSW,11,0,0.0,20.878077296752377,Coastal,11,1,9.09,False,4.54,Ian,Before
US1GAWT0007,31.5303,-83.834,SYLVESTER 0.2 NE,11,6,54.55,26.99293341074857,Coastal,5,0,0.0,True,27.28,Ian,Before
US1GAWY0002,31.7006,-81.8957,JESUP 7.1 N,11,11,100.0,8.818741605316045,Coastal,0,0,0.0,True,50.0,Ian,Before
US1GAWY0004,31.732,-81.9578,JESUP 10.0 NNW,11,11,100.0,14.820461409420417,Coastal,0,0,0.0,True,50.0,Ian,Before
US1GAWY0007,31.4986,-81.9817,SCREVEN 2.3 ENE,11,0,0.0,16.1983597391767,Coastal,11,1,9.09,False,4.54,Ian,Before
US1GAWY0008,31.6575,-81.9035,JESUP 4.2 NNW,11,11,100.0,3.680808186973174,Coastal,0,0,0.0,True,50.0,Ian,Before
US1NCBR0001,33.9247,-78.5696,CALABASH 1.9 NNE,11,0,0.0,9.52790128924288,Coastal,11,1,9.09,False,4.54,Ian,Before
US1NCBR0006,33.8841,-78.5377,SUNSET BEACH 1.7 WNW,11,0,0.0,10.385782882682568,Coastal,11,1,9.09,False,4.54,Ian,Before
US1NCBR0104,33.9236,-78.5648,CAROLINA SHORES 1.8 NE,11,5,45.45,9.85887885572289,Coastal,6,1,16.67,True,31.06,Ian,Before
US1NCBR0105,33.9436,-78.5796,CALABASH 3.1 N,11,4,36.36,10.609906857994483,Coastal,7,1,14.29,True,25.32,Ian,Before
US1NCBR0106,33.9089,-78.607,CALABASH 1.9 WNW,11,11,100.0,5.06020438449266,Coastal,0,0,0.0,True,50.0,Ian,Before
US1SCAK0004,33.5591,-81.9029,NORTH AUGUSTA 4.2 NE,11,10,90.91,2.6010690672182415,Coastal,1,0,0.0,True,45.46,Ian,Before
US1SCAK0014,33.4438,-81.6584,AIKEN 7.8 SSE,11,1,9.09,11.473748916544722,Coastal,10,0,0.0,False,4.54,Ian,Before
US1SCAK0020,33.5243,-81.7288,AIKEN 1.1 S,11,11,100.0,0.0,Coastal,0,0,0.0,True,50.0,Ian,Before
US1SCAK0023,33.528,-81.735,AIKEN 1.0 SSW,11,0,0.0,0.0,Coastal,11,2,18.18,False,9.09,Ian,Before
US1SCAK0027,33.4594,-81.4515,WILLISTON 4.3 NNW,11,0,0.0,28.33055467613319,Coastal,11,2,18.18,False,9.09,Ian,Before
US1SCAK0031,33.492,-81.7136,AIKEN 3.5 SSE,11,0,0.0,3.459274991708764,Coastal,11,2,18.18,False,9.09,Ian,Before
US1SCAK0032,33.5602,-81.7433,AIKEN 1.6 NNW,11,0,0.0,0.0,Coastal,11,1,9.09,False,4.54,Ian,Before
US1SCAK0033,33.5565,-81.5853,AIKEN 8.3 E,11,0,0.0,12.058422179678598,Coastal,11,2,18.18,False,9.09,Ian,Before
US1SCAK0039,33.5074,-81.9782,NORTH AUGUSTA 1.5 WSW,11,0,0.0,0.0,Coastal,11,1,9.09,False,4.54,Ian,Before
US1SCAK0041,33.5043,-81.7294,AIKEN 2.5 S,11,11,100.0,1.61070422076294,Coastal,0,0,0.0,True,50.0,Ian,Before
US1SCAK0046,33.4778,-81.8371,BEECH ISLAND 4.7 NE,11,2,18.18,7.9410892361185415,Coastal,9,1,11.11,False,14.64,Ian,Before
US1SCAK0047,33.4793,-81.7444,AIKEN 4.3 SSW,11,11,100.0,4.735540275360218,Coastal,0,0,0.0,True,50.0,Ian,Before
US1SCAK0051,33.44,-81.64,AIKEN 8.6 SE,11,0,0.0,13.015737242449374,Coastal,11,2,18.18,False,9.09,Ian,Before
US1SCAK0053,33.4846,-81.7266,AIKEN 3.9 S,11,0,0.0,4.258725886813997,Coastal,11,2,18.18,False,9.09,Ian,Before
US1SCAK0057,33.501,-81.7141,AIKEN 2.9 SSE,11,0,0.0,2.2603129751840685,Coastal,11,2,18.18,False,9.09,Ian,Before
US1SCAK0059,33.4454,-81.6518,NEW ELLENTON 2.7 NE,11,10,90.91,11.674376008267455,Coastal,1,1,100.0,True,95.46,Ian,Before
US1SCAK0060,33.6312,-81.3647,WAGENER 1.4 S,11,1,9.09,37.162838281606625,Coastal,10,1,10.0,False,9.54,Ian,Before
US1SCAK0067,33.4478,-81.6593,AIKEN 7.6 SSE,11,10,90.91,10.961573338771911,Coastal,1,1,100.0,True,95.46,Ian,Before
US1SCAK0069,33.5603,-81.759,AIKEN 2.2 NW,11,0,0.0,0.4690794965573921,Coastal,11,2,18.18,False,9.09,Ian,Before
US1SCAK0071,33.545,-81.9044,NORTH AUGUSTA 3.5 ENE,11,11,100.0,1.4580661403748973,Coastal,0,0,0.0,True,50.0,Ian,Before
US1SCAK0073,33.6338,-81.2792,SALLEY 4.9 NNE,11,0,0.0,41.41192387771445,Coastal,11,3,27.27,True,13.64,Ian,Before
US1SCAK0074,33.5568,-81.7269,AIKEN 1.1 N,11,0,0.0,0.0,Coastal,11,2,18.18,False,9.09,Ian,Before
US1SCAK0077,33.572,-81.7549,AIKEN 2.6 NW,11,11,100.0,0.0,Coastal,0,0,0.0,True,50.0,Ian,Before
US1SCAK0078,33.4991,-81.9614,NORTH AUGUSTA 1.3 SSW,11,11,100.0,0.0,Coastal,0,0,0.0,True,50.0,Ian,Before
US1SCAK0083,33.5218,-81.3409,SPRINGFIELD 4.0 WNW,11,0,0.0,39.430784661546106,Coastal,11,1,9.09,False,4.54,Ian,Before
US1SCAK0092,33.4841,-81.5963,AIKEN 8.6 ESE,11,11,100.0,13.351651030009624,Coastal,0,0,0.0,True,50.0,Ian,Before
US1SCAK0096,33.4495,-81.6617,AIKEN 7.4 SSE,11,10,90.91,10.63120112865583,Coastal,1,1,100.0,True,95.46,Ian,Before
US1SCAK0097,33.6564,-81.3572,WAGENER 0.5 NE,11,0,0.0,38.71720024946469,Coastal,11,1,9.09,False,4.54,Ian,Before
US1SCAK0098,33.4976,-81.6956,AIKEN 3.5 SSE,11,11,100.0,3.186253634648107,Coastal,0,0,0.0,True,50.0,Ian,Before
US1SCAK0101,33.5264,-81.9331,NORTH AUGUSTA 1.5 ENE,11,0,0.0,0.0,Coastal,11,2,18.18,False,9.09,Ian,Before
US1SCAK0109,33.6125,-81.6842,AIKEN 5.6 NNE,11,11,100.0,2.207755213779807,Coastal,0,0,0.0,True,50.0,Ian,Before
US1SCAL0002,32.989,-81.2921,ALLENDALE 1.7 SE,11,1,9.09,54.95173055690998,Rural,10,1,10.0,False,9.54,Ian,Before
US1SCBF0002,32.2529,-80.735,HILTON HEAD ISLAND 4.0 N,11,0,0.0,22.95040837190857,Coastal,11,1,9.09,False,4.54,Ian,Before
US1SCBF0010,32.2665,-80.9633,BLUFFTON 6.2 WNW,11,7,63.64,21.75837802942024,Coastal,4,0,0.0,True,31.82,Ian,Before
US1SCBF0015,32.2713,-80.9683,BLUFFTON 5.1 NW,11,3,27.27,21.75905326863,Coastal,8,1,12.5,False,19.88,Ian,Before
US1SCBF0022,32.248,-80.8156,BLUFFTON 2.9 ENE,11,0,0.0,25.925465106472352,Coastal,11,0,0.0,False,0.0,Ian,Before
US1SCBF0023,32.1007,-80.883,DAUFUSKIE ISLAND 1.7 SW,11,11,100.0,14.406198509712096,Coastal,0,0,0.0,True,50.0,Ian,Before
US1SCBF0032,32.3426,-80.8391,OKATIE 7.2 ENE,11,2,18.18,16.678974378080294,Coastal,9,2,22.22,True,20.2,Ian,Before
US1SCBF0035,32.4762,-80.6719,BEAUFORT 3.6 NNE,11,11,100.0,3.9387923784916485,Coastal,0,0,0.0,True,50.0,Ian,Before
US1SCBF0036,32.3662,-80.8524,OKATIE 7.6 NE,11,0,0.0,15.809495690763752,Coastal,11,2,18.18,False,9.09,Ian,Before
US1SCBF0037,32.4939,-80.6334,BEAUFORT 5.7 NE,11,0,0.0,8.713084953915233,Coastal,11,4,36.36,True,18.18,Ian,Before
US1SCBF0050,32.2174,-80.9802,BLUFFTON 7.0 W,11,8,72.73,15.3413278308251,Coastal,3,1,33.33,True,53.03,Ian,Before
US1SCBF0052,32.1897,-80.7007,HILTON HEAD ISLAND 2.7 E,11,11,100.0,31.155513602492757,Coastal,0,0,0.0,True,50.0,Ian,Before
US1SCBF0053,32.3536,-80.6923,PARRIS ISLAND 1.7 N,11,0,0.0,9.808241198176685,Coastal,11,2,18.18,False,9.09,Ian,Before
US1SCBF0055,32.1991,-80.7658,HILTON HEAD ISLAND 1.2 WNW,11,0,0.0,30.164653732825638,Coastal,11,2,18.18,False,9.09,Ian,Before
US1SCBF0059,32.2314,-80.7235,HILTON HEAD ISLAND 2.8 NNE,11,0,0.0,25.671612345351026,Coastal,11,1,9.09,False,4.54,Ian,Before
US1SCBF0064,32.5555,-80.8281,SHELDON 3.7 SSW,11,11,100.0,12.347441021847711,Coastal,0,0,0.0,True,50.0,Ian,Before
US1SCBF0065,32.2638,-80.7174,HILTON HEAD ISLAND 5.0 NNE,11,11,100.0,21.38455756162874,Coastal,0,0,0.0,True,50.0,Ian,Before
US1SCBF0066,32.2411,-80.7008,HILTON HEAD ISLAND 4.1 NE,11,0,0.0,24.399487429627044,Coastal,11,2,18.18,False,9.09,Ian,Before
US1SCBF0067,32.2568,-80.7254,HILTON HEAD ISLAND 4.4 NNE,11,9,81.82,22.345678677179862,Coastal,2,0,0.0,True,40.91,Ian,Before
US1SCBF0068,32.4279,-80.6378,BEAUFORT 3.0 E,11,11,100.0,6.081832048091187,Coastal,0,0,0.0,True,50.0,Ian,Before
US1SCBF0080,32.4052,-80.6993,BEAUFORT 1.6 SSW,11,4,36.36,3.1106470242235664,Coastal,7,3,42.86,True,39.61,Ian,Before
US1SCBF0086,32.269,-80.9791,BLUFFTON 7.2 WNW,11,11,100.0,20.6734263881727,Coastal,0,0,0.0,True,50.0,Ian,Before
US1SCBF0091,32.4286,-80.6423,BEAUFORT 2.7 E,11,0,0.0,5.577421112689947,Coastal,11,4,36.36,True,18.18,Ian,Before
US1SCBF0092,32.2441,-80.8686,BLUFFTON 0.7 NNW,11,0,0.0,24.410726868557187,Coastal,11,1,9.09,False,4.54,Ian,Before
US1SCBF0093,32.4131,-80.7601,BEAUFORT 4.2 WSW,11,0,0.0,3.906469347845119,Coastal,11,4,36.36,True,18.18,Ian,Before
US1SCBF0094,32.4754,-80.6794,BEAUFORT 3.5 N,11,11,100.0,3.1774575353774326,Coastal,0,0,0.0,True,50.0,Ian,Before
US1SCBF0096,32.3782,-80.4416,SAINT HELENA 7.0 E,11,2,18.18,28.883113994584235,Coastal,9,2,22.22,True,20.2,Ian,Before
US1SCBF0097,32.4675,-80.6296,BEAUFORT 4.5 NE,11,4,36.36,7.1917914671520755,Coastal,7,0,0.0,True,18.18,Ian,Before
US1SCBF0098,32.4653,-80.8019,BEAUFORT 7.1 WNW,11,0,0.0,5.326756257023084,Coastal,11,4,36.36,True,18.18,Ian,Before
US1SCBF0099,32.1775,-80.724,HILTON HEAD ISLAND 1.8 SE,11,0,0.0,32.75839498310471,Coastal,11,3,27.27,True,13.64,Ian,Before
US1SCBF0100,32.2412,-80.8143,HILTON HEAD ISLAND 5.1 NW,11,0,0.0,26.714933452027598,Coastal,11,0,0.0,False,0.0,Ian,Before
US1SCBF0104,32.2431,-80.8034,HILTON HEAD ISLAND 4.7 NW,11,0,0.0,26.082519601239355,Coastal,11,0,0.0,False,0.0,Ian,Before
US1SCBF0111,32.3136,-80.4924,FRIPP ISLAND 0.5 WSW,11,0,0.0,27.7485221102594,Coastal,11,3,27.27,True,13.64,Ian,Before
US1SCBF0112,32.4078,-80.5275,ST HELENA ISLAND 2.8 NE,11,0,0.0,18.62129281746979,Coastal,11,3,27.27,True,13.64,Ian,Before
US1SCBF0114,32.2117,-80.86,BLUFFTON 1.7 S,11,11,100.0,22.100895241773834,Coastal,0,0,0.0,True,50.0,Ian,Before
US1SCBK0008,32.9459,-80.0084,HANAHAN 1.1 N,11,11,100.0,0.254258225604422,Coastal,0,0,0.0,True,50.0,Ian,Before
US1SCBK0017,33.0011,-80.0766,GOOSE CREEK 4.6 WNW,11,0,0.0,0.0,Coastal,11,2,18.18,False,9.09,Ian,Before
US1SCBK0029,33.4249,-80.0267,PINEVILLE 0.3 SSE,11,11,100.0,48.53675494238443,Coastal,0,0,0.0,True,50.0,Ian,Before
US1SCBK0038,33.1987,-79.9377,MONCKS CORNER 3.6 E,11,0,0.0,22.782752253316875,Coastal,11,5,45.45,True,22.72,Ian,Before
US1SCBK0046,33.0775,-80.2177,SUMMERVILLE 5.5 NNW,11,0,0.0,0.9514051996660583,Coastal,11,3,27.27,True,13.64,Ian,Before
US1SCBK0048,32.8473,-79.9032,DANIEL ISLAND 1.0 SE,11,0,0.0,0.0,Coastal,11,2,18.18,False,9.09,Ian,Before
US1SCBK0055,33.0676,-79.9747,MONCKS CORNER 8.9 S,11,4,36.36,8.662956050426166,Coastal,7,2,28.57,True,32.47,Ian,Before
US1SCBK0056,33.1923,-79.9865,MONCKS CORNER 0.8 ESE,11,0,0.0,19.32732777278455,Coastal,11,5,45.45,True,22.72,Ian,Before
US1SCBK0059,33.4062,-79.919,ST. STEPHEN 0.4 ENE,11,0,0.0,48.64119643275895,Coastal,11,4,36.36,True,18.18,Ian,Before
US1SCBK0061,32.8514,-79.9123,CHARLESTON 6.6 NE,11,0,0.0,0.0,Coastal,11,3,27.27,True,13.64,Ian,Before
US1SCBK0063,33.1056,-80.1635,SUMMERVILLE 7.1 N,11,11,100.0,4.842675867689324,Coastal,0,0,0.0,True,50.0,Ian,Before
US1SCBK0065,33.0188,-80.047,GOOSE CREEK 3.5 NW,11,0,0.0,0.0,Coastal,11,4,36.36,True,18.18,Ian,Before
US1SCBK0067,32.842,-79.9111,DANIEL ISLAND 1.4 S,11,9,81.82,0.0,Coastal,2,0,0.0,True,40.91,Ian,Before
US1SCBK0068,33.0319,-80.1324,SUMMERVILLE 3.3 NE,11,5,45.45,0.0,Coastal,6,2,33.33,True,39.39,Ian,Before
US1SCBK0071,33.0038,-80.0626,GOOSE CREEK 3.9 WNW,11,8,72.73,0.0,Coastal,3,2,66.67,True,69.7,Ian,Before
US1SCBK0077,33.0717,-80.147,SUMMERVILLE 5.0 NNE,11,11,100.0,0.3884164724825497,Coastal,0,0,0.0,True,50.0,Ian,Before
US1SCBK0079,32.8865,-79.8945,CHARLESTON 9.1 NE,11,0,0.0,2.0335301258428373,Coastal,11,2,18.18,False,9.09,Ian,Before
US1SCBK0081,33.2066,-80.0158,MONCKS CORNER 1.2 NW,11,0,0.0,20.09333953271257,Coastal,11,5,45.45,True,22.72,Ian,Before
US1SCBK0082,33.1254,-80.0263,MONCKS CORNER 5.1 SSW,11,0,0.0,9.40924302782817,Coastal,11,5,45.45,True,22.72,Ian,Before
US1SCBK0085,32.9156,-79.9846,HANAHAN 1.7 SE,11,1,9.09,0.0,Coastal,10,3,30.0,True,19.55,Ian,Before
US1SCBK0086,32.9842,-79.7998,HUGER 7.7 S,11,11,100.0,15.13815523190398,Coastal,0,0,0.0,True,50.0,Ian,Before
US1SCBK0087,33.014,-80.1088,LADSON 0.4 NNW,11,11,100.0,0.0,Coastal,0,0,0.0,True,50.0,Ian,Before
US1SCBK0097,32.9038,-79.8947,CHARLESTON 10.0 NE,11,11,100.0,3.5477826550905682,Coastal,0,0,0.0,True,50.0,Ian,Before
US1SCBM0001,33.3392,-81.1805,DENMARK 2.8 WNW,11,0,0.0,36.45957195646485,Coastal,11,2,18.18,False,9.09,Ian,Before
US1SCBM0006,33.096,-81.0108,EHRHARDT 0.2 SE,11,0,0.0,51.86019914164173,Rural,11,4,36.36,True,18.18,Ian,Before
US1SCBW0003,33.2367,-81.3857,BARNWELL 1.2 WSW,11,1,9.09,28.080629377038168,Coastal,10,1,10.0,False,9.54,Ian,Before
US1SCBW0006,33.175,-81.3522,BARNWELL 4.6 S,11,8,72.73,34.50045091764197,Coastal,3,0,0.0,True,36.36,Ian,Before
US1SCCA0001,33.6874,-80.7301,ST. MATTHEWS 3.2 ENE,11,11,100.0,20.03193643801022,Coastal,0,0,0.0,True,50.0,Ian,Before
US1SCCA0002,33.8097,-81.009,GASTON 5.3 E,11,0,0.0,15.534381932309246,Coastal,11,2,18.18,False,9.09,Ian,Before
US1SCCA0016,33.719,-80.9188,ST. MATTHEWS 9.0 WNW,11,1,9.09,21.034553217809822,Coastal,10,2,20.0,True,14.54,Ian,Before
US1SCCA0019,33.6853,-80.9773,NORTH 8.6 ENE,11,11,100.0,20.188761768260896,Coastal,0,0,0.0,True,50.0,Ian,Before
US1SCCA0020,33.6817,-80.6561,ST MATTHEWS 7.1 E,11,0,0.0,24.79567589204978,Coastal,11,2,18.18,False,9.09,Ian,Before
US1SCCD0002,33.5744,-80.2205,MANNING 8.2 S,11,11,100.0,46.84402967436182,Coastal,0,0,0.0,True,50.0,Ian,Before
US1SCCD0006,33.6698,-80.1995,MANNING 1.9 SSE,11,0,0.0,35.865123056297676,Coastal,11,3,27.27,True,13.64,Ian,Before
US1SCCD0017,33.5108,-80.4259,SUMMERTON 7.6 SW,11,0,0.0,44.1918173902312,Coastal,11,5,45.45,True,22.72,Ian,Before
US1SCCD0019,33.5522,-80.2342,SUMMERTON 7.6 ESE,11,0,0.0,49.271038120730985,Coastal,11,5,45.45,True,22.72,Ian,Before
US1SCCL0003,32.9439,-80.6812,WALTERBORO 3.0 NNW,11,0,0.0,50.72161224558604,Rural,11,4,36.36,True,18.18,Ian,Before
US1SCCL0005,33.089,-80.814,SMOAKS 0.1 ESE,11,0,0.0,51.002237507891735,Rural,11,4,36.36,True,18.18,Ian,Before
US1SCCL0009,33.0271,-80.9871,LODGE 3.4 SW,11,0,0.0,60.079081148422205,Rural,11,4,36.36,True,18.18,Ian,Before
US1SCCL0014,32.7134,-80.6087,GREEN POND 1.3 S,11,0,0.0,32.89776943667627,Coastal,11,4,36.36,True,18.18,Ian,Before
US1SCCL0016,32.8947,-80.5661,COTTAGEVILLE 5.8 WSW,11,0,0.0,39.94174767833694,Coastal,11,4,36.36,True,18.18,Ian,Before
US1SCCL0017,32.9799,-80.4947,COTTAGEVILLE 3.1 NNW,11,1,9.09,29.517261990097207,Coastal,10,4,40.0,True,24.54,Ian,Before
US1SCCL0020,32.906,-80.9773,ISLANDTON 2.4 W,11,11,100.0,60.428931226521634,Rural,0,0,0.0,True,50.0,Ian,Before
US1SCCL0027,32.7262,-80.6932,GREEN POND 4.6 W,11,10,90.91,31.390241722730597,Coastal,1,1,100.0,True,95.46,Ian,Before
US1SCCL0028,33.0658,-80.5371,GROVER 4.4 SE,11,0,0.0,34.200574069672136,Coastal,11,4,36.36,True,18.18,Ian,Before
US1SCCL0031,32.4817,-80.3372,EDISTO BEACH 1.2 WSW,11,7,63.64,39.529357720049084,Coastal,4,3,75.0,True,69.32,Ian,Before
US1SCCR0004,32.8117,-79.8336,MOUNT PLEASANT 1.9 ESE,11,10,90.91,0.0,Coastal,1,1,100.0,True,95.46,Ian,Before
US1SCCR0010,33.0845,-79.4636,MCCLELLANVILLE 0.2 ESE,11,0,0.0,41.689051400879826,Coastal,11,3,27.27,True,13.64,Ian,Before
US1SCCR0013,32.7264,-79.9587,CHARLESTON 4.6 SSE,11,0,0.0,1.0359182343773348,Coastal,11,3,27.27,True,13.64,Ian,Before
US1SCCR0022,32.8066,-80.0827,CHARLESTON 5.2 WNW,11,0,0.0,0.9958932176716434,Coastal,11,2,18.18,False,9.09,Ian,Before
US1SCCR0026,32.8567,-79.8058,MOUNT PLEASANT 4.1 NE,11,0,0.0,0.7736443543642646,Coastal,11,4,36.36,True,18.18,Ian,Before
US1SCCR0030,32.9591,-80.0606,NORTH CHARLESTON 3.5 N,11,2,18.18,0.0,Coastal,9,2,22.22,True,20.2,Ian,Before
US1SCCR0032,32.7011,-80.2937,MEGGETT 1.8 W,11,0,0.0,27.885720099980066,Coastal,11,3,27.27,True,13.64,Ian,Before
US1SCCR0033,33.0835,-79.4599,MCCLELLANVILLE 0.5 ESE,11,0,0.0,41.65859546420657,Coastal,11,3,27.27,True,13.64,Ian,Before
US1SCCR0034,32.9322,-80.0736,NORTH CHARLESTON 2.6 NW,11,0,0.0,0.0,Coastal,11,3,27.27,True,13.64,Ian,Before
US1SCCR0036,32.7398,-79.9314,FOLLY BEACH 4.5 N,11,8,72.73,3.5935373657782117,Coastal,3,3,100.0,True,86.36,Ian,Before
US1SCCR0042,32.8103,-79.9569,CHARLESTON 2.8 NE,11,0,0.0,0.0,Coastal,11,3,27.27,True,13.64,Ian,Before
US1SCCR0049,32.8949,-80.0273,NWS CHARLESTON SC,11,0,0.0,0.0,Coastal,11,3,27.27,True,13.64,Ian,Before
US1SCCR0057,32.8794,-79.9899,NORTH CHARLESTON 3.5 ESE,11,6,54.55,0.0,Coastal,5,2,40.0,True,47.28,Ian,Before
US1SCCR0060,32.7177,-79.9455,CHARLESTON 5.4 SSE,11,7,63.64,2.7372207299688465,Coastal,4,0,0.0,True,31.82,Ian,Before
US1SCCR0063,32.8915,-79.9834,NORTH CHARLESTON 3.5 ESE,11,11,100.0,0.0,Coastal,0,0,0.0,True,50.0,Ian,Before
US1SCCR0069,32.8965,-79.7962,MOUNT PLEASANT 6.4 NE,11,0,0.0,3.892159895576214,Coastal,11,3,27.27,True,13.64,Ian,Before
US1SCCR0074,32.7216,-80.0088,JOHNS ISLAND 1.8 NE,11,0,0.0,3.14869093345802,Coastal,11,3,27.27,True,13.64,Ian,Before
US1SCCR0078,32.8919,-79.9904,NORTH CHARLESTON 3.1 ESE,11,0,0.0,0.0,Coastal,11,2,18.18,False,9.09,Ian,Before
US1SCCR0083,32.6288,-80.0406,KIAWAH ISLAND 1.5 NE,11,8,72.73,15.182884883638508,Coastal,3,1,33.33,True,53.03,Ian,Before
US1SCCR0085,32.7979,-79.8442,MOUNT PLEASANT 2.1 SSE,11,11,100.0,1.164840925712102,Coastal,0,0,0.0,True,50.0,Ian,Before
US1SCCR0087,32.8257,-79.9835,CHARLESTON 2.9 NNE,11,3,27.27,0.0,Coastal,8,2,25.0,True,26.14,Ian,Before
US1SCCR0088,32.7559,-79.9955,CHARLESTON 2.0 S,11,11,100.0,0.0,Coastal,0,0,0.0,True,50.0,Ian,Before
US1SCCR0089,32.7649,-79.9762,CHARLESTON 1.7 SE,11,6,54.55,0.0,Coastal,5,3,60.0,True,57.28,Ian,Before
US1SCCR0092,32.7884,-80.2565,RAVENEL 2.0 WNW,11,0,0.0,20.47429805925365,Coastal,11,3,27.27,True,13.64,Ian,Before
US1SCCR0094,32.7924,-79.8588,MOUNT PLEASANT 2.1 S,11,11,100.0,1.1886070825536232,Coastal,0,0,0.0,True,50.0,Ian,Before
US1SCCR0096,32.7449,-79.9186,CHARLESTON 5.2 ESE,11,0,0.0,4.138909045524535,Coastal,11,3,27.27,True,13.64,Ian,Before
US1SCCR0097,32.8097,-80.0746,CHARLESTON 5.0 WNW,11,0,0.0,0.042404390803152954,Coastal,11,2,18.18,False,9.09,Ian,Before
US1SCCR0098,32.6299,-80.1951,WADMALAW ISLAND 2.3 SSW,11,0,0.0,25.5634957080229,Coastal,11,3,27.27,True,13.64,Ian,Before
US1SCCR0099,32.8195,-79.8809,MOUNT PLEASANT 1.0 WSW,11,0,0.0,0.0,Coastal,11,3,27.27,True,13.64,Ian,Before
US1SCCR0105,32.7523,-80.2403,HOLLYWOOD 2.3 W,11,0,0.0,19.889425719788,Coastal,11,4,36.36,True,18.18,Ian,Before
US1SCCR0106,32.912,-79.8184,MOUNT PLEASANT 6.7 NNE,11,11,100.0,5.525339916549825,Coastal,0,0,0.0,True,50.0,Ian,Before
US1SCCR0112,32.902,-79.7882,MOUNT PLEASANT 7.0 NE,11,0,0.0,4.973549397499369,Coastal,11,3,27.27,True,13.64,Ian,Before
US1SCCR0113,32.8821,-79.8284,MOUNT PLEASANT 4.6 NNE,11,0,0.0,1.6507101049576174,Coastal,11,4,36.36,True,18.18,Ian,Before
US1SCCR0114,32.7516,-79.8998,CHARLESTON 5.9 ESE,11,11,100.0,5.222763639110432,Coastal,0,0,0.0,True,50.0,Ian,Before
US1SCCR0115,32.5456,-80.2435,EDISTO ISLAND 3.6 E,11,0,0.0,37.78707222772185,Coastal,11,3,27.27,True,13.64,Ian,Before
US1SCCR0116,32.7889,-80.0495,CHARLESTON 3.2 W,11,0,0.0,0.0,Coastal,11,3,27.27,True,13.64,Ian,Before
US1SCCR0123,32.8281,-79.9863,CHARLESTON 3.0 N,11,0,0.0,0.0,Coastal,11,3,27.27,True,13.64,Ian,Before
US1SCCR0131,32.8466,-79.8735,MOUNT PLEASANT 1.7 NNW,11,0,0.0,0.0,Coastal,11,3,27.27,True,13.64,Ian,Before
US1SCCR0132,32.8763,-79.8177,MOUNT PLEASANT 4.5 NE,11,11,100.0,0.7989247476481874,Coastal,0,0,0.0,True,50.0,Ian,Before
US1SCCR0138,32.7841,-79.9893,CHARLESTON 0.3 ESE,11,0,0.0,0.0,Coastal,11,2,18.18,False,9.09,Ian,Before
US1SCCR0142,32.8491,-80.0276,NORTH CHARLESTON 4.0 SSE,11,0,0.0,0.0,Coastal,11,2,18.18,False,9.09,Ian,Before
US1SCCR0144,32.8472,-79.8665,MOUNT PLEASANT 1.7 N,11,0,0.0,0.0,Coastal,11,2,18.18,False,9.09,Ian,Before
US1SCCR0146,32.8983,-79.7536,MOUNT PLEASANT 8.2 NE,11,0,0.0,7.524420602560625,Coastal,11,3,27.27,True,13.64,Ian,Before
US1SCCR0148,32.8224,-79.8577,MOUNT PLEASANT 0.4 E,11,0,0.0,0.0,Coastal,11,3,27.27,True,13.64,Ian,Before
US1SCCR0149,33.0044,-80.1347,SUMMERVILLE 2.6 E,11,1,9.09,0.0,Coastal,10,3,30.0,True,19.55,Ian,Before
US1SCCR0151,32.8303,-80.091,CHARLESTON 6.4 WNW,11,0,0.0,1.8544216877425013,Coastal,11,2,18.18,False,9.09,Ian,Before
US1SCCR0152,32.7914,-79.9429,CHARLESTON 3.0 E,11,11,100.0,0.0,Coastal,0,0,0.0,True,50.0,Ian,Before
US1SCCR0153,32.5281,-80.3148,EDISTO BEACH 2.7 N,11,0,0.0,43.08243089829778,Coastal,11,3,27.27,True,13.64,Ian,Before
US1SCCR0154,32.6042,-80.0715,KIAWAH ISLAND 1.0 SW,11,0,0.0,19.799579462549953,Coastal,11,2,18.18,False,9.09,Ian,Before
US1SCCR0155,32.5554,-80.3682,EDISTO BEACH 5.4 NNW,11,0,0.0,38.51760946503274,Coastal,11,3,27.27,True,13.64,Ian,Before
US1SCCR0159,32.7929,-79.8913,MOUNT PLEASANT 2.6 SW,11,9,81.82,0.0,Coastal,2,2,100.0,True,90.91,Ian,Before
US1SCCR0161,32.7994,-79.8651,MOUNT PLEASANT 1.6 S,11,0,0.0,0.05945161917833847,Coastal,11,3,27.27,True,13.64,Ian,Before
US1SCCR0162,32.7236,-80.2956,HOLLYWOOD 5.8 WSW,11,0,0.0,26.925266668322518,Coastal,11,3,27.27,True,13.64,Ian,Before
US1SCCR0164,32.8332,-80.0367,CHARLESTON 4.1 NW,11,0,0.0,0.0,Coastal,11,3,27.27,True,13.64,Ian,Before
US1SCCR0166,32.8014,-79.7564,ISLE OF PALMS 0.1 E,11,0,0.0,7.49464562696782,Coastal,11,4,36.36,True,18.18,Ian,Before
US1SCCR0173,32.8414,-80.0864,CHARLESTON 6.6 NW,11,10,90.91,1.335029099636865,Coastal,1,0,0.0,True,45.46,Ian,Before
US1SCCR0175,32.7166,-79.973,CHARLESTON 4.9 SSE,11,11,100.0,1.362225729544972,Coastal,0,0,0.0,True,50.0,Ian,Before
US1SCCR0178,32.7875,-80.0435,CHARLESTON 2.9 W,11,0,0.0,0.0,Coastal,11,3,27.27,True,13.64,Ian,Before
US1SCCR0179,32.9019,-79.8148,MOUNT PLEASANT 6.1 NNE,11,6,54.55,4.16130064185957,Coastal,5,3,60.0,True,57.28,Ian,Before
US1SCCR0180,32.8019,-79.8825,MOUNT PLEASANT 1.8 SW,11,11,100.0,0.0,Coastal,0,0,0.0,True,50.0,Ian,Before
US1SCCR0183,32.8323,-80.035,CHARLESTON 4.0 NW,11,0,0.0,0.0,Coastal,11,3,27.27,True,13.64,Ian,Before
US1SCCR0187,32.713,-80.1421,JOHNS ISLAND 6.4 W,11,0,0.0,13.341745223529385,Coastal,11,3,27.27,True,13.64,Ian,Before
US1SCCR0189,32.6257,-80.1214,KIAWAH RIVER 3.5 W,11,0,0.0,20.976980204212243,Coastal,11,3,27.27,True,13.64,Ian,Before
US1SCCR0192,32.8938,-79.7652,MOUNT PLEASANT 7.5 NE,11,1,9.09,6.1073022901657374,Coastal,10,3,30.0,True,19.55,Ian,Before
US1SCCR0194,32.7621,-80.0006,CHARLESTON 1.6 SSW,11,0,0.0,0.0,Coastal,11,3,27.27,True,13.64,Ian,Before
US1SCCR0197,32.8176,-79.886,MOUNT PLEASANT 1.3 WSW,11,0,0.0,0.0,Coastal,11,2,18.18,False,9.09,Ian,Before
US1SCCR0199,32.5979,-80.1113,KIAWAH ISLAND 3.1 WSW,11,0,0.0,23.026742374694717,Coastal,11,3,27.27,True,13.64,Ian,Before
US1SCCR0204,32.8515,-79.8592,MOUNT PLEASANT 2.0 N,11,0,0.0,0.0,Coastal,11,2,18.18,False,9.09,Ian,Before
US1SCCR0205,32.8098,-80.0946,CHARLESTON 6.1 WNW,11,0,0.0,2.268700545918099,Coastal,11,2,18.18,False,9.09,Ian,Before
US1SCCR0206,32.8302,-79.8411,MOUNT PLEASANT 1.4 ENE,11,10,90.91,0.0,Coastal,1,1,100.0,True,95.46,Ian,Before
US1SCCR0208,32.8407,-79.812,MOUNT PLEASANT 3.2 ENE,11,11,100.0,0.10897412738395948,Coastal,0,0,0.0,True,50.0,Ian,Before
US1SCCR0210,32.8183,-80.0466,CHARLESTON 3.8 NW,11,0,0.0,0.0,Coastal,11,5,45.45,True,22.72,Ian,Before
US1SCCR0212,32.8991,-79.9889,NORTH CHARLESTON 3.1 E,11,0,0.0,0.0,Coastal,11,2,18.18,False,9.09,Ian,Before
US1SCCR0213,32.735,-79.9311,CHARLESTON 5.0 SE,11,11,100.0,4.0664834892030095,Coastal,0,0,0.0,True,50.0,Ian,Before
US1SCCR0214,32.5605,-80.339,EDISTO BEACH 5.1 NNW,11,0,0.0,41.79248600019956,Coastal,11,3,27.27,True,13.64,Ian,Before
US1SCCR0217,32.6785,-80.1181,WADMALAW ISLAND 3.6 ENE,11,0,0.0,15.591191315386672,Coastal,11,3,27.27,True,13.64,Ian,Before
US1SCCR0218,32.7147,-80.0875,JOHNS ISLAND 3.3 WNW,11,0,0.0,9.823748735618938,Coastal,11,3,27.27,True,13.64,Ian,Before
US1SCCR0220,32.7316,-79.9224,CHARLESTON 5.6 SE,11,11,100.0,5.0693248605935946,Coastal,0,0,0.0,True,50.0,Ian,Before
US1SCCR0221,32.5775,-80.1753,SEABROOK ISLAND 0.2 S,11,7,63.64,29.724250535417593,Coastal,4,0,0.0,True,31.82,Ian,Before
US1SCCR0225,32.9037,-79.7626,MOUNT PLEASANT 8.1 NE,11,2,18.18,7.088677188340793,Coastal,9,3,33.33,True,25.76,Ian,Before
US1SCCR0226,32.8192,-80.0076,CHARLESTON 2.5 NNW,11,7,63.64,0.0,Coastal,4,3,75.0,True,69.32,Ian,Before
US1SCCR0227,32.8197,-80.0482,CHARLESTON 4.0 NW,11,0,0.0,0.0,Coastal,11,4,36.36,True,18.18,Ian,Before
US1SCCR0228,32.6993,-80.1236,WADMALAW ISLAND 4.1 NE,11,0,0.0,13.480397814014731,Coastal,11,2,18.18,False,9.09,Ian,Before
US1SCCR0229,32.7844,-79.8558,MOUNT PLEASANT 2.7 S,11,3,27.27,2.2934963129060475,Coastal,8,3,37.5,True,32.38,Ian,Before
US1SCCR0231,32.6077,-80.3362,EDISTO ISLAND 4.5 NNW,11,0,0.0,38.594104988029436,Coastal,11,3,27.27,True,13.64,Ian,Before
US1SCCR0232,32.722,-79.9408,CHARLESTON 5.4 SE,11,6,54.55,3.0747529142394194,Coastal,5,1,20.0,True,37.28,Ian,Before
US1SCCR0238,32.5353,-80.263,EDISTO ISLAND 2.2 ESE,11,0,0.0,40.12667030163366,Coastal,11,3,27.27,True,13.64,Ian,Before
US1SCCR0241,32.5928,-80.2751,EDISTO ISLAND 3.2 NNE,11,1,9.09,35.06112403717602,Coastal,10,3,30.0,True,19.55,Ian,Before
US1SCCR0242,32.7867,-80.0273,CHARLESTON 1.9 W,11,4,36.36,0.0,Coastal,7,2,28.57,True,32.47,Ian,Before
US1SCCR0243,32.8501,-79.8595,MOUNT PLEASANT 1.9 N,11,0,0.0,0.0,Coastal,11,2,18.18,False,9.09,Ian,Before
US1SCDC0003,32.9262,-80.084,NORTH CHARLESTON 2.9 WNW,11,0,0.0,0.0,Coastal,11,3,27.27,True,13.64,Ian,Before
US1SCDC0018,33.1896,-80.6381,REEVESVILLE 1.0 SSE,11,0,0.0,44.61566742623991,Coastal,11,4,36.36,True,18.18,Ian,Before
US1SCDC0021,32.9551,-80.1686,SUMMERVILLE 3.4 S,11,11,100.0,0.0,Coastal,0,0,0.0,True,50.0,Ian,Before
US1SCDC0033,33.0006,-80.1734,SUMMERVILLE 0.4 SE,11,11,100.0,0.0,Coastal,0,0,0.0,True,50.0,Ian,Before
US1SCDC0036,32.985,-80.1844,SUMMERVILLE 1.4 SSW,11,0,0.0,0.0,Coastal,11,3,27.27,True,13.64,Ian,Before
US1SCDC0041,33.0313,-80.174,SUMMERVILLE 1.9 N,11,0,0.0,0.0,Coastal,11,3,27.27,True,13.64,Ian,Before
US1SCDC0042,32.9827,-80.2583,SUMMERVILLE 4.8 WSW,11,0,0.0,3.9863575642210103,Coastal,11,2,18.18,False,9.09,Ian,Before
US1SCDC0054,33.0026,-80.1524,LINCOLNVILLE 0.4 SE,11,11,100.0,0.0,Coastal,0,0,0.0,True,50.0,Ian,Before
US1SCDC0055,32.9345,-80.1258,SUMMERVILLE 5.7 SSE,11,4,36.36,0.0,Coastal,7,3,42.86,True,39.61,Ian,Before
US1SCDC0056,33.0251,-80.2288,SUMMERVILLE 3.2 WNW,11,3,27.27,0.22655650491482565,Coastal,8,0,0.0,False,13.64,Ian,Before
US1SCDC0057,32.913,-80.1158,NORTH CHARLESTON 4.4 W,11,0,0.0,0.0,Coastal,11,3,27.27,True,13.64,Ian,Before
US1SCDC0062,32.9966,-80.2138,SUMMERVILLE 2.1 WSW,11,0,0.0,0.0,Coastal,11,3,27.27,True,13.64,Ian,Before
US1SCDC0066,33.0726,-80.3136,RIDGEVILLE 1.3 SSW,11,11,100.0,9.444113818597419,Coastal,0,0,0.0,True,50.0,Ian,Before
US1SCDC0067,32.9403,-80.127,SUMMERVILLE 5.3 SE,11,0,0.0,0.0,Coastal,11,5,45.45,True,22.72,Ian,Before
US1SCDC0069,33.0753,-80.3586,RIDGEVILLE 3.2 WSW,11,0,0.0,14.451696799483956,Coastal,11,3,27.27,True,13.64,Ian,Before
US1SCDC0073,32.9522,-80.1598,LADSON 5.0 SW,11,10,90.91,0.8349872087335575,Coastal,1,1,100.0,True,95.46,Ian,Before
US1SCDC0075,33.0068,-80.1784,SUMMERVILLE 0.2 N,11,2,18.18,0.0,Coastal,9,1,11.11,False,14.64,Ian,Before
US1SCDC0076,32.9776,-80.1892,SUMMERVILLE 1.9 SSW,11,0,0.0,0.0,Coastal,11,2,18.18,False,9.09,Ian,Before
US1SCDC0077,32.9952,-80.1932,SUMMERVILLE 1.0 SW,11,11,100.0,0.0,Coastal,0,0,0.0,True,50.0,Ian,Before
US1SCDC0078,32.983,-80.2033,SUMMERVILLE 2.0 SW,11,2,18.18,0.0,Coastal,9,2,22.22,True,20.2,Ian,Before
US1SCDC0081,32.9992,-80.1824,SUMMERVILLE 0.4 SSW,11,11,100.0,0.0,Coastal,0,0,0.0,True,50.0,Ian,Before
US1SCDC0084,33.004,-80.1799,SUMMERVILLE 0.1 W,11,7,63.64,0.0,Coastal,4,1,25.0,True,44.32,Ian,Before
US1SCDC0086,32.9815,-80.1675,SUMMERVILLE 1.7 SSE,11,3,27.27,0.0,Coastal,8,3,37.5,True,32.38,Ian,Before
US1SCDC0087,33.0102,-80.2261,SUMMERVILLE 2.8 W,11,0,0.0,0.0,Coastal,11,3,27.27,True,13.64,Ian,Before
US1SCED0002,33.6515,-81.8662,TRENTON 6.3 SSW,11,0,0.0,9.788153513451775,Coastal,11,2,18.18,False,9.09,Ian,Before
US1SCED0005,33.9403,-81.9561,EDGEFIELD 10.5 N,11,11,100.0,36.1848549993223,Coastal,0,0,0.0,True,50.0,Ian,Before
US1SCED0013,33.6552,-81.8851,TRENTON 6.5 SSW,11,0,0.0,8.74060295969277,Coastal,11,1,9.09,False,4.54,Ian,Before
US1SCED0016,33.8377,-81.9294,EDGEFIELD 3.3 N,11,0,0.0,31.357563717196534,Coastal,11,1,9.09,False,4.54,Ian,Before
US1SCED0017,33.6075,-81.9592,NORTH AUGUSTA 6.2 N,11,11,100.0,1.5918213076307672,Coastal,0,0,0.0,True,50.0,Ian,Before
US1SCED0018,33.8836,-82.0697,MCCORMICK 12.9 E,11,9,81.82,37.96202633478685,Coastal,2,1,50.0,True,65.91,Ian,Before
US1SCFL0023,33.9192,-79.8723,SCRANTON 7.4 W,11,11,100.0,33.01573992447003,Coastal,0,0,0.0,True,50.0,Ian,Before
US1SCGT0001,33.4306,-79.2537,GEORGETOWN 5.3 NNE,11,7,63.64,4.924458681685652,Coastal,4,1,25.0,True,44.32,Ian,Before
US1SCGT0002,33.5513,-79.0515,MURRELLS INLET 0.3 SSW,11,11,100.0,0.6807506313403924,Coastal,0,0,0.0,True,50.0,Ian,Before
US1SCGT0004,33.2759,-79.2928,GEORGETOWN 6.0 S,11,0,0.0,12.448593210761782,Coastal,11,3,27.27,True,13.64,Ian,Before
US1SCGT0009,33.4943,-79.0832,PAWLEYS ISLAND 5.6 NNE,11,11,100.0,7.593881982236889,Coastal,0,0,0.0,True,50.0,Ian,Before
US1SCGT0011,33.5702,-79.0251,MURRELLS INLET 1.8 NE,11,0,0.0,0.0,Coastal,11,1,9.09,False,4.54,Ian,Before
US1SCGT0015,33.6814,-79.3766,HEMINGWAY 6.3 SE,11,11,100.0,36.32148228688221,Coastal,0,0,0.0,True,50.0,Ian,Before
US1SCGT0019,33.5668,-79.0457,MURRELLS INLET 0.9 NNE,11,0,0.0,0.0,Coastal,11,1,9.09,False,4.54,Ian,Before
US1SCGT0024,33.4596,-79.1195,PAWLEYS ISLAND 2.6 N,11,1,9.09,13.715853051023398,Coastal,10,1,10.0,False,9.54,Ian,Before
US1SCGT0026,33.4268,-79.1379,PAWLEY'S ISLAND 0.8 WNW,11,11,100.0,16.358637501910337,Coastal,0,0,0.0,True,50.0,Ian,Before
US1SCGT0027,33.3657,-79.2787,GEORGETOWN 1.0 E,11,9,81.82,0.6267406639188454,Coastal,2,0,0.0,True,40.91,Ian,Before
US1SCGT0033,33.4231,-79.1567,PAWLEY'S ISLAND 1.8 W,11,9,81.82,14.209458495767924,Coastal,2,1,50.0,True,65.91,Ian,Before
US1SCGT0036,33.4435,-79.1714,PAWLEYS ISLAND 3.0 WNW,11,4,36.36,13.477373527847602,Coastal,7,1,14.29,True,25.32,Ian,Before
US1SCGT0038,33.2317,-79.4106,GEORGETOWN 11.2 SW,11,11,100.0,21.40085203465494,Coastal,0,0,0.0,True,50.0,Ian,Before
US1SCGT0042,33.4419,-79.1608,PAWLEYS ISLAND 2.4 NW,11,10,90.91,14.482242085291764,Coastal,1,1,100.0,True,95.46,Ian,Before
US1SCGT0044,33.5195,-79.4299,GEORGETOWN 13.3 NW,11,1,9.09,19.93192040881923,Coastal,10,3,30.0,True,19.55,Ian,Before
US1SCGT0046,33.47,-79.1229,PAWLEYS ISLAND 3.3 N,11,0,0.0,13.059413044107886,Coastal,11,1,9.09,False,4.54,Ian,Before
US1SCGT0049,33.3637,-79.2271,GEORGETOWN 4.0 E (HOBCAW BARON,11,11,100.0,5.874152347850149,Coastal,0,0,0.0,True,50.0,Ian,Before
US1SCHM0002,32.9029,-81.1993,BRUNSON 1.6 SSW,11,11,100.0,70.35007685970918,Rural,0,0,0.0,True,50.0,Ian,Before
US1SCHM0003,32.7223,-81.2359,ESTILL 2.2 S,11,11,100.0,62.42110953757609,Rural,0,0,0.0,True,50.0,Ian,Before
US1SCHM0006,32.7764,-81.1532,VARNVILLE 6.7 SW,11,11,100.0,58.840280845972615,Rural,0,0,0.0,True,50.0,Ian,Before
US1SCHM0007,32.8575,-81.1165,HAMPTON 0.8 SW,11,1,9.09,63.475043790862095,Rural,10,1,10.0,False,9.54,Ian,Before
US1SCHM0015,32.8655,-81.1114,HAMPTON 0.2 SW,11,11,100.0,63.92130471306231,Rural,0,0,0.0,True,50.0,Ian,Before
US1SCHM0016,32.9386,-81.1207,BRUNSON 4.1 ENE,11,11,100.0,72.25390052168648,Rural,0,0,0.0,True,50.0,Ian,Before
US1SCHM0018,32.8655,-81.1142,HAMPTON 0.3 WSW,11,1,9.09,64.1202233886847,Rural,10,1,10.0,False,9.54,Ian,Before
US1SCHM0019,32.9203,-81.1821,BRUNSON 0.5 ESE,11,11,100.0,70.02688616289306,Rural,0,0,0.0,True,50.0,Ian,Before
US1SCHM0021,32.8759,-81.1539,HAMPTON 2.7 WNW,11,1,9.09,68.0530126680373,Rural,10,2,20.0,True,14.54,Ian,Before
US1SCHR0014,33.5995,-79.0065,MURRELLS INLET 4.0 NE,11,11,100.0,0.0,Coastal,0,0,0.0,True,50.0,Ian,Before
US1SCHR0020,33.7692,-78.9144,MYRTLE BEACH 5.0 NNW,11,2,18.18,0.1425517412901775,Coastal,9,1,11.11,False,14.64,Ian,Before
US1SCHR0027,33.7153,-79.0298,MYRTLE BEACH 8.4 WNW,11,6,54.55,3.504632197073807,Coastal,5,1,20.0,True,37.28,Ian,Before
US1SCHR0039,33.6207,-78.9673,SURFSIDE BEACH 1.0 NE,11,0,0.0,0.0,Coastal,11,1,9.09,False,4.54,Ian,Before
US1SCHR0046,33.7267,-78.9729,MYRTLE BEACH 5.0 WNW,11,5,45.45,0.49394823675104743,Coastal,6,1,16.67,True,31.06,Ian,Before
US1SCHR0061,33.8295,-78.9528,CONWAY 6.2 E,11,0,0.0,1.710749532405287,Coastal,11,1,9.09,False,4.54,Ian,Before
US1SCHR0063,33.5786,-79.0454,MURRELLS INLET 1.7 N,11,2,18.18,0.0,Coastal,9,1,11.11,False,14.64,Ian,Before
US1SCHR0064,33.7157,-78.8556,MYRTLE BEACH 2.4 ENE,11,0,0.0,0.0,Coastal,11,1,9.09,False,4.54,Ian,Before
US1SCHR0065,33.9533,-78.7474,LONGS 1.3 NW,11,2,18.18,9.192454263608383,Coastal,9,1,11.11,False,14.64,Ian,Before
US1SCHR0066,33.6236,-79.0258,MYRTLE BEACH 9.2 WSW,11,4,36.36,0.0,Coastal,7,1,14.29,True,25.32,Ian,Before
US1SCHR0067,33.7452,-79.0173,MYRTLE BEACH 8.4 WNW,11,0,0.0,4.275433355955041,Coastal,11,1,9.09,False,4.54,Ian,Before
US1SCHR0071,33.967,-79.018,CONWAY 9.2 NNE,11,6,54.55,12.209534349603953,Coastal,5,1,20.0,True,37.28,Ian,Before
US1SCHR0073,33.6446,-78.9561,MYRTLE BEACH 5.2 SW,11,0,0.0,0.0,Coastal,11,2,18.18,False,9.09,Ian,Before
US1SCHR0075,33.7905,-78.9572,MYRTLE BEACH 7.4 NNW,11,0,0.0,1.0254838587516082,Coastal,11,1,9.09,False,4.54,Ian,Before
US1SCHR0087,33.5833,-79.0747,MURRELLS INLET 2.4 NW,11,8,72.73,1.789111838537663,Coastal,3,1,33.33,True,53.03,Ian,Before
US1SCHR0106,33.7639,-78.9196,MYRTLE BEACH 4.8 NNW,11,0,0.0,0.0,Coastal,11,1,9.09,False,4.54,Ian,Before
US1SCHR0109,33.8552,-78.6199,NORTH MYRTLE BEACH 3.5 ENE,11,11,100.0,0.848411929709816,Coastal,0,0,0.0,True,50.0,Ian,Before
US1SCHR0111,33.6522,-79.0485,SOCASTEE 3.3 SW,11,1,9.09,2.5150873491834247,Coastal,10,1,10.0,False,9.54,Ian,Before
US1SCHR0116,33.9656,-78.7402,LONGS 2.6 NNW,11,10,90.91,9.984940948624606,Coastal,1,1,100.0,True,95.46,Ian,Before
US1SCHR0119,33.6438,-79.0321,MYRTLE BEACH 8.9 WSW,11,0,0.0,0.6324196988239812,Coastal,11,1,9.09,False,4.54,Ian,Before
US1SCHR0122,33.581,-79.043,MURRELLS INLET 1.9 NNE,11,0,0.0,0.0,Coastal,11,1,9.09,False,4.54,Ian,Before
US1SCHR0123,33.7567,-78.9288,MYRTLE BEACH 4.5 NNW,11,0,0.0,0.0,Coastal,11,1,9.09,False,4.54,Ian,Before
US1SCHR0124,33.8693,-78.6176,LITTLE RIVER 0.8 ESE,11,1,9.09,1.2726813638235692,Coastal,10,1,10.0,False,9.54,Ian,Before
US1SCHR0125,33.6383,-78.9765,SURFSIDE BEACH 2.0 N,11,0,0.0,0.0,Coastal,11,1,9.09,False,4.54,Ian,Before
US1SCHR0126,33.9041,-78.8981,CONWAY 10.4 ENE,11,0,0.0,11.902173129621039,Coastal,11,1,9.09,False,4.54,Ian,Before
US1SCHR0132,33.6022,-79.0422,MURRELLS INLET 3.3 N,11,11,100.0,0.0,Coastal,0,0,0.0,True,50.0,Ian,Before
US1SCHR0134,33.8013,-78.9973,CONWAY 4.5 SE,11,6,54.55,0.0,Coastal,5,1,20.0,True,37.28,Ian,Before
US1SCHR0136,33.7899,-78.7516,BRIARCLIFFE ACRES 0.2 WNW,11,0,0.0,0.0,Coastal,11,1,9.09,False,4.54,Ian,Before
US1SCHR0137,33.9076,-78.7025,LITTLE RIVER 4.7 WNW,11,1,9.09,1.4040899940021387,Coastal,10,1,10.0,False,9.54,Ian,Before
US1SCHR0139,33.8208,-78.9317,CONWAY 7.5 E,11,11,100.0,4.059590788142756,Coastal,0,0,0.0,True,50.0,Ian,Before
US1SCHR0140,33.6255,-79.0254,MYRTLE BEACH 9.2 WSW,11,11,100.0,0.0,Coastal,0,0,0.0,True,50.0,Ian,Before
US1SCJS0003,32.4496,-80.8911,RIDGELAND 5.8 ESE,11,2,18.18,15.463283251186853,Coastal,9,2,22.22,True,20.2,Ian,Before
US1SCJS0009,32.3083,-80.9504,BLUFFTON 7.2 NW,11,0,0.0,26.51989664377527,Coastal,11,1,9.09,False,4.54,Ian,Before
US1SCJS0013,32.3094,-80.9699,HARDEEVILLE 6.7 ENE,11,11,100.0,24.862040919194147,Coastal,0,0,0.0,True,50.0,Ian,Before
US1SCLX0002,33.9877,-81.1951,LEXINGTON 1.9 E,11,11,100.0,0.0,Coastal,0,0,0.0,True,50.0,Ian,Before
US1SCLX0005,33.9894,-81.2654,LEXINGTON 1.6 WNW,11,0,0.0,0.0,Coastal,11,2,18.18,False,9.09,Ian,Before
US1SCLX0022,33.9292,-81.3065,LEXINGTON 5.9 SW,11,0,0.0,7.586937734295202,Coastal,11,3,27.27,True,13.64,Ian,Before
US1SCLX0031,33.9764,-81.2173,LEXINGTON 1.0 SE,11,0,0.0,0.0,Coastal,11,2,18.18,False,9.09,Ian,Before
US1SCLX0036,33.9922,-81.2413,LEXINGTON 0.8 WNW,11,11,100.0,0.0,Coastal,0,0,0.0,True,50.0,Ian,Before
US1SCLX0069,33.9644,-81.274,LEXINGTON 3.0 WSW,11,0,0.0,1.6614195953625548,Coastal,11,2,18.18,False,9.09,Ian,Before
US1SCLX0093,33.915,-81.3813,GILBERT 1.0 SE,11,0,0.0,14.465086984565794,Coastal,11,3,27.27,True,13.64,Ian,Before
US1SCLX0096,33.9414,-81.056,CAYCE 1.0 SSE,11,0,0.0,0.3598775025709184,Coastal,11,3,27.27,True,13.64,Ian,Before
US1SCLX0097,33.997,-81.129,LEXINGTON 5.8 E,11,0,0.0,0.0,Coastal,11,2,18.18,False,9.09,Ian,Before
US1SCLX0098,33.9542,-81.1736,WEST COLUMBIA 5.9 WSW,11,0,0.0,0.0,Coastal,11,2,18.18,False,9.09,Ian,Before
US1SCLX0106,33.9836,-81.1851,LEXINGTON 2.5 E,11,11,100.0,0.0,Coastal,0,0,0.0,True,50.0,Ian,Before
US1SCLX0108,33.9366,-81.3056,LEXINGTON 5.6 SW,11,11,100.0,6.704793496539403,Coastal,0,0,0.0,True,50.0,Ian,Before
US1SCLX0122,33.7862,-81.3294,PELION 4.7 W,11,0,0.0,24.99629710197433,Coastal,11,3,27.27,True,13.64,Ian,Before
US1SCLX0127,33.8839,-81.561,BATESBURG 1.8 SSW,11,0,0.0,34.01476362896036,Coastal,11,1,9.09,False,4.54,Ian,Before
US1SCLX0134,33.8703,-81.4417,LEESVILLE 5.2 SE,11,11,100.0,23.46148280900293,Coastal,0,0,0.0,True,50.0,Ian,Before
US1SCLX0137,33.9918,-81.1366,LEXINGTON 5.3 E,11,6,54.55,0.0,Coastal,5,1,20.0,True,37.28,Ian,Before
US1SCLX0145,33.7029,-81.1526,SWANSEA 3.5 SW,11,11,100.0,29.864354775151703,Coastal,0,0,0.0,True,50.0,Ian,Before
US1SCLX0154,33.7719,-81.2537,PELION 0.7 SSW,11,4,36.36,23.27687163200895,Coastal,7,1,14.29,True,25.32,Ian,Before
US1SCLX0162,33.9857,-81.1539,LEXINGTON 4.3 E,11,6,54.55,0.0,Coastal,5,0,0.0,True,27.28,Ian,Before
US1SCLX0169,33.9102,-81.1007,WEST COLUMBIA 5.7 S,11,4,36.36,1.630224286644014,Coastal,7,2,28.57,True,32.47,Ian,Before
US1SCLX0173,33.9758,-81.0522,CAYCE 1.5 NNE,11,3,27.27,0.0,Coastal,8,2,25.0,True,26.14,Ian,Before
US1SCLX0184,33.9058,-81.223,LEXINGTON 5.6 S,11,1,9.09,6.434640088258586,Coastal,10,3,30.0,True,19.55,Ian,Before
US1SCLX0185,33.9497,-81.2896,LEXINGTON 4.3 SW,11,0,0.0,4.284560766129155,Coastal,11,3,27.27,True,13.64,Ian,Before
US1SCLX0195,33.9379,-81.3391,LEXINGTON 7.1 WSW,11,11,100.0,8.884640517338694,Coastal,0,0,0.0,True,50.0,Ian,Before
US1SCLX0211,33.976,-81.0785,WEST COLUMBIA 1.1 S,11,11,100.0,0.0,Coastal,0,0,0.0,True,50.0,Ian,Before
US1SCMC0005,33.9092,-82.3327,MCCORMICK 2.3 W,11,2,18.18,38.545041907856465,Coastal,9,2,22.22,True,20.2,Ian,Before
US1SCMC0008,33.9151,-82.2996,MCCORMICK 0.5 NW,11,1,9.09,36.15301034413793,Coastal,10,1,10.0,False,9.54,Ian,Before
US1SCMC0009,33.9086,-82.3678,MCCORMICK 4.3 W,11,11,100.0,40.6768539554479,Coastal,0,0,0.0,True,50.0,Ian,Before
US1SCOR0011,33.4656,-81.0397,NEESES 7.0 SE,11,11,100.0,15.055290206160025,Coastal,0,0,0.0,True,50.0,Ian,Before
US1SCOR0017,33.5207,-80.9117,ORANGEBURG 3.2 NW,11,5,45.45,0.21284472352614228,Coastal,6,2,33.33,True,39.39,Ian,Before
US1SCOR0022,33.4267,-80.5882,SANTEE 6.9 WSW,11,2,18.18,28.16092096250407,Coastal,9,4,44.44,True,31.31,Ian,Before
US1SCOR0025,33.4277,-80.9662,COPE 4.1 NE,11,0,0.0,10.34636365898596,Coastal,11,2,18.18,False,9.09,Ian,Before
US1SCOR0027,33.5135,-80.8826,ORANGEBURG 1.7 NW,11,11,100.0,0.0,Coastal,0,0,0.0,True,50.0,Ian,Before
US1SCOR0036,33.6033,-80.8725,ORANGEBURG 7.6 N,11,11,100.0,4.730226040938814,Coastal,0,0,0.0,True,50.0,Ian,Before
US1SCOR0037,33.4994,-80.8687,ORANGEBURG 0.4 NNW,11,11,100.0,0.0,Coastal,0,0,0.0,True,50.0,Ian,Before
US1SCOR0041,33.5153,-80.6063,ELLOREE 2.2 WSW,11,0,0.0,24.100798438954566,Coastal,11,4,36.36,True,18.18,Ian,Before
US1SCOR0048,33.6033,-81.0296,NORTH 4.3 ESE,11,0,0.0,16.07345132676836,Coastal,11,2,18.18,False,9.09,Ian,Before
US1SCOR0049,33.4876,-80.4531,SANTEE 2.0 ENE,11,0,0.0,41.37936593981456,Coastal,11,5,45.45,True,22.72,Ian,Before
US1SCOR0051,33.3366,-80.4571,HOLLY HILL 2.6 WNW,11,11,100.0,43.92387354323799,Coastal,0,0,0.0,True,50.0,Ian,Before
US1SCOR0052,33.6213,-81.0133,NORTH 5.2 E,11,11,100.0,15.843837015777744,Coastal,0,0,0.0,True,50.0,Ian,Before
US1SCRC0030,33.9574,-80.8578,HOPKINS 3.9 NNE,11,0,0.0,6.426904314772542,Coastal,11,2,18.18,False,9.09,Ian,Before
US1SCRC0042,33.9984,-80.9804,COLUMBIA 3.1 E,11,0,0.0,0.0,Coastal,11,4,36.36,True,18.18,Ian,Before
US1SCRC0064,33.9839,-81.0094,COLUMBIA 1.9 SE,11,11,100.0,0.0,Coastal,0,0,0.0,True,50.0,Ian,Before
US1SCRC0122,33.9807,-81.0021,VALENCIA HEIGHTS 1.0 WNW,11,0,0.0,0.0,Coastal,11,4,36.36,True,18.18,Ian,Before
US1SCRC0123,33.9661,-80.9292,COLUMBIA 5.6 SSW,11,4,36.36,0.0,Coastal,7,2,28.57,True,32.47,Ian,Before
US1SCSL0002,33.9465,-81.8558,SALUDA 6.1 SW,11,0,0.0,43.088297734761824,Coastal,11,2,18.18,False,9.09,Ian,Before
US1SCSL0010,33.84,-81.6663,RIDGE SPRING 0.4 SSW,11,0,0.0,30.78597089265995,Coastal,11,2,18.18,False,9.09,Ian,Before
US1SCSM0010,33.9456,-80.388,SUMTER 0.3 ENE,11,0,0.0,0.0,Coastal,11,2,18.18,False,9.09,Ian,Before
US1SCSM0013,33.9471,-80.3901,SUMTER 0.2 NE,11,0,0.0,0.0,Coastal,11,2,18.18,False,9.09,Ian,Before
US1SCSM0020,33.8944,-80.4083,SUMTER 3.6 SSW,11,0,0.0,2.7171248564951727,Coastal,11,2,18.18,False,9.09,Ian,Before
US1SCSM0024,33.9883,-80.5361,OAKLAND 2.1 W,11,11,100.0,12.232647612574507,Coastal,0,0,0.0,True,50.0,Ian,Before
US1SCSM0026,33.942,-80.4254,SUMTER 1.9 W,11,0,0.0,0.4892655567301823,Coastal,11,2,18.18,False,9.09,Ian,Before
US1SCSM0030,33.9291,-80.397,SUMTER 1.1 SSW,11,0,0.0,0.0,Coastal,11,2,18.18,False,9.09,Ian,Before
US1SCSM0035,33.8316,-80.3652,SUMTER 8.0 SSE,11,10,90.91,9.763591694461862,Coastal,1,1,100.0,True,95.46,Ian,Before
US1SCSM0039,33.9837,-80.526,SUMTER 8.1 WNW,11,9,81.82,10.981969989986679,Coastal,2,0,0.0,True,40.91,Ian,Before
US1SCSM0040,33.9053,-80.4241,SUMTER 3.3 SW,11,8,72.73,2.831810965032283,Coastal,3,0,0.0,True,36.36,Ian,Before
US1SCSM0041,33.9142,-80.4259,SUMTER 2.8 SW,11,0,0.0,2.6983399536341617,Coastal,11,2,18.18,False,9.09,Ian,Before
US1SCWL0002,33.7394,-79.9332,KINGSTREE 7.9 NW,11,0,0.0,50.48864854586686,Rural,11,2,18.18,False,9.09,Ian,Before
US1SCWL0004,33.7456,-79.9629,KINGSTREE 9.5 NW,11,11,100.0,47.182931964394804,Coastal,0,0,0.0,True,50.0,Ian,Before
USC00080228,27.2178,-81.8742,ARCADIA,11,11,100.0,34.73925301840858,Coastal,0,0,0.0,True,50.0,Ian,Before
USC00080236,27.1819,-81.3511,ARCHBOLD BIO STN,11,0,0.0,80.27567309318682,Rural,11,4,36.36,True,18.18,Ian,Before
USC00080369,27.5947,-81.5267,AVON PARK 2 W,11,0,0.0,38.23307549633865,Coastal,11,4,36.36,True,18.18,Ian,Before
USC00080478,27.8864,-81.8325,BARTOW 1SE,11,0,0.0,15.792643476788497,Coastal,11,3,27.27,True,13.64,Ian,Before
USC00080598,29.7956,-82.9178,BELL 4NW,11,11,100.0,53.93243831435851,Rural,0,0,0.0,True,50.0,Ian,Before
USC00080737,26.3283,-80.9958,BIG CYPRESS,11,0,0.0,66.7605804018515,Rural,11,5,45.45,True,22.72,Ian,Before
USC00080945,27.4364,-82.4903,BRADENTON 5 ESE,11,0,0.0,0.0,Coastal,11,3,27.27,True,13.64,Ian,Before
USC00081276,26.8639,-80.6256,CANAL PT USDA,11,6,54.55,43.32480458258537,Coastal,5,1,20.0,True,37.28,Ian,Before
USC00081641,28.4558,-81.7233,CLERMONT 9 S,11,0,0.0,12.386232117017181,Coastal,11,1,9.09,False,4.54,Ian,Before
USC00082008,29.6333,-83.1053,CROSS CITY 1 E,11,1,9.09,73.61451447340328,Rural,10,1,10.0,False,9.54,Ian,Before
USC00082150,29.1967,-81.0083,DAYTONA BEACH,11,0,0.0,0.0,Coastal,11,2,18.18,False,9.09,Ian,Before
USC00082229,29.0097,-81.2986,DELAND 1 SSE,11,2,18.18,0.0,Coastal,9,1,11.11,False,14.64,Ian,Before
USC00082288,27.3697,-81.5136,DESOTO CITY 8 SW,11,11,100.0,66.35773329650794,Rural,0,0,0.0,True,50.0,Ian,Before
USC00082298,26.6639,-81.09,DEVILS GARDEN,11,0,0.0,80.40955363115894,Rural,11,5,45.45,True,22.72,Ian,Before
USC00082944,30.6669,-81.4525,FERNANDINA BEACH,11,11,100.0,17.267968101635468,Coastal,0,0,0.0,True,50.0,Ian,Before
USC00083153,27.5728,-82.1392,FT GREEN 12 WSW,11,0,0.0,39.72113038741924,Coastal,11,3,27.27,True,13.64,Ian,Before
USC00083163,26.1019,-80.2011,FT LAUDERDALE,11,0,0.0,0.0,Coastal,11,6,54.55,True,27.28,Ian,Before
USC00083168,26.1408,-80.1061,FT LAUDERDALE BEACH,11,6,54.55,0.0,Coastal,5,2,40.0,True,47.28,Ian,Before
USC00083207,27.4419,-80.3508,FT PIERCE,11,0,0.0,0.0,Coastal,11,5,45.45,True,22.72,Ian,Before
USC00083209,27.4272,-80.4053,FT PIERCE ARC,11,8,72.73,0.9815396672941628,Coastal,3,1,33.33,True,53.03,Ian,Before
USC00083470,30.2717,-82.1856,GLEN ST MARY 1 W,11,11,100.0,40.873407040400195,Coastal,0,0,0.0,True,50.0,Ian,Before
USC00083874,29.7653,-81.4697,HASTINGS 4NE,11,0,0.0,17.812145765483088,Coastal,11,3,27.27,True,13.64,Ian,Before
USC00083986,28.1469,-82.2275,HILLSBOROUGH RVR SP,11,6,54.55,13.090046724705074,Coastal,5,2,40.0,True,47.28,Ian,Before
USC00084050,26.0281,-80.1342,HOLLYWOOD,11,1,9.09,0.0,Coastal,10,4,40.0,True,24.54,Ian,Before
USC00084289,28.8028,-82.3128,INVERNESS 3 SE,11,0,0.0,30.08068496448088,Coastal,11,2,18.18,False,9.09,Ian,Before
USC00084366,30.2875,-81.3928,JACKSONVILLE BEACH,11,1,9.09,0.0,Coastal,10,1,10.0,False,9.54,Ian,Before
USC00084394,30.5056,-82.9492,JASPER,11,6,54.55,36.12380159799469,Coastal,5,0,0.0,True,27.28,Ian,Before
USC00084461,26.86,-80.0553,JUNO BEACH,11,2,18.18,0.0,Coastal,9,4,44.44,True,31.31,Ian,Before
USC00084500,27.8703,-81.0436,KENANSVILLE,11,0,0.0,46.53153081347633,Coastal,11,5,45.45,True,22.72,Ian,Before
USC00084621,27.6039,-81.0531,KISSIMMEE PRAIRIE PRESERVE,11,0,0.0,67.73464478415367,Rural,11,5,45.45,True,22.72,Ian,Before
USC00084625,28.2764,-81.4239,KISSIMMEE 2,11,1,9.09,1.0059890445054827,Coastal,10,2,20.0,True,14.54,Ian,Before
USC00084731,30.1853,-82.5942,LAKE CITY 2 E,11,0,0.0,4.718525541028253,Coastal,11,2,18.18,False,9.09,Ian,Before
USC00084802,27.9944,-82.0139,LAKELAND 2,11,0,0.0,2.0009658354020288,Coastal,11,3,27.27,True,13.64,Ian,Before
USC00085076,28.8728,-81.7844,LISBON,11,0,0.0,8.905712106725236,Coastal,11,2,18.18,False,9.09,Ian,Before
USC00085099,30.3075,-82.9936,LIVE OAK,11,0,0.0,36.157921785499326,Coastal,11,1,9.09,False,4.54,Ian,Before
USC00085184,26.4986,-80.2161,LOXAHATCHEE NWR,11,0,0.0,2.6646509145460042,Coastal,11,6,54.55,True,27.28,Ian,Before
USC00085539,30.06,-83.1719,MAYO,11,0,0.0,54.32438116415891,Rural,11,2,18.18,False,9.09,Ian,Before
USC00085612,28.1136,-80.6539,MELBOURNE WFO,11,0,0.0,0.0,Coastal,11,3,27.27,True,13.64,Ian,Before
USC00085880,30.4406,-83.9858,MONTICELLO 10 SW,11,0,0.0,24.974668633839308,Coastal,11,2,18.18,False,9.09,Ian,Before
USC00085895,26.84,-81.0872,MOORE HAVEN LOCK 1,11,6,54.55,83.25284861778972,Rural,5,0,0.0,True,27.28,Ian,Before
USC00085973,27.9378,-81.5992,MTN LAKE,11,5,45.45,0.0,Coastal,6,3,50.0,True,47.72,Ian,Before
USC00086048,26.8261,-81.4914,MUSE,11,0,0.0,40.09360270678467,Coastal,11,3,27.27,True,13.64,Ian,Before
USC00086065,27.24,-82.3153,MYAKKA RVR SP,11,0,0.0,14.811993419913787,Coastal,11,3,27.27,True,13.64,Ian,Before
USC00086078,26.1653,-81.6842,NAPLES,11,1,9.09,0.5312282461171371,Coastal,10,5,50.0,True,29.54,Ian,Before
USC00086092,27.2878,-80.2214,NETTLES IS,11,0,0.0,1.9497708736628454,Coastal,11,5,45.45,True,22.72,Ian,Before
USC00086414,29.1639,-82.0778,OCALA,11,11,100.0,1.9379078235449307,Coastal,0,0,0.0,True,50.0,Ian,Before
USC00086634,28.5083,-81.5467,ORLANDO W,11,0,0.0,2.140367017199105,Coastal,11,2,18.18,False,9.09,Ian,Before
USC00086657,26.7897,-81.3045,ORTONA LOCK 2,11,7,63.64,58.26807351426663,Rural,4,0,0.0,True,31.82,Ian,Before
USC00086761,27.9153,-80.6458,PALM BAY,11,0,0.0,14.29100498720041,Coastal,11,4,36.36,True,18.18,Ian,Before
USC00086764,26.8261,-80.1489,PALM BEACH GARDENS,11,0,0.0,0.0,Coastal,11,5,45.45,True,22.72,Ian,Before
USC00086767,29.6319,-81.2061,PALM COAST 6NE,11,11,100.0,4.557806267891463,Coastal,0,0,0.0,True,50.0,Ian,Before
USC00087025,30.0925,-83.5708,PERRY,11,0,0.0,83.33164571873023,Rural,11,1,9.09,False,4.54,Ian,Before
USC00087205,28.0208,-82.1392,PLANT CITY,11,0,0.0,0.0,Coastal,11,3,27.27,True,13.64,Ian,Before
USC00087228,28.7992,-81.5372,MT PLYMOUTH 1SSW,11,0,0.0,12.044325087451139,Coastal,11,1,9.09,False,4.54,Ian,Before
USC00087261,29.0361,-80.9181,NEW SMYRNA BCH - MARINE DISCOV,11,2,18.18,0.0,Coastal,9,1,11.11,False,14.64,Ian,Before
USC00087304,27.0997,-80.2628,PORT SALERNO 5W,11,1,9.09,6.892247577614202,Coastal,10,4,40.0,True,24.54,Ian,Before
USC00087397,26.9147,-81.9969,PUNTA GORDA 4 ESE,11,0,0.0,3.6500939873335017,Coastal,11,4,36.36,True,18.18,Ian,Before
USC00087826,29.8764,-81.31,ST AUGUSTINE WTP,11,11,100.0,0.0,Coastal,0,0,0.0,True,50.0,Ian,Before
USC00087851,28.3381,-82.2603,SAINT LEO,11,0,0.0,21.188192817530524,Coastal,11,3,27.27,True,13.64,Ian,Before
USC00087982,28.8147,-81.2778,SANFORD,11,0,0.0,0.0,Coastal,11,1,9.09,False,4.54,Ian,Before
USC00088051,28.73,-80.8794,SCOTTSMOOR 2.5 SSW,11,0,0.0,9.4828043128668,Coastal,11,2,18.18,False,9.09,Ian,Before
USC00088368,26.47,-80.6403,S BAY 15 S,11,0,0.0,41.13364831274504,Coastal,11,5,45.45,True,22.72,Ian,Before
USC00088620,27.1897,-80.2397,STUART,11,0,0.0,0.0,Coastal,11,5,45.45,True,22.72,Ian,Before
USC00088782,27.7053,-82.4008,TAMPA BAY AREA WFO,11,0,0.0,20.007462466307416,Coastal,11,3,27.27,True,13.64,Ian,Before
USC00088824,28.1522,-82.7539,TARPON SPGS SEWAGE PLT,11,0,0.0,0.0,Coastal,11,3,27.27,True,13.64,Ian,Before
USC00088942,28.6244,-80.8169,TITUSVILLE,11,0,0.0,0.0,Coastal,11,2,18.18,False,9.09,Ian,Before
USC00089120,29.4081,-82.8189,USHER TWR,11,0,0.0,52.857265802385385,Rural,11,2,18.18,False,9.09,Ian,Before
USC00089176,27.1006,-82.4364,VENICE,11,0,0.0,0.0,Coastal,11,3,27.27,True,13.64,Ian,Before
USC00089219,27.6528,-80.4031,VERO BEACH 4SE,11,0,0.0,0.0,Coastal,11,4,36.36,True,18.18,Ian,Before
USC00089401,27.5478,-81.7994,WAUCHULA,11,0,0.0,48.54719484879103,Coastal,11,3,27.27,True,13.64,Ian,Before
USC00090311,33.5572,-82.3369,APPLING 2 NW,11,0,0.0,17.796960504462984,Coastal,11,2,18.18,False,9.09,Ian,Before
USC00091266,32.3767,-81.6739,BROOKLET 1 W,11,0,0.0,11.051361088213088,Coastal,11,1,9.09,False,4.54,Ian,Before
USC00091340,31.1681,-81.5022,BRUNSWICK,11,11,100.0,0.0,Coastal,0,0,0.0,True,50.0,Ian,Before
USC00092266,31.985,-83.7747,CORDELE,11,0,0.0,0.0,Coastal,11,6,54.55,True,27.28,Ian,Before
USC00092361,31.8453,-83.9408,CRISP CO PWR DAM,11,5,45.45,21.790406710777074,Coastal,6,2,33.33,True,39.39,Ian,Before
USC00092844,32.5575,-82.9,DUBLIN 2,11,0,0.0,0.0,Coastal,11,1,9.09,False,4.54,Ian,Before
USC00092966,32.2003,-83.2058,EASTMAN 1 W,11,0,0.0,51.707074870477285,Rural,11,2,18.18,False,9.09,Ian,Before
USC00092994,33.3178,-83.3931,EATONTON,11,11,100.0,27.99139373468732,Coastal,0,0,0.0,True,50.0,Ian,Before
USC00093325,30.8264,-82.3606,FARGO 17 NE,11,11,100.0,46.23700898812218,Coastal,0,0,0.0,True,50.0,Ian,Before
USC00093465,30.74,-82.1278,FOLKSTON 9 SW,11,11,100.0,49.69462046278512,Coastal,0,0,0.0,True,50.0,Ian,Before
USC00093538,31.8694,-81.6236,FT STEWART,11,0,0.0,0.0,Coastal,11,1,9.09,False,4.54,Ian,Before
USC00093754,31.9881,-81.9522,GLENNVILLE 3NW,11,0,0.0,34.6776261933869,Coastal,11,1,9.09,False,4.54,Ian,Before
USC00094170,32.2964,-83.4883,HAWKINSVILLE,11,0,0.0,33.16041059507857,Coastal,11,1,9.09,False,4.54,Ian,Before
USC00094429,31.0767,-82.8003,HOMERVILLE 5 N,11,11,100.0,45.315377863854394,Coastal,0,0,0.0,True,50.0,Ian,Before
USC00094623,33.32,-83.8436,JACKSON DAM,11,11,100.0,36.24585845130733,Coastal,0,0,0.0,True,50.0,Ian,Before
USC00094862,32.7128,-82.5414,KITE,11,0,0.0,23.552347637907175,Coastal,11,1,9.09,False,4.54,Ian,Before
USC00095204,33.7764,-82.4714,LINCOLNTON,11,0,0.0,32.52337911549492,Coastal,11,2,18.18,False,9.09,Ian,Before
USC00095205,33.7244,-82.4675,LINCOLNTON 4.4S,11,0,0.0,25.802346448589145,Coastal,11,2,18.18,False,9.09,Ian,Before
USC00095314,33.0125,-82.3914,LOUISVILLE 1 E,11,0,0.0,44.9392635187204,Coastal,11,1,9.09,False,4.54,Ian,Before
USC00095331,31.7131,-81.7453,LUDOWICI,11,11,100.0,16.85126305254101,Coastal,0,0,0.0,True,50.0,Ian,Before
USC00095440,32.8269,-83.6092,MACON (DARDC),11,11,100.0,0.0,Coastal,0,0,0.0,True,50.0,Ian,Before
USC00095811,32.4003,-82.0478,METTER,11,11,100.0,27.201248631206514,Coastal,0,0,0.0,True,50.0,Ian,Before
USC00095863,32.8753,-82.2156,MIDVILLE EXP STN,11,6,54.55,36.15660201329401,Coastal,5,1,20.0,True,37.28,Ian,Before
USC00095974,33.8019,-83.7156,MONROE DARDC,11,11,100.0,24.073357614024776,Coastal,0,0,0.0,True,50.0,Ian,Before
USC00095988,33.3328,-83.6975,MONTICELLO,11,0,0.0,37.92855568249044,Coastal,11,3,27.27,True,13.64,Ian,Before
USC00096087,31.1728,-83.7481,MOULTRIE 2 ESE,11,0,0.0,1.0630170696612453,Coastal,11,1,9.09,False,4.54,Ian,Before
USC00096126,32.1739,-82.5956,MT VERNON,11,0,0.0,18.798913117190143,Coastal,11,1,9.09,False,4.54,Ian,Before
USC00096219,31.2739,-81.9197,NAHUNTA 6NE,11,11,100.0,41.758518397943995,Coastal,0,0,0.0,True,50.0,Ian,Before
USC00097171,31.6953,-82.9239,PRIDGEN,11,11,100.0,20.672316742106027,Coastal,0,0,0.0,True,50.0,Ian,Before
USC00097528,32.6319,-81.7722,ROCKY FORD 4SE,11,0,0.0,18.902163830684568,Coastal,11,0,0.0,False,0.0,Ian,Before
USC00097777,32.9744,-82.8045,SANDERSVILLE,11,0,0.0,0.0,Coastal,11,1,9.09,False,4.54,Ian,Before
USC00097808,31.3981,-81.2808,SAPELO IS,11,0,0.0,27.62628531629849,Coastal,11,1,9.09,False,4.54,Ian,Before
USC00098677,33.4506,-82.4822,THOMSON 1.5SE,11,0,0.0,3.36787550204366,Coastal,11,2,18.18,False,9.09,Ian,Before
USC00098703,31.4461,-83.4767,TIFTON,11,0,0.0,2.6955161614379644,Coastal,11,1,9.09,False,4.54,Ian,Before
USC00099124,32.6094,-83.6164,WARNER ROBINS,11,0,0.0,0.0,Coastal,11,2,18.18,False,9.09,Ian,Before
USC00099194,33.0714,-82.0072,WAYNESBORO 2 S,11,0,0.0,34.32631260876954,Coastal,11,1,9.09,False,4.54,Ian,Before
USC00099486,33.9669,-83.2886,WINTERVILLE,11,5,45.45,3.464668934494305,Coastal,6,1,16.67,True,31.06,Ian,Before
USC00099502,30.9592,-81.7072,WOODBINE,11,11,100.0,17.839082662087122,Coastal,0,0,0.0,True,50.0,Ian,Before
USC00380072,33.5506,-81.6969,AIKEN 2 E,11,3,27.27,0.0,Coastal,8,2,25.0,True,26.14,Ian,Before
USC00380184,33.4408,-79.5672,ANDREWS,11,0,0.0,27.04458033825662,Coastal,11,3,27.27,True,13.64,Ian,Before
USC00380448,33.2872,-81.0506,BAMBERG,11,0,0.0,30.63129334046948,Coastal,11,3,27.27,True,13.64,Ian,Before
USC00380490,33.2547,-81.2361,BARNWELL 5 ENE,11,0,0.0,44.0596759666323,Coastal,11,2,18.18,False,9.09,Ian,Before
USC00380506,33.9,-81.5389,BATESBURG,11,0,0.0,30.931114817150537,Coastal,11,2,18.18,False,9.09,Ian,Before
USC00381093,33.5214,-79.0975,BROOKGREEN GARDENS,11,0,0.0,7.07552839420826,Coastal,11,1,9.09,False,4.54,Ian,Before
USC00381241,33.8083,-79.8567,CADES 4 W,11,0,0.0,47.22967689306477,Coastal,11,2,18.18,False,9.09,Ian,Before
USC00381726,33.6633,-82.1897,CLARKS HILL 1 W,11,0,0.0,10.583639743940386,Coastal,11,2,18.18,False,9.09,Ian,Before
USC00381944,33.9917,-81.0247,COLUMBIA UNIV OF SC,11,0,0.0,0.0,Coastal,11,6,54.55,True,27.28,Ian,Before
USC00382711,33.7858,-81.9314,EDGEFIELD 0.3SW,11,11,100.0,24.403366103308137,Coastal,0,0,0.0,True,50.0,Ian,Before
USC00382730,32.5042,-80.3247,EDISTO BEACH SP,11,11,100.0,41.337352136314,Coastal,0,0,0.0,True,50.0,Ian,Before
USC00383470,33.3169,-79.3228,GEORGETOWN CO AP,11,5,45.45,7.325299367630851,Coastal,6,2,33.33,True,39.39,Ian,Before
USC00383665,33.5683,-81.7394,GRANITEVILLE 3.9 ENE,11,5,45.45,0.0,Coastal,6,1,16.67,True,31.06,Ian,Before
USC00384205,33.3172,-80.4183,HOLLY HILL 1 SW,11,1,9.09,39.33289757324773,Coastal,10,4,40.0,True,24.54,Ian,Before
USC00384449,33.2886,-79.6914,JAMESTOWN,11,1,9.09,41.576157521058015,Coastal,10,3,30.0,True,19.55,Ian,Before
USC00384607,33.7775,-81.8475,JOHNSTON 4 SW,11,0,0.0,24.22157469319123,Coastal,11,2,18.18,False,9.09,Ian,Before
USC00384886,33.8642,-79.7297,LAKE CITY 2 SE,11,2,18.18,39.826257054109206,Coastal,9,2,22.22,True,20.2,Ian,Before
USC00385493,33.6989,-80.1992,MANNING,11,0,0.0,32.45794410821739,Coastal,11,3,27.27,True,13.64,Ian,Before
USC00385660,33.9125,-82.2878,MCCORMICK,11,2,18.18,35.938743187490616,Coastal,9,0,0.0,False,9.09,Ian,Before
USC00385946,33.2425,-79.9869,MONCKS CORNER 4 N,11,0,0.0,25.56291066405729,Coastal,11,4,36.36,True,18.18,Ian,Before
USC00386153,33.7544,-78.8219,MYRTLE BEACH,11,1,9.09,0.0,Coastal,10,1,10.0,False,9.54,Ian,Before
USC00386299,33.6628,-81.0333,N 5NE,11,11,100.0,21.230735718204972,Coastal,0,0,0.0,True,50.0,Ian,Before
USC00386527,33.4889,-80.8742,ORANGEBURG 2,11,0,0.0,0.0,Coastal,11,3,27.27,True,13.64,Ian,Before
USC00386775,33.7717,-81.2581,PELION 0.8 NW,11,0,0.0,23.531294628877955,Coastal,11,1,9.09,False,4.54,Ian,Before
USC00387631,33.9919,-81.7714,SALUDA,11,0,0.0,40.411977020064505,Coastal,11,1,9.09,False,4.54,Ian,Before
USC00388405,32.7617,-79.8572,SULLIVANS IS,11,4,36.36,4.785506406871686,Coastal,7,1,14.29,True,25.32,Ian,Before
USC00388426,33.0367,-80.2325,SUMMERVILLE 4W,11,1,9.09,0.9523418049886448,Coastal,10,0,0.0,False,4.54,Ian,Before
USC00388440,33.935,-80.3478,SUMTER,11,0,0.0,0.0,Coastal,11,2,18.18,False,9.09,Ian,Before
USC00388474,33.7564,-81.0428,SWANSEA 3.5 NE,11,0,0.0,21.40346460106525,Coastal,11,2,18.18,False,9.09,Ian,Before
USC00388879,33.6397,-81.3722,WAGENER 1SW,11,0,0.0,36.56690882035498,Coastal,11,2,18.18,False,9.09,Ian,Before
USC00388922,32.885,-80.6761,WALTERBORO 1 SW,11,2,18.18,51.937585760214404,Rural,9,3,33.33,True,25.76,Ian,Before
USC00389469,32.7019,-80.8517,YEMASSEE 1 N,11,0,0.0,30.0372921635858,Coastal,11,3,27.27,True,13.64,Ian,Before
USW00003728,33.1533,-79.3636,MCCLELLANVILLE 7 NE,11,0,0.0,29.563189778508736,Coastal,11,3,27.27,True,13.64,Ian,Before
USW00003813,32.6889,-83.6531,MACON MIDDLE GA RGNL AP,11,0,0.0,3.3881442175543595,Coastal,11,2,18.18,False,9.09,Ian,Before
USW00003820,33.3653,-81.9636,AUGUSTA BUSH FLD AP,11,0,0.0,0.0,Coastal,11,0,0.0,False,0.0,Ian,Before
USW00003822,32.1314,-81.2022,SAVANNAH INTL AP,11,0,0.0,0.0,Coastal,11,1,9.09,False,4.54,Ian,Before
USW00003853,30.4,-81.4167,MAYPORT PILOT STN,11,0,0.0,0.0,Coastal,11,1,9.09,False,4.54,Ian,Before
USW00012812,26.9183,-81.9939,PUNTA GORDA CHARLOTTE CO AP,11,0,0.0,3.8340115602312252,Coastal,11,4,36.36,True,18.18,Ian,Before
USW00012815,28.4183,-81.3242,ORLANDO INTL AP,11,0,0.0,1.0262773153978177,Coastal,11,4,36.36,True,18.18,Ian,Before
USW00012816,29.6917,-82.2761,GAINESVILLE RGNL AP,11,0,0.0,3.580712336660682e-05,Coastal,11,2,18.18,False,9.09,Ian,Before
USW00012818,28.4739,-82.4536,BROOKSVILLE HERNANDO CO AP,11,0,0.0,13.516446739806991,Coastal,11,3,27.27,True,13.64,Ian,Before
USW00012819,28.8214,-81.8097,LEESBURG MUNI AP,11,0,0.0,5.591003009680623,Coastal,11,2,18.18,False,9.09,Ian,Before
USW00012833,29.6333,-83.1053,CROSS CITY AP,11,0,0.0,73.61451447340328,Rural,11,1,9.09,False,4.54,Ian,Before
USW00012834,29.1736,-81.0719,DAYTONA BEACH INTL AP,11,0,0.0,0.0,Coastal,11,2,18.18,False,9.09,Ian,Before
USW00012835,26.585,-81.8614,FT MYERS PAGE FLD AP,11,0,0.0,0.0,Coastal,11,4,36.36,True,18.18,Ian,Before
USW00012838,28.0997,-80.6356,MELBOURNE INTL AP,11,0,0.0,0.0,Coastal,11,5,45.45,True,22.72,Ian,Before
USW00012841,28.5467,-81.3356,ORLANDO EXECUTIVE AP,11,0,0.0,0.0,Coastal,11,2,18.18,False,9.09,Ian,Before
USW00012842,27.9633,-82.54,TAMPA INTL AP,11,0,0.0,0.0,Coastal,11,3,27.27,True,13.64,Ian,Before
USW00012843,27.6553,-80.4142,VERO BEACH INTL AP,11,0,0.0,0.0,Coastal,11,4,36.36,True,18.18,Ian,Before
USW00012844,26.685,-80.0992,W PALM BEACH INTL AP,11,0,0.0,0.0,Coastal,11,6,54.55,True,27.28,Ian,Before
USW00012849,26.0789,-80.1622,FT LAUDERDALE INTL AP,11,0,0.0,0.0,Coastal,11,6,54.55,True,27.28,Ian,Before
USW00012854,28.7794,-81.2436,ORLANDO SANFORD AP,11,0,0.0,1.863930420487511,Coastal,11,1,9.09,False,4.54,Ian,Before
USW00012861,29.1667,-82.2333,OCALA JIM TAYLOR FLD,11,0,0.0,3.3794749270895545,Coastal,11,2,18.18,False,9.09,Ian,Before
USW00012871,27.4014,-82.5586,SARASOTA BRADENTON AP,11,0,0.0,0.0,Coastal,11,3,27.27,True,13.64,Ian,Before
USW00012873,27.9125,-82.6856,ST PETERSBURG CLEARWATER INTL,11,0,0.0,0.0,Coastal,11,3,27.27,True,13.64,Ian,Before
USW00012876,28.0614,-81.7569,WINTER HAVEN GILBERT AP,11,0,0.0,0.0,Coastal,11,3,27.27,True,13.64,Ian,Before
USW00012883,28.0,-82.05,LAKELAND LINDER RGNL AP,11,0,0.0,4.700197669794308,Coastal,11,3,27.27,True,13.64,Ian,Before
USW00012885,26.1992,-80.1778,FT LAUDERDALE EXECUTIVE AP,11,0,0.0,0.0,Coastal,11,5,45.45,True,22.72,Ian,Before
USW00012894,26.5381,-81.7567,FT MYERS SW FLORIDA RGNL AP,11,0,0.0,7.912574353986588,Coastal,11,3,27.27,True,13.64,Ian,Before
USW00012895,27.4981,-80.3764,FT PIERCE ST LUCIE CO INTL AP,11,0,0.0,0.8514987593741942,Coastal,11,4,36.36,True,18.18,Ian,Before
USW00012897,26.155,-81.7753,NAPLES MUNI AP,11,0,0.0,0.0,Coastal,11,7,63.64,True,31.82,Ian,Before
USW00013717,33.6833,-78.9333,MYRTLE BEACH AFB,11,11,100.0,0.0,Coastal,0,0,0.0,True,50.0,Ian,Before
USW00013782,32.775,-79.9239,DWTN CHARLESTON,11,0,0.0,1.5902336483609751,Coastal,11,3,27.27,True,13.64,Ian,Before
USW00013837,33.4667,-82.0383,AUGUSTA DANIEL FLD AP,11,0,0.0,0.0,Coastal,11,2,18.18,False,9.09,Ian,Before
USW00013870,31.54,-82.5072,ALMA BACON CO AP,11,0,0.0,35.22257582982977,Coastal,11,1,9.09,False,4.54,Ian,Before
USW00013873,33.9478,-83.3272,ATHENS BEN EPPS AP,11,0,0.0,0.0,Coastal,11,4,36.36,True,18.18,Ian,Before
USW00013878,31.1528,-81.3906,BRUNSWICK-MCKINNON AP,11,0,0.0,9.404853537899271,Coastal,11,1,9.09,False,4.54,Ian,Before
USW00013880,32.8994,-80.0408,CHARLESTON INTL AP,11,0,0.0,0.0,Coastal,11,2,18.18,False,9.09,Ian,Before
USW00013883,33.9486,-81.1183,COLUMBIA,11,0,0.0,0.0,Coastal,11,3,27.27,True,13.64,Ian,Before
USW00013889,30.4847,-81.7019,JACKSONVILLE,11,0,0.0,0.0,Coastal,11,0,0.0,False,0.0,Ian,Before
USW00053854,33.4639,-80.8533,ORANGEBURG MUNI AP,11,0,0.0,0.9462214947944364,Coastal,11,3,27.27,True,13.64,Ian,Before
USW00053860,30.3369,-81.5128,JACKSONVILLE CRAIG MUNI AP,11,0,0.0,0.0,Coastal,11,2,18.18,False,9.09,Ian,Before
USW00053867,33.9719,-80.9939,COLUMBIA OWENS DWTN AP,11,0,0.0,0.0,Coastal,11,4,36.36,True,18.18,Ian,Before
USW00063803,33.9797,-83.9633,LAWRENCEVILLE AP,11,0,0.0,0.0,Coastal,11,3,27.27,True,13.64,Ian,Before
USW00063826,33.355,-81.3278,BLACKVILLE 3 W,11,0,0.0,34.03233649251155,Coastal,11,3,27.27,True,13.64,Ian,Before
USW00063850,33.7836,-83.3897,WATKINSVILLE 5 SSE,11,0,0.0,17.619927023269224,Coastal,11,4,36.36,True,18.18,Ian,Before
USW00063856,30.8078,-81.4597,BRUNSWICK 23 S,11,0,0.0,7.095455817478888,Coastal,11,1,9.09,False,4.54,Ian,Before
USW00063890,30.3503,-81.8761,JACKSONVILLE WHITEHOUSE NAVAL,11,0,0.0,6.467516358633747,Coastal,11,1,9.09,False,4.54,Ian,Before
USW00092805,26.2464,-80.1111,POMPANO BEACH AIRPARK,11,0,0.0,0.0,Coastal,11,5,45.45,True,22.72,Ian,Before
USW00092806,27.7683,-82.6256,ST PETERSBURG ALBERT WHITTED A,11,0,0.0,0.0,Coastal,11,3,27.27,True,13.64,Ian,Before
USW00092814,29.9592,-81.3397,ST AUGUSTINE AP,11,0,0.0,0.11126688394418362,Coastal,11,1,9.09,False,4.54,Ian,Before
USW00092821,28.6158,-80.6928,TITUSVILLE 7 E,11,0,0.0,11.638428130205934,Coastal,11,2,18.18,False,9.09,Ian,Before
USW00092827,27.1525,-81.3689,SEBRING 23 SSE,11,0,0.0,76.71680750088014,Rural,11,4,36.36,True,18.18,Ian,Before
USW00093718,33.8161,-78.7206,N MYRTLE BEACH,11,0,0.0,0.0,Coastal,11,1,9.09,False,4.54,Ian,Before
USW00093831,32.4833,-80.7167,BEAUFORT MCAS,11,0,0.0,0.6562734793488562,Coastal,11,5,45.45,True,22.72,Ian,Before
USW00093837,30.2333,-81.6667,JACKSONVILLE NAS,11,0,0.0,0.6380836288147986,Coastal,11,0,0.0,False,0.0,Ian,Before
USW00093845,30.7764,-83.2739,VALDOSTA RGNL AP,11,0,0.0,4.284197901247369,Coastal,11,0,0.0,False,0.0,Ian,Before
BF1FP000001,26.5481,-78.7028,FREEPORT LUCAYA 7.4 WNW,11,0,0.0,0.0,Coastal,0,0,0.0,False,0.0,Ian,After
US1FLAL0002,29.5272,-82.4271,ARCHER 5.5 E,11,0,0.0,11.171652499167186,Coastal,11,0,0.0,False,0.0,Ian,After
US1FLAL0004,29.8006,-82.2836,BROOKER 6.6 SSE,11,0,0.0,10.55495095548435,Coastal,11,0,0.0,False,0.0,Ian,After
US1FLAL0007,29.5908,-82.4314,GAINESVILLE 8.1 SW,11,0,0.0,4.617237791310587,Coastal,11,0,0.0,False,0.0,Ian,After
US1FLAL0010,29.6802,-82.3988,GAINESVILLE 3.8 W,11,0,0.0,0.0,Coastal,11,0,0.0,False,0.0,Ian,After
US1FLAL0017,29.7869,-82.6276,HIGH SPRINGS 3.2 SW,11,9,81.82,24.125331479110233,Coastal,2,0,0.0,True,40.91,Ian,After
US1FLAL0026,29.6555,-82.3171,GAINESVILLE 1.7 SE,11,0,0.0,0.0,Coastal,11,0,0.0,False,0.0,Ian,After
US1FLAL0031,29.738,-82.4162,GAINESVILLE 6.5 NW,11,0,0.0,2.276140808030407,Coastal,11,0,0.0,False,0.0,Ian,After
US1FLAL0048,29.6778,-82.4264,GAINESVILLE 5.4 W,11,0,0.0,0.0,Coastal,11,0,0.0,False,0.0,Ian,After
US1FLAL0050,29.6478,-82.3618,GAINESVILLE 2.4 SW,11,0,0.0,0.0,Coastal,11,0,0.0,False,0.0,Ian,After
US1FLAL0051,29.5348,-82.2681,MICANOPY 2.1 NNE,11,0,0.0,13.932523333701685,Coastal,11,0,0.0,False,0.0,Ian,After
US1FLAL0054,29.5198,-82.3127,MICANOPY 2.1 WNW,11,0,0.0,13.615996043374766,Coastal,11,0,0.0,False,0.0,Ian,After
US1FLAL0055,29.6572,-82.4636,GAINESVILLE 7.7 W,11,0,0.0,2.4829881814800006,Coastal,11,0,0.0,False,0.0,Ian,After
US1FLAL0058,29.6056,-82.3601,GAINESVILLE 5.0 SSW,11,0,0.0,1.5177466447783496,Coastal,11,0,0.0,False,0.0,Ian,After
US1FLAL0060,29.6467,-82.4563,GAINESVILLE 7.5 WSW,11,2,18.18,2.2502958301428175,Coastal,9,0,0.0,False,9.09,Ian,After
US1FLAL0061,29.6416,-82.4246,GAINESVILLE 5.8 WSW,11,10,90.91,0.673673752129982,Coastal,1,0,0.0,True,45.46,Ian,After
US1FLAL0062,29.7091,-82.0662,MELROSE 1.7 W,11,0,0.0,22.307043787619577,Coastal,11,3,27.27,True,13.64,Ian,After
US1FLAL0063,29.6843,-82.3846,GAINESVILLE 3.0 WNW,11,2,18.18,0.0,Coastal,9,0,0.0,False,9.09,Ian,After
US1FLAL0071,29.6164,-82.1658,HAWTHORNE 5.0 WNW,11,0,0.0,15.458512372006386,Coastal,11,0,0.0,False,0.0,Ian,After
US1FLAL0072,29.6808,-82.3295,GAINESVILLE 0.6 NE,11,10,90.91,0.0,Coastal,1,0,0.0,True,45.46,Ian,After
US1FLAL0075,29.6692,-82.3496,GAINESVILLE 0.9 WSW,11,0,0.0,0.0,Coastal,11,0,0.0,False,0.0,Ian,After
US1FLAL0078,29.6007,-82.3453,GAINESVILLE 5.1 S,11,10,90.91,3.1194574831178556,Coastal,1,0,0.0,True,45.46,Ian,After
US1FLAL0079,29.6181,-82.3421,GAINESVILLE 3.9 S,11,0,0.0,1.5540386635088748,Coastal,11,0,0.0,False,0.0,Ian,After
US1FLAL0080,29.7377,-82.4169,GAINESVILLE 6.5 NW,11,0,0.0,2.2617524122427577,Coastal,11,0,0.0,False,0.0,Ian,After
US1FLAL0081,29.6164,-82.4514,GAINESVILLE 8.0 WSW,11,1,9.09,4.926791017666814,Coastal,10,0,0.0,False,4.54,Ian,After
US1FLAL0085,29.6958,-82.3586,GAINESVILLE 2.0 NW,11,10,90.91,0.0,Coastal,1,0,0.0,True,45.46,Ian,After
US1FLAL0086,29.5845,-82.4327,GAINESVILLE 8.5 SW,11,0,0.0,5.2962909139545244,Coastal,11,0,0.0,False,0.0,Ian,After
US1FLAL0095,29.656,-82.3233,GAINESVILLE 0.5 N,11,10,90.91,0.0,Coastal,1,0,0.0,True,45.46,Ian,After
US1FLAL0096,29.6122,-82.4445,GAINESVILLE 7.8 WSW,11,0,0.0,4.843304975683211,Coastal,11,0,0.0,False,0.0,Ian,After
US1FLAL0097,29.6834,-82.3853,GAINESVILLE 3.0 WNW,11,0,0.0,0.0,Coastal,11,0,0.0,False,0.0,Ian,After
US1FLAL0098,29.8455,-82.612,HIGH SPRINGS 2.0 NW,11,0,0.0,26.827385043988958,Coastal,11,0,0.0,False,0.0,Ian,After
US1FLAL0102,29.687,-82.6006,NEWBERRY 3.0 NNE,11,11,100.0,17.395187337001126,Coastal,0,0,0.0,True,50.0,Ian,After
US1FLBK0003,30.3212,-82.2757,SANDERSON 4.9 NNW,11,11,100.0,42.18003455592597,Coastal,0,0,0.0,True,50.0,Ian,After
US1FLBK0005,30.237,-82.2189,GLEN ST. MARY 4.4 SW,11,11,100.0,45.28727196180258,Coastal,0,0,0.0,True,50.0,Ian,After
US1FLBK0006,30.2985,-82.1624,GLEN ST. MARY 1.7 N,11,0,0.0,37.93931442612606,Coastal,11,2,18.18,False,9.09,Ian,After
US1FLBK0007,30.2161,-82.1606,MACCLENNY 4.9 SSW,11,0,0.0,38.998512064847894,Coastal,11,2,18.18,False,9.09,Ian,After
US1FLBV0001,27.9512,-80.642,PALM BAY 2.6 SSE,11,0,0.0,9.80703510611342,Coastal,11,3,27.27,True,13.64,Ian,After
US1FLBV0002,28.1882,-80.6805,PALM SHORES 1.4 W,11,0,0.0,0.0,Coastal,11,4,36.36,True,18.18,Ian,After
US1FLBV0005,28.0235,-80.6881,PALM BAY 3.1 NNW,11,3,27.27,5.042647584845462,Coastal,8,3,37.5,True,32.38,Ian,After
US1FLBV0006,28.1312,-80.6436,MELBOURNE 1.1 N,11,1,9.09,0.0,Coastal,10,5,50.0,True,29.54,Ian,After
US1FLBV0011,28.0165,-80.5332,MELBOURNE BEACH 3.9 SSE,11,4,36.36,6.152905127759068,Coastal,7,5,71.43,True,53.9,Ian,After
US1FLBV0012,28.3861,-80.6003,CAPE CANAVERAL 0.6 ESE,11,1,9.09,0.0,Coastal,10,3,30.0,True,19.55,Ian,After
US1FLBV0013,28.3122,-80.7456,ROCKLEDGE 1.1 WSW,11,0,0.0,2.274361471084924,Coastal,11,4,36.36,True,18.18,Ian,After
US1FLBV0014,27.9921,-80.6432,PALM BAY 1.0 NE,11,11,100.0,4.882738692610702,Coastal,0,0,0.0,True,50.0,Ian,After
US1FLBV0020,28.2439,-80.6842,PALM SHORES 4.3 NNW,11,0,0.0,0.5929793308243387,Coastal,11,4,36.36,True,18.18,Ian,After
US1FLBV0023,28.3956,-80.7868,COCOA 2.6 WNW,11,0,0.0,0.0,Coastal,11,4,36.36,True,18.18,Ian,After
US1FLBV0028,27.8861,-80.5283,MICCO 1.3 NW,11,0,0.0,19.35437641562909,Coastal,11,3,27.27,True,13.64,Ian,After
US1FLBV0032,28.4017,-80.6729,MERRITT ISLAND 4.1 NE,11,9,81.82,0.0,Coastal,2,1,50.0,True,65.91,Ian,After
US1FLBV0036,28.4793,-80.7093,MERRIT ISLAND 9.1 N,11,0,0.0,5.517048110207888,Coastal,11,3,27.27,True,13.64,Ian,After
US1FLBV0038,28.6282,-80.8572,TITUSVILLE 3.5 NW,11,0,0.0,0.5945784144607792,Coastal,11,4,36.36,True,18.18,Ian,After
US1FLBV0047,28.3452,-80.7217,ROCKLEDGE 1.8 NNE,11,0,0.0,0.08557542230740525,Coastal,11,4,36.36,True,18.18,Ian,After
US1FLBV0050,28.1825,-80.6524,MELBOURNE 4.7 N,11,11,100.0,0.0,Coastal,0,0,0.0,True,50.0,Ian,After
US1FLBV0052,28.1329,-80.5855,INDIALANTIC 3.3 NNW,11,0,0.0,0.0,Coastal,11,3,27.27,True,13.64,Ian,After
US1FLBV0054,28.3652,-80.6647,MERRITT ISLAND 3.8 N,11,1,9.09,0.0,Coastal,10,5,50.0,True,29.54,Ian,After
US1FLBV0055,28.0562,-80.6299,MELBOURNE 4.1 S,11,4,36.36,0.0,Coastal,7,5,71.43,True,53.9,Ian,After
US1FLBV0059,27.9501,-80.6421,PALM BAY 2.7 SSE,11,0,0.0,9.943454417001252,Coastal,11,3,27.27,True,13.64,Ian,After
US1FLBV0063,28.1712,-80.6816,MELBOURNE 4.6 NNW,11,0,0.0,0.0,Coastal,11,5,45.45,True,22.72,Ian,After
US1FLBV0067,27.9147,-80.6523,PALM BAY 4.9 S,11,1,9.09,14.544452191519119,Coastal,10,4,40.0,True,24.54,Ian,After
US1FLBV0072,27.9399,-80.6691,PALM BAY 3.2 S,11,0,0.0,12.020732389260315,Coastal,11,5,45.45,True,22.72,Ian,After
US1FLBV0073,28.5808,-80.8311,TITUSVILLE 0.9 SW,11,11,100.0,0.5478882928890966,Coastal,0,0,0.0,True,50.0,Ian,After
US1FLBV0078,28.421,-80.8171,COCOA 5.1 NW,11,0,0.0,2.2059247568724216,Coastal,11,5,45.45,True,22.72,Ian,After
US1FLBV0085,28.4247,-80.8018,COCOA 4.6 NW,11,9,81.82,1.7192072717543432,Coastal,2,1,50.0,True,65.91,Ian,After
US1FLBV0089,28.1628,-80.5914,SATELLITE BEACH 0.7 ESE,11,0,0.0,0.0,Coastal,11,4,36.36,True,18.18,Ian,After
US1FLBV0092,28.2045,-80.6012,SATELLITE BEACH 2.0 N,11,7,63.64,0.0,Coastal,4,3,75.0,True,69.32,Ian,After
US1FLBV0095,28.4585,-80.7077,MERRITT ISLAND 10.6 NNW,11,0,0.0,3.205987102234069,Coastal,11,5,45.45,True,22.72,Ian,After
US1FLBV0099,28.0502,-80.6939,WEST MELBOURNE 2.5 SSW,11,11,100.0,3.576209308477198,Coastal,0,0,0.0,True,50.0,Ian,After
US1FLBV0102,28.01,-80.6919,PALM BAY 2.6 NW,11,0,0.0,6.2191155193766035,Coastal,11,5,45.45,True,22.72,Ian,After
US1FLBV0107,28.1164,-80.5806,INDIALANTIC 2.1 NNW,11,0,0.0,0.0,Coastal,11,4,36.36,True,18.18,Ian,After
US1FLBV0109,28.1992,-80.6094,SATELLITE BEACH 1.7 NNW,11,0,0.0,0.0,Coastal,11,6,54.55,True,27.28,Ian,After
US1FLBV0110,28.0234,-80.6174,PALM BAY 3.7 NE,11,0,0.0,0.3039627128452299,Coastal,11,3,27.27,True,13.64,Ian,After
US1FLBV0111,28.1452,-80.7158,MELBOURNE 7.7 WNW,11,0,0.0,0.10036590016275233,Coastal,11,5,45.45,True,22.72,Ian,After
US1FLBV0113,28.1668,-80.5912,SATELLITE BEACH 0.8 SE,11,2,18.18,0.0,Coastal,9,3,33.33,True,25.76,Ian,After
US1FLBV0118,27.9075,-80.5242,GRANT 1.5 S,11,0,0.0,17.101516274269276,Coastal,11,3,27.27,True,13.64,Ian,After
US1FLBV0123,27.9926,-80.7007,PALM BAY 2.5 W,11,1,9.09,8.361971345070158,Coastal,10,3,30.0,True,19.55,Ian,After
US1FLBV0124,28.0711,-80.66,WEST MELBOURNE 0.9 SE,11,11,100.0,0.1593364856918172,Coastal,0,0,0.0,True,50.0,Ian,After
US1FLBV0125,28.0799,-80.6334,MELBOURNE 2.5 S,11,1,9.09,0.0,Coastal,10,5,50.0,True,29.54,Ian,After
US1FLBV0126,28.3291,-80.7405,ROCKLEDGE 0.9 NW,11,0,0.0,0.19929297087208256,Coastal,11,3,27.27,True,13.64,Ian,After
US1FLBV0133,28.3422,-80.6987,MERRITT ISLAND 3.0 NW,11,0,0.0,0.07290522725587817,Coastal,11,5,45.45,True,22.72,Ian,After
US1FLBV0134,28.3842,-80.7663,COCOA 1.1 WNW,11,0,0.0,0.0,Coastal,11,4,36.36,True,18.18,Ian,After
US1FLBV0136,28.006,-80.6688,PALM BAY 1.5 NNW,11,7,63.64,4.755190742785935,Coastal,4,3,75.0,True,69.32,Ian,After
US1FLBV0137,28.087,-80.6964,WEST MELBOURNE 1.6 WNW,11,0,0.0,0.0,Coastal,11,5,45.45,True,22.72,Ian,After
US1FLBV0143,28.3521,-80.6934,MERRITT ISLAND 3.4 NNW,11,0,0.0,0.0,Coastal,11,5,45.45,True,22.72,Ian,After
US1FLBV0144,28.2268,-80.7458,MELBOURNE 10.1 NW,11,0,0.0,4.952103502433748,Coastal,11,5,45.45,True,22.72,Ian,After
US1FLBV0145,28.612,-80.8305,TITUSVILLE 1.7 NNW,11,2,18.18,0.0,Coastal,9,3,33.33,True,25.76,Ian,After
US1FLBV0146,28.3485,-80.6932,MERRITT ISLAND 3.1 NNW,11,11,100.0,0.0,Coastal,0,0,0.0,True,50.0,Ian,After
US1FLBW0004,26.0145,-80.3255,PEMBROKE PINES 1.0 ENE,11,11,100.0,0.0,Coastal,0,0,0.0,True,50.0,Ian,After
US1FLBW0007,26.286,-80.103,POMPANO BEACH HIGHLANDS 0.7 E,11,0,0.0,0.0,Coastal,11,5,45.45,True,22.72,Ian,After
US1FLBW0016,26.1179,-80.1521,FORT LAUDERDALE 1.9 SSW,11,11,100.0,0.0,Coastal,0,0,0.0,True,50.0,Ian,After
US1FLBW0026,26.3038,-80.0813,DEERFIELD BEACH 2.5 ESE,11,0,0.0,0.0,Coastal,11,5,45.45,True,22.72,Ian,After
US1FLBW0067,26.0645,-80.3256,DAVIE 2.6 WSW,11,11,100.0,0.0,Coastal,0,0,0.0,True,50.0,Ian,After
US1FLBW0076,26.1182,-80.2066,PLANTATION 3.4 E,11,0,0.0,0.0,Coastal,11,4,36.36,True,18.18,Ian,After
US1FLBW0079,26.2459,-80.218,MARGATE 0.4 W,11,0,0.0,0.0,Coastal,11,6,54.55,True,27.28,Ian,After
US1FLBW0095,26.1069,-80.2394,PLANTATION 1.9 SE,11,2,18.18,0.0,Coastal,9,6,66.67,True,42.42,Ian,After
US1FLBW0099,26.072,-80.3679,WESTON 2.8 SE,11,5,45.45,0.0,Coastal,6,3,50.0,True,47.72,Ian,After
US1FLBW0116,26.1391,-80.2953,PLANTATION 2.3 WNW,11,2,18.18,0.0,Coastal,9,4,44.44,True,31.31,Ian,After
US1FLBW0121,26.2723,-80.1026,POMPANO BEACH 3.1 NE,11,0,0.0,0.0,Coastal,11,6,54.55,True,27.28,Ian,After
US1FLBW0137,26.2521,-80.1224,POMPANO BEACH 1.2 NNE,11,0,0.0,0.0,Coastal,11,6,54.55,True,27.28,Ian,After
US1FLBW0139,26.1818,-80.2999,SUNRISE 2.1 N,11,7,63.64,0.0,Coastal,4,3,75.0,True,69.32,Ian,After
US1FLBW0145,26.1806,-80.1684,OAKLAND PARK 1.0 WNW,11,5,45.45,0.0,Coastal,6,4,66.67,True,56.06,Ian,After
US1FLBW0148,26.2632,-80.2592,CORAL SPRINGS 0.4 S,11,5,45.45,0.0,Coastal,6,3,50.0,True,47.72,Ian,After
US1FLBW0151,26.1569,-80.2965,SUNRISE 0.4 NNE,11,0,0.0,0.0,Coastal,11,6,54.55,True,27.28,Ian,After
US1FLBW0153,26.0078,-80.2297,PEMBROKE PINES 4.1 E,11,6,54.55,0.0,Coastal,5,4,80.0,True,67.28,Ian,After
US1FLBW0155,26.0577,-80.2757,COOPER CITY 1.3 NE,11,0,0.0,0.0,Coastal,11,6,54.55,True,27.28,Ian,After
US1FLBW0159,26.1885,-80.1094,FORT LAUDERDALE 3.7 NNE,11,0,0.0,0.0,Coastal,11,6,54.55,True,27.28,Ian,After
US1FLBW0160,26.1667,-80.3106,SUNRISE 1.3 NW,11,0,0.0,0.0,Coastal,11,6,54.55,True,27.28,Ian,After
US1FLBW0161,26.0198,-80.3408,PEMBROKE PINES 0.7 N,11,1,9.09,0.0,Coastal,10,5,50.0,True,29.54,Ian,After
US1FLBW0162,26.2563,-80.2147,MARGATE 0.8 NNW,11,0,0.0,0.0,Coastal,11,5,45.45,True,22.72,Ian,After
US1FLBW0165,26.2492,-80.2093,MARGATE 0.3 NNE,11,0,0.0,0.0,Coastal,11,5,45.45,True,22.72,Ian,After
US1FLBW0166,26.1214,-80.4127,WESTON 1.7 NNW,11,11,100.0,0.0,Coastal,0,0,0.0,True,50.0,Ian,After
US1FLBW0167,26.3095,-80.0938,DEERFIELD BEACH 1.7 E,11,0,0.0,0.0,Coastal,11,5,45.45,True,22.72,Ian,After
US1FLBW0168,26.0278,-80.3236,PEMBROKE PINES 1.6 NE,11,1,9.09,0.0,Coastal,10,4,40.0,True,24.54,Ian,After
US1FLBW0170,26.0077,-80.1391,HOLLYWOOD 2.2 SE,11,7,63.64,0.0,Coastal,4,2,50.0,True,56.82,Ian,After
US1FLBW0174,26.0056,-80.1475,HOLLYWOOD 2.0 SSE,11,11,100.0,0.0,Coastal,0,0,0.0,True,50.0,Ian,After
US1FLCB0010,30.3178,-82.7543,WHITE SPRINGS 1.0 SSE,11,0,0.0,16.96462218129868,Coastal,11,0,0.0,False,0.0,Ian,After
US1FLCB0012,30.0812,-82.671,LAKE CITY 7.9 SSW,11,0,0.0,11.626148313790791,Coastal,11,0,0.0,False,0.0,Ian,After
US1FLCB0014,30.3175,-82.754,WHITE SPRINGS 1.0 SSE,11,11,100.0,16.91382088302764,Coastal,0,0,0.0,True,50.0,Ian,After
US1FLCB0019,30.0681,-82.622,LAKE CITY 8.7 S,11,3,27.27,14.300131379699852,Coastal,8,0,0.0,False,13.64,Ian,After
US1FLCB0024,29.8735,-82.7463,FORT WHITE 3.8 SSW,11,0,0.0,38.56618679637783,Coastal,11,1,9.09,False,4.54,Ian,After
US1FLCB0025,30.1706,-82.6036,LAKE CITY 2.8 ESE,11,0,0.0,4.389344712487577,Coastal,11,0,0.0,False,0.0,Ian,After
US1FLCB0026,29.9166,-82.6751,FORT WHITE 2.4 E,11,0,0.0,32.76472203609635,Coastal,11,1,9.09,False,4.54,Ian,After
US1FLCH0013,26.9805,-82.2094,PORT CHARLOTTE 6.2 W,11,8,72.73,6.957425261363208,Coastal,3,3,100.0,True,86.36,Ian,After
US1FLCH0015,26.9828,-82.0552,PORT CHARLOTTE 3.3 E,11,8,72.73,1.1720833919117084,Coastal,3,3,100.0,True,86.36,Ian,After
US1FLCH0017,26.9197,-82.0653,PUNTA GORDA 1.6 NNW,11,3,27.27,0.0,Coastal,8,3,37.5,True,32.38,Ian,After
US1FLCH0019,26.916,-82.068,PUNTA GORDA 1.4 NNW,11,8,72.73,0.0,Coastal,3,2,66.67,True,69.7,Ian,After
US1FLCH0023,26.9175,-82.0689,PUNTA GORDA 1.6 NNW,11,8,72.73,0.0,Coastal,3,2,66.67,True,69.7,Ian,After
US1FLCH0029,26.8966,-82.2221,PORT CHARLOTTE 9.3 SW,11,7,63.64,11.03442363821422,Coastal,4,4,100.0,True,81.82,Ian,After
US1FLCH0030,26.9634,-82.168,PORT CHARLOTTE 4.0 WSW,11,11,100.0,4.431007724651989,Coastal,0,0,0.0,True,50.0,Ian,After
US1FLCH0034,26.9353,-82.326,ENGLEWOOD 2.4 SE,11,11,100.0,0.0,Coastal,0,0,0.0,True,50.0,Ian,After
US1FLCH0035,27.0323,-82.1902,NORTH PORT 1.2 SSE,11,4,36.36,2.517938229493092,Coastal,7,3,42.86,True,39.61,Ian,After
US1FLCH0036,27.0287,-82.0711,PORT CHARLOTTE 3.8 NE,11,5,45.45,3.749075002713965,Coastal,6,3,50.0,True,47.72,Ian,After
US1FLCH0037,27.0231,-82.0663,PORT CHARLOTTE 3.7 NE,11,8,72.73,3.164959983923487,Coastal,3,2,66.67,True,69.7,Ian,After
US1FLCH0038,27.0194,-82.0901,PORT CHARLOTTE 2.6 NNE,11,11,100.0,1.6973283295791202,Coastal,0,0,0.0,True,50.0,Ian,After
US1FLCH0039,26.9302,-82.2851,GROVE CITY 2.8 NE,11,0,0.0,2.9144169011749947,Coastal,11,5,45.45,True,22.72,Ian,After
US1FLCH0040,26.987,-82.2462,NORTH PORT 5.4 SW,11,0,0.0,7.805411695582384,Coastal,11,5,45.45,True,22.72,Ian,After
US1FLCH0044,26.8755,-82.2021,PORT CHARLOTTE 9.5 SW,11,0,0.0,14.401453005256622,Coastal,11,5,45.45,True,22.72,Ian,After
US1FLCH0046,26.9345,-82.2572,PORT CHARLOTTE 9.8 WSW,11,1,9.09,5.297097762182496,Coastal,10,3,30.0,True,19.55,Ian,After
US1FLCH0047,27.0309,-82.0313,HARBOUR HEIGHTS 3.0 NNW,11,0,0.0,6.131618038805272,Coastal,11,5,45.45,True,22.72,Ian,After
US1FLCH0050,26.9968,-82.0466,PORT CHARLOTTE 3.9 ENE,11,3,27.27,2.4937244545918165,Coastal,8,3,37.5,True,32.38,Ian,After
US1FLCH0051,26.9883,-82.1189,PORT CHARLOTTE 0.7 WNW,11,7,63.64,0.0,Coastal,4,4,100.0,True,81.82,Ian,After
US1FLCR0012,26.0976,-81.7221,NAPLES 5.7 SE,11,0,0.0,2.6554230760029722,Coastal,11,4,36.36,True,18.18,Ian,After
US1FLCR0013,26.2798,-81.7583,NAPLES PARK 3.7 ENE,11,11,100.0,0.0,Coastal,0,0,0.0,True,50.0,Ian,After
US1FLCR0038,26.054,-81.6964,NAPLES 8.7 SE,11,11,100.0,8.348683879004207,Coastal,0,0,0.0,True,50.0,Ian,After
US1FLCR0041,26.2406,-81.6976,NAPLES 9.0 NE,11,10,90.91,4.493853920205821,Coastal,1,0,0.0,True,45.46,Ian,After
US1FLCR0052,26.2744,-81.5318,NAPLES 18.6 ENE,11,1,9.09,19.610359643944157,Coastal,10,4,40.0,True,24.54,Ian,After
US1FLCR0053,26.264,-81.5619,NAPLES 16.6 ENE,11,0,0.0,16.03653990178027,Coastal,11,4,36.36,True,18.18,Ian,After
US1FLCR0057,26.3329,-81.4339,AVE MARIA 0.4 SE,11,9,81.82,32.63923782826221,Coastal,2,2,100.0,True,90.91,Ian,After
US1FLCR0059,26.2271,-81.628,NAPLES 11.8 ENE,11,0,0.0,7.431333370998186,Coastal,11,3,27.27,True,13.64,Ian,After
US1FLCR0060,26.3292,-81.4314,AVE MARIA 0.7 SE,11,11,100.0,32.66287921233418,Coastal,0,0,0.0,True,50.0,Ian,After
US1FLCR0061,26.1964,-81.7945,NAPLES 3.6 N,11,11,100.0,0.0,Coastal,0,0,0.0,True,50.0,Ian,After
US1FLCR0062,26.1647,-81.7324,GOLDEN GATE 2.2 SW,11,0,0.0,0.0,Coastal,11,5,45.45,True,22.72,Ian,After
US1FLCR0063,26.0389,-81.6891,MARCO ISLAND 6.6 NNE,11,11,100.0,10.312340289584732,Coastal,0,0,0.0,True,50.0,Ian,After
US1FLCR0066,26.129,-81.7458,EAST NAPLES 0.9 NE,11,7,63.64,0.0,Coastal,4,1,25.0,True,44.32,Ian,After
US1FLCR0067,26.3066,-81.4501,AVE MARIA 2.3 SSW,11,11,100.0,29.539415299742316,Coastal,0,0,0.0,True,50.0,Ian,After
US1FLCR0071,26.0791,-81.6859,NAPLES MANOR 2.3 ENE,11,0,0.0,7.270870972861269,Coastal,11,4,36.36,True,18.18,Ian,After
US1FLCT0008,28.871,-82.5273,CRYSTAL RIVER 4.7 ESE,11,0,0.0,4.706193615779394,Coastal,11,2,18.18,False,9.09,Ian,After
US1FLCT0011,28.9298,-82.3704,HERNANDO 1.6 N,11,0,0.0,22.575048956546247,Coastal,11,2,18.18,False,9.09,Ian,After
US1FLCT0015,28.8582,-82.3056,INVERNESS 2.6 ENE,11,11,100.0,29.385980276857264,Coastal,0,0,0.0,True,50.0,Ian,After
US1FLCT0024,28.9142,-82.4215,HERNANDO 2.9 W,11,8,72.73,16.66830806432686,Coastal,3,0,0.0,True,36.36,Ian,After
US1FLCT0029,28.7303,-82.5391,HOMOSASSA 6.0 SE,11,0,0.0,17.04747018825906,Coastal,11,3,27.27,True,13.64,Ian,After
US1FLCT0030,28.8741,-82.4411,HERNANDO 4.4 WSW,11,0,0.0,14.19406963223475,Coastal,11,2,18.18,False,9.09,Ian,After
US1FLCT0031,28.8816,-82.3971,INVERNESS 4.4 NW,11,1,9.09,19.07776944722436,Coastal,10,3,30.0,True,19.55,Ian,After
US1FLCT0034,28.9317,-82.4416,BEVERLY HILLS 1.9 NE,11,0,0.0,14.87816334724806,Coastal,11,3,27.27,True,13.64,Ian,After
US1FLCT0035,28.8717,-82.4114,INVERNESS 4.7 WNW,11,0,0.0,17.511692656682847,Coastal,11,2,18.18,False,9.09,Ian,After
US1FLCT0036,28.8175,-82.2769,INVERNESS 4.3 ESE,11,11,100.0,33.39766789850742,Coastal,0,0,0.0,True,50.0,Ian,After
US1FLCT0037,29.0059,-82.4938,CITRUS SPRINGS 1.3 WNW,11,0,0.0,15.363074313478238,Coastal,11,3,27.27,True,13.64,Ian,After
US1FLCT0038,28.8828,-82.4333,HERNANDO 3.9 WSW,11,1,9.09,15.05206088434105,Coastal,10,2,20.0,True,14.54,Ian,After
US1FLCT0039,28.8794,-82.4076,INVERNESS 4.8 NW,11,11,100.0,17.90696061696845,Coastal,0,0,0.0,True,50.0,Ian,After
US1FLCT0041,28.8529,-82.5858,HOMOSASSA 5.3 NNE,11,0,0.0,1.178532241145719,Coastal,11,3,27.27,True,13.64,Ian,After
US1FLCT0042,28.9709,-82.4168,HERNANDO 5.1 NNW,11,9,81.82,19.30235910934632,Coastal,2,1,50.0,True,65.91,Ian,After
US1FLCT0043,28.8227,-82.3334,INVERNESS 1.3 SSE,11,0,0.0,27.142608203333737,Coastal,11,3,27.27,True,13.64,Ian,After
US1FLCT0046,28.8646,-82.4114,INVERNESS 4.5 WNW,11,11,100.0,17.58558033802601,Coastal,0,0,0.0,True,50.0,Ian,After
US1FLCY0001,30.0785,-81.6956,FLEMING ISLAND 1.7 SE,11,0,0.0,9.415764114117746,Coastal,11,0,0.0,False,0.0,Ian,After
US1FLCY0003,29.8172,-81.9275,KEYSTONE HEIGHTS 6.9 ENE,11,0,0.0,29.79805431075232,Coastal,11,1,9.09,False,4.54,Ian,After
US1FLCY0007,29.7981,-81.9788,KEYSTONE HEIGHTS 3.5 ENE,11,0,0.0,33.71128705927635,Coastal,11,0,0.0,False,0.0,Ian,After
US1FLCY0024,29.7668,-82.0079,KEYSTONE HEIGHTS 1.8 ESE,11,9,81.82,29.65995794391046,Coastal,2,0,0.0,True,40.91,Ian,After
US1FLCY0025,30.1448,-81.7668,ORANGE PARK 4.1 WSW,11,0,0.0,0.0,Coastal,11,0,0.0,False,0.0,Ian,After
US1FLCY0037,30.0616,-81.7134,FLEMING ISLAND 2.2 S,11,1,9.09,10.60388840190665,Coastal,10,1,10.0,False,9.54,Ian,After
US1FLCY0038,29.8593,-81.8916,KEYSTONE HEIGHTS 10.1 ENE,11,0,0.0,30.055403774237117,Coastal,11,0,0.0,False,0.0,Ian,After
US1FLCY0039,30.1517,-81.7424,ORANGE PARK 2.5 WSW,11,1,9.09,0.0,Coastal,10,0,0.0,False,4.54,Ian,After
US1FLCY0041,29.981,-81.8102,PENNEY FARMS 0.1 E,11,0,0.0,17.666353718152326,Coastal,11,1,9.09,False,4.54,Ian,After
US1FLCY0042,30.0057,-81.7178,GREEN COVE SPRINGS 2.6 WNW,11,2,18.18,16.277601664396766,Coastal,9,0,0.0,False,9.09,Ian,After
US1FLCY0051,30.1628,-81.7091,ORANGE PARK 0.5 SSW,11,7,63.64,0.15996492069954976,Coastal,4,0,0.0,True,31.82,Ian,After
US1FLCY0054,29.8505,-81.8948,KEYSTONE HEIGHTS 9.7 ENE,11,0,0.0,29.526986601053007,Coastal,11,0,0.0,False,0.0,Ian,After
US1FLCY0055,30.108,-81.7321,FLEMING ISLAND 1.3 NW,11,0,0.0,4.947477143237806,Coastal,11,1,9.09,False,4.54,Ian,After
US1FLCY0057,30.1054,-81.7027,FLEMING ISLAND 1.3 NE,11,9,81.82,6.408198181004466,Coastal,2,0,0.0,True,40.91,Ian,After
US1FLDS0003,27.039,-82.0546,LAKE SUZY 1.0 W,11,0,0.0,5.454186013756459,Coastal,11,4,36.36,True,18.18,Ian,After
US1FLDV0003,30.2765,-81.7304,JACKSONVILLE 5.9 SW,11,0,0.0,0.0,Coastal,11,0,0.0,False,0.0,Ian,After
US1FLDV0013,30.3216,-81.3956,NEPTUNE BEACH 0.5 NNW,11,0,0.0,0.001057921330879343,Coastal,11,1,9.09,False,4.54,Ian,After
US1FLDV0026,30.2608,-81.7444,JACKSONVILLE 7.3 SW,11,5,45.45,0.0,Coastal,6,0,0.0,True,22.72,Ian,After
US1FLDV0028,30.3157,-81.5985,JACKSONVILLE 3.8 ESE,11,0,0.0,0.0,Coastal,11,0,0.0,False,0.0,Ian,After
US1FLDV0033,30.3044,-81.8226,JACKSONVILLE 10.0 WSW,11,0,0.0,0.6524722586070764,Coastal,11,1,9.09,False,4.54,Ian,After
US1FLDV0034,30.2948,-81.7237,JACKSONVILLE 4.8 SW,11,11,100.0,0.0,Coastal,0,0,0.0,True,50.0,Ian,After
US1FLDV0042,30.235,-81.7869,JACKSONVILLE 10.3 SW,11,0,0.0,0.0,Coastal,11,0,0.0,False,0.0,Ian,After
US1FLDV0047,30.1705,-81.5818,JACKSONVILLE 12.0 SSE,11,11,100.0,0.0,Coastal,0,0,0.0,True,50.0,Ian,After
US1FLDV0050,30.3848,-81.521,JACKSONVILLE 8.9 ENE,11,6,54.55,0.0,Coastal,5,0,0.0,True,27.28,Ian,After
US1FLDV0059,30.3758,-81.6047,JACKSONVILLE 4.2 NE,11,0,0.0,0.0,Coastal,11,2,18.18,False,9.09,Ian,After
US1FLDV0063,30.2586,-81.7548,JACKSONVILLE 7.8 SW,11,0,0.0,0.0,Coastal,11,0,0.0,False,0.0,Ian,After
US1FLDV0069,30.3033,-81.7635,JACKSONVILLE 6.7 WSW,11,4,36.36,0.0,Coastal,7,0,0.0,True,18.18,Ian,After
US1FLDV0071,30.411,-81.8252,JACKSONVILLE 11.3 WNW,11,0,0.0,4.674340436957707,Coastal,11,0,0.0,False,0.0,Ian,After
US1FLDV0079,30.2274,-81.5565,JACKSONVILLE 9.6 SE,11,0,0.0,0.0,Coastal,11,1,9.09,False,4.54,Ian,After
US1FLDV0091,30.4839,-81.7016,JACKSONVILLE 10.6 NNW,11,0,0.0,0.0,Coastal,11,0,0.0,False,0.0,Ian,After
US1FLDV0094,30.2991,-81.7126,JACKSONVILLE 4.1 SW,11,0,0.0,0.0,Coastal,11,0,0.0,False,0.0,Ian,After
US1FLDV0098,30.1148,-81.5205,FRUIT COVE 5.9 E,11,0,0.0,5.989578728519496,Coastal,11,1,9.09,False,4.54,Ian,After
US1FLDV0106,30.1643,-81.6264,JACKSONVILLE 11.9 S,11,11,100.0,0.0,Coastal,0,0,0.0,True,50.0,Ian,After
US1FLDV0112,30.2956,-81.7184,JACKSONVILLE 4.5 SW,11,11,100.0,0.0,Coastal,0,0,0.0,True,50.0,Ian,After
US1FLDV0117,30.1402,-81.5713,JACKSONVILLE 14.4 SSE,11,0,0.0,2.346614559983983,Coastal,11,0,0.0,False,0.0,Ian,After
US1FLDV0118,30.2583,-81.5586,JACKSONVILLE 7.9 SE,11,1,9.09,0.0,Coastal,10,0,0.0,False,4.54,Ian,After
US1FLDV0120,30.1871,-81.6107,JACKSONVILLE 10.6 SSE,11,6,54.55,0.0,Coastal,5,2,40.0,True,47.28,Ian,After
US1FLDV0122,30.2953,-81.4008,JACKSONVILLE BEACH 1.7 NW,11,0,0.0,0.0,Coastal,11,1,9.09,False,4.54,Ian,After
US1FLDV0126,30.2673,-81.7486,JACKSONVILLE 7.1 SW,11,3,27.27,0.0,Coastal,8,0,0.0,False,13.64,Ian,After
US1FLDX0003,29.6579,-83.0332,OLD TOWN 4.9 NW,11,11,100.0,65.45156339677835,Rural,0,0,0.0,True,50.0,Ian,After
US1FLFL0019,29.4722,-81.2439,BUNNELL 1.0 ENE,11,6,54.55,9.859792956421234,Coastal,5,4,80.0,True,67.28,Ian,After
US1FLFL0021,29.5663,-81.2054,PALM COAST 0.6 ESE,11,10,90.91,0.4594531540479136,Coastal,1,0,0.0,True,45.46,Ian,After
US1FLFL0024,29.5996,-81.2046,PALM COAST 2.1 NNE,11,0,0.0,0.6656256725589346,Coastal,11,1,9.09,False,4.54,Ian,After
US1FLFL0027,29.601,-81.2609,PALM COAST 3.5 NW,11,11,100.0,2.2298102606224277,Coastal,0,0,0.0,True,50.0,Ian,After
US1FLFL0030,29.5161,-81.245,PALM COAST 4.2 SSW,11,1,9.09,4.248928895911991,Coastal,10,3,30.0,True,19.55,Ian,After
US1FLFL0032,29.5938,-81.1968,PALM COAST 1.9 NNE,11,0,0.0,0.4962479292835594,Coastal,11,3,27.27,True,13.64,Ian,After
US1FLFL0033,29.4564,-81.1163,FLAGLER BEACH 1.3 SE,11,0,0.0,15.174573740964293,Coastal,11,3,27.27,True,13.64,Ian,After
US1FLFL0036,29.592,-81.1828,PALM COAST 2.4 NE,11,11,100.0,2.0537929744725374,Coastal,0,0,0.0,True,50.0,Ian,After
US1FLFL0037,29.5177,-81.235,PALM COAST 3.9 SSW,11,0,0.0,4.115910757493006,Coastal,11,3,27.27,True,13.64,Ian,After
US1FLFL0038,29.5123,-81.2128,PALM COAST 4.1 S,11,7,63.64,5.3331319989414325,Coastal,4,1,25.0,True,44.32,Ian,After
US1FLFL0039,29.4418,-81.1106,FLAGLER BEACH 2.3 SSE,11,0,0.0,13.363962078113646,Coastal,11,3,27.27,True,13.64,Ian,After
US1FLFL0040,29.5808,-81.2208,PALM COAST 0.8 NNW,11,0,0.0,0.0,Coastal,11,2,18.18,False,9.09,Ian,After
US1FLFL0043,29.4504,-81.2156,PALM COAST 8.3 S,11,0,0.0,12.892851268434324,Coastal,11,3,27.27,True,13.64,Ian,After
US1FLFL0047,29.5135,-81.2507,PALM COAST 4.5 SSW,11,0,0.0,4.540232917828011,Coastal,11,3,27.27,True,13.64,Ian,After
US1FLFL0049,29.544,-81.2166,PALM COAST 1.9 S,11,4,36.36,1.566136846366268,Coastal,7,1,14.29,True,25.32,Ian,After
US1FLFL0050,29.5441,-81.2398,PALM COAST 2.4 SW,11,6,54.55,0.7110182440436279,Coastal,5,2,40.0,True,47.28,Ian,After
US1FLFL0053,29.6135,-81.2726,PALM COAST 4.6 NW,11,11,100.0,4.180244348986079,Coastal,0,0,0.0,True,50.0,Ian,After
US1FLGC0003,29.6765,-82.6687,NEWBERRY 4.0 WNW,11,3,27.27,24.86436284751391,Coastal,8,1,12.5,False,19.88,Ian,After
US1FLGC0008,29.6563,-82.8628,TRENTON 4.0 NW,11,0,0.0,46.49927258249364,Coastal,11,2,18.18,False,9.09,Ian,After
US1FLGL0007,26.8206,-81.4495,LA BELLE 4.5 NNW,11,1,9.09,44.052417322775035,Coastal,10,4,40.0,True,24.54,Ian,After
US1FLGL0013,26.9838,-81.0984,MOORE HAVEN 10.4 N,11,6,54.55,86.1595224394407,Rural,5,3,60.0,True,57.28,Ian,After
US1FLHB0001,28.0662,-82.2098,PLANT CITY 6.5 NW,11,0,0.0,5.588059037919641,Coastal,11,6,54.55,True,27.28,Ian,After
US1FLHB0004,27.9125,-82.2261,VALRICO 2.2 SE,11,0,0.0,3.256157594441726,Coastal,11,4,36.36,True,18.18,Ian,After
US1FLHB0005,28.0823,-82.5493,CITRUS PARK 1.3 ENE,11,0,0.0,0.0,Coastal,11,4,36.36,True,18.18,Ian,After
US1FLHB0010,27.8859,-82.4895,TAMPA 5.1 S,11,0,0.0,0.0,Coastal,11,6,54.55,True,27.28,Ian,After
US1FLHB0014,27.868,-82.2405,BLOOMINGDALE 1.3 ESE,11,11,100.0,3.5207823488531758,Coastal,0,0,0.0,True,50.0,Ian,After
US1FLHB0016,28.0088,-82.0724,PLANT CITY 3.4 E,11,11,100.0,4.425840474323379,Coastal,0,0,0.0,True,50.0,Ian,After
US1FLHB0017,27.7305,-82.3384,SUN CITY CENTER 1.0 NE,11,0,0.0,20.513132192650286,Coastal,11,6,54.55,True,27.28,Ian,After
US1FLHB0027,28.1228,-82.4531,LUTZ 1.3 SSE,11,1,9.09,0.0,Coastal,10,4,40.0,True,24.54,Ian,After
US1FLHB0029,28.0301,-82.4062,TAMPA 6.5 NNE,11,0,0.0,0.0,Coastal,11,5,45.45,True,22.72,Ian,After
US1FLHB0033,27.8283,-82.1487,BLOOMINGDALE 7.6 ESE,11,0,0.0,14.887832444360667,Coastal,11,4,36.36,True,18.18,Ian,After
US1FLHB0036,27.9035,-82.516,TAMPA 4.4 SSW,11,11,100.0,0.0,Coastal,0,0,0.0,True,50.0,Ian,After
US1FLHB0037,28.1358,-82.4304,LUTZ 2.0 E,11,0,0.0,1.269783078230539,Coastal,11,4,36.36,True,18.18,Ian,After
US1FLHB0040,28.0824,-82.464,UNIVERSITY WEST 2.0 WNW,11,1,9.09,0.0,Coastal,10,3,30.0,True,19.55,Ian,After
US1FLHB0044,27.7057,-82.4005,RUSKIN 1.8 ESE,11,1,9.09,19.977842150718566,Coastal,10,4,40.0,True,24.54,Ian,After
US1FLHB0048,28.1071,-82.5132,GREATER NORTHDALE 0.4 ENE,11,0,0.0,0.0,Coastal,11,3,27.27,True,13.64,Ian,After
US1FLHB0051,28.1105,-82.446,LUTZ 2.2 SSE,11,0,0.0,0.0,Coastal,11,5,45.45,True,22.72,Ian,After
US1FLHB0055,28.0126,-82.4155,TAMPA 5.0 NNE,11,0,0.0,0.0,Coastal,11,5,45.45,True,22.72,Ian,After
US1FLHB0060,27.9058,-82.2411,VALRICO 2.8 SSE,11,2,18.18,1.9212168491756298,Coastal,9,2,22.22,True,20.2,Ian,After
US1FLHB0068,27.9491,-82.0938,TAMPA 22.3 E,11,11,100.0,7.278877378510386,Coastal,0,0,0.0,True,50.0,Ian,After
US1FLHB0069,27.8658,-82.3507,RIVERVIEW 2.1 W,11,0,0.0,3.926991748968505,Coastal,11,5,45.45,True,22.72,Ian,After
US1FLHB0098,27.8047,-82.341,RIVERVIEW 4.8 SSW,11,0,0.0,11.197660594962004,Coastal,11,6,54.55,True,27.28,Ian,After
US1FLHB0107,27.7086,-82.3483,SUN CITY CENTER 0.9 SSE,11,2,18.18,22.931221806539583,Coastal,9,4,44.44,True,31.31,Ian,After
US1FLHB0114,27.8735,-82.3029,RIVERVIEW 0.9 ENE,11,0,0.0,3.142983972996803,Coastal,11,4,36.36,True,18.18,Ian,After
US1FLHB0116,28.1341,-82.4719,LUTZ 0.6 WSW,11,9,81.82,0.0,Coastal,2,1,50.0,True,65.91,Ian,After
US1FLHB0120,28.0632,-82.4799,TAMPA 7.9 N,11,0,0.0,0.0,Coastal,11,3,27.27,True,13.64,Ian,After
US1FLHB0123,28.0939,-82.2561,THONOTOSASSA 3.6 NE,11,8,72.73,9.696320436475409,Coastal,3,3,100.0,True,86.36,Ian,After
US1FLHB0128,27.7036,-82.4066,RUSKIN 1.6 ESE,11,7,63.64,19.916618000710116,Coastal,4,3,75.0,True,69.32,Ian,After
US1FLHB0130,27.7822,-82.3645,APOLLO BEACH 2.7 ENE,11,0,0.0,14.40047892298504,Coastal,11,4,36.36,True,18.18,Ian,After
US1FLHB0136,27.903,-82.3264,BRANDON 2.8 SW,11,2,18.18,0.0,Coastal,9,3,33.33,True,25.76,Ian,After
US1FLHB0138,27.9382,-82.5047,TAMPA 2.0 SW,11,8,72.73,0.0,Coastal,3,3,100.0,True,86.36,Ian,After
US1FLHB0139,27.7087,-82.3539,SUN CITY CENTER 0.9 S,11,0,0.0,22.52104625694131,Coastal,11,4,36.36,True,18.18,Ian,After
US1FLHB0140,28.0864,-82.5154,GREATER NORTHDALE 1.2 S,11,0,0.0,0.0,Coastal,11,4,36.36,True,18.18,Ian,After
US1FLHB0141,28.0687,-82.4965,CARROLLWOOD 1.3 N,11,1,9.09,0.0,Coastal,10,4,40.0,True,24.54,Ian,After
US1FLHB0142,28.1648,-82.2965,ZEPHYRHILLS 8.8 SW,11,6,54.55,5.297180556450786,Coastal,5,1,20.0,True,37.28,Ian,After
US1FLHB0143,27.9135,-82.5136,TAMPA 3.7 SSW,11,11,100.0,0.0,Coastal,0,0,0.0,True,50.0,Ian,After
US1FLHB0150,27.9004,-82.3247,RIVERVIEW 2.1 NNW,11,10,90.91,0.3564400895501986,Coastal,1,0,0.0,True,45.46,Ian,After
US1FLHB0152,27.9991,-82.5857,TAMPA 6.9 WNW,11,11,100.0,0.0,Coastal,0,0,0.0,True,50.0,Ian,After
US1FLHB0153,27.7377,-82.3497,SUN CITY CENTER 1.1 N,11,8,72.73,19.676767997508485,Coastal,3,1,33.33,True,53.03,Ian,After
US1FLHB0154,27.9942,-82.269,SEFFNER 0.4 ESE,11,1,9.09,0.7258648627154701,Coastal,10,5,50.0,True,29.54,Ian,After
US1FLHB0156,28.059,-82.4871,CARROLLWOOD 0.7 NNE,11,2,18.18,0.0,Coastal,9,4,44.44,True,31.31,Ian,After
US1FLHB0160,27.9665,-82.2548,VALRICO 1.6 NNW,11,0,0.0,0.0,Coastal,11,5,45.45,True,22.72,Ian,After
US1FLHB0162,27.9697,-82.296,BRANDON 2.8 N,11,3,27.27,0.0,Coastal,8,5,62.5,True,44.88,Ian,After
US1FLHB0163,27.8801,-82.2641,BLOOMINGDALE 0.3 NW,11,0,0.0,0.484967298649048,Coastal,11,5,45.45,True,22.72,Ian,After
US1FLHB0166,27.8869,-82.3449,RIVERVIEW 2.1 WNW,11,1,9.09,1.27735054628416,Coastal,10,3,30.0,True,19.55,Ian,After
US1FLHB0167,27.8964,-82.4957,TAMPA 4.4 S,11,9,81.82,0.0,Coastal,2,2,100.0,True,90.91,Ian,After
US1FLHB0168,28.07,-82.5587,CARROLLWOOD VILLAGE 2.3 W,11,1,9.09,0.0,Coastal,10,3,30.0,True,19.55,Ian,After
US1FLHB0169,27.9833,-82.1473,PLANT CITY 1.9 SW,11,0,0.0,2.67658568425104,Coastal,11,5,45.45,True,22.72,Ian,After
US1FLHB0172,27.8175,-82.309,RIVERVIEW 3.7 S,11,1,9.09,9.358497762762376,Coastal,10,4,40.0,True,24.54,Ian,After
US1FLHB0173,27.7724,-82.4171,APOLLO BEACH 0.6 W,11,0,0.0,11.869764309287927,Coastal,11,6,54.55,True,27.28,Ian,After
US1FLHB0177,27.973,-82.0771,PLANT CITY 3.9 SE,11,0,0.0,5.567328956128424,Coastal,11,6,54.55,True,27.28,Ian,After
US1FLHB0178,27.7082,-82.4807,RUSKIN 3.2 W,11,0,0.0,16.173000687838737,Coastal,11,6,54.55,True,27.28,Ian,After
US1FLHB0180,28.0543,-82.2657,THONOTOSASSA 2.3 ESE,11,6,54.55,6.818661446014973,Coastal,5,1,20.0,True,37.28,Ian,After
US1FLHB0181,27.7374,-82.3716,RUSKIN 3.9 ENE,11,11,100.0,18.49719170402692,Coastal,0,0,0.0,True,50.0,Ian,After
US1FLHD0003,27.6369,-81.8337,BOWLING GREEN 0.6 W,11,11,100.0,40.917172722885994,Coastal,0,0,0.0,True,50.0,Ian,After
US1FLHL0001,27.3424,-81.429,LAKE PLACID 4.8 NW,11,5,45.45,71.51547106893675,Rural,6,4,66.67,True,56.06,Ian,After
US1FLHL0003,27.2877,-81.3853,LAKE PLACID 1.1 WSW,11,2,18.18,79.42596408343955,Rural,9,4,44.44,True,31.31,Ian,After
US1FLHL0012,27.405,-81.2461,SYLVAN SHORES 8.5 NE,11,0,0.0,72.34755569629381,Rural,11,5,45.45,True,22.72,Ian,After
US1FLHL0013,27.516,-81.525,SEBRING 4.7 WNW,11,0,0.0,48.00801240362622,Coastal,11,5,45.45,True,22.72,Ian,After
US1FLHL0024,27.2406,-81.4102,LAKE PLACID 4.6 SSW,11,11,100.0,77.35890132420245,Rural,0,0,0.0,True,50.0,Ian,After
US1FLHL0030,27.4995,-81.498,SEBRING 2.8 WNW,11,2,18.18,50.57867829995401,Rural,9,3,33.33,True,25.76,Ian,After
US1FLHL0032,27.5334,-81.4896,SEBRING 3.7 NW,11,11,100.0,46.63531431076385,Coastal,0,0,0.0,True,50.0,Ian,After
US1FLHL0038,27.4687,-81.417,SEBRING 2.7 SE,11,3,27.27,56.763836868243935,Rural,8,4,50.0,True,38.64,Ian,After
US1FLHL0043,27.4415,-81.3377,SEBRING 7.9 ESE,11,10,90.91,63.37380672570114,Rural,1,1,100.0,True,95.46,Ian,After
US1FLHM0005,30.334,-82.762,WHITE SPRINGS 0.3 NW,11,8,72.73,19.175962608047787,Coastal,3,0,0.0,True,36.36,Ian,After
US1FLHN0007,28.4475,-82.5236,SPRING HILL 3.3 SE,11,0,0.0,8.613739220024986,Coastal,11,3,27.27,True,13.64,Ian,After
US1FLHN0008,28.5586,-82.5781,WEEKI WACHEE 3.0 N,11,0,0.0,1.2150590446312115,Coastal,11,4,36.36,True,18.18,Ian,After
US1FLHN0011,28.6396,-82.3385,NORTH BROOKSVILLE 6.3 NE,11,8,72.73,28.508554128633325,Coastal,3,1,33.33,True,53.03,Ian,After
US1FLHN0014,28.4955,-82.6018,SPRING HILL 2.4 NW,11,0,0.0,0.0,Coastal,11,3,27.27,True,13.64,Ian,After
US1FLHN0022,28.5228,-82.3394,BROOKSVILLE 3.9 SE,11,2,18.18,24.63140793160275,Coastal,9,2,22.22,True,20.2,Ian,After
US1FLHN0024,28.6105,-82.5351,WEEKI WACHEE 7.1 NNE,11,0,0.0,9.183056685801883,Coastal,11,3,27.27,True,13.64,Ian,After
US1FLHN0026,28.4715,-82.5992,SPRING HILL 2.4 WSW,11,1,9.09,0.9348697522595913,Coastal,10,2,20.0,True,14.54,Ian,After
US1FLHN0030,28.4931,-82.576,SPRING HILL 1.1 NW,11,11,100.0,0.42412702454407836,Coastal,0,0,0.0,True,50.0,Ian,After
US1FLHN0035,28.4829,-82.5957,SPRING HILL 2.1 W,11,0,0.0,0.0,Coastal,11,4,36.36,True,18.18,Ian,After
US1FLHN0039,28.5106,-82.3589,BROOKSVILLE 3.7 SE,11,0,0.0,22.55640335874263,Coastal,11,3,27.27,True,13.64,Ian,After
US1FLHN0040,28.5372,-82.5652,WEEKI WACHEE 1.7 NNE,11,3,27.27,0.31303669988635646,Coastal,8,2,25.0,True,26.14,Ian,After
US1FLHN0041,28.4611,-82.5085,SPRING HILL 3.6 ESE,11,2,18.18,8.651037636899515,Coastal,9,3,33.33,True,25.76,Ian,After
US1FLHN0043,28.5334,-82.303,BROOKSVILLE 5.7 ESE,11,11,100.0,28.68519751816624,Coastal,0,0,0.0,True,50.0,Ian,After
US1FLHY0003,26.7639,-81.4748,LA BELLE 2.3 WNW,11,0,0.0,39.09261386309053,Coastal,11,5,45.45,True,22.72,Ian,After
US1FLHY0005,26.6639,-81.09,CLEWISTON 11.2 WSW,11,7,63.64,80.40955363115894,Rural,4,1,25.0,True,44.32,Ian,After
US1FLHY0008,26.7582,-81.4432,LABELLE 0.3 WNW,11,1,9.09,42.340738209065044,Coastal,10,4,40.0,True,24.54,Ian,After
US1FLHY0011,26.7672,-81.4159,LABELLE 1.5 ENE,11,0,0.0,45.5540290942528,Coastal,11,4,36.36,True,18.18,Ian,After
US1FLHY0012,26.6183,-81.1047,CLEWISTON 13.8 SW,11,0,0.0,78.81391061083444,Rural,11,5,45.45,True,22.72,Ian,After
US1FLIR0006,27.6438,-80.4339,VERO BEACH 2.4 W,11,0,0.0,0.0,Coastal,11,3,27.27,True,13.64,Ian,After
US1FLIR0015,27.6414,-80.4174,VERO BEACH 1.5 WSW,11,11,100.0,0.0,Coastal,0,0,0.0,True,50.0,Ian,After
US1FLIR0019,27.7598,-80.4927,SEBASTIAN 2.0 SSW,11,2,18.18,12.215047627945516,Coastal,9,5,55.56,True,36.87,Ian,After
US1FLIR0024,27.6429,-80.4494,VERO BEACH 3.4 W,11,0,0.0,0.4610211096177088,Coastal,11,3,27.27,True,13.64,Ian,After
US1FLIR0026,27.5996,-80.4166,VERO BEACH 3.5 SSW,11,0,0.0,2.0203708162912104,Coastal,11,5,45.45,True,22.72,Ian,After
US1FLIR0027,27.6102,-80.393,VERO BEACH 2.5 S,11,1,9.09,0.0,Coastal,10,4,40.0,True,24.54,Ian,After
US1FLIR0036,27.6409,-80.4804,VERO BEACH 5.3 W,11,6,54.55,3.8640619883226437,Coastal,5,3,60.0,True,57.28,Ian,After
US1FLIR0041,27.6626,-80.3663,VERO BEACH 2.1 NE,11,11,100.0,1.5096451521336853,Coastal,0,0,0.0,True,50.0,Ian,After
US1FLIR0047,27.5591,-80.3935,VERO BEACH 6.0 S,11,0,0.0,5.726741960995116,Coastal,11,4,36.36,True,18.18,Ian,After
US1FLIR0048,27.7109,-80.4427,VERO BEACH 5.4 NNW,11,3,27.27,4.009576190528276,Coastal,8,3,37.5,True,32.38,Ian,After
US1FLIR0050,27.6306,-80.4496,VERO BEACH SOUTH 2.4 WNW,11,0,0.0,1.0130410566696073,Coastal,11,5,45.45,True,22.72,Ian,After
US1FLIR0051,27.8208,-80.5931,FELLSMERE 3.8 N,11,1,9.09,25.668329476065924,Coastal,10,4,40.0,True,24.54,Ian,After
US1FLIR0052,27.7374,-80.4247,WABASSO 1.2 SE,11,11,100.0,5.679229648335993,Coastal,0,0,0.0,True,50.0,Ian,After
US1FLIR0054,27.7646,-80.5343,VERO BEACH 11.9 NW,11,1,9.09,16.080051591518462,Coastal,10,3,30.0,True,19.55,Ian,After
US1FLIR0055,27.6408,-80.4356,VERO BEACH 2.6 W,11,6,54.55,0.0,Coastal,5,2,40.0,True,47.28,Ian,After
US1FLIR0061,27.6593,-80.4515,VERO BEACH 3.6 WNW,11,11,100.0,1.0802570368782223,Coastal,0,0,0.0,True,50.0,Ian,After
US1FLJF0007,30.2925,-83.8973,LAMONT 7.7 SW,11,0,0.0,39.044763801405644,Coastal,11,0,0.0,False,0.0,Ian,After
US1FLJF0009,30.5577,-83.8016,MONTICELLO 4.3 ENE,11,0,0.0,39.45545213328516,Coastal,11,0,0.0,False,0.0,Ian,After
US1FLJF0010,30.5255,-83.9162,MONTICELLO 2.9 WSW,11,0,0.0,33.31988803732091,Coastal,11,0,0.0,False,0.0,Ian,After
US1FLLE0006,26.6586,-81.7138,BUCKINGHAM 1.7 SE,11,0,0.0,11.005800688462543,Coastal,11,5,45.45,True,22.72,Ian,After
US1FLLE0022,26.4946,-82.0774,SAINT JAMES CITY 0.4 SSE,11,8,72.73,6.396953605673136,Coastal,3,3,100.0,True,86.36,Ian,After
US1FLLE0037,26.6423,-81.8488,FORT MYERS 0.8 N,11,7,63.64,0.0,Coastal,4,4,100.0,True,81.82,Ian,After
US1FLLE0055,26.6064,-81.8773,FORT MYERS 2.3 SW,11,0,0.0,0.0,Coastal,11,5,45.45,True,22.72,Ian,After
US1FLLE0057,26.5674,-81.9979,CAPE CORAL 4.9 S,11,2,18.18,0.0,Coastal,9,3,33.33,True,25.76,Ian,After
US1FLLE0059,26.6917,-82.0127,CAPE CORAL 3.9 NNW,11,8,72.73,6.345515436916924,Coastal,3,3,100.0,True,86.36,Ian,After
US1FLLE0062,26.5937,-81.9331,CAPE CORAL 5.0 SE,11,11,100.0,0.0,Coastal,0,0,0.0,True,50.0,Ian,After
US1FLLE0065,26.5304,-81.9027,CYPRESS LAKE 0.5 SSW,11,5,45.45,0.0,Coastal,6,2,33.33,True,39.39,Ian,After
US1FLLE0068,26.5504,-81.6508,LEHIGH ACRES 3.8 SSW,11,3,27.27,19.241800280883247,Coastal,8,3,37.5,True,32.38,Ian,After
US1FLLE0072,26.6372,-81.8772,FORT MYERS 1.7 WNW,11,0,0.0,0.4902648134661588,Coastal,11,3,27.27,True,13.64,Ian,After
US1FLLE0074,26.684,-81.8547,NORTH FORT MYERS 2.8 ESE,11,5,45.45,0.4163422792737386,Coastal,6,3,50.0,True,47.72,Ian,After
US1FLLE0075,26.4435,-81.8179,ESTERO 0.5 WNW,11,7,63.64,3.417580548637074,Coastal,4,1,25.0,True,44.32,Ian,After
US1FLLE0076,26.7169,-81.7211,FORT MYERS 10.0 NE,11,3,27.27,11.17169223777462,Coastal,8,3,37.5,True,32.38,Ian,After
US1FLLE0078,26.6232,-81.9497,CAPE CORAL 3.1 ESE,11,11,100.0,0.0,Coastal,0,0,0.0,True,50.0,Ian,After
US1FLLK0003,28.565,-81.824,GROVELAND 1.7 E,11,0,0.0,23.574611173226774,Coastal,11,5,45.45,True,22.72,Ian,After
US1FLLK0016,28.8925,-81.9404,LADY LAKE 2.5 SSW,11,11,100.0,4.544874858901876,Coastal,0,0,0.0,True,50.0,Ian,After
US1FLLK0017,28.7366,-81.8465,LEESBURG 5.4 SSE,11,11,100.0,8.682779751216337,Coastal,0,0,0.0,True,50.0,Ian,After
US1FLLK0021,28.92,-81.9116,LADY LAKE 1.2 ESE,11,0,0.0,7.73758245156078,Coastal,11,4,36.36,True,18.18,Ian,After
US1FLLK0022,28.9548,-81.939,LADY LAKE 2.0 NNW,11,0,0.0,12.178424933352913,Coastal,11,4,36.36,True,18.18,Ian,After
US1FLLK0023,28.9017,-81.7576,LEESBURG 9.9 NE,11,6,54.55,7.390845956865457,Coastal,5,3,60.0,True,57.28,Ian,After
US1FLLK0027,28.5422,-81.6831,OAKLAND 3.4 WSW,11,1,9.09,8.199119216347006,Coastal,10,3,30.0,True,19.55,Ian,After
US1FLLK0028,28.8679,-81.9152,FRUITLAND PARK 0.8 NNW,11,1,9.09,1.218072866468618,Coastal,10,1,10.0,False,9.54,Ian,After
US1FLLK0030,28.8362,-81.9137,LEESBURG 2.7 NW,11,0,0.0,0.0,Coastal,11,5,45.45,True,22.72,Ian,After
US1FLLK0031,28.8499,-81.9446,LADY LAKE 5.5 S,11,1,9.09,2.4582007444954708,Coastal,10,3,30.0,True,19.55,Ian,After
US1FLLK0036,28.5737,-81.7821,CLERMONT 2.1 NW,11,3,27.27,18.981015129632596,Coastal,8,2,25.0,True,26.14,Ian,After
US1FLLK0041,28.7284,-81.8878,LEESBURG 5.5 S,11,6,54.55,9.721082433796441,Coastal,5,0,0.0,True,27.28,Ian,After
US1FLLK0042,28.493,-81.7677,CLERMONT 4.1 S,11,4,36.36,18.173503664619822,Coastal,7,2,28.57,True,32.47,Ian,After
US1FLLK0043,28.9117,-81.8661,LADY LAKE 4.0 ESE,11,0,0.0,8.234311591664522,Coastal,11,4,36.36,True,18.18,Ian,After
US1FLLK0044,28.9847,-81.5019,PAISLEY 2.4 E,11,0,0.0,19.198915445714025,Coastal,11,4,36.36,True,18.18,Ian,After
US1FLLK0045,28.9736,-81.6308,ALTOONA 1.2 ENE,11,11,100.0,14.333082099760071,Coastal,0,0,0.0,True,50.0,Ian,After
US1FLLK0046,28.4575,-81.7474,CLERMONT 6.5 S,11,4,36.36,14.781930093754383,Coastal,7,2,28.57,True,32.47,Ian,After
US1FLLK0048,28.7996,-81.7331,TAVARES 0.4 SSE,11,11,100.0,4.140959166373432,Coastal,0,0,0.0,True,50.0,Ian,After
US1FLLK0049,28.389,-81.6594,CLERMONT 12.7 SSE,11,7,63.64,1.7005896650995382,Coastal,4,2,50.0,True,56.82,Ian,After
US1FLLK0050,28.8033,-81.6179,MOUNT DORA 1.5 E,11,0,0.0,5.228923096168836,Coastal,11,2,18.18,False,9.09,Ian,After
US1FLLK0051,28.5416,-81.7452,CLERMONT 1.0 SE,11,0,0.0,14.977725610153911,Coastal,11,3,27.27,True,13.64,Ian,After
US1FLLK0052,28.6088,-81.7856,GROVELAND 5.1 NE,11,0,0.0,20.14421480530885,Coastal,11,4,36.36,True,18.18,Ian,After
US1FLLV0001,29.1569,-82.5611,DUNNELLON 10.1 NW,11,0,0.0,30.888708845626837,Coastal,11,2,18.18,False,9.09,Ian,After
US1FLLV0004,29.4208,-82.6015,BRONSON 3.0 SE,11,11,100.0,33.42958706439412,Coastal,0,0,0.0,True,50.0,Ian,After
US1FLLV0014,29.442,-82.536,WILLISTON 6.9 NW,11,0,0.0,26.65707697265941,Coastal,11,0,0.0,False,0.0,Ian,After
US1FLLV0015,29.0409,-82.6598,INGLIS 0.6 N,11,3,27.27,16.804903149539363,Coastal,8,1,12.5,False,19.88,Ian,After
US1FLLV0017,29.4991,-82.8666,CHIEFLAND 1.4 NNW,11,0,0.0,51.61635604172846,Rural,11,2,18.18,False,9.09,Ian,After
US1FLLV0018,29.0429,-82.5701,DUNNELLON 7.4 W,11,0,0.0,16.33448590812679,Coastal,11,2,18.18,False,9.09,Ian,After
US1FLLV0019,29.4795,-82.6109,ARCHER 6.7 SW,11,0,0.0,29.119954562349513,Coastal,11,1,9.09,False,4.54,Ian,After
US1FLMA0006,27.54,-82.422,ELLENTON 6.6 E,11,0,0.0,9.84879324516464,Coastal,11,5,45.45,True,22.72,Ian,After
US1FLMA0010,27.4309,-82.4152,BRADENTON 10.8 SE,11,0,0.0,5.827410568049938,Coastal,11,5,45.45,True,22.72,Ian,After
US1FLMA0017,27.5182,-82.6511,BRADENTON 4.9 WNW,11,10,90.91,0.049021704095023697,Coastal,1,1,100.0,True,95.46,Ian,After
US1FLMA0018,27.505,-82.4005,BRADENTON 11.0 E,11,8,72.73,10.248775915155207,Coastal,3,3,100.0,True,86.36,Ian,After
US1FLMA0020,27.5099,-82.6297,BRADENTON 3.5 WNW,11,11,100.0,0.0,Coastal,0,0,0.0,True,50.0,Ian,After
US1FLMA0022,27.5622,-82.483,PALMETTO 6.4 ENE,11,0,0.0,6.013651266552899,Coastal,11,4,36.36,True,18.18,Ian,After
US1FLMA0028,27.5319,-82.7317,ANNA MARIA 0.2 NNE,11,6,54.55,6.987562961865752,Coastal,5,3,60.0,True,57.28,Ian,After
US1FLMA0029,27.4132,-82.3683,LAKEWOOD RANCH 3.5 E,11,0,0.0,10.558256092684354,Coastal,11,5,45.45,True,22.72,Ian,After
US1FLMA0032,27.4275,-82.4001,THE MEADOWS 6.2 NE,11,0,0.0,7.555315280705605,Coastal,11,5,45.45,True,22.72,Ian,After
US1FLMA0034,27.4547,-82.4694,SAMOSET 4.7 ESE,11,0,0.0,0.5137088210183157,Coastal,11,6,54.55,True,27.28,Ian,After
US1FLMA0037,27.4119,-82.4267,THE MEADOWS 4.4 NE,11,11,100.0,4.973285213474218,Coastal,0,0,0.0,True,50.0,Ian,After
US1FLMA0038,27.4756,-82.5974,BRADENTON 1.4 SW,11,11,100.0,0.0,Coastal,0,0,0.0,True,50.0,Ian,After
US1FLMA0040,27.5239,-82.3732,PARRISH 5.6 SE,11,0,0.0,14.09254019844887,Coastal,11,5,45.45,True,22.72,Ian,After
US1FLMA0041,27.4039,-82.4885,SARASOTA 5.9 NE,11,0,0.0,0.0,Coastal,11,6,54.55,True,27.28,Ian,After
US1FLMA0042,27.4886,-82.6818,CORTEZ 1.5 NNW,11,8,72.73,1.525331411703747,Coastal,3,0,0.0,True,36.36,Ian,After
US1FLMA0043,27.4273,-82.4634,DESOTO LAKES 4.2 NNE,11,0,0.0,0.9014460024245418,Coastal,11,5,45.45,True,22.72,Ian,After
US1FLMA0044,27.4463,-82.399,THE MEADOWS 7.3 NE,11,0,0.0,7.609716689102811,Coastal,11,5,45.45,True,22.72,Ian,After
US1FLMR0003,28.9774,-82.0245,BELLEVIEW 6.0 SSE,11,0,0.0,18.69869304842933,Coastal,11,2,18.18,False,9.09,Ian,After
US1FLMR0004,28.9609,-81.9979,LADY LAKE 4.8 WNW,11,0,0.0,15.279235656745495,Coastal,11,2,18.18,False,9.09,Ian,After
US1FLMR0012,29.0805,-82.1738,OCALA WEATHER SERVICE,11,0,0.0,8.55386929194059,Coastal,11,2,18.18,False,9.09,Ian,After
US1FLMR0013,29.4571,-82.2998,MICANOPY 3.6 SSW,11,0,0.0,21.422917239913573,Coastal,11,0,0.0,False,0.0,Ian,After
US1FLMR0018,29.0609,-81.9759,BELLEVIEW 4.8 E,11,0,0.0,18.79646082445156,Coastal,11,3,27.27,True,13.64,Ian,After
US1FLMR0020,28.9744,-81.9986,THE VILLAGES 2.7 NNW,11,3,27.27,16.78630952988901,Coastal,8,2,25.0,True,26.14,Ian,After
US1FLMR0032,29.042,-81.9983,SUMMERFIELD 3.0 NE,11,1,9.09,18.883338692466804,Coastal,10,2,20.0,True,14.54,Ian,After
US1FLMR0033,29.1913,-81.951,SILVER SPRINGS SHORES 6.9 NNE,11,11,100.0,14.270191999602512,Coastal,0,0,0.0,True,50.0,Ian,After
US1FLMR0036,28.976,-82.1746,OCALA 14.3 S,11,0,0.0,21.85215248265858,Coastal,11,3,27.27,True,13.64,Ian,After
US1FLMR0042,29.4453,-82.2492,MICANOPY 4.6 SSE,11,0,0.0,25.346894199494493,Coastal,11,0,0.0,False,0.0,Ian,After
US1FLMR0054,29.1779,-82.116,OCALA 1.1 SE,11,11,100.0,0.0,Coastal,0,0,0.0,True,50.0,Ian,After
US1FLMR0056,29.1117,-82.2848,OCALA 10.7 WSW,11,0,0.0,11.40218739525492,Coastal,11,1,9.09,False,4.54,Ian,After
US1FLMR0057,29.2542,-82.1267,OCALA 4.6 N,11,1,9.09,2.2883996585253925,Coastal,10,1,10.0,False,9.54,Ian,After
US1FLMR0059,29.0674,-82.2561,OCALA 11.2 SW,11,11,100.0,12.726298109723283,Coastal,0,0,0.0,True,50.0,Ian,After
US1FLMR0065,29.0183,-82.0808,BELLEVIEW 3.3 SSW,11,0,0.0,18.182047736143037,Coastal,11,2,18.18,False,9.09,Ian,After
US1FLMR0066,28.9802,-82.023,THE VILLAGES 3.7 NNW,11,0,0.0,18.88584581489288,Coastal,11,2,18.18,False,9.09,Ian,After
US1FLMR0068,29.2059,-82.0817,OCALA 3.2 ENE,11,0,0.0,0.4463548892341388,Coastal,11,1,9.09,False,4.54,Ian,After
US1FLMR0071,29.1109,-82.2871,OCALA 10.8 WSW,11,10,90.91,11.67652248199726,Coastal,1,0,0.0,True,45.46,Ian,After
US1FLMR0074,29.056,-82.0289,BELLEVIEW 1.6 E,11,11,100.0,15.487586562421155,Coastal,0,0,0.0,True,50.0,Ian,After
US1FLMR0079,29.1782,-82.2683,OCALA 8.3 W,11,1,9.09,6.009855223775683,Coastal,10,1,10.0,False,9.54,Ian,After
US1FLMR0085,28.9908,-81.988,SUMMERFIELD 2.3 ESE,11,0,0.0,18.124082762411824,Coastal,11,2,18.18,False,9.09,Ian,After
US1FLMR0086,29.0584,-82.0008,BELLEVIEW 3.3 E,11,0,0.0,17.084981682465234,Coastal,11,1,9.09,False,4.54,Ian,After
US1FLMR0087,29.0086,-81.8772,OCKLAWAHA 3.9 SE,11,11,100.0,19.58472782015842,Coastal,0,0,0.0,True,50.0,Ian,After
US1FLMR0088,28.9723,-82.0353,THE VILLAGES 3.7 NNW,11,0,0.0,18.95258842432692,Coastal,11,2,18.18,False,9.09,Ian,After
US1FLMR0089,29.2028,-82.3367,OCALA 12.5 W,11,11,100.0,12.659506137377116,Coastal,0,0,0.0,True,50.0,Ian,After
US1FLMS0003,30.4727,-83.3954,MADISON 1.2 ENE,11,11,100.0,32.15085639487817,Coastal,0,0,0.0,True,50.0,Ian,After
US1FLMT0001,27.1222,-80.3169,PALM CITY 4.0 SW,11,3,27.27,7.439395755142461,Coastal,8,4,50.0,True,38.64,Ian,After
US1FLMT0016,26.993,-80.5739,CANAL POINT 9.9 NNE,11,9,81.82,39.66440038068149,Coastal,2,0,0.0,True,40.91,Ian,After
US1FLMT0018,27.1883,-80.2279,STUART 1.0 ESE,11,0,0.0,0.0,Coastal,11,5,45.45,True,22.72,Ian,After
US1FLMT0019,27.2541,-80.2604,JENSEN BEACH 2.2 NW,11,9,81.82,0.0,Coastal,2,2,100.0,True,90.91,Ian,After
US1FLMT0021,27.1976,-80.2999,PALM CITY 3.1 NW,11,0,0.0,2.910207750880507,Coastal,11,5,45.45,True,22.72,Ian,After
US1FLMT0026,27.0326,-80.4732,INDIANTOWN 0.4 SW,11,1,9.09,27.6996299396938,Coastal,10,6,60.0,True,34.54,Ian,After
US1FLMT0028,27.2573,-80.2338,JENSEN BEACH 1.5 N,11,1,9.09,0.0,Coastal,10,5,50.0,True,29.54,Ian,After
US1FLMT0031,27.1755,-80.285,PALM CITY 1.4 NW,11,1,9.09,0.543594028583628,Coastal,10,5,50.0,True,29.54,Ian,After
US1FLMT0035,27.0728,-80.2583,STUART 8.4 S,11,0,0.0,9.27934506897234,Coastal,11,6,54.55,True,27.28,Ian,After
US1FLMT0036,27.256,-80.2351,JENSEN BEACH 1.4 N,11,0,0.0,0.0,Coastal,11,4,36.36,True,18.18,Ian,After
US1FLMT0037,27.1208,-80.1954,STUART 5.9 SSE,11,0,0.0,2.142176748849394,Coastal,11,6,54.55,True,27.28,Ian,After
US1FLMT0038,27.1238,-80.2566,STUART 4.9 S,11,9,81.82,4.360261643534697,Coastal,2,2,100.0,True,90.91,Ian,After
US1FLMT0039,27.1514,-80.2796,PALM CITY 0.9 SW,11,0,0.0,2.1710010374517292,Coastal,11,5,45.45,True,22.72,Ian,After
US1FLMT0041,27.0314,-80.4752,INDIANTOWN 0.5 SW,11,6,54.55,27.967133558656254,Coastal,5,4,80.0,True,67.28,Ian,After
US1FLMT0042,27.0768,-80.1484,HOBE SOUND 0.6 WNW,11,0,0.0,9.025157803449591,Coastal,11,6,54.55,True,27.28,Ian,After
US1FLMT0043,27.1642,-80.5767,INDIANTOWN 11.1 NW,11,0,0.0,25.67273162220912,Coastal,11,6,54.55,True,27.28,Ian,After
US1FLMT0045,27.141,-80.1961,STUART 4.7 SE,11,0,0.0,0.0,Coastal,11,5,45.45,True,22.72,Ian,After
US1FLMT0046,27.1198,-80.2145,PORT SALERNO 2.4 SW,11,4,36.36,2.1134950684705016,Coastal,7,3,42.86,True,39.61,Ian,After
US1FLNS0012,30.6489,-81.4483,FERNANDINA BEACH 0.6 S,11,11,100.0,19.19472010954251,Coastal,0,0,0.0,True,50.0,Ian,After
US1FLNS0014,30.5979,-81.5284,FERNANDINA BEACH 6.3 SW,11,0,0.0,16.911314150993874,Coastal,11,0,0.0,False,0.0,Ian,After
US1FLNS0017,30.6243,-81.4427,FERNANDINA BEACH 2.3 S,11,0,0.0,21.959970230860247,Coastal,11,0,0.0,False,0.0,Ian,After
US1FLNS0021,30.6228,-81.4524,FERNANDINA BEACH 2.4 S,11,0,0.0,21.430612818110095,Coastal,11,0,0.0,False,0.0,Ian,After
US1FLNS0022,30.6364,-81.449,FERNANDINA BEACH 1.5 S,11,11,100.0,20.318099686334396,Coastal,0,0,0.0,True,50.0,Ian,After
US1FLNS0023,30.5045,-81.8214,CALLAHAN 4.0 S,11,11,100.0,10.891808210705237,Coastal,0,0,0.0,True,50.0,Ian,After
US1FLNS0024,30.6336,-81.4443,FERNANDINA BEACH 1.7 S,11,0,0.0,20.937016862289678,Coastal,11,0,0.0,False,0.0,Ian,After
US1FLOB0002,27.5847,-81.0456,OKEECHOBEE 27.1 NNW,11,2,18.18,67.09892686202811,Rural,9,2,22.22,True,20.2,Ian,After
US1FLOR0015,28.5814,-81.1758,UNION PARK 3.8 ENE,11,11,100.0,0.3489338476732373,Coastal,0,0,0.0,True,50.0,Ian,After
US1FLOR0019,28.5624,-81.2185,UNION PARK 1.1 E,11,0,0.0,0.0,Coastal,11,5,45.45,True,22.72,Ian,After
US1FLOR0025,28.5709,-81.4959,ORLANDO 7.4 WNW,11,4,36.36,0.0,Coastal,7,2,28.57,True,32.47,Ian,After
US1FLOR0026,28.5722,-81.3958,ORLANDO 4.8 NNW,11,0,0.0,0.0,Coastal,11,4,36.36,True,18.18,Ian,After
US1FLOR0027,28.5743,-81.3851,ORLANDO 4.9 N,11,0,0.0,0.0,Coastal,11,5,45.45,True,22.72,Ian,After
US1FLOR0030,28.3645,-81.4146,ORLANDO 12.0 S,11,1,9.09,0.0,Coastal,10,5,50.0,True,29.54,Ian,After
US1FLOR0033,28.5729,-81.4914,ORLANDO 7.2 WNW,11,11,100.0,0.0,Coastal,0,0,0.0,True,50.0,Ian,After
US1FLOR0034,28.5927,-81.5285,OCOEE 1.4 N,11,0,0.0,0.0,Coastal,11,4,36.36,True,18.18,Ian,After
US1FLOR0035,28.3567,-81.6334,BAY LAKE 4.1 WSW,11,0,0.0,0.0,Coastal,11,5,45.45,True,22.72,Ian,After
US1FLOR0043,28.667,-81.4609,APOPKA 3.5 ESE,11,0,0.0,0.0,Coastal,11,3,27.27,True,13.64,Ian,After
US1FLOR0046,28.5139,-81.4096,ORLANDO 2.2 WNW,11,7,63.64,0.0,Coastal,4,4,100.0,True,81.82,Ian,After
US1FLOR0047,28.5262,-81.5612,WINTER GARDEN 2.8 SSE,11,8,72.73,0.44769665764629946,Coastal,3,0,0.0,True,36.36,Ian,After
US1FLOR0048,28.5299,-81.1934,UNION PARK 3.5 SE,11,9,81.82,1.0653068053264503,Coastal,2,2,100.0,True,90.91,Ian,After
US1FLOR0049,28.5428,-81.5764,WINTER GARDEN 1.4 SSE,11,6,54.55,0.7407700120211121,Coastal,5,0,0.0,True,27.28,Ian,After
US1FLOR0050,28.3692,-81.2629,BUENA VENTURA LAKES 6.0 ENE,11,11,100.0,8.980061768032638,Coastal,0,0,0.0,True,50.0,Ian,After
US1FLOR0054,28.6849,-81.4972,APOPKA 1.0 E,11,3,27.27,0.0,Coastal,8,1,12.5,False,19.88,Ian,After
US1FLOR0055,28.53,-81.4874,ORLANDO 6.8 W,11,0,0.0,0.0,Coastal,11,5,45.45,True,22.72,Ian,After
US1FLOR0059,28.5001,-81.379,ORLANDO 0.4 SW,11,8,72.73,0.0,Coastal,3,2,66.67,True,69.7,Ian,After
US1FLOR0061,28.5492,-81.6524,OAKLAND 1.5 WSW,11,1,9.09,4.670341104325328,Coastal,10,3,30.0,True,19.55,Ian,After
US1FLOR0062,28.5237,-81.6084,OAKLAND 2.6 SSE,11,0,0.0,4.613771656253725,Coastal,11,3,27.27,True,13.64,Ian,After
US1FLOR0065,28.5371,-81.295,ORLANDO 5.3 ENE,11,0,0.0,0.0,Coastal,11,5,45.45,True,22.72,Ian,After
US1FLOR0068,28.444,-81.5548,BAY HILL 2.9 SW,11,8,72.73,0.0,Coastal,3,0,0.0,True,36.36,Ian,After
US1FLOR0071,28.4589,-81.0882,BITHLO 7.8 S,11,11,100.0,14.209917740223256,Coastal,0,0,0.0,True,50.0,Ian,After
US1FLOR0072,28.5381,-81.1932,UNION PARK 3.1 SE,11,0,0.0,0.02626111281804054,Coastal,11,5,45.45,True,22.72,Ian,After
US1FLOR0073,28.6909,-81.5176,APOPKA 0.4 NW,11,0,0.0,0.0,Coastal,11,4,36.36,True,18.18,Ian,After
US1FLOR0074,28.3721,-81.3578,MEADOW WOOD 1.1 SSE,11,0,0.0,0.0,Coastal,11,6,54.55,True,27.28,Ian,After
US1FLOR0080,28.4601,-81.1001,BITHLO 7.6 S,11,2,18.18,13.187032584467802,Coastal,9,5,55.56,True,36.87,Ian,After
US1FLOR0081,28.7005,-81.4733,APOPKA 2.6 ENE,11,11,100.0,0.0,Coastal,0,0,0.0,True,50.0,Ian,After
US1FLOS0001,28.193,-81.4997,POINCIANA PLACE 2.6 NNW,11,1,9.09,12.61067075601133,Coastal,10,4,40.0,True,24.54,Ian,After
US1FLOS0027,28.2006,-81.285,ST. CLOUD 2.9 S,11,11,100.0,5.696556249243019,Coastal,0,0,0.0,True,50.0,Ian,After
US1FLOS0029,28.2659,-81.261,ST. CLOUD 2.4 NE,11,6,54.55,1.98830902838707,Coastal,5,5,100.0,True,77.28,Ian,After
US1FLOS0031,28.2738,-81.4647,CAMPBELL 1.4 NNW,11,1,9.09,2.3301744444832226,Coastal,10,5,50.0,True,29.54,Ian,After
US1FLOS0033,28.2619,-81.4462,KISSIMMEE 3.6 SW,11,9,81.82,2.8805642234938778,Coastal,2,2,100.0,True,90.91,Ian,After
US1FLOS0036,28.249,-81.159,ST. CLOUD 8.0 E,11,0,0.0,13.342897089298813,Coastal,11,6,54.55,True,27.28,Ian,After
US1FLOS0037,28.2482,-81.2399,ST CLOUD 3.1 E,11,0,0.0,4.33821541360243,Coastal,11,6,54.55,True,27.28,Ian,After
US1FLOS0038,28.3125,-81.2413,ST. CLOUD 5.7 NNE,11,8,72.73,6.689030686213909,Coastal,3,2,66.67,True,69.7,Ian,After
US1FLPB0002,26.5755,-80.2026,ABERDEEN 3.7 WNW,11,0,0.0,1.4358088552443322,Coastal,11,6,54.55,True,27.28,Ian,After
US1FLPB0007,26.518,-80.145,SUN VALLEY 0.8 SW,11,6,54.55,0.0,Coastal,5,4,80.0,True,67.28,Ian,After
US1FLPB0009,26.9458,-80.2299,JUPITER 7.9 W,11,7,63.64,6.89355791861562,Coastal,4,3,75.0,True,69.32,Ian,After
US1FLPB0012,26.607,-80.1721,ABERDEEN 4.2 NNW,11,0,0.0,0.0,Coastal,11,6,54.55,True,27.28,Ian,After
US1FLPB0013,26.6331,-80.0661,LAKE WORTH 1.0 NNW,11,0,0.0,0.0,Coastal,11,5,45.45,True,22.72,Ian,After
US1FLPB0029,26.9433,-80.562,INDIANTOWN 8.6 SW,11,11,100.0,42.46634652274262,Coastal,0,0,0.0,True,50.0,Ian,After
US1FLPB0031,26.714,-80.307,ROYAL PALM BEACH 5.0 W,11,2,18.18,3.792228881568864,Coastal,9,4,44.44,True,31.31,Ian,After
US1FLPB0034,26.8374,-80.6471,PAHOKEE 1.6 NE,11,0,0.0,43.87979084787287,Coastal,11,6,54.55,True,27.28,Ian,After
US1FLPB0037,26.651,-80.2475,WELLINGTON 0.7 SE,11,1,9.09,0.0,Coastal,10,6,60.0,True,34.54,Ian,After
US1FLPB0043,26.902,-80.1246,JUPITER 2.0 SW,11,4,36.36,1.1231915086948396,Coastal,7,3,42.86,True,39.61,Ian,After
US1FLPB0044,26.3985,-80.0736,BOCA RATON 2.7 NE,11,0,0.0,0.0,Coastal,11,5,45.45,True,22.72,Ian,After
US1FLPB0061,26.442,-80.1105,DELRAY BEACH 1.6 WSW,11,0,0.0,0.0,Coastal,11,6,54.55,True,27.28,Ian,After
US1FLPB0063,26.4278,-80.0809,DELRAY BEACH 1.9 SSE,11,0,0.0,0.0,Coastal,11,6,54.55,True,27.28,Ian,After
US1FLPB0070,26.5357,-80.0998,BOYNTON BEACH 1.3 WNW,11,11,100.0,0.0,Coastal,0,0,0.0,True,50.0,Ian,After
US1FLPB0072,26.5508,-80.1825,BOYNTON BEACH 6.5 WNW,11,0,0.0,0.0,Coastal,11,5,45.45,True,22.72,Ian,After
US1FLPB0077,26.5613,-80.1686,ABERDEEN 1.4 WNW,11,0,0.0,0.0,Coastal,11,6,54.55,True,27.28,Ian,After
US1FLPB0080,26.3544,-80.1644,BOCA RATON 3.8 WSW,11,0,0.0,0.0,Coastal,11,6,54.55,True,27.28,Ian,After
US1FLPB0081,26.797,-80.035,PALM BEACH SHORES 1.4 N,11,2,18.18,0.3699976120481375,Coastal,9,5,55.56,True,36.87,Ian,After
US1FLPB0087,26.6674,-80.1785,GOLDEN LAKES 2.4 SSW,11,0,0.0,0.0,Coastal,11,6,54.55,True,27.28,Ian,After
US1FLPB0095,26.6179,-80.0515,LAKE WORTH 0.5 ESE,11,11,100.0,0.0,Coastal,0,0,0.0,True,50.0,Ian,After
US1FLPB0096,26.7235,-80.6665,BELLE GLADE 2.6 N,11,3,27.27,42.043019727756295,Coastal,8,4,50.0,True,38.64,Ian,After
US1FLPB0098,26.7473,-80.3282,ROYAL PALM BEACH 6.9 WNW,11,0,0.0,8.494508279830244,Coastal,11,6,54.55,True,27.28,Ian,After
US1FLPB0108,26.9538,-80.0991,JUPITER 2.1 N,11,0,0.0,0.0,Coastal,11,6,54.55,True,27.28,Ian,After
US1FLPB0116,26.9551,-80.136,JUPITER 2.9 NW,11,0,0.0,0.0,Coastal,11,5,45.45,True,22.72,Ian,After
US1FLPB0117,26.6033,-80.1768,GREENACRES CITY 2.9 SW,11,2,18.18,0.0,Coastal,9,5,55.56,True,36.87,Ian,After
US1FLPB0118,26.6645,-80.2253,WELLINGTON 1.9 ENE,11,0,0.0,0.0,Coastal,11,5,45.45,True,22.72,Ian,After
US1FLPB0122,26.8196,-80.0686,NORTH PALM BEACH 0.7 W,11,2,18.18,0.0,Coastal,9,4,44.44,True,31.31,Ian,After
US1FLPB0124,26.8164,-80.0609,NORTH PALM BEACH 0.3 SW,11,0,0.0,0.0,Coastal,11,6,54.55,True,27.28,Ian,After
US1FLPK0013,28.0337,-81.7415,WINTER HAVEN 1.3 WSW,11,9,81.82,0.0,Coastal,2,1,50.0,True,65.91,Ian,After
US1FLPK0018,27.957,-81.946,LAKELAND HIGHLANDS 0.3 SE,11,11,100.0,2.7110356709990953,Coastal,0,0,0.0,True,50.0,Ian,After
US1FLPK0032,28.065,-82.0423,LAKELAND 5.3 WNW,11,0,0.0,2.915890799083424,Coastal,11,4,36.36,True,18.18,Ian,After
US1FLPK0035,27.7027,-81.589,FROSTPROOF 4.6 SW,11,0,0.0,24.004318997331126,Coastal,11,6,54.55,True,27.28,Ian,After
US1FLPK0039,27.8285,-81.7433,BARTOW 7.8 SE,11,0,0.0,16.912588428650235,Coastal,11,6,54.55,True,27.28,Ian,After
US1FLPK0048,27.9915,-81.943,LAKELAND 3.6 SSE,11,11,100.0,0.0,Coastal,0,0,0.0,True,50.0,Ian,After
US1FLPK0055,28.1722,-81.8492,POLK CITY 1.6 WSW,11,1,9.09,10.517906645426258,Coastal,10,4,40.0,True,24.54,Ian,After
US1FLPK0060,28.0202,-81.6158,DUNDEE 0.3 E,11,10,90.91,6.084817248938267,Coastal,1,1,100.0,True,95.46,Ian,After
US1FLPK0067,28.1817,-81.6238,DAVENPORT 1.9 NW,11,0,0.0,13.129599880252085,Coastal,11,5,45.45,True,22.72,Ian,After
US1FLPK0071,27.975,-81.7865,WINTER HAVEN 6.1 SW,11,0,0.0,3.7821277817117256,Coastal,11,5,45.45,True,22.72,Ian,After
US1FLPK0073,27.9171,-81.9777,MULBERRY 1.1 NNW,11,0,0.0,7.122053751185867,Coastal,11,6,54.55,True,27.28,Ian,After
US1FLPK0076,28.1019,-81.7813,AUBURNDALE 2.4 NNE,11,0,0.0,0.0,Coastal,11,5,45.45,True,22.72,Ian,After
US1FLPK0078,28.2211,-81.5442,LOUGHMAN 2.0 ESE,11,0,0.0,10.942588922291415,Coastal,11,5,45.45,True,22.72,Ian,After
US1FLPK0081,28.0515,-81.8443,AUBURNDALE 3.1 WSW,11,0,0.0,2.4797011536159554,Coastal,11,5,45.45,True,22.72,Ian,After
US1FLPK0084,27.9147,-81.8681,BARTOW 1.9 NW,11,0,0.0,12.066491723047072,Coastal,11,5,45.45,True,22.72,Ian,After
US1FLPK0087,28.0994,-81.8922,LAKELAND 5.8 NE,11,0,0.0,1.2404282305776528,Coastal,11,5,45.45,True,22.72,Ian,After
US1FLPK0090,28.0021,-81.9691,LAKELAND 2.8 SSW,11,0,0.0,0.0,Coastal,11,6,54.55,True,27.28,Ian,After
US1FLPK0091,27.9416,-81.6696,WINTER HAVEN 7.7 SSE,11,11,100.0,5.232827322005538,Coastal,0,0,0.0,True,50.0,Ian,After
US1FLPK0096,27.951,-81.6882,WINTER HAVEN 6.6 SSE,11,11,100.0,4.075628526062188,Coastal,0,0,0.0,True,50.0,Ian,After
US1FLPN0004,27.8017,-82.7355,ST. PETERSBURG 6.5 WNW,11,0,0.0,0.0,Coastal,11,3,27.27,True,13.64,Ian,After
US1FLPN0006,27.7635,-82.7315,SOUTH PASADENA 1.0 NE,11,0,0.0,0.0,Coastal,11,3,27.27,True,13.64,Ian,After
US1FLPN0009,27.7255,-82.6325,ST. PETERSBURG 2.3 SSE,11,4,36.36,0.0,Coastal,7,2,28.57,True,32.47,Ian,After
US1FLPN0017,27.7532,-82.7309,SOUTH PASADENA 0.6 E,11,6,54.55,0.32424803973118854,Coastal,5,3,60.0,True,57.28,Ian,After
US1FLPN0034,27.8033,-82.6546,ST. PETERSBURG 3.2 NNW,11,0,0.0,0.0,Coastal,11,4,36.36,True,18.18,Ian,After
US1FLPN0035,27.7588,-82.7164,GULFPORT 0.9 NNW,11,0,0.0,0.0,Coastal,11,4,36.36,True,18.18,Ian,After
US1FLPN0036,28.0347,-82.7645,DUNEDIN 2.8 ESE,11,0,0.0,0.0,Coastal,11,3,27.27,True,13.64,Ian,After
US1FLPN0049,27.8239,-82.6358,ST. PETERSBURG 4.6 N,11,8,72.73,0.0,Coastal,3,2,66.67,True,69.7,Ian,After
US1FLPN0053,27.8019,-82.7347,ST.PETERSBURG 6.0 WNW,11,11,100.0,0.0,Coastal,0,0,0.0,True,50.0,Ian,After
US1FLPN0060,27.8019,-82.6967,ST. PETERSBURG 4.5 NW,11,0,0.0,0.0,Coastal,11,3,27.27,True,13.64,Ian,After
US1FLPN0071,28.0729,-82.7654,PALM HARBOR 1.0 S,11,1,9.09,0.0,Coastal,10,4,40.0,True,24.54,Ian,After
US1FLPN0072,27.9214,-82.7603,LARGO 1.5 NE,11,11,100.0,0.0,Coastal,0,0,0.0,True,50.0,Ian,After
US1FLPN0074,27.7674,-82.6654,ST. PETERSBURG 1.6 WNW,11,0,0.0,0.0,Coastal,11,4,36.36,True,18.18,Ian,After
US1FLPN0077,27.8618,-82.8348,SEMINOLE 3.3 WNW,11,2,18.18,0.0,Coastal,9,3,33.33,True,25.76,Ian,After
US1FLPN0079,27.7899,-82.6437,ST. PETERSBURG 2.2 N,11,0,0.0,0.0,Coastal,11,3,27.27,True,13.64,Ian,After
US1FLPN0081,27.7229,-82.6492,ST. PETERSBURG 2.5 S,11,1,9.09,0.0,Coastal,10,4,40.0,True,24.54,Ian,After
US1FLPN0083,28.0029,-82.7624,CLEARWATER 1.6 N,11,0,0.0,0.0,Coastal,11,5,45.45,True,22.72,Ian,After
US1FLPN0087,27.7389,-82.7053,GULFPORT 0.6 SSE,11,3,27.27,0.0,Coastal,8,3,37.5,True,32.38,Ian,After
US1FLPN0090,27.8674,-82.6815,PINELLAS PARK 1.7 ENE,11,0,0.0,0.0,Coastal,11,5,45.45,True,22.72,Ian,After
US1FLPN0091,28.033,-82.7622,DUNEDIN 2.9 ESE,11,0,0.0,0.0,Coastal,11,4,36.36,True,18.18,Ian,After
US1FLPN0094,27.882,-82.7411,LARGO 3.1 SE,11,2,18.18,0.0,Coastal,9,3,33.33,True,25.76,Ian,After
US1FLPN0096,27.9481,-82.7352,CLEARWATER 2.9 SE,11,0,0.0,0.0,Coastal,11,5,45.45,True,22.72,Ian,After
US1FLPN0097,27.7657,-82.7359,ST. PETERSBURG 5.8 W,11,2,18.18,0.0,Coastal,9,2,22.22,True,20.2,Ian,After
US1FLPN0099,27.7775,-82.7184,ST. PETERSBURG 4.9 WNW,11,0,0.0,0.0,Coastal,11,5,45.45,True,22.72,Ian,After
US1FLPN0104,27.8904,-82.7931,LARGO 1.5 SSW,11,0,0.0,0.0,Coastal,11,4,36.36,True,18.18,Ian,After
US1FLPN0105,27.8899,-82.6599,FEATHER SOUND 1.3 S,11,3,27.27,0.0,Coastal,8,3,37.5,True,32.38,Ian,After
US1FLPN0108,27.8126,-82.6258,ST. PETERSBURG 3.9 NNE,11,3,27.27,0.0,Coastal,8,3,37.5,True,32.38,Ian,After
US1FLPN0111,28.0808,-82.7617,PALM HARBOR 0.5 S,11,11,100.0,0.0,Coastal,0,0,0.0,True,50.0,Ian,After
US1FLPN0112,27.9449,-82.7613,CLEARWATER 2.4 S,11,11,100.0,0.0,Coastal,0,0,0.0,True,50.0,Ian,After
US1FLPN0115,28.0908,-82.7765,PALM HARBOR 0.8 WNW,11,4,36.36,0.0,Coastal,7,3,42.86,True,39.61,Ian,After
US1FLPN0116,28.146,-82.7298,TARPON SPRINGS 3.1 E,11,11,100.0,0.0,Coastal,0,0,0.0,True,50.0,Ian,After
US1FLPN0119,27.7528,-82.7372,SOUTH PASADENA 0.2 ENE,11,3,27.27,0.9402847767410779,Coastal,8,3,37.5,True,32.38,Ian,After
US1FLPN0120,27.7912,-82.7445,ST. PETERSBURG 6.2 WNW,11,3,27.27,0.0,Coastal,8,2,25.0,True,26.14,Ian,After
US1FLPN0121,28.0082,-82.7393,CLEARWATER 2.6 NE,11,0,0.0,0.0,Coastal,11,4,36.36,True,18.18,Ian,After
US1FLPN0122,27.8007,-82.6741,ST. PETERSBURG 3.5 NNW,11,5,45.45,0.0,Coastal,6,0,0.0,True,22.72,Ian,After
US1FLPN0123,27.8444,-82.6758,ST. PETERSBURG 6.3 NNW,11,11,100.0,0.0,Coastal,0,0,0.0,True,50.0,Ian,After
US1FLPS0001,28.3505,-82.6836,HUDSON 1.1 ESE,11,2,18.18,0.0,Coastal,9,3,33.33,True,25.76,Ian,After
US1FLPS0004,28.3014,-82.7146,PORT RICHEY 2.0 NNE,11,0,0.0,0.0,Coastal,11,5,45.45,True,22.72,Ian,After
US1FLPS0006,28.1714,-82.4223,LUTZ 3.4 NE,11,0,0.0,5.200019816477895,Coastal,11,5,45.45,True,22.72,Ian,After
US1FLPS0007,28.2698,-82.1941,ZEPHYRHILLS 2.6 NNW,11,0,0.0,20.20048566988134,Coastal,11,5,45.45,True,22.72,Ian,After
US1FLPS0010,28.3522,-82.2225,DADE CITY 1.8 WSW,11,1,9.09,25.003521662479518,Coastal,10,2,20.0,True,14.54,Ian,After
US1FLPS0015,28.4225,-82.206,DADE CITY 4.3 N,11,2,18.18,33.45823955881469,Coastal,9,2,22.22,True,20.2,Ian,After
US1FLPS0018,28.2839,-82.1614,ZEPHYRHILLS NORTH 2.3 N,11,11,100.0,24.241651690151617,Coastal,0,0,0.0,True,50.0,Ian,After
US1FLPS0043,28.2027,-82.44,LAND O LAKES 1.5 SSE,11,0,0.0,6.256161718979839,Coastal,11,6,54.55,True,27.28,Ian,After
US1FLPS0049,28.4754,-82.1569,LACOOCHEE 1.0 NE,11,0,0.0,42.015253138437195,Coastal,11,3,27.27,True,13.64,Ian,After
US1FLPS0051,28.1875,-82.7321,HOLIDAY 0.6 E,11,2,18.18,0.0,Coastal,9,5,55.56,True,36.87,Ian,After
US1FLPS0053,28.2027,-82.4341,LAND O' LAKES 1.8 SE,11,9,81.82,6.733850673523065,Coastal,2,2,100.0,True,90.91,Ian,After
US1FLPS0065,28.1871,-82.6233,TRINITY 3.0 ENE,11,0,0.0,6.103653328183106,Coastal,11,4,36.36,True,18.18,Ian,After
US1FLPS0068,28.2219,-82.7407,NEW PORT RICHEY 2.3 SW,11,11,100.0,0.0,Coastal,0,0,0.0,True,50.0,Ian,After
US1FLPS0072,28.2283,-82.3876,LAND O' LAKES 4.1 E,11,0,0.0,5.595357937027054,Coastal,11,6,54.55,True,27.28,Ian,After
US1FLPS0073,28.1751,-82.3376,WESLEY CHAPEL 1.7 ESE,11,0,0.0,0.8632097395552534,Coastal,11,4,36.36,True,18.18,Ian,After
US1FLPS0074,28.3189,-82.1769,DADE CITY 3.2 SSE,11,11,100.0,25.404779626216595,Coastal,0,0,0.0,True,50.0,Ian,After
US1FLPS0075,28.2088,-82.6757,NEW PORT RICHEY 3.7 SE,11,10,90.91,0.30046767171998484,Coastal,1,0,0.0,True,45.46,Ian,After
US1FLPS0081,28.3491,-82.2775,DADE CITY 5.1 W,11,0,0.0,21.54973725217249,Coastal,11,3,27.27,True,13.64,Ian,After
US1FLPT0004,29.5517,-81.6579,SATSUMA 0.2 WSW,11,3,27.27,11.080568757206276,Coastal,8,1,12.5,False,19.88,Ian,After
US1FLPT0007,29.5909,-81.6063,SATSUMA 4.0 NE,11,1,9.09,7.405852824870095,Coastal,10,4,40.0,True,24.54,Ian,After
US1FLPT0008,29.6962,-81.6264,EAST PALATKA 3.5 NNW,11,0,0.0,3.344816720728675,Coastal,11,1,9.09,False,4.54,Ian,After
US1FLPT0009,29.6517,-81.8746,INTERLACHEN 2.8 NNE,11,11,100.0,19.331391300937895,Coastal,0,0,0.0,True,50.0,Ian,After
US1FLPT0010,29.6046,-81.9143,INTERLACHEN 1.3 SW,11,11,100.0,25.116462262996055,Coastal,0,0,0.0,True,50.0,Ian,After
US1FLPT0012,29.7832,-81.8487,FLORAHOME 4.1 NNE,11,0,0.0,20.076385140346797,Coastal,11,1,9.09,False,4.54,Ian,After
US1FLPT0021,29.4661,-81.521,CRESCENT CITY 2.0 N,11,2,18.18,25.958905111311587,Coastal,9,1,11.11,False,14.64,Ian,After
US1FLPT0024,29.5887,-81.5487,SAN MATEO 2.5 SE,11,0,0.0,12.467484950455907,Coastal,11,4,36.36,True,18.18,Ian,After
US1FLPT0026,29.6622,-81.87,INTERLACHEN 3.6 NNE,11,0,0.0,18.68238527900479,Coastal,11,1,9.09,False,4.54,Ian,After
US1FLPT0027,29.6278,-81.8191,HOLLISTER 0.5 NW,11,0,0.0,14.17224631060111,Coastal,11,1,9.09,False,4.54,Ian,After
US1FLPT0029,29.6414,-81.7153,PALATKA 3.6 W,11,3,27.27,3.7093680085634624,Coastal,8,1,12.5,False,19.88,Ian,After
US1FLSJ0004,29.8129,-81.3319,ST. AUGUSTINE SOUTH 2.1 SSW,11,0,0.0,4.690039237347302,Coastal,11,2,18.18,False,9.09,Ian,After
US1FLSJ0016,29.9441,-81.5061,ST. AUGUSTINE 12.2 WNW,11,0,0.0,15.730665045894012,Coastal,11,1,9.09,False,4.54,Ian,After
US1FLSJ0020,29.85,-81.2904,ST. AUGUSTINE 3.1 SSE,11,3,27.27,0.635299490577189,Coastal,8,1,12.5,False,19.88,Ian,After
US1FLSJ0023,29.9269,-81.3517,ST. AUGUSTINE 3.4 NW,11,1,9.09,0.0,Coastal,10,3,30.0,True,19.55,Ian,After
US1FLSJ0028,29.8518,-81.3447,ST. AUGUSTINE 3.4 SW,11,0,0.0,0.6056058231389015,Coastal,11,3,27.27,True,13.64,Ian,After
US1FLSJ0029,30.1925,-81.3702,SAWGRASS 0.0 E,11,6,54.55,1.6281504484928262,Coastal,5,2,40.0,True,47.28,Ian,After
US1FLSJ0030,30.1286,-81.6197,FRUIT COVE 1.9 N,11,0,0.0,0.21419865195893933,Coastal,11,0,0.0,False,0.0,Ian,After
US1FLSJ0031,30.1215,-81.4323,PALM VALLEY 5.9 SSW,11,8,72.73,11.882133727616452,Coastal,3,3,100.0,True,86.36,Ian,After
US1FLSJ0033,30.1613,-81.3669,SAWGRASS 2.2 S,11,0,0.0,5.646817688316755,Coastal,11,1,9.09,False,4.54,Ian,After
US1FLSJ0034,29.9198,-81.3901,ST. AUGUSTINE 5.1 WNW,11,0,0.0,2.5224005749796508,Coastal,11,3,27.27,True,13.64,Ian,After
US1FLSJ0036,30.1116,-81.6323,FRUIT COVE 1.1 NW,11,0,0.0,2.813048408270099,Coastal,11,0,0.0,False,0.0,Ian,After
US1FLSJ0039,30.0123,-81.4802,ST JOHNS 6.2 SE,11,3,27.27,16.23980750141829,Coastal,8,1,12.5,False,19.88,Ian,After
US1FLSJ0045,29.959,-81.5258,ST. AUGUSTINE 13.7 WNW,11,11,100.0,18.292435400698952,Coastal,0,0,0.0,True,50.0,Ian,After
US1FLSJ0046,30.1004,-81.5726,FRUIT COVE 2.7 E,11,2,18.18,5.541644176483876,Coastal,9,0,0.0,False,9.09,Ian,After
US1FLSL0011,27.3864,-80.3286,FORT PIERCE 2.8 SSE,11,1,9.09,1.0233901889235728,Coastal,10,5,50.0,True,29.54,Ian,After
US1FLSL0013,27.2494,-80.3718,PORT ST. LUCIE 2.4 SSW,11,0,0.0,7.798311966009624,Coastal,11,6,54.55,True,27.28,Ian,After
US1FLSL0015,27.4874,-80.3035,FORT PIERCE 3.4 NNE,11,0,0.0,3.0142466165686352,Coastal,11,6,54.55,True,27.28,Ian,After
US1FLSL0017,27.2681,-80.4454,TRADITION 5.6 W,11,0,0.0,6.441459900179501,Coastal,11,5,45.45,True,22.72,Ian,After
US1FLSL0019,27.3237,-80.3111,PORT ST. LUCIE 4.0 NE,11,0,0.0,0.0,Coastal,11,4,36.36,True,18.18,Ian,After
US1FLSL0022,27.3138,-80.3563,PORT ST. LUCIE 2.4 N,11,11,100.0,2.5534937267522535,Coastal,0,0,0.0,True,50.0,Ian,After
US1FLSL0031,27.3398,-80.3763,PORT ST. LUCIE 4.4 NNW,11,11,100.0,0.3829137414451852,Coastal,0,0,0.0,True,50.0,Ian,After
US1FLSL0033,27.3704,-80.3428,FORT PIERCE 5.1 SSW,11,0,0.0,3.4165067019616853,Coastal,11,6,54.55,True,27.28,Ian,After
US1FLSL0043,27.2439,-80.4066,PORT ST. LUCIE 4.1 SW,11,7,63.64,7.780635317338714,Coastal,4,2,50.0,True,56.82,Ian,After
US1FLSL0048,27.365,-80.3034,FORT PIERCE 5.4 SSE,11,11,100.0,4.224652111023042,Coastal,0,0,0.0,True,50.0,Ian,After
US1FLSL0050,27.2626,-80.3767,PORT ST. LUCIE 1.8 SW,11,0,0.0,6.072920570905303,Coastal,11,5,45.45,True,22.72,Ian,After
US1FLSL0051,27.2671,-80.4102,PORT ST. LUCIE 3.5 WSW,11,8,72.73,4.952152229526277,Coastal,3,1,33.33,True,53.03,Ian,After
US1FLSL0052,27.2891,-80.394,PORT ST. LUCIE 2.5 WNW,11,11,100.0,2.2524602561851013,Coastal,0,0,0.0,True,50.0,Ian,After
US1FLSL0053,27.2076,-80.3783,PORT ST. LUCIE 5.2 SSW,11,0,0.0,10.404061258011364,Coastal,11,6,54.55,True,27.28,Ian,After
US1FLSL0054,27.2941,-80.2145,JENSEN BEACH 4.1 NNE,11,0,0.0,2.964002474885345,Coastal,11,6,54.55,True,27.28,Ian,After
US1FLSM0004,28.7904,-81.27,SANFORD 0.4 ENE,11,9,81.82,0.0,Coastal,2,1,50.0,True,65.91,Ian,After
US1FLSM0008,28.652,-81.1209,CHULUOTA 0.9 N,11,0,0.0,3.860426581472222,Coastal,11,5,45.45,True,22.72,Ian,After
US1FLSM0018,28.7971,-81.3051,SANFORD 1.9 WNW,11,8,72.73,0.0,Coastal,3,2,66.67,True,69.7,Ian,After
US1FLSM0026,28.6831,-81.3997,ALTAMONTE SPRINGS 1.5 N,11,5,45.45,0.0,Coastal,6,2,33.33,True,39.39,Ian,After
US1FLSM0027,28.6462,-81.3805,ALTAMONTE SPRINGS 1.4 SE,11,8,72.73,0.0,Coastal,3,2,66.67,True,69.7,Ian,After
US1FLSM0030,28.676,-81.237,WINTER SPRINGS 2.3 E,11,0,0.0,0.0,Coastal,11,3,27.27,True,13.64,Ian,After
US1FLSM0034,28.6886,-81.1828,OVIEDO 2.1 N,11,0,0.0,2.0581312740958073,Coastal,11,4,36.36,True,18.18,Ian,After
US1FLSM0035,28.6548,-81.2865,CASSELBERRY 2.3 ESE,11,0,0.0,0.0,Coastal,11,4,36.36,True,18.18,Ian,After
US1FLSM0037,28.6376,-81.1293,CHULUOTA 0.6 WSW,11,3,27.27,2.8714067605362383,Coastal,8,4,50.0,True,38.64,Ian,After
US1FLSM0038,28.6582,-81.2624,WINTER SPRINGS 1.8 SSE,11,0,0.0,0.0,Coastal,11,4,36.36,True,18.18,Ian,After
US1FLSM0039,28.7281,-81.3833,LONGWOOD 2.8 NW,11,0,0.0,0.0,Coastal,11,3,27.27,True,13.64,Ian,After
US1FLSM0043,28.6724,-81.2737,WINTER SPRINGS 0.6 S,11,0,0.0,0.0,Coastal,11,3,27.27,True,13.64,Ian,After
US1FLSM0044,28.6401,-81.3493,MAITLAND 1.4 NE,11,10,90.91,0.0,Coastal,1,1,100.0,True,95.46,Ian,After
US1FLSM0047,28.7904,-81.3173,SANFORD 2.5 W,11,0,0.0,0.0,Coastal,11,5,45.45,True,22.72,Ian,After
US1FLSM0048,28.6597,-81.2171,OVIEDO 2.2 W,11,1,9.09,0.0,Coastal,10,4,40.0,True,24.54,Ian,After
US1FLSM0049,28.6821,-81.2642,WINTER SPRINGS 0.6 E,11,0,0.0,0.0,Coastal,11,3,27.27,True,13.64,Ian,After
US1FLSM0050,28.7229,-81.3455,LONGWOOD 1.5 N,11,0,0.0,0.0,Coastal,11,5,45.45,True,22.72,Ian,After
US1FLSM0051,28.6419,-81.3247,CASSELBERRY 1.5 S,11,8,72.73,0.0,Coastal,3,0,0.0,True,36.36,Ian,After
US1FLSM0052,28.6664,-81.2928,CASSELBERRY 1.9 E,11,11,100.0,0.0,Coastal,0,0,0.0,True,50.0,Ian,After
US1FLSM0055,28.6985,-81.1569,OVIEDO 3.2 NNE,11,11,100.0,4.840163257663229,Coastal,0,0,0.0,True,50.0,Ian,After
US1FLSS0014,27.061,-82.172,NORTH PORT 1.6 ENE,11,7,63.64,2.7007695836725745,Coastal,4,4,100.0,True,81.82,Ian,After
US1FLSS0015,27.1132,-82.1657,NORTH PORT 4.7 NNE,11,1,9.09,8.647541887218152,Coastal,10,4,40.0,True,24.54,Ian,After
US1FLSS0022,26.9865,-82.3654,ENGLEWOOD 2.0 NNW,11,0,0.0,0.41290867169389006,Coastal,11,5,45.45,True,22.72,Ian,After
US1FLSS0034,27.0545,-82.1527,NORTH PORT 2.6 E,11,0,0.0,1.1890098769392479,Coastal,11,4,36.36,True,18.18,Ian,After
US1FLSS0040,27.0315,-82.4121,VENICE 4.8 SSE,11,2,18.18,3.32079536057142,Coastal,9,3,33.33,True,25.76,Ian,After
US1FLSS0047,27.3401,-82.5235,SARASOTA 1.4 E,11,3,27.27,0.0,Coastal,8,2,25.0,True,26.14,Ian,After
US1FLSS0052,27.2779,-82.5501,SARASOTA 4.0 S,11,6,54.55,0.0,Coastal,5,3,60.0,True,57.28,Ian,After
US1FLSS0053,27.0751,-82.2137,NORTH PORT 2.1 NNW,11,11,100.0,6.899270400582378,Coastal,0,0,0.0,True,50.0,Ian,After
US1FLSS0056,27.0362,-82.1381,NORTH PORT 3.6 ESE,11,11,100.0,0.0,Coastal,0,0,0.0,True,50.0,Ian,After
US1FLSS0059,27.041,-82.1276,NORTH PORT 4.2 E,11,3,27.27,0.0,Coastal,8,2,25.0,True,26.14,Ian,After
US1FLSS0062,27.2286,-82.4619,VAMO 2.1 E,11,8,72.73,0.6687248201051226,Coastal,3,3,100.0,True,86.36,Ian,After
US1FLSS0063,27.3622,-82.4746,SARASOTA 4.8 ENE,11,1,9.09,0.0,Coastal,10,4,40.0,True,24.54,Ian,After
US1FLSS0065,27.1278,-82.3793,NOKOMIS 3.6 E,11,5,45.45,2.843749186452745,Coastal,6,5,83.33,True,64.39,Ian,After
US1FLSS0067,26.997,-82.3586,ENGLEWOOD 2.6 N,11,11,100.0,0.7299609722031669,Coastal,0,0,0.0,True,50.0,Ian,After
US1FLSS0069,27.2966,-82.4311,LAKE SARASOTA 0.5 NE,11,11,100.0,0.1205572902232303,Coastal,0,0,0.0,True,50.0,Ian,After
US1FLSS0071,27.0387,-82.1518,NORTH PORT 2.8 ESE,11,11,100.0,0.0,Coastal,0,0,0.0,True,50.0,Ian,After
US1FLSS0073,27.3193,-82.4086,SARASOTA SPRINGS 4.4 E,11,2,18.18,1.68346107626782,Coastal,9,6,66.67,True,42.42,Ian,After
US1FLSS0075,27.0771,-82.2105,NORTH PORT 2.1 NNW,11,11,100.0,6.816248835765058,Coastal,0,0,0.0,True,50.0,Ian,After
US1FLSS0077,27.2816,-82.5089,SARASOTA 4.4 SSE,11,8,72.73,0.0,Coastal,3,0,0.0,True,36.36,Ian,After
US1FLSS0079,27.3305,-82.4653,FRUITVILLE 0.2 SW,11,2,18.18,0.0,Coastal,9,2,22.22,True,20.2,Ian,After
US1FLSS0080,27.3503,-82.4936,SARASOTA 3.4 ENE,11,11,100.0,0.0,Coastal,0,0,0.0,True,50.0,Ian,After
US1FLSS0081,27.2635,-82.3126,MYAKKA VALLEY RANCHES 0.8 ENE,11,11,100.0,13.860724352484521,Coastal,0,0,0.0,True,50.0,Ian,After
US1FLSS0082,26.961,-82.3507,ENGLEWOOD 0.2 ENE,11,8,72.73,0.0,Coastal,3,3,100.0,True,86.36,Ian,After
US1FLSS0084,27.1182,-82.1586,NORTH PORT 5.2 NNE,11,1,9.09,9.176111106846719,Coastal,10,3,30.0,True,19.55,Ian,After
US1FLSS0089,26.9787,-82.3647,ENGLEWOOD 1.5 NNW,11,6,54.55,0.0,Coastal,5,5,100.0,True,77.28,Ian,After
US1FLSS0091,27.3114,-82.5152,SARASOTA 2.6 SE,11,6,54.55,0.0,Coastal,5,0,0.0,True,27.28,Ian,After
US1FLST0007,28.9249,-82.0119,LADY LAKE 5.0 W,11,11,100.0,12.853179194519557,Coastal,0,0,0.0,True,50.0,Ian,After
US1FLST0008,28.931,-82.006,THE VILLAGES 3.5 WSW,11,7,63.64,12.88782802051894,Coastal,4,1,25.0,True,44.32,Ian,After
US1FLST0009,28.8699,-81.9544,LADY LAKE 4.3 SSW,11,0,0.0,3.6756355572321184,Coastal,11,2,18.18,False,9.09,Ian,After
US1FLST0012,28.8687,-81.9842,THE VILLAGES 4.8 SSW,11,11,100.0,6.860156604864632,Coastal,0,0,0.0,True,50.0,Ian,After
US1FLST0014,28.8916,-81.9745,THE VILLAGES 3.3 SSE,11,11,100.0,6.966214502527017,Coastal,0,0,0.0,True,50.0,Ian,After
US1FLST0026,28.9033,-81.9658,THE VILLAGES 2.8 ESE,11,1,9.09,7.25297128116936,Coastal,10,3,30.0,True,19.55,Ian,After
US1FLST0032,28.9197,-81.9995,LADY LAKE 4.3 W,11,1,9.09,11.376567593009558,Coastal,10,3,30.0,True,19.55,Ian,After
US1FLST0035,28.9207,-82.0458,OXFORD 0.8 SW,11,0,0.0,15.661787832230088,Coastal,11,3,27.27,True,13.64,Ian,After
US1FLST0037,28.8517,-81.9889,THE VILLAGES 5.3 S,11,0,0.0,7.35455252787164,Coastal,11,3,27.27,True,13.64,Ian,After
US1FLST0038,28.8754,-82.0004,WILDWOOD 2.8 ENE,11,0,0.0,8.794588514286303,Coastal,11,4,36.36,True,18.18,Ian,After
US1FLSW0001,30.2985,-82.9818,LIVE OAK 0.4 NE,11,0,0.0,34.469480256340944,Coastal,11,0,0.0,False,0.0,Ian,After
US1FLSW0008,30.3067,-83.1533,LIVE OAK 10.0 W,11,1,9.09,48.040733453897694,Coastal,10,1,10.0,False,9.54,Ian,After
US1FLSW0011,30.233,-82.9389,LIVE OAK 5.1 SSE,11,11,100.0,27.10097685863241,Coastal,0,0,0.0,True,50.0,Ian,After
US1FLSW0014,30.38,-82.9366,SUWANNEE SPRINGS 0.9 S,11,0,0.0,36.37226262855714,Coastal,11,0,0.0,False,0.0,Ian,After
US1FLVL0001,29.0314,-80.8947,NEW SMYRNA BEACH 1.5 E,11,1,9.09,0.0,Coastal,10,4,40.0,True,24.54,Ian,After
US1FLVL0003,29.087,-81.344,DE LAND 4.5 NW,11,0,0.0,3.195160810744759,Coastal,11,3,27.27,True,13.64,Ian,After
US1FLVL0005,29.265,-81.0472,ORMOND BEACH 3.5 SE,11,7,63.64,0.0,Coastal,4,2,50.0,True,56.82,Ian,After
US1FLVL0006,29.0019,-80.9098,EDGEWATER 2.4 N,11,0,0.0,2.4180347935399995,Coastal,11,7,63.64,True,31.82,Ian,After
US1FLVL0009,29.0995,-81.3569,DE LAND 5.7 NW,11,2,18.18,4.998616714502412,Coastal,9,2,22.22,True,20.2,Ian,After
US1FLVL0024,29.1344,-81.3626,DE LEON SPRINGS 1.3 NNW,11,5,45.45,7.671722572374765,Coastal,6,3,50.0,True,47.72,Ian,After
US1FLVL0029,29.0662,-80.915,NEW SMYRNA BEACH 2.3 N,11,6,54.55,0.37612378873691305,Coastal,5,2,40.0,True,47.28,Ian,After
US1FLVL0030,28.9873,-80.9082,EDGEWATER 1.4 N,11,11,100.0,4.284451721490893,Coastal,0,0,0.0,True,50.0,Ian,After
US1FLVL0037,29.065,-81.0307,PORT ORANGE 3.4 SSW,11,11,100.0,5.170810647288891,Coastal,0,0,0.0,True,50.0,Ian,After
US1FLVL0038,28.8606,-80.8712,OAK HILL 2.8 WSW,11,9,81.82,20.75832523446507,Coastal,2,1,50.0,True,65.91,Ian,After
US1FLVL0040,28.9662,-80.906,EDGEWATER 0.1 SW,11,0,0.0,6.979948220501387,Coastal,11,4,36.36,True,18.18,Ian,After
US1FLVL0042,29.1494,-80.9696,DAYTONA BEACH SHORES 1.8 SSE,11,0,0.0,1.2512505553100046,Coastal,11,5,45.45,True,22.72,Ian,After
US1FLVL0044,29.1,-81.0528,PORT ORANGE 2.9 WSW,11,0,0.0,2.438980496273974,Coastal,11,6,54.55,True,27.28,Ian,After
US1FLVL0051,28.9021,-81.2945,DE BARY 1.7 NE,11,0,0.0,0.0,Coastal,11,4,36.36,True,18.18,Ian,After
US1FLVL0059,29.0436,-80.974,NEW SMYRNA BEACH 3.4 WNW,11,10,90.91,0.9818952420378666,Coastal,1,0,0.0,True,45.46,Ian,After
US1FLVL0060,29.1452,-80.996,PORT ORANGE 2.5 NNE,11,7,63.64,0.0,Coastal,4,2,50.0,True,56.82,Ian,After
US1FLVL0061,29.3621,-81.0754,ORMOND BEACH 4.8 NNE,11,7,63.64,2.695323404685291,Coastal,4,0,0.0,True,31.82,Ian,After
US1FLVL0062,29.1122,-81.007,PORT ORANGE 0.2 NNW,11,7,63.64,0.0,Coastal,4,2,50.0,True,56.82,Ian,After
US1FLVL0063,29.3421,-81.0671,ORMOND-BY-THE-SEA 0.1 SSE,11,0,0.0,0.3577981816246739,Coastal,11,1,9.09,False,4.54,Ian,After
US1FLVL0070,29.0293,-81.2925,DE LAND 0.6 SSE,11,1,9.09,0.0,Coastal,10,3,30.0,True,19.55,Ian,After
US1FLVL0071,29.1278,-81.3004,DE LEON SPRINGS 3.2 ENE,11,0,0.0,4.597077074986443,Coastal,11,4,36.36,True,18.18,Ian,After
US1FLVL0073,29.2641,-81.0694,ORMOND BEACH 2.6 SE,11,0,0.0,0.0,Coastal,11,4,36.36,True,18.18,Ian,After
US1FLVL0075,28.9644,-80.9048,EDGEWATER 0.2 S,11,7,63.64,7.222478248998729,Coastal,4,1,25.0,True,44.32,Ian,After
US1FLVL0077,29.0318,-80.984,NEW SMYRNA BEACH 3.9 W,11,6,54.55,2.0107980836871318,Coastal,5,3,60.0,True,57.28,Ian,After
US1FLVL0081,29.3321,-81.0643,ORMOND-BY-THE-SEA 0.8 SSE,11,0,0.0,0.0,Coastal,11,2,18.18,False,9.09,Ian,After
US1FLVL0082,29.2693,-81.0335,ORMOND BEACH 4.1 ESE,11,0,0.0,0.0,Coastal,11,4,36.36,True,18.18,Ian,After
US1FLVL0083,28.9818,-81.28,DE LAND 3.9 SSE,11,1,9.09,1.1219223797274418,Coastal,10,2,20.0,True,14.54,Ian,After
US1FLVL0084,28.9789,-81.2353,LAKE HELEN 0.4 SW,11,4,36.36,3.813857719525417,Coastal,7,1,14.29,True,25.32,Ian,After
US1FLVL0086,29.1074,-81.3287,DE LEON SPRINGS 1.6 ESE,11,0,0.0,2.5664589744489232,Coastal,11,2,18.18,False,9.09,Ian,After
US1FLVL0087,29.1209,-81.0104,PORT ORANGE 0.8 NNW,11,2,18.18,0.0,Coastal,9,3,33.33,True,25.76,Ian,After
US1FLVL0089,29.051,-81.0573,NEW SMYRNA BEACH 8.5 W,11,0,0.0,7.773955872620944,Coastal,11,5,45.45,True,22.72,Ian,After
US1FLVL0090,28.9707,-81.2341,LAKE HELEN 0.9 S,11,0,0.0,2.7698555253315895,Coastal,11,2,18.18,False,9.09,Ian,After
US1FLVL0091,29.0772,-81.3476,DELAND 4.2 NW,11,0,0.0,3.1594234564174712,Coastal,11,2,18.18,False,9.09,Ian,After
US1FLVL0099,29.3063,-81.0645,ORMOND BEACH 2.0 ENE,11,9,81.82,0.0,Coastal,2,2,100.0,True,90.91,Ian,After
US1FLVL0100,28.8606,-81.1132,OSTEEN 3.2 ENE,11,11,100.0,15.717193530984922,Coastal,0,0,0.0,True,50.0,Ian,After
US1FLVL0101,29.0423,-80.9397,NEW SMYRNA BEACH 1.4 WNW,11,0,0.0,0.0,Coastal,11,5,45.45,True,22.72,Ian,After
US1FLVL0103,28.9459,-81.2732,ORANGE CITY 1.4 ENE,11,0,0.0,0.9894030734643987,Coastal,11,4,36.36,True,18.18,Ian,After
US1FLVL0104,29.2625,-81.1483,ORMOND BEACH 3.9 SW,11,3,27.27,1.5088832416398137,Coastal,8,3,37.5,True,32.38,Ian,After
US1FLVL0105,29.241,-81.445,PIERSON 1.0 ENE,11,2,18.18,23.93847732211114,Coastal,9,2,22.22,True,20.2,Ian,After
US1GAAP0005,31.774,-82.3472,BAXLEY 0.7 NNE,11,0,0.0,52.50450436708015,Rural,11,0,0.0,False,0.0,Ian,After
US1GAAP0007,31.6328,-82.271,BAXLEY 10.3 SSE,11,11,100.0,40.367394592576,Coastal,0,0,0.0,True,50.0,Ian,After
US1GAAT0002,31.3382,-82.8172,PEARSON 3.5 NE,11,10,90.91,20.642232212867516,Coastal,1,0,0.0,True,45.46,Ian,After
US1GABB0006,32.8931,-83.7303,MACON 5.8 NW,11,0,0.0,0.0,Coastal,11,0,0.0,False,0.0,Ian,After
US1GABB0016,32.8383,-83.5482,MACON 6.3 E,11,0,0.0,0.8944754729741522,Coastal,11,0,0.0,False,0.0,Ian,After
US1GABB0019,32.8671,-83.6343,MACON 2.5 NNE,11,0,0.0,0.0,Coastal,11,0,0.0,False,0.0,Ian,After
US1GABB0022,32.8613,-83.6322,MACON 2.2 NE,11,11,100.0,0.0,Coastal,0,0,0.0,True,50.0,Ian,After
US1GABD0001,32.9972,-83.1998,MILLEDGEVILLE 6.5 SSE,11,0,0.0,8.03278840846314,Coastal,11,0,0.0,False,0.0,Ian,After
US1GABD0005,33.0978,-83.2389,MILLEDGEVILLE 0.9 N,11,0,0.0,0.0,Coastal,11,0,0.0,False,0.0,Ian,After
US1GABK0001,33.0601,-82.0573,WAYNESBORO 3.3 SW,11,5,45.45,36.99613129103213,Coastal,6,0,0.0,True,22.72,Ian,After
US1GABR0002,31.9455,-81.3002,RICHMOND HILL 0.5 NE,11,0,0.0,0.0,Coastal,11,0,0.0,False,0.0,Ian,After
US1GABR0005,31.8871,-81.205,RICHMOND HILL 7.0 ESE,11,0,0.0,12.119505202921008,Coastal,11,0,0.0,False,0.0,Ian,After
US1GABR0009,31.8484,-81.3123,RICHMOND HILL 6.3 S,11,11,100.0,12.099702601102846,Coastal,0,0,0.0,True,50.0,Ian,After
US1GABR0012,32.1937,-81.514,ELLABELL 5.0 NNW,11,0,0.0,28.812135405491688,Coastal,11,2,18.18,False,9.09,Ian,After
US1GABU0013,32.5059,-81.7781,STATESBORO 4.4 N,11,0,0.0,2.83369909653597,Coastal,11,0,0.0,False,0.0,Ian,After
US1GABU0015,32.36,-81.7731,STATESBORO 5.7 S,11,11,100.0,6.074712791469781,Coastal,0,0,0.0,True,50.0,Ian,After
US1GABU0016,32.2996,-81.5694,BROOKLET 8.5 SE,11,11,100.0,26.37016970953206,Coastal,0,0,0.0,True,50.0,Ian,After
US1GABU0018,32.2776,-81.8016,STATESBORO 11.5 S,11,11,100.0,16.680951929586573,Coastal,0,0,0.0,True,50.0,Ian,After
US1GABU0021,32.2191,-81.768,NEVILS 3.1 S,11,0,0.0,24.453601095552333,Coastal,11,0,0.0,False,0.0,Ian,After
US1GABW0007,33.9787,-83.7103,WINDER 1.1 SE,11,11,100.0,0.4061559671616925,Coastal,0,0,0.0,True,50.0,Ian,After
US1GABY0001,31.12,-81.93,NAHUNTA 6 S,11,0,0.0,45.11901629807477,Coastal,11,0,0.0,False,0.0,Ian,After
US1GACD0002,32.4972,-82.0502,METTER 7.0 N,11,11,100.0,26.488520987753763,Coastal,0,0,0.0,True,50.0,Ian,After
US1GACF0001,31.4912,-82.8908,DOUGLAS 2.5 WSW,11,0,0.0,1.7215548756008396,Coastal,11,0,0.0,False,0.0,Ian,After
US1GACH0003,30.8198,-82.0192,FOLKSTON 1.3 SSW,11,11,100.0,36.64450479653087,Coastal,0,0,0.0,True,50.0,Ian,After
US1GACH0006,30.8655,-82.0256,HOMELAND 0.7 N,11,0,0.0,37.91612892090231,Coastal,11,1,9.09,False,4.54,Ian,After
US1GACI0003,31.0347,-82.7529,HOMERVILLE 0.1 SSE,11,0,0.0,42.47721824458017,Coastal,11,1,9.09,False,4.54,Ian,After
US1GACK0006,33.9152,-83.3294,ATHENS 4.6 SE,11,0,0.0,0.0,Coastal,11,0,0.0,False,0.0,Ian,After
US1GACK0010,33.9055,-83.3448,ATHENS 4.5 SE,11,0,0.0,1.238863275544718,Coastal,11,0,0.0,False,0.0,Ian,After
US1GACK0011,33.8625,-83.3089,ATHENS 7.6 SE,11,0,0.0,7.180787527451246,Coastal,11,0,0.0,False,0.0,Ian,After
US1GACK0012,33.9597,-83.3855,ATHENS 0.6 ENE,11,0,0.0,0.0,Coastal,11,0,0.0,False,0.0,Ian,After
US1GACK0017,33.9841,-83.4378,ATHENS 3.2 NW,11,0,0.0,0.0,Coastal,11,0,0.0,False,0.0,Ian,After
US1GACK0027,33.9848,-83.4504,ATHENS 3.8 WNW,11,2,18.18,0.0,Coastal,9,0,0.0,False,9.09,Ian,After
US1GACK0030,33.8946,-83.2873,GAINES SCHOOL 3.7 SE,11,0,0.0,4.811818933330615,Coastal,11,0,0.0,False,0.0,Ian,After
US1GACK0038,33.9264,-83.3192,ATHENS 4.7 ESE,11,0,0.0,0.04436330458054966,Coastal,11,0,0.0,False,0.0,Ian,After
US1GACK0040,33.8948,-83.3244,GAINES SCHOOL 2.4 SSE,11,0,0.0,2.673927155462559,Coastal,11,0,0.0,False,0.0,Ian,After
US1GACM0004,30.8194,-81.6259,KINGSLAND 2.9 NE,11,0,0.0,2.19367880675312,Coastal,11,0,0.0,False,0.0,Ian,After
US1GACM0014,30.8182,-81.6204,KINGSLAND 3.1 NE,11,0,0.0,2.4004031049257453,Coastal,11,0,0.0,False,0.0,Ian,After
US1GACM0018,30.7866,-81.6818,KINGSLAND 1.2 WSW,11,6,54.55,0.9019078064890385,Coastal,5,0,0.0,True,27.28,Ian,After
US1GACM0019,30.7237,-81.5472,ST. MARYS 3.0 SE,11,0,0.0,4.6568330734905805,Coastal,11,1,9.09,False,4.54,Ian,After
US1GACM0020,30.7442,-81.5742,ST. MARYS 1.0 S,11,5,45.45,0.8949450689203601,Coastal,6,0,0.0,True,22.72,Ian,After
US1GACO0003,31.1135,-83.4116,ADEL 1.9 SSE,11,0,0.0,28.92240655315939,Coastal,11,1,9.09,False,4.54,Ian,After
US1GACP0002,31.8746,-83.9104,CORDELE 10.4 SW,11,4,36.36,16.744992378619827,Coastal,7,0,0.0,True,18.18,Ian,After
US1GACQ0002,31.116,-83.8577,MOULTRIE 6.2 SW,11,4,36.36,8.974988747172675,Coastal,7,0,0.0,True,18.18,Ian,After
US1GACQ0012,31.2588,-83.8799,MOULTRIE 9.1 NW,11,0,0.0,11.426710869715581,Coastal,11,0,0.0,False,0.0,Ian,After
US1GACQ0013,31.1849,-83.7585,MOULTRIE 1.4 NNE,11,0,0.0,0.4587778020109856,Coastal,11,0,0.0,False,0.0,Ian,After
US1GACT0001,32.1219,-81.2531,POOLER 1.2 NNE,11,0,0.0,0.0,Coastal,11,2,18.18,False,9.09,Ian,After
US1GACT0003,31.9689,-81.1463,SAVANNAH 3.9 SSW,11,0,0.0,0.0,Coastal,11,0,0.0,False,0.0,Ian,After
US1GACT0015,31.9433,-81.1587,COFFEE BLUFF,11,9,81.82,3.3897721163681513,Coastal,2,0,0.0,True,40.91,Ian,After
US1GACT0017,31.9426,-81.0262,SKIDAWAY ISLAND 1.3 ENE,11,11,100.0,8.84863311274658,Coastal,0,0,0.0,True,50.0,Ian,After
US1GACT0019,31.9428,-81.0368,SKIDAWAY ISLAND 0.8 NE,11,0,0.0,7.946284710301889,Coastal,11,0,0.0,False,0.0,Ian,After
US1GACT0028,32.1177,-81.1519,GARDEN CITY 1.2 NNE,11,4,36.36,0.0,Coastal,7,1,14.29,True,25.32,Ian,After
US1GACT0036,31.9425,-81.1596,SAVANNAH 5.9 SSW,11,5,45.45,3.5156654274247643,Coastal,6,0,0.0,True,22.72,Ian,After
US1GACT0037,32.0187,-80.85,TYBEE ISLAND 0.7 NNE,11,0,0.0,19.98288255248969,Coastal,11,0,0.0,False,0.0,Ian,After
US1GACT0038,31.9613,-81.1494,SAVANNAH 4.5 SSW,11,11,100.0,0.9080534549588369,Coastal,0,0,0.0,True,50.0,Ian,After
US1GACT0040,31.9155,-81.0755,SAVANNAH 8.2 SSE,11,10,90.91,7.771809807407376,Coastal,1,0,0.0,True,45.46,Ian,After
US1GACT0055,32.0288,-81.1601,SAVANNAH 1.7 W,11,0,0.0,0.0,Coastal,11,0,0.0,False,0.0,Ian,After
US1GACT0057,32.0006,-81.0569,SAVANNAH 4.7 ESE,11,2,18.18,1.3243188809047726,Coastal,9,0,0.0,False,9.09,Ian,After
US1GACT0060,31.9935,-81.1448,SAVANNAH 2.3 SSW,11,0,0.0,0.0,Coastal,11,0,0.0,False,0.0,Ian,After
US1GACT0061,32.0709,-81.1882,SAVANNAH 4.6 NW,11,11,100.0,0.0,Coastal,0,0,0.0,True,50.0,Ian,After
US1GACT0064,32.016,-80.9546,SAVANNAH 10.4 E,11,0,0.0,9.563468658529484,Coastal,11,1,9.09,False,4.54,Ian,After
US1GACT0067,32.0639,-81.3561,BLOOMINGDALE 4.7 SW,11,0,0.0,11.89701296367973,Coastal,11,2,18.18,False,9.09,Ian,After
US1GACT0077,32.047,-81.2364,SAVANNAH 6.3 WNW,11,1,9.09,4.9692725802039135,Coastal,10,1,10.0,False,9.54,Ian,After
US1GACT0079,32.0481,-81.0873,SAVANNAH 3.1 ENE,11,10,90.91,0.0,Coastal,1,0,0.0,True,45.46,Ian,After
US1GACT0080,32.006,-80.9691,SAVANNAH 9.6 E,11,7,63.64,9.218675298806742,Coastal,4,0,0.0,True,31.82,Ian,After
US1GACT0089,31.9261,-81.0621,SAVANNAH 7.9 SSE,11,0,0.0,7.2788002446796085,Coastal,11,0,0.0,False,0.0,Ian,After
US1GACT0096,32.1165,-81.2468,POOLER 1.0 NE,11,11,100.0,0.0,Coastal,0,0,0.0,True,50.0,Ian,After
US1GACT0099,31.9408,-81.1042,SAVANNAH 6.0 SSE,11,0,0.0,3.766617803301079,Coastal,11,0,0.0,False,0.0,Ian,After
US1GACT0100,32.0244,-80.8478,TYBEE ISLAND 1.1 NNE,11,0,0.0,19.976032296213802,Coastal,11,0,0.0,False,0.0,Ian,After
US1GACU0001,33.5152,-82.0988,MARTINEZ 0.7 WSW,11,0,0.0,0.0,Coastal,11,0,0.0,False,0.0,Ian,After
US1GACU0003,33.5418,-82.158,EVANS 2.1 NNW,11,0,0.0,0.0,Coastal,11,0,0.0,False,0.0,Ian,After
US1GACU0006,33.5293,-82.0978,MARTINEZ 0.9 NW,11,0,0.0,0.0,Coastal,11,0,0.0,False,0.0,Ian,After
US1GACU0009,33.5298,-82.2873,APPLING 2.0 SE,11,0,0.0,12.599444628061093,Coastal,11,0,0.0,False,0.0,Ian,After
US1GACU0011,33.4212,-82.2096,GROVETOWN 2.0 SSW,11,0,0.0,1.8218132542177061,Coastal,11,0,0.0,False,0.0,Ian,After
US1GACU0013,33.5566,-82.1364,EVANS 3.0 N,11,5,45.45,0.0,Coastal,6,0,0.0,True,22.72,Ian,After
US1GACU0018,33.5443,-82.2223,EVANS 4.9 WNW,11,11,100.0,5.22754810082656,Coastal,0,0,0.0,True,50.0,Ian,After
US1GACU0021,33.5504,-82.0528,MARTINEZ 3.0 NE,11,0,0.0,0.0,Coastal,11,1,9.09,False,4.54,Ian,After
US1GACU0026,33.5092,-82.133,MARTINEZ 2.7 WSW,11,0,0.0,0.0,Coastal,11,1,9.09,False,4.54,Ian,After
US1GACU0029,33.5513,-82.2263,EVANS 5.3 WNW,11,11,100.0,5.593419025830523,Coastal,0,0,0.0,True,50.0,Ian,After
US1GADG0004,32.0791,-83.0949,CHAUNCEY 2.6 SW,11,0,0.0,61.7520585554081,Rural,11,0,0.0,False,0.0,Ian,After
US1GADG0005,32.2058,-83.1456,EASTMAN 2.1 ENE,11,1,9.09,47.952939006862756,Coastal,10,0,0.0,False,4.54,Ian,After
US1GADG0009,32.1998,-83.2568,EASTMAN 4.5 W,11,0,0.0,54.88822657450082,Rural,11,0,0.0,False,0.0,Ian,After
US1GAEF0013,32.2704,-81.3921,MARLOW 0.0 S,11,0,0.0,21.30149948873392,Coastal,11,3,27.27,True,13.64,Ian,After
US1GAEF0017,32.367,-81.2673,SPRINGFIELD 2.4 E,11,0,0.0,23.637377334136783,Coastal,11,3,27.27,True,13.64,Ian,After
US1GAEF0018,32.3649,-81.2093,RINCON 5.3 NNE,11,0,0.0,22.680309384318814,Coastal,11,3,27.27,True,13.64,Ian,After
US1GAEF0021,32.1943,-81.2754,GUYTON 12.0 SE,11,11,100.0,5.044145110314001,Coastal,0,0,0.0,True,50.0,Ian,After
US1GAEF0022,32.2065,-81.2805,GUYTON 11.1 SE,11,1,9.09,6.3160208128483095,Coastal,10,2,20.0,True,14.54,Ian,After
US1GAEL0006,33.9896,-82.7391,FORTSONIA 3.1 SE,11,11,100.0,64.70388749362068,Rural,0,0,0.0,True,50.0,Ian,After
US1GAEM0004,32.5878,-82.351,SWAINSBORO 0.9 W,11,0,0.0,0.2859241328494053,Coastal,11,1,9.09,False,4.54,Ian,After
US1GAEM0005,32.5471,-82.317,SWAINSBORO 4.5 SSE,11,0,0.0,4.611599625504419,Coastal,11,1,9.09,False,4.54,Ian,After
US1GAEV0001,32.1932,-81.9684,BELLVILLE 2.8 N,11,0,0.0,34.11442476191227,Coastal,11,0,0.0,False,0.0,Ian,After
US1GAEV0005,32.1576,-81.9156,CLAXTON 0.5 WSW,11,1,9.09,35.30677821381896,Coastal,10,0,0.0,False,4.54,Ian,After
US1GAGE0001,33.4145,-83.2168,GREENSBORO 11.2 S,11,1,9.09,36.66801589104274,Coastal,10,0,0.0,False,4.54,Ian,After
US1GAGE0005,33.5072,-83.2798,BUCKHEAD 6.4 SE,11,0,0.0,48.987894186594446,Coastal,11,0,0.0,False,0.0,Ian,After
US1GAGE0006,33.5664,-83.1927,GREENSBORO 0.7 SW,11,11,100.0,48.838050681649335,Coastal,0,0,0.0,True,50.0,Ian,After
US1GAGN0005,31.1641,-81.3964,ST. SIMONS 1.1 SW,11,2,18.18,8.486015374845955,Coastal,9,1,11.11,False,14.64,Ian,After
US1GAGN0007,31.0702,-81.4104,JEKYLL ISLAND 0.6 E,11,0,0.0,13.501493575720863,Coastal,11,1,9.09,False,4.54,Ian,After
US1GAGW0023,33.9572,-83.9024,DACULA 2.1 SSW,11,11,100.0,4.55447831949635,Coastal,0,0,0.0,True,50.0,Ian,After
US1GAGW0050,33.8622,-83.9184,LOGANVILLE 2.3 NW,11,0,0.0,6.460163937077864,Coastal,11,0,0.0,False,0.0,Ian,After
US1GAGW0065,33.966,-83.9278,LAWRENCEVILLE 3.9 ENE,11,0,0.0,1.552164077948047,Coastal,11,0,0.0,False,0.0,Ian,After
US1GAHS0003,32.6119,-83.6359,WARNER ROBINS 0.3 W,11,0,0.0,0.0,Coastal,11,0,0.0,False,0.0,Ian,After
US1GAHS0005,32.5448,-83.6481,BONAIRE 3.0 W,11,11,100.0,4.8555148990169705,Coastal,0,0,0.0,True,50.0,Ian,After
US1GAHS0011,32.364,-83.5958,HAWKINSVILLE 9.1 NW,11,11,100.0,18.243379596810417,Coastal,0,0,0.0,True,50.0,Ian,After
US1GAHS0015,32.4441,-83.6915,PERRY 3.0 ESE,11,11,100.0,3.534008824447937,Coastal,0,0,0.0,True,50.0,Ian,After
US1GAHS0016,32.5256,-83.6312,KATHLEEN 2.5 NW,11,0,0.0,7.394727624430574,Coastal,11,0,0.0,False,0.0,Ian,After
US1GAHS0024,32.6485,-83.7242,BYRON 2.0 E,11,0,0.0,2.607974261468385,Coastal,11,0,0.0,False,0.0,Ian,After
US1GAHS0027,32.6062,-83.653,WARNER ROBINS 1.3 WSW,11,0,0.0,0.0,Coastal,11,0,0.0,False,0.0,Ian,After
US1GAJK0004,32.7862,-82.1303,MIDVILLE 6.6 ESE,11,11,100.0,31.461979868678867,Coastal,0,0,0.0,True,50.0,Ian,After
US1GAJN0006,32.8766,-83.5492,MACON 6.8 ENE,11,0,0.0,1.7154778616485127,Coastal,11,0,0.0,False,0.0,Ian,After
US1GAJN0007,33.0051,-83.5396,GRAY 0.3 SW,11,0,0.0,15.220811037829685,Coastal,11,0,0.0,False,0.0,Ian,After
US1GALB0004,31.818,-81.3744,MIDWAY 3.3 ENE,11,0,0.0,15.958168170867582,Coastal,11,0,0.0,False,0.0,Ian,After
US1GALB0006,31.8347,-81.3749,MIDWAY 3.8 NE,11,3,27.27,13.83433048506482,Coastal,8,0,0.0,False,13.64,Ian,After
US1GALB0010,31.7003,-81.2471,MIDWAY 12.7 ESE,11,0,0.0,32.422005449121066,Coastal,11,0,0.0,False,0.0,Ian,After
US1GALB0011,31.8635,-81.5942,HINESVILLE 2.2 N,11,5,45.45,0.0,Coastal,6,0,0.0,True,22.72,Ian,After
US1GALC0002,33.9767,-82.6225,TIGNALL 10.2 NE,11,1,9.09,54.703259480183924,Rural,10,0,0.0,False,4.54,Ian,After
US1GALN0003,31.0361,-83.1565,LAKELAND 4.8 W,11,6,54.55,22.44517885791008,Coastal,5,1,20.0,True,37.28,Ian,After
US1GALR0001,32.4642,-82.9861,DUBLIN 6.3 SW,11,0,0.0,9.789241832704132,Coastal,11,1,9.09,False,4.54,Ian,After
US1GALW0004,30.683,-83.236,LAKE PARK 2.8 W,11,0,0.0,0.0,Coastal,11,1,9.09,False,4.54,Ian,After
US1GALW0007,30.8302,-83.3553,VALDOSTA 4.8 WSW,11,6,54.55,2.281080678048943,Coastal,5,0,0.0,True,27.28,Ian,After
US1GALW0008,30.8859,-83.2979,VALDOSTA 2.8 NNW,11,0,0.0,0.0,Coastal,11,1,9.09,False,4.54,Ian,After
US1GALW0010,30.877,-83.2823,VALDOSTA 1.9 N,11,11,100.0,0.0,Coastal,0,0,0.0,True,50.0,Ian,After
US1GALW0013,30.8456,-83.2779,VALDOSTA 0.3 S,11,5,45.45,0.0,Coastal,6,0,0.0,True,22.72,Ian,After
US1GALW0014,30.8869,-83.2588,VALDOSTA 2.8 NNE,11,5,45.45,0.5610122234798105,Coastal,6,0,0.0,True,22.72,Ian,After
US1GALW0015,30.8446,-83.3179,VALDOSTA 2.4 W,11,5,45.45,0.0,Coastal,6,0,0.0,True,22.72,Ian,After
US1GALW0016,30.9048,-83.3015,VALDOSTA 4.1 NNW,11,5,45.45,0.0,Coastal,6,0,0.0,True,22.72,Ian,After
US1GALW0017,30.8043,-83.2771,VALDOSTA 3.1 S,11,5,45.45,0.7484141094952362,Coastal,6,0,0.0,True,22.72,Ian,After
US1GALW0018,30.9145,-83.2522,VALDOSTA 4.8 NNE,11,5,45.45,3.5464588427768247,Coastal,6,0,0.0,True,22.72,Ian,After
US1GALW0019,30.8474,-83.3292,VALDOSTA 3.0 W,11,5,45.45,0.0,Coastal,6,0,0.0,True,22.72,Ian,After
US1GALW0024,30.97,-83.2487,VALDOSTA 8.5 NNE,11,1,9.09,9.70363941331369,Coastal,10,1,10.0,False,9.54,Ian,After
US1GAMD0001,33.4293,-82.5026,THOMSON 2.5 S,11,11,100.0,5.479681434985542,Coastal,0,0,0.0,True,50.0,Ian,After
US1GAMD0005,33.429,-82.5061,THOMSON 2.6 S,11,0,0.0,5.545537157829439,Coastal,11,0,0.0,False,0.0,Ian,After
US1GAMD0006,33.5145,-82.4327,THOMSON 5.1 NE,11,0,0.0,6.75867901639539,Coastal,11,0,0.0,False,0.0,Ian,After
US1GAMG0003,33.5969,-83.4651,MADISON 1.5 NNE,11,5,45.45,38.61301547832035,Coastal,6,0,0.0,True,22.72,Ian,After
US1GAMI0001,31.6117,-81.3036,RICEBORO 11.4 SE,11,0,0.0,42.88857287245259,Coastal,11,0,0.0,False,0.0,Ian,After
US1GAMI0002,31.4259,-81.258,SAPELO ISLAND 2.3 NW,11,10,90.91,31.979759333981526,Coastal,1,0,0.0,True,45.46,Ian,After
US1GAMI0005,31.5723,-81.3606,TOWNSEND 5.5 SE,11,0,0.0,42.20793273990837,Coastal,11,0,0.0,False,0.0,Ian,After
US1GAMN0004,33.1553,-83.8222,BERNER 0.4 ENE,11,11,100.0,30.582758500183058,Coastal,0,0,0.0,True,50.0,Ian,After
US1GAMN0007,33.0363,-83.9593,FORSYTH 1.1 W,11,0,0.0,28.306292155588345,Coastal,11,0,0.0,False,0.0,Ian,After
US1GAMN0010,32.9143,-83.9416,FORSYTH 8.3 S,11,0,0.0,20.37113455141297,Coastal,11,0,0.0,False,0.0,Ian,After
US1GANW0001,33.5748,-83.8775,COVINGTON 2.4 SW,11,0,0.0,2.5353599824933317,Coastal,11,0,0.0,False,0.0,Ian,After
US1GANW0007,33.5128,-83.7777,COVINGTON 7.7 SE,11,0,0.0,12.392233869738854,Coastal,11,0,0.0,False,0.0,Ian,After
US1GAOC0001,33.8844,-83.3914,WATKINSVILLE 1.8 NNE,11,0,0.0,4.306937773281134,Coastal,11,0,0.0,False,0.0,Ian,After
US1GAOC0002,33.8999,-83.433,ATHENS 4.4 SSW,11,0,0.0,4.42903351036571,Coastal,11,0,0.0,False,0.0,Ian,After
US1GAOC0007,33.8689,-83.408,WATKINSVILLE 0.5 N,11,11,100.0,6.859533960089736,Coastal,0,0,0.0,True,50.0,Ian,After
US1GAOC0009,33.8701,-83.3823,WATKINSVILLE 1.6 ENE,11,0,0.0,5.999457555189813,Coastal,11,0,0.0,False,0.0,Ian,After
US1GAOC0012,33.9124,-83.4804,WATKINSVILLE 5.4 NW,11,4,36.36,2.5624195548074606,Coastal,7,0,0.0,True,18.18,Ian,After
US1GAOC0014,33.7994,-83.4776,BISHOP 2.6 WSW,11,0,0.0,17.623768865338526,Coastal,11,0,0.0,False,0.0,Ian,After
US1GAOC0015,33.8817,-83.509,BOGART 4.7 SSE,11,9,81.82,6.727138662672416,Coastal,2,0,0.0,True,40.91,Ian,After
US1GAOC0016,33.8019,-83.4784,BISHOP 2.6 WSW,11,0,0.0,17.281682965982885,Coastal,11,0,0.0,False,0.0,Ian,After
US1GAOC0018,33.8085,-83.4047,WATKINSVILLE 3.7 S,11,0,0.0,14.533087593787993,Coastal,11,0,0.0,False,0.0,Ian,After
US1GAOG0002,33.8943,-82.9257,RAYLE 7.2 N,11,11,100.0,44.04144130923304,Coastal,0,0,0.0,True,50.0,Ian,After
US1GAOG0004,33.8858,-83.2282,ARNOLDSVILLE 1.6 SSW,11,11,100.0,11.250994850958984,Coastal,0,0,0.0,True,50.0,Ian,After
US1GAOG0005,33.9055,-83.218,ARNOLDSVILLE 0.4 S,11,1,9.09,11.653455835923268,Coastal,10,0,0.0,False,4.54,Ian,After
US1GAOG0007,33.9404,-83.0659,LEXINGTON 5.5 NNE,11,0,0.0,28.224023131395985,Coastal,11,0,0.0,False,0.0,Ian,After
US1GAOG0010,33.8443,-83.0211,LEXINGTON 5.5 ESE,11,3,27.27,34.91600310651095,Coastal,8,0,0.0,False,13.64,Ian,After
US1GAOG0012,33.8601,-83.2418,ARNOLDSVILLE 3.7 SSW,11,0,0.0,11.64214464159915,Coastal,11,0,0.0,False,0.0,Ian,After
US1GAOG0015,33.9995,-83.1847,COLBERT 3.1 SSE,11,0,0.0,15.57956098154584,Coastal,11,0,0.0,False,0.0,Ian,After
US1GAOG0029,33.8669,-83.1045,LEXINGTON 0.4 ESE,11,11,100.0,25.161786790190423,Coastal,0,0,0.0,True,50.0,Ian,After
US1GAPE0001,32.5514,-83.8771,FORT VALLEY 0.7 ESE,11,0,0.0,13.718236820560715,Coastal,11,0,0.0,False,0.0,Ian,After
US1GAPE0003,32.6086,-83.756,BYRON 3.0 S,11,0,0.0,5.4118961192714234,Coastal,11,0,0.0,False,0.0,Ian,After
US1GAPR0003,31.3032,-82.2402,BLACKSHEAR 0.3 NNE,11,11,100.0,12.952999747923345,Coastal,0,0,0.0,True,50.0,Ian,After
US1GAPT0006,33.1841,-83.4011,EATONTON 9.6 S,11,11,100.0,14.59655298483768,Coastal,0,0,0.0,True,50.0,Ian,After
US1GARC0009,33.4951,-82.0695,WEST AUGUSTA 0.9 NW,11,3,27.27,0.0,Coastal,8,0,0.0,False,13.64,Ian,After
US1GARC0012,33.4647,-82.0679,AUGUSTA 4.2 W,11,11,100.0,0.0,Coastal,0,0,0.0,True,50.0,Ian,After
US1GARC0015,33.4779,-82.0411,AUGUSTA 3.0 WNW,11,0,0.0,0.0,Coastal,11,1,9.09,False,4.54,Ian,After
US1GARC0016,33.3619,-82.0025,AUGUSTA 6.6 S,11,7,63.64,0.0,Coastal,4,1,25.0,True,44.32,Ian,After
US1GARC0019,33.3593,-82.0413,SOUTH AUGUSTA 4.1 S,11,0,0.0,1.7305213224496532,Coastal,11,1,9.09,False,4.54,Ian,After
US1GASV0001,32.7187,-81.6995,SYLVANIA 4.2 WSW,11,11,100.0,31.731749014538135,Coastal,0,0,0.0,True,50.0,Ian,After
US1GASV0003,32.7494,-81.6523,SYLVANIA 0.8 W,11,7,63.64,36.869786461127156,Coastal,4,0,0.0,True,31.82,Ian,After
US1GASV0005,32.5823,-81.5032,NEWINGTON 0.5 SSE,11,0,0.0,30.072766797530544,Coastal,11,2,18.18,False,9.09,Ian,After
US1GASV0007,32.7705,-81.5456,SYLVANIA 5.5 ENE,11,0,0.0,44.188108223542564,Coastal,11,0,0.0,False,0.0,Ian,After
US1GASV0008,32.7237,-81.8255,ROCKY FORD 4.2 N,11,0,0.0,30.545170471426303,Coastal,11,1,9.09,False,4.54,Ian,After
US1GATE0004,31.9962,-82.8199,MCRAE 6.6 SE,11,0,0.0,51.78789811878464,Rural,11,1,9.09,False,4.54,Ian,After
US1GATF0003,31.4744,-83.4893,TIFTON 1.4 ENE,11,0,0.0,0.0,Coastal,11,0,0.0,False,0.0,Ian,After
US1GATF0007,31.4771,-83.4791,TIFTON 2.0 ENE,11,11,100.0,0.2918550299382524,Coastal,0,0,0.0,True,50.0,Ian,After
US1GATG0001,32.6016,-83.3032,DANVILLE 3.3 W,11,0,0.0,29.293530613442847,Coastal,11,0,0.0,False,0.0,Ian,After
US1GATH0002,30.8376,-83.9313,THOMASVILLE 2.8 E,11,1,9.09,2.6954434626202715,Coastal,10,0,0.0,False,4.54,Ian,After
US1GATH0004,30.8176,-83.8965,THOMASVILLE 5.1 ESE,11,0,0.0,7.349864318600506,Coastal,11,0,0.0,False,0.0,Ian,After
US1GATN0004,32.2689,-82.0443,COLLINS 7.3 NNE,11,0,0.0,33.425863754786825,Coastal,11,0,0.0,False,0.0,Ian,After
US1GATR0001,31.6727,-83.6299,SYCAMORE 0.4 ENE,11,11,100.0,26.33414941973451,Coastal,0,0,0.0,True,50.0,Ian,After
US1GAWG0005,32.9833,-82.8125,SANDERSVILLE 0.0 ESE,11,5,45.45,0.0,Coastal,6,0,0.0,True,22.72,Ian,After
US1GAWG0006,32.8127,-82.6906,HARRISON 2.2 ESE,11,2,18.18,23.00908025382069,Coastal,9,1,11.11,False,14.64,Ian,After
US1GAWL0001,33.7981,-83.9583,LOGANVILLE 4.5 SW,11,0,0.0,8.213838239319157,Coastal,11,0,0.0,False,0.0,Ian,After
US1GAWL0012,33.8355,-83.8255,LOGANVILLE 4.0 E,11,0,0.0,17.322800895481695,Coastal,11,0,0.0,False,0.0,Ian,After
US1GAWL0013,33.7426,-83.8623,LOGANVILLE 6.7 SSE,11,11,100.0,11.686443794623004,Coastal,0,0,0.0,True,50.0,Ian,After
US1GAWL0018,33.779,-83.7866,MONROE 4.4 WSW,11,0,0.0,19.709649104352202,Coastal,11,0,0.0,False,0.0,Ian,After
US1GAWL0022,33.8104,-83.5208,NORTH HIGH SHOALS 1.7 SW,11,11,100.0,16.34421232569132,Coastal,0,0,0.0,True,50.0,Ian,After
US1GAWL0024,33.8024,-83.6821,MONROE 1.8 ENE,11,0,0.0,24.232469708223107,Coastal,11,0,0.0,False,0.0,Ian,After
US1GAWN0001,33.4121,-82.6758,WARRENTON 0.7 WNW,11,0,0.0,19.98925045184249,Coastal,11,1,9.09,False,4.54,Ian,After
US1GAWR0001,31.1662,-82.2662,WAYCROSS 6.3 ESE,11,8,72.73,8.9943059073232,Coastal,3,0,0.0,True,36.36,Ian,After
US1GAWR0005,31.1218,-82.6195,MANOR 3.0 NW,11,0,0.0,24.3623651541303,Coastal,11,1,9.09,False,4.54,Ian,After
US1GAWR0007,31.2433,-82.382,WAYCROSS 2.6 NNW,11,0,0.0,0.0,Coastal,11,0,0.0,False,0.0,Ian,After
US1GAWS0001,33.6994,-82.6717,WASHINGTON 4.8 ESE,11,0,0.0,27.277501979544617,Coastal,11,0,0.0,False,0.0,Ian,After
US1GAWT0003,31.4859,-83.9145,SYLVESTER 5.5 WSW,11,0,0.0,20.878077296752377,Coastal,11,0,0.0,False,0.0,Ian,After
US1GAWT0007,31.5303,-83.834,SYLVESTER 0.2 NE,11,4,36.36,26.99293341074857,Coastal,7,0,0.0,True,18.18,Ian,After
US1GAWY0002,31.7006,-81.8957,JESUP 7.1 N,11,11,100.0,8.818741605316045,Coastal,0,0,0.0,True,50.0,Ian,After
US1GAWY0004,31.732,-81.9578,JESUP 10.0 NNW,11,11,100.0,14.820461409420417,Coastal,0,0,0.0,True,50.0,Ian,After
US1GAWY0007,31.4986,-81.9817,SCREVEN 2.3 ENE,11,0,0.0,16.1983597391767,Coastal,11,0,0.0,False,0.0,Ian,After
US1GAWY0008,31.6575,-81.9035,JESUP 4.2 NNW,11,11,100.0,3.680808186973174,Coastal,0,0,0.0,True,50.0,Ian,After
US1NCBR0001,33.9247,-78.5696,CALABASH 1.9 NNE,11,9,81.82,9.52790128924288,Coastal,2,0,0.0,True,40.91,Ian,After
US1NCBR0006,33.8841,-78.5377,SUNSET BEACH 1.7 WNW,11,0,0.0,10.385782882682568,Coastal,11,6,54.55,True,27.28,Ian,After
US1NCBR0104,33.9236,-78.5648,CAROLINA SHORES 1.8 NE,11,2,18.18,9.85887885572289,Coastal,9,2,22.22,True,20.2,Ian,After
US1NCBR0105,33.9436,-78.5796,CALABASH 3.1 N,11,0,0.0,10.609906857994483,Coastal,11,3,27.27,True,13.64,Ian,After
US1NCBR0106,33.9089,-78.607,CALABASH 1.9 WNW,11,0,0.0,5.06020438449266,Coastal,11,4,36.36,True,18.18,Ian,After
US1NCBR0109,33.9297,-78.6118,CALABASH 2.9 NW,11,1,9.09,7.21280716017365,Coastal,10,3,30.0,True,19.55,Ian,After
US1SCAK0004,33.5591,-81.9029,NORTH AUGUSTA 4.2 NE,11,10,90.91,2.6010690672182415,Coastal,1,0,0.0,True,45.46,Ian,After
US1SCAK0014,33.4438,-81.6584,AIKEN 7.8 SSE,11,0,0.0,11.473748916544722,Coastal,11,0,0.0,False,0.0,Ian,After
US1SCAK0020,33.5243,-81.7288,AIKEN 1.1 S,11,1,9.09,0.0,Coastal,10,1,10.0,False,9.54,Ian,After
US1SCAK0023,33.528,-81.735,AIKEN 1.0 SSW,11,0,0.0,0.0,Coastal,11,1,9.09,False,4.54,Ian,After
US1SCAK0027,33.4594,-81.4515,WILLISTON 4.3 NNW,11,0,0.0,28.33055467613319,Coastal,11,1,9.09,False,4.54,Ian,After
US1SCAK0031,33.492,-81.7136,AIKEN 3.5 SSE,11,11,100.0,3.459274991708764,Coastal,0,0,0.0,True,50.0,Ian,After
US1SCAK0032,33.5602,-81.7433,AIKEN 1.6 NNW,11,0,0.0,0.0,Coastal,11,0,0.0,False,0.0,Ian,After
US1SCAK0033,33.5565,-81.5853,AIKEN 8.3 E,11,0,0.0,12.058422179678598,Coastal,11,1,9.09,False,4.54,Ian,After
US1SCAK0039,33.5074,-81.9782,NORTH AUGUSTA 1.5 WSW,11,0,0.0,0.0,Coastal,11,0,0.0,False,0.0,Ian,After
US1SCAK0046,33.4778,-81.8371,BEECH ISLAND 4.7 NE,11,5,45.45,7.9410892361185415,Coastal,6,1,16.67,True,31.06,Ian,After
US1SCAK0047,33.4793,-81.7444,AIKEN 4.3 SSW,11,11,100.0,4.735540275360218,Coastal,0,0,0.0,True,50.0,Ian,After
US1SCAK0051,33.44,-81.64,AIKEN 8.6 SE,11,2,18.18,13.015737242449374,Coastal,9,1,11.11,False,14.64,Ian,After
US1SCAK0053,33.4846,-81.7266,AIKEN 3.9 S,11,0,0.0,4.258725886813997,Coastal,11,1,9.09,False,4.54,Ian,After
US1SCAK0057,33.501,-81.7141,AIKEN 2.9 SSE,11,0,0.0,2.2603129751840685,Coastal,11,1,9.09,False,4.54,Ian,After
US1SCAK0059,33.4454,-81.6518,NEW ELLENTON 2.7 NE,11,10,90.91,11.674376008267455,Coastal,1,0,0.0,True,45.46,Ian,After
US1SCAK0060,33.6312,-81.3647,WAGENER 1.4 S,11,0,0.0,37.162838281606625,Coastal,11,0,0.0,False,0.0,Ian,After
US1SCAK0067,33.4478,-81.6593,AIKEN 7.6 SSE,11,10,90.91,10.961573338771911,Coastal,1,0,0.0,True,45.46,Ian,After
US1SCAK0069,33.5603,-81.759,AIKEN 2.2 NW,11,0,0.0,0.4690794965573921,Coastal,11,1,9.09,False,4.54,Ian,After
US1SCAK0071,33.545,-81.9044,NORTH AUGUSTA 3.5 ENE,11,10,90.91,1.4580661403748973,Coastal,1,1,100.0,True,95.46,Ian,After
US1SCAK0073,33.6338,-81.2792,SALLEY 4.9 NNE,11,0,0.0,41.41192387771445,Coastal,11,2,18.18,False,9.09,Ian,After
US1SCAK0074,33.5568,-81.7269,AIKEN 1.1 N,11,0,0.0,0.0,Coastal,11,1,9.09,False,4.54,Ian,After
US1SCAK0077,33.572,-81.7549,AIKEN 2.6 NW,11,10,90.91,0.0,Coastal,1,1,100.0,True,95.46,Ian,After
US1SCAK0078,33.4991,-81.9614,NORTH AUGUSTA 1.3 SSW,11,9,81.82,0.0,Coastal,2,0,0.0,True,40.91,Ian,After
US1SCAK0083,33.5218,-81.3409,SPRINGFIELD 4.0 WNW,11,0,0.0,39.430784661546106,Coastal,11,1,9.09,False,4.54,Ian,After
US1SCAK0096,33.4495,-81.6617,AIKEN 7.4 SSE,11,10,90.91,10.63120112865583,Coastal,1,0,0.0,True,45.46,Ian,After
US1SCAK0097,33.6564,-81.3572,WAGENER 0.5 NE,11,9,81.82,38.71720024946469,Coastal,2,0,0.0,True,40.91,Ian,After
US1SCAK0101,33.5264,-81.9331,NORTH AUGUSTA 1.5 ENE,11,0,0.0,0.0,Coastal,11,1,9.09,False,4.54,Ian,After
US1SCAK0103,33.3726,-81.8628,JACKSON 5.1 NW,11,0,0.0,8.347835364417113,Coastal,11,1,9.09,False,4.54,Ian,After
US1SCAK0105,33.8049,-81.5621,BATESBURG 7.1 S,11,5,45.45,30.800326935178415,Coastal,6,1,16.67,True,31.06,Ian,After
US1SCAK0109,33.6125,-81.6842,AIKEN 5.6 NNE,11,11,100.0,2.207755213779807,Coastal,0,0,0.0,True,50.0,Ian,After
US1SCAL0002,32.989,-81.2921,ALLENDALE 1.7 SE,11,0,0.0,54.95173055690998,Rural,11,2,18.18,False,9.09,Ian,After
US1SCBF0002,32.2529,-80.735,HILTON HEAD ISLAND 4.0 N,11,0,0.0,22.95040837190857,Coastal,11,2,18.18,False,9.09,Ian,After
US1SCBF0010,32.2665,-80.9633,BLUFFTON 6.2 WNW,11,11,100.0,21.75837802942024,Coastal,0,0,0.0,True,50.0,Ian,After
US1SCBF0015,32.2713,-80.9683,BLUFFTON 5.1 NW,11,5,45.45,21.75905326863,Coastal,6,1,16.67,True,31.06,Ian,After
US1SCBF0022,32.248,-80.8156,BLUFFTON 2.9 ENE,11,2,18.18,25.925465106472352,Coastal,9,2,22.22,True,20.2,Ian,After
US1SCBF0032,32.3426,-80.8391,OKATIE 7.2 ENE,11,2,18.18,16.678974378080294,Coastal,9,1,11.11,False,14.64,Ian,After
US1SCBF0036,32.3662,-80.8524,OKATIE 7.6 NE,11,0,0.0,15.809495690763752,Coastal,11,0,0.0,False,0.0,Ian,After
US1SCBF0037,32.4939,-80.6334,BEAUFORT 5.7 NE,11,1,9.09,8.713084953915233,Coastal,10,3,30.0,True,19.55,Ian,After
US1SCBF0050,32.2174,-80.9802,BLUFFTON 7.0 W,11,0,0.0,15.3413278308251,Coastal,11,0,0.0,False,0.0,Ian,After
US1SCBF0053,32.3536,-80.6923,PARRIS ISLAND 1.7 N,11,3,27.27,9.808241198176685,Coastal,8,1,12.5,False,19.88,Ian,After
US1SCBF0055,32.1991,-80.7658,HILTON HEAD ISLAND 1.2 WNW,11,11,100.0,30.164653732825638,Coastal,0,0,0.0,True,50.0,Ian,After
US1SCBF0059,32.2314,-80.7235,HILTON HEAD ISLAND 2.8 NNE,11,11,100.0,25.671612345351026,Coastal,0,0,0.0,True,50.0,Ian,After
US1SCBF0065,32.2638,-80.7174,HILTON HEAD ISLAND 5.0 NNE,11,11,100.0,21.38455756162874,Coastal,0,0,0.0,True,50.0,Ian,After
US1SCBF0066,32.2411,-80.7008,HILTON HEAD ISLAND 4.1 NE,11,3,27.27,24.399487429627044,Coastal,8,3,37.5,True,32.38,Ian,After
US1SCBF0067,32.2568,-80.7254,HILTON HEAD ISLAND 4.4 NNE,11,8,72.73,22.345678677179862,Coastal,3,1,33.33,True,53.03,Ian,After
US1SCBF0068,32.4279,-80.6378,BEAUFORT 3.0 E,11,4,36.36,6.081832048091187,Coastal,7,3,42.86,True,39.61,Ian,After
US1SCBF0080,32.4052,-80.6993,BEAUFORT 1.6 SSW,11,3,27.27,3.1106470242235664,Coastal,8,4,50.0,True,38.64,Ian,After
US1SCBF0091,32.4286,-80.6423,BEAUFORT 2.7 E,11,11,100.0,5.577421112689947,Coastal,0,0,0.0,True,50.0,Ian,After
US1SCBF0092,32.2441,-80.8686,BLUFFTON 0.7 NNW,11,0,0.0,24.410726868557187,Coastal,11,1,9.09,False,4.54,Ian,After
US1SCBF0093,32.4131,-80.7601,BEAUFORT 4.2 WSW,11,2,18.18,3.906469347845119,Coastal,9,2,22.22,True,20.2,Ian,After
US1SCBF0094,32.4754,-80.6794,BEAUFORT 3.5 N,11,10,90.91,3.1774575353774326,Coastal,1,0,0.0,True,45.46,Ian,After
US1SCBF0096,32.3782,-80.4416,SAINT HELENA 7.0 E,11,0,0.0,28.883113994584235,Coastal,11,2,18.18,False,9.09,Ian,After
US1SCBF0097,32.4675,-80.6296,BEAUFORT 4.5 NE,11,2,18.18,7.1917914671520755,Coastal,9,3,33.33,True,25.76,Ian,After
US1SCBF0098,32.4653,-80.8019,BEAUFORT 7.1 WNW,11,0,0.0,5.326756257023084,Coastal,11,2,18.18,False,9.09,Ian,After
US1SCBF0099,32.1775,-80.724,HILTON HEAD ISLAND 1.8 SE,11,11,100.0,32.75839498310471,Coastal,0,0,0.0,True,50.0,Ian,After
US1SCBF0100,32.2412,-80.8143,HILTON HEAD ISLAND 5.1 NW,11,0,0.0,26.714933452027598,Coastal,11,1,9.09,False,4.54,Ian,After
US1SCBF0104,32.2431,-80.8034,HILTON HEAD ISLAND 4.7 NW,11,3,27.27,26.082519601239355,Coastal,8,2,25.0,True,26.14,Ian,After
US1SCBF0111,32.3136,-80.4924,FRIPP ISLAND 0.5 WSW,11,5,45.45,27.7485221102594,Coastal,6,0,0.0,True,22.72,Ian,After
US1SCBF0112,32.4078,-80.5275,ST HELENA ISLAND 2.8 NE,11,0,0.0,18.62129281746979,Coastal,11,2,18.18,False,9.09,Ian,After
US1SCBF0113,32.2207,-80.9881,BLUFFTON 7.4 W,11,8,72.73,15.278270561312246,Coastal,3,1,33.33,True,53.03,Ian,After
US1SCBF0114,32.2117,-80.86,BLUFFTON 1.7 S,11,0,0.0,22.100895241773834,Coastal,11,1,9.09,False,4.54,Ian,After
US1SCBF0116,32.2723,-80.9725,BLUFFTON 6.9 WNW,11,11,100.0,21.50664457546159,Coastal,0,0,0.0,True,50.0,Ian,After
US1SCBF0117,32.2236,-80.6716,HILTON HEAD ISLAND 4.7 ENE,11,0,0.0,27.052282654121196,Coastal,11,2,18.18,False,9.09,Ian,After
US1SCBF0119,32.3925,-80.7373,BEAUFORT 3.6 SW,11,2,18.18,5.080848572382804,Coastal,9,3,33.33,True,25.76,Ian,After
US1SCBF0120,32.514,-80.7304,BEAUFORT 6.5 NNW,11,0,0.0,3.2749971847179697,Coastal,11,3,27.27,True,13.64,Ian,After
US1SCBF0122,32.4567,-80.6396,BEAUFORT 3.6 NE,11,5,45.45,5.727499053177983,Coastal,6,1,16.67,True,31.06,Ian,After
US1SCBF0123,32.3385,-80.918,OKATIE 3.5 NE,11,0,0.0,23.81335343294274,Coastal,11,1,9.09,False,4.54,Ian,After
US1SCBF0124,32.3829,-80.6943,PORT ROYAL 0.1 W,11,0,0.0,6.0341736453259225,Coastal,11,3,27.27,True,13.64,Ian,After
US1SCBF0126,32.274,-80.9775,BLUFFTON 7.2 WNW,11,11,100.0,21.253450795032002,Coastal,0,0,0.0,True,50.0,Ian,After
US1SCBK0008,32.9459,-80.0084,HANAHAN 1.1 N,11,11,100.0,0.254258225604422,Coastal,0,0,0.0,True,50.0,Ian,After
US1SCBK0017,33.0011,-80.0766,GOOSE CREEK 4.6 WNW,11,11,100.0,0.0,Coastal,0,0,0.0,True,50.0,Ian,After
US1SCBK0029,33.4249,-80.0267,PINEVILLE 0.3 SSE,11,10,90.91,48.53675494238443,Coastal,1,1,100.0,True,95.46,Ian,After
US1SCBK0038,33.1987,-79.9377,MONCKS CORNER 3.6 E,11,1,9.09,22.782752253316875,Coastal,10,3,30.0,True,19.55,Ian,After
US1SCBK0046,33.0775,-80.2177,SUMMERVILLE 5.5 NNW,11,0,0.0,0.9514051996660583,Coastal,11,1,9.09,False,4.54,Ian,After
US1SCBK0048,32.8473,-79.9032,DANIEL ISLAND 1.0 SE,11,0,0.0,0.0,Coastal,11,2,18.18,False,9.09,Ian,After
US1SCBK0055,33.0676,-79.9747,MONCKS CORNER 8.9 S,11,4,36.36,8.662956050426166,Coastal,7,1,14.29,True,25.32,Ian,After
US1SCBK0056,33.1923,-79.9865,MONCKS CORNER 0.8 ESE,11,0,0.0,19.32732777278455,Coastal,11,2,18.18,False,9.09,Ian,After
US1SCBK0059,33.4062,-79.919,ST. STEPHEN 0.4 ENE,11,11,100.0,48.64119643275895,Coastal,0,0,0.0,True,50.0,Ian,After
US1SCBK0061,32.8514,-79.9123,CHARLESTON 6.6 NE,11,0,0.0,0.0,Coastal,11,3,27.27,True,13.64,Ian,After
US1SCBK0063,33.1056,-80.1635,SUMMERVILLE 7.1 N,11,0,0.0,4.842675867689324,Coastal,11,3,27.27,True,13.64,Ian,After
US1SCBK0065,33.0188,-80.047,GOOSE CREEK 3.5 NW,11,0,0.0,0.0,Coastal,11,3,27.27,True,13.64,Ian,After
US1SCBK0067,32.842,-79.9111,DANIEL ISLAND 1.4 S,11,6,54.55,0.0,Coastal,5,3,60.0,True,57.28,Ian,After
US1SCBK0068,33.0319,-80.1324,SUMMERVILLE 3.3 NE,11,11,100.0,0.0,Coastal,0,0,0.0,True,50.0,Ian,After
US1SCBK0071,33.0038,-80.0626,GOOSE CREEK 3.9 WNW,11,11,100.0,0.0,Coastal,0,0,0.0,True,50.0,Ian,After
US1SCBK0077,33.0717,-80.147,SUMMERVILLE 5.0 NNE,11,9,81.82,0.3884164724825497,Coastal,2,2,100.0,True,90.91,Ian,After
US1SCBK0079,32.8865,-79.8945,CHARLESTON 9.1 NE,11,0,0.0,2.0335301258428373,Coastal,11,2,18.18,False,9.09,Ian,After
US1SCBK0081,33.2066,-80.0158,MONCKS CORNER 1.2 NW,11,6,54.55,20.09333953271257,Coastal,5,0,0.0,True,27.28,Ian,After
US1SCBK0082,33.1254,-80.0263,MONCKS CORNER 5.1 SSW,11,0,0.0,9.40924302782817,Coastal,11,3,27.27,True,13.64,Ian,After
US1SCBK0085,32.9156,-79.9846,HANAHAN 1.7 SE,11,0,0.0,0.0,Coastal,11,1,9.09,False,4.54,Ian,After
US1SCBK0086,32.9842,-79.7998,HUGER 7.7 S,11,0,0.0,15.13815523190398,Coastal,11,2,18.18,False,9.09,Ian,After
US1SCBK0087,33.014,-80.1088,LADSON 0.4 NNW,11,11,100.0,0.0,Coastal,0,0,0.0,True,50.0,Ian,After
US1SCBK0088,33.1885,-80.0127,MONCKS CORNER 0.9 WSW,11,0,0.0,17.852343547848392,Coastal,11,3,27.27,True,13.64,Ian,After
US1SCBK0091,33.036,-80.0762,GOOSE CREEK 5.6 NW,11,2,18.18,0.0,Coastal,9,1,11.11,False,14.64,Ian,After
US1SCBK0094,33.0605,-80.1045,SUMMERVILLE 5.8 NE,11,0,0.0,0.08264933225030478,Coastal,11,3,27.27,True,13.64,Ian,After
US1SCBK0097,32.9038,-79.8947,CHARLESTON 10.0 NE,11,11,100.0,3.5477826550905682,Coastal,0,0,0.0,True,50.0,Ian,After
US1SCBM0001,33.3392,-81.1805,DENMARK 2.8 WNW,11,0,0.0,36.45957195646485,Coastal,11,1,9.09,False,4.54,Ian,After
US1SCBM0006,33.096,-81.0108,EHRHARDT 0.2 SE,11,0,0.0,51.86019914164173,Rural,11,1,9.09,False,4.54,Ian,After
US1SCBM0009,33.3465,-81.1326,DENMARK 2.0 N,11,2,18.18,31.52545913180065,Coastal,9,1,11.11,False,14.64,Ian,After
US1SCBW0003,33.2367,-81.3857,BARNWELL 1.2 WSW,11,0,0.0,28.080629377038168,Coastal,11,1,9.09,False,4.54,Ian,After
US1SCBW0006,33.175,-81.3522,BARNWELL 4.6 S,11,6,54.55,34.50045091764197,Coastal,5,1,20.0,True,37.28,Ian,After
US1SCCA0001,33.6874,-80.7301,ST. MATTHEWS 3.2 ENE,11,9,81.82,20.03193643801022,Coastal,2,1,50.0,True,65.91,Ian,After
US1SCCA0002,33.8097,-81.009,GASTON 5.3 E,11,11,100.0,15.534381932309246,Coastal,0,0,0.0,True,50.0,Ian,After
US1SCCA0016,33.719,-80.9188,ST. MATTHEWS 9.0 WNW,11,11,100.0,21.034553217809822,Coastal,0,0,0.0,True,50.0,Ian,After
US1SCCA0019,33.6853,-80.9773,NORTH 8.6 ENE,11,10,90.91,20.188761768260896,Coastal,1,1,100.0,True,95.46,Ian,After
US1SCCA0020,33.6817,-80.6561,ST MATTHEWS 7.1 E,11,11,100.0,24.79567589204978,Coastal,0,0,0.0,True,50.0,Ian,After
US1SCCA0021,33.5284,-80.6505,ELLOREE 4.5 W,11,0,0.0,19.184324702333967,Coastal,11,2,18.18,False,9.09,Ian,After
US1SCCD0002,33.5744,-80.2205,MANNING 8.2 S,11,11,100.0,46.84402967436182,Coastal,0,0,0.0,True,50.0,Ian,After
US1SCCD0006,33.6698,-80.1995,MANNING 1.9 SSE,11,3,27.27,35.865123056297676,Coastal,8,2,25.0,True,26.14,Ian,After
US1SCCD0017,33.5108,-80.4259,SUMMERTON 7.6 SW,11,0,0.0,44.1918173902312,Coastal,11,3,27.27,True,13.64,Ian,After
US1SCCD0019,33.5522,-80.2342,SUMMERTON 7.6 ESE,11,0,0.0,49.271038120730985,Coastal,11,3,27.27,True,13.64,Ian,After
US1SCCL0003,32.9439,-80.6812,WALTERBORO 3.0 NNW,11,0,0.0,50.72161224558604,Rural,11,2,18.18,False,9.09,Ian,After
US1SCCL0005,33.089,-80.814,SMOAKS 0.1 ESE,11,0,0.0,51.002237507891735,Rural,11,3,27.27,True,13.64,Ian,After
US1SCCL0009,33.0271,-80.9871,LODGE 3.4 SW,11,0,0.0,60.079081148422205,Rural,11,1,9.09,False,4.54,Ian,After
US1SCCL0014,32.7134,-80.6087,GREEN POND 1.3 S,11,0,0.0,32.89776943667627,Coastal,11,3,27.27,True,13.64,Ian,After
US1SCCL0016,32.8947,-80.5661,COTTAGEVILLE 5.8 WSW,11,0,0.0,39.94174767833694,Coastal,11,4,36.36,True,18.18,Ian,After
US1SCCL0017,32.9799,-80.4947,COTTAGEVILLE 3.1 NNW,11,0,0.0,29.517261990097207,Coastal,11,3,27.27,True,13.64,Ian,After
US1SCCL0027,32.7262,-80.6932,GREEN POND 4.6 W,11,11,100.0,31.390241722730597,Coastal,0,0,0.0,True,50.0,Ian,After
US1SCCL0028,33.0658,-80.5371,GROVER 4.4 SE,11,0,0.0,34.200574069672136,Coastal,11,3,27.27,True,13.64,Ian,After
US1SCCL0031,32.4817,-80.3372,EDISTO BEACH 1.2 WSW,11,1,9.09,39.529357720049084,Coastal,10,2,20.0,True,14.54,Ian,After
US1SCCL0037,33.0014,-80.6252,WALTERBORO 7.4 NNE,11,0,0.0,43.89830279704225,Coastal,11,3,27.27,True,13.64,Ian,After
US1SCCR0004,32.8117,-79.8336,MOUNT PLEASANT 1.9 ESE,11,8,72.73,0.0,Coastal,3,0,0.0,True,36.36,Ian,After
US1SCCR0010,33.0845,-79.4636,MCCLELLANVILLE 0.2 ESE,11,0,0.0,41.689051400879826,Coastal,11,3,27.27,True,13.64,Ian,After
US1SCCR0013,32.7264,-79.9587,CHARLESTON 4.6 SSE,11,0,0.0,1.0359182343773348,Coastal,11,2,18.18,False,9.09,Ian,After
US1SCCR0022,32.8066,-80.0827,CHARLESTON 5.2 WNW,11,0,0.0,0.9958932176716434,Coastal,11,2,18.18,False,9.09,Ian,After
US1SCCR0026,32.8567,-79.8058,MOUNT PLEASANT 4.1 NE,11,3,27.27,0.7736443543642646,Coastal,8,3,37.5,True,32.38,Ian,After
US1SCCR0030,32.9591,-80.0606,NORTH CHARLESTON 3.5 N,11,0,0.0,0.0,Coastal,11,2,18.18,False,9.09,Ian,After
US1SCCR0032,32.7011,-80.2937,MEGGETT 1.8 W,11,0,0.0,27.885720099980066,Coastal,11,3,27.27,True,13.64,Ian,After
US1SCCR0033,33.0835,-79.4599,MCCLELLANVILLE 0.5 ESE,11,1,9.09,41.65859546420657,Coastal,10,2,20.0,True,14.54,Ian,After
US1SCCR0034,32.9322,-80.0736,NORTH CHARLESTON 2.6 NW,11,0,0.0,0.0,Coastal,11,2,18.18,False,9.09,Ian,After
US1SCCR0036,32.7398,-79.9314,FOLLY BEACH 4.5 N,11,2,18.18,3.5935373657782117,Coastal,9,2,22.22,True,20.2,Ian,After
US1SCCR0042,32.8103,-79.9569,CHARLESTON 2.8 NE,11,0,0.0,0.0,Coastal,11,2,18.18,False,9.09,Ian,After
US1SCCR0049,32.8949,-80.0273,NWS CHARLESTON SC,11,0,0.0,0.0,Coastal,11,3,27.27,True,13.64,Ian,After
US1SCCR0057,32.8794,-79.9899,NORTH CHARLESTON 3.5 ESE,11,0,0.0,0.0,Coastal,11,3,27.27,True,13.64,Ian,After
US1SCCR0060,32.7177,-79.9455,CHARLESTON 5.4 SSE,11,0,0.0,2.7372207299688465,Coastal,11,3,27.27,True,13.64,Ian,After
US1SCCR0063,32.8915,-79.9834,NORTH CHARLESTON 3.5 ESE,11,11,100.0,0.0,Coastal,0,0,0.0,True,50.0,Ian,After
US1SCCR0069,32.8965,-79.7962,MOUNT PLEASANT 6.4 NE,11,2,18.18,3.892159895576214,Coastal,9,1,11.11,False,14.64,Ian,After
US1SCCR0074,32.7216,-80.0088,JOHNS ISLAND 1.8 NE,11,0,0.0,3.14869093345802,Coastal,11,2,18.18,False,9.09,Ian,After
US1SCCR0078,32.8919,-79.9904,NORTH CHARLESTON 3.1 ESE,11,2,18.18,0.0,Coastal,9,1,11.11,False,14.64,Ian,After
US1SCCR0083,32.6288,-80.0406,KIAWAH ISLAND 1.5 NE,11,11,100.0,15.182884883638508,Coastal,0,0,0.0,True,50.0,Ian,After
US1SCCR0085,32.7979,-79.8442,MOUNT PLEASANT 2.1 SSE,11,9,81.82,1.164840925712102,Coastal,2,1,50.0,True,65.91,Ian,After
US1SCCR0087,32.8257,-79.9835,CHARLESTON 2.9 NNE,11,2,18.18,0.0,Coastal,9,3,33.33,True,25.76,Ian,After
US1SCCR0089,32.7649,-79.9762,CHARLESTON 1.7 SE,11,6,54.55,0.0,Coastal,5,1,20.0,True,37.28,Ian,After
US1SCCR0092,32.7884,-80.2565,RAVENEL 2.0 WNW,11,2,18.18,20.47429805925365,Coastal,9,1,11.11,False,14.64,Ian,After
US1SCCR0096,32.7449,-79.9186,CHARLESTON 5.2 ESE,11,0,0.0,4.138909045524535,Coastal,11,3,27.27,True,13.64,Ian,After
US1SCCR0097,32.8097,-80.0746,CHARLESTON 5.0 WNW,11,0,0.0,0.042404390803152954,Coastal,11,2,18.18,False,9.09,Ian,After
US1SCCR0098,32.6299,-80.1951,WADMALAW ISLAND 2.3 SSW,11,3,27.27,25.5634957080229,Coastal,8,1,12.5,False,19.88,Ian,After
US1SCCR0099,32.8195,-79.8809,MOUNT PLEASANT 1.0 WSW,11,2,18.18,0.0,Coastal,9,1,11.11,False,14.64,Ian,After
US1SCCR0105,32.7523,-80.2403,HOLLYWOOD 2.3 W,11,2,18.18,19.889425719788,Coastal,9,1,11.11,False,14.64,Ian,After
US1SCCR0112,32.902,-79.7882,MOUNT PLEASANT 7.0 NE,11,0,0.0,4.973549397499369,Coastal,11,2,18.18,False,9.09,Ian,After
US1SCCR0113,32.8821,-79.8284,MOUNT PLEASANT 4.6 NNE,11,4,36.36,1.6507101049576174,Coastal,7,2,28.57,True,32.47,Ian,After
US1SCCR0114,32.7516,-79.8998,CHARLESTON 5.9 ESE,11,4,36.36,5.222763639110432,Coastal,7,1,14.29,True,25.32,Ian,After
US1SCCR0115,32.5456,-80.2435,EDISTO ISLAND 3.6 E,11,2,18.18,37.78707222772185,Coastal,9,1,11.11,False,14.64,Ian,After
US1SCCR0116,32.7889,-80.0495,CHARLESTON 3.2 W,11,0,0.0,0.0,Coastal,11,2,18.18,False,9.09,Ian,After
US1SCCR0123,32.8281,-79.9863,CHARLESTON 3.0 N,11,0,0.0,0.0,Coastal,11,3,27.27,True,13.64,Ian,After
US1SCCR0131,32.8466,-79.8735,MOUNT PLEASANT 1.7 NNW,11,2,18.18,0.0,Coastal,9,1,11.11,False,14.64,Ian,After
US1SCCR0138,32.7841,-79.9893,CHARLESTON 0.3 ESE,11,0,0.0,0.0,Coastal,11,3,27.27,True,13.64,Ian,After
US1SCCR0142,32.8491,-80.0276,NORTH CHARLESTON 4.0 SSE,11,0,0.0,0.0,Coastal,11,3,27.27,True,13.64,Ian,After
US1SCCR0144,32.8472,-79.8665,MOUNT PLEASANT 1.7 N,11,0,0.0,0.0,Coastal,11,1,9.09,False,4.54,Ian,After
US1SCCR0146,32.8983,-79.7536,MOUNT PLEASANT 8.2 NE,11,1,9.09,7.524420602560625,Coastal,10,1,10.0,False,9.54,Ian,After
US1SCCR0148,32.8224,-79.8577,MOUNT PLEASANT 0.4 E,11,0,0.0,0.0,Coastal,11,3,27.27,True,13.64,Ian,After
US1SCCR0149,33.0044,-80.1347,SUMMERVILLE 2.6 E,11,0,0.0,0.0,Coastal,11,2,18.18,False,9.09,Ian,After
US1SCCR0151,32.8303,-80.091,CHARLESTON 6.4 WNW,11,0,0.0,1.8544216877425013,Coastal,11,3,27.27,True,13.64,Ian,After
US1SCCR0152,32.7914,-79.9429,CHARLESTON 3.0 E,11,11,100.0,0.0,Coastal,0,0,0.0,True,50.0,Ian,After
US1SCCR0153,32.5281,-80.3148,EDISTO BEACH 2.7 N,11,0,0.0,43.08243089829778,Coastal,11,2,18.18,False,9.09,Ian,After
US1SCCR0154,32.6042,-80.0715,KIAWAH ISLAND 1.0 SW,11,0,0.0,19.799579462549953,Coastal,11,1,9.09,False,4.54,Ian,After
US1SCCR0155,32.5554,-80.3682,EDISTO BEACH 5.4 NNW,11,1,9.09,38.51760946503274,Coastal,10,2,20.0,True,14.54,Ian,After
US1SCCR0159,32.7929,-79.8913,MOUNT PLEASANT 2.6 SW,11,9,81.82,0.0,Coastal,2,0,0.0,True,40.91,Ian,After
US1SCCR0161,32.7994,-79.8651,MOUNT PLEASANT 1.6 S,11,0,0.0,0.05945161917833847,Coastal,11,2,18.18,False,9.09,Ian,After
US1SCCR0162,32.7236,-80.2956,HOLLYWOOD 5.8 WSW,11,0,0.0,26.925266668322518,Coastal,11,3,27.27,True,13.64,Ian,After
US1SCCR0164,32.8332,-80.0367,CHARLESTON 4.1 NW,11,0,0.0,0.0,Coastal,11,3,27.27,True,13.64,Ian,After
US1SCCR0166,32.8014,-79.7564,ISLE OF PALMS 0.1 E,11,0,0.0,7.49464562696782,Coastal,11,2,18.18,False,9.09,Ian,After
US1SCCR0173,32.8414,-80.0864,CHARLESTON 6.6 NW,11,0,0.0,1.335029099636865,Coastal,11,2,18.18,False,9.09,Ian,After
US1SCCR0178,32.7875,-80.0435,CHARLESTON 2.9 W,11,0,0.0,0.0,Coastal,11,2,18.18,False,9.09,Ian,After
US1SCCR0179,32.9019,-79.8148,MOUNT PLEASANT 6.1 NNE,11,7,63.64,4.16130064185957,Coastal,4,0,0.0,True,31.82,Ian,After
US1SCCR0180,32.8019,-79.8825,MOUNT PLEASANT 1.8 SW,11,11,100.0,0.0,Coastal,0,0,0.0,True,50.0,Ian,After
US1SCCR0183,32.8323,-80.035,CHARLESTON 4.0 NW,11,0,0.0,0.0,Coastal,11,3,27.27,True,13.64,Ian,After
US1SCCR0187,32.713,-80.1421,JOHNS ISLAND 6.4 W,11,0,0.0,13.341745223529385,Coastal,11,2,18.18,False,9.09,Ian,After
US1SCCR0189,32.6257,-80.1214,KIAWAH RIVER 3.5 W,11,4,36.36,20.976980204212243,Coastal,7,2,28.57,True,32.47,Ian,After
US1SCCR0192,32.8938,-79.7652,MOUNT PLEASANT 7.5 NE,11,2,18.18,6.1073022901657374,Coastal,9,1,11.11,False,14.64,Ian,After
US1SCCR0194,32.7621,-80.0006,CHARLESTON 1.6 SSW,11,0,0.0,0.0,Coastal,11,2,18.18,False,9.09,Ian,After
US1SCCR0197,32.8176,-79.886,MOUNT PLEASANT 1.3 WSW,11,0,0.0,0.0,Coastal,11,1,9.09,False,4.54,Ian,After
US1SCCR0199,32.5979,-80.1113,KIAWAH ISLAND 3.1 WSW,11,2,18.18,23.026742374694717,Coastal,9,3,33.33,True,25.76,Ian,After
US1SCCR0204,32.8515,-79.8592,MOUNT PLEASANT 2.0 N,11,0,0.0,0.0,Coastal,11,2,18.18,False,9.09,Ian,After
US1SCCR0205,32.8098,-80.0946,CHARLESTON 6.1 WNW,11,0,0.0,2.268700545918099,Coastal,11,2,18.18,False,9.09,Ian,After
US1SCCR0206,32.8302,-79.8411,MOUNT PLEASANT 1.4 ENE,11,1,9.09,0.0,Coastal,10,1,10.0,False,9.54,Ian,After
US1SCCR0208,32.8407,-79.812,MOUNT PLEASANT 3.2 ENE,11,11,100.0,0.10897412738395948,Coastal,0,0,0.0,True,50.0,Ian,After
US1SCCR0210,32.8183,-80.0466,CHARLESTON 3.8 NW,11,0,0.0,0.0,Coastal,11,4,36.36,True,18.18,Ian,After
US1SCCR0212,32.8991,-79.9889,NORTH CHARLESTON 3.1 E,11,0,0.0,0.0,Coastal,11,2,18.18,False,9.09,Ian,After
US1SCCR0214,32.5605,-80.339,EDISTO BEACH 5.1 NNW,11,2,18.18,41.79248600019956,Coastal,9,2,22.22,True,20.2,Ian,After
US1SCCR0217,32.6785,-80.1181,WADMALAW ISLAND 3.6 ENE,11,5,45.45,15.591191315386672,Coastal,6,0,0.0,True,22.72,Ian,After
US1SCCR0218,32.7147,-80.0875,JOHNS ISLAND 3.3 WNW,11,0,0.0,9.823748735618938,Coastal,11,2,18.18,False,9.09,Ian,After
US1SCCR0220,32.7316,-79.9224,CHARLESTON 5.6 SE,11,10,90.91,5.0693248605935946,Coastal,1,1,100.0,True,95.46,Ian,After
US1SCCR0221,32.5775,-80.1753,SEABROOK ISLAND 0.2 S,11,2,18.18,29.724250535417593,Coastal,9,1,11.11,False,14.64,Ian,After
US1SCCR0225,32.9037,-79.7626,MOUNT PLEASANT 8.1 NE,11,1,9.09,7.088677188340793,Coastal,10,3,30.0,True,19.55,Ian,After
US1SCCR0226,32.8192,-80.0076,CHARLESTON 2.5 NNW,11,8,72.73,0.0,Coastal,3,3,100.0,True,86.36,Ian,After
US1SCCR0227,32.8197,-80.0482,CHARLESTON 4.0 NW,11,0,0.0,0.0,Coastal,11,4,36.36,True,18.18,Ian,After
US1SCCR0228,32.6993,-80.1236,WADMALAW ISLAND 4.1 NE,11,9,81.82,13.480397814014731,Coastal,2,1,50.0,True,65.91,Ian,After
US1SCCR0229,32.7844,-79.8558,MOUNT PLEASANT 2.7 S,11,0,0.0,2.2934963129060475,Coastal,11,3,27.27,True,13.64,Ian,After
US1SCCR0231,32.6077,-80.3362,EDISTO ISLAND 4.5 NNW,11,0,0.0,38.594104988029436,Coastal,11,3,27.27,True,13.64,Ian,After
US1SCCR0232,32.722,-79.9408,CHARLESTON 5.4 SE,11,10,90.91,3.0747529142394194,Coastal,1,0,0.0,True,45.46,Ian,After
US1SCCR0238,32.5353,-80.263,EDISTO ISLAND 2.2 ESE,11,0,0.0,40.12667030163366,Coastal,11,2,18.18,False,9.09,Ian,After
US1SCCR0241,32.5928,-80.2751,EDISTO ISLAND 3.2 NNE,11,1,9.09,35.06112403717602,Coastal,10,2,20.0,True,14.54,Ian,After
US1SCCR0242,32.7867,-80.0273,CHARLESTON 1.9 W,11,3,27.27,0.0,Coastal,8,0,0.0,False,13.64,Ian,After
US1SCCR0243,32.8501,-79.8595,MOUNT PLEASANT 1.9 N,11,2,18.18,0.0,Coastal,9,1,11.11,False,14.64,Ian,After
US1SCCR0248,32.9061,-79.7569,MOUNT PLEASANT 8.5 NE,11,5,45.45,7.785159476319028,Coastal,6,2,33.33,True,39.39,Ian,After
US1SCCR0249,32.572,-80.3004,EDISTO ISLAND 1.6 N,11,11,100.0,38.98969195069712,Coastal,0,0,0.0,True,50.0,Ian,After
US1SCCR0251,32.7229,-80.0436,JOHNS ISLAND 1.4 NNW,11,3,27.27,6.060960169647508,Coastal,8,1,12.5,False,19.88,Ian,After
US1SCCR0252,32.9442,-80.0547,NORTH CHARLESTON 2.8 NNW,11,7,63.64,0.0,Coastal,4,0,0.0,True,31.82,Ian,After
US1SCCR0253,32.6559,-79.9414,FOLLY BEACH 1.5 SSW,11,6,54.55,9.736759495667448,Coastal,5,2,40.0,True,47.28,Ian,After
US1SCCR0254,32.8558,-79.7747,MOUNT PLEASANT 5.6 ENE,11,0,0.0,4.236863152666005,Coastal,11,2,18.18,False,9.09,Ian,After
US1SCCR0256,32.8097,-80.0716,CHARLESTON 4.8 WNW,11,11,100.0,0.0,Coastal,0,0,0.0,True,50.0,Ian,After
US1SCDC0003,32.9262,-80.084,NORTH CHARLESTON 2.9 WNW,11,1,9.09,0.0,Coastal,10,2,20.0,True,14.54,Ian,After
US1SCDC0018,33.1896,-80.6381,REEVESVILLE 1.0 SSE,11,0,0.0,44.61566742623991,Coastal,11,3,27.27,True,13.64,Ian,After
US1SCDC0021,32.9551,-80.1686,SUMMERVILLE 3.4 S,11,7,63.64,0.0,Coastal,4,0,0.0,True,31.82,Ian,After
US1SCDC0033,33.0006,-80.1734,SUMMERVILLE 0.4 SE,11,8,72.73,0.0,Coastal,3,1,33.33,True,53.03,Ian,After
US1SCDC0036,32.985,-80.1844,SUMMERVILLE 1.4 SSW,11,11,100.0,0.0,Coastal,0,0,0.0,True,50.0,Ian,After
US1SCDC0041,33.0313,-80.174,SUMMERVILLE 1.9 N,11,2,18.18,0.0,Coastal,9,1,11.11,False,14.64,Ian,After
US1SCDC0042,32.9827,-80.2583,SUMMERVILLE 4.8 WSW,11,0,0.0,3.9863575642210103,Coastal,11,3,27.27,True,13.64,Ian,After
US1SCDC0054,33.0026,-80.1524,LINCOLNVILLE 0.4 SE,11,11,100.0,0.0,Coastal,0,0,0.0,True,50.0,Ian,After
US1SCDC0055,32.9345,-80.1258,SUMMERVILLE 5.7 SSE,11,0,0.0,0.0,Coastal,11,3,27.27,True,13.64,Ian,After
US1SCDC0056,33.0251,-80.2288,SUMMERVILLE 3.2 WNW,11,6,54.55,0.22655650491482565,Coastal,5,2,40.0,True,47.28,Ian,After
US1SCDC0057,32.913,-80.1158,NORTH CHARLESTON 4.4 W,11,4,36.36,0.0,Coastal,7,2,28.57,True,32.47,Ian,After
US1SCDC0062,32.9966,-80.2138,SUMMERVILLE 2.1 WSW,11,0,0.0,0.0,Coastal,11,1,9.09,False,4.54,Ian,After
US1SCDC0066,33.0726,-80.3136,RIDGEVILLE 1.3 SSW,11,11,100.0,9.444113818597419,Coastal,0,0,0.0,True,50.0,Ian,After
US1SCDC0067,32.9403,-80.127,SUMMERVILLE 5.3 SE,11,0,0.0,0.0,Coastal,11,3,27.27,True,13.64,Ian,After
US1SCDC0069,33.0753,-80.3586,RIDGEVILLE 3.2 WSW,11,2,18.18,14.451696799483956,Coastal,9,1,11.11,False,14.64,Ian,After
US1SCDC0073,32.9522,-80.1598,LADSON 5.0 SW,11,10,90.91,0.8349872087335575,Coastal,1,0,0.0,True,45.46,Ian,After
US1SCDC0075,33.0068,-80.1784,SUMMERVILLE 0.2 N,11,4,36.36,0.0,Coastal,7,1,14.29,True,25.32,Ian,After
US1SCDC0076,32.9776,-80.1892,SUMMERVILLE 1.9 SSW,11,0,0.0,0.0,Coastal,11,2,18.18,False,9.09,Ian,After
US1SCDC0078,32.983,-80.2033,SUMMERVILLE 2.0 SW,11,0,0.0,0.0,Coastal,11,2,18.18,False,9.09,Ian,After
US1SCDC0084,33.004,-80.1799,SUMMERVILLE 0.1 W,11,11,100.0,0.0,Coastal,0,0,0.0,True,50.0,Ian,After
US1SCDC0086,32.9815,-80.1675,SUMMERVILLE 1.7 SSE,11,6,54.55,0.0,Coastal,5,2,40.0,True,47.28,Ian,After
US1SCDC0087,33.0102,-80.2261,SUMMERVILLE 2.8 W,11,0,0.0,0.0,Coastal,11,3,27.27,True,13.64,Ian,After
US1SCDC0089,33.0126,-80.34,RIDGEVILLE 5.7 SSW,11,6,54.55,12.16191840414693,Coastal,5,0,0.0,True,27.28,Ian,After
US1SCED0002,33.6515,-81.8662,TRENTON 6.3 SSW,11,0,0.0,9.788153513451775,Coastal,11,1,9.09,False,4.54,Ian,After
US1SCED0005,33.9403,-81.9561,EDGEFIELD 10.5 N,11,10,90.91,36.1848549993223,Coastal,1,1,100.0,True,95.46,Ian,After
US1SCED0013,33.6552,-81.8851,TRENTON 6.5 SSW,11,0,0.0,8.74060295969277,Coastal,11,1,9.09,False,4.54,Ian,After
US1SCED0016,33.8377,-81.9294,EDGEFIELD 3.3 N,11,4,36.36,31.357563717196534,Coastal,7,1,14.29,True,25.32,Ian,After
US1SCED0017,33.6075,-81.9592,NORTH AUGUSTA 6.2 N,11,0,0.0,1.5918213076307672,Coastal,11,1,9.09,False,4.54,Ian,After
US1SCED0018,33.8836,-82.0697,MCCORMICK 12.9 E,11,7,63.64,37.96202633478685,Coastal,4,1,25.0,True,44.32,Ian,After
US1SCGT0001,33.4306,-79.2537,GEORGETOWN 5.3 NNE,11,2,18.18,4.924458681685652,Coastal,9,4,44.44,True,31.31,Ian,After
US1SCGT0004,33.2759,-79.2928,GEORGETOWN 6.0 S,11,2,18.18,12.448593210761782,Coastal,9,3,33.33,True,25.76,Ian,After
US1SCGT0009,33.4943,-79.0832,PAWLEYS ISLAND 5.6 NNE,11,5,45.45,7.593881982236889,Coastal,6,4,66.67,True,56.06,Ian,After
US1SCGT0011,33.5702,-79.0251,MURRELLS INLET 1.8 NE,11,0,0.0,0.0,Coastal,11,4,36.36,True,18.18,Ian,After
US1SCGT0015,33.6814,-79.3766,HEMINGWAY 6.3 SE,11,10,90.91,36.32148228688221,Coastal,1,1,100.0,True,95.46,Ian,After
US1SCGT0019,33.5668,-79.0457,MURRELLS INLET 0.9 NNE,11,0,0.0,0.0,Coastal,11,5,45.45,True,22.72,Ian,After
US1SCGT0024,33.4596,-79.1195,PAWLEYS ISLAND 2.6 N,11,11,100.0,13.715853051023398,Coastal,0,0,0.0,True,50.0,Ian,After
US1SCGT0027,33.3657,-79.2787,GEORGETOWN 1.0 E,11,6,54.55,0.6267406639188454,Coastal,5,1,20.0,True,37.28,Ian,After
US1SCGT0033,33.4231,-79.1567,PAWLEY'S ISLAND 1.8 W,11,9,81.82,14.209458495767924,Coastal,2,2,100.0,True,90.91,Ian,After
US1SCGT0036,33.4435,-79.1714,PAWLEYS ISLAND 3.0 WNW,11,3,27.27,13.477373527847602,Coastal,8,4,50.0,True,38.64,Ian,After
US1SCGT0038,33.2317,-79.4106,GEORGETOWN 11.2 SW,11,10,90.91,21.40085203465494,Coastal,1,1,100.0,True,95.46,Ian,After
US1SCGT0042,33.4419,-79.1608,PAWLEYS ISLAND 2.4 NW,11,11,100.0,14.482242085291764,Coastal,0,0,0.0,True,50.0,Ian,After
US1SCGT0044,33.5195,-79.4299,GEORGETOWN 13.3 NW,11,1,9.09,19.93192040881923,Coastal,10,6,60.0,True,34.54,Ian,After
US1SCGT0046,33.47,-79.1229,PAWLEYS ISLAND 3.3 N,11,2,18.18,13.059413044107886,Coastal,9,4,44.44,True,31.31,Ian,After
US1SCGT0049,33.3637,-79.2271,GEORGETOWN 4.0 E (HOBCAW BARON,11,4,36.36,5.874152347850149,Coastal,7,2,28.57,True,32.47,Ian,After
US1SCHM0006,32.7764,-81.1532,VARNVILLE 6.7 SW,11,11,100.0,58.840280845972615,Rural,0,0,0.0,True,50.0,Ian,After
US1SCHM0007,32.8575,-81.1165,HAMPTON 0.8 SW,11,3,27.27,63.475043790862095,Rural,8,1,12.5,False,19.88,Ian,After
US1SCHM0015,32.8655,-81.1114,HAMPTON 0.2 SW,11,10,90.91,63.92130471306231,Rural,1,0,0.0,True,45.46,Ian,After
US1SCHM0016,32.9386,-81.1207,BRUNSON 4.1 ENE,11,10,90.91,72.25390052168648,Rural,1,0,0.0,True,45.46,Ian,After
US1SCHM0018,32.8655,-81.1142,HAMPTON 0.3 WSW,11,0,0.0,64.1202233886847,Rural,11,1,9.09,False,4.54,Ian,After
US1SCHM0021,32.8759,-81.1539,HAMPTON 2.7 WNW,11,9,81.82,68.0530126680373,Rural,2,2,100.0,True,90.91,Ian,After
US1SCHR0014,33.5995,-79.0065,MURRELLS INLET 4.0 NE,11,2,18.18,0.0,Coastal,9,4,44.44,True,31.31,Ian,After
US1SCHR0020,33.7692,-78.9144,MYRTLE BEACH 5.0 NNW,11,1,9.09,0.1425517412901775,Coastal,10,4,40.0,True,24.54,Ian,After
US1SCHR0027,33.7153,-79.0298,MYRTLE BEACH 8.4 WNW,11,4,36.36,3.504632197073807,Coastal,7,1,14.29,True,25.32,Ian,After
US1SCHR0039,33.6207,-78.9673,SURFSIDE BEACH 1.0 NE,11,0,0.0,0.0,Coastal,11,6,54.55,True,27.28,Ian,After
US1SCHR0046,33.7267,-78.9729,MYRTLE BEACH 5.0 WNW,11,4,36.36,0.49394823675104743,Coastal,7,2,28.57,True,32.47,Ian,After
US1SCHR0061,33.8295,-78.9528,CONWAY 6.2 E,11,0,0.0,1.710749532405287,Coastal,11,4,36.36,True,18.18,Ian,After
US1SCHR0063,33.5786,-79.0454,MURRELLS INLET 1.7 N,11,0,0.0,0.0,Coastal,11,2,18.18,False,9.09,Ian,After
US1SCHR0064,33.7157,-78.8556,MYRTLE BEACH 2.4 ENE,11,0,0.0,0.0,Coastal,11,4,36.36,True,18.18,Ian,After
US1SCHR0065,33.9533,-78.7474,LONGS 1.3 NW,11,2,18.18,9.192454263608383,Coastal,9,4,44.44,True,31.31,Ian,After
US1SCHR0066,33.6236,-79.0258,MYRTLE BEACH 9.2 WSW,11,0,0.0,0.0,Coastal,11,4,36.36,True,18.18,Ian,After
US1SCHR0067,33.7452,-79.0173,MYRTLE BEACH 8.4 WNW,11,0,0.0,4.275433355955041,Coastal,11,4,36.36,True,18.18,Ian,After
US1SCHR0071,33.967,-79.018,CONWAY 9.2 NNE,11,6,54.55,12.209534349603953,Coastal,5,1,20.0,True,37.28,Ian,After
US1SCHR0073,33.6446,-78.9561,MYRTLE BEACH 5.2 SW,11,8,72.73,0.0,Coastal,3,0,0.0,True,36.36,Ian,After
US1SCHR0075,33.7905,-78.9572,MYRTLE BEACH 7.4 NNW,11,0,0.0,1.0254838587516082,Coastal,11,4,36.36,True,18.18,Ian,After
US1SCHR0087,33.5833,-79.0747,MURRELLS INLET 2.4 NW,11,5,45.45,1.789111838537663,Coastal,6,3,50.0,True,47.72,Ian,After
US1SCHR0106,33.7639,-78.9196,MYRTLE BEACH 4.8 NNW,11,1,9.09,0.0,Coastal,10,4,40.0,True,24.54,Ian,After
US1SCHR0116,33.9656,-78.7402,LONGS 2.6 NNW,11,8,72.73,9.984940948624606,Coastal,3,2,66.67,True,69.7,Ian,After
US1SCHR0119,33.6438,-79.0321,MYRTLE BEACH 8.9 WSW,11,0,0.0,0.6324196988239812,Coastal,11,6,54.55,True,27.28,Ian,After
US1SCHR0122,33.581,-79.043,MURRELLS INLET 1.9 NNE,11,0,0.0,0.0,Coastal,11,3,27.27,True,13.64,Ian,After
US1SCHR0123,33.7567,-78.9288,MYRTLE BEACH 4.5 NNW,11,11,100.0,0.0,Coastal,0,0,0.0,True,50.0,Ian,After
US1SCHR0124,33.8693,-78.6176,LITTLE RIVER 0.8 ESE,11,0,0.0,1.2726813638235692,Coastal,11,4,36.36,True,18.18,Ian,After
US1SCHR0125,33.6383,-78.9765,SURFSIDE BEACH 2.0 N,11,0,0.0,0.0,Coastal,11,4,36.36,True,18.18,Ian,After
US1SCHR0126,33.9041,-78.8981,CONWAY 10.4 ENE,11,1,9.09,11.902173129621039,Coastal,10,4,40.0,True,24.54,Ian,After
US1SCHR0132,33.6022,-79.0422,MURRELLS INLET 3.3 N,11,11,100.0,0.0,Coastal,0,0,0.0,True,50.0,Ian,After
US1SCHR0134,33.8013,-78.9973,CONWAY 4.5 SE,11,6,54.55,0.0,Coastal,5,1,20.0,True,37.28,Ian,After
US1SCHR0136,33.7899,-78.7516,BRIARCLIFFE ACRES 0.2 WNW,11,8,72.73,0.0,Coastal,3,0,0.0,True,36.36,Ian,After
US1SCHR0137,33.9076,-78.7025,LITTLE RIVER 4.7 WNW,11,2,18.18,1.4040899940021387,Coastal,9,3,33.33,True,25.76,Ian,After
US1SCHR0138,33.7926,-78.7604,MYRTLE BEACH 10.0 NE,11,0,0.0,0.0,Coastal,11,4,36.36,True,18.18,Ian,After
US1SCHR0139,33.8208,-78.9317,CONWAY 7.5 E,11,7,63.64,4.059590788142756,Coastal,4,0,0.0,True,31.82,Ian,After
US1SCHR0140,33.6255,-79.0254,MYRTLE BEACH 9.2 WSW,11,0,0.0,0.0,Coastal,11,4,36.36,True,18.18,Ian,After
US1SCHR0142,33.5752,-79.0522,MURRELLS INLET 1.4 N,11,2,18.18,0.0,Coastal,9,5,55.56,True,36.87,Ian,After
US1SCHR0143,33.83,-78.64,NORTH MYRTLE BEACH 1.8 E,11,3,27.27,0.9388346955679812,Coastal,8,3,37.5,True,32.38,Ian,After
US1SCJS0003,32.4496,-80.8911,RIDGELAND 5.8 ESE,11,0,0.0,15.463283251186853,Coastal,11,2,18.18,False,9.09,Ian,After
US1SCJS0009,32.3083,-80.9504,BLUFFTON 7.2 NW,11,6,54.55,26.51989664377527,Coastal,5,1,20.0,True,37.28,Ian,After
US1SCJS0013,32.3094,-80.9699,HARDEEVILLE 6.7 ENE,11,9,81.82,24.862040919194147,Coastal,2,1,50.0,True,65.91,Ian,After
US1SCJS0015,32.3194,-80.9473,BLUFFTON 7.6 NW,11,1,9.09,27.65911090293499,Coastal,10,0,0.0,False,4.54,Ian,After
US1SCLX0002,33.9877,-81.1951,LEXINGTON 1.9 E,11,11,100.0,0.0,Coastal,0,0,0.0,True,50.0,Ian,After
US1SCLX0005,33.9894,-81.2654,LEXINGTON 1.6 WNW,11,0,0.0,0.0,Coastal,11,2,18.18,False,9.09,Ian,After
US1SCLX0031,33.9764,-81.2173,LEXINGTON 1.0 SE,11,1,9.09,0.0,Coastal,10,2,20.0,True,14.54,Ian,After
US1SCLX0036,33.9922,-81.2413,LEXINGTON 0.8 WNW,11,9,81.82,0.0,Coastal,2,1,50.0,True,65.91,Ian,After
US1SCLX0069,33.9644,-81.274,LEXINGTON 3.0 WSW,11,0,0.0,1.6614195953625548,Coastal,11,3,27.27,True,13.64,Ian,After
US1SCLX0093,33.915,-81.3813,GILBERT 1.0 SE,11,0,0.0,14.465086984565794,Coastal,11,1,9.09,False,4.54,Ian,After
US1SCLX0097,33.997,-81.129,LEXINGTON 5.8 E,11,5,45.45,0.0,Coastal,6,0,0.0,True,22.72,Ian,After
US1SCLX0098,33.9542,-81.1736,WEST COLUMBIA 5.9 WSW,11,0,0.0,0.0,Coastal,11,1,9.09,False,4.54,Ian,After
US1SCLX0122,33.7862,-81.3294,PELION 4.7 W,11,0,0.0,24.99629710197433,Coastal,11,2,18.18,False,9.09,Ian,After
US1SCLX0134,33.8703,-81.4417,LEESVILLE 5.2 SE,11,10,90.91,23.46148280900293,Coastal,1,1,100.0,True,95.46,Ian,After
US1SCLX0137,33.9918,-81.1366,LEXINGTON 5.3 E,11,11,100.0,0.0,Coastal,0,0,0.0,True,50.0,Ian,After
US1SCLX0145,33.7029,-81.1526,SWANSEA 3.5 SW,11,10,90.91,29.864354775151703,Coastal,1,0,0.0,True,45.46,Ian,After
US1SCLX0154,33.7719,-81.2537,PELION 0.7 SSW,11,0,0.0,23.27687163200895,Coastal,11,0,0.0,False,0.0,Ian,After
US1SCLX0169,33.9102,-81.1007,WEST COLUMBIA 5.7 S,11,4,36.36,1.630224286644014,Coastal,7,1,14.29,True,25.32,Ian,After
US1SCLX0173,33.9758,-81.0522,CAYCE 1.5 NNE,11,2,18.18,0.0,Coastal,9,2,22.22,True,20.2,Ian,After
US1SCLX0184,33.9058,-81.223,LEXINGTON 5.6 S,11,10,90.91,6.434640088258586,Coastal,1,0,0.0,True,45.46,Ian,After
US1SCLX0185,33.9497,-81.2896,LEXINGTON 4.3 SW,11,0,0.0,4.284560766129155,Coastal,11,3,27.27,True,13.64,Ian,After
US1SCLX0192,33.6834,-81.1917,SWANSEA 6.1 SW,11,0,0.0,32.70474404967131,Coastal,11,2,18.18,False,9.09,Ian,After
US1SCLX0195,33.9379,-81.3391,LEXINGTON 7.1 WSW,11,0,0.0,8.884640517338694,Coastal,11,1,9.09,False,4.54,Ian,After
US1SCLX0211,33.976,-81.0785,WEST COLUMBIA 1.1 S,11,11,100.0,0.0,Coastal,0,0,0.0,True,50.0,Ian,After
US1SCMC0005,33.9092,-82.3327,MCCORMICK 2.3 W,11,10,90.91,38.545041907856465,Coastal,1,0,0.0,True,45.46,Ian,After
US1SCMC0008,33.9151,-82.2996,MCCORMICK 0.5 NW,11,5,45.45,36.15301034413793,Coastal,6,0,0.0,True,22.72,Ian,After
US1SCMC0009,33.9086,-82.3678,MCCORMICK 4.3 W,11,11,100.0,40.6768539554479,Coastal,0,0,0.0,True,50.0,Ian,After
US1SCMC0010,33.9068,-82.3688,MCCORMICK 4.4 W,11,1,9.09,40.93912124610969,Coastal,10,0,0.0,False,4.54,Ian,After
US1SCOR0011,33.4656,-81.0397,NEESES 7.0 SE,11,9,81.82,15.055290206160025,Coastal,2,0,0.0,True,40.91,Ian,After
US1SCOR0017,33.5207,-80.9117,ORANGEBURG 3.2 NW,11,8,72.73,0.21284472352614228,Coastal,3,0,0.0,True,36.36,Ian,After
US1SCOR0022,33.4267,-80.5882,SANTEE 6.9 WSW,11,0,0.0,28.16092096250407,Coastal,11,2,18.18,False,9.09,Ian,After
US1SCOR0025,33.4277,-80.9662,COPE 4.1 NE,11,0,0.0,10.34636365898596,Coastal,11,1,9.09,False,4.54,Ian,After
US1SCOR0027,33.5135,-80.8826,ORANGEBURG 1.7 NW,11,11,100.0,0.0,Coastal,0,0,0.0,True,50.0,Ian,After
US1SCOR0036,33.6033,-80.8725,ORANGEBURG 7.6 N,11,10,90.91,4.730226040938814,Coastal,1,1,100.0,True,95.46,Ian,After
US1SCOR0037,33.4994,-80.8687,ORANGEBURG 0.4 NNW,11,11,100.0,0.0,Coastal,0,0,0.0,True,50.0,Ian,After
US1SCOR0041,33.5153,-80.6063,ELLOREE 2.2 WSW,11,0,0.0,24.100798438954566,Coastal,11,2,18.18,False,9.09,Ian,After
US1SCOR0049,33.4876,-80.4531,SANTEE 2.0 ENE,11,0,0.0,41.37936593981456,Coastal,11,3,27.27,True,13.64,Ian,After
US1SCOR0051,33.3366,-80.4571,HOLLY HILL 2.6 WNW,11,9,81.82,43.92387354323799,Coastal,2,2,100.0,True,90.91,Ian,After
US1SCOR0052,33.6213,-81.0133,NORTH 5.2 E,11,0,0.0,15.843837015777744,Coastal,11,1,9.09,False,4.54,Ian,After
US1SCRC0030,33.9574,-80.8578,HOPKINS 3.9 NNE,11,0,0.0,6.426904314772542,Coastal,11,2,18.18,False,9.09,Ian,After
US1SCRC0042,33.9984,-80.9804,COLUMBIA 3.1 E,11,0,0.0,0.0,Coastal,11,2,18.18,False,9.09,Ian,After
US1SCRC0064,33.9839,-81.0094,COLUMBIA 1.9 SE,11,4,36.36,0.0,Coastal,7,2,28.57,True,32.47,Ian,After
US1SCRC0122,33.9807,-81.0021,VALENCIA HEIGHTS 1.0 WNW,11,0,0.0,0.0,Coastal,11,2,18.18,False,9.09,Ian,After
US1SCRC0123,33.9661,-80.9292,COLUMBIA 5.6 SSW,11,0,0.0,0.0,Coastal,11,2,18.18,False,9.09,Ian,After
US1SCRC0144,33.9895,-80.8453,COLUMBIA 4.2 SE,11,5,45.45,6.2329967805476825,Coastal,6,2,33.33,True,39.39,Ian,After
US1SCSL0002,33.9465,-81.8558,SALUDA 6.1 SW,11,0,0.0,43.088297734761824,Coastal,11,1,9.09,False,4.54,Ian,After
US1SCSL0010,33.84,-81.6663,RIDGE SPRING 0.4 SSW,11,0,0.0,30.78597089265995,Coastal,11,1,9.09,False,4.54,Ian,After
US1SCSM0010,33.9456,-80.388,SUMTER 0.3 ENE,11,0,0.0,0.0,Coastal,11,2,18.18,False,9.09,Ian,After
US1SCSM0013,33.9471,-80.3901,SUMTER 0.2 NE,11,0,0.0,0.0,Coastal,11,2,18.18,False,9.09,Ian,After
US1SCSM0020,33.8944,-80.4083,SUMTER 3.6 SSW,11,11,100.0,2.7171248564951727,Coastal,0,0,0.0,True,50.0,Ian,After
US1SCSM0026,33.942,-80.4254,SUMTER 1.9 W,11,3,27.27,0.4892655567301823,Coastal,8,0,0.0,False,13.64,Ian,After
US1SCSM0030,33.9291,-80.397,SUMTER 1.1 SSW,11,0,0.0,0.0,Coastal,11,3,27.27,True,13.64,Ian,After
US1SCSM0035,33.8316,-80.3652,SUMTER 8.0 SSE,11,9,81.82,9.763591694461862,Coastal,2,2,100.0,True,90.91,Ian,After
US1SCSM0039,33.9837,-80.526,SUMTER 8.1 WNW,11,8,72.73,10.981969989986679,Coastal,3,2,66.67,True,69.7,Ian,After
US1SCSM0040,33.9053,-80.4241,SUMTER 3.3 SW,11,6,54.55,2.831810965032283,Coastal,5,2,40.0,True,47.28,Ian,After
US1SCSM0041,33.9142,-80.4259,SUMTER 2.8 SW,11,0,0.0,2.6983399536341617,Coastal,11,2,18.18,False,9.09,Ian,After
US1SCSM0045,33.9486,-80.3843,SUMTER 0.6 ENE,11,7,63.64,0.0,Coastal,4,0,0.0,True,31.82,Ian,After
US1SCWL0002,33.7394,-79.9332,KINGSTREE 7.9 NW,11,0,0.0,50.48864854586686,Rural,11,4,36.36,True,18.18,Ian,After
US1SCWL0004,33.7456,-79.9629,KINGSTREE 9.5 NW,11,9,81.82,47.182931964394804,Coastal,2,2,100.0,True,90.91,Ian,After
USC00080236,27.1819,-81.3511,ARCHBOLD BIO STN,11,0,0.0,80.27567309318682,Rural,11,4,36.36,True,18.18,Ian,After
USC00080369,27.5947,-81.5267,AVON PARK 2 W,11,11,100.0,38.23307549633865,Coastal,0,0,0.0,True,50.0,Ian,After
USC00080478,27.8864,-81.8325,BARTOW 1SE,11,0,0.0,15.792643476788497,Coastal,11,5,45.45,True,22.72,Ian,After
USC00080598,29.7956,-82.9178,BELL 4NW,11,11,100.0,53.93243831435851,Rural,0,0,0.0,True,50.0,Ian,After
USC00080737,26.3283,-80.9958,BIG CYPRESS,11,0,0.0,66.7605804018515,Rural,11,7,63.64,True,31.82,Ian,After
USC00080945,27.4364,-82.4903,BRADENTON 5 ESE,11,0,0.0,0.0,Coastal,11,6,54.55,True,27.28,Ian,After
USC00081276,26.8639,-80.6256,CANAL PT USDA,11,5,45.45,43.32480458258537,Coastal,6,3,50.0,True,47.72,Ian,After
USC00081641,28.4558,-81.7233,CLERMONT 9 S,11,2,18.18,12.386232117017181,Coastal,9,3,33.33,True,25.76,Ian,After
USC00082008,29.6333,-83.1053,CROSS CITY 1 E,11,0,0.0,73.61451447340328,Rural,11,0,0.0,False,0.0,Ian,After
USC00082150,29.1967,-81.0083,DAYTONA BEACH,11,0,0.0,0.0,Coastal,11,5,45.45,True,22.72,Ian,After
USC00082229,29.0097,-81.2986,DELAND 1 SSE,11,0,0.0,0.0,Coastal,11,4,36.36,True,18.18,Ian,After
USC00082288,27.3697,-81.5136,DESOTO CITY 8 SW,11,0,0.0,66.35773329650794,Rural,11,4,36.36,True,18.18,Ian,After
USC00082298,26.6639,-81.09,DEVILS GARDEN,11,0,0.0,80.40955363115894,Rural,11,6,54.55,True,27.28,Ian,After
USC00082944,30.6669,-81.4525,FERNANDINA BEACH,11,11,100.0,17.267968101635468,Coastal,0,0,0.0,True,50.0,Ian,After
USC00083153,27.5728,-82.1392,FT GREEN 12 WSW,11,0,0.0,39.72113038741924,Coastal,11,6,54.55,True,27.28,Ian,After
USC00083163,26.1019,-80.2011,FT LAUDERDALE,11,1,9.09,0.0,Coastal,10,5,50.0,True,29.54,Ian,After
USC00083168,26.1408,-80.1061,FT LAUDERDALE BEACH,11,9,81.82,0.0,Coastal,2,2,100.0,True,90.91,Ian,After
USC00083207,27.4419,-80.3508,FT PIERCE,11,0,0.0,0.0,Coastal,11,7,63.64,True,31.82,Ian,After
USC00083209,27.4272,-80.4053,FT PIERCE ARC,11,8,72.73,0.9815396672941628,Coastal,3,2,66.67,True,69.7,Ian,After
USC00083470,30.2717,-82.1856,GLEN ST MARY 1 W,11,11,100.0,40.873407040400195,Coastal,0,0,0.0,True,50.0,Ian,After
USC00083874,29.7653,-81.4697,HASTINGS 4NE,11,0,0.0,17.812145765483088,Coastal,11,3,27.27,True,13.64,Ian,After
USC00083986,28.1469,-82.2275,HILLSBOROUGH RVR SP,11,0,0.0,13.090046724705074,Coastal,11,6,54.55,True,27.28,Ian,After
USC00084050,26.0281,-80.1342,HOLLYWOOD,11,1,9.09,0.0,Coastal,10,6,60.0,True,34.54,Ian,After
USC00084289,28.8028,-82.3128,INVERNESS 3 SE,11,0,0.0,30.08068496448088,Coastal,11,3,27.27,True,13.64,Ian,After
USC00084366,30.2875,-81.3928,JACKSONVILLE BEACH,11,0,0.0,0.0,Coastal,11,1,9.09,False,4.54,Ian,After
USC00084394,30.5056,-82.9492,JASPER,11,4,36.36,36.12380159799469,Coastal,7,0,0.0,True,18.18,Ian,After
USC00084461,26.86,-80.0553,JUNO BEACH,11,0,0.0,0.0,Coastal,11,5,45.45,True,22.72,Ian,After
USC00084500,27.8703,-81.0436,KENANSVILLE,11,1,9.09,46.53153081347633,Coastal,10,3,30.0,True,19.55,Ian,After
USC00084621,27.6039,-81.0531,KISSIMMEE PRAIRIE PRESERVE,11,2,18.18,67.73464478415367,Rural,9,3,33.33,True,25.76,Ian,After
USC00084625,28.2764,-81.4239,KISSIMMEE 2,11,0,0.0,1.0059890445054827,Coastal,11,6,54.55,True,27.28,Ian,After
USC00084731,30.1853,-82.5942,LAKE CITY 2 E,11,0,0.0,4.718525541028253,Coastal,11,0,0.0,False,0.0,Ian,After
USC00084802,27.9944,-82.0139,LAKELAND 2,11,0,0.0,2.0009658354020288,Coastal,11,6,54.55,True,27.28,Ian,After
USC00085076,28.8728,-81.7844,LISBON,11,3,27.27,8.905712106725236,Coastal,8,2,25.0,True,26.14,Ian,After
USC00085099,30.3075,-82.9936,LIVE OAK,11,11,100.0,36.157921785499326,Coastal,0,0,0.0,True,50.0,Ian,After
USC00085184,26.4986,-80.2161,LOXAHATCHEE NWR,11,4,36.36,2.6646509145460042,Coastal,7,2,28.57,True,32.47,Ian,After
USC00085539,30.06,-83.1719,MAYO,11,6,54.55,54.32438116415891,Rural,5,0,0.0,True,27.28,Ian,After
USC00085612,28.1136,-80.6539,MELBOURNE WFO,11,0,0.0,0.0,Coastal,11,6,54.55,True,27.28,Ian,After
USC00085880,30.4406,-83.9858,MONTICELLO 10 SW,11,0,0.0,24.974668633839308,Coastal,11,0,0.0,False,0.0,Ian,After
USC00085895,26.84,-81.0872,MOORE HAVEN LOCK 1,11,2,18.18,83.25284861778972,Rural,9,4,44.44,True,31.31,Ian,After
USC00085973,27.9378,-81.5992,MTN LAKE,11,0,0.0,0.0,Coastal,11,5,45.45,True,22.72,Ian,After
USC00086048,26.8261,-81.4914,MUSE,11,0,0.0,40.09360270678467,Coastal,11,5,45.45,True,22.72,Ian,After
USC00086065,27.24,-82.3153,MYAKKA RVR SP,11,5,45.45,14.811993419913787,Coastal,6,5,83.33,True,64.39,Ian,After
USC00086078,26.1653,-81.6842,NAPLES,11,3,27.27,0.5312282461171371,Coastal,8,4,50.0,True,38.64,Ian,After
USC00086092,27.2878,-80.2214,NETTLES IS,11,0,0.0,1.9497708736628454,Coastal,11,5,45.45,True,22.72,Ian,After
USC00086414,29.1639,-82.0778,OCALA,11,0,0.0,1.9379078235449307,Coastal,11,2,18.18,False,9.09,Ian,After
USC00086634,28.5083,-81.5467,ORLANDO W,11,2,18.18,2.140367017199105,Coastal,9,2,22.22,True,20.2,Ian,After
USC00086657,26.7897,-81.3045,ORTONA LOCK 2,11,8,72.73,58.26807351426663,Rural,3,3,100.0,True,86.36,Ian,After
USC00086761,27.9153,-80.6458,PALM BAY,11,0,0.0,14.29100498720041,Coastal,11,3,27.27,True,13.64,Ian,After
USC00086764,26.8261,-80.1489,PALM BEACH GARDENS,11,0,0.0,0.0,Coastal,11,5,45.45,True,22.72,Ian,After
USC00086767,29.6319,-81.2061,PALM COAST 6NE,11,5,45.45,4.557806267891463,Coastal,6,1,16.67,True,31.06,Ian,After
USC00087025,30.0925,-83.5708,PERRY,11,3,27.27,83.33164571873023,Rural,8,0,0.0,False,13.64,Ian,After
USC00087205,28.0208,-82.1392,PLANT CITY,11,0,0.0,0.0,Coastal,11,6,54.55,True,27.28,Ian,After
USC00087228,28.7992,-81.5372,MT PLYMOUTH 1SSW,11,0,0.0,12.044325087451139,Coastal,11,5,45.45,True,22.72,Ian,After
USC00087261,29.0361,-80.9181,NEW SMYRNA BCH - MARINE DISCOV,11,5,45.45,0.0,Coastal,6,2,33.33,True,39.39,Ian,After
USC00087304,27.0997,-80.2628,PORT SALERNO 5W,11,0,0.0,6.892247577614202,Coastal,11,5,45.45,True,22.72,Ian,After
USC00087397,26.9147,-81.9969,PUNTA GORDA 4 ESE,11,11,100.0,3.6500939873335017,Coastal,0,0,0.0,True,50.0,Ian,After
USC00087826,29.8764,-81.31,ST AUGUSTINE WTP,11,11,100.0,0.0,Coastal,0,0,0.0,True,50.0,Ian,After
USC00087851,28.3381,-82.2603,SAINT LEO,11,0,0.0,21.188192817530524,Coastal,11,4,36.36,True,18.18,Ian,After
USC00087982,28.8147,-81.2778,SANFORD,11,1,9.09,0.0,Coastal,10,4,40.0,True,24.54,Ian,After
USC00088051,28.73,-80.8794,SCOTTSMOOR 2.5 SSW,11,0,0.0,9.4828043128668,Coastal,11,6,54.55,True,27.28,Ian,After
USC00088368,26.47,-80.6403,S BAY 15 S,11,1,9.09,41.13364831274504,Coastal,10,6,60.0,True,34.54,Ian,After
USC00088620,27.1897,-80.2397,STUART,11,0,0.0,0.0,Coastal,11,5,45.45,True,22.72,Ian,After
USC00088782,27.7053,-82.4008,TAMPA BAY AREA WFO,11,0,0.0,20.007462466307416,Coastal,11,5,45.45,True,22.72,Ian,After
USC00088824,28.1522,-82.7539,TARPON SPGS SEWAGE PLT,11,0,0.0,0.0,Coastal,11,5,45.45,True,22.72,Ian,After
USC00088942,28.6244,-80.8169,TITUSVILLE,11,3,27.27,0.0,Coastal,8,3,37.5,True,32.38,Ian,After
USC00089120,29.4081,-82.8189,USHER TWR,11,0,0.0,52.857265802385385,Rural,11,2,18.18,False,9.09,Ian,After
USC00089176,27.1006,-82.4364,VENICE,11,0,0.0,0.0,Coastal,11,5,45.45,True,22.72,Ian,After
USC00089219,27.6528,-80.4031,VERO BEACH 4SE,11,0,0.0,0.0,Coastal,11,5,45.45,True,22.72,Ian,After
USC00089401,27.5478,-81.7994,WAUCHULA,11,0,0.0,48.54719484879103,Coastal,11,5,45.45,True,22.72,Ian,After
USC00090311,33.5572,-82.3369,APPLING 2 NW,11,0,0.0,17.796960504462984,Coastal,11,0,0.0,False,0.0,Ian,After
USC00091266,32.3767,-81.6739,BROOKLET 1 W,11,0,0.0,11.051361088213088,Coastal,11,1,9.09,False,4.54,Ian,After
USC00091340,31.1681,-81.5022,BRUNSWICK,11,3,27.27,0.0,Coastal,8,1,12.5,False,19.88,Ian,After
USC00092266,31.985,-83.7747,CORDELE,11,0,0.0,0.0,Coastal,11,0,0.0,False,0.0,Ian,After
USC00092361,31.8453,-83.9408,CRISP CO PWR DAM,11,5,45.45,21.790406710777074,Coastal,6,0,0.0,True,22.72,Ian,After
USC00092844,32.5575,-82.9,DUBLIN 2,11,0,0.0,0.0,Coastal,11,1,9.09,False,4.54,Ian,After
USC00092966,32.2003,-83.2058,EASTMAN 1 W,11,0,0.0,51.707074870477285,Rural,11,0,0.0,False,0.0,Ian,After
USC00093325,30.8264,-82.3606,FARGO 17 NE,11,11,100.0,46.23700898812218,Coastal,0,0,0.0,True,50.0,Ian,After
USC00093465,30.74,-82.1278,FOLKSTON 9 SW,11,11,100.0,49.69462046278512,Coastal,0,0,0.0,True,50.0,Ian,After
USC00093538,31.8694,-81.6236,FT STEWART,11,0,0.0,0.0,Coastal,11,1,9.09,False,4.54,Ian,After
USC00093754,31.9881,-81.9522,GLENNVILLE 3NW,11,0,0.0,34.6776261933869,Coastal,11,0,0.0,False,0.0,Ian,After
USC00094170,32.2964,-83.4883,HAWKINSVILLE,11,0,0.0,33.16041059507857,Coastal,11,0,0.0,False,0.0,Ian,After
USC00094429,31.0767,-82.8003,HOMERVILLE 5 N,11,11,100.0,45.315377863854394,Coastal,0,0,0.0,True,50.0,Ian,After
USC00094623,33.32,-83.8436,JACKSON DAM,11,11,100.0,36.24585845130733,Coastal,0,0,0.0,True,50.0,Ian,After
USC00094862,32.7128,-82.5414,KITE,11,1,9.09,23.552347637907175,Coastal,10,1,10.0,False,9.54,Ian,After
USC00095204,33.7764,-82.4714,LINCOLNTON,11,0,0.0,32.52337911549492,Coastal,11,0,0.0,False,0.0,Ian,After
USC00095205,33.7244,-82.4675,LINCOLNTON 4.4S,11,0,0.0,25.802346448589145,Coastal,11,0,0.0,False,0.0,Ian,After
USC00095314,33.0125,-82.3914,LOUISVILLE 1 E,11,0,0.0,44.9392635187204,Coastal,11,1,9.09,False,4.54,Ian,After
USC00095331,31.7131,-81.7453,LUDOWICI,11,11,100.0,16.85126305254101,Coastal,0,0,0.0,True,50.0,Ian,After
USC00095811,32.4003,-82.0478,METTER,11,11,100.0,27.201248631206514,Coastal,0,0,0.0,True,50.0,Ian,After
USC00095863,32.8753,-82.2156,MIDVILLE EXP STN,11,0,0.0,36.15660201329401,Coastal,11,1,9.09,False,4.54,Ian,After
USC00095988,33.3328,-83.6975,MONTICELLO,11,0,0.0,37.92855568249044,Coastal,11,0,0.0,False,0.0,Ian,After
USC00096087,31.1728,-83.7481,MOULTRIE 2 ESE,11,0,0.0,1.0630170696612453,Coastal,11,0,0.0,False,0.0,Ian,After
USC00096126,32.1739,-82.5956,MT VERNON,11,0,0.0,18.798913117190143,Coastal,11,1,9.09,False,4.54,Ian,After
USC00096219,31.2739,-81.9197,NAHUNTA 6NE,11,11,100.0,41.758518397943995,Coastal,0,0,0.0,True,50.0,Ian,After
USC00097171,31.6953,-82.9239,PRIDGEN,11,0,0.0,20.672316742106027,Coastal,11,0,0.0,False,0.0,Ian,After
USC00097528,32.6319,-81.7722,ROCKY FORD 4SE,11,0,0.0,18.902163830684568,Coastal,11,0,0.0,False,0.0,Ian,After
USC00097777,32.9744,-82.8045,SANDERSVILLE,11,0,0.0,0.0,Coastal,11,1,9.09,False,4.54,Ian,After
USC00097808,31.3981,-81.2808,SAPELO IS,11,0,0.0,27.62628531629849,Coastal,11,0,0.0,False,0.0,Ian,After
USC00098677,33.4506,-82.4822,THOMSON 1.5SE,11,0,0.0,3.36787550204366,Coastal,11,0,0.0,False,0.0,Ian,After
USC00098703,31.4461,-83.4767,TIFTON,11,5,45.45,2.6955161614379644,Coastal,6,0,0.0,True,22.72,Ian,After
USC00099124,32.6094,-83.6164,WARNER ROBINS,11,0,0.0,0.0,Coastal,11,0,0.0,False,0.0,Ian,After
USC00099194,33.0714,-82.0072,WAYNESBORO 2 S,11,0,0.0,34.32631260876954,Coastal,11,1,9.09,False,4.54,Ian,After
USC00099486,33.9669,-83.2886,WINTERVILLE,11,0,0.0,3.464668934494305,Coastal,11,0,0.0,False,0.0,Ian,After
USC00099502,30.9592,-81.7072,WOODBINE,11,4,36.36,17.839082662087122,Coastal,7,0,0.0,True,18.18,Ian,After
USC00380072,33.5506,-81.6969,AIKEN 2 E,11,4,36.36,0.0,Coastal,7,0,0.0,True,18.18,Ian,After
USC00380184,33.4408,-79.5672,ANDREWS,11,0,0.0,27.04458033825662,Coastal,11,4,36.36,True,18.18,Ian,After
USC00380448,33.2872,-81.0506,BAMBERG,11,0,0.0,30.63129334046948,Coastal,11,1,9.09,False,4.54,Ian,After
USC00380490,33.2547,-81.2361,BARNWELL 5 ENE,11,0,0.0,44.0596759666323,Coastal,11,1,9.09,False,4.54,Ian,After
USC00380506,33.9,-81.5389,BATESBURG,11,0,0.0,30.931114817150537,Coastal,11,1,9.09,False,4.54,Ian,After
USC00381093,33.5214,-79.0975,BROOKGREEN GARDENS,11,1,9.09,7.07552839420826,Coastal,10,5,50.0,True,29.54,Ian,After
USC00381241,33.8083,-79.8567,CADES 4 W,11,0,0.0,47.22967689306477,Coastal,11,4,36.36,True,18.18,Ian,After
USC00381726,33.6633,-82.1897,CLARKS HILL 1 W,11,0,0.0,10.583639743940386,Coastal,11,0,0.0,False,0.0,Ian,After
USC00381944,33.9917,-81.0247,COLUMBIA UNIV OF SC,11,0,0.0,0.0,Coastal,11,2,18.18,False,9.09,Ian,After
USC00382711,33.7858,-81.9314,EDGEFIELD 0.3SW,11,10,90.91,24.403366103308137,Coastal,1,0,0.0,True,45.46,Ian,After
USC00382730,32.5042,-80.3247,EDISTO BEACH SP,11,11,100.0,41.337352136314,Coastal,0,0,0.0,True,50.0,Ian,After
USC00383470,33.3169,-79.3228,GEORGETOWN CO AP,11,5,45.45,7.325299367630851,Coastal,6,2,33.33,True,39.39,Ian,After
USC00383665,33.5683,-81.7394,GRANITEVILLE 3.9 ENE,11,0,0.0,0.0,Coastal,11,1,9.09,False,4.54,Ian,After
USC00384205,33.3172,-80.4183,HOLLY HILL 1 SW,11,0,0.0,39.33289757324773,Coastal,11,3,27.27,True,13.64,Ian,After
USC00384449,33.2886,-79.6914,JAMESTOWN,11,0,0.0,41.576157521058015,Coastal,11,4,36.36,True,18.18,Ian,After
USC00384607,33.7775,-81.8475,JOHNSTON 4 SW,11,0,0.0,24.22157469319123,Coastal,11,1,9.09,False,4.54,Ian,After
USC00384886,33.8642,-79.7297,LAKE CITY 2 SE,11,1,9.09,39.826257054109206,Coastal,10,5,50.0,True,29.54,Ian,After
USC00384940,33.5156,-81.8425,LANGLEY 0.2 SSW,11,9,81.82,6.521744719319807,Coastal,2,0,0.0,True,40.91,Ian,After
USC00385493,33.6989,-80.1992,MANNING,11,0,0.0,32.45794410821739,Coastal,11,2,18.18,False,9.09,Ian,After
USC00385660,33.9125,-82.2878,MCCORMICK,11,0,0.0,35.938743187490616,Coastal,11,0,0.0,False,0.0,Ian,After
USC00385946,33.2425,-79.9869,MONCKS CORNER 4 N,11,2,18.18,25.56291066405729,Coastal,9,1,11.11,False,14.64,Ian,After
USC00386153,33.7544,-78.8219,MYRTLE BEACH,11,6,54.55,0.0,Coastal,5,1,20.0,True,37.28,Ian,After
USC00386527,33.4889,-80.8742,ORANGEBURG 2,11,0,0.0,0.0,Coastal,11,2,18.18,False,9.09,Ian,After
USC00386775,33.7717,-81.2581,PELION 0.8 NW,11,0,0.0,23.531294628877955,Coastal,11,1,9.09,False,4.54,Ian,After
USC00387590,33.645,-81.26,SALLEY 5.9 NNE,11,0,0.0,39.324233641347334,Coastal,11,1,9.09,False,4.54,Ian,After
USC00387631,33.9919,-81.7714,SALUDA,11,0,0.0,40.411977020064505,Coastal,11,1,9.09,False,4.54,Ian,After
USC00388405,32.7617,-79.8572,SULLIVANS IS,11,4,36.36,4.785506406871686,Coastal,7,2,28.57,True,32.47,Ian,After
USC00388426,33.0367,-80.2325,SUMMERVILLE 4W,11,0,0.0,0.9523418049886448,Coastal,11,3,27.27,True,13.64,Ian,After
USC00388440,33.935,-80.3478,SUMTER,11,0,0.0,0.0,Coastal,11,1,9.09,False,4.54,Ian,After
USC00388474,33.7564,-81.0428,SWANSEA 3.5 NE,11,0,0.0,21.40346460106525,Coastal,11,2,18.18,False,9.09,Ian,After
USC00388879,33.6397,-81.3722,WAGENER 1SW,11,0,0.0,36.56690882035498,Coastal,11,1,9.09,False,4.54,Ian,After
USC00388922,32.885,-80.6761,WALTERBORO 1 SW,11,0,0.0,51.937585760214404,Rural,11,3,27.27,True,13.64,Ian,After
USC00389469,32.7019,-80.8517,YEMASSEE 1 N,11,0,0.0,30.0372921635858,Coastal,11,2,18.18,False,9.09,Ian,After
USW00003728,33.1533,-79.3636,MCCLELLANVILLE 7 NE,11,0,0.0,29.563189778508736,Coastal,11,5,45.45,True,22.72,Ian,After
USW00003813,32.6889,-83.6531,MACON MIDDLE GA RGNL AP,11,0,0.0,3.3881442175543595,Coastal,11,0,0.0,False,0.0,Ian,After
USW00003820,33.3653,-81.9636,AUGUSTA BUSH FLD AP,11,0,0.0,0.0,Coastal,11,1,9.09,False,4.54,Ian,After
USW00003822,32.1314,-81.2022,SAVANNAH INTL AP,11,0,0.0,0.0,Coastal,11,3,27.27,True,13.64,Ian,After
USW00003853,30.4,-81.4167,MAYPORT PILOT STN,11,0,0.0,0.0,Coastal,11,1,9.09,False,4.54,Ian,After
USW00012812,26.9183,-81.9939,PUNTA GORDA CHARLOTTE CO AP,11,0,0.0,3.8340115602312252,Coastal,11,5,45.45,True,22.72,Ian,After
USW00012815,28.4183,-81.3242,ORLANDO INTL AP,11,0,0.0,1.0262773153978177,Coastal,11,6,54.55,True,27.28,Ian,After
USW00012816,29.6917,-82.2761,GAINESVILLE RGNL AP,11,0,0.0,3.580712336660682e-05,Coastal,11,1,9.09,False,4.54,Ian,After
USW00012818,28.4739,-82.4536,BROOKSVILLE HERNANDO CO AP,11,2,18.18,13.516446739806991,Coastal,9,2,22.22,True,20.2,Ian,After
USW00012819,28.8214,-81.8097,LEESBURG MUNI AP,11,0,0.0,5.591003009680623,Coastal,11,5,45.45,True,22.72,Ian,After
USW00012833,29.6333,-83.1053,CROSS CITY AP,11,0,0.0,73.61451447340328,Rural,11,0,0.0,False,0.0,Ian,After
USW00012834,29.1736,-81.0719,DAYTONA BEACH INTL AP,11,0,0.0,0.0,Coastal,11,5,45.45,True,22.72,Ian,After
USW00012835,26.585,-81.8614,FT MYERS PAGE FLD AP,11,1,9.09,0.0,Coastal,10,4,40.0,True,24.54,Ian,After
USW00012838,28.0997,-80.6356,MELBOURNE INTL AP,11,0,0.0,0.0,Coastal,11,5,45.45,True,22.72,Ian,After
USW00012841,28.5467,-81.3356,ORLANDO EXECUTIVE AP,11,0,0.0,0.0,Coastal,11,5,45.45,True,22.72,Ian,After
USW00012842,27.9633,-82.54,TAMPA INTL AP,11,0,0.0,0.0,Coastal,11,6,54.55,True,27.28,Ian,After
USW00012843,27.6553,-80.4142,VERO BEACH INTL AP,11,0,0.0,0.0,Coastal,11,4,36.36,True,18.18,Ian,After
USW00012844,26.685,-80.0992,W PALM BEACH INTL AP,11,0,0.0,0.0,Coastal,11,6,54.55,True,27.28,Ian,After
USW00012849,26.0789,-80.1622,FT LAUDERDALE INTL AP,11,0,0.0,0.0,Coastal,11,6,54.55,True,27.28,Ian,After
USW00012854,28.7794,-81.2436,ORLANDO SANFORD AP,11,0,0.0,1.863930420487511,Coastal,11,4,36.36,True,18.18,Ian,After
USW00012861,29.1667,-82.2333,OCALA JIM TAYLOR FLD,11,11,100.0,3.3794749270895545,Coastal,0,0,0.0,True,50.0,Ian,After
USW00012871,27.4014,-82.5586,SARASOTA BRADENTON AP,11,0,0.0,0.0,Coastal,11,5,45.45,True,22.72,Ian,After
USW00012873,27.9125,-82.6856,ST PETERSBURG CLEARWATER INTL,11,0,0.0,0.0,Coastal,11,5,45.45,True,22.72,Ian,After
USW00012876,28.0614,-81.7569,WINTER HAVEN GILBERT AP,11,1,9.09,0.0,Coastal,10,4,40.0,True,24.54,Ian,After
USW00012883,28.0,-82.05,LAKELAND LINDER RGNL AP,11,0,0.0,4.700197669794308,Coastal,11,6,54.55,True,27.28,Ian,After
USW00012885,26.1992,-80.1778,FT LAUDERDALE EXECUTIVE AP,11,0,0.0,0.0,Coastal,11,5,45.45,True,22.72,Ian,After
USW00012894,26.5381,-81.7567,FT MYERS SW FLORIDA RGNL AP,11,0,0.0,7.912574353986588,Coastal,11,5,45.45,True,22.72,Ian,After
USW00012895,27.4981,-80.3764,FT PIERCE ST LUCIE CO INTL AP,11,0,0.0,0.8514987593741942,Coastal,11,7,63.64,True,31.82,Ian,After
USW00012897,26.155,-81.7753,NAPLES MUNI AP,11,1,9.09,0.0,Coastal,10,4,40.0,True,24.54,Ian,After
USW00013717,33.6833,-78.9333,MYRTLE BEACH AFB,11,11,100.0,0.0,Coastal,0,0,0.0,True,50.0,Ian,After
USW00013782,32.775,-79.9239,DWTN CHARLESTON,11,0,0.0,1.5902336483609751,Coastal,11,3,27.27,True,13.64,Ian,After
USW00013837,33.4667,-82.0383,AUGUSTA DANIEL FLD AP,11,0,0.0,0.0,Coastal,11,1,9.09,False,4.54,Ian,After
USW00013870,31.54,-82.5072,ALMA BACON CO AP,11,0,0.0,35.22257582982977,Coastal,11,0,0.0,False,0.0,Ian,After
USW00013873,33.9478,-83.3272,ATHENS BEN EPPS AP,11,0,0.0,0.0,Coastal,11,0,0.0,False,0.0,Ian,After
USW00013878,31.1528,-81.3906,BRUNSWICK-MCKINNON AP,11,0,0.0,9.404853537899271,Coastal,11,2,18.18,False,9.09,Ian,After
USW00013880,32.8994,-80.0408,CHARLESTON INTL AP,11,0,0.0,0.0,Coastal,11,3,27.27,True,13.64,Ian,After
USW00013883,33.9486,-81.1183,COLUMBIA,11,0,0.0,0.0,Coastal,11,2,18.18,False,9.09,Ian,After
USW00013889,30.4847,-81.7019,JACKSONVILLE,11,0,0.0,0.0,Coastal,11,0,0.0,False,0.0,Ian,After
USW00053854,33.4639,-80.8533,ORANGEBURG MUNI AP,11,0,0.0,0.9462214947944364,Coastal,11,2,18.18,False,9.09,Ian,After
USW00053860,30.3369,-81.5128,JACKSONVILLE CRAIG MUNI AP,11,0,0.0,0.0,Coastal,11,1,9.09,False,4.54,Ian,After
USW00053867,33.9719,-80.9939,COLUMBIA OWENS DWTN AP,11,0,0.0,0.0,Coastal,11,2,18.18,False,9.09,Ian,After
USW00063803,33.9797,-83.9633,LAWRENCEVILLE AP,11,0,0.0,0.0,Coastal,11,0,0.0,False,0.0,Ian,After
USW00063826,33.355,-81.3278,BLACKVILLE 3 W,11,0,0.0,34.03233649251155,Coastal,11,1,9.09,False,4.54,Ian,After
USW00063850,33.7836,-83.3897,WATKINSVILLE 5 SSE,11,0,0.0,17.619927023269224,Coastal,11,0,0.0,False,0.0,Ian,After
USW00063856,30.8078,-81.4597,BRUNSWICK 23 S,11,0,0.0,7.095455817478888,Coastal,11,1,9.09,False,4.54,Ian,After
USW00063890,30.3503,-81.8761,JACKSONVILLE WHITEHOUSE NAVAL,11,1,9.09,6.467516358633747,Coastal,10,2,20.0,True,14.54,Ian,After
USW00092805,26.2464,-80.1111,POMPANO BEACH AIRPARK,11,0,0.0,0.0,Coastal,11,6,54.55,True,27.28,Ian,After
USW00092806,27.7683,-82.6256,ST PETERSBURG ALBERT WHITTED A,11,0,0.0,0.0,Coastal,11,5,45.45,True,22.72,Ian,After
USW00092814,29.9592,-81.3397,ST AUGUSTINE AP,11,0,0.0,0.11126688394418362,Coastal,11,4,36.36,True,18.18,Ian,After
USW00092821,28.6158,-80.6928,TITUSVILLE 7 E,11,0,0.0,11.638428130205934,Coastal,11,6,54.55,True,27.28,Ian,After
USW00092827,27.1525,-81.3689,SEBRING 23 SSE,11,0,0.0,76.71680750088014,Rural,11,5,45.45,True,22.72,Ian,After
USW00093718,33.8161,-78.7206,N MYRTLE BEACH,11,0,0.0,0.0,Coastal,11,5,45.45,True,22.72,Ian,After
USW00093831,32.4833,-80.7167,BEAUFORT MCAS,11,0,0.0,0.6562734793488562,Coastal,11,2,18.18,False,9.09,Ian,After
USW00093837,30.2333,-81.6667,JACKSONVILLE NAS,11,0,0.0,0.6380836288147986,Coastal,11,2,18.18,False,9.09,Ian,After
USW00093845,30.7764,-83.2739,VALDOSTA RGNL AP,11,0,0.0,4.284197901247369,Coastal,11,1,9.09,False,4.54,Ian,After
US1LAAC0002,30.401,-92.2249,CHURCH POINT 0.7 WSW,14,0,0.0,21.472322075609828,Coastal,14,3,21.43,True,10.72,Harvey,Before
US1LAAV0001,30.9517,-92.1921,BUNKIE 0.3 WSW,14,5,35.71,48.69310440030159,Coastal,9,1,11.11,True,23.41,Harvey,Before
US1LABG0002,30.4713,-93.1591,RAGLEY 5.0 SE,14,0,0.0,19.106541789093452,Coastal,14,1,7.14,False,3.57,Harvey,Before
US1LACC0003,30.2322,-92.9986,IOWA 0.9 ESE,14,0,0.0,15.39611762231304,Coastal,14,1,7.14,False,3.57,Harvey,Before
US1LACC0005,30.2545,-93.2694,WESTLAKE 0.7 WNW,14,13,92.86,0.0,Coastal,1,1,100.0,True,96.43,Harvey,Before
US1LACC0006,30.2339,-93.3205,SULPHUR 2.2 E,14,0,0.0,0.0,Coastal,14,0,0.0,False,0.0,Harvey,Before
US1LACC0009,30.3698,-93.0669,IOWA 9.7 NNW,14,1,7.14,14.967775819755573,Coastal,13,1,7.69,False,7.42,Harvey,Before
US1LACC0014,30.145,-93.1764,LAKE CHARLES 4.8 SSE,14,0,0.0,4.942066567972843,Coastal,14,0,0.0,False,0.0,Harvey,Before
US1LACC0016,30.3912,-93.4114,DE QUINCY 4.4 SSE,14,0,0.0,6.3420011009676145,Coastal,14,2,14.29,False,7.14,Harvey,Before
US1LACC0017,30.2308,-93.2109,LAKE CHARLES 1.5 NNW,14,0,0.0,0.0,Coastal,14,2,14.29,False,7.14,Harvey,Before
US1LACM0003,30.0483,-93.2414,LAKE CHARLES 11.5 SSW,14,3,21.43,14.429665137337233,Coastal,11,1,9.09,False,15.26,Harvey,Before
US1LAEB0002,30.4218,-91.1576,BATON ROUGE 2.7 SW,14,0,0.0,0.0,Coastal,14,0,0.0,False,0.0,Harvey,Before
US1LAEB0005,30.3657,-91.1168,GARDERE 1.2 ENE,14,14,100.0,1.305101445304875,Coastal,0,0,0.0,True,50.0,Harvey,Before
US1LAEB0009,30.6069,-91.0533,BROWNFIELDS 5.8 NE,14,1,7.14,9.871928323891494,Coastal,13,2,15.38,False,11.26,Harvey,Before
US1LAEB0014,30.4393,-91.0685,BATON ROUGE 3.5 E,14,1,7.14,0.0,Coastal,13,3,23.08,True,15.11,Harvey,Before
US1LAEB0019,30.5096,-91.0016,MONTICELLO 3.0 ENE,14,14,100.0,4.621910548285513,Coastal,0,0,0.0,True,50.0,Harvey,Before
US1LAEB0023,30.5541,-91.054,BROWNFIELDS 4.0 E,14,0,0.0,4.820456061347964,Coastal,14,6,42.86,True,21.43,Harvey,Before
US1LAEB0027,30.4507,-91.0843,BATON ROUGE 2.5 E,14,0,0.0,0.0,Coastal,14,3,21.43,True,10.72,Harvey,Before
US1LAEB0031,30.5441,-91.005,CENTRAL 2.2 SE,14,14,100.0,5.7255972234662496,Coastal,0,0,0.0,True,50.0,Harvey,Before
US1LAEB0033,30.4118,-91.1786,LSU,14,0,0.0,0.0,Coastal,14,2,14.29,False,7.14,Harvey,Before
US1LAEB0041,30.3876,-91.1372,BATON ROUGE 4.3 S,14,1,7.14,0.0,Coastal,13,2,15.38,False,11.26,Harvey,Before
US1LAEB0042,30.3586,-91.078,INNISWOLD 2.8 S,14,0,0.0,2.379094709578022,Coastal,14,3,21.43,True,10.72,Harvey,Before
US1LAEB0046,30.4421,-91.149,BATON ROUGE 1.4 WSW,14,1,7.14,0.0,Coastal,13,2,15.38,False,11.26,Harvey,Before
US1LAEB0047,30.3818,-91.1373,BATON ROUGE 5.3 S,14,0,0.0,0.18997187245589606,Coastal,14,2,14.29,False,7.14,Harvey,Before
US1LAEB0053,30.4089,-91.1058,BATON ROUGE 3.0 SSE,14,6,42.86,0.0,Coastal,8,3,37.5,True,40.18,Harvey,Before
US1LAEB0054,30.4281,-91.0243,BATON ROUGE 6.2 ESE,14,8,57.14,0.0,Coastal,6,2,33.33,True,45.24,Harvey,Before
US1LAEB0056,30.6943,-91.2565,JACKSON 10.1 SSW,14,2,14.29,16.766628790634385,Coastal,12,4,33.33,True,23.81,Harvey,Before
US1LAEB0059,30.357,-91.077,BATON ROUGE 7.0 SSE,14,14,100.0,2.6060503605776435,Coastal,0,0,0.0,True,50.0,Harvey,Before
US1LAEB0063,30.3791,-91.0051,SHENANDOAH 1.5 S,14,14,100.0,2.558708647532863,Coastal,0,0,0.0,True,50.0,Harvey,Before
US1LAEF0001,30.8404,-91.0159,CLINTON 1.4 S,14,14,100.0,36.32648416383013,Coastal,0,0,0.0,True,50.0,Harvey,Before
US1LAJD0002,30.236,-92.823,WELSH 0.7 W,14,0,0.0,34.797085670959945,Coastal,14,2,14.29,False,7.14,Harvey,Before
US1LALY0002,30.17,-92.0016,LAFAYETTE 3.5 SSE,14,14,100.0,0.6018984590277239,Coastal,0,0,0.0,True,50.0,Harvey,Before
US1LALY0006,30.2521,-92.0889,SCOTT 1.0 N,14,8,57.14,1.3365714043951662,Coastal,6,1,16.67,True,36.9,Harvey,Before
US1LALY0007,30.3357,-91.9781,CARENCRO 3.9 ENE,14,7,50.0,5.950405363386993,Coastal,7,1,14.29,True,32.14,Harvey,Before
US1LAPC0002,30.6807,-91.4115,NEW ROADS 2.7 ESE,14,10,71.43,25.28877902449292,Coastal,4,0,0.0,True,35.72,Harvey,Before
US1LARP0007,31.2624,-92.4946,ALEXANDRIA 2.8 SW,14,0,0.0,0.0,Coastal,14,4,28.57,True,14.28,Harvey,Before
US1LASL0001,30.4197,-91.9986,GRAND COTEAU 2.7 E,14,0,0.0,15.132889483618559,Coastal,14,2,14.29,False,7.14,Harvey,Before
US1LASM0002,30.1221,-91.831,ST. MARTINVILLE 0.2 S,14,0,0.0,11.295788118714167,Coastal,14,1,7.14,False,3.57,Harvey,Before
US1LAVM0002,29.9814,-92.2741,KAPLAN 1.6 SSE,14,0,0.0,32.3051367013488,Coastal,14,1,7.14,False,3.57,Harvey,Before
US1LAVM0004,29.9762,-92.1072,ABBEVILLE 1.0 E,14,0,0.0,25.521051619597884,Coastal,14,1,7.14,False,3.57,Harvey,Before
US1LAWB0002,30.3797,-91.2674,ADDIS 1.7 N,14,4,28.57,1.576400813971848,Coastal,10,3,30.0,True,29.28,Harvey,Before
US1LAWF0004,30.8928,-91.3641,WAKEFIELD 0.9 WNW,14,0,0.0,44.966423364291224,Coastal,14,3,21.43,True,10.72,Harvey,Before
US1MSAD0001,31.4213,-91.3985,NATCHEZ 8.8 S,14,11,78.57,16.41451243879389,Coastal,3,1,33.33,True,55.95,Harvey,Before
US1MSAD0004,31.4845,-91.2526,NATCHEZ 9.1 ESE,14,7,50.0,16.505985739388475,Coastal,7,1,14.29,True,32.14,Harvey,Before
US1TXAG0001,31.3213,-94.8445,LUFKIN 7.0 W,14,0,0.0,5.840977354433331,Coastal,14,0,0.0,False,0.0,Harvey,Before
US1TXAG0002,31.1464,-94.3856,ZAVALLA 2.0 ESE,14,0,0.0,40.48011232193804,Coastal,14,1,7.14,False,3.57,Harvey,Before
US1TXAG0003,31.3034,-94.7627,LUFKIN 3.0 SW,14,0,0.0,0.5386166408766673,Coastal,14,1,7.14,False,3.57,Harvey,Before
US1TXAG0005,31.3212,-94.7211,LUFKIN 0.9 SSE,14,0,0.0,0.0,Coastal,14,0,0.0,False,0.0,Harvey,Before
US1TXAG0006,31.3627,-94.8074,LUFKIN 5.2 WNW,14,14,100.0,1.544127219497293,Coastal,0,0,0.0,True,50.0,Harvey,Before
US1TXAS0002,29.8925,-96.489,NEW ULM 0.1 ENE,14,14,100.0,79.07994689899645,Rural,0,0,0.0,True,50.0,Harvey,Before
US1TXAS0003,29.881,-96.331,CAT SPRING 3.8 N,14,0,0.0,61.499027176172824,Rural,14,1,7.14,False,3.57,Harvey,Before
US1TXAS0004,29.9515,-96.2544,BELLVILLE 0.4 NE,14,0,0.0,55.76709725288438,Rural,14,0,0.0,False,0.0,Harvey,Before
US1TXAS0005,29.7757,-96.1581,SEALY 0.3 WNW,14,0,0.0,41.269790498642195,Coastal,14,1,7.14,False,3.57,Harvey,Before
US1TXAS0006,29.8029,-96.1211,SAN FELIPE 1.0 WNW,14,0,0.0,37.11160869036511,Coastal,14,1,7.14,False,3.57,Harvey,Before
US1TXAS0007,29.7967,-96.1394,SEALY 1.9 NNE,14,0,0.0,39.13024941915333,Coastal,14,0,0.0,False,0.0,Harvey,Before
US1TXAS0008,30.0255,-96.4733,INDUSTRY 4.0 NNE,14,8,57.14,74.01091942615919,Rural,6,1,16.67,True,36.9,Harvey,Before
US1TXAS0011,29.8553,-96.3207,CAT SPRING 0.7 NNE,14,14,100.0,59.843872122369284,Rural,0,0,0.0,True,50.0,Harvey,Before
US1TXAS0012,29.8662,-96.3264,CAT SPRING 1.4 N,14,8,57.14,60.67320670174591,Rural,6,0,0.0,True,28.57,Harvey,Before
US1TXAS0014,29.9082,-96.139,BELLVILLE 7.6 ESE,14,4,28.57,41.78023121902255,Coastal,10,0,0.0,False,14.28,Harvey,Before
US1TXAS0015,30.0341,-96.2209,BELLVILLE 6.5 NNE,14,0,0.0,57.261331469229376,Rural,14,0,0.0,False,0.0,Harvey,Before
US1TXAS0017,29.6411,-96.051,WALLIS 1.1 NE,14,0,0.0,25.183670131310382,Coastal,14,1,7.14,False,3.57,Harvey,Before
US1TXBRZ018,29.4176,-95.2673,ALVIN 1.6 SW,14,7,50.0,13.512231577153845,Coastal,7,1,14.29,True,32.14,Harvey,Before
US1TXBRZ020,29.0296,-95.451,LAKE JACKSON 0.9 SSW,14,0,0.0,0.0,Coastal,14,3,21.43,True,10.72,Harvey,Before
US1TXBRZ021,29.1696,-95.4068,ANGLETON 1.3 E,14,0,0.0,0.8829721777366945,Coastal,14,4,28.57,True,14.28,Harvey,Before
US1TXBRZ025,29.5478,-95.3485,PEARLAND 4.4 W,14,0,0.0,5.36364580166644,Coastal,14,2,14.29,False,7.14,Harvey,Before
US1TXBRZ027,29.0269,-95.4337,LAKE JACKSON 1.3 SE,14,0,0.0,0.0,Coastal,14,3,21.43,True,10.72,Harvey,Before
US1TXBRZ032,29.043,-95.4202,LAKE JACKSON 1.6 E,14,0,0.0,0.0,Coastal,14,5,35.71,True,17.86,Harvey,Before
US1TXBZS040,30.6277,-96.2089,COLLEGE STATION 6.4 ENE,14,0,0.0,3.990308978033401,Coastal,14,0,0.0,False,0.0,Harvey,Before
US1TXBZS075,30.6014,-96.3145,COLLEGE STATION 0.1 WNW,14,10,71.43,0.0,Coastal,4,1,25.0,True,48.22,Harvey,Before
US1TXBZS077,30.647,-96.3237,BRYAN 2.9 ESE,14,10,71.43,0.0,Coastal,4,1,25.0,True,48.22,Harvey,Before
US1TXBZS088,30.7138,-96.3902,BRYAN 3.5 NNW,14,6,42.86,0.0,Coastal,8,0,0.0,True,21.43,Harvey,Before
US1TXBZS092,30.5774,-96.3146,COLLEGE STATION 1.6 S,14,14,100.0,0.7755753670927706,Coastal,0,0,0.0,True,50.0,Harvey,Before
US1TXBZS096,30.6042,-96.3284,COLLEGE STATION 1.0 WNW,14,0,0.0,0.0,Coastal,14,2,14.29,False,7.14,Harvey,Before
US1TXBZS097,30.624,-96.3199,COLLEGE STATION 1.7 NNW,14,3,21.43,0.0,Coastal,11,0,0.0,False,10.72,Harvey,Before
US1TXBZS098,30.7714,-96.3734,BRYAN 7.1 N,14,0,0.0,7.090478584310423,Coastal,14,2,14.29,False,7.14,Harvey,Before
US1TXBZS099,30.6216,-96.399,BRYAN 3.8 SSW,14,0,0.0,0.0,Coastal,14,1,7.14,False,3.57,Harvey,Before
US1TXBZS100,30.5595,-96.3711,COLLEGE STATION 4.5 SW,14,0,0.0,5.322129371893312,Coastal,14,1,7.14,False,3.57,Harvey,Before
US1TXBZS102,30.6338,-96.351,BRYAN 2.5 SSE,14,12,85.71,0.0,Coastal,2,0,0.0,True,42.86,Harvey,Before
US1TXCHM008,29.8722,-94.8893,MONT BELVIEU 1.5 NNW,14,2,14.29,0.0,Coastal,12,1,8.33,False,11.31,Harvey,Before
US1TXCLR003,29.456,-96.4049,GARWOOD 0.7 NW,14,13,92.86,63.899101269978715,Rural,1,0,0.0,True,46.43,Harvey,Before
US1TXCLR006,29.7891,-96.477,NEW ULM 7.2 S,14,0,0.0,76.2591903548563,Rural,14,1,7.14,False,3.57,Harvey,Before
US1TXCLR010,29.8188,-96.478,NEW ULM 5.1 S,14,6,42.86,76.89092383589094,Rural,8,2,25.0,True,33.93,Harvey,Before
US1TXFB0005,29.6143,-95.634,SUGAR LAND 1.1 WSW,14,0,0.0,0.0,Coastal,14,2,14.29,False,7.14,Harvey,Before
US1TXFB0012,29.6166,-95.6332,SUGAR LAND 1.0 W,14,0,0.0,0.0,Coastal,14,2,14.29,False,7.14,Harvey,Before
US1TXFB0017,29.6176,-95.7268,RICHMOND 3.4 NE,14,6,42.86,2.318496363478095,Coastal,8,1,12.5,True,27.68,Harvey,Before
US1TXFB0018,29.612,-95.7318,RICHMOND 2.9 NE,14,0,0.0,2.028394654770252,Coastal,14,1,7.14,False,3.57,Harvey,Before
US1TXFB0022,29.5261,-95.7221,RICHMOND 4.6 SE,14,2,14.29,6.4711955115963375,Coastal,12,1,8.33,False,11.31,Harvey,Before
US1TXFB0025,29.6388,-95.6269,SUGAR LAND 1.5 NNW,14,14,100.0,0.0,Coastal,0,0,0.0,True,50.0,Harvey,Before
US1TXFB0027,29.5828,-95.6294,SUGAR LAND 2.6 SSW,14,9,64.29,0.0,Coastal,5,1,20.0,True,42.14,Harvey,Before
US1TXFB0028,29.4702,-95.4934,MISSOURI CITY 7.5 SSE,14,7,50.0,12.756156112713878,Coastal,7,1,14.29,True,32.14,Harvey,Before
US1TXFB0030,29.7018,-95.8007,KATY 6.8 SSE,14,14,100.0,9.012896863091392,Coastal,0,0,0.0,True,50.0,Harvey,Before
US1TXFB0032,29.7074,-95.9397,FULSHEAR 2.7 WNW,14,0,0.0,18.622088162914658,Coastal,14,2,14.29,False,7.14,Harvey,Before
US1TXFB0040,29.5681,-95.6399,SUGAR LAND 3.8 SSW,14,0,0.0,0.8195511456499454,Coastal,14,1,7.14,False,3.57,Harvey,Before
US1TXFB0042,29.557,-95.74,RICHMOND 2.3 SE,14,6,42.86,2.2260526855067453,Coastal,8,3,37.5,True,40.18,Harvey,Before
US1TXFB0043,29.4883,-95.5087,MISSOURI CITY 6.0 SSE,14,6,42.86,9.944204317799295,Coastal,8,1,12.5,True,27.68,Harvey,Before
US1TXFB0044,29.5571,-95.5227,MISSOURI CITY 1.3 SE,14,14,100.0,2.0730955568447276,Coastal,0,0,0.0,True,50.0,Harvey,Before
US1TXGM0007,30.6348,-96.1423,IOLA 10.4 SSW,14,0,0.0,10.17959867283071,Coastal,14,0,0.0,False,0.0,Harvey,Before
US1TXGV0005,29.4867,-95.2072,FRIENDSWOOD 1.9 SSW,14,0,0.0,3.8413646467560163,Coastal,14,3,21.43,True,10.72,Harvey,Before
US1TXGV0006,29.323,-94.9349,BAYOU VISTA 0.2 SE,14,8,57.14,2.7361837590888514,Coastal,6,3,50.0,True,53.57,Harvey,Before
US1TXGV0009,29.4555,-95.0889,DICKINSON 1.4 W,14,9,64.29,0.0,Coastal,5,1,20.0,True,42.14,Harvey,Before
US1TXGV0015,29.5057,-95.1242,LEAGUE CITY 1.7 NW,14,7,50.0,0.0,Coastal,7,0,0.0,True,25.0,Harvey,Before
US1TXGV0016,29.4808,-95.138,LEAGUE CITY 1.9 W,14,14,100.0,2.1446992460433876,Coastal,0,0,0.0,True,50.0,Harvey,Before
US1TXGV0017,29.406,-94.9341,TEXAS CITY 1.5 E,14,8,57.14,0.0,Coastal,6,5,83.33,True,70.24,Harvey,Before
US1TXGV0018,29.2824,-94.805,GALVESTON 6.4 NE,14,7,50.0,0.0,Coastal,7,1,14.29,True,32.14,Harvey,Before
US1TXGV0022,29.511,-95.0898,LEAGUE CITY 2.1 NNE,14,14,100.0,0.0,Coastal,0,0,0.0,True,50.0,Harvey,Before
US1TXGV0025,29.512,-95.0994,LEAGUE CITY 1.5 NE,14,14,100.0,0.0,Coastal,0,0,0.0,True,50.0,Harvey,Before
US1TXGV0027,29.3059,-94.7895,GALVESTON 8.1 NE,14,14,100.0,0.0,Coastal,0,0,0.0,True,50.0,Harvey,Before
US1TXGV0028,29.5037,-95.1023,LEAGUE CITY 1.3 NNE,14,14,100.0,0.0,Coastal,0,0,0.0,True,50.0,Harvey,Before
US1TXGV0029,29.5303,-95.0236,KEMAH 0.2 WNW,14,0,0.0,0.7681983863927664,Coastal,14,0,0.0,False,0.0,Harvey,Before
US1TXGV0033,29.4147,-95.1159,SANTA FE 2.5 NNW,14,8,57.14,4.736311420107724,Coastal,6,1,16.67,True,36.9,Harvey,Before
US1TXGV0034,29.5407,-95.0698,LEAGUE CITY 2.7 NE,14,0,0.0,0.0,Coastal,14,0,0.0,False,0.0,Harvey,Before
US1TXGV0041,29.4498,-95.0927,LEAGUE CITY 2.6 SSE,14,11,78.57,0.49196573880570277,Coastal,3,0,0.0,True,39.28,Harvey,Before
US1TXGV0043,29.4765,-94.5803,CRYSTAL BEACH 3.7 ENE,14,9,64.29,24.348637482512444,Coastal,5,1,20.0,True,42.14,Harvey,Before
US1TXGV0044,29.5014,-94.9898,BACLIFF 0.5 SSE,14,2,14.29,5.932951089258403,Coastal,12,1,8.33,False,11.31,Harvey,Before
US1TXGV0046,29.5231,-95.0382,LEAGUE CITY 3.6 ENE,14,0,0.0,0.6320057571616109,Coastal,14,0,0.0,False,0.0,Harvey,Before
US1TXGV0049,29.334,-94.9399,LA MARQUE 3.9 SE,14,2,14.29,1.2254022879389728,Coastal,12,7,58.33,True,36.31,Harvey,Before
US1TXGV0050,29.5098,-95.0862,LEAGUE CITY 2.1 NE,14,10,71.43,0.0,Coastal,4,0,0.0,True,35.72,Harvey,Before
US1TXGV0051,29.3633,-94.9644,LA MARQUE 1.8 E,14,0,0.0,0.0,Coastal,14,1,7.14,False,3.57,Harvey,Before
US1TXGV0052,29.478,-95.1648,LEAGUE CITY 3.5 W,14,1,7.14,3.5447630683683773,Coastal,13,1,7.69,False,7.42,Harvey,Before
US1TXGV0054,29.3017,-94.7809,GALVESTON 8.4 NE,14,2,14.29,0.0,Coastal,12,2,16.67,False,15.48,Harvey,Before
US1TXHRN001,30.272,-94.2201,LUMBERTON 1.2 WNW,14,2,14.29,13.059783513878589,Coastal,12,0,0.0,False,7.14,Harvey,Before
US1TXHRN002,30.2179,-94.3287,KOUNTZE 10.6 SSW,14,1,7.14,17.062948613591846,Coastal,13,0,0.0,False,3.57,Harvey,Before
US1TXHRN005,30.3723,-94.3159,KOUNTZE 0.0 WSW,14,0,0.0,25.53849623191373,Coastal,14,0,0.0,False,0.0,Harvey,Before
US1TXHRN006,30.357,-94.3161,KOUNTZE 1.1 S,14,5,35.71,25.40042155377931,Coastal,9,0,0.0,True,17.86,Harvey,Before
US1TXHRN007,30.3166,-94.351,KOUNTZE 4.4 SSW,14,14,100.0,26.923586790536415,Coastal,0,0,0.0,True,50.0,Harvey,Before
US1TXHRR004,29.7129,-95.6688,MISSION BEND 1.4 N,14,14,100.0,0.0,Coastal,0,0,0.0,True,50.0,Harvey,Before
US1TXHRR015,30.0022,-95.196,KINGWOOD 3.9 S,14,0,0.0,0.0,Coastal,14,2,14.29,False,7.14,Harvey,Before
US1TXHRR024,29.5743,-95.0633,TAYLOR LAKE VILLAGE 0.5 W,14,14,100.0,0.0,Coastal,0,0,0.0,True,50.0,Harvey,Before
US1TXHRR027,29.8138,-95.5505,BUNKER HILL VILLAGE 3.6 NNW,14,0,0.0,0.0,Coastal,14,1,7.14,False,3.57,Harvey,Before
US1TXHRR028,29.5371,-95.1215,WEBSTER 0.4 NW,14,0,0.0,0.0,Coastal,14,0,0.0,False,0.0,Harvey,Before
US1TXHRR031,29.5453,-95.1821,FRIENDSWOOD 2.5 NNE,14,2,14.29,0.0,Coastal,12,1,8.33,False,11.31,Harvey,Before
US1TXHRR032,29.6077,-95.2561,SOUTH HOUSTON 4.0 SSW,14,0,0.0,0.0,Coastal,14,1,7.14,False,3.57,Harvey,Before
US1TXHRR033,30.0553,-95.1564,KINGWOOD 1.8 E,14,0,0.0,0.0,Coastal,14,3,21.43,True,10.72,Harvey,Before
US1TXHRR043,30.0803,-95.7178,TOMBALL 6.2 W,14,9,64.29,7.64164237379609,Coastal,5,1,20.0,True,42.14,Harvey,Before
US1TXHRR044,29.664,-95.0662,LA PORTE 1.3 W,14,6,42.86,0.0,Coastal,8,0,0.0,True,21.43,Harvey,Before
US1TXHRR052,29.567,-95.0982,NASSAU BAY 1.6 NNW,14,3,21.43,0.0,Coastal,11,0,0.0,False,10.72,Harvey,Before
US1TXHRR058,29.8133,-95.5389,SPRING VALLEY 2.7 NW,14,3,21.43,0.0,Coastal,11,0,0.0,False,10.72,Harvey,Before
US1TXHRR074,29.9564,-95.6463,CYPRESS 3.2 ESE,14,0,0.0,0.0,Coastal,14,1,7.14,False,3.57,Harvey,Before
US1TXHRR076,29.6471,-95.1895,PASADENA 2.4 WSW,14,14,100.0,0.0,Coastal,0,0,0.0,True,50.0,Harvey,Before
US1TXHRR084,29.6339,-95.1881,PASADENA 2.8 SW,14,6,42.86,0.0,Coastal,8,1,12.5,True,27.68,Harvey,Before
US1TXHRR086,29.775,-94.9253,BAYTOWN 3.2 NE,14,14,100.0,0.0,Coastal,0,0,0.0,True,50.0,Harvey,Before
US1TXHRR089,29.5289,-95.1852,FRIENDSWOOD 1.4 NNE,14,2,14.29,0.0,Coastal,12,1,8.33,False,11.31,Harvey,Before
US1TXHRR093,29.6849,-95.2197,PASADENA 4.4 WNW,14,0,0.0,0.0,Coastal,14,2,14.29,False,7.14,Harvey,Before
US1TXHRR095,29.5993,-95.1161,TAYLOR LAKE VILLAGE 4.1 WNW,14,10,71.43,0.0,Coastal,4,0,0.0,True,35.72,Harvey,Before
US1TXHRR114,30.0212,-95.8043,HOCKLEY 2.5 ESE,14,9,64.29,15.328664065638645,Coastal,5,2,40.0,True,52.14,Harvey,Before
US1TXHRR116,29.8121,-95.8177,KATY 1.0 NNE,14,12,85.71,4.096871090377337,Coastal,2,0,0.0,True,42.86,Harvey,Before
US1TXHRR117,30.1135,-95.5748,TOMBALL 2.7 ENE,14,0,0.0,2.794857533406817,Coastal,14,0,0.0,False,0.0,Harvey,Before
US1TXHRR119,29.718,-95.4369,WEST UNIVERSITY PLACE 0.4 WNW,14,5,35.71,0.0,Coastal,9,1,11.11,True,23.41,Harvey,Before
US1TXHRR120,30.0464,-95.5784,SPRING 10.0 WSW,14,14,100.0,0.0,Coastal,0,0,0.0,True,50.0,Harvey,Before
US1TXHRR121,29.5839,-95.1414,CLEAR LAKE CITY 1.0 NNE,14,10,71.43,0.0,Coastal,4,1,25.0,True,48.22,Harvey,Before
US1TXHRR122,29.7054,-95.6652,MISSION BEND 0.8 N,14,13,92.86,0.0,Coastal,1,0,0.0,True,46.43,Harvey,Before
US1TXHRR124,30.0075,-95.4846,SPRING 7.1 WSW,14,0,0.0,0.0,Coastal,14,1,7.14,False,3.57,Harvey,Before
US1TXHRR139,29.7851,-95.2015,CLOVERLEAF 1.7 W,14,0,0.0,0.0,Coastal,14,5,35.71,True,17.86,Harvey,Before
US1TXHRR147,29.6172,-95.2341,SOUTH HOUSTON 3.0 S,14,6,42.86,0.0,Coastal,8,1,12.5,True,27.68,Harvey,Before
US1TXHRR150,30.0651,-95.1997,KINGWOOD 0.9 WNW,14,3,21.43,0.0,Coastal,11,2,18.18,False,19.8,Harvey,Before
US1TXHRR159,29.9316,-95.5665,JERSEY VILLAGE 3.0 N,14,11,78.57,0.0,Coastal,3,0,0.0,True,39.28,Harvey,Before
US1TXHRR162,29.6954,-95.53,BELLAIRE 4.2 W,14,0,0.0,0.0,Coastal,14,1,7.14,False,3.57,Harvey,Before
US1TXHRR164,29.9326,-95.6258,JERSEY VILLAGE 4.6 NW,14,1,7.14,0.0,Coastal,13,2,15.38,False,11.26,Harvey,Before
US1TXHRR165,29.7858,-95.3735,HOUSTON 1.4 NE,14,0,0.0,0.0,Coastal,14,3,21.43,True,10.72,Harvey,Before
US1TXHRR168,29.5761,-95.214,PEARLAND 4.0 ENE,14,0,0.0,0.0,Coastal,14,1,7.14,False,3.57,Harvey,Before
US1TXHRR170,29.5308,-95.181,FRIENDSWOOD 1.6 NE,14,0,0.0,0.0,Coastal,14,1,7.14,False,3.57,Harvey,Before
US1TXHRR176,29.8054,-95.4529,HOUSTON 4.7 WNW,14,0,0.0,0.0,Coastal,14,0,0.0,False,0.0,Harvey,Before
US1TXHRR195,30.0203,-95.1539,HUMBLE 6.9 ENE,14,14,100.0,0.0,Coastal,0,0,0.0,True,50.0,Harvey,Before
US1TXHRR199,30.1343,-95.525,SPRING 9.8 WNW - CLOSED,14,14,100.0,1.5934706295182446,Coastal,0,0,0.0,True,50.0,Harvey,Before
US1TXHRR203,29.7946,-95.5261,HEDWIG VILLAGE 1.1 NNW,14,0,0.0,0.0,Coastal,14,1,7.14,False,3.57,Harvey,Before
US1TXHRR204,29.9172,-95.5617,JERSEY VILLAGE 2.0 NNE,14,14,100.0,0.0,Coastal,0,0,0.0,True,50.0,Harvey,Before
US1TXHRR208,29.7649,-95.7493,KATY 5.0 ESE,14,14,100.0,0.0,Coastal,0,0,0.0,True,50.0,Harvey,Before
US1TXHRR209,29.7973,-95.3741,HOUSTON 2.1 NNE,14,0,0.0,0.0,Coastal,14,2,14.29,False,7.14,Harvey,Before
US1TXHRR211,29.7538,-95.4891,HOUSTON 6.2 W,14,14,100.0,0.0,Coastal,0,0,0.0,True,50.0,Harvey,Before
US1TXHRR215,30.0698,-95.114,KINGWOOD 4.4 E,14,11,78.57,3.5527263771979873,Coastal,3,1,33.33,True,55.95,Harvey,Before
US1TXHRR217,29.5548,-95.1255,WEBSTER 1.6 NNW,14,4,28.57,0.0,Coastal,10,0,0.0,False,14.28,Harvey,Before
US1TXHRR222,29.766,-95.7086,MISSION BEND 5.7 NNW,14,1,7.14,0.0,Coastal,13,1,7.69,False,7.42,Harvey,Before
US1TXHRR223,29.7668,-95.7061,MISSION BEND 5.6 NNW,14,12,85.71,0.0,Coastal,2,1,50.0,True,67.85,Harvey,Before
US1TXHRR225,30.0342,-95.6226,TOMBALL 4.3 S,14,7,50.0,0.0,Coastal,7,0,0.0,True,25.0,Harvey,Before
US1TXHRR228,29.7948,-95.737,KATY 5.2 E,14,0,0.0,0.0,Coastal,14,1,7.14,False,3.57,Harvey,Before
US1TXHRR232,29.7398,-95.3977,HOUSTON 2.1 SSW,14,0,0.0,0.0,Coastal,14,2,14.29,False,7.14,Harvey,Before
US1TXHST003,31.3438,-95.4494,CROCKETT 1.8 NNE,14,0,0.0,54.83187957187361,Rural,14,1,7.14,False,3.57,Harvey,Before
US1TXJJ0003,29.9747,-93.9578,PORT NECHES 1.0 W,14,14,100.0,0.0,Coastal,0,0,0.0,True,50.0,Harvey,Before
US1TXJJ0005,30.0944,-94.128,BEAUMONT 1.1 ENE,14,14,100.0,0.0,Coastal,0,0,0.0,True,50.0,Harvey,Before
US1TXJJ0007,30.0725,-94.1692,BEAUMONT 1.8 SW,14,11,78.57,0.0,Coastal,3,0,0.0,True,39.28,Harvey,Before
US1TXJJ0008,30.0874,-94.1389,BEAUMONT 0.3 E,14,14,100.0,0.0,Coastal,0,0,0.0,True,50.0,Harvey,Before
US1TXJJ0009,30.0527,-94.182,BEAUMONT 3.3 SW,14,0,0.0,0.6190926656535115,Coastal,14,0,0.0,False,0.0,Harvey,Before
US1TXJJ0010,29.9526,-93.9727,PORT ARTHUR 9.1 NNW,14,5,35.71,0.0,Coastal,9,1,11.11,True,23.41,Harvey,Before
US1TXJJ0011,30.0225,-94.1555,BEAUMONT 4.6 S,14,0,0.0,1.5809178521394898,Coastal,14,2,14.29,False,7.14,Harvey,Before
US1TXJS0002,30.903,-94.1065,JASPER 6.7 W,14,8,57.14,7.138202269936208,Coastal,6,1,16.67,True,36.9,Harvey,Before
US1TXJS0003,30.6405,-93.8851,KIRBYVILLE 1.5 SE,14,1,7.14,36.12645415232063,Coastal,13,3,23.08,True,15.11,Harvey,Before
US1TXLR0001,30.3336,-95.0889,CLEVELAND 0.9 SW,14,6,42.86,25.614597572717035,Coastal,8,0,0.0,True,21.43,Harvey,Before
US1TXLR0005,30.053,-94.894,DAYTON 0.2 NNE,14,0,0.0,17.580024707947288,Coastal,14,1,7.14,False,3.57,Harvey,Before
US1TXLR0010,30.2722,-95.0688,CLEVELAND 5.0 S,14,8,57.14,21.39737942688494,Coastal,6,0,0.0,True,28.57,Harvey,Before
US1TXLR0013,30.2928,-95.082,CLEVELAND 3.6 S,14,0,0.0,22.056135162634007,Coastal,14,3,21.43,True,10.72,Harvey,Before
US1TXLR0014,30.0501,-94.8914,DAYTON 0.2 E,14,4,28.57,17.21201666210568,Coastal,10,1,10.0,False,19.28,Harvey,Before
US1TXLR0015,30.0403,-94.8815,DAYTON 1.1 SE,14,0,0.0,16.02035507251165,Coastal,14,1,7.14,False,3.57,Harvey,Before
US1TXMDS002,30.9023,-95.9182,MADISONVILLE 3.5 S,14,11,78.57,41.12527052622355,Coastal,3,1,33.33,True,55.95,Harvey,Before
US1TXMNG004,30.4496,-95.6901,MONTGOMERY 4.0 N,14,0,0.0,20.28780257028839,Coastal,14,0,0.0,False,0.0,Harvey,Before
US1TXMNG008,30.1667,-95.5103,THE WOODLANDS 1.4 WNW,14,0,0.0,0.0,Coastal,14,0,0.0,False,0.0,Harvey,Before
US1TXMNG014,30.413,-95.66,MONTGOMERY 2.6 NE,14,0,0.0,15.214018525153417,Coastal,14,0,0.0,False,0.0,Harvey,Before
US1TXMNG018,30.3867,-95.6135,MONTGOMERY 4.9 E,14,14,100.0,9.261631070174378,Coastal,0,0,0.0,True,50.0,Harvey,Before
US1TXMNG020,30.3774,-95.6335,MONTGOMERY 3.8 ESE,14,0,0.0,11.29187669182417,Coastal,14,1,7.14,False,3.57,Harvey,Before
US1TXMNG021,30.3976,-95.6954,MONTGOMERY 0.4 N,14,0,0.0,18.475607250408576,Coastal,14,1,7.14,False,3.57,Harvey,Before
US1TXMNG023,30.2185,-95.5084,THE WOODLANDS 4.4 NNW,14,0,0.0,0.0,Coastal,14,1,7.14,False,3.57,Harvey,Before
US1TXMNG025,30.197,-95.5851,THE WOODLANDS 6.3 WNW,14,14,100.0,3.4282697737079606,Coastal,0,0,0.0,True,50.0,Harvey,Before
US1TXMNG026,30.1985,-95.4959,THE WOODLANDS 2.8 N,14,3,21.43,0.0,Coastal,11,2,18.18,False,19.8,Harvey,Before
US1TXMNG030,30.1417,-95.4658,THE WOODLANDS 1.8 SE,14,0,0.0,0.0,Coastal,14,1,7.14,False,3.57,Harvey,Before
US1TXMNG031,30.3227,-95.4596,CONROE 0.7 E,14,0,0.0,0.0,Coastal,14,1,7.14,False,3.57,Harvey,Before
US1TXMNG033,30.3212,-95.4898,CONROE 1.1 W,14,14,100.0,0.0,Coastal,0,0,0.0,True,50.0,Harvey,Before
US1TXMNG035,30.153,-95.6572,PINEHURST 3.8 SE,14,1,7.14,1.0069290981916834,Coastal,13,0,0.0,False,3.57,Harvey,Before
US1TXMNG036,30.2135,-95.5621,THE WOODLANDS 5.8 NW,14,8,57.14,1.2571767167196788,Coastal,6,0,0.0,True,28.57,Harvey,Before
US1TXMNG049,30.2339,-95.5748,MAGNOLIA 10.6 ENE,14,14,100.0,3.08948002283611,Coastal,0,0,0.0,True,50.0,Harvey,Before
US1TXMNG051,30.1703,-95.7552,MAGNOLIA 2.8 S,14,1,7.14,11.954618361337634,Coastal,13,1,7.69,False,7.42,Harvey,Before
US1TXMNG054,30.2731,-95.5437,MONTGOMERY 12.2 SE,14,7,50.0,4.459395093477995,Coastal,7,0,0.0,True,25.0,Harvey,Before
US1TXMNG055,30.2724,-95.7408,MONTGOMERY 8.6 SSW,14,0,0.0,18.102975970217518,Coastal,14,1,7.14,False,3.57,Harvey,Before
US1TXMNG058,30.1474,-95.4528,THE WOODLANDS 2.3 ESE,14,4,28.57,0.0,Coastal,10,0,0.0,False,14.28,Harvey,Before
US1TXMNG061,30.2947,-95.4842,CONROE 2.1 SSW,14,6,42.86,0.0,Coastal,8,1,12.5,True,27.68,Harvey,Before
US1TXMTG004,28.8681,-96.1662,PALACIOS 11.5 NNE,14,0,0.0,41.39110094531505,Coastal,14,4,28.57,True,14.28,Harvey,Before
US1TXNW0002,31.151,-93.5993,BURKEVILLE 11.2 NNE,14,3,21.43,38.34690225654763,Coastal,11,2,18.18,False,19.8,Harvey,Before
US1TXOR0001,30.0428,-93.8675,BRIDGE CITY 1.3 NW,14,2,14.29,5.551675870022921,Coastal,12,1,8.33,False,11.31,Harvey,Before
US1TXOR0004,30.0822,-93.7345,ORANGE 2.1 SE,14,14,100.0,0.0,Coastal,0,0,0.0,True,50.0,Harvey,Before
US1TXOR0006,30.2327,-93.9818,VIDOR 7.2 N,14,14,100.0,13.487308278821606,Coastal,0,0,0.0,True,50.0,Harvey,Before
US1TXPL0003,30.8009,-95.1039,ONALASKA 0.6 SSE,14,4,28.57,18.670129809602628,Coastal,10,0,0.0,False,14.28,Harvey,Before
US1TXPL0016,30.7097,-94.9271,LIVINGSTON 0.5 E,14,6,42.86,0.0,Coastal,8,0,0.0,True,21.43,Harvey,Before
US1TXPL0018,30.6984,-95.0765,LIVINGSTON 8.4 W,14,1,7.14,12.512669515191304,Coastal,13,2,15.38,False,11.26,Harvey,Before
US1TXPL0022,30.7131,-94.9478,LIVINGSTON 0.7 WNW,14,14,100.0,0.0,Coastal,0,0,0.0,True,50.0,Harvey,Before
US1TXPL0024,30.6733,-94.9483,LIVINGSTON 2.6 SSW,14,0,0.0,4.007087274762468,Coastal,14,2,14.29,False,7.14,Harvey,Before
US1TXPL0025,30.6904,-94.7108,LIVINGSTON 13.4 E,14,14,100.0,20.900248614551966,Coastal,0,0,0.0,True,50.0,Harvey,Before
US1TXPL0027,30.8064,-95.1165,ONALASKA 0.6 WSW,14,0,0.0,20.242700197344732,Coastal,14,1,7.14,False,3.57,Harvey,Before
US1TXPL0028,30.7286,-95.1025,LIVINGSTON 10.0 W,14,6,42.86,15.313469143666767,Coastal,8,1,12.5,True,27.68,Harvey,Before
US1TXPL0032,30.8977,-94.9428,MOSCOW 7.0 W,14,8,57.14,18.256732800265375,Coastal,6,4,66.67,True,61.9,Harvey,Before
US1TXPL0035,30.8603,-95.0783,LIVINGSTON 13.4 NW,14,0,0.0,21.480457874713178,Coastal,14,1,7.14,False,3.57,Harvey,Before
US1TXSB0001,31.3206,-93.7072,HEMPHILL 8.6 E,14,1,7.14,55.06473349826907,Rural,13,1,7.69,False,7.42,Harvey,Before
US1TXSJ0010,30.8304,-95.2116,POINT BLANK 5.8 N,14,14,100.0,31.10870871844662,Coastal,0,0,0.0,True,50.0,Harvey,Before
US1TXSJ0011,30.7407,-95.2072,POINT BLANK 0.7 ESE,14,0,0.0,27.072093544435717,Coastal,14,2,14.29,False,7.14,Harvey,Before
US1TXSJ0012,30.6945,-95.2913,OAKHURST 3.6 SSE,14,14,100.0,24.064949840002217,Coastal,0,0,0.0,True,50.0,Harvey,Before
US1TXTR0003,30.6704,-94.4295,WOODVILLE 7.2 S,14,7,50.0,51.95165694358838,Rural,7,1,14.29,True,32.14,Harvey,Before
US1TXTR0008,30.8035,-94.5643,WOODVILLE 8.7 WNW,14,7,50.0,36.729247106344886,Coastal,7,2,28.57,True,39.28,Harvey,Before
US1TXTR0009,30.8855,-94.3959,COLMESNEIL 2.3 SE,14,11,78.57,38.73341413859836,Coastal,3,1,33.33,True,55.95,Harvey,Before
US1TXTT0003,31.0046,-95.4235,TRINITY 5.1 NW,14,0,0.0,32.23570867021599,Coastal,14,1,7.14,False,3.57,Harvey,Before
US1TXWA0003,30.2299,-96.1356,HEMPSTEAD 10.0 NNW,14,0,0.0,44.770379168182515,Coastal,14,0,0.0,False,0.0,Harvey,Before
US1TXWA0005,30.0895,-96.4865,BRENHAM 7.2 SW,14,0,0.0,66.48185910266366,Rural,14,1,7.14,False,3.57,Harvey,Before
US1TXWA0006,30.1572,-96.2626,BRENHAM 8.0 E,14,0,0.0,53.68008798253849,Rural,14,0,0.0,False,0.0,Harvey,Before
US1TXWA0009,30.1564,-96.263,CHAPPELL HILL 1.0 NW,14,0,0.0,53.787333773967156,Rural,14,0,0.0,False,0.0,Harvey,Before
US1TXWA0010,30.169,-96.2534,CHAPPELL HILL 1.8 N,14,0,0.0,52.065201252390644,Rural,14,0,0.0,False,0.0,Harvey,Before
US1TXWA0012,30.2821,-96.171,WASHINGTON 3.1 SSW,14,0,0.0,37.5221729144737,Coastal,14,1,7.14,False,3.57,Harvey,Before
US1TXWA0014,30.2214,-96.2225,WASHINGTON 8.6 SSW,14,14,100.0,45.113436573769924,Coastal,0,0,0.0,True,50.0,Harvey,Before
US1TXWA0017,30.3014,-96.4213,BRENHAM 9.9 N,14,0,0.0,38.28088399859546,Coastal,14,0,0.0,False,0.0,Harvey,Before
US1TXWA0018,30.1794,-96.404,BRENHAM 1.4 NNW,14,10,71.43,52.98446974930637,Rural,4,1,25.0,True,48.22,Harvey,Before
US1TXWA0024,30.1589,-96.3849,BRENHAM 0.7 E,14,4,28.57,55.21376384170095,Rural,10,0,0.0,False,14.28,Harvey,Before
US1TXWH0001,29.3161,-96.0934,WHARTON 0.3 E,14,0,0.0,41.78177107847266,Coastal,14,1,7.14,False,3.57,Harvey,Before
US1TXWH0002,29.1267,-96.2602,EL CAMPO 4.9 SSE,14,0,0.0,54.3065885122595,Rural,14,5,35.71,True,17.86,Harvey,Before
US1TXWH0004,29.2061,-96.289,EL CAMPO 1.0 NW,14,0,0.0,59.15259629972789,Rural,14,3,21.43,True,10.72,Harvey,Before
US1TXWH0005,29.1845,-96.3156,EL CAMPO 2.5 WSW,14,14,100.0,61.390510463688706,Rural,0,0,0.0,True,50.0,Harvey,Before
US1TXWH0009,29.3541,-96.0697,WHARTON 3.1 NE,14,0,0.0,36.426941584581336,Coastal,14,4,28.57,True,14.28,Harvey,Before
US1TXWH0010,29.1981,-96.2677,EL CAMPO 0.5 ENE,14,2,14.29,56.60470046763753,Rural,12,2,16.67,False,15.48,Harvey,Before
US1TXWH0011,29.2278,-96.302,EL CAMPO 2.7 NW,14,6,42.86,61.28104026180036,Rural,8,1,12.5,True,27.68,Harvey,Before
US1TXWH0015,29.3534,-96.1477,WHARTON 3.9 NW,14,7,50.0,42.94677353388211,Coastal,7,1,14.29,True,32.14,Harvey,Before
US1TXWH0016,29.3099,-96.0774,WHARTON 1.4 ESE,14,5,35.71,41.2278293590978,Coastal,9,1,11.11,True,23.41,Harvey,Before
US1TXWH0018,29.4178,-96.0577,EAST BERNARD 7.6 S,14,0,0.0,29.98863244812067,Coastal,14,5,35.71,True,17.86,Harvey,Before
US1TXWK0002,30.7695,-95.5841,HUNTSVILLE 4.5 NNW,14,14,100.0,4.159597234634851,Coastal,0,0,0.0,True,50.0,Harvey,Before
US1TXWK0003,30.6256,-95.7148,HUNTSVILLE 11.5 WSW,14,0,0.0,16.439462914388002,Coastal,14,2,14.29,False,7.14,Harvey,Before
US1TXWK0005,30.702,-95.596,HUNTSVILLE 2.8 WSW,14,0,0.0,1.083014142526467,Coastal,14,0,0.0,False,0.0,Harvey,Before
US1TXWK0007,30.7793,-95.6744,HUNTSVILLE 8.7 WNW,14,13,92.86,9.74385857449221,Coastal,1,1,100.0,True,96.43,Harvey,Before
US1TXWK0011,30.5403,-95.4385,NEW WAVERLY 2.6 E,14,14,100.0,19.240902259765644,Coastal,0,0,0.0,True,50.0,Harvey,Before
US1TXWK0012,30.7587,-95.576,HUNTSVILLE 3.6 NNW,14,1,7.14,3.02091226194275,Coastal,13,0,0.0,False,3.57,Harvey,Before
US1TXWK0013,30.7751,-95.5835,HUNTSVILLE 4.8 NNW,14,2,14.29,4.268770648430789,Coastal,12,1,8.33,False,11.31,Harvey,Before
US1TXWK0014,30.8515,-95.4825,HUNTSVILLE 10.4 NNE,14,7,50.0,11.393109587896893,Coastal,7,1,14.29,True,32.14,Harvey,Before
US1TXWK0015,30.7228,-95.4016,DODGE 1.6 S,14,7,50.0,11.254962746360127,Coastal,7,2,28.57,True,39.28,Harvey,Before
US1TXWK0018,30.6954,-95.5404,HUNTSVILLE 1.3 SSE,14,0,0.0,0.572022238709693,Coastal,14,0,0.0,False,0.0,Harvey,Before
US1TXWK0020,30.6822,-95.5175,HUNTSVILLE 2.8 SE,14,9,64.29,2.853183888312172,Coastal,5,0,0.0,True,32.15,Harvey,Before
US1TXWK0021,30.856,-95.4309,RIVERSIDE 2.0 WNW,14,0,0.0,14.606700310946321,Coastal,14,0,0.0,False,0.0,Harvey,Before
US1TXWK0025,30.679,-95.555,HUNTSVILLE 2.3 S,14,14,100.0,2.8177211423123065,Coastal,0,0,0.0,True,50.0,Harvey,Before
US1TXWL0009,29.8729,-96.003,BROOKSHIRE 6.9 NNW,14,5,35.71,26.039677983675556,Coastal,9,1,11.11,True,23.41,Harvey,Before
USC00160007,29.9689,-92.1169,ABBEVILLE,14,0,0.0,26.640300375552282,Coastal,14,1,7.14,False,3.57,Harvey,Before
USC00160098,31.3206,-92.4611,ALEXANDRIA,14,0,0.0,0.0,Coastal,14,3,21.43,True,10.72,Harvey,Before
USC00160103,31.2483,-92.4486,ALEXANDRIA 5 SSE,14,1,7.14,1.5850838935171465,Coastal,13,5,38.46,True,22.8,Harvey,Before
USC00160462,30.5669,-91.1633,BAKER,14,6,42.86,0.0,Coastal,8,2,25.0,True,33.93,Harvey,Before
USC00160548,30.4192,-91.1303,BATON ROUGE CONCORD,14,0,0.0,0.0,Coastal,14,1,7.14,False,3.57,Harvey,Before
USC00160558,30.4494,-91.0478,BATON ROUGE SHERWOOD,14,0,0.0,0.0,Coastal,14,4,28.57,True,14.28,Harvey,Before
USC00160565,30.1328,-91.3228,BAYOU SORREL LOCK,14,1,7.14,20.395088917959463,Coastal,13,4,30.77,True,18.95,Harvey,Before
USC00160617,30.7903,-92.4969,BEAVER FIRE TWR,14,11,78.57,53.60737371146349,Rural,3,0,0.0,True,39.28,Harvey,Before
USC00160658,29.9747,-93.0897,BELL CITY 13 SW,14,0,0.0,28.594005737917936,Coastal,14,2,14.29,False,7.14,Harvey,Before
USC00161232,31.395,-92.7167,BOYCE 3 WNW,14,0,0.0,24.638152161991158,Coastal,14,2,14.29,False,7.14,Harvey,Before
USC00161287,30.9594,-92.1786,BUNKIE,14,0,0.0,48.730109768324105,Coastal,14,1,7.14,False,3.57,Harvey,Before
USC00161535,30.32,-92.0444,CARENCRO,14,14,100.0,3.314049010833585,Coastal,0,0,0.0,True,50.0,Harvey,Before
USC00161565,30.1981,-91.1256,CARVILLE 2 SW,14,0,0.0,5.8366553150112335,Coastal,14,5,35.71,True,17.86,Harvey,Before
USC00162212,30.2411,-92.3475,CROWLEY 2 NE,14,0,0.0,27.80003480962503,Coastal,14,2,14.29,False,7.14,Harvey,Before
USC00162367,30.8428,-93.2869,DE RIDDER,14,0,0.0,0.0,Coastal,14,1,7.14,False,3.57,Harvey,Before
USC00162534,30.0719,-91.0278,DONALDSONVILLE 4 SW,14,0,0.0,7.909844964335464,Coastal,14,5,35.71,True,17.86,Harvey,Before
USC00162641,30.7414,-93.1389,DRY CREEK 8NW,14,14,100.0,19.782327459516477,Coastal,0,0,0.0,True,50.0,Harvey,Before
USC00163313,29.8233,-91.5442,FRANKLIN 3 NW,14,0,0.0,28.449556700468737,Coastal,14,1,7.14,False,3.57,Harvey,Before
USC00163800,30.4183,-92.0442,GRAND COTEAU,14,0,0.0,13.05174508088985,Coastal,14,1,7.14,False,3.57,Harvey,Before
USC00163979,29.8894,-93.4022,HACKBERRY 8 SSW,14,0,0.0,33.00718196438607,Coastal,14,1,7.14,False,3.57,Harvey,Before
USC00164288,31.3747,-93.3911,HODGES GARDENS,14,0,0.0,40.283817542228306,Coastal,14,1,7.14,False,3.57,Harvey,Before
USC00164674,29.9594,-91.7111,JEANERETTE 5 NW,14,0,0.0,10.792452920737222,Coastal,14,2,14.29,False,7.14,Harvey,Before
USC00164700,30.2003,-92.6642,JENNINGS,14,0,0.0,52.83190635345319,Rural,14,3,21.43,True,10.72,Harvey,Before
USC00164739,31.4825,-91.8628,JONESVILLE LOCKS,14,0,0.0,47.68052213094299,Coastal,14,2,14.29,False,7.14,Harvey,Before
USC00164775,29.9942,-92.2825,KAPLAN,14,0,0.0,31.60113807489264,Coastal,14,2,14.29,False,7.14,Harvey,Before
USC00165065,30.0206,-92.7681,LAKE ARTHUR 7 SW,14,0,0.0,49.76593560324859,Coastal,14,2,14.29,False,7.14,Harvey,Before
USC00165072,30.3014,-93.2689,LAKE CHARLES 7 NW,14,14,100.0,0.2505816223889771,Coastal,0,0,0.0,True,50.0,Harvey,Before
USC00165074,30.2544,-93.2186,LAKE CHARLES 2 N,14,0,0.0,0.0,Coastal,14,0,0.0,False,0.0,Harvey,Before
USC00165076,30.2142,-93.2494,LAKE CHARLES PORT,14,0,0.0,0.0,Coastal,14,0,0.0,False,0.0,Harvey,Before
USC00165266,31.1417,-93.2397,LEESVILLE,14,0,0.0,6.31667386083696,Coastal,14,0,0.0,False,0.0,Harvey,Before
USC00165287,31.0517,-93.2789,LEESVILLE 6 SSW,14,11,78.57,4.614038787838811,Coastal,3,0,0.0,True,39.28,Harvey,Before
USC00165296,29.7869,-92.2083,LELAND BOWMAN LOCK,14,0,0.0,48.72622413319665,Coastal,14,2,14.29,False,7.14,Harvey,Before
USC00165620,30.3644,-91.1672,LSU BEN-HUR FARM,14,0,0.0,3.483917437751815,Coastal,14,4,28.57,True,14.28,Harvey,Before
USC00165920,31.1286,-92.0644,MARKSVILLE,14,10,71.43,44.07699319562543,Coastal,4,1,25.0,True,48.22,Harvey,Before
USC00166394,29.6833,-91.1761,MORGAN CITY,14,0,0.0,0.0,Coastal,14,3,21.43,True,10.72,Harvey,Before
USC00166431,30.2944,-93.2083,MOSS BLUFF,14,0,0.0,1.8752487588503794,Coastal,14,2,14.29,False,7.14,Harvey,Before
USC00166434,30.3397,-93.215,MOSS BLUFF 2 NNW,14,0,0.0,6.704478827138712,Coastal,14,3,21.43,True,10.72,Harvey,Before
USC00166561,29.9342,-91.0164,NAPOLEONVILLE,14,0,0.0,19.958586758003115,Coastal,14,6,42.86,True,21.43,Harvey,Before
USC00166657,30.0292,-91.8844,NEW IBERIA AP - ACADIANA RGNL,14,14,100.0,5.513326208079926,Coastal,0,0,0.0,True,50.0,Harvey,Before
USC00166686,30.7267,-91.3672,NEW ROADS 5 NE,14,2,14.29,26.248140035049893,Coastal,12,3,25.0,True,19.64,Harvey,Before
USC00166808,30.9678,-91.1003,NORWOOD,14,0,0.0,50.35747416484747,Rural,14,2,14.29,False,7.14,Harvey,Before
USC00166938,30.6036,-92.7739,OBERLIN FIRE TWR,14,0,0.0,59.352022309497386,Rural,14,2,14.29,False,7.14,Harvey,Before
USC00166968,30.2869,-93.1444,OLD TOWN BAY,14,4,28.57,1.3254697042471855,Coastal,10,1,10.0,False,19.28,Harvey,Before
USC00166995,30.5081,-92.0925,OPELOUSAS,14,0,0.0,1.604703087326056,Coastal,14,3,21.43,True,10.72,Harvey,Before
USC00167366,30.3214,-91.2517,PLAQUEMINE 2 N,14,0,0.0,0.0,Coastal,14,4,28.57,True,14.28,Harvey,Before
USC00167448,30.4508,-91.2183,PORT ALLEN,14,0,0.0,0.0,Coastal,14,2,14.29,False,7.14,Harvey,Before
USC00167729,31.2544,-91.96,RED RVR LOCK #1,14,5,35.71,50.08249587927043,Rural,9,1,11.11,True,23.41,Harvey,Before
USC00167732,31.1872,-92.2906,RED RIVER LOCK # 2,14,0,0.0,18.786769444858287,Coastal,14,3,21.43,True,10.72,Harvey,Before
USC00167932,29.7286,-92.8181,ROCKEFELLER WL REFUGE,14,0,0.0,71.35189412386052,Rural,14,4,28.57,True,14.28,Harvey,Before
USC00168136,30.7775,-91.3769,ST FRANCISVILLE,14,0,0.0,32.23687587983275,Coastal,14,2,14.29,False,7.14,Harvey,Before
USC00168181,30.0858,-91.8694,ST MARTINVILLE 3 SW,14,0,0.0,8.783739622637931,Coastal,14,2,14.29,False,7.14,Harvey,Before
USC00168831,30.2383,-93.3447,SULPHUR,14,0,0.0,0.0,Coastal,14,3,21.43,True,10.72,Harvey,Before
USC00169074,31.2022,-93.5725,TOLEDO BEND LAKE,14,4,28.57,38.61489908706903,Coastal,10,1,10.0,False,19.28,Harvey,Before
USC00169369,30.695,-92.2664,VILLE PLATTE,14,14,100.0,25.498358576354185,Coastal,0,0,0.0,True,50.0,Harvey,Before
USC00169376,30.1992,-93.6778,VINTON 5W,14,14,100.0,6.234961844011383,Coastal,0,0,0.0,True,50.0,Harvey,Before
USC00223441,31.17,-91.0258,GLOSTER,14,0,0.0,59.70972907567777,Rural,14,6,42.86,True,21.43,Harvey,Before
USC00410235,29.7878,-94.6342,ANAHUAC,14,2,14.29,26.930514752179388,Coastal,12,2,16.67,False,15.48,Harvey,Before
USC00410257,29.1572,-95.4592,ANGLETON 2 W,14,9,64.29,6.8740864315521355,Coastal,5,0,0.0,True,32.15,Harvey,Before
USC00410569,28.9797,-95.975,BAY CITY WTR WKS,14,0,0.0,24.319109666049783,Coastal,14,5,35.71,True,17.86,Harvey,Before
USC00410586,29.9142,-94.9908,BAYTOWN,14,0,0.0,4.583377872600602,Coastal,14,2,14.29,False,7.14,Harvey,Before
USC00410611,30.0969,-94.0997,BEAUMONT CITY,14,0,0.0,0.0,Coastal,14,1,7.14,False,3.57,Harvey,Before
USC00410613,30.0686,-94.2928,BEAUMONT RSCH CTR,14,0,0.0,3.457204448861011,Coastal,14,1,7.14,False,3.57,Harvey,Before
USC00410655,30.0317,-96.2167,BELLVILLE 6NNE,14,0,0.0,56.701525406780604,Rural,14,0,0.0,False,0.0,Harvey,Before
USC00411048,30.1592,-96.3972,BRENHAM,14,0,0.0,55.39898852758878,Rural,14,0,0.0,False,0.0,Harvey,Before
USC00411596,31.2581,-95.9744,CENTERVILLE,14,0,0.0,33.61330057155486,Coastal,14,2,14.29,False,7.14,Harvey,Before
USC00411810,30.3636,-95.0839,CLEVELAND,14,0,0.0,29.154683798511655,Coastal,14,1,7.14,False,3.57,Harvey,Before
USC00411956,30.3303,-95.4831,CONROE,14,0,0.0,0.0,Coastal,14,0,0.0,False,0.0,Harvey,Before
USC00412114,31.3072,-95.4508,CROCKETT,14,0,0.0,59.27536307151724,Rural,14,0,0.0,False,0.0,Harvey,Before
USC00412206,30.0211,-95.7069,CYPRESS,14,0,0.0,5.519915214363201,Coastal,14,2,14.29,False,7.14,Harvey,Before
USC00412266,29.0661,-96.2583,DANEVANG 1 W,14,1,7.14,50.87736823896413,Rural,13,5,38.46,True,22.8,Harvey,Before
USC00412676,29.6211,-96.3661,EAGLE LAKE RESCH CTR,14,4,28.57,58.704629395698994,Rural,10,2,20.0,True,24.28,Harvey,Before
USC00412786,29.2,-96.2653,EL CAMPO,14,0,0.0,56.40409217275993,Rural,14,3,21.43,True,10.72,Harvey,Before
USC00413340,28.9844,-95.3808,FREEPORT 2 NW,14,0,0.0,0.0,Coastal,14,5,35.71,True,17.86,Harvey,Before
USC00414076,31.35,-93.8333,HEMPHILL,14,14,100.0,52.207613277016534,Rural,0,0,0.0,True,50.0,Harvey,Before
USC00414325,29.7003,-95.4292,HOUSTON-WESTBURY,14,0,0.0,0.0,Coastal,14,2,14.29,False,7.14,Harvey,Before
USC00414327,29.8733,-95.5275,HOUSTON N HOUSTON,14,0,0.0,0.0,Coastal,14,2,14.29,False,7.14,Harvey,Before
USC00414333,29.4717,-95.0833,HOUSTON NWSO,14,0,0.0,0.0,Coastal,14,0,0.0,False,0.0,Harvey,Before
USC00414382,30.7064,-95.5422,HUNTSVILLE,14,0,0.0,0.0,Coastal,14,0,0.0,False,0.0,Harvey,Before
USC00414563,30.9153,-94.0097,JASPER,14,8,57.14,0.0,Coastal,6,0,0.0,True,28.57,Harvey,Before
USC00414704,29.8025,-95.8197,KATY CITY,14,0,0.0,3.737123226834927,Coastal,14,1,7.14,False,3.57,Harvey,Before
USC00414878,30.375,-94.2994,KOUNTZE,14,0,0.0,23.763298463865354,Coastal,14,0,0.0,False,0.0,Harvey,Before
USC00415196,30.0592,-94.795,LIBERTY,14,0,0.0,21.17576348255531,Coastal,14,1,7.14,False,3.57,Harvey,Before
USC00415271,30.7394,-94.9256,LIVINGSTON 2 NNE,14,7,50.0,0.0,Coastal,7,2,28.57,True,39.28,Harvey,Before
USC00415415,31.4269,-94.8942,LUFKIN 11 NW,14,14,100.0,12.621257881909338,Coastal,0,0,0.0,True,50.0,Harvey,Before
USC00415427,31.3417,-94.7325,LUFKIN #2,14,3,21.43,0.0,Coastal,11,0,0.0,False,10.72,Harvey,Before
USC00415435,30.2503,-94.1783,LUMBERTON,14,0,0.0,8.894784941893825,Coastal,14,2,14.29,False,7.14,Harvey,Before
USC00415477,30.9392,-95.9203,MADISONVILLE,14,0,0.0,44.07686214645741,Coastal,14,1,7.14,False,3.57,Harvey,Before
USC00415659,28.6836,-95.9733,MATAGORDA #2,14,8,57.14,52.60646335418141,Rural,6,2,33.33,True,45.24,Harvey,Before
USC00416024,30.3908,-95.6969,MONTGOMERY,14,0,0.0,18.497525889126,Coastal,14,2,14.29,False,7.14,Harvey,Before
USC00416280,30.1375,-95.1783,NEW CANEY 2 E,14,0,0.0,3.076118500089018,Coastal,14,0,0.0,False,0.0,Harvey,Before
USC00416664,30.0858,-93.7417,ORANGE,14,0,0.0,0.0,Coastal,14,1,7.14,False,3.57,Harvey,Before
USC00416680,30.2267,-93.7389,ORANGE 9 N,14,1,7.14,9.172381451048892,Coastal,13,0,0.0,False,3.57,Harvey,Before
USC00417040,31.2447,-93.9658,PINELAND,14,0,0.0,35.716154364180525,Coastal,14,2,14.29,False,7.14,Harvey,Before
USC00417172,29.9044,-93.9708,PORT ARTHUR CITY,14,0,0.0,0.0,Coastal,14,2,14.29,False,7.14,Harvey,Before
USC00417594,29.5839,-95.7553,RICHMOND,14,0,0.0,0.0,Coastal,14,3,21.43,True,10.72,Harvey,Before
USC00417936,31.0619,-94.1011,SAM RAYBURN DAM,14,0,0.0,14.241036382349494,Coastal,14,1,7.14,False,3.57,Harvey,Before
USC00418311,30.3703,-94.2019,SILSBEE 4 N,14,12,85.71,12.969773841961823,Coastal,2,2,100.0,True,92.85,Harvey,Before
USC00418728,29.6197,-95.6575,SUGAR LAND,14,14,100.0,0.0,Coastal,0,0,0.0,True,50.0,Harvey,Before
USC00418996,29.4822,-95.6314,THOMPSONS 3 WSW,14,0,0.0,10.538585167752778,Coastal,14,2,14.29,False,7.14,Harvey,Before
USC00419101,30.7931,-94.1819,TOWN BLUFF DAM,14,0,0.0,22.95334642226583,Coastal,14,2,14.29,False,7.14,Harvey,Before
USC00419491,30.3236,-96.1594,WASHINGTON SP,14,2,14.29,32.412707925568455,Coastal,12,0,0.0,False,7.14,Harvey,Before
USC00419605,29.1378,-95.6253,W COLUMBIA 1 ESE,14,0,0.0,13.552122680850127,Coastal,14,3,21.43,True,10.72,Harvey,Before
USC00419655,29.3178,-96.0847,WHARTON,14,0,0.0,40.978951597062164,Coastal,14,1,7.14,False,3.57,Harvey,Before
USC00419754,30.5347,-94.4456,WILDWOOD,14,14,100.0,46.34659807530343,Coastal,0,0,0.0,True,50.0,Harvey,Before
USC00419898,30.7678,-94.4117,WOODVILLE,14,13,92.86,45.363275949291584,Coastal,1,0,0.0,True,46.43,Harvey,Before
USW00003904,30.5911,-96.3631,COLLEGE STN EASTERWOOD FLD,14,0,0.0,1.978468508672472,Coastal,14,1,7.14,False,3.57,Harvey,Before
USW00003937,30.1253,-93.2158,LAKE CHARLES,14,0,0.0,5.86873759219423,Coastal,14,4,28.57,True,14.28,Harvey,Before
USW00003949,31.3569,-93.1761,PEASON RIDGE RANGE,14,0,0.0,34.921312745118954,Coastal,14,2,14.29,False,7.14,Harvey,Before
USW00012917,29.9519,-94.0261,PORT ARTHUR SE TX RGNL AP,14,0,0.0,2.0442776257944937,Coastal,14,2,14.29,False,7.14,Harvey,Before
USW00012918,29.6458,-95.2822,HOUSTON WILLIAM P HOBBY AP,14,0,0.0,0.0,Coastal,14,3,21.43,True,10.72,Harvey,Before
USW00012923,29.2703,-94.8642,GALVESTON SCHOLES FLD,14,0,0.0,0.0,Coastal,14,4,28.57,True,14.28,Harvey,Before
USW00012935,28.7247,-96.2536,PALACIOS MUNI AP,14,0,0.0,26.191580184690608,Coastal,14,4,28.57,True,14.28,Harvey,Before
USW00012953,29.2661,-96.0075,WHARTON RGNL AP,14,0,0.0,34.19835564618808,Coastal,14,7,50.0,True,25.0,Harvey,Before
USW00012960,29.9844,-95.3608,HOUSTON INTERCONTINENTAL AP,14,0,0.0,0.0,Coastal,14,3,21.43,True,10.72,Harvey,Before
USW00012968,29.5589,-91.525,SALT PT,14,0,0.0,26.565377598443572,Coastal,14,1,7.14,False,3.57,Harvey,Before
USW00012975,29.5192,-95.2422,HOUSTON CLOVER FLD,14,0,0.0,1.8572850443177737,Coastal,14,5,35.71,True,17.86,Harvey,Before
USW00012976,29.1153,-95.4633,ANGLETON LK JACKSON BRAZORIA C,14,0,0.0,1.5147548416833831,Coastal,14,4,28.57,True,14.28,Harvey,Before
USW00012977,29.6197,-95.6575,HOUSTON SUGARLAND MEM,14,0,0.0,0.0,Coastal,14,5,35.71,True,17.86,Harvey,Before
USW00012981,28.9731,-95.8633,BAY CITY MUNI AP,14,0,0.0,14.664514041755197,Coastal,14,5,35.71,True,17.86,Harvey,Before
USW00013935,31.3964,-92.2828,ALEXANDRIA ESLER FLD,14,0,0.0,12.31934416832791,Coastal,14,2,14.29,False,7.14,Harvey,Before
USW00013970,30.5378,-91.1469,BATON ROUGE METRO AP,14,0,0.0,0.0,Coastal,14,4,28.57,True,14.28,Harvey,Before
USW00013976,30.1986,-91.9894,LAFAYETTE RGNL AP,14,0,0.0,0.0,Coastal,14,1,7.14,False,3.57,Harvey,Before
USW00053902,30.3611,-95.4175,CONROE MONTGOMERY CO AP,14,0,0.0,0.0,Coastal,14,4,28.57,True,14.28,Harvey,Before
USW00053903,30.7444,-95.5867,HUNTSVILLE MUNI AP,14,0,0.0,1.3783204798906665,Coastal,14,0,0.0,False,0.0,Harvey,Before
USW00053910,30.0681,-95.5564,HOUSTON HOOKS MEM AP,14,0,0.0,2.5454026829856344,Coastal,14,1,7.14,False,3.57,Harvey,Before
USW00053915,30.0292,-91.8844,NEW IBERIA AP - ACADIANA RGNL,14,0,0.0,5.513326208079926,Coastal,14,2,14.29,False,7.14,Harvey,Before
USW00053928,30.2189,-96.3742,BRENHAM MUNI AP,14,0,0.0,47.395316524064754,Coastal,14,1,7.14,False,3.57,Harvey,Before
USW00053960,30.0917,-91.8731,LAFAYETTE 13 SE,14,0,0.0,9.632549510046632,Coastal,14,2,14.29,False,7.14,Harvey,Before
USW00053988,31.0217,-92.9108,FT POLK FULLERTON LNDG STRIP,14,2,14.29,29.981464026380937,Coastal,12,1,8.33,False,11.31,Harvey,Before
USW00093915,31.3347,-92.5586,ALEXANDRIA INTL AP,14,0,0.0,5.732598130338107,Coastal,14,5,35.71,True,17.86,Harvey,Before
USW00093987,31.2358,-94.7547,LUFKIN ANGELINA CO AP,14,0,0.0,1.3262116311909542,Coastal,14,4,28.57,True,14.28,Harvey,Before
US1LAAC0002,30.401,-92.2249,CHURCH POINT 0.7 WSW,14,0,0.0,21.472322075609828,Coastal,14,2,14.29,False,7.14,Harvey,After
US1LAAC0003,30.2353,-92.2843,RAYNE 1.0 W,14,1,7.14,20.725979707056936,Coastal,13,0,0.0,False,3.57,Harvey,After
US1LAAV0001,30.9517,-92.1921,BUNKIE 0.3 WSW,14,6,42.86,48.69310440030159,Coastal,8,1,12.5,True,27.68,Harvey,After
US1LABG0002,30.4713,-93.1591,RAGLEY 5.0 SE,14,0,0.0,19.106541789093452,Coastal,14,3,21.43,True,10.72,Harvey,After
US1LACC0003,30.2322,-92.9986,IOWA 0.9 ESE,14,0,0.0,15.39611762231304,Coastal,14,2,14.29,False,7.14,Harvey,After
US1LACC0005,30.2545,-93.2694,WESTLAKE 0.7 WNW,14,10,71.43,0.0,Coastal,4,1,25.0,True,48.22,Harvey,After
US1LACC0006,30.2339,-93.3205,SULPHUR 2.2 E,14,0,0.0,0.0,Coastal,14,2,14.29,False,7.14,Harvey,After
US1LACC0009,30.3698,-93.0669,IOWA 9.7 NNW,14,0,0.0,14.967775819755573,Coastal,14,2,14.29,False,7.14,Harvey,After
US1LACC0014,30.145,-93.1764,LAKE CHARLES 4.8 SSE,14,5,35.71,4.942066567972843,Coastal,9,1,11.11,True,23.41,Harvey,After
US1LACC0016,30.3912,-93.4114,DE QUINCY 4.4 SSE,14,14,100.0,6.3420011009676145,Coastal,0,0,0.0,True,50.0,Harvey,After
US1LACC0017,30.2308,-93.2109,LAKE CHARLES 1.5 NNW,14,14,100.0,0.0,Coastal,0,0,0.0,True,50.0,Harvey,After
US1LACC0018,30.1842,-93.2011,LAKE CHARLES 1.8 S,14,8,57.14,0.0,Coastal,6,3,50.0,True,53.57,Harvey,After
US1LACM0003,30.0483,-93.2414,LAKE CHARLES 11.5 SSW,14,0,0.0,14.429665137337233,Coastal,14,2,14.29,False,7.14,Harvey,After
US1LAEB0002,30.4218,-91.1576,BATON ROUGE 2.7 SW,14,0,0.0,0.0,Coastal,14,3,21.43,True,10.72,Harvey,After
US1LAEB0005,30.3657,-91.1168,GARDERE 1.2 ENE,14,13,92.86,1.305101445304875,Coastal,1,0,0.0,True,46.43,Harvey,After
US1LAEB0009,30.6069,-91.0533,BROWNFIELDS 5.8 NE,14,0,0.0,9.871928323891494,Coastal,14,4,28.57,True,14.28,Harvey,After
US1LAEB0014,30.4393,-91.0685,BATON ROUGE 3.5 E,14,5,35.71,0.0,Coastal,9,2,22.22,True,28.96,Harvey,After
US1LAEB0019,30.5096,-91.0016,MONTICELLO 3.0 ENE,14,5,35.71,4.621910548285513,Coastal,9,2,22.22,True,28.96,Harvey,After
US1LAEB0023,30.5541,-91.054,BROWNFIELDS 4.0 E,14,0,0.0,4.820456061347964,Coastal,14,3,21.43,True,10.72,Harvey,After
US1LAEB0027,30.4507,-91.0843,BATON ROUGE 2.5 E,14,1,7.14,0.0,Coastal,13,3,23.08,True,15.11,Harvey,After
US1LAEB0031,30.5441,-91.005,CENTRAL 2.2 SE,14,0,0.0,5.7255972234662496,Coastal,14,3,21.43,True,10.72,Harvey,After
US1LAEB0033,30.4118,-91.1786,LSU,14,0,0.0,0.0,Coastal,14,3,21.43,True,10.72,Harvey,After
US1LAEB0041,30.3876,-91.1372,BATON ROUGE 4.3 S,14,0,0.0,0.0,Coastal,14,3,21.43,True,10.72,Harvey,After
US1LAEB0042,30.3586,-91.078,INNISWOLD 2.8 S,14,0,0.0,2.379094709578022,Coastal,14,3,21.43,True,10.72,Harvey,After
US1LAEB0046,30.4421,-91.149,BATON ROUGE 1.4 WSW,14,0,0.0,0.0,Coastal,14,3,21.43,True,10.72,Harvey,After
US1LAEB0047,30.3818,-91.1373,BATON ROUGE 5.3 S,14,14,100.0,0.18997187245589606,Coastal,0,0,0.0,True,50.0,Harvey,After
US1LAEB0053,30.4089,-91.1058,BATON ROUGE 3.0 SSE,14,9,64.29,0.0,Coastal,5,1,20.0,True,42.14,Harvey,After
US1LAEB0054,30.4281,-91.0243,BATON ROUGE 6.2 ESE,14,9,64.29,0.0,Coastal,5,2,40.0,True,52.14,Harvey,After
US1LAEB0056,30.6943,-91.2565,JACKSON 10.1 SSW,14,0,0.0,16.766628790634385,Coastal,14,2,14.29,False,7.14,Harvey,After
US1LAEB0059,30.357,-91.077,BATON ROUGE 7.0 SSE,14,9,64.29,2.6060503605776435,Coastal,5,1,20.0,True,42.14,Harvey,After
US1LAEB0060,30.4005,-91.0896,BATON ROUGE 4.0 SSE,14,0,0.0,0.0,Coastal,14,3,21.43,True,10.72,Harvey,After
US1LAEB0063,30.3791,-91.0051,SHENANDOAH 1.5 S,14,14,100.0,2.558708647532863,Coastal,0,0,0.0,True,50.0,Harvey,After
US1LAEF0001,30.8404,-91.0159,CLINTON 1.4 S,14,14,100.0,36.32648416383013,Coastal,0,0,0.0,True,50.0,Harvey,After
US1LAJD0002,30.236,-92.823,WELSH 0.7 W,14,3,21.43,34.797085670959945,Coastal,11,1,9.09,False,15.26,Harvey,After
US1LALY0002,30.17,-92.0016,LAFAYETTE 3.5 SSE,14,14,100.0,0.6018984590277239,Coastal,0,0,0.0,True,50.0,Harvey,After
US1LALY0006,30.2521,-92.0889,SCOTT 1.0 N,14,6,42.86,1.3365714043951662,Coastal,8,1,12.5,True,27.68,Harvey,After
US1LALY0007,30.3357,-91.9781,CARENCRO 3.9 ENE,14,0,0.0,5.950405363386993,Coastal,14,2,14.29,False,7.14,Harvey,After
US1LAPC0002,30.6807,-91.4115,NEW ROADS 2.7 ESE,14,7,50.0,25.28877902449292,Coastal,7,0,0.0,True,25.0,Harvey,After
US1LARP0007,31.2624,-92.4946,ALEXANDRIA 2.8 SW,14,0,0.0,0.0,Coastal,14,5,35.71,True,17.86,Harvey,After
US1LARP0009,31.3195,-92.4223,PINEVILLE 1.0 SSW,14,1,7.14,0.0,Coastal,13,2,15.38,False,11.26,Harvey,After
US1LASL0001,30.4197,-91.9986,GRAND COTEAU 2.7 E,14,0,0.0,15.132889483618559,Coastal,14,2,14.29,False,7.14,Harvey,After
US1LASM0002,30.1221,-91.831,ST. MARTINVILLE 0.2 S,14,0,0.0,11.295788118714167,Coastal,14,4,28.57,True,14.28,Harvey,After
US1LAVM0002,29.9814,-92.2741,KAPLAN 1.6 SSE,14,0,0.0,32.3051367013488,Coastal,14,0,0.0,False,0.0,Harvey,After
US1LAVM0004,29.9762,-92.1072,ABBEVILLE 1.0 E,14,0,0.0,25.521051619597884,Coastal,14,2,14.29,False,7.14,Harvey,After
US1LAWB0002,30.3797,-91.2674,ADDIS 1.7 N,14,0,0.0,1.576400813971848,Coastal,14,3,21.43,True,10.72,Harvey,After
US1LAWF0004,30.8928,-91.3641,WAKEFIELD 0.9 WNW,14,0,0.0,44.966423364291224,Coastal,14,5,35.71,True,17.86,Harvey,After
US1LAWF0005,30.9799,-91.3573,ASHWOOD 5.7 SW,14,14,100.0,55.447174997039916,Rural,0,0,0.0,True,50.0,Harvey,After
US1MSAD0001,31.4213,-91.3985,NATCHEZ 8.8 S,14,10,71.43,16.41451243879389,Coastal,4,2,50.0,True,60.72,Harvey,After
US1MSAD0004,31.4845,-91.2526,NATCHEZ 9.1 ESE,14,6,42.86,16.505985739388475,Coastal,8,3,37.5,True,40.18,Harvey,After
US1TXAG0001,31.3213,-94.8445,LUFKIN 7.0 W,14,1,7.14,5.840977354433331,Coastal,13,2,15.38,False,11.26,Harvey,After
US1TXAG0002,31.1464,-94.3856,ZAVALLA 2.0 ESE,14,0,0.0,40.48011232193804,Coastal,14,3,21.43,True,10.72,Harvey,After
US1TXAG0003,31.3034,-94.7627,LUFKIN 3.0 SW,14,0,0.0,0.5386166408766673,Coastal,14,1,7.14,False,3.57,Harvey,After
US1TXAG0005,31.3212,-94.7211,LUFKIN 0.9 SSE,14,5,35.71,0.0,Coastal,9,0,0.0,True,17.86,Harvey,After
US1TXAG0006,31.3627,-94.8074,LUFKIN 5.2 WNW,14,0,0.0,1.544127219497293,Coastal,14,1,7.14,False,3.57,Harvey,After
US1TXAG0009,31.298,-94.8473,LUFKIN 7.6 WSW,14,1,7.14,6.964176768286721,Coastal,13,0,0.0,False,3.57,Harvey,After
US1TXAG0010,31.3283,-94.7815,HUDSON 0.9 E,14,13,92.86,0.0,Coastal,1,1,100.0,True,96.43,Harvey,After
US1TXAS0002,29.8925,-96.489,NEW ULM 0.1 ENE,14,10,71.43,79.07994689899645,Rural,4,0,0.0,True,35.72,Harvey,After
US1TXAS0003,29.881,-96.331,CAT SPRING 3.8 N,14,0,0.0,61.499027176172824,Rural,14,0,0.0,False,0.0,Harvey,After
US1TXAS0004,29.9515,-96.2544,BELLVILLE 0.4 NE,14,2,14.29,55.76709725288438,Rural,12,0,0.0,False,7.14,Harvey,After
US1TXAS0005,29.7757,-96.1581,SEALY 0.3 WNW,14,0,0.0,41.269790498642195,Coastal,14,0,0.0,False,0.0,Harvey,After
US1TXAS0006,29.8029,-96.1211,SAN FELIPE 1.0 WNW,14,0,0.0,37.11160869036511,Coastal,14,0,0.0,False,0.0,Harvey,After
US1TXAS0007,29.7967,-96.1394,SEALY 1.9 NNE,14,0,0.0,39.13024941915333,Coastal,14,0,0.0,False,0.0,Harvey,After
US1TXAS0012,29.8662,-96.3264,CAT SPRING 1.4 N,14,10,71.43,60.67320670174591,Rural,4,0,0.0,True,35.72,Harvey,After
US1TXAS0014,29.9082,-96.139,BELLVILLE 7.6 ESE,14,14,100.0,41.78023121902255,Coastal,0,0,0.0,True,50.0,Harvey,After
US1TXAS0015,30.0341,-96.2209,BELLVILLE 6.5 NNE,14,2,14.29,57.261331469229376,Rural,12,0,0.0,False,7.14,Harvey,After
US1TXAS0017,29.6411,-96.051,WALLIS 1.1 NE,14,3,21.43,25.183670131310382,Coastal,11,1,9.09,False,15.26,Harvey,After
US1TXAS0018,29.9508,-96.2452,BELLVILLE 0.9 ENE,14,4,28.57,54.78140985528768,Rural,10,0,0.0,False,14.28,Harvey,After
US1TXBRZ018,29.4176,-95.2673,ALVIN 1.6 SW,14,7,50.0,13.512231577153845,Coastal,7,0,0.0,True,25.0,Harvey,After
US1TXBRZ020,29.0296,-95.451,LAKE JACKSON 0.9 SSW,14,0,0.0,0.0,Coastal,14,4,28.57,True,14.28,Harvey,After
US1TXBRZ021,29.1696,-95.4068,ANGLETON 1.3 E,14,0,0.0,0.8829721777366945,Coastal,14,4,28.57,True,14.28,Harvey,After
US1TXBRZ025,29.5478,-95.3485,PEARLAND 4.4 W,14,0,0.0,5.36364580166644,Coastal,14,2,14.29,False,7.14,Harvey,After
US1TXBRZ027,29.0269,-95.4337,LAKE JACKSON 1.3 SE,14,13,92.86,0.0,Coastal,1,1,100.0,True,96.43,Harvey,After
US1TXBRZ032,29.043,-95.4202,LAKE JACKSON 1.6 E,14,0,0.0,0.0,Coastal,14,4,28.57,True,14.28,Harvey,After
US1TXBRZ036,29.5483,-95.3984,PEARLAND 7.4 W,14,14,100.0,6.86829074182162,Coastal,0,0,0.0,True,50.0,Harvey,After
US1TXBZS040,30.6277,-96.2089,COLLEGE STATION 6.4 ENE,14,8,57.14,3.990308978033401,Coastal,6,1,16.67,True,36.9,Harvey,After
US1TXBZS075,30.6014,-96.3145,COLLEGE STATION 0.1 WNW,14,11,78.57,0.0,Coastal,3,0,0.0,True,39.28,Harvey,After
US1TXBZS077,30.647,-96.3237,BRYAN 2.9 ESE,14,14,100.0,0.0,Coastal,0,0,0.0,True,50.0,Harvey,After
US1TXBZS088,30.7138,-96.3902,BRYAN 3.5 NNW,14,3,21.43,0.0,Coastal,11,2,18.18,False,19.8,Harvey,After
US1TXBZS092,30.5774,-96.3146,COLLEGE STATION 1.6 S,14,13,92.86,0.7755753670927706,Coastal,1,0,0.0,True,46.43,Harvey,After
US1TXBZS096,30.6042,-96.3284,COLLEGE STATION 1.0 WNW,14,0,0.0,0.0,Coastal,14,4,28.57,True,14.28,Harvey,After
US1TXBZS097,30.624,-96.3199,COLLEGE STATION 1.7 NNW,14,7,50.0,0.0,Coastal,7,1,14.29,True,32.14,Harvey,After
US1TXBZS098,30.7714,-96.3734,BRYAN 7.1 N,14,9,64.29,7.090478584310423,Coastal,5,1,20.0,True,42.14,Harvey,After
US1TXBZS099,30.6216,-96.399,BRYAN 3.8 SSW,14,0,0.0,0.0,Coastal,14,2,14.29,False,7.14,Harvey,After
US1TXBZS100,30.5595,-96.3711,COLLEGE STATION 4.5 SW,14,0,0.0,5.322129371893312,Coastal,14,3,21.43,True,10.72,Harvey,After
US1TXBZS102,30.6338,-96.351,BRYAN 2.5 SSE,14,0,0.0,0.0,Coastal,14,2,14.29,False,7.14,Harvey,After
US1TXBZS103,30.5994,-96.3257,COLLEGE STATION 0.8 W,14,0,0.0,0.0,Coastal,14,3,21.43,True,10.72,Harvey,After
US1TXBZS104,30.5728,-96.3002,COLLEGE STATION 2.0 SSE,14,9,64.29,1.2438374712945224,Coastal,5,1,20.0,True,42.14,Harvey,After
US1TXCHM008,29.8722,-94.8893,MONT BELVIEU 1.5 NNW,14,4,28.57,0.0,Coastal,10,0,0.0,False,14.28,Harvey,After
US1TXCLR003,29.456,-96.4049,GARWOOD 0.7 NW,14,14,100.0,63.899101269978715,Rural,0,0,0.0,True,50.0,Harvey,After
US1TXCLR006,29.7891,-96.477,NEW ULM 7.2 S,14,0,0.0,76.2591903548563,Rural,14,0,0.0,False,0.0,Harvey,After
US1TXCLR010,29.8188,-96.478,NEW ULM 5.1 S,14,5,35.71,76.89092383589094,Rural,9,1,11.11,True,23.41,Harvey,After
US1TXFB0005,29.6143,-95.634,SUGAR LAND 1.1 WSW,14,0,0.0,0.0,Coastal,14,1,7.14,False,3.57,Harvey,After
US1TXFB0012,29.6166,-95.6332,SUGAR LAND 1.0 W,14,1,7.14,0.0,Coastal,13,0,0.0,False,3.57,Harvey,After
US1TXFB0017,29.6176,-95.7268,RICHMOND 3.4 NE,14,2,14.29,2.318496363478095,Coastal,12,1,8.33,False,11.31,Harvey,After
US1TXFB0018,29.612,-95.7318,RICHMOND 2.9 NE,14,1,7.14,2.028394654770252,Coastal,13,1,7.69,False,7.42,Harvey,After
US1TXFB0022,29.5261,-95.7221,RICHMOND 4.6 SE,14,2,14.29,6.4711955115963375,Coastal,12,0,0.0,False,7.14,Harvey,After
US1TXFB0025,29.6388,-95.6269,SUGAR LAND 1.5 NNW,14,12,85.71,0.0,Coastal,2,0,0.0,True,42.86,Harvey,After
US1TXFB0027,29.5828,-95.6294,SUGAR LAND 2.6 SSW,14,6,42.86,0.0,Coastal,8,0,0.0,True,21.43,Harvey,After
US1TXFB0028,29.4702,-95.4934,MISSOURI CITY 7.5 SSE,14,13,92.86,12.756156112713878,Coastal,1,0,0.0,True,46.43,Harvey,After
US1TXFB0030,29.7018,-95.8007,KATY 6.8 SSE,14,14,100.0,9.012896863091392,Coastal,0,0,0.0,True,50.0,Harvey,After
US1TXFB0032,29.7074,-95.9397,FULSHEAR 2.7 WNW,14,5,35.71,18.622088162914658,Coastal,9,0,0.0,True,17.86,Harvey,After
US1TXFB0040,29.5681,-95.6399,SUGAR LAND 3.8 SSW,14,14,100.0,0.8195511456499454,Coastal,0,0,0.0,True,50.0,Harvey,After
US1TXFB0042,29.557,-95.74,RICHMOND 2.3 SE,14,9,64.29,2.2260526855067453,Coastal,5,0,0.0,True,32.15,Harvey,After
US1TXFB0051,29.6408,-95.739,RICHMOND 4.4 NNE,14,3,21.43,2.395673531365994,Coastal,11,0,0.0,False,10.72,Harvey,After
US1TXFB0053,29.7087,-95.7576,KATY 7.3 SSE,14,5,35.71,5.4842696325625715,Coastal,9,2,22.22,True,28.96,Harvey,After
US1TXFB0054,29.5037,-95.5038,MISSOURI CITY 5.1 SSE,14,14,100.0,8.436765178967947,Coastal,0,0,0.0,True,50.0,Harvey,After
US1TXGM0007,30.6348,-96.1423,IOLA 10.4 SSW,14,0,0.0,10.17959867283071,Coastal,14,2,14.29,False,7.14,Harvey,After
US1TXGV0005,29.4867,-95.2072,FRIENDSWOOD 1.9 SSW,14,4,28.57,3.8413646467560163,Coastal,10,0,0.0,False,14.28,Harvey,After
US1TXGV0006,29.323,-94.9349,BAYOU VISTA 0.2 SE,14,14,100.0,2.7361837590888514,Coastal,0,0,0.0,True,50.0,Harvey,After
US1TXGV0009,29.4555,-95.0889,DICKINSON 1.4 W,14,12,85.71,0.0,Coastal,2,0,0.0,True,42.86,Harvey,After
US1TXGV0015,29.5057,-95.1242,LEAGUE CITY 1.7 NW,14,13,92.86,0.0,Coastal,1,0,0.0,True,46.43,Harvey,After
US1TXGV0016,29.4808,-95.138,LEAGUE CITY 1.9 W,14,14,100.0,2.1446992460433876,Coastal,0,0,0.0,True,50.0,Harvey,After
US1TXGV0017,29.406,-94.9341,TEXAS CITY 1.5 E,14,6,42.86,0.0,Coastal,8,1,12.5,True,27.68,Harvey,After
US1TXGV0018,29.2824,-94.805,GALVESTON 6.4 NE,14,7,50.0,0.0,Coastal,7,1,14.29,True,32.14,Harvey,After
US1TXGV0022,29.511,-95.0898,LEAGUE CITY 2.1 NNE,14,7,50.0,0.0,Coastal,7,0,0.0,True,25.0,Harvey,After
US1TXGV0028,29.5037,-95.1023,LEAGUE CITY 1.3 NNE,14,14,100.0,0.0,Coastal,0,0,0.0,True,50.0,Harvey,After
US1TXGV0029,29.5303,-95.0236,KEMAH 0.2 WNW,14,4,28.57,0.7681983863927664,Coastal,10,1,10.0,False,19.28,Harvey,After
US1TXGV0033,29.4147,-95.1159,SANTA FE 2.5 NNW,14,14,100.0,4.736311420107724,Coastal,0,0,0.0,True,50.0,Harvey,After
US1TXGV0034,29.5407,-95.0698,LEAGUE CITY 2.7 NE,14,0,0.0,0.0,Coastal,14,3,21.43,True,10.72,Harvey,After
US1TXGV0041,29.4498,-95.0927,LEAGUE CITY 2.6 SSE,14,14,100.0,0.49196573880570277,Coastal,0,0,0.0,True,50.0,Harvey,After
US1TXGV0043,29.4765,-94.5803,CRYSTAL BEACH 3.7 ENE,14,10,71.43,24.348637482512444,Coastal,4,0,0.0,True,35.72,Harvey,After
US1TXGV0044,29.5014,-94.9898,BACLIFF 0.5 SSE,14,0,0.0,5.932951089258403,Coastal,14,1,7.14,False,3.57,Harvey,After
US1TXGV0046,29.5231,-95.0382,LEAGUE CITY 3.6 ENE,14,0,0.0,0.6320057571616109,Coastal,14,0,0.0,False,0.0,Harvey,After
US1TXGV0049,29.334,-94.9399,LA MARQUE 3.9 SE,14,0,0.0,1.2254022879389728,Coastal,14,0,0.0,False,0.0,Harvey,After
US1TXGV0051,29.3633,-94.9644,LA MARQUE 1.8 E,14,0,0.0,0.0,Coastal,14,2,14.29,False,7.14,Harvey,After
US1TXGV0052,29.478,-95.1648,LEAGUE CITY 3.5 W,14,7,50.0,3.5447630683683773,Coastal,7,3,42.86,True,46.43,Harvey,After
US1TXGV0054,29.3017,-94.7809,GALVESTON 8.4 NE,14,0,0.0,0.0,Coastal,14,3,21.43,True,10.72,Harvey,After
US1TXGV0060,29.3716,-95.099,SANTA FE 0.7 S,14,0,0.0,7.262132436183277,Coastal,14,2,14.29,False,7.14,Harvey,After
US1TXGV0061,29.2067,-94.9465,GALVESTON 3.6 WSW,14,13,92.86,6.519126472596429,Coastal,1,0,0.0,True,46.43,Harvey,After
US1TXGV0062,29.2767,-94.817,GALVESTON 5.6 NE,14,12,85.71,0.0,Coastal,2,0,0.0,True,42.86,Harvey,After
US1TXGV0063,29.5001,-95.1873,FRIENDSWOOD 1.0 SE,14,4,28.57,2.8798822364609404,Coastal,10,0,0.0,False,14.28,Harvey,After
US1TXGV0064,29.338,-95.0261,HITCHCOCK 1.6 NNW,14,0,0.0,4.1025265327168,Coastal,14,1,7.14,False,3.57,Harvey,After
US1TXGV0065,29.2189,-94.9337,GALVESTON 2.6 WSW,14,9,64.29,4.713698078066487,Coastal,5,1,20.0,True,42.14,Harvey,After
US1TXGV0066,29.3457,-95.0926,SANTA FE 2.5 S,14,12,85.71,8.584795507853203,Coastal,2,0,0.0,True,42.86,Harvey,After
US1TXGV0068,29.4612,-95.0643,DICKINSON 0.5 NNE,14,10,71.43,0.0,Coastal,4,0,0.0,True,35.72,Harvey,After
US1TXGV0069,29.4904,-95.1207,LEAGUE CITY 0.9 WNW,14,0,0.0,0.3603256886552178,Coastal,14,1,7.14,False,3.57,Harvey,After
US1TXGV0070,29.4052,-94.8944,TEXAS CITY 3.8 E,14,0,0.0,0.0,Coastal,14,1,7.14,False,3.57,Harvey,After
US1TXGV0071,29.4095,-95.0314,TEXAS CITY 4.4 W,14,1,7.14,0.0,Coastal,13,1,7.69,False,7.42,Harvey,After
US1TXGV0073,29.3014,-94.7817,GALVESTON 8.3 NE,14,7,50.0,0.0,Coastal,7,2,28.57,True,39.28,Harvey,After
US1TXGV0083,29.4669,-94.6037,CRYSTAL  BEACH 2.1 ENE,14,14,100.0,21.739472097708873,Coastal,0,0,0.0,True,50.0,Harvey,After
US1TXHRN001,30.272,-94.2201,LUMBERTON 1.2 WNW,14,4,28.57,13.059783513878589,Coastal,10,2,20.0,True,24.28,Harvey,After
US1TXHRN002,30.2179,-94.3287,KOUNTZE 10.6 SSW,14,14,100.0,17.062948613591846,Coastal,0,0,0.0,True,50.0,Harvey,After
US1TXHRN005,30.3723,-94.3159,KOUNTZE 0.0 WSW,14,3,21.43,25.53849623191373,Coastal,11,2,18.18,False,19.8,Harvey,After
US1TXHRN006,30.357,-94.3161,KOUNTZE 1.1 S,14,2,14.29,25.40042155377931,Coastal,12,1,8.33,False,11.31,Harvey,After
US1TXHRN007,30.3166,-94.351,KOUNTZE 4.4 SSW,14,14,100.0,26.923586790536415,Coastal,0,0,0.0,True,50.0,Harvey,After
US1TXHRR004,29.7129,-95.6688,MISSION BEND 1.4 N,14,8,57.14,0.0,Coastal,6,0,0.0,True,28.57,Harvey,After
US1TXHRR015,30.0022,-95.196,KINGWOOD 3.9 S,14,0,0.0,0.0,Coastal,14,0,0.0,False,0.0,Harvey,After
US1TXHRR024,29.5743,-95.0633,TAYLOR LAKE VILLAGE 0.5 W,14,14,100.0,0.0,Coastal,0,0,0.0,True,50.0,Harvey,After
US1TXHRR027,29.8138,-95.5505,BUNKER HILL VILLAGE 3.6 NNW,14,0,0.0,0.0,Coastal,14,0,0.0,False,0.0,Harvey,After
US1TXHRR028,29.5371,-95.1215,WEBSTER 0.4 NW,14,0,0.0,0.0,Coastal,14,0,0.0,False,0.0,Harvey,After
US1TXHRR031,29.5453,-95.1821,FRIENDSWOOD 2.5 NNE,14,0,0.0,0.0,Coastal,14,2,14.29,False,7.14,Harvey,After
US1TXHRR032,29.6077,-95.2561,SOUTH HOUSTON 4.0 SSW,14,0,0.0,0.0,Coastal,14,2,14.29,False,7.14,Harvey,After
US1TXHRR033,30.0553,-95.1564,KINGWOOD 1.8 E,14,0,0.0,0.0,Coastal,14,0,0.0,False,0.0,Harvey,After
US1TXHRR043,30.0803,-95.7178,TOMBALL 6.2 W,14,13,92.86,7.64164237379609,Coastal,1,0,0.0,True,46.43,Harvey,After
US1TXHRR052,29.567,-95.0982,NASSAU BAY 1.6 NNW,14,4,28.57,0.0,Coastal,10,0,0.0,False,14.28,Harvey,After
US1TXHRR058,29.8133,-95.5389,SPRING VALLEY 2.7 NW,14,0,0.0,0.0,Coastal,14,0,0.0,False,0.0,Harvey,After
US1TXHRR074,29.9564,-95.6463,CYPRESS 3.2 ESE,14,0,0.0,0.0,Coastal,14,0,0.0,False,0.0,Harvey,After
US1TXHRR076,29.6471,-95.1895,PASADENA 2.4 WSW,14,14,100.0,0.0,Coastal,0,0,0.0,True,50.0,Harvey,After
US1TXHRR084,29.6339,-95.1881,PASADENA 2.8 SW,14,14,100.0,0.0,Coastal,0,0,0.0,True,50.0,Harvey,After
US1TXHRR086,29.775,-94.9253,BAYTOWN 3.2 NE,14,14,100.0,0.0,Coastal,0,0,0.0,True,50.0,Harvey,After
US1TXHRR089,29.5289,-95.1852,FRIENDSWOOD 1.4 NNE,14,4,28.57,0.0,Coastal,10,0,0.0,False,14.28,Harvey,After
US1TXHRR093,29.6849,-95.2197,PASADENA 4.4 WNW,14,0,0.0,0.0,Coastal,14,3,21.43,True,10.72,Harvey,After
US1TXHRR095,29.5993,-95.1161,TAYLOR LAKE VILLAGE 4.1 WNW,14,8,57.14,0.0,Coastal,6,1,16.67,True,36.9,Harvey,After
US1TXHRR114,30.0212,-95.8043,HOCKLEY 2.5 ESE,14,13,92.86,15.328664065638645,Coastal,1,0,0.0,True,46.43,Harvey,After
US1TXHRR116,29.8121,-95.8177,KATY 1.0 NNE,14,2,14.29,4.096871090377337,Coastal,12,1,8.33,False,11.31,Harvey,After
US1TXHRR117,30.1135,-95.5748,TOMBALL 2.7 ENE,14,0,0.0,2.794857533406817,Coastal,14,0,0.0,False,0.0,Harvey,After
US1TXHRR119,29.718,-95.4369,WEST UNIVERSITY PLACE 0.4 WNW,14,0,0.0,0.0,Coastal,14,0,0.0,False,0.0,Harvey,After
US1TXHRR122,29.7054,-95.6652,MISSION BEND 0.8 N,14,0,0.0,0.0,Coastal,14,1,7.14,False,3.57,Harvey,After
US1TXHRR124,30.0075,-95.4846,SPRING 7.1 WSW,14,0,0.0,0.0,Coastal,14,0,0.0,False,0.0,Harvey,After
US1TXHRR139,29.7851,-95.2015,CLOVERLEAF 1.7 W,14,1,7.14,0.0,Coastal,13,1,7.69,False,7.42,Harvey,After
US1TXHRR147,29.6172,-95.2341,SOUTH HOUSTON 3.0 S,14,5,35.71,0.0,Coastal,9,1,11.11,True,23.41,Harvey,After
US1TXHRR150,30.0651,-95.1997,KINGWOOD 0.9 WNW,14,8,57.14,0.0,Coastal,6,0,0.0,True,28.57,Harvey,After
US1TXHRR159,29.9316,-95.5665,JERSEY VILLAGE 3.0 N,14,14,100.0,0.0,Coastal,0,0,0.0,True,50.0,Harvey,After
US1TXHRR162,29.6954,-95.53,BELLAIRE 4.2 W,14,0,0.0,0.0,Coastal,14,0,0.0,False,0.0,Harvey,After
US1TXHRR164,29.9326,-95.6258,JERSEY VILLAGE 4.6 NW,14,5,35.71,0.0,Coastal,9,0,0.0,True,17.86,Harvey,After
US1TXHRR165,29.7858,-95.3735,HOUSTON 1.4 NE,14,3,21.43,0.0,Coastal,11,0,0.0,False,10.72,Harvey,After
US1TXHRR168,29.5761,-95.214,PEARLAND 4.0 ENE,14,0,0.0,0.0,Coastal,14,1,7.14,False,3.57,Harvey,After
US1TXHRR170,29.5308,-95.181,FRIENDSWOOD 1.6 NE,14,1,7.14,0.0,Coastal,13,1,7.69,False,7.42,Harvey,After
US1TXHRR176,29.8054,-95.4529,HOUSTON 4.7 WNW,14,3,21.43,0.0,Coastal,11,0,0.0,False,10.72,Harvey,After
US1TXHRR195,30.0203,-95.1539,HUMBLE 6.9 ENE,14,14,100.0,0.0,Coastal,0,0,0.0,True,50.0,Harvey,After
US1TXHRR203,29.7946,-95.5261,HEDWIG VILLAGE 1.1 NNW,14,0,0.0,0.0,Coastal,14,0,0.0,False,0.0,Harvey,After
US1TXHRR204,29.9172,-95.5617,JERSEY VILLAGE 2.0 NNE,14,14,100.0,0.0,Coastal,0,0,0.0,True,50.0,Harvey,After
US1TXHRR209,29.7973,-95.3741,HOUSTON 2.1 NNE,14,0,0.0,0.0,Coastal,14,1,7.14,False,3.57,Harvey,After
US1TXHRR217,29.5548,-95.1255,WEBSTER 1.6 NNW,14,0,0.0,0.0,Coastal,14,2,14.29,False,7.14,Harvey,After
US1TXHRR222,29.766,-95.7086,MISSION BEND 5.7 NNW,14,0,0.0,0.0,Coastal,14,0,0.0,False,0.0,Harvey,After
US1TXHRR223,29.7668,-95.7061,MISSION BEND 5.6 NNW,14,10,71.43,0.0,Coastal,4,1,25.0,True,48.22,Harvey,After
US1TXHRR225,30.0342,-95.6226,TOMBALL 4.3 S,14,13,92.86,0.0,Coastal,1,0,0.0,True,46.43,Harvey,After
US1TXHRR228,29.7948,-95.737,KATY 5.2 E,14,0,0.0,0.0,Coastal,14,1,7.14,False,3.57,Harvey,After
US1TXHRR232,29.7398,-95.3977,HOUSTON 2.1 SSW,14,0,0.0,0.0,Coastal,14,0,0.0,False,0.0,Harvey,After
US1TXHRR234,29.6703,-94.9945,MORGAN'S POINT 0.8 ESE,14,14,100.0,0.0,Coastal,0,0,0.0,True,50.0,Harvey,After
US1TXHRR236,29.7468,-95.6015,BUNKER HILL VILLAGE 4.4 WSW,14,6,42.86,0.0,Coastal,8,0,0.0,True,21.43,Harvey,After
US1TXHRR237,29.5727,-95.1271,WEBSTER 2.8 NNW,14,11,78.57,0.0,Coastal,3,0,0.0,True,39.28,Harvey,After
US1TXHRR238,29.5865,-95.1379,WEBSTER 3.9 NNW,14,3,21.43,0.0,Coastal,11,0,0.0,False,10.72,Harvey,After
US1TXHRR243,29.9999,-95.5745,TOMBALL 7.2 SSE,14,4,28.57,0.0,Coastal,10,0,0.0,False,14.28,Harvey,After
US1TXHRR245,29.5759,-95.1437,WEBSTER 3.4 NNW,14,14,100.0,0.0,Coastal,0,0,0.0,True,50.0,Harvey,After
US1TXHRR306,30.0592,-95.2262,KINGWOOD 2.4 W,14,0,0.0,0.0,Coastal,14,0,0.0,False,0.0,Harvey,After
US1TXHST003,31.3438,-95.4494,CROCKETT 1.8 NNE,14,0,0.0,54.83187957187361,Rural,14,1,7.14,False,3.57,Harvey,After
US1TXJJ0003,29.9747,-93.9578,PORT NECHES 1.0 W,14,11,78.57,0.0,Coastal,3,1,33.33,True,55.95,Harvey,After
US1TXJJ0007,30.0725,-94.1692,BEAUMONT 1.8 SW,14,14,100.0,0.0,Coastal,0,0,0.0,True,50.0,Harvey,After
US1TXJJ0008,30.0874,-94.1389,BEAUMONT 0.3 E,14,14,100.0,0.0,Coastal,0,0,0.0,True,50.0,Harvey,After
US1TXJJ0009,30.0527,-94.182,BEAUMONT 3.3 SW,14,1,7.14,0.6190926656535115,Coastal,13,1,7.69,False,7.42,Harvey,After
US1TXJJ0010,29.9526,-93.9727,PORT ARTHUR 9.1 NNW,14,9,64.29,0.0,Coastal,5,1,20.0,True,42.14,Harvey,After
US1TXJJ0011,30.0225,-94.1555,BEAUMONT 4.6 S,14,0,0.0,1.5809178521394898,Coastal,14,3,21.43,True,10.72,Harvey,After
US1TXJS0002,30.903,-94.1065,JASPER 6.7 W,14,4,28.57,7.138202269936208,Coastal,10,2,20.0,True,24.28,Harvey,After
US1TXJS0003,30.6405,-93.8851,KIRBYVILLE 1.5 SE,14,0,0.0,36.12645415232063,Coastal,14,0,0.0,False,0.0,Harvey,After
US1TXJS0006,30.4647,-93.963,BUNA 1.4 N,14,5,35.71,13.184392859828568,Coastal,9,2,22.22,True,28.96,Harvey,After
US1TXLR0001,30.3336,-95.0889,CLEVELAND 0.9 SW,14,10,71.43,25.614597572717035,Coastal,4,0,0.0,True,35.72,Harvey,After
US1TXLR0010,30.2722,-95.0688,CLEVELAND 5.0 S,14,9,64.29,21.39737942688494,Coastal,5,0,0.0,True,32.15,Harvey,After
US1TXLR0013,30.2928,-95.082,CLEVELAND 3.6 S,14,0,0.0,22.056135162634007,Coastal,14,0,0.0,False,0.0,Harvey,After
US1TXLR0014,30.0501,-94.8914,DAYTON 0.2 E,14,1,7.14,17.21201666210568,Coastal,13,1,7.69,False,7.42,Harvey,After
US1TXLR0015,30.0403,-94.8815,DAYTON 1.1 SE,14,4,28.57,16.02035507251165,Coastal,10,0,0.0,False,14.28,Harvey,After
US1TXMDS002,30.9023,-95.9182,MADISONVILLE 3.5 S,14,8,57.14,41.12527052622355,Coastal,6,0,0.0,True,28.57,Harvey,After
US1TXMNG004,30.4496,-95.6901,MONTGOMERY 4.0 N,14,7,50.0,20.28780257028839,Coastal,7,0,0.0,True,25.0,Harvey,After
US1TXMNG008,30.1667,-95.5103,THE WOODLANDS 1.4 WNW,14,9,64.29,0.0,Coastal,5,0,0.0,True,32.15,Harvey,After
US1TXMNG014,30.413,-95.66,MONTGOMERY 2.6 NE,14,0,0.0,15.214018525153417,Coastal,14,0,0.0,False,0.0,Harvey,After
US1TXMNG018,30.3867,-95.6135,MONTGOMERY 4.9 E,14,13,92.86,9.261631070174378,Coastal,1,0,0.0,True,46.43,Harvey,After
US1TXMNG020,30.3774,-95.6335,MONTGOMERY 3.8 ESE,14,0,0.0,11.29187669182417,Coastal,14,0,0.0,False,0.0,Harvey,After
US1TXMNG021,30.3976,-95.6954,MONTGOMERY 0.4 N,14,0,0.0,18.475607250408576,Coastal,14,0,0.0,False,0.0,Harvey,After
US1TXMNG023,30.2185,-95.5084,THE WOODLANDS 4.4 NNW,14,14,100.0,0.0,Coastal,0,0,0.0,True,50.0,Harvey,After
US1TXMNG026,30.1985,-95.4959,THE WOODLANDS 2.8 N,14,0,0.0,0.0,Coastal,14,1,7.14,False,3.57,Harvey,After
US1TXMNG030,30.1417,-95.4658,THE WOODLANDS 1.8 SE,14,2,14.29,0.0,Coastal,12,0,0.0,False,7.14,Harvey,After
US1TXMNG031,30.3227,-95.4596,CONROE 0.7 E,14,0,0.0,0.0,Coastal,14,0,0.0,False,0.0,Harvey,After
US1TXMNG033,30.3212,-95.4898,CONROE 1.1 W,14,14,100.0,0.0,Coastal,0,0,0.0,True,50.0,Harvey,After
US1TXMNG035,30.153,-95.6572,PINEHURST 3.8 SE,14,0,0.0,1.0069290981916834,Coastal,14,0,0.0,False,0.0,Harvey,After
US1TXMNG036,30.2135,-95.5621,THE WOODLANDS 5.8 NW,14,8,57.14,1.2571767167196788,Coastal,6,2,33.33,True,45.24,Harvey,After
US1TXMNG051,30.1703,-95.7552,MAGNOLIA 2.8 S,14,0,0.0,11.954618361337634,Coastal,14,1,7.14,False,3.57,Harvey,After
US1TXMNG054,30.2731,-95.5437,MONTGOMERY 12.2 SE,14,11,78.57,4.459395093477995,Coastal,3,0,0.0,True,39.28,Harvey,After
US1TXMNG058,30.1474,-95.4528,THE WOODLANDS 2.3 ESE,14,8,57.14,0.0,Coastal,6,0,0.0,True,28.57,Harvey,After
US1TXMNG061,30.2947,-95.4842,CONROE 2.1 SSW,14,0,0.0,0.0,Coastal,14,1,7.14,False,3.57,Harvey,After
US1TXMNG063,30.1911,-95.1316,ROMAN FOREST 1.9 ENE,14,6,42.86,9.96725077196679,Coastal,8,0,0.0,True,21.43,Harvey,After
US1TXMNG064,30.0991,-95.4083,PINEHURST 0.4 SSE,14,0,0.0,0.0,Coastal,14,0,0.0,False,0.0,Harvey,After
US1TXMTG004,28.8681,-96.1662,PALACIOS 11.5 NNE,14,8,57.14,41.39110094531505,Coastal,6,1,16.67,True,36.9,Harvey,After
US1TXNW0002,31.151,-93.5993,BURKEVILLE 11.2 NNE,14,2,14.29,38.34690225654763,Coastal,12,2,16.67,False,15.48,Harvey,After
US1TXOR0001,30.0428,-93.8675,BRIDGE CITY 1.3 NW,14,3,21.43,5.551675870022921,Coastal,11,2,18.18,False,19.8,Harvey,After
US1TXOR0006,30.2327,-93.9818,VIDOR 7.2 N,14,0,0.0,13.487308278821606,Coastal,14,2,14.29,False,7.14,Harvey,After
US1TXPL0003,30.8009,-95.1039,ONALASKA 0.6 SSE,14,5,35.71,18.670129809602628,Coastal,9,1,11.11,True,23.41,Harvey,After
US1TXPL0016,30.7097,-94.9271,LIVINGSTON 0.5 E,14,14,100.0,0.0,Coastal,0,0,0.0,True,50.0,Harvey,After
US1TXPL0018,30.6984,-95.0765,LIVINGSTON 8.4 W,14,0,0.0,12.512669515191304,Coastal,14,1,7.14,False,3.57,Harvey,After
US1TXPL0022,30.7131,-94.9478,LIVINGSTON 0.7 WNW,14,14,100.0,0.0,Coastal,0,0,0.0,True,50.0,Harvey,After
US1TXPL0024,30.6733,-94.9483,LIVINGSTON 2.6 SSW,14,14,100.0,4.007087274762468,Coastal,0,0,0.0,True,50.0,Harvey,After
US1TXPL0025,30.6904,-94.7108,LIVINGSTON 13.4 E,14,14,100.0,20.900248614551966,Coastal,0,0,0.0,True,50.0,Harvey,After
US1TXPL0027,30.8064,-95.1165,ONALASKA 0.6 WSW,14,0,0.0,20.242700197344732,Coastal,14,3,21.43,True,10.72,Harvey,After
US1TXPL0028,30.7286,-95.1025,LIVINGSTON 10.0 W,14,7,50.0,15.313469143666767,Coastal,7,0,0.0,True,25.0,Harvey,After
US1TXPL0032,30.8977,-94.9428,MOSCOW 7.0 W,14,8,57.14,18.256732800265375,Coastal,6,0,0.0,True,28.57,Harvey,After
US1TXPL0035,30.8603,-95.0783,LIVINGSTON 13.4 NW,14,0,0.0,21.480457874713178,Coastal,14,3,21.43,True,10.72,Harvey,After
US1TXSA0001,31.1342,-94.1062,BROADDUS 15.3 SE,14,0,0.0,23.38523779021931,Coastal,14,2,14.29,False,7.14,Harvey,After
US1TXSA0002,31.225,-94.13,BROADDUS 9.9 SE,14,13,92.86,35.490229247270904,Coastal,1,0,0.0,True,46.43,Harvey,After
US1TXSB0001,31.3206,-93.7072,HEMPHILL 8.6 E,14,6,42.86,55.06473349826907,Rural,8,1,12.5,True,27.68,Harvey,After
US1TXSJ0010,30.8304,-95.2116,POINT BLANK 5.8 N,14,2,14.29,31.10870871844662,Coastal,12,1,8.33,False,11.31,Harvey,After
US1TXSJ0011,30.7407,-95.2072,POINT BLANK 0.7 ESE,14,0,0.0,27.072093544435717,Coastal,14,1,7.14,False,3.57,Harvey,After
US1TXSJ0012,30.6945,-95.2913,OAKHURST 3.6 SSE,14,6,42.86,24.064949840002217,Coastal,8,1,12.5,True,27.68,Harvey,After
US1TXTR0003,30.6704,-94.4295,WOODVILLE 7.2 S,14,0,0.0,51.95165694358838,Rural,14,1,7.14,False,3.57,Harvey,After
US1TXTR0008,30.8035,-94.5643,WOODVILLE 8.7 WNW,14,14,100.0,36.729247106344886,Coastal,0,0,0.0,True,50.0,Harvey,After
US1TXTR0009,30.8855,-94.3959,COLMESNEIL 2.3 SE,14,9,64.29,38.73341413859836,Coastal,5,1,20.0,True,42.14,Harvey,After
US1TXTR0012,30.6021,-94.1673,SPURGER 6.2 S,14,0,0.0,31.106337469328754,Coastal,14,2,14.29,False,7.14,Harvey,After
US1TXTR0013,30.8571,-94.2367,COLMESNEIL 11.6 ESE,14,0,0.0,22.768098264744324,Coastal,14,3,21.43,True,10.72,Harvey,After
US1TXTT0003,31.0046,-95.4235,TRINITY 5.1 NW,14,0,0.0,32.23570867021599,Coastal,14,1,7.14,False,3.57,Harvey,After
US1TXTT0006,30.9441,-95.3237,TRINITY 2.9 E,14,0,0.0,30.866367558140407,Coastal,14,1,7.14,False,3.57,Harvey,After
US1TXWA0003,30.2299,-96.1356,HEMPSTEAD 10.0 NNW,14,1,7.14,44.770379168182515,Coastal,13,1,7.69,False,7.42,Harvey,After
US1TXWA0006,30.1572,-96.2626,BRENHAM 8.0 E,14,0,0.0,53.68008798253849,Rural,14,0,0.0,False,0.0,Harvey,After
US1TXWA0009,30.1564,-96.263,CHAPPELL HILL 1.0 NW,14,0,0.0,53.787333773967156,Rural,14,0,0.0,False,0.0,Harvey,After
US1TXWA0010,30.169,-96.2534,CHAPPELL HILL 1.8 N,14,4,28.57,52.065201252390644,Rural,10,0,0.0,False,14.28,Harvey,After
US1TXWA0012,30.2821,-96.171,WASHINGTON 3.1 SSW,14,0,0.0,37.5221729144737,Coastal,14,0,0.0,False,0.0,Harvey,After
US1TXWA0014,30.2214,-96.2225,WASHINGTON 8.6 SSW,14,0,0.0,45.113436573769924,Coastal,14,0,0.0,False,0.0,Harvey,After
US1TXWA0017,30.3014,-96.4213,BRENHAM 9.9 N,14,0,0.0,38.28088399859546,Coastal,14,0,0.0,False,0.0,Harvey,After
US1TXWA0018,30.1794,-96.404,BRENHAM 1.4 NNW,14,8,57.14,52.98446974930637,Rural,6,0,0.0,True,28.57,Harvey,After
US1TXWA0024,30.1589,-96.3849,BRENHAM 0.7 E,14,0,0.0,55.21376384170095,Rural,14,0,0.0,False,0.0,Harvey,After
US1TXWA0028,30.1497,-96.3783,BRENHAM 1.3 ESE,14,14,100.0,56.280959185565514,Rural,0,0,0.0,True,50.0,Harvey,After
US1TXWH0001,29.3161,-96.0934,WHARTON 0.3 E,14,0,0.0,41.78177107847266,Coastal,14,1,7.14,False,3.57,Harvey,After
US1TXWH0002,29.1267,-96.2602,EL CAMPO 4.9 SSE,14,0,0.0,54.3065885122595,Rural,14,0,0.0,False,0.0,Harvey,After
US1TXWH0004,29.2061,-96.289,EL CAMPO 1.0 NW,14,0,0.0,59.15259629972789,Rural,14,0,0.0,False,0.0,Harvey,After
US1TXWH0005,29.1845,-96.3156,EL CAMPO 2.5 WSW,14,10,71.43,61.390510463688706,Rural,4,0,0.0,True,35.72,Harvey,After
US1TXWH0009,29.3541,-96.0697,WHARTON 3.1 NE,14,7,50.0,36.426941584581336,Coastal,7,0,0.0,True,25.0,Harvey,After
US1TXWH0010,29.1981,-96.2677,EL CAMPO 0.5 ENE,14,14,100.0,56.60470046763753,Rural,0,0,0.0,True,50.0,Harvey,After
US1TXWH0011,29.2278,-96.302,EL CAMPO 2.7 NW,14,0,0.0,61.28104026180036,Rural,14,0,0.0,False,0.0,Harvey,After
US1TXWH0015,29.3534,-96.1477,WHARTON 3.9 NW,14,14,100.0,42.94677353388211,Coastal,0,0,0.0,True,50.0,Harvey,After
US1TXWH0016,29.3099,-96.0774,WHARTON 1.4 ESE,14,14,100.0,41.2278293590978,Coastal,0,0,0.0,True,50.0,Harvey,After
US1TXWH0018,29.4178,-96.0577,EAST BERNARD 7.6 S,14,0,0.0,29.98863244812067,Coastal,14,1,7.14,False,3.57,Harvey,After
US1TXWK0003,30.6256,-95.7148,HUNTSVILLE 11.5 WSW,14,1,7.14,16.439462914388002,Coastal,13,0,0.0,False,3.57,Harvey,After
US1TXWK0005,30.702,-95.596,HUNTSVILLE 2.8 WSW,14,0,0.0,1.083014142526467,Coastal,14,0,0.0,False,0.0,Harvey,After
US1TXWK0011,30.5403,-95.4385,NEW WAVERLY 2.6 E,14,10,71.43,19.240902259765644,Coastal,4,0,0.0,True,35.72,Harvey,After
US1TXWK0012,30.7587,-95.576,HUNTSVILLE 3.6 NNW,14,0,0.0,3.02091226194275,Coastal,14,0,0.0,False,0.0,Harvey,After
US1TXWK0013,30.7751,-95.5835,HUNTSVILLE 4.8 NNW,14,0,0.0,4.268770648430789,Coastal,14,0,0.0,False,0.0,Harvey,After
US1TXWK0014,30.8515,-95.4825,HUNTSVILLE 10.4 NNE,14,10,71.43,11.393109587896893,Coastal,4,0,0.0,True,35.72,Harvey,After
US1TXWK0015,30.7228,-95.4016,DODGE 1.6 S,14,8,57.14,11.254962746360127,Coastal,6,0,0.0,True,28.57,Harvey,After
US1TXWK0018,30.6954,-95.5404,HUNTSVILLE 1.3 SSE,14,0,0.0,0.572022238709693,Coastal,14,0,0.0,False,0.0,Harvey,After
US1TXWK0020,30.6822,-95.5175,HUNTSVILLE 2.8 SE,14,9,64.29,2.853183888312172,Coastal,5,0,0.0,True,32.15,Harvey,After
US1TXWK0021,30.856,-95.4309,RIVERSIDE 2.0 WNW,14,0,0.0,14.606700310946321,Coastal,14,0,0.0,False,0.0,Harvey,After
US1TXWK0025,30.679,-95.555,HUNTSVILLE 2.3 S,14,5,35.71,2.8177211423123065,Coastal,9,0,0.0,True,17.86,Harvey,After
US1TXWK0026,30.6831,-95.4353,HUNTSVILLE 7.1 ESE,14,0,0.0,9.689453216551076,Coastal,14,0,0.0,False,0.0,Harvey,After
US1TXWL0009,29.8729,-96.003,BROOKSHIRE 6.9 NNW,14,1,7.14,26.039677983675556,Coastal,13,2,15.38,False,11.26,Harvey,After
USC00160007,29.9689,-92.1169,ABBEVILLE,14,0,0.0,26.640300375552282,Coastal,14,2,14.29,False,7.14,Harvey,After
USC00160098,31.3206,-92.4611,ALEXANDRIA,14,0,0.0,0.0,Coastal,14,4,28.57,True,14.28,Harvey,After
USC00160103,31.2483,-92.4486,ALEXANDRIA 5 SSE,14,0,0.0,1.5850838935171465,Coastal,14,5,35.71,True,17.86,Harvey,After
USC00160462,30.5669,-91.1633,BAKER,14,3,21.43,0.0,Coastal,11,3,27.27,True,24.35,Harvey,After
USC00160548,30.4192,-91.1303,BATON ROUGE CONCORD,14,1,7.14,0.0,Coastal,13,3,23.08,True,15.11,Harvey,After
USC00160558,30.4494,-91.0478,BATON ROUGE SHERWOOD,14,0,0.0,0.0,Coastal,14,2,14.29,False,7.14,Harvey,After
USC00160565,30.1328,-91.3228,BAYOU SORREL LOCK,14,0,0.0,20.395088917959463,Coastal,14,4,28.57,True,14.28,Harvey,After
USC00160617,30.7903,-92.4969,BEAVER FIRE TWR,14,8,57.14,53.60737371146349,Rural,6,1,16.67,True,36.9,Harvey,After
USC00160658,29.9747,-93.0897,BELL CITY 13 SW,14,0,0.0,28.594005737917936,Coastal,14,6,42.86,True,21.43,Harvey,After
USC00161232,31.395,-92.7167,BOYCE 3 WNW,14,0,0.0,24.638152161991158,Coastal,14,5,35.71,True,17.86,Harvey,After
USC00161287,30.9594,-92.1786,BUNKIE,14,0,0.0,48.730109768324105,Coastal,14,3,21.43,True,10.72,Harvey,After
USC00161535,30.32,-92.0444,CARENCRO,14,0,0.0,3.314049010833585,Coastal,14,2,14.29,False,7.14,Harvey,After
USC00161565,30.1981,-91.1256,CARVILLE 2 SW,14,0,0.0,5.8366553150112335,Coastal,14,3,21.43,True,10.72,Harvey,After
USC00162212,30.2411,-92.3475,CROWLEY 2 NE,14,0,0.0,27.80003480962503,Coastal,14,1,7.14,False,3.57,Harvey,After
USC00162534,30.0719,-91.0278,DONALDSONVILLE 4 SW,14,0,0.0,7.909844964335464,Coastal,14,4,28.57,True,14.28,Harvey,After
USC00162641,30.7414,-93.1389,DRY CREEK 8NW,14,14,100.0,19.782327459516477,Coastal,0,0,0.0,True,50.0,Harvey,After
USC00163313,29.8233,-91.5442,FRANKLIN 3 NW,14,0,0.0,28.449556700468737,Coastal,14,5,35.71,True,17.86,Harvey,After
USC00163800,30.4183,-92.0442,GRAND COTEAU,14,0,0.0,13.05174508088985,Coastal,14,2,14.29,False,7.14,Harvey,After
USC00163979,29.8894,-93.4022,HACKBERRY 8 SSW,14,2,14.29,33.00718196438607,Coastal,12,5,41.67,True,27.98,Harvey,After
USC00164288,31.3747,-93.3911,HODGES GARDENS,14,2,14.29,40.283817542228306,Coastal,12,1,8.33,False,11.31,Harvey,After
USC00164674,29.9594,-91.7111,JEANERETTE 5 NW,14,0,0.0,10.792452920737222,Coastal,14,3,21.43,True,10.72,Harvey,After
USC00164700,30.2003,-92.6642,JENNINGS,14,0,0.0,52.83190635345319,Rural,14,3,21.43,True,10.72,Harvey,After
USC00164739,31.4825,-91.8628,JONESVILLE LOCKS,14,0,0.0,47.68052213094299,Coastal,14,3,21.43,True,10.72,Harvey,After
USC00164775,29.9942,-92.2825,KAPLAN,14,0,0.0,31.60113807489264,Coastal,14,0,0.0,False,0.0,Harvey,After
USC00165065,30.0206,-92.7681,LAKE ARTHUR 7 SW,14,0,0.0,49.76593560324859,Coastal,14,3,21.43,True,10.72,Harvey,After
USC00165072,30.3014,-93.2689,LAKE CHARLES 7 NW,14,8,57.14,0.2505816223889771,Coastal,6,1,16.67,True,36.9,Harvey,After
USC00165074,30.2544,-93.2186,LAKE CHARLES 2 N,14,0,0.0,0.0,Coastal,14,3,21.43,True,10.72,Harvey,After
USC00165076,30.2142,-93.2494,LAKE CHARLES PORT,14,1,7.14,0.0,Coastal,13,2,15.38,False,11.26,Harvey,After
USC00165266,31.1417,-93.2397,LEESVILLE,14,0,0.0,6.31667386083696,Coastal,14,2,14.29,False,7.14,Harvey,After
USC00165287,31.0517,-93.2789,LEESVILLE 6 SSW,14,7,50.0,4.614038787838811,Coastal,7,4,57.14,True,53.57,Harvey,After
USC00165296,29.7869,-92.2083,LELAND BOWMAN LOCK,14,0,0.0,48.72622413319665,Coastal,14,2,14.29,False,7.14,Harvey,After
USC00165620,30.3644,-91.1672,LSU BEN-HUR FARM,14,0,0.0,3.483917437751815,Coastal,14,3,21.43,True,10.72,Harvey,After
USC00165920,31.1286,-92.0644,MARKSVILLE,14,8,57.14,44.07699319562543,Coastal,6,1,16.67,True,36.9,Harvey,After
USC00166394,29.6833,-91.1761,MORGAN CITY,14,0,0.0,0.0,Coastal,14,4,28.57,True,14.28,Harvey,After
USC00166431,30.2944,-93.2083,MOSS BLUFF,14,1,7.14,1.8752487588503794,Coastal,13,2,15.38,False,11.26,Harvey,After
USC00166434,30.3397,-93.215,MOSS BLUFF 2 NNW,14,0,0.0,6.704478827138712,Coastal,14,4,28.57,True,14.28,Harvey,After
USC00166561,29.9342,-91.0164,NAPOLEONVILLE,14,0,0.0,19.958586758003115,Coastal,14,4,28.57,True,14.28,Harvey,After
USC00166657,30.0292,-91.8844,NEW IBERIA AP - ACADIANA RGNL,14,14,100.0,5.513326208079926,Coastal,0,0,0.0,True,50.0,Harvey,After
USC00166686,30.7267,-91.3672,NEW ROADS 5 NE,14,0,0.0,26.248140035049893,Coastal,14,5,35.71,True,17.86,Harvey,After
USC00166808,30.9678,-91.1003,NORWOOD,14,0,0.0,50.35747416484747,Rural,14,5,35.71,True,17.86,Harvey,After
USC00166938,30.6036,-92.7739,OBERLIN FIRE TWR,14,0,0.0,59.352022309497386,Rural,14,2,14.29,False,7.14,Harvey,After
USC00166968,30.2869,-93.1444,OLD TOWN BAY,14,0,0.0,1.3254697042471855,Coastal,14,3,21.43,True,10.72,Harvey,After
USC00166995,30.5081,-92.0925,OPELOUSAS,14,0,0.0,1.604703087326056,Coastal,14,1,7.14,False,3.57,Harvey,After
USC00167366,30.3214,-91.2517,PLAQUEMINE 2 N,14,0,0.0,0.0,Coastal,14,3,21.43,True,10.72,Harvey,After
USC00167448,30.4508,-91.2183,PORT ALLEN,14,3,21.43,0.0,Coastal,11,4,36.36,True,28.9,Harvey,After
USC00167729,31.2544,-91.96,RED RVR LOCK #1,14,10,71.43,50.08249587927043,Rural,4,0,0.0,True,35.72,Harvey,After
USC00167732,31.1872,-92.2906,RED RIVER LOCK # 2,14,9,64.29,18.786769444858287,Coastal,5,2,40.0,True,52.14,Harvey,After
USC00167932,29.7286,-92.8181,ROCKEFELLER WL REFUGE,14,0,0.0,71.35189412386052,Rural,14,3,21.43,True,10.72,Harvey,After
USC00168136,30.7775,-91.3769,ST FRANCISVILLE,14,0,0.0,32.23687587983275,Coastal,14,3,21.43,True,10.72,Harvey,After
USC00168181,30.0858,-91.8694,ST MARTINVILLE 3 SW,14,0,0.0,8.783739622637931,Coastal,14,3,21.43,True,10.72,Harvey,After
USC00168831,30.2383,-93.3447,SULPHUR,14,0,0.0,0.0,Coastal,14,2,14.29,False,7.14,Harvey,After
USC00169074,31.2022,-93.5725,TOLEDO BEND LAKE,14,0,0.0,38.61489908706903,Coastal,14,2,14.29,False,7.14,Harvey,After
USC00169369,30.695,-92.2664,VILLE PLATTE,14,6,42.86,25.498358576354185,Coastal,8,1,12.5,True,27.68,Harvey,After
USC00169376,30.1992,-93.6778,VINTON 5W,14,4,28.57,6.234961844011383,Coastal,10,3,30.0,True,29.28,Harvey,After
USC00223441,31.17,-91.0258,GLOSTER,14,0,0.0,59.70972907567777,Rural,14,4,28.57,True,14.28,Harvey,After
USC00410235,29.7878,-94.6342,ANAHUAC,14,11,78.57,26.930514752179388,Coastal,3,1,33.33,True,55.95,Harvey,After
USC00410257,29.1572,-95.4592,ANGLETON 2 W,14,14,100.0,6.8740864315521355,Coastal,0,0,0.0,True,50.0,Harvey,After
USC00410569,28.9797,-95.975,BAY CITY WTR WKS,14,0,0.0,24.319109666049783,Coastal,14,3,21.43,True,10.72,Harvey,After
USC00410586,29.9142,-94.9908,BAYTOWN,14,0,0.0,4.583377872600602,Coastal,14,2,14.29,False,7.14,Harvey,After
USC00410611,30.0969,-94.0997,BEAUMONT CITY,14,6,42.86,0.0,Coastal,8,1,12.5,True,27.68,Harvey,After
USC00410613,30.0686,-94.2928,BEAUMONT RSCH CTR,14,3,21.43,3.457204448861011,Coastal,11,2,18.18,False,19.8,Harvey,After
USC00410655,30.0317,-96.2167,BELLVILLE 6NNE,14,0,0.0,56.701525406780604,Rural,14,0,0.0,False,0.0,Harvey,After
USC00411048,30.1592,-96.3972,BRENHAM,14,0,0.0,55.39898852758878,Rural,14,0,0.0,False,0.0,Harvey,After
USC00411596,31.2581,-95.9744,CENTERVILLE,14,0,0.0,33.61330057155486,Coastal,14,1,7.14,False,3.57,Harvey,After
USC00411810,30.3636,-95.0839,CLEVELAND,14,5,35.71,29.154683798511655,Coastal,9,0,0.0,True,17.86,Harvey,After
USC00411956,30.3303,-95.4831,CONROE,14,0,0.0,0.0,Coastal,14,0,0.0,False,0.0,Harvey,After
USC00412114,31.3072,-95.4508,CROCKETT,14,0,0.0,59.27536307151724,Rural,14,2,14.29,False,7.14,Harvey,After
USC00412206,30.0211,-95.7069,CYPRESS,14,0,0.0,5.519915214363201,Coastal,14,0,0.0,False,0.0,Harvey,After
USC00412266,29.0661,-96.2583,DANEVANG 1 W,14,0,0.0,50.87736823896413,Rural,14,0,0.0,False,0.0,Harvey,After
USC00412676,29.6211,-96.3661,EAGLE LAKE RESCH CTR,14,7,50.0,58.704629395698994,Rural,7,0,0.0,True,25.0,Harvey,After
USC00412786,29.2,-96.2653,EL CAMPO,14,0,0.0,56.40409217275993,Rural,14,0,0.0,False,0.0,Harvey,After
USC00413340,28.9844,-95.3808,FREEPORT 2 NW,14,0,0.0,0.0,Coastal,14,5,35.71,True,17.86,Harvey,After
USC00414076,31.35,-93.8333,HEMPHILL,14,14,100.0,52.207613277016534,Rural,0,0,0.0,True,50.0,Harvey,After
USC00414325,29.7003,-95.4292,HOUSTON-WESTBURY,14,0,0.0,0.0,Coastal,14,0,0.0,False,0.0,Harvey,After
USC00414327,29.8733,-95.5275,HOUSTON N HOUSTON,14,0,0.0,0.0,Coastal,14,0,0.0,False,0.0,Harvey,After
USC00414333,29.4717,-95.0833,HOUSTON NWSO,14,0,0.0,0.0,Coastal,14,3,21.43,True,10.72,Harvey,After
USC00414382,30.7064,-95.5422,HUNTSVILLE,14,0,0.0,0.0,Coastal,14,0,0.0,False,0.0,Harvey,After
USC00414563,30.9153,-94.0097,JASPER,14,7,50.0,0.0,Coastal,7,2,28.57,True,39.28,Harvey,After
USC00414704,29.8025,-95.8197,KATY CITY,14,0,0.0,3.737123226834927,Coastal,14,0,0.0,False,0.0,Harvey,After
USC00414878,30.375,-94.2994,KOUNTZE,14,0,0.0,23.763298463865354,Coastal,14,3,21.43,True,10.72,Harvey,After
USC00415196,30.0592,-94.795,LIBERTY,14,0,0.0,21.17576348255531,Coastal,14,2,14.29,False,7.14,Harvey,After
USC00415271,30.7394,-94.9256,LIVINGSTON 2 NNE,14,14,100.0,0.0,Coastal,0,0,0.0,True,50.0,Harvey,After
USC00415427,31.3417,-94.7325,LUFKIN #2,14,0,0.0,0.0,Coastal,14,1,7.14,False,3.57,Harvey,After
USC00415435,30.2503,-94.1783,LUMBERTON,14,0,0.0,8.894784941893825,Coastal,14,1,7.14,False,3.57,Harvey,After
USC00415477,30.9392,-95.9203,MADISONVILLE,14,1,7.14,44.07686214645741,Coastal,13,2,15.38,False,11.26,Harvey,After
USC00415659,28.6836,-95.9733,MATAGORDA #2,14,13,92.86,52.60646335418141,Rural,1,0,0.0,True,46.43,Harvey,After
USC00416024,30.3908,-95.6969,MONTGOMERY,14,0,0.0,18.497525889126,Coastal,14,0,0.0,False,0.0,Harvey,After
USC00416280,30.1375,-95.1783,NEW CANEY 2 E,14,2,14.29,3.076118500089018,Coastal,12,0,0.0,False,7.14,Harvey,After
USC00416664,30.0858,-93.7417,ORANGE,14,0,0.0,0.0,Coastal,14,3,21.43,True,10.72,Harvey,After
USC00416680,30.2267,-93.7389,ORANGE 9 N,14,2,14.29,9.172381451048892,Coastal,12,2,16.67,False,15.48,Harvey,After
USC00417040,31.2447,-93.9658,PINELAND,14,0,0.0,35.716154364180525,Coastal,14,3,21.43,True,10.72,Harvey,After
USC00417172,29.9044,-93.9708,PORT ARTHUR CITY,14,0,0.0,0.0,Coastal,14,3,21.43,True,10.72,Harvey,After
USC00417594,29.5839,-95.7553,RICHMOND,14,0,0.0,0.0,Coastal,14,0,0.0,False,0.0,Harvey,After
USC00417936,31.0619,-94.1011,SAM RAYBURN DAM,14,0,0.0,14.241036382349494,Coastal,14,1,7.14,False,3.57,Harvey,After
USC00418311,30.3703,-94.2019,SILSBEE 4 N,14,14,100.0,12.969773841961823,Coastal,0,0,0.0,True,50.0,Harvey,After
USC00418728,29.6197,-95.6575,SUGAR LAND,14,14,100.0,0.0,Coastal,0,0,0.0,True,50.0,Harvey,After
USC00418996,29.4822,-95.6314,THOMPSONS 3 WSW,14,0,0.0,10.538585167752778,Coastal,14,3,21.43,True,10.72,Harvey,After
USC00419101,30.7931,-94.1819,TOWN BLUFF DAM,14,0,0.0,22.95334642226583,Coastal,14,1,7.14,False,3.57,Harvey,After
USC00419491,30.3236,-96.1594,WASHINGTON SP,14,4,28.57,32.412707925568455,Coastal,10,0,0.0,False,14.28,Harvey,After
USC00419605,29.1378,-95.6253,W COLUMBIA 1 ESE,14,7,50.0,13.552122680850127,Coastal,7,2,28.57,True,39.28,Harvey,After
USC00419655,29.3178,-96.0847,WHARTON,14,0,0.0,40.978951597062164,Coastal,14,0,0.0,False,0.0,Harvey,After
USC00419898,30.7678,-94.4117,WOODVILLE,14,11,78.57,45.363275949291584,Coastal,3,1,33.33,True,55.95,Harvey,After
USW00003904,30.5911,-96.3631,COLLEGE STN EASTERWOOD FLD,14,0,0.0,1.978468508672472,Coastal,14,3,21.43,True,10.72,Harvey,After
USW00003937,30.1253,-93.2158,LAKE CHARLES,14,0,0.0,5.86873759219423,Coastal,14,3,21.43,True,10.72,Harvey,After
USW00003949,31.3569,-93.1761,PEASON RIDGE RANGE,14,0,0.0,34.921312745118954,Coastal,14,4,28.57,True,14.28,Harvey,After
USW00012917,29.9519,-94.0261,PORT ARTHUR SE TX RGNL AP,14,0,0.0,2.0442776257944937,Coastal,14,4,28.57,True,14.28,Harvey,After
USW00012918,29.6458,-95.2822,HOUSTON WILLIAM P HOBBY AP,14,0,0.0,0.0,Coastal,14,3,21.43,True,10.72,Harvey,After
USW00012923,29.2703,-94.8642,GALVESTON SCHOLES FLD,14,0,0.0,0.0,Coastal,14,3,21.43,True,10.72,Harvey,After
USW00012935,28.7247,-96.2536,PALACIOS MUNI AP,14,0,0.0,26.191580184690608,Coastal,14,4,28.57,True,14.28,Harvey,After
USW00012953,29.2661,-96.0075,WHARTON RGNL AP,14,11,78.57,34.19835564618808,Coastal,3,2,66.67,True,72.62,Harvey,After
USW00012960,29.9844,-95.3608,HOUSTON INTERCONTINENTAL AP,14,0,0.0,0.0,Coastal,14,3,21.43,True,10.72,Harvey,After
USW00012968,29.5589,-91.525,SALT PT,14,0,0.0,26.565377598443572,Coastal,14,3,21.43,True,10.72,Harvey,After
USW00012975,29.5192,-95.2422,HOUSTON CLOVER FLD,14,0,0.0,1.8572850443177737,Coastal,14,4,28.57,True,14.28,Harvey,After
USW00012976,29.1153,-95.4633,ANGLETON LK JACKSON BRAZORIA C,14,5,35.71,1.5147548416833831,Coastal,9,3,33.33,True,34.52,Harvey,After
USW00012977,29.6197,-95.6575,HOUSTON SUGARLAND MEM,14,0,0.0,0.0,Coastal,14,2,14.29,False,7.14,Harvey,After
USW00012981,28.9731,-95.8633,BAY CITY MUNI AP,14,0,0.0,14.664514041755197,Coastal,14,4,28.57,True,14.28,Harvey,After
USW00013935,31.3964,-92.2828,ALEXANDRIA ESLER FLD,14,0,0.0,12.31934416832791,Coastal,14,5,35.71,True,17.86,Harvey,After
USW00013970,30.5378,-91.1469,BATON ROUGE METRO AP,14,0,0.0,0.0,Coastal,14,4,28.57,True,14.28,Harvey,After
USW00013976,30.1986,-91.9894,LAFAYETTE RGNL AP,14,0,0.0,0.0,Coastal,14,4,28.57,True,14.28,Harvey,After
USW00053902,30.3611,-95.4175,CONROE MONTGOMERY CO AP,14,0,0.0,0.0,Coastal,14,3,21.43,True,10.72,Harvey,After
USW00053903,30.7444,-95.5867,HUNTSVILLE MUNI AP,14,0,0.0,1.3783204798906665,Coastal,14,2,14.29,False,7.14,Harvey,After
USW00053910,30.0681,-95.5564,HOUSTON HOOKS MEM AP,14,0,0.0,2.5454026829856344,Coastal,14,2,14.29,False,7.14,Harvey,After
USW00053915,30.0292,-91.8844,NEW IBERIA AP - ACADIANA RGNL,14,0,0.0,5.513326208079926,Coastal,14,3,21.43,True,10.72,Harvey,After
USW00053928,30.2189,-96.3742,BRENHAM MUNI AP,14,0,0.0,47.395316524064754,Coastal,14,3,21.43,True,10.72,Harvey,After
USW00053960,30.0917,-91.8731,LAFAYETTE 13 SE,14,0,0.0,9.632549510046632,Coastal,14,4,28.57,True,14.28,Harvey,After
USW00053988,31.0217,-92.9108,FT POLK FULLERTON LNDG STRIP,14,0,0.0,29.981464026380937,Coastal,14,2,14.29,False,7.14,Harvey,After
USW00093915,31.3347,-92.5586,ALEXANDRIA INTL AP,14,0,0.0,5.732598130338107,Coastal,14,5,35.71,True,17.86,Harvey,After
USW00093987,31.2358,-94.7547,LUFKIN ANGELINA CO AP,14,0,0.0,1.3262116311909542,Coastal,14,2,14.29,False,7.14,Harvey,After
US1ALBW0045,30.488,-87.8002,SILVERHILL 5.0 SW,9,9,100.0,19.57260121416126,Coastal,0,0,0.0,True,50.0,Rita,Before
US1ALTS0003,33.0786,-87.4009,HOLT 11.4 SSE,9,9,100.0,14.137698384561007,Coastal,0,0,0.0,True,50.0,Rita,Before
US1LALF0010,29.702,-90.6262,RACELAND 2.1 WSW,9,9,100.0,10.778455904217545,Coastal,0,0,0.0,True,50.0,Rita,Before
US1LATR0015,29.635,-90.7405,HOUMA 4.4 NNW,9,9,100.0,0.0,Coastal,0,0,0.0,True,50.0,Rita,Before
US1MSHR0022,30.6592,-89.1297,SAUCIER 1.7 NNE,9,9,100.0,21.48228180414012,Coastal,0,0,0.0,True,50.0,Rita,Before
US1MSNW0005,32.5706,-89.1432,UNION 1.6 W,9,8,88.89,48.762070064340584,Coastal,1,0,0.0,True,44.44,Rita,Before
US1MSRN0013,32.3471,-89.9874,BRANDON 4.7 NNE,9,9,100.0,5.990292257639462,Coastal,0,0,0.0,True,50.0,Rita,Before
US1TXAR0007,28.0357,-97.0717,ROCKPORT 1.3 WSW,9,9,100.0,0.3283043494845695,Coastal,0,0,0.0,True,50.0,Rita,Before
US1TXAS0002,29.8925,-96.489,NEW ULM 0.1 ENE,9,9,100.0,79.07994689899645,Rural,0,0,0.0,True,50.0,Rita,Before
US1TXBEL034,31.0684,-97.4561,BELTON 0.4 E,9,9,100.0,6.60570754137393,Coastal,0,0,0.0,True,50.0,Rita,Before
US1TXBEL113,31.0919,-97.4486,TEMPLE 5.1 W,9,9,100.0,4.783555344531458,Coastal,0,0,0.0,True,50.0,Rita,Before
US1TXBRT124,30.7061,-98.2713,BURNET 4.5 SSW,9,9,100.0,49.5618566547205,Coastal,0,0,0.0,True,50.0,Rita,Before
US1TXBST086,30.1685,-97.2498,BASTROP 5.1 NE,9,9,100.0,44.71988310197278,Coastal,0,0,0.0,True,50.0,Rita,Before
US1TXBST140,30.1153,-97.342,BASTROP 2.2 W,9,9,100.0,38.22540505196106,Coastal,0,0,0.0,True,50.0,Rita,Before
US1TXBST152,30.3702,-97.3113,ELGIN 3.9 ENE,9,9,100.0,35.4906079562432,Coastal,0,0,0.0,True,50.0,Rita,Before
US1TXBXR229,29.5178,-98.4388,TERRELL HILLS 2.8 N,9,9,100.0,0.0,Coastal,0,0,0.0,True,50.0,Rita,Before
US1TXCLL018,33.0539,-96.8371,PLANO 5.3 W,9,9,100.0,0.0,Coastal,0,0,0.0,True,50.0,Rita,Before
US1TXCLL030,33.3127,-96.5827,ANNA 3.7 SSW,9,9,100.0,5.6490204594558735,Coastal,0,0,0.0,True,50.0,Rita,Before
US1TXCLL033,32.9921,-96.7397,RICHARDSON 2.2 NW,9,9,100.0,0.0,Coastal,0,0,0.0,True,50.0,Rita,Before
US1TXCML048,29.9454,-98.3706,CANYON LAKE 8.1 NW,9,9,100.0,36.640368148936915,Coastal,0,0,0.0,True,50.0,Rita,Before
US1TXCML092,29.6411,-98.3114,GARDEN RIDGE 1.2 WNW,9,9,100.0,5.317538542314873,Coastal,0,0,0.0,True,50.0,Rita,Before
US1TXCML219,29.7481,-98.2522,NEW BRAUNFELS 8.6 WNW,9,9,100.0,13.059396342111604,Coastal,0,0,0.0,True,50.0,Rita,Before
US1TXDA0050,32.5996,-96.9537,CEDAR HILL 1.4 N,9,9,100.0,0.0,Coastal,0,0,0.0,True,50.0,Rita,Before
US1TXDA0052,32.7709,-96.6409,MESQUITE 2.4 W,9,9,100.0,0.0,Coastal,0,0,0.0,True,50.0,Rita,Before
US1TXDN0068,33.1562,-97.0345,SHADY SHORES 0.7 SE,9,9,100.0,2.2325188151692132,Coastal,0,0,0.0,True,50.0,Rita,Before
US1TXDN0108,33.2339,-97.2932,PONDER 3.8 N,9,9,100.0,14.44500612721719,Coastal,0,0,0.0,True,50.0,Rita,Before
US1TXDN0109,33.1832,-97.2862,PONDER 0.3 NNE,9,9,100.0,14.089243705273063,Coastal,0,0,0.0,True,50.0,Rita,Before
US1TXDW0008,29.0423,-97.6523,YORKTOWN 9.8 WNW,9,9,100.0,72.27335177097787,Rural,0,0,0.0,True,50.0,Rita,Before
US1TXEL0023,32.4225,-96.8108,WAXAHACHIE 2.6 ENE,9,9,100.0,0.0,Coastal,0,0,0.0,True,50.0,Rita,Before
US1TXGZ0010,29.4461,-97.425,GONZALES 4.5 SSE,9,9,100.0,77.66079005507123,Rural,0,0,0.0,True,50.0,Rita,Before
US1TXHYS012,30.1066,-97.8539,BUDA 1.7 NNW,9,9,100.0,8.216753527844578,Coastal,0,0,0.0,True,50.0,Rita,Before
US1TXHYS292,30.0284,-98.0761,WIMBERLEY 2.9 NNE,9,9,100.0,17.165769900658756,Coastal,0,0,0.0,True,50.0,Rita,Before
US1TXJC0002,33.0402,-98.1207,PERRIN 3.0 ENE,9,9,100.0,24.865480085374568,Coastal,0,0,0.0,True,50.0,Rita,Before
US1TXLL0002,30.6936,-98.4098,KINGSLAND 3.3 NE,9,9,100.0,63.434894446576614,Rural,0,0,0.0,True,50.0,Rita,Before
US1TXLO0009,28.3638,-98.1405,GEORGE WEST 2.7 NNW,9,9,100.0,48.387972082625296,Coastal,0,0,0.0,True,50.0,Rita,Before
US1TXMCL038,31.6166,-97.1403,WACO 4.1 NE,9,9,100.0,0.0,Coastal,0,0,0.0,True,50.0,Rita,Before
US1TXNU0013,27.5861,-97.7908,BISHOP 0.4 ENE,9,9,100.0,30.9695928975512,Coastal,0,0,0.0,True,50.0,Rita,Before
US1TXNV0005,32.067,-96.745,BLOOMING GROVE 2.4 SW,9,9,100.0,27.943318959114226,Coastal,0,0,0.0,True,50.0,Rita,Before
US1TXSM0028,32.2093,-95.3207,FLINT 1.7 ENE,9,9,100.0,8.142903139314033,Coastal,0,0,0.0,True,50.0,Rita,Before
US1TXTN0087,32.8757,-97.4798,EAGLE MOUNTAIN 2.4 WSW,9,8,88.89,3.9849633461463654,Coastal,1,0,0.0,True,44.44,Rita,Before
US1TXTV0117,30.3721,-97.8134,AUSTIN 5.9 NW,9,9,100.0,0.0,Coastal,0,0,0.0,True,50.0,Rita,Before
US1TXTV0207,30.3419,-98.1322,DRIPPING SPRINGS 10.9 NNW,9,9,100.0,27.52814888403329,Coastal,0,0,0.0,True,50.0,Rita,Before
US1TXVC0034,28.7423,-97.0268,VICTORIA 6.4 SSW,9,9,100.0,6.742368501663224,Coastal,0,0,0.0,True,50.0,Rita,Before
US1TXWL0009,29.8729,-96.003,BROOKSHIRE 6.9 NNW,9,9,100.0,26.039677983675556,Coastal,0,0,0.0,True,50.0,Rita,Before
USC00010140,32.2322,-87.4103,ALBERTA,9,0,0.0,45.17084490779019,Coastal,9,0,0.0,False,0.0,Rita,Before
USC00010178,33.1272,-88.155,ALICEVILLE,9,9,100.0,52.00554352147743,Rural,0,0,0.0,True,50.0,Rita,Before
USC00010184,33.2103,-88.2869,BEVILL L&D,9,0,0.0,36.10290773912429,Coastal,9,0,0.0,False,0.0,Rita,Before
USC00010402,31.1819,-87.4389,ATMORE,9,0,0.0,67.29928719328933,Rural,9,0,0.0,False,0.0,Rita,Before
USC00010505,33.4528,-87.3572,BANKHEAD L&D,9,0,0.0,28.779005717686974,Coastal,9,0,0.0,False,0.0,Rita,Before
USC00010583,30.8839,-87.7853,BAY MINETTE,9,0,0.0,27.005729121077646,Coastal,9,0,0.0,False,0.0,Rita,Before
USC00010764,33.3936,-87.0067,BESSEMER 3 WSW,9,0,0.0,0.0,Coastal,9,0,0.0,False,0.0,Rita,Before
USC00011080,31.1414,-87.0486,BREWTON 3 ENE,9,0,0.0,63.20789670263743,Rural,9,0,0.0,False,0.0,Rita,Before
USC00011084,31.0583,-87.055,BREWTON 3 SSE,9,0,0.0,52.39003849370076,Rural,9,0,0.0,False,0.0,Rita,Before
USC00011143,33.2619,-87.3103,BROOKWOOD,9,0,0.0,16.526207225118046,Coastal,9,0,0.0,False,0.0,Rita,Before
USC00011189,32.0911,-88.2322,BUTLER,9,0,0.0,60.0787662604144,Rural,9,0,0.0,False,0.0,Rita,Before
USC00011566,31.4714,-88.2503,CHATOM,9,0,0.0,61.04812226213198,Rural,9,0,0.0,False,0.0,Rita,Before
USC00011690,31.6147,-87.5003,CLAIBORNE L&D,9,0,0.0,96.6282889997027,Rural,9,0,0.0,False,0.0,Rita,Before
USC00011803,30.3875,-88.2269,CODEN,9,0,0.0,17.98151650121329,Coastal,9,0,0.0,False,0.0,Rita,Before
USC00011810,31.7561,-88.1289,COFFEEVILLE L&D,9,0,0.0,95.33810351545084,Rural,9,0,0.0,False,0.0,Rita,Before
USC00012172,30.2506,-88.0775,DAUPHIN IS #2,9,6,66.67,30.079533569288447,Coastal,3,0,0.0,True,33.34,Rita,Before
USC00012245,32.5194,-87.8794,DEMOPOLIS L&D,9,9,100.0,1.5057398642391013,Coastal,0,0,0.0,True,50.0,Rita,Before
USC00012813,30.5467,-87.8808,FAIRHOPE 2 NE,9,0,0.0,8.155171737596627,Coastal,9,0,0.0,False,0.0,Rita,Before
USC00013160,32.8347,-88.1342,GAINESVILLE LOCK,9,0,0.0,50.490736622515534,Rural,9,0,0.0,False,0.0,Rita,Before
USC00013511,32.6922,-87.5761,GREENSBORO,9,0,0.0,34.388651094861714,Coastal,9,0,0.0,False,0.0,Rita,Before
USC00013930,33.2531,-87.4497,HOLT L&D,9,0,0.0,2.0220430757097954,Coastal,9,0,0.0,False,0.0,Rita,Before
USC00014193,31.5253,-87.9278,JACKSON,9,0,0.0,67.07746546497523,Rural,9,0,0.0,False,0.0,Rita,Before
USC00014798,32.5811,-88.1897,LIVINGSTON,9,0,0.0,36.976048128186726,Coastal,9,0,0.0,False,0.0,Rita,Before
USC00015112,32.7028,-87.2681,MARION 7 NE,9,0,0.0,39.49157807418304,Coastal,9,0,0.0,False,0.0,Rita,Before
USC00015121,32.4717,-87.2308,MARION JUNCTION 2 NE,9,0,0.0,18.847030089238515,Coastal,9,0,0.0,False,0.0,Rita,Before
USC00015354,31.9306,-88.4586,MELVIN,9,9,100.0,60.601242130520625,Rural,0,0,0.0,True,50.0,Rita,Before
USC00015420,32.1003,-87.3983,MILLERS FERRY L&D,9,0,0.0,55.40413160271375,Rural,9,0,0.0,False,0.0,Rita,Before
USC00015658,32.9964,-87.6319,MOUNDVILLE,9,0,0.0,19.55697323115302,Coastal,9,0,0.0,False,0.0,Rita,Before
USC00016362,32.6567,-87.0928,PERRYVILLE,9,0,0.0,25.163259570600843,Coastal,9,0,0.0,False,0.0,Rita,Before
USC00016847,33.3739,-88.0053,REFORM,9,0,0.0,43.156365279135024,Coastal,9,0,0.0,False,0.0,Rita,Before
USC00016988,30.5653,-87.7017,ROBERTSDALE,9,0,0.0,21.925643726286804,Coastal,9,0,0.0,False,0.0,Rita,Before
USC00017366,32.4111,-87.0144,SELMA,9,0,0.0,0.0,Coastal,9,0,0.0,False,0.0,Rita,Before
USC00018178,31.9172,-87.7347,THOMASVILLE,9,0,0.0,77.64812732202455,Rural,9,0,0.0,False,0.0,Rita,Before
USC00018380,33.2231,-87.61,TUSCALOOSA ACFD,9,0,0.0,0.0,Coastal,9,0,0.0,False,0.0,Rita,Before
USC00018385,33.2108,-87.5933,TUSCALOOSA OLIVER DAM,9,0,0.0,0.0,Coastal,9,0,0.0,False,0.0,Rita,Before
USC00018446,32.5506,-87.5308,UNIONTOWN,9,9,100.0,31.78090823990645,Coastal,0,0,0.0,True,50.0,Rita,Before
USC00018637,31.21,-87.1789,WALLACE 2 E,9,0,0.0,73.2167400899987,Rural,9,0,0.0,False,0.0,Rita,Before
USC00018673,32.7747,-87.8306,WARRIOR L&D,9,0,0.0,31.413519087210293,Coastal,9,0,0.0,False,0.0,Rita,Before
USC00018809,33.1186,-87.1264,W BLOCTON,9,0,0.0,35.233193524849355,Coastal,9,0,0.0,False,0.0,Rita,Before
USC00018867,31.6508,-87.7097,WHATLEY,9,7,77.78,89.37634778261932,Rural,2,0,0.0,True,38.89,Rita,Before
USC00031140,33.3053,-92.4867,CALION L&D,9,0,0.0,17.851563738379586,Coastal,9,2,22.22,True,11.11,Rita,Before
USC00031730,33.1111,-91.9481,CROSSETT 2 SSE,9,0,0.0,2.86594262457614,Coastal,9,1,11.11,False,5.56,Rita,Before
USC00032355,33.1144,-91.2628,EUDORA,9,0,0.0,39.82961552000307,Coastal,9,0,0.0,False,0.0,Rita,Before
USC00032475,33.0597,-92.1236,FELSENTHAL L&D,9,0,0.0,18.13266389507925,Coastal,9,0,0.0,False,0.0,Rita,Before
USC00033088,33.2278,-91.7939,HAMBURG,9,9,100.0,19.030305066960853,Coastal,0,0,0.0,True,50.0,Rita,Before
USC00034185,33.3614,-93.5675,LEWISVILLE,9,0,0.0,29.286054800072648,Coastal,9,2,22.22,True,11.11,Rita,Before
USC00034548,33.2586,-93.1822,MAGNOLIA,9,0,0.0,3.5151557334495385,Coastal,9,3,33.33,True,16.66,Rita,Before
USC00034936,33.3008,-92.3494,MORO BAY SP,9,0,0.0,31.106095415239608,Coastal,9,0,0.0,False,0.0,Rita,Before
USC00035866,33.2511,-91.5058,PORTLAND,9,0,0.0,47.91125142874955,Coastal,9,0,0.0,False,0.0,Rita,Before
USC00085793,30.7794,-87.1414,MILTON EXP STN,9,0,0.0,18.29445093654837,Coastal,9,0,0.0,False,0.0,Rita,Before
USC00086999,30.53,-87.1983,PENSACOLA 7 NNE,9,0,0.0,0.0,Coastal,9,0,0.0,False,0.0,Rita,Before
USC00160007,29.9689,-92.1169,ABBEVILLE,9,0,0.0,26.640300375552282,Coastal,9,4,44.44,True,22.22,Rita,Before
USC00160012,30.4586,-90.0975,ABITA RVR COVINGTON,9,0,0.0,0.0,Coastal,9,3,33.33,True,16.66,Rita,Before
USC00160016,30.4714,-90.0436,ABITA SPRINGS 1 SW,9,0,0.0,2.5161909821917203,Coastal,9,2,22.22,True,11.11,Rita,Before
USC00160021,30.4372,-90.0519,ABITA SPRINGS FIRE TWR,9,0,0.0,0.45601387294707924,Coastal,9,3,33.33,True,16.66,Rita,Before
USC00160098,31.3206,-92.4611,ALEXANDRIA,9,0,0.0,0.0,Coastal,9,3,33.33,True,16.66,Rita,Before
USC00160103,31.2483,-92.4486,ALEXANDRIA 5 SSE,9,0,0.0,1.5850838935171465,Coastal,9,2,22.22,True,11.11,Rita,Before
USC00160205,30.7094,-90.525,AMITE,9,0,0.0,21.740443293097858,Coastal,9,3,33.33,True,16.66,Rita,Before
USC00160238,30.9644,-89.815,ANGIE,9,0,0.0,54.56950122941723,Rural,9,1,11.11,False,5.56,Rita,Before
USC00160277,32.5511,-92.9186,ARCADIA,9,0,0.0,20.70985334028072,Coastal,9,3,33.33,True,16.66,Rita,Before
USC00160349,32.1292,-93.1164,ASHLAND,9,0,0.0,44.145533775446395,Coastal,9,3,33.33,True,16.66,Rita,Before
USC00160462,30.5669,-91.1633,BAKER,9,0,0.0,0.0,Coastal,9,3,33.33,True,16.66,Rita,Before
USC00160537,32.7314,-91.9144,BASTROP,9,0,0.0,5.234676751545665,Coastal,9,1,11.11,False,5.56,Rita,Before
USC00160540,30.8206,-91.6622,BATCHELOR,9,0,0.0,56.51289758950308,Rural,9,3,33.33,True,16.66,Rita,Before
USC00160546,30.5586,-91.0342,BATON ROUGE CNTRL,9,0,0.0,5.692536853477647,Coastal,9,2,22.22,True,11.11,Rita,Before
USC00160548,30.4192,-91.1303,BATON ROUGE CONCORD,9,0,0.0,0.0,Coastal,9,2,22.22,True,11.11,Rita,Before
USC00160558,30.4494,-91.0478,BATON ROUGE SHERWOOD,9,0,0.0,0.0,Coastal,9,1,11.11,False,5.56,Rita,Before
USC00160565,30.1328,-91.3228,BAYOU SORREL LOCK,9,0,0.0,20.395088917959463,Coastal,9,4,44.44,True,22.22,Rita,Before
USC00160617,30.7903,-92.4969,BEAVER FIRE TWR,9,0,0.0,53.60737371146349,Rural,9,1,11.11,False,5.56,Rita,Before
USC00160658,29.9747,-93.0897,BELL CITY 13 SW,9,0,0.0,28.594005737917936,Coastal,9,3,33.33,True,16.66,Rita,Before
USC00160718,32.6997,-93.6619,BENTON 5E,9,9,100.0,12.655467532841481,Coastal,0,0,0.0,True,50.0,Rita,Before
USC00160800,32.3744,-92.9433,BIENVILLE 3 NE,9,0,0.0,30.815587927865153,Coastal,9,4,44.44,True,22.22,Rita,Before
USC00160945,30.7808,-89.8567,BOGALUSA,9,0,0.0,34.63617710540486,Coastal,9,3,33.33,True,16.66,Rita,Before
USC00161200,32.5331,-93.71,BOSSIER CITY 2,9,0,0.0,0.0,Coastal,9,4,44.44,True,22.22,Rita,Before
USC00161232,31.395,-92.7167,BOYCE 3 WNW,9,0,0.0,24.638152161991158,Coastal,9,3,33.33,True,16.66,Rita,Before
USC00161235,31.3025,-92.73,BOYCE 7 SW,9,0,0.0,23.017659343589184,Coastal,9,3,33.33,True,16.66,Rita,Before
USC00161246,30.3919,-91.2711,BRUSLY 2 W,9,0,0.0,1.7638886546570074,Coastal,9,4,44.44,True,22.22,Rita,Before
USC00161287,30.9594,-92.1786,BUNKIE,9,0,0.0,48.730109768324105,Coastal,9,2,22.22,True,11.11,Rita,Before
USC00161292,29.3414,-89.5158,BURAS,9,0,0.0,81.13752633923639,Rural,9,2,22.22,True,11.11,Rita,Before
USC00161365,30.2817,-91.6911,BUTTE LA ROSE,9,0,0.0,31.88469805946053,Coastal,9,4,44.44,True,22.22,Rita,Before
USC00161411,32.5372,-92.3597,CALHOUN 2 N,9,0,0.0,15.406800680167391,Coastal,9,1,11.11,False,5.56,Rita,Before
USC00161535,30.32,-92.0444,CARENCRO,9,0,0.0,3.314049010833585,Coastal,9,4,44.44,True,22.22,Rita,Before
USC00161565,30.1981,-91.1256,CARVILLE 2 SW,9,0,0.0,5.8366553150112335,Coastal,9,3,33.33,True,16.66,Rita,Before
USC00161639,29.9664,-89.9761,CHALMETTE,9,0,0.0,0.0,Coastal,9,3,33.33,True,16.66,Rita,Before
USC00161866,31.7236,-91.5408,CLAYTON,9,0,0.0,22.549393941676463,Coastal,9,1,11.11,False,5.56,Rita,Before
USC00161891,30.8544,-91.0092,CLINTON FORESTRY HQ,9,9,100.0,38.28885526886353,Coastal,0,0,0.0,True,50.0,Rita,Before
USC00161899,30.8178,-90.9733,CLINTON 5 SE,9,0,0.0,35.77317671846321,Coastal,9,1,11.11,False,5.56,Rita,Before
USC00161941,31.5183,-92.7142,COLFAX,9,0,0.0,32.58200391515989,Coastal,9,3,33.33,True,16.66,Rita,Before
USC00161979,32.1672,-92.1078,COLUMBIA LOCK,9,0,0.0,38.50083369679788,Coastal,9,1,11.11,False,5.56,Rita,Before
USC00162002,29.9953,-90.8178,CONVENT 2S,9,0,0.0,3.0806605245811527,Coastal,9,3,33.33,True,16.66,Rita,Before
USC00162121,32.8869,-93.4569,COTTON VALLEY 5 NNW,9,0,0.0,33.03092467046026,Coastal,9,3,33.33,True,16.66,Rita,Before
USC00162144,32.0075,-93.2694,COUSHATTA GRAND BAYOU,9,9,100.0,34.03294555082594,Coastal,0,0,0.0,True,50.0,Rita,Before
USC00162151,30.5269,-90.2147,COVINGTON 8 WNW,9,0,0.0,10.71602538642014,Coastal,9,3,33.33,True,16.66,Rita,Before
USC00162154,30.5131,-90.09,COVINGTON 3 NE,9,0,0.0,1.700537907432772,Coastal,9,3,33.33,True,16.66,Rita,Before
USC00162212,30.2411,-92.3475,CROWLEY 2 NE,9,0,0.0,27.80003480962503,Coastal,9,4,44.44,True,22.22,Rita,Before
USC00162217,32.2428,-91.5889,CROWVILLE,9,9,100.0,59.939748517931186,Rural,0,0,0.0,True,50.0,Rita,Before
USC00162350,30.4803,-90.9614,DENHAM SPRINGS,9,0,0.0,4.17391801943674,Coastal,9,1,11.11,False,5.56,Rita,Before
USC00162367,30.8428,-93.2869,DE RIDDER,9,0,0.0,0.0,Coastal,9,3,33.33,True,16.66,Rita,Before
USC00162534,30.0719,-91.0278,DONALDSONVILLE 4 SW,9,0,0.0,7.909844964335464,Coastal,9,3,33.33,True,16.66,Rita,Before
USC00162536,30.0992,-90.9269,DONALDSONVILLE 4E,9,0,0.0,0.0,Coastal,9,3,33.33,True,16.66,Rita,Before
USC00162641,30.7414,-93.1389,DRY CREEK 8NW,9,0,0.0,19.782327459516477,Coastal,9,2,22.22,True,11.11,Rita,Before
USC00162812,31.1042,-92.705,ELMER 2 SW,9,0,0.0,30.92725238182415,Coastal,9,3,33.33,True,16.66,Rita,Before
USC00162981,30.4917,-92.4303,EUNICE,9,0,0.0,37.34794777758252,Coastal,9,3,33.33,True,16.66,Rita,Before
USC00163079,32.7736,-92.4086,FARMERVILLE,9,0,0.0,33.1618405686035,Coastal,9,0,0.0,False,0.0,Rita,Before
USC00163165,30.5506,-90.1919,FOLSOM 6 S,9,0,0.0,9.813321960577087,Coastal,9,3,33.33,True,16.66,Rita,Before
USC00163313,29.8233,-91.5442,FRANKLIN 3 NW,9,0,0.0,28.449556700468737,Coastal,9,4,44.44,True,22.22,Rita,Before
USC00163322,30.8353,-90.1625,FRANKLINTON #2,9,0,0.0,43.079314138814105,Coastal,9,2,22.22,True,11.11,Rita,Before
USC00163331,30.7842,-90.2022,FRANKLINTON 5 SW,9,9,100.0,37.30695104785413,Coastal,0,0,0.0,True,50.0,Rita,Before
USC00163433,29.4631,-90.3072,GALLIANO,9,0,0.0,43.306148934271604,Coastal,9,2,22.22,True,11.11,Rita,Before
USC00163695,30.2033,-90.9225,GONZALES,9,0,0.0,6.987502613907835,Coastal,9,2,22.22,True,11.11,Rita,Before
USC00163741,31.4358,-92.8828,GORUM FIRE TWR,9,0,0.0,43.7175312261092,Coastal,9,3,33.33,True,16.66,Rita,Before
USC00163800,30.4183,-92.0442,GRAND COTEAU,9,0,0.0,13.05174508088985,Coastal,9,2,22.22,True,11.11,Rita,Before
USC00163804,31.8078,-93.0867,GRAND ECORE,9,0,0.0,1.9555854485483273,Coastal,9,2,22.22,True,11.11,Rita,Before
USC00163807,29.2414,-89.9914,GRAND ISLE,9,0,0.0,73.43238273596889,Rural,9,2,22.22,True,11.11,Rita,Before
USC00163829,29.9169,-90.0617,GRETNA,9,0,0.0,0.0,Coastal,9,2,22.22,True,11.11,Rita,Before
USC00163867,30.5589,-90.9855,GREENWELL SPRINGS,9,0,0.0,8.61882738390735,Coastal,9,3,33.33,True,16.66,Rita,Before
USC00163877,32.4175,-94.0003,GREENWOOD FIRE TWR,9,0,0.0,5.68942359672576,Coastal,9,2,22.22,True,11.11,Rita,Before
USC00163979,29.8894,-93.4022,HACKBERRY 8 SSW,9,0,0.0,33.00718196438607,Coastal,9,3,33.33,True,16.66,Rita,Before
USC00163981,29.9872,-93.2694,HACKBERRY 4NE,9,9,100.0,21.029379217986627,Coastal,0,0,0.0,True,50.0,Rita,Before
USC00164030,30.5031,-90.3772,HAMMOND 5 E,9,0,0.0,7.55128099477585,Coastal,9,2,22.22,True,11.11,Rita,Before
USC00164034,30.4878,-90.4875,HAMMOND,9,0,0.0,0.0,Coastal,9,3,33.33,True,16.66,Rita,Before
USC00164050,31.9272,-93.3103,HANNA 4 SSE,9,0,0.0,29.14255105260005,Coastal,9,3,33.33,True,16.66,Rita,Before
USC00164131,32.9683,-93.1297,HAYNESVILLE,9,0,0.0,40.38941476319717,Coastal,9,3,33.33,True,16.66,Rita,Before
USC00164288,31.3747,-93.3911,HODGES GARDENS,9,0,0.0,40.283817542228306,Coastal,9,2,22.22,True,11.11,Rita,Before
USC00164355,32.81,-93.0625,HOMER 1N,9,0,0.0,32.17933779217488,Coastal,9,3,33.33,True,16.66,Rita,Before
USC00164398,32.8867,-93.8733,HOSSTON,9,0,0.0,38.293373354589185,Coastal,9,3,33.33,True,16.66,Rita,Before
USC00164407,29.6408,-90.8161,HOUMA,9,0,0.0,4.320632891692207,Coastal,9,3,33.33,True,16.66,Rita,Before
USC00164573,30.8331,-91.1261,JACKSON 3E,9,0,0.0,32.670927362822205,Coastal,9,3,33.33,True,16.66,Rita,Before
USC00164592,32.3483,-93.2014,JAMESTOWN,9,0,0.0,34.748331063994854,Coastal,9,3,33.33,True,16.66,Rita,Before
USC00164674,29.9594,-91.7111,JEANERETTE 5 NW,9,0,0.0,10.792452920737222,Coastal,9,3,33.33,True,16.66,Rita,Before
USC00164696,31.6783,-92.1289,JENA,9,0,0.0,47.921356075414394,Coastal,9,2,22.22,True,11.11,Rita,Before
USC00164700,30.2003,-92.6642,JENNINGS,9,0,0.0,52.83190635345319,Rural,9,3,33.33,True,16.66,Rita,Before
USC00164732,32.255,-92.6544,JONESBORO 4 ENE,9,0,0.0,34.28143376947289,Coastal,9,3,33.33,True,16.66,Rita,Before
USC00164735,32.2239,-92.7069,JONESBORO #2,9,9,100.0,38.99047742233639,Coastal,0,0,0.0,True,50.0,Rita,Before
USC00164739,31.4825,-91.8628,JONESVILLE LOCKS,9,0,0.0,47.68052213094299,Coastal,9,2,22.22,True,11.11,Rita,Before
USC00164775,29.9942,-92.2825,KAPLAN,9,0,0.0,31.60113807489264,Coastal,9,4,44.44,True,22.22,Rita,Before
USC00164816,32.355,-93.8619,KEITHVILLE,9,0,0.0,3.5942660442683647,Coastal,9,3,33.33,True,16.66,Rita,Before
USC00164859,30.9433,-90.5117,KENTWOOD,9,0,0.0,38.46307931896025,Coastal,9,3,33.33,True,16.66,Rita,Before
USC00164931,32.4169,-93.4428,KORAN,9,0,0.0,23.35762604448354,Coastal,9,3,33.33,True,16.66,Rita,Before
USC00165021,30.2192,-92.065,LAFAYETTE,9,0,0.0,0.0,Coastal,9,3,33.33,True,16.66,Rita,Before
USC00165065,30.0206,-92.7681,LAKE ARTHUR 7 SW,9,0,0.0,49.76593560324859,Coastal,9,3,33.33,True,16.66,Rita,Before
USC00165072,30.3014,-93.2689,LAKE CHARLES 7 NW,9,0,0.0,0.2505816223889771,Coastal,9,2,22.22,True,11.11,Rita,Before
USC00165074,30.2544,-93.2186,LAKE CHARLES 2 N,9,0,0.0,0.0,Coastal,9,2,22.22,True,11.11,Rita,Before
USC00165076,30.2142,-93.2494,LAKE CHARLES PORT,9,0,0.0,0.0,Coastal,9,1,11.11,False,5.56,Rita,Before
USC00165090,32.8153,-91.1733,LAKE PROVIDENCE,9,0,0.0,58.731205318034874,Rural,9,0,0.0,False,0.0,Rita,Before
USC00165146,31.3731,-91.9053,LARTO LAKE,9,0,0.0,53.93966778715687,Rural,9,3,33.33,True,16.66,Rita,Before
USC00165266,31.1417,-93.2397,LEESVILLE,9,0,0.0,6.31667386083696,Coastal,9,2,22.22,True,11.11,Rita,Before
USC00165287,31.0517,-93.2789,LEESVILLE 6 SSW,9,0,0.0,4.614038787838811,Coastal,9,3,33.33,True,16.66,Rita,Before
USC00165296,29.7869,-92.2083,LELAND BOWMAN LOCK,9,0,0.0,48.72622413319665,Coastal,9,4,44.44,True,22.22,Rita,Before
USC00165430,30.9336,-90.57,LIVERPOOL 6W,9,0,0.0,40.93123861280617,Coastal,9,3,33.33,True,16.66,Rita,Before
USC00165438,30.5197,-90.7544,LIVINGSTON,9,0,0.0,26.95823155566642,Coastal,9,1,11.11,False,5.56,Rita,Before
USC00165522,31.9672,-94.0003,LOGANSPORT,9,0,0.0,25.239649995652808,Coastal,9,3,33.33,True,16.66,Rita,Before
USC00165610,30.0306,-89.9636,LOUISIANA NATURE CTR,9,0,0.0,0.0,Coastal,9,2,22.22,True,11.11,Rita,Before
USC00165620,30.3644,-91.1672,LSU BEN-HUR FARM,9,0,0.0,3.483917437751815,Coastal,9,2,22.22,True,11.11,Rita,Before
USC00165624,29.5814,-89.8222,LSU CITRUS RSCH STN,9,0,0.0,35.91266283847722,Coastal,9,1,11.11,False,5.56,Rita,Before
USC00165630,31.1783,-92.4108,LSU DEAN LEE RSCH STN,9,0,0.0,11.36769470401588,Coastal,9,3,33.33,True,16.66,Rita,Before
USC00165783,30.0389,-90.6936,LUTCHER,9,0,0.0,0.9128559681422911,Coastal,9,1,11.11,False,5.56,Rita,Before
USC00165874,32.0711,-93.7589,MANSFIELD 4 NW,9,9,100.0,24.09001967341827,Coastal,0,0,0.0,True,50.0,Rita,Before
USC00165892,31.5769,-93.4817,MANY,9,0,0.0,47.01490343939285,Coastal,9,2,22.22,True,11.11,Rita,Before
USC00165896,31.5119,-93.62,MANY 9 WSW,9,0,0.0,64.59606323607912,Rural,9,3,33.33,True,16.66,Rita,Before
USC00165920,31.1286,-92.0644,MARKSVILLE,9,0,0.0,44.07699319562543,Coastal,9,2,22.22,True,11.11,Rita,Before
USC00165926,29.7853,-90.1158,MARRERO 9 SSW,9,0,0.0,6.736407406480131,Coastal,9,2,22.22,True,11.11,Rita,Before
USC00165935,32.0775,-93.2167,MARTIN FIRE TWR,9,0,0.0,36.388236663918086,Coastal,9,3,33.33,True,16.66,Rita,Before
USC00166157,29.9903,-90.1431,METAIRIE,9,0,0.0,0.0,Coastal,9,2,22.22,True,11.11,Rita,Before
USC00166244,32.6053,-93.2947,MINDEN,9,0,0.0,0.0,Coastal,9,2,22.22,True,11.11,Rita,Before
USC00166314,32.4936,-92.0319,MONROE DELTA CC,9,0,0.0,1.304802317495999,Coastal,9,1,11.11,False,5.56,Rita,Before
USC00166364,32.7053,-93.9603,MOORINGSPORT 1 N,9,0,0.0,20.86407157052072,Coastal,9,3,33.33,True,16.66,Rita,Before
USC00166394,29.6833,-91.1761,MORGAN CITY,9,0,0.0,0.0,Coastal,9,4,44.44,True,22.22,Rita,Before
USC00166431,30.2944,-93.2083,MOSS BLUFF,9,0,0.0,1.8752487588503794,Coastal,9,1,11.11,False,5.56,Rita,Before
USC00166466,30.9503,-90.3061,MT HERMON 2W,9,0,0.0,40.35977811644887,Coastal,9,1,11.11,False,5.56,Rita,Before
USC00166561,29.9342,-91.0164,NAPOLEONVILLE,9,0,0.0,19.958586758003115,Coastal,9,2,22.22,True,11.11,Rita,Before
USC00166582,31.7722,-93.0956,NATCHITOCHES,9,0,0.0,0.0,Coastal,9,2,22.22,True,11.11,Rita,Before
USC00166657,30.0292,-91.8844,NEW IBERIA AP - ACADIANA RGNL,9,0,0.0,5.513326208079926,Coastal,9,3,33.33,True,16.66,Rita,Before
USC00166666,29.9508,-90.0511,NEW ORLEANS ALGIERS,9,0,0.0,0.0,Coastal,9,2,22.22,True,11.11,Rita,Before
USC00166686,30.7267,-91.3672,NEW ROADS 5 NE,9,0,0.0,26.248140035049893,Coastal,9,3,33.33,True,16.66,Rita,Before
USC00166808,30.9678,-91.1003,NORWOOD,9,0,0.0,50.35747416484747,Rural,9,3,33.33,True,16.66,Rita,Before
USC00166836,30.8214,-92.6697,OAKDALE,9,0,0.0,59.47674623775777,Rural,9,3,33.33,True,16.66,Rita,Before
USC00166866,32.8642,-91.38,OAK GROVE,9,0,0.0,57.37978459446599,Rural,9,0,0.0,False,0.0,Rita,Before
USC00166868,32.6228,-91.7764,OAK RIDGE,9,0,0.0,24.318202444639844,Coastal,9,1,11.11,False,5.56,Rita,Before
USC00166911,30.7531,-90.9939,OAKNOLIA 2N,9,0,0.0,27.477235709646294,Coastal,9,3,33.33,True,16.66,Rita,Before
USC00166938,30.6036,-92.7739,OBERLIN FIRE TWR,9,0,0.0,59.352022309497386,Rural,9,3,33.33,True,16.66,Rita,Before
USC00166968,30.2869,-93.1444,OLD TOWN BAY,9,0,0.0,1.3254697042471855,Coastal,9,2,22.22,True,11.11,Rita,Before
USC00166978,31.8922,-92.2422,OLLA,9,0,0.0,67.58754916416729,Rural,9,3,33.33,True,16.66,Rita,Before
USC00166995,30.5081,-92.0925,OPELOUSAS,9,0,0.0,1.604703087326056,Coastal,9,3,33.33,True,16.66,Rita,Before
USC00167096,29.7892,-90.4286,PARADIS 7 S,9,0,0.0,18.6304778558189,Coastal,9,2,22.22,True,11.11,Rita,Before
USC00167304,30.7111,-90.7525,PINE GROVE FIRE TWR,9,0,0.0,35.99115853184071,Coastal,9,3,33.33,True,16.66,Rita,Before
USC00167344,32.8922,-93.645,PLAIN DEALING,9,9,100.0,38.005157212146536,Coastal,0,0,0.0,True,50.0,Rita,Before
USC00167366,30.3214,-91.2517,PLAQUEMINE 2 N,9,0,0.0,0.0,Coastal,9,2,22.22,True,11.11,Rita,Before
USC00167425,30.4297,-90.3631,PONCHATOULA 4 E,9,0,0.0,11.262323067801706,Coastal,9,3,33.33,True,16.66,Rita,Before
USC00167448,30.4508,-91.2183,PORT ALLEN,9,0,0.0,0.0,Coastal,9,3,33.33,True,16.66,Rita,Before
USC00167590,32.3644,-92.7125,QUITMAN 2,9,9,100.0,20.63346121340181,Coastal,0,0,0.0,True,50.0,Rita,Before
USC00167651,30.5114,-93.2172,RAGLEY 1W,9,9,100.0,17.428547033845984,Coastal,0,0,0.0,True,50.0,Rita,Before
USC00167691,32.4936,-91.7486,RAYVILLE,9,9,100.0,31.021539481636317,Coastal,0,0,0.0,True,50.0,Rita,Before
USC00167729,31.2544,-91.96,RED RVR LOCK #1,9,0,0.0,50.08249587927043,Rural,9,3,33.33,True,16.66,Rita,Before
USC00167732,31.1872,-92.2906,RED RIVER LOCK # 2,9,0,0.0,18.786769444858287,Coastal,9,3,33.33,True,16.66,Rita,Before
USC00167738,32.4219,-93.6381,RED RVR RSCH STN,9,0,0.0,3.6072872506825644,Coastal,9,3,33.33,True,16.66,Rita,Before
USC00167767,30.0564,-90.5803,RESERVE,9,0,0.0,0.0,Coastal,9,3,33.33,True,16.66,Rita,Before
USC00167924,32.3556,-93.6425,ROBSON,9,0,0.0,8.136096440929114,Coastal,9,3,33.33,True,16.66,Rita,Before
USC00167932,29.7286,-92.8181,ROCKEFELLER WL REFUGE,9,0,0.0,71.35189412386052,Rural,9,3,33.33,True,16.66,Rita,Before
USC00168046,30.9461,-93.2789,ROSEPINE RSCH STN,9,0,0.0,7.250053009126009,Coastal,9,2,22.22,True,11.11,Rita,Before
USC00168067,32.51,-92.6503,RUSTON LA TECH,9,0,0.0,0.7836188218495558,Coastal,9,1,11.11,False,5.56,Rita,Before
USC00168094,32.3625,-93.14,SAILES FIRE TWR,9,0,0.0,35.308291139748505,Coastal,9,3,33.33,True,16.66,Rita,Before
USC00168108,29.8722,-89.83,ST BERNARD,9,0,0.0,12.337976898259484,Coastal,9,2,22.22,True,11.11,Rita,Before
USC00168136,30.7775,-91.3769,ST FRANCISVILLE,9,0,0.0,32.23687587983275,Coastal,9,3,33.33,True,16.66,Rita,Before
USC00168139,30.2725,-91.0994,ST GABRIEL,9,0,0.0,0.1991229854154635,Coastal,9,2,22.22,True,11.11,Rita,Before
USC00168163,31.9497,-91.2336,ST JOSEPH 3 N,9,0,0.0,51.25549211007684,Rural,9,1,11.11,False,5.56,Rita,Before
USC00168181,30.0858,-91.8694,ST MARTINVILLE 3 SW,9,0,0.0,8.783739622637931,Coastal,9,4,44.44,True,22.22,Rita,Before
USC00168436,32.5158,-93.7447,SHREVEPORT DWTN,9,0,0.0,0.0,Coastal,9,4,44.44,True,22.22,Rita,Before
USC00168444,32.3794,-93.8019,SHREVEPORT SOUTHERN HILLS,9,0,0.0,0.4388664935680754,Coastal,9,3,33.33,True,16.66,Rita,Before
USC00168539,30.265,-89.7697,SLIDELL,9,0,0.0,0.0,Coastal,9,3,33.33,True,16.66,Rita,Before
USC00168586,32.5558,-91.1747,SONDHEIMER,9,9,100.0,31.684542660187493,Coastal,0,0,0.0,True,50.0,Rita,Before
USC00168669,32.9006,-92.5714,SPEARSVILLE FIRE TWR,9,0,0.0,39.563372313937194,Coastal,9,3,33.33,True,16.66,Rita,Before
USC00168683,32.9922,-93.4417,SPRINGHILL,9,0,0.0,41.140494994348764,Coastal,9,3,33.33,True,16.66,Rita,Before
USC00168785,32.7025,-92.0814,STERLINGTON,9,0,0.0,17.049678897722636,Coastal,9,2,22.22,True,11.11,Rita,Before
USC00168831,30.2383,-93.3447,SULPHUR,9,0,0.0,0.0,Coastal,9,1,11.11,False,5.56,Rita,Before
USC00168861,30.6433,-89.9239,SUN,9,0,0.0,25.079662239419452,Coastal,9,3,33.33,True,16.66,Rita,Before
USC00168906,30.5325,-89.8742,TALISHEEK,9,0,0.0,19.69562813727216,Coastal,9,1,11.11,False,5.56,Rita,Before
USC00168923,32.3994,-91.1842,TALLULAH,9,0,0.0,26.799809091184997,Coastal,9,0,0.0,False,0.0,Rita,Before
USC00168941,29.91,-90.0342,TERRYTOWN 3S,9,0,0.0,0.0,Coastal,9,2,22.22,True,11.11,Rita,Before
USC00168945,30.5981,-90.4472,TICKFAW 3 ENE,9,0,0.0,7.654170187608169,Coastal,9,3,33.33,True,16.66,Rita,Before
USC00169013,29.7547,-90.7747,THIBODAUX 4 SE,9,0,0.0,12.280087047583962,Coastal,9,3,33.33,True,16.66,Rita,Before
USC00169074,31.2022,-93.5725,TOLEDO BEND LAKE,9,9,100.0,38.61489908706903,Coastal,0,0,0.0,True,50.0,Rita,Before
USC00169357,31.5653,-91.4333,VIDALIA #2,9,0,0.0,0.0,Coastal,9,1,11.11,False,5.56,Rita,Before
USC00169369,30.695,-92.2664,VILLE PLATTE,9,0,0.0,25.498358576354185,Coastal,9,2,22.22,True,11.11,Rita,Before
USC00169392,32.9033,-93.9819,VIVIAN,9,0,0.0,34.05724218038165,Coastal,9,2,22.22,True,11.11,Rita,Before
USC00169480,30.5622,-90.9214,WATSON 3 ESE,9,0,0.0,14.86887176408746,Coastal,9,1,11.11,False,5.56,Rita,Before
USC00169631,32.46,-92.1483,W MONROE,9,0,0.0,1.5251603178567728,Coastal,9,1,11.11,False,5.56,Rita,Before
USC00169803,31.9622,-92.6561,WINNFIELD 3 N,9,0,0.0,52.081485057121526,Rural,9,2,22.22,True,11.11,Rita,Before
USC00169804,32.1411,-91.7089,WINNSBORO 2 SE,9,0,0.0,58.021857738162886,Rural,9,0,0.0,False,0.0,Rita,Before
USC00169806,32.0997,-91.7022,WINNSBORO 5 SSE,9,0,0.0,62.66000348948836,Rural,9,0,0.0,False,0.0,Rita,Before
USC00169809,32.0294,-92.6553,WINONA FIRE TWR,9,0,0.0,56.93198021206545,Rural,9,3,33.33,True,16.66,Rita,Before
USC00169930,30.6814,-91.125,ZACHARY,9,0,0.0,13.212861897150916,Coastal,9,2,22.22,True,11.11,Rita,Before
USC00169980,31.6597,-93.6633,ZWOLLE 2 NW,9,0,0.0,58.440178490586575,Rural,9,3,33.33,True,16.66,Rita,Before
USC00220039,33.3117,-89.1667,ACKERMAN,9,0,0.0,39.82881516852935,Coastal,9,0,0.0,False,0.0,Rita,Before
USC00220218,30.2208,-89.4978,ANSLEY,9,0,0.0,16.228495867652057,Coastal,9,3,33.33,True,16.66,Rita,Before
USC00220521,30.3758,-89.5989,BAY ST LOUIS NASA,9,0,0.0,15.51145297491594,Coastal,9,3,33.33,True,16.66,Rita,Before
USC00220523,31.9694,-89.2889,BAY SPRINGS,9,0,0.0,32.53788343740865,Coastal,9,0,0.0,False,0.0,Rita,Before
USC00220585,31.2353,-88.9189,BEAUMONT EXPSTATION,9,0,0.0,40.265267139473764,Coastal,9,0,0.0,False,0.0,Rita,Before
USC00220660,33.1772,-90.4919,BELZONI,9,0,0.0,54.7130925647722,Rural,9,0,0.0,False,0.0,Rita,Before
USC00220792,30.3931,-89.0008,BILOXI,9,0,0.0,0.0,Coastal,9,1,11.11,False,5.56,Rita,Before
USC00220891,33.2781,-88.7931,BLUFF LAKE,9,0,0.0,22.770326956231393,Coastal,9,0,0.0,False,0.0,Rita,Before
USC00221094,31.5447,-90.4581,BROOKHAVEN CITY,9,0,0.0,3.7365014133520846,Coastal,9,0,0.0,False,0.0,Rita,Before
USC00221174,31.5475,-88.5172,BUCKATUNNA 1 NE,9,0,0.0,68.64944913412099,Rural,9,0,0.0,False,0.0,Rita,Before
USC00221389,32.6714,-90.0361,CANTON 4N,9,0,0.0,26.042733468910196,Coastal,9,0,0.0,False,0.0,Rita,Before
USC00221489,32.7506,-89.5389,CARTHAGE,9,0,0.0,71.84585809311642,Rural,9,0,0.0,False,0.0,Rita,Before
USC00221578,31.0942,-91.0686,CENTREVILLE,9,0,0.0,66.72273971935118,Rural,9,1,11.11,False,5.56,Rita,Before
USC00221852,31.6419,-89.5572,COLLINS,9,0,0.0,38.783627393107835,Coastal,9,0,0.0,False,0.0,Rita,Before
USC00221860,32.42,-88.7603,COLLINSVILLE 7 SE,9,0,0.0,3.618001213600124,Coastal,9,0,0.0,False,0.0,Rita,Before
USC00221865,31.2503,-89.8361,COLUMBIA,9,0,0.0,49.272900510922625,Coastal,9,0,0.0,False,0.0,Rita,Before
USC00221880,33.4678,-88.3847,COLUMBUS,9,0,0.0,0.5892162433673395,Coastal,9,0,0.0,False,0.0,Rita,Before
USC00222034,32.0853,-88.5297,CRANDALL 8 N,9,0,0.0,38.8770814340945,Coastal,9,0,0.0,False,0.0,Rita,Before
USC00222046,33.2778,-88.7008,CRAWFORD 5 W,9,9,100.0,25.881129985528275,Coastal,0,0,0.0,True,50.0,Rita,Before
USC00222094,31.9461,-90.3775,CRYSTAL SPRINGS EXP STN,9,0,0.0,41.020107152174795,Coastal,9,0,0.0,False,0.0,Rita,Before
USC00222385,31.9544,-89.9328,D'LO 2 SW,9,0,0.0,42.377620519086534,Coastal,9,0,0.0,False,0.0,Rita,Before
USC00223107,32.36,-89.4208,FOREST,9,0,0.0,63.83317656439414,Rural,9,0,0.0,False,0.0,Rita,Before
USC00223340,32.9267,-88.8536,GHOLSON 8 W,9,0,0.0,67.13964744562047,Rural,9,0,0.0,False,0.0,Rita,Before
USC00223441,31.17,-91.0258,GLOSTER,9,0,0.0,59.70972907567777,Rural,9,1,11.11,False,5.56,Rita,Before
USC00223516,32.5008,-89.9256,GOSHEN SPRINGS 3 NW,9,0,0.0,19.55631726049666,Coastal,9,0,0.0,False,0.0,Rita,Before
USC00223605,33.3592,-91.06,GREENVILLE,9,0,0.0,1.3172699428544596,Coastal,9,0,0.0,False,0.0,Rita,Before
USC00223667,30.4542,-89.125,GULFPORT 3NW,9,0,0.0,0.2939481070227921,Coastal,9,1,11.11,False,5.56,Rita,Before
USC00223671,30.3772,-89.1228,GULFPORT NAVAL CTR,9,0,0.0,0.0,Coastal,9,1,11.11,False,5.56,Rita,Before
USC00223887,31.2547,-89.3392,HATTIESBURG 5SW,9,0,0.0,6.371210901736014,Coastal,9,0,0.0,False,0.0,Rita,Before
USC00223920,31.8328,-90.4542,HAZLEHURST 5 SW,9,0,0.0,28.703407372315542,Coastal,9,0,0.0,False,0.0,Rita,Before
USC00224470,32.2964,-90.2092,JACKSON STATE,9,0,0.0,0.0,Coastal,9,0,0.0,False,0.0,Rita,Before
USC00224702,32.7247,-88.6631,KIPLING 4 NNW,9,0,0.0,38.21324767674047,Coastal,9,0,0.0,False,0.0,Rita,Before
USC00224776,33.0583,-89.5797,KOSCIUSKO,9,0,0.0,88.32628861516268,Rural,9,0,0.0,False,0.0,Rita,Before
USC00224939,31.6756,-89.1236,LAUREL,9,0,0.0,0.5987452326360861,Coastal,9,0,0.0,False,0.0,Rita,Before
USC00224966,31.1481,-88.6567,LEAKESVILLE 6 WSW,9,0,0.0,66.34343915502883,Rural,9,0,0.0,False,0.0,Rita,Before
USC00225020,33.4789,-90.8436,LELAND 5 NE,9,0,0.0,19.85351489281134,Coastal,9,0,0.0,False,0.0,Rita,Before
USC00225062,33.1228,-90.0517,LEXINGTON,9,0,0.0,52.34002565278977,Rural,9,0,0.0,False,0.0,Rita,Before
USC00225070,31.1658,-90.8178,LIBERTY,9,9,100.0,37.29589957281028,Coastal,0,0,0.0,True,50.0,Rita,Before
USC00225247,33.1356,-89.0711,LOUISVILLE,9,0,0.0,49.28974706643542,Coastal,9,0,0.0,False,0.0,Rita,Before
USC00225361,33.1544,-88.5586,MACON 3N,9,0,0.0,46.13328679951361,Coastal,9,0,0.0,False,0.0,Rita,Before
USC00225611,31.1917,-90.5147,MCCOMB 6SW (PERCY QUINN),9,0,0.0,7.074470552147245,Coastal,9,0,0.0,False,0.0,Rita,Before
USC00225704,31.4664,-90.8853,MEADVILLE,9,0,0.0,47.382068955776475,Coastal,9,0,0.0,False,0.0,Rita,Before
USC00225943,31.8375,-89.5975,MIZE 3SW,9,0,0.0,50.13815924760257,Rural,9,0,0.0,False,0.0,Rita,Before
USC00225987,31.5519,-90.1058,MONTICELLO,9,0,0.0,36.153783050484265,Coastal,9,0,0.0,False,0.0,Rita,Before
USC00225989,31.5519,-90.1058,MONTICELLO 2,9,0,0.0,36.153783050484265,Coastal,9,0,0.0,False,0.0,Rita,Before
USC00226009,33.4517,-90.5097,MOORHEAD,9,0,0.0,35.079157252517305,Coastal,9,0,0.0,False,0.0,Rita,Before
USC00226177,31.5889,-91.3408,NATCHEZ,9,0,0.0,3.6994334310173804,Coastal,9,2,22.22,True,11.11,Rita,Before
USC00226294,32.9369,-89.7594,NEWPORT,9,0,0.0,71.15274058495596,Rural,9,0,0.0,False,0.0,Rita,Before
USC00226308,32.3378,-89.0817,NEWTON EXP STN,9,0,0.0,35.06080486131745,Coastal,9,1,11.11,False,5.56,Rita,Before
USC00226476,32.2061,-90.5133,OAKLEY EXP STN,9,0,0.0,25.21537235850675,Coastal,9,0,0.0,False,0.0,Rita,Before
USC00226484,30.4106,-88.7883,OCEAN SPRINGS,9,0,0.0,0.0,Coastal,9,1,11.11,False,5.56,Rita,Before
USC00226638,32.0339,-88.71,P HARRISON ARCHUSA,9,0,0.0,39.35573675664553,Coastal,9,0,0.0,False,0.0,Rita,Before
USC00226640,31.6817,-89.3364,P HARRISON BIG CK WP,9,0,0.0,19.091268132778787,Coastal,9,0,0.0,False,0.0,Rita,Before
USC00226642,31.7522,-89.7286,P HARRISON DRY CK WP,9,0,0.0,61.413973005982506,Rural,9,0,0.0,False,0.0,Rita,Before
USC00226643,32.2286,-88.8206,P HARRISON DUNNS FALLS,9,0,0.0,15.366982176176267,Coastal,9,0,0.0,False,0.0,Rita,Before
USC00226644,32.4031,-89.1531,P HARRISON TURKEY WP,9,0,0.0,42.99716721922912,Coastal,9,0,0.0,False,0.0,Rita,Before
USC00226718,30.3961,-88.4781,PASCAGOULA 3 NE,9,0,0.0,2.381518151850443,Coastal,9,0,0.0,False,0.0,Rita,Before
USC00226750,32.0308,-89.0356,PAULDING,9,9,100.0,39.34624023600584,Coastal,0,0,0.0,True,50.0,Rita,Before
USC00226894,32.7692,-89.1303,PHILA 1 WSW,9,0,0.0,64.8091703437032,Rural,9,0,0.0,False,0.0,Rita,Before
USC00226921,30.5364,-89.705,PICAYUNE,9,0,0.0,0.8558519672446655,Coastal,9,3,33.33,True,16.66,Rita,Before
USC00226924,30.6522,-89.6522,PICAYUNE 4NE,9,0,0.0,12.572949791022412,Coastal,9,1,11.11,False,5.56,Rita,Before
USC00226926,32.8864,-89.9775,PICKENS,9,0,0.0,55.22947485309231,Rural,9,0,0.0,False,0.0,Rita,Before
USC00227128,30.8408,-89.5453,POPLARVILLE EXP STN,9,0,0.0,39.61249881734627,Coastal,9,1,11.11,False,5.56,Rita,Before
USC00227132,31.985,-90.9719,PORT GIBSON 1 NE,9,0,0.0,42.293475768467836,Coastal,9,0,0.0,False,0.0,Rita,Before
USC00227172,31.5867,-89.8819,PRENTISS,9,0,0.0,60.23588849916726,Rural,9,0,0.0,False,0.0,Rita,Before
USC00227220,31.1775,-89.4156,PURVIS 2N,9,0,0.0,17.38477817302739,Coastal,9,0,0.0,False,0.0,Rita,Before
USC00227252,32.0706,-88.7189,QUITMAN 2 NNE,9,9,100.0,34.4519343029704,Coastal,0,0,0.0,True,50.0,Rita,Before
USC00227276,32.1433,-89.5525,RALEIGH 6N,9,0,0.0,51.824138491917076,Rural,9,0,0.0,False,0.0,Rita,Before
USC00227444,31.3656,-88.9322,RICHTON 1 N,9,0,0.0,36.060955615628856,Coastal,9,0,0.0,False,0.0,Rita,Before
USC00227560,32.8978,-90.8853,ROLLING FK,9,0,0.0,63.360083069143656,Rural,9,0,0.0,False,0.0,Rita,Before
USC00227595,32.3975,-90.0647,ROSS BARNETT RESERVR,9,0,0.0,1.6298723659589378,Coastal,9,0,0.0,False,0.0,Rita,Before
USC00227831,32.5861,-90.6261,SATARTIA 8 SW,9,0,0.0,35.95926708656746,Coastal,9,0,0.0,False,0.0,Rita,Before
USC00227840,30.6264,-89.055,SAUCIER EXP FOREST,9,0,0.0,18.16312689038215,Coastal,9,0,0.0,False,0.0,Rita,Before
USC00228053,31.8597,-88.6953,SHUBUTA,9,0,0.0,49.705205739610335,Coastal,9,0,0.0,False,0.0,Rita,Before
USC00228374,33.4692,-88.7822,STATE UNIV,9,0,0.0,0.9710726311596963,Coastal,9,0,0.0,False,0.0,Rita,Before
USC00228413,30.3678,-89.4544,STENNIS-DIAMONDHEAD,9,0,0.0,6.205237845436853,Coastal,9,3,33.33,True,16.66,Rita,Before
USC00228445,33.4311,-90.9108,STONEVILLE EXP STN,9,0,0.0,10.538944833581287,Coastal,9,0,0.0,False,0.0,Rita,Before
USC00228556,31.4222,-89.5386,SUMRALL,9,0,0.0,17.48041928279262,Coastal,9,0,0.0,False,0.0,Rita,Before
USC00228899,32.4686,-88.6083,TOPTON 2,9,0,0.0,9.550967639169293,Coastal,9,0,0.0,False,0.0,Rita,Before
USC00229048,31.08,-90.0603,TYLERTOWN 5ESE,9,0,0.0,47.381998934901674,Coastal,9,1,11.11,False,5.56,Rita,Before
USC00229072,31.6819,-90.7831,UNION CHURCH,9,0,0.0,36.442066697207736,Coastal,9,1,11.11,False,5.56,Rita,Before
USC00229114,33.3253,-89.7539,VAIDEN 1 SSW,9,0,0.0,51.6628399435162,Rural,9,0,0.0,False,0.0,Rita,Before
USC00229157,30.4856,-88.6547,VANCLEAVE,9,0,0.0,7.467599473517183,Coastal,9,0,0.0,False,0.0,Rita,Before
USC00229216,32.3567,-90.8444,VICKSBURG MILITARY PK,9,9,100.0,0.0,Coastal,0,0,0.0,True,50.0,Rita,Before
USC00229230,32.385,-90.8753,VICKSBURG CITY,9,0,0.0,0.0,Coastal,9,0,0.0,False,0.0,Rita,Before
USC00229326,32.5972,-89.4606,WALNUT GROVE,9,0,0.0,70.99960021240481,Rural,9,0,0.0,False,0.0,Rita,Before
USC00229426,30.2947,-89.3831,WAVELAND,9,0,0.0,2.3043561289148395,Coastal,9,2,22.22,True,11.11,Rita,Before
USC00229439,31.6772,-88.6708,WAYNESBORO 2 W,9,0,0.0,48.44124645529076,Coastal,9,0,0.0,False,0.0,Rita,Before
USC00229597,32.0844,-89.7056,WHITE OAK 2 N,9,0,0.0,40.70585836251168,Coastal,9,0,0.0,False,0.0,Rita,Before
USC00229639,30.8528,-89.1369,WIGGINS,9,0,0.0,46.56579520152782,Coastal,9,0,0.0,False,0.0,Rita,Before
USC00229743,33.4844,-89.625,WINONA 5 E,9,0,0.0,41.92837496286268,Coastal,9,0,0.0,False,0.0,Rita,Before
USC00229793,31.0931,-91.2325,WOODVILLE 4 ESE,9,0,0.0,61.69234668360161,Rural,9,1,11.11,False,5.56,Rita,Before
USC00229860,32.9028,-90.3817,YAZOO CITY 5 NNE,9,0,0.0,61.13102238432362,Rural,9,0,0.0,False,0.0,Rita,Before
USC00410144,27.7283,-98.0678,ALICE,9,0,0.0,49.13894959879218,Coastal,9,3,33.33,True,16.66,Rita,Before
USC00410190,31.6094,-95.1342,ALTO 5 SW,9,0,0.0,46.023884010799485,Coastal,9,4,44.44,True,22.22,Rita,Before
USC00410202,32.4644,-97.1831,ALVARADO 4NE,9,9,100.0,14.348106270116949,Coastal,0,0,0.0,True,50.0,Rita,Before
USC00410204,29.3653,-95.2336,ALVIN,9,0,0.0,9.283909363311492,Coastal,9,3,33.33,True,16.66,Rita,Before
USC00410206,33.3867,-97.7164,ALVORD 3 N,9,0,0.0,64.91857573591258,Rural,9,0,0.0,False,0.0,Rita,Before
USC00410235,29.7878,-94.6342,ANAHUAC,9,0,0.0,26.930514752179388,Coastal,9,4,44.44,True,22.22,Rita,Before
USC00410246,30.7578,-97.8614,ANDICE 2 SW,9,0,0.0,19.606157391372314,Coastal,9,0,0.0,False,0.0,Rita,Before
USC00410257,29.1572,-95.4592,ANGLETON 2 W,9,0,0.0,6.8740864315521355,Coastal,9,3,33.33,True,16.66,Rita,Before
USC00410271,33.4414,-98.3689,ANTELOPE,9,0,0.0,59.085355968718105,Rural,9,1,11.11,False,5.56,Rita,Before
USC00410297,31.8389,-97.2108,AQUILLA 1 SSE,9,0,0.0,27.537888666837453,Coastal,9,0,0.0,False,0.0,Rita,Before
USC00410305,28.3081,-96.8047,ARANSAS WR,9,0,0.0,39.02737234924746,Coastal,9,3,33.33,True,16.66,Rita,Before
USC00410337,32.7572,-97.0736,ARLINGTON SIX FLAGS,9,0,0.0,0.0,Coastal,9,0,0.0,False,0.0,Rita,Before
USC00410404,32.1633,-95.83,ATHENS,9,0,0.0,4.77855917121247,Coastal,9,3,33.33,True,16.66,Rita,Before
USC00410408,33.1244,-94.1661,ATLANTA,9,0,0.0,0.0,Coastal,9,3,33.33,True,16.66,Rita,Before
USC00410431,30.2247,-97.7328,AUSTIN 6S,9,0,0.0,0.0,Coastal,9,2,22.22,True,11.11,Rita,Before
USC00410436,28.3889,-96.8389,AUSTWELL,9,9,100.0,36.5682430685798,Coastal,0,0,0.0,True,50.0,Rita,Before
USC00410518,32.2631,-96.6369,BARDWELL DAM,9,0,0.0,23.439104514099736,Coastal,9,0,0.0,False,0.0,Rita,Before
USC00410569,28.9797,-95.975,BAY CITY WTR WKS,9,0,0.0,24.319109666049783,Coastal,9,3,33.33,True,16.66,Rita,Before
USC00410586,29.9142,-94.9908,BAYTOWN,9,0,0.0,4.583377872600602,Coastal,9,3,33.33,True,16.66,Rita,Before
USC00410611,30.0969,-94.0997,BEAUMONT CITY,9,0,0.0,0.0,Coastal,9,5,55.56,True,27.78,Rita,Before
USC00410613,30.0686,-94.2928,BEAUMONT RSCH CTR,9,0,0.0,3.457204448861011,Coastal,9,3,33.33,True,16.66,Rita,Before
USC00410639,28.4575,-97.7061,BEEVILLE 5 NE,9,0,0.0,4.30469276222688,Coastal,9,3,33.33,True,16.66,Rita,Before
USC00410655,30.0317,-96.2167,BELLVILLE 6NNE,9,0,0.0,56.701525406780604,Rural,9,3,33.33,True,16.66,Rita,Before
USC00410660,29.5244,-97.685,BELMONT,9,0,0.0,50.85897042330221,Rural,9,3,33.33,True,16.66,Rita,Before
USC00410690,27.5969,-98.4161,BENAVIDES #2,9,0,0.0,90.58053315237738,Rural,9,4,44.44,True,22.22,Rita,Before
USC00410691,32.6475,-97.4439,BENBROOK DAM,9,0,0.0,1.6322348560363849,Coastal,9,1,11.11,False,5.56,Rita,Before
USC00410738,30.7625,-98.0214,BERTRAM 3 ENE,9,0,0.0,32.669603080401885,Coastal,9,0,0.0,False,0.0,Rita,Before
USC00410805,27.5842,-97.8031,BISHOP,9,0,0.0,31.96419006341407,Coastal,9,4,44.44,True,22.22,Rita,Before
USC00410832,30.095,-98.4142,BLANCO,9,0,0.0,53.33104955029408,Rural,9,2,22.22,True,11.11,Rita,Before
USC00411026,32.0508,-96.9661,BRANDON,9,0,0.0,49.17542838077437,Coastal,9,1,11.11,False,5.56,Rita,Before
USC00411035,32.6489,-98.1336,BRAZOS,9,0,0.0,20.67495038383985,Coastal,9,1,11.11,False,5.56,Rita,Before
USC00411045,31.1586,-96.6828,BREMOND,9,0,0.0,65.64372665260207,Rural,9,1,11.11,False,5.56,Rita,Before
USC00411048,30.1592,-96.3972,BRENHAM,9,0,0.0,55.39898852758878,Rural,9,2,22.22,True,11.11,Rita,Before
USC00411063,33.2064,-97.7761,BRIDGEPORT,9,0,0.0,58.48823330197041,Rural,9,1,11.11,False,5.56,Rita,Before
USC00411089,31.305,-94.2703,BROADDUS,9,0,0.0,42.73757928020119,Coastal,9,4,44.44,True,22.22,Rita,Before
USC00411215,29.7383,-98.4522,BULVERDE,9,0,0.0,10.151015836929421,Coastal,9,2,22.22,True,11.11,Rita,Before
USC00411246,32.5067,-97.3444,BURLESON,9,0,0.0,4.019160534475683,Coastal,9,0,0.0,False,0.0,Rita,Before
USC00411250,30.7586,-98.2339,BURNET,9,0,0.0,49.20069712322434,Coastal,9,0,0.0,False,0.0,Rita,Before
USC00411253,30.7247,-98.3842,BURNET 9 WSW,9,0,0.0,62.08018974991748,Rural,9,0,0.0,False,0.0,Rita,Before
USC00411314,30.5328,-96.7022,CALDWELL,9,0,0.0,34.22516426918316,Coastal,9,3,33.33,True,16.66,Rita,Before
USC00411337,28.4658,-98.3539,CALLIHAM,9,0,0.0,71.97768415309532,Rural,9,2,22.22,True,11.11,Rita,Before
USC00411348,30.8458,-96.97,CAMERON,9,0,0.0,32.60216980561493,Coastal,9,2,22.22,True,11.11,Rita,Before
USC00411429,29.8608,-98.1958,CANYON DAM,9,0,0.0,16.030685293361575,Coastal,9,3,33.33,True,16.66,Rita,Before
USC00411433,29.9461,-98.3967,CANYON DAM #3,9,0,0.0,37.49898417141773,Coastal,9,3,33.33,True,16.66,Rita,Before
USC00411500,32.1614,-94.3397,CARTHAGE,9,9,100.0,0.0,Coastal,0,0,0.0,True,50.0,Rita,Before
USC00411541,30.0164,-97.4786,CEDAR CREEK 5 S,9,0,0.0,35.29523225389872,Coastal,9,1,11.11,False,5.56,Rita,Before
USC00411578,31.8194,-94.2528,CENTER,9,0,0.0,3.5973134360182413,Coastal,9,4,44.44,True,22.22,Rita,Before
USC00411580,31.4683,-98.4106,CENTER CITY,9,0,0.0,71.75522945953311,Rural,9,1,11.11,False,5.56,Rita,Before
USC00411596,31.2581,-95.9744,CENTERVILLE,9,0,0.0,33.61330057155486,Coastal,9,4,44.44,True,22.22,Rita,Before
USC00411625,32.1561,-97.9369,CHALK MTN,9,0,0.0,38.73497698446761,Coastal,9,1,11.11,False,5.56,Rita,Before
USC00411671,29.3092,-97.4061,CHEAPSIDE,9,0,0.0,70.808496266037,Rural,9,2,22.22,True,11.11,Rita,Before
USC00411711,31.5039,-94.3522,CHIRENO,9,0,0.0,31.482760830226752,Coastal,9,4,44.44,True,22.22,Rita,Before
USC00411720,28.4675,-98.2525,CHOKE CANYON DAM,9,0,0.0,60.76495377842474,Rural,9,3,33.33,True,16.66,Rita,Before
USC00411800,32.3139,-97.4061,CLEBURNE,9,0,0.0,30.262362120743525,Coastal,9,0,0.0,False,0.0,Rita,Before
USC00411804,32.33,-97.3122,CLEBURNE 7SE,9,0,0.0,27.31818698631413,Coastal,9,1,11.11,False,5.56,Rita,Before
USC00411810,30.3636,-95.0839,CLEVELAND,9,0,0.0,29.154683798511655,Coastal,9,3,33.33,True,16.66,Rita,Before
USC00411838,29.7067,-95.6878,CLODINE,9,0,0.0,0.0,Coastal,9,2,22.22,True,11.11,Rita,Before
USC00411880,28.7156,-97.1742,COLETO CREEK RSVR,9,0,0.0,18.408396462080052,Coastal,9,3,33.33,True,16.66,Rita,Before
USC00411911,29.6989,-96.5731,COLUMBUS,9,0,0.0,83.14957851746401,Rural,9,2,22.22,True,11.11,Rita,Before
USC00411921,33.1997,-95.9283,COMMERCE 4SW,9,0,0.0,17.880268588126437,Coastal,9,0,0.0,False,0.0,Rita,Before
USC00411956,30.3303,-95.4831,CONROE,9,0,0.0,0.0,Coastal,9,2,22.22,True,11.11,Rita,Before
USC00411970,33.3744,-95.6933,COOPER,9,0,0.0,40.1865838689988,Coastal,9,0,0.0,False,0.0,Rita,Before
USC00411990,31.1603,-97.9564,COPPERAS COVE 5 NW,9,0,0.0,18.852990242110053,Coastal,9,0,0.0,False,0.0,Rita,Before
USC00412011,27.7792,-97.5056,CORPUS CHRISTI NWS,9,9,100.0,1.6431314695684833,Coastal,0,0,0.0,True,50.0,Rita,Before
USC00412013,27.6606,-97.3983,C C BOTANICAL GARDENS,9,0,0.0,1.6228403743506694,Coastal,9,3,33.33,True,16.66,Rita,Before
USC00412017,31.0033,-94.8161,CORRIGAN 1 ENE,9,0,0.0,23.68673911357922,Coastal,9,4,44.44,True,22.22,Rita,Before
USC00412019,32.1225,-96.4867,CORSICANA,9,0,0.0,0.0,Coastal,9,1,11.11,False,5.56,Rita,Before
USC00412020,32.1183,-96.3256,CORSICANA 8 E,9,0,0.0,13.376811980512766,Coastal,9,1,11.11,False,5.56,Rita,Before
USC00412086,31.7731,-97.8264,CRANFILLS GAP,9,0,0.0,31.567779443129343,Coastal,9,0,0.0,False,0.0,Rita,Before
USC00412088,31.5333,-97.4525,CRAWFORD,9,0,0.0,20.842739668281514,Coastal,9,1,11.11,False,5.56,Rita,Before
USC00412096,32.5225,-97.6478,CRESSON,9,0,0.0,13.507337999976244,Coastal,9,1,11.11,False,5.56,Rita,Before
USC00412114,31.3072,-95.4508,CROCKETT,9,0,0.0,59.27536307151724,Rural,9,2,22.22,True,11.11,Rita,Before
USC00412173,29.0892,-97.3433,CUERO,9,0,0.0,46.23412561947321,Coastal,9,3,33.33,True,16.66,Rita,Before
USC00412206,30.0211,-95.7069,CYPRESS,9,0,0.0,5.519915214363201,Coastal,9,2,22.22,True,11.11,Rita,Before
USC00412218,30.4364,-95.7919,DACUS,9,0,0.0,30.105241905735888,Coastal,9,2,22.22,True,11.11,Rita,Before
USC00412225,32.9203,-94.7225,DAINGERFIELD 9 S,9,0,0.0,6.731951759471872,Coastal,9,3,33.33,True,16.66,Rita,Before
USC00412266,29.0661,-96.2583,DANEVANG 1 W,9,0,0.0,50.87736823896413,Rural,9,2,22.22,True,11.11,Rita,Before
USC00412295,30.8014,-97.2689,DAVILLA 2N,9,0,0.0,31.428280189087545,Coastal,9,1,11.11,False,5.56,Rita,Before
USC00412334,33.2219,-97.5872,DECATUR,9,0,0.0,46.960979884615696,Coastal,9,1,11.11,False,5.56,Rita,Before
USC00412352,33.4797,-94.6175,DEKALB,9,9,100.0,52.1608497513986,Rural,0,0,0.0,True,50.0,Rita,Before
USC00412404,33.1992,-97.105,DENTON 2 SE,9,0,0.0,0.0,Coastal,9,0,0.0,False,0.0,Rita,Before
USC00412444,31.8614,-95.2619,DIALVILLE 2 W,9,0,0.0,11.043671487485865,Coastal,9,4,44.44,True,22.22,Rita,Before
USC00412462,30.3558,-96.8289,DIME BOX,9,0,0.0,36.82189012287435,Coastal,9,3,33.33,True,16.66,Rita,Before
USC00412558,31.6481,-94.8997,DOUGLASS 1 S,9,9,100.0,22.30875498361981,Coastal,0,0,0.0,True,50.0,Rita,Before
USC00412585,30.2194,-97.9878,DRIPPING SPRINGS 6 E,9,0,0.0,9.111942872350896,Coastal,9,1,11.11,False,5.56,Rita,Before
USC00412598,32.0628,-98.3047,DUBLIN 2SE,9,0,0.0,73.88368082855759,Rural,9,2,22.22,True,11.11,Rita,Before
USC00412758,26.2981,-98.1575,EDINBURG,9,9,100.0,0.0,Coastal,0,0,0.0,True,50.0,Rita,Before
USC00412770,29.0622,-96.7714,EDNA 7 NW,9,0,0.0,32.809832627776416,Coastal,9,4,44.44,True,22.22,Rita,Before
USC00412772,32.3656,-95.6089,EDOM,9,0,0.0,25.108691983138144,Coastal,9,4,44.44,True,22.22,Rita,Before
USC00412786,29.2,-96.2653,EL CAMPO,9,0,0.0,56.40409217275993,Rural,9,3,33.33,True,16.66,Rita,Before
USC00412820,30.3642,-97.37,ELGIN 1 N,9,0,0.0,28.963066585302222,Coastal,9,2,22.22,True,11.11,Rita,Before
USC00412902,32.8711,-95.7797,EMORY,9,9,100.0,47.60844489083587,Coastal,0,0,0.0,True,50.0,Rita,Before
USC00413000,30.3333,-94.0833,EVADALE,9,9,100.0,1.5087399006592273,Coastal,0,0,0.0,True,50.0,Rita,Before
USC00413005,31.4625,-98.1619,EVANT 1SSW,9,0,0.0,44.3512726165052,Coastal,9,0,0.0,False,0.0,Rita,Before
USC00413047,31.7322,-96.2078,FAIRFIELD 3W,9,0,0.0,25.734847065139373,Coastal,9,2,22.22,True,11.11,Rita,Before
USC00413063,27.1353,-98.1203,FALFURRIAS,9,2,22.22,98.32316520403769,Rural,7,3,42.86,True,32.54,Rita,Before
USC00413065,28.9614,-98.1103,FALLS CITY 7 WSW,9,0,0.0,61.665757680181116,Rural,9,3,33.33,True,16.66,Rita,Before
USC00413080,33.1414,-96.2933,FARMERSVILLE,9,0,0.0,16.747897278340943,Coastal,9,0,0.0,False,0.0,Rita,Before
USC00413112,30.2758,-97.0192,FEDOR 3SE,9,9,100.0,36.82177189239934,Coastal,0,0,0.0,True,50.0,Rita,Before
USC00413133,32.5339,-96.6608,FERRIS,9,0,0.0,15.849109188671125,Coastal,9,0,0.0,False,0.0,Rita,Before
USC00413156,29.9744,-98.2669,FISCHERS STORE,9,0,0.0,32.62362095700067,Coastal,9,2,22.22,True,11.11,Rita,Before
USC00413171,31.3089,-97.6306,FLAT,9,0,0.0,17.662073641991487,Coastal,9,1,11.11,False,5.56,Rita,Before
USC00413183,29.6339,-97.0644,FLATONIA 4SE,9,0,0.0,96.18346564205932,Rural,9,3,33.33,True,16.66,Rita,Before
USC00413199,30.8394,-97.7928,FLORENCE,9,0,0.0,22.82094787567074,Coastal,9,1,11.11,False,5.56,Rita,Before
USC00413201,29.1333,-98.1628,FLORESVILLE,9,0,0.0,40.923923568506524,Coastal,9,3,33.33,True,16.66,Rita,Before
USC00413247,33.4661,-97.5797,FORESTBURG 5 S,9,0,0.0,55.63492416338972,Rural,9,0,0.0,False,0.0,Rita,Before
USC00413285,32.8342,-97.2981,FT WORTH WSFO,9,0,0.0,0.0,Coastal,9,0,0.0,False,0.0,Rita,Before
USC00413289,32.8472,-97.4761,FT WORTH NATURE CTR,9,9,100.0,0.32089867647990616,Coastal,0,0,0.0,True,50.0,Rita,Before
USC00413321,31.0328,-96.4889,FRANKLIN,9,0,0.0,42.38222542485077,Coastal,9,1,11.11,False,5.56,Rita,Before
USC00413340,28.9844,-95.3808,FREEPORT 2 NW,9,0,0.0,0.0,Coastal,9,4,44.44,True,22.22,Rita,Before
USC00413370,33.1925,-96.7931,FRISCO,9,0,0.0,10.323921924853272,Coastal,9,0,0.0,False,0.0,Rita,Before
USC00413485,31.4144,-97.7019,GATESVILLE,9,0,0.0,10.227683429263399,Coastal,9,1,11.11,False,5.56,Rita,Before
USC00413507,30.6764,-97.7208,GEORGETOWN LAKE,9,0,0.0,0.7631602942092303,Coastal,9,1,11.11,False,5.56,Rita,Before
USC00413508,28.3064,-98.1222,GEORGE W 2 SSW,9,0,0.0,47.9388321713319,Coastal,9,4,44.44,True,22.22,Rita,Before
USC00413525,30.1872,-96.8594,GIDDINGS 5E,9,0,0.0,52.94388562007584,Rural,9,3,33.33,True,16.66,Rita,Before
USC00413546,32.7464,-95.0497,GILMER 4 WNW,9,0,0.0,31.32492199117479,Coastal,9,3,33.33,True,16.66,Rita,Before
USC00413618,28.6617,-97.385,GOLIAD,9,0,0.0,41.56544592399115,Coastal,9,2,22.22,True,11.11,Rita,Before
USC00413620,28.6703,-97.3778,GOLIAD 1 E,9,0,0.0,40.45072765078804,Coastal,9,2,22.22,True,11.11,Rita,Before
USC00413622,29.4744,-97.4481,GONZALES 2S,9,0,0.0,73.29036385088267,Rural,9,3,33.33,True,16.66,Rita,Before
USC00413624,29.4358,-97.5178,GONZALES 10 SW,9,0,0.0,71.73203015314265,Rural,9,2,22.22,True,11.11,Rita,Before
USC00413639,32.5408,-98.3814,GORDON 1SW,9,0,0.0,44.91945283987111,Coastal,9,3,33.33,True,16.66,Rita,Before
USC00413675,32.5217,-97.8069,GRANBURY 5N,9,0,0.0,4.377154697350528,Coastal,9,1,11.11,False,5.56,Rita,Before
USC00413685,30.715,-97.4483,GRANGER,9,0,0.0,25.7575235416615,Coastal,9,1,11.11,False,5.56,Rita,Before
USC00413686,30.7189,-97.3211,GRANGER DAM,9,0,0.0,29.23994369160342,Coastal,9,2,22.22,True,11.11,Rita,Before
USC00413691,32.9506,-97.0553,GRAPEVINE DAM,9,0,0.0,0.0,Coastal,9,0,0.0,False,0.0,Rita,Before
USC00413734,33.1678,-96.0983,GREENVILLE KGVL RADIO,9,0,0.0,0.28634516435590107,Coastal,9,0,0.0,False,0.0,Rita,Before
USC00413776,31.4406,-96.4825,GROESBECK 7SE,9,0,0.0,36.421436106906235,Coastal,9,1,11.11,False,5.56,Rita,Before
USC00413778,31.1964,-95.1461,GROVETON,9,9,100.0,37.383877958451116,Coastal,0,0,0.0,True,50.0,Rita,Before
USC00413846,33.3361,-95.2486,HAGANSPORT,9,0,0.0,32.88611735226199,Coastal,9,1,11.11,False,5.56,Rita,Before
USC00413873,29.4706,-96.9397,HALLETTSVILLE 2 N,9,0,0.0,75.29637445305505,Rural,9,5,55.56,True,27.78,Rita,Before
USC00413877,32.4478,-94.5956,HALLSVILLE 4 S,9,0,0.0,4.134690978516626,Coastal,9,4,44.44,True,22.22,Rita,Before
USC00413884,31.7089,-98.115,HAMILTON,9,0,0.0,44.92355543108218,Coastal,9,0,0.0,False,0.0,Rita,Before
USC00413941,32.6761,-94.5781,HARLETON,9,0,0.0,15.56181715641338,Coastal,9,3,33.33,True,16.66,Rita,Before
USC00413943,26.2028,-97.6728,HARLINGEN,9,0,0.0,0.0,Coastal,9,4,44.44,True,22.22,Rita,Before
USC00414020,32.5781,-95.2033,HAWKINS,9,0,0.0,22.615200903616095,Coastal,9,3,33.33,True,16.66,Rita,Before
USC00414076,31.35,-93.8333,HEMPHILL,9,9,100.0,52.207613277016534,Rural,0,0,0.0,True,50.0,Rita,Before
USC00414077,31.4072,-93.7842,HEMPHILL 6 NE,9,0,0.0,61.100419644522944,Rural,9,3,33.33,True,16.66,Rita,Before
USC00414081,32.1828,-94.7967,HENDERSON,9,0,0.0,0.0,Coastal,9,4,44.44,True,22.22,Rita,Before
USC00414137,31.9844,-98.0311,HICO,9,0,0.0,63.60362546666706,Rural,9,1,11.11,False,5.56,Rita,Before
USC00414182,32.0161,-97.1094,HILLSBORO,9,0,0.0,48.59713078278662,Coastal,9,1,11.11,False,5.56,Rita,Before
USC00414202,32.7275,-95.1925,HOLLY LAKE RCH,9,0,0.0,41.57099621783162,Coastal,9,2,22.22,True,11.11,Rita,Before
USC00414313,29.8142,-95.7275,HOUSTON BARKER,9,0,0.0,0.0,Coastal,9,3,33.33,True,16.66,Rita,Before
USC00414315,29.7283,-95.1306,HOUSTON DEER PARK,9,0,0.0,0.0,Coastal,9,3,33.33,True,16.66,Rita,Before
USC00414321,29.7914,-95.4261,HOUSTON HTS,9,0,0.0,0.0,Coastal,9,3,33.33,True,16.66,Rita,Before
USC00414325,29.7003,-95.4292,HOUSTON-WESTBURY,9,0,0.0,0.0,Coastal,9,3,33.33,True,16.66,Rita,Before
USC00414326,29.7456,-95.28,HOUSTON-PORT,9,0,0.0,0.0,Coastal,9,3,33.33,True,16.66,Rita,Before
USC00414327,29.8733,-95.5275,HOUSTON N HOUSTON,9,0,0.0,0.0,Coastal,9,3,33.33,True,16.66,Rita,Before
USC00414333,29.4717,-95.0833,HOUSTON NWSO,9,0,0.0,0.0,Coastal,9,4,44.44,True,22.22,Rita,Before
USC00414343,32.3389,-98.2972,HUCKABAY,9,0,0.0,56.66994317839714,Rural,9,1,11.11,False,5.56,Rita,Before
USC00414382,30.7064,-95.5422,HUNTSVILLE,9,0,0.0,0.0,Coastal,9,2,22.22,True,11.11,Rita,Before
USC00414390,31.6544,-97.7086,HURST SPRINGS,9,0,0.0,16.543369115140923,Coastal,9,0,0.0,False,0.0,Rita,Before
USC00414505,32.0914,-97.1211,ITASCA 5SSW,9,0,0.0,48.64426733680883,Coastal,9,1,11.11,False,5.56,Rita,Before
USC00414517,33.2064,-98.1689,JACKSBORO,9,0,0.0,46.865697448552616,Coastal,9,3,33.33,True,16.66,Rita,Before
USC00414525,31.9622,-95.2736,JACKSONVILLE,9,2,22.22,0.0,Coastal,7,2,28.57,True,25.4,Rita,Before
USC00414531,29.1967,-94.9883,JAMAICA BEACH,9,0,0.0,11.329814539759102,Coastal,9,3,33.33,True,16.66,Rita,Before
USC00414556,30.8294,-97.6011,JARRELL,9,0,0.0,20.858915265946163,Coastal,9,1,11.11,False,5.56,Rita,Before
USC00414563,30.9153,-94.0097,JASPER,9,0,0.0,0.0,Coastal,9,3,33.33,True,16.66,Rita,Before
USC00414575,29.7664,-97.3164,JEDDO 3S,9,0,0.0,67.1806870510229,Rural,9,2,22.22,True,11.11,Rita,Before
USC00414577,32.7692,-94.3592,JEFFERSON,9,9,100.0,0.5309359288643769,Coastal,0,0,0.0,True,50.0,Rita,Before
USC00414597,32.6406,-96.9747,JOE POOL LAKE,9,0,0.0,0.0,Coastal,9,0,0.0,False,0.0,Rita,Before
USC00414605,30.3,-98.4094,JOHNSON CITY 2N,9,0,0.0,56.014689179118875,Rural,9,1,11.11,False,5.56,Rita,Before
USC00414679,33.0806,-97.2967,JUSTIN,9,0,0.0,16.835998918562055,Coastal,9,0,0.0,False,0.0,Rita,Before
USC00414693,32.6664,-94.1781,KARNACK,9,0,0.0,20.407203737692768,Coastal,9,3,33.33,True,16.66,Rita,Before
USC00414696,28.9069,-97.8756,KARNES CITY 2N,9,0,0.0,64.36553768600487,Rural,9,3,33.33,True,16.66,Rita,Before
USC00414704,29.8025,-95.8197,KATY CITY,9,0,0.0,3.737123226834927,Coastal,9,2,22.22,True,11.11,Rita,Before
USC00414705,32.5589,-96.2725,KAUFMAN 3 SE,9,0,0.0,40.13617653251362,Coastal,9,0,0.0,False,0.0,Rita,Before
USC00414708,32.6139,-96.1394,KAUFMAN 13ENE,9,9,100.0,49.490200275882735,Coastal,0,0,0.0,True,50.0,Rita,Before
USC00414792,31.0658,-97.6919,KILLEEN,9,9,100.0,2.866445807994136,Coastal,0,0,0.0,True,50.0,Rita,Before
USC00414805,29.6833,-97.7672,KINGSBURY,9,0,0.0,29.71933802591376,Coastal,9,2,22.22,True,11.11,Rita,Before
USC00414810,27.5311,-97.8497,KINGSVILLE,9,0,0.0,40.410558463357816,Coastal,9,5,55.56,True,27.78,Rita,Before
USC00414866,32.1347,-97.4786,KOPPERL 5 NNE,9,0,0.0,50.27274438952716,Rural,9,1,11.11,False,5.56,Rita,Before
USC00414878,30.375,-94.2994,KOUNTZE,9,0,0.0,23.763298463865354,Coastal,9,3,33.33,True,16.66,Rita,Before
USC00414903,29.9175,-96.8769,LA GRANGE,9,0,0.0,85.13491814173902,Rural,9,2,22.22,True,11.11,Rita,Before
USC00414911,26.3233,-98.3233,LA JOYA,9,0,0.0,7.803007439832203,Coastal,9,4,44.44,True,22.22,Rita,Before
USC00414972,33.225,-97.8317,LAKE BRIDGEPORT DAM,9,0,0.0,60.163014304624056,Rural,9,1,11.11,False,5.56,Rita,Before
USC00414976,32.8228,-95.5278,LAKE FK RSVR,9,0,0.0,57.24044123977292,Rural,9,2,22.22,True,11.11,Rita,Before
USC00414979,32.6433,-98.3181,LAKE PALO PINTO,9,0,0.0,29.918516277672456,Coastal,9,2,22.22,True,11.11,Rita,Before
USC00414980,32.8522,-95.8864,LAKE TAWAKONI,9,0,0.0,41.512511197030484,Coastal,9,0,0.0,False,0.0,Rita,Before
USC00415018,31.0717,-98.1847,LAMPASAS,9,0,0.0,44.95978374111257,Coastal,9,0,0.0,False,0.0,Rita,Before
USC00415094,33.0353,-96.4861,LAVON DAM,9,0,0.0,8.861635966157683,Coastal,9,0,0.0,False,0.0,Rita,Before
USC00415116,32.3,-98.4028,LEATHERWOOD RCH,9,9,100.0,69.27020612056158,Rural,0,0,0.0,True,50.0,Rita,Before
USC00415192,33.0694,-97.0094,LEWISVILLE DAM,9,0,0.0,0.0,Coastal,9,0,0.0,False,0.0,Rita,Before
USC00415193,30.4064,-97.0133,LEXINGTON,9,0,0.0,20.388859249688345,Coastal,9,2,22.22,True,11.11,Rita,Before
USC00415196,30.0592,-94.795,LIBERTY,9,0,0.0,21.17576348255531,Coastal,9,4,44.44,True,22.22,Rita,Before
USC00415229,33.0161,-94.3675,LINDEN,9,0,0.0,23.112161785468732,Coastal,9,2,22.22,True,11.11,Rita,Before
USC00415243,32.5686,-98.0825,LIPAN 4NW,9,0,0.0,31.262152588054704,Coastal,9,1,11.11,False,5.56,Rita,Before
USC00415271,30.7394,-94.9256,LIVINGSTON 2 NNE,9,0,0.0,0.0,Coastal,9,3,33.33,True,16.66,Rita,Before
USC00415285,29.8569,-97.6958,LOCKHART 2SW,9,0,0.0,23.37932420685404,Coastal,9,2,22.22,True,11.11,Rita,Before
USC00415341,32.4725,-94.7172,LONGVIEW,9,0,0.0,0.0,Coastal,9,4,44.44,True,22.22,Rita,Before
USC00415344,32.5183,-94.7189,LONGVIEW #2,9,0,0.0,0.0,Coastal,9,4,44.44,True,22.22,Rita,Before
USC00415415,31.4269,-94.8942,LUFKIN 11 NW,9,0,0.0,12.621257881909338,Coastal,9,4,44.44,True,22.22,Rita,Before
USC00415427,31.3417,-94.7325,LUFKIN #2,9,2,22.22,0.0,Coastal,7,2,28.57,True,25.4,Rita,Before
USC00415429,29.6756,-97.6578,LULING,9,0,0.0,38.642172328259086,Coastal,9,1,11.11,False,5.56,Rita,Before
USC00415430,29.8403,-97.5672,LULING 12 NE,9,0,0.0,37.793165308323985,Coastal,9,2,22.22,True,11.11,Rita,Before
USC00415435,30.2503,-94.1783,LUMBERTON,9,0,0.0,8.894784941893825,Coastal,9,3,33.33,True,16.66,Rita,Before
USC00415477,30.9392,-95.9203,MADISONVILLE,9,0,0.0,44.07686214645741,Coastal,9,1,11.11,False,5.56,Rita,Before
USC00415528,31.9442,-96.8464,MALONE 3ENE,9,9,100.0,44.081479268156926,Coastal,0,0,0.0,True,50.0,Rita,Before
USC00415611,31.305,-96.8767,MARLIN,9,0,0.0,39.64710986269433,Coastal,9,1,11.11,False,5.56,Rita,Before
USC00415618,32.4892,-94.3289,MARSHALL,9,0,0.0,5.344501621537798,Coastal,9,3,33.33,True,16.66,Rita,Before
USC00415659,28.6836,-95.9733,MATAGORDA #2,9,3,33.33,52.60646335418141,Rural,6,0,0.0,True,16.66,Rita,Before
USC00415661,28.0372,-97.8725,MATHIS 4 SSW,9,0,0.0,33.00306355166997,Coastal,9,4,44.44,True,22.22,Rita,Before
USC00415667,33.3322,-94.3436,MAUD,9,2,22.22,26.928749966726876,Coastal,7,1,14.29,False,18.26,Rita,Before
USC00415695,32.3117,-97.0161,MAYPEARL,9,9,100.0,18.82644817653199,Coastal,0,0,0.0,True,50.0,Rita,Before
USC00415701,26.1922,-98.2503,MCALLEN,9,0,0.0,0.0,Coastal,9,4,44.44,True,22.22,Rita,Before
USC00415721,26.565,-98.1236,MCCOOK,9,0,0.0,30.163732074029404,Coastal,9,5,55.56,True,27.78,Rita,Before
USC00415757,31.435,-97.4011,MCGREGOR,9,0,0.0,18.003993568820746,Coastal,9,1,11.11,False,5.56,Rita,Before
USC00415766,33.1828,-96.59,MCKINNEY MUNI AP,9,9,100.0,3.1518676234487466,Coastal,0,0,0.0,True,50.0,Rita,Before
USC00415836,26.0619,-97.8997,MERCEDES 6 SSE,9,0,0.0,13.450473854464171,Coastal,9,5,55.56,True,27.78,Rita,Before
USC00415845,31.93,-97.6608,MERIDIAN,9,0,0.0,52.6880748376786,Rural,9,0,0.0,False,0.0,Rita,Before
USC00415869,31.6181,-96.4497,MEXIA,9,9,100.0,35.228897916864895,Coastal,0,0,0.0,True,50.0,Rita,Before
USC00415897,32.4917,-96.9992,MIDLOTHIAN,9,0,0.0,0.0,Coastal,9,0,0.0,False,0.0,Rita,Before
USC00415904,31.0706,-95.715,MIDWAY 4 NE,9,0,0.0,43.332056610198485,Coastal,9,4,44.44,True,22.22,Rita,Before
USC00415954,32.635,-95.4822,MINEOLA,9,0,0.0,32.33188772705603,Coastal,9,3,33.33,True,16.66,Rita,Before
USC00416024,30.3908,-95.6969,MONTGOMERY,9,0,0.0,18.497525889126,Coastal,9,2,22.22,True,11.11,Rita,Before
USC00416058,32.0139,-97.6131,MORGAN,9,0,0.0,57.21921094692587,Rural,9,0,0.0,False,0.0,Rita,Before
USC00416060,32.3842,-98.1703,MORGAN MILL,9,9,100.0,41.733039886635744,Coastal,0,0,0.0,True,50.0,Rita,Before
USC00416108,33.1631,-95.0097,MT PLEASANT,9,0,0.0,0.0,Coastal,9,2,22.22,True,11.11,Rita,Before
USC00416119,33.1964,-95.2236,MT VERNON,9,0,0.0,24.142323982696944,Coastal,9,1,11.11,False,5.56,Rita,Before
USC00416177,31.6164,-94.6431,NACOGDOCHES,9,0,0.0,0.0,Coastal,9,3,33.33,True,16.66,Rita,Before
USC00416210,31.9611,-96.6881,NAVARRO MILLS DAM,9,0,0.0,27.842995711972172,Coastal,9,1,11.11,False,5.56,Rita,Before
USC00416265,31.6503,-94.1519,NEUVILLE,9,9,100.0,18.899254354525254,Coastal,0,0,0.0,True,50.0,Rita,Before
USC00416270,33.4547,-94.4089,NEW BOSTON,9,2,22.22,29.535042875958787,Coastal,7,1,14.29,False,18.26,Rita,Before
USC00416276,29.6597,-98.1636,NEW BRAUNFELS,9,0,0.0,6.083943163933313,Coastal,9,1,11.11,False,5.56,Rita,Before
USC00416280,30.1375,-95.1783,NEW CANEY 2 E,9,0,0.0,3.076118500089018,Coastal,9,2,22.22,True,11.11,Rita,Before
USC00416331,33.4561,-98.0253,NEWPORT 1SW,9,9,100.0,77.53259619219774,Rural,0,0,0.0,True,50.0,Rita,Before
USC00416335,31.9747,-95.1381,NEW SUMMERFIELD 2W,9,0,0.0,10.76113244429546,Coastal,9,4,44.44,True,22.22,Rita,Before
USC00416341,30.8331,-93.7369,NEWTON,9,0,0.0,27.621931974356947,Coastal,9,1,11.11,False,5.56,Rita,Before
USC00416367,31.1083,-98.3803,NIX STORE 1 W,9,0,0.0,66.10892274960445,Rural,9,0,0.0,False,0.0,Rita,Before
USC00416368,29.2828,-97.7675,NIXON,9,9,100.0,64.12765518176306,Rural,0,0,0.0,True,50.0,Rita,Before
USC00416496,31.5914,-95.8442,OAKWOOD,9,0,0.0,27.73224608167206,Coastal,9,4,44.44,True,22.22,Rita,Before
USC00416649,33.1836,-94.7792,OMAHA 2 W,9,9,100.0,15.81456643639988,Coastal,0,0,0.0,True,50.0,Rita,Before
USC00416664,30.0858,-93.7417,ORANGE,9,0,0.0,0.0,Coastal,9,3,33.33,True,16.66,Rita,Before
USC00416680,30.2267,-93.7389,ORANGE 9 N,9,0,0.0,9.172381451048892,Coastal,9,3,33.33,True,16.66,Rita,Before
USC00416766,32.7664,-98.3083,PALO PINTO,9,0,0.0,18.472226529269847,Coastal,9,2,22.22,True,11.11,Rita,Before
USC00417017,31.2789,-97.8883,PIDCOKE,9,0,0.0,20.32805184345166,Coastal,9,1,11.11,False,5.56,Rita,Before
USC00417020,29.2353,-96.1817,PIERCE 1 E,9,0,0.0,48.933871741864984,Coastal,9,3,33.33,True,16.66,Rita,Before
USC00417040,31.2447,-93.9658,PINELAND,9,0,0.0,35.716154364180525,Coastal,9,3,33.33,True,16.66,Rita,Before
USC00417066,32.9264,-94.9392,PITTSBURG 5 SSE,9,9,100.0,28.28555765758712,Coastal,0,0,0.0,True,50.0,Rita,Before
USC00417111,28.9606,-98.4772,PLEASANTON,9,9,100.0,50.245841739674965,Rural,0,0,0.0,True,50.0,Rita,Before
USC00417140,28.6575,-96.5553,PT COMFORT,9,0,0.0,0.0,Coastal,9,3,33.33,True,16.66,Rita,Before
USC00417170,27.8139,-97.075,PORT ARANSAS,9,0,0.0,1.7876021929111308,Coastal,9,4,44.44,True,22.22,Rita,Before
USC00417172,29.9044,-93.9708,PORT ARTHUR CITY,9,0,0.0,0.0,Coastal,9,3,33.33,True,16.66,Rita,Before
USC00417179,26.095,-97.3069,PORT ISABEL,9,0,0.0,14.928094074369046,Coastal,9,3,33.33,True,16.66,Rita,Before
USC00417183,28.6078,-96.6417,PORT LAVACA,9,0,0.0,1.2170074320202078,Coastal,9,1,11.11,False,5.56,Rita,Before
USC00417184,26.5533,-97.4278,PORT MANSFIELD,9,0,0.0,49.210332980706305,Coastal,9,4,44.44,True,22.22,Rita,Before
USC00417186,28.4342,-96.4278,PORT O'CONNOR,9,9,100.0,28.499027666470152,Coastal,0,0,0.0,True,50.0,Rita,Before
USC00417300,31.9633,-98.4942,PROCTOR RSVR,9,0,0.0,98.45090540973149,Rural,9,2,22.22,True,11.11,Rita,Before
USC00417365,32.7931,-95.435,QUITMAN 2,9,0,0.0,50.75674781942296,Rural,9,2,22.22,True,11.11,Rita,Before
USC00417388,32.2619,-97.7064,RAINBOW,9,0,0.0,23.0031999951876,Coastal,9,1,11.11,False,5.56,Rita,Before
USC00417458,26.4644,-97.7847,RAYMONDVILLE,9,0,0.0,26.007440572155442,Coastal,9,4,44.44,True,22.22,Rita,Before
USC00417530,28.2939,-97.3297,REFUGIO 3 SW,9,0,0.0,37.00093026130864,Coastal,9,3,33.33,True,16.66,Rita,Before
USC00417533,28.3294,-97.2947,REFUGIO 2 NW,9,0,0.0,39.09409800016053,Coastal,9,2,22.22,True,11.11,Rita,Before
USC00417550,32.8136,-97.5756,REMUDA,9,0,0.0,7.290701484142082,Coastal,9,1,11.11,False,5.56,Rita,Before
USC00417586,30.5381,-95.8458,RICHARDS,9,9,100.0,34.83069291231082,Coastal,0,0,0.0,True,50.0,Rita,Before
USC00417588,32.9964,-96.7428,RICHARDSON,9,0,0.0,0.0,Coastal,9,0,0.0,False,0.0,Rita,Before
USC00417594,29.5839,-95.7553,RICHMOND,9,0,0.0,0.0,Coastal,9,3,33.33,True,16.66,Rita,Before
USC00417659,33.005,-97.2331,ROANOKE,9,0,0.0,5.256467251205851,Coastal,9,0,0.0,False,0.0,Rita,Before
USC00417677,27.7894,-97.6619,ROBSTOWN,9,0,0.0,3.3780085865025575,Coastal,9,4,44.44,True,22.22,Rita,Before
USC00417685,30.6431,-97.0372,ROCKDALE,9,0,0.0,6.031363412268131,Coastal,9,3,33.33,True,16.66,Rita,Before
USC00417704,28.0183,-97.0567,ROCKPORT,9,0,0.0,0.0,Coastal,9,3,33.33,True,16.66,Rita,Before
USC00417707,32.9331,-96.4647,ROCKWALL,9,0,0.0,0.0,Coastal,9,0,0.0,False,0.0,Rita,Before
USC00417744,31.0736,-96.9789,ROSEBUD,9,0,0.0,39.213014218036115,Coastal,9,1,11.11,False,5.56,Rita,Before
USC00417773,32.4578,-96.4558,ROSSER,9,0,0.0,37.013892656586854,Coastal,9,0,0.0,False,0.0,Rita,Before
USC00417787,30.4247,-98.3492,ROUND MTN,9,9,100.0,53.933511053682565,Rural,0,0,0.0,True,50.0,Rita,Before
USC00417791,30.5414,-97.635,ROUND ROCK 3 NE,9,0,0.0,2.478929859281774,Coastal,9,2,22.22,True,11.11,Rita,Before
USC00417836,28.8297,-97.7133,RUNGE,9,0,0.0,51.285294639816286,Rural,9,3,33.33,True,16.66,Rita,Before
USC00417841,31.8092,-95.1428,RUSK,9,0,0.0,21.410790768701908,Coastal,9,5,55.56,True,27.78,Rita,Before
USC00417936,31.0619,-94.1011,SAM RAYBURN DAM,9,0,0.0,14.241036382349494,Coastal,9,3,33.33,True,16.66,Rita,Before
USC00417947,29.4703,-98.4728,SAN ANTONIO INCARNATE WORD,9,0,0.0,0.0,Coastal,9,3,33.33,True,16.66,Rita,Before
USC00417951,31.5192,-94.1186,SAN AUGUSTINE,9,0,0.0,36.427488570400925,Coastal,9,3,33.33,True,16.66,Rita,Before
USC00417981,26.565,-98.1189,SAN MANUEL,9,9,100.0,30.268075008909314,Coastal,0,0,0.0,True,50.0,Rita,Before
USC00417983,29.8833,-97.9494,SAN MARCOS,9,0,0.0,0.0,Coastal,9,1,11.11,False,5.56,Rita,Before
USC00418059,26.2656,-97.8714,SANTA ROSA 3 WNW,9,0,0.0,14.855278930144705,Coastal,9,3,33.33,True,16.66,Rita,Before
USC00418081,27.2169,-97.6956,SARITA 7 E,9,0,0.0,64.22195854522926,Rural,9,4,44.44,True,22.22,Rita,Before
USC00418126,29.6825,-96.8564,SCHULENBURG,9,0,0.0,103.35390277244491,Rural,9,4,44.44,True,22.22,Rita,Before
USC00418187,29.5519,-97.9703,SEGUIN 1 SSW,9,0,0.0,23.046128930316957,Coastal,9,2,22.22,True,11.11,Rita,Before
USC00418311,30.3703,-94.2019,SILSBEE 4 N,9,0,0.0,12.969773841961823,Coastal,9,3,33.33,True,16.66,Rita,Before
USC00418354,28.1011,-97.5689,SINTON,9,0,0.0,26.078259944540335,Coastal,9,4,44.44,True,22.22,Rita,Before
USC00418415,30.0092,-97.1644,SMITHVILLE,9,0,0.0,62.23360953567779,Rural,9,2,22.22,True,11.11,Rita,Before
USC00418446,30.3367,-96.5403,SOMERVILLE DAM,9,0,0.0,38.48923309164152,Coastal,9,2,22.22,True,11.11,Rita,Before
USC00418487,26.1375,-97.1742,S PADRE IS,9,0,0.0,8.13832340239313,Coastal,9,3,33.33,True,16.66,Rita,Before
USC00418519,29.2728,-96.6858,SPEAKS 2,9,0,0.0,59.93176529380215,Rural,9,4,44.44,True,22.22,Rita,Before
USC00418531,30.4814,-98.1606,SPICEWOOD,9,0,0.0,32.92166123551797,Coastal,9,1,11.11,False,5.56,Rita,Before
USC00418544,29.8653,-98.3797,SPRING BRANCH 2SE,9,0,0.0,27.96359465932758,Coastal,9,2,22.22,True,11.11,Rita,Before
USC00418646,31.0372,-97.5283,STILLHOUSE HOLLOW DAM,9,0,0.0,15.607517778672834,Coastal,9,1,11.11,False,5.56,Rita,Before
USC00418658,29.3258,-97.9753,STOCKDALE 6N,9,0,0.0,45.09291971181289,Coastal,9,3,33.33,True,16.66,Rita,Before
USC00418696,32.6592,-98.4678,STRAWN 8 NNE,9,0,0.0,41.09387496570124,Coastal,9,1,11.11,False,5.56,Rita,Before
USC00418728,29.6197,-95.6575,SUGAR LAND,9,2,22.22,0.0,Coastal,7,0,0.0,False,11.11,Rita,Before
USC00418743,33.1481,-95.6269,SULPHUR SPRINGS,9,0,0.0,50.07022891743476,Rural,9,0,0.0,False,0.0,Rita,Before
USC00418862,30.5844,-97.4156,TAYLOR 1NW,9,0,0.0,27.35789894601168,Coastal,9,2,22.22,True,11.11,Rita,Before
USC00418929,32.7336,-96.3225,TERRELL,9,0,0.0,25.881873218616864,Coastal,9,0,0.0,False,0.0,Rita,Before
USC00418942,33.4367,-94.0772,TEXARKANA,9,0,0.0,0.0,Coastal,9,3,33.33,True,16.66,Rita,Before
USC00418996,29.4822,-95.6314,THOMPSONS 3 WSW,9,0,0.0,10.538585167752778,Coastal,9,4,44.44,True,22.22,Rita,Before
USC00419001,30.6147,-97.2086,THORNDALE,9,0,0.0,12.737694850969378,Coastal,9,2,22.22,True,11.11,Rita,Before
USC00419004,31.3917,-96.5656,THORNTON 1SSE,9,0,0.0,46.897622554385315,Coastal,9,1,11.11,False,5.56,Rita,Before
USC00419007,28.5806,-98.1186,THREE RIVERS 9 NE,9,0,0.0,50.07135385214085,Rural,9,3,33.33,True,16.66,Rita,Before
USC00419068,31.175,-93.5653,TOLEDO BEND DAM,9,0,0.0,36.60972001843727,Coastal,9,3,33.33,True,16.66,Rita,Before
USC00419076,30.1003,-95.6114,TOMBALL,9,0,0.0,0.0,Coastal,9,2,22.22,True,11.11,Rita,Before
USC00419099,30.8836,-98.4708,TOW,9,0,0.0,80.14139908807407,Rural,9,0,0.0,False,0.0,Rita,Before
USC00419101,30.7931,-94.1819,TOWN BLUFF DAM,9,0,0.0,22.95334642226583,Coastal,9,3,33.33,True,16.66,Rita,Before
USC00419125,33.4311,-96.3397,TRENTON,9,0,0.0,34.76118132723371,Coastal,9,0,0.0,False,0.0,Rita,Before
USC00419153,31.2061,-97.2956,TROY,9,0,0.0,8.895409107218896,Coastal,9,1,11.11,False,5.56,Rita,Before
USC00419207,32.3008,-95.3103,TYLER,9,0,0.0,0.0,Coastal,9,4,44.44,True,22.22,Rita,Before
USC00419282,31.6606,-97.4661,VALLEY MILLS,9,0,0.0,26.60947461818936,Coastal,9,1,11.11,False,5.56,Rita,Before
USC00419361,28.8608,-97.0181,VICTORIA FIRE DEPT #5,9,0,0.0,0.06872238399695417,Coastal,9,3,33.33,True,16.66,Rita,Before
USC00419367,28.8439,-96.9214,VICTORIA RGNL AP,9,0,0.0,4.128538623991454,Coastal,9,3,33.33,True,16.66,Rita,Before
USC00419415,31.5481,-97.2072,WACO,9,0,0.0,0.0,Coastal,9,1,11.11,False,5.56,Rita,Before
USC00419417,31.6003,-97.2169,WACO DAM,9,0,0.0,0.0,Coastal,9,1,11.11,False,5.56,Rita,Before
USC00419491,30.3236,-96.1594,WASHINGTON SP,9,0,0.0,32.412707925568455,Coastal,9,2,22.22,True,11.11,Rita,Before
USC00419503,32.525,-95.1306,WATERS BLUFF,9,2,22.22,20.86397623881894,Coastal,7,2,28.57,True,25.4,Rita,Before
USC00419504,30.9297,-98.0219,WATSON,9,0,0.0,36.57490595559486,Coastal,9,0,0.0,False,0.0,Rita,Before
USC00419522,32.4281,-96.8422,WAXAHACHIE,9,0,0.0,0.0,Coastal,9,0,0.0,False,0.0,Rita,Before
USC00419532,32.7478,-97.7703,WEATHERFORD,9,0,0.0,29.882056821896008,Coastal,9,1,11.11,False,5.56,Rita,Before
USC00419559,28.1136,-97.4178,WELDER WILDLIFE FOUNDATION,9,0,0.0,29.609932927557004,Coastal,9,3,33.33,True,16.66,Rita,Before
USC00419588,26.1781,-97.9708,WESLACO,9,3,33.33,0.0,Coastal,6,3,50.0,True,41.66,Rita,Before
USC00419593,31.8119,-97.0797,W,9,0,0.0,21.98472842123466,Coastal,9,1,11.11,False,5.56,Rita,Before
USC00419655,29.3178,-96.0847,WHARTON,9,9,100.0,40.978951597062164,Coastal,0,0,0.0,True,50.0,Rita,Before
USC00419708,32.2039,-95.2342,WHITEHOUSE 3 S,9,0,0.0,9.440767901721776,Coastal,9,4,44.44,True,22.22,Rita,Before
USC00419709,32.5164,-94.8914,WHITE OAK 1 WSW,9,0,0.0,2.5472609596267475,Coastal,9,4,44.44,True,22.22,Rita,Before
USC00419715,31.8611,-97.375,WHITNEY DAM,9,0,0.0,37.90675303629327,Coastal,9,0,0.0,False,0.0,Rita,Before
USC00419717,28.6314,-98.2775,WHITSETT,9,0,0.0,68.85120970841434,Rural,9,1,11.11,False,5.56,Rita,Before
USC00419754,30.5347,-94.4456,WILDWOOD,9,9,100.0,46.34659807530343,Coastal,0,0,0.0,True,50.0,Rita,Before
USC00419800,32.7019,-96.015,WILLS PT,9,0,0.0,54.40093041028651,Rural,9,0,0.0,False,0.0,Rita,Before
USC00419815,30.0017,-98.1047,WIMBERLEY 1 NW,9,0,0.0,17.242972032465115,Coastal,9,2,22.22,True,11.11,Rita,Before
USC00419836,33.025,-95.2411,WINNSBORO 5 NNE,9,0,0.0,31.280361242743002,Coastal,9,2,22.22,True,11.11,Rita,Before
USC00419859,33.3675,-96.0675,WOLFE CITY,9,9,100.0,26.68963374779546,Coastal,0,0,0.0,True,50.0,Rita,Before
USC00419898,30.7678,-94.4117,WOODVILLE,9,0,0.0,45.363275949291584,Coastal,9,3,33.33,True,16.66,Rita,Before
USC00419916,33.3039,-94.1583,WRIGHT PATMAN DM & LK,9,0,0.0,14.882760791052075,Coastal,9,3,33.33,True,16.66,Rita,Before
USC00419952,29.2739,-97.1556,YOAKUM,9,9,100.0,52.8483721374334,Rural,0,0,0.0,True,50.0,Rita,Before
USC00419953,28.9803,-97.5186,YORKTOWN,9,0,0.0,55.532894936614824,Rural,9,3,33.33,True,16.66,Rita,Before
USC00419962,30.9597,-97.7183,YOUNGSPORT,9,0,0.0,15.792103953295737,Coastal,9,1,11.11,False,5.56,Rita,Before
USW00003855,30.35,-87.3167,PENSACOLA FOREST SHERMAN NAS,9,9,100.0,5.653506532494384,Coastal,0,0,0.0,True,50.0,Rita,Before
USW00003866,32.55,-88.5667,MERIDIAN NAAS,9,1,11.11,20.48880896199433,Coastal,8,0,0.0,False,5.56,Rita,Before
USW00003881,32.8661,-87.2383,CENTREVILLE 6 SW,9,0,0.0,47.59601963730823,Coastal,9,0,0.0,False,0.0,Rita,Before
USW00003901,32.3908,-94.7139,LONGVIEW E TX RGNL AP,9,0,0.0,5.2212718272852285,Coastal,9,4,44.44,True,22.22,Rita,Before
USW00003902,31.0667,-97.8333,ROBERT GRAY AAF,9,9,100.0,9.32104073463442,Coastal,0,0,0.0,True,50.0,Rita,Before
USW00003904,30.5911,-96.3631,COLLEGE STN EASTERWOOD FLD,9,0,0.0,1.978468508672472,Coastal,9,2,22.22,True,11.11,Rita,Before
USW00003927,32.8975,-97.0219,DAL-FTW WSCMO AP,9,0,0.0,0.0,Coastal,9,0,0.0,False,0.0,Rita,Before
USW00003931,31.05,-93.1833,FT POLK AAF,9,9,100.0,0.8922330372536692,Coastal,0,0,0.0,True,50.0,Rita,Before
USW00003933,31.1333,-97.7167,FT HOOD,9,9,100.0,0.0,Coastal,0,0,0.0,True,50.0,Rita,Before
USW00003937,30.1253,-93.2158,LAKE CHARLES,9,0,0.0,5.86873759219423,Coastal,9,3,33.33,True,16.66,Rita,Before
USW00003940,32.3197,-90.0778,JACKSON INTL AP,9,0,0.0,0.0,Coastal,9,0,0.0,False,0.0,Rita,Before
USW00003951,32.35,-94.65,LONGVIEW WSMO,9,0,0.0,11.204371992451518,Coastal,9,3,33.33,True,16.66,Rita,Before
USW00003969,32.2153,-98.1775,STEPHENVILLE CLARK FLD,9,0,0.0,50.48724303215062,Rural,9,1,11.11,False,5.56,Rita,Before
USW00003971,32.6781,-96.8678,DALLAS REDBIRD AP,9,0,0.0,0.0,Coastal,9,0,0.0,False,0.0,Rita,Before
USW00003991,33.2089,-97.1992,DENTON MUNICPAL AP,9,0,0.0,3.8428150151452543,Coastal,9,0,0.0,False,0.0,Rita,Before
USW00003996,32.3481,-91.03,TALLULAH VICKSBURG RGNL AP,9,0,0.0,11.392194907363818,Coastal,9,0,0.0,False,0.0,Rita,Before
USW00003999,30.7406,-98.2353,BURNET MUNI AP,9,0,0.0,48.08603629179815,Coastal,9,0,0.0,False,0.0,Rita,Before
USW00012884,29.3331,-89.4075,BOOTHVILLE ASOS,9,0,0.0,90.22734228942441,Rural,9,2,22.22,True,11.11,Rita,Before
USW00012904,26.2303,-97.6556,HARLINGEN RIO GRANDE VLY INTL,9,0,0.0,2.0798213473658533,Coastal,9,4,44.44,True,22.22,Rita,Before
USW00012911,29.5325,-98.2622,RANDOLPH AFB,9,9,100.0,4.639648825004089,Coastal,0,0,0.0,True,50.0,Rita,Before
USW00012912,28.8625,-96.93,VICTORIA RGNL AP,9,0,0.0,4.429174886055022,Coastal,9,2,22.22,True,11.11,Rita,Before
USW00012916,29.9975,-90.2778,NEW ORLEANS AP,9,0,0.0,0.0,Coastal,9,2,22.22,True,11.11,Rita,Before
USW00012917,29.9519,-94.0261,PORT ARTHUR SE TX RGNL AP,9,0,0.0,2.0442776257944937,Coastal,9,4,44.44,True,22.22,Rita,Before
USW00012918,29.6458,-95.2822,HOUSTON WILLIAM P HOBBY AP,9,0,0.0,0.0,Coastal,9,3,33.33,True,16.66,Rita,Before
USW00012921,29.5442,-98.4839,SAN ANTONIO INTL AP,9,0,0.0,0.0,Coastal,9,2,22.22,True,11.11,Rita,Before
USW00012923,29.2703,-94.8642,GALVESTON SCHOLES FLD,9,0,0.0,0.0,Coastal,9,3,33.33,True,16.66,Rita,Before
USW00012924,27.7839,-97.5114,CORPUS CHRISTI,9,0,0.0,1.464913956862472,Coastal,9,5,55.56,True,27.78,Rita,Before
USW00012926,27.6878,-97.2917,CORPUS CHRISTI NAS,9,0,0.0,0.0,Coastal,9,4,44.44,True,22.22,Rita,Before
USW00012928,27.5089,-97.8042,KINGSVILLE NAAS,9,1,11.11,40.005854760309646,Coastal,8,4,50.0,True,30.56,Rita,Before
USW00012930,29.9167,-90.1303,NEW ORLEANS AUDUBON,9,0,0.0,0.0,Coastal,9,2,22.22,True,11.11,Rita,Before
USW00012932,27.7414,-98.025,ALICE INTL AP,9,0,0.0,44.18744808136537,Coastal,9,4,44.44,True,22.22,Rita,Before
USW00012935,28.7247,-96.2536,PALACIOS MUNI AP,9,0,0.0,26.191580184690608,Coastal,9,1,11.11,False,5.56,Rita,Before
USW00012944,29.3,-94.8,GALVESTON,9,3,33.33,0.0,Coastal,6,3,50.0,True,41.66,Rita,Before
USW00012946,27.7,-97.4333,CORPUS CHRISTI CABANISS FLD,9,9,100.0,0.0,Coastal,0,0,0.0,True,50.0,Rita,Before
USW00012957,26.1597,-97.3378,PORT ISABEL CAMERON CO AP,9,0,0.0,21.172217376701504,Coastal,9,3,33.33,True,16.66,Rita,Before
USW00012958,29.8167,-90.0167,NEW ORLEANS ALVIN CALLENDER FL,9,0,0.0,0.0,Coastal,9,2,22.22,True,11.11,Rita,Before
USW00012959,26.1792,-98.2444,MCALLEN MILLER INTL AP,9,0,0.0,0.0,Coastal,9,4,44.44,True,22.22,Rita,Before
USW00012960,29.9844,-95.3608,HOUSTON INTERCONTINENTAL AP,9,0,0.0,0.0,Coastal,9,3,33.33,True,16.66,Rita,Before
USW00012968,29.5589,-91.525,SALT PT,9,0,0.0,26.565377598443572,Coastal,9,4,44.44,True,22.22,Rita,Before
USW00012970,29.3389,-98.4719,SAN ANTONIO STINSON MUNI AP,9,0,0.0,2.369115985101722,Coastal,9,2,22.22,True,11.11,Rita,Before
USW00012971,29.7042,-98.0286,AUSTIN SAN ANTONIO,9,0,0.0,7.166689979913547,Coastal,9,2,22.22,True,11.11,Rita,Before
USW00012972,28.0836,-97.0467,ROCKPORT ARANSAS CO AP,9,0,0.0,1.7098105249777147,Coastal,9,3,33.33,True,16.66,Rita,Before
USW00012975,29.5192,-95.2422,HOUSTON CLOVER FLD,9,0,0.0,1.8572850443177737,Coastal,9,2,22.22,True,11.11,Rita,Before
USW00012976,29.1153,-95.4633,ANGLETON LK JACKSON BRAZORIA C,9,0,0.0,1.5147548416833831,Coastal,9,2,22.22,True,11.11,Rita,Before
USW00012977,29.6197,-95.6575,HOUSTON SUGARLAND MEM,9,0,0.0,0.0,Coastal,9,3,33.33,True,16.66,Rita,Before
USW00012987,26.5258,-98.0633,EDINBURG 17 NNE,9,0,0.0,27.554802911328387,Coastal,9,4,44.44,True,22.22,Rita,Before
USW00013833,31.2694,-89.2561,HATTIESBURG CHAIN MUNI AP,9,0,0.0,5.742393032848682,Coastal,9,0,0.0,False,0.0,Rita,Before
USW00013838,30.6147,-88.0631,MOBILE DWTN AP,9,0,0.0,0.0,Coastal,9,0,0.0,False,0.0,Rita,Before
USW00013865,32.3347,-88.7508,MERIDIAN KEY FLD,9,0,0.0,0.0,Coastal,9,0,0.0,False,0.0,Rita,Before
USW00013894,30.6794,-88.24,MOBILE,9,0,0.0,1.3941782102411864,Coastal,9,0,0.0,False,0.0,Rita,Before
USW00013899,30.4761,-87.1858,PENSACOLA RGNL AP,9,0,0.0,0.0,Coastal,9,0,0.0,False,0.0,Rita,Before
USW00013904,30.1831,-97.68,AUSTIN BERGSTROM INTL AP,9,0,0.0,4.278921491456999,Coastal,9,2,22.22,True,11.11,Rita,Before
USW00013911,32.7667,-97.45,FT WORTH NAS,9,0,0.0,0.0,Coastal,9,1,11.11,False,5.56,Rita,Before
USW00013927,32.3375,-90.2214,JACKSON HAWKINS FLD,9,0,0.0,0.0,Coastal,9,0,0.0,False,0.0,Rita,Before
USW00013935,31.3964,-92.2828,ALEXANDRIA ESLER FLD,9,0,0.0,12.31934416832791,Coastal,9,3,33.33,True,16.66,Rita,Before
USW00013939,33.4939,-90.9806,GREENVILLE ASOS,9,0,0.0,7.638871684899601,Coastal,9,0,0.0,False,0.0,Rita,Before
USW00013942,32.5156,-92.03,MONROE RGNL AP,9,0,0.0,1.2667339097621175,Coastal,9,1,11.11,False,5.56,Rita,Before
USW00013957,32.4508,-93.8414,SHREVEPORT,9,0,0.0,0.0,Coastal,9,4,44.44,True,22.22,Rita,Before
USW00013958,30.3208,-97.7603,AUSTIN-CAMP MABRY,9,0,0.0,0.0,Coastal,9,2,22.22,True,11.11,Rita,Before
USW00013959,31.6181,-97.2283,WACO RGNL AP,9,0,0.0,2.278716292834736,Coastal,9,1,11.11,False,5.56,Rita,Before
USW00013960,32.8383,-96.8358,DALLAS FAA AP,9,0,0.0,0.0,Coastal,9,0,0.0,False,0.0,Rita,Before
USW00013961,32.8247,-97.3642,FT WORTH MEACHAM FLD,9,0,0.0,0.0,Coastal,9,0,0.0,False,0.0,Rita,Before
USW00013970,30.5378,-91.1469,BATON ROUGE METRO AP,9,0,0.0,0.0,Coastal,9,3,33.33,True,16.66,Rita,Before
USW00013972,32.3586,-95.4039,TYLER POUNDS FLD,9,0,0.0,2.6628271118799005,Coastal,9,4,44.44,True,22.22,Rita,Before
USW00013976,30.1986,-91.9894,LAFAYETTE RGNL AP,9,0,0.0,0.0,Coastal,9,4,44.44,True,22.22,Rita,Before
USW00013977,33.4561,-93.9878,TEXARKANA WEBB FLD,9,0,0.0,1.2809905568385695,Coastal,9,3,33.33,True,16.66,Rita,Before
USW00013978,33.4961,-90.0894,GREENWOOD LEFLORE AP,9,0,0.0,8.260857983007817,Coastal,9,0,0.0,False,0.0,Rita,Before
USW00053820,31.4192,-87.0483,EVERGREEN MIDDLETON FLD,9,0,0.0,61.23306644013579,Rural,9,0,0.0,False,0.0,Rita,Before
USW00053858,30.4631,-88.5317,PASCAGOULA LOTT INTL AP,9,0,0.0,0.4266108937077224,Coastal,9,0,0.0,False,0.0,Rita,Before
USW00053865,30.3436,-89.8225,SLIDELL AP,9,0,0.0,1.9436684988607484,Coastal,9,3,33.33,True,16.66,Rita,Before
USW00053902,30.3611,-95.4175,CONROE MONTGOMERY CO AP,9,0,0.0,0.0,Coastal,9,2,22.22,True,11.11,Rita,Before
USW00053903,30.7444,-95.5867,HUNTSVILLE MUNI AP,9,0,0.0,1.3783204798906665,Coastal,9,1,11.11,False,5.56,Rita,Before
USW00053905,32.5397,-93.7461,SHREVEPORT DWTN AP,9,0,0.0,0.0,Coastal,9,4,44.44,True,22.22,Rita,Before
USW00053907,32.6583,-97.095,ARLINGTON MUNI AP,9,0,0.0,0.0,Coastal,9,0,0.0,False,0.0,Rita,Before
USW00053909,32.9944,-97.3203,FT WORTH ALLIANCE AP,9,0,0.0,10.569221901495908,Coastal,9,0,0.0,False,0.0,Rita,Before
USW00053910,30.0681,-95.5564,HOUSTON HOOKS MEM AP,9,0,0.0,2.5454026829856344,Coastal,9,3,33.33,True,16.66,Rita,Before
USW00053911,32.7131,-96.2689,TERRELL MUNI AP,9,0,0.0,32.11424731687446,Coastal,9,0,0.0,False,0.0,Rita,Before
USW00053912,32.0317,-96.3994,CORSICANA CAMPBELL FLD,9,0,0.0,9.397987954549437,Coastal,9,1,11.11,False,5.56,Rita,Before
USW00053914,33.1828,-96.59,MCKINNEY MUNI AP,9,0,0.0,3.1518676234487466,Coastal,9,0,0.0,False,0.0,Rita,Before
USW00053915,30.0292,-91.8844,NEW IBERIA AP - ACADIANA RGNL,9,0,0.0,5.513326208079926,Coastal,9,4,44.44,True,22.22,Rita,Before
USW00053917,30.0494,-90.0289,NEW ORLEANS LAKEFRONT AP,9,0,0.0,0.9313337538282457,Coastal,9,1,11.11,False,5.56,Rita,Before
USW00053960,30.0917,-91.8731,LAFAYETTE 13 SE,9,0,0.0,9.632549510046632,Coastal,9,4,44.44,True,22.22,Rita,Before
USW00053961,32.8833,-92.1164,MONROE 26 N,9,0,0.0,22.99639230624393,Coastal,9,2,22.22,True,11.11,Rita,Before
USW00053968,31.7797,-95.7233,PALESTINE 6 WNW,9,0,0.0,6.207553203127912,Coastal,9,4,44.44,True,22.22,Rita,Before
USW00053972,32.0836,-97.0972,HILLSBORO MUNI AP,9,9,100.0,49.20507362967711,Coastal,0,0,0.0,True,50.0,Rita,Before
USW00063831,32.3378,-89.0703,NEWTON 5 ENE,9,0,0.0,33.79176534557865,Coastal,9,3,33.33,True,16.66,Rita,Before
USW00093806,33.2122,-87.6156,TUSCALOOSA AP ASOS,9,0,0.0,0.0,Coastal,9,0,0.0,False,0.0,Rita,Before
USW00093841,30.7167,-87.0167,WHITING FLD NAS,9,9,100.0,8.84533067714396,Coastal,0,0,0.0,True,50.0,Rita,Before
USW00093874,30.4122,-89.0808,GULFPORT - BILOXI AP,9,0,0.0,0.0,Coastal,9,1,11.11,False,5.56,Rita,Before
USW00093904,32.8167,-97.35,FT WORTH MEACHAM FLD NAAF,9,9,100.0,0.0,Coastal,0,0,0.0,True,50.0,Rita,Before
USW00093914,31.7831,-95.6039,PALESTINE 2 NE,9,0,0.0,0.0,Coastal,9,4,44.44,True,22.22,Rita,Before
USW00093915,31.3347,-92.5586,ALEXANDRIA INTL AP,9,0,0.0,5.732598130338107,Coastal,9,3,33.33,True,16.66,Rita,Before
USW00093919,31.1822,-90.4719,MCCOMB AP,9,0,0.0,7.115004839983318,Coastal,9,2,22.22,True,11.11,Rita,Before
USW00093985,32.7817,-98.0603,MINERAL WELLS AP,9,0,0.0,6.231598686995831,Coastal,9,1,11.11,False,5.56,Rita,Before
USW00093987,31.2358,-94.7547,LUFKIN ANGELINA CO AP,9,0,0.0,1.3262116311909542,Coastal,9,4,44.44,True,22.22,Rita,Before
USW00093992,33.2208,-92.8142,EL DORADO GOODWIN FLD,9,0,0.0,12.765239748609956,Coastal,9,2,22.22,True,11.11,Rita,Before
US1ALBW0045,30.488,-87.8002,SILVERHILL 5.0 SW,9,9,100.0,19.57260121416126,Coastal,0,0,0.0,True,50.0,Rita,After
US1ALTS0003,33.0786,-87.4009,HOLT 11.4 SSE,9,9,100.0,14.137698384561007,Coastal,0,0,0.0,True,50.0,Rita,After
US1LALF0010,29.702,-90.6262,RACELAND 2.1 WSW,9,9,100.0,10.778455904217545,Coastal,0,0,0.0,True,50.0,Rita,After
US1LATR0015,29.635,-90.7405,HOUMA 4.4 NNW,9,9,100.0,0.0,Coastal,0,0,0.0,True,50.0,Rita,After
US1MSHR0022,30.6592,-89.1297,SAUCIER 1.7 NNE,9,9,100.0,21.48228180414012,Coastal,0,0,0.0,True,50.0,Rita,After
US1MSNW0005,32.5706,-89.1432,UNION 1.6 W,9,9,100.0,48.762070064340584,Coastal,0,0,0.0,True,50.0,Rita,After
US1MSRN0013,32.3471,-89.9874,BRANDON 4.7 NNE,9,9,100.0,5.990292257639462,Coastal,0,0,0.0,True,50.0,Rita,After
US1TXAR0007,28.0357,-97.0717,ROCKPORT 1.3 WSW,9,9,100.0,0.3283043494845695,Coastal,0,0,0.0,True,50.0,Rita,After
US1TXAS0002,29.8925,-96.489,NEW ULM 0.1 ENE,9,9,100.0,79.07994689899645,Rural,0,0,0.0,True,50.0,Rita,After
US1TXBEL034,31.0684,-97.4561,BELTON 0.4 E,9,9,100.0,6.60570754137393,Coastal,0,0,0.0,True,50.0,Rita,After
US1TXBEL113,31.0919,-97.4486,TEMPLE 5.1 W,9,9,100.0,4.783555344531458,Coastal,0,0,0.0,True,50.0,Rita,After
US1TXBRT124,30.7061,-98.2713,BURNET 4.5 SSW,9,9,100.0,49.5618566547205,Coastal,0,0,0.0,True,50.0,Rita,After
US1TXBST012,29.8608,-97.3942,ROSANKY 2.8 WNW,9,9,100.0,56.4167336984359,Rural,0,0,0.0,True,50.0,Rita,After
US1TXBST086,30.1685,-97.2498,BASTROP 5.1 NE,9,9,100.0,44.71988310197278,Coastal,0,0,0.0,True,50.0,Rita,After
US1TXBST140,30.1153,-97.342,BASTROP 2.2 W,9,9,100.0,38.22540505196106,Coastal,0,0,0.0,True,50.0,Rita,After
US1TXBST152,30.3702,-97.3113,ELGIN 3.9 ENE,9,9,100.0,35.4906079562432,Coastal,0,0,0.0,True,50.0,Rita,After
US1TXBXR229,29.5178,-98.4388,TERRELL HILLS 2.8 N,9,9,100.0,0.0,Coastal,0,0,0.0,True,50.0,Rita,After
US1TXCLL018,33.0539,-96.8371,PLANO 5.3 W,9,9,100.0,0.0,Coastal,0,0,0.0,True,50.0,Rita,After
US1TXCLL030,33.3127,-96.5827,ANNA 3.7 SSW,9,9,100.0,5.6490204594558735,Coastal,0,0,0.0,True,50.0,Rita,After
US1TXCLL033,32.9921,-96.7397,RICHARDSON 2.2 NW,9,9,100.0,0.0,Coastal,0,0,0.0,True,50.0,Rita,After
US1TXCML048,29.9454,-98.3706,CANYON LAKE 8.1 NW,9,9,100.0,36.640368148936915,Coastal,0,0,0.0,True,50.0,Rita,After
US1TXCML092,29.6411,-98.3114,GARDEN RIDGE 1.2 WNW,9,9,100.0,5.317538542314873,Coastal,0,0,0.0,True,50.0,Rita,After
US1TXCML219,29.7481,-98.2522,NEW BRAUNFELS 8.6 WNW,9,9,100.0,13.059396342111604,Coastal,0,0,0.0,True,50.0,Rita,After
US1TXDA0001,32.7998,-96.7012,DALLAS 3.7 E,9,0,0.0,0.0,Coastal,9,0,0.0,False,0.0,Rita,After
US1TXDA0050,32.5996,-96.9537,CEDAR HILL 1.4 N,9,9,100.0,0.0,Coastal,0,0,0.0,True,50.0,Rita,After
US1TXDA0052,32.7709,-96.6409,MESQUITE 2.4 W,9,9,100.0,0.0,Coastal,0,0,0.0,True,50.0,Rita,After
US1TXDN0068,33.1562,-97.0345,SHADY SHORES 0.7 SE,9,9,100.0,2.2325188151692132,Coastal,0,0,0.0,True,50.0,Rita,After
US1TXDN0108,33.2339,-97.2932,PONDER 3.8 N,9,9,100.0,14.44500612721719,Coastal,0,0,0.0,True,50.0,Rita,After
US1TXDN0109,33.1832,-97.2862,PONDER 0.3 NNE,9,9,100.0,14.089243705273063,Coastal,0,0,0.0,True,50.0,Rita,After
US1TXDW0008,29.0423,-97.6523,YORKTOWN 9.8 WNW,9,9,100.0,72.27335177097787,Rural,0,0,0.0,True,50.0,Rita,After
US1TXEL0023,32.4225,-96.8108,WAXAHACHIE 2.6 ENE,9,9,100.0,0.0,Coastal,0,0,0.0,True,50.0,Rita,After
US1TXGZ0010,29.4461,-97.425,GONZALES 4.5 SSE,9,9,100.0,77.66079005507123,Rural,0,0,0.0,True,50.0,Rita,After
US1TXHYS001,29.9632,-97.918,SAN MARCOS 5.8 N,9,9,100.0,3.7213116439173377,Coastal,0,0,0.0,True,50.0,Rita,After
US1TXHYS012,30.1066,-97.8539,BUDA 1.7 NNW,9,9,100.0,8.216753527844578,Coastal,0,0,0.0,True,50.0,Rita,After
US1TXHYS292,30.0284,-98.0761,WIMBERLEY 2.9 NNE,9,9,100.0,17.165769900658756,Coastal,0,0,0.0,True,50.0,Rita,After
US1TXJC0002,33.0402,-98.1207,PERRIN 3.0 ENE,9,9,100.0,24.865480085374568,Coastal,0,0,0.0,True,50.0,Rita,After
US1TXJW0014,28.0304,-97.8932,SANDIA 1.0 NW,9,9,100.0,34.564922510784214,Coastal,0,0,0.0,True,50.0,Rita,After
US1TXLL0002,30.6936,-98.4098,KINGSLAND 3.3 NE,9,9,100.0,63.434894446576614,Rural,0,0,0.0,True,50.0,Rita,After
US1TXLO0009,28.3638,-98.1405,GEORGE WEST 2.7 NNW,9,9,100.0,48.387972082625296,Coastal,0,0,0.0,True,50.0,Rita,After
US1TXLT0001,31.434,-96.3497,GROESBECK 12.4 ESE,9,9,100.0,22.314413663543927,Coastal,0,0,0.0,True,50.0,Rita,After
US1TXMCL038,31.6166,-97.1403,WACO 4.1 NE,9,9,100.0,0.0,Coastal,0,0,0.0,True,50.0,Rita,After
US1TXMTG001,28.9997,-95.9532,BAY CITY 1.6 NNE,9,0,0.0,21.087110648846892,Coastal,9,1,11.11,False,5.56,Rita,After
US1TXNU0013,27.5861,-97.7908,BISHOP 0.4 ENE,9,9,100.0,30.9695928975512,Coastal,0,0,0.0,True,50.0,Rita,After
US1TXNU0022,27.5914,-97.7847,BISHOP 0.9 ENE,9,9,100.0,30.035581993626508,Coastal,0,0,0.0,True,50.0,Rita,After
US1TXNV0005,32.067,-96.745,BLOOMING GROVE 2.4 SW,9,9,100.0,27.943318959114226,Coastal,0,0,0.0,True,50.0,Rita,After
US1TXSM0028,32.2093,-95.3207,FLINT 1.7 ENE,9,9,100.0,8.142903139314033,Coastal,0,0,0.0,True,50.0,Rita,After
US1TXTN0087,32.8757,-97.4798,EAGLE MOUNTAIN 2.4 WSW,9,9,100.0,3.9849633461463654,Coastal,0,0,0.0,True,50.0,Rita,After
US1TXTV0117,30.3721,-97.8134,AUSTIN 5.9 NW,9,9,100.0,0.0,Coastal,0,0,0.0,True,50.0,Rita,After
US1TXTV0207,30.3419,-98.1322,DRIPPING SPRINGS 10.9 NNW,9,9,100.0,27.52814888403329,Coastal,0,0,0.0,True,50.0,Rita,After
US1TXUP0001,32.6423,-94.8328,GILMER 9.0 SE,9,0,0.0,8.103914890219475,Coastal,9,2,22.22,True,11.11,Rita,After
US1TXVC0034,28.7423,-97.0268,VICTORIA 6.4 SSW,9,9,100.0,6.742368501663224,Coastal,0,0,0.0,True,50.0,Rita,After
US1TXWL0009,29.8729,-96.003,BROOKSHIRE 6.9 NNW,9,9,100.0,26.039677983675556,Coastal,0,0,0.0,True,50.0,Rita,After
USC00010140,32.2322,-87.4103,ALBERTA,9,0,0.0,45.17084490779019,Coastal,9,3,33.33,True,16.66,Rita,After
USC00010178,33.1272,-88.155,ALICEVILLE,9,0,0.0,52.00554352147743,Rural,9,2,22.22,True,11.11,Rita,After
USC00010184,33.2103,-88.2869,BEVILL L&D,9,0,0.0,36.10290773912429,Coastal,9,2,22.22,True,11.11,Rita,After
USC00010402,31.1819,-87.4389,ATMORE,9,0,0.0,67.29928719328933,Rural,9,6,66.67,True,33.34,Rita,After
USC00010505,33.4528,-87.3572,BANKHEAD L&D,9,0,0.0,28.779005717686974,Coastal,9,2,22.22,True,11.11,Rita,After
USC00010583,30.8839,-87.7853,BAY MINETTE,9,0,0.0,27.005729121077646,Coastal,9,3,33.33,True,16.66,Rita,After
USC00010764,33.3936,-87.0067,BESSEMER 3 WSW,9,0,0.0,0.0,Coastal,9,2,22.22,True,11.11,Rita,After
USC00011080,31.1414,-87.0486,BREWTON 3 ENE,9,0,0.0,63.20789670263743,Rural,9,4,44.44,True,22.22,Rita,After
USC00011084,31.0583,-87.055,BREWTON 3 SSE,9,0,0.0,52.39003849370076,Rural,9,3,33.33,True,16.66,Rita,After
USC00011143,33.2619,-87.3103,BROOKWOOD,9,0,0.0,16.526207225118046,Coastal,9,2,22.22,True,11.11,Rita,After
USC00011189,32.0911,-88.2322,BUTLER,9,9,100.0,60.0787662604144,Rural,0,0,0.0,True,50.0,Rita,After
USC00011566,31.4714,-88.2503,CHATOM,9,0,0.0,61.04812226213198,Rural,9,2,22.22,True,11.11,Rita,After
USC00011690,31.6147,-87.5003,CLAIBORNE L&D,9,0,0.0,96.6282889997027,Rural,9,4,44.44,True,22.22,Rita,After
USC00011803,30.3875,-88.2269,CODEN,9,0,0.0,17.98151650121329,Coastal,9,2,22.22,True,11.11,Rita,After
USC00011810,31.7561,-88.1289,COFFEEVILLE L&D,9,0,0.0,95.33810351545084,Rural,9,3,33.33,True,16.66,Rita,After
USC00012172,30.2506,-88.0775,DAUPHIN IS #2,9,3,33.33,30.079533569288447,Coastal,6,1,16.67,True,25.0,Rita,After
USC00012245,32.5194,-87.8794,DEMOPOLIS L&D,9,0,0.0,1.5057398642391013,Coastal,9,3,33.33,True,16.66,Rita,After
USC00012813,30.5467,-87.8808,FAIRHOPE 2 NE,9,0,0.0,8.155171737596627,Coastal,9,2,22.22,True,11.11,Rita,After
USC00013160,32.8347,-88.1342,GAINESVILLE LOCK,9,0,0.0,50.490736622515534,Rural,9,2,22.22,True,11.11,Rita,After
USC00013511,32.6922,-87.5761,GREENSBORO,9,0,0.0,34.388651094861714,Coastal,9,4,44.44,True,22.22,Rita,After
USC00013930,33.2531,-87.4497,HOLT L&D,9,0,0.0,2.0220430757097954,Coastal,9,1,11.11,False,5.56,Rita,After
USC00014193,31.5253,-87.9278,JACKSON,9,0,0.0,67.07746546497523,Rural,9,3,33.33,True,16.66,Rita,After
USC00014798,32.5811,-88.1897,LIVINGSTON,9,0,0.0,36.976048128186726,Coastal,9,3,33.33,True,16.66,Rita,After
USC00015121,32.4717,-87.2308,MARION JUNCTION 2 NE,9,0,0.0,18.847030089238515,Coastal,9,3,33.33,True,16.66,Rita,After
USC00015354,31.9306,-88.4586,MELVIN,9,9,100.0,60.601242130520625,Rural,0,0,0.0,True,50.0,Rita,After
USC00015420,32.1003,-87.3983,MILLERS FERRY L&D,9,0,0.0,55.40413160271375,Rural,9,4,44.44,True,22.22,Rita,After
USC00015658,32.9964,-87.6319,MOUNDVILLE,9,2,22.22,19.55697323115302,Coastal,7,1,14.29,False,18.26,Rita,After
USC00016847,33.3739,-88.0053,REFORM,9,0,0.0,43.156365279135024,Coastal,9,2,22.22,True,11.11,Rita,After
USC00016988,30.5653,-87.7017,ROBERTSDALE,9,0,0.0,21.925643726286804,Coastal,9,2,22.22,True,11.11,Rita,After
USC00017366,32.4111,-87.0144,SELMA,9,0,0.0,0.0,Coastal,9,3,33.33,True,16.66,Rita,After
USC00018178,31.9172,-87.7347,THOMASVILLE,9,0,0.0,77.64812732202455,Rural,9,2,22.22,True,11.11,Rita,After
USC00018380,33.2231,-87.61,TUSCALOOSA ACFD,9,0,0.0,0.0,Coastal,9,2,22.22,True,11.11,Rita,After
USC00018385,33.2108,-87.5933,TUSCALOOSA OLIVER DAM,9,0,0.0,0.0,Coastal,9,2,22.22,True,11.11,Rita,After
USC00018446,32.5506,-87.5308,UNIONTOWN,9,0,0.0,31.78090823990645,Coastal,9,4,44.44,True,22.22,Rita,After
USC00018637,31.21,-87.1789,WALLACE 2 E,9,0,0.0,73.2167400899987,Rural,9,4,44.44,True,22.22,Rita,After
USC00018673,32.7747,-87.8306,WARRIOR L&D,9,0,0.0,31.413519087210293,Coastal,9,3,33.33,True,16.66,Rita,After
USC00018809,33.1186,-87.1264,W BLOCTON,9,0,0.0,35.233193524849355,Coastal,9,2,22.22,True,11.11,Rita,After
USC00018867,31.6508,-87.7097,WHATLEY,9,0,0.0,89.37634778261932,Rural,9,2,22.22,True,11.11,Rita,After
USC00031140,33.3053,-92.4867,CALION L&D,9,0,0.0,17.851563738379586,Coastal,9,2,22.22,True,11.11,Rita,After
USC00031730,33.1111,-91.9481,CROSSETT 2 SSE,9,0,0.0,2.86594262457614,Coastal,9,3,33.33,True,16.66,Rita,After
USC00032355,33.1144,-91.2628,EUDORA,9,0,0.0,39.82961552000307,Coastal,9,4,44.44,True,22.22,Rita,After
USC00032475,33.0597,-92.1236,FELSENTHAL L&D,9,0,0.0,18.13266389507925,Coastal,9,2,22.22,True,11.11,Rita,After
USC00034185,33.3614,-93.5675,LEWISVILLE,9,0,0.0,29.286054800072648,Coastal,9,2,22.22,True,11.11,Rita,After
USC00034548,33.2586,-93.1822,MAGNOLIA,9,0,0.0,3.5151557334495385,Coastal,9,1,11.11,False,5.56,Rita,After
USC00034936,33.3008,-92.3494,MORO BAY SP,9,0,0.0,31.106095415239608,Coastal,9,3,33.33,True,16.66,Rita,After
USC00035866,33.2511,-91.5058,PORTLAND,9,0,0.0,47.91125142874955,Coastal,9,4,44.44,True,22.22,Rita,After
USC00085793,30.7794,-87.1414,MILTON EXP STN,9,2,22.22,18.29445093654837,Coastal,7,2,28.57,True,25.4,Rita,After
USC00086999,30.53,-87.1983,PENSACOLA 7 NNE,9,0,0.0,0.0,Coastal,9,2,22.22,True,11.11,Rita,After
USC00160007,29.9689,-92.1169,ABBEVILLE,9,0,0.0,26.640300375552282,Coastal,9,3,33.33,True,16.66,Rita,After
USC00160012,30.4586,-90.0975,ABITA RVR COVINGTON,9,9,100.0,0.0,Coastal,0,0,0.0,True,50.0,Rita,After
USC00160016,30.4714,-90.0436,ABITA SPRINGS 1 SW,9,0,0.0,2.5161909821917203,Coastal,9,2,22.22,True,11.11,Rita,After
USC00160021,30.4372,-90.0519,ABITA SPRINGS FIRE TWR,9,0,0.0,0.45601387294707924,Coastal,9,3,33.33,True,16.66,Rita,After
USC00160098,31.3206,-92.4611,ALEXANDRIA,9,2,22.22,0.0,Coastal,7,3,42.86,True,32.54,Rita,After
USC00160103,31.2483,-92.4486,ALEXANDRIA 5 SSE,9,0,0.0,1.5850838935171465,Coastal,9,4,44.44,True,22.22,Rita,After
USC00160205,30.7094,-90.525,AMITE,9,0,0.0,21.740443293097858,Coastal,9,2,22.22,True,11.11,Rita,After
USC00160238,30.9644,-89.815,ANGIE,9,0,0.0,54.56950122941723,Rural,9,4,44.44,True,22.22,Rita,After
USC00160277,32.5511,-92.9186,ARCADIA,9,0,0.0,20.70985334028072,Coastal,9,1,11.11,False,5.56,Rita,After
USC00160349,32.1292,-93.1164,ASHLAND,9,0,0.0,44.145533775446395,Coastal,9,3,33.33,True,16.66,Rita,After
USC00160462,30.5669,-91.1633,BAKER,9,0,0.0,0.0,Coastal,9,4,44.44,True,22.22,Rita,After
USC00160537,32.7314,-91.9144,BASTROP,9,0,0.0,5.234676751545665,Coastal,9,2,22.22,True,11.11,Rita,After
USC00160540,30.8206,-91.6622,BATCHELOR,9,9,100.0,56.51289758950308,Rural,0,0,0.0,True,50.0,Rita,After
USC00160546,30.5586,-91.0342,BATON ROUGE CNTRL,9,0,0.0,5.692536853477647,Coastal,9,4,44.44,True,22.22,Rita,After
USC00160548,30.4192,-91.1303,BATON ROUGE CONCORD,9,0,0.0,0.0,Coastal,9,3,33.33,True,16.66,Rita,After
USC00160558,30.4494,-91.0478,BATON ROUGE SHERWOOD,9,0,0.0,0.0,Coastal,9,3,33.33,True,16.66,Rita,After
USC00160565,30.1328,-91.3228,BAYOU SORREL LOCK,9,0,0.0,20.395088917959463,Coastal,9,3,33.33,True,16.66,Rita,After
USC00160617,30.7903,-92.4969,BEAVER FIRE TWR,9,0,0.0,53.60737371146349,Rural,9,2,22.22,True,11.11,Rita,After
USC00160658,29.9747,-93.0897,BELL CITY 13 SW,9,9,100.0,28.594005737917936,Coastal,0,0,0.0,True,50.0,Rita,After
USC00160718,32.6997,-93.6619,BENTON 5E,9,0,0.0,12.655467532841481,Coastal,9,1,11.11,False,5.56,Rita,After
USC00160800,32.3744,-92.9433,BIENVILLE 3 NE,9,0,0.0,30.815587927865153,Coastal,9,2,22.22,True,11.11,Rita,After
USC00160945,30.7808,-89.8567,BOGALUSA,9,9,100.0,34.63617710540486,Coastal,0,0,0.0,True,50.0,Rita,After
USC00161200,32.5331,-93.71,BOSSIER CITY 2,9,0,0.0,0.0,Coastal,9,3,33.33,True,16.66,Rita,After
USC00161232,31.395,-92.7167,BOYCE 3 WNW,9,0,0.0,24.638152161991158,Coastal,9,4,44.44,True,22.22,Rita,After
USC00161235,31.3025,-92.73,BOYCE 7 SW,9,0,0.0,23.017659343589184,Coastal,9,5,55.56,True,27.78,Rita,After
USC00161246,30.3919,-91.2711,BRUSLY 2 W,9,0,0.0,1.7638886546570074,Coastal,9,3,33.33,True,16.66,Rita,After
USC00161287,30.9594,-92.1786,BUNKIE,9,2,22.22,48.730109768324105,Coastal,7,2,28.57,True,25.4,Rita,After
USC00161292,29.3414,-89.5158,BURAS,9,9,100.0,81.13752633923639,Rural,0,0,0.0,True,50.0,Rita,After
USC00161365,30.2817,-91.6911,BUTTE LA ROSE,9,0,0.0,31.88469805946053,Coastal,9,2,22.22,True,11.11,Rita,After
USC00161411,32.5372,-92.3597,CALHOUN 2 N,9,0,0.0,15.406800680167391,Coastal,9,2,22.22,True,11.11,Rita,After
USC00161535,30.32,-92.0444,CARENCRO,9,0,0.0,3.314049010833585,Coastal,9,3,33.33,True,16.66,Rita,After
USC00161565,30.1981,-91.1256,CARVILLE 2 SW,9,0,0.0,5.8366553150112335,Coastal,9,3,33.33,True,16.66,Rita,After
USC00161639,29.9664,-89.9761,CHALMETTE,9,9,100.0,0.0,Coastal,0,0,0.0,True,50.0,Rita,After
USC00161866,31.7236,-91.5408,CLAYTON,9,0,0.0,22.549393941676463,Coastal,9,5,55.56,True,27.78,Rita,After
USC00161891,30.8544,-91.0092,CLINTON FORESTRY HQ,9,9,100.0,38.28885526886353,Coastal,0,0,0.0,True,50.0,Rita,After
USC00161899,30.8178,-90.9733,CLINTON 5 SE,9,2,22.22,35.77317671846321,Coastal,7,3,42.86,True,32.54,Rita,After
USC00161941,31.5183,-92.7142,COLFAX,9,0,0.0,32.58200391515989,Coastal,9,5,55.56,True,27.78,Rita,After
USC00161979,32.1672,-92.1078,COLUMBIA LOCK,9,0,0.0,38.50083369679788,Coastal,9,4,44.44,True,22.22,Rita,After
USC00162002,29.9953,-90.8178,CONVENT 2S,9,2,22.22,3.0806605245811527,Coastal,7,1,14.29,False,18.26,Rita,After
USC00162121,32.8869,-93.4569,COTTON VALLEY 5 NNW,9,0,0.0,33.03092467046026,Coastal,9,0,0.0,False,0.0,Rita,After
USC00162144,32.0075,-93.2694,COUSHATTA GRAND BAYOU,9,9,100.0,34.03294555082594,Coastal,0,0,0.0,True,50.0,Rita,After
USC00162151,30.5269,-90.2147,COVINGTON 8 WNW,9,0,0.0,10.71602538642014,Coastal,9,3,33.33,True,16.66,Rita,After
USC00162154,30.5131,-90.09,COVINGTON 3 NE,9,9,100.0,1.700537907432772,Coastal,0,0,0.0,True,50.0,Rita,After
USC00162212,30.2411,-92.3475,CROWLEY 2 NE,9,0,0.0,27.80003480962503,Coastal,9,3,33.33,True,16.66,Rita,After
USC00162217,32.2428,-91.5889,CROWVILLE,9,9,100.0,59.939748517931186,Rural,0,0,0.0,True,50.0,Rita,After
USC00162350,30.4803,-90.9614,DENHAM SPRINGS,9,0,0.0,4.17391801943674,Coastal,9,4,44.44,True,22.22,Rita,After
USC00162367,30.8428,-93.2869,DE RIDDER,9,0,0.0,0.0,Coastal,9,4,44.44,True,22.22,Rita,After
USC00162534,30.0719,-91.0278,DONALDSONVILLE 4 SW,9,0,0.0,7.909844964335464,Coastal,9,3,33.33,True,16.66,Rita,After
USC00162536,30.0992,-90.9269,DONALDSONVILLE 4E,9,3,33.33,0.0,Coastal,6,1,16.67,True,25.0,Rita,After
USC00162641,30.7414,-93.1389,DRY CREEK 8NW,9,0,0.0,19.782327459516477,Coastal,9,3,33.33,True,16.66,Rita,After
USC00162812,31.1042,-92.705,ELMER 2 SW,9,0,0.0,30.92725238182415,Coastal,9,5,55.56,True,27.78,Rita,After
USC00162981,30.4917,-92.4303,EUNICE,9,0,0.0,37.34794777758252,Coastal,9,2,22.22,True,11.11,Rita,After
USC00163079,32.7736,-92.4086,FARMERVILLE,9,1,11.11,33.1618405686035,Coastal,8,1,12.5,False,11.8,Rita,After
USC00163165,30.5506,-90.1919,FOLSOM 6 S,9,0,0.0,9.813321960577087,Coastal,9,2,22.22,True,11.11,Rita,After
USC00163313,29.8233,-91.5442,FRANKLIN 3 NW,9,0,0.0,28.449556700468737,Coastal,9,3,33.33,True,16.66,Rita,After
USC00163322,30.8353,-90.1625,FRANKLINTON #2,9,0,0.0,43.079314138814105,Coastal,9,3,33.33,True,16.66,Rita,After
USC00163433,29.4631,-90.3072,GALLIANO,9,2,22.22,43.306148934271604,Coastal,7,1,14.29,False,18.26,Rita,After
USC00163695,30.2033,-90.9225,GONZALES,9,0,0.0,6.987502613907835,Coastal,9,3,33.33,True,16.66,Rita,After
USC00163741,31.4358,-92.8828,GORUM FIRE TWR,9,9,100.0,43.7175312261092,Coastal,0,0,0.0,True,50.0,Rita,After
USC00163800,30.4183,-92.0442,GRAND COTEAU,9,0,0.0,13.05174508088985,Coastal,9,4,44.44,True,22.22,Rita,After
USC00163804,31.8078,-93.0867,GRAND ECORE,9,0,0.0,1.9555854485483273,Coastal,9,3,33.33,True,16.66,Rita,After
USC00163807,29.2414,-89.9914,GRAND ISLE,9,9,100.0,73.43238273596889,Rural,0,0,0.0,True,50.0,Rita,After
USC00163829,29.9169,-90.0617,GRETNA,9,9,100.0,0.0,Coastal,0,0,0.0,True,50.0,Rita,After
USC00163867,30.5589,-90.9855,GREENWELL SPRINGS,9,0,0.0,8.61882738390735,Coastal,9,3,33.33,True,16.66,Rita,After
USC00163877,32.4175,-94.0003,GREENWOOD FIRE TWR,9,0,0.0,5.68942359672576,Coastal,9,2,22.22,True,11.11,Rita,After
USC00163979,29.8894,-93.4022,HACKBERRY 8 SSW,9,5,55.56,33.00718196438607,Coastal,4,1,25.0,True,40.28,Rita,After
USC00163981,29.9872,-93.2694,HACKBERRY 4NE,9,9,100.0,21.029379217986627,Coastal,0,0,0.0,True,50.0,Rita,After
USC00164030,30.5031,-90.3772,HAMMOND 5 E,9,1,11.11,7.55128099477585,Coastal,8,1,12.5,False,11.8,Rita,After
USC00164034,30.4878,-90.4875,HAMMOND,9,0,0.0,0.0,Coastal,9,3,33.33,True,16.66,Rita,After
USC00164050,31.9272,-93.3103,HANNA 4 SSE,9,0,0.0,29.14255105260005,Coastal,9,3,33.33,True,16.66,Rita,After
USC00164131,32.9683,-93.1297,HAYNESVILLE,9,2,22.22,40.38941476319717,Coastal,7,1,14.29,False,18.26,Rita,After
USC00164288,31.3747,-93.3911,HODGES GARDENS,9,2,22.22,40.283817542228306,Coastal,7,1,14.29,False,18.26,Rita,After
USC00164355,32.81,-93.0625,HOMER 1N,9,0,0.0,32.17933779217488,Coastal,9,1,11.11,False,5.56,Rita,After
USC00164398,32.8867,-93.8733,HOSSTON,9,0,0.0,38.293373354589185,Coastal,9,1,11.11,False,5.56,Rita,After
USC00164407,29.6408,-90.8161,HOUMA,9,0,0.0,4.320632891692207,Coastal,9,2,22.22,True,11.11,Rita,After
USC00164573,30.8331,-91.1261,JACKSON 3E,9,3,33.33,32.670927362822205,Coastal,6,1,16.67,True,25.0,Rita,After
USC00164592,32.3483,-93.2014,JAMESTOWN,9,0,0.0,34.748331063994854,Coastal,9,0,0.0,False,0.0,Rita,After
USC00164674,29.9594,-91.7111,JEANERETTE 5 NW,9,2,22.22,10.792452920737222,Coastal,7,1,14.29,False,18.26,Rita,After
USC00164696,31.6783,-92.1289,JENA,9,0,0.0,47.921356075414394,Coastal,9,4,44.44,True,22.22,Rita,After
USC00164700,30.2003,-92.6642,JENNINGS,9,0,0.0,52.83190635345319,Rural,9,3,33.33,True,16.66,Rita,After
USC00164732,32.255,-92.6544,JONESBORO 4 ENE,9,0,0.0,34.28143376947289,Coastal,9,2,22.22,True,11.11,Rita,After
USC00164735,32.2239,-92.7069,JONESBORO #2,9,0,0.0,38.99047742233639,Coastal,9,2,22.22,True,11.11,Rita,After
USC00164739,31.4825,-91.8628,JONESVILLE LOCKS,9,0,0.0,47.68052213094299,Coastal,9,4,44.44,True,22.22,Rita,After
USC00164775,29.9942,-92.2825,KAPLAN,9,0,0.0,31.60113807489264,Coastal,9,3,33.33,True,16.66,Rita,After
USC00164816,32.355,-93.8619,KEITHVILLE,9,0,0.0,3.5942660442683647,Coastal,9,0,0.0,False,0.0,Rita,After
USC00164859,30.9433,-90.5117,KENTWOOD,9,0,0.0,38.46307931896025,Coastal,9,3,33.33,True,16.66,Rita,After
USC00164931,32.4169,-93.4428,KORAN,9,0,0.0,23.35762604448354,Coastal,9,0,0.0,False,0.0,Rita,After
USC00165021,30.2192,-92.065,LAFAYETTE,9,2,22.22,0.0,Coastal,7,2,28.57,True,25.4,Rita,After
USC00165065,30.0206,-92.7681,LAKE ARTHUR 7 SW,9,3,33.33,49.76593560324859,Coastal,6,2,33.33,True,33.33,Rita,After
USC00165072,30.3014,-93.2689,LAKE CHARLES 7 NW,9,2,22.22,0.2505816223889771,Coastal,7,2,28.57,True,25.4,Rita,After
USC00165074,30.2544,-93.2186,LAKE CHARLES 2 N,9,2,22.22,0.0,Coastal,7,2,28.57,True,25.4,Rita,After
USC00165076,30.2142,-93.2494,LAKE CHARLES PORT,9,2,22.22,0.0,Coastal,7,2,28.57,True,25.4,Rita,After
USC00165090,32.8153,-91.1733,LAKE PROVIDENCE,9,0,0.0,58.731205318034874,Rural,9,3,33.33,True,16.66,Rita,After
USC00165146,31.3731,-91.9053,LARTO LAKE,9,0,0.0,53.93966778715687,Rural,9,4,44.44,True,22.22,Rita,After
USC00165266,31.1417,-93.2397,LEESVILLE,9,0,0.0,6.31667386083696,Coastal,9,1,11.11,False,5.56,Rita,After
USC00165287,31.0517,-93.2789,LEESVILLE 6 SSW,9,0,0.0,4.614038787838811,Coastal,9,2,22.22,True,11.11,Rita,After
USC00165296,29.7869,-92.2083,LELAND BOWMAN LOCK,9,4,44.44,48.72622413319665,Coastal,5,1,20.0,True,32.22,Rita,After
USC00165430,30.9336,-90.57,LIVERPOOL 6W,9,0,0.0,40.93123861280617,Coastal,9,3,33.33,True,16.66,Rita,After
USC00165438,30.5197,-90.7544,LIVINGSTON,9,1,11.11,26.95823155566642,Coastal,8,2,25.0,True,18.06,Rita,After
USC00165522,31.9672,-94.0003,LOGANSPORT,9,0,0.0,25.239649995652808,Coastal,9,1,11.11,False,5.56,Rita,After
USC00165610,30.0306,-89.9636,LOUISIANA NATURE CTR,9,9,100.0,0.0,Coastal,0,0,0.0,True,50.0,Rita,After
USC00165620,30.3644,-91.1672,LSU BEN-HUR FARM,9,0,0.0,3.483917437751815,Coastal,9,4,44.44,True,22.22,Rita,After
USC00165624,29.5814,-89.8222,LSU CITRUS RSCH STN,9,9,100.0,35.91266283847722,Coastal,0,0,0.0,True,50.0,Rita,After
USC00165630,31.1783,-92.4108,LSU DEAN LEE RSCH STN,9,0,0.0,11.36769470401588,Coastal,9,5,55.56,True,27.78,Rita,After
USC00165783,30.0389,-90.6936,LUTCHER,9,0,0.0,0.9128559681422911,Coastal,9,2,22.22,True,11.11,Rita,After
USC00165874,32.0711,-93.7589,MANSFIELD 4 NW,9,0,0.0,24.09001967341827,Coastal,9,0,0.0,False,0.0,Rita,After
USC00165892,31.5769,-93.4817,MANY,9,0,0.0,47.01490343939285,Coastal,9,2,22.22,True,11.11,Rita,After
USC00165896,31.5119,-93.62,MANY 9 WSW,9,2,22.22,64.59606323607912,Rural,7,1,14.29,False,18.26,Rita,After
USC00165920,31.1286,-92.0644,MARKSVILLE,9,0,0.0,44.07699319562543,Coastal,9,5,55.56,True,27.78,Rita,After
USC00165926,29.7853,-90.1158,MARRERO 9 SSW,9,9,100.0,6.736407406480131,Coastal,0,0,0.0,True,50.0,Rita,After
USC00165935,32.0775,-93.2167,MARTIN FIRE TWR,9,9,100.0,36.388236663918086,Coastal,0,0,0.0,True,50.0,Rita,After
USC00166157,29.9903,-90.1431,METAIRIE,9,9,100.0,0.0,Coastal,0,0,0.0,True,50.0,Rita,After
USC00166244,32.6053,-93.2947,MINDEN,9,0,0.0,0.0,Coastal,9,1,11.11,False,5.56,Rita,After
USC00166314,32.4936,-92.0319,MONROE DELTA CC,9,0,0.0,1.304802317495999,Coastal,9,3,33.33,True,16.66,Rita,After
USC00166364,32.7053,-93.9603,MOORINGSPORT 1 N,9,9,100.0,20.86407157052072,Coastal,0,0,0.0,True,50.0,Rita,After
USC00166394,29.6833,-91.1761,MORGAN CITY,9,0,0.0,0.0,Coastal,9,2,22.22,True,11.11,Rita,After
USC00166431,30.2944,-93.2083,MOSS BLUFF,9,2,22.22,1.8752487588503794,Coastal,7,2,28.57,True,25.4,Rita,After
USC00166466,30.9503,-90.3061,MT HERMON 2W,9,0,0.0,40.35977811644887,Coastal,9,3,33.33,True,16.66,Rita,After
USC00166561,29.9342,-91.0164,NAPOLEONVILLE,9,3,33.33,19.958586758003115,Coastal,6,1,16.67,True,25.0,Rita,After
USC00166582,31.7722,-93.0956,NATCHITOCHES,9,0,0.0,0.0,Coastal,9,3,33.33,True,16.66,Rita,After
USC00166657,30.0292,-91.8844,NEW IBERIA AP - ACADIANA RGNL,9,2,22.22,5.513326208079926,Coastal,7,2,28.57,True,25.4,Rita,After
USC00166666,29.9508,-90.0511,NEW ORLEANS ALGIERS,9,0,0.0,0.0,Coastal,9,2,22.22,True,11.11,Rita,After
USC00166686,30.7267,-91.3672,NEW ROADS 5 NE,9,0,0.0,26.248140035049893,Coastal,9,2,22.22,True,11.11,Rita,After
USC00166808,30.9678,-91.1003,NORWOOD,9,0,0.0,50.35747416484747,Rural,9,3,33.33,True,16.66,Rita,After
USC00166836,30.8214,-92.6697,OAKDALE,9,2,22.22,59.47674623775777,Rural,7,2,28.57,True,25.4,Rita,After
USC00166866,32.8642,-91.38,OAK GROVE,9,0,0.0,57.37978459446599,Rural,9,3,33.33,True,16.66,Rita,After
USC00166868,32.6228,-91.7764,OAK RIDGE,9,0,0.0,24.318202444639844,Coastal,9,3,33.33,True,16.66,Rita,After
USC00166911,30.7531,-90.9939,OAKNOLIA 2N,9,0,0.0,27.477235709646294,Coastal,9,2,22.22,True,11.11,Rita,After
USC00166938,30.6036,-92.7739,OBERLIN FIRE TWR,9,0,0.0,59.352022309497386,Rural,9,3,33.33,True,16.66,Rita,After
USC00166968,30.2869,-93.1444,OLD TOWN BAY,9,2,22.22,1.3254697042471855,Coastal,7,2,28.57,True,25.4,Rita,After
USC00166978,31.8922,-92.2422,OLLA,9,0,0.0,67.58754916416729,Rural,9,4,44.44,True,22.22,Rita,After
USC00166995,30.5081,-92.0925,OPELOUSAS,9,0,0.0,1.604703087326056,Coastal,9,3,33.33,True,16.66,Rita,After
USC00167096,29.7892,-90.4286,PARADIS 7 S,9,0,0.0,18.6304778558189,Coastal,9,3,33.33,True,16.66,Rita,After
USC00167304,30.7111,-90.7525,PINE GROVE FIRE TWR,9,0,0.0,35.99115853184071,Coastal,9,3,33.33,True,16.66,Rita,After
USC00167312,32.7547,-91.535,PIONEER 6 W,9,0,0.0,39.65892152153505,Coastal,9,3,33.33,True,16.66,Rita,After
USC00167344,32.8922,-93.645,PLAIN DEALING,9,0,0.0,38.005157212146536,Coastal,9,0,0.0,False,0.0,Rita,After
USC00167366,30.3214,-91.2517,PLAQUEMINE 2 N,9,0,0.0,0.0,Coastal,9,3,33.33,True,16.66,Rita,After
USC00167425,30.4297,-90.3631,PONCHATOULA 4 E,9,0,0.0,11.262323067801706,Coastal,9,3,33.33,True,16.66,Rita,After
USC00167448,30.4508,-91.2183,PORT ALLEN,9,2,22.22,0.0,Coastal,7,1,14.29,False,18.26,Rita,After
USC00167590,32.3644,-92.7125,QUITMAN 2,9,0,0.0,20.63346121340181,Coastal,9,1,11.11,False,5.56,Rita,After
USC00167651,30.5114,-93.2172,RAGLEY 1W,9,9,100.0,17.428547033845984,Coastal,0,0,0.0,True,50.0,Rita,After
USC00167691,32.4936,-91.7486,RAYVILLE,9,0,0.0,31.021539481636317,Coastal,9,3,33.33,True,16.66,Rita,After
USC00167729,31.2544,-91.96,RED RVR LOCK #1,9,0,0.0,50.08249587927043,Rural,9,3,33.33,True,16.66,Rita,After
USC00167732,31.1872,-92.2906,RED RIVER LOCK # 2,9,2,22.22,18.786769444858287,Coastal,7,3,42.86,True,32.54,Rita,After
USC00167738,32.4219,-93.6381,RED RVR RSCH STN,9,0,0.0,3.6072872506825644,Coastal,9,0,0.0,False,0.0,Rita,After
USC00167767,30.0564,-90.5803,RESERVE,9,0,0.0,0.0,Coastal,9,3,33.33,True,16.66,Rita,After
USC00167924,32.3556,-93.6425,ROBSON,9,0,0.0,8.136096440929114,Coastal,9,2,22.22,True,11.11,Rita,After
USC00167932,29.7286,-92.8181,ROCKEFELLER WL REFUGE,9,5,55.56,71.35189412386052,Rural,4,1,25.0,True,40.28,Rita,After
USC00168046,30.9461,-93.2789,ROSEPINE RSCH STN,9,2,22.22,7.250053009126009,Coastal,7,1,14.29,False,18.26,Rita,After
USC00168067,32.51,-92.6503,RUSTON LA TECH,9,0,0.0,0.7836188218495558,Coastal,9,1,11.11,False,5.56,Rita,After
USC00168094,32.3625,-93.14,SAILES FIRE TWR,9,0,0.0,35.308291139748505,Coastal,9,1,11.11,False,5.56,Rita,After
USC00168108,29.8722,-89.83,ST BERNARD,9,9,100.0,12.337976898259484,Coastal,0,0,0.0,True,50.0,Rita,After
USC00168136,30.7775,-91.3769,ST FRANCISVILLE,9,0,0.0,32.23687587983275,Coastal,9,3,33.33,True,16.66,Rita,After
USC00168139,30.2725,-91.0994,ST GABRIEL,9,0,0.0,0.1991229854154635,Coastal,9,2,22.22,True,11.11,Rita,After
USC00168163,31.9497,-91.2336,ST JOSEPH 3 N,9,0,0.0,51.25549211007684,Rural,9,4,44.44,True,22.22,Rita,After
USC00168181,30.0858,-91.8694,ST MARTINVILLE 3 SW,9,0,0.0,8.783739622637931,Coastal,9,3,33.33,True,16.66,Rita,After
USC00168436,32.5158,-93.7447,SHREVEPORT DWTN,9,0,0.0,0.0,Coastal,9,3,33.33,True,16.66,Rita,After
USC00168444,32.3794,-93.8019,SHREVEPORT SOUTHERN HILLS,9,0,0.0,0.4388664935680754,Coastal,9,2,22.22,True,11.11,Rita,After
USC00168539,30.265,-89.7697,SLIDELL,9,0,0.0,0.0,Coastal,9,2,22.22,True,11.11,Rita,After
USC00168669,32.9006,-92.5714,SPEARSVILLE FIRE TWR,9,9,100.0,39.563372313937194,Coastal,0,0,0.0,True,50.0,Rita,After
USC00168683,32.9922,-93.4417,SPRINGHILL,9,0,0.0,41.140494994348764,Coastal,9,1,11.11,False,5.56,Rita,After
USC00168785,32.7025,-92.0814,STERLINGTON,9,0,0.0,17.049678897722636,Coastal,9,4,44.44,True,22.22,Rita,After
USC00168831,30.2383,-93.3447,SULPHUR,9,0,0.0,0.0,Coastal,9,3,33.33,True,16.66,Rita,After
USC00168861,30.6433,-89.9239,SUN,9,0,0.0,25.079662239419452,Coastal,9,3,33.33,True,16.66,Rita,After
USC00168906,30.5325,-89.8742,TALISHEEK,9,9,100.0,19.69562813727216,Coastal,0,0,0.0,True,50.0,Rita,After
USC00168923,32.3994,-91.1842,TALLULAH,9,0,0.0,26.799809091184997,Coastal,9,2,22.22,True,11.11,Rita,After
USC00168941,29.91,-90.0342,TERRYTOWN 3S,9,0,0.0,0.0,Coastal,9,2,22.22,True,11.11,Rita,After
USC00168945,30.5981,-90.4472,TICKFAW 3 ENE,9,0,0.0,7.654170187608169,Coastal,9,3,33.33,True,16.66,Rita,After
USC00169013,29.7547,-90.7747,THIBODAUX 4 SE,9,0,0.0,12.280087047583962,Coastal,9,3,33.33,True,16.66,Rita,After
USC00169074,31.2022,-93.5725,TOLEDO BEND LAKE,9,0,0.0,38.61489908706903,Coastal,9,3,33.33,True,16.66,Rita,After
USC00169357,31.5653,-91.4333,VIDALIA #2,9,0,0.0,0.0,Coastal,9,4,44.44,True,22.22,Rita,After
USC00169369,30.695,-92.2664,VILLE PLATTE,9,1,11.11,25.498358576354185,Coastal,8,3,37.5,True,24.3,Rita,After
USC00169392,32.9033,-93.9819,VIVIAN,9,0,0.0,34.05724218038165,Coastal,9,0,0.0,False,0.0,Rita,After
USC00169480,30.5622,-90.9214,WATSON 3 ESE,9,9,100.0,14.86887176408746,Coastal,0,0,0.0,True,50.0,Rita,After
USC00169631,32.46,-92.1483,W MONROE,9,0,0.0,1.5251603178567728,Coastal,9,4,44.44,True,22.22,Rita,After
USC00169803,31.9622,-92.6561,WINNFIELD 3 N,9,0,0.0,52.081485057121526,Rural,9,4,44.44,True,22.22,Rita,After
USC00169804,32.1411,-91.7089,WINNSBORO 2 SE,9,0,0.0,58.021857738162886,Rural,9,5,55.56,True,27.78,Rita,After
USC00169806,32.0997,-91.7022,WINNSBORO 5 SSE,9,0,0.0,62.66000348948836,Rural,9,4,44.44,True,22.22,Rita,After
USC00169809,32.0294,-92.6553,WINONA FIRE TWR,9,0,0.0,56.93198021206545,Rural,9,5,55.56,True,27.78,Rita,After
USC00169930,30.6814,-91.125,ZACHARY,9,0,0.0,13.212861897150916,Coastal,9,3,33.33,True,16.66,Rita,After
USC00169980,31.6597,-93.6633,ZWOLLE 2 NW,9,0,0.0,58.440178490586575,Rural,9,2,22.22,True,11.11,Rita,After
USC00220039,33.3117,-89.1667,ACKERMAN,9,0,0.0,39.82881516852935,Coastal,9,1,11.11,False,5.56,Rita,After
USC00220218,30.2208,-89.4978,ANSLEY,9,9,100.0,16.228495867652057,Coastal,0,0,0.0,True,50.0,Rita,After
USC00220521,30.3758,-89.5989,BAY ST LOUIS NASA,9,2,22.22,15.51145297491594,Coastal,7,2,28.57,True,25.4,Rita,After
USC00220523,31.9694,-89.2889,BAY SPRINGS,9,0,0.0,32.53788343740865,Coastal,9,3,33.33,True,16.66,Rita,After
USC00220585,31.2353,-88.9189,BEAUMONT EXPSTATION,9,0,0.0,40.265267139473764,Coastal,9,3,33.33,True,16.66,Rita,After
USC00220660,33.1772,-90.4919,BELZONI,9,0,0.0,54.7130925647722,Rural,9,2,22.22,True,11.11,Rita,After
USC00220792,30.3931,-89.0008,BILOXI,9,0,0.0,0.0,Coastal,9,2,22.22,True,11.11,Rita,After
USC00220891,33.2781,-88.7931,BLUFF LAKE,9,0,0.0,22.770326956231393,Coastal,9,1,11.11,False,5.56,Rita,After
USC00221094,31.5447,-90.4581,BROOKHAVEN CITY,9,0,0.0,3.7365014133520846,Coastal,9,3,33.33,True,16.66,Rita,After
USC00221174,31.5475,-88.5172,BUCKATUNNA 1 NE,9,0,0.0,68.64944913412099,Rural,9,3,33.33,True,16.66,Rita,After
USC00221389,32.6714,-90.0361,CANTON 4N,9,0,0.0,26.042733468910196,Coastal,9,2,22.22,True,11.11,Rita,After
USC00221489,32.7506,-89.5389,CARTHAGE,9,0,0.0,71.84585809311642,Rural,9,2,22.22,True,11.11,Rita,After
USC00221578,31.0942,-91.0686,CENTREVILLE,9,0,0.0,66.72273971935118,Rural,9,4,44.44,True,22.22,Rita,After
USC00221852,31.6419,-89.5572,COLLINS,9,0,0.0,38.783627393107835,Coastal,9,3,33.33,True,16.66,Rita,After
USC00221860,32.42,-88.7603,COLLINSVILLE 7 SE,9,0,0.0,3.618001213600124,Coastal,9,3,33.33,True,16.66,Rita,After
USC00221865,31.2503,-89.8361,COLUMBIA,9,0,0.0,49.272900510922625,Coastal,9,3,33.33,True,16.66,Rita,After
USC00221880,33.4678,-88.3847,COLUMBUS,9,0,0.0,0.5892162433673395,Coastal,9,1,11.11,False,5.56,Rita,After
USC00222034,32.0853,-88.5297,CRANDALL 8 N,9,0,0.0,38.8770814340945,Coastal,9,3,33.33,True,16.66,Rita,After
USC00222046,33.2778,-88.7008,CRAWFORD 5 W,9,0,0.0,25.881129985528275,Coastal,9,1,11.11,False,5.56,Rita,After
USC00222094,31.9461,-90.3775,CRYSTAL SPRINGS EXP STN,9,9,100.0,41.020107152174795,Coastal,0,0,0.0,True,50.0,Rita,After
USC00222281,32.7656,-88.7444,DE KALB 4 W,9,9,100.0,43.85267504243523,Coastal,0,0,0.0,True,50.0,Rita,After
USC00222385,31.9544,-89.9328,D'LO 2 SW,9,0,0.0,42.377620519086534,Coastal,9,3,33.33,True,16.66,Rita,After
USC00223107,32.36,-89.4208,FOREST,9,0,0.0,63.83317656439414,Rural,9,3,33.33,True,16.66,Rita,After
USC00223340,32.9267,-88.8536,GHOLSON 8 W,9,0,0.0,67.13964744562047,Rural,9,2,22.22,True,11.11,Rita,After
USC00223441,31.17,-91.0258,GLOSTER,9,0,0.0,59.70972907567777,Rural,9,4,44.44,True,22.22,Rita,After
USC00223516,32.5008,-89.9256,GOSHEN SPRINGS 3 NW,9,0,0.0,19.55631726049666,Coastal,9,2,22.22,True,11.11,Rita,After
USC00223605,33.3592,-91.06,GREENVILLE,9,0,0.0,1.3172699428544596,Coastal,9,4,44.44,True,22.22,Rita,After
USC00223667,30.4542,-89.125,GULFPORT 3NW,9,9,100.0,0.2939481070227921,Coastal,0,0,0.0,True,50.0,Rita,After
USC00223671,30.3772,-89.1228,GULFPORT NAVAL CTR,9,0,0.0,0.0,Coastal,9,2,22.22,True,11.11,Rita,After
USC00223887,31.2547,-89.3392,HATTIESBURG 5SW,9,0,0.0,6.371210901736014,Coastal,9,3,33.33,True,16.66,Rita,After
USC00223920,31.8328,-90.4542,HAZLEHURST 5 SW,9,0,0.0,28.703407372315542,Coastal,9,3,33.33,True,16.66,Rita,After
USC00224470,32.2964,-90.2092,JACKSON STATE,9,0,0.0,0.0,Coastal,9,3,33.33,True,16.66,Rita,After
USC00224702,32.7247,-88.6631,KIPLING 4 NNW,9,9,100.0,38.21324767674047,Coastal,0,0,0.0,True,50.0,Rita,After
USC00224776,33.0583,-89.5797,KOSCIUSKO,9,0,0.0,88.32628861516268,Rural,9,3,33.33,True,16.66,Rita,After
USC00224939,31.6756,-89.1236,LAUREL,9,0,0.0,0.5987452326360861,Coastal,9,3,33.33,True,16.66,Rita,After
USC00224966,31.1481,-88.6567,LEAKESVILLE 6 WSW,9,0,0.0,66.34343915502883,Rural,9,3,33.33,True,16.66,Rita,After
USC00225020,33.4789,-90.8436,LELAND 5 NE,9,0,0.0,19.85351489281134,Coastal,9,4,44.44,True,22.22,Rita,After
USC00225062,33.1228,-90.0517,LEXINGTON,9,0,0.0,52.34002565278977,Rural,9,2,22.22,True,11.11,Rita,After
USC00225070,31.1658,-90.8178,LIBERTY,9,9,100.0,37.29589957281028,Coastal,0,0,0.0,True,50.0,Rita,After
USC00225247,33.1356,-89.0711,LOUISVILLE,9,0,0.0,49.28974706643542,Coastal,9,2,22.22,True,11.11,Rita,After
USC00225361,33.1544,-88.5586,MACON 3N,9,0,0.0,46.13328679951361,Coastal,9,1,11.11,False,5.56,Rita,After
USC00225611,31.1917,-90.5147,MCCOMB 6SW (PERCY QUINN),9,0,0.0,7.074470552147245,Coastal,9,4,44.44,True,22.22,Rita,After
USC00225704,31.4664,-90.8853,MEADVILLE,9,0,0.0,47.382068955776475,Coastal,9,5,55.56,True,27.78,Rita,After
USC00225943,31.8375,-89.5975,MIZE 3SW,9,0,0.0,50.13815924760257,Rural,9,3,33.33,True,16.66,Rita,After
USC00225987,31.5519,-90.1058,MONTICELLO,9,0,0.0,36.153783050484265,Coastal,9,3,33.33,True,16.66,Rita,After
USC00225989,31.5519,-90.1058,MONTICELLO 2,9,9,100.0,36.153783050484265,Coastal,0,0,0.0,True,50.0,Rita,After
USC00226009,33.4517,-90.5097,MOORHEAD,9,0,0.0,35.079157252517305,Coastal,9,2,22.22,True,11.11,Rita,After
USC00226177,31.5889,-91.3408,NATCHEZ,9,0,0.0,3.6994334310173804,Coastal,9,4,44.44,True,22.22,Rita,After
USC00226294,32.9369,-89.7594,NEWPORT,9,0,0.0,71.15274058495596,Rural,9,3,33.33,True,16.66,Rita,After
USC00226308,32.3378,-89.0817,NEWTON EXP STN,9,0,0.0,35.06080486131745,Coastal,9,4,44.44,True,22.22,Rita,After
USC00226476,32.2061,-90.5133,OAKLEY EXP STN,9,9,100.0,25.21537235850675,Coastal,0,0,0.0,True,50.0,Rita,After
USC00226484,30.4106,-88.7883,OCEAN SPRINGS,9,9,100.0,0.0,Coastal,0,0,0.0,True,50.0,Rita,After
USC00226513,32.4758,-88.8111,OKATIBBEE RSVR,9,0,0.0,12.640649121333567,Coastal,9,3,33.33,True,16.66,Rita,After
USC00226638,32.0339,-88.71,P HARRISON ARCHUSA,9,0,0.0,39.35573675664553,Coastal,9,3,33.33,True,16.66,Rita,After
USC00226640,31.6817,-89.3364,P HARRISON BIG CK WP,9,0,0.0,19.091268132778787,Coastal,9,3,33.33,True,16.66,Rita,After
USC00226642,31.7522,-89.7286,P HARRISON DRY CK WP,9,0,0.0,61.413973005982506,Rural,9,4,44.44,True,22.22,Rita,After
USC00226643,32.2286,-88.8206,P HARRISON DUNNS FALLS,9,0,0.0,15.366982176176267,Coastal,9,3,33.33,True,16.66,Rita,After
USC00226644,32.4031,-89.1531,P HARRISON TURKEY WP,9,0,0.0,42.99716721922912,Coastal,9,3,33.33,True,16.66,Rita,After
USC00226718,30.3961,-88.4781,PASCAGOULA 3 NE,9,9,100.0,2.381518151850443,Coastal,0,0,0.0,True,50.0,Rita,After
USC00226750,32.0308,-89.0356,PAULDING,9,9,100.0,39.34624023600584,Coastal,0,0,0.0,True,50.0,Rita,After
USC00226894,32.7692,-89.1303,PHILA 1 WSW,9,0,0.0,64.8091703437032,Rural,9,3,33.33,True,16.66,Rita,After
USC00226921,30.5364,-89.705,PICAYUNE,9,0,0.0,0.8558519672446655,Coastal,9,3,33.33,True,16.66,Rita,After
USC00226924,30.6522,-89.6522,PICAYUNE 4NE,9,0,0.0,12.572949791022412,Coastal,9,2,22.22,True,11.11,Rita,After
USC00226926,32.8864,-89.9775,PICKENS,9,0,0.0,55.22947485309231,Rural,9,2,22.22,True,11.11,Rita,After
USC00227128,30.8408,-89.5453,POPLARVILLE EXP STN,9,0,0.0,39.61249881734627,Coastal,9,3,33.33,True,16.66,Rita,After
USC00227132,31.985,-90.9719,PORT GIBSON 1 NE,9,0,0.0,42.293475768467836,Coastal,9,3,33.33,True,16.66,Rita,After
USC00227172,31.5867,-89.8819,PRENTISS,9,0,0.0,60.23588849916726,Rural,9,3,33.33,True,16.66,Rita,After
USC00227220,31.1775,-89.4156,PURVIS 2N,9,0,0.0,17.38477817302739,Coastal,9,3,33.33,True,16.66,Rita,After
USC00227252,32.0706,-88.7189,QUITMAN 2 NNE,9,9,100.0,34.4519343029704,Coastal,0,0,0.0,True,50.0,Rita,After
USC00227276,32.1433,-89.5525,RALEIGH 6N,9,0,0.0,51.824138491917076,Rural,9,3,33.33,True,16.66,Rita,After
USC00227444,31.3656,-88.9322,RICHTON 1 N,9,9,100.0,36.060955615628856,Coastal,0,0,0.0,True,50.0,Rita,After
USC00227560,32.8978,-90.8853,ROLLING FK,9,0,0.0,63.360083069143656,Rural,9,2,22.22,True,11.11,Rita,After
USC00227595,32.3975,-90.0647,ROSS BARNETT RESERVR,9,0,0.0,1.6298723659589378,Coastal,9,3,33.33,True,16.66,Rita,After
USC00227831,32.5861,-90.6261,SATARTIA 8 SW,9,0,0.0,35.95926708656746,Coastal,9,3,33.33,True,16.66,Rita,After
USC00227840,30.6264,-89.055,SAUCIER EXP FOREST,9,0,0.0,18.16312689038215,Coastal,9,3,33.33,True,16.66,Rita,After
USC00228053,31.8597,-88.6953,SHUBUTA,9,0,0.0,49.705205739610335,Coastal,9,3,33.33,True,16.66,Rita,After
USC00228374,33.4692,-88.7822,STATE UNIV,9,0,0.0,0.9710726311596963,Coastal,9,1,11.11,False,5.56,Rita,After
USC00228413,30.3678,-89.4544,STENNIS-DIAMONDHEAD,9,0,0.0,6.205237845436853,Coastal,9,2,22.22,True,11.11,Rita,After
USC00228445,33.4311,-90.9108,STONEVILLE EXP STN,9,0,0.0,10.538944833581287,Coastal,9,4,44.44,True,22.22,Rita,After
USC00228556,31.4222,-89.5386,SUMRALL,9,0,0.0,17.48041928279262,Coastal,9,3,33.33,True,16.66,Rita,After
USC00228899,32.4686,-88.6083,TOPTON 2,9,0,0.0,9.550967639169293,Coastal,9,3,33.33,True,16.66,Rita,After
USC00229048,31.08,-90.0603,TYLERTOWN 5ESE,9,0,0.0,47.381998934901674,Coastal,9,4,44.44,True,22.22,Rita,After
USC00229072,31.6819,-90.7831,UNION CHURCH,9,0,0.0,36.442066697207736,Coastal,9,2,22.22,True,11.11,Rita,After
USC00229114,33.3253,-89.7539,VAIDEN 1 SSW,9,0,0.0,51.6628399435162,Rural,9,3,33.33,True,16.66,Rita,After
USC00229157,30.4856,-88.6547,VANCLEAVE,9,9,100.0,7.467599473517183,Coastal,0,0,0.0,True,50.0,Rita,After
USC00229230,32.385,-90.8753,VICKSBURG CITY,9,0,0.0,0.0,Coastal,9,2,22.22,True,11.11,Rita,After
USC00229326,32.5972,-89.4606,WALNUT GROVE,9,0,0.0,70.99960021240481,Rural,9,1,11.11,False,5.56,Rita,After
USC00229426,30.2947,-89.3831,WAVELAND,9,9,100.0,2.3043561289148395,Coastal,0,0,0.0,True,50.0,Rita,After
USC00229439,31.6772,-88.6708,WAYNESBORO 2 W,9,0,0.0,48.44124645529076,Coastal,9,3,33.33,True,16.66,Rita,After
USC00229597,32.0844,-89.7056,WHITE OAK 2 N,9,0,0.0,40.70585836251168,Coastal,9,3,33.33,True,16.66,Rita,After
USC00229639,30.8528,-89.1369,WIGGINS,9,5,55.56,46.56579520152782,Coastal,4,1,25.0,True,40.28,Rita,After
USC00229743,33.4844,-89.625,WINONA 5 E,9,0,0.0,41.92837496286268,Coastal,9,3,33.33,True,16.66,Rita,After
USC00229793,31.0931,-91.2325,WOODVILLE 4 ESE,9,3,33.33,61.69234668360161,Rural,6,2,33.33,True,33.33,Rita,After
USC00229860,32.9028,-90.3817,YAZOO CITY 5 NNE,9,0,0.0,61.13102238432362,Rural,9,3,33.33,True,16.66,Rita,After
USC00410144,27.7283,-98.0678,ALICE,9,0,0.0,49.13894959879218,Coastal,9,0,0.0,False,0.0,Rita,After
USC00410190,31.6094,-95.1342,ALTO 5 SW,9,0,0.0,46.023884010799485,Coastal,9,3,33.33,True,16.66,Rita,After
USC00410202,32.4644,-97.1831,ALVARADO 4NE,9,9,100.0,14.348106270116949,Coastal,0,0,0.0,True,50.0,Rita,After
USC00410204,29.3653,-95.2336,ALVIN,9,0,0.0,9.283909363311492,Coastal,9,1,11.11,False,5.56,Rita,After
USC00410206,33.3867,-97.7164,ALVORD 3 N,9,0,0.0,64.91857573591258,Rural,9,0,0.0,False,0.0,Rita,After
USC00410235,29.7878,-94.6342,ANAHUAC,9,1,11.11,26.930514752179388,Coastal,8,2,25.0,True,18.06,Rita,After
USC00410246,30.7578,-97.8614,ANDICE 2 SW,9,0,0.0,19.606157391372314,Coastal,9,0,0.0,False,0.0,Rita,After
USC00410257,29.1572,-95.4592,ANGLETON 2 W,9,3,33.33,6.8740864315521355,Coastal,6,1,16.67,True,25.0,Rita,After
USC00410271,33.4414,-98.3689,ANTELOPE,9,0,0.0,59.085355968718105,Rural,9,0,0.0,False,0.0,Rita,After
USC00410297,31.8389,-97.2108,AQUILLA 1 SSE,9,0,0.0,27.537888666837453,Coastal,9,0,0.0,False,0.0,Rita,After
USC00410305,28.3081,-96.8047,ARANSAS WR,9,4,44.44,39.02737234924746,Coastal,5,0,0.0,True,22.22,Rita,After
USC00410337,32.7572,-97.0736,ARLINGTON SIX FLAGS,9,0,0.0,0.0,Coastal,9,0,0.0,False,0.0,Rita,After
USC00410345,26.8339,-97.7078,ARMSTRONG 4SE,9,0,0.0,71.41055241690898,Rural,9,1,11.11,False,5.56,Rita,After
USC00410404,32.1633,-95.83,ATHENS,9,0,0.0,4.77855917121247,Coastal,9,2,22.22,True,11.11,Rita,After
USC00410408,33.1244,-94.1661,ATLANTA,9,0,0.0,0.0,Coastal,9,1,11.11,False,5.56,Rita,After
USC00410431,30.2247,-97.7328,AUSTIN 6S,9,0,0.0,0.0,Coastal,9,0,0.0,False,0.0,Rita,After
USC00410433,30.4144,-97.7664,AUSTIN GREAT HILLS,9,5,55.56,0.0,Coastal,4,0,0.0,True,27.78,Rita,After
USC00410436,28.3889,-96.8389,AUSTWELL,9,9,100.0,36.5682430685798,Coastal,0,0,0.0,True,50.0,Rita,After
USC00410518,32.2631,-96.6369,BARDWELL DAM,9,0,0.0,23.439104514099736,Coastal,9,0,0.0,False,0.0,Rita,After
USC00410569,28.9797,-95.975,BAY CITY WTR WKS,9,0,0.0,24.319109666049783,Coastal,9,1,11.11,False,5.56,Rita,After
USC00410586,29.9142,-94.9908,BAYTOWN,9,0,0.0,4.583377872600602,Coastal,9,2,22.22,True,11.11,Rita,After
USC00410611,30.0969,-94.0997,BEAUMONT CITY,9,2,22.22,0.0,Coastal,7,1,14.29,False,18.26,Rita,After
USC00410613,30.0686,-94.2928,BEAUMONT RSCH CTR,9,0,0.0,3.457204448861011,Coastal,9,2,22.22,True,11.11,Rita,After
USC00410639,28.4575,-97.7061,BEEVILLE 5 NE,9,0,0.0,4.30469276222688,Coastal,9,0,0.0,False,0.0,Rita,After
USC00410655,30.0317,-96.2167,BELLVILLE 6NNE,9,0,0.0,56.701525406780604,Rural,9,1,11.11,False,5.56,Rita,After
USC00410660,29.5244,-97.685,BELMONT,9,0,0.0,50.85897042330221,Rural,9,0,0.0,False,0.0,Rita,After
USC00410690,27.5969,-98.4161,BENAVIDES #2,9,0,0.0,90.58053315237738,Rural,9,0,0.0,False,0.0,Rita,After
USC00410691,32.6475,-97.4439,BENBROOK DAM,9,0,0.0,1.6322348560363849,Coastal,9,0,0.0,False,0.0,Rita,After
USC00410738,30.7625,-98.0214,BERTRAM 3 ENE,9,0,0.0,32.669603080401885,Coastal,9,0,0.0,False,0.0,Rita,After
USC00410805,27.5842,-97.8031,BISHOP,9,0,0.0,31.96419006341407,Coastal,9,0,0.0,False,0.0,Rita,After
USC00410832,30.095,-98.4142,BLANCO,9,0,0.0,53.33104955029408,Rural,9,0,0.0,False,0.0,Rita,After
USC00411026,32.0508,-96.9661,BRANDON,9,0,0.0,49.17542838077437,Coastal,9,0,0.0,False,0.0,Rita,After
USC00411035,32.6489,-98.1336,BRAZOS,9,0,0.0,20.67495038383985,Coastal,9,0,0.0,False,0.0,Rita,After
USC00411045,31.1586,-96.6828,BREMOND,9,0,0.0,65.64372665260207,Rural,9,0,0.0,False,0.0,Rita,After
USC00411048,30.1592,-96.3972,BRENHAM,9,0,0.0,55.39898852758878,Rural,9,0,0.0,False,0.0,Rita,After
USC00411063,33.2064,-97.7761,BRIDGEPORT,9,9,100.0,58.48823330197041,Rural,0,0,0.0,True,50.0,Rita,After
USC00411089,31.305,-94.2703,BROADDUS,9,0,0.0,42.73757928020119,Coastal,9,3,33.33,True,16.66,Rita,After
USC00411215,29.7383,-98.4522,BULVERDE,9,0,0.0,10.151015836929421,Coastal,9,0,0.0,False,0.0,Rita,After
USC00411246,32.5067,-97.3444,BURLESON,9,0,0.0,4.019160534475683,Coastal,9,0,0.0,False,0.0,Rita,After
USC00411250,30.7586,-98.2339,BURNET,9,0,0.0,49.20069712322434,Coastal,9,0,0.0,False,0.0,Rita,After
USC00411253,30.7247,-98.3842,BURNET 9 WSW,9,0,0.0,62.08018974991748,Rural,9,0,0.0,False,0.0,Rita,After
USC00411314,30.5328,-96.7022,CALDWELL,9,0,0.0,34.22516426918316,Coastal,9,0,0.0,False,0.0,Rita,After
USC00411337,28.4658,-98.3539,CALLIHAM,9,0,0.0,71.97768415309532,Rural,9,0,0.0,False,0.0,Rita,After
USC00411348,30.8458,-96.97,CAMERON,9,0,0.0,32.60216980561493,Coastal,9,0,0.0,False,0.0,Rita,After
USC00411429,29.8608,-98.1958,CANYON DAM,9,0,0.0,16.030685293361575,Coastal,9,0,0.0,False,0.0,Rita,After
USC00411433,29.9461,-98.3967,CANYON DAM #3,9,0,0.0,37.49898417141773,Coastal,9,0,0.0,False,0.0,Rita,After
USC00411500,32.1614,-94.3397,CARTHAGE,9,9,100.0,0.0,Coastal,0,0,0.0,True,50.0,Rita,After
USC00411541,30.0164,-97.4786,CEDAR CREEK 5 S,9,0,0.0,35.29523225389872,Coastal,9,0,0.0,False,0.0,Rita,After
USC00411578,31.8194,-94.2528,CENTER,9,0,0.0,3.5973134360182413,Coastal,9,2,22.22,True,11.11,Rita,After
USC00411580,31.4683,-98.4106,CENTER CITY,9,0,0.0,71.75522945953311,Rural,9,0,0.0,False,0.0,Rita,After
USC00411596,31.2581,-95.9744,CENTERVILLE,9,0,0.0,33.61330057155486,Coastal,9,2,22.22,True,11.11,Rita,After
USC00411625,32.1561,-97.9369,CHALK MTN,9,0,0.0,38.73497698446761,Coastal,9,0,0.0,False,0.0,Rita,After
USC00411671,29.3092,-97.4061,CHEAPSIDE,9,0,0.0,70.808496266037,Rural,9,0,0.0,False,0.0,Rita,After
USC00411711,31.5039,-94.3522,CHIRENO,9,0,0.0,31.482760830226752,Coastal,9,3,33.33,True,16.66,Rita,After
USC00411720,28.4675,-98.2525,CHOKE CANYON DAM,9,0,0.0,60.76495377842474,Rural,9,0,0.0,False,0.0,Rita,After
USC00411800,32.3139,-97.4061,CLEBURNE,9,0,0.0,30.262362120743525,Coastal,9,0,0.0,False,0.0,Rita,After
USC00411804,32.33,-97.3122,CLEBURNE 7SE,9,0,0.0,27.31818698631413,Coastal,9,0,0.0,False,0.0,Rita,After
USC00411810,30.3636,-95.0839,CLEVELAND,9,3,33.33,29.154683798511655,Coastal,6,1,16.67,True,25.0,Rita,After
USC00411838,29.7067,-95.6878,CLODINE,9,0,0.0,0.0,Coastal,9,1,11.11,False,5.56,Rita,After
USC00411880,28.7156,-97.1742,COLETO CREEK RSVR,9,0,0.0,18.408396462080052,Coastal,9,0,0.0,False,0.0,Rita,After
USC00411911,29.6989,-96.5731,COLUMBUS,9,0,0.0,83.14957851746401,Rural,9,0,0.0,False,0.0,Rita,After
USC00411921,33.1997,-95.9283,COMMERCE 4SW,9,0,0.0,17.880268588126437,Coastal,9,2,22.22,True,11.11,Rita,After
USC00411956,30.3303,-95.4831,CONROE,9,0,0.0,0.0,Coastal,9,1,11.11,False,5.56,Rita,After
USC00411970,33.3744,-95.6933,COOPER,9,0,0.0,40.1865838689988,Coastal,9,1,11.11,False,5.56,Rita,After
USC00411990,31.1603,-97.9564,COPPERAS COVE 5 NW,9,0,0.0,18.852990242110053,Coastal,9,0,0.0,False,0.0,Rita,After
USC00412011,27.7792,-97.5056,CORPUS CHRISTI NWS,9,0,0.0,1.6431314695684833,Coastal,9,0,0.0,False,0.0,Rita,After
USC00412013,27.6606,-97.3983,C C BOTANICAL GARDENS,9,0,0.0,1.6228403743506694,Coastal,9,0,0.0,False,0.0,Rita,After
USC00412017,31.0033,-94.8161,CORRIGAN 1 ENE,9,0,0.0,23.68673911357922,Coastal,9,3,33.33,True,16.66,Rita,After
USC00412019,32.1225,-96.4867,CORSICANA,9,0,0.0,0.0,Coastal,9,0,0.0,False,0.0,Rita,After
USC00412020,32.1183,-96.3256,CORSICANA 8 E,9,0,0.0,13.376811980512766,Coastal,9,1,11.11,False,5.56,Rita,After
USC00412086,31.7731,-97.8264,CRANFILLS GAP,9,0,0.0,31.567779443129343,Coastal,9,0,0.0,False,0.0,Rita,After
USC00412088,31.5333,-97.4525,CRAWFORD,9,0,0.0,20.842739668281514,Coastal,9,0,0.0,False,0.0,Rita,After
USC00412096,32.5225,-97.6478,CRESSON,9,0,0.0,13.507337999976244,Coastal,9,0,0.0,False,0.0,Rita,After
USC00412114,31.3072,-95.4508,CROCKETT,9,3,33.33,59.27536307151724,Rural,6,1,16.67,True,25.0,Rita,After
USC00412173,29.0892,-97.3433,CUERO,9,0,0.0,46.23412561947321,Coastal,9,0,0.0,False,0.0,Rita,After
USC00412206,30.0211,-95.7069,CYPRESS,9,0,0.0,5.519915214363201,Coastal,9,1,11.11,False,5.56,Rita,After
USC00412218,30.4364,-95.7919,DACUS,9,0,0.0,30.105241905735888,Coastal,9,1,11.11,False,5.56,Rita,After
USC00412225,32.9203,-94.7225,DAINGERFIELD 9 S,9,0,0.0,6.731951759471872,Coastal,9,1,11.11,False,5.56,Rita,After
USC00412266,29.0661,-96.2583,DANEVANG 1 W,9,0,0.0,50.87736823896413,Rural,9,0,0.0,False,0.0,Rita,After
USC00412295,30.8014,-97.2689,DAVILLA 2N,9,0,0.0,31.428280189087545,Coastal,9,0,0.0,False,0.0,Rita,After
USC00412334,33.2219,-97.5872,DECATUR,9,0,0.0,46.960979884615696,Coastal,9,0,0.0,False,0.0,Rita,After
USC00412352,33.4797,-94.6175,DEKALB,9,9,100.0,52.1608497513986,Rural,0,0,0.0,True,50.0,Rita,After
USC00412404,33.1992,-97.105,DENTON 2 SE,9,0,0.0,0.0,Coastal,9,0,0.0,False,0.0,Rita,After
USC00412444,31.8614,-95.2619,DIALVILLE 2 W,9,2,22.22,11.043671487485865,Coastal,7,1,14.29,False,18.26,Rita,After
USC00412462,30.3558,-96.8289,DIME BOX,9,0,0.0,36.82189012287435,Coastal,9,0,0.0,False,0.0,Rita,After
USC00412518,26.1728,-98.0786,DONNA,9,0,0.0,0.1692154150584176,Coastal,9,1,11.11,False,5.56,Rita,After
USC00412558,31.6481,-94.8997,DOUGLASS 1 S,9,9,100.0,22.30875498361981,Coastal,0,0,0.0,True,50.0,Rita,After
USC00412585,30.2194,-97.9878,DRIPPING SPRINGS 6 E,9,0,0.0,9.111942872350896,Coastal,9,0,0.0,False,0.0,Rita,After
USC00412598,32.0628,-98.3047,DUBLIN 2SE,9,9,100.0,73.88368082855759,Rural,0,0,0.0,True,50.0,Rita,After
USC00412758,26.2981,-98.1575,EDINBURG,9,0,0.0,0.0,Coastal,9,1,11.11,False,5.56,Rita,After
USC00412770,29.0622,-96.7714,EDNA 7 NW,9,0,0.0,32.809832627776416,Coastal,9,0,0.0,False,0.0,Rita,After
USC00412772,32.3656,-95.6089,EDOM,9,0,0.0,25.108691983138144,Coastal,9,3,33.33,True,16.66,Rita,After
USC00412786,29.2,-96.2653,EL CAMPO,9,0,0.0,56.40409217275993,Rural,9,0,0.0,False,0.0,Rita,After
USC00412820,30.3642,-97.37,ELGIN 1 N,9,0,0.0,28.963066585302222,Coastal,9,0,0.0,False,0.0,Rita,After
USC00412902,32.8711,-95.7797,EMORY,9,9,100.0,47.60844489083587,Coastal,0,0,0.0,True,50.0,Rita,After
USC00413005,31.4625,-98.1619,EVANT 1SSW,9,2,22.22,44.3512726165052,Coastal,7,0,0.0,False,11.11,Rita,After
USC00413047,31.7322,-96.2078,FAIRFIELD 3W,9,0,0.0,25.734847065139373,Coastal,9,1,11.11,False,5.56,Rita,After
USC00413063,27.1353,-98.1203,FALFURRIAS,9,9,100.0,98.32316520403769,Rural,0,0,0.0,True,50.0,Rita,After
USC00413065,28.9614,-98.1103,FALLS CITY 7 WSW,9,0,0.0,61.665757680181116,Rural,9,0,0.0,False,0.0,Rita,After
USC00413080,33.1414,-96.2933,FARMERSVILLE,9,0,0.0,16.747897278340943,Coastal,9,1,11.11,False,5.56,Rita,After
USC00413112,30.2758,-97.0192,FEDOR 3SE,9,0,0.0,36.82177189239934,Coastal,9,0,0.0,False,0.0,Rita,After
USC00413133,32.5339,-96.6608,FERRIS,9,9,100.0,15.849109188671125,Coastal,0,0,0.0,True,50.0,Rita,After
USC00413156,29.9744,-98.2669,FISCHERS STORE,9,0,0.0,32.62362095700067,Coastal,9,0,0.0,False,0.0,Rita,After
USC00413171,31.3089,-97.6306,FLAT,9,0,0.0,17.662073641991487,Coastal,9,0,0.0,False,0.0,Rita,After
USC00413183,29.6339,-97.0644,FLATONIA 4SE,9,0,0.0,96.18346564205932,Rural,9,0,0.0,False,0.0,Rita,After
USC00413199,30.8394,-97.7928,FLORENCE,9,0,0.0,22.82094787567074,Coastal,9,0,0.0,False,0.0,Rita,After
USC00413201,29.1333,-98.1628,FLORESVILLE,9,0,0.0,40.923923568506524,Coastal,9,0,0.0,False,0.0,Rita,After
USC00413247,33.4661,-97.5797,FORESTBURG 5 S,9,9,100.0,55.63492416338972,Rural,0,0,0.0,True,50.0,Rita,After
USC00413285,32.8342,-97.2981,FT WORTH WSFO,9,0,0.0,0.0,Coastal,9,0,0.0,False,0.0,Rita,After
USC00413289,32.8472,-97.4761,FT WORTH NATURE CTR,9,0,0.0,0.32089867647990616,Coastal,9,0,0.0,False,0.0,Rita,After
USC00413321,31.0328,-96.4889,FRANKLIN,9,0,0.0,42.38222542485077,Coastal,9,1,11.11,False,5.56,Rita,After
USC00413340,28.9844,-95.3808,FREEPORT 2 NW,9,0,0.0,0.0,Coastal,9,2,22.22,True,11.11,Rita,After
USC00413370,33.1925,-96.7931,FRISCO,9,0,0.0,10.323921924853272,Coastal,9,0,0.0,False,0.0,Rita,After
USC00413485,31.4144,-97.7019,GATESVILLE,9,0,0.0,10.227683429263399,Coastal,9,0,0.0,False,0.0,Rita,After
USC00413507,30.6764,-97.7208,GEORGETOWN LAKE,9,0,0.0,0.7631602942092303,Coastal,9,0,0.0,False,0.0,Rita,After
USC00413508,28.3064,-98.1222,GEORGE W 2 SSW,9,0,0.0,47.9388321713319,Coastal,9,0,0.0,False,0.0,Rita,After
USC00413525,30.1872,-96.8594,GIDDINGS 5E,9,0,0.0,52.94388562007584,Rural,9,0,0.0,False,0.0,Rita,After
USC00413546,32.7464,-95.0497,GILMER 4 WNW,9,0,0.0,31.32492199117479,Coastal,9,1,11.11,False,5.56,Rita,After
USC00413618,28.6617,-97.385,GOLIAD,9,0,0.0,41.56544592399115,Coastal,9,0,0.0,False,0.0,Rita,After
USC00413620,28.6703,-97.3778,GOLIAD 1 E,9,9,100.0,40.45072765078804,Coastal,0,0,0.0,True,50.0,Rita,After
USC00413622,29.4744,-97.4481,GONZALES 2S,9,0,0.0,73.29036385088267,Rural,9,0,0.0,False,0.0,Rita,After
USC00413624,29.4358,-97.5178,GONZALES 10 SW,9,0,0.0,71.73203015314265,Rural,9,0,0.0,False,0.0,Rita,After
USC00413639,32.5408,-98.3814,GORDON 1SW,9,0,0.0,44.91945283987111,Coastal,9,0,0.0,False,0.0,Rita,After
USC00413675,32.5217,-97.8069,GRANBURY 5N,9,0,0.0,4.377154697350528,Coastal,9,0,0.0,False,0.0,Rita,After
USC00413685,30.715,-97.4483,GRANGER,9,0,0.0,25.7575235416615,Coastal,9,0,0.0,False,0.0,Rita,After
USC00413686,30.7189,-97.3211,GRANGER DAM,9,0,0.0,29.23994369160342,Coastal,9,0,0.0,False,0.0,Rita,After
USC00413691,32.9506,-97.0553,GRAPEVINE DAM,9,0,0.0,0.0,Coastal,9,0,0.0,False,0.0,Rita,After
USC00413734,33.1678,-96.0983,GREENVILLE KGVL RADIO,9,0,0.0,0.28634516435590107,Coastal,9,0,0.0,False,0.0,Rita,After
USC00413776,31.4406,-96.4825,GROESBECK 7SE,9,9,100.0,36.421436106906235,Coastal,0,0,0.0,True,50.0,Rita,After
USC00413846,33.3361,-95.2486,HAGANSPORT,9,0,0.0,32.88611735226199,Coastal,9,1,11.11,False,5.56,Rita,After
USC00413873,29.4706,-96.9397,HALLETTSVILLE 2 N,9,0,0.0,75.29637445305505,Rural,9,0,0.0,False,0.0,Rita,After
USC00413877,32.4478,-94.5956,HALLSVILLE 4 S,9,0,0.0,4.134690978516626,Coastal,9,0,0.0,False,0.0,Rita,After
USC00413884,31.7089,-98.115,HAMILTON,9,0,0.0,44.92355543108218,Coastal,9,0,0.0,False,0.0,Rita,After
USC00413941,32.6761,-94.5781,HARLETON,9,2,22.22,15.56181715641338,Coastal,7,1,14.29,False,18.26,Rita,After
USC00413943,26.2028,-97.6728,HARLINGEN,9,0,0.0,0.0,Coastal,9,1,11.11,False,5.56,Rita,After
USC00414020,32.5781,-95.2033,HAWKINS,9,0,0.0,22.615200903616095,Coastal,9,1,11.11,False,5.56,Rita,After
USC00414076,31.35,-93.8333,HEMPHILL,9,9,100.0,52.207613277016534,Rural,0,0,0.0,True,50.0,Rita,After
USC00414077,31.4072,-93.7842,HEMPHILL 6 NE,9,0,0.0,61.100419644522944,Rural,9,0,0.0,False,0.0,Rita,After
USC00414081,32.1828,-94.7967,HENDERSON,9,0,0.0,0.0,Coastal,9,2,22.22,True,11.11,Rita,After
USC00414137,31.9844,-98.0311,HICO,9,0,0.0,63.60362546666706,Rural,9,0,0.0,False,0.0,Rita,After
USC00414182,32.0161,-97.1094,HILLSBORO,9,0,0.0,48.59713078278662,Coastal,9,0,0.0,False,0.0,Rita,After
USC00414202,32.7275,-95.1925,HOLLY LAKE RCH,9,0,0.0,41.57099621783162,Coastal,9,1,11.11,False,5.56,Rita,After
USC00414313,29.8142,-95.7275,HOUSTON BARKER,9,9,100.0,0.0,Coastal,0,0,0.0,True,50.0,Rita,After
USC00414315,29.7283,-95.1306,HOUSTON DEER PARK,9,2,22.22,0.0,Coastal,7,1,14.29,False,18.26,Rita,After
USC00414321,29.7914,-95.4261,HOUSTON HTS,9,0,0.0,0.0,Coastal,9,1,11.11,False,5.56,Rita,After
USC00414325,29.7003,-95.4292,HOUSTON-WESTBURY,9,0,0.0,0.0,Coastal,9,1,11.11,False,5.56,Rita,After
USC00414326,29.7456,-95.28,HOUSTON-PORT,9,0,0.0,0.0,Coastal,9,1,11.11,False,5.56,Rita,After
USC00414327,29.8733,-95.5275,HOUSTON N HOUSTON,9,0,0.0,0.0,Coastal,9,1,11.11,False,5.56,Rita,After
USC00414333,29.4717,-95.0833,HOUSTON NWSO,9,0,0.0,0.0,Coastal,9,1,11.11,False,5.56,Rita,After
USC00414343,32.3389,-98.2972,HUCKABAY,9,0,0.0,56.66994317839714,Rural,9,0,0.0,False,0.0,Rita,After
USC00414382,30.7064,-95.5422,HUNTSVILLE,9,0,0.0,0.0,Coastal,9,2,22.22,True,11.11,Rita,After
USC00414390,31.6544,-97.7086,HURST SPRINGS,9,0,0.0,16.543369115140923,Coastal,9,0,0.0,False,0.0,Rita,After
USC00414505,32.0914,-97.1211,ITASCA 5SSW,9,0,0.0,48.64426733680883,Coastal,9,0,0.0,False,0.0,Rita,After
USC00414517,33.2064,-98.1689,JACKSBORO,9,0,0.0,46.865697448552616,Coastal,9,0,0.0,False,0.0,Rita,After
USC00414525,31.9622,-95.2736,JACKSONVILLE,9,0,0.0,0.0,Coastal,9,1,11.11,False,5.56,Rita,After
USC00414531,29.1967,-94.9883,JAMAICA BEACH,9,0,0.0,11.329814539759102,Coastal,9,1,11.11,False,5.56,Rita,After
USC00414556,30.8294,-97.6011,JARRELL,9,0,0.0,20.858915265946163,Coastal,9,0,0.0,False,0.0,Rita,After
USC00414563,30.9153,-94.0097,JASPER,9,0,0.0,0.0,Coastal,9,2,22.22,True,11.11,Rita,After
USC00414575,29.7664,-97.3164,JEDDO 3S,9,0,0.0,67.1806870510229,Rural,9,0,0.0,False,0.0,Rita,After
USC00414577,32.7692,-94.3592,JEFFERSON,9,9,100.0,0.5309359288643769,Coastal,0,0,0.0,True,50.0,Rita,After
USC00414597,32.6406,-96.9747,JOE POOL LAKE,9,0,0.0,0.0,Coastal,9,0,0.0,False,0.0,Rita,After
USC00414605,30.3,-98.4094,JOHNSON CITY 2N,9,0,0.0,56.014689179118875,Rural,9,0,0.0,False,0.0,Rita,After
USC00414679,33.0806,-97.2967,JUSTIN,9,0,0.0,16.835998918562055,Coastal,9,0,0.0,False,0.0,Rita,After
USC00414693,32.6664,-94.1781,KARNACK,9,0,0.0,20.407203737692768,Coastal,9,2,22.22,True,11.11,Rita,After
USC00414696,28.9069,-97.8756,KARNES CITY 2N,9,0,0.0,64.36553768600487,Rural,9,0,0.0,False,0.0,Rita,After
USC00414704,29.8025,-95.8197,KATY CITY,9,0,0.0,3.737123226834927,Coastal,9,1,11.11,False,5.56,Rita,After
USC00414705,32.5589,-96.2725,KAUFMAN 3 SE,9,0,0.0,40.13617653251362,Coastal,9,1,11.11,False,5.56,Rita,After
USC00414708,32.6139,-96.1394,KAUFMAN 13ENE,9,0,0.0,49.490200275882735,Coastal,9,1,11.11,False,5.56,Rita,After
USC00414792,31.0658,-97.6919,KILLEEN,9,9,100.0,2.866445807994136,Coastal,0,0,0.0,True,50.0,Rita,After
USC00414805,29.6833,-97.7672,KINGSBURY,9,0,0.0,29.71933802591376,Coastal,9,0,0.0,False,0.0,Rita,After
USC00414810,27.5311,-97.8497,KINGSVILLE,9,0,0.0,40.410558463357816,Coastal,9,0,0.0,False,0.0,Rita,After
USC00414866,32.1347,-97.4786,KOPPERL 5 NNE,9,0,0.0,50.27274438952716,Rural,9,0,0.0,False,0.0,Rita,After
USC00414878,30.375,-94.2994,KOUNTZE,9,2,22.22,23.763298463865354,Coastal,7,1,14.29,False,18.26,Rita,After
USC00414903,29.9175,-96.8769,LA GRANGE,9,0,0.0,85.13491814173902,Rural,9,0,0.0,False,0.0,Rita,After
USC00414911,26.3233,-98.3233,LA JOYA,9,0,0.0,7.803007439832203,Coastal,9,1,11.11,False,5.56,Rita,After
USC00414972,33.225,-97.8317,LAKE BRIDGEPORT DAM,9,0,0.0,60.163014304624056,Rural,9,0,0.0,False,0.0,Rita,After
USC00414976,32.8228,-95.5278,LAKE FK RSVR,9,0,0.0,57.24044123977292,Rural,9,1,11.11,False,5.56,Rita,After
USC00414979,32.6433,-98.3181,LAKE PALO PINTO,9,9,100.0,29.918516277672456,Coastal,0,0,0.0,True,50.0,Rita,After
USC00414980,32.8522,-95.8864,LAKE TAWAKONI,9,0,0.0,41.512511197030484,Coastal,9,1,11.11,False,5.56,Rita,After
USC00415018,31.0717,-98.1847,LAMPASAS,9,0,0.0,44.95978374111257,Coastal,9,0,0.0,False,0.0,Rita,After
USC00415094,33.0353,-96.4861,LAVON DAM,9,0,0.0,8.861635966157683,Coastal,9,0,0.0,False,0.0,Rita,After
USC00415116,32.3,-98.4028,LEATHERWOOD RCH,9,0,0.0,69.27020612056158,Rural,9,0,0.0,False,0.0,Rita,After
USC00415192,33.0694,-97.0094,LEWISVILLE DAM,9,0,0.0,0.0,Coastal,9,0,0.0,False,0.0,Rita,After
USC00415193,30.4064,-97.0133,LEXINGTON,9,0,0.0,20.388859249688345,Coastal,9,0,0.0,False,0.0,Rita,After
USC00415196,30.0592,-94.795,LIBERTY,9,9,100.0,21.17576348255531,Coastal,0,0,0.0,True,50.0,Rita,After
USC00415229,33.0161,-94.3675,LINDEN,9,0,0.0,23.112161785468732,Coastal,9,1,11.11,False,5.56,Rita,After
USC00415243,32.5686,-98.0825,LIPAN 4NW,9,9,100.0,31.262152588054704,Coastal,0,0,0.0,True,50.0,Rita,After
USC00415271,30.7394,-94.9256,LIVINGSTON 2 NNE,9,0,0.0,0.0,Coastal,9,2,22.22,True,11.11,Rita,After
USC00415285,29.8569,-97.6958,LOCKHART 2SW,9,0,0.0,23.37932420685404,Coastal,9,0,0.0,False,0.0,Rita,After
USC00415341,32.4725,-94.7172,LONGVIEW,9,0,0.0,0.0,Coastal,9,2,22.22,True,11.11,Rita,After
USC00415344,32.5183,-94.7189,LONGVIEW #2,9,0,0.0,0.0,Coastal,9,0,0.0,False,0.0,Rita,After
USC00415415,31.4269,-94.8942,LUFKIN 11 NW,9,0,0.0,12.621257881909338,Coastal,9,4,44.44,True,22.22,Rita,After
USC00415427,31.3417,-94.7325,LUFKIN #2,9,9,100.0,0.0,Coastal,0,0,0.0,True,50.0,Rita,After
USC00415429,29.6756,-97.6578,LULING,9,0,0.0,38.642172328259086,Coastal,9,0,0.0,False,0.0,Rita,After
USC00415430,29.8403,-97.5672,LULING 12 NE,9,0,0.0,37.793165308323985,Coastal,9,0,0.0,False,0.0,Rita,After
USC00415435,30.2503,-94.1783,LUMBERTON,9,2,22.22,8.894784941893825,Coastal,7,1,14.29,False,18.26,Rita,After
USC00415477,30.9392,-95.9203,MADISONVILLE,9,0,0.0,44.07686214645741,Coastal,9,3,33.33,True,16.66,Rita,After
USC00415611,31.305,-96.8767,MARLIN,9,0,0.0,39.64710986269433,Coastal,9,0,0.0,False,0.0,Rita,After
USC00415618,32.4892,-94.3289,MARSHALL,9,0,0.0,5.344501621537798,Coastal,9,1,11.11,False,5.56,Rita,After
USC00415659,28.6836,-95.9733,MATAGORDA #2,9,0,0.0,52.60646335418141,Rural,9,0,0.0,False,0.0,Rita,After
USC00415661,28.0372,-97.8725,MATHIS 4 SSW,9,0,0.0,33.00306355166997,Coastal,9,0,0.0,False,0.0,Rita,After
USC00415667,33.3322,-94.3436,MAUD,9,9,100.0,26.928749966726876,Coastal,0,0,0.0,True,50.0,Rita,After
USC00415695,32.3117,-97.0161,MAYPEARL,9,9,100.0,18.82644817653199,Coastal,0,0,0.0,True,50.0,Rita,After
USC00415701,26.1922,-98.2503,MCALLEN,9,0,0.0,0.0,Coastal,9,1,11.11,False,5.56,Rita,After
USC00415721,26.565,-98.1236,MCCOOK,9,0,0.0,30.163732074029404,Coastal,9,1,11.11,False,5.56,Rita,After
USC00415757,31.435,-97.4011,MCGREGOR,9,0,0.0,18.003993568820746,Coastal,9,0,0.0,False,0.0,Rita,After
USC00415766,33.1828,-96.59,MCKINNEY MUNI AP,9,0,0.0,3.1518676234487466,Coastal,9,0,0.0,False,0.0,Rita,After
USC00415836,26.0619,-97.8997,MERCEDES 6 SSE,9,0,0.0,13.450473854464171,Coastal,9,1,11.11,False,5.56,Rita,After
USC00415845,31.93,-97.6608,MERIDIAN,9,0,0.0,52.6880748376786,Rural,9,0,0.0,False,0.0,Rita,After
USC00415869,31.6181,-96.4497,MEXIA,9,9,100.0,35.228897916864895,Coastal,0,0,0.0,True,50.0,Rita,After
USC00415897,32.4917,-96.9992,MIDLOTHIAN,9,0,0.0,0.0,Coastal,9,0,0.0,False,0.0,Rita,After
USC00415904,31.0706,-95.715,MIDWAY 4 NE,9,0,0.0,43.332056610198485,Coastal,9,3,33.33,True,16.66,Rita,After
USC00415954,32.635,-95.4822,MINEOLA,9,0,0.0,32.33188772705603,Coastal,9,1,11.11,False,5.56,Rita,After
USC00416024,30.3908,-95.6969,MONTGOMERY,9,1,11.11,18.497525889126,Coastal,8,1,12.5,False,11.8,Rita,After
USC00416058,32.0139,-97.6131,MORGAN,9,0,0.0,57.21921094692587,Rural,9,0,0.0,False,0.0,Rita,After
USC00416060,32.3842,-98.1703,MORGAN MILL,9,0,0.0,41.733039886635744,Coastal,9,0,0.0,False,0.0,Rita,After
USC00416108,33.1631,-95.0097,MT PLEASANT,9,0,0.0,0.0,Coastal,9,2,22.22,True,11.11,Rita,After
USC00416119,33.1964,-95.2236,MT VERNON,9,0,0.0,24.142323982696944,Coastal,9,1,11.11,False,5.56,Rita,After
USC00416177,31.6164,-94.6431,NACOGDOCHES,9,0,0.0,0.0,Coastal,9,3,33.33,True,16.66,Rita,After
USC00416210,31.9611,-96.6881,NAVARRO MILLS DAM,9,0,0.0,27.842995711972172,Coastal,9,0,0.0,False,0.0,Rita,After
USC00416265,31.6503,-94.1519,NEUVILLE,9,0,0.0,18.899254354525254,Coastal,9,3,33.33,True,16.66,Rita,After
USC00416270,33.4547,-94.4089,NEW BOSTON,9,2,22.22,29.535042875958787,Coastal,7,1,14.29,False,18.26,Rita,After
USC00416276,29.6597,-98.1636,NEW BRAUNFELS,9,0,0.0,6.083943163933313,Coastal,9,0,0.0,False,0.0,Rita,After
USC00416280,30.1375,-95.1783,NEW CANEY 2 E,9,0,0.0,3.076118500089018,Coastal,9,3,33.33,True,16.66,Rita,After
USC00416331,33.4561,-98.0253,NEWPORT 1SW,9,0,0.0,77.53259619219774,Rural,9,0,0.0,False,0.0,Rita,After
USC00416335,31.9747,-95.1381,NEW SUMMERFIELD 2W,9,2,22.22,10.76113244429546,Coastal,7,1,14.29,False,18.26,Rita,After
USC00416341,30.8331,-93.7369,NEWTON,9,2,22.22,27.621931974356947,Coastal,7,1,14.29,False,18.26,Rita,After
USC00416367,31.1083,-98.3803,NIX STORE 1 W,9,0,0.0,66.10892274960445,Rural,9,0,0.0,False,0.0,Rita,After
USC00416368,29.2828,-97.7675,NIXON,9,0,0.0,64.12765518176306,Rural,9,0,0.0,False,0.0,Rita,After
USC00416496,31.5914,-95.8442,OAKWOOD,9,0,0.0,27.73224608167206,Coastal,9,1,11.11,False,5.56,Rita,After
USC00416664,30.0858,-93.7417,ORANGE,9,2,22.22,0.0,Coastal,7,2,28.57,True,25.4,Rita,After
USC00416680,30.2267,-93.7389,ORANGE 9 N,9,2,22.22,9.172381451048892,Coastal,7,1,14.29,False,18.26,Rita,After
USC00416739,27.5906,-97.2306,PADRE IS AT CORPUS CHRISTI,9,0,0.0,10.96842977702811,Coastal,9,0,0.0,False,0.0,Rita,After
USC00416766,32.7664,-98.3083,PALO PINTO,9,0,0.0,18.472226529269847,Coastal,9,0,0.0,False,0.0,Rita,After
USC00417017,31.2789,-97.8883,PIDCOKE,9,0,0.0,20.32805184345166,Coastal,9,0,0.0,False,0.0,Rita,After
USC00417020,29.2353,-96.1817,PIERCE 1 E,9,9,100.0,48.933871741864984,Coastal,0,0,0.0,True,50.0,Rita,After
USC00417040,31.2447,-93.9658,PINELAND,9,2,22.22,35.716154364180525,Coastal,7,1,14.29,False,18.26,Rita,After
USC00417066,32.9264,-94.9392,PITTSBURG 5 SSE,9,9,100.0,28.28555765758712,Coastal,0,0,0.0,True,50.0,Rita,After
USC00417111,28.9606,-98.4772,PLEASANTON,9,0,0.0,50.245841739674965,Rural,9,0,0.0,False,0.0,Rita,After
USC00417140,28.6575,-96.5553,PT COMFORT,9,0,0.0,0.0,Coastal,9,0,0.0,False,0.0,Rita,After
USC00417170,27.8139,-97.075,PORT ARANSAS,9,0,0.0,1.7876021929111308,Coastal,9,0,0.0,False,0.0,Rita,After
USC00417172,29.9044,-93.9708,PORT ARTHUR CITY,9,2,22.22,0.0,Coastal,7,2,28.57,True,25.4,Rita,After
USC00417179,26.095,-97.3069,PORT ISABEL,9,0,0.0,14.928094074369046,Coastal,9,1,11.11,False,5.56,Rita,After
USC00417183,28.6078,-96.6417,PORT LAVACA,9,9,100.0,1.2170074320202078,Coastal,0,0,0.0,True,50.0,Rita,After
USC00417184,26.5533,-97.4278,PORT MANSFIELD,9,0,0.0,49.210332980706305,Coastal,9,1,11.11,False,5.56,Rita,After
USC00417186,28.4342,-96.4278,PORT O'CONNOR,9,0,0.0,28.499027666470152,Coastal,9,0,0.0,False,0.0,Rita,After
USC00417300,31.9633,-98.4942,PROCTOR RSVR,9,0,0.0,98.45090540973149,Rural,9,0,0.0,False,0.0,Rita,After
USC00417365,32.7931,-95.435,QUITMAN 2,9,0,0.0,50.75674781942296,Rural,9,1,11.11,False,5.56,Rita,After
USC00417388,32.2619,-97.7064,RAINBOW,9,0,0.0,23.0031999951876,Coastal,9,0,0.0,False,0.0,Rita,After
USC00417458,26.4644,-97.7847,RAYMONDVILLE,9,0,0.0,26.007440572155442,Coastal,9,1,11.11,False,5.56,Rita,After
USC00417530,28.2939,-97.3297,REFUGIO 3 SW,9,0,0.0,37.00093026130864,Coastal,9,0,0.0,False,0.0,Rita,After
USC00417533,28.3294,-97.2947,REFUGIO 2 NW,9,0,0.0,39.09409800016053,Coastal,9,0,0.0,False,0.0,Rita,After
USC00417550,32.8136,-97.5756,REMUDA,9,0,0.0,7.290701484142082,Coastal,9,0,0.0,False,0.0,Rita,After
USC00417586,30.5381,-95.8458,RICHARDS,9,0,0.0,34.83069291231082,Coastal,9,1,11.11,False,5.56,Rita,After
USC00417588,32.9964,-96.7428,RICHARDSON,9,0,0.0,0.0,Coastal,9,0,0.0,False,0.0,Rita,After
USC00417594,29.5839,-95.7553,RICHMOND,9,0,0.0,0.0,Coastal,9,1,11.11,False,5.56,Rita,After
USC00417659,33.005,-97.2331,ROANOKE,9,0,0.0,5.256467251205851,Coastal,9,0,0.0,False,0.0,Rita,After
USC00417677,27.7894,-97.6619,ROBSTOWN,9,0,0.0,3.3780085865025575,Coastal,9,0,0.0,False,0.0,Rita,After
USC00417685,30.6431,-97.0372,ROCKDALE,9,0,0.0,6.031363412268131,Coastal,9,0,0.0,False,0.0,Rita,After
USC00417704,28.0183,-97.0567,ROCKPORT,9,0,0.0,0.0,Coastal,9,0,0.0,False,0.0,Rita,After
USC00417707,32.9331,-96.4647,ROCKWALL,9,0,0.0,0.0,Coastal,9,0,0.0,False,0.0,Rita,After
USC00417744,31.0736,-96.9789,ROSEBUD,9,0,0.0,39.213014218036115,Coastal,9,0,0.0,False,0.0,Rita,After
USC00417773,32.4578,-96.4558,ROSSER,9,0,0.0,37.013892656586854,Coastal,9,1,11.11,False,5.56,Rita,After
USC00417787,30.4247,-98.3492,ROUND MTN,9,0,0.0,53.933511053682565,Rural,9,0,0.0,False,0.0,Rita,After
USC00417791,30.5414,-97.635,ROUND ROCK 3 NE,9,0,0.0,2.478929859281774,Coastal,9,0,0.0,False,0.0,Rita,After
USC00417836,28.8297,-97.7133,RUNGE,9,0,0.0,51.285294639816286,Rural,9,0,0.0,False,0.0,Rita,After
USC00417841,31.8092,-95.1428,RUSK,9,0,0.0,21.410790768701908,Coastal,9,2,22.22,True,11.11,Rita,After
USC00417936,31.0619,-94.1011,SAM RAYBURN DAM,9,0,0.0,14.241036382349494,Coastal,9,3,33.33,True,16.66,Rita,After
USC00417947,29.4703,-98.4728,SAN ANTONIO INCARNATE WORD,9,0,0.0,0.0,Coastal,9,0,0.0,False,0.0,Rita,After
USC00417951,31.5192,-94.1186,SAN AUGUSTINE,9,2,22.22,36.427488570400925,Coastal,7,1,14.29,False,18.26,Rita,After
USC00417981,26.565,-98.1189,SAN MANUEL,9,0,0.0,30.268075008909314,Coastal,9,1,11.11,False,5.56,Rita,After
USC00417983,29.8833,-97.9494,SAN MARCOS,9,0,0.0,0.0,Coastal,9,0,0.0,False,0.0,Rita,After
USC00418050,26.0825,-98.1353,SANTA ANA NWR,9,0,0.0,8.402459073521232,Coastal,9,1,11.11,False,5.56,Rita,After
USC00418059,26.2656,-97.8714,SANTA ROSA 3 WNW,9,0,0.0,14.855278930144705,Coastal,9,1,11.11,False,5.56,Rita,After
USC00418081,27.2169,-97.6956,SARITA 7 E,9,0,0.0,64.22195854522926,Rural,9,1,11.11,False,5.56,Rita,After
USC00418126,29.6825,-96.8564,SCHULENBURG,9,0,0.0,103.35390277244491,Rural,9,0,0.0,False,0.0,Rita,After
USC00418187,29.5519,-97.9703,SEGUIN 1 SSW,9,0,0.0,23.046128930316957,Coastal,9,0,0.0,False,0.0,Rita,After
USC00418311,30.3703,-94.2019,SILSBEE 4 N,9,2,22.22,12.969773841961823,Coastal,7,1,14.29,False,18.26,Rita,After
USC00418354,28.1011,-97.5689,SINTON,9,9,100.0,26.078259944540335,Coastal,0,0,0.0,True,50.0,Rita,After
USC00418415,30.0092,-97.1644,SMITHVILLE,9,0,0.0,62.23360953567779,Rural,9,0,0.0,False,0.0,Rita,After
USC00418446,30.3367,-96.5403,SOMERVILLE DAM,9,0,0.0,38.48923309164152,Coastal,9,0,0.0,False,0.0,Rita,After
USC00418487,26.1375,-97.1742,S PADRE IS,9,0,0.0,8.13832340239313,Coastal,9,2,22.22,True,11.11,Rita,After
USC00418519,29.2728,-96.6858,SPEAKS 2,9,0,0.0,59.93176529380215,Rural,9,0,0.0,False,0.0,Rita,After
USC00418531,30.4814,-98.1606,SPICEWOOD,9,0,0.0,32.92166123551797,Coastal,9,0,0.0,False,0.0,Rita,After
USC00418544,29.8653,-98.3797,SPRING BRANCH 2SE,9,0,0.0,27.96359465932758,Coastal,9,0,0.0,False,0.0,Rita,After
USC00418646,31.0372,-97.5283,STILLHOUSE HOLLOW DAM,9,0,0.0,15.607517778672834,Coastal,9,0,0.0,False,0.0,Rita,After
USC00418658,29.3258,-97.9753,STOCKDALE 6N,9,0,0.0,45.09291971181289,Coastal,9,0,0.0,False,0.0,Rita,After
USC00418696,32.6592,-98.4678,STRAWN 8 NNE,9,0,0.0,41.09387496570124,Coastal,9,0,0.0,False,0.0,Rita,After
USC00418728,29.6197,-95.6575,SUGAR LAND,9,1,11.11,0.0,Coastal,8,1,12.5,False,11.8,Rita,After
USC00418743,33.1481,-95.6269,SULPHUR SPRINGS,9,0,0.0,50.07022891743476,Rural,9,1,11.11,False,5.56,Rita,After
USC00418862,30.5844,-97.4156,TAYLOR 1NW,9,0,0.0,27.35789894601168,Coastal,9,0,0.0,False,0.0,Rita,After
USC00418929,32.7336,-96.3225,TERRELL,9,0,0.0,25.881873218616864,Coastal,9,1,11.11,False,5.56,Rita,After
USC00418942,33.4367,-94.0772,TEXARKANA,9,0,0.0,0.0,Coastal,9,2,22.22,True,11.11,Rita,After
USC00418996,29.4822,-95.6314,THOMPSONS 3 WSW,9,0,0.0,10.538585167752778,Coastal,9,1,11.11,False,5.56,Rita,After
USC00419001,30.6147,-97.2086,THORNDALE,9,0,0.0,12.737694850969378,Coastal,9,0,0.0,False,0.0,Rita,After
USC00419004,31.3917,-96.5656,THORNTON 1SSE,9,0,0.0,46.897622554385315,Coastal,9,1,11.11,False,5.56,Rita,After
USC00419007,28.5806,-98.1186,THREE RIVERS 9 NE,9,0,0.0,50.07135385214085,Rural,9,0,0.0,False,0.0,Rita,After
USC00419076,30.1003,-95.6114,TOMBALL,9,0,0.0,0.0,Coastal,9,1,11.11,False,5.56,Rita,After
USC00419099,30.8836,-98.4708,TOW,9,0,0.0,80.14139908807407,Rural,9,0,0.0,False,0.0,Rita,After
USC00419101,30.7931,-94.1819,TOWN BLUFF DAM,9,2,22.22,22.95334642226583,Coastal,7,1,14.29,False,18.26,Rita,After
USC00419125,33.4311,-96.3397,TRENTON,9,0,0.0,34.76118132723371,Coastal,9,0,0.0,False,0.0,Rita,After
USC00419153,31.2061,-97.2956,TROY,9,0,0.0,8.895409107218896,Coastal,9,0,0.0,False,0.0,Rita,After
USC00419207,32.3008,-95.3103,TYLER,9,0,0.0,0.0,Coastal,9,4,44.44,True,22.22,Rita,After
USC00419282,31.6606,-97.4661,VALLEY MILLS,9,9,100.0,26.60947461818936,Coastal,0,0,0.0,True,50.0,Rita,After
USC00419361,28.8608,-97.0181,VICTORIA FIRE DEPT #5,9,0,0.0,0.06872238399695417,Coastal,9,0,0.0,False,0.0,Rita,After
USC00419367,28.8439,-96.9214,VICTORIA RGNL AP,9,0,0.0,4.128538623991454,Coastal,9,0,0.0,False,0.0,Rita,After
USC00419415,31.5481,-97.2072,WACO,9,9,100.0,0.0,Coastal,0,0,0.0,True,50.0,Rita,After
USC00419417,31.6003,-97.2169,WACO DAM,9,0,0.0,0.0,Coastal,9,0,0.0,False,0.0,Rita,After
USC00419491,30.3236,-96.1594,WASHINGTON SP,9,2,22.22,32.412707925568455,Coastal,7,0,0.0,False,11.11,Rita,After
USC00419503,32.525,-95.1306,WATERS BLUFF,9,9,100.0,20.86397623881894,Coastal,0,0,0.0,True,50.0,Rita,After
USC00419504,30.9297,-98.0219,WATSON,9,0,0.0,36.57490595559486,Coastal,9,0,0.0,False,0.0,Rita,After
USC00419522,32.4281,-96.8422,WAXAHACHIE,9,9,100.0,0.0,Coastal,0,0,0.0,True,50.0,Rita,After
USC00419532,32.7478,-97.7703,WEATHERFORD,9,0,0.0,29.882056821896008,Coastal,9,0,0.0,False,0.0,Rita,After
USC00419559,28.1136,-97.4178,WELDER WILDLIFE FOUNDATION,9,0,0.0,29.609932927557004,Coastal,9,0,0.0,False,0.0,Rita,After
USC00419588,26.1781,-97.9708,WESLACO,9,9,100.0,0.0,Coastal,0,0,0.0,True,50.0,Rita,After
USC00419593,31.8119,-97.0797,W,9,0,0.0,21.98472842123466,Coastal,9,0,0.0,False,0.0,Rita,After
USC00419655,29.3178,-96.0847,WHARTON,9,0,0.0,40.978951597062164,Coastal,9,1,11.11,False,5.56,Rita,After
USC00419708,32.2039,-95.2342,WHITEHOUSE 3 S,9,9,100.0,9.440767901721776,Coastal,0,0,0.0,True,50.0,Rita,After
USC00419709,32.5164,-94.8914,WHITE OAK 1 WSW,9,0,0.0,2.5472609596267475,Coastal,9,2,22.22,True,11.11,Rita,After
USC00419715,31.8611,-97.375,WHITNEY DAM,9,0,0.0,37.90675303629327,Coastal,9,0,0.0,False,0.0,Rita,After
USC00419717,28.6314,-98.2775,WHITSETT,9,0,0.0,68.85120970841434,Rural,9,0,0.0,False,0.0,Rita,After
USC00419754,30.5347,-94.4456,WILDWOOD,9,0,0.0,46.34659807530343,Coastal,9,1,11.11,False,5.56,Rita,After
USC00419800,32.7019,-96.015,WILLS PT,9,0,0.0,54.40093041028651,Rural,9,1,11.11,False,5.56,Rita,After
USC00419815,30.0017,-98.1047,WIMBERLEY 1 NW,9,0,0.0,17.242972032465115,Coastal,9,0,0.0,False,0.0,Rita,After
USC00419836,33.025,-95.2411,WINNSBORO 5 NNE,9,0,0.0,31.280361242743002,Coastal,9,1,11.11,False,5.56,Rita,After
USC00419859,33.3675,-96.0675,WOLFE CITY,9,0,0.0,26.68963374779546,Coastal,9,0,0.0,False,0.0,Rita,After
USC00419898,30.7678,-94.4117,WOODVILLE,9,2,22.22,45.363275949291584,Coastal,7,1,14.29,False,18.26,Rita,After
USC00419916,33.3039,-94.1583,WRIGHT PATMAN DM & LK,9,0,0.0,14.882760791052075,Coastal,9,1,11.11,False,5.56,Rita,After
USC00419952,29.2739,-97.1556,YOAKUM,9,9,100.0,52.8483721374334,Rural,0,0,0.0,True,50.0,Rita,After
USC00419953,28.9803,-97.5186,YORKTOWN,9,0,0.0,55.532894936614824,Rural,9,0,0.0,False,0.0,Rita,After
USC00419962,30.9597,-97.7183,YOUNGSPORT,9,0,0.0,15.792103953295737,Coastal,9,0,0.0,False,0.0,Rita,After
USW00003855,30.35,-87.3167,PENSACOLA FOREST SHERMAN NAS,9,0,0.0,5.653506532494384,Coastal,9,3,33.33,True,16.66,Rita,After
USW00003866,32.55,-88.5667,MERIDIAN NAAS,9,1,11.11,20.48880896199433,Coastal,8,4,50.0,True,30.56,Rita,After
USW00003881,32.8661,-87.2383,CENTREVILLE 6 SW,9,0,0.0,47.59601963730823,Coastal,9,3,33.33,True,16.66,Rita,After
USW00003901,32.3908,-94.7139,LONGVIEW E TX RGNL AP,9,0,0.0,5.2212718272852285,Coastal,9,2,22.22,True,11.11,Rita,After
USW00003902,31.0667,-97.8333,ROBERT GRAY AAF,9,9,100.0,9.32104073463442,Coastal,0,0,0.0,True,50.0,Rita,After
USW00003904,30.5911,-96.3631,COLLEGE STN EASTERWOOD FLD,9,0,0.0,1.978468508672472,Coastal,9,1,11.11,False,5.56,Rita,After
USW00003927,32.8975,-97.0219,DAL-FTW WSCMO AP,9,0,0.0,0.0,Coastal,9,0,0.0,False,0.0,Rita,After
USW00003931,31.05,-93.1833,FT POLK AAF,9,9,100.0,0.8922330372536692,Coastal,0,0,0.0,True,50.0,Rita,After
USW00003933,31.1333,-97.7167,FT HOOD,9,9,100.0,0.0,Coastal,0,0,0.0,True,50.0,Rita,After
USW00003937,30.1253,-93.2158,LAKE CHARLES,9,0,0.0,5.86873759219423,Coastal,9,3,33.33,True,16.66,Rita,After
USW00003940,32.3197,-90.0778,JACKSON INTL AP,9,0,0.0,0.0,Coastal,9,4,44.44,True,22.22,Rita,After
USW00003951,32.35,-94.65,LONGVIEW WSMO,9,0,0.0,11.204371992451518,Coastal,9,1,11.11,False,5.56,Rita,After
USW00003969,32.2153,-98.1775,STEPHENVILLE CLARK FLD,9,0,0.0,50.48724303215062,Rural,9,0,0.0,False,0.0,Rita,After
USW00003971,32.6781,-96.8678,DALLAS REDBIRD AP,9,0,0.0,0.0,Coastal,9,0,0.0,False,0.0,Rita,After
USW00003991,33.2089,-97.1992,DENTON MUNICPAL AP,9,0,0.0,3.8428150151452543,Coastal,9,0,0.0,False,0.0,Rita,After
USW00003996,32.3481,-91.03,TALLULAH VICKSBURG RGNL AP,9,0,0.0,11.392194907363818,Coastal,9,3,33.33,True,16.66,Rita,After
USW00003999,30.7406,-98.2353,BURNET MUNI AP,9,0,0.0,48.08603629179815,Coastal,9,0,0.0,False,0.0,Rita,After
USW00012884,29.3331,-89.4075,BOOTHVILLE ASOS,9,9,100.0,90.22734228942441,Rural,0,0,0.0,True,50.0,Rita,After
USW00012904,26.2303,-97.6556,HARLINGEN RIO GRANDE VLY INTL,9,0,0.0,2.0798213473658533,Coastal,9,1,11.11,False,5.56,Rita,After
USW00012911,29.5325,-98.2622,RANDOLPH AFB,9,9,100.0,4.639648825004089,Coastal,0,0,0.0,True,50.0,Rita,After
USW00012912,28.8625,-96.93,VICTORIA RGNL AP,9,0,0.0,4.429174886055022,Coastal,9,0,0.0,False,0.0,Rita,After
USW00012916,29.9975,-90.2778,NEW ORLEANS AP,9,0,0.0,0.0,Coastal,9,3,33.33,True,16.66,Rita,After
USW00012917,29.9519,-94.0261,PORT ARTHUR SE TX RGNL AP,9,0,0.0,2.0442776257944937,Coastal,9,2,22.22,True,11.11,Rita,After
USW00012918,29.6458,-95.2822,HOUSTON WILLIAM P HOBBY AP,9,0,0.0,0.0,Coastal,9,1,11.11,False,5.56,Rita,After
USW00012921,29.5442,-98.4839,SAN ANTONIO INTL AP,9,0,0.0,0.0,Coastal,9,0,0.0,False,0.0,Rita,After
USW00012923,29.2703,-94.8642,GALVESTON SCHOLES FLD,9,2,22.22,0.0,Coastal,7,0,0.0,False,11.11,Rita,After
USW00012924,27.7839,-97.5114,CORPUS CHRISTI,9,0,0.0,1.464913956862472,Coastal,9,0,0.0,False,0.0,Rita,After
USW00012926,27.6878,-97.2917,CORPUS CHRISTI NAS,9,0,0.0,0.0,Coastal,9,0,0.0,False,0.0,Rita,After
USW00012928,27.5089,-97.8042,KINGSVILLE NAAS,9,2,22.22,40.005854760309646,Coastal,7,0,0.0,False,11.11,Rita,After
USW00012930,29.9167,-90.1303,NEW ORLEANS AUDUBON,9,0,0.0,0.0,Coastal,9,4,44.44,True,22.22,Rita,After
USW00012932,27.7414,-98.025,ALICE INTL AP,9,0,0.0,44.18744808136537,Coastal,9,0,0.0,False,0.0,Rita,After
USW00012935,28.7247,-96.2536,PALACIOS MUNI AP,9,0,0.0,26.191580184690608,Coastal,9,0,0.0,False,0.0,Rita,After
USW00012944,29.3,-94.8,GALVESTON,9,9,100.0,0.0,Coastal,0,0,0.0,True,50.0,Rita,After
USW00012946,27.7,-97.4333,CORPUS CHRISTI CABANISS FLD,9,9,100.0,0.0,Coastal,0,0,0.0,True,50.0,Rita,After
USW00012957,26.1597,-97.3378,PORT ISABEL CAMERON CO AP,9,0,0.0,21.172217376701504,Coastal,9,1,11.11,False,5.56,Rita,After
USW00012958,29.8167,-90.0167,NEW ORLEANS ALVIN CALLENDER FL,9,9,100.0,0.0,Coastal,0,0,0.0,True,50.0,Rita,After
USW00012959,26.1792,-98.2444,MCALLEN MILLER INTL AP,9,0,0.0,0.0,Coastal,9,1,11.11,False,5.56,Rita,After
USW00012960,29.9844,-95.3608,HOUSTON INTERCONTINENTAL AP,9,0,0.0,0.0,Coastal,9,1,11.11,False,5.56,Rita,After
USW00012968,29.5589,-91.525,SALT PT,9,4,44.44,26.565377598443572,Coastal,5,2,40.0,True,42.22,Rita,After
USW00012970,29.3389,-98.4719,SAN ANTONIO STINSON MUNI AP,9,0,0.0,2.369115985101722,Coastal,9,0,0.0,False,0.0,Rita,After
USW00012971,29.7042,-98.0286,AUSTIN SAN ANTONIO,9,0,0.0,7.166689979913547,Coastal,9,0,0.0,False,0.0,Rita,After
USW00012972,28.0836,-97.0467,ROCKPORT ARANSAS CO AP,9,0,0.0,1.7098105249777147,Coastal,9,0,0.0,False,0.0,Rita,After
USW00012975,29.5192,-95.2422,HOUSTON CLOVER FLD,9,2,22.22,1.8572850443177737,Coastal,7,1,14.29,False,18.26,Rita,After
USW00012976,29.1153,-95.4633,ANGLETON LK JACKSON BRAZORIA C,9,0,0.0,1.5147548416833831,Coastal,9,2,22.22,True,11.11,Rita,After
USW00012977,29.6197,-95.6575,HOUSTON SUGARLAND MEM,9,0,0.0,0.0,Coastal,9,1,11.11,False,5.56,Rita,After
USW00012987,26.5258,-98.0633,EDINBURG 17 NNE,9,0,0.0,27.554802911328387,Coastal,9,3,33.33,True,16.66,Rita,After
USW00013833,31.2694,-89.2561,HATTIESBURG CHAIN MUNI AP,9,0,0.0,5.742393032848682,Coastal,9,3,33.33,True,16.66,Rita,After
USW00013838,30.6147,-88.0631,MOBILE DWTN AP,9,2,22.22,0.0,Coastal,7,2,28.57,True,25.4,Rita,After
USW00013865,32.3347,-88.7508,MERIDIAN KEY FLD,9,0,0.0,0.0,Coastal,9,5,55.56,True,27.78,Rita,After
USW00013894,30.6794,-88.24,MOBILE,9,0,0.0,1.3941782102411864,Coastal,9,4,44.44,True,22.22,Rita,After
USW00013899,30.4761,-87.1858,PENSACOLA RGNL AP,9,0,0.0,0.0,Coastal,9,3,33.33,True,16.66,Rita,After
USW00013904,30.1831,-97.68,AUSTIN BERGSTROM INTL AP,9,0,0.0,4.278921491456999,Coastal,9,0,0.0,False,0.0,Rita,After
USW00013911,32.7667,-97.45,FT WORTH NAS,9,0,0.0,0.0,Coastal,9,0,0.0,False,0.0,Rita,After
USW00013927,32.3375,-90.2214,JACKSON HAWKINS FLD,9,0,0.0,0.0,Coastal,9,2,22.22,True,11.11,Rita,After
USW00013935,31.3964,-92.2828,ALEXANDRIA ESLER FLD,9,0,0.0,12.31934416832791,Coastal,9,4,44.44,True,22.22,Rita,After
USW00013939,33.4939,-90.9806,GREENVILLE ASOS,9,0,0.0,7.638871684899601,Coastal,9,3,33.33,True,16.66,Rita,After
USW00013942,32.5156,-92.03,MONROE RGNL AP,9,0,0.0,1.2667339097621175,Coastal,9,4,44.44,True,22.22,Rita,After
USW00013957,32.4508,-93.8414,SHREVEPORT,9,0,0.0,0.0,Coastal,9,3,33.33,True,16.66,Rita,After
USW00013958,30.3208,-97.7603,AUSTIN-CAMP MABRY,9,0,0.0,0.0,Coastal,9,0,0.0,False,0.0,Rita,After
USW00013959,31.6181,-97.2283,WACO RGNL AP,9,0,0.0,2.278716292834736,Coastal,9,0,0.0,False,0.0,Rita,After
USW00013960,32.8383,-96.8358,DALLAS FAA AP,9,0,0.0,0.0,Coastal,9,0,0.0,False,0.0,Rita,After
USW00013961,32.8247,-97.3642,FT WORTH MEACHAM FLD,9,0,0.0,0.0,Coastal,9,0,0.0,False,0.0,Rita,After
USW00013970,30.5378,-91.1469,BATON ROUGE METRO AP,9,0,0.0,0.0,Coastal,9,3,33.33,True,16.66,Rita,After
USW00013972,32.3586,-95.4039,TYLER POUNDS FLD,9,0,0.0,2.6628271118799005,Coastal,9,4,44.44,True,22.22,Rita,After
USW00013976,30.1986,-91.9894,LAFAYETTE RGNL AP,9,0,0.0,0.0,Coastal,9,4,44.44,True,22.22,Rita,After
USW00013977,33.4561,-93.9878,TEXARKANA WEBB FLD,9,0,0.0,1.2809905568385695,Coastal,9,2,22.22,True,11.11,Rita,After
USW00013978,33.4961,-90.0894,GREENWOOD LEFLORE AP,9,0,0.0,8.260857983007817,Coastal,9,3,33.33,True,16.66,Rita,After
USW00053820,31.4192,-87.0483,EVERGREEN MIDDLETON FLD,9,0,0.0,61.23306644013579,Rural,9,5,55.56,True,27.78,Rita,After
USW00053858,30.4631,-88.5317,PASCAGOULA LOTT INTL AP,9,0,0.0,0.4266108937077224,Coastal,9,2,22.22,True,11.11,Rita,After
USW00053865,30.3436,-89.8225,SLIDELL AP,9,0,0.0,1.9436684988607484,Coastal,9,3,33.33,True,16.66,Rita,After
USW00053902,30.3611,-95.4175,CONROE MONTGOMERY CO AP,9,0,0.0,0.0,Coastal,9,2,22.22,True,11.11,Rita,After
USW00053903,30.7444,-95.5867,HUNTSVILLE MUNI AP,9,0,0.0,1.3783204798906665,Coastal,9,2,22.22,True,11.11,Rita,After
USW00053905,32.5397,-93.7461,SHREVEPORT DWTN AP,9,0,0.0,0.0,Coastal,9,3,33.33,True,16.66,Rita,After
USW00053907,32.6583,-97.095,ARLINGTON MUNI AP,9,0,0.0,0.0,Coastal,9,0,0.0,False,0.0,Rita,After
USW00053909,32.9944,-97.3203,FT WORTH ALLIANCE AP,9,0,0.0,10.569221901495908,Coastal,9,0,0.0,False,0.0,Rita,After
USW00053910,30.0681,-95.5564,HOUSTON HOOKS MEM AP,9,0,0.0,2.5454026829856344,Coastal,9,1,11.11,False,5.56,Rita,After
USW00053911,32.7131,-96.2689,TERRELL MUNI AP,9,0,0.0,32.11424731687446,Coastal,9,1,11.11,False,5.56,Rita,After
USW00053912,32.0317,-96.3994,CORSICANA CAMPBELL FLD,9,0,0.0,9.397987954549437,Coastal,9,1,11.11,False,5.56,Rita,After
USW00053914,33.1828,-96.59,MCKINNEY MUNI AP,9,0,0.0,3.1518676234487466,Coastal,9,0,0.0,False,0.0,Rita,After
USW00053915,30.0292,-91.8844,NEW IBERIA AP - ACADIANA RGNL,9,1,11.11,5.513326208079926,Coastal,8,2,25.0,True,18.06,Rita,After
USW00053917,30.0494,-90.0289,NEW ORLEANS LAKEFRONT AP,9,9,100.0,0.9313337538282457,Coastal,0,0,0.0,True,50.0,Rita,After
USW00053960,30.0917,-91.8731,LAFAYETTE 13 SE,9,0,0.0,9.632549510046632,Coastal,9,3,33.33,True,16.66,Rita,After
USW00053961,32.8833,-92.1164,MONROE 26 N,9,1,11.11,22.99639230624393,Coastal,8,3,37.5,True,24.3,Rita,After
USW00053968,31.7797,-95.7233,PALESTINE 6 WNW,9,0,0.0,6.207553203127912,Coastal,9,3,33.33,True,16.66,Rita,After
USW00053972,32.0836,-97.0972,HILLSBORO MUNI AP,9,9,100.0,49.20507362967711,Coastal,0,0,0.0,True,50.0,Rita,After
USW00063831,32.3378,-89.0703,NEWTON 5 ENE,9,0,0.0,33.79176534557865,Coastal,9,4,44.44,True,22.22,Rita,After
USW00063858,32.4567,-87.2422,SELMA 13 WNW,9,0,0.0,19.643939306924374,Coastal,9,4,44.44,True,22.22,Rita,After
USW00093806,33.2122,-87.6156,TUSCALOOSA AP ASOS,9,1,11.11,0.0,Coastal,8,2,25.0,True,18.06,Rita,After
USW00093841,30.7167,-87.0167,WHITING FLD NAS,9,1,11.11,8.84533067714396,Coastal,8,2,25.0,True,18.06,Rita,After
USW00093874,30.4122,-89.0808,GULFPORT - BILOXI AP,9,0,0.0,0.0,Coastal,9,2,22.22,True,11.11,Rita,After
USW00093904,32.8167,-97.35,FT WORTH MEACHAM FLD NAAF,9,9,100.0,0.0,Coastal,0,0,0.0,True,50.0,Rita,After
USW00093914,31.7831,-95.6039,PALESTINE 2 NE,9,0,0.0,0.0,Coastal,9,1,11.11,False,5.56,Rita,After
USW00093915,31.3347,-92.5586,ALEXANDRIA INTL AP,9,0,0.0,5.732598130338107,Coastal,9,4,44.44,True,22.22,Rita,After
USW00093919,31.1822,-90.4719,MCCOMB AP,9,0,0.0,7.115004839983318,Coastal,9,2,22.22,True,11.11,Rita,After
USW00093985,32.7817,-98.0603,MINERAL WELLS AP,9,0,0.0,6.231598686995831,Coastal,9,0,0.0,False,0.0,Rita,After
USW00093987,31.2358,-94.7547,LUFKIN ANGELINA CO AP,9,0,0.0,1.3262116311909542,Coastal,9,3,33.33,True,16.66,Rita,After
USW00093992,33.2208,-92.8142,EL DORADO GOODWIN FLD,9,0,0.0,12.765239748609956,Coastal,9,3,33.33,True,16.66,Rita,After
US1ALAT0013,32.6444,-86.4302,DEATSVILLE 3.4 NW,6,4,66.67,20.398821257931985,Coastal,2,0,0.0,True,33.34,Michael,Before
US1ALAT0014,32.4825,-86.4854,PRATTVILLE 2.7 WNW,6,4,66.67,1.5658151347160698,Coastal,2,0,0.0,True,33.34,Michael,Before
US1ALCF0004,31.3361,-85.8709,ENTERPRISE 1.5 WNW,6,0,0.0,0.0,Coastal,6,1,16.67,False,8.34,Michael,Before
US1ALCH0003,32.8341,-86.4768,CLANTON 8.6 E,6,6,100.0,45.13988527513468,Coastal,0,0,0.0,True,50.0,Michael,Before
US1ALCS0003,32.8217,-86.0534,ALEXANDER CITY 10.0 SW,6,3,50.0,16.79679102550977,Coastal,3,1,33.33,True,41.66,Michael,Before
US1ALCS0007,32.8021,-86.0054,ALEXANDER CITY 9.6 SSW,6,1,16.67,17.14903437188686,Coastal,5,0,0.0,False,8.34,Michael,Before
US1ALDL0011,31.3039,-85.7896,ENTERPRISE 3.8 ESE,6,5,83.33,4.3462478287679875,Coastal,1,0,0.0,True,41.66,Michael,Before
US1ALEL0004,32.5504,-86.3845,MILLBROOK 4.0 NNW,6,0,0.0,10.527755109389417,Coastal,6,0,0.0,False,0.0,Michael,Before
US1ALEL0007,32.4895,-86.1468,WETUMPKA 5.0 SE,6,6,100.0,7.242482229635248,Coastal,0,0,0.0,True,50.0,Michael,Before
US1ALEL0012,32.6267,-86.1276,WETUMPKA 7.2 NE,6,6,100.0,24.904781951340492,Coastal,0,0,0.0,True,50.0,Michael,Before
US1ALEL0018,32.6784,-86.1402,WETUMPKA 9.9 NNE,6,0,0.0,31.113403097998894,Coastal,6,0,0.0,False,0.0,Michael,Before
US1ALEL0022,32.5741,-86.2877,WETUMPKA 5.4 WNW,6,0,0.0,16.59388359669037,Coastal,6,0,0.0,False,0.0,Michael,Before
US1ALEL0024,32.5149,-86.3851,MILLBROOK 1.7 NW,6,0,0.0,6.521994066051264,Coastal,6,0,0.0,False,0.0,Michael,Before
US1ALEL0028,32.4984,-86.0922,WETUMPKA 7.1 ESE,6,6,100.0,11.590493002274467,Coastal,0,0,0.0,True,50.0,Michael,Before
US1ALGV0005,31.1172,-86.0501,SAMSON 0.4 NNW,6,6,100.0,33.012740936904216,Coastal,0,0,0.0,True,50.0,Michael,Before
US1ALHS0003,31.2423,-85.4364,DOTHAN 2.6 SW,6,6,100.0,0.0,Coastal,0,0,0.0,True,50.0,Michael,Before
US1ALHS0006,31.2261,-85.6143,CLAYHATCHEE 5.9 E,6,6,100.0,15.342245155407145,Coastal,0,0,0.0,True,50.0,Michael,Before
US1ALHS0012,31.2081,-85.4337,DOTHAN 2.6 SW,6,6,100.0,0.0,Coastal,0,0,0.0,True,50.0,Michael,Before
US1ALHS0013,31.095,-85.464,REHOBETH 2.1 SSW,6,0,0.0,14.421437458947073,Coastal,6,0,0.0,False,0.0,Michael,Before
US1ALLE0004,32.5949,-85.4711,AUBURN 0.6 ENE,6,6,100.0,0.14253390394991525,Coastal,0,0,0.0,True,50.0,Michael,Before
US1ALLE0007,32.5844,-85.593,AUBURN 6.6 W,6,0,0.0,6.346676577830529,Coastal,6,1,16.67,False,8.34,Michael,Before
US1ALLE0012,32.6327,-85.4605,AUBURN 3.0 NNE,6,6,100.0,0.0,Coastal,0,0,0.0,True,50.0,Michael,Before
US1ALLE0014,32.4836,-85.2195,SALEM 3.9 ENE,6,5,83.33,16.241387970634975,Coastal,1,1,100.0,True,91.66,Michael,Before
US1ALMC0003,32.4481,-85.8172,TUSKEGEE 6.2 W,6,0,0.0,35.71702422232795,Coastal,6,0,0.0,False,0.0,Michael,Before
US1ALMY0006,32.0323,-86.2056,RAMER 1.5 SE,6,0,0.0,35.98279036899654,Coastal,6,1,16.67,False,8.34,Michael,Before
US1ALMY0007,32.3772,-86.2575,MONTGOMERY 2.2 NE,6,4,66.67,0.0,Coastal,2,0,0.0,True,33.34,Michael,Before
US1ALMY0009,32.3788,-86.2159,MONTGOMERY 4.3 ENE,6,3,50.0,0.0,Coastal,3,2,66.67,True,58.34,Michael,Before
US1ALMY0011,32.1678,-86.2933,MONTGOMERY 12.9 S,6,0,0.0,17.928587952968257,Coastal,6,1,16.67,False,8.34,Michael,Before
US1ALRS0001,32.4948,-85.0295,PHENIX CITY 2.2 NNW,6,0,0.0,0.0,Coastal,6,0,0.0,False,0.0,Michael,Before
US1ALRS0003,32.2918,-85.1893,SEALE 1.4 W,6,0,0.0,22.80874700323903,Coastal,6,0,0.0,False,0.0,Michael,Before
US1ALTP0005,32.8476,-85.8561,JACKSONS GAP 3.4 SW,6,6,100.0,14.703566741937564,Coastal,0,0,0.0,True,50.0,Michael,Before
US1ALTP0007,32.9884,-85.9492,ALEXANDER CITY 3.1 NNE,6,1,16.67,3.1531350122544906,Coastal,5,0,0.0,False,8.34,Michael,Before
US1ALTP0016,32.915,-85.963,ALEXANDER CITY 1.9 WSW,6,6,100.0,1.7334611292106854,Coastal,0,0,0.0,True,50.0,Michael,Before
US1FLBY0007,30.2068,-85.8554,PANAMA CITY BEACH 0.3 SW,6,0,0.0,0.3782289772267067,Coastal,6,0,0.0,False,0.0,Michael,Before
US1FLBY0010,30.2535,-85.9369,PANAMA CITY BEACH 5.9 WNW,6,0,0.0,0.8669959084189758,Coastal,6,0,0.0,False,0.0,Michael,Before
US1FLBY0011,30.2018,-85.8345,PANAMA CITY BEACH 1.2 ESE,6,0,0.0,0.0,Coastal,6,0,0.0,False,0.0,Michael,Before
US1FLBY0013,30.2209,-85.6431,LYNN HAVEN 1.6 SSE,6,0,0.0,0.0,Coastal,6,0,0.0,False,0.0,Michael,Before
US1FLBY0014,30.1841,-85.7765,PANAMA CITY BEACH 4.9 ESE,6,5,83.33,0.0,Coastal,1,0,0.0,True,41.66,Michael,Before
US1FLBY0015,30.4328,-85.3992,FOUNTAIN 3.4 SSE,6,0,0.0,36.14148971666149,Coastal,6,1,16.67,False,8.34,Michael,Before
US1FLBY0016,30.1383,-85.5656,PANAMA CITY 6.9 ESE,6,0,0.0,1.7046136386171784,Coastal,6,0,0.0,False,0.0,Michael,Before
US1FLBY0027,30.4119,-85.5376,YOUNGSTOWN 6.7 WNW,6,6,100.0,24.110215255265917,Coastal,0,0,0.0,True,50.0,Michael,Before
US1FLDX0002,29.644,-83.0473,CROSS CITY 4.7 E,6,0,0.0,67.08871716483937,Rural,6,0,0.0,False,0.0,Michael,Before
US1FLFR0002,29.731,-85.007,APALACHICOLA 0.8 WNW,6,0,0.0,82.56545104140096,Rural,6,1,16.67,False,8.34,Michael,Before
US1FLFR0003,29.7627,-84.8866,EASTPOINT 1.4 NW,6,0,0.0,91.10794105633698,Rural,6,0,0.0,False,0.0,Michael,Before
US1FLFR0006,29.6589,-84.8809,ST. GEORGE ISLAND 2.2 ENE,6,0,0.0,99.29543956532981,Rural,6,0,0.0,False,0.0,Michael,Before
US1FLGD0001,30.5247,-84.6586,QUINCY 6.0 SW,6,3,50.0,30.222406018055114,Coastal,3,0,0.0,True,25.0,Michael,Before
US1FLGD0002,30.5823,-84.4671,HAVANA 4.2 SW,6,0,0.0,14.397035556700844,Coastal,6,2,33.33,True,16.66,Michael,Before
US1FLGD0003,30.5294,-84.6621,QUINCY 6.0 SW,6,3,50.0,30.6954075020324,Coastal,3,0,0.0,True,25.0,Michael,Before
US1FLGD0004,30.4816,-84.6188,QUINCY 7.5 SSW,6,0,0.0,25.558112061968597,Coastal,6,1,16.67,False,8.34,Michael,Before
US1FLGD0006,30.6873,-84.657,QUINCY 8.3 NNW,6,6,100.0,28.199398246106306,Coastal,0,0,0.0,True,50.0,Michael,Before
US1FLGD0007,30.5608,-84.4587,HAVANA 5.1 SSW,6,4,66.67,11.647702511919832,Coastal,2,0,0.0,True,33.34,Michael,Before
US1FLHM0004,30.5051,-83.0999,JENNINGS 6.7 S,6,5,83.33,25.425583245598833,Coastal,1,1,100.0,True,91.66,Michael,Before
US1FLJF0003,30.345,-83.9977,WACISSA 1.1 SW,6,0,0.0,26.05097652097453,Coastal,6,1,16.67,False,8.34,Michael,Before
US1FLJF0005,30.5242,-83.927,MONTICELLO 3.6 WSW,6,0,0.0,32.12839080710107,Coastal,6,1,16.67,False,8.34,Michael,Before
US1FLJF0007,30.2925,-83.8973,LAMONT 7.7 SW,6,0,0.0,39.044763801405644,Coastal,6,1,16.67,False,8.34,Michael,Before
US1FLJF0009,30.5577,-83.8016,MONTICELLO 4.3 ENE,6,0,0.0,39.45545213328516,Coastal,6,1,16.67,False,8.34,Michael,Before
US1FLJF0010,30.5255,-83.9162,MONTICELLO 2.9 WSW,6,0,0.0,33.31988803732091,Coastal,6,1,16.67,False,8.34,Michael,Before
US1FLJK0002,30.6872,-85.3929,ALFORD 0.6 SSE,6,0,0.0,63.10687450193718,Rural,6,0,0.0,False,0.0,Michael,Before
US1FLJK0003,30.7737,-85.1747,MARIANNA 3.9 E,6,0,0.0,59.303525276617115,Rural,6,0,0.0,False,0.0,Michael,Before
US1FLLB0001,30.33,-84.78,TELOGIA 2.5 SE,6,6,100.0,46.675929508478106,Coastal,0,0,0.0,True,50.0,Michael,Before
US1FLLB0003,30.3518,-84.8174,HOSFORD 2.7 SW,6,0,0.0,50.04970194905791,Rural,6,0,0.0,False,0.0,Michael,Before
US1FLLN0004,30.3938,-84.22,TALLAHASSEE 5.7 SE,6,0,0.0,4.099785534941522,Coastal,6,1,16.67,False,8.34,Michael,Before
US1FLLN0005,30.367,-84.133,TALLAHASSEE 10.8 SE,6,6,100.0,11.652097171492079,Coastal,0,0,0.0,True,50.0,Michael,Before
US1FLLN0010,30.4463,-84.2997,TALLAHASSEE 1.3 SW,6,0,0.0,0.0,Coastal,6,1,16.67,False,8.34,Michael,Before
US1FLLN0017,30.5195,-84.2788,TALLAHASSEE 4.3 N,6,2,33.33,0.3213869204228272,Coastal,4,1,25.0,True,29.16,Michael,Before
US1FLLN0018,30.4202,-84.5437,MIDWAY 6.9 SW,6,0,0.0,18.50061359197542,Coastal,6,0,0.0,False,0.0,Michael,Before
US1FLLN0023,30.4495,-84.2754,TALLAHASSEE 0.6 SE,6,6,100.0,0.0,Coastal,0,0,0.0,True,50.0,Michael,Before
US1FLLN0025,30.5082,-84.2835,TALLAHASSEE 3.5 N,6,0,0.0,0.0,Coastal,6,2,33.33,True,16.66,Michael,Before
US1FLLN0028,30.414,-84.2568,TALLAHASSEE 3.3 SSE,6,1,16.67,0.999015956495545,Coastal,5,1,20.0,True,18.34,Michael,Before
US1FLLN0029,30.4935,-84.3107,TALLAHASSEE 3.1 NW,6,5,83.33,0.0,Coastal,1,0,0.0,True,41.66,Michael,Before
US1FLLN0031,30.6033,-84.1126,TALLAHASSEE 14.2 NE,6,0,0.0,13.312978069536362,Coastal,6,1,16.67,False,8.34,Michael,Before
US1FLLN0034,30.595,-84.2679,TALLAHASSEE 9.6 N,6,3,50.0,5.9082647543984415,Coastal,3,0,0.0,True,25.0,Michael,Before
US1FLLN0037,30.4654,-84.3415,TALLAHASSEE 3.6 W,6,4,66.67,0.0,Coastal,2,1,50.0,True,58.34,Michael,Before
US1FLLN0041,30.6116,-84.2568,TALLAHASSEE 10.8 N,6,0,0.0,7.162879391867956,Coastal,6,1,16.67,False,8.34,Michael,Before
US1FLLN0043,30.5175,-84.284,TALLAHASSEE 4.2 N,6,6,100.0,0.48489748074298217,Coastal,0,0,0.0,True,50.0,Michael,Before
US1FLLN0045,30.5486,-84.1463,TALLAHASSEE 10.2 NE,6,0,0.0,7.75518561177794,Coastal,6,2,33.33,True,16.66,Michael,Before
US1FLLN0047,30.4425,-84.1949,TALLAHASSEE 5.2 E,6,0,0.0,1.725372409954676,Coastal,6,1,16.67,False,8.34,Michael,Before
US1FLLN0051,30.5077,-84.2198,TALLAHASSEE 5.1 NE,6,2,33.33,0.25437466474639475,Coastal,4,1,25.0,True,29.16,Michael,Before
US1FLLN0055,30.4779,-84.1928,TALLAHASSEE 5.5 ENE,6,0,0.0,2.638328734724281,Coastal,6,0,0.0,False,0.0,Michael,Before
US1FLLN0059,30.4129,-84.1335,TALLAHASSEE 9.3 ESE,6,5,83.33,8.895682420648257,Coastal,1,0,0.0,True,41.66,Michael,Before
US1FLLN0060,30.4573,-84.1773,TALLAHASSEE 6.2 E,6,0,0.0,3.820045443880109,Coastal,6,1,16.67,False,8.34,Michael,Before
US1FLLN0062,30.547,-84.195,TALLAHASSEE 8.1 NE,6,6,100.0,2.3398064167042474,Coastal,0,0,0.0,True,50.0,Michael,Before
US1FLLN0063,30.4379,-84.2041,TALLAHASSEE 4.8 ESE,6,0,0.0,0.749318812762712,Coastal,6,1,16.67,False,8.34,Michael,Before
US1FLLN0064,30.5603,-84.2729,TALLAHASSEE 7.2 N,6,2,33.33,3.875703170163087,Coastal,4,0,0.0,True,16.66,Michael,Before
US1FLLN0065,30.4755,-84.1079,TALLAHASSEE 10.4 E,6,0,0.0,11.853416817136138,Coastal,6,1,16.67,False,8.34,Michael,Before
US1FLLN0066,30.3101,-84.2406,TALLAHASSEE 10.4 SSE,6,0,0.0,12.849666738589965,Coastal,6,1,16.67,False,8.34,Michael,Before
US1FLLN0068,30.3775,-84.1463,TALLAHASSEE 9.7 SE,6,5,83.33,9.645926592656835,Coastal,1,0,0.0,True,41.66,Michael,Before
US1FLMS0002,30.5843,-83.3775,MADISON 8.3 NNE,6,6,100.0,20.205930608532032,Coastal,0,0,0.0,True,50.0,Michael,Before
US1FLMS0003,30.4727,-83.3954,MADISON 1.2 ENE,6,6,100.0,32.15085639487817,Coastal,0,0,0.0,True,50.0,Michael,Before
US1FLOK0001,30.4939,-86.4398,NICEVILLE 3.6 SE,6,0,0.0,2.410118610242735,Coastal,6,1,16.67,False,8.34,Michael,Before
US1FLOK0002,30.5244,-86.4924,EGLIN AFB 5.6 NE,6,0,0.0,0.0,Coastal,6,0,0.0,False,0.0,Michael,Before
US1FLOK0003,30.5049,-86.4592,NICEVILLE 2.3 SE,6,3,50.0,0.0,Coastal,3,0,0.0,True,25.0,Michael,Before
US1FLOK0015,30.4784,-86.4372,NICEVILLE 4.5 SE,6,0,0.0,3.8268707009502467,Coastal,6,0,0.0,False,0.0,Michael,Before
US1FLOK0020,30.5123,-86.4305,NICEVILLE 3.4 ESE,6,0,0.0,2.9009141530960503,Coastal,6,0,0.0,False,0.0,Michael,Before
US1FLOK0028,30.4023,-86.4954,DESTIN 1.5 WNW,6,6,100.0,8.469935884627146,Coastal,0,0,0.0,True,50.0,Michael,Before
US1FLOK0033,30.4025,-86.4906,DESTIN 1.2 NW,6,0,0.0,8.595751286907522,Coastal,6,0,0.0,False,0.0,Michael,Before
US1FLOK0037,30.51,-86.4582,NICEVILLE 2.1 SE,6,0,0.0,0.0,Coastal,6,0,0.0,False,0.0,Michael,Before
US1FLSW0002,30.3932,-83.0857,LIVE OAK 9.1 NW,6,6,100.0,39.144344339786706,Coastal,0,0,0.0,True,50.0,Michael,Before
US1FLSW0008,30.3067,-83.1533,LIVE OAK 10.0 W,6,0,0.0,48.040733453897694,Coastal,6,0,0.0,False,0.0,Michael,Before
US1FLTY0004,30.0803,-83.5864,PERRY 2.0 S,6,1,16.67,82.68523659929136,Rural,5,0,0.0,False,8.34,Michael,Before
US1FLWK0001,30.1834,-84.3602,ST. MARKS 9.2 W,6,6,100.0,29.217118553261535,Coastal,0,0,0.0,True,50.0,Michael,Before
US1FLWK0007,30.0795,-84.3262,CRAWFORDVILLE 7.3 SSE,6,6,100.0,41.855172419644134,Coastal,0,0,0.0,True,50.0,Michael,Before
US1FLWK0009,30.1413,-84.3209,CRAWFORDVILLE 4.7 SE,6,0,0.0,33.88071766876002,Coastal,6,1,16.67,False,8.34,Michael,Before
US1FLWK0010,30.1798,-84.3678,CRAWFORDVILLE 1.0 S,6,0,0.0,29.87470423489149,Coastal,6,0,0.0,False,0.0,Michael,Before
US1FLWS0001,30.5678,-85.873,VERNON 10.6 WSW,6,0,0.0,39.793481187720865,Coastal,6,1,16.67,False,8.34,Michael,Before
US1FLWS0003,30.5858,-85.5776,SUNNY HILLS 3.3 N,6,3,50.0,43.819387737719104,Coastal,3,0,0.0,True,25.0,Michael,Before
US1FLWT0001,30.4455,-86.1596,FREEPORT 4.0 SSW,6,6,100.0,33.94959656998842,Coastal,0,0,0.0,True,50.0,Michael,Before
US1FLWT0002,30.4519,-86.1409,FREEPORT 3.4 S,6,6,100.0,35.03444989602142,Coastal,0,0,0.0,True,50.0,Michael,Before
US1FLWT0003,30.3463,-86.2048,MIRAMAR BEACH 9.5 ESE,6,0,0.0,32.680801168300505,Coastal,6,0,0.0,False,0.0,Michael,Before
US1FLWT0005,30.8445,-86.2757,DE FUNIAK SPRINGS 12.5 NW,6,0,0.0,33.24845237795501,Coastal,6,1,16.67,False,8.34,Michael,Before
US1FLWT0006,30.762,-86.157,DEFUNIAK SPRINGS 3.6 NW,6,0,0.0,43.28955796960243,Coastal,6,0,0.0,False,0.0,Michael,Before
US1FLWT0012,30.7617,-86.1228,DE FUNIAK SPRINGS 2.9 N,6,5,83.33,46.36643460817016,Coastal,1,1,100.0,True,91.66,Michael,Before
US1FLWT0013,30.779,-86.1796,DE FUNIAK SPRINGS 5.3 NW,6,0,0.0,42.44362099051793,Coastal,6,1,16.67,False,8.34,Michael,Before
US1FLWT0014,30.276,-85.9965,INLET BEACH 0.7 E,6,0,0.0,7.836407570387565,Coastal,6,0,0.0,False,0.0,Michael,Before
US1FLWT0017,30.6689,-86.3444,NICEVILLE 12.7 NE,6,6,100.0,19.58929243552815,Coastal,0,0,0.0,True,50.0,Michael,Before
US1FLWT0027,30.7524,-86.2435,DEFUNIAK SPRINGS 7.5 WNW,6,6,100.0,35.17591684123411,Coastal,0,0,0.0,True,50.0,Michael,Before
US1GABB0006,32.8931,-83.7303,MACON 5.8 NW,6,5,83.33,0.0,Coastal,1,0,0.0,True,41.66,Michael,Before
US1GABB0016,32.8383,-83.5482,MACON 6.3 E,6,0,0.0,0.8944754729741522,Coastal,6,0,0.0,False,0.0,Michael,Before
US1GABB0019,32.8671,-83.6343,MACON 2.5 NNE,6,2,33.33,0.0,Coastal,4,0,0.0,True,16.66,Michael,Before
US1GABD0001,32.9972,-83.1998,MILLEDGEVILLE 6.5 SSE,6,0,0.0,8.03278840846314,Coastal,6,1,16.67,False,8.34,Michael,Before
US1GABH0002,31.7682,-83.264,FITZGERALD 4.3 N,6,1,16.67,44.409985249069685,Coastal,5,0,0.0,False,8.34,Michael,Before
US1GABL0001,32.363,-83.33,COCHRAN 9.0 NNW,6,0,0.0,41.255319080553136,Coastal,6,0,0.0,False,0.0,Michael,Before
US1GABL0003,32.435,-83.2225,CHESTER 4.9 NW,6,6,100.0,31.407961622851197,Coastal,0,0,0.0,True,50.0,Michael,Before
US1GACQ0001,31.1017,-83.6189,MOULTRIE 10.0 ESE,6,0,0.0,17.050584913288276,Coastal,6,2,33.33,True,16.66,Michael,Before
US1GACQ0002,31.116,-83.8577,MOULTRIE 6.2 SW,6,0,0.0,8.974988747172675,Coastal,6,1,16.67,False,8.34,Michael,Before
US1GACQ0009,31.1619,-83.655,MOULTRIE 6.8 E,6,2,33.33,11.283641837420765,Coastal,4,1,25.0,True,29.16,Michael,Before
US1GACR0002,32.6981,-83.8652,FORT VALLEY 10.0 N,6,5,83.33,19.52772150626607,Coastal,1,0,0.0,True,41.66,Michael,Before
US1GACY0002,31.731,-84.9654,FORT GAINES 13.0 ENE,6,0,0.0,27.304397399948858,Coastal,6,1,16.67,False,8.34,Michael,Before
US1GADC0003,30.8909,-84.5428,BAINBRIDGE 2.3 ESE,6,2,33.33,0.37382496612481453,Coastal,4,1,25.0,True,29.16,Michael,Before
US1GADG0004,32.0791,-83.0949,CHAUNCEY 2.6 SW,6,0,0.0,61.7520585554081,Rural,6,1,16.67,False,8.34,Michael,Before
US1GADG0005,32.2058,-83.1456,EASTMAN 2.1 ENE,6,0,0.0,47.952939006862756,Coastal,6,0,0.0,False,0.0,Michael,Before
US1GADG0007,32.2849,-83.2379,EASTMAN 7.0 NNW,6,6,100.0,44.84661478515571,Coastal,0,0,0.0,True,50.0,Michael,Before
US1GADH0001,31.618,-84.1352,ALBANY 3.7 NE,6,0,0.0,0.0,Coastal,6,1,16.67,False,8.34,Michael,Before
US1GADH0008,31.5705,-84.2736,ALBANY 5.8 W,6,6,100.0,4.065553914974427,Coastal,0,0,0.0,True,50.0,Michael,Before
US1GAGY0002,31.0074,-84.2467,CAIRO 9.2 NNW,6,0,0.0,32.888549437867596,Coastal,6,1,16.67,False,8.34,Michael,Before
US1GAGY0003,30.8598,-84.1474,CAIRO 3.7 ESE,6,0,0.0,15.240388277485215,Coastal,6,1,16.67,False,8.34,Michael,Before
US1GAHR0002,32.8375,-84.8157,PINE MOUNTAIN 2.8 SE,6,3,50.0,32.30264588603343,Coastal,3,0,0.0,True,25.0,Michael,Before
US1GAHR0005,32.6217,-84.9232,CATAULA 3.9 SW,6,3,50.0,3.7596905241938745,Coastal,3,0,0.0,True,25.0,Michael,Before
US1GAHS0003,32.6119,-83.6359,WARNER ROBINS 0.3 W,6,0,0.0,0.0,Coastal,6,0,0.0,False,0.0,Michael,Before
US1GAHS0005,32.5448,-83.6481,BONAIRE 3.0 W,6,2,33.33,4.8555148990169705,Coastal,4,1,25.0,True,29.16,Michael,Before
US1GAHS0011,32.364,-83.5958,HAWKINSVILLE 9.1 NW,6,0,0.0,18.243379596810417,Coastal,6,1,16.67,False,8.34,Michael,Before
US1GAHS0012,32.4727,-83.7288,PERRY 0.8 NE,6,6,100.0,0.0,Coastal,0,0,0.0,True,50.0,Michael,Before
US1GAHS0014,32.5751,-83.6951,WARNER ROBINS 4.5 SW,6,6,100.0,3.49596500547952,Coastal,0,0,0.0,True,50.0,Michael,Before
US1GAHS0015,32.4441,-83.6915,PERRY 3.0 ESE,6,5,83.33,3.534008824447937,Coastal,1,0,0.0,True,41.66,Michael,Before
US1GAHS0016,32.5256,-83.6312,KATHLEEN 2.5 NW,6,0,0.0,7.394727624430574,Coastal,6,1,16.67,False,8.34,Michael,Before
US1GAHS0017,32.4453,-83.674,PERRY 4.0 ESE,6,0,0.0,5.09207931820623,Coastal,6,0,0.0,False,0.0,Michael,Before
US1GAJN0006,32.8766,-83.5492,MACON 6.8 ENE,6,0,0.0,1.7154778616485127,Coastal,6,0,0.0,False,0.0,Michael,Before
US1GALE0002,31.6294,-84.2253,ALBANY 4.6 NW,6,4,66.67,0.0,Coastal,2,0,0.0,True,33.34,Michael,Before
US1GALW0004,30.683,-83.236,LAKE PARK 2.8 W,6,0,0.0,0.0,Coastal,6,2,33.33,True,16.66,Michael,Before
US1GALW0007,30.8302,-83.3553,VALDOSTA 4.8 WSW,6,0,0.0,2.281080678048943,Coastal,6,3,50.0,True,25.0,Michael,Before
US1GALW0008,30.8859,-83.2979,VALDOSTA 2.8 NNW,6,3,50.0,0.0,Coastal,3,0,0.0,True,25.0,Michael,Before
US1GALW0010,30.877,-83.2823,VALDOSTA 1.9 N,6,6,100.0,0.0,Coastal,0,0,0.0,True,50.0,Michael,Before
US1GALW0012,30.8251,-83.2659,VALDOSTA 1.8 SSE,6,6,100.0,0.0,Coastal,0,0,0.0,True,50.0,Michael,Before
US1GALW0013,30.8456,-83.2779,VALDOSTA 0.3 S,6,2,33.33,0.0,Coastal,4,0,0.0,True,16.66,Michael,Before
US1GALW0014,30.8869,-83.2588,VALDOSTA 2.8 NNE,6,2,33.33,0.5610122234798105,Coastal,4,0,0.0,True,16.66,Michael,Before
US1GALW0015,30.8446,-83.3179,VALDOSTA 2.4 W,6,2,33.33,0.0,Coastal,4,0,0.0,True,16.66,Michael,Before
US1GALW0016,30.9048,-83.3015,VALDOSTA 4.1 NNW,6,2,33.33,0.0,Coastal,4,1,25.0,True,29.16,Michael,Before
US1GALW0017,30.8043,-83.2771,VALDOSTA 3.1 S,6,2,33.33,0.7484141094952362,Coastal,4,1,25.0,True,29.16,Michael,Before
US1GALW0018,30.9145,-83.2522,VALDOSTA 4.8 NNE,6,2,33.33,3.5464588427768247,Coastal,4,1,25.0,True,29.16,Michael,Before
US1GALW0019,30.8474,-83.3292,VALDOSTA 3.0 W,6,2,33.33,0.0,Coastal,4,0,0.0,True,16.66,Michael,Before
US1GAMN0002,32.9437,-83.8469,MACON 13.3 NW,6,6,100.0,11.374376361494175,Coastal,0,0,0.0,True,50.0,Michael,Before
US1GAMN0010,32.9143,-83.9416,FORSYTH 8.3 S,6,0,0.0,20.37113455141297,Coastal,6,0,0.0,False,0.0,Michael,Before
US1GAMN0015,32.9218,-83.8207,MACON 11.2 WNW,6,2,33.33,7.54133881459599,Coastal,4,1,25.0,True,29.16,Michael,Before
US1GAMS0004,32.5312,-84.9386,COLUMBUS 5.6 NNE,6,2,33.33,0.0,Coastal,4,0,0.0,True,16.66,Michael,Before
US1GAMT0002,31.1222,-84.335,PELHAM 10.8 W,6,6,100.0,34.934189708462256,Coastal,0,0,0.0,True,50.0,Michael,Before
US1GAMT0005,31.2855,-84.1239,CAMILLA 6.4 NE,6,0,0.0,32.72678631260563,Coastal,6,1,16.67,False,8.34,Michael,Before
US1GAMT0007,31.2101,-84.2201,CAMILLA 1.5 SSW,6,6,100.0,43.46845310260211,Coastal,0,0,0.0,True,50.0,Michael,Before
US1GAMT0013,31.2101,-84.2198,CAMILLA 1.5 SSW,6,6,100.0,43.46205757356663,Coastal,0,0,0.0,True,50.0,Michael,Before
US1GAPE0001,32.5514,-83.8771,FORT VALLEY 0.7 ESE,6,0,0.0,13.718236820560715,Coastal,6,0,0.0,False,0.0,Michael,Before
US1GAPE0003,32.6086,-83.756,BYRON 3.0 S,6,0,0.0,5.4118961192714234,Coastal,6,0,0.0,False,0.0,Michael,Before
US1GASM0002,30.7844,-84.867,DONALSONVILLE 17.7 S,6,0,0.0,33.0855559671982,Coastal,6,1,16.67,False,8.34,Michael,Before
US1GASR0005,31.9827,-84.2974,AMERICUS 7.4 SW,6,0,0.0,11.821200096018169,Coastal,6,0,0.0,False,0.0,Michael,Before
US1GASY0003,32.2544,-84.2347,ELLAVILLE 4.5 ENE,6,0,0.0,18.33968813158206,Coastal,6,0,0.0,False,0.0,Michael,Before
US1GATF0003,31.4744,-83.4893,TIFTON 1.4 ENE,6,6,100.0,0.0,Coastal,0,0,0.0,True,50.0,Michael,Before
US1GATF0006,31.4615,-83.4178,TIFTON 5.5 E,6,0,0.0,7.276935489991493,Coastal,6,0,0.0,False,0.0,Michael,Before
US1GATF0007,31.4771,-83.4791,TIFTON 2.0 ENE,6,6,100.0,0.2918550299382524,Coastal,0,0,0.0,True,50.0,Michael,Before
US1GATG0001,32.6016,-83.3032,DANVILLE 3.3 W,6,0,0.0,29.293530613442847,Coastal,6,1,16.67,False,8.34,Michael,Before
US1GATH0002,30.8376,-83.9313,THOMASVILLE 2.8 E,6,6,100.0,2.6954434626202715,Coastal,0,0,0.0,True,50.0,Michael,Before
US1GATH0004,30.8176,-83.8965,THOMASVILLE 5.1 ESE,6,0,0.0,7.349864318600506,Coastal,6,2,33.33,True,16.66,Michael,Before
US1GATH0005,30.8403,-83.8033,BOSTON 3.4 NNW,6,6,100.0,16.28662611253074,Coastal,0,0,0.0,True,50.0,Michael,Before
US1GATH0008,30.8639,-83.8912,THOMASVILLE 5.5 ENE,6,1,16.67,6.080169136162911,Coastal,5,1,20.0,True,18.34,Michael,Before
US1GATL0001,31.7179,-84.3506,SASSER 0.2 WSW,6,0,0.0,15.042994986395621,Coastal,6,1,16.67,False,8.34,Michael,Before
US1GATP0001,32.9735,-84.8698,LA GRANGE 10.6 ESE,6,0,0.0,14.448862801372501,Coastal,6,1,16.67,False,8.34,Michael,Before
US1GATP0002,32.9542,-84.9976,LA GRANGE 6.4 SSE,6,0,0.0,8.941422875292512,Coastal,6,1,16.67,False,8.34,Michael,Before
US1GATR0001,31.6727,-83.6299,SYCAMORE 0.4 ENE,6,4,66.67,26.33414941973451,Coastal,2,1,50.0,True,58.34,Michael,Before
US1GATY0001,32.6618,-84.3091,BUTLER 8.3 NNW,6,0,0.0,30.954843230188377,Coastal,6,2,33.33,True,16.66,Michael,Before
US1GATY0002,32.4583,-84.2237,BUTLER 6.9 S,6,0,0.0,45.23585070248202,Coastal,6,0,0.0,False,0.0,Michael,Before
US1GAUP0001,32.9774,-84.2391,THE ROCK 1.0 N,6,0,0.0,10.848281737959455,Coastal,6,1,16.67,False,8.34,Michael,Before
US1GAWT0003,31.4859,-83.9145,SYLVESTER 5.5 WSW,6,3,50.0,20.878077296752377,Coastal,3,0,0.0,True,25.0,Michael,Before
USC00010160,32.935,-85.9556,ALEXANDER CITY,6,0,0.0,0.0,Coastal,6,0,0.0,False,0.0,Michael,Before
USC00010425,32.5992,-85.4653,AUBURN NO.2,6,0,0.0,0.27496031474060934,Coastal,6,1,16.67,False,8.34,Michael,Before
USC00011178,31.7056,-85.8369,BRUNDIDGE,6,6,100.0,15.83846725852331,Coastal,0,0,0.0,True,50.0,Michael,Before
USC00011725,31.8708,-85.45,CLAYTON,6,6,100.0,30.382963548209275,Coastal,0,0,0.0,True,50.0,Michael,Before
USC00012124,32.8603,-85.7475,DADEVILLE 2,6,4,66.67,23.385263717901182,Coastal,2,0,0.0,True,33.34,Michael,Before
USC00012377,31.1942,-85.3708,DOTHAN,6,2,33.33,0.6694440933588206,Coastal,4,0,0.0,True,16.66,Michael,Before
USC00012675,31.2969,-85.89,ENTERPRISE 4 W,6,2,33.33,3.6501083184100875,Coastal,4,1,25.0,True,29.16,Michael,Before
USC00012730,32.0111,-85.09,EUFAULA WILDLIFE REF,6,0,0.0,14.354754689807352,Coastal,6,0,0.0,False,0.0,Michael,Before
USC00013251,31.0383,-85.8708,GENEVA #2,6,0,0.0,34.80850372471026,Coastal,6,1,16.67,False,8.34,Michael,Before
USC00013761,31.3831,-85.3678,HEADLAND,6,3,50.0,14.78949817982239,Coastal,3,0,0.0,True,25.0,Michael,Before
USC00013818,31.9478,-86.3131,HIGHLAND HOME #2,6,2,33.33,41.25251603760068,Coastal,4,2,50.0,True,41.66,Michael,Before
USC00013931,32.2306,-86.3472,HOPE HULL 3S,6,5,83.33,9.652982784312766,Coastal,1,0,0.0,True,41.66,Michael,Before
USC00014080,32.2464,-85.4139,HURTSBORO,6,0,0.0,46.229456002105806,Coastal,6,0,0.0,False,0.0,Michael,Before
USC00014502,32.9069,-85.4336,LAFAYETTE 2W,6,0,0.0,24.259596823186897,Coastal,6,1,16.67,False,8.34,Michael,Before
USC00015172,32.2603,-86.0003,MATHEWS,6,0,0.0,22.33680918981503,Coastal,6,0,0.0,False,0.0,Michael,Before
USC00015397,32.0347,-85.4739,MIDWAY,6,6,100.0,36.444603394889704,Coastal,0,0,0.0,True,50.0,Michael,Before
USC00015553,32.26,-86.2181,MONTGOMERY 6SW,6,0,0.0,6.500097893969461,Coastal,6,1,16.67,False,8.34,Michael,Before
USC00016129,32.6592,-85.4497,OPELIKA,6,0,0.0,0.0,Coastal,6,3,50.0,True,25.0,Michael,Before
USC00017020,32.8711,-86.1758,ROCKFORD 3 ESE,6,0,0.0,22.030744169938277,Coastal,6,1,16.67,False,8.34,Michael,Before
USC00017326,32.4122,-85.1794,SEALE,6,6,100.0,15.845904145761102,Coastal,0,0,0.0,True,50.0,Michael,Before
USC00018038,32.4392,-86.2022,TALLAPOOSA WTR PLT,6,0,0.0,0.0,Coastal,6,2,33.33,True,16.66,Michael,Before
USC00018323,31.8075,-85.9722,TROY,6,0,0.0,0.0,Coastal,6,3,50.0,True,25.0,Michael,Before
USC00018653,32.7036,-85.8939,WALNUT HILL 3 W,6,0,0.0,30.40151886171537,Coastal,6,2,33.33,True,16.66,Michael,Before
USC00018859,32.5936,-86.1664,WETUMPKA,6,6,100.0,19.54304216934975,Coastal,0,0,0.0,True,50.0,Michael,Before
USC00080211,29.7258,-85.0206,APALACHICOLA AP,6,6,100.0,81.8294975840265,Rural,0,0,0.0,True,50.0,Michael,Before
USC00081544,30.7806,-85.5503,CHIPLEY,6,0,0.0,56.143668641049814,Rural,6,2,33.33,True,16.66,Michael,Before
USC00082008,29.6333,-83.1053,CROSS CITY 1 E,6,0,0.0,73.61451447340328,Rural,6,2,33.33,True,16.66,Michael,Before
USC00082391,30.2497,-83.2594,DOWLING PARK 1 W,6,5,83.33,55.10436281969221,Rural,1,0,0.0,True,41.66,Michael,Before
USC00085275,30.4653,-83.4022,MADISON,6,6,100.0,33.367298187662165,Coastal,0,0,0.0,True,50.0,Michael,Before
USC00085377,30.7342,-85.0306,MARIANNA 7 NE,6,3,50.0,52.19125416105283,Rural,3,0,0.0,True,25.0,Michael,Before
USC00085539,30.06,-83.1719,MAYO,6,0,0.0,54.32438116415891,Rural,6,1,16.67,False,8.34,Michael,Before
USC00085879,30.4922,-83.7833,MONTICELLO 5 SE,6,6,100.0,47.85303151558564,Coastal,0,0,0.0,True,50.0,Michael,Before
USC00085880,30.4406,-83.9858,MONTICELLO 10 SW,6,0,0.0,24.974668633839308,Coastal,6,2,33.33,True,16.66,Michael,Before
USC00086129,30.9539,-85.8831,NEW HOPE,6,6,100.0,45.85405540805618,Coastal,0,0,0.0,True,50.0,Michael,Before
USC00086240,30.5317,-86.4928,NICEVILLE,6,0,0.0,0.0,Coastal,6,0,0.0,False,0.0,Michael,Before
USC00086842,30.2492,-85.6606,PANAMA CITY 5N,6,0,0.0,0.05519810332201089,Coastal,6,0,0.0,False,0.0,Michael,Before
USC00087025,30.0925,-83.5708,PERRY,6,0,0.0,83.33164571873023,Rural,6,0,0.0,False,0.0,Michael,Before
USC00087429,30.545,-84.5986,QUINCY 3 SSW,6,2,33.33,24.213265332262495,Coastal,4,1,25.0,True,29.16,Michael,Before
USC00087869,30.1922,-84.2117,ST MARKS NWR,6,6,100.0,28.323967206460935,Coastal,0,0,0.0,True,50.0,Michael,Before
USC00088756,30.3964,-84.3558,TALLAHASSEE AP,6,0,0.0,2.1408376343087054,Coastal,6,1,16.67,False,8.34,Michael,Before
USC00089566,30.1122,-85.1958,WEWAHITCHKA,6,2,33.33,43.00056897151153,Coastal,4,0,0.0,True,16.66,Michael,Before
USC00089795,30.7219,-84.8742,WOODRUFF DAM,6,6,100.0,38.483488906993806,Coastal,0,0,0.0,True,50.0,Michael,Before
USC00090140,31.5339,-84.1489,ALBANY 3 SE,6,0,0.0,0.5937799053917651,Coastal,6,0,0.0,False,0.0,Michael,Before
USC00090253,32.0306,-84.2461,AMERICUS,6,0,0.0,3.448751633622235,Coastal,6,0,0.0,False,0.0,Michael,Before
USC00091372,32.3178,-84.5203,BUENA VISTA,6,4,66.67,39.79729095831461,Coastal,2,0,0.0,True,33.34,Michael,Before
USC00091463,30.8697,-84.2175,CAIRO 1SW,6,0,0.0,23.147435287623615,Coastal,6,1,16.67,False,8.34,Michael,Before
USC00091500,31.2058,-84.1722,CAMILLA 3SE,6,0,0.0,40.13653213199639,Coastal,6,1,16.67,False,8.34,Michael,Before
USC00092159,32.5181,-84.9378,COLUMBUS #2,6,2,33.33,0.0,Coastal,4,1,25.0,True,29.16,Michael,Before
USC00092266,31.985,-83.7747,CORDELE,6,0,0.0,0.0,Coastal,6,2,33.33,True,16.66,Michael,Before
USC00092361,31.8453,-83.9408,CRISP CO PWR DAM,6,0,0.0,21.790406710777074,Coastal,6,0,0.0,False,0.0,Michael,Before
USC00092450,31.7672,-84.7931,CUTHBERT,6,1,16.67,41.129724324670924,Coastal,5,0,0.0,False,8.34,Michael,Before
USC00092593,30.9772,-84.6367,DECATUR CO FIRE & RESCUE,6,6,100.0,7.063650543016759,Coastal,0,0,0.0,True,50.0,Michael,Before
USC00092738,31.0292,-84.8911,DONALSONVILLE,6,0,0.0,34.43161353571444,Coastal,6,0,0.0,False,0.0,Michael,Before
USC00092966,32.2003,-83.2058,EASTMAN 1 W,6,0,0.0,51.707074870477285,Rural,6,0,0.0,False,0.0,Michael,Before
USC00093658,31.8967,-85.0375,GEORGETOWN 4 E,6,0,0.0,10.76856199794947,Coastal,6,1,16.67,False,8.34,Michael,Before
USC00094170,32.2964,-83.4883,HAWKINSVILLE,6,0,0.0,33.16041059507857,Coastal,6,1,16.67,False,8.34,Michael,Before
USC00095061,31.7633,-84.1869,LEESBURG 2,6,0,0.0,13.373533149453024,Coastal,6,0,0.0,False,0.0,Michael,Before
USC00095979,32.3175,-84.065,MONTEZUMA 2 NW,6,0,0.0,32.7838542229577,Coastal,6,0,0.0,False,0.0,Michael,Before
USC00096087,31.1728,-83.7481,MOULTRIE 2 ESE,6,0,0.0,1.0630170696612453,Coastal,6,1,16.67,False,8.34,Michael,Before
USC00096148,32.6089,-85.0756,MULBERRY GROVE,6,2,33.33,9.71201723314288,Coastal,4,0,0.0,True,16.66,Michael,Before
USC00097087,32.0467,-84.3711,PLAINS SW GA EXP STN,6,0,0.0,13.098001763914205,Coastal,6,0,0.0,False,0.0,Michael,Before
USC00098535,32.6864,-84.5208,TALBOTTON,6,0,0.0,34.953663432784396,Coastal,6,2,33.33,True,16.66,Michael,Before
USC00098657,32.9642,-84.2303,THE ROCK RCH,6,3,50.0,10.696578569728425,Coastal,3,1,33.33,True,41.66,Michael,Before
USC00098661,32.8669,-84.2653,THOMASTON 4SE,6,0,0.0,7.123692248310947,Coastal,6,1,16.67,False,8.34,Michael,Before
USC00098703,31.4461,-83.4767,TIFTON,6,0,0.0,2.6955161614379644,Coastal,6,0,0.0,False,0.0,Michael,Before
USC00098974,30.8056,-83.2736,VALDOSTA 2 S,6,6,100.0,0.8643330657675743,Coastal,0,0,0.0,True,50.0,Michael,Before
USC00099124,32.6094,-83.6164,WARNER ROBINS,6,0,0.0,0.0,Coastal,6,0,0.0,False,0.0,Michael,Before
USC00099291,32.8861,-85.1839,W PT,6,0,0.0,0.0,Coastal,6,1,16.67,False,8.34,Michael,Before
USC00099506,32.9783,-84.5983,WOODBURY,6,0,0.0,28.21650440319266,Coastal,6,1,16.67,False,8.34,Michael,Before
USW00003813,32.6889,-83.6531,MACON MIDDLE GA RGNL AP,6,0,0.0,3.3881442175543595,Coastal,6,1,16.67,False,8.34,Michael,Before
USW00003818,30.8369,-85.1836,MARIANNA MUNI AP,6,0,0.0,51.397974369661405,Rural,6,1,16.67,False,8.34,Michael,Before
USW00003878,31.8575,-86.0103,TROY MUNI AP,6,2,33.33,6.3175088316956725,Coastal,4,0,0.0,True,16.66,Michael,Before
USW00003892,32.6161,-85.4333,AUBURN OPELIKA AP,6,2,33.33,0.0,Coastal,4,1,25.0,True,29.16,Michael,Before
USW00012832,29.7269,-85.0247,APALACHICOLA AP,6,0,0.0,81.39054138514793,Rural,6,2,33.33,True,16.66,Michael,Before
USW00012833,29.6333,-83.1053,CROSS CITY AP,6,0,0.0,73.61451447340328,Rural,6,1,16.67,False,8.34,Michael,Before
USW00013829,32.35,-85.0,FT BENNING LAWSON FLD,6,2,33.33,1.01807044383122,Coastal,4,0,0.0,True,16.66,Michael,Before
USW00013839,31.3178,-85.4433,DOTHAN RGNL AP,6,0,0.0,3.1977445658106527,Coastal,6,1,16.67,False,8.34,Michael,Before
USW00013869,31.5364,-84.1958,ALBANY SW GEORGIA RGNL AP,6,0,0.0,2.42356338059741,Coastal,6,1,16.67,False,8.34,Michael,Before
USW00013895,32.2997,-86.4075,MONTGOMERY AP,6,0,0.0,4.924050202336752,Coastal,6,0,0.0,False,0.0,Michael,Before
USW00023801,31.79,-86.0003,TROY 2 W,6,0,0.0,1.2703638734270932,Coastal,6,3,50.0,True,25.0,Michael,Before
USW00053843,31.3061,-86.3903,ANDALUSIA OPP AP,6,0,0.0,8.871479976806445,Coastal,6,1,16.67,False,8.34,Michael,Before
USW00053853,30.3933,-86.4675,DESTIN FT WALTON BEACH AP,6,0,0.0,10.566655269546862,Coastal,6,2,33.33,True,16.66,Michael,Before
USW00053861,31.3558,-85.7511,FT RUCKER LOWE ARMY HELIPORT,6,6,100.0,7.960358134734583,Coastal,0,0,0.0,True,50.0,Michael,Before
USW00063828,31.3128,-84.4706,NEWTON 8 W,6,0,0.0,44.03469571789406,Coastal,6,1,16.67,False,8.34,Michael,Before
USW00063829,31.1922,-84.4464,NEWTON 11 SW,6,0,0.0,35.80356955243264,Coastal,6,2,33.33,True,16.66,Michael,Before
USW00063870,31.0447,-86.312,FLORALA MUNI AP,6,0,0.0,38.94016628281456,Coastal,6,2,33.33,True,16.66,Michael,Before
USW00063871,30.8431,-85.6044,BONIFAY TRI CO AP,6,2,33.33,50.576235922876435,Rural,4,1,25.0,True,29.16,Michael,Before
USW00063872,31.9517,-85.1311,EUFAULA WEEDON FLD AP,6,0,0.0,5.3707589529071535,Coastal,6,1,16.67,False,8.34,Michael,Before
USW00063873,31.35,-85.6667,OZARK FT RUCKER,6,6,100.0,12.014594363227937,Coastal,0,0,0.0,True,50.0,Michael,Before
USW00073802,31.9156,-86.3114,HIGHLAND HOME 2 S,6,0,0.0,39.28597925527571,Coastal,6,1,16.67,False,8.34,Michael,Before
USW00073805,30.3486,-85.7883,NW FLORIDA BEACHES INTL AP,6,0,0.0,13.462065649634834,Coastal,6,1,16.67,False,8.34,Michael,Before
USW00093805,30.3975,-84.3289,TALLAHASSEE,6,0,0.0,3.2531615556142026,Coastal,6,4,66.67,True,33.34,Michael,Before
USW00093842,32.5164,-84.9422,COLUMBUS METRO AP,6,0,0.0,0.0,Coastal,6,1,16.67,False,8.34,Michael,Before
USW00093845,30.7764,-83.2739,VALDOSTA RGNL AP,6,0,0.0,4.284197901247369,Coastal,6,3,50.0,True,25.0,Michael,Before
US1ALAT0013,32.6444,-86.4302,DEATSVILLE 3.4 NW,6,5,83.33,20.398821257931985,Coastal,1,0,0.0,True,41.66,Michael,After
US1ALAT0014,32.4825,-86.4854,PRATTVILLE 2.7 WNW,6,5,83.33,1.5658151347160698,Coastal,1,0,0.0,True,41.66,Michael,After
US1ALBR0006,31.8826,-85.5839,CLAYTON 7.8 W,6,2,33.33,40.28886707125414,Coastal,4,1,25.0,True,29.16,Michael,After
US1ALCF0004,31.3361,-85.8709,ENTERPRISE 1.5 WNW,6,6,100.0,0.0,Coastal,0,0,0.0,True,50.0,Michael,After
US1ALCS0003,32.8217,-86.0534,ALEXANDER CITY 10.0 SW,6,0,0.0,16.79679102550977,Coastal,6,0,0.0,False,0.0,Michael,After
US1ALCS0007,32.8021,-86.0054,ALEXANDER CITY 9.6 SSW,6,1,16.67,17.14903437188686,Coastal,5,0,0.0,False,8.34,Michael,After
US1ALDL0011,31.3039,-85.7896,ENTERPRISE 3.8 ESE,6,3,50.0,4.3462478287679875,Coastal,3,0,0.0,True,25.0,Michael,After
US1ALEL0004,32.5504,-86.3845,MILLBROOK 4.0 NNW,6,0,0.0,10.527755109389417,Coastal,6,0,0.0,False,0.0,Michael,After
US1ALEL0012,32.6267,-86.1276,WETUMPKA 7.2 NE,6,6,100.0,24.904781951340492,Coastal,0,0,0.0,True,50.0,Michael,After
US1ALEL0018,32.6784,-86.1402,WETUMPKA 9.9 NNE,6,0,0.0,31.113403097998894,Coastal,6,0,0.0,False,0.0,Michael,After
US1ALEL0022,32.5741,-86.2877,WETUMPKA 5.4 WNW,6,0,0.0,16.59388359669037,Coastal,6,0,0.0,False,0.0,Michael,After
US1ALEL0024,32.5149,-86.3851,MILLBROOK 1.7 NW,6,0,0.0,6.521994066051264,Coastal,6,0,0.0,False,0.0,Michael,After
US1ALEL0028,32.4984,-86.0922,WETUMPKA 7.1 ESE,6,5,83.33,11.590493002274467,Coastal,1,0,0.0,True,41.66,Michael,After
US1ALGV0005,31.1172,-86.0501,SAMSON 0.4 NNW,6,6,100.0,33.012740936904216,Coastal,0,0,0.0,True,50.0,Michael,After
US1ALHS0003,31.2423,-85.4364,DOTHAN 2.6 SW,6,6,100.0,0.0,Coastal,0,0,0.0,True,50.0,Michael,After
US1ALHS0013,31.095,-85.464,REHOBETH 2.1 SSW,6,1,16.67,14.421437458947073,Coastal,5,0,0.0,False,8.34,Michael,After
US1ALHS0016,31.2929,-85.2997,KINSEY 2.2 E,6,5,83.33,9.428972915693272,Coastal,1,1,100.0,True,91.66,Michael,After
US1ALLE0004,32.5949,-85.4711,AUBURN 0.6 ENE,6,0,0.0,0.14253390394991525,Coastal,6,1,16.67,False,8.34,Michael,After
US1ALLE0007,32.5844,-85.593,AUBURN 6.6 W,6,0,0.0,6.346676577830529,Coastal,6,0,0.0,False,0.0,Michael,After
US1ALLE0015,32.5761,-85.4857,AUBURN 1.2 SSW,6,6,100.0,2.195020807493013,Coastal,0,0,0.0,True,50.0,Michael,After
US1ALMC0003,32.4481,-85.8172,TUSKEGEE 6.2 W,6,0,0.0,35.71702422232795,Coastal,6,0,0.0,False,0.0,Michael,After
US1ALMY0006,32.0323,-86.2056,RAMER 1.5 SE,6,0,0.0,35.98279036899654,Coastal,6,0,0.0,False,0.0,Michael,After
US1ALMY0007,32.3772,-86.2575,MONTGOMERY 2.2 NE,6,0,0.0,0.0,Coastal,6,0,0.0,False,0.0,Michael,After
US1ALMY0009,32.3788,-86.2159,MONTGOMERY 4.3 ENE,6,6,100.0,0.0,Coastal,0,0,0.0,True,50.0,Michael,After
US1ALMY0011,32.1678,-86.2933,MONTGOMERY 12.9 S,6,0,0.0,17.928587952968257,Coastal,6,0,0.0,False,0.0,Michael,After
US1ALMY0014,32.3783,-86.137,MONTGOMERY 8.8 E,6,0,0.0,0.9534171414204641,Coastal,6,1,16.67,False,8.34,Michael,After
US1ALRS0001,32.4948,-85.0295,PHENIX CITY 2.2 NNW,6,0,0.0,0.0,Coastal,6,0,0.0,False,0.0,Michael,After
US1ALRS0003,32.2918,-85.1893,SEALE 1.4 W,6,0,0.0,22.80874700323903,Coastal,6,0,0.0,False,0.0,Michael,After
US1ALTP0007,32.9884,-85.9492,ALEXANDER CITY 3.1 NNE,6,0,0.0,3.1531350122544906,Coastal,6,1,16.67,False,8.34,Michael,After
US1FLBY0007,30.2068,-85.8554,PANAMA CITY BEACH 0.3 SW,6,3,50.0,0.3782289772267067,Coastal,3,0,0.0,True,25.0,Michael,After
US1FLBY0010,30.2535,-85.9369,PANAMA CITY BEACH 5.9 WNW,6,3,50.0,0.8669959084189758,Coastal,3,0,0.0,True,25.0,Michael,After
US1FLBY0011,30.2018,-85.8345,PANAMA CITY BEACH 1.2 ESE,6,3,50.0,0.0,Coastal,3,0,0.0,True,25.0,Michael,After
US1FLBY0013,30.2209,-85.6431,LYNN HAVEN 1.6 SSE,6,0,0.0,0.0,Coastal,6,1,16.67,False,8.34,Michael,After
US1FLBY0014,30.1841,-85.7765,PANAMA CITY BEACH 4.9 ESE,6,6,100.0,0.0,Coastal,0,0,0.0,True,50.0,Michael,After
US1FLBY0015,30.4328,-85.3992,FOUNTAIN 3.4 SSE,6,1,16.67,36.14148971666149,Coastal,5,0,0.0,False,8.34,Michael,After
US1FLBY0016,30.1383,-85.5656,PANAMA CITY 6.9 ESE,6,0,0.0,1.7046136386171784,Coastal,6,2,33.33,True,16.66,Michael,After
US1FLBY0019,30.242,-85.6457,LYNN HAVEN 0.4 E,6,3,50.0,0.0,Coastal,3,0,0.0,True,25.0,Michael,After
US1FLBY0021,30.1628,-85.7807,PANAMA CITY BEACH 5.4 SE,6,3,50.0,0.0,Coastal,3,0,0.0,True,25.0,Michael,After
US1FLBY0027,30.4119,-85.5376,YOUNGSTOWN 6.7 WNW,6,6,100.0,24.110215255265917,Coastal,0,0,0.0,True,50.0,Michael,After
US1FLDX0002,29.644,-83.0473,CROSS CITY 4.7 E,6,0,0.0,67.08871716483937,Rural,6,0,0.0,False,0.0,Michael,After
US1FLDX0003,29.6579,-83.0332,OLD TOWN 4.9 NW,6,0,0.0,65.45156339677835,Rural,6,1,16.67,False,8.34,Michael,After
US1FLFR0002,29.731,-85.007,APALACHICOLA 0.8 WNW,6,3,50.0,82.56545104140096,Rural,3,2,66.67,True,58.34,Michael,After
US1FLFR0003,29.7627,-84.8866,EASTPOINT 1.4 NW,6,3,50.0,91.10794105633698,Rural,3,2,66.67,True,58.34,Michael,After
US1FLFR0006,29.6589,-84.8809,ST. GEORGE ISLAND 2.2 ENE,6,3,50.0,99.29543956532981,Rural,3,1,33.33,True,41.66,Michael,After
US1FLFR0008,29.6709,-84.8418,EASTPOINT 5.8 SSE,6,0,0.0,101.83340186108336,Rural,6,1,16.67,False,8.34,Michael,After
US1FLGD0001,30.5247,-84.6586,QUINCY 6.0 SW,6,2,33.33,30.222406018055114,Coastal,4,0,0.0,True,16.66,Michael,After
US1FLGD0002,30.5823,-84.4671,HAVANA 4.2 SW,6,0,0.0,14.397035556700844,Coastal,6,1,16.67,False,8.34,Michael,After
US1FLGD0003,30.5294,-84.6621,QUINCY 6.0 SW,6,2,33.33,30.6954075020324,Coastal,4,0,0.0,True,16.66,Michael,After
US1FLGD0004,30.4816,-84.6188,QUINCY 7.5 SSW,6,0,0.0,25.558112061968597,Coastal,6,1,16.67,False,8.34,Michael,After
US1FLGD0006,30.6873,-84.657,QUINCY 8.3 NNW,6,6,100.0,28.199398246106306,Coastal,0,0,0.0,True,50.0,Michael,After
US1FLGD0007,30.5608,-84.4587,HAVANA 5.1 SSW,6,0,0.0,11.647702511919832,Coastal,6,1,16.67,False,8.34,Michael,After
US1FLHM0004,30.5051,-83.0999,JENNINGS 6.7 S,6,6,100.0,25.425583245598833,Coastal,0,0,0.0,True,50.0,Michael,After
US1FLJF0003,30.345,-83.9977,WACISSA 1.1 SW,6,0,0.0,26.05097652097453,Coastal,6,1,16.67,False,8.34,Michael,After
US1FLJF0005,30.5242,-83.927,MONTICELLO 3.6 WSW,6,6,100.0,32.12839080710107,Coastal,0,0,0.0,True,50.0,Michael,After
US1FLJF0007,30.2925,-83.8973,LAMONT 7.7 SW,6,0,0.0,39.044763801405644,Coastal,6,1,16.67,False,8.34,Michael,After
US1FLJF0009,30.5577,-83.8016,MONTICELLO 4.3 ENE,6,0,0.0,39.45545213328516,Coastal,6,1,16.67,False,8.34,Michael,After
US1FLJF0010,30.5255,-83.9162,MONTICELLO 2.9 WSW,6,0,0.0,33.31988803732091,Coastal,6,1,16.67,False,8.34,Michael,After
US1FLJK0002,30.6872,-85.3929,ALFORD 0.6 SSE,6,0,0.0,63.10687450193718,Rural,6,1,16.67,False,8.34,Michael,After
US1FLJK0003,30.7737,-85.1747,MARIANNA 3.9 E,6,0,0.0,59.303525276617115,Rural,6,0,0.0,False,0.0,Michael,After
US1FLJK0006,30.7847,-85.2324,MARIANNA 0.8 NNE,6,6,100.0,55.80484261205237,Rural,0,0,0.0,True,50.0,Michael,After
US1FLLB0001,30.33,-84.78,TELOGIA 2.5 SE,6,6,100.0,46.675929508478106,Coastal,0,0,0.0,True,50.0,Michael,After
US1FLLB0003,30.3518,-84.8174,HOSFORD 2.7 SW,6,0,0.0,50.04970194905791,Rural,6,1,16.67,False,8.34,Michael,After
US1FLLN0004,30.3938,-84.22,TALLAHASSEE 5.7 SE,6,0,0.0,4.099785534941522,Coastal,6,0,0.0,False,0.0,Michael,After
US1FLLN0010,30.4463,-84.2997,TALLAHASSEE 1.3 SW,6,3,50.0,0.0,Coastal,3,1,33.33,True,41.66,Michael,After
US1FLLN0017,30.5195,-84.2788,TALLAHASSEE 4.3 N,6,6,100.0,0.3213869204228272,Coastal,0,0,0.0,True,50.0,Michael,After
US1FLLN0018,30.4202,-84.5437,MIDWAY 6.9 SW,6,0,0.0,18.50061359197542,Coastal,6,1,16.67,False,8.34,Michael,After
US1FLLN0025,30.5082,-84.2835,TALLAHASSEE 3.5 N,6,0,0.0,0.0,Coastal,6,1,16.67,False,8.34,Michael,After
US1FLLN0028,30.414,-84.2568,TALLAHASSEE 3.3 SSE,6,2,33.33,0.999015956495545,Coastal,4,0,0.0,True,16.66,Michael,After
US1FLLN0029,30.4935,-84.3107,TALLAHASSEE 3.1 NW,6,0,0.0,0.0,Coastal,6,1,16.67,False,8.34,Michael,After
US1FLLN0031,30.6033,-84.1126,TALLAHASSEE 14.2 NE,6,0,0.0,13.312978069536362,Coastal,6,1,16.67,False,8.34,Michael,After
US1FLLN0034,30.595,-84.2679,TALLAHASSEE 9.6 N,6,5,83.33,5.9082647543984415,Coastal,1,1,100.0,True,91.66,Michael,After
US1FLLN0037,30.4654,-84.3415,TALLAHASSEE 3.6 W,6,6,100.0,0.0,Coastal,0,0,0.0,True,50.0,Michael,After
US1FLLN0041,30.6116,-84.2568,TALLAHASSEE 10.8 N,6,4,66.67,7.162879391867956,Coastal,2,0,0.0,True,33.34,Michael,After
US1FLLN0043,30.5175,-84.284,TALLAHASSEE 4.2 N,6,6,100.0,0.48489748074298217,Coastal,0,0,0.0,True,50.0,Michael,After
US1FLLN0047,30.4425,-84.1949,TALLAHASSEE 5.2 E,6,0,0.0,1.725372409954676,Coastal,6,0,0.0,False,0.0,Michael,After
US1FLLN0051,30.5077,-84.2198,TALLAHASSEE 5.1 NE,6,3,50.0,0.25437466474639475,Coastal,3,0,0.0,True,25.0,Michael,After
US1FLLN0055,30.4779,-84.1928,TALLAHASSEE 5.5 ENE,6,0,0.0,2.638328734724281,Coastal,6,1,16.67,False,8.34,Michael,After
US1FLLN0059,30.4129,-84.1335,TALLAHASSEE 9.3 ESE,6,6,100.0,8.895682420648257,Coastal,0,0,0.0,True,50.0,Michael,After
US1FLLN0060,30.4573,-84.1773,TALLAHASSEE 6.2 E,6,0,0.0,3.820045443880109,Coastal,6,0,0.0,False,0.0,Michael,After
US1FLLN0063,30.4379,-84.2041,TALLAHASSEE 4.8 ESE,6,0,0.0,0.749318812762712,Coastal,6,0,0.0,False,0.0,Michael,After
US1FLLN0064,30.5603,-84.2729,TALLAHASSEE 7.2 N,6,0,0.0,3.875703170163087,Coastal,6,1,16.67,False,8.34,Michael,After
US1FLLN0065,30.4755,-84.1079,TALLAHASSEE 10.4 E,6,0,0.0,11.853416817136138,Coastal,6,1,16.67,False,8.34,Michael,After
US1FLLN0066,30.3101,-84.2406,TALLAHASSEE 10.4 SSE,6,0,0.0,12.849666738589965,Coastal,6,0,0.0,False,0.0,Michael,After
US1FLLN0068,30.3775,-84.1463,TALLAHASSEE 9.7 SE,6,6,100.0,9.645926592656835,Coastal,0,0,0.0,True,50.0,Michael,After
US1FLLN0072,30.4106,-84.218,TALLAHASSEE 5.0 SE,6,2,33.33,1.9602534256436324,Coastal,4,0,0.0,True,16.66,Michael,After
US1FLLN0074,30.4256,-84.195,TALLAHASSEE 5.6 ESE,6,0,0.0,1.8800494881880057,Coastal,6,0,0.0,False,0.0,Michael,After
US1FLLN0087,30.431,-84.2354,TALLAHASSEE 3.3 ESE,6,6,100.0,0.0,Coastal,0,0,0.0,True,50.0,Michael,After
US1FLMS0003,30.4727,-83.3954,MADISON 1.2 ENE,6,2,33.33,32.15085639487817,Coastal,4,2,50.0,True,41.66,Michael,After
US1FLOK0001,30.4939,-86.4398,NICEVILLE 3.6 SE,6,0,0.0,2.410118610242735,Coastal,6,0,0.0,False,0.0,Michael,After
US1FLOK0002,30.5244,-86.4924,EGLIN AFB 5.6 NE,6,0,0.0,0.0,Coastal,6,0,0.0,False,0.0,Michael,After
US1FLOK0003,30.5049,-86.4592,NICEVILLE 2.3 SE,6,6,100.0,0.0,Coastal,0,0,0.0,True,50.0,Michael,After
US1FLOK0015,30.4784,-86.4372,NICEVILLE 4.5 SE,6,3,50.0,3.8268707009502467,Coastal,3,0,0.0,True,25.0,Michael,After
US1FLOK0020,30.5123,-86.4305,NICEVILLE 3.4 ESE,6,0,0.0,2.9009141530960503,Coastal,6,0,0.0,False,0.0,Michael,After
US1FLOK0028,30.4023,-86.4954,DESTIN 1.5 WNW,6,6,100.0,8.469935884627146,Coastal,0,0,0.0,True,50.0,Michael,After
US1FLOK0033,30.4025,-86.4906,DESTIN 1.2 NW,6,6,100.0,8.595751286907522,Coastal,0,0,0.0,True,50.0,Michael,After
US1FLOK0037,30.51,-86.4582,NICEVILLE 2.1 SE,6,0,0.0,0.0,Coastal,6,0,0.0,False,0.0,Michael,After
US1FLOK0042,30.5139,-86.4993,VALPARAISO 1.4 N,6,0,0.0,0.0,Coastal,6,0,0.0,False,0.0,Michael,After
US1FLSW0008,30.3067,-83.1533,LIVE OAK 10.0 W,6,1,16.67,48.040733453897694,Coastal,5,2,40.0,True,28.34,Michael,After
US1FLTY0004,30.0803,-83.5864,PERRY 2.0 S,6,0,0.0,82.68523659929136,Rural,6,0,0.0,False,0.0,Michael,After
US1FLWK0001,30.1834,-84.3602,ST. MARKS 9.2 W,6,3,50.0,29.217118553261535,Coastal,3,0,0.0,True,25.0,Michael,After
US1FLWK0007,30.0795,-84.3262,CRAWFORDVILLE 7.3 SSE,6,6,100.0,41.855172419644134,Coastal,0,0,0.0,True,50.0,Michael,After
US1FLWK0009,30.1413,-84.3209,CRAWFORDVILLE 4.7 SE,6,6,100.0,33.88071766876002,Coastal,0,0,0.0,True,50.0,Michael,After
US1FLWK0010,30.1798,-84.3678,CRAWFORDVILLE 1.0 S,6,6,100.0,29.87470423489149,Coastal,0,0,0.0,True,50.0,Michael,After
US1FLWS0001,30.5678,-85.873,VERNON 10.6 WSW,6,0,0.0,39.793481187720865,Coastal,6,0,0.0,False,0.0,Michael,After
US1FLWS0003,30.5858,-85.5776,SUNNY HILLS 3.3 N,6,5,83.33,43.819387737719104,Coastal,1,1,100.0,True,91.66,Michael,After
US1FLWT0002,30.4519,-86.1409,FREEPORT 3.4 S,6,6,100.0,35.03444989602142,Coastal,0,0,0.0,True,50.0,Michael,After
US1FLWT0003,30.3463,-86.2048,MIRAMAR BEACH 9.5 ESE,6,4,66.67,32.680801168300505,Coastal,2,0,0.0,True,33.34,Michael,After
US1FLWT0005,30.8445,-86.2757,DE FUNIAK SPRINGS 12.5 NW,6,0,0.0,33.24845237795501,Coastal,6,0,0.0,False,0.0,Michael,After
US1FLWT0006,30.762,-86.157,DEFUNIAK SPRINGS 3.6 NW,6,6,100.0,43.28955796960243,Coastal,0,0,0.0,True,50.0,Michael,After
US1FLWT0012,30.7617,-86.1228,DE FUNIAK SPRINGS 2.9 N,6,6,100.0,46.36643460817016,Coastal,0,0,0.0,True,50.0,Michael,After
US1FLWT0013,30.779,-86.1796,DE FUNIAK SPRINGS 5.3 NW,6,0,0.0,42.44362099051793,Coastal,6,0,0.0,False,0.0,Michael,After
US1FLWT0014,30.276,-85.9965,INLET BEACH 0.7 E,6,2,33.33,7.836407570387565,Coastal,4,0,0.0,True,16.66,Michael,After
US1FLWT0017,30.6689,-86.3444,NICEVILLE 12.7 NE,6,6,100.0,19.58929243552815,Coastal,0,0,0.0,True,50.0,Michael,After
US1FLWT0027,30.7524,-86.2435,DEFUNIAK SPRINGS 7.5 WNW,6,6,100.0,35.17591684123411,Coastal,0,0,0.0,True,50.0,Michael,After
US1GABB0006,32.8931,-83.7303,MACON 5.8 NW,6,4,66.67,0.0,Coastal,2,0,0.0,True,33.34,Michael,After
US1GABB0016,32.8383,-83.5482,MACON 6.3 E,6,0,0.0,0.8944754729741522,Coastal,6,1,16.67,False,8.34,Michael,After
US1GABB0019,32.8671,-83.6343,MACON 2.5 NNE,6,0,0.0,0.0,Coastal,6,0,0.0,False,0.0,Michael,After
US1GABB0021,32.8713,-83.6312,MACON 2.8 NNE,6,0,0.0,0.0,Coastal,6,0,0.0,False,0.0,Michael,After
US1GABB0022,32.8613,-83.6322,MACON 2.2 NE,6,6,100.0,0.0,Coastal,0,0,0.0,True,50.0,Michael,After
US1GABD0001,32.9972,-83.1998,MILLEDGEVILLE 6.5 SSE,6,0,0.0,8.03278840846314,Coastal,6,1,16.67,False,8.34,Michael,After
US1GABH0002,31.7682,-83.264,FITZGERALD 4.3 N,6,0,0.0,44.409985249069685,Coastal,6,2,33.33,True,16.66,Michael,After
US1GABL0001,32.363,-83.33,COCHRAN 9.0 NNW,6,6,100.0,41.255319080553136,Coastal,0,0,0.0,True,50.0,Michael,After
US1GABL0003,32.435,-83.2225,CHESTER 4.9 NW,6,6,100.0,31.407961622851197,Coastal,0,0,0.0,True,50.0,Michael,After
US1GACQ0001,31.1017,-83.6189,MOULTRIE 10.0 ESE,6,5,83.33,17.050584913288276,Coastal,1,0,0.0,True,41.66,Michael,After
US1GACQ0002,31.116,-83.8577,MOULTRIE 6.2 SW,6,5,83.33,8.974988747172675,Coastal,1,0,0.0,True,41.66,Michael,After
US1GACQ0009,31.1619,-83.655,MOULTRIE 6.8 E,6,1,16.67,11.283641837420765,Coastal,5,3,60.0,True,38.34,Michael,After
US1GACR0002,32.6981,-83.8652,FORT VALLEY 10.0 N,6,2,33.33,19.52772150626607,Coastal,4,0,0.0,True,16.66,Michael,After
US1GACY0002,31.731,-84.9654,FORT GAINES 13.0 ENE,6,0,0.0,27.304397399948858,Coastal,6,2,33.33,True,16.66,Michael,After
US1GADC0003,30.8909,-84.5428,BAINBRIDGE 2.3 ESE,6,5,83.33,0.37382496612481453,Coastal,1,0,0.0,True,41.66,Michael,After
US1GADG0004,32.0791,-83.0949,CHAUNCEY 2.6 SW,6,0,0.0,61.7520585554081,Rural,6,1,16.67,False,8.34,Michael,After
US1GADG0005,32.2058,-83.1456,EASTMAN 2.1 ENE,6,0,0.0,47.952939006862756,Coastal,6,3,50.0,True,25.0,Michael,After
US1GADH0001,31.618,-84.1352,ALBANY 3.7 NE,6,2,33.33,0.0,Coastal,4,1,25.0,True,29.16,Michael,After
US1GADH0008,31.5705,-84.2736,ALBANY 5.8 W,6,6,100.0,4.065553914974427,Coastal,0,0,0.0,True,50.0,Michael,After
US1GAER0003,31.2286,-85.0665,JAKIN 10.7 NNW,6,6,100.0,32.52161670906438,Coastal,0,0,0.0,True,50.0,Michael,After
US1GAGY0002,31.0074,-84.2467,CAIRO 9.2 NNW,6,0,0.0,32.888549437867596,Coastal,6,2,33.33,True,16.66,Michael,After
US1GAGY0003,30.8598,-84.1474,CAIRO 3.7 ESE,6,2,33.33,15.240388277485215,Coastal,4,1,25.0,True,29.16,Michael,After
US1GAHR0002,32.8375,-84.8157,PINE MOUNTAIN 2.8 SE,6,3,50.0,32.30264588603343,Coastal,3,0,0.0,True,25.0,Michael,After
US1GAHR0005,32.6217,-84.9232,CATAULA 3.9 SW,6,0,0.0,3.7596905241938745,Coastal,6,0,0.0,False,0.0,Michael,After
US1GAHR0007,32.5843,-84.7403,WAVERLY HALL 6.9 S,6,0,0.0,14.284961440852976,Coastal,6,0,0.0,False,0.0,Michael,After
US1GAHS0003,32.6119,-83.6359,WARNER ROBINS 0.3 W,6,0,0.0,0.0,Coastal,6,2,33.33,True,16.66,Michael,After
US1GAHS0005,32.5448,-83.6481,BONAIRE 3.0 W,6,5,83.33,4.8555148990169705,Coastal,1,0,0.0,True,41.66,Michael,After
US1GAHS0011,32.364,-83.5958,HAWKINSVILLE 9.1 NW,6,0,0.0,18.243379596810417,Coastal,6,2,33.33,True,16.66,Michael,After
US1GAHS0012,32.4727,-83.7288,PERRY 0.8 NE,6,4,66.67,0.0,Coastal,2,0,0.0,True,33.34,Michael,After
US1GAHS0015,32.4441,-83.6915,PERRY 3.0 ESE,6,6,100.0,3.534008824447937,Coastal,0,0,0.0,True,50.0,Michael,After
US1GAHS0016,32.5256,-83.6312,KATHLEEN 2.5 NW,6,0,0.0,7.394727624430574,Coastal,6,1,16.67,False,8.34,Michael,After
US1GAHS0017,32.4453,-83.674,PERRY 4.0 ESE,6,3,50.0,5.09207931820623,Coastal,3,0,0.0,True,25.0,Michael,After
US1GAJN0006,32.8766,-83.5492,MACON 6.8 ENE,6,0,0.0,1.7154778616485127,Coastal,6,1,16.67,False,8.34,Michael,After
US1GALE0002,31.6294,-84.2253,ALBANY 4.6 NW,6,5,83.33,0.0,Coastal,1,1,100.0,True,91.66,Michael,After
US1GALW0004,30.683,-83.236,LAKE PARK 2.8 W,6,0,0.0,0.0,Coastal,6,2,33.33,True,16.66,Michael,After
US1GALW0007,30.8302,-83.3553,VALDOSTA 4.8 WSW,6,0,0.0,2.281080678048943,Coastal,6,3,50.0,True,25.0,Michael,After
US1GALW0008,30.8859,-83.2979,VALDOSTA 2.8 NNW,6,0,0.0,0.0,Coastal,6,3,50.0,True,25.0,Michael,After
US1GALW0010,30.877,-83.2823,VALDOSTA 1.9 N,6,6,100.0,0.0,Coastal,0,0,0.0,True,50.0,Michael,After
US1GALW0012,30.8251,-83.2659,VALDOSTA 1.8 SSE,6,6,100.0,0.0,Coastal,0,0,0.0,True,50.0,Michael,After
US1GALW0013,30.8456,-83.2779,VALDOSTA 0.3 S,6,6,100.0,0.0,Coastal,0,0,0.0,True,50.0,Michael,After
US1GALW0014,30.8869,-83.2588,VALDOSTA 2.8 NNE,6,6,100.0,0.5610122234798105,Coastal,0,0,0.0,True,50.0,Michael,After
US1GALW0015,30.8446,-83.3179,VALDOSTA 2.4 W,6,6,100.0,0.0,Coastal,0,0,0.0,True,50.0,Michael,After
US1GALW0016,30.9048,-83.3015,VALDOSTA 4.1 NNW,6,6,100.0,0.0,Coastal,0,0,0.0,True,50.0,Michael,After
US1GALW0017,30.8043,-83.2771,VALDOSTA 3.1 S,6,6,100.0,0.7484141094952362,Coastal,0,0,0.0,True,50.0,Michael,After
US1GALW0018,30.9145,-83.2522,VALDOSTA 4.8 NNE,6,6,100.0,3.5464588427768247,Coastal,0,0,0.0,True,50.0,Michael,After
US1GALW0019,30.8474,-83.3292,VALDOSTA 3.0 W,6,6,100.0,0.0,Coastal,0,0,0.0,True,50.0,Michael,After
US1GAMN0002,32.9437,-83.8469,MACON 13.3 NW,6,6,100.0,11.374376361494175,Coastal,0,0,0.0,True,50.0,Michael,After
US1GAMN0010,32.9143,-83.9416,FORSYTH 8.3 S,6,1,16.67,20.37113455141297,Coastal,5,0,0.0,False,8.34,Michael,After
US1GAMN0015,32.9218,-83.8207,MACON 11.2 WNW,6,3,50.0,7.54133881459599,Coastal,3,2,66.67,True,58.34,Michael,After
US1GAMS0004,32.5312,-84.9386,COLUMBUS 5.6 NNE,6,1,16.67,0.0,Coastal,5,0,0.0,False,8.34,Michael,After
US1GAMT0002,31.1222,-84.335,PELHAM 10.8 W,6,6,100.0,34.934189708462256,Coastal,0,0,0.0,True,50.0,Michael,After
US1GAMT0005,31.2855,-84.1239,CAMILLA 6.4 NE,6,0,0.0,32.72678631260563,Coastal,6,3,50.0,True,25.0,Michael,After
US1GAMT0007,31.2101,-84.2201,CAMILLA 1.5 SSW,6,6,100.0,43.46845310260211,Coastal,0,0,0.0,True,50.0,Michael,After
US1GAMT0013,31.2101,-84.2198,CAMILLA 1.5 SSW,6,6,100.0,43.46205757356663,Coastal,0,0,0.0,True,50.0,Michael,After
US1GAPE0001,32.5514,-83.8771,FORT VALLEY 0.7 ESE,6,0,0.0,13.718236820560715,Coastal,6,1,16.67,False,8.34,Michael,After
US1GAPE0003,32.6086,-83.756,BYRON 3.0 S,6,0,0.0,5.4118961192714234,Coastal,6,1,16.67,False,8.34,Michael,After
US1GASM0002,30.7844,-84.867,DONALSONVILLE 17.7 S,6,6,100.0,33.0855559671982,Coastal,0,0,0.0,True,50.0,Michael,After
US1GASR0005,31.9827,-84.2974,AMERICUS 7.4 SW,6,6,100.0,11.821200096018169,Coastal,0,0,0.0,True,50.0,Michael,After
US1GASY0003,32.2544,-84.2347,ELLAVILLE 4.5 ENE,6,0,0.0,18.33968813158206,Coastal,6,3,50.0,True,25.0,Michael,After
US1GATF0003,31.4744,-83.4893,TIFTON 1.4 ENE,6,0,0.0,0.0,Coastal,6,3,50.0,True,25.0,Michael,After
US1GATF0007,31.4771,-83.4791,TIFTON 2.0 ENE,6,5,83.33,0.2918550299382524,Coastal,1,0,0.0,True,41.66,Michael,After
US1GATG0001,32.6016,-83.3032,DANVILLE 3.3 W,6,0,0.0,29.293530613442847,Coastal,6,1,16.67,False,8.34,Michael,After
US1GATH0002,30.8376,-83.9313,THOMASVILLE 2.8 E,6,6,100.0,2.6954434626202715,Coastal,0,0,0.0,True,50.0,Michael,After
US1GATH0004,30.8176,-83.8965,THOMASVILLE 5.1 ESE,6,0,0.0,7.349864318600506,Coastal,6,2,33.33,True,16.66,Michael,After
US1GATH0008,30.8639,-83.8912,THOMASVILLE 5.5 ENE,6,3,50.0,6.080169136162911,Coastal,3,1,33.33,True,41.66,Michael,After
US1GATL0001,31.7179,-84.3506,SASSER 0.2 WSW,6,0,0.0,15.042994986395621,Coastal,6,2,33.33,True,16.66,Michael,After
US1GATP0001,32.9735,-84.8698,LA GRANGE 10.6 ESE,6,0,0.0,14.448862801372501,Coastal,6,0,0.0,False,0.0,Michael,After
US1GATP0002,32.9542,-84.9976,LA GRANGE 6.4 SSE,6,6,100.0,8.941422875292512,Coastal,0,0,0.0,True,50.0,Michael,After
US1GATR0001,31.6727,-83.6299,SYCAMORE 0.4 ENE,6,6,100.0,26.33414941973451,Coastal,0,0,0.0,True,50.0,Michael,After
US1GATY0001,32.6618,-84.3091,BUTLER 8.3 NNW,6,0,0.0,30.954843230188377,Coastal,6,1,16.67,False,8.34,Michael,After
US1GATY0002,32.4583,-84.2237,BUTLER 6.9 S,6,6,100.0,45.23585070248202,Coastal,0,0,0.0,True,50.0,Michael,After
US1GAUP0001,32.9774,-84.2391,THE ROCK 1.0 N,6,4,66.67,10.848281737959455,Coastal,2,0,0.0,True,33.34,Michael,After
US1GAUP0005,32.867,-84.2564,THOMASTON 4.4 ESE,6,1,16.67,7.865002988588094,Coastal,5,0,0.0,False,8.34,Michael,After
US1GAWT0003,31.4859,-83.9145,SYLVESTER 5.5 WSW,6,2,33.33,20.878077296752377,Coastal,4,2,50.0,True,41.66,Michael,After
USC00010160,32.935,-85.9556,ALEXANDER CITY,6,0,0.0,0.0,Coastal,6,0,0.0,False,0.0,Michael,After
USC00010425,32.5992,-85.4653,AUBURN NO.2,6,0,0.0,0.27496031474060934,Coastal,6,1,16.67,False,8.34,Michael,After
USC00011725,31.8708,-85.45,CLAYTON,6,0,0.0,30.382963548209275,Coastal,6,1,16.67,False,8.34,Michael,After
USC00012124,32.8603,-85.7475,DADEVILLE 2,6,3,50.0,23.385263717901182,Coastal,3,0,0.0,True,25.0,Michael,After
USC00012377,31.1942,-85.3708,DOTHAN,6,0,0.0,0.6694440933588206,Coastal,6,0,0.0,False,0.0,Michael,After
USC00012675,31.2969,-85.89,ENTERPRISE 4 W,6,5,83.33,3.6501083184100875,Coastal,1,0,0.0,True,41.66,Michael,After
USC00012730,32.0111,-85.09,EUFAULA WILDLIFE REF,6,0,0.0,14.354754689807352,Coastal,6,1,16.67,False,8.34,Michael,After
USC00013251,31.0383,-85.8708,GENEVA #2,6,0,0.0,34.80850372471026,Coastal,6,0,0.0,False,0.0,Michael,After
USC00013761,31.3831,-85.3678,HEADLAND,6,3,50.0,14.78949817982239,Coastal,3,0,0.0,True,25.0,Michael,After
USC00013818,31.9478,-86.3131,HIGHLAND HOME #2,6,6,100.0,41.25251603760068,Coastal,0,0,0.0,True,50.0,Michael,After
USC00013931,32.2306,-86.3472,HOPE HULL 3S,6,0,0.0,9.652982784312766,Coastal,6,0,0.0,False,0.0,Michael,After
USC00014080,32.2464,-85.4139,HURTSBORO,6,2,33.33,46.229456002105806,Coastal,4,0,0.0,True,16.66,Michael,After
USC00014502,32.9069,-85.4336,LAFAYETTE 2W,6,0,0.0,24.259596823186897,Coastal,6,0,0.0,False,0.0,Michael,After
USC00015172,32.2603,-86.0003,MATHEWS,6,0,0.0,22.33680918981503,Coastal,6,1,16.67,False,8.34,Michael,After
USC00015397,32.0347,-85.4739,MIDWAY,6,0,0.0,36.444603394889704,Coastal,6,1,16.67,False,8.34,Michael,After
USC00015553,32.26,-86.2181,MONTGOMERY 6SW,6,0,0.0,6.500097893969461,Coastal,6,1,16.67,False,8.34,Michael,After
USC00016129,32.6592,-85.4497,OPELIKA,6,0,0.0,0.0,Coastal,6,0,0.0,False,0.0,Michael,After
USC00017020,32.8711,-86.1758,ROCKFORD 3 ESE,6,0,0.0,22.030744169938277,Coastal,6,0,0.0,False,0.0,Michael,After
USC00017326,32.4122,-85.1794,SEALE,6,4,66.67,15.845904145761102,Coastal,2,0,0.0,True,33.34,Michael,After
USC00018038,32.4392,-86.2022,TALLAPOOSA WTR PLT,6,0,0.0,0.0,Coastal,6,1,16.67,False,8.34,Michael,After
USC00018323,31.8075,-85.9722,TROY,6,0,0.0,0.0,Coastal,6,1,16.67,False,8.34,Michael,After
USC00018653,32.7036,-85.8939,WALNUT HILL 3 W,6,0,0.0,30.40151886171537,Coastal,6,0,0.0,False,0.0,Michael,After
USC00018859,32.5936,-86.1664,WETUMPKA,6,0,0.0,19.54304216934975,Coastal,6,0,0.0,False,0.0,Michael,After
USC00080211,29.7258,-85.0206,APALACHICOLA AP,6,6,100.0,81.8294975840265,Rural,0,0,0.0,True,50.0,Michael,After
USC00081544,30.7806,-85.5503,CHIPLEY,6,5,83.33,56.143668641049814,Rural,1,0,0.0,True,41.66,Michael,After
USC00082008,29.6333,-83.1053,CROSS CITY 1 E,6,0,0.0,73.61451447340328,Rural,6,2,33.33,True,16.66,Michael,After
USC00082391,30.2497,-83.2594,DOWLING PARK 1 W,6,6,100.0,55.10436281969221,Rural,0,0,0.0,True,50.0,Michael,After
USC00085377,30.7342,-85.0306,MARIANNA 7 NE,6,1,16.67,52.19125416105283,Rural,5,1,20.0,True,18.34,Michael,After
USC00085539,30.06,-83.1719,MAYO,6,0,0.0,54.32438116415891,Rural,6,1,16.67,False,8.34,Michael,After
USC00085880,30.4406,-83.9858,MONTICELLO 10 SW,6,0,0.0,24.974668633839308,Coastal,6,1,16.67,False,8.34,Michael,After
USC00086240,30.5317,-86.4928,NICEVILLE,6,0,0.0,0.0,Coastal,6,0,0.0,False,0.0,Michael,After
USC00086842,30.2492,-85.6606,PANAMA CITY 5N,6,3,50.0,0.05519810332201089,Coastal,3,0,0.0,True,25.0,Michael,After
USC00087025,30.0925,-83.5708,PERRY,6,0,0.0,83.33164571873023,Rural,6,1,16.67,False,8.34,Michael,After
USC00087429,30.545,-84.5986,QUINCY 3 SSW,6,5,83.33,24.213265332262495,Coastal,1,0,0.0,True,41.66,Michael,After
USC00087869,30.1922,-84.2117,ST MARKS NWR,6,6,100.0,28.323967206460935,Coastal,0,0,0.0,True,50.0,Michael,After
USC00088756,30.3964,-84.3558,TALLAHASSEE AP,6,1,16.67,2.1408376343087054,Coastal,5,1,20.0,True,18.34,Michael,After
USC00089566,30.1122,-85.1958,WEWAHITCHKA,6,3,50.0,43.00056897151153,Coastal,3,0,0.0,True,25.0,Michael,After
USC00089795,30.7219,-84.8742,WOODRUFF DAM,6,6,100.0,38.483488906993806,Coastal,0,0,0.0,True,50.0,Michael,After
USC00090140,31.5339,-84.1489,ALBANY 3 SE,6,0,0.0,0.5937799053917651,Coastal,6,4,66.67,True,33.34,Michael,After
USC00090253,32.0306,-84.2461,AMERICUS,6,0,0.0,3.448751633622235,Coastal,6,2,33.33,True,16.66,Michael,After
USC00091372,32.3178,-84.5203,BUENA VISTA,6,6,100.0,39.79729095831461,Coastal,0,0,0.0,True,50.0,Michael,After
USC00091463,30.8697,-84.2175,CAIRO 1SW,6,1,16.67,23.147435287623615,Coastal,5,2,40.0,True,28.34,Michael,After
USC00091500,31.2058,-84.1722,CAMILLA 3SE,6,0,0.0,40.13653213199639,Coastal,6,2,33.33,True,16.66,Michael,After
USC00092159,32.5181,-84.9378,COLUMBUS #2,6,2,33.33,0.0,Coastal,4,0,0.0,True,16.66,Michael,After
USC00092266,31.985,-83.7747,CORDELE,6,0,0.0,0.0,Coastal,6,3,50.0,True,25.0,Michael,After
USC00092361,31.8453,-83.9408,CRISP CO PWR DAM,6,0,0.0,21.790406710777074,Coastal,6,2,33.33,True,16.66,Michael,After
USC00092450,31.7672,-84.7931,CUTHBERT,6,2,33.33,41.129724324670924,Coastal,4,1,25.0,True,29.16,Michael,After
USC00092593,30.9772,-84.6367,DECATUR CO FIRE & RESCUE,6,6,100.0,7.063650543016759,Coastal,0,0,0.0,True,50.0,Michael,After
USC00092738,31.0292,-84.8911,DONALSONVILLE,6,2,33.33,34.43161353571444,Coastal,4,1,25.0,True,29.16,Michael,After
USC00092966,32.2003,-83.2058,EASTMAN 1 W,6,0,0.0,51.707074870477285,Rural,6,3,50.0,True,25.0,Michael,After
USC00093658,31.8967,-85.0375,GEORGETOWN 4 E,6,6,100.0,10.76856199794947,Coastal,0,0,0.0,True,50.0,Michael,After
USC00094170,32.2964,-83.4883,HAWKINSVILLE,6,1,16.67,33.16041059507857,Coastal,5,2,40.0,True,28.34,Michael,After
USC00095061,31.7633,-84.1869,LEESBURG 2,6,6,100.0,13.373533149453024,Coastal,0,0,0.0,True,50.0,Michael,After
USC00095979,32.3175,-84.065,MONTEZUMA 2 NW,6,0,0.0,32.7838542229577,Coastal,6,2,33.33,True,16.66,Michael,After
USC00096087,31.1728,-83.7481,MOULTRIE 2 ESE,6,0,0.0,1.0630170696612453,Coastal,6,2,33.33,True,16.66,Michael,After
USC00096148,32.6089,-85.0756,MULBERRY GROVE,6,6,100.0,9.71201723314288,Coastal,0,0,0.0,True,50.0,Michael,After
USC00097087,32.0467,-84.3711,PLAINS SW GA EXP STN,6,0,0.0,13.098001763914205,Coastal,6,2,33.33,True,16.66,Michael,After
USC00098535,32.6864,-84.5208,TALBOTTON,6,0,0.0,34.953663432784396,Coastal,6,2,33.33,True,16.66,Michael,After
USC00098657,32.9642,-84.2303,THE ROCK RCH,6,2,33.33,10.696578569728425,Coastal,4,0,0.0,True,16.66,Michael,After
USC00098661,32.8669,-84.2653,THOMASTON 4SE,6,1,16.67,7.123692248310947,Coastal,5,0,0.0,False,8.34,Michael,After
USC00098703,31.4461,-83.4767,TIFTON,6,2,33.33,2.6955161614379644,Coastal,4,1,25.0,True,29.16,Michael,After
USC00099124,32.6094,-83.6164,WARNER ROBINS,6,0,0.0,0.0,Coastal,6,4,66.67,True,33.34,Michael,After
USC00099291,32.8861,-85.1839,W PT,6,0,0.0,0.0,Coastal,6,0,0.0,False,0.0,Michael,After
USC00099506,32.9783,-84.5983,WOODBURY,6,0,0.0,28.21650440319266,Coastal,6,0,0.0,False,0.0,Michael,After
USW00003813,32.6889,-83.6531,MACON MIDDLE GA RGNL AP,6,0,0.0,3.3881442175543595,Coastal,6,3,50.0,True,25.0,Michael,After
USW00003818,30.8369,-85.1836,MARIANNA MUNI AP,6,2,33.33,51.397974369661405,Rural,4,0,0.0,True,16.66,Michael,After
USW00003878,31.8575,-86.0103,TROY MUNI AP,6,0,0.0,6.3175088316956725,Coastal,6,1,16.67,False,8.34,Michael,After
USW00003892,32.6161,-85.4333,AUBURN OPELIKA AP,6,0,0.0,0.0,Coastal,6,1,16.67,False,8.34,Michael,After
USW00012832,29.7269,-85.0247,APALACHICOLA AP,6,0,0.0,81.39054138514793,Rural,6,2,33.33,True,16.66,Michael,After
USW00012833,29.6333,-83.1053,CROSS CITY AP,6,0,0.0,73.61451447340328,Rural,6,2,33.33,True,16.66,Michael,After
USW00013829,32.35,-85.0,FT BENNING LAWSON FLD,6,6,100.0,1.01807044383122,Coastal,0,0,0.0,True,50.0,Michael,After
USW00013839,31.3178,-85.4433,DOTHAN RGNL AP,6,0,0.0,3.1977445658106527,Coastal,6,2,33.33,True,16.66,Michael,After
USW00013869,31.5364,-84.1958,ALBANY SW GEORGIA RGNL AP,6,2,33.33,2.42356338059741,Coastal,4,2,50.0,True,41.66,Michael,After
USW00013895,32.2997,-86.4075,MONTGOMERY AP,6,0,0.0,4.924050202336752,Coastal,6,0,0.0,False,0.0,Michael,After
USW00023801,31.79,-86.0003,TROY 2 W,6,0,0.0,1.2703638734270932,Coastal,6,1,16.67,False,8.34,Michael,After
USW00053843,31.3061,-86.3903,ANDALUSIA OPP AP,6,0,0.0,8.871479976806445,Coastal,6,1,16.67,False,8.34,Michael,After
USW00053853,30.3933,-86.4675,DESTIN FT WALTON BEACH AP,6,0,0.0,10.566655269546862,Coastal,6,1,16.67,False,8.34,Michael,After
USW00063828,31.3128,-84.4706,NEWTON 8 W,6,0,0.0,44.03469571789406,Coastal,6,4,66.67,True,33.34,Michael,After
USW00063829,31.1922,-84.4464,NEWTON 11 SW,6,2,33.33,35.80356955243264,Coastal,4,2,50.0,True,41.66,Michael,After
USW00063870,31.0447,-86.312,FLORALA MUNI AP,6,2,33.33,38.94016628281456,Coastal,4,0,0.0,True,16.66,Michael,After
USW00063871,30.8431,-85.6044,BONIFAY TRI CO AP,6,5,83.33,50.576235922876435,Rural,1,0,0.0,True,41.66,Michael,After
USW00063872,31.9517,-85.1311,EUFAULA WEEDON FLD AP,6,2,33.33,5.3707589529071535,Coastal,4,1,25.0,True,29.16,Michael,After
USW00073802,31.9156,-86.3114,HIGHLAND HOME 2 S,6,0,0.0,39.28597925527571,Coastal,6,1,16.67,False,8.34,Michael,After
USW00073805,30.3486,-85.7883,NW FLORIDA BEACHES INTL AP,6,2,33.33,13.462065649634834,Coastal,4,1,25.0,True,29.16,Michael,After
USW00093805,30.3975,-84.3289,TALLAHASSEE,6,0,0.0,3.2531615556142026,Coastal,6,2,33.33,True,16.66,Michael,After
USW00093842,32.5164,-84.9422,COLUMBUS METRO AP,6,0,0.0,0.0,Coastal,6,1,16.67,False,8.34,Michael,After
USW00093845,30.7764,-83.2739,VALDOSTA RGNL AP,6,1,16.67,4.284197901247369,Coastal,5,2,40.0,True,28.34,Michael,After
