ID,LAT,LON,NAME,Distance_to_Coast_km,Region,Days_Checked,Suspect_Days,Suspect_%,Likely_Malfunctioning,Malfunction_Score
BF1FP000001,26.5481,-78.7028,FREEPORT LUCAYA 7.4 WNW,0.0,Coastal,0,0,0.0,False,0.0
US1FLAL0002,29.5272,-82.4271,ARCHER 5.5 E,11.171652499167186,Coastal,11,0,0.0,False,0.0
US1FLAL0004,29.8006,-82.2836,BROOKER 6.6 SSE,10.55495095548435,Coastal,11,0,0.0,False,0.0
US1FLAL0007,29.5908,-82.4314,GAINESVILLE 8.1 SW,4.617237791310587,Coastal,11,0,0.0,False,0.0
US1FLAL0010,29.6802,-82.3988,GAINESVILLE 3.8 W,0.0,Coastal,11,0,0.0,False,0.0
US1FLAL0017,29.7869,-82.6276,HIGH SPRINGS 3.2 SW,24.125331479110233,Coastal,2,0,0.0,False,0.0
US1FLAL0026,29.6555,-82.3171,GAINESVILLE 1.7 SE,0.0,Coastal,11,0,0.0,False,0.0
US1FLAL0031,29.738,-82.4162,GAINESVILLE 6.5 NW,2.276140808030407,Coastal,11,0,0.0,False,0.0
US1FLAL0048,29.6778,-82.4264,GAINESVILLE 5.4 W,0.0,Coastal,11,0,0.0,False,0.0
US1FLAL0050,29.6478,-82.3618,GAINESVILLE 2.4 SW,0.0,Coastal,11,0,0.0,False,0.0
US1FLAL0051,29.5348,-82.2681,MICANOPY 2.1 NNE,13.932523333701685,Coastal,11,0,0.0,False,0.0
US1FLAL0054,29.5198,-82.3127,MICANOPY 2.1 WNW,13.615996043374766,Coastal,11,0,0.0,False,0.0
US1FLAL0055,29.6572,-82.4636,GAINESVILLE 7.7 W,2.4829881814800006,Coastal,11,0,0.0,False,0.0
US1FLAL0058,29.6056,-82.3601,GAINESVILLE 5.0 SSW,1.5177466447783496,Coastal,11,0,0.0,False,0.0
US1FLAL0060,29.6467,-82.4563,GAINESVILLE 7.5 WSW,2.2502958301428175,Coastal,9,0,0.0,False,0.0
US1FLAL0061,29.6416,-82.4246,GAINESVILLE 5.8 WSW,0.673673752129982,Coastal,1,0,0.0,False,0.0
US1FLAL0062,29.7091,-82.0662,MELROSE 1.7 W,22.307043787619577,Coastal,11,3,27.27,True,27.27
US1FLAL0063,29.6843,-82.3846,GAINESVILLE 3.0 WNW,0.0,Coastal,9,0,0.0,False,0.0
US1FLAL0071,29.6164,-82.1658,HAWTHORNE 5.0 WNW,15.458512372006386,Coastal,11,0,0.0,False,0.0
US1FLAL0072,29.6808,-82.3295,GAINESVILLE 0.6 NE,0.0,Coastal,1,0,0.0,False,0.0
US1FLAL0075,29.6692,-82.3496,GAINESVILLE 0.9 WSW,0.0,Coastal,11,0,0.0,False,0.0
US1FLAL0078,29.6007,-82.3453,GAINESVILLE 5.1 S,3.1194574831178556,Coastal,1,0,0.0,False,0.0
US1FLAL0079,29.6181,-82.3421,GAINESVILLE 3.9 S,1.5540386635088748,Coastal,11,0,0.0,False,0.0
US1FLAL0080,29.7377,-82.4169,GAINESVILLE 6.5 NW,2.2617524122427577,Coastal,11,0,0.0,False,0.0
US1FLAL0081,29.6164,-82.4514,GAINESVILLE 8.0 WSW,4.926791017666814,Coastal,10,0,0.0,False,0.0
US1FLAL0085,29.6958,-82.3586,GAINESVILLE 2.0 NW,0.0,Coastal,1,0,0.0,False,0.0
US1FLAL0086,29.5845,-82.4327,GAINESVILLE 8.5 SW,5.2962909139545244,Coastal,11,0,0.0,False,0.0
US1FLAL0095,29.656,-82.3233,GAINESVILLE 0.5 N,0.0,Coastal,1,0,0.0,False,0.0
US1FLAL0096,29.6122,-82.4445,GAINESVILLE 7.8 WSW,4.843304975683211,Coastal,11,0,0.0,False,0.0
US1FLAL0097,29.6834,-82.3853,GAINESVILLE 3.0 WNW,0.0,Coastal,11,0,0.0,False,0.0
US1FLAL0098,29.8455,-82.612,HIGH SPRINGS 2.0 NW,26.827385043988958,Coastal,11,0,0.0,False,0.0
US1FLAL0102,29.687,-82.6006,NEWBERRY 3.0 NNE,17.395187337001126,Coastal,0,0,0.0,False,0.0
US1FLBK0003,30.3212,-82.2757,SANDERSON 4.9 NNW,42.18003455592597,Coastal,0,0,0.0,False,0.0
US1FLBK0005,30.237,-82.2189,GLEN ST. MARY 4.4 SW,45.28727196180258,Coastal,0,0,0.0,False,0.0
US1FLBK0006,30.2985,-82.1624,GLEN ST. MARY 1.7 N,37.93931442612606,Coastal,11,2,18.18,False,18.18
US1FLBK0007,30.2161,-82.1606,MACCLENNY 4.9 SSW,38.998512064847894,Coastal,11,2,18.18,False,18.18
US1FLBV0001,27.9512,-80.642,PALM BAY 2.6 SSE,9.80703510611342,Coastal,11,3,27.27,True,27.27
US1FLBV0002,28.1882,-80.6805,PALM SHORES 1.4 W,0.0,Coastal,11,4,36.36,True,36.36
US1FLBV0005,28.0235,-80.6881,PALM BAY 3.1 NNW,5.042647584845462,Coastal,8,3,37.5,True,37.5
US1FLBV0006,28.1312,-80.6436,MELBOURNE 1.1 N,0.0,Coastal,10,5,50.0,True,50.0
US1FLBV0011,28.0165,-80.5332,MELBOURNE BEACH 3.9 SSE,6.152905127759068,Coastal,7,5,71.43,True,71.43
US1FLBV0012,28.3861,-80.6003,CAPE CANAVERAL 0.6 ESE,0.0,Coastal,10,3,30.0,True,30.0
US1FLBV0013,28.3122,-80.7456,ROCKLEDGE 1.1 WSW,2.274361471084924,Coastal,11,4,36.36,True,36.36
US1FLBV0014,27.9921,-80.6432,PALM BAY 1.0 NE,4.882738692610702,Coastal,0,0,0.0,False,0.0
US1FLBV0020,28.2439,-80.6842,PALM SHORES 4.3 NNW,0.5929793308243387,Coastal,11,4,36.36,True,36.36
US1FLBV0023,28.3956,-80.7868,COCOA 2.6 WNW,0.0,Coastal,11,4,36.36,True,36.36
US1FLBV0028,27.8861,-80.5283,MICCO 1.3 NW,19.35437641562909,Coastal,11,3,27.27,True,27.27
US1FLBV0032,28.4017,-80.6729,MERRITT ISLAND 4.1 NE,0.0,Coastal,2,1,50.0,True,50.0
US1FLBV0036,28.4793,-80.7093,MERRIT ISLAND 9.1 N,5.517048110207888,Coastal,11,3,27.27,True,27.27
US1FLBV0038,28.6282,-80.8572,TITUSVILLE 3.5 NW,0.5945784144607792,Coastal,11,4,36.36,True,36.36
US1FLBV0047,28.3452,-80.7217,ROCKLEDGE 1.8 NNE,0.08557542230740525,Coastal,11,4,36.36,True,36.36
US1FLBV0050,28.1825,-80.6524,MELBOURNE 4.7 N,0.0,Coastal,0,0,0.0,False,0.0
US1FLBV0052,28.1329,-80.5855,INDIALANTIC 3.3 NNW,0.0,Coastal,11,3,27.27,True,27.27
US1FLBV0054,28.3652,-80.6647,MERRITT ISLAND 3.8 N,0.0,Coastal,10,5,50.0,True,50.0
US1FLBV0055,28.0562,-80.6299,MELBOURNE 4.1 S,0.0,Coastal,7,5,71.43,True,71.43
US1FLBV0059,27.9501,-80.6421,PALM BAY 2.7 SSE,9.943454417001252,Coastal,11,3,27.27,True,27.27
US1FLBV0063,28.1712,-80.6816,MELBOURNE 4.6 NNW,0.0,Coastal,11,5,45.45,True,45.45
US1FLBV0067,27.9147,-80.6523,PALM BAY 4.9 S,14.544452191519119,Coastal,10,4,40.0,True,40.0
US1FLBV0072,27.9399,-80.6691,PALM BAY 3.2 S,12.020732389260315,Coastal,11,5,45.45,True,45.45
US1FLBV0073,28.5808,-80.8311,TITUSVILLE 0.9 SW,0.5478882928890966,Coastal,0,0,0.0,False,0.0
US1FLBV0078,28.421,-80.8171,COCOA 5.1 NW,2.2059247568724216,Coastal,11,5,45.45,True,45.45
US1FLBV0085,28.4247,-80.8018,COCOA 4.6 NW,1.7192072717543432,Coastal,2,1,50.0,True,50.0
US1FLBV0089,28.1628,-80.5914,SATELLITE BEACH 0.7 ESE,0.0,Coastal,11,4,36.36,True,36.36
US1FLBV0092,28.2045,-80.6012,SATELLITE BEACH 2.0 N,0.0,Coastal,4,3,75.0,True,75.0
US1FLBV0095,28.4585,-80.7077,MERRITT ISLAND 10.6 NNW,3.205987102234069,Coastal,11,5,45.45,True,45.45
US1FLBV0099,28.0502,-80.6939,WEST MELBOURNE 2.5 SSW,3.576209308477198,Coastal,0,0,0.0,False,0.0
US1FLBV0102,28.01,-80.6919,PALM BAY 2.6 NW,6.2191155193766035,Coastal,11,5,45.45,True,45.45
US1FLBV0107,28.1164,-80.5806,INDIALANTIC 2.1 NNW,0.0,Coastal,11,4,36.36,True,36.36
US1FLBV0109,28.1992,-80.6094,SATELLITE BEACH 1.7 NNW,0.0,Coastal,11,6,54.55,True,54.55
US1FLBV0110,28.0234,-80.6174,PALM BAY 3.7 NE,0.3039627128452299,Coastal,11,3,27.27,True,27.27
US1FLBV0111,28.1452,-80.7158,MELBOURNE 7.7 WNW,0.10036590016275233,Coastal,11,5,45.45,True,45.45
US1FLBV0113,28.1668,-80.5912,SATELLITE BEACH 0.8 SE,0.0,Coastal,9,3,33.33,True,33.33
US1FLBV0118,27.9075,-80.5242,GRANT 1.5 S,17.101516274269276,Coastal,11,3,27.27,True,27.27
US1FLBV0123,27.9926,-80.7007,PALM BAY 2.5 W,8.361971345070158,Coastal,10,3,30.0,True,30.0
US1FLBV0124,28.0711,-80.66,WEST MELBOURNE 0.9 SE,0.1593364856918172,Coastal,0,0,0.0,False,0.0
US1FLBV0125,28.0799,-80.6334,MELBOURNE 2.5 S,0.0,Coastal,10,5,50.0,True,50.0
US1FLBV0126,28.3291,-80.7405,ROCKLEDGE 0.9 NW,0.19929297087208256,Coastal,11,3,27.27,True,27.27
US1FLBV0133,28.3422,-80.6987,MERRITT ISLAND 3.0 NW,0.07290522725587817,Coastal,11,5,45.45,True,45.45
US1FLBV0134,28.3842,-80.7663,COCOA 1.1 WNW,0.0,Coastal,11,4,36.36,True,36.36
US1FLBV0136,28.006,-80.6688,PALM BAY 1.5 NNW,4.755190742785935,Coastal,4,3,75.0,True,75.0
US1FLBV0137,28.087,-80.6964,WEST MELBOURNE 1.6 WNW,0.0,Coastal,11,5,45.45,True,45.45
US1FLBV0143,28.3521,-80.6934,MERRITT ISLAND 3.4 NNW,0.0,Coastal,11,5,45.45,True,45.45
US1FLBV0144,28.2268,-80.7458,MELBOURNE 10.1 NW,4.952103502433748,Coastal,11,5,45.45,True,45.45
US1FLBV0145,28.612,-80.8305,TITUSVILLE 1.7 NNW,0.0,Coastal,9,3,33.33,True,33.33
US1FLBV0146,28.3485,-80.6932,MERRITT ISLAND 3.1 NNW,0.0,Coastal,0,0,0.0,False,0.0
US1FLBW0004,26.0145,-80.3255,PEMBROKE PINES 1.0 ENE,0.0,Coastal,0,0,0.0,False,0.0
US1FLBW0007,26.286,-80.103,POMPANO BEACH HIGHLANDS 0.7 E,0.0,Coastal,11,5,45.45,True,45.45
US1FLBW0016,26.1179,-80.1521,FORT LAUDERDALE 1.9 SSW,0.0,Coastal,0,0,0.0,False,0.0
US1FLBW0026,26.3038,-80.0813,DEERFIELD BEACH 2.5 ESE,0.0,Coastal,11,5,45.45,True,45.45
US1FLBW0067,26.0645,-80.3256,DAVIE 2.6 WSW,0.0,Coastal,0,0,0.0,False,0.0
US1FLBW0076,26.1182,-80.2066,PLANTATION 3.4 E,0.0,Coastal,11,4,36.36,True,36.36
US1FLBW0079,26.2459,-80.218,MARGATE 0.4 W,0.0,Coastal,11,6,54.55,True,54.55
US1FLBW0095,26.1069,-80.2394,PLANTATION 1.9 SE,0.0,Coastal,9,6,66.67,True,66.67
US1FLBW0099,26.072,-80.3679,WESTON 2.8 SE,0.0,Coastal,6,3,50.0,True,50.0
US1FLBW0116,26.1391,-80.2953,PLANTATION 2.3 WNW,0.0,Coastal,9,4,44.44,True,44.44
US1FLBW0121,26.2723,-80.1026,POMPANO BEACH 3.1 NE,0.0,Coastal,11,6,54.55,True,54.55
US1FLBW0137,26.2521,-80.1224,POMPANO BEACH 1.2 NNE,0.0,Coastal,11,6,54.55,True,54.55
US1FLBW0139,26.1818,-80.2999,SUNRISE 2.1 N,0.0,Coastal,4,3,75.0,True,75.0
US1FLBW0145,26.1806,-80.1684,OAKLAND PARK 1.0 WNW,0.0,Coastal,6,4,66.67,True,66.67
US1FLBW0148,26.2632,-80.2592,CORAL SPRINGS 0.4 S,0.0,Coastal,6,3,50.0,True,50.0
US1FLBW0151,26.1569,-80.2965,SUNRISE 0.4 NNE,0.0,Coastal,11,6,54.55,True,54.55
US1FLBW0153,26.0078,-80.2297,PEMBROKE PINES 4.1 E,0.0,Coastal,5,4,80.0,True,80.0
US1FLBW0155,26.0577,-80.2757,COOPER CITY 1.3 NE,0.0,Coastal,11,6,54.55,True,54.55
US1FLBW0159,26.1885,-80.1094,FORT LAUDERDALE 3.7 NNE,0.0,Coastal,11,6,54.55,True,54.55
US1FLBW0160,26.1667,-80.3106,SUNRISE 1.3 NW,0.0,Coastal,11,6,54.55,True,54.55
US1FLBW0161,26.0198,-80.3408,PEMBROKE PINES 0.7 N,0.0,Coastal,10,5,50.0,True,50.0
US1FLBW0162,26.2563,-80.2147,MARGATE 0.8 NNW,0.0,Coastal,11,5,45.45,True,45.45
US1FLBW0165,26.2492,-80.2093,MARGATE 0.3 NNE,0.0,Coastal,11,5,45.45,True,45.45
US1FLBW0166,26.1214,-80.4127,WESTON 1.7 NNW,0.0,Coastal,0,0,0.0,False,0.0
US1FLBW0167,26.3095,-80.0938,DEERFIELD BEACH 1.7 E,0.0,Coastal,11,5,45.45,True,45.45
US1FLBW0168,26.0278,-80.3236,PEMBROKE PINES 1.6 NE,0.0,Coastal,10,4,40.0,True,40.0
US1FLBW0170,26.0077,-80.1391,HOLLYWOOD 2.2 SE,0.0,Coastal,4,2,50.0,True,50.0
US1FLBW0174,26.0056,-80.1475,HOLLYWOOD 2.0 SSE,0.0,Coastal,0,0,0.0,False,0.0
US1FLCB0010,30.3178,-82.7543,WHITE SPRINGS 1.0 SSE,16.96462218129868,Coastal,11,0,0.0,False,0.0
US1FLCB0012,30.0812,-82.671,LAKE CITY 7.9 SSW,11.626148313790791,Coastal,11,0,0.0,False,0.0
US1FLCB0014,30.3175,-82.754,WHITE SPRINGS 1.0 SSE,16.91382088302764,Coastal,0,0,0.0,False,0.0
US1FLCB0019,30.0681,-82.622,LAKE CITY 8.7 S,14.300131379699852,Coastal,8,0,0.0,False,0.0
US1FLCB0024,29.8735,-82.7463,FORT WHITE 3.8 SSW,38.56618679637783,Coastal,11,1,9.09,False,9.09
US1FLCB0025,30.1706,-82.6036,LAKE CITY 2.8 ESE,4.389344712487577,Coastal,11,0,0.0,False,0.0
US1FLCB0026,29.9166,-82.6751,FORT WHITE 2.4 E,32.76472203609635,Coastal,11,1,9.09,False,9.09
US1FLCH0013,26.9805,-82.2094,PORT CHARLOTTE 6.2 W,6.957425261363208,Coastal,3,3,100.0,True,100.0
US1FLCH0015,26.9828,-82.0552,PORT CHARLOTTE 3.3 E,1.1720833919117084,Coastal,3,3,100.0,True,100.0
US1FLCH0017,26.9197,-82.0653,PUNTA GORDA 1.6 NNW,0.0,Coastal,8,3,37.5,True,37.5
US1FLCH0019,26.916,-82.068,PUNTA GORDA 1.4 NNW,0.0,Coastal,3,2,66.67,True,66.67
US1FLCH0023,26.9175,-82.0689,PUNTA GORDA 1.6 NNW,0.0,Coastal,3,2,66.67,True,66.67
US1FLCH0029,26.8966,-82.2221,PORT CHARLOTTE 9.3 SW,11.03442363821422,Coastal,4,4,100.0,True,100.0
US1FLCH0030,26.9634,-82.168,PORT CHARLOTTE 4.0 WSW,4.431007724651989,Coastal,0,0,0.0,False,0.0
US1FLCH0034,26.9353,-82.326,ENGLEWOOD 2.4 SE,0.0,Coastal,0,0,0.0,False,0.0
US1FLCH0035,27.0323,-82.1902,NORTH PORT 1.2 SSE,2.517938229493092,Coastal,7,3,42.86,True,42.86
US1FLCH0036,27.0287,-82.0711,PORT CHARLOTTE 3.8 NE,3.749075002713965,Coastal,6,3,50.0,True,50.0
US1FLCH0037,27.0231,-82.0663,PORT CHARLOTTE 3.7 NE,3.164959983923487,Coastal,3,2,66.67,True,66.67
US1FLCH0038,27.0194,-82.0901,PORT CHARLOTTE 2.6 NNE,1.6973283295791202,Coastal,0,0,0.0,False,0.0
US1FLCH0039,26.9302,-82.2851,GROVE CITY 2.8 NE,2.9144169011749947,Coastal,11,5,45.45,True,45.45
US1FLCH0040,26.987,-82.2462,NORTH PORT 5.4 SW,7.805411695582384,Coastal,11,5,45.45,True,45.45
US1FLCH0044,26.8755,-82.2021,PORT CHARLOTTE 9.5 SW,14.401453005256622,Coastal,11,5,45.45,True,45.45
US1FLCH0046,26.9345,-82.2572,PORT CHARLOTTE 9.8 WSW,5.297097762182496,Coastal,10,3,30.0,True,30.0
US1FLCH0047,27.0309,-82.0313,HARBOUR HEIGHTS 3.0 NNW,6.131618038805272,Coastal,11,5,45.45,True,45.45
US1FLCH0050,26.9968,-82.0466,PORT CHARLOTTE 3.9 ENE,2.4937244545918165,Coastal,8,3,37.5,True,37.5
US1FLCH0051,26.9883,-82.1189,PORT CHARLOTTE 0.7 WNW,0.0,Coastal,4,4,100.0,True,100.0
US1FLCR0012,26.0976,-81.7221,NAPLES 5.7 SE,2.6554230760029722,Coastal,11,4,36.36,True,36.36
US1FLCR0013,26.2798,-81.7583,NAPLES PARK 3.7 ENE,0.0,Coastal,0,0,0.0,False,0.0
US1FLCR0038,26.054,-81.6964,NAPLES 8.7 SE,8.348683879004207,Coastal,0,0,0.0,False,0.0
US1FLCR0041,26.2406,-81.6976,NAPLES 9.0 NE,4.493853920205821,Coastal,1,0,0.0,False,0.0
US1FLCR0052,26.2744,-81.5318,NAPLES 18.6 ENE,19.610359643944157,Coastal,10,4,40.0,True,40.0
US1FLCR0053,26.264,-81.5619,NAPLES 16.6 ENE,16.03653990178027,Coastal,11,4,36.36,True,36.36
US1FLCR0057,26.3329,-81.4339,AVE MARIA 0.4 SE,32.63923782826221,Coastal,2,2,100.0,True,100.0
US1FLCR0059,26.2271,-81.628,NAPLES 11.8 ENE,7.431333370998186,Coastal,11,3,27.27,True,27.27
US1FLCR0060,26.3292,-81.4314,AVE MARIA 0.7 SE,32.66287921233418,Coastal,0,0,0.0,False,0.0
US1FLCR0061,26.1964,-81.7945,NAPLES 3.6 N,0.0,Coastal,0,0,0.0,False,0.0
US1FLCR0062,26.1647,-81.7324,GOLDEN GATE 2.2 SW,0.0,Coastal,11,5,45.45,True,45.45
US1FLCR0063,26.0389,-81.6891,MARCO ISLAND 6.6 NNE,10.312340289584732,Coastal,0,0,0.0,False,0.0
US1FLCR0066,26.129,-81.7458,EAST NAPLES 0.9 NE,0.0,Coastal,4,1,25.0,True,25.0
US1FLCR0067,26.3066,-81.4501,AVE MARIA 2.3 SSW,29.539415299742316,Coastal,0,0,0.0,False,0.0
US1FLCR0071,26.0791,-81.6859,NAPLES MANOR 2.3 ENE,7.270870972861269,Coastal,11,4,36.36,True,36.36
US1FLCT0008,28.871,-82.5273,CRYSTAL RIVER 4.7 ESE,4.706193615779394,Coastal,11,2,18.18,False,18.18
US1FLCT0011,28.9298,-82.3704,HERNANDO 1.6 N,22.575048956546247,Coastal,11,2,18.18,False,18.18
US1FLCT0015,28.8582,-82.3056,INVERNESS 2.6 ENE,29.385980276857264,Coastal,0,0,0.0,False,0.0
US1FLCT0024,28.9142,-82.4215,HERNANDO 2.9 W,16.66830806432686,Coastal,3,0,0.0,False,0.0
US1FLCT0029,28.7303,-82.5391,HOMOSASSA 6.0 SE,17.04747018825906,Coastal,11,3,27.27,True,27.27
US1FLCT0030,28.8741,-82.4411,HERNANDO 4.4 WSW,14.19406963223475,Coastal,11,2,18.18,False,18.18
US1FLCT0031,28.8816,-82.3971,INVERNESS 4.4 NW,19.07776944722436,Coastal,10,3,30.0,True,30.0
US1FLCT0034,28.9317,-82.4416,BEVERLY HILLS 1.9 NE,14.87816334724806,Coastal,11,3,27.27,True,27.27
US1FLCT0035,28.8717,-82.4114,INVERNESS 4.7 WNW,17.511692656682847,Coastal,11,2,18.18,False,18.18
US1FLCT0036,28.8175,-82.2769,INVERNESS 4.3 ESE,33.39766789850742,Coastal,0,0,0.0,False,0.0
US1FLCT0037,29.0059,-82.4938,CITRUS SPRINGS 1.3 WNW,15.363074313478238,Coastal,11,3,27.27,True,27.27
US1FLCT0038,28.8828,-82.4333,HERNANDO 3.9 WSW,15.05206088434105,Coastal,10,2,20.0,True,20.0
US1FLCT0039,28.8794,-82.4076,INVERNESS 4.8 NW,17.90696061696845,Coastal,0,0,0.0,False,0.0
US1FLCT0041,28.8529,-82.5858,HOMOSASSA 5.3 NNE,1.178532241145719,Coastal,11,3,27.27,True,27.27
US1FLCT0042,28.9709,-82.4168,HERNANDO 5.1 NNW,19.30235910934632,Coastal,2,1,50.0,True,50.0
US1FLCT0043,28.8227,-82.3334,INVERNESS 1.3 SSE,27.142608203333737,Coastal,11,3,27.27,True,27.27
US1FLCT0046,28.8646,-82.4114,INVERNESS 4.5 WNW,17.58558033802601,Coastal,0,0,0.0,False,0.0
US1FLCY0001,30.0785,-81.6956,FLEMING ISLAND 1.7 SE,9.415764114117746,Coastal,11,0,0.0,False,0.0
US1FLCY0003,29.8172,-81.9275,KEYSTONE HEIGHTS 6.9 ENE,29.79805431075232,Coastal,11,1,9.09,False,9.09
US1FLCY0007,29.7981,-81.9788,KEYSTONE HEIGHTS 3.5 ENE,33.71128705927635,Coastal,11,0,0.0,False,0.0
US1FLCY0024,29.7668,-82.0079,KEYSTONE HEIGHTS 1.8 ESE,29.65995794391046,Coastal,2,0,0.0,False,0.0
US1FLCY0025,30.1448,-81.7668,ORANGE PARK 4.1 WSW,0.0,Coastal,11,0,0.0,False,0.0
US1FLCY0037,30.0616,-81.7134,FLEMING ISLAND 2.2 S,10.60388840190665,Coastal,10,1,10.0,False,10.0
US1FLCY0038,29.8593,-81.8916,KEYSTONE HEIGHTS 10.1 ENE,30.055403774237117,Coastal,11,0,0.0,False,0.0
US1FLCY0039,30.1517,-81.7424,ORANGE PARK 2.5 WSW,0.0,Coastal,10,0,0.0,False,0.0
US1FLCY0041,29.981,-81.8102,PENNEY FARMS 0.1 E,17.666353718152326,Coastal,11,1,9.09,False,9.09
US1FLCY0042,30.0057,-81.7178,GREEN COVE SPRINGS 2.6 WNW,16.277601664396766,Coastal,9,0,0.0,False,0.0
US1FLCY0051,30.1628,-81.7091,ORANGE PARK 0.5 SSW,0.15996492069954976,Coastal,4,0,0.0,False,0.0
US1FLCY0054,29.8505,-81.8948,KEYSTONE HEIGHTS 9.7 ENE,29.526986601053007,Coastal,11,0,0.0,False,0.0
US1FLCY0055,30.108,-81.7321,FLEMING ISLAND 1.3 NW,4.947477143237806,Coastal,11,1,9.09,False,9.09
US1FLCY0057,30.1054,-81.7027,FLEMING ISLAND 1.3 NE,6.408198181004466,Coastal,2,0,0.0,False,0.0
US1FLDS0003,27.039,-82.0546,LAKE SUZY 1.0 W,5.454186013756459,Coastal,11,4,36.36,True,36.36
US1FLDV0003,30.2765,-81.7304,JACKSONVILLE 5.9 SW,0.0,Coastal,11,0,0.0,False,0.0
US1FLDV0013,30.3216,-81.3956,NEPTUNE BEACH 0.5 NNW,0.001057921330879343,Coastal,11,1,9.09,False,9.09
US1FLDV0026,30.2608,-81.7444,JACKSONVILLE 7.3 SW,0.0,Coastal,6,0,0.0,False,0.0
US1FLDV0028,30.3157,-81.5985,JACKSONVILLE 3.8 ESE,0.0,Coastal,11,0,0.0,False,0.0
US1FLDV0033,30.3044,-81.8226,JACKSONVILLE 10.0 WSW,0.6524722586070764,Coastal,11,1,9.09,False,9.09
US1FLDV0034,30.2948,-81.7237,JACKSONVILLE 4.8 SW,0.0,Coastal,0,0,0.0,False,0.0
US1FLDV0042,30.235,-81.7869,JACKSONVILLE 10.3 SW,0.0,Coastal,11,0,0.0,False,0.0
US1FLDV0047,30.1705,-81.5818,JACKSONVILLE 12.0 SSE,0.0,Coastal,0,0,0.0,False,0.0
US1FLDV0050,30.3848,-81.521,JACKSONVILLE 8.9 ENE,0.0,Coastal,5,0,0.0,False,0.0
US1FLDV0059,30.3758,-81.6047,JACKSONVILLE 4.2 NE,0.0,Coastal,11,2,18.18,False,18.18
US1FLDV0063,30.2586,-81.7548,JACKSONVILLE 7.8 SW,0.0,Coastal,11,0,0.0,False,0.0
US1FLDV0069,30.3033,-81.7635,JACKSONVILLE 6.7 WSW,0.0,Coastal,7,0,0.0,False,0.0
US1FLDV0071,30.411,-81.8252,JACKSONVILLE 11.3 WNW,4.674340436957707,Coastal,11,0,0.0,False,0.0
US1FLDV0079,30.2274,-81.5565,JACKSONVILLE 9.6 SE,0.0,Coastal,11,1,9.09,False,9.09
US1FLDV0091,30.4839,-81.7016,JACKSONVILLE 10.6 NNW,0.0,Coastal,11,0,0.0,False,0.0
US1FLDV0094,30.2991,-81.7126,JACKSONVILLE 4.1 SW,0.0,Coastal,11,0,0.0,False,0.0
US1FLDV0098,30.1148,-81.5205,FRUIT COVE 5.9 E,5.989578728519496,Coastal,11,1,9.09,False,9.09
US1FLDV0106,30.1643,-81.6264,JACKSONVILLE 11.9 S,0.0,Coastal,0,0,0.0,False,0.0
US1FLDV0112,30.2956,-81.7184,JACKSONVILLE 4.5 SW,0.0,Coastal,0,0,0.0,False,0.0
US1FLDV0117,30.1402,-81.5713,JACKSONVILLE 14.4 SSE,2.346614559983983,Coastal,11,0,0.0,False,0.0
US1FLDV0118,30.2583,-81.5586,JACKSONVILLE 7.9 SE,0.0,Coastal,10,0,0.0,False,0.0
US1FLDV0120,30.1871,-81.6107,JACKSONVILLE 10.6 SSE,0.0,Coastal,5,2,40.0,True,40.0
US1FLDV0122,30.2953,-81.4008,JACKSONVILLE BEACH 1.7 NW,0.0,Coastal,11,1,9.09,False,9.09
US1FLDV0126,30.2673,-81.7486,JACKSONVILLE 7.1 SW,0.0,Coastal,8,0,0.0,False,0.0
US1FLDX0003,29.6579,-83.0332,OLD TOWN 4.9 NW,65.45156339677835,Rural,0,0,0.0,False,0.0
US1FLFL0019,29.4722,-81.2439,BUNNELL 1.0 ENE,9.859792956421234,Coastal,5,4,80.0,True,80.0
US1FLFL0021,29.5663,-81.2054,PALM COAST 0.6 ESE,0.4594531540479136,Coastal,1,0,0.0,False,0.0
US1FLFL0024,29.5996,-81.2046,PALM COAST 2.1 NNE,0.6656256725589346,Coastal,11,1,9.09,False,9.09
US1FLFL0027,29.601,-81.2609,PALM COAST 3.5 NW,2.2298102606224277,Coastal,0,0,0.0,False,0.0
US1FLFL0030,29.5161,-81.245,PALM COAST 4.2 SSW,4.248928895911991,Coastal,10,3,30.0,True,30.0
US1FLFL0032,29.5938,-81.1968,PALM COAST 1.9 NNE,0.4962479292835594,Coastal,11,3,27.27,True,27.27
US1FLFL0033,29.4564,-81.1163,FLAGLER BEACH 1.3 SE,15.174573740964293,Coastal,11,3,27.27,True,27.27
US1FLFL0036,29.592,-81.1828,PALM COAST 2.4 NE,2.0537929744725374,Coastal,0,0,0.0,False,0.0
US1FLFL0037,29.5177,-81.235,PALM COAST 3.9 SSW,4.115910757493006,Coastal,11,3,27.27,True,27.27
US1FLFL0038,29.5123,-81.2128,PALM COAST 4.1 S,5.3331319989414325,Coastal,4,1,25.0,True,25.0
US1FLFL0039,29.4418,-81.1106,FLAGLER BEACH 2.3 SSE,13.363962078113646,Coastal,11,3,27.27,True,27.27
US1FLFL0040,29.5808,-81.2208,PALM COAST 0.8 NNW,0.0,Coastal,11,2,18.18,False,18.18
US1FLFL0043,29.4504,-81.2156,PALM COAST 8.3 S,12.892851268434324,Coastal,11,3,27.27,True,27.27
US1FLFL0047,29.5135,-81.2507,PALM COAST 4.5 SSW,4.540232917828011,Coastal,11,3,27.27,True,27.27
US1FLFL0049,29.544,-81.2166,PALM COAST 1.9 S,1.566136846366268,Coastal,7,1,14.29,False,14.29
US1FLFL0050,29.5441,-81.2398,PALM COAST 2.4 SW,0.7110182440436279,Coastal,5,2,40.0,True,40.0
US1FLFL0053,29.6135,-81.2726,PALM COAST 4.6 NW,4.180244348986079,Coastal,0,0,0.0,False,0.0
US1FLGC0003,29.6765,-82.6687,NEWBERRY 4.0 WNW,24.86436284751391,Coastal,8,1,12.5,False,12.5
US1FLGC0008,29.6563,-82.8628,TRENTON 4.0 NW,46.49927258249364,Coastal,11,2,18.18,False,18.18
US1FLGL0007,26.8206,-81.4495,LA BELLE 4.5 NNW,44.052417322775035,Coastal,10,4,40.0,True,40.0
US1FLGL0013,26.9838,-81.0984,MOORE HAVEN 10.4 N,86.1595224394407,Rural,5,3,60.0,True,60.0
US1FLHB0001,28.0662,-82.2098,PLANT CITY 6.5 NW,5.588059037919641,Coastal,11,6,54.55,True,54.55
US1FLHB0004,27.9125,-82.2261,VALRICO 2.2 SE,3.256157594441726,Coastal,11,4,36.36,True,36.36
US1FLHB0005,28.0823,-82.5493,CITRUS PARK 1.3 ENE,0.0,Coastal,11,4,36.36,True,36.36
US1FLHB0010,27.8859,-82.4895,TAMPA 5.1 S,0.0,Coastal,11,6,54.55,True,54.55
US1FLHB0014,27.868,-82.2405,BLOOMINGDALE 1.3 ESE,3.5207823488531758,Coastal,0,0,0.0,False,0.0
US1FLHB0016,28.0088,-82.0724,PLANT CITY 3.4 E,4.425840474323379,Coastal,0,0,0.0,False,0.0
US1FLHB0017,27.7305,-82.3384,SUN CITY CENTER 1.0 NE,20.513132192650286,Coastal,11,6,54.55,True,54.55
US1FLHB0027,28.1228,-82.4531,LUTZ 1.3 SSE,0.0,Coastal,10,4,40.0,True,40.0
US1FLHB0029,28.0301,-82.4062,TAMPA 6.5 NNE,0.0,Coastal,11,5,45.45,True,45.45
US1FLHB0033,27.8283,-82.1487,BLOOMINGDALE 7.6 ESE,14.887832444360667,Coastal,11,4,36.36,True,36.36
US1FLHB0036,27.9035,-82.516,TAMPA 4.4 SSW,0.0,Coastal,0,0,0.0,False,0.0
US1FLHB0037,28.1358,-82.4304,LUTZ 2.0 E,1.269783078230539,Coastal,11,4,36.36,True,36.36
US1FLHB0040,28.0824,-82.464,UNIVERSITY WEST 2.0 WNW,0.0,Coastal,10,3,30.0,True,30.0
US1FLHB0044,27.7057,-82.4005,RUSKIN 1.8 ESE,19.977842150718566,Coastal,10,4,40.0,True,40.0
US1FLHB0048,28.1071,-82.5132,GREATER NORTHDALE 0.4 ENE,0.0,Coastal,11,3,27.27,True,27.27
US1FLHB0051,28.1105,-82.446,LUTZ 2.2 SSE,0.0,Coastal,11,5,45.45,True,45.45
US1FLHB0055,28.0126,-82.4155,TAMPA 5.0 NNE,0.0,Coastal,11,5,45.45,True,45.45
US1FLHB0060,27.9058,-82.2411,VALRICO 2.8 SSE,1.9212168491756298,Coastal,9,2,22.22,True,22.22
US1FLHB0068,27.9491,-82.0938,TAMPA 22.3 E,7.278877378510386,Coastal,0,0,0.0,False,0.0
US1FLHB0069,27.8658,-82.3507,RIVERVIEW 2.1 W,3.926991748968505,Coastal,11,5,45.45,True,45.45
US1FLHB0098,27.8047,-82.341,RIVERVIEW 4.8 SSW,11.197660594962004,Coastal,11,6,54.55,True,54.55
US1FLHB0107,27.7086,-82.3483,SUN CITY CENTER 0.9 SSE,22.931221806539583,Coastal,9,4,44.44,True,44.44
US1FLHB0114,27.8735,-82.3029,RIVERVIEW 0.9 ENE,3.142983972996803,Coastal,11,4,36.36,True,36.36
US1FLHB0116,28.1341,-82.4719,LUTZ 0.6 WSW,0.0,Coastal,2,1,50.0,True,50.0
US1FLHB0120,28.0632,-82.4799,TAMPA 7.9 N,0.0,Coastal,11,3,27.27,True,27.27
US1FLHB0123,28.0939,-82.2561,THONOTOSASSA 3.6 NE,9.696320436475409,Coastal,3,3,100.0,True,100.0
US1FLHB0128,27.7036,-82.4066,RUSKIN 1.6 ESE,19.916618000710116,Coastal,4,3,75.0,True,75.0
US1FLHB0130,27.7822,-82.3645,APOLLO BEACH 2.7 ENE,14.40047892298504,Coastal,11,4,36.36,True,36.36
US1FLHB0136,27.903,-82.3264,BRANDON 2.8 SW,0.0,Coastal,9,3,33.33,True,33.33
US1FLHB0138,27.9382,-82.5047,TAMPA 2.0 SW,0.0,Coastal,3,3,100.0,True,100.0
US1FLHB0139,27.7087,-82.3539,SUN CITY CENTER 0.9 S,22.52104625694131,Coastal,11,4,36.36,True,36.36
US1FLHB0140,28.0864,-82.5154,GREATER NORTHDALE 1.2 S,0.0,Coastal,11,4,36.36,True,36.36
US1FLHB0141,28.0687,-82.4965,CARROLLWOOD 1.3 N,0.0,Coastal,10,4,40.0,True,40.0
US1FLHB0142,28.1648,-82.2965,ZEPHYRHILLS 8.8 SW,5.297180556450786,Coastal,5,1,20.0,True,20.0
US1FLHB0143,27.9135,-82.5136,TAMPA 3.7 SSW,0.0,Coastal,0,0,0.0,False,0.0
US1FLHB0150,27.9004,-82.3247,RIVERVIEW 2.1 NNW,0.3564400895501986,Coastal,1,0,0.0,False,0.0
US1FLHB0152,27.9991,-82.5857,TAMPA 6.9 WNW,0.0,Coastal,0,0,0.0,False,0.0
US1FLHB0153,27.7377,-82.3497,SUN CITY CENTER 1.1 N,19.676767997508485,Coastal,3,1,33.33,True,33.33
US1FLHB0154,27.9942,-82.269,SEFFNER 0.4 ESE,0.7258648627154701,Coastal,10,5,50.0,True,50.0
US1FLHB0156,28.059,-82.4871,CARROLLWOOD 0.7 NNE,0.0,Coastal,9,4,44.44,True,44.44
US1FLHB0160,27.9665,-82.2548,VALRICO 1.6 NNW,0.0,Coastal,11,5,45.45,True,45.45
US1FLHB0162,27.9697,-82.296,BRANDON 2.8 N,0.0,Coastal,8,5,62.5,True,62.5
US1FLHB0163,27.8801,-82.2641,BLOOMINGDALE 0.3 NW,0.484967298649048,Coastal,11,5,45.45,True,45.45
US1FLHB0166,27.8869,-82.3449,RIVERVIEW 2.1 WNW,1.27735054628416,Coastal,10,3,30.0,True,30.0
US1FLHB0167,27.8964,-82.4957,TAMPA 4.4 S,0.0,Coastal,2,2,100.0,True,100.0
US1FLHB0168,28.07,-82.5587,CARROLLWOOD VILLAGE 2.3 W,0.0,Coastal,10,3,30.0,True,30.0
US1FLHB0169,27.9833,-82.1473,PLANT CITY 1.9 SW,2.67658568425104,Coastal,11,5,45.45,True,45.45
US1FLHB0172,27.8175,-82.309,RIVERVIEW 3.7 S,9.358497762762376,Coastal,10,4,40.0,True,40.0
US1FLHB0173,27.7724,-82.4171,APOLLO BEACH 0.6 W,11.869764309287927,Coastal,11,6,54.55,True,54.55
US1FLHB0177,27.973,-82.0771,PLANT CITY 3.9 SE,5.567328956128424,Coastal,11,6,54.55,True,54.55
US1FLHB0178,27.7082,-82.4807,RUSKIN 3.2 W,16.173000687838737,Coastal,11,6,54.55,True,54.55
US1FLHB0180,28.0543,-82.2657,THONOTOSASSA 2.3 ESE,6.818661446014973,Coastal,5,1,20.0,True,20.0
US1FLHB0181,27.7374,-82.3716,RUSKIN 3.9 ENE,18.49719170402692,Coastal,0,0,0.0,False,0.0
US1FLHD0003,27.6369,-81.8337,BOWLING GREEN 0.6 W,40.917172722885994,Coastal,0,0,0.0,False,0.0
US1FLHL0001,27.3424,-81.429,LAKE PLACID 4.8 NW,71.51547106893675,Rural,6,4,66.67,True,66.67
US1FLHL0003,27.2877,-81.3853,LAKE PLACID 1.1 WSW,79.42596408343955,Rural,9,4,44.44,True,44.44
US1FLHL0012,27.405,-81.2461,SYLVAN SHORES 8.5 NE,72.34755569629381,Rural,11,5,45.45,True,45.45
US1FLHL0013,27.516,-81.525,SEBRING 4.7 WNW,48.00801240362622,Coastal,11,5,45.45,True,45.45
US1FLHL0024,27.2406,-81.4102,LAKE PLACID 4.6 SSW,77.35890132420245,Rural,0,0,0.0,False,0.0
US1FLHL0030,27.4995,-81.498,SEBRING 2.8 WNW,50.57867829995401,Rural,9,3,33.33,True,33.33
US1FLHL0032,27.5334,-81.4896,SEBRING 3.7 NW,46.63531431076385,Coastal,0,0,0.0,False,0.0
US1FLHL0038,27.4687,-81.417,SEBRING 2.7 SE,56.763836868243935,Rural,8,4,50.0,True,50.0
US1FLHL0043,27.4415,-81.3377,SEBRING 7.9 ESE,63.37380672570114,Rural,1,1,100.0,True,100.0
US1FLHM0005,30.334,-82.762,WHITE SPRINGS 0.3 NW,19.175962608047787,Coastal,3,0,0.0,False,0.0
US1FLHN0007,28.4475,-82.5236,SPRING HILL 3.3 SE,8.613739220024986,Coastal,11,3,27.27,True,27.27
US1FLHN0008,28.5586,-82.5781,WEEKI WACHEE 3.0 N,1.2150590446312115,Coastal,11,4,36.36,True,36.36
US1FLHN0011,28.6396,-82.3385,NORTH BROOKSVILLE 6.3 NE,28.508554128633325,Coastal,3,1,33.33,True,33.33
US1FLHN0014,28.4955,-82.6018,SPRING HILL 2.4 NW,0.0,Coastal,11,3,27.27,True,27.27
US1FLHN0022,28.5228,-82.3394,BROOKSVILLE 3.9 SE,24.63140793160275,Coastal,9,2,22.22,True,22.22
US1FLHN0024,28.6105,-82.5351,WEEKI WACHEE 7.1 NNE,9.183056685801883,Coastal,11,3,27.27,True,27.27
US1FLHN0026,28.4715,-82.5992,SPRING HILL 2.4 WSW,0.9348697522595913,Coastal,10,2,20.0,True,20.0
US1FLHN0030,28.4931,-82.576,SPRING HILL 1.1 NW,0.42412702454407836,Coastal,0,0,0.0,False,0.0
US1FLHN0035,28.4829,-82.5957,SPRING HILL 2.1 W,0.0,Coastal,11,4,36.36,True,36.36
US1FLHN0039,28.5106,-82.3589,BROOKSVILLE 3.7 SE,22.55640335874263,Coastal,11,3,27.27,True,27.27
US1FLHN0040,28.5372,-82.5652,WEEKI WACHEE 1.7 NNE,0.31303669988635646,Coastal,8,2,25.0,True,25.0
US1FLHN0041,28.4611,-82.5085,SPRING HILL 3.6 ESE,8.651037636899515,Coastal,9,3,33.33,True,33.33
US1FLHN0043,28.5334,-82.303,BROOKSVILLE 5.7 ESE,28.68519751816624,Coastal,0,0,0.0,False,0.0
US1FLHY0003,26.7639,-81.4748,LA BELLE 2.3 WNW,39.09261386309053,Coastal,11,5,45.45,True,45.45
US1FLHY0005,26.6639,-81.09,CLEWISTON 11.2 WSW,80.40955363115894,Rural,4,1,25.0,True,25.0
US1FLHY0008,26.7582,-81.4432,LABELLE 0.3 WNW,42.340738209065044,Coastal,10,4,40.0,True,40.0
US1FLHY0011,26.7672,-81.4159,LABELLE 1.5 ENE,45.5540290942528,Coastal,11,4,36.36,True,36.36
US1FLHY0012,26.6183,-81.1047,CLEWISTON 13.8 SW,78.81391061083444,Rural,11,5,45.45,True,45.45
US1FLIR0006,27.6438,-80.4339,VERO BEACH 2.4 W,0.0,Coastal,11,3,27.27,True,27.27
US1FLIR0015,27.6414,-80.4174,VERO BEACH 1.5 WSW,0.0,Coastal,0,0,0.0,False,0.0
US1FLIR0019,27.7598,-80.4927,SEBASTIAN 2.0 SSW,12.215047627945516,Coastal,9,5,55.56,True,55.56
US1FLIR0024,27.6429,-80.4494,VERO BEACH 3.4 W,0.4610211096177088,Coastal,11,3,27.27,True,27.27
US1FLIR0026,27.5996,-80.4166,VERO BEACH 3.5 SSW,2.0203708162912104,Coastal,11,5,45.45,True,45.45
US1FLIR0027,27.6102,-80.393,VERO BEACH 2.5 S,0.0,Coastal,10,4,40.0,True,40.0
US1FLIR0036,27.6409,-80.4804,VERO BEACH 5.3 W,3.8640619883226437,Coastal,5,3,60.0,True,60.0
US1FLIR0041,27.6626,-80.3663,VERO BEACH 2.1 NE,1.5096451521336853,Coastal,0,0,0.0,False,0.0
US1FLIR0047,27.5591,-80.3935,VERO BEACH 6.0 S,5.726741960995116,Coastal,11,4,36.36,True,36.36
US1FLIR0048,27.7109,-80.4427,VERO BEACH 5.4 NNW,4.009576190528276,Coastal,8,3,37.5,True,37.5
US1FLIR0050,27.6306,-80.4496,VERO BEACH SOUTH 2.4 WNW,1.0130410566696073,Coastal,11,5,45.45,True,45.45
US1FLIR0051,27.8208,-80.5931,FELLSMERE 3.8 N,25.668329476065924,Coastal,10,4,40.0,True,40.0
US1FLIR0052,27.7374,-80.4247,WABASSO 1.2 SE,5.679229648335993,Coastal,0,0,0.0,False,0.0
US1FLIR0054,27.7646,-80.5343,VERO BEACH 11.9 NW,16.080051591518462,Coastal,10,3,30.0,True,30.0
US1FLIR0055,27.6408,-80.4356,VERO BEACH 2.6 W,0.0,Coastal,5,2,40.0,True,40.0
US1FLIR0061,27.6593,-80.4515,VERO BEACH 3.6 WNW,1.0802570368782223,Coastal,0,0,0.0,False,0.0
US1FLJF0007,30.2925,-83.8973,LAMONT 7.7 SW,39.044763801405644,Coastal,11,0,0.0,False,0.0
US1FLJF0009,30.5577,-83.8016,MONTICELLO 4.3 ENE,39.45545213328516,Coastal,11,0,0.0,False,0.0
US1FLJF0010,30.5255,-83.9162,MONTICELLO 2.9 WSW,33.31988803732091,Coastal,11,0,0.0,False,0.0
US1FLLE0006,26.6586,-81.7138,BUCKINGHAM 1.7 SE,11.005800688462543,Coastal,11,5,45.45,True,45.45
US1FLLE0022,26.4946,-82.0774,SAINT JAMES CITY 0.4 SSE,6.396953605673136,Coastal,3,3,100.0,True,100.0
US1FLLE0037,26.6423,-81.8488,FORT MYERS 0.8 N,0.0,Coastal,4,4,100.0,True,100.0
US1FLLE0055,26.6064,-81.8773,FORT MYERS 2.3 SW,0.0,Coastal,11,5,45.45,True,45.45
US1FLLE0057,26.5674,-81.9979,CAPE CORAL 4.9 S,0.0,Coastal,9,3,33.33,True,33.33
US1FLLE0059,26.6917,-82.0127,CAPE CORAL 3.9 NNW,6.345515436916924,Coastal,3,3,100.0,True,100.0
US1FLLE0062,26.5937,-81.9331,CAPE CORAL 5.0 SE,0.0,Coastal,0,0,0.0,False,0.0
US1FLLE0065,26.5304,-81.9027,CYPRESS LAKE 0.5 SSW,0.0,Coastal,6,2,33.33,True,33.33
US1FLLE0068,26.5504,-81.6508,LEHIGH ACRES 3.8 SSW,19.241800280883247,Coastal,8,3,37.5,True,37.5
US1FLLE0072,26.6372,-81.8772,FORT MYERS 1.7 WNW,0.4902648134661588,Coastal,11,3,27.27,True,27.27
US1FLLE0074,26.684,-81.8547,NORTH FORT MYERS 2.8 ESE,0.4163422792737386,Coastal,6,3,50.0,True,50.0
US1FLLE0075,26.4435,-81.8179,ESTERO 0.5 WNW,3.417580548637074,Coastal,4,1,25.0,True,25.0
US1FLLE0076,26.7169,-81.7211,FORT MYERS 10.0 NE,11.17169223777462,Coastal,8,3,37.5,True,37.5
US1FLLE0078,26.6232,-81.9497,CAPE CORAL 3.1 ESE,0.0,Coastal,0,0,0.0,False,0.0
US1FLLK0003,28.565,-81.824,GROVELAND 1.7 E,23.574611173226774,Coastal,11,5,45.45,True,45.45
US1FLLK0016,28.8925,-81.9404,LADY LAKE 2.5 SSW,4.544874858901876,Coastal,0,0,0.0,False,0.0
US1FLLK0017,28.7366,-81.8465,LEESBURG 5.4 SSE,8.682779751216337,Coastal,0,0,0.0,False,0.0
US1FLLK0021,28.92,-81.9116,LADY LAKE 1.2 ESE,7.73758245156078,Coastal,11,4,36.36,True,36.36
US1FLLK0022,28.9548,-81.939,LADY LAKE 2.0 NNW,12.178424933352913,Coastal,11,4,36.36,True,36.36
US1FLLK0023,28.9017,-81.7576,LEESBURG 9.9 NE,7.390845956865457,Coastal,5,3,60.0,True,60.0
US1FLLK0027,28.5422,-81.6831,OAKLAND 3.4 WSW,8.199119216347006,Coastal,10,3,30.0,True,30.0
US1FLLK0028,28.8679,-81.9152,FRUITLAND PARK 0.8 NNW,1.218072866468618,Coastal,10,1,10.0,False,10.0
US1FLLK0030,28.8362,-81.9137,LEESBURG 2.7 NW,0.0,Coastal,11,5,45.45,True,45.45
US1FLLK0031,28.8499,-81.9446,LADY LAKE 5.5 S,2.4582007444954708,Coastal,10,3,30.0,True,30.0
US1FLLK0036,28.5737,-81.7821,CLERMONT 2.1 NW,18.981015129632596,Coastal,8,2,25.0,True,25.0
US1FLLK0041,28.7284,-81.8878,LEESBURG 5.5 S,9.721082433796441,Coastal,5,0,0.0,False,0.0
US1FLLK0042,28.493,-81.7677,CLERMONT 4.1 S,18.173503664619822,Coastal,7,2,28.57,True,28.57
US1FLLK0043,28.9117,-81.8661,LADY LAKE 4.0 ESE,8.234311591664522,Coastal,11,4,36.36,True,36.36
US1FLLK0044,28.9847,-81.5019,PAISLEY 2.4 E,19.198915445714025,Coastal,11,4,36.36,True,36.36
US1FLLK0045,28.9736,-81.6308,ALTOONA 1.2 ENE,14.333082099760071,Coastal,0,0,0.0,False,0.0
US1FLLK0046,28.4575,-81.7474,CLERMONT 6.5 S,14.781930093754383,Coastal,7,2,28.57,True,28.57
US1FLLK0048,28.7996,-81.7331,TAVARES 0.4 SSE,4.140959166373432,Coastal,0,0,0.0,False,0.0
US1FLLK0049,28.389,-81.6594,CLERMONT 12.7 SSE,1.7005896650995382,Coastal,4,2,50.0,True,50.0
US1FLLK0050,28.8033,-81.6179,MOUNT DORA 1.5 E,5.228923096168836,Coastal,11,2,18.18,False,18.18
US1FLLK0051,28.5416,-81.7452,CLERMONT 1.0 SE,14.977725610153911,Coastal,11,3,27.27,True,27.27
US1FLLK0052,28.6088,-81.7856,GROVELAND 5.1 NE,20.14421480530885,Coastal,11,4,36.36,True,36.36
US1FLLV0001,29.1569,-82.5611,DUNNELLON 10.1 NW,30.888708845626837,Coastal,11,2,18.18,False,18.18
US1FLLV0004,29.4208,-82.6015,BRONSON 3.0 SE,33.42958706439412,Coastal,0,0,0.0,False,0.0
US1FLLV0014,29.442,-82.536,WILLISTON 6.9 NW,26.65707697265941,Coastal,11,0,0.0,False,0.0
US1FLLV0015,29.0409,-82.6598,INGLIS 0.6 N,16.804903149539363,Coastal,8,1,12.5,False,12.5
US1FLLV0017,29.4991,-82.8666,CHIEFLAND 1.4 NNW,51.61635604172846,Rural,11,2,18.18,False,18.18
US1FLLV0018,29.0429,-82.5701,DUNNELLON 7.4 W,16.33448590812679,Coastal,11,2,18.18,False,18.18
US1FLLV0019,29.4795,-82.6109,ARCHER 6.7 SW,29.119954562349513,Coastal,11,1,9.09,False,9.09
US1FLMA0006,27.54,-82.422,ELLENTON 6.6 E,9.84879324516464,Coastal,11,5,45.45,True,45.45
US1FLMA0010,27.4309,-82.4152,BRADENTON 10.8 SE,5.827410568049938,Coastal,11,5,45.45,True,45.45
US1FLMA0017,27.5182,-82.6511,BRADENTON 4.9 WNW,0.049021704095023697,Coastal,1,1,100.0,True,100.0
US1FLMA0018,27.505,-82.4005,BRADENTON 11.0 E,10.248775915155207,Coastal,3,3,100.0,True,100.0
US1FLMA0020,27.5099,-82.6297,BRADENTON 3.5 WNW,0.0,Coastal,0,0,0.0,False,0.0
US1FLMA0022,27.5622,-82.483,PALMETTO 6.4 ENE,6.013651266552899,Coastal,11,4,36.36,True,36.36
US1FLMA0028,27.5319,-82.7317,ANNA MARIA 0.2 NNE,6.987562961865752,Coastal,5,3,60.0,True,60.0
US1FLMA0029,27.4132,-82.3683,LAKEWOOD RANCH 3.5 E,10.558256092684354,Coastal,11,5,45.45,True,45.45
US1FLMA0032,27.4275,-82.4001,THE MEADOWS 6.2 NE,7.555315280705605,Coastal,11,5,45.45,True,45.45
US1FLMA0034,27.4547,-82.4694,SAMOSET 4.7 ESE,0.5137088210183157,Coastal,11,6,54.55,True,54.55
US1FLMA0037,27.4119,-82.4267,THE MEADOWS 4.4 NE,4.973285213474218,Coastal,0,0,0.0,False,0.0
US1FLMA0038,27.4756,-82.5974,BRADENTON 1.4 SW,0.0,Coastal,0,0,0.0,False,0.0
US1FLMA0040,27.5239,-82.3732,PARRISH 5.6 SE,14.09254019844887,Coastal,11,5,45.45,True,45.45
US1FLMA0041,27.4039,-82.4885,SARASOTA 5.9 NE,0.0,Coastal,11,6,54.55,True,54.55
US1FLMA0042,27.4886,-82.6818,CORTEZ 1.5 NNW,1.525331411703747,Coastal,3,0,0.0,False,0.0
US1FLMA0043,27.4273,-82.4634,DESOTO LAKES 4.2 NNE,0.9014460024245418,Coastal,11,5,45.45,True,45.45
US1FLMA0044,27.4463,-82.399,THE MEADOWS 7.3 NE,7.609716689102811,Coastal,11,5,45.45,True,45.45
US1FLMR0003,28.9774,-82.0245,BELLEVIEW 6.0 SSE,18.69869304842933,Coastal,11,2,18.18,False,18.18
US1FLMR0004,28.9609,-81.9979,LADY LAKE 4.8 WNW,15.279235656745495,Coastal,11,2,18.18,False,18.18
US1FLMR0012,29.0805,-82.1738,OCALA WEATHER SERVICE,8.55386929194059,Coastal,11,2,18.18,False,18.18
US1FLMR0013,29.4571,-82.2998,MICANOPY 3.6 SSW,21.422917239913573,Coastal,11,0,0.0,False,0.0
US1FLMR0018,29.0609,-81.9759,BELLEVIEW 4.8 E,18.79646082445156,Coastal,11,3,27.27,True,27.27
US1FLMR0020,28.9744,-81.9986,THE VILLAGES 2.7 NNW,16.78630952988901,Coastal,8,2,25.0,True,25.0
US1FLMR0032,29.042,-81.9983,SUMMERFIELD 3.0 NE,18.883338692466804,Coastal,10,2,20.0,True,20.0
US1FLMR0033,29.1913,-81.951,SILVER SPRINGS SHORES 6.9 NNE,14.270191999602512,Coastal,0,0,0.0,False,0.0
US1FLMR0036,28.976,-82.1746,OCALA 14.3 S,21.85215248265858,Coastal,11,3,27.27,True,27.27
US1FLMR0042,29.4453,-82.2492,MICANOPY 4.6 SSE,25.346894199494493,Coastal,11,0,0.0,False,0.0
US1FLMR0054,29.1779,-82.116,OCALA 1.1 SE,0.0,Coastal,0,0,0.0,False,0.0
US1FLMR0056,29.1117,-82.2848,OCALA 10.7 WSW,11.40218739525492,Coastal,11,1,9.09,False,9.09
US1FLMR0057,29.2542,-82.1267,OCALA 4.6 N,2.2883996585253925,Coastal,10,1,10.0,False,10.0
US1FLMR0059,29.0674,-82.2561,OCALA 11.2 SW,12.726298109723283,Coastal,0,0,0.0,False,0.0
US1FLMR0065,29.0183,-82.0808,BELLEVIEW 3.3 SSW,18.182047736143037,Coastal,11,2,18.18,False,18.18
US1FLMR0066,28.9802,-82.023,THE VILLAGES 3.7 NNW,18.88584581489288,Coastal,11,2,18.18,False,18.18
US1FLMR0068,29.2059,-82.0817,OCALA 3.2 ENE,0.4463548892341388,Coastal,11,1,9.09,False,9.09
US1FLMR0071,29.1109,-82.2871,OCALA 10.8 WSW,11.67652248199726,Coastal,1,0,0.0,False,0.0
US1FLMR0074,29.056,-82.0289,BELLEVIEW 1.6 E,15.487586562421155,Coastal,0,0,0.0,False,0.0
US1FLMR0079,29.1782,-82.2683,OCALA 8.3 W,6.009855223775683,Coastal,10,1,10.0,False,10.0
US1FLMR0085,28.9908,-81.988,SUMMERFIELD 2.3 ESE,18.124082762411824,Coastal,11,2,18.18,False,18.18
US1FLMR0086,29.0584,-82.0008,BELLEVIEW 3.3 E,17.084981682465234,Coastal,11,1,9.09,False,9.09
US1FLMR0087,29.0086,-81.8772,OCKLAWAHA 3.9 SE,19.58472782015842,Coastal,0,0,0.0,False,0.0
US1FLMR0088,28.9723,-82.0353,THE VILLAGES 3.7 NNW,18.95258842432692,Coastal,11,2,18.18,False,18.18
US1FLMR0089,29.2028,-82.3367,OCALA 12.5 W,12.659506137377116,Coastal,0,0,0.0,False,0.0
US1FLMS0003,30.4727,-83.3954,MADISON 1.2 ENE,32.15085639487817,Coastal,0,0,0.0,False,0.0
US1FLMT0001,27.1222,-80.3169,PALM CITY 4.0 SW,7.439395755142461,Coastal,8,4,50.0,True,50.0
US1FLMT0016,26.993,-80.5739,CANAL POINT 9.9 NNE,39.66440038068149,Coastal,2,0,0.0,False,0.0
US1FLMT0018,27.1883,-80.2279,STUART 1.0 ESE,0.0,Coastal,11,5,45.45,True,45.45
US1FLMT0019,27.2541,-80.2604,JENSEN BEACH 2.2 NW,0.0,Coastal,2,2,100.0,True,100.0
US1FLMT0021,27.1976,-80.2999,PALM CITY 3.1 NW,2.910207750880507,Coastal,11,5,45.45,True,45.45
US1FLMT0026,27.0326,-80.4732,INDIANTOWN 0.4 SW,27.6996299396938,Coastal,10,6,60.0,True,60.0
US1FLMT0028,27.2573,-80.2338,JENSEN BEACH 1.5 N,0.0,Coastal,10,5,50.0,True,50.0
US1FLMT0031,27.1755,-80.285,PALM CITY 1.4 NW,0.543594028583628,Coastal,10,5,50.0,True,50.0
US1FLMT0035,27.0728,-80.2583,STUART 8.4 S,9.27934506897234,Coastal,11,6,54.55,True,54.55
US1FLMT0036,27.256,-80.2351,JENSEN BEACH 1.4 N,0.0,Coastal,11,4,36.36,True,36.36
US1FLMT0037,27.1208,-80.1954,STUART 5.9 SSE,2.142176748849394,Coastal,11,6,54.55,True,54.55
US1FLMT0038,27.1238,-80.2566,STUART 4.9 S,4.360261643534697,Coastal,2,2,100.0,True,100.0
US1FLMT0039,27.1514,-80.2796,PALM CITY 0.9 SW,2.1710010374517292,Coastal,11,5,45.45,True,45.45
US1FLMT0041,27.0314,-80.4752,INDIANTOWN 0.5 SW,27.967133558656254,Coastal,5,4,80.0,True,80.0
US1FLMT0042,27.0768,-80.1484,HOBE SOUND 0.6 WNW,9.025157803449591,Coastal,11,6,54.55,True,54.55
US1FLMT0043,27.1642,-80.5767,INDIANTOWN 11.1 NW,25.67273162220912,Coastal,11,6,54.55,True,54.55
US1FLMT0045,27.141,-80.1961,STUART 4.7 SE,0.0,Coastal,11,5,45.45,True,45.45
US1FLMT0046,27.1198,-80.2145,PORT SALERNO 2.4 SW,2.1134950684705016,Coastal,7,3,42.86,True,42.86
US1FLNS0012,30.6489,-81.4483,FERNANDINA BEACH 0.6 S,19.19472010954251,Coastal,0,0,0.0,False,0.0
US1FLNS0014,30.5979,-81.5284,FERNANDINA BEACH 6.3 SW,16.911314150993874,Coastal,11,0,0.0,False,0.0
US1FLNS0017,30.6243,-81.4427,FERNANDINA BEACH 2.3 S,21.959970230860247,Coastal,11,0,0.0,False,0.0
US1FLNS0021,30.6228,-81.4524,FERNANDINA BEACH 2.4 S,21.430612818110095,Coastal,11,0,0.0,False,0.0
US1FLNS0022,30.6364,-81.449,FERNANDINA BEACH 1.5 S,20.318099686334396,Coastal,0,0,0.0,False,0.0
US1FLNS0023,30.5045,-81.8214,CALLAHAN 4.0 S,10.891808210705237,Coastal,0,0,0.0,False,0.0
US1FLNS0024,30.6336,-81.4443,FERNANDINA BEACH 1.7 S,20.937016862289678,Coastal,11,0,0.0,False,0.0
US1FLOB0002,27.5847,-81.0456,OKEECHOBEE 27.1 NNW,67.09892686202811,Rural,9,2,22.22,True,22.22
US1FLOR0015,28.5814,-81.1758,UNION PARK 3.8 ENE,0.3489338476732373,Coastal,0,0,0.0,False,0.0
US1FLOR0019,28.5624,-81.2185,UNION PARK 1.1 E,0.0,Coastal,11,5,45.45,True,45.45
US1FLOR0025,28.5709,-81.4959,ORLANDO 7.4 WNW,0.0,Coastal,7,2,28.57,True,28.57
US1FLOR0026,28.5722,-81.3958,ORLANDO 4.8 NNW,0.0,Coastal,11,4,36.36,True,36.36
US1FLOR0027,28.5743,-81.3851,ORLANDO 4.9 N,0.0,Coastal,11,5,45.45,True,45.45
US1FLOR0030,28.3645,-81.4146,ORLANDO 12.0 S,0.0,Coastal,10,5,50.0,True,50.0
US1FLOR0033,28.5729,-81.4914,ORLANDO 7.2 WNW,0.0,Coastal,0,0,0.0,False,0.0
US1FLOR0034,28.5927,-81.5285,OCOEE 1.4 N,0.0,Coastal,11,4,36.36,True,36.36
US1FLOR0035,28.3567,-81.6334,BAY LAKE 4.1 WSW,0.0,Coastal,11,5,45.45,True,45.45
US1FLOR0043,28.667,-81.4609,APOPKA 3.5 ESE,0.0,Coastal,11,3,27.27,True,27.27
US1FLOR0046,28.5139,-81.4096,ORLANDO 2.2 WNW,0.0,Coastal,4,4,100.0,True,100.0
US1FLOR0047,28.5262,-81.5612,WINTER GARDEN 2.8 SSE,0.44769665764629946,Coastal,3,0,0.0,False,0.0
US1FLOR0048,28.5299,-81.1934,UNION PARK 3.5 SE,1.0653068053264503,Coastal,2,2,100.0,True,100.0
US1FLOR0049,28.5428,-81.5764,WINTER GARDEN 1.4 SSE,0.7407700120211121,Coastal,5,0,0.0,False,0.0
US1FLOR0050,28.3692,-81.2629,BUENA VENTURA LAKES 6.0 ENE,8.980061768032638,Coastal,0,0,0.0,False,0.0
US1FLOR0054,28.6849,-81.4972,APOPKA 1.0 E,0.0,Coastal,8,1,12.5,False,12.5
US1FLOR0055,28.53,-81.4874,ORLANDO 6.8 W,0.0,Coastal,11,5,45.45,True,45.45
US1FLOR0059,28.5001,-81.379,ORLANDO 0.4 SW,0.0,Coastal,3,2,66.67,True,66.67
US1FLOR0061,28.5492,-81.6524,OAKLAND 1.5 WSW,4.670341104325328,Coastal,10,3,30.0,True,30.0
US1FLOR0062,28.5237,-81.6084,OAKLAND 2.6 SSE,4.613771656253725,Coastal,11,3,27.27,True,27.27
US1FLOR0065,28.5371,-81.295,ORLANDO 5.3 ENE,0.0,Coastal,11,5,45.45,True,45.45
US1FLOR0068,28.444,-81.5548,BAY HILL 2.9 SW,0.0,Coastal,3,0,0.0,False,0.0
US1FLOR0071,28.4589,-81.0882,BITHLO 7.8 S,14.209917740223256,Coastal,0,0,0.0,False,0.0
US1FLOR0072,28.5381,-81.1932,UNION PARK 3.1 SE,0.02626111281804054,Coastal,11,5,45.45,True,45.45
US1FLOR0073,28.6909,-81.5176,APOPKA 0.4 NW,0.0,Coastal,11,4,36.36,True,36.36
US1FLOR0074,28.3721,-81.3578,MEADOW WOOD 1.1 SSE,0.0,Coastal,11,6,54.55,True,54.55
US1FLOR0080,28.4601,-81.1001,BITHLO 7.6 S,13.187032584467802,Coastal,9,5,55.56,True,55.56
US1FLOR0081,28.7005,-81.4733,APOPKA 2.6 ENE,0.0,Coastal,0,0,0.0,False,0.0
US1FLOS0001,28.193,-81.4997,POINCIANA PLACE 2.6 NNW,12.61067075601133,Coastal,10,4,40.0,True,40.0
US1FLOS0027,28.2006,-81.285,ST. CLOUD 2.9 S,5.696556249243019,Coastal,0,0,0.0,False,0.0
US1FLOS0029,28.2659,-81.261,ST. CLOUD 2.4 NE,1.98830902838707,Coastal,5,5,100.0,True,100.0
US1FLOS0031,28.2738,-81.4647,CAMPBELL 1.4 NNW,2.3301744444832226,Coastal,10,5,50.0,True,50.0
US1FLOS0033,28.2619,-81.4462,KISSIMMEE 3.6 SW,2.8805642234938778,Coastal,2,2,100.0,True,100.0
US1FLOS0036,28.249,-81.159,ST. CLOUD 8.0 E,13.342897089298813,Coastal,11,6,54.55,True,54.55
US1FLOS0037,28.2482,-81.2399,ST CLOUD 3.1 E,4.33821541360243,Coastal,11,6,54.55,True,54.55
US1FLOS0038,28.3125,-81.2413,ST. CLOUD 5.7 NNE,6.689030686213909,Coastal,3,2,66.67,True,66.67
US1FLPB0002,26.5755,-80.2026,ABERDEEN 3.7 WNW,1.4358088552443322,Coastal,11,6,54.55,True,54.55
US1FLPB0007,26.518,-80.145,SUN VALLEY 0.8 SW,0.0,Coastal,5,4,80.0,True,80.0
US1FLPB0009,26.9458,-80.2299,JUPITER 7.9 W,6.89355791861562,Coastal,4,3,75.0,True,75.0
US1FLPB0012,26.607,-80.1721,ABERDEEN 4.2 NNW,0.0,Coastal,11,6,54.55,True,54.55
US1FLPB0013,26.6331,-80.0661,LAKE WORTH 1.0 NNW,0.0,Coastal,11,5,45.45,True,45.45
US1FLPB0029,26.9433,-80.562,INDIANTOWN 8.6 SW,42.46634652274262,Coastal,0,0,0.0,False,0.0
US1FLPB0031,26.714,-80.307,ROYAL PALM BEACH 5.0 W,3.792228881568864,Coastal,9,4,44.44,True,44.44
US1FLPB0034,26.8374,-80.6471,PAHOKEE 1.6 NE,43.87979084787287,Coastal,11,6,54.55,True,54.55
US1FLPB0037,26.651,-80.2475,WELLINGTON 0.7 SE,0.0,Coastal,10,6,60.0,True,60.0
US1FLPB0043,26.902,-80.1246,JUPITER 2.0 SW,1.1231915086948396,Coastal,7,3,42.86,True,42.86
US1FLPB0044,26.3985,-80.0736,BOCA RATON 2.7 NE,0.0,Coastal,11,5,45.45,True,45.45
US1FLPB0061,26.442,-80.1105,DELRAY BEACH 1.6 WSW,0.0,Coastal,11,6,54.55,True,54.55
US1FLPB0063,26.4278,-80.0809,DELRAY BEACH 1.9 SSE,0.0,Coastal,11,6,54.55,True,54.55
US1FLPB0070,26.5357,-80.0998,BOYNTON BEACH 1.3 WNW,0.0,Coastal,0,0,0.0,False,0.0
US1FLPB0072,26.5508,-80.1825,BOYNTON BEACH 6.5 WNW,0.0,Coastal,11,5,45.45,True,45.45
US1FLPB0077,26.5613,-80.1686,ABERDEEN 1.4 WNW,0.0,Coastal,11,6,54.55,True,54.55
US1FLPB0080,26.3544,-80.1644,BOCA RATON 3.8 WSW,0.0,Coastal,11,6,54.55,True,54.55
US1FLPB0081,26.797,-80.035,PALM BEACH SHORES 1.4 N,0.3699976120481375,Coastal,9,5,55.56,True,55.56
US1FLPB0087,26.6674,-80.1785,GOLDEN LAKES 2.4 SSW,0.0,Coastal,11,6,54.55,True,54.55
US1FLPB0095,26.6179,-80.0515,LAKE WORTH 0.5 ESE,0.0,Coastal,0,0,0.0,False,0.0
US1FLPB0096,26.7235,-80.6665,BELLE GLADE 2.6 N,42.043019727756295,Coastal,8,4,50.0,True,50.0
US1FLPB0098,26.7473,-80.3282,ROYAL PALM BEACH 6.9 WNW,8.494508279830244,Coastal,11,6,54.55,True,54.55
US1FLPB0108,26.9538,-80.0991,JUPITER 2.1 N,0.0,Coastal,11,6,54.55,True,54.55
US1FLPB0116,26.9551,-80.136,JUPITER 2.9 NW,0.0,Coastal,11,5,45.45,True,45.45
US1FLPB0117,26.6033,-80.1768,GREENACRES CITY 2.9 SW,0.0,Coastal,9,5,55.56,True,55.56
US1FLPB0118,26.6645,-80.2253,WELLINGTON 1.9 ENE,0.0,Coastal,11,5,45.45,True,45.45
US1FLPB0122,26.8196,-80.0686,NORTH PALM BEACH 0.7 W,0.0,Coastal,9,4,44.44,True,44.44
US1FLPB0124,26.8164,-80.0609,NORTH PALM BEACH 0.3 SW,0.0,Coastal,11,6,54.55,True,54.55
US1FLPK0013,28.0337,-81.7415,WINTER HAVEN 1.3 WSW,0.0,Coastal,2,1,50.0,True,50.0
US1FLPK0018,27.957,-81.946,LAKELAND HIGHLANDS 0.3 SE,2.7110356709990953,Coastal,0,0,0.0,False,0.0
US1FLPK0032,28.065,-82.0423,LAKELAND 5.3 WNW,2.915890799083424,Coastal,11,4,36.36,True,36.36
US1FLPK0035,27.7027,-81.589,FROSTPROOF 4.6 SW,24.004318997331126,Coastal,11,6,54.55,True,54.55
US1FLPK0039,27.8285,-81.7433,BARTOW 7.8 SE,16.912588428650235,Coastal,11,6,54.55,True,54.55
US1FLPK0048,27.9915,-81.943,LAKELAND 3.6 SSE,0.0,Coastal,0,0,0.0,False,0.0
US1FLPK0055,28.1722,-81.8492,POLK CITY 1.6 WSW,10.517906645426258,Coastal,10,4,40.0,True,40.0
US1FLPK0060,28.0202,-81.6158,DUNDEE 0.3 E,6.084817248938267,Coastal,1,1,100.0,True,100.0
US1FLPK0067,28.1817,-81.6238,DAVENPORT 1.9 NW,13.129599880252085,Coastal,11,5,45.45,True,45.45
US1FLPK0071,27.975,-81.7865,WINTER HAVEN 6.1 SW,3.7821277817117256,Coastal,11,5,45.45,True,45.45
US1FLPK0073,27.9171,-81.9777,MULBERRY 1.1 NNW,7.122053751185867,Coastal,11,6,54.55,True,54.55
US1FLPK0076,28.1019,-81.7813,AUBURNDALE 2.4 NNE,0.0,Coastal,11,5,45.45,True,45.45
US1FLPK0078,28.2211,-81.5442,LOUGHMAN 2.0 ESE,10.942588922291415,Coastal,11,5,45.45,True,45.45
US1FLPK0081,28.0515,-81.8443,AUBURNDALE 3.1 WSW,2.4797011536159554,Coastal,11,5,45.45,True,45.45
US1FLPK0084,27.9147,-81.8681,BARTOW 1.9 NW,12.066491723047072,Coastal,11,5,45.45,True,45.45
US1FLPK0087,28.0994,-81.8922,LAKELAND 5.8 NE,1.2404282305776528,Coastal,11,5,45.45,True,45.45
US1FLPK0090,28.0021,-81.9691,LAKELAND 2.8 SSW,0.0,Coastal,11,6,54.55,True,54.55
US1FLPK0091,27.9416,-81.6696,WINTER HAVEN 7.7 SSE,5.232827322005538,Coastal,0,0,0.0,False,0.0
US1FLPK0096,27.951,-81.6882,WINTER HAVEN 6.6 SSE,4.075628526062188,Coastal,0,0,0.0,False,0.0
US1FLPN0004,27.8017,-82.7355,ST. PETERSBURG 6.5 WNW,0.0,Coastal,11,3,27.27,True,27.27
US1FLPN0006,27.7635,-82.7315,SOUTH PASADENA 1.0 NE,0.0,Coastal,11,3,27.27,True,27.27
US1FLPN0009,27.7255,-82.6325,ST. PETERSBURG 2.3 SSE,0.0,Coastal,7,2,28.57,True,28.57
US1FLPN0017,27.7532,-82.7309,SOUTH PASADENA 0.6 E,0.32424803973118854,Coastal,5,3,60.0,True,60.0
US1FLPN0034,27.8033,-82.6546,ST. PETERSBURG 3.2 NNW,0.0,Coastal,11,4,36.36,True,36.36
US1FLPN0035,27.7588,-82.7164,GULFPORT 0.9 NNW,0.0,Coastal,11,4,36.36,True,36.36
US1FLPN0036,28.0347,-82.7645,DUNEDIN 2.8 ESE,0.0,Coastal,11,3,27.27,True,27.27
US1FLPN0049,27.8239,-82.6358,ST. PETERSBURG 4.6 N,0.0,Coastal,3,2,66.67,True,66.67
US1FLPN0053,27.8019,-82.7347,ST.PETERSBURG 6.0 WNW,0.0,Coastal,0,0,0.0,False,0.0
US1FLPN0060,27.8019,-82.6967,ST. PETERSBURG 4.5 NW,0.0,Coastal,11,3,27.27,True,27.27
US1FLPN0071,28.0729,-82.7654,PALM HARBOR 1.0 S,0.0,Coastal,10,4,40.0,True,40.0
US1FLPN0072,27.9214,-82.7603,LARGO 1.5 NE,0.0,Coastal,0,0,0.0,False,0.0
US1FLPN0074,27.7674,-82.6654,ST. PETERSBURG 1.6 WNW,0.0,Coastal,11,4,36.36,True,36.36
US1FLPN0077,27.8618,-82.8348,SEMINOLE 3.3 WNW,0.0,Coastal,9,3,33.33,True,33.33
US1FLPN0079,27.7899,-82.6437,ST. PETERSBURG 2.2 N,0.0,Coastal,11,3,27.27,True,27.27
US1FLPN0081,27.7229,-82.6492,ST. PETERSBURG 2.5 S,0.0,Coastal,10,4,40.0,True,40.0
US1FLPN0083,28.0029,-82.7624,CLEARWATER 1.6 N,0.0,Coastal,11,5,45.45,True,45.45
US1FLPN0087,27.7389,-82.7053,GULFPORT 0.6 SSE,0.0,Coastal,8,3,37.5,True,37.5
US1FLPN0090,27.8674,-82.6815,PINELLAS PARK 1.7 ENE,0.0,Coastal,11,5,45.45,True,45.45
US1FLPN0091,28.033,-82.7622,DUNEDIN 2.9 ESE,0.0,Coastal,11,4,36.36,True,36.36
US1FLPN0094,27.882,-82.7411,LARGO 3.1 SE,0.0,Coastal,9,3,33.33,True,33.33
US1FLPN0096,27.9481,-82.7352,CLEARWATER 2.9 SE,0.0,Coastal,11,5,45.45,True,45.45
US1FLPN0097,27.7657,-82.7359,ST. PETERSBURG 5.8 W,0.0,Coastal,9,2,22.22,True,22.22
US1FLPN0099,27.7775,-82.7184,ST. PETERSBURG 4.9 WNW,0.0,Coastal,11,5,45.45,True,45.45
US1FLPN0104,27.8904,-82.7931,LARGO 1.5 SSW,0.0,Coastal,11,4,36.36,True,36.36
US1FLPN0105,27.8899,-82.6599,FEATHER SOUND 1.3 S,0.0,Coastal,8,3,37.5,True,37.5
US1FLPN0108,27.8126,-82.6258,ST. PETERSBURG 3.9 NNE,0.0,Coastal,8,3,37.5,True,37.5
US1FLPN0111,28.0808,-82.7617,PALM HARBOR 0.5 S,0.0,Coastal,0,0,0.0,False,0.0
US1FLPN0112,27.9449,-82.7613,CLEARWATER 2.4 S,0.0,Coastal,0,0,0.0,False,0.0
US1FLPN0115,28.0908,-82.7765,PALM HARBOR 0.8 WNW,0.0,Coastal,7,3,42.86,True,42.86
US1FLPN0116,28.146,-82.7298,TARPON SPRINGS 3.1 E,0.0,Coastal,0,0,0.0,False,0.0
US1FLPN0119,27.7528,-82.7372,SOUTH PASADENA 0.2 ENE,0.9402847767410779,Coastal,8,3,37.5,True,37.5
US1FLPN0120,27.7912,-82.7445,ST. PETERSBURG 6.2 WNW,0.0,Coastal,8,2,25.0,True,25.0
US1FLPN0121,28.0082,-82.7393,CLEARWATER 2.6 NE,0.0,Coastal,11,4,36.36,True,36.36
US1FLPN0122,27.8007,-82.6741,ST. PETERSBURG 3.5 NNW,0.0,Coastal,6,0,0.0,False,0.0
US1FLPN0123,27.8444,-82.6758,ST. PETERSBURG 6.3 NNW,0.0,Coastal,0,0,0.0,False,0.0
US1FLPS0001,28.3505,-82.6836,HUDSON 1.1 ESE,0.0,Coastal,9,3,33.33,True,33.33
US1FLPS0004,28.3014,-82.7146,PORT RICHEY 2.0 NNE,0.0,Coastal,11,5,45.45,True,45.45
US1FLPS0006,28.1714,-82.4223,LUTZ 3.4 NE,5.200019816477895,Coastal,11,5,45.45,True,45.45
US1FLPS0007,28.2698,-82.1941,ZEPHYRHILLS 2.6 NNW,20.20048566988134,Coastal,11,5,45.45,True,45.45
US1FLPS0010,28.3522,-82.2225,DADE CITY 1.8 WSW,25.003521662479518,Coastal,10,2,20.0,True,20.0
US1FLPS0015,28.4225,-82.206,DADE CITY 4.3 N,33.45823955881469,Coastal,9,2,22.22,True,22.22
US1FLPS0018,28.2839,-82.1614,ZEPHYRHILLS NORTH 2.3 N,24.241651690151617,Coastal,0,0,0.0,False,0.0
US1FLPS0043,28.2027,-82.44,LAND O LAKES 1.5 SSE,6.256161718979839,Coastal,11,6,54.55,True,54.55
US1FLPS0049,28.4754,-82.1569,LACOOCHEE 1.0 NE,42.015253138437195,Coastal,11,3,27.27,True,27.27
US1FLPS0051,28.1875,-82.7321,HOLIDAY 0.6 E,0.0,Coastal,9,5,55.56,True,55.56
US1FLPS0053,28.2027,-82.4341,LAND O' LAKES 1.8 SE,6.733850673523065,Coastal,2,2,100.0,True,100.0
US1FLPS0065,28.1871,-82.6233,TRINITY 3.0 ENE,6.103653328183106,Coastal,11,4,36.36,True,36.36
US1FLPS0068,28.2219,-82.7407,NEW PORT RICHEY 2.3 SW,0.0,Coastal,0,0,0.0,False,0.0
US1FLPS0072,28.2283,-82.3876,LAND O' LAKES 4.1 E,5.595357937027054,Coastal,11,6,54.55,True,54.55
US1FLPS0073,28.1751,-82.3376,WESLEY CHAPEL 1.7 ESE,0.8632097395552534,Coastal,11,4,36.36,True,36.36
US1FLPS0074,28.3189,-82.1769,DADE CITY 3.2 SSE,25.404779626216595,Coastal,0,0,0.0,False,0.0
US1FLPS0075,28.2088,-82.6757,NEW PORT RICHEY 3.7 SE,0.30046767171998484,Coastal,1,0,0.0,False,0.0
US1FLPS0081,28.3491,-82.2775,DADE CITY 5.1 W,21.54973725217249,Coastal,11,3,27.27,True,27.27
US1FLPT0004,29.5517,-81.6579,SATSUMA 0.2 WSW,11.080568757206276,Coastal,8,1,12.5,False,12.5
US1FLPT0007,29.5909,-81.6063,SATSUMA 4.0 NE,7.405852824870095,Coastal,10,4,40.0,True,40.0
US1FLPT0008,29.6962,-81.6264,EAST PALATKA 3.5 NNW,3.344816720728675,Coastal,11,1,9.09,False,9.09
US1FLPT0009,29.6517,-81.8746,INTERLACHEN 2.8 NNE,19.331391300937895,Coastal,0,0,0.0,False,0.0
US1FLPT0010,29.6046,-81.9143,INTERLACHEN 1.3 SW,25.116462262996055,Coastal,0,0,0.0,False,0.0
US1FLPT0012,29.7832,-81.8487,FLORAHOME 4.1 NNE,20.076385140346797,Coastal,11,1,9.09,False,9.09
US1FLPT0021,29.4661,-81.521,CRESCENT CITY 2.0 N,25.958905111311587,Coastal,9,1,11.11,False,11.11
US1FLPT0024,29.5887,-81.5487,SAN MATEO 2.5 SE,12.467484950455907,Coastal,11,4,36.36,True,36.36
US1FLPT0026,29.6622,-81.87,INTERLACHEN 3.6 NNE,18.68238527900479,Coastal,11,1,9.09,False,9.09
US1FLPT0027,29.6278,-81.8191,HOLLISTER 0.5 NW,14.17224631060111,Coastal,11,1,9.09,False,9.09
US1FLPT0029,29.6414,-81.7153,PALATKA 3.6 W,3.7093680085634624,Coastal,8,1,12.5,False,12.5
US1FLSJ0004,29.8129,-81.3319,ST. AUGUSTINE SOUTH 2.1 SSW,4.690039237347302,Coastal,11,2,18.18,False,18.18
US1FLSJ0016,29.9441,-81.5061,ST. AUGUSTINE 12.2 WNW,15.730665045894012,Coastal,11,1,9.09,False,9.09
US1FLSJ0020,29.85,-81.2904,ST. AUGUSTINE 3.1 SSE,0.635299490577189,Coastal,8,1,12.5,False,12.5
US1FLSJ0023,29.9269,-81.3517,ST. AUGUSTINE 3.4 NW,0.0,Coastal,10,3,30.0,True,30.0
US1FLSJ0028,29.8518,-81.3447,ST. AUGUSTINE 3.4 SW,0.6056058231389015,Coastal,11,3,27.27,True,27.27
US1FLSJ0029,30.1925,-81.3702,SAWGRASS 0.0 E,1.6281504484928262,Coastal,5,2,40.0,True,40.0
US1FLSJ0030,30.1286,-81.6197,FRUIT COVE 1.9 N,0.21419865195893933,Coastal,11,0,0.0,False,0.0
US1FLSJ0031,30.1215,-81.4323,PALM VALLEY 5.9 SSW,11.882133727616452,Coastal,3,3,100.0,True,100.0
US1FLSJ0033,30.1613,-81.3669,SAWGRASS 2.2 S,5.646817688316755,Coastal,11,1,9.09,False,9.09
US1FLSJ0034,29.9198,-81.3901,ST. AUGUSTINE 5.1 WNW,2.5224005749796508,Coastal,11,3,27.27,True,27.27
US1FLSJ0036,30.1116,-81.6323,FRUIT COVE 1.1 NW,2.813048408270099,Coastal,11,0,0.0,False,0.0
US1FLSJ0039,30.0123,-81.4802,ST JOHNS 6.2 SE,16.23980750141829,Coastal,8,1,12.5,False,12.5
US1FLSJ0045,29.959,-81.5258,ST. AUGUSTINE 13.7 WNW,18.292435400698952,Coastal,0,0,0.0,False,0.0
US1FLSJ0046,30.1004,-81.5726,FRUIT COVE 2.7 E,5.541644176483876,Coastal,9,0,0.0,False,0.0
US1FLSL0011,27.3864,-80.3286,FORT PIERCE 2.8 SSE,1.0233901889235728,Coastal,10,5,50.0,True,50.0
US1FLSL0013,27.2494,-80.3718,PORT ST. LUCIE 2.4 SSW,7.798311966009624,Coastal,11,6,54.55,True,54.55
US1FLSL0015,27.4874,-80.3035,FORT PIERCE 3.4 NNE,3.0142466165686352,Coastal,11,6,54.55,True,54.55
US1FLSL0017,27.2681,-80.4454,TRADITION 5.6 W,6.441459900179501,Coastal,11,5,45.45,True,45.45
US1FLSL0019,27.3237,-80.3111,PORT ST. LUCIE 4.0 NE,0.0,Coastal,11,4,36.36,True,36.36
US1FLSL0022,27.3138,-80.3563,PORT ST. LUCIE 2.4 N,2.5534937267522535,Coastal,0,0,0.0,False,0.0
US1FLSL0031,27.3398,-80.3763,PORT ST. LUCIE 4.4 NNW,0.3829137414451852,Coastal,0,0,0.0,False,0.0
US1FLSL0033,27.3704,-80.3428,FORT PIERCE 5.1 SSW,3.4165067019616853,Coastal,11,6,54.55,True,54.55
US1FLSL0043,27.2439,-80.4066,PORT ST. LUCIE 4.1 SW,7.780635317338714,Coastal,4,2,50.0,True,50.0
US1FLSL0048,27.365,-80.3034,FORT PIERCE 5.4 SSE,4.224652111023042,Coastal,0,0,0.0,False,0.0
US1FLSL0050,27.2626,-80.3767,PORT ST. LUCIE 1.8 SW,6.072920570905303,Coastal,11,5,45.45,True,45.45
US1FLSL0051,27.2671,-80.4102,PORT ST. LUCIE 3.5 WSW,4.952152229526277,Coastal,3,1,33.33,True,33.33
US1FLSL0052,27.2891,-80.394,PORT ST. LUCIE 2.5 WNW,2.2524602561851013,Coastal,0,0,0.0,False,0.0
US1FLSL0053,27.2076,-80.3783,PORT ST. LUCIE 5.2 SSW,10.404061258011364,Coastal,11,6,54.55,True,54.55
US1FLSL0054,27.2941,-80.2145,JENSEN BEACH 4.1 NNE,2.964002474885345,Coastal,11,6,54.55,True,54.55
US1FLSM0004,28.7904,-81.27,SANFORD 0.4 ENE,0.0,Coastal,2,1,50.0,True,50.0
US1FLSM0008,28.652,-81.1209,CHULUOTA 0.9 N,3.860426581472222,Coastal,11,5,45.45,True,45.45
US1FLSM0018,28.7971,-81.3051,SANFORD 1.9 WNW,0.0,Coastal,3,2,66.67,True,66.67
US1FLSM0026,28.6831,-81.3997,ALTAMONTE SPRINGS 1.5 N,0.0,Coastal,6,2,33.33,True,33.33
US1FLSM0027,28.6462,-81.3805,ALTAMONTE SPRINGS 1.4 SE,0.0,Coastal,3,2,66.67,True,66.67
US1FLSM0030,28.676,-81.237,WINTER SPRINGS 2.3 E,0.0,Coastal,11,3,27.27,True,27.27
US1FLSM0034,28.6886,-81.1828,OVIEDO 2.1 N,2.0581312740958073,Coastal,11,4,36.36,True,36.36
US1FLSM0035,28.6548,-81.2865,CASSELBERRY 2.3 ESE,0.0,Coastal,11,4,36.36,True,36.36
US1FLSM0037,28.6376,-81.1293,CHULUOTA 0.6 WSW,2.8714067605362383,Coastal,8,4,50.0,True,50.0
US1FLSM0038,28.6582,-81.2624,WINTER SPRINGS 1.8 SSE,0.0,Coastal,11,4,36.36,True,36.36
US1FLSM0039,28.7281,-81.3833,LONGWOOD 2.8 NW,0.0,Coastal,11,3,27.27,True,27.27
US1FLSM0043,28.6724,-81.2737,WINTER SPRINGS 0.6 S,0.0,Coastal,11,3,27.27,True,27.27
US1FLSM0044,28.6401,-81.3493,MAITLAND 1.4 NE,0.0,Coastal,1,1,100.0,True,100.0
US1FLSM0047,28.7904,-81.3173,SANFORD 2.5 W,0.0,Coastal,11,5,45.45,True,45.45
US1FLSM0048,28.6597,-81.2171,OVIEDO 2.2 W,0.0,Coastal,10,4,40.0,True,40.0
US1FLSM0049,28.6821,-81.2642,WINTER SPRINGS 0.6 E,0.0,Coastal,11,3,27.27,True,27.27
US1FLSM0050,28.7229,-81.3455,LONGWOOD 1.5 N,0.0,Coastal,11,5,45.45,True,45.45
US1FLSM0051,28.6419,-81.3247,CASSELBERRY 1.5 S,0.0,Coastal,3,0,0.0,False,0.0
US1FLSM0052,28.6664,-81.2928,CASSELBERRY 1.9 E,0.0,Coastal,0,0,0.0,False,0.0
US1FLSM0055,28.6985,-81.1569,OVIEDO 3.2 NNE,4.840163257663229,Coastal,0,0,0.0,False,0.0
US1FLSS0014,27.061,-82.172,NORTH PORT 1.6 ENE,2.7007695836725745,Coastal,4,4,100.0,True,100.0
US1FLSS0015,27.1132,-82.1657,NORTH PORT 4.7 NNE,8.647541887218152,Coastal,10,4,40.0,True,40.0
US1FLSS0022,26.9865,-82.3654,ENGLEWOOD 2.0 NNW,0.41290867169389006,Coastal,11,5,45.45,True,45.45
US1FLSS0034,27.0545,-82.1527,NORTH PORT 2.6 E,1.1890098769392479,Coastal,11,4,36.36,True,36.36
US1FLSS0040,27.0315,-82.4121,VENICE 4.8 SSE,3.32079536057142,Coastal,9,3,33.33,True,33.33
US1FLSS0047,27.3401,-82.5235,SARASOTA 1.4 E,0.0,Coastal,8,2,25.0,True,25.0
US1FLSS0052,27.2779,-82.5501,SARASOTA 4.0 S,0.0,Coastal,5,3,60.0,True,60.0
US1FLSS0053,27.0751,-82.2137,NORTH PORT 2.1 NNW,6.899270400582378,Coastal,0,0,0.0,False,0.0
US1FLSS0056,27.0362,-82.1381,NORTH PORT 3.6 ESE,0.0,Coastal,0,0,0.0,False,0.0
US1FLSS0059,27.041,-82.1276,NORTH PORT 4.2 E,0.0,Coastal,8,2,25.0,True,25.0
US1FLSS0062,27.2286,-82.4619,VAMO 2.1 E,0.6687248201051226,Coastal,3,3,100.0,True,100.0
US1FLSS0063,27.3622,-82.4746,SARASOTA 4.8 ENE,0.0,Coastal,10,4,40.0,True,40.0
US1FLSS0065,27.1278,-82.3793,NOKOMIS 3.6 E,2.843749186452745,Coastal,6,5,83.33,True,83.33
US1FLSS0067,26.997,-82.3586,ENGLEWOOD 2.6 N,0.7299609722031669,Coastal,0,0,0.0,False,0.0
US1FLSS0069,27.2966,-82.4311,LAKE SARASOTA 0.5 NE,0.1205572902232303,Coastal,0,0,0.0,False,0.0
US1FLSS0071,27.0387,-82.1518,NORTH PORT 2.8 ESE,0.0,Coastal,0,0,0.0,False,0.0
US1FLSS0073,27.3193,-82.4086,SARASOTA SPRINGS 4.4 E,1.68346107626782,Coastal,9,6,66.67,True,66.67
US1FLSS0075,27.0771,-82.2105,NORTH PORT 2.1 NNW,6.816248835765058,Coastal,0,0,0.0,False,0.0
US1FLSS0077,27.2816,-82.5089,SARASOTA 4.4 SSE,0.0,Coastal,3,0,0.0,False,0.0
US1FLSS0079,27.3305,-82.4653,FRUITVILLE 0.2 SW,0.0,Coastal,9,2,22.22,True,22.22
US1FLSS0080,27.3503,-82.4936,SARASOTA 3.4 ENE,0.0,Coastal,0,0,0.0,False,0.0
US1FLSS0081,27.2635,-82.3126,MYAKKA VALLEY RANCHES 0.8 ENE,13.860724352484521,Coastal,0,0,0.0,False,0.0
US1FLSS0082,26.961,-82.3507,ENGLEWOOD 0.2 ENE,0.0,Coastal,3,3,100.0,True,100.0
US1FLSS0084,27.1182,-82.1586,NORTH PORT 5.2 NNE,9.176111106846719,Coastal,10,3,30.0,True,30.0
US1FLSS0089,26.9787,-82.3647,ENGLEWOOD 1.5 NNW,0.0,Coastal,5,5,100.0,True,100.0
US1FLSS0091,27.3114,-82.5152,SARASOTA 2.6 SE,0.0,Coastal,5,0,0.0,False,0.0
US1FLST0007,28.9249,-82.0119,LADY LAKE 5.0 W,12.853179194519557,Coastal,0,0,0.0,False,0.0
US1FLST0008,28.931,-82.006,THE VILLAGES 3.5 WSW,12.88782802051894,Coastal,4,1,25.0,True,25.0
US1FLST0009,28.8699,-81.9544,LADY LAKE 4.3 SSW,3.6756355572321184,Coastal,11,2,18.18,False,18.18
US1FLST0012,28.8687,-81.9842,THE VILLAGES 4.8 SSW,6.860156604864632,Coastal,0,0,0.0,False,0.0
US1FLST0014,28.8916,-81.9745,THE VILLAGES 3.3 SSE,6.966214502527017,Coastal,0,0,0.0,False,0.0
US1FLST0026,28.9033,-81.9658,THE VILLAGES 2.8 ESE,7.25297128116936,Coastal,10,3,30.0,True,30.0
US1FLST0032,28.9197,-81.9995,LADY LAKE 4.3 W,11.376567593009558,Coastal,10,3,30.0,True,30.0
US1FLST0035,28.9207,-82.0458,OXFORD 0.8 SW,15.661787832230088,Coastal,11,3,27.27,True,27.27
US1FLST0037,28.8517,-81.9889,THE VILLAGES 5.3 S,7.35455252787164,Coastal,11,3,27.27,True,27.27
US1FLST0038,28.8754,-82.0004,WILDWOOD 2.8 ENE,8.794588514286303,Coastal,11,4,36.36,True,36.36
US1FLSW0001,30.2985,-82.9818,LIVE OAK 0.4 NE,34.469480256340944,Coastal,11,0,0.0,False,0.0
US1FLSW0008,30.3067,-83.1533,LIVE OAK 10.0 W,48.040733453897694,Coastal,10,1,10.0,False,10.0
US1FLSW0011,30.233,-82.9389,LIVE OAK 5.1 SSE,27.10097685863241,Coastal,0,0,0.0,False,0.0
US1FLSW0014,30.38,-82.9366,SUWANNEE SPRINGS 0.9 S,36.37226262855714,Coastal,11,0,0.0,False,0.0
US1FLVL0001,29.0314,-80.8947,NEW SMYRNA BEACH 1.5 E,0.0,Coastal,10,4,40.0,True,40.0
US1FLVL0003,29.087,-81.344,DE LAND 4.5 NW,3.195160810744759,Coastal,11,3,27.27,True,27.27
US1FLVL0005,29.265,-81.0472,ORMOND BEACH 3.5 SE,0.0,Coastal,4,2,50.0,True,50.0
US1FLVL0006,29.0019,-80.9098,EDGEWATER 2.4 N,2.4180347935399995,Coastal,11,7,63.64,True,63.64
US1FLVL0009,29.0995,-81.3569,DE LAND 5.7 NW,4.998616714502412,Coastal,9,2,22.22,True,22.22
US1FLVL0024,29.1344,-81.3626,DE LEON SPRINGS 1.3 NNW,7.671722572374765,Coastal,6,3,50.0,True,50.0
US1FLVL0029,29.0662,-80.915,NEW SMYRNA BEACH 2.3 N,0.37612378873691305,Coastal,5,2,40.0,True,40.0
US1FLVL0030,28.9873,-80.9082,EDGEWATER 1.4 N,4.284451721490893,Coastal,0,0,0.0,False,0.0
US1FLVL0037,29.065,-81.0307,PORT ORANGE 3.4 SSW,5.170810647288891,Coastal,0,0,0.0,False,0.0
US1FLVL0038,28.8606,-80.8712,OAK HILL 2.8 WSW,20.75832523446507,Coastal,2,1,50.0,True,50.0
US1FLVL0040,28.9662,-80.906,EDGEWATER 0.1 SW,6.979948220501387,Coastal,11,4,36.36,True,36.36
US1FLVL0042,29.1494,-80.9696,DAYTONA BEACH SHORES 1.8 SSE,1.2512505553100046,Coastal,11,5,45.45,True,45.45
US1FLVL0044,29.1,-81.0528,PORT ORANGE 2.9 WSW,2.438980496273974,Coastal,11,6,54.55,True,54.55
US1FLVL0051,28.9021,-81.2945,DE BARY 1.7 NE,0.0,Coastal,11,4,36.36,True,36.36
US1FLVL0059,29.0436,-80.974,NEW SMYRNA BEACH 3.4 WNW,0.9818952420378666,Coastal,1,0,0.0,False,0.0
US1FLVL0060,29.1452,-80.996,PORT ORANGE 2.5 NNE,0.0,Coastal,4,2,50.0,True,50.0
US1FLVL0061,29.3621,-81.0754,ORMOND BEACH 4.8 NNE,2.695323404685291,Coastal,4,0,0.0,False,0.0
US1FLVL0062,29.1122,-81.007,PORT ORANGE 0.2 NNW,0.0,Coastal,4,2,50.0,True,50.0
US1FLVL0063,29.3421,-81.0671,ORMOND-BY-THE-SEA 0.1 SSE,0.3577981816246739,Coastal,11,1,9.09,False,9.09
US1FLVL0070,29.0293,-81.2925,DE LAND 0.6 SSE,0.0,Coastal,10,3,30.0,True,30.0
US1FLVL0071,29.1278,-81.3004,DE LEON SPRINGS 3.2 ENE,4.597077074986443,Coastal,11,4,36.36,True,36.36
US1FLVL0073,29.2641,-81.0694,ORMOND BEACH 2.6 SE,0.0,Coastal,11,4,36.36,True,36.36
US1FLVL0075,28.9644,-80.9048,EDGEWATER 0.2 S,7.222478248998729,Coastal,4,1,25.0,True,25.0
US1FLVL0077,29.0318,-80.984,NEW SMYRNA BEACH 3.9 W,2.0107980836871318,Coastal,5,3,60.0,True,60.0
US1FLVL0081,29.3321,-81.0643,ORMOND-BY-THE-SEA 0.8 SSE,0.0,Coastal,11,2,18.18,False,18.18
US1FLVL0082,29.2693,-81.0335,ORMOND BEACH 4.1 ESE,0.0,Coastal,11,4,36.36,True,36.36
US1FLVL0083,28.9818,-81.28,DE LAND 3.9 SSE,1.1219223797274418,Coastal,10,2,20.0,True,20.0
US1FLVL0084,28.9789,-81.2353,LAKE HELEN 0.4 SW,3.813857719525417,Coastal,7,1,14.29,False,14.29
US1FLVL0086,29.1074,-81.3287,DE LEON SPRINGS 1.6 ESE,2.5664589744489232,Coastal,11,2,18.18,False,18.18
US1FLVL0087,29.1209,-81.0104,PORT ORANGE 0.8 NNW,0.0,Coastal,9,3,33.33,True,33.33
US1FLVL0089,29.051,-81.0573,NEW SMYRNA BEACH 8.5 W,7.773955872620944,Coastal,11,5,45.45,True,45.45
US1FLVL0090,28.9707,-81.2341,LAKE HELEN 0.9 S,2.7698555253315895,Coastal,11,2,18.18,False,18.18
US1FLVL0091,29.0772,-81.3476,DELAND 4.2 NW,3.1594234564174712,Coastal,11,2,18.18,False,18.18
US1FLVL0099,29.3063,-81.0645,ORMOND BEACH 2.0 ENE,0.0,Coastal,2,2,100.0,True,100.0
US1FLVL0100,28.8606,-81.1132,OSTEEN 3.2 ENE,15.717193530984922,Coastal,0,0,0.0,False,0.0
US1FLVL0101,29.0423,-80.9397,NEW SMYRNA BEACH 1.4 WNW,0.0,Coastal,11,5,45.45,True,45.45
US1FLVL0103,28.9459,-81.2732,ORANGE CITY 1.4 ENE,0.9894030734643987,Coastal,11,4,36.36,True,36.36
US1FLVL0104,29.2625,-81.1483,ORMOND BEACH 3.9 SW,1.5088832416398137,Coastal,8,3,37.5,True,37.5
US1FLVL0105,29.241,-81.445,PIERSON 1.0 ENE,23.93847732211114,Coastal,9,2,22.22,True,22.22
US1GAAP0005,31.774,-82.3472,BAXLEY 0.7 NNE,52.50450436708015,Rural,11,0,0.0,False,0.0
US1GAAP0007,31.6328,-82.271,BAXLEY 10.3 SSE,40.367394592576,Coastal,0,0,0.0,False,0.0
US1GAAT0002,31.3382,-82.8172,PEARSON 3.5 NE,20.642232212867516,Coastal,1,0,0.0,False,0.0
US1GABB0006,32.8931,-83.7303,MACON 5.8 NW,0.0,Coastal,11,0,0.0,False,0.0
US1GABB0016,32.8383,-83.5482,MACON 6.3 E,0.8944754729741522,Coastal,11,0,0.0,False,0.0
US1GABB0019,32.8671,-83.6343,MACON 2.5 NNE,0.0,Coastal,11,0,0.0,False,0.0
US1GABB0022,32.8613,-83.6322,MACON 2.2 NE,0.0,Coastal,0,0,0.0,False,0.0
US1GABD0001,32.9972,-83.1998,MILLEDGEVILLE 6.5 SSE,8.03278840846314,Coastal,11,0,0.0,False,0.0
US1GABD0005,33.0978,-83.2389,MILLEDGEVILLE 0.9 N,0.0,Coastal,11,0,0.0,False,0.0
US1GABK0001,33.0601,-82.0573,WAYNESBORO 3.3 SW,36.99613129103213,Coastal,6,0,0.0,False,0.0
US1GABR0002,31.9455,-81.3002,RICHMOND HILL 0.5 NE,0.0,Coastal,11,0,0.0,False,0.0
US1GABR0005,31.8871,-81.205,RICHMOND HILL 7.0 ESE,12.119505202921008,Coastal,11,0,0.0,False,0.0
US1GABR0009,31.8484,-81.3123,RICHMOND HILL 6.3 S,12.099702601102846,Coastal,0,0,0.0,False,0.0
US1GABR0012,32.1937,-81.514,ELLABELL 5.0 NNW,28.812135405491688,Coastal,11,2,18.18,False,18.18
US1GABU0013,32.5059,-81.7781,STATESBORO 4.4 N,2.83369909653597,Coastal,11,0,0.0,False,0.0
US1GABU0015,32.36,-81.7731,STATESBORO 5.7 S,6.074712791469781,Coastal,0,0,0.0,False,0.0
US1GABU0016,32.2996,-81.5694,BROOKLET 8.5 SE,26.37016970953206,Coastal,0,0,0.0,False,0.0
US1GABU0018,32.2776,-81.8016,STATESBORO 11.5 S,16.680951929586573,Coastal,0,0,0.0,False,0.0
US1GABU0021,32.2191,-81.768,NEVILS 3.1 S,24.453601095552333,Coastal,11,0,0.0,False,0.0
US1GABW0007,33.9787,-83.7103,WINDER 1.1 SE,0.4061559671616925,Coastal,0,0,0.0,False,0.0
US1GABY0001,31.12,-81.93,NAHUNTA 6 S,45.11901629807477,Coastal,11,0,0.0,False,0.0
US1GACD0002,32.4972,-82.0502,METTER 7.0 N,26.488520987753763,Coastal,0,0,0.0,False,0.0
US1GACF0001,31.4912,-82.8908,DOUGLAS 2.5 WSW,1.7215548756008396,Coastal,11,0,0.0,False,0.0
US1GACH0003,30.8198,-82.0192,FOLKSTON 1.3 SSW,36.64450479653087,Coastal,0,0,0.0,False,0.0
US1GACH0006,30.8655,-82.0256,HOMELAND 0.7 N,37.91612892090231,Coastal,11,1,9.09,False,9.09
US1GACI0003,31.0347,-82.7529,HOMERVILLE 0.1 SSE,42.47721824458017,Coastal,11,1,9.09,False,9.09
US1GACK0006,33.9152,-83.3294,ATHENS 4.6 SE,0.0,Coastal,11,0,0.0,False,0.0
US1GACK0010,33.9055,-83.3448,ATHENS 4.5 SE,1.238863275544718,Coastal,11,0,0.0,False,0.0
US1GACK0011,33.8625,-83.3089,ATHENS 7.6 SE,7.180787527451246,Coastal,11,0,0.0,False,0.0
US1GACK0012,33.9597,-83.3855,ATHENS 0.6 ENE,0.0,Coastal,11,0,0.0,False,0.0
US1GACK0017,33.9841,-83.4378,ATHENS 3.2 NW,0.0,Coastal,11,0,0.0,False,0.0
US1GACK0027,33.9848,-83.4504,ATHENS 3.8 WNW,0.0,Coastal,9,0,0.0,False,0.0
US1GACK0030,33.8946,-83.2873,GAINES SCHOOL 3.7 SE,4.811818933330615,Coastal,11,0,0.0,False,0.0
US1GACK0038,33.9264,-83.3192,ATHENS 4.7 ESE,0.04436330458054966,Coastal,11,0,0.0,False,0.0
US1GACK0040,33.8948,-83.3244,GAINES SCHOOL 2.4 SSE,2.673927155462559,Coastal,11,0,0.0,False,0.0
US1GACM0004,30.8194,-81.6259,KINGSLAND 2.9 NE,2.19367880675312,Coastal,11,0,0.0,False,0.0
US1GACM0014,30.8182,-81.6204,KINGSLAND 3.1 NE,2.4004031049257453,Coastal,11,0,0.0,False,0.0
US1GACM0018,30.7866,-81.6818,KINGSLAND 1.2 WSW,0.9019078064890385,Coastal,5,0,0.0,False,0.0
US1GACM0019,30.7237,-81.5472,ST. MARYS 3.0 SE,4.6568330734905805,Coastal,11,1,9.09,False,9.09
US1GACM0020,30.7442,-81.5742,ST. MARYS 1.0 S,0.8949450689203601,Coastal,6,0,0.0,False,0.0
US1GACO0003,31.1135,-83.4116,ADEL 1.9 SSE,28.92240655315939,Coastal,11,1,9.09,False,9.09
US1GACP0002,31.8746,-83.9104,CORDELE 10.4 SW,16.744992378619827,Coastal,7,0,0.0,False,0.0
US1GACQ0002,31.116,-83.8577,MOULTRIE 6.2 SW,8.974988747172675,Coastal,7,0,0.0,False,0.0
US1GACQ0012,31.2588,-83.8799,MOULTRIE 9.1 NW,11.426710869715581,Coastal,11,0,0.0,False,0.0
US1GACQ0013,31.1849,-83.7585,MOULTRIE 1.4 NNE,0.4587778020109856,Coastal,11,0,0.0,False,0.0
US1GACT0001,32.1219,-81.2531,POOLER 1.2 NNE,0.0,Coastal,11,2,18.18,False,18.18
US1GACT0003,31.9689,-81.1463,SAVANNAH 3.9 SSW,0.0,Coastal,11,0,0.0,False,0.0
US1GACT0015,31.9433,-81.1587,COFFEE BLUFF,3.3897721163681513,Coastal,2,0,0.0,False,0.0
US1GACT0017,31.9426,-81.0262,SKIDAWAY ISLAND 1.3 ENE,8.84863311274658,Coastal,0,0,0.0,False,0.0
US1GACT0019,31.9428,-81.0368,SKIDAWAY ISLAND 0.8 NE,7.946284710301889,Coastal,11,0,0.0,False,0.0
US1GACT0028,32.1177,-81.1519,GARDEN CITY 1.2 NNE,0.0,Coastal,7,1,14.29,False,14.29
US1GACT0036,31.9425,-81.1596,SAVANNAH 5.9 SSW,3.5156654274247643,Coastal,6,0,0.0,False,0.0
US1GACT0037,32.0187,-80.85,TYBEE ISLAND 0.7 NNE,19.98288255248969,Coastal,11,0,0.0,False,0.0
US1GACT0038,31.9613,-81.1494,SAVANNAH 4.5 SSW,0.9080534549588369,Coastal,0,0,0.0,False,0.0
US1GACT0040,31.9155,-81.0755,SAVANNAH 8.2 SSE,7.771809807407376,Coastal,1,0,0.0,False,0.0
US1GACT0055,32.0288,-81.1601,SAVANNAH 1.7 W,0.0,Coastal,11,0,0.0,False,0.0
US1GACT0057,32.0006,-81.0569,SAVANNAH 4.7 ESE,1.3243188809047726,Coastal,9,0,0.0,False,0.0
US1GACT0060,31.9935,-81.1448,SAVANNAH 2.3 SSW,0.0,Coastal,11,0,0.0,False,0.0
US1GACT0061,32.0709,-81.1882,SAVANNAH 4.6 NW,0.0,Coastal,0,0,0.0,False,0.0
US1GACT0064,32.016,-80.9546,SAVANNAH 10.4 E,9.563468658529484,Coastal,11,1,9.09,False,9.09
US1GACT0067,32.0639,-81.3561,BLOOMINGDALE 4.7 SW,11.89701296367973,Coastal,11,2,18.18,False,18.18
US1GACT0077,32.047,-81.2364,SAVANNAH 6.3 WNW,4.9692725802039135,Coastal,10,1,10.0,False,10.0
US1GACT0079,32.0481,-81.0873,SAVANNAH 3.1 ENE,0.0,Coastal,1,0,0.0,False,0.0
US1GACT0080,32.006,-80.9691,SAVANNAH 9.6 E,9.218675298806742,Coastal,4,0,0.0,False,0.0
US1GACT0089,31.9261,-81.0621,SAVANNAH 7.9 SSE,7.2788002446796085,Coastal,11,0,0.0,False,0.0
US1GACT0096,32.1165,-81.2468,POOLER 1.0 NE,0.0,Coastal,0,0,0.0,False,0.0
US1GACT0099,31.9408,-81.1042,SAVANNAH 6.0 SSE,3.766617803301079,Coastal,11,0,0.0,False,0.0
US1GACT0100,32.0244,-80.8478,TYBEE ISLAND 1.1 NNE,19.976032296213802,Coastal,11,0,0.0,False,0.0
US1GACU0001,33.5152,-82.0988,MARTINEZ 0.7 WSW,0.0,Coastal,11,0,0.0,False,0.0
US1GACU0003,33.5418,-82.158,EVANS 2.1 NNW,0.0,Coastal,11,0,0.0,False,0.0
US1GACU0006,33.5293,-82.0978,MARTINEZ 0.9 NW,0.0,Coastal,11,0,0.0,False,0.0
US1GACU0009,33.5298,-82.2873,APPLING 2.0 SE,12.599444628061093,Coastal,11,0,0.0,False,0.0
US1GACU0011,33.4212,-82.2096,GROVETOWN 2.0 SSW,1.8218132542177061,Coastal,11,0,0.0,False,0.0
US1GACU0013,33.5566,-82.1364,EVANS 3.0 N,0.0,Coastal,6,0,0.0,False,0.0
US1GACU0018,33.5443,-82.2223,EVANS 4.9 WNW,5.22754810082656,Coastal,0,0,0.0,False,0.0
US1GACU0021,33.5504,-82.0528,MARTINEZ 3.0 NE,0.0,Coastal,11,1,9.09,False,9.09
US1GACU0026,33.5092,-82.133,MARTINEZ 2.7 WSW,0.0,Coastal,11,1,9.09,False,9.09
US1GACU0029,33.5513,-82.2263,EVANS 5.3 WNW,5.593419025830523,Coastal,0,0,0.0,False,0.0
US1GADG0004,32.0791,-83.0949,CHAUNCEY 2.6 SW,61.7520585554081,Rural,11,0,0.0,False,0.0
US1GADG0005,32.2058,-83.1456,EASTMAN 2.1 ENE,47.952939006862756,Coastal,10,0,0.0,False,0.0
US1GADG0009,32.1998,-83.2568,EASTMAN 4.5 W,54.88822657450082,Rural,11,0,0.0,False,0.0
US1GAEF0013,32.2704,-81.3921,MARLOW 0.0 S,21.30149948873392,Coastal,11,3,27.27,True,27.27
US1GAEF0017,32.367,-81.2673,SPRINGFIELD 2.4 E,23.637377334136783,Coastal,11,3,27.27,True,27.27
US1GAEF0018,32.3649,-81.2093,RINCON 5.3 NNE,22.680309384318814,Coastal,11,3,27.27,True,27.27
US1GAEF0021,32.1943,-81.2754,GUYTON 12.0 SE,5.044145110314001,Coastal,0,0,0.0,False,0.0
US1GAEF0022,32.2065,-81.2805,GUYTON 11.1 SE,6.3160208128483095,Coastal,10,2,20.0,True,20.0
US1GAEL0006,33.9896,-82.7391,FORTSONIA 3.1 SE,64.70388749362068,Rural,0,0,0.0,False,0.0
US1GAEM0004,32.5878,-82.351,SWAINSBORO 0.9 W,0.2859241328494053,Coastal,11,1,9.09,False,9.09
US1GAEM0005,32.5471,-82.317,SWAINSBORO 4.5 SSE,4.611599625504419,Coastal,11,1,9.09,False,9.09
US1GAEV0001,32.1932,-81.9684,BELLVILLE 2.8 N,34.11442476191227,Coastal,11,0,0.0,False,0.0
US1GAEV0005,32.1576,-81.9156,CLAXTON 0.5 WSW,35.30677821381896,Coastal,10,0,0.0,False,0.0
US1GAGE0001,33.4145,-83.2168,GREENSBORO 11.2 S,36.66801589104274,Coastal,10,0,0.0,False,0.0
US1GAGE0005,33.5072,-83.2798,BUCKHEAD 6.4 SE,48.987894186594446,Coastal,11,0,0.0,False,0.0
US1GAGE0006,33.5664,-83.1927,GREENSBORO 0.7 SW,48.838050681649335,Coastal,0,0,0.0,False,0.0
US1GAGN0005,31.1641,-81.3964,ST. SIMONS 1.1 SW,8.486015374845955,Coastal,9,1,11.11,False,11.11
US1GAGN0007,31.0702,-81.4104,JEKYLL ISLAND 0.6 E,13.501493575720863,Coastal,11,1,9.09,False,9.09
US1GAGW0023,33.9572,-83.9024,DACULA 2.1 SSW,4.55447831949635,Coastal,0,0,0.0,False,0.0
US1GAGW0050,33.8622,-83.9184,LOGANVILLE 2.3 NW,6.460163937077864,Coastal,11,0,0.0,False,0.0
US1GAGW0065,33.966,-83.9278,LAWRENCEVILLE 3.9 ENE,1.552164077948047,Coastal,11,0,0.0,False,0.0
US1GAHS0003,32.6119,-83.6359,WARNER ROBINS 0.3 W,0.0,Coastal,11,0,0.0,False,0.0
US1GAHS0005,32.5448,-83.6481,BONAIRE 3.0 W,4.8555148990169705,Coastal,0,0,0.0,False,0.0
US1GAHS0011,32.364,-83.5958,HAWKINSVILLE 9.1 NW,18.243379596810417,Coastal,0,0,0.0,False,0.0
US1GAHS0015,32.4441,-83.6915,PERRY 3.0 ESE,3.534008824447937,Coastal,0,0,0.0,False,0.0
US1GAHS0016,32.5256,-83.6312,KATHLEEN 2.5 NW,7.394727624430574,Coastal,11,0,0.0,False,0.0
US1GAHS0024,32.6485,-83.7242,BYRON 2.0 E,2.607974261468385,Coastal,11,0,0.0,False,0.0
US1GAHS0027,32.6062,-83.653,WARNER ROBINS 1.3 WSW,0.0,Coastal,11,0,0.0,False,0.0
US1GAJK0004,32.7862,-82.1303,MIDVILLE 6.6 ESE,31.461979868678867,Coastal,0,0,0.0,False,0.0
US1GAJN0006,32.8766,-83.5492,MACON 6.8 ENE,1.7154778616485127,Coastal,11,0,0.0,False,0.0
US1GAJN0007,33.0051,-83.5396,GRAY 0.3 SW,15.220811037829685,Coastal,11,0,0.0,False,0.0
US1GALB0004,31.818,-81.3744,MIDWAY 3.3 ENE,15.958168170867582,Coastal,11,0,0.0,False,0.0
US1GALB0006,31.8347,-81.3749,MIDWAY 3.8 NE,13.83433048506482,Coastal,8,0,0.0,False,0.0
US1GALB0010,31.7003,-81.2471,MIDWAY 12.7 ESE,32.422005449121066,Coastal,11,0,0.0,False,0.0
US1GALB0011,31.8635,-81.5942,HINESVILLE 2.2 N,0.0,Coastal,6,0,0.0,False,0.0
US1GALC0002,33.9767,-82.6225,TIGNALL 10.2 NE,54.703259480183924,Rural,10,0,0.0,False,0.0
US1GALN0003,31.0361,-83.1565,LAKELAND 4.8 W,22.44517885791008,Coastal,5,1,20.0,True,20.0
US1GALR0001,32.4642,-82.9861,DUBLIN 6.3 SW,9.789241832704132,Coastal,11,1,9.09,False,9.09
US1GALW0004,30.683,-83.236,LAKE PARK 2.8 W,0.0,Coastal,11,1,9.09,False,9.09
US1GALW0007,30.8302,-83.3553,VALDOSTA 4.8 WSW,2.281080678048943,Coastal,5,0,0.0,False,0.0
US1GALW0008,30.8859,-83.2979,VALDOSTA 2.8 NNW,0.0,Coastal,11,1,9.09,False,9.09
US1GALW0010,30.877,-83.2823,VALDOSTA 1.9 N,0.0,Coastal,0,0,0.0,False,0.0
US1GALW0013,30.8456,-83.2779,VALDOSTA 0.3 S,0.0,Coastal,6,0,0.0,False,0.0
US1GALW0014,30.8869,-83.2588,VALDOSTA 2.8 NNE,0.5610122234798105,Coastal,6,0,0.0,False,0.0
US1GALW0015,30.8446,-83.3179,VALDOSTA 2.4 W,0.0,Coastal,6,0,0.0,False,0.0
US1GALW0016,30.9048,-83.3015,VALDOSTA 4.1 NNW,0.0,Coastal,6,0,0.0,False,0.0
US1GALW0017,30.8043,-83.2771,VALDOSTA 3.1 S,0.7484141094952362,Coastal,6,0,0.0,False,0.0
US1GALW0018,30.9145,-83.2522,VALDOSTA 4.8 NNE,3.5464588427768247,Coastal,6,0,0.0,False,0.0
US1GALW0019,30.8474,-83.3292,VALDOSTA 3.0 W,0.0,Coastal,6,0,0.0,False,0.0
US1GALW0024,30.97,-83.2487,VALDOSTA 8.5 NNE,9.70363941331369,Coastal,10,1,10.0,False,10.0
US1GAMD0001,33.4293,-82.5026,THOMSON 2.5 S,5.479681434985542,Coastal,0,0,0.0,False,0.0
US1GAMD0005,33.429,-82.5061,THOMSON 2.6 S,5.545537157829439,Coastal,11,0,0.0,False,0.0
US1GAMD0006,33.5145,-82.4327,THOMSON 5.1 NE,6.75867901639539,Coastal,11,0,0.0,False,0.0
US1GAMG0003,33.5969,-83.4651,MADISON 1.5 NNE,38.61301547832035,Coastal,6,0,0.0,False,0.0
US1GAMI0001,31.6117,-81.3036,RICEBORO 11.4 SE,42.88857287245259,Coastal,11,0,0.0,False,0.0
US1GAMI0002,31.4259,-81.258,SAPELO ISLAND 2.3 NW,31.979759333981526,Coastal,1,0,0.0,False,0.0
US1GAMI0005,31.5723,-81.3606,TOWNSEND 5.5 SE,42.20793273990837,Coastal,11,0,0.0,False,0.0
US1GAMN0004,33.1553,-83.8222,BERNER 0.4 ENE,30.582758500183058,Coastal,0,0,0.0,False,0.0
US1GAMN0007,33.0363,-83.9593,FORSYTH 1.1 W,28.306292155588345,Coastal,11,0,0.0,False,0.0
US1GAMN0010,32.9143,-83.9416,FORSYTH 8.3 S,20.37113455141297,Coastal,11,0,0.0,False,0.0
US1GANW0001,33.5748,-83.8775,COVINGTON 2.4 SW,2.5353599824933317,Coastal,11,0,0.0,False,0.0
US1GANW0007,33.5128,-83.7777,COVINGTON 7.7 SE,12.392233869738854,Coastal,11,0,0.0,False,0.0
US1GAOC0001,33.8844,-83.3914,WATKINSVILLE 1.8 NNE,4.306937773281134,Coastal,11,0,0.0,False,0.0
US1GAOC0002,33.8999,-83.433,ATHENS 4.4 SSW,4.42903351036571,Coastal,11,0,0.0,False,0.0
US1GAOC0007,33.8689,-83.408,WATKINSVILLE 0.5 N,6.859533960089736,Coastal,0,0,0.0,False,0.0
US1GAOC0009,33.8701,-83.3823,WATKINSVILLE 1.6 ENE,5.999457555189813,Coastal,11,0,0.0,False,0.0
US1GAOC0012,33.9124,-83.4804,WATKINSVILLE 5.4 NW,2.5624195548074606,Coastal,7,0,0.0,False,0.0
US1GAOC0014,33.7994,-83.4776,BISHOP 2.6 WSW,17.623768865338526,Coastal,11,0,0.0,False,0.0
US1GAOC0015,33.8817,-83.509,BOGART 4.7 SSE,6.727138662672416,Coastal,2,0,0.0,False,0.0
US1GAOC0016,33.8019,-83.4784,BISHOP 2.6 WSW,17.281682965982885,Coastal,11,0,0.0,False,0.0
US1GAOC0018,33.8085,-83.4047,WATKINSVILLE 3.7 S,14.533087593787993,Coastal,11,0,0.0,False,0.0
US1GAOG0002,33.8943,-82.9257,RAYLE 7.2 N,44.04144130923304,Coastal,0,0,0.0,False,0.0
US1GAOG0004,33.8858,-83.2282,ARNOLDSVILLE 1.6 SSW,11.250994850958984,Coastal,0,0,0.0,False,0.0
US1GAOG0005,33.9055,-83.218,ARNOLDSVILLE 0.4 S,11.653455835923268,Coastal,10,0,0.0,False,0.0
US1GAOG0007,33.9404,-83.0659,LEXINGTON 5.5 NNE,28.224023131395985,Coastal,11,0,0.0,False,0.0
US1GAOG0010,33.8443,-83.0211,LEXINGTON 5.5 ESE,34.91600310651095,Coastal,8,0,0.0,False,0.0
US1GAOG0012,33.8601,-83.2418,ARNOLDSVILLE 3.7 SSW,11.64214464159915,Coastal,11,0,0.0,False,0.0
US1GAOG0015,33.9995,-83.1847,COLBERT 3.1 SSE,15.57956098154584,Coastal,11,0,0.0,False,0.0
US1GAOG0029,33.8669,-83.1045,LEXINGTON 0.4 ESE,25.161786790190423,Coastal,0,0,0.0,False,0.0
US1GAPE0001,32.5514,-83.8771,FORT VALLEY 0.7 ESE,13.718236820560715,Coastal,11,0,0.0,False,0.0
US1GAPE0003,32.6086,-83.756,BYRON 3.0 S,5.4118961192714234,Coastal,11,0,0.0,False,0.0
US1GAPR0003,31.3032,-82.2402,BLACKSHEAR 0.3 NNE,12.952999747923345,Coastal,0,0,0.0,False,0.0
US1GAPT0006,33.1841,-83.4011,EATONTON 9.6 S,14.59655298483768,Coastal,0,0,0.0,False,0.0
US1GARC0009,33.4951,-82.0695,WEST AUGUSTA 0.9 NW,0.0,Coastal,8,0,0.0,False,0.0
US1GARC0012,33.4647,-82.0679,AUGUSTA 4.2 W,0.0,Coastal,0,0,0.0,False,0.0
US1GARC0015,33.4779,-82.0411,AUGUSTA 3.0 WNW,0.0,Coastal,11,1,9.09,False,9.09
US1GARC0016,33.3619,-82.0025,AUGUSTA 6.6 S,0.0,Coastal,4,1,25.0,True,25.0
US1GARC0019,33.3593,-82.0413,SOUTH AUGUSTA 4.1 S,1.7305213224496532,Coastal,11,1,9.09,False,9.09
US1GASV0001,32.7187,-81.6995,SYLVANIA 4.2 WSW,31.731749014538135,Coastal,0,0,0.0,False,0.0
US1GASV0003,32.7494,-81.6523,SYLVANIA 0.8 W,36.869786461127156,Coastal,4,0,0.0,False,0.0
US1GASV0005,32.5823,-81.5032,NEWINGTON 0.5 SSE,30.072766797530544,Coastal,11,2,18.18,False,18.18
US1GASV0007,32.7705,-81.5456,SYLVANIA 5.5 ENE,44.188108223542564,Coastal,11,0,0.0,False,0.0
US1GASV0008,32.7237,-81.8255,ROCKY FORD 4.2 N,30.545170471426303,Coastal,11,1,9.09,False,9.09
US1GATE0004,31.9962,-82.8199,MCRAE 6.6 SE,51.78789811878464,Rural,11,1,9.09,False,9.09
US1GATF0003,31.4744,-83.4893,TIFTON 1.4 ENE,0.0,Coastal,11,0,0.0,False,0.0
US1GATF0007,31.4771,-83.4791,TIFTON 2.0 ENE,0.2918550299382524,Coastal,0,0,0.0,False,0.0
US1GATG0001,32.6016,-83.3032,DANVILLE 3.3 W,29.293530613442847,Coastal,11,0,0.0,False,0.0
US1GATH0002,30.8376,-83.9313,THOMASVILLE 2.8 E,2.6954434626202715,Coastal,10,0,0.0,False,0.0
US1GATH0004,30.8176,-83.8965,THOMASVILLE 5.1 ESE,7.349864318600506,Coastal,11,0,0.0,False,0.0
US1GATN0004,32.2689,-82.0443,COLLINS 7.3 NNE,33.425863754786825,Coastal,11,0,0.0,False,0.0
US1GATR0001,31.6727,-83.6299,SYCAMORE 0.4 ENE,26.33414941973451,Coastal,0,0,0.0,False,0.0
US1GAWG0005,32.9833,-82.8125,SANDERSVILLE 0.0 ESE,0.0,Coastal,6,0,0.0,False,0.0
US1GAWG0006,32.8127,-82.6906,HARRISON 2.2 ESE,23.00908025382069,Coastal,9,1,11.11,False,11.11
US1GAWL0001,33.7981,-83.9583,LOGANVILLE 4.5 SW,8.213838239319157,Coastal,11,0,0.0,False,0.0
US1GAWL0012,33.8355,-83.8255,LOGANVILLE 4.0 E,17.322800895481695,Coastal,11,0,0.0,False,0.0
US1GAWL0013,33.7426,-83.8623,LOGANVILLE 6.7 SSE,11.686443794623004,Coastal,0,0,0.0,False,0.0
US1GAWL0018,33.779,-83.7866,MONROE 4.4 WSW,19.709649104352202,Coastal,11,0,0.0,False,0.0
US1GAWL0022,33.8104,-83.5208,NORTH HIGH SHOALS 1.7 SW,16.34421232569132,Coastal,0,0,0.0,False,0.0
US1GAWL0024,33.8024,-83.6821,MONROE 1.8 ENE,24.232469708223107,Coastal,11,0,0.0,False,0.0
US1GAWN0001,33.4121,-82.6758,WARRENTON 0.7 WNW,19.98925045184249,Coastal,11,1,9.09,False,9.09
US1GAWR0001,31.1662,-82.2662,WAYCROSS 6.3 ESE,8.9943059073232,Coastal,3,0,0.0,False,0.0
US1GAWR0005,31.1218,-82.6195,MANOR 3.0 NW,24.3623651541303,Coastal,11,1,9.09,False,9.09
US1GAWR0007,31.2433,-82.382,WAYCROSS 2.6 NNW,0.0,Coastal,11,0,0.0,False,0.0
US1GAWS0001,33.6994,-82.6717,WASHINGTON 4.8 ESE,27.277501979544617,Coastal,11,0,0.0,False,0.0
US1GAWT0003,31.4859,-83.9145,SYLVESTER 5.5 WSW,20.878077296752377,Coastal,11,0,0.0,False,0.0
US1GAWT0007,31.5303,-83.834,SYLVESTER 0.2 NE,26.99293341074857,Coastal,7,0,0.0,False,0.0
US1GAWY0002,31.7006,-81.8957,JESUP 7.1 N,8.818741605316045,Coastal,0,0,0.0,False,0.0
US1GAWY0004,31.732,-81.9578,JESUP 10.0 NNW,14.820461409420417,Coastal,0,0,0.0,False,0.0
US1GAWY0007,31.4986,-81.9817,SCREVEN 2.3 ENE,16.1983597391767,Coastal,11,0,0.0,False,0.0
US1GAWY0008,31.6575,-81.9035,JESUP 4.2 NNW,3.680808186973174,Coastal,0,0,0.0,False,0.0
US1NCBR0001,33.9247,-78.5696,CALABASH 1.9 NNE,9.52790128924288,Coastal,2,0,0.0,False,0.0
US1NCBR0006,33.8841,-78.5377,SUNSET BEACH 1.7 WNW,10.385782882682568,Coastal,11,6,54.55,True,54.55
US1NCBR0104,33.9236,-78.5648,CAROLINA SHORES 1.8 NE,9.85887885572289,Coastal,9,2,22.22,True,22.22
US1NCBR0105,33.9436,-78.5796,CALABASH 3.1 N,10.609906857994483,Coastal,11,3,27.27,True,27.27
US1NCBR0106,33.9089,-78.607,CALABASH 1.9 WNW,5.06020438449266,Coastal,11,4,36.36,True,36.36
US1NCBR0109,33.9297,-78.6118,CALABASH 2.9 NW,7.21280716017365,Coastal,10,3,30.0,True,30.0
US1SCAK0004,33.5591,-81.9029,NORTH AUGUSTA 4.2 NE,2.6010690672182415,Coastal,1,0,0.0,False,0.0
US1SCAK0014,33.4438,-81.6584,AIKEN 7.8 SSE,11.473748916544722,Coastal,11,0,0.0,False,0.0
US1SCAK0020,33.5243,-81.7288,AIKEN 1.1 S,0.0,Coastal,10,1,10.0,False,10.0
US1SCAK0023,33.528,-81.735,AIKEN 1.0 SSW,0.0,Coastal,11,1,9.09,False,9.09
US1SCAK0027,33.4594,-81.4515,WILLISTON 4.3 NNW,28.33055467613319,Coastal,11,1,9.09,False,9.09
US1SCAK0031,33.492,-81.7136,AIKEN 3.5 SSE,3.459274991708764,Coastal,0,0,0.0,False,0.0
US1SCAK0032,33.5602,-81.7433,AIKEN 1.6 NNW,0.0,Coastal,11,0,0.0,False,0.0
US1SCAK0033,33.5565,-81.5853,AIKEN 8.3 E,12.058422179678598,Coastal,11,1,9.09,False,9.09
US1SCAK0039,33.5074,-81.9782,NORTH AUGUSTA 1.5 WSW,0.0,Coastal,11,0,0.0,False,0.0
US1SCAK0046,33.4778,-81.8371,BEECH ISLAND 4.7 NE,7.9410892361185415,Coastal,6,1,16.67,False,16.67
US1SCAK0047,33.4793,-81.7444,AIKEN 4.3 SSW,4.735540275360218,Coastal,0,0,0.0,False,0.0
US1SCAK0051,33.44,-81.64,AIKEN 8.6 SE,13.015737242449374,Coastal,9,1,11.11,False,11.11
US1SCAK0053,33.4846,-81.7266,AIKEN 3.9 S,4.258725886813997,Coastal,11,1,9.09,False,9.09
US1SCAK0057,33.501,-81.7141,AIKEN 2.9 SSE,2.2603129751840685,Coastal,11,1,9.09,False,9.09
US1SCAK0059,33.4454,-81.6518,NEW ELLENTON 2.7 NE,11.674376008267455,Coastal,1,0,0.0,False,0.0
US1SCAK0060,33.6312,-81.3647,WAGENER 1.4 S,37.162838281606625,Coastal,11,0,0.0,False,0.0
US1SCAK0067,33.4478,-81.6593,AIKEN 7.6 SSE,10.961573338771911,Coastal,1,0,0.0,False,0.0
US1SCAK0069,33.5603,-81.759,AIKEN 2.2 NW,0.4690794965573921,Coastal,11,1,9.09,False,9.09
US1SCAK0071,33.545,-81.9044,NORTH AUGUSTA 3.5 ENE,1.4580661403748973,Coastal,1,1,100.0,True,100.0
US1SCAK0073,33.6338,-81.2792,SALLEY 4.9 NNE,41.41192387771445,Coastal,11,2,18.18,False,18.18
US1SCAK0074,33.5568,-81.7269,AIKEN 1.1 N,0.0,Coastal,11,1,9.09,False,9.09
US1SCAK0077,33.572,-81.7549,AIKEN 2.6 NW,0.0,Coastal,1,1,100.0,True,100.0
US1SCAK0078,33.4991,-81.9614,NORTH AUGUSTA 1.3 SSW,0.0,Coastal,2,0,0.0,False,0.0
US1SCAK0083,33.5218,-81.3409,SPRINGFIELD 4.0 WNW,39.430784661546106,Coastal,11,1,9.09,False,9.09
US1SCAK0096,33.4495,-81.6617,AIKEN 7.4 SSE,10.63120112865583,Coastal,1,0,0.0,False,0.0
US1SCAK0097,33.6564,-81.3572,WAGENER 0.5 NE,38.71720024946469,Coastal,2,0,0.0,False,0.0
US1SCAK0101,33.5264,-81.9331,NORTH AUGUSTA 1.5 ENE,0.0,Coastal,11,1,9.09,False,9.09
US1SCAK0103,33.3726,-81.8628,JACKSON 5.1 NW,8.347835364417113,Coastal,11,1,9.09,False,9.09
US1SCAK0105,33.8049,-81.5621,BATESBURG 7.1 S,30.800326935178415,Coastal,6,1,16.67,False,16.67
US1SCAK0109,33.6125,-81.6842,AIKEN 5.6 NNE,2.207755213779807,Coastal,0,0,0.0,False,0.0
US1SCAL0002,32.989,-81.2921,ALLENDALE 1.7 SE,54.95173055690998,Rural,11,2,18.18,False,18.18
US1SCBF0002,32.2529,-80.735,HILTON HEAD ISLAND 4.0 N,22.95040837190857,Coastal,11,2,18.18,False,18.18
US1SCBF0010,32.2665,-80.9633,BLUFFTON 6.2 WNW,21.75837802942024,Coastal,0,0,0.0,False,0.0
US1SCBF0015,32.2713,-80.9683,BLUFFTON 5.1 NW,21.75905326863,Coastal,6,1,16.67,False,16.67
US1SCBF0022,32.248,-80.8156,BLUFFTON 2.9 ENE,25.925465106472352,Coastal,9,2,22.22,True,22.22
US1SCBF0032,32.3426,-80.8391,OKATIE 7.2 ENE,16.678974378080294,Coastal,9,1,11.11,False,11.11
US1SCBF0036,32.3662,-80.8524,OKATIE 7.6 NE,15.809495690763752,Coastal,11,0,0.0,False,0.0
US1SCBF0037,32.4939,-80.6334,BEAUFORT 5.7 NE,8.713084953915233,Coastal,10,3,30.0,True,30.0
US1SCBF0050,32.2174,-80.9802,BLUFFTON 7.0 W,15.3413278308251,Coastal,11,0,0.0,False,0.0
US1SCBF0053,32.3536,-80.6923,PARRIS ISLAND 1.7 N,9.808241198176685,Coastal,8,1,12.5,False,12.5
US1SCBF0055,32.1991,-80.7658,HILTON HEAD ISLAND 1.2 WNW,30.164653732825638,Coastal,0,0,0.0,False,0.0
US1SCBF0059,32.2314,-80.7235,HILTON HEAD ISLAND 2.8 NNE,25.671612345351026,Coastal,0,0,0.0,False,0.0
US1SCBF0065,32.2638,-80.7174,HILTON HEAD ISLAND 5.0 NNE,21.38455756162874,Coastal,0,0,0.0,False,0.0
US1SCBF0066,32.2411,-80.7008,HILTON HEAD ISLAND 4.1 NE,24.399487429627044,Coastal,8,3,37.5,True,37.5
US1SCBF0067,32.2568,-80.7254,HILTON HEAD ISLAND 4.4 NNE,22.345678677179862,Coastal,3,1,33.33,True,33.33
US1SCBF0068,32.4279,-80.6378,BEAUFORT 3.0 E,6.081832048091187,Coastal,7,3,42.86,True,42.86
US1SCBF0080,32.4052,-80.6993,BEAUFORT 1.6 SSW,3.1106470242235664,Coastal,8,4,50.0,True,50.0
US1SCBF0091,32.4286,-80.6423,BEAUFORT 2.7 E,5.577421112689947,Coastal,0,0,0.0,False,0.0
US1SCBF0092,32.2441,-80.8686,BLUFFTON 0.7 NNW,24.410726868557187,Coastal,11,1,9.09,False,9.09
US1SCBF0093,32.4131,-80.7601,BEAUFORT 4.2 WSW,3.906469347845119,Coastal,9,2,22.22,True,22.22
US1SCBF0094,32.4754,-80.6794,BEAUFORT 3.5 N,3.1774575353774326,Coastal,1,0,0.0,False,0.0
US1SCBF0096,32.3782,-80.4416,SAINT HELENA 7.0 E,28.883113994584235,Coastal,11,2,18.18,False,18.18
US1SCBF0097,32.4675,-80.6296,BEAUFORT 4.5 NE,7.1917914671520755,Coastal,9,3,33.33,True,33.33
US1SCBF0098,32.4653,-80.8019,BEAUFORT 7.1 WNW,5.326756257023084,Coastal,11,2,18.18,False,18.18
US1SCBF0099,32.1775,-80.724,HILTON HEAD ISLAND 1.8 SE,32.75839498310471,Coastal,0,0,0.0,False,0.0
US1SCBF0100,32.2412,-80.8143,HILTON HEAD ISLAND 5.1 NW,26.714933452027598,Coastal,11,1,9.09,False,9.09
US1SCBF0104,32.2431,-80.8034,HILTON HEAD ISLAND 4.7 NW,26.082519601239355,Coastal,8,2,25.0,True,25.0
US1SCBF0111,32.3136,-80.4924,FRIPP ISLAND 0.5 WSW,27.7485221102594,Coastal,6,0,0.0,False,0.0
US1SCBF0112,32.4078,-80.5275,ST HELENA ISLAND 2.8 NE,18.62129281746979,Coastal,11,2,18.18,False,18.18
US1SCBF0113,32.2207,-80.9881,BLUFFTON 7.4 W,15.278270561312246,Coastal,3,1,33.33,True,33.33
US1SCBF0114,32.2117,-80.86,BLUFFTON 1.7 S,22.100895241773834,Coastal,11,1,9.09,False,9.09
US1SCBF0116,32.2723,-80.9725,BLUFFTON 6.9 WNW,21.50664457546159,Coastal,0,0,0.0,False,0.0
US1SCBF0117,32.2236,-80.6716,HILTON HEAD ISLAND 4.7 ENE,27.052282654121196,Coastal,11,2,18.18,False,18.18
US1SCBF0119,32.3925,-80.7373,BEAUFORT 3.6 SW,5.080848572382804,Coastal,9,3,33.33,True,33.33
US1SCBF0120,32.514,-80.7304,BEAUFORT 6.5 NNW,3.2749971847179697,Coastal,11,3,27.27,True,27.27
US1SCBF0122,32.4567,-80.6396,BEAUFORT 3.6 NE,5.727499053177983,Coastal,6,1,16.67,False,16.67
US1SCBF0123,32.3385,-80.918,OKATIE 3.5 NE,23.81335343294274,Coastal,11,1,9.09,False,9.09
US1SCBF0124,32.3829,-80.6943,PORT ROYAL 0.1 W,6.0341736453259225,Coastal,11,3,27.27,True,27.27
US1SCBF0126,32.274,-80.9775,BLUFFTON 7.2 WNW,21.253450795032002,Coastal,0,0,0.0,False,0.0
US1SCBK0008,32.9459,-80.0084,HANAHAN 1.1 N,0.254258225604422,Coastal,0,0,0.0,False,0.0
US1SCBK0017,33.0011,-80.0766,GOOSE CREEK 4.6 WNW,0.0,Coastal,0,0,0.0,False,0.0
US1SCBK0029,33.4249,-80.0267,PINEVILLE 0.3 SSE,48.53675494238443,Coastal,1,1,100.0,True,100.0
US1SCBK0038,33.1987,-79.9377,MONCKS CORNER 3.6 E,22.782752253316875,Coastal,10,3,30.0,True,30.0
US1SCBK0046,33.0775,-80.2177,SUMMERVILLE 5.5 NNW,0.9514051996660583,Coastal,11,1,9.09,False,9.09
US1SCBK0048,32.8473,-79.9032,DANIEL ISLAND 1.0 SE,0.0,Coastal,11,2,18.18,False,18.18
US1SCBK0055,33.0676,-79.9747,MONCKS CORNER 8.9 S,8.662956050426166,Coastal,7,1,14.29,False,14.29
US1SCBK0056,33.1923,-79.9865,MONCKS CORNER 0.8 ESE,19.32732777278455,Coastal,11,2,18.18,False,18.18
US1SCBK0059,33.4062,-79.919,ST. STEPHEN 0.4 ENE,48.64119643275895,Coastal,0,0,0.0,False,0.0
US1SCBK0061,32.8514,-79.9123,CHARLESTON 6.6 NE,0.0,Coastal,11,3,27.27,True,27.27
US1SCBK0063,33.1056,-80.1635,SUMMERVILLE 7.1 N,4.842675867689324,Coastal,11,3,27.27,True,27.27
US1SCBK0065,33.0188,-80.047,GOOSE CREEK 3.5 NW,0.0,Coastal,11,3,27.27,True,27.27
US1SCBK0067,32.842,-79.9111,DANIEL ISLAND 1.4 S,0.0,Coastal,5,3,60.0,True,60.0
US1SCBK0068,33.0319,-80.1324,SUMMERVILLE 3.3 NE,0.0,Coastal,0,0,0.0,False,0.0
US1SCBK0071,33.0038,-80.0626,GOOSE CREEK 3.9 WNW,0.0,Coastal,0,0,0.0,False,0.0
US1SCBK0077,33.0717,-80.147,SUMMERVILLE 5.0 NNE,0.3884164724825497,Coastal,2,2,100.0,True,100.0
US1SCBK0079,32.8865,-79.8945,CHARLESTON 9.1 NE,2.0335301258428373,Coastal,11,2,18.18,False,18.18
US1SCBK0081,33.2066,-80.0158,MONCKS CORNER 1.2 NW,20.09333953271257,Coastal,5,0,0.0,False,0.0
US1SCBK0082,33.1254,-80.0263,MONCKS CORNER 5.1 SSW,9.40924302782817,Coastal,11,3,27.27,True,27.27
US1SCBK0085,32.9156,-79.9846,HANAHAN 1.7 SE,0.0,Coastal,11,1,9.09,False,9.09
US1SCBK0086,32.9842,-79.7998,HUGER 7.7 S,15.13815523190398,Coastal,11,2,18.18,False,18.18
US1SCBK0087,33.014,-80.1088,LADSON 0.4 NNW,0.0,Coastal,0,0,0.0,False,0.0
US1SCBK0088,33.1885,-80.0127,MONCKS CORNER 0.9 WSW,17.852343547848392,Coastal,11,3,27.27,True,27.27
US1SCBK0091,33.036,-80.0762,GOOSE CREEK 5.6 NW,0.0,Coastal,9,1,11.11,False,11.11
US1SCBK0094,33.0605,-80.1045,SUMMERVILLE 5.8 NE,0.08264933225030478,Coastal,11,3,27.27,True,27.27
US1SCBK0097,32.9038,-79.8947,CHARLESTON 10.0 NE,3.5477826550905682,Coastal,0,0,0.0,False,0.0
US1SCBM0001,33.3392,-81.1805,DENMARK 2.8 WNW,36.45957195646485,Coastal,11,1,9.09,False,9.09
US1SCBM0006,33.096,-81.0108,EHRHARDT 0.2 SE,51.86019914164173,Rural,11,1,9.09,False,9.09
US1SCBM0009,33.3465,-81.1326,DENMARK 2.0 N,31.52545913180065,Coastal,9,1,11.11,False,11.11
US1SCBW0003,33.2367,-81.3857,BARNWELL 1.2 WSW,28.080629377038168,Coastal,11,1,9.09,False,9.09
US1SCBW0006,33.175,-81.3522,BARNWELL 4.6 S,34.50045091764197,Coastal,5,1,20.0,True,20.0
US1SCCA0001,33.6874,-80.7301,ST. MATTHEWS 3.2 ENE,20.03193643801022,Coastal,2,1,50.0,True,50.0
US1SCCA0002,33.8097,-81.009,GASTON 5.3 E,15.534381932309246,Coastal,0,0,0.0,False,0.0
US1SCCA0016,33.719,-80.9188,ST. MATTHEWS 9.0 WNW,21.034553217809822,Coastal,0,0,0.0,False,0.0
US1SCCA0019,33.6853,-80.9773,NORTH 8.6 ENE,20.188761768260896,Coastal,1,1,100.0,True,100.0
US1SCCA0020,33.6817,-80.6561,ST MATTHEWS 7.1 E,24.79567589204978,Coastal,0,0,0.0,False,0.0
US1SCCA0021,33.5284,-80.6505,ELLOREE 4.5 W,19.184324702333967,Coastal,11,2,18.18,False,18.18
US1SCCD0002,33.5744,-80.2205,MANNING 8.2 S,46.84402967436182,Coastal,0,0,0.0,False,0.0
US1SCCD0006,33.6698,-80.1995,MANNING 1.9 SSE,35.865123056297676,Coastal,8,2,25.0,True,25.0
US1SCCD0017,33.5108,-80.4259,SUMMERTON 7.6 SW,44.1918173902312,Coastal,11,3,27.27,True,27.27
US1SCCD0019,33.5522,-80.2342,SUMMERTON 7.6 ESE,49.271038120730985,Coastal,11,3,27.27,True,27.27
US1SCCL0003,32.9439,-80.6812,WALTERBORO 3.0 NNW,50.72161224558604,Rural,11,2,18.18,False,18.18
US1SCCL0005,33.089,-80.814,SMOAKS 0.1 ESE,51.002237507891735,Rural,11,3,27.27,True,27.27
US1SCCL0009,33.0271,-80.9871,LODGE 3.4 SW,60.079081148422205,Rural,11,1,9.09,False,9.09
US1SCCL0014,32.7134,-80.6087,GREEN POND 1.3 S,32.89776943667627,Coastal,11,3,27.27,True,27.27
US1SCCL0016,32.8947,-80.5661,COTTAGEVILLE 5.8 WSW,39.94174767833694,Coastal,11,4,36.36,True,36.36
US1SCCL0017,32.9799,-80.4947,COTTAGEVILLE 3.1 NNW,29.517261990097207,Coastal,11,3,27.27,True,27.27
US1SCCL0027,32.7262,-80.6932,GREEN POND 4.6 W,31.390241722730597,Coastal,0,0,0.0,False,0.0
US1SCCL0028,33.0658,-80.5371,GROVER 4.4 SE,34.200574069672136,Coastal,11,3,27.27,True,27.27
US1SCCL0031,32.4817,-80.3372,EDISTO BEACH 1.2 WSW,39.529357720049084,Coastal,10,2,20.0,True,20.0
US1SCCL0037,33.0014,-80.6252,WALTERBORO 7.4 NNE,43.89830279704225,Coastal,11,3,27.27,True,27.27
US1SCCR0004,32.8117,-79.8336,MOUNT PLEASANT 1.9 ESE,0.0,Coastal,3,0,0.0,False,0.0
US1SCCR0010,33.0845,-79.4636,MCCLELLANVILLE 0.2 ESE,41.689051400879826,Coastal,11,3,27.27,True,27.27
US1SCCR0013,32.7264,-79.9587,CHARLESTON 4.6 SSE,1.0359182343773348,Coastal,11,2,18.18,False,18.18
US1SCCR0022,32.8066,-80.0827,CHARLESTON 5.2 WNW,0.9958932176716434,Coastal,11,2,18.18,False,18.18
US1SCCR0026,32.8567,-79.8058,MOUNT PLEASANT 4.1 NE,0.7736443543642646,Coastal,8,3,37.5,True,37.5
US1SCCR0030,32.9591,-80.0606,NORTH CHARLESTON 3.5 N,0.0,Coastal,11,2,18.18,False,18.18
US1SCCR0032,32.7011,-80.2937,MEGGETT 1.8 W,27.885720099980066,Coastal,11,3,27.27,True,27.27
US1SCCR0033,33.0835,-79.4599,MCCLELLANVILLE 0.5 ESE,41.65859546420657,Coastal,10,2,20.0,True,20.0
US1SCCR0034,32.9322,-80.0736,NORTH CHARLESTON 2.6 NW,0.0,Coastal,11,2,18.18,False,18.18
US1SCCR0036,32.7398,-79.9314,FOLLY BEACH 4.5 N,3.5935373657782117,Coastal,9,2,22.22,True,22.22
US1SCCR0042,32.8103,-79.9569,CHARLESTON 2.8 NE,0.0,Coastal,11,2,18.18,False,18.18
US1SCCR0049,32.8949,-80.0273,NWS CHARLESTON SC,0.0,Coastal,11,3,27.27,True,27.27
US1SCCR0057,32.8794,-79.9899,NORTH CHARLESTON 3.5 ESE,0.0,Coastal,11,3,27.27,True,27.27
US1SCCR0060,32.7177,-79.9455,CHARLESTON 5.4 SSE,2.7372207299688465,Coastal,11,3,27.27,True,27.27
US1SCCR0063,32.8915,-79.9834,NORTH CHARLESTON 3.5 ESE,0.0,Coastal,0,0,0.0,False,0.0
US1SCCR0069,32.8965,-79.7962,MOUNT PLEASANT 6.4 NE,3.892159895576214,Coastal,9,1,11.11,False,11.11
US1SCCR0074,32.7216,-80.0088,JOHNS ISLAND 1.8 NE,3.14869093345802,Coastal,11,2,18.18,False,18.18
US1SCCR0078,32.8919,-79.9904,NORTH CHARLESTON 3.1 ESE,0.0,Coastal,9,1,11.11,False,11.11
US1SCCR0083,32.6288,-80.0406,KIAWAH ISLAND 1.5 NE,15.182884883638508,Coastal,0,0,0.0,False,0.0
US1SCCR0085,32.7979,-79.8442,MOUNT PLEASANT 2.1 SSE,1.164840925712102,Coastal,2,1,50.0,True,50.0
US1SCCR0087,32.8257,-79.9835,CHARLESTON 2.9 NNE,0.0,Coastal,9,3,33.33,True,33.33
US1SCCR0089,32.7649,-79.9762,CHARLESTON 1.7 SE,0.0,Coastal,5,1,20.0,True,20.0
US1SCCR0092,32.7884,-80.2565,RAVENEL 2.0 WNW,20.47429805925365,Coastal,9,1,11.11,False,11.11
US1SCCR0096,32.7449,-79.9186,CHARLESTON 5.2 ESE,4.138909045524535,Coastal,11,3,27.27,True,27.27
US1SCCR0097,32.8097,-80.0746,CHARLESTON 5.0 WNW,0.042404390803152954,Coastal,11,2,18.18,False,18.18
US1SCCR0098,32.6299,-80.1951,WADMALAW ISLAND 2.3 SSW,25.5634957080229,Coastal,8,1,12.5,False,12.5
US1SCCR0099,32.8195,-79.8809,MOUNT PLEASANT 1.0 WSW,0.0,Coastal,9,1,11.11,False,11.11
US1SCCR0105,32.7523,-80.2403,HOLLYWOOD 2.3 W,19.889425719788,Coastal,9,1,11.11,False,11.11
US1SCCR0112,32.902,-79.7882,MOUNT PLEASANT 7.0 NE,4.973549397499369,Coastal,11,2,18.18,False,18.18
US1SCCR0113,32.8821,-79.8284,MOUNT PLEASANT 4.6 NNE,1.6507101049576174,Coastal,7,2,28.57,True,28.57
US1SCCR0114,32.7516,-79.8998,CHARLESTON 5.9 ESE,5.222763639110432,Coastal,7,1,14.29,False,14.29
US1SCCR0115,32.5456,-80.2435,EDISTO ISLAND 3.6 E,37.78707222772185,Coastal,9,1,11.11,False,11.11
US1SCCR0116,32.7889,-80.0495,CHARLESTON 3.2 W,0.0,Coastal,11,2,18.18,False,18.18
US1SCCR0123,32.8281,-79.9863,CHARLESTON 3.0 N,0.0,Coastal,11,3,27.27,True,27.27
US1SCCR0131,32.8466,-79.8735,MOUNT PLEASANT 1.7 NNW,0.0,Coastal,9,1,11.11,False,11.11
US1SCCR0138,32.7841,-79.9893,CHARLESTON 0.3 ESE,0.0,Coastal,11,3,27.27,True,27.27
US1SCCR0142,32.8491,-80.0276,NORTH CHARLESTON 4.0 SSE,0.0,Coastal,11,3,27.27,True,27.27
US1SCCR0144,32.8472,-79.8665,MOUNT PLEASANT 1.7 N,0.0,Coastal,11,1,9.09,False,9.09
US1SCCR0146,32.8983,-79.7536,MOUNT PLEASANT 8.2 NE,7.524420602560625,Coastal,10,1,10.0,False,10.0
US1SCCR0148,32.8224,-79.8577,MOUNT PLEASANT 0.4 E,0.0,Coastal,11,3,27.27,True,27.27
US1SCCR0149,33.0044,-80.1347,SUMMERVILLE 2.6 E,0.0,Coastal,11,2,18.18,False,18.18
US1SCCR0151,32.8303,-80.091,CHARLESTON 6.4 WNW,1.8544216877425013,Coastal,11,3,27.27,True,27.27
US1SCCR0152,32.7914,-79.9429,CHARLESTON 3.0 E,0.0,Coastal,0,0,0.0,False,0.0
US1SCCR0153,32.5281,-80.3148,EDISTO BEACH 2.7 N,43.08243089829778,Coastal,11,2,18.18,False,18.18
US1SCCR0154,32.6042,-80.0715,KIAWAH ISLAND 1.0 SW,19.799579462549953,Coastal,11,1,9.09,False,9.09
US1SCCR0155,32.5554,-80.3682,EDISTO BEACH 5.4 NNW,38.51760946503274,Coastal,10,2,20.0,True,20.0
US1SCCR0159,32.7929,-79.8913,MOUNT PLEASANT 2.6 SW,0.0,Coastal,2,0,0.0,False,0.0
US1SCCR0161,32.7994,-79.8651,MOUNT PLEASANT 1.6 S,0.05945161917833847,Coastal,11,2,18.18,False,18.18
US1SCCR0162,32.7236,-80.2956,HOLLYWOOD 5.8 WSW,26.925266668322518,Coastal,11,3,27.27,True,27.27
US1SCCR0164,32.8332,-80.0367,CHARLESTON 4.1 NW,0.0,Coastal,11,3,27.27,True,27.27
US1SCCR0166,32.8014,-79.7564,ISLE OF PALMS 0.1 E,7.49464562696782,Coastal,11,2,18.18,False,18.18
US1SCCR0173,32.8414,-80.0864,CHARLESTON 6.6 NW,1.335029099636865,Coastal,11,2,18.18,False,18.18
US1SCCR0178,32.7875,-80.0435,CHARLESTON 2.9 W,0.0,Coastal,11,2,18.18,False,18.18
US1SCCR0179,32.9019,-79.8148,MOUNT PLEASANT 6.1 NNE,4.16130064185957,Coastal,4,0,0.0,False,0.0
US1SCCR0180,32.8019,-79.8825,MOUNT PLEASANT 1.8 SW,0.0,Coastal,0,0,0.0,False,0.0
US1SCCR0183,32.8323,-80.035,CHARLESTON 4.0 NW,0.0,Coastal,11,3,27.27,True,27.27
US1SCCR0187,32.713,-80.1421,JOHNS ISLAND 6.4 W,13.341745223529385,Coastal,11,2,18.18,False,18.18
US1SCCR0189,32.6257,-80.1214,KIAWAH RIVER 3.5 W,20.976980204212243,Coastal,7,2,28.57,True,28.57
US1SCCR0192,32.8938,-79.7652,MOUNT PLEASANT 7.5 NE,6.1073022901657374,Coastal,9,1,11.11,False,11.11
US1SCCR0194,32.7621,-80.0006,CHARLESTON 1.6 SSW,0.0,Coastal,11,2,18.18,False,18.18
US1SCCR0197,32.8176,-79.886,MOUNT PLEASANT 1.3 WSW,0.0,Coastal,11,1,9.09,False,9.09
US1SCCR0199,32.5979,-80.1113,KIAWAH ISLAND 3.1 WSW,23.026742374694717,Coastal,9,3,33.33,True,33.33
US1SCCR0204,32.8515,-79.8592,MOUNT PLEASANT 2.0 N,0.0,Coastal,11,2,18.18,False,18.18
US1SCCR0205,32.8098,-80.0946,CHARLESTON 6.1 WNW,2.268700545918099,Coastal,11,2,18.18,False,18.18
US1SCCR0206,32.8302,-79.8411,MOUNT PLEASANT 1.4 ENE,0.0,Coastal,10,1,10.0,False,10.0
US1SCCR0208,32.8407,-79.812,MOUNT PLEASANT 3.2 ENE,0.10897412738395948,Coastal,0,0,0.0,False,0.0
US1SCCR0210,32.8183,-80.0466,CHARLESTON 3.8 NW,0.0,Coastal,11,4,36.36,True,36.36
US1SCCR0212,32.8991,-79.9889,NORTH CHARLESTON 3.1 E,0.0,Coastal,11,2,18.18,False,18.18
US1SCCR0214,32.5605,-80.339,EDISTO BEACH 5.1 NNW,41.79248600019956,Coastal,9,2,22.22,True,22.22
US1SCCR0217,32.6785,-80.1181,WADMALAW ISLAND 3.6 ENE,15.591191315386672,Coastal,6,0,0.0,False,0.0
US1SCCR0218,32.7147,-80.0875,JOHNS ISLAND 3.3 WNW,9.823748735618938,Coastal,11,2,18.18,False,18.18
US1SCCR0220,32.7316,-79.9224,CHARLESTON 5.6 SE,5.0693248605935946,Coastal,1,1,100.0,True,100.0
US1SCCR0221,32.5775,-80.1753,SEABROOK ISLAND 0.2 S,29.724250535417593,Coastal,9,1,11.11,False,11.11
US1SCCR0225,32.9037,-79.7626,MOUNT PLEASANT 8.1 NE,7.088677188340793,Coastal,10,3,30.0,True,30.0
US1SCCR0226,32.8192,-80.0076,CHARLESTON 2.5 NNW,0.0,Coastal,3,3,100.0,True,100.0
US1SCCR0227,32.8197,-80.0482,CHARLESTON 4.0 NW,0.0,Coastal,11,4,36.36,True,36.36
US1SCCR0228,32.6993,-80.1236,WADMALAW ISLAND 4.1 NE,13.480397814014731,Coastal,2,1,50.0,True,50.0
US1SCCR0229,32.7844,-79.8558,MOUNT PLEASANT 2.7 S,2.2934963129060475,Coastal,11,3,27.27,True,27.27
US1SCCR0231,32.6077,-80.3362,EDISTO ISLAND 4.5 NNW,38.594104988029436,Coastal,11,3,27.27,True,27.27
US1SCCR0232,32.722,-79.9408,CHARLESTON 5.4 SE,3.0747529142394194,Coastal,1,0,0.0,False,0.0
US1SCCR0238,32.5353,-80.263,EDISTO ISLAND 2.2 ESE,40.12667030163366,Coastal,11,2,18.18,False,18.18
US1SCCR0241,32.5928,-80.2751,EDISTO ISLAND 3.2 NNE,35.06112403717602,Coastal,10,2,20.0,True,20.0
US1SCCR0242,32.7867,-80.0273,CHARLESTON 1.9 W,0.0,Coastal,8,0,0.0,False,0.0
US1SCCR0243,32.8501,-79.8595,MOUNT PLEASANT 1.9 N,0.0,Coastal,9,1,11.11,False,11.11
US1SCCR0248,32.9061,-79.7569,MOUNT PLEASANT 8.5 NE,7.785159476319028,Coastal,6,2,33.33,True,33.33
US1SCCR0249,32.572,-80.3004,EDISTO ISLAND 1.6 N,38.98969195069712,Coastal,0,0,0.0,False,0.0
US1SCCR0251,32.7229,-80.0436,JOHNS ISLAND 1.4 NNW,6.060960169647508,Coastal,8,1,12.5,False,12.5
US1SCCR0252,32.9442,-80.0547,NORTH CHARLESTON 2.8 NNW,0.0,Coastal,4,0,0.0,False,0.0
US1SCCR0253,32.6559,-79.9414,FOLLY BEACH 1.5 SSW,9.736759495667448,Coastal,5,2,40.0,True,40.0
US1SCCR0254,32.8558,-79.7747,MOUNT PLEASANT 5.6 ENE,4.236863152666005,Coastal,11,2,18.18,False,18.18
US1SCCR0256,32.8097,-80.0716,CHARLESTON 4.8 WNW,0.0,Coastal,0,0,0.0,False,0.0
US1SCDC0003,32.9262,-80.084,NORTH CHARLESTON 2.9 WNW,0.0,Coastal,10,2,20.0,True,20.0
US1SCDC0018,33.1896,-80.6381,REEVESVILLE 1.0 SSE,44.61566742623991,Coastal,11,3,27.27,True,27.27
US1SCDC0021,32.9551,-80.1686,SUMMERVILLE 3.4 S,0.0,Coastal,4,0,0.0,False,0.0
US1SCDC0033,33.0006,-80.1734,SUMMERVILLE 0.4 SE,0.0,Coastal,3,1,33.33,True,33.33
US1SCDC0036,32.985,-80.1844,SUMMERVILLE 1.4 SSW,0.0,Coastal,0,0,0.0,False,0.0
US1SCDC0041,33.0313,-80.174,SUMMERVILLE 1.9 N,0.0,Coastal,9,1,11.11,False,11.11
US1SCDC0042,32.9827,-80.2583,SUMMERVILLE 4.8 WSW,3.9863575642210103,Coastal,11,3,27.27,True,27.27
US1SCDC0054,33.0026,-80.1524,LINCOLNVILLE 0.4 SE,0.0,Coastal,0,0,0.0,False,0.0
US1SCDC0055,32.9345,-80.1258,SUMMERVILLE 5.7 SSE,0.0,Coastal,11,3,27.27,True,27.27
US1SCDC0056,33.0251,-80.2288,SUMMERVILLE 3.2 WNW,0.22655650491482565,Coastal,5,2,40.0,True,40.0
US1SCDC0057,32.913,-80.1158,NORTH CHARLESTON 4.4 W,0.0,Coastal,7,2,28.57,True,28.57
US1SCDC0062,32.9966,-80.2138,SUMMERVILLE 2.1 WSW,0.0,Coastal,11,1,9.09,False,9.09
US1SCDC0066,33.0726,-80.3136,RIDGEVILLE 1.3 SSW,9.444113818597419,Coastal,0,0,0.0,False,0.0
US1SCDC0067,32.9403,-80.127,SUMMERVILLE 5.3 SE,0.0,Coastal,11,3,27.27,True,27.27
US1SCDC0069,33.0753,-80.3586,RIDGEVILLE 3.2 WSW,14.451696799483956,Coastal,9,1,11.11,False,11.11
US1SCDC0073,32.9522,-80.1598,LADSON 5.0 SW,0.8349872087335575,Coastal,1,0,0.0,False,0.0
US1SCDC0075,33.0068,-80.1784,SUMMERVILLE 0.2 N,0.0,Coastal,7,1,14.29,False,14.29
US1SCDC0076,32.9776,-80.1892,SUMMERVILLE 1.9 SSW,0.0,Coastal,11,2,18.18,False,18.18
US1SCDC0078,32.983,-80.2033,SUMMERVILLE 2.0 SW,0.0,Coastal,11,2,18.18,False,18.18
US1SCDC0084,33.004,-80.1799,SUMMERVILLE 0.1 W,0.0,Coastal,0,0,0.0,False,0.0
US1SCDC0086,32.9815,-80.1675,SUMMERVILLE 1.7 SSE,0.0,Coastal,5,2,40.0,True,40.0
US1SCDC0087,33.0102,-80.2261,SUMMERVILLE 2.8 W,0.0,Coastal,11,3,27.27,True,27.27
US1SCDC0089,33.0126,-80.34,RIDGEVILLE 5.7 SSW,12.16191840414693,Coastal,5,0,0.0,False,0.0
US1SCED0002,33.6515,-81.8662,TRENTON 6.3 SSW,9.788153513451775,Coastal,11,1,9.09,False,9.09
US1SCED0005,33.9403,-81.9561,EDGEFIELD 10.5 N,36.1848549993223,Coastal,1,1,100.0,True,100.0
US1SCED0013,33.6552,-81.8851,TRENTON 6.5 SSW,8.74060295969277,Coastal,11,1,9.09,False,9.09
US1SCED0016,33.8377,-81.9294,EDGEFIELD 3.3 N,31.357563717196534,Coastal,7,1,14.29,False,14.29
US1SCED0017,33.6075,-81.9592,NORTH AUGUSTA 6.2 N,1.5918213076307672,Coastal,11,1,9.09,False,9.09
US1SCED0018,33.8836,-82.0697,MCCORMICK 12.9 E,37.96202633478685,Coastal,4,1,25.0,True,25.0
US1SCGT0001,33.4306,-79.2537,GEORGETOWN 5.3 NNE,4.924458681685652,Coastal,9,4,44.44,True,44.44
US1SCGT0004,33.2759,-79.2928,GEORGETOWN 6.0 S,12.448593210761782,Coastal,9,3,33.33,True,33.33
US1SCGT0009,33.4943,-79.0832,PAWLEYS ISLAND 5.6 NNE,7.593881982236889,Coastal,6,4,66.67,True,66.67
US1SCGT0011,33.5702,-79.0251,MURRELLS INLET 1.8 NE,0.0,Coastal,11,4,36.36,True,36.36
US1SCGT0015,33.6814,-79.3766,HEMINGWAY 6.3 SE,36.32148228688221,Coastal,1,1,100.0,True,100.0
US1SCGT0019,33.5668,-79.0457,MURRELLS INLET 0.9 NNE,0.0,Coastal,11,5,45.45,True,45.45
US1SCGT0024,33.4596,-79.1195,PAWLEYS ISLAND 2.6 N,13.715853051023398,Coastal,0,0,0.0,False,0.0
US1SCGT0027,33.3657,-79.2787,GEORGETOWN 1.0 E,0.6267406639188454,Coastal,5,1,20.0,True,20.0
US1SCGT0033,33.4231,-79.1567,PAWLEY'S ISLAND 1.8 W,14.209458495767924,Coastal,2,2,100.0,True,100.0
US1SCGT0036,33.4435,-79.1714,PAWLEYS ISLAND 3.0 WNW,13.477373527847602,Coastal,8,4,50.0,True,50.0
US1SCGT0038,33.2317,-79.4106,GEORGETOWN 11.2 SW,21.40085203465494,Coastal,1,1,100.0,True,100.0
US1SCGT0042,33.4419,-79.1608,PAWLEYS ISLAND 2.4 NW,14.482242085291764,Coastal,0,0,0.0,False,0.0
US1SCGT0044,33.5195,-79.4299,GEORGETOWN 13.3 NW,19.93192040881923,Coastal,10,6,60.0,True,60.0
US1SCGT0046,33.47,-79.1229,PAWLEYS ISLAND 3.3 N,13.059413044107886,Coastal,9,4,44.44,True,44.44
US1SCGT0049,33.3637,-79.2271,GEORGETOWN 4.0 E (HOBCAW BARON,5.874152347850149,Coastal,7,2,28.57,True,28.57
US1SCHM0006,32.7764,-81.1532,VARNVILLE 6.7 SW,58.840280845972615,Rural,0,0,0.0,False,0.0
US1SCHM0007,32.8575,-81.1165,HAMPTON 0.8 SW,63.475043790862095,Rural,8,1,12.5,False,12.5
US1SCHM0015,32.8655,-81.1114,HAMPTON 0.2 SW,63.92130471306231,Rural,1,0,0.0,False,0.0
US1SCHM0016,32.9386,-81.1207,BRUNSON 4.1 ENE,72.25390052168648,Rural,1,0,0.0,False,0.0
US1SCHM0018,32.8655,-81.1142,HAMPTON 0.3 WSW,64.1202233886847,Rural,11,1,9.09,False,9.09
US1SCHM0021,32.8759,-81.1539,HAMPTON 2.7 WNW,68.0530126680373,Rural,2,2,100.0,True,100.0
US1SCHR0014,33.5995,-79.0065,MURRELLS INLET 4.0 NE,0.0,Coastal,9,4,44.44,True,44.44
US1SCHR0020,33.7692,-78.9144,MYRTLE BEACH 5.0 NNW,0.1425517412901775,Coastal,10,4,40.0,True,40.0
US1SCHR0027,33.7153,-79.0298,MYRTLE BEACH 8.4 WNW,3.504632197073807,Coastal,7,1,14.29,False,14.29
US1SCHR0039,33.6207,-78.9673,SURFSIDE BEACH 1.0 NE,0.0,Coastal,11,6,54.55,True,54.55
US1SCHR0046,33.7267,-78.9729,MYRTLE BEACH 5.0 WNW,0.49394823675104743,Coastal,7,2,28.57,True,28.57
US1SCHR0061,33.8295,-78.9528,CONWAY 6.2 E,1.710749532405287,Coastal,11,4,36.36,True,36.36
US1SCHR0063,33.5786,-79.0454,MURRELLS INLET 1.7 N,0.0,Coastal,11,2,18.18,False,18.18
US1SCHR0064,33.7157,-78.8556,MYRTLE BEACH 2.4 ENE,0.0,Coastal,11,4,36.36,True,36.36
US1SCHR0065,33.9533,-78.7474,LONGS 1.3 NW,9.192454263608383,Coastal,9,4,44.44,True,44.44
US1SCHR0066,33.6236,-79.0258,MYRTLE BEACH 9.2 WSW,0.0,Coastal,11,4,36.36,True,36.36
US1SCHR0067,33.7452,-79.0173,MYRTLE BEACH 8.4 WNW,4.275433355955041,Coastal,11,4,36.36,True,36.36
US1SCHR0071,33.967,-79.018,CONWAY 9.2 NNE,12.209534349603953,Coastal,5,1,20.0,True,20.0
US1SCHR0073,33.6446,-78.9561,MYRTLE BEACH 5.2 SW,0.0,Coastal,3,0,0.0,False,0.0
US1SCHR0075,33.7905,-78.9572,MYRTLE BEACH 7.4 NNW,1.0254838587516082,Coastal,11,4,36.36,True,36.36
US1SCHR0087,33.5833,-79.0747,MURRELLS INLET 2.4 NW,1.789111838537663,Coastal,6,3,50.0,True,50.0
US1SCHR0106,33.7639,-78.9196,MYRTLE BEACH 4.8 NNW,0.0,Coastal,10,4,40.0,True,40.0
US1SCHR0116,33.9656,-78.7402,LONGS 2.6 NNW,9.984940948624606,Coastal,3,2,66.67,True,66.67
US1SCHR0119,33.6438,-79.0321,MYRTLE BEACH 8.9 WSW,0.6324196988239812,Coastal,11,6,54.55,True,54.55
US1SCHR0122,33.581,-79.043,MURRELLS INLET 1.9 NNE,0.0,Coastal,11,3,27.27,True,27.27
US1SCHR0123,33.7567,-78.9288,MYRTLE BEACH 4.5 NNW,0.0,Coastal,0,0,0.0,False,0.0
US1SCHR0124,33.8693,-78.6176,LITTLE RIVER 0.8 ESE,1.2726813638235692,Coastal,11,4,36.36,True,36.36
US1SCHR0125,33.6383,-78.9765,SURFSIDE BEACH 2.0 N,0.0,Coastal,11,4,36.36,True,36.36
US1SCHR0126,33.9041,-78.8981,CONWAY 10.4 ENE,11.902173129621039,Coastal,10,4,40.0,True,40.0
US1SCHR0132,33.6022,-79.0422,MURRELLS INLET 3.3 N,0.0,Coastal,0,0,0.0,False,0.0
US1SCHR0134,33.8013,-78.9973,CONWAY 4.5 SE,0.0,Coastal,5,1,20.0,True,20.0
US1SCHR0136,33.7899,-78.7516,BRIARCLIFFE ACRES 0.2 WNW,0.0,Coastal,3,0,0.0,False,0.0
US1SCHR0137,33.9076,-78.7025,LITTLE RIVER 4.7 WNW,1.4040899940021387,Coastal,9,3,33.33,True,33.33
US1SCHR0138,33.7926,-78.7604,MYRTLE BEACH 10.0 NE,0.0,Coastal,11,4,36.36,True,36.36
US1SCHR0139,33.8208,-78.9317,CONWAY 7.5 E,4.059590788142756,Coastal,4,0,0.0,False,0.0
US1SCHR0140,33.6255,-79.0254,MYRTLE BEACH 9.2 WSW,0.0,Coastal,11,4,36.36,True,36.36
US1SCHR0142,33.5752,-79.0522,MURRELLS INLET 1.4 N,0.0,Coastal,9,5,55.56,True,55.56
US1SCHR0143,33.83,-78.64,NORTH MYRTLE BEACH 1.8 E,0.9388346955679812,Coastal,8,3,37.5,True,37.5
US1SCJS0003,32.4496,-80.8911,RIDGELAND 5.8 ESE,15.463283251186853,Coastal,11,2,18.18,False,18.18
US1SCJS0009,32.3083,-80.9504,BLUFFTON 7.2 NW,26.51989664377527,Coastal,5,1,20.0,True,20.0
US1SCJS0013,32.3094,-80.9699,HARDEEVILLE 6.7 ENE,24.862040919194147,Coastal,2,1,50.0,True,50.0
US1SCJS0015,32.3194,-80.9473,BLUFFTON 7.6 NW,27.65911090293499,Coastal,10,0,0.0,False,0.0
US1SCLX0002,33.9877,-81.1951,LEXINGTON 1.9 E,0.0,Coastal,0,0,0.0,False,0.0
US1SCLX0005,33.9894,-81.2654,LEXINGTON 1.6 WNW,0.0,Coastal,11,2,18.18,False,18.18
US1SCLX0031,33.9764,-81.2173,LEXINGTON 1.0 SE,0.0,Coastal,10,2,20.0,True,20.0
US1SCLX0036,33.9922,-81.2413,LEXINGTON 0.8 WNW,0.0,Coastal,2,1,50.0,True,50.0
US1SCLX0069,33.9644,-81.274,LEXINGTON 3.0 WSW,1.6614195953625548,Coastal,11,3,27.27,True,27.27
US1SCLX0093,33.915,-81.3813,GILBERT 1.0 SE,14.465086984565794,Coastal,11,1,9.09,False,9.09
US1SCLX0097,33.997,-81.129,LEXINGTON 5.8 E,0.0,Coastal,6,0,0.0,False,0.0
US1SCLX0098,33.9542,-81.1736,WEST COLUMBIA 5.9 WSW,0.0,Coastal,11,1,9.09,False,9.09
US1SCLX0122,33.7862,-81.3294,PELION 4.7 W,24.99629710197433,Coastal,11,2,18.18,False,18.18
US1SCLX0134,33.8703,-81.4417,LEESVILLE 5.2 SE,23.46148280900293,Coastal,1,1,100.0,True,100.0
US1SCLX0137,33.9918,-81.1366,LEXINGTON 5.3 E,0.0,Coastal,0,0,0.0,False,0.0
US1SCLX0145,33.7029,-81.1526,SWANSEA 3.5 SW,29.864354775151703,Coastal,1,0,0.0,False,0.0
US1SCLX0154,33.7719,-81.2537,PELION 0.7 SSW,23.27687163200895,Coastal,11,0,0.0,False,0.0
US1SCLX0169,33.9102,-81.1007,WEST COLUMBIA 5.7 S,1.630224286644014,Coastal,7,1,14.29,False,14.29
US1SCLX0173,33.9758,-81.0522,CAYCE 1.5 NNE,0.0,Coastal,9,2,22.22,True,22.22
US1SCLX0184,33.9058,-81.223,LEXINGTON 5.6 S,6.434640088258586,Coastal,1,0,0.0,False,0.0
US1SCLX0185,33.9497,-81.2896,LEXINGTON 4.3 SW,4.284560766129155,Coastal,11,3,27.27,True,27.27
US1SCLX0192,33.6834,-81.1917,SWANSEA 6.1 SW,32.70474404967131,Coastal,11,2,18.18,False,18.18
US1SCLX0195,33.9379,-81.3391,LEXINGTON 7.1 WSW,8.884640517338694,Coastal,11,1,9.09,False,9.09
US1SCLX0211,33.976,-81.0785,WEST COLUMBIA 1.1 S,0.0,Coastal,0,0,0.0,False,0.0
US1SCMC0005,33.9092,-82.3327,MCCORMICK 2.3 W,38.545041907856465,Coastal,1,0,0.0,False,0.0
US1SCMC0008,33.9151,-82.2996,MCCORMICK 0.5 NW,36.15301034413793,Coastal,6,0,0.0,False,0.0
US1SCMC0009,33.9086,-82.3678,MCCORMICK 4.3 W,40.6768539554479,Coastal,0,0,0.0,False,0.0
US1SCMC0010,33.9068,-82.3688,MCCORMICK 4.4 W,40.93912124610969,Coastal,10,0,0.0,False,0.0
US1SCOR0011,33.4656,-81.0397,NEESES 7.0 SE,15.055290206160025,Coastal,2,0,0.0,False,0.0
US1SCOR0017,33.5207,-80.9117,ORANGEBURG 3.2 NW,0.21284472352614228,Coastal,3,0,0.0,False,0.0
US1SCOR0022,33.4267,-80.5882,SANTEE 6.9 WSW,28.16092096250407,Coastal,11,2,18.18,False,18.18
US1SCOR0025,33.4277,-80.9662,COPE 4.1 NE,10.34636365898596,Coastal,11,1,9.09,False,9.09
US1SCOR0027,33.5135,-80.8826,ORANGEBURG 1.7 NW,0.0,Coastal,0,0,0.0,False,0.0
US1SCOR0036,33.6033,-80.8725,ORANGEBURG 7.6 N,4.730226040938814,Coastal,1,1,100.0,True,100.0
US1SCOR0037,33.4994,-80.8687,ORANGEBURG 0.4 NNW,0.0,Coastal,0,0,0.0,False,0.0
US1SCOR0041,33.5153,-80.6063,ELLOREE 2.2 WSW,24.100798438954566,Coastal,11,2,18.18,False,18.18
US1SCOR0049,33.4876,-80.4531,SANTEE 2.0 ENE,41.37936593981456,Coastal,11,3,27.27,True,27.27
US1SCOR0051,33.3366,-80.4571,HOLLY HILL 2.6 WNW,43.92387354323799,Coastal,2,2,100.0,True,100.0
US1SCOR0052,33.6213,-81.0133,NORTH 5.2 E,15.843837015777744,Coastal,11,1,9.09,False,9.09
US1SCRC0030,33.9574,-80.8578,HOPKINS 3.9 NNE,6.426904314772542,Coastal,11,2,18.18,False,18.18
US1SCRC0042,33.9984,-80.9804,COLUMBIA 3.1 E,0.0,Coastal,11,2,18.18,False,18.18
US1SCRC0064,33.9839,-81.0094,COLUMBIA 1.9 SE,0.0,Coastal,7,2,28.57,True,28.57
US1SCRC0122,33.9807,-81.0021,VALENCIA HEIGHTS 1.0 WNW,0.0,Coastal,11,2,18.18,False,18.18
US1SCRC0123,33.9661,-80.9292,COLUMBIA 5.6 SSW,0.0,Coastal,11,2,18.18,False,18.18
US1SCRC0144,33.9895,-80.8453,COLUMBIA 4.2 SE,6.2329967805476825,Coastal,6,2,33.33,True,33.33
US1SCSL0002,33.9465,-81.8558,SALUDA 6.1 SW,43.088297734761824,Coastal,11,1,9.09,False,9.09
US1SCSL0010,33.84,-81.6663,RIDGE SPRING 0.4 SSW,30.78597089265995,Coastal,11,1,9.09,False,9.09
US1SCSM0010,33.9456,-80.388,SUMTER 0.3 ENE,0.0,Coastal,11,2,18.18,False,18.18
US1SCSM0013,33.9471,-80.3901,SUMTER 0.2 NE,0.0,Coastal,11,2,18.18,False,18.18
US1SCSM0020,33.8944,-80.4083,SUMTER 3.6 SSW,2.7171248564951727,Coastal,0,0,0.0,False,0.0
US1SCSM0026,33.942,-80.4254,SUMTER 1.9 W,0.4892655567301823,Coastal,8,0,0.0,False,0.0
US1SCSM0030,33.9291,-80.397,SUMTER 1.1 SSW,0.0,Coastal,11,3,27.27,True,27.27
US1SCSM0035,33.8316,-80.3652,SUMTER 8.0 SSE,9.763591694461862,Coastal,2,2,100.0,True,100.0
US1SCSM0039,33.9837,-80.526,SUMTER 8.1 WNW,10.981969989986679,Coastal,3,2,66.67,True,66.67
US1SCSM0040,33.9053,-80.4241,SUMTER 3.3 SW,2.831810965032283,Coastal,5,2,40.0,True,40.0
US1SCSM0041,33.9142,-80.4259,SUMTER 2.8 SW,2.6983399536341617,Coastal,11,2,18.18,False,18.18
US1SCSM0045,33.9486,-80.3843,SUMTER 0.6 ENE,0.0,Coastal,4,0,0.0,False,0.0
US1SCWL0002,33.7394,-79.9332,KINGSTREE 7.9 NW,50.48864854586686,Rural,11,4,36.36,True,36.36
US1SCWL0004,33.7456,-79.9629,KINGSTREE 9.5 NW,47.182931964394804,Coastal,2,2,100.0,True,100.0
USC00080236,27.1819,-81.3511,ARCHBOLD BIO STN,80.27567309318682,Rural,11,4,36.36,True,36.36
USC00080369,27.5947,-81.5267,AVON PARK 2 W,38.23307549633865,Coastal,0,0,0.0,False,0.0
USC00080478,27.8864,-81.8325,BARTOW 1SE,15.792643476788497,Coastal,11,5,45.45,True,45.45
USC00080598,29.7956,-82.9178,BELL 4NW,53.93243831435851,Rural,0,0,0.0,False,0.0
USC00080737,26.3283,-80.9958,BIG CYPRESS,66.7605804018515,Rural,11,7,63.64,True,63.64
USC00080945,27.4364,-82.4903,BRADENTON 5 ESE,0.0,Coastal,11,6,54.55,True,54.55
USC00081276,26.8639,-80.6256,CANAL PT USDA,43.32480458258537,Coastal,6,3,50.0,True,50.0
USC00081641,28.4558,-81.7233,CLERMONT 9 S,12.386232117017181,Coastal,9,3,33.33,True,33.33
USC00082008,29.6333,-83.1053,CROSS CITY 1 E,73.61451447340328,Rural,11,0,0.0,False,0.0
USC00082150,29.1967,-81.0083,DAYTONA BEACH,0.0,Coastal,11,5,45.45,True,45.45
USC00082229,29.0097,-81.2986,DELAND 1 SSE,0.0,Coastal,11,4,36.36,True,36.36
USC00082288,27.3697,-81.5136,DESOTO CITY 8 SW,66.35773329650794,Rural,11,4,36.36,True,36.36
USC00082298,26.6639,-81.09,DEVILS GARDEN,80.40955363115894,Rural,11,6,54.55,True,54.55
USC00082944,30.6669,-81.4525,FERNANDINA BEACH,17.267968101635468,Coastal,0,0,0.0,False,0.0
USC00083153,27.5728,-82.1392,FT GREEN 12 WSW,39.72113038741924,Coastal,11,6,54.55,True,54.55
USC00083163,26.1019,-80.2011,FT LAUDERDALE,0.0,Coastal,10,5,50.0,True,50.0
USC00083168,26.1408,-80.1061,FT LAUDERDALE BEACH,0.0,Coastal,2,2,100.0,True,100.0
USC00083207,27.4419,-80.3508,FT PIERCE,0.0,Coastal,11,7,63.64,True,63.64
USC00083209,27.4272,-80.4053,FT PIERCE ARC,0.9815396672941628,Coastal,3,2,66.67,True,66.67
USC00083470,30.2717,-82.1856,GLEN ST MARY 1 W,40.873407040400195,Coastal,0,0,0.0,False,0.0
USC00083874,29.7653,-81.4697,HASTINGS 4NE,17.812145765483088,Coastal,11,3,27.27,True,27.27
USC00083986,28.1469,-82.2275,HILLSBOROUGH RVR SP,13.090046724705074,Coastal,11,6,54.55,True,54.55
USC00084050,26.0281,-80.1342,HOLLYWOOD,0.0,Coastal,10,6,60.0,True,60.0
USC00084289,28.8028,-82.3128,INVERNESS 3 SE,30.08068496448088,Coastal,11,3,27.27,True,27.27
USC00084366,30.2875,-81.3928,JACKSONVILLE BEACH,0.0,Coastal,11,1,9.09,False,9.09
USC00084394,30.5056,-82.9492,JASPER,36.12380159799469,Coastal,7,0,0.0,False,0.0
USC00084461,26.86,-80.0553,JUNO BEACH,0.0,Coastal,11,5,45.45,True,45.45
USC00084500,27.8703,-81.0436,KENANSVILLE,46.53153081347633,Coastal,10,3,30.0,True,30.0
USC00084621,27.6039,-81.0531,KISSIMMEE PRAIRIE PRESERVE,67.73464478415367,Rural,9,3,33.33,True,33.33
USC00084625,28.2764,-81.4239,KISSIMMEE 2,1.0059890445054827,Coastal,11,6,54.55,True,54.55
USC00084731,30.1853,-82.5942,LAKE CITY 2 E,4.718525541028253,Coastal,11,0,0.0,False,0.0
USC00084802,27.9944,-82.0139,LAKELAND 2,2.0009658354020288,Coastal,11,6,54.55,True,54.55
USC00085076,28.8728,-81.7844,LISBON,8.905712106725236,Coastal,8,2,25.0,True,25.0
USC00085099,30.3075,-82.9936,LIVE OAK,36.157921785499326,Coastal,0,0,0.0,False,0.0
USC00085184,26.4986,-80.2161,LOXAHATCHEE NWR,2.6646509145460042,Coastal,7,2,28.57,True,28.57
USC00085539,30.06,-83.1719,MAYO,54.32438116415891,Rural,5,0,0.0,False,0.0
USC00085612,28.1136,-80.6539,MELBOURNE WFO,0.0,Coastal,11,6,54.55,True,54.55
USC00085880,30.4406,-83.9858,MONTICELLO 10 SW,24.974668633839308,Coastal,11,0,0.0,False,0.0
USC00085895,26.84,-81.0872,MOORE HAVEN LOCK 1,83.25284861778972,Rural,9,4,44.44,True,44.44
USC00085973,27.9378,-81.5992,MTN LAKE,0.0,Coastal,11,5,45.45,True,45.45
USC00086048,26.8261,-81.4914,MUSE,40.09360270678467,Coastal,11,5,45.45,True,45.45
USC00086065,27.24,-82.3153,MYAKKA RVR SP,14.811993419913787,Coastal,6,5,83.33,True,83.33
USC00086078,26.1653,-81.6842,NAPLES,0.5312282461171371,Coastal,8,4,50.0,True,50.0
USC00086092,27.2878,-80.2214,NETTLES IS,1.9497708736628454,Coastal,11,5,45.45,True,45.45
USC00086414,29.1639,-82.0778,OCALA,1.9379078235449307,Coastal,11,2,18.18,False,18.18
USC00086634,28.5083,-81.5467,ORLANDO W,2.140367017199105,Coastal,9,2,22.22,True,22.22
USC00086657,26.7897,-81.3045,ORTONA LOCK 2,58.26807351426663,Rural,3,3,100.0,True,100.0
USC00086761,27.9153,-80.6458,PALM BAY,14.29100498720041,Coastal,11,3,27.27,True,27.27
USC00086764,26.8261,-80.1489,PALM BEACH GARDENS,0.0,Coastal,11,5,45.45,True,45.45
USC00086767,29.6319,-81.2061,PALM COAST 6NE,4.557806267891463,Coastal,6,1,16.67,False,16.67
USC00087025,30.0925,-83.5708,PERRY,83.33164571873023,Rural,8,0,0.0,False,0.0
USC00087205,28.0208,-82.1392,PLANT CITY,0.0,Coastal,11,6,54.55,True,54.55
USC00087228,28.7992,-81.5372,MT PLYMOUTH 1SSW,12.044325087451139,Coastal,11,5,45.45,True,45.45
USC00087261,29.0361,-80.9181,NEW SMYRNA BCH - MARINE DISCOV,0.0,Coastal,6,2,33.33,True,33.33
USC00087304,27.0997,-80.2628,PORT SALERNO 5W,6.892247577614202,Coastal,11,5,45.45,True,45.45
USC00087397,26.9147,-81.9969,PUNTA GORDA 4 ESE,3.6500939873335017,Coastal,0,0,0.0,False,0.0
USC00087826,29.8764,-81.31,ST AUGUSTINE WTP,0.0,Coastal,0,0,0.0,False,0.0
USC00087851,28.3381,-82.2603,SAINT LEO,21.188192817530524,Coastal,11,4,36.36,True,36.36
USC00087982,28.8147,-81.2778,SANFORD,0.0,Coastal,10,4,40.0,True,40.0
USC00088051,28.73,-80.8794,SCOTTSMOOR 2.5 SSW,9.4828043128668,Coastal,11,6,54.55,True,54.55
USC00088368,26.47,-80.6403,S BAY 15 S,41.13364831274504,Coastal,10,6,60.0,True,60.0
USC00088620,27.1897,-80.2397,STUART,0.0,Coastal,11,5,45.45,True,45.45
USC00088782,27.7053,-82.4008,TAMPA BAY AREA WFO,20.007462466307416,Coastal,11,5,45.45,True,45.45
USC00088824,28.1522,-82.7539,TARPON SPGS SEWAGE PLT,0.0,Coastal,11,5,45.45,True,45.45
USC00088942,28.6244,-80.8169,TITUSVILLE,0.0,Coastal,8,3,37.5,True,37.5
USC00089120,29.4081,-82.8189,USHER TWR,52.857265802385385,Rural,11,2,18.18,False,18.18
USC00089176,27.1006,-82.4364,VENICE,0.0,Coastal,11,5,45.45,True,45.45
USC00089219,27.6528,-80.4031,VERO BEACH 4SE,0.0,Coastal,11,5,45.45,True,45.45
USC00089401,27.5478,-81.7994,WAUCHULA,48.54719484879103,Coastal,11,5,45.45,True,45.45
USC00090311,33.5572,-82.3369,APPLING 2 NW,17.796960504462984,Coastal,11,0,0.0,False,0.0
USC00091266,32.3767,-81.6739,BROOKLET 1 W,11.051361088213088,Coastal,11,1,9.09,False,9.09
USC00091340,31.1681,-81.5022,BRUNSWICK,0.0,Coastal,8,1,12.5,False,12.5
USC00092266,31.985,-83.7747,CORDELE,0.0,Coastal,11,0,0.0,False,0.0
USC00092361,31.8453,-83.9408,CRISP CO PWR DAM,21.790406710777074,Coastal,6,0,0.0,False,0.0
USC00092844,32.5575,-82.9,DUBLIN 2,0.0,Coastal,11,1,9.09,False,9.09
USC00092966,32.2003,-83.2058,EASTMAN 1 W,51.707074870477285,Rural,11,0,0.0,False,0.0
USC00093325,30.8264,-82.3606,FARGO 17 NE,46.23700898812218,Coastal,0,0,0.0,False,0.0
USC00093465,30.74,-82.1278,FOLKSTON 9 SW,49.69462046278512,Coastal,0,0,0.0,False,0.0
USC00093538,31.8694,-81.6236,FT STEWART,0.0,Coastal,11,1,9.09,False,9.09
USC00093754,31.9881,-81.9522,GLENNVILLE 3NW,34.6776261933869,Coastal,11,0,0.0,False,0.0
USC00094170,32.2964,-83.4883,HAWKINSVILLE,33.16041059507857,Coastal,11,0,0.0,False,0.0
USC00094429,31.0767,-82.8003,HOMERVILLE 5 N,45.315377863854394,Coastal,0,0,0.0,False,0.0
USC00094623,33.32,-83.8436,JACKSON DAM,36.24585845130733,Coastal,0,0,0.0,False,0.0
USC00094862,32.7128,-82.5414,KITE,23.552347637907175,Coastal,10,1,10.0,False,10.0
USC00095204,33.7764,-82.4714,LINCOLNTON,32.52337911549492,Coastal,11,0,0.0,False,0.0
USC00095205,33.7244,-82.4675,LINCOLNTON 4.4S,25.802346448589145,Coastal,11,0,0.0,False,0.0
USC00095314,33.0125,-82.3914,LOUISVILLE 1 E,44.9392635187204,Coastal,11,1,9.09,False,9.09
USC00095331,31.7131,-81.7453,LUDOWICI,16.85126305254101,Coastal,0,0,0.0,False,0.0
USC00095811,32.4003,-82.0478,METTER,27.201248631206514,Coastal,0,0,0.0,False,0.0
USC00095863,32.8753,-82.2156,MIDVILLE EXP STN,36.15660201329401,Coastal,11,1,9.09,False,9.09
USC00095988,33.3328,-83.6975,MONTICELLO,37.92855568249044,Coastal,11,0,0.0,False,0.0
USC00096087,31.1728,-83.7481,MOULTRIE 2 ESE,1.0630170696612453,Coastal,11,0,0.0,False,0.0
USC00096126,32.1739,-82.5956,MT VERNON,18.798913117190143,Coastal,11,1,9.09,False,9.09
USC00096219,31.2739,-81.9197,NAHUNTA 6NE,41.758518397943995,Coastal,0,0,0.0,False,0.0
USC00097171,31.6953,-82.9239,PRIDGEN,20.672316742106027,Coastal,11,0,0.0,False,0.0
USC00097528,32.6319,-81.7722,ROCKY FORD 4SE,18.902163830684568,Coastal,11,0,0.0,False,0.0
USC00097777,32.9744,-82.8045,SANDERSVILLE,0.0,Coastal,11,1,9.09,False,9.09
USC00097808,31.3981,-81.2808,SAPELO IS,27.62628531629849,Coastal,11,0,0.0,False,0.0
USC00098677,33.4506,-82.4822,THOMSON 1.5SE,3.36787550204366,Coastal,11,0,0.0,False,0.0
USC00098703,31.4461,-83.4767,TIFTON,2.6955161614379644,Coastal,6,0,0.0,False,0.0
USC00099124,32.6094,-83.6164,WARNER ROBINS,0.0,Coastal,11,0,0.0,False,0.0
USC00099194,33.0714,-82.0072,WAYNESBORO 2 S,34.32631260876954,Coastal,11,1,9.09,False,9.09
USC00099486,33.9669,-83.2886,WINTERVILLE,3.464668934494305,Coastal,11,0,0.0,False,0.0
USC00099502,30.9592,-81.7072,WOODBINE,17.839082662087122,Coastal,7,0,0.0,False,0.0
USC00380072,33.5506,-81.6969,AIKEN 2 E,0.0,Coastal,7,0,0.0,False,0.0
USC00380184,33.4408,-79.5672,ANDREWS,27.04458033825662,Coastal,11,4,36.36,True,36.36
USC00380448,33.2872,-81.0506,BAMBERG,30.63129334046948,Coastal,11,1,9.09,False,9.09
USC00380490,33.2547,-81.2361,BARNWELL 5 ENE,44.0596759666323,Coastal,11,1,9.09,False,9.09
USC00380506,33.9,-81.5389,BATESBURG,30.931114817150537,Coastal,11,1,9.09,False,9.09
USC00381093,33.5214,-79.0975,BROOKGREEN GARDENS,7.07552839420826,Coastal,10,5,50.0,True,50.0
USC00381241,33.8083,-79.8567,CADES 4 W,47.22967689306477,Coastal,11,4,36.36,True,36.36
USC00381726,33.6633,-82.1897,CLARKS HILL 1 W,10.583639743940386,Coastal,11,0,0.0,False,0.0
USC00381944,33.9917,-81.0247,COLUMBIA UNIV OF SC,0.0,Coastal,11,2,18.18,False,18.18
USC00382711,33.7858,-81.9314,EDGEFIELD 0.3SW,24.403366103308137,Coastal,1,0,0.0,False,0.0
USC00382730,32.5042,-80.3247,EDISTO BEACH SP,41.337352136314,Coastal,0,0,0.0,False,0.0
USC00383470,33.3169,-79.3228,GEORGETOWN CO AP,7.325299367630851,Coastal,6,2,33.33,True,33.33
USC00383665,33.5683,-81.7394,GRANITEVILLE 3.9 ENE,0.0,Coastal,11,1,9.09,False,9.09
USC00384205,33.3172,-80.4183,HOLLY HILL 1 SW,39.33289757324773,Coastal,11,3,27.27,True,27.27
USC00384449,33.2886,-79.6914,JAMESTOWN,41.576157521058015,Coastal,11,4,36.36,True,36.36
USC00384607,33.7775,-81.8475,JOHNSTON 4 SW,24.22157469319123,Coastal,11,1,9.09,False,9.09
USC00384886,33.8642,-79.7297,LAKE CITY 2 SE,39.826257054109206,Coastal,10,5,50.0,True,50.0
USC00384940,33.5156,-81.8425,LANGLEY 0.2 SSW,6.521744719319807,Coastal,2,0,0.0,False,0.0
USC00385493,33.6989,-80.1992,MANNING,32.45794410821739,Coastal,11,2,18.18,False,18.18
USC00385660,33.9125,-82.2878,MCCORMICK,35.938743187490616,Coastal,11,0,0.0,False,0.0
USC00385946,33.2425,-79.9869,MONCKS CORNER 4 N,25.56291066405729,Coastal,9,1,11.11,False,11.11
USC00386153,33.7544,-78.8219,MYRTLE BEACH,0.0,Coastal,5,1,20.0,True,20.0
USC00386527,33.4889,-80.8742,ORANGEBURG 2,0.0,Coastal,11,2,18.18,False,18.18
USC00386775,33.7717,-81.2581,PELION 0.8 NW,23.531294628877955,Coastal,11,1,9.09,False,9.09
USC00387590,33.645,-81.26,SALLEY 5.9 NNE,39.324233641347334,Coastal,11,1,9.09,False,9.09
USC00387631,33.9919,-81.7714,SALUDA,40.411977020064505,Coastal,11,1,9.09,False,9.09
USC00388405,32.7617,-79.8572,SULLIVANS IS,4.785506406871686,Coastal,7,2,28.57,True,28.57
USC00388426,33.0367,-80.2325,SUMMERVILLE 4W,0.9523418049886448,Coastal,11,3,27.27,True,27.27
USC00388440,33.935,-80.3478,SUMTER,0.0,Coastal,11,1,9.09,False,9.09
USC00388474,33.7564,-81.0428,SWANSEA 3.5 NE,21.40346460106525,Coastal,11,2,18.18,False,18.18
USC00388879,33.6397,-81.3722,WAGENER 1SW,36.56690882035498,Coastal,11,1,9.09,False,9.09
USC00388922,32.885,-80.6761,WALTERBORO 1 SW,51.937585760214404,Rural,11,3,27.27,True,27.27
USC00389469,32.7019,-80.8517,YEMASSEE 1 N,30.0372921635858,Coastal,11,2,18.18,False,18.18
USW00003728,33.1533,-79.3636,MCCLELLANVILLE 7 NE,29.563189778508736,Coastal,11,5,45.45,True,45.45
USW00003813,32.6889,-83.6531,MACON MIDDLE GA RGNL AP,3.3881442175543595,Coastal,11,0,0.0,False,0.0
USW00003820,33.3653,-81.9636,AUGUSTA BUSH FLD AP,0.0,Coastal,11,1,9.09,False,9.09
USW00003822,32.1314,-81.2022,SAVANNAH INTL AP,0.0,Coastal,11,3,27.27,True,27.27
USW00003853,30.4,-81.4167,MAYPORT PILOT STN,0.0,Coastal,11,1,9.09,False,9.09
USW00012812,26.9183,-81.9939,PUNTA GORDA CHARLOTTE CO AP,3.8340115602312252,Coastal,11,5,45.45,True,45.45
USW00012815,28.4183,-81.3242,ORLANDO INTL AP,1.0262773153978177,Coastal,11,6,54.55,True,54.55
USW00012816,29.6917,-82.2761,GAINESVILLE RGNL AP,3.580712336660682e-05,Coastal,11,1,9.09,False,9.09
USW00012818,28.4739,-82.4536,BROOKSVILLE HERNANDO CO AP,13.516446739806991,Coastal,9,2,22.22,True,22.22
USW00012819,28.8214,-81.8097,LEESBURG MUNI AP,5.591003009680623,Coastal,11,5,45.45,True,45.45
USW00012833,29.6333,-83.1053,CROSS CITY AP,73.61451447340328,Rural,11,0,0.0,False,0.0
USW00012834,29.1736,-81.0719,DAYTONA BEACH INTL AP,0.0,Coastal,11,5,45.45,True,45.45
USW00012835,26.585,-81.8614,FT MYERS PAGE FLD AP,0.0,Coastal,10,4,40.0,True,40.0
USW00012838,28.0997,-80.6356,MELBOURNE INTL AP,0.0,Coastal,11,5,45.45,True,45.45
USW00012841,28.5467,-81.3356,ORLANDO EXECUTIVE AP,0.0,Coastal,11,5,45.45,True,45.45
USW00012842,27.9633,-82.54,TAMPA INTL AP,0.0,Coastal,11,6,54.55,True,54.55
USW00012843,27.6553,-80.4142,VERO BEACH INTL AP,0.0,Coastal,11,4,36.36,True,36.36
USW00012844,26.685,-80.0992,W PALM BEACH INTL AP,0.0,Coastal,11,6,54.55,True,54.55
USW00012849,26.0789,-80.1622,FT LAUDERDALE INTL AP,0.0,Coastal,11,6,54.55,True,54.55
USW00012854,28.7794,-81.2436,ORLANDO SANFORD AP,1.863930420487511,Coastal,11,4,36.36,True,36.36
USW00012861,29.1667,-82.2333,OCALA JIM TAYLOR FLD,3.3794749270895545,Coastal,0,0,0.0,False,0.0
USW00012871,27.4014,-82.5586,SARASOTA BRADENTON AP,0.0,Coastal,11,5,45.45,True,45.45
USW00012873,27.9125,-82.6856,ST PETERSBURG CLEARWATER INTL,0.0,Coastal,11,5,45.45,True,45.45
USW00012876,28.0614,-81.7569,WINTER HAVEN GILBERT AP,0.0,Coastal,10,4,40.0,True,40.0
USW00012883,28.0,-82.05,LAKELAND LINDER RGNL AP,4.700197669794308,Coastal,11,6,54.55,True,54.55
USW00012885,26.1992,-80.1778,FT LAUDERDALE EXECUTIVE AP,0.0,Coastal,11,5,45.45,True,45.45
USW00012894,26.5381,-81.7567,FT MYERS SW FLORIDA RGNL AP,7.912574353986588,Coastal,11,5,45.45,True,45.45
USW00012895,27.4981,-80.3764,FT PIERCE ST LUCIE CO INTL AP,0.8514987593741942,Coastal,11,7,63.64,True,63.64
USW00012897,26.155,-81.7753,NAPLES MUNI AP,0.0,Coastal,10,4,40.0,True,40.0
USW00013717,33.6833,-78.9333,MYRTLE BEACH AFB,0.0,Coastal,0,0,0.0,False,0.0
USW00013782,32.775,-79.9239,DWTN CHARLESTON,1.5902336483609751,Coastal,11,3,27.27,True,27.27
USW00013837,33.4667,-82.0383,AUGUSTA DANIEL FLD AP,0.0,Coastal,11,1,9.09,False,9.09
USW00013870,31.54,-82.5072,ALMA BACON CO AP,35.22257582982977,Coastal,11,0,0.0,False,0.0
USW00013873,33.9478,-83.3272,ATHENS BEN EPPS AP,0.0,Coastal,11,0,0.0,False,0.0
USW00013878,31.1528,-81.3906,BRUNSWICK-MCKINNON AP,9.404853537899271,Coastal,11,2,18.18,False,18.18
USW00013880,32.8994,-80.0408,CHARLESTON INTL AP,0.0,Coastal,11,3,27.27,True,27.27
USW00013883,33.9486,-81.1183,COLUMBIA,0.0,Coastal,11,2,18.18,False,18.18
USW00013889,30.4847,-81.7019,JACKSONVILLE,0.0,Coastal,11,0,0.0,False,0.0
USW00053854,33.4639,-80.8533,ORANGEBURG MUNI AP,0.9462214947944364,Coastal,11,2,18.18,False,18.18
USW00053860,30.3369,-81.5128,JACKSONVILLE CRAIG MUNI AP,0.0,Coastal,11,1,9.09,False,9.09
USW00053867,33.9719,-80.9939,COLUMBIA OWENS DWTN AP,0.0,Coastal,11,2,18.18,False,18.18
USW00063803,33.9797,-83.9633,LAWRENCEVILLE AP,0.0,Coastal,11,0,0.0,False,0.0
USW00063826,33.355,-81.3278,BLACKVILLE 3 W,34.03233649251155,Coastal,11,1,9.09,False,9.09
USW00063850,33.7836,-83.3897,WATKINSVILLE 5 SSE,17.619927023269224,Coastal,11,0,0.0,False,0.0
USW00063856,30.8078,-81.4597,BRUNSWICK 23 S,7.095455817478888,Coastal,11,1,9.09,False,9.09
USW00063890,30.3503,-81.8761,JACKSONVILLE WHITEHOUSE NAVAL,6.467516358633747,Coastal,10,2,20.0,True,20.0
USW00092805,26.2464,-80.1111,POMPANO BEACH AIRPARK,0.0,Coastal,11,6,54.55,True,54.55
USW00092806,27.7683,-82.6256,ST PETERSBURG ALBERT WHITTED A,0.0,Coastal,11,5,45.45,True,45.45
USW00092814,29.9592,-81.3397,ST AUGUSTINE AP,0.11126688394418362,Coastal,11,4,36.36,True,36.36
USW00092821,28.6158,-80.6928,TITUSVILLE 7 E,11.638428130205934,Coastal,11,6,54.55,True,54.55
USW00092827,27.1525,-81.3689,SEBRING 23 SSE,76.71680750088014,Rural,11,5,45.45,True,45.45
USW00093718,33.8161,-78.7206,N MYRTLE BEACH,0.0,Coastal,11,5,45.45,True,45.45
USW00093831,32.4833,-80.7167,BEAUFORT MCAS,0.6562734793488562,Coastal,11,2,18.18,False,18.18
USW00093837,30.2333,-81.6667,JACKSONVILLE NAS,0.6380836288147986,Coastal,11,2,18.18,False,18.18
USW00093845,30.7764,-83.2739,VALDOSTA RGNL AP,4.284197901247369,Coastal,11,1,9.09,False,9.09
