Region,mean,std,count
Coastal,35.065252525252525,40.096833437583264,99
Rural,26.56096026490066,37.15207962778817,302
