Date,ID,Value,Neighbor_Estimate,Residual,Robust_Z,Suspect
2016-08-23,US1LAAC0002,36,72.01,-36.01,-0.15,False
2016-08-23,US1LABG0002,0,90.3,-90.3,-0.95,False
2016-08-23,US1LACC0003,249,88.4,160.6,2.72,False
2016-08-23,US1LACC0006,5,93.6,-88.6,-0.92,False
2016-08-23,US1LACC0009,51,104.87,-53.87,-0.42,False
2016-08-23,US1LACC0014,51,113.61,-62.61,-0.54,False
2016-08-23,US1LACC0016,5,105.02,-100.02,-1.09,False
2016-08-23,US1LACC0017,203,129.65,73.35,1.45,False
2016-08-23,US1LACM0003,0,98.98,-98.98,-1.08,False
2016-08-23,US1LAEB0002,0,15.97,-15.97,0.14,False
2016-08-23,US1LAEB0009,0,45.24,-45.24,-0.29,False
2016-08-23,US1LAEB0023,183,21.45,161.55,2.74,False
2016-08-23,US1LAEB0027,127,21.05,105.95,1.92,False
2016-08-23,US1LAEB0033,0,15.15,-15.15,0.15,False
2016-08-23,US1LAEB0041,0,10.22,-10.22,0.22,False
2016-08-23,US1LAEB0042,0,20.44,-20.44,0.07,False
2016-08-23,US1LAEB0047,0,10.09,-10.09,0.23,False
2016-08-23,US1LAEB0053,0,21.25,-21.25,0.06,False
2016-08-23,US1LAJD0002,0,87.4,-87.4,-0.91,False
2016-08-23,US1LARP0007,46,18.43,27.57,0.78,False
2016-08-23,US1LASL0001,81,48.57,32.43,0.85,False
2016-08-23,US1LASM0002,147,36.18,110.82,1.99,False
2016-08-23,US1LAVM0002,23,86.15,-63.15,-0.55,False
2016-08-23,US1LAVM0004,58,79.56,-21.56,0.06,False
2016-08-23,US1LAWB0002,0,19.48,-19.48,0.09,False
2016-08-23,US1LAWF0004,0,31.44,-31.44,-0.09,False
2016-08-23,US1MSAD0004,13,34.98,-21.98,0.05,False
2016-08-23,US1TXAG0001,272,152.27,119.73,2.12,False
2016-08-23,US1TXAG0002,86,121.55,-35.55,-0.15,False
2016-08-23,US1TXAG0003,368,167.59,200.41,3.3,False
2016-08-23,US1TXAG0005,302,194.94,107.06,1.94,False
2016-08-23,US1TXAS0003,8,87.19,-79.19,-0.79,False
2016-08-23,US1TXAS0004,10,84.63,-74.63,-0.72,False
2016-08-23,US1TXAS0005,89,88.62,0.38,0.38,False
2016-08-23,US1TXAS0006,58,91.21,-33.21,-0.11,False
2016-08-23,US1TXAS0007,56,90.82,-34.82,-0.14,False
2016-08-23,US1TXAS0008,8,89.0,-81.0,-0.81,False
2016-08-23,US1TXAS0012,86,69.48,16.52,0.61,False
2016-08-23,US1TXAS0014,130,89.87,40.13,0.96,False
2016-08-23,US1TXAS0015,13,47.67,-34.67,-0.13,False
2016-08-23,US1TXAS0017,160,99.39,60.61,1.26,False
2016-08-23,US1TXBRZ018,25,124.23,-99.23,-1.08,False
2016-08-23,US1TXBRZ020,170,77.66,92.34,1.72,False
2016-08-23,US1TXBRZ021,0,103.86,-103.86,-1.15,False
2016-08-23,US1TXBRZ025,86,118.89,-32.89,-0.11,False
2016-08-23,US1TXBRZ027,53,101.46,-48.46,-0.34,False
2016-08-23,US1TXBRZ032,23,97.96,-74.96,-0.72,False
2016-08-23,US1TXBZS040,76,76.35,-0.35,0.37,False
2016-08-23,US1TXBZS075,64,60.33,3.67,0.43,False
2016-08-23,US1TXBZS077,102,69.11,32.89,0.85,False
2016-08-23,US1TXBZS088,122,80.82,41.18,0.98,False
2016-08-23,US1TXBZS096,0,75.71,-75.71,-0.73,False
2016-08-23,US1TXBZS097,0,78.11,-78.11,-0.77,False
2016-08-23,US1TXBZS098,94,81.41,12.59,0.56,False
2016-08-23,US1TXBZS099,234,73.65,160.35,2.72,False
2016-08-23,US1TXBZS100,264,69.48,194.52,3.22,False
2016-08-23,US1TXCHM008,71,128.8,-57.8,-0.47,False
2016-08-23,US1TXCLR006,81,85.72,-4.72,0.3,False
2016-08-23,US1TXFB0005,137,107.51,29.49,0.8,False
2016-08-23,US1TXFB0012,114,114.95,-0.95,0.36,False
2016-08-23,US1TXFB0017,307,116.4,190.6,3.16,False
2016-08-23,US1TXFB0018,163,151.38,11.62,0.54,False
2016-08-23,US1TXFB0022,114,104.15,9.85,0.52,False
2016-08-23,US1TXFB0027,137,105.8,31.2,0.83,False
2016-08-23,US1TXFB0028,175,110.98,64.02,1.31,False
2016-08-23,US1TXFB0032,46,109.17,-63.17,-0.55,False
2016-08-23,US1TXFB0040,64,113.21,-49.21,-0.35,False
2016-08-23,US1TXFB0042,41,109.34,-68.34,-0.63,False
2016-08-23,US1TXGM0007,28,80.47,-52.47,-0.39,False
2016-08-23,US1TXGV0005,152,129.78,22.22,0.7,False
2016-08-23,US1TXGV0006,48,126.84,-78.84,-0.78,False
2016-08-23,US1TXGV0009,127,119.01,7.99,0.49,False
2016-08-23,US1TXGV0015,208,128.96,79.04,1.53,False
2016-08-23,US1TXGV0029,46,116.85,-70.85,-0.66,False
2016-08-23,US1TXGV0033,117,122.55,-5.55,0.29,False
2016-08-23,US1TXGV0034,147,125.58,21.42,0.69,False
2016-08-23,US1TXGV0041,140,118.65,21.35,0.69,False
2016-08-23,US1TXGV0044,36,124.1,-88.1,-0.92,False
2016-08-23,US1TXGV0046,36,119.0,-83.0,-0.84,False
2016-08-23,US1TXGV0049,140,104.33,35.67,0.89,False
2016-08-23,US1TXGV0051,198,115.12,82.88,1.59,False
2016-08-23,US1TXGV0052,140,130.26,9.74,0.52,False
2016-08-23,US1TXGV0054,25,113.67,-88.67,-0.92,False
2016-08-23,US1TXHRN001,53,191.38,-138.38,-1.65,False
2016-08-23,US1TXHRN005,155,198.85,-43.85,-0.27,False
2016-08-23,US1TXHRR015,196,124.81,71.19,1.41,False
2016-08-23,US1TXHRR027,61,102.44,-41.44,-0.23,False
2016-08-23,US1TXHRR028,241,125.32,115.68,2.07,False
2016-08-23,US1TXHRR031,216,136.4,79.6,1.54,False
2016-08-23,US1TXHRR032,46,127.01,-81.01,-0.81,False
2016-08-23,US1TXHRR033,257,132.13,124.87,2.2,False
2016-08-23,US1TXHRR043,142,106.7,35.3,0.89,False
2016-08-23,US1TXHRR044,292,133.22,158.78,2.7,False
2016-08-23,US1TXHRR052,142,136.86,5.14,0.45,False
2016-08-23,US1TXHRR058,76,97.53,-21.53,0.06,False
2016-08-23,US1TXHRR074,58,115.74,-57.74,-0.47,False
2016-08-23,US1TXHRR084,292,127.73,164.27,2.78,False
2016-08-23,US1TXHRR089,152,148.58,3.42,0.42,False
2016-08-23,US1TXHRR093,185,126.57,58.43,1.23,False
2016-08-23,US1TXHRR095,320,133.27,186.73,3.1,False
2016-08-23,US1TXHRR114,114,107.81,6.19,0.46,False
2016-08-23,US1TXHRR117,91,108.78,-17.78,0.11,False
2016-08-23,US1TXHRR119,94,106.32,-12.32,0.19,False
2016-08-23,US1TXHRR121,201,140.8,60.2,1.25,False
2016-08-23,US1TXHRR122,137,124.75,12.25,0.55,False
2016-08-23,US1TXHRR124,292,104.39,187.61,3.12,False
2016-08-23,US1TXHRR139,226,122.28,103.72,1.89,False
2016-08-23,US1TXHRR150,257,124.02,132.98,2.32,False
2016-08-23,US1TXHRR159,0,113.95,-113.95,-1.29,False
2016-08-23,US1TXHRR162,33,112.98,-79.98,-0.8,False
2016-08-23,US1TXHRR164,173,105.86,67.14,1.36,False
2016-08-23,US1TXHRR165,69,111.67,-42.67,-0.25,False
2016-08-23,US1TXHRR168,119,134.21,-15.21,0.15,False
2016-08-23,US1TXHRR170,173,143.32,29.68,0.81,False
2016-08-23,US1TXHRR176,30,108.53,-78.53,-0.78,False
2016-08-23,US1TXHRR203,41,105.57,-64.57,-0.57,False
2016-08-23,US1TXHRR209,124,102.17,21.83,0.69,False
2016-08-23,US1TXHRR215,239,128.26,110.74,1.99,False
2016-08-23,US1TXHRR217,5,151.48,-146.48,-1.77,False
2016-08-23,US1TXHRR222,414,218.49,195.51,3.23,False
2016-08-23,US1TXHRR223,411,219.34,191.66,3.18,False
2016-08-23,US1TXHRR225,155,107.87,47.13,1.06,False
2016-08-23,US1TXHRR228,325,136.91,188.09,3.12,False
2016-08-23,US1TXHRR232,10,111.47,-101.47,-1.11,False
2016-08-23,US1TXHST003,5,55.3,-50.3,-0.36,False
2016-08-23,US1TXJJ0009,340,190.79,149.21,2.56,False
2016-08-23,US1TXJJ0010,0,109.06,-109.06,-1.22,False
2016-08-23,US1TXJJ0011,470,161.37,308.63,4.89,True
2016-08-23,US1TXJS0002,284,101.04,182.96,3.05,False
2016-08-23,US1TXJS0003,8,116.39,-108.39,-1.21,False
2016-08-23,US1TXLR0001,64,100.54,-36.54,-0.16,False
2016-08-23,US1TXLR0005,0,141.88,-141.88,-1.7,False
2016-08-23,US1TXLR0010,79,104.75,-25.75,-0.0,False
2016-08-23,US1TXLR0013,61,104.59,-43.59,-0.26,False
2016-08-23,US1TXLR0015,216,99.29,116.71,2.08,False
2016-08-23,US1TXMDS002,366,52.58,313.42,4.96,True
2016-08-23,US1TXMNG004,58,76.67,-18.67,0.1,False
2016-08-23,US1TXMNG008,142,116.36,25.64,0.75,False
2016-08-23,US1TXMNG014,79,73.02,5.98,0.46,False
2016-08-23,US1TXMNG020,33,84.69,-51.69,-0.38,False
2016-08-23,US1TXMNG021,13,62.97,-49.97,-0.36,False
2016-08-23,US1TXMNG023,196,105.91,90.09,1.69,False
2016-08-23,US1TXMNG030,300,116.35,183.65,3.06,False
2016-08-23,US1TXMNG031,84,101.45,-17.45,0.12,False
2016-08-23,US1TXMNG035,109,102.72,6.28,0.46,False
2016-08-23,US1TXMNG036,66,109.25,-43.25,-0.26,False
2016-08-23,US1TXMNG051,15,102.42,-87.42,-0.91,False
2016-08-23,US1TXMNG055,13,94.71,-81.71,-0.82,False
2016-08-23,US1TXMNG058,165,140.89,24.11,0.73,False
2016-08-23,US1TXMTG004,5,64.69,-59.69,-0.5,False
2016-08-23,US1TXNW0002,0,41.48,-41.48,-0.23,False
2016-08-23,US1TXOR0001,137,123.48,13.52,0.57,False
2016-08-23,US1TXPL0016,23,71.49,-48.49,-0.34,False
2016-08-23,US1TXPL0018,41,75.32,-34.32,-0.13,False
2016-08-23,US1TXPL0024,0,78.53,-78.53,-0.78,False
2016-08-23,US1TXPL0027,145,68.57,76.43,1.49,False
2016-08-23,US1TXPL0028,36,74.94,-38.94,-0.2,False
2016-08-23,US1TXPL0035,38,84.34,-46.34,-0.31,False
2016-08-23,US1TXSB0001,51,55.43,-4.43,0.31,False
2016-08-23,US1TXSJ0011,33,75.68,-42.68,-0.25,False
2016-08-23,US1TXTR0003,38,123.83,-85.83,-0.88,False
2016-08-23,US1TXTT0003,3,62.94,-59.94,-0.5,False
2016-08-23,US1TXWA0003,66,87.3,-21.3,0.06,False
2016-08-23,US1TXWA0005,25,92.99,-67.99,-0.62,False
2016-08-23,US1TXWA0006,56,75.68,-19.68,0.08,False
2016-08-23,US1TXWA0009,71,69.68,1.32,0.39,False
2016-08-23,US1TXWA0010,38,80.8,-42.8,-0.25,False
2016-08-23,US1TXWA0012,23,90.62,-67.62,-0.62,False
2016-08-23,US1TXWA0017,234,90.27,143.73,2.48,False
2016-08-23,US1TXWA0018,211,106.96,104.04,1.89,False
2016-08-23,US1TXWA0024,147,124.72,22.28,0.7,False
2016-08-23,US1TXWH0001,8,59.73,-51.73,-0.38,False
2016-08-23,US1TXWH0002,135,80.07,54.93,1.18,False
2016-08-23,US1TXWH0004,132,78.53,53.47,1.16,False
2016-08-23,US1TXWH0009,20,75.63,-55.63,-0.44,False
2016-08-23,US1TXWH0010,0,139.2,-139.2,-1.66,False
2016-08-23,US1TXWH0011,58,90.23,-32.23,-0.1,False
2016-08-23,US1TXWH0015,51,74.83,-23.83,0.02,False
2016-08-23,US1TXWH0018,3,88.72,-85.72,-0.88,False
2016-08-23,US1TXWK0003,0,74.51,-74.51,-0.72,False
2016-08-23,US1TXWK0005,3,51.95,-48.95,-0.34,False
2016-08-23,US1TXWK0012,0,46.46,-46.46,-0.31,False
2016-08-23,US1TXWK0015,23,66.99,-43.99,-0.27,False
2016-08-23,US1TXWK0018,0,42.75,-42.75,-0.25,False
2016-08-23,US1TXWK0020,58,47.15,10.85,0.53,False
2016-08-23,US1TXWK0021,5,68.15,-63.15,-0.55,False
2016-08-23,US1TXWL0009,102,103.16,-1.16,0.36,False
2016-08-23,USC00160007,91,62.11,28.89,0.8,False
2016-08-23,USC00160098,0,29.61,-29.61,-0.06,False
2016-08-23,USC00160103,0,34.25,-34.25,-0.13,False
2016-08-23,USC00160462,0,37.56,-37.56,-0.18,False
2016-08-23,USC00160548,0,18.34,-18.34,0.1,False
2016-08-23,USC00160558,53,34.88,18.12,0.64,False
2016-08-23,USC00160565,5,29.39,-24.39,0.02,False
2016-08-23,USC00160658,0,85.67,-85.67,-0.88,False
2016-08-23,USC00161232,0,27.07,-27.07,-0.02,False
2016-08-23,USC00161287,0,59.58,-59.58,-0.5,False
2016-08-23,USC00161565,0,21.24,-21.24,0.06,False
2016-08-23,USC00162212,0,74.05,-74.05,-0.71,False
2016-08-23,USC00162367,0,70.78,-70.78,-0.66,False
2016-08-23,USC00162534,0,17.25,-17.25,0.12,False
2016-08-23,USC00163313,0,40.47,-40.47,-0.22,False
2016-08-23,USC00163800,0,69.85,-69.85,-0.65,False
2016-08-23,USC00163979,0,99.33,-99.33,-1.08,False
2016-08-23,USC00164288,15,41.69,-26.69,-0.02,False
2016-08-23,USC00164674,10,45.2,-35.2,-0.14,False
2016-08-23,USC00164700,3,73.5,-70.5,-0.66,False
2016-08-23,USC00164739,69,32.79,36.21,0.9,False
2016-08-23,USC00164775,84,55.92,28.08,0.78,False
2016-08-23,USC00165065,0,81.62,-81.62,-0.82,False
2016-08-23,USC00165074,224,134.62,89.38,1.68,False
2016-08-23,USC00165076,107,121.46,-14.46,0.16,False
2016-08-23,USC00165266,89,53.55,35.45,0.89,False
2016-08-23,USC00165287,117,57.38,59.62,1.25,False
2016-08-23,USC00165296,445,47.34,397.66,6.19,True
2016-08-23,USC00165620,0,14.73,-14.73,0.16,False
2016-08-23,USC00165920,254,23.33,230.67,3.75,True
2016-08-23,USC00166394,5,21.96,-16.96,0.12,False
2016-08-23,USC00166431,338,113.26,224.74,3.66,True
2016-08-23,USC00166434,41,134.73,-93.73,-1.0,False
2016-08-23,USC00166561,0,17.84,-17.84,0.11,False
2016-08-23,USC00166808,0,25.88,-25.88,-0.01,False
2016-08-23,USC00166938,0,67.05,-67.05,-0.61,False
2016-08-23,USC00166968,287,114.14,172.86,2.9,False
2016-08-23,USC00166995,244,41.22,202.78,3.34,False
2016-08-23,USC00167366,8,18.5,-10.5,0.22,False
2016-08-23,USC00167448,0,20.93,-20.93,0.07,False
2016-08-23,USC00167732,25,44.67,-19.67,0.09,False
2016-08-23,USC00167932,0,80.6,-80.6,-0.81,False
2016-08-23,USC00168136,0,30.64,-30.64,-0.08,False
2016-08-23,USC00168181,69,25.17,43.83,1.01,False
2016-08-23,USC00168831,0,89.58,-89.58,-0.94,False
2016-08-23,USC00169074,8,38.08,-30.08,-0.07,False
2016-08-23,USC00223441,0,28.35,-28.35,-0.04,False
2016-08-23,USC00410235,411,128.92,282.08,4.5,True
2016-08-23,USC00410257,150,85.5,64.5,1.32,False
2016-08-23,USC00410569,0,80.01,-80.01,-0.8,False
2016-08-23,USC00410586,13,128.17,-115.17,-1.31,False
2016-08-23,USC00410611,119,173.75,-54.75,-0.43,False
2016-08-23,USC00410613,170,168.7,1.3,0.39,False
2016-08-23,USC00410655,0,53.73,-53.73,-0.41,False
2016-08-23,USC00411048,201,113.56,87.44,1.65,False
2016-08-23,USC00411596,0,63.19,-63.19,-0.55,False
2016-08-23,USC00411810,56,102.82,-46.82,-0.31,False
2016-08-23,USC00411956,102,97.25,4.75,0.44,False
2016-08-23,USC00412114,18,49.58,-31.58,-0.09,False
2016-08-23,USC00412206,231,105.26,125.74,2.21,False
2016-08-23,USC00412266,91,83.0,8.0,0.49,False
2016-08-23,USC00412676,56,86.98,-30.98,-0.08,False
2016-08-23,USC00412786,185,41.17,143.83,2.48,False
2016-08-23,USC00413340,127,94.21,32.79,0.85,False
2016-08-23,USC00414325,114,105.62,8.38,0.5,False
2016-08-23,USC00414327,71,107.45,-36.45,-0.16,False
2016-08-23,USC00414333,3,130.0,-127.0,-1.49,False
2016-08-23,USC00414382,0,42.41,-42.41,-0.25,False
2016-08-23,USC00414563,8,131.31,-123.31,-1.43,False
2016-08-23,USC00414704,53,123.5,-70.5,-0.66,False
2016-08-23,USC00414878,287,140.8,146.2,2.51,False
2016-08-23,USC00415196,127,125.24,1.76,0.4,False
2016-08-23,USC00415271,46,71.98,-25.98,-0.01,False
2016-08-23,USC00415427,221,223.77,-2.77,0.33,False
2016-08-23,USC00415435,394,125.14,268.86,4.31,True
2016-08-23,USC00415477,18,123.21,-105.21,-1.17,False
2016-08-23,USC00416024,15,62.65,-47.65,-0.32,False
2016-08-23,USC00416280,3,128.53,-125.53,-1.46,False
2016-08-23,USC00416664,132,116.3,15.7,0.6,False
2016-08-23,USC00416680,89,122.92,-33.92,-0.12,False
2016-08-23,USC00417040,0,102.11,-102.11,-1.12,False
2016-08-23,USC00417172,0,110.91,-110.91,-1.25,False
2016-08-23,USC00417594,18,116.63,-98.63,-1.07,False
2016-08-23,USC00417936,168,103.23,64.77,1.32,False
2016-08-23,USC00418996,109,108.57,0.43,0.38,False
2016-08-23,USC00419101,119,122.48,-3.48,0.32,False
2016-08-23,USC00419491,107,83.8,23.2,0.71,False
2016-08-23,USC00419605,20,99.4,-79.4,-0.79,False
2016-08-23,USC00419655,20,55.84,-35.84,-0.15,False
2016-08-23,USW00003904,0,99.6,-99.6,-1.08,False
2016-08-23,USW00003937,145,90.54,54.46,1.17,False
2016-08-23,USW00003949,0,30.4,-30.4,-0.07,False
2016-08-23,USW00012917,0,123.81,-123.81,-1.44,False
2016-08-23,USW00012918,5,124.15,-119.15,-1.37,False
2016-08-23,USW00012923,0,117.87,-117.87,-1.35,False
2016-08-23,USW00012935,0,50.54,-50.54,-0.37,False
2016-08-23,USW00012953,0,85.24,-85.24,-0.87,False
2016-08-23,USW00012960,0,116.66,-116.66,-1.33,False
2016-08-23,USW00012968,0,40.12,-40.12,-0.21,False
2016-08-23,USW00012975,191,126.88,64.12,1.31,False
2016-08-23,USW00012976,0,100.2,-100.2,-1.09,False
2016-08-23,USW00012977,0,118.95,-118.95,-1.37,False
2016-08-23,USW00012981,0,87.26,-87.26,-0.9,False
2016-08-23,USW00013935,0,34.29,-34.29,-0.13,False
2016-08-23,USW00013970,66,26.37,39.63,0.95,False
2016-08-23,USW00013976,0,52.11,-52.11,-0.39,False
2016-08-23,USW00053902,74,99.96,-25.96,-0.01,False
2016-08-23,USW00053903,0,43.59,-43.59,-0.26,False
2016-08-23,USW00053910,0,114.98,-114.98,-1.31,False
2016-08-23,USW00053915,20,50.32,-30.32,-0.07,False
2016-08-23,USW00053928,20,107.97,-87.97,-0.91,False
2016-08-23,USW00053960,0,63.84,-63.84,-0.56,False
2016-08-23,USW00053988,0,60.1,-60.1,-0.51,False
2016-08-23,USW00093915,0,25.22,-25.22,0.0,False
2016-08-23,USW00093987,36,177.35,-141.35,-1.7,False
2016-08-24,US1LAAC0002,8,7.44,0.56,0.93,False
2016-08-24,US1LABG0002,0,17.17,-17.17,-2.33,False
2016-08-24,US1LACC0003,0,15.76,-15.76,-2.08,False
2016-08-24,US1LACC0006,3,15.28,-12.28,-1.43,False
2016-08-24,US1LACC0009,0,19.84,-19.84,-2.83,False
2016-08-24,US1LACC0014,0,15.36,-15.36,-2.0,False
2016-08-24,US1LACC0016,0,14.41,-14.41,-1.83,False
2016-08-24,US1LACC0017,33,23.87,9.13,2.51,False
2016-08-24,US1LACM0003,0,12.02,-12.02,-1.39,False
2016-08-24,US1LAEB0002,5,13.6,-8.6,-0.76,False
2016-08-24,US1LAEB0014,5,20.41,-15.41,-2.01,False
2016-08-24,US1LAEB0023,0,15.53,-15.53,-2.03,False
2016-08-24,US1LAEB0027,0,18.9,-18.9,-2.65,False
2016-08-24,US1LAEB0033,8,11.92,-3.92,0.11,False
2016-08-24,US1LAEB0041,0,11.8,-11.8,-1.35,False
2016-08-24,US1LAEB0042,0,19.2,-19.2,-2.71,False
2016-08-24,US1LAEB0046,13,13.47,-0.47,0.74,False
2016-08-24,US1LAEB0047,0,11.21,-11.21,-1.24,False
2016-08-24,US1LAEB0053,114,8.45,105.55,20.26,True
2016-08-24,US1LAEB0054,137,9.87,127.13,24.23,True
2016-08-24,US1LAJD0002,0,11.98,-11.98,-1.38,False
2016-08-24,US1LARP0007,0,8.71,-8.71,-0.78,False
2016-08-24,US1LASL0001,0,6.38,-6.38,-0.35,False
2016-08-24,US1LASM0002,0,11.3,-11.3,-1.25,False
2016-08-24,US1LAVM0002,0,5.22,-5.22,-0.13,False
2016-08-24,US1LAVM0004,0,3.81,-3.81,0.13,False
2016-08-24,US1LAWB0002,0,11.31,-11.31,-1.25,False
2016-08-24,US1LAWF0004,0,12.73,-12.73,-1.52,False
2016-08-24,US1TXAG0001,0,8.41,-8.41,-0.72,False
2016-08-24,US1TXAG0002,0,10.25,-10.25,-1.06,False
2016-08-24,US1TXAG0003,3,5.97,-2.97,0.28,False
2016-08-24,US1TXAG0005,0,6.31,-6.31,-0.33,False
2016-08-24,US1TXAS0003,0,0.46,-0.46,0.74,False
2016-08-24,US1TXAS0004,0,1.31,-1.31,0.58,False
2016-08-24,US1TXAS0005,0,1.31,-1.31,0.59,False
2016-08-24,US1TXAS0006,0,1.58,-1.58,0.54,False
2016-08-24,US1TXAS0007,0,1.51,-1.51,0.55,False
2016-08-24,US1TXAS0015,0,0.68,-0.68,0.7,False
2016-08-24,US1TXAS0017,0,1.46,-1.46,0.56,False
2016-08-24,US1TXBRZ018,3,5.18,-2.18,0.43,False
2016-08-24,US1TXBRZ020,0,2.16,-2.16,0.43,False
2016-08-24,US1TXBRZ021,0,3.74,-3.74,0.14,False
2016-08-24,US1TXBRZ025,0,5.41,-5.41,-0.17,False
2016-08-24,US1TXBRZ027,0,2.04,-2.04,0.45,False
2016-08-24,US1TXBRZ032,0,2.36,-2.36,0.39,False
2016-08-24,US1TXBZS040,0,2.14,-2.14,0.43,False
2016-08-24,US1TXBZS088,0,0.68,-0.68,0.7,False
2016-08-24,US1TXBZS096,0,1.08,-1.08,0.63,False
2016-08-24,US1TXBZS097,0,1.15,-1.15,0.62,False
2016-08-24,US1TXBZS098,0,0.76,-0.76,0.69,False
2016-08-24,US1TXBZS099,0,1.31,-1.31,0.59,False
2016-08-24,US1TXBZS100,0,1.31,-1.31,0.59,False
2016-08-24,US1TXCHM008,0,8.3,-8.3,-0.7,False
2016-08-24,US1TXCLR006,3,0.34,2.66,1.32,False
2016-08-24,US1TXFB0005,0,1.87,-1.87,0.48,False
2016-08-24,US1TXFB0012,0,1.88,-1.88,0.48,False
2016-08-24,US1TXFB0017,0,2.12,-2.12,0.44,False
2016-08-24,US1TXFB0018,0,2.09,-2.09,0.44,False
2016-08-24,US1TXFB0022,0,2.95,-2.95,0.28,False
2016-08-24,US1TXFB0032,0,2.15,-2.15,0.43,False
2016-08-24,US1TXFB0040,0,3.01,-3.01,0.27,False
2016-08-24,US1TXGM0007,0,3.1,-3.1,0.26,False
2016-08-24,US1TXGV0005,0,4.77,-4.77,-0.05,False
2016-08-24,US1TXGV0015,0,5.0,-5.0,-0.09,False
2016-08-24,US1TXGV0017,147,7.28,139.72,26.54,True
2016-08-24,US1TXGV0018,8,9.82,-1.82,0.49,False
2016-08-24,US1TXGV0029,13,5.56,7.44,2.2,False
2016-08-24,US1TXGV0034,0,5.78,-5.78,-0.24,False
2016-08-24,US1TXGV0041,0,6.31,-6.31,-0.33,False
2016-08-24,US1TXGV0043,0,8.97,-8.97,-0.83,False
2016-08-24,US1TXGV0044,0,9.02,-9.02,-0.83,False
2016-08-24,US1TXGV0046,0,7.17,-7.17,-0.49,False
2016-08-24,US1TXGV0049,46,14.25,31.75,6.67,True
2016-08-24,US1TXGV0051,23,19.4,3.6,1.49,False
2016-08-24,US1TXGV0052,0,4.73,-4.73,-0.04,False
2016-08-24,US1TXGV0054,3,10.85,-7.85,-0.62,False
2016-08-24,US1TXHRN001,0,7.48,-7.48,-0.55,False
2016-08-24,US1TXHRN002,5,6.14,-1.14,0.62,False
2016-08-24,US1TXHRN005,5,4.91,0.09,0.84,False
2016-08-24,US1TXHRR015,51,10.61,40.39,8.26,True
2016-08-24,US1TXHRR027,0,2.82,-2.82,0.31,False
2016-08-24,US1TXHRR028,0,4.86,-4.86,-0.07,False
2016-08-24,US1TXHRR031,0,4.14,-4.14,0.07,False
2016-08-24,US1TXHRR032,0,7.28,-7.28,-0.51,False
2016-08-24,US1TXHRR033,91,9.11,81.89,15.9,True
2016-08-24,US1TXHRR044,0,6.45,-6.45,-0.36,False
2016-08-24,US1TXHRR052,0,5.35,-5.35,-0.16,False
2016-08-24,US1TXHRR058,0,2.77,-2.77,0.32,False
2016-08-24,US1TXHRR074,0,4.36,-4.36,0.02,False
2016-08-24,US1TXHRR084,0,6.05,-6.05,-0.29,False
2016-08-24,US1TXHRR089,0,3.07,-3.07,0.26,False
2016-08-24,US1TXHRR093,0,6.71,-6.71,-0.41,False
2016-08-24,US1TXHRR117,3,5.09,-2.09,0.44,False
2016-08-24,US1TXHRR124,0,6.07,-6.07,-0.29,False
2016-08-24,US1TXHRR139,0,6.45,-6.45,-0.36,False
2016-08-24,US1TXHRR150,3,15.98,-12.98,-1.56,False
2016-08-24,US1TXHRR159,0,4.93,-4.93,-0.08,False
2016-08-24,US1TXHRR162,0,3.77,-3.77,0.13,False
2016-08-24,US1TXHRR164,0,3.85,-3.85,0.12,False
2016-08-24,US1TXHRR165,0,3.94,-3.94,0.1,False
2016-08-24,US1TXHRR168,8,4.92,3.08,1.39,False
2016-08-24,US1TXHRR170,0,3.05,-3.05,0.27,False
2016-08-24,US1TXHRR176,0,4.04,-4.04,0.08,False
2016-08-24,US1TXHRR203,0,3.23,-3.23,0.23,False
2016-08-24,US1TXHRR209,0,3.97,-3.97,0.1,False
2016-08-24,US1TXHRR215,13,15.6,-2.6,0.35,False
2016-08-24,US1TXHRR228,3,3.33,-0.33,0.77,False
2016-08-24,US1TXHRR232,0,4.49,-4.49,0.0,False
2016-08-24,US1TXHST003,0,8.32,-8.32,-0.71,False
2016-08-24,US1TXJJ0009,0,4.58,-4.58,-0.02,False
2016-08-24,US1TXJJ0010,0,3.69,-3.69,0.15,False
2016-08-24,US1TXJJ0011,0,4.15,-4.15,0.06,False
2016-08-24,US1TXJS0003,0,7.34,-7.34,-0.52,False
2016-08-24,US1TXLR0005,0,7.66,-7.66,-0.58,False
2016-08-24,US1TXLR0010,25,12.8,12.2,3.07,False
2016-08-24,US1TXLR0013,25,12.77,12.23,3.08,False
2016-08-24,US1TXLR0015,0,7.51,-7.51,-0.56,False
2016-08-24,US1TXMNG004,0,5.96,-5.96,-0.27,False
2016-08-24,US1TXMNG008,0,5.83,-5.83,-0.25,False
2016-08-24,US1TXMNG014,0,5.5,-5.5,-0.19,False
2016-08-24,US1TXMNG020,0,6.2,-6.2,-0.32,False
2016-08-24,US1TXMNG021,0,3.84,-3.84,0.12,False
2016-08-24,US1TXMNG023,0,6.5,-6.5,-0.37,False
2016-08-24,US1TXMNG026,5,5.6,-0.6,0.72,False
2016-08-24,US1TXMNG030,0,6.44,-6.44,-0.36,False
2016-08-24,US1TXMNG031,0,10.88,-10.88,-1.18,False
2016-08-24,US1TXMNG035,5,5.02,-0.02,0.82,False
2016-08-24,US1TXMNG051,0,5.0,-5.0,-0.09,False
2016-08-24,US1TXMNG055,0,5.51,-5.51,-0.19,False
2016-08-24,US1TXMNG058,5,5.7,-0.7,0.7,False
2016-08-24,US1TXMTG004,0,0.0,0.0,0.83,False
2016-08-24,US1TXNW0002,0,0.6,-0.6,0.72,False
2016-08-24,US1TXOR0001,0,5.55,-5.55,-0.2,False
2016-08-24,US1TXPL0003,0,19.33,-19.33,-2.73,False
2016-08-24,US1TXPL0016,5,16.64,-11.64,-1.32,False
2016-08-24,US1TXPL0018,155,21.76,133.24,25.35,True
2016-08-24,US1TXPL0024,0,19.63,-19.63,-2.79,False
2016-08-24,US1TXPL0027,5,17.0,-12.0,-1.38,False
2016-08-24,US1TXPL0028,94,30.31,63.69,12.55,True
2016-08-24,US1TXPL0035,3,19.03,-16.03,-2.12,False
2016-08-24,US1TXSB0001,0,0.92,-0.92,0.66,False
2016-08-24,US1TXSJ0011,71,19.71,51.29,10.27,True
2016-08-24,US1TXTR0008,0,13.19,-13.19,-1.6,False
2016-08-24,US1TXTT0003,0,12.16,-12.16,-1.41,False
2016-08-24,US1TXWA0003,0,2.29,-2.29,0.4,False
2016-08-24,US1TXWA0005,0,0.72,-0.72,0.69,False
2016-08-24,US1TXWA0006,0,0.56,-0.56,0.72,False
2016-08-24,US1TXWA0009,0,0.56,-0.56,0.72,False
2016-08-24,US1TXWA0010,0,0.82,-0.82,0.68,False
2016-08-24,US1TXWA0012,0,1.72,-1.72,0.51,False
2016-08-24,US1TXWA0017,5,1.57,3.43,1.46,False
2016-08-24,US1TXWA0024,0,1.15,-1.15,0.61,False
2016-08-24,US1TXWH0001,0,0.31,-0.31,0.77,False
2016-08-24,US1TXWH0002,0,0.06,-0.06,0.82,False
2016-08-24,US1TXWH0004,0,0.04,-0.04,0.82,False
2016-08-24,US1TXWH0009,0,0.49,-0.49,0.74,False
2016-08-24,US1TXWH0010,0,0.02,-0.02,0.82,False
2016-08-24,US1TXWH0011,0,0.05,-0.05,0.82,False
2016-08-24,US1TXWH0018,0,0.63,-0.63,0.71,False
2016-08-24,US1TXWK0003,0,7.64,-7.64,-0.58,False
2016-08-24,US1TXWK0005,0,7.32,-7.32,-0.52,False
2016-08-24,US1TXWK0012,0,7.02,-7.02,-0.46,False
2016-08-24,US1TXWK0015,43,11.68,31.32,6.59,True
2016-08-24,US1TXWK0018,0,6.6,-6.6,-0.39,False
2016-08-24,US1TXWK0021,0,13.19,-13.19,-1.6,False
2016-08-24,US1TXWL0009,0,2.21,-2.21,0.42,False
2016-08-24,USC00160007,0,3.64,-3.64,0.16,False
2016-08-24,USC00160098,0,9.66,-9.66,-0.95,False
2016-08-24,USC00160103,5,5.44,-0.44,0.75,False
2016-08-24,USC00160462,0,11.97,-11.97,-1.38,False
2016-08-24,USC00160548,0,20.35,-20.35,-2.92,False
2016-08-24,USC00160558,0,25.74,-25.74,-3.91,True
2016-08-24,USC00160565,0,9.91,-9.91,-1.0,False
2016-08-24,USC00160658,3,11.16,-8.16,-0.68,False
2016-08-24,USC00161232,0,8.83,-8.83,-0.8,False
2016-08-24,USC00161287,0,3.78,-3.78,0.13,False
2016-08-24,USC00161565,0,11.53,-11.53,-1.3,False
2016-08-24,USC00162212,0,9.51,-9.51,-0.92,False
2016-08-24,USC00162367,0,10.51,-10.51,-1.11,False
2016-08-24,USC00162534,0,11.67,-11.67,-1.32,False
2016-08-24,USC00163313,0,10.02,-10.02,-1.02,False
2016-08-24,USC00163800,0,6.1,-6.1,-0.3,False
2016-08-24,USC00163979,0,10.25,-10.25,-1.06,False
2016-08-24,USC00164288,5,2.38,2.62,1.31,False
2016-08-24,USC00164674,0,12.03,-12.03,-1.39,False
2016-08-24,USC00164700,0,10.26,-10.26,-1.06,False
2016-08-24,USC00164739,0,11.97,-11.97,-1.38,False
2016-08-24,USC00164775,0,5.21,-5.21,-0.13,False
2016-08-24,USC00165065,0,10.96,-10.96,-1.19,False
2016-08-24,USC00165074,25,33.15,-8.15,-0.67,False
2016-08-24,USC00165076,8,22.13,-14.13,-1.77,False
2016-08-24,USC00165266,0,8.88,-8.88,-0.81,False
2016-08-24,USC00165296,0,6.12,-6.12,-0.3,False
2016-08-24,USC00165620,0,12.6,-12.6,-1.49,False
2016-08-24,USC00166394,3,11.02,-8.02,-0.65,False
2016-08-24,USC00166431,203,11.05,191.95,36.16,True
2016-08-24,USC00166434,0,36.29,-36.29,-5.85,True
2016-08-24,USC00166561,8,10.83,-2.83,0.31,False
2016-08-24,USC00166686,5,10.91,-5.91,-0.26,False
2016-08-24,USC00166808,0,22.29,-22.29,-3.28,False
2016-08-24,USC00166938,0,10.28,-10.28,-1.07,False
2016-08-24,USC00166968,46,28.33,17.67,4.08,True
2016-08-24,USC00166995,0,5.06,-5.06,-0.11,False
2016-08-24,USC00167366,0,11.38,-11.38,-1.27,False
2016-08-24,USC00167448,0,12.59,-12.59,-1.49,False
2016-08-24,USC00167729,0,8.82,-8.82,-0.8,False
2016-08-24,USC00167732,0,4.7,-4.7,-0.04,False
2016-08-24,USC00167932,0,11.98,-11.98,-1.38,False
2016-08-24,USC00168136,0,11.58,-11.58,-1.31,False
2016-08-24,USC00168181,0,8.68,-8.68,-0.77,False
2016-08-24,USC00168831,0,14.84,-14.84,-1.91,False
2016-08-24,USC00169074,0,1.82,-1.82,0.49,False
2016-08-24,USC00223441,157,9.8,147.2,27.92,True
2016-08-24,USC00410235,0,7.67,-7.67,-0.59,False
2016-08-24,USC00410569,0,0.76,-0.76,0.69,False
2016-08-24,USC00410586,0,9.17,-9.17,-0.86,False
2016-08-24,USC00410611,0,4.44,-4.44,0.01,False
2016-08-24,USC00410613,0,4.77,-4.77,-0.05,False
2016-08-24,USC00410655,0,0.83,-0.83,0.67,False
2016-08-24,USC00411048,0,1.15,-1.15,0.62,False
2016-08-24,USC00411596,0,3.57,-3.57,0.17,False
2016-08-24,USC00411810,0,12.89,-12.89,-1.55,False
2016-08-24,USC00411956,0,9.74,-9.74,-0.97,False
2016-08-24,USC00412114,0,8.24,-8.24,-0.69,False
2016-08-24,USC00412206,0,4.46,-4.46,0.0,False
2016-08-24,USC00412266,0,0.07,-0.07,0.81,False
2016-08-24,USC00412676,0,0.39,-0.39,0.76,False
2016-08-24,USC00412786,0,0.03,-0.03,0.82,False
2016-08-24,USC00413340,0,3.29,-3.29,0.22,False
2016-08-24,USC00414325,0,4.42,-4.42,0.01,False
2016-08-24,USC00414327,0,3.9,-3.9,0.11,False
2016-08-24,USC00414333,0,5.98,-5.98,-0.27,False
2016-08-24,USC00414382,0,6.45,-6.45,-0.36,False
2016-08-24,USC00414704,0,3.38,-3.38,0.2,False
2016-08-24,USC00414878,0,7.0,-7.0,-0.46,False
2016-08-24,USC00415196,0,9.12,-9.12,-0.85,False
2016-08-24,USC00415271,8,16.78,-8.78,-0.79,False
2016-08-24,USC00415427,3,5.28,-2.28,0.41,False
2016-08-24,USC00415435,0,6.65,-6.65,-0.4,False
2016-08-24,USC00415477,0,7.52,-7.52,-0.56,False
2016-08-24,USC00416024,0,3.87,-3.87,0.11,False
2016-08-24,USC00416280,3,12.41,-9.41,-0.91,False
2016-08-24,USC00416664,0,7.16,-7.16,-0.49,False
2016-08-24,USC00416680,0,8.2,-8.2,-0.68,False
2016-08-24,USC00417040,0,1.17,-1.17,0.61,False
2016-08-24,USC00417172,0,4.13,-4.13,0.07,False
2016-08-24,USC00417594,0,2.64,-2.64,0.34,False
2016-08-24,USC00417936,3,1.32,1.68,1.13,False
2016-08-24,USC00418996,0,3.5,-3.5,0.18,False
2016-08-24,USC00419101,5,7.17,-2.17,0.43,False
2016-08-24,USC00419491,0,1.83,-1.83,0.49,False
2016-08-24,USC00419605,0,2.91,-2.91,0.29,False
2016-08-24,USC00419655,0,0.31,-0.31,0.77,False
2016-08-24,USW00003904,0,1.1,-1.1,0.62,False
2016-08-24,USW00003937,0,13.7,-13.7,-1.69,False
2016-08-24,USW00003949,0,3.61,-3.61,0.16,False
2016-08-24,USW00012917,0,3.75,-3.75,0.14,False
2016-08-24,USW00012918,58,3.78,54.22,10.81,True
2016-08-24,USW00012923,0,12.57,-12.57,-1.49,False
2016-08-24,USW00012935,0,0.0,0.0,0.83,False
2016-08-24,USW00012953,0,0.65,-0.65,0.71,False
2016-08-24,USW00012960,0,7.83,-7.83,-0.61,False
2016-08-24,USW00012968,0,6.22,-6.22,-0.32,False
2016-08-24,USW00012975,0,4.97,-4.97,-0.09,False
2016-08-24,USW00012976,0,2.98,-2.98,0.28,False
2016-08-24,USW00012977,0,2.56,-2.56,0.36,False
2016-08-24,USW00012981,0,1.4,-1.4,0.57,False
2016-08-24,USW00013935,0,6.04,-6.04,-0.29,False
2016-08-24,USW00013970,0,12.45,-12.45,-1.47,False
2016-08-24,USW00013976,13,8.66,4.34,1.62,False
2016-08-24,USW00053902,104,6.04,97.96,18.86,True
2016-08-24,USW00053903,0,6.61,-6.61,-0.39,False
2016-08-24,USW00053910,0,5.63,-5.63,-0.21,False
2016-08-24,USW00053915,109,3.57,105.43,20.23,True
2016-08-24,USW00053928,8,1.06,6.94,2.1,False
2016-08-24,USW00053960,0,8.15,-8.15,-0.67,False
2016-08-24,USW00053988,0,10.13,-10.13,-1.04,False
2016-08-24,USW00093915,53,0.75,52.25,10.44,True
2016-08-24,USW00093987,0,8.4,-8.4,-0.72,False
2016-08-25,US1LAAC0002,213,35.4,177.6,18.57,True
2016-08-25,US1LAAV0001,25,90.72,-65.72,-5.75,True
2016-08-25,US1LABG0002,0,19.47,-19.47,-1.12,False
2016-08-25,US1LACC0003,3,20.1,-17.1,-0.89,False
2016-08-25,US1LACC0006,0,43.2,-43.2,-3.5,False
2016-08-25,US1LACC0009,0,20.25,-20.25,-1.2,False
2016-08-25,US1LACC0014,0,14.17,-14.17,-0.59,False
2016-08-25,US1LACC0016,0,16.45,-16.45,-0.82,False
2016-08-25,US1LACC0017,0,16.45,-16.45,-0.82,False
2016-08-25,US1LAEB0002,102,78.46,23.54,3.17,False
2016-08-25,US1LAEB0009,0,58.02,-58.02,-4.98,True
2016-08-25,US1LAEB0014,0,50.3,-50.3,-4.21,True
2016-08-25,US1LAEB0023,0,58.09,-58.09,-4.98,True
2016-08-25,US1LAEB0027,0,54.18,-54.18,-4.59,True
2016-08-25,US1LAEB0033,175,75.64,99.36,10.75,True
2016-08-25,US1LAEB0041,132,99.59,32.41,4.06,True
2016-08-25,US1LAEB0042,157,68.1,88.9,9.71,True
2016-08-25,US1LAEB0046,23,80.15,-57.15,-4.89,True
2016-08-25,US1LAEB0047,165,88.04,76.96,8.51,True
2016-08-25,US1LAEB0053,8,74.4,-66.4,-5.82,True
2016-08-25,US1LAEB0056,0,59.43,-59.43,-5.12,True
2016-08-25,US1LAJD0002,10,25.17,-15.17,-0.69,False
2016-08-25,US1LALY0006,224,39.76,184.24,19.24,True
2016-08-25,US1LARP0007,0,197.87,-197.87,-18.96,True
2016-08-25,US1LASL0001,0,49.64,-49.64,-4.14,True
2016-08-25,US1LASM0002,0,34.06,-34.06,-2.58,False
2016-08-25,US1LAVM0002,10,14.15,-4.15,0.41,False
2016-08-25,US1LAVM0004,0,15.78,-15.78,-0.75,False
2016-08-25,US1LAWB0002,0,77.84,-77.84,-6.96,True
2016-08-25,US1LAWF0004,0,60.1,-60.1,-5.19,True
2016-08-25,US1MSAD0001,13,67.36,-54.36,-4.61,True
2016-08-25,US1MSAD0004,86,55.15,30.85,3.91,True
2016-08-25,US1TXAG0001,0,18.11,-18.11,-0.99,False
2016-08-25,US1TXAG0002,0,6.36,-6.36,0.19,False
2016-08-25,US1TXAG0003,0,17.44,-17.44,-0.92,False
2016-08-25,US1TXAG0005,0,12.88,-12.88,-0.47,False
2016-08-25,US1TXAS0003,0,4.95,-4.95,0.33,False
2016-08-25,US1TXAS0004,0,4.87,-4.87,0.34,False
2016-08-25,US1TXAS0005,0,7.86,-7.86,0.04,False
2016-08-25,US1TXAS0006,0,7.32,-7.32,0.09,False
2016-08-25,US1TXAS0007,0,6.7,-6.7,0.15,False
2016-08-25,US1TXAS0015,0,2.35,-2.35,0.59,False
2016-08-25,US1TXAS0017,0,10.61,-10.61,-0.24,False
2016-08-25,US1TXBRZ020,0,13.15,-13.15,-0.49,False
2016-08-25,US1TXBRZ021,0,20.24,-20.24,-1.2,False
2016-08-25,US1TXBRZ025,28,17.82,10.18,1.84,False
2016-08-25,US1TXBRZ027,0,11.88,-11.88,-0.37,False
2016-08-25,US1TXBRZ032,0,13.92,-13.92,-0.57,False
2016-08-25,US1TXBZS040,0,1.91,-1.91,0.63,False
2016-08-25,US1TXBZS096,0,1.0,-1.0,0.72,False
2016-08-25,US1TXBZS097,0,1.08,-1.08,0.71,False
2016-08-25,US1TXBZS098,0,1.15,-1.15,0.71,False
2016-08-25,US1TXBZS099,0,1.11,-1.11,0.71,False
2016-08-25,US1TXBZS100,0,1.44,-1.44,0.68,False
2016-08-25,US1TXCHM008,0,13.45,-13.45,-0.52,False
2016-08-25,US1TXCLR006,0,3.83,-3.83,0.44,False
2016-08-25,US1TXCLR010,5,2.71,2.29,1.05,False
2016-08-25,US1TXFB0005,0,7.87,-7.87,0.04,False
2016-08-25,US1TXFB0012,0,7.88,-7.88,0.03,False
2016-08-25,US1TXFB0017,0,13.95,-13.95,-0.57,False
2016-08-25,US1TXFB0018,13,10.64,2.36,1.06,False
2016-08-25,US1TXFB0022,30,13.44,16.56,2.48,False
2016-08-25,US1TXFB0032,0,11.29,-11.29,-0.31,False
2016-08-25,US1TXFB0040,3,12.84,-9.84,-0.16,False
2016-08-25,US1TXFB0042,18,15.54,2.46,1.07,False
2016-08-25,US1TXGM0007,0,2.66,-2.66,0.56,False
2016-08-25,US1TXGV0005,25,18.47,6.53,1.48,False
2016-08-25,US1TXGV0015,0,13.29,-13.29,-0.51,False
2016-08-25,US1TXGV0029,5,11.02,-6.02,0.22,False
2016-08-25,US1TXGV0033,0,14.41,-14.41,-0.62,False
2016-08-25,US1TXGV0034,0,12.4,-12.4,-0.42,False
2016-08-25,US1TXGV0041,0,12.62,-12.62,-0.44,False
2016-08-25,US1TXGV0043,0,13.55,-13.55,-0.53,False
2016-08-25,US1TXGV0044,15,11.99,3.01,1.12,False
2016-08-25,US1TXGV0046,3,10.99,-7.99,0.02,False
2016-08-25,US1TXGV0049,28,15.81,12.19,2.04,False
2016-08-25,US1TXGV0051,15,17.11,-2.11,0.61,False
2016-08-25,US1TXGV0052,0,15.97,-15.97,-0.77,False
2016-08-25,US1TXHRN001,0,3.63,-3.63,0.46,False
2016-08-25,US1TXHRN002,0,4.5,-4.5,0.37,False
2016-08-25,US1TXHRN005,0,4.39,-4.39,0.38,False
2016-08-25,US1TXHRR015,0,16.48,-16.48,-0.82,False
2016-08-25,US1TXHRR027,5,14.37,-9.37,-0.11,False
2016-08-25,US1TXHRR028,3,13.02,-10.02,-0.18,False
2016-08-25,US1TXHRR032,0,18.65,-18.65,-1.04,False
2016-08-25,US1TXHRR033,18,16.64,1.36,0.96,False
2016-08-25,US1TXHRR044,0,15.52,-15.52,-0.73,False
2016-08-25,US1TXHRR052,0,13.48,-13.48,-0.53,False
2016-08-25,US1TXHRR058,0,15.41,-15.41,-0.72,False
2016-08-25,US1TXHRR074,8,15.65,-7.65,0.06,False
2016-08-25,US1TXHRR084,5,18.03,-13.03,-0.48,False
2016-08-25,US1TXHRR089,10,13.44,-3.44,0.48,False
2016-08-25,US1TXHRR093,69,15.52,53.48,6.17,True
2016-08-25,US1TXHRR117,0,10.93,-10.93,-0.27,False
2016-08-25,US1TXHRR124,5,15.44,-10.44,-0.22,False
2016-08-25,US1TXHRR139,89,16.06,72.94,8.11,True
2016-08-25,US1TXHRR162,0,15.72,-15.72,-0.75,False
2016-08-25,US1TXHRR164,46,13.22,32.78,4.1,True
2016-08-25,US1TXHRR165,46,18.55,27.45,3.57,True
2016-08-25,US1TXHRR168,0,18.43,-18.43,-1.02,False
2016-08-25,US1TXHRR170,5,14.9,-9.9,-0.17,False
2016-08-25,US1TXHRR176,36,17.12,18.88,2.71,False
2016-08-25,US1TXHRR203,0,16.27,-16.27,-0.8,False
2016-08-25,US1TXHRR209,25,23.13,1.87,1.01,False
2016-08-25,US1TXHRR215,61,12.48,48.52,5.67,True
2016-08-25,US1TXHRR222,0,12.62,-12.62,-0.44,False
2016-08-25,US1TXHRR228,0,12.28,-12.28,-0.41,False
2016-08-25,US1TXHRR232,5,20.46,-15.46,-0.72,False
2016-08-25,US1TXHST003,211,33.3,177.7,18.58,True
2016-08-25,US1TXJJ0009,0,3.32,-3.32,0.49,False
2016-08-25,US1TXJJ0010,0,3.1,-3.1,0.51,False
2016-08-25,US1TXJJ0011,0,3.4,-3.4,0.48,False
2016-08-25,US1TXJS0003,0,5.54,-5.54,0.27,False
2016-08-25,US1TXLR0005,0,9.79,-9.79,-0.16,False
2016-08-25,US1TXLR0013,0,11.01,-11.01,-0.28,False
2016-08-25,US1TXLR0015,0,9.69,-9.69,-0.15,False
2016-08-25,US1TXMNG004,0,6.53,-6.53,0.17,False
2016-08-25,US1TXMNG008,8,12.41,-4.41,0.38,False
2016-08-25,US1TXMNG014,0,5.93,-5.93,0.23,False
2016-08-25,US1TXMNG020,0,6.86,-6.86,0.14,False
2016-08-25,US1TXMNG021,0,4.37,-4.37,0.39,False
2016-08-25,US1TXMNG023,0,14.02,-14.02,-0.58,False
2016-08-25,US1TXMNG026,51,8.39,42.61,5.08,True
2016-08-25,US1TXMNG030,0,13.05,-13.05,-0.48,False
2016-08-25,US1TXMNG031,3,9.84,-6.84,0.14,False
2016-08-25,US1TXMNG035,0,9.74,-9.74,-0.15,False
2016-08-25,US1TXMNG051,0,9.02,-9.02,-0.08,False
2016-08-25,US1TXMNG054,0,9.94,-9.94,-0.17,False
2016-08-25,US1TXMNG055,0,8.33,-8.33,-0.01,False
2016-08-25,US1TXMNG058,15,10.23,4.77,1.3,False
2016-08-25,US1TXMTG004,0,17.89,-17.89,-0.97,False
2016-08-25,US1TXNW0002,0,9.24,-9.24,-0.1,False
2016-08-25,US1TXPL0003,0,5.76,-5.76,0.25,False
2016-08-25,US1TXPL0016,5,7.51,-2.51,0.57,False
2016-08-25,US1TXPL0018,5,7.17,-2.17,0.61,False
2016-08-25,US1TXPL0024,0,8.27,-8.27,-0.0,False
2016-08-25,US1TXPL0027,0,5.83,-5.83,0.24,False
2016-08-25,US1TXPL0028,0,7.66,-7.66,0.06,False
2016-08-25,US1TXPL0035,0,8.18,-8.18,0.0,False
2016-08-25,US1TXSB0001,0,12.25,-12.25,-0.4,False
2016-08-25,US1TXSJ0011,0,9.21,-9.21,-0.1,False
2016-08-25,US1TXTR0008,0,5.39,-5.39,0.28,False
2016-08-25,US1TXTT0003,0,13.64,-13.64,-0.54,False
2016-08-25,US1TXWA0003,0,5.22,-5.22,0.3,False
2016-08-25,US1TXWA0005,0,3.04,-3.04,0.52,False
2016-08-25,US1TXWA0006,0,1.86,-1.86,0.64,False
2016-08-25,US1TXWA0009,0,1.87,-1.87,0.63,False
2016-08-25,US1TXWA0010,0,2.72,-2.72,0.55,False
2016-08-25,US1TXWA0012,0,4.5,-4.5,0.37,False
2016-08-25,US1TXWA0017,0,2.33,-2.33,0.59,False
2016-08-25,US1TXWA0024,0,2.0,-2.0,0.62,False
2016-08-25,US1TXWH0001,0,6.4,-6.4,0.18,False
2016-08-25,US1TXWH0002,0,7.74,-7.74,0.05,False
2016-08-25,US1TXWH0004,0,4.49,-4.49,0.37,False
2016-08-25,US1TXWH0009,0,9.85,-9.85,-0.16,False
2016-08-25,US1TXWH0010,0,2.79,-2.79,0.54,False
2016-08-25,US1TXWH0011,0,5.49,-5.49,0.27,False
2016-08-25,US1TXWH0018,0,10.93,-10.93,-0.27,False
2016-08-25,US1TXWK0003,0,7.89,-7.89,0.03,False
2016-08-25,US1TXWK0005,3,6.71,-3.71,0.45,False
2016-08-25,US1TXWK0012,0,5.87,-5.87,0.24,False
2016-08-25,US1TXWK0013,0,6.09,-6.09,0.21,False
2016-08-25,US1TXWK0014,8,11.27,-3.27,0.5,False
2016-08-25,US1TXWK0015,38,8.66,29.34,3.75,True
2016-08-25,US1TXWK0018,0,6.16,-6.16,0.21,False
2016-08-25,US1TXWK0021,28,9.21,18.79,2.7,False
2016-08-25,US1TXWL0009,0,8.73,-8.73,-0.05,False
2016-08-25,USC00160007,0,15.59,-15.59,-0.74,False
2016-08-25,USC00160098,76,140.2,-64.2,-5.6,True
2016-08-25,USC00160103,508,50.38,457.62,46.56,True
2016-08-25,USC00160548,38,74.5,-36.5,-2.83,False
2016-08-25,USC00160558,0,52.1,-52.1,-4.39,True
2016-08-25,USC00160565,0,65.3,-65.3,-5.7,True
2016-08-25,USC00160658,0,18.97,-18.97,-1.07,False
2016-08-25,USC00161232,64,93.85,-29.85,-2.16,False
2016-08-25,USC00161287,102,44.21,57.79,6.6,True
2016-08-25,USC00161565,457,48.12,408.88,41.69,True
2016-08-25,USC00162212,0,40.65,-40.65,-3.24,False
2016-08-25,USC00162367,0,30.51,-30.51,-2.23,False
2016-08-25,USC00162534,0,74.36,-74.36,-6.61,True
2016-08-25,USC00163313,13,46.69,-33.69,-2.55,False
2016-08-25,USC00163800,28,45.02,-17.02,-0.88,False
2016-08-25,USC00163979,0,14.77,-14.77,-0.65,False
2016-08-25,USC00164288,0,44.57,-44.57,-3.63,True
2016-08-25,USC00164674,25,40.81,-15.81,-0.76,False
2016-08-25,USC00164700,76,24.55,51.45,5.96,True
2016-08-25,USC00164739,18,85.89,-67.89,-5.96,True
2016-08-25,USC00164775,0,19.01,-19.01,-1.08,False
2016-08-25,USC00165065,0,27.83,-27.83,-1.96,False
2016-08-25,USC00165074,23,12.28,10.72,1.89,False
2016-08-25,USC00165076,0,16.59,-16.59,-0.84,False
2016-08-25,USC00165266,0,43.04,-43.04,-3.48,False
2016-08-25,USC00165296,0,26.31,-26.31,-1.81,False
2016-08-25,USC00165620,0,90.51,-90.51,-8.22,True
2016-08-25,USC00166394,0,52.9,-52.9,-4.47,True
2016-08-25,USC00166431,0,18.34,-18.34,-1.01,False
2016-08-25,USC00166434,41,13.14,27.86,3.61,True
2016-08-25,USC00166561,0,61.11,-61.11,-5.29,True
2016-08-25,USC00166686,0,54.7,-54.7,-4.65,True
2016-08-25,USC00166808,0,75.41,-75.41,-6.72,True
2016-08-25,USC00166938,20,43.69,-23.69,-1.55,False
2016-08-25,USC00166968,0,16.24,-16.24,-0.8,False
2016-08-25,USC00166995,18,58.01,-40.01,-3.18,False
2016-08-25,USC00167366,0,74.67,-74.67,-6.64,True
2016-08-25,USC00167448,292,64.03,227.97,23.61,True
2016-08-25,USC00167729,0,83.18,-83.18,-7.49,True
2016-08-25,USC00167732,0,114.75,-114.75,-10.65,True
2016-08-25,USC00167932,142,20.28,121.72,12.99,True
2016-08-25,USC00168136,33,47.42,-14.42,-0.62,False
2016-08-25,USC00168181,0,20.25,-20.25,-1.2,False
2016-08-25,USC00168831,140,5.81,134.19,14.24,True
2016-08-25,USC00169074,0,11.89,-11.89,-0.37,False
2016-08-25,USC00223441,343,42.77,300.23,30.83,True
2016-08-25,USC00410235,0,13.12,-13.12,-0.49,False
2016-08-25,USC00410569,0,34.3,-34.3,-2.61,False
2016-08-25,USC00410586,13,14.1,-1.1,0.71,False
2016-08-25,USC00410611,0,3.74,-3.74,0.45,False
2016-08-25,USC00410613,0,5.27,-5.27,0.3,False
2016-08-25,USC00410655,0,2.46,-2.46,0.58,False
2016-08-25,USC00411048,0,2.01,-2.01,0.62,False
2016-08-25,USC00411596,0,16.69,-16.69,-0.85,False
2016-08-25,USC00411810,0,10.52,-10.52,-0.23,False
2016-08-25,USC00411956,13,8.28,4.72,1.29,False
2016-08-25,USC00412114,76,80.18,-4.18,0.4,False
2016-08-25,USC00412206,0,11.42,-11.42,-0.32,False
2016-08-25,USC00412266,0,9.58,-9.58,-0.14,False
2016-08-25,USC00412676,0,7.9,-7.9,0.03,False
2016-08-25,USC00412786,0,2.82,-2.82,0.54,False
2016-08-25,USC00413340,0,16.13,-16.13,-0.79,False
2016-08-25,USC00414325,46,16.02,29.98,3.82,True
2016-08-25,USC00414327,137,12.39,124.61,13.28,True
2016-08-25,USC00414333,0,12.32,-12.32,-0.41,False
2016-08-25,USC00414382,0,5.93,-5.93,0.23,False
2016-08-25,USC00414704,0,11.73,-11.73,-0.35,False
2016-08-25,USC00414878,5,2.08,2.92,1.11,False
2016-08-25,USC00415196,0,10.97,-10.97,-0.27,False
2016-08-25,USC00415427,0,12.13,-12.13,-0.39,False
2016-08-25,USC00415435,0,3.73,-3.73,0.45,False
2016-08-25,USC00415477,0,7.91,-7.91,0.03,False
2016-08-25,USC00415659,0,24.89,-24.89,-1.67,False
2016-08-25,USC00416024,0,4.52,-4.52,0.37,False
2016-08-25,USC00416280,0,14.59,-14.59,-0.64,False
2016-08-25,USC00416664,0,9.33,-9.33,-0.11,False
2016-08-25,USC00417040,0,7.98,-7.98,0.02,False
2016-08-25,USC00417172,0,3.39,-3.39,0.48,False
2016-08-25,USC00417594,46,12.11,33.89,4.21,True
2016-08-25,USC00417936,0,6.22,-6.22,0.2,False
2016-08-25,USC00418996,0,14.94,-14.94,-0.67,False
2016-08-25,USC00419101,5,2.59,2.41,1.06,False
2016-08-25,USC00419491,0,4.73,-4.73,0.35,False
2016-08-25,USC00419605,0,20.58,-20.58,-1.24,False
2016-08-25,USC00419655,0,6.62,-6.62,0.16,False
2016-08-25,USW00003904,0,0.95,-0.95,0.73,False
2016-08-25,USW00003937,0,14.6,-14.6,-0.64,False
2016-08-25,USW00003949,102,44.95,57.05,6.52,True
2016-08-25,USW00012917,0,3.06,-3.06,0.52,False
2016-08-25,USW00012918,13,18.53,-5.53,0.27,False
2016-08-25,USW00012923,5,16.32,-11.32,-0.31,False
2016-08-25,USW00012935,0,18.25,-18.25,-1.0,False
2016-08-25,USW00012953,0,13.02,-13.02,-0.48,False
2016-08-25,USW00012960,107,13.75,93.25,10.14,True
2016-08-25,USW00012968,0,40.74,-40.74,-3.25,False
2016-08-25,USW00012975,137,12.88,124.12,13.23,True
2016-08-25,USW00012976,89,13.27,75.73,8.39,True
2016-08-25,USW00012977,0,11.09,-11.09,-0.29,False
2016-08-25,USW00012981,307,6.72,300.28,30.84,True
2016-08-25,USW00013935,152,98.12,53.88,6.21,True
2016-08-25,USW00013970,102,60.9,41.1,4.93,True
2016-08-25,USW00013976,20,50.63,-30.63,-2.24,False
2016-08-25,USW00053902,0,9.71,-9.71,-0.15,False
2016-08-25,USW00053903,0,6.08,-6.08,0.21,False
2016-08-25,USW00053910,0,11.91,-11.91,-0.37,False
2016-08-25,USW00053915,10,33.5,-23.5,-1.53,False
2016-08-25,USW00053928,0,2.69,-2.69,0.55,False
2016-08-25,USW00053960,6,17.1,-11.1,-0.29,False
2016-08-25,USW00053988,56,54.98,1.02,0.92,False
2016-08-25,USW00093915,147,102.98,44.02,5.22,True
2016-08-25,USW00093987,89,7.11,81.89,9.01,True
2016-08-26,US1LAAC0002,394,88.37,305.63,8.22,True
2016-08-26,US1LAAV0001,99,138.79,-39.79,-0.28,False
2016-08-26,US1LABG0002,0,84.34,-84.34,-1.37,False
2016-08-26,US1LACC0003,0,62.9,-62.9,-0.85,False
2016-08-26,US1LACC0006,36,51.12,-15.12,0.33,False
2016-08-26,US1LACC0009,33,60.53,-27.53,0.02,False
2016-08-26,US1LACC0014,18,55.41,-37.41,-0.22,False
2016-08-26,US1LACC0016,523,71.01,451.99,11.82,True
2016-08-26,US1LACC0017,0,45.55,-45.55,-0.42,False
2016-08-26,US1LACM0003,33,65.59,-32.59,-0.1,False
2016-08-26,US1LAEB0002,38,76.23,-38.23,-0.24,False
2016-08-26,US1LAEB0009,10,84.23,-74.23,-1.13,False
2016-08-26,US1LAEB0014,140,111.84,28.16,1.39,False
2016-08-26,US1LAEB0023,107,78.07,28.93,1.41,False
2016-08-26,US1LAEB0027,84,107.16,-23.16,0.13,False
2016-08-26,US1LAEB0033,74,72.97,1.03,0.72,False
2016-08-26,US1LAEB0041,86,77.07,8.93,0.92,False
2016-08-26,US1LAEB0042,71,89.95,-18.95,0.23,False
2016-08-26,US1LAEB0046,18,80.71,-62.71,-0.84,False
2016-08-26,US1LAEB0047,76,80.68,-4.68,0.58,False
2016-08-26,US1LAEB0053,102,84.96,17.04,1.12,False
2016-08-26,US1LAEB0054,333,96.62,236.38,6.51,True
2016-08-26,US1LAEB0056,5,72.73,-67.73,-0.97,False
2016-08-26,US1LAJD0002,23,65.52,-42.52,-0.35,False
2016-08-26,US1LALY0006,18,88.76,-70.76,-1.04,False
2016-08-26,US1LARP0007,363,76.29,286.71,7.75,True
2016-08-26,US1LASL0001,94,80.16,13.84,1.04,False
2016-08-26,US1LASM0002,8,55.32,-47.32,-0.46,False
2016-08-26,US1LAVM0002,51,123.56,-72.56,-1.09,False
2016-08-26,US1LAVM0004,23,56.94,-33.94,-0.14,False
2016-08-26,US1LAWB0002,38,81.15,-43.15,-0.36,False
2016-08-26,US1LAWF0004,0,81.93,-81.93,-1.32,False
2016-08-26,US1MSAD0001,61,74.22,-13.22,0.37,False
2016-08-26,US1MSAD0004,36,66.37,-30.37,-0.05,False
2016-08-26,US1TXAG0001,30,106.12,-76.12,-1.17,False
2016-08-26,US1TXAG0002,18,173.4,-155.4,-3.12,False
2016-08-26,US1TXAG0003,43,114.22,-71.22,-1.05,False
2016-08-26,US1TXAG0005,41,106.48,-65.48,-0.91,False
2016-08-26,US1TXAS0003,0,23.61,-23.61,0.12,False
2016-08-26,US1TXAS0004,0,21.41,-21.41,0.17,False
2016-08-26,US1TXAS0005,0,29.41,-29.41,-0.02,False
2016-08-26,US1TXAS0006,0,26.72,-26.72,0.04,False
2016-08-26,US1TXAS0007,0,25.62,-25.62,0.07,False
2016-08-26,US1TXAS0015,0,9.54,-9.54,0.47,False
2016-08-26,US1TXAS0017,0,43.72,-43.72,-0.38,False
2016-08-26,US1TXBRZ018,378,120.04,257.96,7.04,True
2016-08-26,US1TXBRZ020,0,59.24,-59.24,-0.76,False
2016-08-26,US1TXBRZ021,0,87.44,-87.44,-1.45,False
2016-08-26,US1TXBRZ025,18,101.35,-83.35,-1.35,False
2016-08-26,US1TXBRZ027,5,54.63,-49.63,-0.52,False
2016-08-26,US1TXBRZ032,5,62.49,-57.49,-0.71,False
2016-08-26,US1TXBZS040,0,4.83,-4.83,0.58,False
2016-08-26,US1TXBZS096,0,3.56,-3.56,0.61,False
2016-08-26,US1TXBZS097,0,3.72,-3.72,0.61,False
2016-08-26,US1TXBZS098,0,5.51,-5.51,0.56,False
2016-08-26,US1TXBZS099,0,4.54,-4.54,0.59,False
2016-08-26,US1TXBZS100,0,4.66,-4.66,0.59,False
2016-08-26,US1TXCHM008,30,88.08,-58.08,-0.73,False
2016-08-26,US1TXCLR006,0,21.25,-21.25,0.18,False
2016-08-26,US1TXFB0005,58,50.73,7.27,0.88,False
2016-08-26,US1TXFB0012,51,53.41,-2.41,0.64,False
2016-08-26,US1TXFB0017,0,36.75,-36.75,-0.2,False
2016-08-26,US1TXFB0018,0,36.32,-36.32,-0.19,False
2016-08-26,US1TXFB0022,0,54.16,-54.16,-0.63,False
2016-08-26,US1TXFB0032,0,42.75,-42.75,-0.35,False
2016-08-26,US1TXFB0040,0,55.76,-55.76,-0.67,False
2016-08-26,US1TXGM0007,0,4.99,-4.99,0.58,False
2016-08-26,US1TXGV0005,630,129.24,500.76,13.02,True
2016-08-26,US1TXGV0006,137,200.99,-63.99,-0.87,False
2016-08-26,US1TXGV0009,417,137.86,279.14,7.57,True
2016-08-26,US1TXGV0015,84,137.97,-53.97,-0.63,False
2016-08-26,US1TXGV0017,597,131.8,465.2,12.14,True
2016-08-26,US1TXGV0018,0,134.67,-134.67,-2.61,False
2016-08-26,US1TXGV0029,56,108.81,-52.81,-0.6,False
2016-08-26,US1TXGV0033,310,143.71,166.29,4.79,True
2016-08-26,US1TXGV0034,41,110.61,-69.61,-1.01,False
2016-08-26,US1TXGV0043,432,131.65,300.35,8.09,True
2016-08-26,US1TXGV0044,84,126.16,-42.16,-0.34,False
2016-08-26,US1TXGV0046,38,112.83,-74.83,-1.14,False
2016-08-26,US1TXGV0049,343,148.3,194.7,5.49,True
2016-08-26,US1TXGV0051,218,171.41,46.59,1.85,False
2016-08-26,US1TXGV0052,36,168.78,-132.78,-2.57,False
2016-08-26,US1TXGV0054,25,127.02,-102.02,-1.81,False
2016-08-26,US1TXHRN001,76,165.03,-89.03,-1.49,False
2016-08-26,US1TXHRN002,30,140.75,-110.75,-2.02,False
2016-08-26,US1TXHRN005,25,93.15,-68.15,-0.98,False
2016-08-26,US1TXHRR015,8,62.86,-54.86,-0.65,False
2016-08-26,US1TXHRR027,5,45.24,-40.24,-0.29,False
2016-08-26,US1TXHRR028,13,121.07,-108.07,-1.96,False
2016-08-26,US1TXHRR032,41,101.43,-60.43,-0.79,False
2016-08-26,US1TXHRR033,5,62.02,-57.02,-0.7,False
2016-08-26,US1TXHRR044,41,99.04,-58.04,-0.73,False
2016-08-26,US1TXHRR052,15,104.66,-89.66,-1.51,False
2016-08-26,US1TXHRR058,0,47.48,-47.48,-0.47,False
2016-08-26,US1TXHRR074,0,41.98,-41.98,-0.33,False
2016-08-26,US1TXHRR084,8,100.55,-92.55,-1.58,False
2016-08-26,US1TXHRR089,521,263.0,258.0,7.05,True
2016-08-26,US1TXHRR093,64,89.85,-25.85,0.06,False
2016-08-26,US1TXHRR095,8,104.44,-96.44,-1.67,False
2016-08-26,US1TXHRR117,0,34.42,-34.42,-0.15,False
2016-08-26,US1TXHRR124,15,51.0,-36.0,-0.19,False
2016-08-26,US1TXHRR139,8,86.9,-78.9,-1.24,False
2016-08-26,US1TXHRR150,5,57.81,-52.81,-0.6,False
2016-08-26,US1TXHRR162,10,68.89,-58.89,-0.75,False
2016-08-26,US1TXHRR164,0,44.31,-44.31,-0.39,False
2016-08-26,US1TXHRR165,196,111.84,84.16,2.77,False
2016-08-26,US1TXHRR168,53,125.23,-72.23,-1.08,False
2016-08-26,US1TXHRR170,577,242.12,334.88,8.94,True
2016-08-26,US1TXHRR176,124,73.58,50.42,1.94,False
2016-08-26,US1TXHRR203,0,57.28,-57.28,-0.71,False
2016-08-26,US1TXHRR209,231,101.98,129.02,3.87,True
2016-08-26,US1TXHRR217,5,114.48,-109.48,-1.99,False
2016-08-26,US1TXHRR222,0,49.06,-49.06,-0.51,False
2016-08-26,US1TXHRR225,10,38.87,-28.87,-0.01,False
2016-08-26,US1TXHRR228,0,46.62,-46.62,-0.45,False
2016-08-26,US1TXHRR232,457,74.69,382.31,10.1,True
2016-08-26,US1TXHST003,5,26.02,-21.02,0.18,False
2016-08-26,US1TXJJ0007,173,172.46,0.54,0.71,False
2016-08-26,US1TXJJ0009,224,159.44,64.56,2.29,False
2016-08-26,US1TXJJ0011,277,149.6,127.4,3.83,True
2016-08-26,US1TXJS0002,124,197.83,-73.83,-1.12,False
2016-08-26,US1TXJS0003,792,126.01,665.99,17.08,True
2016-08-26,US1TXLR0001,71,76.87,-5.87,0.56,False
2016-08-26,US1TXLR0005,0,43.22,-43.22,-0.36,False
2016-08-26,US1TXLR0010,122,68.85,53.15,2.01,False
2016-08-26,US1TXLR0013,76,76.92,-0.92,0.68,False
2016-08-26,US1TXLR0014,13,36.62,-23.62,0.12,False
2016-08-26,US1TXLR0015,10,54.28,-44.28,-0.39,False
2016-08-26,US1TXMNG004,5,16.74,-11.74,0.41,False
2016-08-26,US1TXMNG008,5,32.81,-27.81,0.02,False
2016-08-26,US1TXMNG014,0,15.91,-15.91,0.31,False
2016-08-26,US1TXMNG020,0,17.85,-17.85,0.26,False
2016-08-26,US1TXMNG021,0,11.61,-11.61,0.41,False
2016-08-26,US1TXMNG023,8,30.96,-22.96,0.13,False
2016-08-26,US1TXMNG026,5,31.37,-26.37,0.05,False
2016-08-26,US1TXMNG030,10,35.66,-25.66,0.07,False
2016-08-26,US1TXMNG031,0,28.02,-28.02,0.01,False
2016-08-26,US1TXMNG035,3,33.06,-30.06,-0.04,False
2016-08-26,US1TXMNG054,0,29.59,-29.59,-0.03,False
2016-08-26,US1TXMNG055,0,23.86,-23.86,0.11,False
2016-08-26,US1TXMNG058,15,35.37,-20.37,0.2,False
2016-08-26,US1TXMTG004,25,63.77,-38.77,-0.25,False
2016-08-26,US1TXNW0002,333,154.6,178.4,5.09,True
2016-08-26,US1TXOR0001,147,125.52,21.48,1.23,False
2016-08-26,US1TXPL0016,64,79.75,-15.75,0.31,False
2016-08-26,US1TXPL0024,0,68.43,-68.43,-0.98,False
2016-08-26,US1TXPL0027,0,47.82,-47.82,-0.48,False
2016-08-26,US1TXPL0032,188,57.22,130.78,3.92,True
2016-08-26,US1TXPL0035,48,50.08,-2.08,0.65,False
2016-08-26,US1TXSB0001,25,195.7,-170.7,-3.5,False
2016-08-26,US1TXSJ0011,0,38.25,-38.25,-0.24,False
2016-08-26,US1TXTR0008,257,121.03,135.97,4.04,True
2016-08-26,US1TXTT0003,0,30.8,-30.8,-0.06,False
2016-08-26,US1TXWA0003,0,14.38,-14.38,0.35,False
2016-08-26,US1TXWA0005,318,2.63,315.37,8.46,True
2016-08-26,US1TXWA0006,0,7.29,-7.29,0.52,False
2016-08-26,US1TXWA0009,0,7.36,-7.36,0.52,False
2016-08-26,US1TXWA0010,0,10.5,-10.5,0.44,False
2016-08-26,US1TXWA0012,0,13.43,-13.43,0.37,False
2016-08-26,US1TXWA0017,0,11.24,-11.24,0.42,False
2016-08-26,US1TXWH0001,0,36.28,-36.28,-0.19,False
2016-08-26,US1TXWH0002,10,61.02,-51.02,-0.56,False
2016-08-26,US1TXWH0004,0,24.85,-24.85,0.09,False
2016-08-26,US1TXWH0009,10,53.2,-43.2,-0.36,False
2016-08-26,US1TXWH0010,0,18.14,-18.14,0.25,False
2016-08-26,US1TXWH0011,0,30.07,-30.07,-0.04,False
2016-08-26,US1TXWH0015,36,48.19,-12.19,0.4,False
2016-08-26,US1TXWH0016,0,41.57,-41.57,-0.32,False
2016-08-26,US1TXWH0018,58,52.24,5.76,0.84,False
2016-08-26,US1TXWK0003,0,16.96,-16.96,0.28,False
2016-08-26,US1TXWK0005,0,13.73,-13.73,0.36,False
2016-08-26,US1TXWK0012,0,12.22,-12.22,0.4,False
2016-08-26,US1TXWK0013,0,13.06,-13.06,0.38,False
2016-08-26,US1TXWK0014,5,21.39,-16.39,0.3,False
2016-08-26,US1TXWK0018,0,12.01,-12.01,0.4,False
2016-08-26,US1TXWK0021,8,22.96,-14.96,0.33,False
2016-08-26,US1TXWL0009,0,38.13,-38.13,-0.24,False
2016-08-26,USC00160007,36,50.44,-14.44,0.34,False
2016-08-26,USC00160098,203,112.27,90.73,2.93,False
2016-08-26,USC00160103,0,187.1,-187.1,-3.9,True
2016-08-26,USC00160548,56,80.86,-24.86,0.09,False
2016-08-26,USC00160558,236,108.9,127.1,3.83,True
2016-08-26,USC00160565,25,80.14,-55.14,-0.66,False
2016-08-26,USC00160658,0,62.48,-62.48,-0.84,False
2016-08-26,USC00161232,5,103.28,-98.28,-1.72,False
2016-08-26,USC00161287,152,107.9,44.1,1.78,False
2016-08-26,USC00161565,0,82.53,-82.53,-1.33,False
2016-08-26,USC00162212,699,62.28,636.72,16.36,True
2016-08-26,USC00162367,10,108.61,-98.61,-1.73,False
2016-08-26,USC00162534,279,61.29,217.71,6.05,True
2016-08-26,USC00163313,0,75.88,-75.88,-1.17,False
2016-08-26,USC00163800,0,104.44,-104.44,-1.87,False
2016-08-26,USC00163979,0,84.87,-84.87,-1.39,False
2016-08-26,USC00164288,10,141.17,-131.17,-2.53,False
2016-08-26,USC00164674,13,67.02,-54.02,-0.63,False
2016-08-26,USC00164700,33,80.61,-47.61,-0.47,False
2016-08-26,USC00164739,127,98.11,28.89,1.41,False
2016-08-26,USC00164775,185,62.37,122.63,3.72,True
2016-08-26,USC00165065,132,66.01,65.99,2.32,False
2016-08-26,USC00165074,5,44.8,-39.8,-0.28,False
2016-08-26,USC00165076,0,49.93,-49.93,-0.53,False
2016-08-26,USC00165266,15,127.18,-112.18,-2.06,False
2016-08-26,USC00165296,56,77.21,-21.21,0.18,False
2016-08-26,USC00165620,36,80.92,-44.92,-0.41,False
2016-08-26,USC00165920,109,113.44,-4.44,0.59,False
2016-08-26,USC00166394,109,63.53,45.47,1.82,False
2016-08-26,USC00166431,0,53.02,-53.02,-0.6,False
2016-08-26,USC00166434,20,64.83,-44.83,-0.4,False
2016-08-26,USC00166561,8,87.71,-79.71,-1.26,False
2016-08-26,USC00166686,0,73.12,-73.12,-1.1,False
2016-08-26,USC00166808,23,82.04,-59.04,-0.75,False
2016-08-26,USC00166938,38,85.15,-47.15,-0.46,False
2016-08-26,USC00166968,0,52.81,-52.81,-0.6,False
2016-08-26,USC00166995,152,95.5,56.5,2.09,False
2016-08-26,USC00167366,140,71.07,68.93,2.4,False
2016-08-26,USC00167448,127,72.82,54.18,2.03,False
2016-08-26,USC00167732,290,101.7,188.3,5.33,True
2016-08-26,USC00167932,56,70.5,-14.5,0.34,False
2016-08-26,USC00168136,84,60.74,23.26,1.27,False
2016-08-26,USC00168181,5,28.16,-23.16,0.13,False
2016-08-26,USC00168831,0,66.26,-66.26,-0.93,False
2016-08-26,USC00169074,183,193.48,-10.48,0.44,False
2016-08-26,USC00223441,191,68.76,122.24,3.71,True
2016-08-26,USC00410235,183,113.51,69.49,2.41,False
2016-08-26,USC00410257,51,77.09,-26.09,0.06,False
2016-08-26,USC00410569,330,58.87,271.13,7.37,True
2016-08-26,USC00410586,36,80.12,-44.12,-0.39,False
2016-08-26,USC00410611,292,144.02,147.98,4.34,True
2016-08-26,USC00410613,97,140.73,-43.73,-0.38,False
2016-08-26,USC00410655,0,9.56,-9.56,0.46,False
2016-08-26,USC00411048,0,19.71,-19.71,0.21,False
2016-08-26,USC00411596,0,2.53,-2.53,0.64,False
2016-08-26,USC00411810,178,61.54,116.46,3.56,True
2016-08-26,USC00411956,0,26.31,-26.31,0.05,False
2016-08-26,USC00412114,0,26.99,-26.99,0.04,False
2016-08-26,USC00412206,0,36.71,-36.71,-0.2,False
2016-08-26,USC00412266,330,30.3,299.7,8.07,True
2016-08-26,USC00412676,0,32.73,-32.73,-0.11,False
2016-08-26,USC00412786,5,16.54,-11.54,0.42,False
2016-08-26,USC00413340,0,80.88,-80.88,-1.29,False
2016-08-26,USC00414325,30,91.72,-61.72,-0.82,False
2016-08-26,USC00414327,8,55.95,-47.95,-0.48,False
2016-08-26,USC00414333,203,160.49,42.51,1.75,False
2016-08-26,USC00414382,0,11.47,-11.47,0.42,False
2016-08-26,USC00414563,127,190.19,-63.19,-0.85,False
2016-08-26,USC00414704,0,46.06,-46.06,-0.43,False
2016-08-26,USC00414878,23,95.16,-72.16,-1.08,False
2016-08-26,USC00415196,13,81.18,-68.18,-0.98,False
2016-08-26,USC00415271,196,54.42,141.58,4.18,True
2016-08-26,USC00415427,84,86.88,-2.88,0.63,False
2016-08-26,USC00415435,394,115.79,278.21,7.54,True
2016-08-26,USC00415477,0,8.25,-8.25,0.5,False
2016-08-26,USC00415659,76,59.06,16.94,1.12,False
2016-08-26,USC00416024,0,11.8,-11.8,0.41,False
2016-08-26,USC00416280,15,62.94,-47.94,-0.48,False
2016-08-26,USC00416664,216,109.71,106.29,3.31,False
2016-08-26,USC00416680,66,129.6,-63.6,-0.86,False
2016-08-26,USC00417040,445,163.28,281.72,7.63,True
2016-08-26,USC00417172,0,125.03,-125.03,-2.38,False
2016-08-26,USC00417594,0,47.27,-47.27,-0.46,False
2016-08-26,USC00417936,249,178.15,70.85,2.44,False
2016-08-26,USC00418996,0,64.12,-64.12,-0.88,False
2016-08-26,USC00419101,333,174.0,159.0,4.61,True
2016-08-26,USC00419491,0,13.43,-13.43,0.37,False
2016-08-26,USC00419605,18,80.95,-62.95,-0.85,False
2016-08-26,USC00419655,0,33.96,-33.96,-0.14,False
2016-08-26,USW00003904,0,3.8,-3.8,0.61,False
2016-08-26,USW00003937,8,58.8,-50.8,-0.55,False
2016-08-26,USW00003949,0,99.8,-99.8,-1.76,False
2016-08-26,USW00012917,30,132.94,-102.94,-1.83,False
2016-08-26,USW00012918,18,94.69,-76.69,-1.19,False
2016-08-26,USW00012923,206,131.9,74.1,2.52,False
2016-08-26,USW00012935,5,68.11,-63.11,-0.85,False
2016-08-26,USW00012953,414,47.0,367.0,9.73,True
2016-08-26,USW00012960,188,56.1,131.9,3.94,True
2016-08-26,USW00012968,0,48.54,-48.54,-0.49,False
2016-08-26,USW00012975,8,153.94,-145.94,-2.89,False
2016-08-26,USW00012976,51,75.67,-24.67,0.09,False
2016-08-26,USW00012977,10,53.42,-43.42,-0.37,False
2016-08-26,USW00012981,3,93.54,-90.54,-1.53,False
2016-08-26,USW00013935,0,126.13,-126.13,-2.4,False
2016-08-26,USW00013970,0,83.29,-83.29,-1.35,False
2016-08-26,USW00013976,0,77.78,-77.78,-1.21,False
2016-08-26,USW00053902,53,30.3,22.7,1.26,False
2016-08-26,USW00053903,8,10.87,-2.87,0.63,False
2016-08-26,USW00053910,5,40.01,-35.01,-0.16,False
2016-08-26,USW00053915,0,57.94,-57.94,-0.73,False
2016-08-26,USW00053928,0,13.57,-13.57,0.37,False
2016-08-26,USW00053960,0,31.04,-31.04,-0.06,False
2016-08-26,USW00053988,0,86.67,-86.67,-1.43,False
2016-08-26,USW00093915,0,136.91,-136.91,-2.67,False
2016-08-26,USW00093987,406,67.98,338.02,9.01,True
2016-08-27,US1LAAC0002,3,29.95,-26.95,0.02,False
2016-08-27,US1LAAV0001,0,26.39,-26.39,0.04,False
2016-08-27,US1LABG0002,13,41.62,-28.62,-0.04,False
2016-08-27,US1LACC0003,13,35.18,-22.18,0.2,False
2016-08-27,US1LACC0006,8,44.98,-36.98,-0.34,False
2016-08-27,US1LACC0009,8,41.23,-33.23,-0.21,False
2016-08-27,US1LACC0014,20,72.79,-52.79,-0.92,False
2016-08-27,US1LACC0016,10,61.06,-51.06,-0.86,False
2016-08-27,US1LACC0017,15,42.92,-27.92,-0.01,False
2016-08-27,US1LACM0003,23,63.98,-40.98,-0.49,False
2016-08-27,US1LAEB0002,0,22.37,-22.37,0.19,False
2016-08-27,US1LAEB0009,0,45.35,-45.35,-0.65,False
2016-08-27,US1LAEB0014,0,22.17,-22.17,0.2,False
2016-08-27,US1LAEB0023,0,44.63,-44.63,-0.62,False
2016-08-27,US1LAEB0027,0,24.41,-24.41,0.12,False
2016-08-27,US1LAEB0033,0,24.48,-24.48,0.11,False
2016-08-27,US1LAEB0041,41,30.37,10.63,1.39,False
2016-08-27,US1LAEB0042,0,30.54,-30.54,-0.11,False
2016-08-27,US1LAEB0046,0,25.29,-25.29,0.08,False
2016-08-27,US1LAEB0047,48,28.04,19.96,1.74,False
2016-08-27,US1LAEB0056,0,58.78,-58.78,-1.14,False
2016-08-27,US1LAJD0002,0,29.2,-29.2,-0.06,False
2016-08-27,US1LARP0007,0,133.86,-133.86,-3.88,True
2016-08-27,US1LASL0001,0,24.6,-24.6,0.11,False
2016-08-27,US1LASM0002,0,32.39,-32.39,-0.18,False
2016-08-27,US1LAVM0002,0,11.72,-11.72,0.58,False
2016-08-27,US1LAVM0004,0,9.42,-9.42,0.66,False
2016-08-27,US1LAWF0004,373,32.89,340.11,13.42,True
2016-08-27,US1TXAG0001,114,163.54,-49.54,-0.8,False
2016-08-27,US1TXAG0002,18,143.42,-125.42,-3.57,True
2016-08-27,US1TXAG0003,254,148.96,105.04,4.84,True
2016-08-27,US1TXAG0005,221,163.78,57.22,3.1,False
2016-08-27,US1TXAS0003,84,39.65,44.35,2.63,False
2016-08-27,US1TXAS0004,0,34.3,-34.3,-0.25,False
2016-08-27,US1TXAS0005,0,33.09,-33.09,-0.2,False
2016-08-27,US1TXAS0006,0,31.65,-31.65,-0.15,False
2016-08-27,US1TXAS0007,0,29.37,-29.37,-0.07,False
2016-08-27,US1TXAS0008,124,25.7,98.3,4.6,True
2016-08-27,US1TXAS0012,69,43.88,25.12,1.92,False
2016-08-27,US1TXAS0014,0,36.52,-36.52,-0.33,False
2016-08-27,US1TXAS0015,0,15.89,-15.89,0.43,False
2016-08-27,US1TXAS0017,10,45.08,-35.08,-0.27,False
2016-08-27,US1TXBRZ018,99,47.72,51.28,2.88,False
2016-08-27,US1TXBRZ020,51,73.56,-22.56,0.18,False
2016-08-27,US1TXBRZ021,0,45.53,-45.53,-0.66,False
2016-08-27,US1TXBRZ025,254,40.81,213.19,8.79,True
2016-08-27,US1TXBRZ027,117,62.91,54.09,2.98,False
2016-08-27,US1TXBRZ032,168,53.25,114.75,5.2,True
2016-08-27,US1TXBZS040,8,40.41,-32.41,-0.18,False
2016-08-27,US1TXBZS096,0,24.6,-24.6,0.11,False
2016-08-27,US1TXBZS097,0,26.63,-26.63,0.03,False
2016-08-27,US1TXBZS098,0,40.33,-40.33,-0.47,False
2016-08-27,US1TXBZS099,0,22.9,-22.9,0.17,False
2016-08-27,US1TXBZS100,0,24.55,-24.55,0.11,False
2016-08-27,US1TXCLR003,33,37.42,-4.42,0.85,False
2016-08-27,US1TXCLR006,46,31.89,14.11,1.52,False
2016-08-27,US1TXFB0005,0,21.44,-21.44,0.22,False
2016-08-27,US1TXFB0012,0,21.47,-21.47,0.22,False
2016-08-27,US1TXFB0017,33,32.16,0.84,1.04,False
2016-08-27,US1TXFB0018,23,35.14,-12.14,0.56,False
2016-08-27,US1TXFB0022,5,41.81,-36.81,-0.34,False
2016-08-27,US1TXFB0032,196,35.95,160.05,6.85,True
2016-08-27,US1TXFB0040,0,35.13,-35.13,-0.28,False
2016-08-27,US1TXFB0042,114,30.84,83.16,4.04,True
2016-08-27,US1TXGM0007,33,45.65,-12.65,0.55,False
2016-08-27,US1TXGV0005,274,34.99,239.01,9.73,True
2016-08-27,US1TXGV0018,10,42.05,-32.05,-0.16,False
2016-08-27,US1TXGV0029,5,30.17,-25.17,0.09,False
2016-08-27,US1TXGV0034,0,35.93,-35.93,-0.3,False
2016-08-27,US1TXGV0043,0,54.91,-54.91,-1.0,False
2016-08-27,US1TXGV0044,0,35.4,-35.4,-0.29,False
2016-08-27,US1TXGV0046,0,31.45,-31.45,-0.14,False
2016-08-27,US1TXGV0049,3,33.29,-30.29,-0.1,False
2016-08-27,US1TXGV0051,8,34.71,-26.71,0.03,False
2016-08-27,US1TXGV0052,13,53.23,-40.23,-0.46,False
2016-08-27,US1TXGV0054,76,30.24,45.76,2.68,False
2016-08-27,US1TXHRN001,8,85.33,-77.33,-1.82,False
2016-08-27,US1TXHRN002,69,89.45,-20.45,0.26,False
2016-08-27,US1TXHRN005,18,81.41,-63.41,-1.31,False
2016-08-27,US1TXHRR015,58,53.32,4.68,1.18,False
2016-08-27,US1TXHRR027,0,29.74,-29.74,-0.08,False
2016-08-27,US1TXHRR028,5,37.31,-32.31,-0.17,False
2016-08-27,US1TXHRR031,5,42.55,-37.55,-0.36,False
2016-08-27,US1TXHRR032,30,52.86,-22.86,0.17,False
2016-08-27,US1TXHRR033,66,55.44,10.56,1.39,False
2016-08-27,US1TXHRR044,8,49.24,-41.24,-0.5,False
2016-08-27,US1TXHRR058,8,27.59,-19.59,0.29,False
2016-08-27,US1TXHRR074,66,37.3,28.7,2.05,False
2016-08-27,US1TXHRR084,328,39.21,288.79,11.55,True
2016-08-27,US1TXHRR093,48,57.25,-9.25,0.67,False
2016-08-27,US1TXHRR117,46,55.1,-9.1,0.67,False
2016-08-27,US1TXHRR124,61,49.53,11.47,1.43,False
2016-08-27,US1TXHRR139,244,44.36,199.64,8.29,True
2016-08-27,US1TXHRR150,43,56.5,-13.5,0.51,False
2016-08-27,US1TXHRR162,0,38.31,-38.31,-0.39,False
2016-08-27,US1TXHRR164,0,42.46,-42.46,-0.54,False
2016-08-27,US1TXHRR165,124,48.44,75.56,3.77,True
2016-08-27,US1TXHRR168,36,50.13,-14.13,0.49,False
2016-08-27,US1TXHRR170,0,44.23,-44.23,-0.61,False
2016-08-27,US1TXHRR176,0,41.22,-41.22,-0.5,False
2016-08-27,US1TXHRR203,0,32.87,-32.87,-0.19,False
2016-08-27,US1TXHRR209,86,56.67,29.33,2.08,False
2016-08-27,US1TXHRR217,0,39.37,-39.37,-0.43,False
2016-08-27,US1TXHRR222,0,36.38,-36.38,-0.32,False
2016-08-27,US1TXHRR228,0,36.64,-36.64,-0.33,False
2016-08-27,US1TXHRR232,3,44.68,-41.68,-0.51,False
2016-08-27,US1TXHST003,23,121.48,-98.48,-2.59,False
2016-08-27,US1TXJJ0009,23,87.85,-64.85,-1.36,False
2016-08-27,US1TXJJ0010,0,199.72,-199.72,-6.28,True
2016-08-27,US1TXJJ0011,20,95.64,-75.64,-1.75,False
2016-08-27,US1TXJS0002,234,97.5,136.5,5.99,True
2016-08-27,US1TXJS0003,157,82.99,74.01,3.71,True
2016-08-27,US1TXLR0005,5,29.15,-24.15,0.13,False
2016-08-27,US1TXLR0010,15,60.37,-45.37,-0.65,False
2016-08-27,US1TXLR0013,15,60.64,-45.64,-0.66,False
2016-08-27,US1TXLR0014,5,28.58,-23.58,0.15,False
2016-08-27,US1TXLR0015,13,37.78,-24.78,0.1,False
2016-08-27,US1TXMNG004,30,63.67,-33.67,-0.22,False
2016-08-27,US1TXMNG008,69,69.9,-0.9,0.97,False
2016-08-27,US1TXMNG014,53,62.35,-9.35,0.67,False
2016-08-27,US1TXMNG020,97,59.86,37.14,2.36,False
2016-08-27,US1TXMNG021,51,61.79,-10.79,0.61,False
2016-08-27,US1TXMNG023,33,65.07,-32.07,-0.16,False
2016-08-27,US1TXMNG026,71,64.49,6.51,1.24,False
2016-08-27,US1TXMNG030,315,70.65,244.35,9.93,True
2016-08-27,US1TXMNG031,99,59.34,39.66,2.45,False
2016-08-27,US1TXMNG035,58,54.85,3.15,1.12,False
2016-08-27,US1TXMNG036,48,60.31,-12.31,0.56,False
2016-08-27,US1TXMNG051,91,50.53,40.47,2.48,False
2016-08-27,US1TXMNG054,41,61.3,-20.3,0.27,False
2016-08-27,US1TXMNG055,0,57.87,-57.87,-1.11,False
2016-08-27,US1TXMNG058,157,101.24,55.76,3.04,False
2016-08-27,US1TXMTG004,0,55.03,-55.03,-1.0,False
2016-08-27,US1TXNW0002,0,65.28,-65.28,-1.38,False
2016-08-27,US1TXOR0001,69,97.34,-28.34,-0.03,False
2016-08-27,US1TXPL0003,211,181.65,29.35,2.08,False
2016-08-27,US1TXPL0018,328,118.37,209.63,8.66,True
2016-08-27,US1TXPL0024,0,128.25,-128.25,-3.68,True
2016-08-27,US1TXPL0027,269,161.52,107.48,4.93,True
2016-08-27,US1TXPL0028,152,150.1,1.9,1.08,False
2016-08-27,US1TXPL0032,203,140.74,62.26,3.28,False
2016-08-27,US1TXPL0035,406,138.46,267.54,10.77,True
2016-08-27,US1TXSB0001,203,59.07,143.93,6.26,True
2016-08-27,US1TXSJ0011,51,128.91,-77.91,-1.84,False
2016-08-27,US1TXTR0003,226,111.05,114.95,5.2,True
2016-08-27,US1TXTR0009,234,122.0,112.0,5.1,True
2016-08-27,US1TXTT0003,643,108.1,534.9,20.53,True
2016-08-27,US1TXWA0003,0,31.96,-31.96,-0.16,False
2016-08-27,US1TXWA0005,5,35.5,-30.5,-0.11,False
2016-08-27,US1TXWA0006,0,12.81,-12.81,0.54,False
2016-08-27,US1TXWA0009,0,12.92,-12.92,0.54,False
2016-08-27,US1TXWA0010,0,18.62,-18.62,0.33,False
2016-08-27,US1TXWA0012,0,29.76,-29.76,-0.08,False
2016-08-27,US1TXWA0017,5,29.13,-24.13,0.13,False
2016-08-27,US1TXWH0001,25,36.22,-11.22,0.6,False
2016-08-27,US1TXWH0002,366,42.84,323.16,12.8,True
2016-08-27,US1TXWH0004,25,47.21,-22.21,0.2,False
2016-08-27,US1TXWH0009,13,48.22,-35.22,-0.28,False
2016-08-27,US1TXWH0010,20,38.86,-18.86,0.32,False
2016-08-27,US1TXWH0011,25,48.85,-23.85,0.14,False
2016-08-27,US1TXWH0015,135,41.59,93.41,4.42,True
2016-08-27,US1TXWH0016,36,35.64,0.36,1.02,False
2016-08-27,US1TXWH0018,157,41.51,115.49,5.22,True
2016-08-27,US1TXWK0003,323,67.33,255.67,10.34,True
2016-08-27,US1TXWK0005,18,76.82,-58.82,-1.14,False
2016-08-27,US1TXWK0007,401,71.99,329.01,13.02,True
2016-08-27,US1TXWK0012,15,72.12,-57.12,-1.08,False
2016-08-27,US1TXWK0013,28,78.55,-50.55,-0.84,False
2016-08-27,US1TXWK0014,229,105.03,123.97,5.53,True
2016-08-27,US1TXWK0015,43,97.81,-54.81,-0.99,False
2016-08-27,US1TXWK0018,25,62.91,-37.91,-0.38,False
2016-08-27,US1TXWK0020,58,68.29,-10.29,0.63,False
2016-08-27,US1TXWK0021,124,124.31,-0.31,1.0,False
2016-08-27,USC00160007,0,9.15,-9.15,0.67,False
2016-08-27,USC00160098,0,118.99,-118.99,-3.34,False
2016-08-27,USC00160103,279,46.4,232.6,9.5,True
2016-08-27,USC00160548,0,24.52,-24.52,0.11,False
2016-08-27,USC00160558,0,25.07,-25.07,0.09,False
2016-08-27,USC00160565,0,35.32,-35.32,-0.28,False
2016-08-27,USC00160617,28,41.39,-13.39,0.52,False
2016-08-27,USC00160658,0,49.54,-49.54,-0.8,False
2016-08-27,USC00161232,206,83.01,122.99,5.5,True
2016-08-27,USC00161287,0,26.63,-26.63,0.03,False
2016-08-27,USC00161565,211,23.42,187.58,7.85,True
2016-08-27,USC00162212,0,23.11,-23.11,0.16,False
2016-08-27,USC00162367,10,58.44,-48.44,-0.76,False
2016-08-27,USC00162534,0,41.57,-41.57,-0.51,False
2016-08-27,USC00163313,38,20.77,17.23,1.64,False
2016-08-27,USC00163800,3,22.74,-19.74,0.29,False
2016-08-27,USC00163979,0,70.2,-70.2,-1.56,False
2016-08-27,USC00164288,0,69.65,-69.65,-1.54,False
2016-08-27,USC00164674,0,26.42,-26.42,0.04,False
2016-08-27,USC00164700,13,24.55,-11.55,0.59,False
2016-08-27,USC00164739,0,80.7,-80.7,-1.94,False
2016-08-27,USC00164775,0,11.85,-11.85,0.57,False
2016-08-27,USC00165065,0,27.22,-27.22,0.01,False
2016-08-27,USC00165074,13,43.97,-30.97,-0.12,False
2016-08-27,USC00165076,0,48.48,-48.48,-0.76,False
2016-08-27,USC00165266,0,65.41,-65.41,-1.38,False
2016-08-27,USC00165296,0,11.42,-11.42,0.59,False
2016-08-27,USC00165620,0,29.84,-29.84,-0.08,False
2016-08-27,USC00166394,0,27.73,-27.73,-0.01,False
2016-08-27,USC00166431,18,59.02,-41.02,-0.49,False
2016-08-27,USC00166434,229,33.82,195.18,8.13,True
2016-08-27,USC00166561,0,31.86,-31.86,-0.16,False
2016-08-27,USC00166686,191,39.47,151.53,6.54,True
2016-08-27,USC00166808,0,60.09,-60.09,-1.19,False
2016-08-27,USC00166938,160,34.41,125.59,5.59,True
2016-08-27,USC00166995,0,29.32,-29.32,-0.06,False
2016-08-27,USC00167366,0,33.05,-33.05,-0.2,False
2016-08-27,USC00167448,0,33.47,-33.47,-0.22,False
2016-08-27,USC00167729,0,64.42,-64.42,-1.35,False
2016-08-27,USC00167732,0,81.29,-81.29,-1.96,False
2016-08-27,USC00167932,0,29.01,-29.01,-0.05,False
2016-08-27,USC00168136,0,82.96,-82.96,-2.02,False
2016-08-27,USC00168181,0,51.27,-51.27,-0.86,False
2016-08-27,USC00168831,13,44.31,-31.31,-0.14,False
2016-08-27,USC00169074,8,59.71,-51.71,-0.88,False
2016-08-27,USC00223441,0,50.95,-50.95,-0.85,False
2016-08-27,USC00410235,13,56.63,-43.63,-0.59,False
2016-08-27,USC00410569,64,45.34,18.66,1.69,False
2016-08-27,USC00410586,0,54.85,-54.85,-1.0,False
2016-08-27,USC00410611,13,95.28,-82.28,-2.0,False
2016-08-27,USC00410613,234,72.4,161.6,6.91,True
2016-08-27,USC00410655,0,16.47,-16.47,0.41,False
2016-08-27,USC00411048,0,28.5,-28.5,-0.03,False
2016-08-27,USC00411596,25,100.56,-75.56,-1.75,False
2016-08-27,USC00411810,13,71.2,-58.2,-1.12,False
2016-08-27,USC00411956,61,64.69,-3.69,0.87,False
2016-08-27,USC00412114,38,116.46,-78.46,-1.86,False
2016-08-27,USC00412206,3,45.83,-42.83,-0.56,False
2016-08-27,USC00412266,150,73.55,76.45,3.8,True
2016-08-27,USC00412786,20,38.86,-18.86,0.32,False
2016-08-27,USC00413340,0,58.96,-58.96,-1.15,False
2016-08-27,USC00414325,0,40.98,-40.98,-0.49,False
2016-08-27,USC00414327,0,38.26,-38.26,-0.39,False
2016-08-27,USC00414333,0,38.75,-38.75,-0.41,False
2016-08-27,USC00414382,18,65.44,-47.44,-0.73,False
2016-08-27,USC00414563,25,112.15,-87.15,-2.17,False
2016-08-27,USC00414704,0,39.84,-39.84,-0.45,False
2016-08-27,USC00414878,38,75.28,-37.28,-0.35,False
2016-08-27,USC00415196,10,57.76,-47.76,-0.74,False
2016-08-27,USC00415427,152,187.46,-35.46,-0.29,False
2016-08-27,USC00415435,13,82.77,-69.77,-1.54,False
2016-08-27,USC00415477,15,89.77,-74.77,-1.72,False
2016-08-27,USC00415659,0,51.64,-51.64,-0.88,False
2016-08-27,USC00416024,64,58.11,5.89,1.22,False
2016-08-27,USC00416280,41,61.29,-20.29,0.27,False
2016-08-27,USC00416664,0,85.21,-85.21,-2.1,False
2016-08-27,USC00416680,25,80.91,-55.91,-1.03,False
2016-08-27,USC00417040,0,110.91,-110.91,-3.04,False
2016-08-27,USC00417172,422,113.22,308.78,12.28,True
2016-08-27,USC00417594,0,41.8,-41.8,-0.52,False
2016-08-27,USC00417936,157,102.23,54.77,3.01,False
2016-08-27,USC00418311,279,71.88,207.12,8.57,True
2016-08-27,USC00418996,0,40.23,-40.23,-0.46,False
2016-08-27,USC00419101,53,125.06,-72.06,-1.62,False
2016-08-27,USC00419491,0,31.09,-31.09,-0.13,False
2016-08-27,USC00419605,3,44.39,-41.39,-0.5,False
2016-08-27,USC00419655,13,39.88,-26.88,0.03,False
2016-08-27,USC00419898,97,129.59,-32.59,-0.18,False
2016-08-27,USW00003904,0,20.94,-20.94,0.24,False
2016-08-27,USW00003937,259,33.66,225.34,9.23,True
2016-08-27,USW00003949,15,63.5,-48.5,-0.76,False
2016-08-27,USW00012917,579,87.68,491.32,18.94,True
2016-08-27,USW00012918,0,52.75,-52.75,-0.92,False
2016-08-27,USW00012923,23,34.74,-11.74,0.58,False
2016-08-27,USW00012935,0,54.93,-54.93,-1.0,False
2016-08-27,USW00012953,0,47.07,-47.07,-0.71,False
2016-08-27,USW00012960,0,52.66,-52.66,-0.92,False
2016-08-27,USW00012968,0,23.93,-23.93,0.13,False
2016-08-27,USW00012975,0,56.23,-56.23,-1.05,False
2016-08-27,USW00012976,0,49.43,-49.43,-0.8,False
2016-08-27,USW00012977,0,30.26,-30.26,-0.1,False
2016-08-27,USW00012981,3,47.29,-44.29,-0.61,False
2016-08-27,USW00013935,76,78.43,-2.43,0.92,False
2016-08-27,USW00013970,325,19.47,305.53,12.16,True
2016-08-27,USW00013976,81,24.52,56.48,3.07,False
2016-08-27,USW00053902,3,66.8,-63.8,-1.32,False
2016-08-27,USW00053903,18,71.88,-53.88,-0.96,False
2016-08-27,USW00053910,0,55.68,-55.68,-1.03,False
2016-08-27,USW00053915,61,22.52,38.48,2.41,False
2016-08-27,USW00053928,0,27.58,-27.58,0.0,False
2016-08-27,USW00053960,74,10.35,63.65,3.33,False
2016-08-27,USW00053988,0,55.61,-55.61,-1.02,False
2016-08-27,USW00093915,312,64.06,247.94,10.06,True
2016-08-27,USW00093987,51,168.37,-117.37,-3.28,False
2016-08-28,US1LAAC0002,0,102.85,-102.85,-3.19,False
2016-08-28,US1LABG0002,213,224.7,-11.7,0.2,False
2016-08-28,US1LACC0003,351,214.93,136.07,5.69,True
2016-08-28,US1LACC0006,86,185.87,-99.87,-3.08,False
2016-08-28,US1LACC0009,333,227.69,105.31,4.55,True
2016-08-28,US1LACC0014,165,238.14,-73.14,-2.08,False
2016-08-28,US1LACC0016,89,206.39,-117.39,-3.73,True
2016-08-28,US1LACC0017,371,233.57,137.43,5.74,True
2016-08-28,US1LACM0003,213,216.96,-3.96,0.49,False
2016-08-28,US1LAEB0002,99,136.66,-37.66,-0.77,False
2016-08-28,US1LAEB0009,84,153.7,-69.7,-1.96,False
2016-08-28,US1LAEB0014,351,147.33,203.67,8.2,True
2016-08-28,US1LAEB0023,224,139.15,84.85,3.79,True
2016-08-28,US1LAEB0027,198,174.21,23.79,1.52,False
2016-08-28,US1LAEB0033,130,136.61,-6.61,0.39,False
2016-08-28,US1LAEB0041,102,131.39,-29.39,-0.46,False
2016-08-28,US1LAEB0042,71,148.05,-77.05,-2.23,False
2016-08-28,US1LAEB0046,124,136.95,-12.95,0.15,False
2016-08-28,US1LAEB0047,109,129.87,-20.87,-0.14,False
2016-08-28,US1LAEB0054,191,160.8,30.2,1.76,False
2016-08-28,US1LAEB0056,155,127.15,27.85,1.67,False
2016-08-28,US1LAJD0002,523,166.51,356.49,13.88,True
2016-08-28,US1LALY0006,132,67.31,64.69,3.04,False
2016-08-28,US1LALY0007,15,81.09,-66.09,-1.82,False
2016-08-28,US1LARP0007,351,85.85,265.15,10.49,True
2016-08-28,US1LASL0001,8,76.79,-68.79,-1.92,False
2016-08-28,US1LASM0002,51,71.43,-20.43,-0.12,False
2016-08-28,US1LAVM0002,46,67.92,-21.92,-0.18,False
2016-08-28,US1LAVM0004,15,40.58,-25.58,-0.32,False
2016-08-28,US1LAWF0004,56,127.82,-71.82,-2.03,False
2016-08-28,US1MSAD0001,30,66.89,-36.89,-0.74,False
2016-08-28,US1MSAD0004,0,59.59,-59.59,-1.58,False
2016-08-28,US1TXAG0001,0,60.08,-60.08,-1.6,False
2016-08-28,US1TXAG0002,20,89.57,-69.57,-1.95,False
2016-08-28,US1TXAG0003,3,61.94,-58.94,-1.56,False
2016-08-28,US1TXAG0005,0,60.34,-60.34,-1.61,False
2016-08-28,US1TXAS0003,8,12.44,-4.44,0.47,False
2016-08-28,US1TXAS0004,0,12.42,-12.42,0.17,False
2016-08-28,US1TXAS0005,0,18.25,-18.25,-0.04,False
2016-08-28,US1TXAS0006,0,17.98,-17.98,-0.03,False
2016-08-28,US1TXAS0007,0,15.12,-15.12,0.07,False
2016-08-28,US1TXAS0014,0,16.77,-16.77,0.01,False
2016-08-28,US1TXAS0015,0,6.09,-6.09,0.41,False
2016-08-28,US1TXAS0017,81,26.67,54.33,2.65,False
2016-08-28,US1TXBRZ018,10,33.23,-23.23,-0.23,False
2016-08-28,US1TXBRZ020,18,87.19,-69.19,-1.94,False
2016-08-28,US1TXBRZ021,272,69.39,202.61,8.16,True
2016-08-28,US1TXBRZ025,0,29.89,-29.89,-0.48,False
2016-08-28,US1TXBRZ027,25,94.04,-69.04,-1.93,False
2016-08-28,US1TXBRZ032,257,58.5,198.5,8.01,True
2016-08-28,US1TXBZS040,0,15.59,-15.59,0.06,False
2016-08-28,US1TXBZS088,0,16.57,-16.57,0.02,False
2016-08-28,US1TXBZS096,94,15.37,78.63,3.56,True
2016-08-28,US1TXBZS097,0,33.18,-33.18,-0.6,False
2016-08-28,US1TXBZS098,0,15.31,-15.31,0.07,False
2016-08-28,US1TXBZS099,0,24.04,-24.04,-0.26,False
2016-08-28,US1TXBZS100,0,27.23,-27.23,-0.38,False
2016-08-28,US1TXCLR006,0,16.6,-16.6,0.02,False
2016-08-28,US1TXFB0005,0,21.21,-21.21,-0.15,False
2016-08-28,US1TXFB0012,0,21.14,-21.14,-0.15,False
2016-08-28,US1TXFB0018,0,25.75,-25.75,-0.32,False
2016-08-28,US1TXFB0022,8,27.09,-19.09,-0.07,False
2016-08-28,US1TXFB0032,25,25.58,-0.58,0.61,False
2016-08-28,US1TXFB0040,13,26.36,-13.36,0.14,False
2016-08-28,US1TXFB0042,13,24.72,-11.72,0.2,False
2016-08-28,US1TXFB0043,0,32.06,-32.06,-0.56,False
2016-08-28,US1TXGM0007,0,15.01,-15.01,0.08,False
2016-08-28,US1TXGV0005,8,24.87,-16.87,0.01,False
2016-08-28,US1TXGV0006,102,34.75,67.25,3.13,False
2016-08-28,US1TXGV0015,8,24.32,-16.32,0.03,False
2016-08-28,US1TXGV0017,25,35.46,-10.46,0.25,False
2016-08-28,US1TXGV0018,30,42.34,-12.34,0.18,False
2016-08-28,US1TXGV0029,8,24.41,-16.41,0.03,False
2016-08-28,US1TXGV0033,5,31.61,-26.61,-0.35,False
2016-08-28,US1TXGV0034,10,25.15,-15.15,0.07,False
2016-08-28,US1TXGV0044,8,29.09,-21.09,-0.15,False
2016-08-28,US1TXGV0046,8,23.94,-15.94,0.04,False
2016-08-28,US1TXGV0051,20,39.51,-19.51,-0.09,False
2016-08-28,US1TXGV0052,0,25.65,-25.65,-0.32,False
2016-08-28,US1TXGV0054,28,41.63,-13.63,0.13,False
2016-08-28,US1TXHRN002,140,125.72,14.28,1.17,False
2016-08-28,US1TXHRN005,61,98.57,-37.57,-0.76,False
2016-08-28,US1TXHRN006,51,103.58,-52.58,-1.32,False
2016-08-28,US1TXHRR015,84,42.43,41.57,2.18,False
2016-08-28,US1TXHRR027,0,16.9,-16.9,0.01,False
2016-08-28,US1TXHRR028,10,24.16,-14.16,0.11,False
2016-08-28,US1TXHRR031,3,21.51,-18.51,-0.05,False
2016-08-28,US1TXHRR032,5,31.64,-26.64,-0.36,False
2016-08-28,US1TXHRR033,343,33.51,309.49,12.14,True
2016-08-28,US1TXHRR043,56,17.0,39.0,2.08,False
2016-08-28,US1TXHRR044,8,31.02,-23.02,-0.22,False
2016-08-28,US1TXHRR058,0,16.55,-16.55,0.02,False
2016-08-28,US1TXHRR074,0,20.84,-20.84,-0.14,False
2016-08-28,US1TXHRR084,5,28.49,-23.49,-0.24,False
2016-08-28,US1TXHRR089,3,16.78,-13.78,0.12,False
2016-08-28,US1TXHRR093,8,29.97,-21.97,-0.18,False
2016-08-28,US1TXHRR114,0,18.54,-18.54,-0.05,False
2016-08-28,US1TXHRR117,0,22.25,-22.25,-0.19,False
2016-08-28,US1TXHRR124,0,25.68,-25.68,-0.32,False
2016-08-28,US1TXHRR139,5,30.75,-25.75,-0.32,False
2016-08-28,US1TXHRR150,74,53.14,20.86,1.41,False
2016-08-28,US1TXHRR162,3,24.32,-21.32,-0.16,False
2016-08-28,US1TXHRR164,0,20.27,-20.27,-0.12,False
2016-08-28,US1TXHRR165,5,21.22,-16.22,0.03,False
2016-08-28,US1TXHRR168,43,24.14,18.86,1.34,False
2016-08-28,US1TXHRR170,3,16.6,-13.6,0.13,False
2016-08-28,US1TXHRR176,0,22.32,-22.32,-0.19,False
2016-08-28,US1TXHRR203,0,19.3,-19.3,-0.08,False
2016-08-28,US1TXHRR209,5,21.28,-16.28,0.03,False
2016-08-28,US1TXHRR222,0,22.25,-22.25,-0.19,False
2016-08-28,US1TXHRR228,3,21.39,-18.39,-0.05,False
2016-08-28,US1TXHRR232,5,23.74,-18.74,-0.06,False
2016-08-28,US1TXHST003,10,31.76,-21.76,-0.17,False
2016-08-28,US1TXJJ0009,208,165.78,42.22,2.2,False
2016-08-28,US1TXJJ0011,239,166.1,72.9,3.34,False
2016-08-28,US1TXJS0002,56,108.82,-52.82,-1.33,False
2016-08-28,US1TXJS0003,221,165.2,55.8,2.71,False
2016-08-28,US1TXLR0001,10,36.66,-26.66,-0.36,False
2016-08-28,US1TXLR0005,58,30.37,27.63,1.66,False
2016-08-28,US1TXLR0013,25,36.21,-11.21,0.22,False
2016-08-28,US1TXLR0014,20,46.48,-26.48,-0.35,False
2016-08-28,US1TXLR0015,13,42.69,-29.69,-0.47,False
2016-08-28,US1TXMDS002,10,18.9,-8.9,0.3,False
2016-08-28,US1TXMNG004,3,20.3,-17.3,-0.01,False
2016-08-28,US1TXMNG008,0,19.4,-19.4,-0.09,False
2016-08-28,US1TXMNG014,30,16.17,13.83,1.15,False
2016-08-28,US1TXMNG020,0,19.58,-19.58,-0.09,False
2016-08-28,US1TXMNG021,5,13.46,-8.46,0.32,False
2016-08-28,US1TXMNG023,0,19.29,-19.29,-0.08,False
2016-08-28,US1TXMNG026,5,17.92,-12.92,0.15,False
2016-08-28,US1TXMNG030,0,21.15,-21.15,-0.15,False
2016-08-28,US1TXMNG031,0,19.31,-19.31,-0.08,False
2016-08-28,US1TXMNG035,5,18.96,-13.96,0.12,False
2016-08-28,US1TXMNG051,0,18.64,-18.64,-0.06,False
2016-08-28,US1TXMNG054,58,16.88,41.12,2.16,False
2016-08-28,US1TXMNG055,0,18.29,-18.29,-0.04,False
2016-08-28,US1TXMTG004,0,58.65,-58.65,-1.54,False
2016-08-28,US1TXNW0002,76,102.74,-26.74,-0.36,False
2016-08-28,US1TXOR0001,803,167.6,635.4,24.25,True
2016-08-28,US1TXPL0003,109,67.72,41.28,2.17,False
2016-08-28,US1TXPL0018,36,51.19,-15.19,0.07,False
2016-08-28,US1TXPL0024,130,48.13,81.87,3.68,True
2016-08-28,US1TXPL0027,117,63.92,53.08,2.61,False
2016-08-28,US1TXPL0028,38,51.33,-13.33,0.14,False
2016-08-28,US1TXPL0032,152,50.53,101.47,4.41,True
2016-08-28,US1TXPL0035,56,57.56,-1.56,0.58,False
2016-08-28,US1TXSB0001,0,108.84,-108.84,-3.41,False
2016-08-28,US1TXSJ0011,0,45.61,-45.61,-1.06,False
2016-08-28,US1TXTR0003,79,106.74,-27.74,-0.4,False
2016-08-28,US1TXTT0003,10,31.91,-21.91,-0.18,False
2016-08-28,US1TXWA0003,0,13.51,-13.51,0.13,False
2016-08-28,US1TXWA0005,0,11.57,-11.57,0.2,False
2016-08-28,US1TXWA0006,0,4.31,-4.31,0.47,False
2016-08-28,US1TXWA0009,0,4.35,-4.35,0.47,False
2016-08-28,US1TXWA0010,0,6.4,-6.4,0.4,False
2016-08-28,US1TXWA0012,0,11.33,-11.33,0.21,False
2016-08-28,US1TXWA0017,0,9.82,-9.82,0.27,False
2016-08-28,US1TXWH0001,23,53.98,-30.98,-0.52,False
2016-08-28,US1TXWH0002,0,41.3,-41.3,-0.9,False
2016-08-28,US1TXWH0004,0,37.28,-37.28,-0.75,False
2016-08-28,US1TXWH0009,137,42.98,94.02,4.13,True
2016-08-28,US1TXWH0010,86,12.48,73.52,3.37,False
2016-08-28,US1TXWH0011,0,35.49,-35.49,-0.68,False
2016-08-28,US1TXWH0015,41,46.25,-5.25,0.44,False
2016-08-28,US1TXWH0018,130,39.29,90.71,4.01,True
2016-08-28,US1TXWK0003,107,20.13,86.87,3.86,True
2016-08-28,US1TXWK0005,10,26.14,-16.14,0.03,False
2016-08-28,US1TXWK0012,25,25.8,-0.8,0.6,False
2016-08-28,US1TXWK0013,38,25.07,12.93,1.12,False
2016-08-28,US1TXWK0014,18,31.56,-13.56,0.13,False
2016-08-28,US1TXWK0015,84,29.83,54.17,2.65,False
2016-08-28,US1TXWK0018,13,23.01,-10.01,0.26,False
2016-08-28,US1TXWK0021,25,32.35,-7.35,0.36,False
2016-08-28,USC00160007,20,37.93,-17.93,-0.03,False
2016-08-28,USC00160098,254,115.69,138.31,5.77,True
2016-08-28,USC00160103,0,192.88,-192.88,-6.53,True
2016-08-28,USC00160548,64,144.68,-80.68,-2.36,False
2016-08-28,USC00160558,163,182.24,-19.24,-0.08,False
2016-08-28,USC00160617,48,139.25,-91.25,-2.76,False
2016-08-28,USC00160658,0,215.93,-215.93,-7.39,True
2016-08-28,USC00161232,33,108.92,-75.92,-2.19,False
2016-08-28,USC00161287,76,100.46,-24.46,-0.27,False
2016-08-28,USC00161565,18,138.87,-120.87,-3.86,True
2016-08-28,USC00162212,30,107.9,-77.9,-2.26,False
2016-08-28,USC00162367,312,161.54,150.46,6.23,True
2016-08-28,USC00162534,66,141.1,-75.1,-2.16,False
2016-08-28,USC00163313,0,91.68,-91.68,-2.77,False
2016-08-28,USC00163800,30,73.65,-43.65,-0.99,False
2016-08-28,USC00163979,99,223.99,-124.99,-4.01,True
2016-08-28,USC00164288,13,88.36,-75.36,-2.17,False
2016-08-28,USC00164674,76,78.37,-2.37,0.55,False
2016-08-28,USC00164700,94,168.79,-74.79,-2.14,False
2016-08-28,USC00164739,51,97.3,-46.3,-1.09,False
2016-08-28,USC00164775,38,73.49,-35.49,-0.68,False
2016-08-28,USC00165065,259,157.26,101.74,4.42,True
2016-08-28,USC00165074,320,245.38,74.62,3.41,False
2016-08-28,USC00165076,213,237.32,-24.32,-0.27,False
2016-08-28,USC00165266,30,130.68,-100.68,-3.11,False
2016-08-28,USC00165296,0,57.59,-57.59,-1.51,False
2016-08-28,USC00165620,239,131.76,107.24,4.62,True
2016-08-28,USC00165920,79,105.12,-26.12,-0.34,False
2016-08-28,USC00166394,168,115.36,52.64,2.59,False
2016-08-28,USC00166431,284,242.64,41.36,2.17,False
2016-08-28,USC00166434,274,231.42,42.58,2.22,False
2016-08-28,USC00166561,292,121.33,170.67,6.98,True
2016-08-28,USC00166686,81,141.38,-60.38,-1.61,False
2016-08-28,USC00166808,38,126.6,-88.6,-2.66,False
2016-08-28,USC00166938,305,153.32,151.68,6.27,True
2016-08-28,USC00166968,305,240.3,64.7,3.04,False
2016-08-28,USC00166995,0,92.51,-92.51,-2.8,False
2016-08-28,USC00167366,381,123.33,257.67,10.21,True
2016-08-28,USC00167448,132,140.46,-8.46,0.32,False
2016-08-28,USC00167732,335,89.21,245.79,9.77,True
2016-08-28,USC00167932,0,167.23,-167.23,-5.58,True
2016-08-28,USC00168136,264,107.82,156.18,6.44,True
2016-08-28,USC00168181,74,38.99,35.01,1.94,False
2016-08-28,USC00168831,13,198.09,-185.09,-6.24,True
2016-08-28,USC00169074,99,82.05,16.95,1.26,False
2016-08-28,USC00223441,5,122.61,-117.61,-3.74,True
2016-08-28,USC00410235,234,52.78,181.22,7.37,True
2016-08-28,USC00410569,53,52.19,0.81,0.66,False
2016-08-28,USC00410586,15,41.88,-26.88,-0.36,False
2016-08-28,USC00410611,188,176.24,11.76,1.07,False
2016-08-28,USC00410613,76,135.66,-59.66,-1.58,False
2016-08-28,USC00410655,0,6.45,-6.45,0.4,False
2016-08-28,USC00411048,0,9.87,-9.87,0.27,False
2016-08-28,USC00411596,0,25.0,-25.0,-0.29,False
2016-08-28,USC00411810,18,36.09,-18.09,-0.04,False
2016-08-28,USC00411956,0,18.59,-18.59,-0.06,False
2016-08-28,USC00412114,13,29.99,-16.99,0.0,False
2016-08-28,USC00412206,5,20.19,-15.19,0.07,False
2016-08-28,USC00412266,0,42.76,-42.76,-0.95,False
2016-08-28,USC00412786,0,59.53,-59.53,-1.58,False
2016-08-28,USC00413340,0,75.93,-75.93,-2.19,False
2016-08-28,USC00414325,3,24.84,-21.84,-0.18,False
2016-08-28,USC00414327,0,21.84,-21.84,-0.18,False
2016-08-28,USC00414333,30,26.28,3.72,0.77,False
2016-08-28,USC00414382,10,23.82,-13.82,0.12,False
2016-08-28,USC00414563,28,119.12,-91.12,-2.75,False
2016-08-28,USC00414704,0,22.6,-22.6,-0.21,False
2016-08-28,USC00414878,89,95.9,-6.9,0.38,False
2016-08-28,USC00415196,30,48.88,-18.88,-0.07,False
2016-08-28,USC00415435,165,155.31,9.69,0.99,False
2016-08-28,USC00415477,0,20.44,-20.44,-0.12,False
2016-08-28,USC00415659,8,73.42,-65.42,-1.8,False
2016-08-28,USC00416024,0,15.01,-15.01,0.08,False
2016-08-28,USC00416280,30,43.9,-13.9,0.12,False
2016-08-28,USC00416664,330,231.89,98.11,4.28,True
2016-08-28,USC00416680,203,219.07,-16.07,0.04,False
2016-08-28,USC00417040,457,61.5,395.5,15.33,True
2016-08-28,USC00417172,51,194.86,-143.86,-4.71,True
2016-08-28,USC00417594,5,25.03,-20.03,-0.11,False
2016-08-28,USC00417936,5,107.8,-102.8,-3.19,False
2016-08-28,USC00418311,254,131.63,122.37,5.18,True
2016-08-28,USC00418996,0,30.56,-30.56,-0.5,False
2016-08-28,USC00419101,66,115.08,-49.08,-1.19,False
2016-08-28,USC00419605,211,56.35,154.65,6.38,True
2016-08-28,USC00419655,53,43.5,9.5,0.99,False
2016-08-28,USW00003904,84,17.47,66.53,3.11,False
2016-08-28,USW00003937,295,212.01,82.99,3.72,True
2016-08-28,USW00003949,3,101.49,-98.49,-3.03,False
2016-08-28,USW00012917,53,191.27,-138.27,-4.5,True
2016-08-28,USW00012918,142,23.21,118.79,5.05,True
2016-08-28,USW00012923,69,40.59,28.41,1.69,False
2016-08-28,USW00012935,48,63.32,-15.32,0.07,False
2016-08-28,USW00012953,191,41.14,149.86,6.2,True
2016-08-28,USW00012960,0,29.26,-29.26,-0.45,False
2016-08-28,USW00012968,0,80.21,-80.21,-2.35,False
2016-08-28,USW00012975,5,26.17,-21.17,-0.15,False
2016-08-28,USW00012976,503,60.18,442.82,17.09,True
2016-08-28,USW00012977,99,18.16,80.84,3.64,True
2016-08-28,USW00012981,43,54.22,-11.22,0.22,False
2016-08-28,USW00013935,3,131.65,-128.65,-4.15,True
2016-08-28,USW00013970,178,143.36,34.64,1.92,False
2016-08-28,USW00013976,13,82.89,-69.89,-1.96,False
2016-08-28,USW00053902,3,21.76,-18.76,-0.06,False
2016-08-28,USW00053903,10,27.17,-17.17,-0.0,False
2016-08-28,USW00053910,89,17.98,71.02,3.27,False
2016-08-28,USW00053915,5,74.11,-69.11,-1.93,False
2016-08-28,USW00053928,3,8.95,-5.95,0.41,False
2016-08-28,USW00053960,11,73.0,-62.0,-1.67,False
2016-08-28,USW00053988,0,153.98,-153.98,-5.09,True
2016-08-28,USW00093915,0,153.9,-153.9,-5.08,True
2016-08-28,USW00093987,213,35.25,177.75,7.24,True
2016-08-29,US1LAAC0002,51,83.14,-32.14,-0.12,False
2016-08-29,US1LABG0002,104,126.2,-22.2,0.07,False
2016-08-29,US1LACC0003,130,133.08,-3.08,0.44,False
2016-08-29,US1LACC0006,74,108.93,-34.93,-0.17,False
2016-08-29,US1LACC0009,155,130.96,24.04,0.95,False
2016-08-29,US1LACC0014,196,130.67,65.33,1.74,False
2016-08-29,US1LACC0016,0,129.54,-129.54,-1.98,False
2016-08-29,US1LACC0017,107,155.53,-48.53,-0.43,False
2016-08-29,US1LACM0003,409,126.45,282.55,5.89,True
2016-08-29,US1LAEB0002,8,15.94,-7.94,0.34,False
2016-08-29,US1LAEB0009,15,31.17,-16.17,0.19,False
2016-08-29,US1LAEB0014,5,16.85,-11.85,0.27,False
2016-08-29,US1LAEB0023,23,26.51,-3.51,0.43,False
2016-08-29,US1LAEB0027,5,17.83,-12.83,0.25,False
2016-08-29,US1LAEB0033,15,15.76,-0.76,0.48,False
2016-08-29,US1LAEB0041,0,12.77,-12.77,0.25,False
2016-08-29,US1LAEB0042,0,19.48,-19.48,0.12,False
2016-08-29,US1LAEB0046,3,18.08,-15.08,0.21,False
2016-08-29,US1LAEB0047,5,10.67,-5.67,0.39,False
2016-08-29,US1LAEB0054,15,18.49,-3.49,0.43,False
2016-08-29,US1LAEB0056,13,37.8,-24.8,0.02,False
2016-08-29,US1LAJD0002,20,121.59,-101.59,-1.45,False
2016-08-29,US1LALY0006,130,57.0,73.0,1.89,False
2016-08-29,US1LARP0007,0,134.63,-134.63,-2.08,False
2016-08-29,US1LASL0001,48,58.18,-10.18,0.3,False
2016-08-29,US1LASM0002,8,43.09,-35.09,-0.18,False
2016-08-29,US1LAVM0002,211,138.75,72.25,1.87,False
2016-08-29,US1LAVM0004,38,63.69,-25.69,0.0,False
2016-08-29,US1LAWF0004,163,36.73,126.27,2.91,False
2016-08-29,US1MSAD0004,145,76.64,68.36,1.8,False
2016-08-29,US1TXAG0001,89,152.8,-63.8,-0.72,False
2016-08-29,US1TXAG0002,198,160.7,37.3,1.21,False
2016-08-29,US1TXAG0003,127,180.98,-53.98,-0.54,False
2016-08-29,US1TXAG0005,193,157.4,35.6,1.17,False
2016-08-29,US1TXAS0003,0,53.4,-53.4,-0.53,False
2016-08-29,US1TXAS0004,10,51.72,-41.72,-0.3,False
2016-08-29,US1TXAS0005,10,51.37,-41.37,-0.3,False
2016-08-29,US1TXAS0006,25,49.44,-24.44,0.03,False
2016-08-29,US1TXAS0007,28,46.67,-18.67,0.14,False
2016-08-29,US1TXAS0008,71,61.24,9.76,0.68,False
2016-08-29,US1TXAS0014,5,55.23,-50.23,-0.47,False
2016-08-29,US1TXAS0015,13,34.35,-21.35,0.09,False
2016-08-29,US1TXAS0017,71,83.16,-12.16,0.26,False
2016-08-29,US1TXBRZ018,56,126.37,-70.37,-0.85,False
2016-08-29,US1TXBRZ020,1057,626.04,430.96,8.73,True
2016-08-29,US1TXBRZ021,33,259.25,-226.25,-3.83,True
2016-08-29,US1TXBRZ025,23,100.93,-77.93,-0.99,False
2016-08-29,US1TXBRZ027,1412,568.82,843.18,16.6,True
2016-08-29,US1TXBRZ032,554,653.15,-99.15,-1.4,False
2016-08-29,US1TXBZS040,28,60.48,-32.48,-0.13,False
2016-08-29,US1TXBZS075,89,64.27,24.73,0.97,False
2016-08-29,US1TXBZS077,20,66.93,-46.93,-0.4,False
2016-08-29,US1TXBZS088,5,66.17,-61.17,-0.67,False
2016-08-29,US1TXBZS096,79,66.86,12.14,0.73,False
2016-08-29,US1TXBZS097,51,65.41,-14.41,0.22,False
2016-08-29,US1TXBZS098,23,62.12,-39.12,-0.25,False
2016-08-29,US1TXBZS099,224,55.17,168.83,3.72,True
2016-08-29,US1TXBZS100,137,61.6,75.4,1.93,False
2016-08-29,US1TXCHM008,8,83.38,-75.38,-0.95,False
2016-08-29,US1TXCLR006,61,48.29,12.71,0.74,False
2016-08-29,US1TXCLR010,0,59.36,-59.36,-0.64,False
2016-08-29,US1TXFB0005,51,67.42,-16.42,0.18,False
2016-08-29,US1TXFB0012,48,68.52,-20.52,0.1,False
2016-08-29,US1TXFB0017,33,86.98,-53.98,-0.54,False
2016-08-29,US1TXFB0018,104,67.8,36.2,1.19,False
2016-08-29,US1TXFB0022,41,88.55,-47.55,-0.41,False
2016-08-29,US1TXFB0032,41,82.46,-41.46,-0.3,False
2016-08-29,US1TXFB0040,13,85.66,-72.66,-0.89,False
2016-08-29,US1TXFB0042,23,84.02,-61.02,-0.67,False
2016-08-29,US1TXFB0043,13,108.26,-95.26,-1.33,False
2016-08-29,US1TXGM0007,20,59.4,-39.4,-0.26,False
2016-08-29,US1TXGV0005,13,103.67,-90.67,-1.24,False
2016-08-29,US1TXGV0006,676,274.05,401.95,8.17,True
2016-08-29,US1TXGV0009,36,126.67,-90.67,-1.24,False
2016-08-29,US1TXGV0015,51,105.36,-54.36,-0.54,False
2016-08-29,US1TXGV0017,447,192.92,254.08,5.35,True
2016-08-29,US1TXGV0018,617,227.59,389.41,7.93,True
2016-08-29,US1TXGV0029,102,124.73,-22.73,0.06,False
2016-08-29,US1TXGV0033,71,135.39,-64.39,-0.74,False
2016-08-29,US1TXGV0034,48,112.94,-64.94,-0.75,False
2016-08-29,US1TXGV0043,36,187.91,-151.91,-2.41,False
2016-08-29,US1TXGV0044,305,132.61,172.39,3.79,True
2016-08-29,US1TXGV0046,97,121.86,-24.86,0.02,False
2016-08-29,US1TXGV0049,483,319.23,163.77,3.62,True
2016-08-29,US1TXGV0050,168,105.3,62.7,1.69,False
2016-08-29,US1TXGV0051,305,237.55,67.45,1.78,False
2016-08-29,US1TXGV0052,36,106.58,-70.58,-0.85,False
2016-08-29,US1TXGV0054,191,285.6,-94.6,-1.31,False
2016-08-29,US1TXHRN002,130,119.69,10.31,0.69,False
2016-08-29,US1TXHRN005,216,173.94,42.06,1.3,False
2016-08-29,US1TXHRN006,163,178.55,-15.55,0.2,False
2016-08-29,US1TXHRR015,23,67.1,-44.1,-0.35,False
2016-08-29,US1TXHRR027,10,60.64,-50.64,-0.47,False
2016-08-29,US1TXHRR028,36,96.6,-60.6,-0.66,False
2016-08-29,US1TXHRR031,58,87.1,-29.1,-0.06,False
2016-08-29,US1TXHRR032,30,88.14,-58.14,-0.62,False
2016-08-29,US1TXHRR033,71,67.17,3.83,0.57,False
2016-08-29,US1TXHRR043,203,72.13,130.87,2.99,False
2016-08-29,US1TXHRR044,79,106.99,-27.99,-0.04,False
2016-08-29,US1TXHRR058,0,61.08,-61.08,-0.67,False
2016-08-29,US1TXHRR074,137,64.03,72.97,1.89,False
2016-08-29,US1TXHRR084,28,94.04,-66.04,-0.77,False
2016-08-29,US1TXHRR093,140,88.36,51.64,1.48,False
2016-08-29,US1TXHRR095,64,98.74,-34.74,-0.17,False
2016-08-29,US1TXHRR114,396,63.37,332.63,6.85,True
2016-08-29,US1TXHRR117,10,57.5,-47.5,-0.41,False
2016-08-29,US1TXHRR119,36,78.02,-42.02,-0.31,False
2016-08-29,US1TXHRR121,74,92.84,-18.84,0.13,False
2016-08-29,US1TXHRR124,28,58.65,-30.65,-0.09,False
2016-08-29,US1TXHRR139,18,93.62,-75.62,-0.95,False
2016-08-29,US1TXHRR147,25,88.49,-63.49,-0.72,False
2016-08-29,US1TXHRR150,127,60.67,66.33,1.76,False
2016-08-29,US1TXHRR162,28,81.8,-53.8,-0.53,False
2016-08-29,US1TXHRR164,5,70.94,-65.94,-0.77,False
2016-08-29,US1TXHRR165,18,69.62,-51.62,-0.49,False
2016-08-29,US1TXHRR168,94,89.7,4.3,0.58,False
2016-08-29,US1TXHRR170,8,94.2,-86.2,-1.15,False
2016-08-29,US1TXHRR176,5,75.26,-70.26,-0.85,False
2016-08-29,US1TXHRR203,3,68.3,-65.3,-0.75,False
2016-08-29,US1TXHRR209,10,70.84,-60.84,-0.67,False
2016-08-29,US1TXHRR217,13,96.82,-83.82,-1.11,False
2016-08-29,US1TXHRR222,3,80.04,-77.04,-0.98,False
2016-08-29,US1TXHRR225,157,64.46,92.54,2.26,False
2016-08-29,US1TXHRR228,28,78.45,-50.45,-0.47,False
2016-08-29,US1TXHRR232,58,77.19,-19.19,0.13,False
2016-08-29,US1TXHST003,53,52.81,0.19,0.5,False
2016-08-29,US1TXJJ0007,137,126.72,10.28,0.69,False
2016-08-29,US1TXJJ0009,142,121.68,20.32,0.88,False
2016-08-29,US1TXJJ0011,109,124.26,-15.26,0.2,False
2016-08-29,US1TXJS0002,157,147.96,9.04,0.67,False
2016-08-29,US1TXJS0003,373,125.94,247.06,5.21,True
2016-08-29,US1TXLR0001,15,51.47,-36.47,-0.2,False
2016-08-29,US1TXLR0005,0,43.85,-43.85,-0.34,False
2016-08-29,US1TXLR0010,46,55.26,-9.26,0.32,False
2016-08-29,US1TXLR0013,53,52.37,0.63,0.51,False
2016-08-29,US1TXLR0014,15,36.62,-21.62,0.08,False
2016-08-29,US1TXLR0015,10,54.03,-44.03,-0.35,False
2016-08-29,US1TXMDS002,142,75.01,66.99,1.77,False
2016-08-29,US1TXMNG004,0,49.87,-49.87,-0.46,False
2016-08-29,US1TXMNG008,10,46.95,-36.95,-0.21,False
2016-08-29,US1TXMNG014,5,52.78,-47.78,-0.42,False
2016-08-29,US1TXMNG020,198,42.71,155.29,3.46,False
2016-08-29,US1TXMNG021,13,43.85,-30.85,-0.1,False
2016-08-29,US1TXMNG023,8,45.21,-37.21,-0.22,False
2016-08-29,US1TXMNG026,3,44.56,-41.56,-0.3,False
2016-08-29,US1TXMNG030,8,45.07,-37.07,-0.21,False
2016-08-29,US1TXMNG031,0,40.59,-40.59,-0.28,False
2016-08-29,US1TXMNG035,84,62.87,21.13,0.9,False
2016-08-29,US1TXMNG036,43,49.45,-6.45,0.37,False
2016-08-29,US1TXMNG051,249,61.28,187.72,4.08,True
2016-08-29,US1TXMNG055,127,56.91,70.09,1.83,False
2016-08-29,US1TXMNG058,15,43.84,-28.84,-0.06,False
2016-08-29,US1TXMNG061,10,43.11,-33.11,-0.14,False
2016-08-29,US1TXMTG004,84,220.52,-136.52,-2.11,False
2016-08-29,US1TXNW0002,8,74.86,-66.86,-0.78,False
2016-08-29,US1TXOR0001,130,112.06,17.94,0.84,False
2016-08-29,US1TXPL0003,0,47.39,-47.39,-0.41,False
2016-08-29,US1TXPL0018,3,55.51,-52.51,-0.51,False
2016-08-29,US1TXPL0024,0,70.27,-70.27,-0.85,False
2016-08-29,US1TXPL0027,15,40.86,-25.86,0.0,False
2016-08-29,US1TXPL0028,5,51.76,-46.76,-0.4,False
2016-08-29,US1TXPL0032,277,67.99,209.01,4.49,True
2016-08-29,US1TXPL0035,20,63.35,-43.35,-0.33,False
2016-08-29,US1TXSB0001,0,109.53,-109.53,-1.6,False
2016-08-29,US1TXSJ0011,18,56.83,-38.83,-0.25,False
2016-08-29,US1TXTR0008,239,119.77,119.23,2.77,False
2016-08-29,US1TXTR0009,282,142.34,139.66,3.16,False
2016-08-29,US1TXTT0003,48,54.83,-6.83,0.36,False
2016-08-29,US1TXWA0003,25,58.53,-33.53,-0.15,False
2016-08-29,US1TXWA0005,122,59.51,62.49,1.69,False
2016-08-29,US1TXWA0006,66,50.84,15.16,0.78,False
2016-08-29,US1TXWA0009,33,64.77,-31.77,-0.11,False
2016-08-29,US1TXWA0010,89,54.09,34.91,1.16,False
2016-08-29,US1TXWA0012,10,63.6,-53.6,-0.53,False
2016-08-29,US1TXWA0017,8,61.91,-53.91,-0.54,False
2016-08-29,US1TXWA0018,56,68.9,-12.9,0.25,False
2016-08-29,US1TXWH0001,231,122.42,108.58,2.57,False
2016-08-29,US1TXWH0002,33,136.55,-103.55,-1.48,False
2016-08-29,US1TXWH0004,119,95.3,23.7,0.95,False
2016-08-29,US1TXWH0009,74,118.06,-44.06,-0.35,False
2016-08-29,US1TXWH0010,15,107.99,-92.99,-1.28,False
2016-08-29,US1TXWH0015,81,117.17,-36.17,-0.2,False
2016-08-29,US1TXWH0018,79,104.05,-25.05,0.02,False
2016-08-29,US1TXWK0003,10,50.49,-40.49,-0.28,False
2016-08-29,US1TXWK0005,5,47.49,-42.49,-0.32,False
2016-08-29,US1TXWK0013,0,53.5,-53.5,-0.53,False
2016-08-29,US1TXWK0014,28,53.96,-25.96,-0.0,False
2016-08-29,US1TXWK0015,58,51.95,6.05,0.61,False
2016-08-29,US1TXWK0018,0,40.59,-40.59,-0.28,False
2016-08-29,US1TXWK0021,43,54.16,-11.16,0.28,False
2016-08-29,US1TXWL0009,152,56.34,95.66,2.32,False
2016-08-29,USC00160007,43,61.85,-18.85,0.13,False
2016-08-29,USC00160098,10,108.04,-98.04,-1.38,False
2016-08-29,USC00160103,318,36.95,281.05,5.86,True
2016-08-29,USC00160548,15,14.83,0.17,0.5,False
2016-08-29,USC00160558,13,17.16,-4.16,0.41,False
2016-08-29,USC00160565,267,27.39,239.61,5.07,True
2016-08-29,USC00160658,333,137.62,195.38,4.23,True
2016-08-29,USC00161232,84,82.85,1.15,0.52,False
2016-08-29,USC00161287,0,65.67,-65.67,-0.76,False
2016-08-29,USC00161565,0,32.09,-32.09,-0.12,False
2016-08-29,USC00162212,36,102.88,-66.88,-0.78,False
2016-08-29,USC00162367,18,107.29,-89.29,-1.21,False
2016-08-29,USC00162534,36,29.0,7.0,0.63,False
2016-08-29,USC00163313,41,40.86,0.14,0.5,False
2016-08-29,USC00163800,99,48.23,50.77,1.46,False
2016-08-29,USC00163979,41,147.52,-106.52,-1.54,False
2016-08-29,USC00164288,5,108.68,-103.68,-1.49,False
2016-08-29,USC00164674,48,40.76,7.24,0.63,False
2016-08-29,USC00164700,53,111.65,-58.65,-0.63,False
2016-08-29,USC00164739,89,86.87,2.13,0.53,False
2016-08-29,USC00164775,201,143.73,57.27,1.59,False
2016-08-29,USC00165065,229,120.02,108.98,2.58,False
2016-08-29,USC00165074,218,136.62,81.38,2.05,False
2016-08-29,USC00165076,147,135.24,11.76,0.72,False
2016-08-29,USC00165266,0,98.28,-98.28,-1.38,False
2016-08-29,USC00165287,61,84.13,-23.13,0.05,False
2016-08-29,USC00165296,30,97.73,-67.73,-0.8,False
2016-08-29,USC00165620,0,17.6,-17.6,0.16,False
2016-08-29,USC00166394,0,29.9,-29.9,-0.08,False
2016-08-29,USC00166431,274,128.75,145.25,3.27,False
2016-08-29,USC00166434,3,153.15,-150.15,-2.37,False
2016-08-29,USC00166561,23,27.64,-4.64,0.41,False
2016-08-29,USC00166808,150,41.02,108.98,2.58,False
2016-08-29,USC00166938,38,108.37,-70.37,-0.85,False
2016-08-29,USC00166968,259,136.15,122.85,2.84,False
2016-08-29,USC00166995,0,60.23,-60.23,-0.66,False
2016-08-29,USC00167366,0,27.12,-27.12,-0.02,False
2016-08-29,USC00167448,0,23.0,-23.0,0.05,False
2016-08-29,USC00167732,0,93.26,-93.26,-1.29,False
2016-08-29,USC00167932,381,123.73,257.27,5.41,True
2016-08-29,USC00168136,13,47.26,-34.26,-0.16,False
2016-08-29,USC00168181,10,45.93,-35.93,-0.19,False
2016-08-29,USC00168831,0,124.32,-124.32,-1.88,False
2016-08-29,USC00169074,0,74.52,-74.52,-0.93,False
2016-08-29,USC00223441,53,52.36,0.64,0.51,False
2016-08-29,USC00410235,180,93.52,86.48,2.15,False
2016-08-29,USC00410257,193,248.56,-55.56,-0.57,False
2016-08-29,USC00410569,51,176.1,-125.1,-1.9,False
2016-08-29,USC00410586,104,73.39,30.61,1.08,False
2016-08-29,USC00410611,272,115.85,156.15,3.48,False
2016-08-29,USC00410613,25,118.67,-93.67,-1.3,False
2016-08-29,USC00410655,10,35.71,-25.71,0.0,False
2016-08-29,USC00411048,135,56.02,78.98,2.0,False
2016-08-29,USC00411596,36,52.22,-16.22,0.18,False
2016-08-29,USC00411810,5,53.73,-48.73,-0.44,False
2016-08-29,USC00411956,0,41.02,-41.02,-0.29,False
2016-08-29,USC00412114,18,64.2,-46.2,-0.39,False
2016-08-29,USC00412206,254,70.09,183.91,4.01,True
2016-08-29,USC00412676,5,59.17,-54.17,-0.54,False
2016-08-29,USC00412786,94,62.3,31.7,1.1,False
2016-08-29,USC00413340,3137,324.41,2812.59,54.23,True
2016-08-29,USC00414325,53,78.06,-25.06,0.02,False
2016-08-29,USC00414327,0,76.26,-76.26,-0.96,False
2016-08-29,USC00414333,97,116.05,-19.05,0.13,False
2016-08-29,USC00414382,20,35.28,-15.28,0.2,False
2016-08-29,USC00414563,86,160.92,-74.92,-0.94,False
2016-08-29,USC00414704,81,69.92,11.08,0.71,False
2016-08-29,USC00414878,269,157.26,111.74,2.63,False
2016-08-29,USC00415196,69,75.14,-6.14,0.38,False
2016-08-29,USC00415435,191,130.08,60.92,1.66,False
2016-08-29,USC00415477,188,64.9,123.1,2.85,False
2016-08-29,USC00416024,23,41.45,-18.45,0.14,False
2016-08-29,USC00416280,8,63.25,-55.25,-0.56,False
2016-08-29,USC00416664,0,134.19,-134.19,-2.07,False
2016-08-29,USC00416680,76,133.18,-57.18,-0.6,False
2016-08-29,USC00417040,0,153.3,-153.3,-2.43,False
2016-08-29,USC00417172,0,109.66,-109.66,-1.6,False
2016-08-29,USC00417594,18,84.17,-66.17,-0.77,False
2016-08-29,USC00417936,373,135.79,237.21,5.03,True
2016-08-29,USC00418996,41,101.61,-60.61,-0.66,False
2016-08-29,USC00419101,165,145.35,19.65,0.87,False
2016-08-29,USC00419491,147,51.17,95.83,2.33,False
2016-08-29,USC00419605,53,226.56,-173.56,-2.82,False
2016-08-29,USC00419655,160,147.98,12.02,0.72,False
2016-08-29,USW00003904,8,82.03,-74.03,-0.92,False
2016-08-29,USW00003937,0,167.46,-167.46,-2.71,False
2016-08-29,USW00003949,378,48.43,329.57,6.79,True
2016-08-29,USW00012917,0,114.46,-114.46,-1.69,False
2016-08-29,USW00012918,28,90.15,-62.15,-0.69,False
2016-08-29,USW00012923,521,251.38,269.62,5.65,True
2016-08-29,USW00012935,389,265.87,123.13,2.85,False
2016-08-29,USW00012953,0,125.47,-125.47,-1.9,False
2016-08-29,USW00012960,25,60.81,-35.81,-0.19,False
2016-08-29,USW00012968,0,48.9,-48.9,-0.44,False
2016-08-29,USW00012975,51,98.05,-47.05,-0.4,False
2016-08-29,USW00012976,168,318.82,-150.82,-2.39,False
2016-08-29,USW00012977,3,78.77,-75.77,-0.95,False
2016-08-29,USW00012981,15,192.15,-177.15,-2.89,False
2016-08-29,USW00013935,74,88.32,-14.32,0.22,False
2016-08-29,USW00013970,104,20.23,83.77,2.09,False
2016-08-29,USW00013976,30,57.82,-27.82,-0.04,False
2016-08-29,USW00053902,15,44.97,-29.97,-0.08,False
2016-08-29,USW00053903,74,39.16,34.84,1.16,False
2016-08-29,USW00053910,38,58.45,-20.45,0.1,False
2016-08-29,USW00053915,15,47.04,-32.04,-0.12,False
2016-08-29,USW00053928,18,61.52,-43.52,-0.34,False
2016-08-29,USW00053960,48,25.31,22.69,0.93,False
2016-08-29,USW00053988,0,82.65,-82.65,-1.08,False
2016-08-29,USW00093915,140,73.59,66.41,1.76,False
2016-08-29,USW00093987,462,112.73,349.27,7.17,True
2016-08-30,US1LAAC0002,74,63.08,10.92,0.59,False
2016-08-30,US1LAAV0001,20,41.09,-21.09,-0.11,False
2016-08-30,US1LABG0002,198,18.07,179.93,4.33,True
2016-08-30,US1LACC0003,0,23.91,-23.91,-0.18,False
2016-08-30,US1LACC0006,3,9.18,-6.18,0.21,False
2016-08-30,US1LACC0009,0,29.39,-29.39,-0.3,False
2016-08-30,US1LACC0014,0,11.84,-11.84,0.09,False
2016-08-30,US1LACC0016,10,27.37,-17.37,-0.03,False
2016-08-30,US1LACC0017,3,10.53,-7.53,0.19,False
2016-08-30,US1LACM0003,0,11.97,-11.97,0.09,False
2016-08-30,US1LAEB0002,5,27.62,-22.62,-0.15,False
2016-08-30,US1LAEB0009,117,66.56,50.44,1.47,False
2016-08-30,US1LAEB0014,20,30.61,-10.61,0.12,False
2016-08-30,US1LAEB0023,249,42.98,206.02,4.91,True
2016-08-30,US1LAEB0027,5,34.49,-29.49,-0.3,False
2016-08-30,US1LAEB0033,8,28.63,-20.63,-0.1,False
2016-08-30,US1LAEB0041,30,30.35,-0.35,0.34,False
2016-08-30,US1LAEB0042,5,35.98,-30.98,-0.33,False
2016-08-30,US1LAEB0046,0,30.45,-30.45,-0.32,False
2016-08-30,US1LAEB0047,33,29.51,3.49,0.43,False
2016-08-30,US1LAEB0053,38,29.02,8.98,0.55,False
2016-08-30,US1LAEB0056,249,51.46,197.54,4.72,True
2016-08-30,US1LAJD0002,0,29.58,-29.58,-0.3,False
2016-08-30,US1LALY0006,46,49.36,-3.36,0.28,False
2016-08-30,US1LARP0007,183,70.43,112.57,2.84,False
2016-08-30,US1LASL0001,109,56.22,52.78,1.52,False
2016-08-30,US1LASM0002,132,41.67,90.33,2.35,False
2016-08-30,US1LAVM0002,94,35.03,58.97,1.66,False
2016-08-30,US1LAVM0004,18,34.45,-16.45,-0.01,False
2016-08-30,US1LAWB0002,10,35.65,-25.65,-0.22,False
2016-08-30,US1LAWF0004,0,73.38,-73.38,-1.27,False
2016-08-30,US1TXAG0001,66,80.45,-14.45,0.03,False
2016-08-30,US1TXAG0002,3,108.73,-105.73,-1.99,False
2016-08-30,US1TXAG0003,3,75.71,-72.71,-1.26,False
2016-08-30,US1TXAG0005,13,71.62,-58.62,-0.94,False
2016-08-30,US1TXAS0003,0,46.34,-46.34,-0.67,False
2016-08-30,US1TXAS0004,46,43.22,2.78,0.41,False
2016-08-30,US1TXAS0005,8,41.48,-33.48,-0.39,False
2016-08-30,US1TXAS0006,20,40.88,-20.88,-0.11,False
2016-08-30,US1TXAS0007,20,39.01,-19.01,-0.07,False
2016-08-30,US1TXAS0008,13,43.43,-30.43,-0.32,False
2016-08-30,US1TXAS0012,43,36.32,6.68,0.5,False
2016-08-30,US1TXAS0014,53,46.76,6.24,0.49,False
2016-08-30,US1TXAS0015,15,29.49,-14.49,0.03,False
2016-08-30,US1TXAS0017,0,46.5,-46.5,-0.68,False
2016-08-30,US1TXBRZ018,107,65.43,41.57,1.27,False
2016-08-30,US1TXBRZ020,56,72.7,-16.7,-0.02,False
2016-08-30,US1TXBRZ021,23,64.86,-41.86,-0.57,False
2016-08-30,US1TXBRZ025,18,61.63,-43.63,-0.61,False
2016-08-30,US1TXBRZ027,94,66.05,27.95,0.97,False
2016-08-30,US1TXBRZ032,99,65.89,33.11,1.08,False
2016-08-30,US1TXBZS040,18,66.82,-48.82,-0.73,False
2016-08-30,US1TXBZS075,25,74.33,-49.33,-0.74,False
2016-08-30,US1TXBZS077,89,73.1,15.9,0.7,False
2016-08-30,US1TXBZS088,135,68.32,66.68,1.83,False
2016-08-30,US1TXBZS096,61,67.73,-6.73,0.2,False
2016-08-30,US1TXBZS097,104,66.4,37.6,1.18,False
2016-08-30,US1TXBZS098,36,77.87,-41.87,-0.57,False
2016-08-30,US1TXBZS099,114,71.5,42.5,1.29,False
2016-08-30,US1TXBZS100,51,73.15,-22.15,-0.14,False
2016-08-30,US1TXCHM008,147,74.83,72.17,1.95,False
2016-08-30,US1TXCLR006,114,53.84,60.16,1.68,False
2016-08-30,US1TXCLR010,132,50.83,81.17,2.15,False
2016-08-30,US1TXFB0005,5,29.67,-24.67,-0.19,False
2016-08-30,US1TXFB0012,0,31.55,-31.55,-0.35,False
2016-08-30,US1TXFB0017,0,35.79,-35.79,-0.44,False
2016-08-30,US1TXFB0018,10,32.69,-22.69,-0.15,False
2016-08-30,US1TXFB0022,0,44.72,-44.72,-0.64,False
2016-08-30,US1TXFB0032,0,48.93,-48.93,-0.73,False
2016-08-30,US1TXFB0040,0,44.67,-44.67,-0.64,False
2016-08-30,US1TXFB0043,0,56.05,-56.05,-0.89,False
2016-08-30,US1TXGM0007,33,66.51,-33.51,-0.39,False
2016-08-30,US1TXGV0005,69,66.88,2.12,0.4,False
2016-08-30,US1TXGV0009,124,68.48,55.52,1.58,False
2016-08-30,US1TXGV0015,76,74.35,1.65,0.39,False
2016-08-30,US1TXGV0018,221,92.9,128.1,3.18,False
2016-08-30,US1TXGV0029,102,80.57,21.43,0.83,False
2016-08-30,US1TXGV0033,119,74.11,44.89,1.34,False
2016-08-30,US1TXGV0034,81,78.44,2.56,0.41,False
2016-08-30,US1TXGV0044,107,80.52,26.48,0.94,False
2016-08-30,US1TXGV0046,91,81.63,9.37,0.56,False
2016-08-30,US1TXGV0049,257,85.92,171.08,4.13,True
2016-08-30,US1TXGV0050,114,74.14,39.86,1.23,False
2016-08-30,US1TXGV0051,180,92.83,87.17,2.28,False
2016-08-30,US1TXGV0052,61,71.95,-10.95,0.11,False
2016-08-30,US1TXGV0054,180,102.42,77.58,2.07,False
2016-08-30,US1TXHRN001,3,39.63,-36.63,-0.46,False
2016-08-30,US1TXHRN002,3,54.69,-51.69,-0.79,False
2016-08-30,US1TXHRN005,8,30.34,-22.34,-0.14,False
2016-08-30,US1TXHRN006,0,35.84,-35.84,-0.44,False
2016-08-30,US1TXHRR015,94,78.35,15.65,0.7,False
2016-08-30,US1TXHRR027,76,53.53,22.47,0.85,False
2016-08-30,US1TXHRR028,64,78.62,-14.62,0.03,False
2016-08-30,US1TXHRR031,56,66.99,-10.99,0.11,False
2016-08-30,US1TXHRR032,0,61.63,-61.63,-1.01,False
2016-08-30,US1TXHRR033,119,78.89,40.11,1.24,False
2016-08-30,US1TXHRR043,211,67.1,143.9,3.53,True
2016-08-30,US1TXHRR044,119,74.0,45.0,1.35,False
2016-08-30,US1TXHRR052,58,77.89,-19.89,-0.09,False
2016-08-30,US1TXHRR058,0,69.53,-69.53,-1.19,False
2016-08-30,US1TXHRR074,0,63.78,-63.78,-1.06,False
2016-08-30,US1TXHRR084,33,67.15,-34.15,-0.4,False
2016-08-30,US1TXHRR089,58,65.54,-7.54,0.18,False
2016-08-30,US1TXHRR093,64,68.53,-4.53,0.25,False
2016-08-30,US1TXHRR095,79,72.27,6.73,0.5,False
2016-08-30,US1TXHRR114,249,62.22,186.78,4.48,True
2016-08-30,US1TXHRR117,150,63.38,86.62,2.27,False
2016-08-30,US1TXHRR119,46,62.74,-16.74,-0.02,False
2016-08-30,US1TXHRR121,53,73.19,-20.19,-0.09,False
2016-08-30,US1TXHRR124,33,67.48,-34.48,-0.41,False
2016-08-30,US1TXHRR139,282,69.03,212.97,5.06,True
2016-08-30,US1TXHRR147,33,59.56,-26.56,-0.24,False
2016-08-30,US1TXHRR150,122,77.48,44.52,1.34,False
2016-08-30,US1TXHRR162,18,58.35,-40.35,-0.54,False
2016-08-30,US1TXHRR164,23,59.86,-36.86,-0.46,False
2016-08-30,US1TXHRR165,170,85.66,84.34,2.22,False
2016-08-30,US1TXHRR168,46,63.81,-17.81,-0.04,False
2016-08-30,US1TXHRR170,61,64.94,-3.94,0.26,False
2016-08-30,US1TXHRR176,157,66.98,90.02,2.34,False
2016-08-30,US1TXHRR203,119,57.83,61.17,1.7,False
2016-08-30,US1TXHRR209,173,85.36,87.64,2.29,False
2016-08-30,US1TXHRR217,152,68.66,83.34,2.19,False
2016-08-30,US1TXHRR222,10,53.43,-43.43,-0.61,False
2016-08-30,US1TXHRR225,112,66.24,45.76,1.36,False
2016-08-30,US1TXHRR228,46,51.51,-5.51,0.23,False
2016-08-30,US1TXHRR232,97,69.1,27.9,0.97,False
2016-08-30,US1TXHST003,160,151.6,8.4,0.54,False
2016-08-30,US1TXJJ0007,3,22.52,-19.52,-0.08,False
2016-08-30,US1TXJJ0009,0,23.94,-23.94,-0.18,False
2016-08-30,US1TXJJ0011,0,23.72,-23.72,-0.17,False
2016-08-30,US1TXJS0002,23,112.16,-89.16,-1.62,False
2016-08-30,US1TXJS0003,163,50.12,112.88,2.85,False
2016-08-30,US1TXLR0001,145,109.97,35.03,1.13,False
2016-08-30,US1TXLR0005,0,41.51,-41.51,-0.57,False
2016-08-30,US1TXLR0013,312,85.88,226.12,5.35,True
2016-08-30,US1TXLR0014,10,36.35,-26.35,-0.23,False
2016-08-30,US1TXLR0015,10,51.98,-41.98,-0.58,False
2016-08-30,US1TXMNG004,142,62.07,79.93,2.12,False
2016-08-30,US1TXMNG008,10,65.78,-55.78,-0.88,False
2016-08-30,US1TXMNG014,20,65.18,-45.18,-0.65,False
2016-08-30,US1TXMNG020,8,64.77,-56.77,-0.9,False
2016-08-30,US1TXMNG021,33,50.83,-17.83,-0.04,False
2016-08-30,US1TXMNG023,18,63.11,-45.11,-0.65,False
2016-08-30,US1TXMNG026,5,63.56,-58.56,-0.94,False
2016-08-30,US1TXMNG030,81,66.26,14.74,0.68,False
2016-08-30,US1TXMNG031,119,72.14,46.86,1.39,False
2016-08-30,US1TXMNG035,53,70.61,-17.61,-0.04,False
2016-08-30,US1TXMNG036,20,66.49,-46.49,-0.68,False
2016-08-30,US1TXMNG051,71,68.09,2.91,0.42,False
2016-08-30,US1TXMNG055,0,67.52,-67.52,-1.14,False
2016-08-30,US1TXMNG058,74,67.89,6.11,0.49,False
2016-08-30,US1TXMNG061,163,67.71,95.29,2.46,False
2016-08-30,US1TXMTG004,386,26.18,359.82,8.31,True
2016-08-30,US1TXNW0002,147,81.75,65.25,1.79,False
2016-08-30,US1TXOR0001,0,15.77,-15.77,0.0,False
2016-08-30,US1TXPL0003,284,144.95,139.05,3.43,False
2016-08-30,US1TXPL0016,114,133.69,-19.69,-0.08,False
2016-08-30,US1TXPL0018,107,109.58,-2.58,0.29,False
2016-08-30,US1TXPL0024,175,111.9,63.1,1.75,False
2016-08-30,US1TXPL0027,254,153.47,100.53,2.57,False
2016-08-30,US1TXPL0028,94,115.51,-21.51,-0.12,False
2016-08-30,US1TXPL0032,38,114.51,-76.51,-1.34,False
2016-08-30,US1TXPL0035,132,124.62,7.38,0.51,False
2016-08-30,US1TXSB0001,0,90.2,-90.2,-1.64,False
2016-08-30,US1TXSJ0011,20,111.17,-91.17,-1.66,False
2016-08-30,US1TXTR0003,89,95.2,-6.2,0.21,False
2016-08-30,US1TXTR0008,239,95.47,143.53,3.52,True
2016-08-30,US1TXTR0009,183,103.3,79.7,2.11,False
2016-08-30,US1TXTT0003,175,101.44,73.56,1.98,False
2016-08-30,US1TXWA0003,104,54.2,49.8,1.45,False
2016-08-30,US1TXWA0005,0,45.68,-45.68,-0.66,False
2016-08-30,US1TXWA0006,36,42.51,-6.51,0.21,False
2016-08-30,US1TXWA0009,28,45.73,-17.73,-0.04,False
2016-08-30,US1TXWA0010,64,43.82,20.18,0.8,False
2016-08-30,US1TXWA0012,61,57.99,3.01,0.42,False
2016-08-30,US1TXWA0017,155,50.08,104.92,2.67,False
2016-08-30,US1TXWA0018,23,42.66,-19.66,-0.08,False
2016-08-30,US1TXWA0024,23,41.87,-18.87,-0.07,False
2016-08-30,US1TXWH0001,5,18.97,-13.97,0.04,False
2016-08-30,US1TXWH0002,0,26.89,-26.89,-0.24,False
2016-08-30,US1TXWH0004,0,17.52,-17.52,-0.04,False
2016-08-30,US1TXWH0009,0,32.55,-32.55,-0.37,False
2016-08-30,US1TXWH0010,0,9.76,-9.76,0.14,False
2016-08-30,US1TXWH0016,0,22.32,-22.32,-0.14,False
2016-08-30,US1TXWH0018,10,38.89,-28.89,-0.29,False
2016-08-30,US1TXWK0003,81,79.07,1.93,0.39,False
2016-08-30,US1TXWK0005,10,81.09,-71.09,-1.22,False
2016-08-30,US1TXWK0012,183,96.41,86.59,2.27,False
2016-08-30,US1TXWK0013,287,88.57,198.43,4.74,True
2016-08-30,US1TXWK0014,160,96.06,63.94,1.76,False
2016-08-30,US1TXWK0015,20,92.54,-72.54,-1.25,False
2016-08-30,US1TXWK0018,13,65.82,-52.82,-0.82,False
2016-08-30,US1TXWK0020,8,74.11,-66.11,-1.11,False
2016-08-30,US1TXWK0021,89,105.03,-16.03,-0.0,False
2016-08-30,US1TXWL0009,135,48.98,86.02,2.25,False
2016-08-30,USC00160007,18,34.59,-16.59,-0.02,False
2016-08-30,USC00160098,224,69.28,154.72,3.77,True
2016-08-30,USC00160103,0,124.89,-124.89,-2.41,False
2016-08-30,USC00160548,20,28.63,-8.63,0.16,False
2016-08-30,USC00160558,13,35.26,-22.26,-0.14,False
2016-08-30,USC00160565,43,47.56,-4.56,0.25,False
2016-08-30,USC00160617,84,58.3,25.7,0.92,False
2016-08-30,USC00160658,3,15.51,-12.51,0.07,False
2016-08-30,USC00161232,5,76.13,-71.13,-1.22,False
2016-08-30,USC00161287,0,53.75,-53.75,-0.84,False
2016-08-30,USC00161565,0,44.35,-44.35,-0.63,False
2016-08-30,USC00162212,13,47.42,-34.42,-0.41,False
2016-08-30,USC00162367,13,52.97,-39.97,-0.53,False
2016-08-30,USC00162534,13,56.42,-43.42,-0.61,False
2016-08-30,USC00163313,0,54.13,-54.13,-0.85,False
2016-08-30,USC00163800,5,79.98,-74.98,-1.31,False
2016-08-30,USC00163979,0,12.65,-12.65,0.07,False
2016-08-30,USC00164288,127,64.22,62.78,1.74,False
2016-08-30,USC00164674,145,47.15,97.85,2.51,False
2016-08-30,USC00164700,5,35.68,-30.68,-0.33,False
2016-08-30,USC00164739,41,78.79,-37.79,-0.48,False
2016-08-30,USC00164775,30,65.42,-35.42,-0.43,False
2016-08-30,USC00165065,38,28.9,9.1,0.55,False
2016-08-30,USC00165074,0,11.93,-11.93,0.09,False
2016-08-30,USC00165076,3,10.59,-7.59,0.18,False
2016-08-30,USC00165266,23,65.5,-42.5,-0.59,False
2016-08-30,USC00165287,8,63.38,-55.38,-0.87,False
2016-08-30,USC00165296,97,43.69,53.31,1.53,False
2016-08-30,USC00165620,23,31.26,-8.26,0.17,False
2016-08-30,USC00165920,183,79.91,103.09,2.63,False
2016-08-30,USC00166394,102,44.02,57.98,1.63,False
2016-08-30,USC00166431,15,12.3,2.7,0.41,False
2016-08-30,USC00166434,0,21.02,-21.02,-0.11,False
2016-08-30,USC00166561,264,38.27,225.73,5.34,True
2016-08-30,USC00166686,0,86.58,-86.58,-1.56,False
2016-08-30,USC00166808,94,52.82,41.18,1.26,False
2016-08-30,USC00166938,132,42.38,89.62,2.33,False
2016-08-30,USC00166968,0,16.24,-16.24,-0.01,False
2016-08-30,USC00166995,300,52.4,247.6,5.82,True
2016-08-30,USC00167366,0,37.5,-37.5,-0.48,False
2016-08-30,USC00167448,0,36.12,-36.12,-0.45,False
2016-08-30,USC00167732,191,77.24,113.76,2.87,False
2016-08-30,USC00167932,25,23.11,1.89,0.39,False
2016-08-30,USC00168136,188,52.39,135.61,3.35,False
2016-08-30,USC00168181,48,30.49,17.51,0.74,False
2016-08-30,USC00168831,0,11.44,-11.44,0.1,False
2016-08-30,USC00169074,102,89.03,12.97,0.64,False
2016-08-30,USC00223441,5,61.58,-56.58,-0.9,False
2016-08-30,USC00410235,51,70.95,-19.95,-0.09,False
2016-08-30,USC00410257,97,54.93,42.07,1.28,False
2016-08-30,USC00410569,61,40.73,20.27,0.8,False
2016-08-30,USC00410586,249,72.63,176.37,4.25,True
2016-08-30,USC00410611,0,26.69,-26.69,-0.24,False
2016-08-30,USC00410613,23,48.84,-25.84,-0.22,False
2016-08-30,USC00410655,8,32.72,-24.72,-0.2,False
2016-08-30,USC00411048,38,37.3,0.7,0.37,False
2016-08-30,USC00411596,325,94.09,230.91,5.46,True
2016-08-30,USC00411810,191,98.22,92.78,2.4,False
2016-08-30,USC00411956,64,78.38,-14.38,0.03,False
2016-08-30,USC00412114,224,126.64,97.36,2.5,False
2016-08-30,USC00412206,127,68.85,58.15,1.64,False
2016-08-30,USC00412266,5,34.17,-29.17,-0.29,False
2016-08-30,USC00412676,53,42.63,10.37,0.58,False
2016-08-30,USC00412786,0,10.11,-10.11,0.13,False
2016-08-30,USC00413340,86,66.08,19.92,0.79,False
2016-08-30,USC00414325,20,64.13,-44.13,-0.62,False
2016-08-30,USC00414327,53,63.92,-10.92,0.11,False
2016-08-30,USC00414333,0,85.0,-85.0,-1.53,False
2016-08-30,USC00414382,28,64.69,-36.69,-0.46,False
2016-08-30,USC00414563,185,77.34,107.66,2.73,False
2016-08-30,USC00414704,0,54.54,-54.54,-0.85,False
2016-08-30,USC00414878,0,35.81,-35.81,-0.44,False
2016-08-30,USC00415196,5,72.01,-67.01,-1.13,False
2016-08-30,USC00415271,267,106.16,160.84,3.91,True
2016-08-30,USC00415435,13,35.82,-22.82,-0.15,False
2016-08-30,USC00415477,0,91.49,-91.49,-1.67,False
2016-08-30,USC00416024,13,56.13,-43.13,-0.6,False
2016-08-30,USC00416280,30,82.38,-52.38,-0.81,False
2016-08-30,USC00416664,0,17.39,-17.39,-0.03,False
2016-08-30,USC00416680,3,24.41,-21.41,-0.12,False
2016-08-30,USC00417040,0,94.98,-94.98,-1.75,False
2016-08-30,USC00417172,0,11.98,-11.98,0.09,False
2016-08-30,USC00417594,0,42.18,-42.18,-0.58,False
2016-08-30,USC00417936,183,85.75,97.25,2.5,False
2016-08-30,USC00418996,0,49.74,-49.74,-0.75,False
2016-08-30,USC00419101,287,80.45,206.55,4.92,True
2016-08-30,USC00419605,94,56.23,37.77,1.19,False
2016-08-30,USC00419655,0,19.81,-19.81,-0.09,False
2016-08-30,USW00003904,112,67.21,44.79,1.34,False
2016-08-30,USW00003937,0,10.83,-10.83,0.11,False
2016-08-30,USW00003949,0,79.96,-79.96,-1.42,False
2016-08-30,USW00012917,0,14.73,-14.73,0.03,False
2016-08-30,USW00012918,0,64.52,-64.52,-1.07,False
2016-08-30,USW00012923,0,106.34,-106.34,-2.0,False
2016-08-30,USW00012935,99,76.84,22.16,0.84,False
2016-08-30,USW00012953,0,39.05,-39.05,-0.51,False
2016-08-30,USW00012960,0,74.4,-74.4,-1.29,False
2016-08-30,USW00012968,0,52.46,-52.46,-0.81,False
2016-08-30,USW00012975,0,67.1,-67.1,-1.13,False
2016-08-30,USW00012976,0,66.27,-66.27,-1.11,False
2016-08-30,USW00012977,0,40.36,-40.36,-0.54,False
2016-08-30,USW00012981,0,50.31,-50.31,-0.76,False
2016-08-30,USW00013935,0,96.67,-96.67,-1.79,False
2016-08-30,USW00013970,5,54.02,-49.02,-0.73,False
2016-08-30,USW00013976,0,53.97,-53.97,-0.84,False
2016-08-30,USW00053902,23,77.58,-54.58,-0.86,False
2016-08-30,USW00053903,0,112.3,-112.3,-2.13,False
2016-08-30,USW00053910,0,71.45,-71.45,-1.23,False
2016-08-30,USW00053915,0,52.5,-52.5,-0.81,False
2016-08-30,USW00053928,0,51.45,-51.45,-0.79,False
2016-08-30,USW00053960,6,53.42,-47.42,-0.7,False
2016-08-30,USW00093915,0,101.41,-101.41,-1.89,False
2016-08-30,USW00093987,0,85.67,-85.67,-1.54,False
2016-08-31,US1LAAC0002,0,0.66,-0.66,0.59,False
2016-08-31,US1LAAV0001,0,0.14,-0.14,0.66,False
2016-08-31,US1LABG0002,0,0.33,-0.33,0.64,False
2016-08-31,US1LACC0003,0,0.06,-0.06,0.67,False
2016-08-31,US1LACC0006,0,0.0,0.0,0.68,False
2016-08-31,US1LACC0009,0,0.0,0.0,0.68,False
2016-08-31,US1LACC0014,0,0.0,0.0,0.68,False
2016-08-31,US1LACC0016,0,0.44,-0.44,0.62,False
2016-08-31,US1LACC0017,0,0.0,0.0,0.68,False
2016-08-31,US1LACM0003,0,0.0,0.0,0.68,False
2016-08-31,US1LAEB0002,0,4.78,-4.78,0.02,False
2016-08-31,US1LAEB0009,0,7.99,-7.99,-0.42,False
2016-08-31,US1LAEB0014,0,3.75,-3.75,0.16,False
2016-08-31,US1LAEB0023,25,4.39,20.61,3.53,True
2016-08-31,US1LAEB0027,0,3.99,-3.99,0.13,False
2016-08-31,US1LAEB0033,5,4.96,0.04,0.69,False
2016-08-31,US1LAEB0041,0,4.23,-4.23,0.1,False
2016-08-31,US1LAEB0042,0,5.97,-5.97,-0.14,False
2016-08-31,US1LAEB0046,3,4.15,-1.15,0.52,False
2016-08-31,US1LAEB0047,0,4.58,-4.58,0.05,False
2016-08-31,US1LAEB0053,0,4.3,-4.3,0.09,False
2016-08-31,US1LAEB0054,0,4.85,-4.85,0.01,False
2016-08-31,US1LAEB0056,0,5.79,-5.79,-0.12,False
2016-08-31,US1LAJD0002,0,0.27,-0.27,0.64,False
2016-08-31,US1LALY0007,3,1.45,1.55,0.9,False
2016-08-31,US1LAPC0002,0,5.18,-5.18,-0.03,False
2016-08-31,US1LARP0007,0,0.0,0.0,0.68,False
2016-08-31,US1LASL0001,0,1.46,-1.46,0.48,False
2016-08-31,US1LASM0002,10,4.14,5.86,1.49,False
2016-08-31,US1LAVM0002,0,0.52,-0.52,0.61,False
2016-08-31,US1LAVM0004,3,0.48,2.52,1.03,False
2016-08-31,US1LAWF0004,0,3.76,-3.76,0.16,False
2016-08-31,US1MSAD0004,0,8.43,-8.43,-0.48,False
2016-08-31,US1TXAG0001,0,1.71,-1.71,0.45,False
2016-08-31,US1TXAG0002,0,2.56,-2.56,0.33,False
2016-08-31,US1TXAG0003,0,2.72,-2.72,0.31,False
2016-08-31,US1TXAG0005,10,0.3,9.7,2.02,False
2016-08-31,US1TXAS0003,48,10.6,37.4,5.85,True
2016-08-31,US1TXAS0004,0,12.43,-12.43,-1.04,False
2016-08-31,US1TXAS0005,0,10.95,-10.95,-0.83,False
2016-08-31,US1TXAS0006,0,9.83,-9.83,-0.68,False
2016-08-31,US1TXAS0007,0,9.62,-9.62,-0.65,False
2016-08-31,US1TXAS0008,8,13.33,-5.33,-0.06,False
2016-08-31,US1TXAS0012,8,20.38,-12.38,-1.03,False
2016-08-31,US1TXAS0014,0,12.26,-12.26,-1.01,False
2016-08-31,US1TXAS0015,0,6.22,-6.22,-0.18,False
2016-08-31,US1TXAS0017,13,10.74,2.26,0.99,False
2016-08-31,US1TXBRZ020,0,11.15,-11.15,-0.86,False
2016-08-31,US1TXBRZ021,0,11.74,-11.74,-0.94,False
2016-08-31,US1TXBRZ025,0,14.32,-14.32,-1.3,False
2016-08-31,US1TXBRZ027,8,9.23,-1.23,0.51,False
2016-08-31,US1TXBRZ032,3,11.26,-8.26,-0.46,False
2016-08-31,US1TXBZS040,25,25.51,-0.51,0.61,False
2016-08-31,US1TXBZS075,140,21.59,118.41,17.05,True
2016-08-31,US1TXBZS077,74,32.14,41.86,6.47,True
2016-08-31,US1TXBZS088,0,29.22,-29.22,-3.36,False
2016-08-31,US1TXBZS096,0,56.08,-56.08,-7.07,True
2016-08-31,US1TXBZS097,53,40.02,12.98,2.48,False
2016-08-31,US1TXBZS098,0,26.69,-26.69,-3.01,False
2016-08-31,US1TXBZS099,28,30.03,-2.03,0.4,False
2016-08-31,US1TXBZS100,76,24.61,51.39,7.78,True
2016-08-31,US1TXCHM008,56,16.2,39.8,6.18,True
2016-08-31,US1TXCLR006,3,11.67,-8.67,-0.52,False
2016-08-31,US1TXCLR010,0,12.68,-12.68,-1.07,False
2016-08-31,US1TXFB0005,8,17.76,-9.76,-0.67,False
2016-08-31,US1TXFB0012,5,18.8,-13.8,-1.23,False
2016-08-31,US1TXFB0018,0,14.79,-14.79,-1.36,False
2016-08-31,US1TXFB0022,0,13.0,-13.0,-1.12,False
2016-08-31,US1TXFB0028,0,11.84,-11.84,-0.95,False
2016-08-31,US1TXFB0032,0,11.77,-11.77,-0.95,False
2016-08-31,US1TXFB0040,0,15.88,-15.88,-1.51,False
2016-08-31,US1TXFB0043,5,11.28,-6.28,-0.19,False
2016-08-31,US1TXGM0007,0,24.09,-24.09,-2.65,False
2016-08-31,US1TXGV0005,0,15.7,-15.7,-1.49,False
2016-08-31,US1TXGV0017,38,12.88,25.12,4.15,True
2016-08-31,US1TXGV0029,3,8.99,-5.99,-0.15,False
2016-08-31,US1TXGV0034,0,9.45,-9.45,-0.62,False
2016-08-31,US1TXGV0044,0,10.92,-10.92,-0.83,False
2016-08-31,US1TXGV0046,0,9.1,-9.1,-0.58,False
2016-08-31,US1TXGV0050,0,9.62,-9.62,-0.65,False
2016-08-31,US1TXGV0051,15,15.71,-0.71,0.58,False
2016-08-31,US1TXGV0052,0,12.1,-12.1,-0.99,False
2016-08-31,US1TXGV0054,3,19.99,-16.99,-1.67,False
2016-08-31,US1TXHRN001,0,3.01,-3.01,0.27,False
2016-08-31,US1TXHRN002,0,4.6,-4.6,0.05,False
2016-08-31,US1TXHRN005,0,1.97,-1.97,0.41,False
2016-08-31,US1TXHRN006,0,2.22,-2.22,0.38,False
2016-08-31,US1TXHRR015,0,13.18,-13.18,-1.14,False
2016-08-31,US1TXHRR027,10,11.43,-1.43,0.48,False
2016-08-31,US1TXHRR028,3,9.9,-6.9,-0.27,False
2016-08-31,US1TXHRR031,0,10.68,-10.68,-0.79,False
2016-08-31,US1TXHRR032,0,12.09,-12.09,-0.99,False
2016-08-31,US1TXHRR033,0,12.67,-12.67,-1.07,False
2016-08-31,US1TXHRR052,0,10.32,-10.32,-0.75,False
2016-08-31,US1TXHRR058,5,12.27,-7.27,-0.32,False
2016-08-31,US1TXHRR074,0,12.07,-12.07,-0.99,False
2016-08-31,US1TXHRR089,0,8.69,-8.69,-0.52,False
2016-08-31,US1TXHRR093,0,13.67,-13.67,-1.21,False
2016-08-31,US1TXHRR116,5,10.43,-5.43,-0.07,False
2016-08-31,US1TXHRR117,0,13.51,-13.51,-1.19,False
2016-08-31,US1TXHRR119,3,12.66,-9.66,-0.65,False
2016-08-31,US1TXHRR124,0,12.54,-12.54,-1.05,False
2016-08-31,US1TXHRR139,38,14.35,23.65,3.95,True
2016-08-31,US1TXHRR147,0,11.79,-11.79,-0.95,False
2016-08-31,US1TXHRR150,0,12.26,-12.26,-1.01,False
2016-08-31,US1TXHRR162,3,13.61,-10.61,-0.79,False
2016-08-31,US1TXHRR164,0,12.36,-12.36,-1.03,False
2016-08-31,US1TXHRR165,64,18.53,45.47,6.97,True
2016-08-31,US1TXHRR168,0,12.97,-12.97,-1.11,False
2016-08-31,US1TXHRR170,0,8.27,-8.27,-0.46,False
2016-08-31,US1TXHRR176,8,14.85,-6.85,-0.27,False
2016-08-31,US1TXHRR203,0,13.08,-13.08,-1.13,False
2016-08-31,US1TXHRR209,46,22.37,23.63,3.95,True
2016-08-31,US1TXHRR222,0,15.07,-15.07,-1.4,False
2016-08-31,US1TXHRR225,5,12.57,-7.57,-0.36,False
2016-08-31,US1TXHRR228,46,10.89,35.11,5.53,True
2016-08-31,US1TXHRR232,3,15.44,-12.44,-1.04,False
2016-08-31,US1TXHST003,3,7.53,-4.53,0.06,False
2016-08-31,US1TXJJ0009,0,2.96,-2.96,0.27,False
2016-08-31,US1TXJJ0010,0,1.77,-1.77,0.44,False
2016-08-31,US1TXJJ0011,0,2.99,-2.99,0.27,False
2016-08-31,US1TXLR0001,33,17.31,15.69,2.85,False
2016-08-31,US1TXLR0005,0,6.7,-6.7,-0.24,False
2016-08-31,US1TXLR0013,38,15.46,22.54,3.8,True
2016-08-31,US1TXLR0014,0,6.48,-6.48,-0.21,False
2016-08-31,US1TXLR0015,0,9.58,-9.58,-0.64,False
2016-08-31,US1TXMNG004,15,24.06,-9.06,-0.57,False
2016-08-31,US1TXMNG008,3,13.27,-10.27,-0.74,False
2016-08-31,US1TXMNG014,30,26.52,3.48,1.16,False
2016-08-31,US1TXMNG020,46,21.75,24.25,4.03,True
2016-08-31,US1TXMNG021,81,32.89,48.11,7.33,True
2016-08-31,US1TXMNG023,0,15.41,-15.41,-1.45,False
2016-08-31,US1TXMNG026,3,13.76,-10.76,-0.81,False
2016-08-31,US1TXMNG030,3,13.03,-10.03,-0.7,False
2016-08-31,US1TXMNG031,0,23.09,-23.09,-2.51,False
2016-08-31,US1TXMNG035,8,13.98,-5.98,-0.14,False
2016-08-31,US1TXMNG051,8,14.61,-6.61,-0.23,False
2016-08-31,US1TXMNG055,0,17.9,-17.9,-1.79,False
2016-08-31,US1TXMNG058,10,11.78,-1.78,0.44,False
2016-08-31,US1TXMNG061,124,12.66,111.34,16.07,True
2016-08-31,US1TXMTG004,3,9.92,-6.92,-0.27,False
2016-08-31,US1TXOR0001,0,0.06,-0.06,0.67,False
2016-08-31,US1TXPL0016,0,7.59,-7.59,-0.37,False
2016-08-31,US1TXPL0018,0,9.93,-9.93,-0.69,False
2016-08-31,US1TXPL0024,0,8.77,-8.77,-0.53,False
2016-08-31,US1TXPL0027,0,10.01,-10.01,-0.7,False
2016-08-31,US1TXPL0035,3,9.17,-6.17,-0.17,False
2016-08-31,US1TXSB0001,0,6.04,-6.04,-0.15,False
2016-08-31,US1TXSJ0011,0,11.29,-11.29,-0.88,False
2016-08-31,US1TXTR0003,0,5.39,-5.39,-0.06,False
2016-08-31,US1TXTT0003,0,16.39,-16.39,-1.58,False
2016-08-31,US1TXWA0003,0,12.85,-12.85,-1.09,False
2016-08-31,US1TXWA0005,18,12.29,5.71,1.47,False
2016-08-31,US1TXWA0006,0,5.67,-5.67,-0.1,False
2016-08-31,US1TXWA0009,0,5.71,-5.71,-0.11,False
2016-08-31,US1TXWA0010,0,8.2,-8.2,-0.45,False
2016-08-31,US1TXWA0012,0,13.03,-13.03,-1.12,False
2016-08-31,US1TXWA0017,0,15.69,-15.69,-1.49,False
2016-08-31,US1TXWA0024,0,9.2,-9.2,-0.59,False
2016-08-31,US1TXWH0001,0,5.41,-5.41,-0.07,False
2016-08-31,US1TXWH0002,0,7.83,-7.83,-0.4,False
2016-08-31,US1TXWH0004,0,5.24,-5.24,-0.04,False
2016-08-31,US1TXWH0009,0,8.37,-8.37,-0.47,False
2016-08-31,US1TXWH0010,0,2.87,-2.87,0.29,False
2016-08-31,US1TXWH0016,0,6.27,-6.27,-0.19,False
2016-08-31,US1TXWH0018,0,9.41,-9.41,-0.62,False
2016-08-31,US1TXWK0003,0,17.12,-17.12,-1.68,False
2016-08-31,US1TXWK0005,0,11.17,-11.17,-0.86,False
2016-08-31,US1TXWK0012,0,8.49,-8.49,-0.49,False
2016-08-31,US1TXWK0013,0,9.54,-9.54,-0.64,False
2016-08-31,US1TXWK0018,0,8.86,-8.86,-0.54,False
2016-08-31,US1TXWK0021,3,13.84,-10.84,-0.82,False
2016-08-31,USC00160007,0,2.1,-2.1,0.39,False
2016-08-31,USC00160098,0,0.0,0.0,0.68,False
2016-08-31,USC00160103,0,0.0,0.0,0.68,False
2016-08-31,USC00160462,3,5.36,-2.36,0.35,False
2016-08-31,USC00160548,0,4.22,-4.22,0.1,False
2016-08-31,USC00160558,0,4.15,-4.15,0.11,False
2016-08-31,USC00160565,0,9.51,-9.51,-0.63,False
2016-08-31,USC00160658,0,0.04,-0.04,0.68,False
2016-08-31,USC00161232,0,0.8,-0.8,0.57,False
2016-08-31,USC00161287,0,0.14,-0.14,0.66,False
2016-08-31,USC00161565,0,10.05,-10.05,-0.71,False
2016-08-31,USC00162212,0,0.7,-0.7,0.58,False
2016-08-31,USC00162367,0,1.35,-1.35,0.5,False
2016-08-31,USC00162534,0,22.71,-22.71,-2.46,False
2016-08-31,USC00163313,0,9.26,-9.26,-0.6,False
2016-08-31,USC00163800,0,1.36,-1.36,0.49,False
2016-08-31,USC00163979,0,0.0,0.0,0.68,False
2016-08-31,USC00164288,0,3.96,-3.96,0.13,False
2016-08-31,USC00164674,5,6.34,-1.34,0.5,False
2016-08-31,USC00164700,0,0.43,-0.43,0.62,False
2016-08-31,USC00164739,0,2.47,-2.47,0.34,False
2016-08-31,USC00164775,0,0.51,-0.51,0.61,False
2016-08-31,USC00165065,0,0.34,-0.34,0.63,False
2016-08-31,USC00165074,0,0.0,0.0,0.68,False
2016-08-31,USC00165076,0,0.0,0.0,0.68,False
2016-08-31,USC00165266,0,2.43,-2.43,0.35,False
2016-08-31,USC00165296,0,1.11,-1.11,0.53,False
2016-08-31,USC00165620,36,3.45,32.55,5.18,True
2016-08-31,USC00166394,0,19.95,-19.95,-2.08,False
2016-08-31,USC00166431,0,0.0,0.0,0.68,False
2016-08-31,USC00166434,0,0.0,0.0,0.68,False
2016-08-31,USC00166561,254,2.38,251.62,35.46,True
2016-08-31,USC00166686,0,4.79,-4.79,0.02,False
2016-08-31,USC00166808,18,5.1,12.9,2.47,False
2016-08-31,USC00166938,0,0.1,-0.1,0.67,False
2016-08-31,USC00166968,0,0.0,0.0,0.68,False
2016-08-31,USC00166995,0,1.42,-1.42,0.49,False
2016-08-31,USC00167366,0,7.63,-7.63,-0.37,False
2016-08-31,USC00167448,0,5.67,-5.67,-0.1,False
2016-08-31,USC00167729,0,1.73,-1.73,0.44,False
2016-08-31,USC00167732,0,0.06,-0.06,0.67,False
2016-08-31,USC00167932,0,0.19,-0.19,0.66,False
2016-08-31,USC00168136,0,5.01,-5.01,-0.01,False
2016-08-31,USC00168181,5,2.47,2.53,1.03,False
2016-08-31,USC00168831,0,0.0,0.0,0.68,False
2016-08-31,USC00169074,25,0.77,24.23,4.03,True
2016-08-31,USC00223441,41,4.01,36.99,5.79,True
2016-08-31,USC00410235,0,13.13,-13.13,-1.13,False
2016-08-31,USC00410569,0,9.7,-9.7,-0.66,False
2016-08-31,USC00410586,130,12.61,117.39,16.91,True
2016-08-31,USC00410611,0,3.09,-3.09,0.25,False
2016-08-31,USC00410613,0,4.83,-4.83,0.01,False
2016-08-31,USC00410655,0,6.19,-6.19,-0.17,False
2016-08-31,USC00411048,0,9.3,-9.3,-0.6,False
2016-08-31,USC00411596,127,23.34,103.66,15.01,True
2016-08-31,USC00411810,30,16.78,13.22,2.51,False
2016-08-31,USC00411956,5,22.35,-17.35,-1.72,False
2016-08-31,USC00412114,0,8.7,-8.7,-0.52,False
2016-08-31,USC00412206,0,12.99,-12.99,-1.11,False
2016-08-31,USC00412266,8,7.61,0.39,0.74,False
2016-08-31,USC00412676,112,7.22,104.78,15.16,True
2016-08-31,USC00412786,0,2.9,-2.9,0.28,False
2016-08-31,USC00413340,61,8.79,52.21,7.9,True
2016-08-31,USC00414325,0,12.87,-12.87,-1.1,False
2016-08-31,USC00414327,38,12.17,25.83,4.25,True
2016-08-31,USC00414333,0,10.8,-10.8,-0.81,False
2016-08-31,USC00414382,0,8.54,-8.54,-0.5,False
2016-08-31,USC00414704,0,11.33,-11.33,-0.88,False
2016-08-31,USC00414878,0,2.15,-2.15,0.38,False
2016-08-31,USC00415196,0,13.47,-13.47,-1.18,False
2016-08-31,USC00415271,0,7.86,-7.86,-0.41,False
2016-08-31,USC00415427,0,4.24,-4.24,0.09,False
2016-08-31,USC00415435,0,3.03,-3.03,0.26,False
2016-08-31,USC00415477,109,19.03,89.97,13.12,True
2016-08-31,USC00416024,64,38.28,25.72,4.24,True
2016-08-31,USC00416280,0,13.12,-13.12,-1.13,False
2016-08-31,USC00416664,0,0.07,-0.07,0.67,False
2016-08-31,USC00416680,0,0.18,-0.18,0.66,False
2016-08-31,USC00417040,0,4.29,-4.29,0.09,False
2016-08-31,USC00417172,0,2.01,-2.01,0.4,False
2016-08-31,USC00417594,0,13.15,-13.15,-1.14,False
2016-08-31,USC00417936,8,1.94,6.06,1.52,False
2016-08-31,USC00418996,0,12.44,-12.44,-1.04,False
2016-08-31,USC00419101,5,1.91,3.09,1.11,False
2016-08-31,USC00419491,0,14.31,-14.31,-1.3,False
2016-08-31,USC00419605,0,11.07,-11.07,-0.85,False
2016-08-31,USC00419655,0,5.13,-5.13,-0.03,False
2016-08-31,USW00003904,0,38.17,-38.17,-4.59,True
2016-08-31,USW00003937,0,0.0,0.0,0.68,False
2016-08-31,USW00003949,0,2.28,-2.28,0.37,False
2016-08-31,USW00012917,0,1.98,-1.98,0.41,False
2016-08-31,USW00012918,0,12.76,-12.76,-1.08,False
2016-08-31,USW00012923,84,12.25,71.75,10.6,True
2016-08-31,USW00012935,15,5.47,9.53,2.0,False
2016-08-31,USW00012953,56,7.39,48.61,7.4,True
2016-08-31,USW00012960,3,13.21,-10.21,-0.73,False
2016-08-31,USW00012968,0,13.97,-13.97,-1.25,False
2016-08-31,USW00012975,147,7.15,139.85,20.01,True
2016-08-31,USW00012976,0,11.16,-11.16,-0.86,False
2016-08-31,USW00012977,135,9.01,125.99,18.1,True
2016-08-31,USW00012981,0,9.22,-9.22,-0.59,False
2016-08-31,USW00013935,0,0.0,0.0,0.68,False
2016-08-31,USW00013970,0,5.76,-5.76,-0.12,False
2016-08-31,USW00013976,0,4.37,-4.37,0.08,False
2016-08-31,USW00053902,46,16.98,29.02,4.69,True
2016-08-31,USW00053903,0,9.03,-9.03,-0.57,False
2016-08-31,USW00053910,10,12.34,-2.34,0.36,False
2016-08-31,USW00053915,0,5.04,-5.04,-0.02,False
2016-08-31,USW00053928,10,11.99,-1.99,0.41,False
2016-08-31,USW00053960,0,5.17,-5.17,-0.03,False
2016-08-31,USW00093915,0,0.46,-0.46,0.62,False
2016-08-31,USW00093987,0,1.84,-1.84,0.43,False
2016-09-01,US1LAAC0002,0,0.18,-0.18,0.29,False
2016-09-01,US1LAAV0001,5,0.0,5.0,1.03,False
2016-09-01,US1LABG0002,0,0.69,-0.69,0.21,False
2016-09-01,US1LACC0003,0,0.0,0.0,0.31,False
2016-09-01,US1LACC0006,0,0.14,-0.14,0.29,False
2016-09-01,US1LACC0009,0,0.0,0.0,0.31,False
2016-09-01,US1LACC0014,0,0.16,-0.16,0.29,False
2016-09-01,US1LACC0016,0,0.94,-0.94,0.18,False
2016-09-01,US1LACC0017,0,0.11,-0.11,0.3,False
2016-09-01,US1LAEB0002,0,0.02,-0.02,0.31,False
2016-09-01,US1LAEB0009,0,0.04,-0.04,0.31,False
2016-09-01,US1LAEB0014,0,0.02,-0.02,0.31,False
2016-09-01,US1LAEB0023,0,0.03,-0.03,0.31,False
2016-09-01,US1LAEB0027,0,0.02,-0.02,0.31,False
2016-09-01,US1LAEB0033,0,0.02,-0.02,0.31,False
2016-09-01,US1LAEB0041,0,0.02,-0.02,0.31,False
2016-09-01,US1LAEB0042,0,0.03,-0.03,0.31,False
2016-09-01,US1LAEB0046,0,0.02,-0.02,0.31,False
2016-09-01,US1LAEB0047,0,0.02,-0.02,0.31,False
2016-09-01,US1LAEB0053,0,0.02,-0.02,0.31,False
2016-09-01,US1LAEB0056,0,0.09,-0.09,0.3,False
2016-09-01,US1LAJD0002,0,0.06,-0.06,0.3,False
2016-09-01,US1LALY0007,0,0.16,-0.16,0.29,False
2016-09-01,US1LAPC0002,0,0.11,-0.11,0.3,False
2016-09-01,US1LARP0007,0,0.2,-0.2,0.28,False
2016-09-01,US1LASL0001,0,0.14,-0.14,0.29,False
2016-09-01,US1LASM0002,0,0.22,-0.22,0.28,False
2016-09-01,US1LAVM0002,0,0.07,-0.07,0.3,False
2016-09-01,US1LAVM0004,0,0.09,-0.09,0.3,False
2016-09-01,US1LAWB0002,0,0.04,-0.04,0.31,False
2016-09-01,US1LAWF0004,0,0.08,-0.08,0.3,False
2016-09-01,US1TXAG0001,0,0.3,-0.3,0.27,False
2016-09-01,US1TXAG0002,0,1.89,-1.89,0.04,False
2016-09-01,US1TXAG0003,0,0.21,-0.21,0.28,False
2016-09-01,US1TXAG0005,0,0.12,-0.12,0.3,False
2016-09-01,US1TXAS0003,0,14.02,-14.02,-1.7,False
2016-09-01,US1TXAS0004,0,11.92,-11.92,-1.4,False
2016-09-01,US1TXAS0005,0,15.08,-15.08,-1.85,False
2016-09-01,US1TXAS0006,5,13.66,-8.66,-0.93,False
2016-09-01,US1TXAS0007,0,14.15,-14.15,-1.71,False
2016-09-01,US1TXAS0014,0,13.92,-13.92,-1.68,False
2016-09-01,US1TXAS0015,0,4.7,-4.7,-0.36,False
2016-09-01,US1TXAS0017,0,23.03,-23.03,-2.99,False
2016-09-01,US1TXBRZ020,10,25.57,-15.57,-1.92,False
2016-09-01,US1TXBRZ021,0,24.48,-24.48,-3.19,False
2016-09-01,US1TXBRZ025,0,19.36,-19.36,-2.46,False
2016-09-01,US1TXBRZ027,0,30.99,-30.99,-4.13,True
2016-09-01,US1TXBRZ032,79,16.97,62.03,9.2,True
2016-09-01,US1TXBZS040,0,1.88,-1.88,0.04,False
2016-09-01,US1TXBZS096,0,1.2,-1.2,0.14,False
2016-09-01,US1TXBZS097,0,1.29,-1.29,0.13,False
2016-09-01,US1TXBZS098,0,2.18,-2.18,0.0,False
2016-09-01,US1TXBZS099,0,1.48,-1.48,0.1,False
2016-09-01,US1TXBZS100,0,1.43,-1.43,0.11,False
2016-09-01,US1TXCHM008,0,24.27,-24.27,-3.16,False
2016-09-01,US1TXCLR006,0,16.85,-16.85,-2.1,False
2016-09-01,US1TXCLR010,0,16.04,-16.04,-1.98,False
2016-09-01,US1TXFB0005,102,62.29,39.71,6.0,True
2016-09-01,US1TXFB0012,140,48.56,91.44,13.42,True
2016-09-01,US1TXFB0018,33,27.0,6.0,1.17,False
2016-09-01,US1TXFB0022,64,28.67,35.33,5.38,True
2016-09-01,US1TXFB0028,0,22.11,-22.11,-2.85,False
2016-09-01,US1TXFB0032,0,20.6,-20.6,-2.64,False
2016-09-01,US1TXFB0040,38,31.46,6.54,1.25,False
2016-09-01,US1TXFB0042,84,25.79,58.21,8.65,True
2016-09-01,US1TXFB0043,0,22.29,-22.29,-2.88,False
2016-09-01,US1TXGM0007,0,2.13,-2.13,0.01,False
2016-09-01,US1TXGV0005,18,19.48,-1.48,0.1,False
2016-09-01,US1TXGV0006,104,14.1,89.9,13.2,True
2016-09-01,US1TXGV0018,8,18.84,-10.84,-1.24,False
2016-09-01,US1TXGV0029,0,12.72,-12.72,-1.51,False
2016-09-01,US1TXGV0034,0,14.07,-14.07,-1.7,False
2016-09-01,US1TXGV0044,0,15.44,-15.44,-1.9,False
2016-09-01,US1TXGV0046,0,12.58,-12.58,-1.49,False
2016-09-01,US1TXGV0049,13,40.04,-27.04,-3.56,True
2016-09-01,US1TXGV0050,0,14.8,-14.8,-1.81,False
2016-09-01,US1TXGV0051,3,23.08,-20.08,-2.57,False
2016-09-01,US1TXGV0052,28,18.4,9.6,1.69,False
2016-09-01,US1TXGV0054,8,19.04,-11.04,-1.27,False
2016-09-01,US1TXHRN001,0,11.13,-11.13,-1.28,False
2016-09-01,US1TXHRN002,0,14.51,-14.51,-1.77,False
2016-09-01,US1TXHRN005,0,6.45,-6.45,-0.61,False
2016-09-01,US1TXHRN006,0,7.3,-7.3,-0.73,False
2016-09-01,US1TXHRR015,53,24.09,28.91,4.46,True
2016-09-01,US1TXHRR027,0,11.68,-11.68,-1.36,False
2016-09-01,US1TXHRR028,0,16.57,-16.57,-2.06,False
2016-09-01,US1TXHRR031,104,17.5,86.5,12.71,True
2016-09-01,US1TXHRR032,0,15.74,-15.74,-1.94,False
2016-09-01,US1TXHRR033,124,23.74,100.26,14.68,True
2016-09-01,US1TXHRR052,0,16.49,-16.49,-2.05,False
2016-09-01,US1TXHRR058,0,11.38,-11.38,-1.32,False
2016-09-01,US1TXHRR074,0,11.95,-11.95,-1.4,False
2016-09-01,US1TXHRR089,30,26.98,3.02,0.75,False
2016-09-01,US1TXHRR093,0,16.79,-16.79,-2.09,False
2016-09-01,US1TXHRR117,0,11.82,-11.82,-1.38,False
2016-09-01,US1TXHRR119,0,14.58,-14.58,-1.78,False
2016-09-01,US1TXHRR121,48,16.24,31.76,4.86,True
2016-09-01,US1TXHRR124,0,13.64,-13.64,-1.64,False
2016-09-01,US1TXHRR139,20,17.84,2.16,0.62,False
2016-09-01,US1TXHRR147,0,15.54,-15.54,-1.91,False
2016-09-01,US1TXHRR150,81,25.96,55.04,8.2,True
2016-09-01,US1TXHRR162,0,20.75,-20.75,-2.66,False
2016-09-01,US1TXHRR164,0,12.22,-12.22,-1.44,False
2016-09-01,US1TXHRR165,0,12.07,-12.07,-1.42,False
2016-09-01,US1TXHRR168,0,20.24,-20.24,-2.59,False
2016-09-01,US1TXHRR170,30,27.87,2.13,0.62,False
2016-09-01,US1TXHRR176,0,13.37,-13.37,-1.6,False
2016-09-01,US1TXHRR203,0,13.3,-13.3,-1.59,False
2016-09-01,US1TXHRR209,0,12.18,-12.18,-1.43,False
2016-09-01,US1TXHRR217,0,17.68,-17.68,-2.22,False
2016-09-01,US1TXHRR222,0,19.73,-19.73,-2.51,False
2016-09-01,US1TXHRR228,0,18.83,-18.83,-2.39,False
2016-09-01,US1TXHRR232,0,13.53,-13.53,-1.63,False
2016-09-01,US1TXHST003,0,0.32,-0.32,0.27,False
2016-09-01,US1TXJJ0009,0,10.1,-10.1,-1.13,False
2016-09-01,US1TXJJ0010,0,6.68,-6.68,-0.64,False
2016-09-01,US1TXJJ0011,0,9.11,-9.11,-0.99,False
2016-09-01,US1TXJS0003,0,1.98,-1.98,0.03,False
2016-09-01,US1TXLR0001,8,24.91,-16.91,-2.11,False
2016-09-01,US1TXLR0005,0,93.08,-93.08,-13.03,True
2016-09-01,US1TXLR0010,15,34.7,-19.7,-2.51,False
2016-09-01,US1TXLR0013,127,15.73,111.27,16.26,True
2016-09-01,US1TXLR0014,150,29.61,120.39,17.56,True
2016-09-01,US1TXLR0015,132,47.66,84.34,12.4,True
2016-09-01,US1TXMNG004,0,9.4,-9.4,-1.03,False
2016-09-01,US1TXMNG008,0,11.31,-11.31,-1.31,False
2016-09-01,US1TXMNG014,0,9.11,-9.11,-0.99,False
2016-09-01,US1TXMNG020,0,10.36,-10.36,-1.17,False
2016-09-01,US1TXMNG021,0,7.09,-7.09,-0.7,False
2016-09-01,US1TXMNG023,10,10.33,-0.33,0.27,False
2016-09-01,US1TXMNG026,0,11.32,-11.32,-1.31,False
2016-09-01,US1TXMNG030,0,12.37,-12.37,-1.46,False
2016-09-01,US1TXMNG031,0,10.15,-10.15,-1.14,False
2016-09-01,US1TXMNG051,0,14.49,-14.49,-1.76,False
2016-09-01,US1TXMNG055,137,8.77,128.23,18.69,True
2016-09-01,US1TXMNG061,0,10.75,-10.75,-1.23,False
2016-09-01,US1TXMTG004,53,77.04,-24.04,-3.13,False
2016-09-01,US1TXNW0002,51,0.15,50.85,7.6,True
2016-09-01,US1TXOR0001,0,6.39,-6.39,-0.6,False
2016-09-01,US1TXPL0003,0,6.32,-6.32,-0.59,False
2016-09-01,US1TXPL0016,0,8.91,-8.91,-0.96,False
2016-09-01,US1TXPL0018,0,10.54,-10.54,-1.2,False
2016-09-01,US1TXPL0024,0,10.44,-10.44,-1.18,False
2016-09-01,US1TXPL0027,0,6.3,-6.3,-0.59,False
2016-09-01,US1TXPL0035,0,9.24,-9.24,-1.01,False
2016-09-01,US1TXSB0001,0,7.12,-7.12,-0.71,False
2016-09-01,US1TXSJ0011,0,10.0,-10.0,-1.12,False
2016-09-01,US1TXTT0003,0,4.23,-4.23,-0.29,False
2016-09-01,US1TXWA0003,0,6.89,-6.89,-0.67,False
2016-09-01,US1TXWA0005,0,6.41,-6.41,-0.61,False
2016-09-01,US1TXWA0006,0,2.42,-2.42,-0.03,False
2016-09-01,US1TXWA0009,0,2.44,-2.44,-0.04,False
2016-09-01,US1TXWA0010,0,3.54,-3.54,-0.19,False
2016-09-01,US1TXWA0012,0,5.32,-5.32,-0.45,False
2016-09-01,US1TXWA0017,0,1.71,-1.71,0.07,False
2016-09-01,US1TXWA0024,0,3.78,-3.78,-0.23,False
2016-09-01,US1TXWH0001,15,33.46,-18.46,-2.33,False
2016-09-01,US1TXWH0002,257,95.49,161.51,23.46,True
2016-09-01,US1TXWH0004,48,129.21,-81.21,-11.32,True
2016-09-01,US1TXWH0009,74,32.56,41.44,6.25,True
2016-09-01,US1TXWH0010,211,143.86,67.14,9.93,True
2016-09-01,US1TXWH0015,25,40.84,-15.84,-1.96,False
2016-09-01,US1TXWH0016,38,30.48,7.52,1.39,False
2016-09-01,US1TXWH0018,56,32.68,23.32,3.65,True
2016-09-01,US1TXWK0003,0,5.58,-5.58,-0.49,False
2016-09-01,US1TXWK0005,0,4.95,-4.95,-0.4,False
2016-09-01,US1TXWK0012,0,3.27,-3.27,-0.15,False
2016-09-01,US1TXWK0013,0,3.65,-3.65,-0.21,False
2016-09-01,US1TXWK0018,0,4.93,-4.93,-0.39,False
2016-09-01,US1TXWK0020,8,5.8,2.2,0.63,False
2016-09-01,US1TXWK0021,5,5.56,-0.56,0.23,False
2016-09-01,USC00160007,0,0.09,-0.09,0.3,False
2016-09-01,USC00160098,0,0.19,-0.19,0.29,False
2016-09-01,USC00160462,0,0.03,-0.03,0.31,False
2016-09-01,USC00160548,0,0.02,-0.02,0.31,False
2016-09-01,USC00160558,0,0.03,-0.03,0.31,False
2016-09-01,USC00160565,0,0.12,-0.12,0.3,False
2016-09-01,USC00160658,0,0.15,-0.15,0.29,False
2016-09-01,USC00161232,0,1.74,-1.74,0.06,False
2016-09-01,USC00161287,0,3.12,-3.12,-0.13,False
2016-09-01,USC00161565,0,0.07,-0.07,0.3,False
2016-09-01,USC00162212,0,0.18,-0.18,0.29,False
2016-09-01,USC00162367,0,2.18,-2.18,0.0,False
2016-09-01,USC00162534,0,0.09,-0.09,0.3,False
2016-09-01,USC00163313,0,0.32,-0.32,0.27,False
2016-09-01,USC00163800,0,0.14,-0.14,0.29,False
2016-09-01,USC00163979,0,0.43,-0.43,0.25,False
2016-09-01,USC00164288,0,4.99,-4.99,-0.4,False
2016-09-01,USC00164674,5,0.0,5.0,1.03,False
2016-09-01,USC00164700,0,0.13,-0.13,0.29,False
2016-09-01,USC00164739,0,0.32,-0.32,0.27,False
2016-09-01,USC00164775,0,0.07,-0.07,0.3,False
2016-09-01,USC00165065,0,0.0,0.0,0.31,False
2016-09-01,USC00165074,0,0.11,-0.11,0.3,False
2016-09-01,USC00165076,0,0.13,-0.13,0.29,False
2016-09-01,USC00165266,0,3.54,-3.54,-0.19,False
2016-09-01,USC00165296,0,0.19,-0.19,0.29,False
2016-09-01,USC00165620,0,0.03,-0.03,0.31,False
2016-09-01,USC00166394,0,0.18,-0.18,0.29,False
2016-09-01,USC00166431,0,0.12,-0.12,0.3,False
2016-09-01,USC00166434,0,0.52,-0.52,0.24,False
2016-09-01,USC00166561,0,0.12,-0.12,0.3,False
2016-09-01,USC00166686,0,0.09,-0.09,0.3,False
2016-09-01,USC00166808,0,0.0,0.0,0.31,False
2016-09-01,USC00166938,0,0.88,-0.88,0.19,False
2016-09-01,USC00166968,0,0.14,-0.14,0.29,False
2016-09-01,USC00166995,0,0.18,-0.18,0.29,False
2016-09-01,USC00167366,0,0.05,-0.05,0.31,False
2016-09-01,USC00167448,0,0.03,-0.03,0.31,False
2016-09-01,USC00167729,0,0.35,-0.35,0.26,False
2016-09-01,USC00167732,0,0.41,-0.41,0.25,False
2016-09-01,USC00167932,0,0.0,0.0,0.31,False
2016-09-01,USC00168136,0,0.1,-0.1,0.3,False
2016-09-01,USC00168181,0,0.1,-0.1,0.3,False
2016-09-01,USC00168831,0,0.16,-0.16,0.29,False
2016-09-01,USC00169074,0,17.36,-17.36,-2.17,False
2016-09-01,USC00223441,0,0.0,0.0,0.31,False
2016-09-01,USC00410235,0,21.17,-21.17,-2.72,False
2016-09-01,USC00410569,180,47.94,132.06,19.24,True
2016-09-01,USC00410586,0,24.25,-24.25,-3.16,False
2016-09-01,USC00410611,0,8.35,-8.35,-0.88,False
2016-09-01,USC00410613,0,14.18,-14.18,-1.72,False
2016-09-01,USC00410655,0,4.7,-4.7,-0.36,False
2016-09-01,USC00411048,0,3.8,-3.8,-0.23,False
2016-09-01,USC00411596,0,0.45,-0.45,0.25,False
2016-09-01,USC00411810,0,21.45,-21.45,-2.76,False
2016-09-01,USC00411956,0,10.06,-10.06,-1.13,False
2016-09-01,USC00412114,0,0.33,-0.33,0.27,False
2016-09-01,USC00412206,0,12.5,-12.5,-1.48,False
2016-09-01,USC00412266,292,84.13,207.87,30.1,True
2016-09-01,USC00412676,0,27.9,-27.9,-3.69,True
2016-09-01,USC00412786,208,145.97,62.03,9.2,True
2016-09-01,USC00413340,0,28.49,-28.49,-3.77,True
2016-09-01,USC00414325,0,15.11,-15.11,-1.85,False
2016-09-01,USC00414327,0,13.09,-13.09,-1.56,False
2016-09-01,USC00414333,0,16.37,-16.37,-2.03,False
2016-09-01,USC00414382,0,4.67,-4.67,-0.36,False
2016-09-01,USC00414704,0,18.74,-18.74,-2.37,False
2016-09-01,USC00414878,0,7.02,-7.02,-0.69,False
2016-09-01,USC00415196,173,27.57,145.43,21.15,True
2016-09-01,USC00415271,0,9.18,-9.18,-1.0,False
2016-09-01,USC00415427,0,0.12,-0.12,0.3,False
2016-09-01,USC00415435,8,8.61,-0.61,0.23,False
2016-09-01,USC00415477,0,2.51,-2.51,-0.05,False
2016-09-01,USC00416024,0,7.32,-7.32,-0.74,False
2016-09-01,USC00416280,0,25.71,-25.71,-3.37,False
2016-09-01,USC00416664,0,0.68,-0.68,0.22,False
2016-09-01,USC00416680,0,0.63,-0.63,0.22,False
2016-09-01,USC00417040,0,4.74,-4.74,-0.37,False
2016-09-01,USC00417172,5,6.39,-1.39,0.11,False
2016-09-01,USC00417594,0,31.87,-31.87,-4.25,True
2016-09-01,USC00417936,0,2.85,-2.85,-0.09,False
2016-09-01,USC00418996,0,27.6,-27.6,-3.64,True
2016-09-01,USC00419101,5,1.62,3.38,0.8,False
2016-09-01,USC00419491,0,5.31,-5.31,-0.45,False
2016-09-01,USC00419605,13,28.74,-15.74,-1.94,False
2016-09-01,USC00419655,13,34.16,-21.16,-2.72,False
2016-09-01,USW00003904,0,1.23,-1.23,0.14,False
2016-09-01,USW00003937,0,0.17,-0.17,0.29,False
2016-09-01,USW00003949,0,3.32,-3.32,-0.16,False
2016-09-01,USW00012917,5,6.27,-1.27,0.13,False
2016-09-01,USW00012918,0,16.0,-16.0,-1.98,False
2016-09-01,USW00012923,0,22.33,-22.33,-2.89,False
2016-09-01,USW00012935,0,87.66,-87.66,-12.25,True
2016-09-01,USW00012953,0,40.64,-40.64,-5.51,True
2016-09-01,USW00012960,0,17.01,-17.01,-2.12,False
2016-09-01,USW00012968,0,0.3,-0.3,0.27,False
2016-09-01,USW00012975,0,20.24,-20.24,-2.59,False
2016-09-01,USW00012976,0,26.03,-26.03,-3.42,False
2016-09-01,USW00012977,0,42.66,-42.66,-5.8,True
2016-09-01,USW00012981,0,51.8,-51.8,-7.11,True
2016-09-01,USW00013935,0,0.3,-0.3,0.27,False
2016-09-01,USW00013970,0,0.03,-0.03,0.31,False
2016-09-01,USW00013976,0,0.18,-0.18,0.29,False
2016-09-01,USW00053902,0,12.05,-12.05,-1.41,False
2016-09-01,USW00053903,0,3.46,-3.46,-0.18,False
2016-09-01,USW00053910,0,12.03,-12.03,-1.41,False
2016-09-01,USW00053915,0,0.23,-0.23,0.28,False
2016-09-01,USW00053928,0,4.19,-4.19,-0.29,False
2016-09-01,USW00053960,0,0.09,-0.09,0.3,False
2016-09-01,USW00053988,0,1.7,-1.7,0.07,False
2016-09-01,USW00093915,0,0.18,-0.18,0.29,False
2016-09-01,USW00093987,0,0.29,-0.29,0.27,False
2016-09-02,US1LAAC0002,0,0.06,-0.06,0.65,False
2016-09-02,US1LAAV0001,0,0.04,-0.04,0.66,False
2016-09-02,US1LABG0002,0,0.1,-0.1,0.64,False
2016-09-02,US1LACC0003,0,0.07,-0.07,0.65,False
2016-09-02,US1LACC0006,0,0.03,-0.03,0.66,False
2016-09-02,US1LACC0009,0,0.09,-0.09,0.64,False
2016-09-02,US1LACC0014,0,0.04,-0.04,0.66,False
2016-09-02,US1LACC0016,0,0.05,-0.05,0.65,False
2016-09-02,US1LACC0017,0,0.03,-0.03,0.66,False
2016-09-02,US1LAEB0002,23,24.11,-1.11,0.25,False
2016-09-02,US1LAEB0009,0,22.01,-22.01,-7.62,True
2016-09-02,US1LAEB0014,23,21.33,1.67,1.3,False
2016-09-02,US1LAEB0023,81,12.74,68.26,26.41,True
2016-09-02,US1LAEB0027,36,19.71,16.29,6.81,True
2016-09-02,US1LAEB0033,79,17.34,61.66,23.92,True
2016-09-02,US1LAEB0041,20,24.77,-4.77,-1.12,False
2016-09-02,US1LAEB0042,0,22.24,-22.24,-7.71,True
2016-09-02,US1LAEB0046,0,23.52,-23.52,-8.19,True
2016-09-02,US1LAEB0047,25,22.85,2.15,1.49,False
2016-09-02,US1LAEB0053,69,18.02,50.98,19.89,True
2016-09-02,US1LAEB0056,0,12.16,-12.16,-3.91,True
2016-09-02,US1LAJD0002,0,0.09,-0.09,0.64,False
2016-09-02,US1LALY0007,0,4.67,-4.67,-1.09,False
2016-09-02,US1LAPC0002,0,9.86,-9.86,-3.04,False
2016-09-02,US1LARP0007,0,0.05,-0.05,0.66,False
2016-09-02,US1LASL0001,0,4.25,-4.25,-0.93,False
2016-09-02,US1LASM0002,0,4.42,-4.42,-0.99,False
2016-09-02,US1LAVM0002,0,0.03,-0.03,0.66,False
2016-09-02,US1LAVM0004,0,0.2,-0.2,0.6,False
2016-09-02,US1LAWB0002,0,17.72,-17.72,-6.0,True
2016-09-02,US1LAWF0004,0,10.94,-10.94,-3.45,False
2016-09-02,US1TXAG0001,0,0.54,-0.54,0.47,False
2016-09-02,US1TXAG0002,0,0.71,-0.71,0.41,False
2016-09-02,US1TXAG0003,0,0.38,-0.38,0.53,False
2016-09-02,US1TXAG0005,0,0.33,-0.33,0.55,False
2016-09-02,US1TXAS0003,0,1.3,-1.3,0.18,False
2016-09-02,US1TXAS0004,0,1.42,-1.42,0.14,False
2016-09-02,US1TXAS0005,0,4.22,-4.22,-0.92,False
2016-09-02,US1TXAS0006,0,3.77,-3.77,-0.75,False
2016-09-02,US1TXAS0007,0,2.66,-2.66,-0.33,False
2016-09-02,US1TXAS0014,0,1.98,-1.98,-0.07,False
2016-09-02,US1TXAS0015,0,0.76,-0.76,0.39,False
2016-09-02,US1TXAS0017,0,5.78,-5.78,-1.51,False
2016-09-02,US1TXBRZ020,0,24.72,-24.72,-8.64,True
2016-09-02,US1TXBRZ021,0,33.69,-33.69,-12.03,True
2016-09-02,US1TXBRZ025,0,10.2,-10.2,-3.17,False
2016-09-02,US1TXBRZ027,5,20.87,-15.87,-5.31,True
2016-09-02,US1TXBRZ032,0,26.22,-26.22,-9.21,True
2016-09-02,US1TXBZS040,0,1.79,-1.79,0.0,False
2016-09-02,US1TXBZS096,5,1.45,3.55,2.01,False
2016-09-02,US1TXBZS097,0,2.49,-2.49,-0.26,False
2016-09-02,US1TXBZS098,10,1.01,8.99,4.06,True
2016-09-02,US1TXBZS099,0,2.18,-2.18,-0.15,False
2016-09-02,US1TXBZS100,0,2.19,-2.19,-0.15,False
2016-09-02,US1TXCHM008,0,4.54,-4.54,-1.04,False
2016-09-02,US1TXCLR006,0,1.36,-1.36,0.16,False
2016-09-02,US1TXCLR010,0,1.32,-1.32,0.18,False
2016-09-02,US1TXFB0005,0,8.79,-8.79,-2.64,False
2016-09-02,US1TXFB0012,3,7.72,-4.72,-1.1,False
2016-09-02,US1TXFB0018,0,8.02,-8.02,-2.35,False
2016-09-02,US1TXFB0022,3,8.24,-5.24,-1.3,False
2016-09-02,US1TXFB0027,0,7.99,-7.99,-2.34,False
2016-09-02,US1TXFB0028,0,9.04,-9.04,-2.73,False
2016-09-02,US1TXFB0032,0,5.53,-5.53,-1.41,False
2016-09-02,US1TXFB0040,0,7.87,-7.87,-2.29,False
2016-09-02,US1TXFB0043,0,8.62,-8.62,-2.58,False
2016-09-02,US1TXGM0007,0,1.69,-1.69,0.04,False
2016-09-02,US1TXGV0005,0,13.2,-13.2,-4.3,True
2016-09-02,US1TXGV0006,79,44.91,34.09,13.53,True
2016-09-02,US1TXGV0029,0,8.05,-8.05,-2.36,False
2016-09-02,US1TXGV0034,0,7.92,-7.92,-2.31,False
2016-09-02,US1TXGV0046,0,7.66,-7.66,-2.21,False
2016-09-02,US1TXGV0049,99,39.68,59.32,23.04,True
2016-09-02,US1TXGV0051,104,25.77,78.23,30.17,True
2016-09-02,US1TXGV0052,0,10.86,-10.86,-3.42,False
2016-09-02,US1TXGV0054,0,19.73,-19.73,-6.76,True
2016-09-02,US1TXHRN001,0,0.0,0.0,0.67,False
2016-09-02,US1TXHRN002,0,0.0,0.0,0.67,False
2016-09-02,US1TXHRN005,0,0.15,-0.15,0.62,False
2016-09-02,US1TXHRN006,0,0.17,-0.17,0.61,False
2016-09-02,US1TXHRR015,0,3.49,-3.49,-0.64,False
2016-09-02,US1TXHRR027,0,3.74,-3.74,-0.74,False
2016-09-02,US1TXHRR028,0,7.42,-7.42,-2.12,False
2016-09-02,US1TXHRR031,0,8.31,-8.31,-2.46,False
2016-09-02,US1TXHRR032,0,8.01,-8.01,-2.34,False
2016-09-02,US1TXHRR033,0,3.37,-3.37,-0.6,False
2016-09-02,US1TXHRR052,0,7.41,-7.41,-2.12,False
2016-09-02,US1TXHRR058,0,3.65,-3.65,-0.7,False
2016-09-02,US1TXHRR074,0,4.23,-4.23,-0.92,False
2016-09-02,US1TXHRR089,0,6.92,-6.92,-1.94,False
2016-09-02,US1TXHRR093,0,6.54,-6.54,-1.79,False
2016-09-02,US1TXHRR117,0,1.97,-1.97,-0.07,False
2016-09-02,US1TXHRR119,0,5.42,-5.42,-1.37,False
2016-09-02,US1TXHRR124,0,4.15,-4.15,-0.89,False
2016-09-02,US1TXHRR139,0,6.08,-6.08,-1.62,False
2016-09-02,US1TXHRR147,0,7.26,-7.26,-2.06,False
2016-09-02,US1TXHRR162,0,6.56,-6.56,-1.8,False
2016-09-02,US1TXHRR165,0,4.03,-4.03,-0.84,False
2016-09-02,US1TXHRR168,0,9.59,-9.59,-2.94,False
2016-09-02,US1TXHRR170,0,6.58,-6.58,-1.81,False
2016-09-02,US1TXHRR176,0,4.4,-4.4,-0.99,False
2016-09-02,US1TXHRR203,0,4.31,-4.31,-0.95,False
2016-09-02,US1TXHRR209,0,4.01,-4.01,-0.84,False
2016-09-02,US1TXHRR217,0,7.1,-7.1,-2.0,False
2016-09-02,US1TXHRR222,0,5.95,-5.95,-1.57,False
2016-09-02,US1TXHRR228,0,5.67,-5.67,-1.46,False
2016-09-02,US1TXHRR232,0,5.19,-5.19,-1.28,False
2016-09-02,US1TXHST003,0,0.65,-0.65,0.43,False
2016-09-02,US1TXJJ0009,0,0.0,0.0,0.67,False
2016-09-02,US1TXJJ0011,0,0.0,0.0,0.67,False
2016-09-02,US1TXJS0003,0,0.0,0.0,0.67,False
2016-09-02,US1TXLR0005,0,1.65,-1.65,0.05,False
2016-09-02,US1TXLR0013,0,2.19,-2.19,-0.15,False
2016-09-02,US1TXLR0014,0,1.6,-1.6,0.07,False
2016-09-02,US1TXLR0015,0,2.39,-2.39,-0.22,False
2016-09-02,US1TXMNG004,0,1.5,-1.5,0.11,False
2016-09-02,US1TXMNG008,0,1.96,-1.96,-0.06,False
2016-09-02,US1TXMNG014,0,1.42,-1.42,0.14,False
2016-09-02,US1TXMNG020,0,1.63,-1.63,0.06,False
2016-09-02,US1TXMNG021,0,1.0,-1.0,0.3,False
2016-09-02,US1TXMNG023,0,2.14,-2.14,-0.13,False
2016-09-02,US1TXMNG026,0,1.97,-1.97,-0.07,False
2016-09-02,US1TXMNG030,0,2.33,-2.33,-0.2,False
2016-09-02,US1TXMNG031,0,3.47,-3.47,-0.63,False
2016-09-02,US1TXMNG035,0,1.96,-1.96,-0.06,False
2016-09-02,US1TXMNG036,8,1.74,6.26,3.03,False
2016-09-02,US1TXMNG051,0,1.92,-1.92,-0.05,False
2016-09-02,US1TXMNG055,0,1.98,-1.98,-0.07,False
2016-09-02,US1TXMNG061,0,2.65,-2.65,-0.33,False
2016-09-02,US1TXMTG004,0,73.31,-73.31,-26.96,True
2016-09-02,US1TXOR0001,0,0.0,0.0,0.67,False
2016-09-02,US1TXPL0003,0,1.57,-1.57,0.08,False
2016-09-02,US1TXPL0016,0,1.14,-1.14,0.24,False
2016-09-02,US1TXPL0018,0,2.18,-2.18,-0.15,False
2016-09-02,US1TXPL0024,0,1.34,-1.34,0.17,False
2016-09-02,US1TXPL0027,0,1.63,-1.63,0.06,False
2016-09-02,US1TXPL0035,0,1.79,-1.79,-0.0,False
2016-09-02,US1TXSB0001,0,0.0,0.0,0.67,False
2016-09-02,US1TXSJ0011,28,0.78,27.22,10.94,True
2016-09-02,US1TXTR0003,0,0.5,-0.5,0.49,False
2016-09-02,US1TXTR0008,0,1.22,-1.22,0.22,False
2016-09-02,US1TXTT0003,0,1.77,-1.77,0.01,False
2016-09-02,US1TXWA0003,0,2.09,-2.09,-0.11,False
2016-09-02,US1TXWA0005,0,1.09,-1.09,0.26,False
2016-09-02,US1TXWA0006,0,0.61,-0.61,0.45,False
2016-09-02,US1TXWA0009,0,0.61,-0.61,0.44,False
2016-09-02,US1TXWA0010,0,0.92,-0.92,0.33,False
2016-09-02,US1TXWA0012,15,0.96,14.04,5.97,True
2016-09-02,US1TXWA0017,0,1.2,-1.2,0.22,False
2016-09-02,US1TXWA0024,0,0.88,-0.88,0.34,False
2016-09-02,US1TXWH0001,0,7.99,-7.99,-2.34,False
2016-09-02,US1TXWH0002,0,21.38,-21.38,-7.39,True
2016-09-02,US1TXWH0004,0,12.38,-12.38,-3.99,True
2016-09-02,US1TXWH0009,0,11.42,-11.42,-3.63,True
2016-09-02,US1TXWH0010,0,6.86,-6.86,-1.91,False
2016-09-02,US1TXWH0016,0,9.04,-9.04,-2.73,False
2016-09-02,US1TXWH0018,0,11.68,-11.68,-3.73,True
2016-09-02,US1TXWK0003,0,1.45,-1.45,0.13,False
2016-09-02,US1TXWK0005,0,1.17,-1.17,0.23,False
2016-09-02,US1TXWK0012,0,0.91,-0.91,0.33,False
2016-09-02,US1TXWK0013,0,1.03,-1.03,0.29,False
2016-09-02,US1TXWK0018,0,1.01,-1.01,0.29,False
2016-09-02,US1TXWK0021,0,1.9,-1.9,-0.04,False
2016-09-02,US1TXWL0009,0,4.01,-4.01,-0.84,False
2016-09-02,USC00160007,0,0.2,-0.2,0.6,False
2016-09-02,USC00160098,0,0.05,-0.05,0.65,False
2016-09-02,USC00160103,0,0.05,-0.05,0.65,False
2016-09-02,USC00160462,0,15.88,-15.88,-5.31,True
2016-09-02,USC00160548,10,25.4,-15.4,-5.13,True
2016-09-02,USC00160558,3,22.92,-19.92,-6.83,True
2016-09-02,USC00160565,0,11.79,-11.79,-3.77,True
2016-09-02,USC00160658,0,0.06,-0.06,0.65,False
2016-09-02,USC00161232,0,0.09,-0.09,0.64,False
2016-09-02,USC00161287,0,0.04,-0.04,0.66,False
2016-09-02,USC00161565,0,14.99,-14.99,-4.98,True
2016-09-02,USC00162212,0,0.07,-0.07,0.65,False
2016-09-02,USC00162367,0,0.11,-0.11,0.63,False
2016-09-02,USC00162534,0,13.49,-13.49,-4.41,True
2016-09-02,USC00163313,0,8.56,-8.56,-2.55,False
2016-09-02,USC00163800,0,4.01,-4.01,-0.84,False
2016-09-02,USC00163979,0,0.05,-0.05,0.66,False
2016-09-02,USC00164288,0,0.0,0.0,0.67,False
2016-09-02,USC00164674,0,6.64,-6.64,-1.83,False
2016-09-02,USC00164700,0,0.09,-0.09,0.64,False
2016-09-02,USC00164739,0,1.42,-1.42,0.14,False
2016-09-02,USC00164775,0,0.03,-0.03,0.66,False
2016-09-02,USC00165065,0,0.07,-0.07,0.65,False
2016-09-02,USC00165074,0,0.03,-0.03,0.66,False
2016-09-02,USC00165076,0,0.03,-0.03,0.66,False
2016-09-02,USC00165266,0,0.11,-0.11,0.63,False
2016-09-02,USC00165296,0,0.0,0.0,0.67,False
2016-09-02,USC00165620,51,19.85,31.15,12.42,True
2016-09-02,USC00166394,25,10.98,14.02,5.96,True
2016-09-02,USC00166431,0,0.04,-0.04,0.66,False
2016-09-02,USC00166434,0,0.05,-0.05,0.66,False
2016-09-02,USC00166561,0,12.88,-12.88,-4.18,True
2016-09-02,USC00166686,0,9.07,-9.07,-2.75,False
2016-09-02,USC00166808,33,12.56,20.44,8.38,True
2016-09-02,USC00166938,3,0.0,3.0,1.81,False
2016-09-02,USC00166995,0,4.68,-4.68,-1.09,False
2016-09-02,USC00167366,0,17.03,-17.03,-5.75,True
2016-09-02,USC00167448,0,20.51,-20.51,-7.06,True
2016-09-02,USC00167729,0,0.99,-0.99,0.3,False
2016-09-02,USC00167732,0,0.08,-0.08,0.65,False
2016-09-02,USC00167932,0,0.07,-0.07,0.65,False
2016-09-02,USC00168136,0,9.02,-9.02,-2.73,False
2016-09-02,USC00168181,0,2.18,-2.18,-0.15,False
2016-09-02,USC00168831,0,0.03,-0.03,0.66,False
2016-09-02,USC00223441,0,16.82,-16.82,-5.67,True
2016-09-02,USC00410235,0,5.72,-5.72,-1.48,False
2016-09-02,USC00410569,157,35.94,121.06,46.31,True
2016-09-02,USC00410586,0,5.56,-5.56,-1.42,False
2016-09-02,USC00410611,0,0.0,0.0,0.67,False
2016-09-02,USC00410613,0,0.0,0.0,0.67,False
2016-09-02,USC00410655,0,0.76,-0.76,0.39,False
2016-09-02,USC00411048,0,0.88,-0.88,0.34,False
2016-09-02,USC00411596,0,1.53,-1.53,0.1,False
2016-09-02,USC00411810,0,2.31,-2.31,-0.2,False
2016-09-02,USC00411956,0,3.09,-3.09,-0.49,False
2016-09-02,USC00412114,0,0.65,-0.65,0.43,False
2016-09-02,USC00412206,0,2.13,-2.13,-0.13,False
2016-09-02,USC00412266,0,27.76,-27.76,-9.79,True
2016-09-02,USC00412676,0,4.46,-4.46,-1.01,False
2016-09-02,USC00412786,0,6.91,-6.91,-1.93,False
2016-09-02,USC00413340,0,26.42,-26.42,-9.29,True
2016-09-02,USC00414325,0,5.69,-5.69,-1.47,False
2016-09-02,USC00414327,0,4.18,-4.18,-0.9,False
2016-09-02,USC00414333,0,10.96,-10.96,-3.46,False
2016-09-02,USC00414382,0,0.97,-0.97,0.31,False
2016-09-02,USC00414704,0,5.56,-5.56,-1.42,False
2016-09-02,USC00414878,0,0.16,-0.16,0.61,False
2016-09-02,USC00415196,0,3.72,-3.72,-0.73,False
2016-09-02,USC00415271,0,1.21,-1.21,0.22,False
2016-09-02,USC00415427,0,0.33,-0.33,0.55,False
2016-09-02,USC00415435,0,0.0,0.0,0.67,False
2016-09-02,USC00415477,0,1.85,-1.85,-0.02,False
2016-09-02,USC00416024,0,1.01,-1.01,0.29,False
2016-09-02,USC00416280,0,3.48,-3.48,-0.64,False
2016-09-02,USC00416664,0,0.0,0.0,0.67,False
2016-09-02,USC00416680,0,0.0,0.0,0.67,False
2016-09-02,USC00417040,0,0.0,0.0,0.67,False
2016-09-02,USC00417172,0,0.0,0.0,0.67,False
2016-09-02,USC00417594,0,7.72,-7.72,-2.24,False
2016-09-02,USC00417936,0,0.0,0.0,0.67,False
2016-09-02,USC00418996,0,9.21,-9.21,-2.8,False
2016-09-02,USC00419101,0,0.47,-0.47,0.5,False
2016-09-02,USC00419491,0,2.7,-2.7,-0.34,False
2016-09-02,USC00419605,0,28.15,-28.15,-9.94,True
2016-09-02,USC00419655,0,7.33,-7.33,-2.09,False
2016-09-02,USW00003904,5,1.51,3.49,1.99,False
2016-09-02,USW00003937,0,0.04,-0.04,0.66,False
2016-09-02,USW00003949,0,0.11,-0.11,0.63,False
2016-09-02,USW00012917,0,0.0,0.0,0.67,False
2016-09-02,USW00012918,0,7.55,-7.55,-2.17,False
2016-09-02,USW00012923,0,24.51,-24.51,-8.57,True
2016-09-02,USW00012935,551,29.4,521.6,197.31,True
2016-09-02,USW00012953,53,14.23,38.77,15.29,True
2016-09-02,USW00012960,0,4.46,-4.46,-1.01,False
2016-09-02,USW00012968,0,4.81,-4.81,-1.14,False
2016-09-02,USW00012975,112,5.98,106.02,40.64,True
2016-09-02,USW00012976,287,13.03,273.97,103.96,True
2016-09-02,USW00012977,61,4.69,56.31,21.9,True
2016-09-02,USW00012981,135,35.92,99.08,38.02,True
2016-09-02,USW00013935,0,0.08,-0.08,0.64,False
2016-09-02,USW00013970,0,17.32,-17.32,-5.86,True
2016-09-02,USW00013976,0,4.7,-4.7,-1.1,False
2016-09-02,USW00053902,43,1.33,41.67,16.38,True
2016-09-02,USW00053903,0,0.96,-0.96,0.31,False
2016-09-02,USW00053910,3,2.27,0.73,0.95,False
2016-09-02,USW00053915,0,4.38,-4.38,-0.97,False
2016-09-02,USW00053928,0,1.31,-1.31,0.18,False
2016-09-02,USW00053960,0,2.18,-2.18,-0.15,False
2016-09-02,USW00053988,0,0.13,-0.13,0.62,False
2016-09-02,USW00093915,0,0.06,-0.06,0.65,False
2016-09-02,USW00093987,0,0.53,-0.53,0.48,False
2016-09-03,US1LAAC0002,0,0.17,-0.17,0.09,False
2016-09-03,US1LAAV0001,0,0.0,0.0,0.1,False
2016-09-03,US1LABG0002,0,0.0,0.0,0.1,False
2016-09-03,US1LACC0003,0,0.0,0.0,0.1,False
2016-09-03,US1LACC0006,0,0.0,0.0,0.1,False
2016-09-03,US1LACC0014,0,0.0,0.0,0.1,False
2016-09-03,US1LACC0016,0,0.0,0.0,0.1,False
2016-09-03,US1LACC0017,0,0.0,0.0,0.1,False
2016-09-03,US1LACM0003,0,0.0,0.0,0.1,False
2016-09-03,US1LAEB0002,0,0.21,-0.21,0.08,False
2016-09-03,US1LAEB0009,0,0.32,-0.32,0.07,False
2016-09-03,US1LAEB0014,0,0.24,-0.24,0.08,False
2016-09-03,US1LAEB0023,0,0.3,-0.3,0.08,False
2016-09-03,US1LAEB0027,0,0.24,-0.24,0.08,False
2016-09-03,US1LAEB0033,0,0.25,-0.25,0.08,False
2016-09-03,US1LAEB0041,0,0.2,-0.2,0.08,False
2016-09-03,US1LAEB0042,0,0.47,-0.47,0.06,False
2016-09-03,US1LAEB0046,0,0.23,-0.23,0.08,False
2016-09-03,US1LAEB0047,0,0.21,-0.21,0.08,False
2016-09-03,US1LAEB0056,0,0.2,-0.2,0.08,False
2016-09-03,US1LAJD0002,0,0.0,0.0,0.1,False
2016-09-03,US1LALY0007,0,0.32,-0.32,0.08,False
2016-09-03,US1LAPC0002,0,0.31,-0.31,0.08,False
2016-09-03,US1LARP0007,0,0.0,0.0,0.1,False
2016-09-03,US1LASL0001,0,0.27,-0.27,0.08,False
2016-09-03,US1LASM0002,0,0.38,-0.38,0.07,False
2016-09-03,US1LAVM0002,0,0.14,-0.14,0.09,False
2016-09-03,US1LAVM0004,0,0.24,-0.24,0.08,False
2016-09-03,US1LAWB0002,0,0.43,-0.43,0.07,False
2016-09-03,US1LAWF0004,0,0.21,-0.21,0.08,False
2016-09-03,US1TXAG0001,0,0.0,0.0,0.1,False
2016-09-03,US1TXAG0002,0,0.0,0.0,0.1,False
2016-09-03,US1TXAG0003,0,0.0,0.0,0.1,False
2016-09-03,US1TXAG0005,0,0.0,0.0,0.1,False
2016-09-03,US1TXAS0003,76,50.34,25.66,2.03,False
2016-09-03,US1TXAS0004,46,49.09,-3.09,-0.13,False
2016-09-03,US1TXAS0005,0,53.94,-53.94,-3.96,True
2016-09-03,US1TXAS0006,0,48.72,-48.72,-3.57,True
2016-09-03,US1TXAS0007,0,47.22,-47.22,-3.46,False
2016-09-03,US1TXAS0012,38,60.63,-22.63,-1.61,False
2016-09-03,US1TXAS0015,0,23.37,-23.37,-1.66,False
2016-09-03,US1TXAS0017,0,76.61,-76.61,-5.67,True
2016-09-03,US1TXBRZ020,0,51.2,-51.2,-3.76,True
2016-09-03,US1TXBRZ021,5,77.86,-72.86,-5.39,True
2016-09-03,US1TXBRZ025,10,82.65,-72.65,-5.37,True
2016-09-03,US1TXBRZ027,0,47.2,-47.2,-3.46,False
2016-09-03,US1TXBRZ032,0,53.48,-53.48,-3.93,True
2016-09-03,US1TXBZS040,0,11.61,-11.61,-0.78,False
2016-09-03,US1TXBZS096,0,9.99,-9.99,-0.65,False
2016-09-03,US1TXBZS098,74,6.26,67.74,5.2,True
2016-09-03,US1TXBZS099,8,9.89,-1.89,-0.04,False
2016-09-03,US1TXBZS100,3,9.42,-6.42,-0.38,False
2016-09-03,US1TXCHM008,0,40.53,-40.53,-2.95,False
2016-09-03,US1TXCLR006,0,55.74,-55.74,-4.1,True
2016-09-03,US1TXCLR010,0,50.99,-50.99,-3.74,True
2016-09-03,US1TXFB0005,193,103.07,89.93,6.87,True
2016-09-03,US1TXFB0012,79,141.22,-62.22,-4.59,True
2016-09-03,US1TXFB0018,0,137.54,-137.54,-10.26,True
2016-09-03,US1TXFB0022,193,150.85,42.15,3.27,False
2016-09-03,US1TXFB0027,378,136.61,241.39,18.28,True
2016-09-03,US1TXFB0028,800,139.58,660.42,49.85,True
2016-09-03,US1TXFB0032,0,75.12,-75.12,-5.56,True
2016-09-03,US1TXFB0040,406,137.88,268.12,20.3,True
2016-09-03,US1TXFB0042,719,115.46,603.54,45.56,True
2016-09-03,US1TXFB0043,574,170.24,403.76,30.51,True
2016-09-03,US1TXGM0007,5,11.25,-6.25,-0.37,False
2016-09-03,US1TXGV0005,30,49.65,-19.65,-1.38,False
2016-09-03,US1TXGV0017,117,40.79,76.21,5.84,True
2016-09-03,US1TXGV0029,0,33.92,-33.92,-2.46,False
2016-09-03,US1TXGV0034,0,36.55,-36.55,-2.65,False
2016-09-03,US1TXGV0044,0,41.44,-41.44,-3.02,False
2016-09-03,US1TXGV0046,0,33.37,-33.37,-2.41,False
2016-09-03,US1TXGV0049,0,49.14,-49.14,-3.6,True
2016-09-03,US1TXGV0051,3,50.07,-47.07,-3.45,False
2016-09-03,US1TXGV0052,0,48.28,-48.28,-3.54,True
2016-09-03,US1TXGV0054,0,52.83,-52.83,-3.88,True
2016-09-03,US1TXHRN001,0,1.32,-1.32,0.0,False
2016-09-03,US1TXHRN002,0,1.84,-1.84,-0.04,False
2016-09-03,US1TXHRN005,0,0.83,-0.83,0.04,False
2016-09-03,US1TXHRN006,0,0.94,-0.94,0.03,False
2016-09-03,US1TXHRR015,10,41.12,-31.12,-2.25,False
2016-09-03,US1TXHRR027,3,52.12,-49.12,-3.6,True
2016-09-03,US1TXHRR028,0,37.83,-37.83,-2.75,False
2016-09-03,US1TXHRR031,10,46.81,-36.81,-2.67,False
2016-09-03,US1TXHRR032,239,60.09,178.91,13.58,True
2016-09-03,US1TXHRR033,8,42.84,-34.84,-2.53,False
2016-09-03,US1TXHRR052,0,38.96,-38.96,-2.84,False
2016-09-03,US1TXHRR074,91,42.87,48.13,3.72,True
2016-09-03,US1TXHRR089,18,37.05,-19.05,-1.34,False
2016-09-03,US1TXHRR093,0,56.56,-56.56,-4.16,True
2016-09-03,US1TXHRR117,0,34.29,-34.29,-2.48,False
2016-09-03,US1TXHRR119,0,53.54,-53.54,-3.93,True
2016-09-03,US1TXHRR124,0,39.33,-39.33,-2.86,False
2016-09-03,US1TXHRR139,0,48.67,-48.67,-3.57,True
2016-09-03,US1TXHRR147,124,71.49,52.51,4.05,True
2016-09-03,US1TXHRR150,127,31.67,95.33,7.28,True
2016-09-03,US1TXHRR162,0,75.49,-75.49,-5.59,True
2016-09-03,US1TXHRR164,15,50.02,-35.02,-2.54,False
2016-09-03,US1TXHRR165,5,40.59,-35.59,-2.58,False
2016-09-03,US1TXHRR168,188,53.36,134.64,10.24,True
2016-09-03,US1TXHRR170,15,37.38,-22.38,-1.59,False
2016-09-03,US1TXHRR176,0,46.27,-46.27,-3.39,False
2016-09-03,US1TXHRR203,0,53.18,-53.18,-3.91,True
2016-09-03,US1TXHRR209,10,39.33,-29.33,-2.11,False
2016-09-03,US1TXHRR217,0,38.54,-38.54,-2.8,False
2016-09-03,US1TXHRR222,10,70.29,-60.29,-4.44,True
2016-09-03,US1TXHRR225,28,42.02,-14.02,-0.96,False
2016-09-03,US1TXHRR228,30,64.54,-34.54,-2.5,False
2016-09-03,US1TXHRR232,0,48.34,-48.34,-3.54,True
2016-09-03,US1TXHST003,0,0.57,-0.57,0.06,False
2016-09-03,US1TXJJ0009,0,1.28,-1.28,0.0,False
2016-09-03,US1TXJJ0010,0,0.0,0.0,0.1,False
2016-09-03,US1TXJJ0011,0,0.08,-0.08,0.09,False
2016-09-03,US1TXJS0003,0,0.0,0.0,0.1,False
2016-09-03,US1TXLR0005,0,15.55,-15.55,-1.07,False
2016-09-03,US1TXLR0013,0,28.09,-28.09,-2.02,False
2016-09-03,US1TXLR0014,0,15.0,-15.0,-1.03,False
2016-09-03,US1TXLR0015,0,22.26,-22.26,-1.58,False
2016-09-03,US1TXMNG004,0,28.09,-28.09,-2.02,False
2016-09-03,US1TXMNG008,0,31.17,-31.17,-2.25,False
2016-09-03,US1TXMNG014,5,31.68,-26.68,-1.91,False
2016-09-03,US1TXMNG020,0,32.49,-32.49,-2.35,False
2016-09-03,US1TXMNG021,66,47.84,18.16,1.47,False
2016-09-03,US1TXMNG023,0,30.99,-30.99,-2.24,False
2016-09-03,US1TXMNG030,0,33.03,-33.03,-2.39,False
2016-09-03,US1TXMNG031,89,24.09,64.91,4.99,True
2016-09-03,US1TXMNG035,3,35.46,-32.46,-2.35,False
2016-09-03,US1TXMNG051,0,37.21,-37.21,-2.7,False
2016-09-03,US1TXMNG054,8,31.07,-23.07,-1.64,False
2016-09-03,US1TXMNG055,0,35.14,-35.14,-2.55,False
2016-09-03,US1TXMNG061,8,32.27,-24.27,-1.73,False
2016-09-03,US1TXMTG004,15,169.41,-154.41,-11.53,True
2016-09-03,US1TXPL0003,0,3.39,-3.39,-0.16,False
2016-09-03,US1TXPL0018,0,7.99,-7.99,-0.5,False
2016-09-03,US1TXPL0024,0,6.02,-6.02,-0.35,False
2016-09-03,US1TXPL0027,0,3.42,-3.42,-0.16,False
2016-09-03,US1TXPL0035,0,4.9,-4.9,-0.27,False
2016-09-03,US1TXSB0001,0,0.0,0.0,0.1,False
2016-09-03,US1TXSJ0011,0,8.34,-8.34,-0.53,False
2016-09-03,US1TXTT0003,0,6.09,-6.09,-0.36,False
2016-09-03,US1TXWA0003,0,24.53,-24.53,-1.75,False
2016-09-03,US1TXWA0005,0,23.12,-23.12,-1.64,False
2016-09-03,US1TXWA0006,0,10.53,-10.53,-0.69,False
2016-09-03,US1TXWA0009,0,10.62,-10.62,-0.7,False
2016-09-03,US1TXWA0010,0,15.27,-15.27,-1.05,False
2016-09-03,US1TXWA0012,0,22.12,-22.12,-1.57,False
2016-09-03,US1TXWA0017,0,10.16,-10.16,-0.67,False
2016-09-03,US1TXWA0024,0,16.44,-16.44,-1.14,False
2016-09-03,US1TXWH0001,0,59.51,-59.51,-4.38,True
2016-09-03,US1TXWH0002,389,219.74,169.26,12.85,True
2016-09-03,US1TXWH0004,371,368.69,2.31,0.27,False
2016-09-03,US1TXWH0009,18,80.75,-62.75,-4.63,True
2016-09-03,US1TXWH0010,668,491.33,176.67,13.41,True
2016-09-03,US1TXWH0015,89,96.96,-7.96,-0.5,False
2016-09-03,US1TXWH0016,0,62.61,-62.61,-4.62,True
2016-09-03,US1TXWH0018,0,89.6,-89.6,-6.65,True
2016-09-03,US1TXWK0003,28,11.39,16.61,1.35,False
2016-09-03,US1TXWK0005,0,8.04,-8.04,-0.51,False
2016-09-03,US1TXWK0012,0,5.67,-5.67,-0.33,False
2016-09-03,US1TXWK0013,0,6.4,-6.4,-0.38,False
2016-09-03,US1TXWK0018,0,6.25,-6.25,-0.37,False
2016-09-03,US1TXWK0021,0,8.58,-8.58,-0.55,False
2016-09-03,US1TXWL0009,0,59.59,-59.59,-4.39,True
2016-09-03,USC00160007,0,0.24,-0.24,0.08,False
2016-09-03,USC00160098,0,0.0,0.0,0.1,False
2016-09-03,USC00160103,0,0.0,0.0,0.1,False
2016-09-03,USC00160462,0,0.28,-0.28,0.08,False
2016-09-03,USC00160548,0,0.23,-0.23,0.08,False
2016-09-03,USC00160558,0,0.27,-0.27,0.08,False
2016-09-03,USC00160565,0,0.97,-0.97,0.03,False
2016-09-03,USC00160658,0,0.0,0.0,0.1,False
2016-09-03,USC00161232,0,0.0,0.0,0.1,False
2016-09-03,USC00161287,0,0.0,0.0,0.1,False
2016-09-03,USC00161565,13,0.2,12.8,1.06,False
2016-09-03,USC00162212,0,0.2,-0.2,0.08,False
2016-09-03,USC00162367,0,0.0,0.0,0.1,False
2016-09-03,USC00162534,0,1.25,-1.25,0.01,False
2016-09-03,USC00163313,13,0.33,12.67,1.05,False
2016-09-03,USC00163800,0,0.26,-0.26,0.08,False
2016-09-03,USC00163979,0,0.0,0.0,0.1,False
2016-09-03,USC00164288,0,0.0,0.0,0.1,False
2016-09-03,USC00164674,0,0.92,-0.92,0.03,False
2016-09-03,USC00164700,0,0.0,0.0,0.1,False
2016-09-03,USC00164739,0,0.0,0.0,0.1,False
2016-09-03,USC00164775,0,0.14,-0.14,0.09,False
2016-09-03,USC00165065,0,0.0,0.0,0.1,False
2016-09-03,USC00165074,0,0.0,0.0,0.1,False
2016-09-03,USC00165076,0,0.0,0.0,0.1,False
2016-09-03,USC00165266,0,0.0,0.0,0.1,False
2016-09-03,USC00165296,0,0.39,-0.39,0.07,False
2016-09-03,USC00165620,0,0.36,-0.36,0.07,False
2016-09-03,USC00166394,0,1.26,-1.26,0.0,False
2016-09-03,USC00166431,0,0.0,0.0,0.1,False
2016-09-03,USC00166434,0,0.0,0.0,0.1,False
2016-09-03,USC00166561,0,1.07,-1.07,0.02,False
2016-09-03,USC00166686,0,0.17,-0.17,0.09,False
2016-09-03,USC00166808,0,0.27,-0.27,0.08,False
2016-09-03,USC00166938,0,0.0,0.0,0.1,False
2016-09-03,USC00166995,0,0.29,-0.29,0.08,False
2016-09-03,USC00167366,0,0.59,-0.59,0.06,False
2016-09-03,USC00167448,0,0.31,-0.31,0.08,False
2016-09-03,USC00167729,0,0.0,0.0,0.1,False
2016-09-03,USC00167732,0,0.0,0.0,0.1,False
2016-09-03,USC00167932,0,0.0,0.0,0.1,False
2016-09-03,USC00168136,0,0.17,-0.17,0.09,False
2016-09-03,USC00168181,0,0.19,-0.19,0.08,False
2016-09-03,USC00168831,0,0.0,0.0,0.1,False
2016-09-03,USC00223441,0,0.0,0.0,0.1,False
2016-09-03,USC00410257,76,68.36,7.64,0.67,False
2016-09-03,USC00410569,272,118.77,153.23,11.64,True
2016-09-03,USC00410586,0,39.47,-39.47,-2.87,False
2016-09-03,USC00410611,0,0.0,0.0,0.1,False
2016-09-03,USC00410613,0,3.03,-3.03,-0.13,False
2016-09-03,USC00410655,0,23.41,-23.41,-1.66,False
2016-09-03,USC00411048,0,16.51,-16.51,-1.14,False
2016-09-03,USC00411596,0,6.67,-6.67,-0.4,False
2016-09-03,USC00411810,0,15.26,-15.26,-1.05,False
2016-09-03,USC00411956,0,36.24,-36.24,-2.63,False
2016-09-03,USC00412114,0,0.65,-0.65,0.05,False
2016-09-03,USC00412206,191,38.57,152.43,11.58,True
2016-09-03,USC00412266,61,214.51,-153.51,-11.46,True
2016-09-03,USC00412786,737,452.98,284.02,21.49,True
2016-09-03,USC00413340,0,69.07,-69.07,-5.1,True
2016-09-03,USC00414325,0,57.11,-57.11,-4.2,True
2016-09-03,USC00414327,0,45.4,-45.4,-3.32,False
2016-09-03,USC00414333,0,42.95,-42.95,-3.14,False
2016-09-03,USC00414382,0,5.99,-5.99,-0.35,False
2016-09-03,USC00414704,3,66.44,-63.44,-4.68,True
2016-09-03,USC00414878,0,0.91,-0.91,0.03,False
2016-09-03,USC00415196,0,27.15,-27.15,-1.95,False
2016-09-03,USC00415427,0,0.0,0.0,0.1,False
2016-09-03,USC00415435,0,0.08,-0.08,0.09,False
2016-09-03,USC00415477,0,8.04,-8.04,-0.51,False
2016-09-03,USC00415659,0,142.06,-142.06,-10.6,True
2016-09-03,USC00416024,102,36.03,65.97,5.07,True
2016-09-03,USC00416280,0,39.12,-39.12,-2.85,False
2016-09-03,USC00416664,0,0.0,0.0,0.1,False
2016-09-03,USC00416680,0,0.0,0.0,0.1,False
2016-09-03,USC00417040,0,0.0,0.0,0.1,False
2016-09-03,USC00417172,0,0.0,0.0,0.1,False
2016-09-03,USC00417594,384,135.39,248.61,18.83,True
2016-09-03,USC00417936,0,0.0,0.0,0.1,False
2016-09-03,USC00418996,36,131.54,-95.54,-7.1,True
2016-09-03,USC00419101,0,0.0,0.0,0.1,False
2016-09-03,USC00419491,0,23.1,-23.1,-1.64,False
2016-09-03,USC00419605,13,92.0,-79.0,-5.85,True
2016-09-03,USC00419655,3,52.73,-49.73,-3.65,True
2016-09-03,USW00003904,0,9.45,-9.45,-0.61,False
2016-09-03,USW00003937,0,0.0,0.0,0.1,False
2016-09-03,USW00003949,0,0.0,0.0,0.1,False
2016-09-03,USW00012917,0,0.0,0.0,0.1,False
2016-09-03,USW00012918,0,67.77,-67.77,-5.01,True
2016-09-03,USW00012923,0,52.2,-52.2,-3.83,True
2016-09-03,USW00012935,46,125.29,-79.29,-5.87,True
2016-09-03,USW00012953,0,102.8,-102.8,-7.64,True
2016-09-03,USW00012960,0,41.42,-41.42,-3.02,False
2016-09-03,USW00012968,0,1.73,-1.73,-0.03,False
2016-09-03,USW00012975,0,59.62,-59.62,-4.39,True
2016-09-03,USW00012976,0,73.42,-73.42,-5.43,True
2016-09-03,USW00012977,0,126.46,-126.46,-9.43,True
2016-09-03,USW00012981,15,122.85,-107.85,-8.03,True
2016-09-03,USW00013935,0,0.0,0.0,0.1,False
2016-09-03,USW00013970,0,0.27,-0.27,0.08,False
2016-09-03,USW00013976,0,0.35,-0.35,0.07,False
2016-09-03,USW00053902,0,33.72,-33.72,-2.44,False
2016-09-03,USW00053903,0,6.14,-6.14,-0.36,False
2016-09-03,USW00053910,0,36.51,-36.51,-2.65,False
2016-09-03,USW00053915,0,0.42,-0.42,0.07,False
2016-09-03,USW00053928,0,17.71,-17.71,-1.24,False
2016-09-03,USW00053960,0,0.19,-0.19,0.08,False
2016-09-03,USW00053988,0,0.0,0.0,0.1,False
2016-09-03,USW00093915,0,0.0,0.0,0.1,False
2016-09-03,USW00093987,0,0.0,0.0,0.1,False
2016-09-04,US1LAAC0002,0,54.33,-54.33,-9.78,True
2016-09-04,US1LAAV0001,0,6.84,-6.84,-0.46,False
2016-09-04,US1LABG0002,0,1.21,-1.21,0.64,False
2016-09-04,US1LACC0003,0,6.26,-6.26,-0.35,False
2016-09-04,US1LACC0006,0,1.41,-1.41,0.6,False
2016-09-04,US1LACC0009,0,3.67,-3.67,0.16,False
2016-09-04,US1LACC0014,0,5.59,-5.59,-0.22,False
2016-09-04,US1LACC0016,0,1.21,-1.21,0.64,False
2016-09-04,US1LACC0017,0,1.64,-1.64,0.56,False
2016-09-04,US1LACM0003,0,3.73,-3.73,0.15,False
2016-09-04,US1LAEB0002,0,12.91,-12.91,-1.66,False
2016-09-04,US1LAEB0009,0,13.71,-13.71,-1.81,False
2016-09-04,US1LAEB0014,0,13.23,-13.23,-1.72,False
2016-09-04,US1LAEB0023,0,23.54,-23.54,-3.74,True
2016-09-04,US1LAEB0027,0,14.21,-14.21,-1.91,False
2016-09-04,US1LAEB0033,0,14.85,-14.85,-2.04,False
2016-09-04,US1LAEB0042,0,20.66,-20.66,-3.18,False
2016-09-04,US1LAEB0046,0,14.54,-14.54,-1.97,False
2016-09-04,US1LAEB0047,0,15.71,-15.71,-2.2,False
2016-09-04,US1LAEB0054,0,17.37,-17.37,-2.53,False
2016-09-04,US1LAEB0056,0,23.77,-23.77,-3.79,True
2016-09-04,US1LAJD0002,0,23.52,-23.52,-3.74,True
2016-09-04,US1LALY0007,0,73.62,-73.62,-13.57,True
2016-09-04,US1LARP0007,0,1.94,-1.94,0.5,False
2016-09-04,US1LASL0001,0,83.87,-83.87,-15.58,True
2016-09-04,US1LASM0002,0,147.35,-147.35,-28.04,True
2016-09-04,US1LAVM0002,0,33.55,-33.55,-5.71,True
2016-09-04,US1LAVM0004,0,49.68,-49.68,-8.87,True
2016-09-04,US1LAWB0002,0,24.71,-24.71,-3.97,True
2016-09-04,US1LAWF0004,0,11.49,-11.49,-1.38,False
2016-09-04,US1TXAG0001,0,0.05,-0.05,0.87,False
2016-09-04,US1TXAG0002,0,0.0,0.0,0.88,False
2016-09-04,US1TXAG0003,0,0.0,0.0,0.88,False
2016-09-04,US1TXAG0005,0,0.0,0.0,0.88,False
2016-09-04,US1TXAS0003,0,6.57,-6.57,-0.41,False
2016-09-04,US1TXAS0004,0,6.64,-6.64,-0.42,False
2016-09-04,US1TXAS0005,0,8.12,-8.12,-0.71,False
2016-09-04,US1TXAS0006,0,7.13,-7.13,-0.52,False
2016-09-04,US1TXAS0007,0,6.88,-6.88,-0.47,False
2016-09-04,US1TXAS0014,0,7.14,-7.14,-0.52,False
2016-09-04,US1TXAS0015,0,2.65,-2.65,0.36,False
2016-09-04,US1TXAS0017,0,9.95,-9.95,-1.07,False
2016-09-04,US1TXBRZ020,0,9.14,-9.14,-0.91,False
2016-09-04,US1TXBRZ021,25,11.95,13.05,3.44,False
2016-09-04,US1TXBRZ025,0,10.02,-10.02,-1.09,False
2016-09-04,US1TXBRZ027,0,8.3,-8.3,-0.75,False
2016-09-04,US1TXBRZ032,0,9.55,-9.55,-1.0,False
2016-09-04,US1TXBZS040,0,3.65,-3.65,0.16,False
2016-09-04,US1TXBZS088,0,2.4,-2.4,0.41,False
2016-09-04,US1TXBZS096,0,4.47,-4.47,0.0,False
2016-09-04,US1TXBZS098,3,1.92,1.08,1.09,False
2016-09-04,US1TXBZS099,0,4.24,-4.24,0.05,False
2016-09-04,US1TXBZS100,0,5.05,-5.05,-0.11,False
2016-09-04,US1TXBZS102,0,3.96,-3.96,0.1,False
2016-09-04,US1TXCHM008,0,4.84,-4.84,-0.07,False
2016-09-04,US1TXCLR006,0,9.45,-9.45,-0.98,False
2016-09-04,US1TXFB0005,0,4.19,-4.19,0.06,False
2016-09-04,US1TXFB0012,0,4.2,-4.2,0.05,False
2016-09-04,US1TXFB0018,0,7.36,-7.36,-0.57,False
2016-09-04,US1TXFB0027,0,5.83,-5.83,-0.26,False
2016-09-04,US1TXFB0028,0,8.57,-8.57,-0.8,False
2016-09-04,US1TXFB0032,0,9.19,-9.19,-0.92,False
2016-09-04,US1TXFB0040,0,6.21,-6.21,-0.34,False
2016-09-04,US1TXFB0043,0,8.26,-8.26,-0.74,False
2016-09-04,US1TXGM0007,0,3.69,-3.69,0.16,False
2016-09-04,US1TXGV0005,0,13.7,-13.7,-1.81,False
2016-09-04,US1TXGV0029,0,4.72,-4.72,-0.05,False
2016-09-04,US1TXGV0034,0,5.13,-5.13,-0.13,False
2016-09-04,US1TXGV0046,0,4.1,-4.1,0.07,False
2016-09-04,US1TXGV0049,0,4.45,-4.45,0.01,False
2016-09-04,US1TXGV0051,0,4.72,-4.72,-0.05,False
2016-09-04,US1TXHRN001,0,0.43,-0.43,0.8,False
2016-09-04,US1TXHRN002,0,0.13,-0.13,0.85,False
2016-09-04,US1TXHRN005,0,0.05,-0.05,0.87,False
2016-09-04,US1TXHRN006,0,0.06,-0.06,0.87,False
2016-09-04,US1TXHRR015,0,5.76,-5.76,-0.25,False
2016-09-04,US1TXHRR027,0,4.84,-4.84,-0.07,False
2016-09-04,US1TXHRR028,0,5.55,-5.55,-0.21,False
2016-09-04,US1TXHRR031,0,7.94,-7.94,-0.68,False
2016-09-04,US1TXHRR032,0,7.66,-7.66,-0.62,False
2016-09-04,US1TXHRR033,0,5.33,-5.33,-0.17,False
2016-09-04,US1TXHRR052,0,5.23,-5.23,-0.15,False
2016-09-04,US1TXHRR074,0,4.47,-4.47,0.0,False
2016-09-04,US1TXHRR089,0,6.72,-6.72,-0.44,False
2016-09-04,US1TXHRR093,0,5.84,-5.84,-0.27,False
2016-09-04,US1TXHRR117,0,5.7,-5.7,-0.24,False
2016-09-04,US1TXHRR119,0,5.06,-5.06,-0.11,False
2016-09-04,US1TXHRR124,0,6.52,-6.52,-0.4,False
2016-09-04,US1TXHRR139,0,5.64,-5.64,-0.23,False
2016-09-04,US1TXHRR147,0,6.44,-6.44,-0.38,False
2016-09-04,US1TXHRR162,0,6.83,-6.83,-0.46,False
2016-09-04,US1TXHRR164,0,4.44,-4.44,0.01,False
2016-09-04,US1TXHRR165,0,3.83,-3.83,0.13,False
2016-09-04,US1TXHRR168,0,9.39,-9.39,-0.96,False
2016-09-04,US1TXHRR170,0,6.26,-6.26,-0.35,False
2016-09-04,US1TXHRR176,0,4.48,-4.48,-0.0,False
2016-09-04,US1TXHRR203,0,4.84,-4.84,-0.07,False
2016-09-04,US1TXHRR209,0,3.9,-3.9,0.11,False
2016-09-04,US1TXHRR217,0,5.37,-5.37,-0.17,False
2016-09-04,US1TXHRR222,0,6.95,-6.95,-0.49,False
2016-09-04,US1TXHRR228,0,6.99,-6.99,-0.49,False
2016-09-04,US1TXHRR232,0,4.21,-4.21,0.05,False
2016-09-04,US1TXHST003,0,0.08,-0.08,0.86,False
2016-09-04,US1TXJJ0009,0,0.56,-0.56,0.77,False
2016-09-04,US1TXJJ0010,0,1.29,-1.29,0.63,False
2016-09-04,US1TXJJ0011,0,0.65,-0.65,0.75,False
2016-09-04,US1TXJS0003,0,0.78,-0.78,0.73,False
2016-09-04,US1TXLR0005,0,3.53,-3.53,0.19,False
2016-09-04,US1TXLR0013,0,5.86,-5.86,-0.27,False
2016-09-04,US1TXLR0015,0,3.49,-3.49,0.19,False
2016-09-04,US1TXMNG004,0,4.23,-4.23,0.05,False
2016-09-04,US1TXMNG008,0,5.61,-5.61,-0.22,False
2016-09-04,US1TXMNG014,0,4.12,-4.12,0.07,False
2016-09-04,US1TXMNG020,0,4.86,-4.86,-0.07,False
2016-09-04,US1TXMNG021,0,2.82,-2.82,0.33,False
2016-09-04,US1TXMNG023,0,6.16,-6.16,-0.33,False
2016-09-04,US1TXMNG030,0,5.83,-5.83,-0.27,False
2016-09-04,US1TXMNG031,0,12.61,-12.61,-1.6,False
2016-09-04,US1TXMNG035,0,4.86,-4.86,-0.08,False
2016-09-04,US1TXMNG051,0,4.5,-4.5,-0.0,False
2016-09-04,US1TXMNG054,0,6.54,-6.54,-0.4,False
2016-09-04,US1TXMNG055,0,4.79,-4.79,-0.06,False
2016-09-04,US1TXMNG058,5,4.88,0.12,0.9,False
2016-09-04,US1TXMNG061,0,8.54,-8.54,-0.8,False
2016-09-04,US1TXMTG004,0,45.43,-45.43,-8.04,True
2016-09-04,US1TXNW0002,0,1.15,-1.15,0.65,False
2016-09-04,US1TXOR0001,0,0.94,-0.94,0.69,False
2016-09-04,US1TXPL0018,0,4.38,-4.38,0.02,False
2016-09-04,US1TXPL0024,0,4.42,-4.42,0.01,False
2016-09-04,US1TXPL0027,0,3.79,-3.79,0.13,False
2016-09-04,US1TXPL0035,0,3.2,-3.2,0.25,False
2016-09-04,US1TXSB0001,0,1.06,-1.06,0.67,False
2016-09-04,US1TXSJ0011,0,4.46,-4.46,0.0,False
2016-09-04,US1TXTR0003,0,0.09,-0.09,0.86,False
2016-09-04,US1TXTT0003,0,3.36,-3.36,0.22,False
2016-09-04,US1TXWA0003,0,3.84,-3.84,0.13,False
2016-09-04,US1TXWA0005,0,4.07,-4.07,0.08,False
2016-09-04,US1TXWA0006,0,2.09,-2.09,0.47,False
2016-09-04,US1TXWA0009,0,2.11,-2.11,0.47,False
2016-09-04,US1TXWA0010,0,3.06,-3.06,0.28,False
2016-09-04,US1TXWA0012,0,3.9,-3.9,0.11,False
2016-09-04,US1TXWA0017,3,6.7,-3.7,0.15,False
2016-09-04,US1TXWA0024,0,5.04,-5.04,-0.11,False
2016-09-04,US1TXWH0001,0,11.36,-11.36,-1.35,False
2016-09-04,US1TXWH0002,206,40.89,165.11,33.29,True
2016-09-04,US1TXWH0004,97,58.78,38.22,8.38,True
2016-09-04,US1TXWH0009,0,15.75,-15.75,-2.21,False
2016-09-04,US1TXWH0011,97,53.1,43.9,9.5,True
2016-09-04,US1TXWH0016,0,12.49,-12.49,-1.57,False
2016-09-04,US1TXWH0018,5,15.21,-10.21,-1.12,False
2016-09-04,US1TXWK0003,0,4.58,-4.58,-0.02,False
2016-09-04,US1TXWK0005,0,3.7,-3.7,0.15,False
2016-09-04,US1TXWK0012,0,3.1,-3.1,0.27,False
2016-09-04,US1TXWK0013,0,3.18,-3.18,0.26,False
2016-09-04,US1TXWK0018,0,3.0,-3.0,0.29,False
2016-09-04,US1TXWK0021,0,4.07,-4.07,0.08,False
2016-09-04,USC00160007,0,47.73,-47.73,-8.49,True
2016-09-04,USC00160098,0,2.36,-2.36,0.42,False
2016-09-04,USC00160103,0,1.82,-1.82,0.52,False
2016-09-04,USC00160462,0,32.18,-32.18,-5.44,True
2016-09-04,USC00160548,0,13.63,-13.63,-1.8,False
2016-09-04,USC00160558,0,14.59,-14.59,-1.98,False
2016-09-04,USC00160565,0,49.49,-49.49,-8.84,True
2016-09-04,USC00160658,0,2.14,-2.14,0.46,False
2016-09-04,USC00161232,30,0.49,29.51,6.67,True
2016-09-04,USC00161287,0,6.85,-6.85,-0.47,False
2016-09-04,USC00161565,102,31.72,70.28,14.67,True
2016-09-04,USC00162212,0,52.39,-52.39,-9.4,True
2016-09-04,USC00162367,0,1.53,-1.53,0.58,False
2016-09-04,USC00162534,0,48.58,-48.58,-8.66,True
2016-09-04,USC00163313,8,81.07,-73.07,-13.46,True
2016-09-04,USC00163800,239,35.13,203.87,40.9,True
2016-09-04,USC00163979,0,1.76,-1.76,0.53,False
2016-09-04,USC00164288,0,1.54,-1.54,0.58,False
2016-09-04,USC00164674,0,102.25,-102.25,-19.19,True
2016-09-04,USC00164700,0,30.7,-30.7,-5.15,True
2016-09-04,USC00164739,0,2.32,-2.32,0.42,False
2016-09-04,USC00164775,0,33.18,-33.18,-5.63,True
2016-09-04,USC00165065,0,29.33,-29.33,-4.88,True
2016-09-04,USC00165074,0,1.38,-1.38,0.61,False
2016-09-04,USC00165076,0,2.03,-2.03,0.48,False
2016-09-04,USC00165266,0,1.54,-1.54,0.58,False
2016-09-04,USC00165296,0,72.92,-72.92,-13.43,True
2016-09-04,USC00165620,0,18.2,-18.2,-2.69,False
2016-09-04,USC00166394,549,48.08,500.92,99.21,True
2016-09-04,USC00166431,0,1.41,-1.41,0.6,False
2016-09-04,USC00166434,3,1.02,1.98,1.27,False
2016-09-04,USC00166561,3,64.62,-61.62,-11.22,True
2016-09-04,USC00166686,0,23.37,-23.37,-3.71,True
2016-09-04,USC00166808,0,5.69,-5.69,-0.24,False
2016-09-04,USC00166938,0,9.95,-9.95,-1.07,False
2016-09-04,USC00166968,0,1.47,-1.47,0.59,False
2016-09-04,USC00166995,0,58.01,-58.01,-10.51,True
2016-09-04,USC00167366,0,27.83,-27.83,-4.58,True
2016-09-04,USC00167448,0,20.8,-20.8,-3.2,False
2016-09-04,USC00167729,0,8.7,-8.7,-0.83,False
2016-09-04,USC00167732,0,7.33,-7.33,-0.56,False
2016-09-04,USC00167932,0,32.85,-32.85,-5.57,True
2016-09-04,USC00168136,0,23.04,-23.04,-3.64,True
2016-09-04,USC00168181,0,324.61,-324.61,-62.84,True
2016-09-04,USC00168831,0,1.35,-1.35,0.61,False
2016-09-04,USC00223441,0,3.44,-3.44,0.2,False
2016-09-04,USC00410569,262,20.49,241.51,48.29,True
2016-09-04,USC00410586,0,4.99,-4.99,-0.1,False
2016-09-04,USC00410611,0,0.68,-0.68,0.74,False
2016-09-04,USC00410613,0,0.19,-0.19,0.84,False
2016-09-04,USC00410655,0,2.65,-2.65,0.36,False
2016-09-04,USC00411048,0,4.97,-4.97,-0.1,False
2016-09-04,USC00411596,0,0.71,-0.71,0.74,False
2016-09-04,USC00411810,0,6.13,-6.13,-0.32,False
2016-09-04,USC00411956,0,10.62,-10.62,-1.2,False
2016-09-04,USC00412114,0,0.08,-0.08,0.86,False
2016-09-04,USC00412206,0,4.74,-4.74,-0.05,False
2016-09-04,USC00412266,61,57.79,3.21,1.51,False
2016-09-04,USC00412786,76,60.9,15.1,3.84,True
2016-09-04,USC00413340,0,12.17,-12.17,-1.51,False
2016-09-04,USC00414325,0,5.52,-5.52,-0.2,False
2016-09-04,USC00414327,0,4.71,-4.71,-0.05,False
2016-09-04,USC00414333,10,5.22,4.78,1.82,False
2016-09-04,USC00414382,0,2.9,-2.9,0.31,False
2016-09-04,USC00414704,0,7.64,-7.64,-0.62,False
2016-09-04,USC00414878,0,0.05,-0.05,0.87,False
2016-09-04,USC00415196,0,4.34,-4.34,0.03,False
2016-09-04,USC00415427,0,0.0,0.0,0.88,False
2016-09-04,USC00415435,0,0.47,-0.47,0.79,False
2016-09-04,USC00415477,0,4.23,-4.23,0.05,False
2016-09-04,USC00415659,0,43.79,-43.79,-7.72,True
2016-09-04,USC00416024,0,2.85,-2.85,0.32,False
2016-09-04,USC00416280,0,5.78,-5.78,-0.26,False
2016-09-04,USC00416664,0,1.02,-1.02,0.68,False
2016-09-04,USC00416680,0,1.02,-1.02,0.68,False
2016-09-04,USC00417040,0,0.0,0.0,0.88,False
2016-09-04,USC00417172,0,1.18,-1.18,0.65,False
2016-09-04,USC00417594,0,7.97,-7.97,-0.69,False
2016-09-04,USC00417936,0,0.0,0.0,0.88,False
2016-09-04,USC00418996,0,9.04,-9.04,-0.9,False
2016-09-04,USC00419101,0,0.09,-0.09,0.86,False
2016-09-04,USC00419491,0,3.96,-3.96,0.1,False
2016-09-04,USC00419605,0,16.14,-16.14,-2.29,False
2016-09-04,USC00419655,0,10.2,-10.2,-1.12,False
2016-09-04,USW00003904,15,2.13,12.87,3.41,False
2016-09-04,USW00003937,33,0.14,32.86,7.33,True
2016-09-04,USW00003949,0,2.42,-2.42,0.4,False
2016-09-04,USW00012917,5,0.42,4.58,1.78,False
2016-09-04,USW00012918,8,6.48,1.52,1.18,False
2016-09-04,USW00012923,0,5.07,-5.07,-0.12,False
2016-09-04,USW00012935,0,47.44,-47.44,-8.43,True
2016-09-04,USW00012953,64,17.85,46.15,9.94,True
2016-09-04,USW00012960,74,3.87,70.13,14.65,True
2016-09-04,USW00012968,0,115.64,-115.64,-21.82,True
2016-09-04,USW00012975,155,3.09,151.91,30.7,True
2016-09-04,USW00012976,20,12.38,7.62,2.37,False
2016-09-04,USW00012977,3,5.68,-2.68,0.35,False
2016-09-04,USW00012981,0,38.12,-38.12,-6.6,True
2016-09-04,USW00013935,8,1.91,6.09,2.07,False
2016-09-04,USW00013970,89,15.73,73.27,15.26,True
2016-09-04,USW00013976,234,79.46,154.54,31.21,True
2016-09-04,USW00053902,193,2.18,190.82,38.33,True
2016-09-04,USW00053903,3,2.64,0.36,0.95,False
2016-09-04,USW00053910,20,4.65,15.35,3.89,True
2016-09-04,USW00053915,780,81.78,698.22,137.93,True
2016-09-04,USW00053928,66,1.77,64.23,13.49,True
2016-09-04,USW00053960,490,56.68,433.32,85.94,True
2016-09-04,USW00053988,0,1.63,-1.63,0.56,False
2016-09-04,USW00093915,0,3.76,-3.76,0.14,False
2016-09-04,USW00093987,0,0.05,-0.05,0.87,False
2016-09-05,US1LAAC0002,0,113.03,-113.03,-1.53,False
2016-09-05,US1LABG0002,135,130.35,4.65,0.75,False
2016-09-05,US1LACC0003,274,133.85,140.15,3.39,False
2016-09-05,US1LACC0005,467,159.68,307.32,6.63,True
2016-09-05,US1LACC0006,48,245.97,-197.97,-3.18,False
2016-09-05,US1LACC0009,61,151.74,-90.74,-1.1,False
2016-09-05,US1LACC0014,142,183.43,-41.43,-0.14,False
2016-09-05,US1LACC0016,13,137.47,-124.47,-1.75,False
2016-09-05,US1LACC0017,333,172.9,160.1,3.77,True
2016-09-05,US1LACM0003,0,157.84,-157.84,-2.4,False
2016-09-05,US1LAEB0002,132,196.74,-64.74,-0.59,False
2016-09-05,US1LAEB0009,43,151.61,-108.61,-1.45,False
2016-09-05,US1LAEB0014,445,232.22,212.78,4.8,True
2016-09-05,US1LAEB0023,46,164.47,-118.47,-1.64,False
2016-09-05,US1LAEB0027,434,225.76,208.24,4.71,True
2016-09-05,US1LAEB0033,84,192.59,-108.59,-1.45,False
2016-09-05,US1LAEB0041,531,297.24,233.76,5.2,True
2016-09-05,US1LAEB0042,0,226.53,-226.53,-3.74,True
2016-09-05,US1LAEB0046,163,190.53,-27.53,0.13,False
2016-09-05,US1LAEB0047,551,290.59,260.41,5.72,True
2016-09-05,US1LAEB0056,13,140.0,-127.0,-1.8,False
2016-09-05,US1LAJD0002,18,153.4,-135.4,-1.97,False
2016-09-05,US1LALY0006,71,110.22,-39.22,-0.1,False
2016-09-05,US1LALY0007,5,127.88,-122.88,-1.72,False
2016-09-05,US1LARP0007,0,93.38,-93.38,-1.15,False
2016-09-05,US1LASL0001,0,144.09,-144.09,-2.14,False
2016-09-05,US1LASM0002,69,158.23,-89.23,-1.07,False
2016-09-05,US1LAVM0002,25,70.13,-45.13,-0.21,False
2016-09-05,US1LAVM0004,0,53.38,-53.38,-0.37,False
2016-09-05,US1LAWB0002,0,158.95,-158.95,-2.42,False
2016-09-05,US1LAWF0004,305,109.09,195.91,4.47,True
2016-09-05,US1MSAD0004,30,76.12,-46.12,-0.23,False
2016-09-05,US1TXAG0001,0,27.29,-27.29,0.13,False
2016-09-05,US1TXAG0002,0,32.84,-32.84,0.03,False
2016-09-05,US1TXAG0003,0,22.53,-22.53,0.23,False
2016-09-05,US1TXAG0005,0,16.21,-16.21,0.35,False
2016-09-05,US1TXAS0003,18,71.6,-53.6,-0.38,False
2016-09-05,US1TXAS0004,97,71.91,25.09,1.15,False
2016-09-05,US1TXAS0005,28,74.92,-46.92,-0.25,False
2016-09-05,US1TXAS0006,114,65.72,48.28,1.6,False
2016-09-05,US1TXAS0007,36,77.78,-41.78,-0.15,False
2016-09-05,US1TXAS0008,104,82.82,21.18,1.07,False
2016-09-05,US1TXAS0012,23,70.88,-47.88,-0.27,False
2016-09-05,US1TXAS0014,18,76.22,-58.22,-0.47,False
2016-09-05,US1TXAS0015,0,42.65,-42.65,-0.17,False
2016-09-05,US1TXAS0017,97,73.04,23.96,1.13,False
2016-09-05,US1TXBRZ020,0,23.06,-23.06,0.22,False
2016-09-05,US1TXBRZ021,64,41.56,22.44,1.1,False
2016-09-05,US1TXBRZ025,0,56.45,-56.45,-0.43,False
2016-09-05,US1TXBRZ027,0,21.31,-21.31,0.25,False
2016-09-05,US1TXBRZ032,0,24.89,-24.89,0.18,False
2016-09-05,US1TXBZS040,0,55.27,-55.27,-0.41,False
2016-09-05,US1TXBZS088,5,43.14,-38.14,-0.08,False
2016-09-05,US1TXBZS096,0,51.73,-51.73,-0.34,False
2016-09-05,US1TXBZS098,0,41.69,-41.69,-0.15,False
2016-09-05,US1TXBZS099,112,42.46,69.54,2.01,False
2016-09-05,US1TXBZS100,3,59.33,-56.33,-0.43,False
2016-09-05,US1TXBZS102,0,51.15,-51.15,-0.33,False
2016-09-05,US1TXCHM008,0,62.14,-62.14,-0.54,False
2016-09-05,US1TXCLR006,193,106.55,86.45,2.34,False
2016-09-05,US1TXCLR010,267,91.13,175.87,4.08,True
2016-09-05,US1TXFB0005,8,56.81,-48.81,-0.28,False
2016-09-05,US1TXFB0012,38,47.03,-9.03,0.49,False
2016-09-05,US1TXFB0017,262,85.31,176.69,4.1,True
2016-09-05,US1TXFB0018,119,124.51,-5.51,0.56,False
2016-09-05,US1TXFB0027,0,62.16,-62.16,-0.54,False
2016-09-05,US1TXFB0028,0,60.1,-60.1,-0.5,False
2016-09-05,US1TXFB0032,0,79.49,-79.49,-0.88,False
2016-09-05,US1TXFB0040,13,62.34,-49.34,-0.3,False
2016-09-05,US1TXFB0042,178,79.01,98.99,2.59,False
2016-09-05,US1TXGM0007,0,56.65,-56.65,-0.44,False
2016-09-05,US1TXGV0005,20,44.04,-24.04,0.2,False
2016-09-05,US1TXGV0009,5,36.37,-31.37,0.05,False
2016-09-05,US1TXGV0029,0,34.94,-34.94,-0.02,False
2016-09-05,US1TXGV0034,0,36.75,-36.75,-0.05,False
2016-09-05,US1TXGV0044,0,39.5,-39.5,-0.1,False
2016-09-05,US1TXGV0046,13,32.4,-19.4,0.29,False
2016-09-05,US1TXGV0049,0,35.3,-35.3,-0.02,False
2016-09-05,US1TXGV0051,0,36.66,-36.66,-0.05,False
2016-09-05,US1TXGV0052,13,42.36,-29.36,0.09,False
2016-09-05,US1TXGV0054,0,31.07,-31.07,0.06,False
2016-09-05,US1TXHRN001,46,69.08,-23.08,0.21,False
2016-09-05,US1TXHRN002,147,47.18,99.82,2.6,False
2016-09-05,US1TXHRN005,0,43.14,-43.14,-0.17,False
2016-09-05,US1TXHRN006,53,29.81,23.19,1.11,False
2016-09-05,US1TXHRR015,107,63.78,43.22,1.5,False
2016-09-05,US1TXHRR027,33,84.79,-51.79,-0.34,False
2016-09-05,US1TXHRR028,15,36.55,-21.55,0.24,False
2016-09-05,US1TXHRR031,81,39.85,41.15,1.46,False
2016-09-05,US1TXHRR032,0,50.19,-50.19,-0.31,False
2016-09-05,US1TXHRR033,0,66.57,-66.57,-0.63,False
2016-09-05,US1TXHRR043,66,88.77,-22.77,0.22,False
2016-09-05,US1TXHRR052,0,38.91,-38.91,-0.09,False
2016-09-05,US1TXHRR074,224,104.72,119.28,2.98,False
2016-09-05,US1TXHRR089,10,49.6,-39.6,-0.11,False
2016-09-05,US1TXHRR093,0,58.29,-58.29,-0.47,False
2016-09-05,US1TXHRR114,203,83.26,119.74,2.99,False
2016-09-05,US1TXHRR116,58,77.75,-19.75,0.28,False
2016-09-05,US1TXHRR117,18,90.1,-72.1,-0.74,False
2016-09-05,US1TXHRR119,94,75.86,18.14,1.02,False
2016-09-05,US1TXHRR124,328,81.06,246.94,5.46,True
2016-09-05,US1TXHRR139,0,66.53,-66.53,-0.63,False
2016-09-05,US1TXHRR147,0,49.29,-49.29,-0.29,False
2016-09-05,US1TXHRR150,8,67.08,-59.08,-0.48,False
2016-09-05,US1TXHRR159,102,101.61,0.39,0.67,False
2016-09-05,US1TXHRR162,0,76.52,-76.52,-0.82,False
2016-09-05,US1TXHRR164,340,95.89,244.11,5.41,True
2016-09-05,US1TXHRR165,183,93.28,89.72,2.41,False
2016-09-05,US1TXHRR168,46,45.66,0.34,0.67,False
2016-09-05,US1TXHRR170,56,34.81,21.19,1.07,False
2016-09-05,US1TXHRR176,206,79.43,126.57,3.12,False
2016-09-05,US1TXHRR203,0,85.29,-85.29,-0.99,False
2016-09-05,US1TXHRR209,198,91.86,106.14,2.73,False
2016-09-05,US1TXHRR217,0,38.82,-38.82,-0.09,False
2016-09-05,US1TXHRR222,249,163.06,85.94,2.33,False
2016-09-05,US1TXHRR223,305,142.4,162.6,3.82,True
2016-09-05,US1TXHRR225,122,90.54,31.46,1.27,False
2016-09-05,US1TXHRR228,178,100.11,77.89,2.18,False
2016-09-05,US1TXHRR232,3,82.28,-79.28,-0.88,False
2016-09-05,US1TXHST003,0,20.96,-20.96,0.26,False
2016-09-05,US1TXJJ0009,10,57.61,-47.61,-0.26,False
2016-09-05,US1TXJJ0010,0,53.75,-53.75,-0.38,False
2016-09-05,US1TXJJ0011,15,54.16,-39.16,-0.1,False
2016-09-05,US1TXJS0003,0,82.2,-82.2,-0.93,False
2016-09-05,US1TXLR0001,23,54.35,-31.35,0.05,False
2016-09-05,US1TXLR0005,91,92.56,-1.56,0.63,False
2016-09-05,US1TXLR0013,0,61.89,-61.89,-0.54,False
2016-09-05,US1TXLR0014,114,83.75,30.25,1.25,False
2016-09-05,US1TXLR0015,124,78.56,45.44,1.55,False
2016-09-05,US1TXMNG004,74,66.89,7.11,0.8,False
2016-09-05,US1TXMNG008,142,98.62,43.38,1.51,False
2016-09-05,US1TXMNG014,79,64.63,14.37,0.94,False
2016-09-05,US1TXMNG020,74,69.8,4.2,0.74,False
2016-09-05,US1TXMNG021,13,52.81,-39.81,-0.11,False
2016-09-05,US1TXMNG023,307,95.04,211.96,4.78,True
2016-09-05,US1TXMNG026,269,100.86,168.14,3.93,True
2016-09-05,US1TXMNG030,61,105.34,-44.34,-0.2,False
2016-09-05,US1TXMNG031,13,66.79,-53.79,-0.38,False
2016-09-05,US1TXMNG035,130,83.01,46.99,1.58,False
2016-09-05,US1TXMNG036,117,94.66,22.34,1.1,False
2016-09-05,US1TXMNG051,117,80.42,36.58,1.37,False
2016-09-05,US1TXMNG054,132,82.05,49.95,1.63,False
2016-09-05,US1TXMNG055,0,78.91,-78.91,-0.87,False
2016-09-05,US1TXMNG058,178,84.28,93.72,2.48,False
2016-09-05,US1TXMNG061,25,76.29,-51.29,-0.33,False
2016-09-05,US1TXMTG004,25,35.99,-10.99,0.45,False
2016-09-05,US1TXNW0002,0,27.73,-27.73,0.12,False
2016-09-05,US1TXOR0001,41,72.21,-31.21,0.06,False
2016-09-05,US1TXPL0003,0,35.31,-35.31,-0.02,False
2016-09-05,US1TXPL0018,33,49.48,-16.48,0.34,False
2016-09-05,US1TXPL0024,0,55.78,-55.78,-0.42,False
2016-09-05,US1TXPL0027,0,35.03,-35.03,-0.02,False
2016-09-05,US1TXPL0028,33,45.85,-12.85,0.41,False
2016-09-05,US1TXPL0032,368,35.88,332.12,7.12,True
2016-09-05,US1TXPL0035,8,49.62,-41.62,-0.15,False
2016-09-05,US1TXSJ0011,23,51.89,-28.89,0.1,False
2016-09-05,US1TXTR0008,61,43.94,17.06,0.99,False
2016-09-05,US1TXTT0003,0,41.42,-41.42,-0.14,False
2016-09-05,US1TXWA0003,15,77.67,-62.67,-0.55,False
2016-09-05,US1TXWA0005,76,89.13,-13.13,0.41,False
2016-09-05,US1TXWA0006,0,38.32,-38.32,-0.08,False
2016-09-05,US1TXWA0009,0,38.62,-38.62,-0.09,False
2016-09-05,US1TXWA0010,0,53.8,-53.8,-0.38,False
2016-09-05,US1TXWA0012,107,73.9,33.1,1.31,False
2016-09-05,US1TXWA0017,69,78.56,-9.56,0.48,False
2016-09-05,US1TXWA0018,279,79.01,199.99,4.55,True
2016-09-05,US1TXWA0024,145,95.99,49.01,1.62,False
2016-09-05,US1TXWH0001,33,63.8,-30.8,0.06,False
2016-09-05,US1TXWH0002,0,41.49,-41.49,-0.14,False
2016-09-05,US1TXWH0004,0,31.8,-31.8,0.05,False
2016-09-05,US1TXWH0009,56,60.74,-4.74,0.57,False
2016-09-05,US1TXWH0011,8,35.55,-27.55,0.13,False
2016-09-05,US1TXWH0016,94,53.13,40.87,1.46,False
2016-09-05,US1TXWH0018,23,66.38,-43.38,-0.18,False
2016-09-05,US1TXWK0003,91,64.0,27.0,1.19,False
2016-09-05,US1TXWK0005,5,58.45,-53.45,-0.38,False
2016-09-05,US1TXWK0012,0,48.67,-48.67,-0.28,False
2016-09-05,US1TXWK0013,18,43.42,-25.42,0.17,False
2016-09-05,US1TXWK0014,8,43.67,-35.67,-0.03,False
2016-09-05,US1TXWK0018,61,63.49,-2.49,0.61,False
2016-09-05,US1TXWK0020,119,55.07,63.93,1.91,False
2016-09-05,US1TXWK0021,0,44.71,-44.71,-0.21,False
2016-09-05,US1TXWL0009,33,78.02,-45.02,-0.21,False
2016-09-05,USC00160007,0,52.84,-52.84,-0.36,False
2016-09-05,USC00160098,0,104.99,-104.99,-1.38,False
2016-09-05,USC00160103,46,64.77,-18.77,0.3,False
2016-09-05,USC00160462,53,141.52,-88.52,-1.06,False
2016-09-05,USC00160548,203,217.52,-14.52,0.38,False
2016-09-05,USC00160558,292,243.11,48.89,1.61,False
2016-09-05,USC00160565,64,157.84,-93.84,-1.16,False
2016-09-05,USC00160658,0,135.57,-135.57,-1.97,False
2016-09-05,USC00161232,198,87.78,110.22,2.8,False
2016-09-05,USC00161287,0,95.45,-95.45,-1.19,False
2016-09-05,USC00161565,267,168.71,98.29,2.57,False
2016-09-05,USC00162212,13,126.82,-113.82,-1.55,False
2016-09-05,USC00162367,0,112.37,-112.37,-1.52,False
2016-09-05,USC00162534,465,151.02,313.98,6.76,True
2016-09-05,USC00163313,51,156.63,-105.63,-1.39,False
2016-09-05,USC00163800,239,99.64,139.36,3.37,False
2016-09-05,USC00163979,0,124.29,-124.29,-1.75,False
2016-09-05,USC00164288,0,44.82,-44.82,-0.21,False
2016-09-05,USC00164674,612,120.84,491.16,10.21,True
2016-09-05,USC00164700,523,108.16,414.84,8.72,True
2016-09-05,USC00164739,239,63.43,175.57,4.07,True
2016-09-05,USC00164775,20,76.07,-56.07,-0.43,False
2016-09-05,USC00165065,13,138.94,-125.94,-1.78,False
2016-09-05,USC00165074,196,199.06,-3.06,0.6,False
2016-09-05,USC00165076,178,202.82,-24.82,0.18,False
2016-09-05,USC00165266,0,62.71,-62.71,-0.56,False
2016-09-05,USC00165296,201,92.44,108.56,2.77,False
2016-09-05,USC00165620,51,227.42,-176.42,-2.76,False
2016-09-05,USC00166394,46,161.52,-115.52,-1.58,False
2016-09-05,USC00166431,114,173.98,-59.98,-0.5,False
2016-09-05,USC00166434,81,156.95,-75.95,-0.81,False
2016-09-05,USC00166561,0,191.06,-191.06,-3.05,False
2016-09-05,USC00166686,127,118.93,8.07,0.82,False
2016-09-05,USC00166808,0,141.96,-141.96,-2.09,False
2016-09-05,USC00166938,10,117.44,-107.44,-1.42,False
2016-09-05,USC00166995,315,105.86,209.14,4.73,True
2016-09-05,USC00167366,20,161.92,-141.92,-2.09,False
2016-09-05,USC00167448,0,171.11,-171.11,-2.66,False
2016-09-05,USC00167729,0,93.35,-93.35,-1.15,False
2016-09-05,USC00167732,0,79.96,-79.96,-0.89,False
2016-09-05,USC00167932,20,127.18,-107.18,-1.42,False
2016-09-05,USC00168136,0,142.98,-142.98,-2.11,False
2016-09-05,USC00168181,493,53.08,439.92,9.21,True
2016-09-05,USC00168831,483,130.49,352.51,7.51,True
2016-09-05,USC00223441,0,128.63,-128.63,-1.84,False
2016-09-05,USC00410235,0,51.38,-51.38,-0.33,False
2016-09-05,USC00410569,0,43.07,-43.07,-0.17,False
2016-09-05,USC00410586,0,63.37,-63.37,-0.57,False
2016-09-05,USC00410611,25,61.31,-36.31,-0.04,False
2016-09-05,USC00410613,137,38.64,98.36,2.57,False
2016-09-05,USC00410655,0,42.71,-42.71,-0.17,False
2016-09-05,USC00411048,97,114.53,-17.53,0.32,False
2016-09-05,USC00411596,0,24.62,-24.62,0.19,False
2016-09-05,USC00411810,0,59.63,-59.63,-0.5,False
2016-09-05,USC00411956,3,68.53,-65.53,-0.61,False
2016-09-05,USC00412114,0,21.78,-21.78,0.24,False
2016-09-05,USC00412206,119,92.28,26.72,1.18,False
2016-09-05,USC00412266,23,41.43,-18.43,0.31,False
2016-09-05,USC00412676,97,80.75,16.25,0.98,False
2016-09-05,USC00412786,0,34.14,-34.14,0.0,False
2016-09-05,USC00413340,0,31.41,-31.41,0.05,False
2016-09-05,USC00414325,127,70.01,56.99,1.77,False
2016-09-05,USC00414327,191,86.77,104.23,2.69,False
2016-09-05,USC00414333,3,35.99,-32.99,0.02,False
2016-09-05,USC00414382,76,56.06,19.94,1.05,False
2016-09-05,USC00414704,38,82.01,-44.01,-0.19,False
2016-09-05,USC00414878,15,39.2,-24.2,0.19,False
2016-09-05,USC00415196,122,65.53,56.47,1.76,False
2016-09-05,USC00415427,0,15.55,-15.55,0.36,False
2016-09-05,USC00415435,89,60.62,28.38,1.21,False
2016-09-05,USC00415477,0,50.17,-50.17,-0.31,False
2016-09-05,USC00416024,0,56.83,-56.83,-0.44,False
2016-09-05,USC00416280,0,68.86,-68.86,-0.67,False
2016-09-05,USC00416664,25,83.25,-58.25,-0.47,False
2016-09-05,USC00416680,0,92.28,-92.28,-1.13,False
2016-09-05,USC00417040,0,14.39,-14.39,0.38,False
2016-09-05,USC00417172,0,53.88,-53.88,-0.38,False
2016-09-05,USC00417594,147,87.91,59.09,1.81,False
2016-09-05,USC00417936,0,32.67,-32.67,0.03,False
2016-09-05,USC00418996,33,65.26,-32.26,0.04,False
2016-09-05,USC00419101,79,31.01,47.99,1.6,False
2016-09-05,USC00419491,114,75.14,38.86,1.42,False
2016-09-05,USC00419605,10,49.65,-39.65,-0.11,False
2016-09-05,USC00419655,56,59.11,-3.11,0.6,False
2016-09-05,USW00003904,76,42.52,33.48,1.31,False
2016-09-05,USW00003937,371,139.13,231.87,5.17,True
2016-09-05,USW00003949,46,47.11,-1.11,0.64,False
2016-09-05,USW00012917,0,52.1,-52.1,-0.35,False
2016-09-05,USW00012918,94,52.44,41.56,1.47,False
2016-09-05,USW00012923,0,32.54,-32.54,0.03,False
2016-09-05,USW00012935,79,19.34,59.66,1.82,False
2016-09-05,USW00012953,33,59.9,-26.9,0.14,False
2016-09-05,USW00012960,5,81.42,-76.42,-0.82,False
2016-09-05,USW00012968,0,142.61,-142.61,-2.11,False
2016-09-05,USW00012975,23,46.83,-23.83,0.2,False
2016-09-05,USW00012976,0,41.63,-41.63,-0.15,False
2016-09-05,USW00012977,0,69.52,-69.52,-0.69,False
2016-09-05,USW00012981,0,38.83,-38.83,-0.09,False
2016-09-05,USW00013935,13,80.26,-67.26,-0.64,False
2016-09-05,USW00013970,28,155.42,-127.42,-1.81,False
2016-09-05,USW00013976,51,124.56,-73.56,-0.77,False
2016-09-05,USW00053902,0,70.29,-70.29,-0.7,False
2016-09-05,USW00053903,51,41.18,9.82,0.85,False
2016-09-05,USW00053910,0,92.17,-92.17,-1.13,False
2016-09-05,USW00053915,0,162.38,-162.38,-2.49,False
2016-09-05,USW00053928,10,93.2,-83.2,-0.95,False
2016-09-05,USW00053960,7,311.49,-304.49,-5.25,True
2016-09-05,USW00053988,0,109.98,-109.98,-1.47,False
2016-09-05,USW00093915,437,37.0,400.0,8.43,True
2016-09-05,USW00093987,69,21.14,47.86,1.59,False
