Event,Before_mean_missing,After_mean_missing,Delta_mean_missing
Rita,14.680025094102886,19.316276463262767,4.636251369159881
