ID,LAT,LON,NAME,Total Days_Before,Missing Days_Before,Missing %_Before,Distance_to_Coast_km_Before,Region_Before,MissingCat_Before,Total Days_After,Missing Days_After,Missing %_After,Distance_to_Coast_km_After,Region_After,MissingCat_After
US1ALBW0045,30.488,-87.8002,SILVERHILL 5.0 SW,9.0,9.0,100.0,10.307204461290235,Coastal,High,9.0,9.0,100.0,10.307204461290235,Coastal,High
US1ALTS0003,33.0786,-87.4009,HOLT 11.4 SSE,9.0,9.0,100.0,314.85153801231365,Rural,High,9.0,9.0,100.0,314.85153801231365,Rural,High
US1LALF0010,29.702,-90.6262,RACELAND 2.1 WSW,9.0,9.0,100.0,48.48886226621616,Coastal,High,9.0,9.0,100.0,48.48886226621616,Coastal,High
US1LATR0015,29.635,-90.7405,HOUMA 4.4 NNW,9.0,9.0,100.0,44.20553446173633,Coastal,High,9.0,9.0,100.0,44.20553446173633,Coastal,High
US1MSHR0022,30.6592,-89.1297,SAUCIER 1.7 NNE,9.0,9.0,100.0,34.03225793391333,Coastal,High,9.0,9.0,100.0,34.03225793391333,Coastal,High
US1MSNW0005,32.5706,-89.1432,UNION 1.6 W,9.0,8.0,88.89,269.8441417198442,Rural,High,9.0,9.0,100.0,269.8441417198442,Rural,High
US1MSRN0013,32.3471,-89.9874,BRANDON 4.7 NNE,9.0,9.0,100.0,256.0643238705879,Rural,High,9.0,9.0,100.0,256.0643238705879,Rural,High
US1TXAR0007,28.0357,-97.0717,ROCKPORT 1.3 WSW,9.0,9.0,100.0,3.6725042604514853,Coastal,High,9.0,9.0,100.0,3.6725042604514853,Coastal,High
US1TXAS0002,29.8925,-96.489,NEW ULM 0.1 ENE,9.0,9.0,100.0,144.19803419442832,Rural,High,9.0,9.0,100.0,144.19803419442832,Rural,High
US1TXBEL034,31.0684,-97.4561,BELTON 0.4 E,9.0,9.0,100.0,313.43579698415624,Rural,High,9.0,9.0,100.0,313.43579698415624,Rural,High
US1TXBEL113,31.0919,-97.4486,TEMPLE 5.1 W,9.0,9.0,100.0,316.12837795691485,Rural,High,9.0,9.0,100.0,316.12837795691485,Rural,High
US1TXBRT124,30.7061,-98.2713,BURNET 4.5 SSW,9.0,9.0,100.0,311.0056464398876,Rural,High,9.0,9.0,100.0,311.0056464398876,Rural,High
US1TXBST012,29.8608,-97.3942,ROSANKY 2.8 WNW,,,,,,,9.0,9.0,100.0,166.41035549634782,Rural,High
US1TXBST086,30.1685,-97.2498,BASTROP 5.1 NE,9.0,9.0,100.0,195.64771656227845,Rural,High,9.0,9.0,100.0,195.64771656227845,Rural,High
US1TXBST140,30.1153,-97.342,BASTROP 2.2 W,9.0,9.0,100.0,193.0793038004309,Rural,High,9.0,9.0,100.0,193.0793038004309,Rural,High
US1TXBST152,30.3702,-97.3113,ELGIN 3.9 ENE,9.0,9.0,100.0,222.4353389077176,Rural,High,9.0,9.0,100.0,222.4353389077176,Rural,High
US1TXBXR229,29.5178,-98.4388,TERRELL HILLS 2.8 N,9.0,9.0,100.0,222.63924903289612,Inland,High,9.0,9.0,100.0,222.63924903289612,Inland,High
US1TXCLL018,33.0539,-96.8371,PLANO 5.3 W,9.0,9.0,100.0,474.625524892424,Inland,High,9.0,9.0,100.0,474.625524892424,Inland,High
US1TXCLL030,33.3127,-96.5827,ANNA 3.7 SSW,9.0,9.0,100.0,495.6594292202478,Rural,High,9.0,9.0,100.0,495.6594292202478,Rural,High
US1TXCLL033,32.9921,-96.7397,RICHARDSON 2.2 NW,9.0,9.0,100.0,462.67958314694954,Inland,High,9.0,9.0,100.0,462.67958314694954,Inland,High
US1TXCML048,29.9454,-98.3706,CANYON LAKE 8.1 NW,9.0,9.0,100.0,246.47415643385585,Rural,High,9.0,9.0,100.0,246.47415643385585,Rural,High
US1TXCML092,29.6411,-98.3114,GARDEN RIDGE 1.2 WNW,9.0,9.0,100.0,218.3434998809859,Rural,High,9.0,9.0,100.0,218.3434998809859,Rural,High
US1TXCML219,29.7481,-98.2522,NEW BRAUNFELS 8.6 WNW,9.0,9.0,100.0,220.58071260254826,Rural,High,9.0,9.0,100.0,220.58071260254826,Rural,High
US1TXDA0001,32.7998,-96.7012,DALLAS 3.7 E,,,,,,,9.0,0.0,0.0,437.6879247007066,Inland,Low
US1TXDA0050,32.5996,-96.9537,CEDAR HILL 1.4 N,9.0,9.0,100.0,427.0073680431062,Inland,High,9.0,9.0,100.0,427.0073680431062,Inland,High
US1TXDA0052,32.7709,-96.6409,MESQUITE 2.4 W,9.0,9.0,100.0,431.42224308477176,Inland,High,9.0,9.0,100.0,431.42224308477176,Inland,High
US1TXDN0068,33.1562,-97.0345,SHADY SHORES 0.7 SE,9.0,9.0,100.0,496.3757224166036,Rural,High,9.0,9.0,100.0,496.3757224166036,Rural,High
US1TXDN0108,33.2339,-97.2932,PONDER 3.8 N,9.0,9.0,100.0,518.8699395699747,Rural,High,9.0,9.0,100.0,518.8699395699747,Rural,High
US1TXDN0109,33.1832,-97.2862,PONDER 0.3 NNE,9.0,9.0,100.0,512.5868746773405,Rural,High,9.0,9.0,100.0,512.5868746773405,Rural,High
US1TXDW0008,29.0423,-97.6523,YORKTOWN 9.8 WNW,9.0,9.0,100.0,118.35050444581788,Rural,High,9.0,9.0,100.0,118.35050444581788,Rural,High
US1TXEL0023,32.4225,-96.8108,WAXAHACHIE 2.6 ENE,9.0,9.0,100.0,398.82425477194505,Inland,High,9.0,9.0,100.0,398.82425477194505,Inland,High
US1TXGZ0010,29.4461,-97.425,GONZALES 4.5 SSE,9.0,9.0,100.0,125.51583646352344,Rural,High,9.0,9.0,100.0,125.51583646352344,Rural,High
US1TXHYS001,29.9632,-97.918,SAN MARCOS 5.8 N,,,,,,,9.0,9.0,100.0,211.45352595622919,Rural,High
US1TXHYS012,30.1066,-97.8539,BUDA 1.7 NNW,9.0,9.0,100.0,221.13329931262186,Rural,High,9.0,9.0,100.0,221.13329931262186,Rural,High
US1TXHYS292,30.0284,-98.0761,WIMBERLEY 2.9 NNE,9.0,9.0,100.0,229.56046800796534,Rural,High,9.0,9.0,100.0,229.56046800796534,Rural,High
US1TXJC0002,33.0402,-98.1207,PERRIN 3.0 ENE,9.0,9.0,100.0,548.5451985725036,Rural,High,9.0,9.0,100.0,548.5451985725036,Rural,High
US1TXJW0014,28.0304,-97.8932,SANDIA 1.0 NW,,,,,,,9.0,9.0,100.0,45.91908938352129,Coastal,High
US1TXLL0002,30.6936,-98.4098,KINGSLAND 3.3 NE,9.0,9.0,100.0,318.91556113511064,Rural,High,9.0,9.0,100.0,318.91556113511064,Rural,High
US1TXLO0009,28.3638,-98.1405,GEORGE WEST 2.7 NNW,9.0,9.0,100.0,92.67785923356142,Rural,High,9.0,9.0,100.0,92.67785923356142,Rural,High
US1TXLT0001,31.434,-96.3497,GROESBECK 12.4 ESE,,,,,,,9.0,9.0,100.0,261.35131918442124,Rural,High
US1TXMCL038,31.6166,-97.1403,WACO 4.1 NE,9.0,9.0,100.0,335.30464401954544,Inland,High,9.0,9.0,100.0,335.30464401954544,Inland,High
US1TXMTG001,28.9997,-95.9532,BAY CITY 1.6 NNE,,,,,,,9.0,0.0,0.0,37.10417027964193,Coastal,Low
US1TXNU0013,27.5861,-97.7908,BISHOP 0.4 ENE,9.0,9.0,100.0,14.877508014157907,Coastal,High,9.0,9.0,100.0,14.877508014157907,Coastal,High
US1TXNU0022,27.5914,-97.7847,BISHOP 0.9 ENE,,,,,,,9.0,9.0,100.0,15.472645493695126,Coastal,High
US1TXNV0005,32.067,-96.745,BLOOMING GROVE 2.4 SW,9.0,9.0,100.0,354.8505592586655,Rural,High,9.0,9.0,100.0,354.8505592586655,Rural,High
US1TXSM0028,32.2093,-95.3207,FLINT 1.7 ENE,9.0,9.0,100.0,320.4082121350038,Rural,High,9.0,9.0,100.0,320.4082121350038,Rural,High
US1TXTN0087,32.8757,-97.4798,EAGLE MOUNTAIN 2.4 WSW,9.0,8.0,88.89,488.87050162900647,Rural,High,9.0,9.0,100.0,488.87050162900647,Rural,High
US1TXTV0117,30.3721,-97.8134,AUSTIN 5.9 NW,9.0,9.0,100.0,246.8258856845684,Inland,High,9.0,9.0,100.0,246.8258856845684,Inland,High
US1TXTV0207,30.3419,-98.1322,DRIPPING SPRINGS 10.9 NNW,9.0,9.0,100.0,264.09328004406126,Rural,High,9.0,9.0,100.0,264.09328004406126,Rural,High
US1TXUP0001,32.6423,-94.8328,GILMER 9.0 SE,,,,,,,9.0,0.0,0.0,362.8425804548531,Rural,Low
US1TXVC0034,28.7423,-97.0268,VICTORIA 6.4 SSW,9.0,9.0,100.0,41.87897884972417,Coastal,High,9.0,9.0,100.0,41.87897884972417,Coastal,High
US1TXWL0009,29.8729,-96.003,BROOKSHIRE 6.9 NNW,9.0,9.0,100.0,106.51707151443605,Rural,High,9.0,9.0,100.0,106.51707151443605,Rural,High
USC00010140,32.2322,-87.4103,ALBERTA,9.0,0.0,0.0,206.70931938980385,Rural,Low,9.0,0.0,0.0,206.70931938980385,Rural,Low
USC00010178,33.1272,-88.155,ALICEVILLE,9.0,9.0,100.0,313.7769897858997,Rural,High,9.0,0.0,0.0,313.7769897858997,Rural,Low
USC00010184,33.2103,-88.2869,BEVILL L&D,9.0,0.0,0.0,325.7765852426762,Rural,Low,9.0,0.0,0.0,325.7765852426762,Rural,Low
USC00010402,31.1819,-87.4389,ATMORE,9.0,0.0,0.0,82.63383884233116,Rural,Low,9.0,0.0,0.0,82.63383884233116,Rural,Low
USC00010505,33.4528,-87.3572,BANKHEAD L&D,9.0,0.0,0.0,364.5874543823805,Rural,Low,9.0,0.0,0.0,364.5874543823805,Rural,Low
USC00010583,30.8839,-87.7853,BAY MINETTE,9.0,0.0,0.0,32.09659152819338,Coastal,Low,9.0,0.0,0.0,32.09659152819338,Coastal,Low
USC00010764,33.3936,-87.0067,BESSEMER 3 WSW,9.0,0.0,0.0,365.8166286405493,Inland,Low,9.0,0.0,0.0,365.8166286405493,Inland,Low
USC00011080,31.1414,-87.0486,BREWTON 3 ENE,9.0,0.0,0.0,69.30117726189543,Rural,Low,9.0,0.0,0.0,69.30117726189543,Rural,Low
USC00011084,31.0583,-87.055,BREWTON 3 SSE,9.0,0.0,0.0,58.533755390470574,Rural,Low,9.0,0.0,0.0,58.533755390470574,Rural,Low
USC00011143,33.2619,-87.3103,BROOKWOOD,9.0,0.0,0.0,340.8688679071498,Rural,Low,9.0,0.0,0.0,340.8688679071498,Rural,Low
USC00011189,32.0911,-88.2322,BUTLER,9.0,0.0,0.0,177.9711630380115,Rural,Low,9.0,9.0,100.0,177.9711630380115,Rural,High
USC00011566,31.4714,-88.2503,CHATOM,9.0,0.0,0.0,98.48909686955032,Rural,Low,9.0,0.0,0.0,98.48909686955032,Rural,Low
USC00011690,31.6147,-87.5003,CLAIBORNE L&D,9.0,0.0,0.0,128.00791907376382,Rural,Low,9.0,0.0,0.0,128.00791907376382,Rural,Low
USC00011803,30.3875,-88.2269,CODEN,9.0,0.0,0.0,1.03374429896269,Coastal,Low,9.0,0.0,0.0,1.03374429896269,Coastal,Low
USC00011810,31.7561,-88.1289,COFFEEVILLE L&D,9.0,0.0,0.0,133.06147650381328,Rural,Low,9.0,0.0,0.0,133.06147650381328,Rural,Low
USC00012172,30.2506,-88.0775,DAUPHIN IS #2,9.0,6.0,66.67,0.28542237525621217,Coastal,High,9.0,3.0,33.33,0.28542237525621217,Coastal,High
USC00012245,32.5194,-87.8794,DEMOPOLIS L&D,9.0,9.0,100.0,233.55747532177682,Rural,High,9.0,0.0,0.0,233.55747532177682,Rural,Low
USC00012813,30.5467,-87.8808,FAIRHOPE 2 NE,9.0,0.0,0.0,3.2786629017729028,Coastal,Low,9.0,0.0,0.0,3.2786629017729028,Coastal,Low
USC00013160,32.8347,-88.1342,GAINESVILLE LOCK,9.0,0.0,0.0,274.8969841444296,Rural,Low,9.0,0.0,0.0,274.8969841444296,Rural,Low
USC00013511,32.6922,-87.5761,GREENSBORO,9.0,0.0,0.0,260.73294127979614,Rural,Low,9.0,0.0,0.0,260.73294127979614,Rural,Low
USC00013930,33.2531,-87.4497,HOLT L&D,9.0,0.0,0.0,336.4780770925008,Rural,Low,9.0,0.0,0.0,336.4780770925008,Rural,Low
USC00014193,31.5253,-87.9278,JACKSON,9.0,0.0,0.0,103.05968723204867,Rural,Low,9.0,0.0,0.0,103.05968723204867,Rural,Low
USC00014798,32.5811,-88.1897,LIVINGSTON,9.0,0.0,0.0,241.75562595480878,Rural,Low,9.0,0.0,0.0,241.75562595480878,Rural,Low
USC00015112,32.7028,-87.2681,MARION 7 NE,9.0,0.0,0.0,270.62087393137745,Rural,Low,,,,,,
USC00015121,32.4717,-87.2308,MARION JUNCTION 2 NE,9.0,0.0,0.0,243.21268430367977,Rural,Low,9.0,0.0,0.0,243.21268430367977,Rural,Low
USC00015354,31.9306,-88.4586,MELVIN,9.0,9.0,100.0,162.62495079583914,Rural,High,9.0,9.0,100.0,162.62495079583914,Rural,High
USC00015420,32.1003,-87.3983,MILLERS FERRY L&D,9.0,0.0,0.0,190.8737357690127,Rural,Low,9.0,0.0,0.0,190.8737357690127,Rural,Low
USC00015658,32.9964,-87.6319,MOUNDVILLE,9.0,0.0,0.0,299.39563414407456,Rural,Low,9.0,2.0,22.22,299.39563414407456,Rural,High
USC00016362,32.6567,-87.0928,PERRYVILLE,9.0,0.0,0.0,268.05974927657167,Rural,Low,,,,,,
USC00016847,33.3739,-88.0053,REFORM,9.0,0.0,0.0,346.31894907510184,Rural,Low,9.0,0.0,0.0,346.31894907510184,Rural,Low
USC00016988,30.5653,-87.7017,ROBERTSDALE,9.0,0.0,0.0,22.842670793083904,Coastal,Low,9.0,0.0,0.0,22.842670793083904,Coastal,Low
USC00017366,32.4111,-87.0144,SELMA,9.0,0.0,0.0,235.54443854000073,Inland,Low,9.0,0.0,0.0,235.54443854000073,Inland,Low
USC00018178,31.9172,-87.7347,THOMASVILLE,9.0,0.0,0.0,157.17213982979536,Rural,Low,9.0,0.0,0.0,157.17213982979536,Rural,Low
USC00018380,33.2231,-87.61,TUSCALOOSA ACFD,9.0,0.0,0.0,329.55908297941875,Inland,Low,9.0,0.0,0.0,329.55908297941875,Inland,Low
USC00018385,33.2108,-87.5933,TUSCALOOSA OLIVER DAM,9.0,0.0,0.0,328.2093638301147,Inland,Low,9.0,0.0,0.0,328.2093638301147,Inland,Low
USC00018446,32.5506,-87.5308,UNIONTOWN,9.0,9.0,100.0,243.44607218666948,Rural,High,9.0,0.0,0.0,243.44607218666948,Rural,Low
USC00018637,31.21,-87.1789,WALLACE 2 E,9.0,0.0,0.0,79.94092189001144,Rural,Low,9.0,0.0,0.0,79.94092189001144,Rural,Low
USC00018673,32.7747,-87.8306,WARRIOR L&D,9.0,0.0,0.0,267.6297611326286,Rural,Low,9.0,0.0,0.0,267.6297611326286,Rural,Low
USC00018809,33.1186,-87.1264,W BLOCTON,9.0,0.0,0.0,327.9404827548775,Rural,Low,9.0,0.0,0.0,327.9404827548775,Rural,Low
USC00018867,31.6508,-87.7097,WHATLEY,9.0,7.0,77.78,123.91710691242946,Rural,High,9.0,0.0,0.0,123.91710691242946,Rural,Low
USC00031140,33.3053,-92.4867,CALION L&D,9.0,0.0,0.0,457.35798526706907,Rural,Low,9.0,0.0,0.0,457.35798526706907,Rural,Low
USC00031730,33.1111,-91.9481,CROSSETT 2 SSE,9.0,0.0,0.0,405.04342830814227,Rural,Low,9.0,0.0,0.0,405.04342830814227,Rural,Low
USC00032355,33.1144,-91.2628,EUDORA,9.0,0.0,0.0,375.34350964573315,Rural,Low,9.0,0.0,0.0,375.34350964573315,Rural,Low
USC00032475,33.0597,-92.1236,FELSENTHAL L&D,9.0,0.0,0.0,408.8082855686617,Rural,Low,9.0,0.0,0.0,408.8082855686617,Rural,Low
USC00033088,33.2278,-91.7939,HAMBURG,9.0,9.0,100.0,411.18005223947966,Rural,High,,,,,,
USC00034185,33.3614,-93.5675,LEWISVILLE,9.0,0.0,0.0,442.40937199621953,Rural,Low,9.0,0.0,0.0,442.40937199621953,Rural,Low
USC00034548,33.2586,-93.1822,MAGNOLIA,9.0,0.0,0.0,433.3442626488173,Rural,Low,9.0,0.0,0.0,433.3442626488173,Rural,Low
USC00034936,33.3008,-92.3494,MORO BAY SP,9.0,0.0,0.0,449.283851734909,Rural,Low,9.0,0.0,0.0,449.283851734909,Rural,Low
USC00035866,33.2511,-91.5058,PORTLAND,9.0,0.0,0.0,401.4899501693936,Rural,Low,9.0,0.0,0.0,401.4899501693936,Rural,Low
USC00085793,30.7794,-87.1414,MILTON EXP STN,9.0,0.0,0.0,25.079416198425957,Coastal,Low,9.0,2.0,22.22,25.079416198425957,Coastal,High
USC00086999,30.53,-87.1983,PENSACOLA 7 NNE,9.0,0.0,0.0,2.3597275003338285,Coastal,Low,9.0,0.0,0.0,2.3597275003338285,Coastal,Low
USC00160007,29.9689,-92.1169,ABBEVILLE,9.0,0.0,0.0,22.94680125116581,Coastal,Low,9.0,0.0,0.0,22.94680125116581,Coastal,Low
USC00160012,30.4586,-90.0975,ABITA RVR COVINGTON,9.0,0.0,0.0,10.513499591169312,Coastal,Low,9.0,9.0,100.0,10.513499591169312,Coastal,High
USC00160016,30.4714,-90.0436,ABITA SPRINGS 1 SW,9.0,0.0,0.0,13.882773252279536,Coastal,Low,9.0,0.0,0.0,13.882773252279536,Coastal,Low
USC00160021,30.4372,-90.0519,ABITA SPRINGS FIRE TWR,9.0,0.0,0.0,9.449367528083958,Coastal,Low,9.0,0.0,0.0,9.449367528083958,Coastal,Low
USC00160098,31.3206,-92.4611,ALEXANDRIA,9.0,0.0,0.0,199.6648322703654,Inland,Low,9.0,2.0,22.22,199.6648322703654,Inland,High
USC00160103,31.2483,-92.4486,ALEXANDRIA 5 SSE,9.0,0.0,0.0,190.21948933829208,Rural,Low,9.0,0.0,0.0,190.21948933829208,Rural,Low
USC00160205,30.7094,-90.525,AMITE,9.0,0.0,0.0,53.39162963178423,Rural,Low,9.0,0.0,0.0,53.39162963178423,Rural,Low
USC00160238,30.9644,-89.815,ANGIE,9.0,0.0,0.0,82.59995740099016,Rural,Low,9.0,0.0,0.0,82.59995740099016,Rural,Low
USC00160277,32.5511,-92.9186,ARCADIA,9.0,0.0,0.0,347.9978061787862,Rural,Low,9.0,0.0,0.0,347.9978061787862,Rural,Low
USC00160349,32.1292,-93.1164,ASHLAND,9.0,0.0,0.0,288.5328330980494,Rural,Low,9.0,0.0,0.0,288.5328330980494,Rural,Low
USC00160462,30.5669,-91.1633,BAKER,9.0,0.0,0.0,95.23671146876683,Inland,Low,9.0,0.0,0.0,95.23671146876683,Inland,Low
USC00160537,32.7314,-91.9144,BASTROP,9.0,0.0,0.0,359.52319979128197,Rural,Low,9.0,0.0,0.0,359.52319979128197,Rural,Low
USC00160540,30.8206,-91.6622,BATCHELOR,9.0,0.0,0.0,129.25324775052906,Rural,Low,9.0,9.0,100.0,129.25324775052906,Rural,High
USC00160546,30.5586,-91.0342,BATON ROUGE CNTRL,9.0,0.0,0.0,82.52854032858845,Rural,Low,9.0,0.0,0.0,82.52854032858845,Rural,Low
USC00160548,30.4192,-91.1303,BATON ROUGE CONCORD,9.0,0.0,0.0,83.57923952342647,Inland,Low,9.0,0.0,0.0,83.57923952342647,Inland,Low
USC00160558,30.4494,-91.0478,BATON ROUGE SHERWOOD,9.0,0.0,0.0,76.69092332281498,Inland,Low,9.0,0.0,0.0,76.69092332281498,Inland,Low
USC00160565,30.1328,-91.3228,BAYOU SORREL LOCK,9.0,0.0,0.0,61.23464290587877,Rural,Low,9.0,0.0,0.0,61.23464290587877,Rural,Low
USC00160617,30.7903,-92.4969,BEAVER FIRE TWR,9.0,0.0,0.0,136.10692418934894,Rural,Low,9.0,0.0,0.0,136.10692418934894,Rural,Low
USC00160658,29.9747,-93.0897,BELL CITY 13 SW,9.0,0.0,0.0,28.019047129585516,Coastal,Low,9.0,9.0,100.0,28.019047129585516,Coastal,High
USC00160718,32.6997,-93.6619,BENTON 5E,9.0,9.0,100.0,354.09435829731774,Rural,High,9.0,0.0,0.0,354.09435829731774,Rural,Low
USC00160800,32.3744,-92.9433,BIENVILLE 3 NE,9.0,0.0,0.0,324.8637382539439,Rural,Low,9.0,0.0,0.0,324.8637382539439,Rural,Low
USC00160945,30.7808,-89.8567,BOGALUSA,9.0,0.0,0.0,58.82550036740607,Rural,Low,9.0,9.0,100.0,58.82550036740607,Rural,High
USC00161200,32.5331,-93.71,BOSSIER CITY 2,9.0,0.0,0.0,331.86649301361984,Inland,Low,9.0,0.0,0.0,331.86649301361984,Inland,Low
USC00161232,31.395,-92.7167,BOYCE 3 WNW,9.0,0.0,0.0,216.5010104499898,Rural,Low,9.0,0.0,0.0,216.5010104499898,Rural,Low
USC00161235,31.3025,-92.73,BOYCE 7 SW,9.0,0.0,0.0,204.4226160422882,Rural,Low,9.0,0.0,0.0,204.4226160422882,Rural,Low
USC00161246,30.3919,-91.2711,BRUSLY 2 W,9.0,0.0,0.0,93.02576587576921,Rural,Low,9.0,0.0,0.0,93.02576587576921,Rural,Low
USC00161287,30.9594,-92.1786,BUNKIE,9.0,0.0,0.0,147.10375734741746,Rural,Low,9.0,2.0,22.22,147.10375734741746,Rural,High
USC00161292,29.3414,-89.5158,BURAS,9.0,0.0,0.0,6.530194618981482,Coastal,Low,9.0,9.0,100.0,6.530194618981482,Coastal,High
USC00161365,30.2817,-91.6911,BUTTE LA ROSE,9.0,0.0,0.0,60.49539154631083,Rural,Low,9.0,0.0,0.0,60.49539154631083,Rural,Low
USC00161411,32.5372,-92.3597,CALHOUN 2 N,9.0,0.0,0.0,354.53422030108715,Rural,Low,9.0,0.0,0.0,354.53422030108715,Rural,Low
USC00161535,30.32,-92.0444,CARENCRO,9.0,0.0,0.0,63.133060646427246,Rural,Low,9.0,0.0,0.0,63.133060646427246,Rural,Low
USC00161565,30.1981,-91.1256,CARVILLE 2 SW,9.0,0.0,0.0,76.23449691618431,Rural,Low,9.0,0.0,0.0,76.23449691618431,Rural,Low
USC00161639,29.9664,-89.9761,CHALMETTE,9.0,0.0,0.0,10.999894782776275,Coastal,Low,9.0,9.0,100.0,10.999894782776275,Coastal,High
USC00161866,31.7236,-91.5408,CLAYTON,9.0,0.0,0.0,227.06532162256815,Rural,Low,9.0,0.0,0.0,227.06532162256815,Rural,Low
USC00161891,30.8544,-91.0092,CLINTON FORESTRY HQ,9.0,9.0,100.0,104.93203764614704,Rural,High,9.0,9.0,100.0,104.93203764614704,Rural,High
USC00161899,30.8178,-90.9733,CLINTON 5 SE,9.0,0.0,0.0,98.86510008082422,Rural,Low,9.0,2.0,22.22,98.86510008082422,Rural,High
USC00161941,31.5183,-92.7142,COLFAX,9.0,0.0,0.0,231.49517920440385,Rural,Low,9.0,0.0,0.0,231.49517920440385,Rural,Low
USC00161979,32.1672,-92.1078,COLUMBIA LOCK,9.0,0.0,0.0,303.4767028853217,Rural,Low,9.0,0.0,0.0,303.4767028853217,Rural,Low
USC00162002,29.9953,-90.8178,CONVENT 2S,9.0,0.0,0.0,46.87818026535852,Coastal,Low,9.0,2.0,22.22,46.87818026535852,Coastal,High
USC00162121,32.8869,-93.4569,COTTON VALLEY 5 NNW,9.0,0.0,0.0,380.4703706340892,Rural,Low,9.0,0.0,0.0,380.4703706340892,Rural,Low
USC00162144,32.0075,-93.2694,COUSHATTA GRAND BAYOU,9.0,9.0,100.0,268.9557255344685,Rural,High,9.0,9.0,100.0,268.9557255344685,Rural,High
USC00162151,30.5269,-90.2147,COVINGTON 8 WNW,9.0,0.0,0.0,17.778968348618683,Coastal,Low,9.0,0.0,0.0,17.778968348618683,Coastal,Low
USC00162154,30.5131,-90.09,COVINGTON 3 NE,9.0,0.0,0.0,17.520716251173013,Coastal,Low,9.0,9.0,100.0,17.520716251173013,Coastal,High
USC00162212,30.2411,-92.3475,CROWLEY 2 NE,9.0,0.0,0.0,63.372152316175395,Rural,Low,9.0,0.0,0.0,63.372152316175395,Rural,Low
USC00162217,32.2428,-91.5889,CROWVILLE,9.0,9.0,100.0,285.6307377308825,Rural,High,9.0,9.0,100.0,285.6307377308825,Rural,High
USC00162350,30.4803,-90.9614,DENHAM SPRINGS,9.0,0.0,0.0,70.22659667543284,Rural,Low,9.0,0.0,0.0,70.22659667543284,Rural,Low
USC00162367,30.8428,-93.2869,DE RIDDER,9.0,0.0,0.0,123.83997728216812,Inland,Low,9.0,0.0,0.0,123.83997728216812,Inland,Low
USC00162534,30.0719,-91.0278,DONALDSONVILLE 4 SW,9.0,0.0,0.0,63.50694512996462,Rural,Low,9.0,0.0,0.0,63.50694512996462,Rural,Low
USC00162536,30.0992,-90.9269,DONALDSONVILLE 4E,9.0,0.0,0.0,55.2758311691144,Inland,Low,9.0,3.0,33.33,55.2758311691144,Inland,High
USC00162641,30.7414,-93.1389,DRY CREEK 8NW,9.0,0.0,0.0,120.90320257744008,Rural,Low,9.0,0.0,0.0,120.90320257744008,Rural,Low
USC00162812,31.1042,-92.705,ELMER 2 SW,9.0,0.0,0.0,179.93897269348588,Rural,Low,9.0,0.0,0.0,179.93897269348588,Rural,Low
USC00162981,30.4917,-92.4303,EUNICE,9.0,0.0,0.0,96.98830908523243,Rural,Low,9.0,0.0,0.0,96.98830908523243,Rural,Low
USC00163079,32.7736,-92.4086,FARMERVILLE,9.0,0.0,0.0,386.2183944916697,Rural,Low,9.0,1.0,11.11,386.2183944916697,Rural,High
USC00163165,30.5506,-90.1919,FOLSOM 6 S,9.0,0.0,0.0,20.639340354976525,Coastal,Low,9.0,0.0,0.0,20.639340354976525,Coastal,Low
USC00163313,29.8233,-91.5442,FRANKLIN 3 NW,9.0,0.0,0.0,14.742915019353404,Coastal,Low,9.0,0.0,0.0,14.742915019353404,Coastal,Low
USC00163322,30.8353,-90.1625,FRANKLINTON #2,9.0,0.0,0.0,57.571336742122085,Rural,Low,9.0,0.0,0.0,57.571336742122085,Rural,Low
USC00163331,30.7842,-90.2022,FRANKLINTON 5 SW,9.0,9.0,100.0,50.88984922377601,Rural,High,,,,,,
USC00163433,29.4631,-90.3072,GALLIANO,9.0,0.0,0.0,12.675864364330085,Coastal,Low,9.0,2.0,22.22,12.675864364330085,Coastal,High
USC00163695,30.2033,-90.9225,GONZALES,9.0,0.0,0.0,54.954128291956565,Rural,Low,9.0,0.0,0.0,54.954128291956565,Rural,Low
USC00163741,31.4358,-92.8828,GORUM FIRE TWR,9.0,0.0,0.0,212.96221476134295,Rural,Low,9.0,9.0,100.0,212.96221476134295,Rural,High
USC00163800,30.4183,-92.0442,GRAND COTEAU,9.0,0.0,0.0,75.75489161479616,Rural,Low,9.0,0.0,0.0,75.75489161479616,Rural,Low
USC00163804,31.8078,-93.0867,GRAND ECORE,9.0,0.0,0.0,249.06204460263112,Rural,Low,9.0,0.0,0.0,249.06204460263112,Rural,Low
USC00163807,29.2414,-89.9914,GRAND ISLE,9.0,0.0,0.0,0.37330606072330164,Coastal,Low,9.0,9.0,100.0,0.37330606072330164,Coastal,High
USC00163829,29.9169,-90.0617,GRETNA,9.0,0.0,0.0,15.54764006182897,Coastal,Low,9.0,9.0,100.0,15.54764006182897,Coastal,High
USC00163867,30.5589,-90.9855,GREENWELL SPRINGS,9.0,0.0,0.0,78.01641795928764,Rural,Low,9.0,0.0,0.0,78.01641795928764,Rural,Low
USC00163877,32.4175,-94.0003,GREENWOOD FIRE TWR,9.0,0.0,0.0,316.83588278805917,Rural,Low,9.0,0.0,0.0,316.83588278805917,Rural,Low
USC00163979,29.8894,-93.4022,HACKBERRY 8 SSW,9.0,0.0,0.0,15.586805571394052,Coastal,Low,9.0,5.0,55.56,15.586805571394052,Coastal,High
USC00163981,29.9872,-93.2694,HACKBERRY 4NE,9.0,9.0,100.0,27.127534875294675,Coastal,High,9.0,9.0,100.0,27.127534875294675,Coastal,High
USC00164030,30.5031,-90.3772,HAMMOND 5 E,9.0,0.0,0.0,22.22746531770549,Coastal,Low,9.0,1.0,11.11,22.22746531770549,Coastal,High
USC00164034,30.4878,-90.4875,HAMMOND,9.0,0.0,0.0,29.982856695312993,Coastal,Low,9.0,0.0,0.0,29.982856695312993,Coastal,Low
USC00164050,31.9272,-93.3103,HANNA 4 SSE,9.0,0.0,0.0,257.69556426001725,Rural,Low,9.0,0.0,0.0,257.69556426001725,Rural,Low
USC00164131,32.9683,-93.1297,HAYNESVILLE,9.0,0.0,0.0,396.31961956170744,Rural,Low,9.0,2.0,22.22,396.31961956170744,Rural,High
USC00164288,31.3747,-93.3911,HODGES GARDENS,9.0,0.0,0.0,185.24766260533437,Rural,Low,9.0,2.0,22.22,185.24766260533437,Rural,High
USC00164355,32.81,-93.0625,HOMER 1N,9.0,0.0,0.0,377.2496218066804,Rural,Low,9.0,0.0,0.0,377.2496218066804,Rural,Low
USC00164398,32.8867,-93.8733,HOSSTON,9.0,0.0,0.0,378.4588129543126,Rural,Low,9.0,0.0,0.0,378.4588129543126,Rural,Low
USC00164407,29.6408,-90.8161,HOUMA,9.0,0.0,0.0,45.15100355422627,Coastal,Low,9.0,0.0,0.0,45.15100355422627,Coastal,Low
USC00164573,30.8331,-91.1261,JACKSON 3E,9.0,0.0,0.0,112.77358930655637,Rural,Low,9.0,3.0,33.33,112.77358930655637,Rural,High
USC00164592,32.3483,-93.2014,JAMESTOWN,9.0,0.0,0.0,314.3655643818827,Rural,Low,9.0,0.0,0.0,314.3655643818827,Rural,Low
USC00164674,29.9594,-91.7111,JEANERETTE 5 NW,9.0,0.0,0.0,22.121460204695293,Coastal,Low,9.0,2.0,22.22,22.121460204695293,Coastal,High
USC00164696,31.6783,-92.1289,JENA,9.0,0.0,0.0,239.69327383461254,Rural,Low,9.0,0.0,0.0,239.69327383461254,Rural,Low
USC00164700,30.2003,-92.6642,JENNINGS,9.0,0.0,0.0,70.93405121498225,Rural,Low,9.0,0.0,0.0,70.93405121498225,Rural,Low
USC00164732,32.255,-92.6544,JONESBORO 4 ENE,9.0,0.0,0.0,321.031058044862,Rural,Low,9.0,0.0,0.0,321.031058044862,Rural,Low
USC00164735,32.2239,-92.7069,JONESBORO #2,9.0,9.0,100.0,315.0197471571815,Rural,High,9.0,0.0,0.0,315.0197471571815,Rural,Low
USC00164739,31.4825,-91.8628,JONESVILLE LOCKS,9.0,0.0,0.0,212.90296202103286,Rural,Low,9.0,0.0,0.0,212.90296202103286,Rural,Low
USC00164775,29.9942,-92.2825,KAPLAN,9.0,0.0,0.0,30.82263764157655,Coastal,Low,9.0,0.0,0.0,30.82263764157655,Coastal,Low
USC00164816,32.355,-93.8619,KEITHVILLE,9.0,0.0,0.0,308.1797059160573,Rural,Low,9.0,0.0,0.0,308.1797059160573,Rural,Low
USC00164859,30.9433,-90.5117,KENTWOOD,9.0,0.0,0.0,78.79896638562133,Rural,Low,9.0,0.0,0.0,78.79896638562133,Rural,Low
USC00164931,32.4169,-93.4428,KORAN,9.0,0.0,0.0,318.86632476608,Rural,Low,9.0,0.0,0.0,318.86632476608,Rural,Low
USC00165021,30.2192,-92.065,LAFAYETTE,9.0,0.0,0.0,50.58806650613909,Inland,Low,9.0,2.0,22.22,50.58806650613909,Inland,High
USC00165065,30.0206,-92.7681,LAKE ARTHUR 7 SW,9.0,0.0,0.0,45.13855868684386,Coastal,Low,9.0,3.0,33.33,45.13855868684386,Coastal,High
USC00165072,30.3014,-93.2689,LAKE CHARLES 7 NW,9.0,0.0,0.0,67.53813806085375,Rural,Low,9.0,2.0,22.22,67.53813806085375,Rural,High
USC00165074,30.2544,-93.2186,LAKE CHARLES 2 N,9.0,0.0,0.0,61.580915576411435,Inland,Low,9.0,2.0,22.22,61.580915576411435,Inland,High
USC00165076,30.2142,-93.2494,LAKE CHARLES PORT,9.0,0.0,0.0,56.28029036820988,Inland,Low,9.0,2.0,22.22,56.28029036820988,Inland,High
USC00165090,32.8153,-91.1733,LAKE PROVIDENCE,9.0,0.0,0.0,334.5323783588325,Rural,Low,9.0,0.0,0.0,334.5323783588325,Rural,Low
USC00165146,31.3731,-91.9053,LARTO LAKE,9.0,0.0,0.0,198.60663484803197,Rural,Low,9.0,0.0,0.0,198.60663484803197,Rural,Low
USC00165266,31.1417,-93.2397,LEESVILLE,9.0,0.0,0.0,161.54411750142432,Rural,Low,9.0,0.0,0.0,161.54411750142432,Rural,Low
USC00165287,31.0517,-93.2789,LEESVILLE 6 SSW,9.0,0.0,0.0,149.0599336135372,Rural,Low,9.0,0.0,0.0,149.0599336135372,Rural,Low
USC00165296,29.7869,-92.2083,LELAND BOWMAN LOCK,9.0,0.0,0.0,2.961113639526536,Coastal,Low,9.0,4.0,44.44,2.961113639526536,Coastal,High
USC00165430,30.9336,-90.57,LIVERPOOL 6W,9.0,0.0,0.0,80.5600078506258,Rural,Low,9.0,0.0,0.0,80.5600078506258,Rural,Low
USC00165438,30.5197,-90.7544,LIVINGSTON,9.0,0.0,0.0,54.829998597389064,Rural,Low,9.0,1.0,11.11,54.829998597389064,Rural,High
USC00165522,31.9672,-94.0003,LOGANSPORT,9.0,0.0,0.0,257.698339259556,Rural,Low,9.0,0.0,0.0,257.698339259556,Rural,Low
USC00165610,30.0306,-89.9636,LOUISIANA NATURE CTR,9.0,0.0,0.0,4.415646490900287,Coastal,Low,9.0,9.0,100.0,4.415646490900287,Coastal,High
USC00165620,30.3644,-91.1672,LSU BEN-HUR FARM,9.0,0.0,0.0,85.28965175279708,Rural,Low,9.0,0.0,0.0,85.28965175279708,Rural,Low
USC00165624,29.5814,-89.8222,LSU CITRUS RSCH STN,9.0,0.0,0.0,9.917704794601812,Coastal,Low,9.0,9.0,100.0,9.917704794601812,Coastal,High
USC00165630,31.1783,-92.4108,LSU DEAN LEE RSCH STN,9.0,0.0,0.0,180.31467031318493,Rural,Low,9.0,0.0,0.0,180.31467031318493,Rural,Low
USC00165783,30.0389,-90.6936,LUTCHER,9.0,0.0,0.0,31.967955740614126,Coastal,Low,9.0,0.0,0.0,31.967955740614126,Coastal,Low
USC00165874,32.0711,-93.7589,MANSFIELD 4 NW,9.0,9.0,100.0,270.88140820026405,Rural,High,9.0,0.0,0.0,270.88140820026405,Rural,Low
USC00165892,31.5769,-93.4817,MANY,9.0,0.0,0.0,209.08466743498735,Rural,Low,9.0,0.0,0.0,209.08466743498735,Rural,Low
USC00165896,31.5119,-93.62,MANY 9 WSW,9.0,0.0,0.0,198.6704350876625,Rural,Low,9.0,2.0,22.22,198.6704350876625,Rural,High
USC00165920,31.1286,-92.0644,MARKSVILLE,9.0,0.0,0.0,167.6709289459056,Rural,Low,9.0,0.0,0.0,167.6709289459056,Rural,Low
USC00165926,29.7853,-90.1158,MARRERO 9 SSW,9.0,0.0,0.0,27.38186086582364,Coastal,Low,9.0,9.0,100.0,27.38186086582364,Coastal,High
USC00165935,32.0775,-93.2167,MARTIN FIRE TWR,9.0,0.0,0.0,279.22019145536296,Rural,Low,9.0,9.0,100.0,279.22019145536296,Rural,High
USC00166157,29.9903,-90.1431,METAIRIE,9.0,0.0,0.0,4.3165014500641785,Coastal,Low,9.0,9.0,100.0,4.3165014500641785,Coastal,High
USC00166244,32.6053,-93.2947,MINDEN,9.0,0.0,0.0,345.80438872737835,Inland,Low,9.0,0.0,0.0,345.80438872737835,Inland,Low
USC00166314,32.4936,-92.0319,MONROE DELTA CC,9.0,0.0,0.0,340.66729599950787,Rural,Low,9.0,0.0,0.0,340.66729599950787,Rural,Low
USC00166364,32.7053,-93.9603,MOORINGSPORT 1 N,9.0,0.0,0.0,354.62752407137214,Rural,Low,9.0,9.0,100.0,354.62752407137214,Rural,High
USC00166394,29.6833,-91.1761,MORGAN CITY,9.0,0.0,0.0,11.258391792057687,Coastal,Low,9.0,0.0,0.0,11.258391792057687,Coastal,Low
USC00166431,30.2944,-93.2083,MOSS BLUFF,9.0,0.0,0.0,66.80398836495283,Rural,Low,9.0,2.0,22.22,66.80398836495283,Rural,High
USC00166466,30.9503,-90.3061,MT HERMON 2W,9.0,0.0,0.0,73.41979124059833,Rural,Low,9.0,0.0,0.0,73.41979124059833,Rural,Low
USC00166561,29.9342,-91.0164,NAPOLEONVILLE,9.0,0.0,0.0,48.02396740177465,Coastal,Low,9.0,3.0,33.33,48.02396740177465,Coastal,High
USC00166582,31.7722,-93.0956,NATCHITOCHES,9.0,0.0,0.0,244.32483275009895,Inland,Low,9.0,0.0,0.0,244.32483275009895,Inland,Low
USC00166657,30.0292,-91.8844,NEW IBERIA AP - ACADIANA RGNL,9.0,0.0,0.0,24.630692322565043,Coastal,Low,9.0,2.0,22.22,24.630692322565043,Coastal,High
USC00166666,29.9508,-90.0511,NEW ORLEANS ALGIERS,9.0,0.0,0.0,11.314954008043332,Coastal,Low,9.0,0.0,0.0,11.314954008043332,Coastal,Low
USC00166686,30.7267,-91.3672,NEW ROADS 5 NE,9.0,0.0,0.0,125.46392694965462,Rural,Low,9.0,0.0,0.0,125.46392694965462,Rural,Low
USC00166808,30.9678,-91.1003,NORWOOD,9.0,0.0,0.0,122.11508367020576,Rural,Low,9.0,0.0,0.0,122.11508367020576,Rural,Low
USC00166836,30.8214,-92.6697,OAKDALE,9.0,0.0,0.0,145.7688394854086,Rural,Low,9.0,2.0,22.22,145.7688394854086,Rural,High
USC00166866,32.8642,-91.38,OAK GROVE,9.0,0.0,0.0,348.52079581501374,Rural,Low,9.0,0.0,0.0,348.52079581501374,Rural,Low
USC00166868,32.6228,-91.7764,OAK RIDGE,9.0,0.0,0.0,339.2869169081266,Rural,Low,9.0,0.0,0.0,339.2869169081266,Rural,Low
USC00166911,30.7531,-90.9939,OAKNOLIA 2N,9.0,0.0,0.0,95.06285515618052,Rural,Low,9.0,0.0,0.0,95.06285515618052,Rural,Low
USC00166938,30.6036,-92.7739,OBERLIN FIRE TWR,9.0,0.0,0.0,115.37878272565018,Rural,Low,9.0,0.0,0.0,115.37878272565018,Rural,Low
USC00166968,30.2869,-93.1444,OLD TOWN BAY,9.0,0.0,0.0,66.38651492697176,Rural,Low,9.0,2.0,22.22,66.38651492697176,Rural,High
USC00166978,31.8922,-92.2422,OLLA,9.0,0.0,0.0,268.7344528587855,Rural,Low,9.0,0.0,0.0,268.7344528587855,Rural,Low
USC00166995,30.5081,-92.0925,OPELOUSAS,9.0,0.0,0.0,87.88678191192989,Rural,Low,9.0,0.0,0.0,87.88678191192989,Rural,Low
USC00167096,29.7892,-90.4286,PARADIS 7 S,9.0,0.0,0.0,36.93202276573639,Coastal,Low,9.0,0.0,0.0,36.93202276573639,Coastal,Low
USC00167304,30.7111,-90.7525,PINE GROVE FIRE TWR,9.0,0.0,0.0,71.05962688457677,Rural,Low,9.0,0.0,0.0,71.05962688457677,Rural,Low
USC00167312,32.7547,-91.535,PIONEER 6 W,,,,,,,9.0,0.0,0.0,342.094898984017,Rural,Low
USC00167344,32.8922,-93.645,PLAIN DEALING,9.0,9.0,100.0,379.6489861503556,Rural,High,9.0,0.0,0.0,379.6489861503556,Rural,Low
USC00167366,30.3214,-91.2517,PLAQUEMINE 2 N,9.0,0.0,0.0,86.00675428534643,Inland,Low,9.0,0.0,0.0,86.00675428534643,Inland,Low
USC00167425,30.4297,-90.3631,PONCHATOULA 4 E,9.0,0.0,0.0,14.4864334700806,Coastal,Low,9.0,0.0,0.0,14.4864334700806,Coastal,Low
USC00167448,30.4508,-91.2183,PORT ALLEN,9.0,0.0,0.0,94.18632373835311,Inland,Low,9.0,2.0,22.22,94.18632373835311,Inland,High
USC00167590,32.3644,-92.7125,QUITMAN 2,9.0,9.0,100.0,331.9874489580988,Rural,High,9.0,0.0,0.0,331.9874489580988,Rural,Low
USC00167651,30.5114,-93.2172,RAGLEY 1W,9.0,9.0,100.0,92.1790240383858,Rural,High,9.0,9.0,100.0,92.1790240383858,Rural,High
USC00167691,32.4936,-91.7486,RAYVILLE,9.0,9.0,100.0,323.08591455904855,Rural,High,9.0,0.0,0.0,323.08591455904855,Rural,Low
USC00167729,31.2544,-91.96,RED RVR LOCK #1,9.0,0.0,0.0,183.28357147849331,Rural,Low,9.0,0.0,0.0,183.28357147849331,Rural,Low
USC00167732,31.1872,-92.2906,RED RIVER LOCK # 2,9.0,0.0,0.0,178.39993703138234,Rural,Low,9.0,2.0,22.22,178.39993703138234,Rural,High
USC00167738,32.4219,-93.6381,RED RVR RSCH STN,9.0,0.0,0.0,317.60892959356335,Rural,Low,9.0,0.0,0.0,317.60892959356335,Rural,Low
USC00167767,30.0564,-90.5803,RESERVE,9.0,0.0,0.0,19.53218787235331,Coastal,Low,9.0,0.0,0.0,19.53218787235331,Coastal,Low
USC00167924,32.3556,-93.6425,ROBSON,9.0,0.0,0.0,308.85529543243746,Rural,Low,9.0,0.0,0.0,308.85529543243746,Rural,Low
USC00167932,29.7286,-92.8181,ROCKEFELLER WL REFUGE,9.0,0.0,0.0,8.732143089700227,Coastal,Low,9.0,5.0,55.56,8.732143089700227,Coastal,High
USC00168046,30.9461,-93.2789,ROSEPINE RSCH STN,9.0,0.0,0.0,136.39306389800518,Rural,Low,9.0,2.0,22.22,136.39306389800518,Rural,High
USC00168067,32.51,-92.6503,RUSTON LA TECH,9.0,0.0,0.0,352.3967592290746,Rural,Low,9.0,0.0,0.0,352.3967592290746,Rural,Low
USC00168094,32.3625,-93.14,SAILES FIRE TWR,9.0,0.0,0.0,317.68023087126323,Rural,Low,9.0,0.0,0.0,317.68023087126323,Rural,Low
USC00168108,29.8722,-89.83,ST BERNARD,9.0,0.0,0.0,9.842982698133405,Coastal,Low,9.0,9.0,100.0,9.842982698133405,Coastal,High
USC00168136,30.7775,-91.3769,ST FRANCISVILLE,9.0,0.0,0.0,129.9607338631294,Rural,Low,9.0,0.0,0.0,129.9607338631294,Rural,Low
USC00168139,30.2725,-91.0994,ST GABRIEL,9.0,0.0,0.0,75.46085900925269,Rural,Low,9.0,0.0,0.0,75.46085900925269,Rural,Low
USC00168163,31.9497,-91.2336,ST JOSEPH 3 N,9.0,0.0,0.0,232.3305361589776,Rural,Low,9.0,0.0,0.0,232.3305361589776,Rural,Low
USC00168181,30.0858,-91.8694,ST MARTINVILLE 3 SW,9.0,0.0,0.0,32.00426442028813,Coastal,Low,9.0,0.0,0.0,32.00426442028813,Coastal,Low
USC00168436,32.5158,-93.7447,SHREVEPORT DWTN,9.0,0.0,0.0,329.4648332641394,Inland,Low,9.0,0.0,0.0,329.4648332641394,Inland,Low
USC00168444,32.3794,-93.8019,SHREVEPORT SOUTHERN HILLS,9.0,0.0,0.0,311.37455538856227,Rural,Low,9.0,0.0,0.0,311.37455538856227,Rural,Low
USC00168539,30.265,-89.7697,SLIDELL,9.0,0.0,0.0,3.26226475200813,Coastal,Low,9.0,0.0,0.0,3.26226475200813,Coastal,Low
USC00168586,32.5558,-91.1747,SONDHEIMER,9.0,9.0,100.0,302.2232606436156,Rural,High,,,,,,
USC00168669,32.9006,-92.5714,SPEARSVILLE FIRE TWR,9.0,0.0,0.0,403.90523331871225,Rural,Low,9.0,9.0,100.0,403.90523331871225,Rural,High
USC00168683,32.9922,-93.4417,SPRINGHILL,9.0,0.0,0.0,394.5360725888137,Rural,Low,9.0,0.0,0.0,394.5360725888137,Rural,Low
USC00168785,32.7025,-92.0814,STERLINGTON,9.0,0.0,0.0,366.44000833938435,Rural,Low,9.0,0.0,0.0,366.44000833938435,Rural,Low
USC00168831,30.2383,-93.3447,SULPHUR,9.0,0.0,0.0,57.91408240507409,Inland,Low,9.0,0.0,0.0,57.91408240507409,Inland,Low
USC00168861,30.6433,-89.9239,SUN,9.0,0.0,0.0,39.51446781559134,Coastal,Low,9.0,0.0,0.0,39.51446781559134,Coastal,Low
USC00168906,30.5325,-89.8742,TALISHEEK,9.0,0.0,0.0,30.237141281354216,Coastal,Low,9.0,9.0,100.0,30.237141281354216,Coastal,High
USC00168923,32.3994,-91.1842,TALLULAH,9.0,0.0,0.0,283.38684451154336,Rural,Low,9.0,0.0,0.0,283.38684451154336,Rural,Low
USC00168941,29.91,-90.0342,TERRYTOWN 3S,9.0,0.0,0.0,16.702059132686728,Coastal,Low,9.0,0.0,0.0,16.702059132686728,Coastal,Low
USC00168945,30.5981,-90.4472,TICKFAW 3 ENE,9.0,0.0,0.0,36.6656774376926,Coastal,Low,9.0,0.0,0.0,36.6656774376926,Coastal,Low
USC00169013,29.7547,-90.7747,THIBODAUX 4 SE,9.0,0.0,0.0,53.44499655212224,Rural,Low,9.0,0.0,0.0,53.44499655212224,Rural,Low
USC00169074,31.2022,-93.5725,TOLEDO BEND LAKE,9.0,9.0,100.0,159.23894095197022,Rural,High,9.0,0.0,0.0,159.23894095197022,Rural,Low
USC00169357,31.5653,-91.4333,VIDALIA #2,9.0,0.0,0.0,203.51335556725022,Inland,Low,9.0,0.0,0.0,203.51335556725022,Inland,Low
USC00169369,30.695,-92.2664,VILLE PLATTE,9.0,0.0,0.0,115.57540366856591,Rural,Low,9.0,1.0,11.11,115.57540366856591,Rural,High
USC00169392,32.9033,-93.9819,VIVIAN,9.0,0.0,0.0,380.9193858514466,Rural,Low,9.0,0.0,0.0,380.9193858514466,Rural,Low
USC00169480,30.5622,-90.9214,WATSON 3 ESE,9.0,0.0,0.0,72.47601056297451,Rural,Low,9.0,9.0,100.0,72.47601056297451,Rural,High
USC00169631,32.46,-92.1483,W MONROE,9.0,0.0,0.0,342.27527457696,Rural,Low,9.0,0.0,0.0,342.27527457696,Rural,Low
USC00169803,31.9622,-92.6561,WINNFIELD 3 N,9.0,0.0,0.0,285.84827721721723,Rural,Low,9.0,0.0,0.0,285.84827721721723,Rural,Low
USC00169804,32.1411,-91.7089,WINNSBORO 2 SE,9.0,0.0,0.0,281.985385888991,Rural,Low,9.0,0.0,0.0,281.985385888991,Rural,Low
USC00169806,32.0997,-91.7022,WINNSBORO 5 SSE,9.0,0.0,0.0,277.1245014826595,Rural,Low,9.0,0.0,0.0,277.1245014826595,Rural,Low
USC00169809,32.0294,-92.6553,WINONA FIRE TWR,9.0,0.0,0.0,293.8592968098711,Rural,Low,9.0,0.0,0.0,293.8592968098711,Rural,Low
USC00169930,30.6814,-91.125,ZACHARY,9.0,0.0,0.0,99.85577117958444,Rural,Low,9.0,0.0,0.0,99.85577117958444,Rural,Low
USC00169980,31.6597,-93.6633,ZWOLLE 2 NW,9.0,0.0,0.0,217.54268220840393,Rural,Low,9.0,0.0,0.0,217.54268220840393,Rural,Low
USC00220039,33.3117,-89.1667,ACKERMAN,9.0,0.0,0.0,360.92218994194565,Rural,Low,9.0,0.0,0.0,360.92218994194565,Rural,Low
USC00220218,30.2208,-89.4978,ANSLEY,9.0,0.0,0.0,3.8464049872124275,Coastal,Low,9.0,9.0,100.0,3.8464049872124275,Coastal,High
USC00220521,30.3758,-89.5989,BAY ST LOUIS NASA,9.0,0.0,0.0,24.340202088407345,Coastal,Low,9.0,2.0,22.22,24.340202088407345,Coastal,High
USC00220523,31.9694,-89.2889,BAY SPRINGS,9.0,0.0,0.0,202.80289287554115,Rural,Low,9.0,0.0,0.0,202.80289287554115,Rural,Low
USC00220585,31.2353,-88.9189,BEAUMONT EXPSTATION,9.0,0.0,0.0,102.83087961959959,Rural,Low,9.0,0.0,0.0,102.83087961959959,Rural,Low
USC00220660,33.1772,-90.4919,BELZONI,9.0,0.0,0.0,366.5127978395136,Rural,Low,9.0,0.0,0.0,366.5127978395136,Rural,Low
USC00220792,30.3931,-89.0008,BILOXI,9.0,0.0,0.0,1.1743478229938416,Coastal,Low,9.0,0.0,0.0,1.1743478229938416,Coastal,Low
USC00220891,33.2781,-88.7931,BLUFF LAKE,9.0,0.0,0.0,344.1882425010683,Rural,Low,9.0,0.0,0.0,344.1882425010683,Rural,Low
USC00221094,31.5447,-90.4581,BROOKHAVEN CITY,9.0,0.0,0.0,152.49668732247022,Rural,Low,9.0,0.0,0.0,152.49668732247022,Rural,Low
USC00221174,31.5475,-88.5172,BUCKATUNNA 1 NE,9.0,0.0,0.0,118.4635963659321,Rural,Low,9.0,0.0,0.0,118.4635963659321,Rural,Low
USC00221389,32.6714,-90.0361,CANTON 4N,9.0,0.0,0.0,298.37231044379956,Rural,Low,9.0,0.0,0.0,298.37231044379956,Rural,Low
USC00221489,32.7506,-89.5389,CARTHAGE,9.0,0.0,0.0,309.3054778648609,Rural,Low,9.0,0.0,0.0,309.3054778648609,Rural,Low
USC00221578,31.0942,-91.0686,CENTREVILLE,9.0,0.0,0.0,130.77720167652632,Rural,Low,9.0,0.0,0.0,130.77720167652632,Rural,Low
USC00221852,31.6419,-89.5572,COLLINS,9.0,0.0,0.0,165.89101722768555,Rural,Low,9.0,0.0,0.0,165.89101722768555,Rural,Low
USC00221860,32.42,-88.7603,COLLINSVILLE 7 SE,9.0,0.0,0.0,234.38332690152168,Rural,Low,9.0,0.0,0.0,234.38332690152168,Rural,Low
USC00221865,31.2503,-89.8361,COLUMBIA,9.0,0.0,0.0,117.21843157984004,Rural,Low,9.0,0.0,0.0,117.21843157984004,Rural,Low
USC00221880,33.4678,-88.3847,COLUMBUS,9.0,0.0,0.0,360.9958134534097,Rural,Low,9.0,0.0,0.0,360.9958134534097,Rural,Low
USC00222034,32.0853,-88.5297,CRANDALL 8 N,9.0,0.0,0.0,184.36876958693944,Rural,Low,9.0,0.0,0.0,184.36876958693944,Rural,Low
USC00222046,33.2778,-88.7008,CRAWFORD 5 W,9.0,9.0,100.0,341.7589059947031,Rural,High,9.0,0.0,0.0,341.7589059947031,Rural,Low
USC00222094,31.9461,-90.3775,CRYSTAL SPRINGS EXP STN,9.0,0.0,0.0,203.43252740810908,Rural,Low,9.0,9.0,100.0,203.43252740810908,Rural,High
USC00222281,32.7656,-88.7444,DE KALB 4 W,,,,,,,9.0,9.0,100.0,277.1517681355538,Rural,High
USC00222385,31.9544,-89.9328,D'LO 2 SW,9.0,0.0,0.0,205.4376344776886,Rural,Low,9.0,0.0,0.0,205.4376344776886,Rural,Low
USC00223107,32.36,-89.4208,FOREST,9.0,0.0,0.0,256.09399884771483,Rural,Low,9.0,0.0,0.0,256.09399884771483,Rural,Low
USC00223340,32.9267,-88.8536,GHOLSON 8 W,9.0,0.0,0.0,301.1387019573126,Rural,Low,9.0,0.0,0.0,301.1387019573126,Rural,Low
USC00223441,31.17,-91.0258,GLOSTER,9.0,0.0,0.0,134.86679233168647,Rural,Low,9.0,0.0,0.0,134.86679233168647,Rural,Low
USC00223516,32.5008,-89.9256,GOSHEN SPRINGS 3 NW,9.0,0.0,0.0,276.90650723011635,Rural,Low,9.0,0.0,0.0,276.90650723011635,Rural,Low
USC00223605,33.3592,-91.06,GREENVILLE,9.0,0.0,0.0,400.61110397920635,Rural,Low,9.0,0.0,0.0,400.61110397920635,Rural,Low
USC00223667,30.4542,-89.125,GULFPORT 3NW,9.0,0.0,0.0,12.8345731093758,Coastal,Low,9.0,9.0,100.0,12.8345731093758,Coastal,High
USC00223671,30.3772,-89.1228,GULFPORT NAVAL CTR,9.0,0.0,0.0,3.324129436387046,Coastal,Low,9.0,0.0,0.0,3.324129436387046,Coastal,Low
USC00223887,31.2547,-89.3392,HATTIESBURG 5SW,9.0,0.0,0.0,113.29976137751727,Rural,Low,9.0,0.0,0.0,113.29976137751727,Rural,Low
USC00223920,31.8328,-90.4542,HAZLEHURST 5 SW,9.0,0.0,0.0,189.67621584827737,Rural,Low,9.0,0.0,0.0,189.67621584827737,Rural,Low
USC00224470,32.2964,-90.2092,JACKSON STATE,9.0,0.0,0.0,248.40569007176714,Inland,Low,9.0,0.0,0.0,248.40569007176714,Inland,Low
USC00224702,32.7247,-88.6631,KIPLING 4 NNW,9.0,0.0,0.0,269.4637070013561,Rural,Low,9.0,9.0,100.0,269.4637070013561,Rural,High
USC00224776,33.0583,-89.5797,KOSCIUSKO,9.0,0.0,0.0,349.80273203594027,Rural,Low,9.0,0.0,0.0,349.80273203594027,Rural,Low
USC00224939,31.6756,-89.1236,LAUREL,9.0,0.0,0.0,161.76167870424928,Rural,Low,9.0,0.0,0.0,161.76167870424928,Rural,Low
USC00224966,31.1481,-88.6567,LEAKESVILLE 6 WSW,9.0,0.0,0.0,87.76206415677402,Rural,Low,9.0,0.0,0.0,87.76206415677402,Rural,Low
USC00225020,33.4789,-90.8436,LELAND 5 NE,9.0,0.0,0.0,411.4267097362127,Rural,Low,9.0,0.0,0.0,411.4267097362127,Rural,Low
USC00225062,33.1228,-90.0517,LEXINGTON,9.0,0.0,0.0,358.0584698874684,Rural,Low,9.0,0.0,0.0,358.0584698874684,Rural,Low
USC00225070,31.1658,-90.8178,LIBERTY,9.0,9.0,100.0,120.66344696333095,Rural,High,9.0,9.0,100.0,120.66344696333095,Rural,High
USC00225247,33.1356,-89.0711,LOUISVILLE,9.0,0.0,0.0,335.24926013352723,Rural,Low,9.0,0.0,0.0,335.24926013352723,Rural,Low
USC00225361,33.1544,-88.5586,MACON 3N,9.0,0.0,0.0,322.4960233786486,Rural,Low,9.0,0.0,0.0,322.4960233786486,Rural,Low
USC00225611,31.1917,-90.5147,MCCOMB 6SW (PERCY QUINN),9.0,0.0,0.0,109.16224390152705,Rural,Low,9.0,0.0,0.0,109.16224390152705,Rural,Low
USC00225704,31.4664,-90.8853,MEADVILLE,9.0,0.0,0.0,158.25695066136436,Rural,Low,9.0,0.0,0.0,158.25695066136436,Rural,Low
USC00225943,31.8375,-89.5975,MIZE 3SW,9.0,0.0,0.0,191.88175781711,Rural,Low,9.0,0.0,0.0,191.88175781711,Rural,Low
USC00225987,31.5519,-90.1058,MONTICELLO,9.0,0.0,0.0,151.03550541818166,Rural,Low,9.0,0.0,0.0,151.03550541818166,Rural,Low
USC00225989,31.5519,-90.1058,MONTICELLO 2,9.0,0.0,0.0,151.03550541818166,Rural,Low,9.0,9.0,100.0,151.03550541818166,Rural,High
USC00226009,33.4517,-90.5097,MOORHEAD,9.0,0.0,0.0,403.10881314339474,Rural,Low,9.0,0.0,0.0,403.10881314339474,Rural,Low
USC00226177,31.5889,-91.3408,NATCHEZ,9.0,0.0,0.0,199.40970720494857,Rural,Low,9.0,0.0,0.0,199.40970720494857,Rural,Low
USC00226294,32.9369,-89.7594,NEWPORT,9.0,0.0,0.0,336.4694902344464,Rural,Low,9.0,0.0,0.0,336.4694902344464,Rural,Low
USC00226308,32.3378,-89.0817,NEWTON EXP STN,9.0,0.0,0.0,239.55218710638965,Rural,Low,9.0,0.0,0.0,239.55218710638965,Rural,Low
USC00226476,32.2061,-90.5133,OAKLEY EXP STN,9.0,0.0,0.0,239.12759958443493,Rural,Low,9.0,9.0,100.0,239.12759958443493,Rural,High
USC00226484,30.4106,-88.7883,OCEAN SPRINGS,9.0,0.0,0.0,2.6642688995334276,Coastal,Low,9.0,9.0,100.0,2.6642688995334276,Coastal,High
USC00226513,32.4758,-88.8111,OKATIBBEE RSVR,,,,,,,9.0,0.0,0.0,243.26399305863316,Rural,Low
USC00226638,32.0339,-88.71,P HARRISON ARCHUSA,9.0,0.0,0.0,185.19993679847943,Rural,Low,9.0,0.0,0.0,185.19993679847943,Rural,Low
USC00226640,31.6817,-89.3364,P HARRISON BIG CK WP,9.0,0.0,0.0,167.38553918484473,Rural,Low,9.0,0.0,0.0,167.38553918484473,Rural,Low
USC00226642,31.7522,-89.7286,P HARRISON DRY CK WP,9.0,0.0,0.0,183.58587659774793,Rural,Low,9.0,0.0,0.0,183.58587659774793,Rural,Low
USC00226643,32.2286,-88.8206,P HARRISON DUNNS FALLS,9.0,0.0,0.0,213.59215701598777,Rural,Low,9.0,0.0,0.0,213.59215701598777,Rural,Low
USC00226644,32.4031,-89.1531,P HARRISON TURKEY WP,9.0,0.0,0.0,250.9600213324815,Rural,Low,9.0,0.0,0.0,250.9600213324815,Rural,Low
USC00226718,30.3961,-88.4781,PASCAGOULA 3 NE,9.0,0.0,0.0,7.773320568075909,Coastal,Low,9.0,9.0,100.0,7.773320568075909,Coastal,High
USC00226750,32.0308,-89.0356,PAULDING,9.0,9.0,100.0,202.3896419290517,Rural,High,9.0,9.0,100.0,202.3896419290517,Rural,High
USC00226894,32.7692,-89.1303,PHILA 1 WSW,9.0,0.0,0.0,292.8192287703053,Rural,Low,9.0,0.0,0.0,292.8192287703053,Rural,Low
USC00226921,30.5364,-89.705,PICAYUNE,9.0,0.0,0.0,38.932337960015104,Coastal,Low,9.0,0.0,0.0,38.932337960015104,Coastal,Low
USC00226924,30.6522,-89.6522,PICAYUNE 4NE,9.0,0.0,0.0,50.12175634849539,Rural,Low,9.0,0.0,0.0,50.12175634849539,Rural,Low
USC00226926,32.8864,-89.9775,PICKENS,9.0,0.0,0.0,327.2019010674815,Rural,Low,9.0,0.0,0.0,327.2019010674815,Rural,Low
USC00227128,30.8408,-89.5453,POPLARVILLE EXP STN,9.0,0.0,0.0,64.49598201587106,Rural,Low,9.0,0.0,0.0,64.49598201587106,Rural,Low
USC00227132,31.985,-90.9719,PORT GIBSON 1 NE,9.0,0.0,0.0,223.99068295208525,Rural,Low,9.0,0.0,0.0,223.99068295208525,Rural,Low
USC00227172,31.5867,-89.8819,PRENTISS,9.0,0.0,0.0,158.728876577228,Rural,Low,9.0,0.0,0.0,158.728876577228,Rural,Low
USC00227220,31.1775,-89.4156,PURVIS 2N,9.0,0.0,0.0,103.76150625395078,Rural,Low,9.0,0.0,0.0,103.76150625395078,Rural,Low
USC00227252,32.0706,-88.7189,QUITMAN 2 NNE,9.0,9.0,100.0,190.00714275416374,Rural,High,9.0,9.0,100.0,190.00714275416374,Rural,High
USC00227276,32.1433,-89.5525,RALEIGH 6N,9.0,0.0,0.0,230.98024207427454,Rural,Low,9.0,0.0,0.0,230.98024207427454,Rural,Low
USC00227444,31.3656,-88.9322,RICHTON 1 N,9.0,0.0,0.0,119.8030106797406,Rural,Low,9.0,9.0,100.0,119.8030106797406,Rural,High
USC00227560,32.8978,-90.8853,ROLLING FK,9.0,0.0,0.0,336.4681700617187,Rural,Low,9.0,0.0,0.0,336.4681700617187,Rural,Low
USC00227595,32.3975,-90.0647,ROSS BARNETT RESERVR,9.0,0.0,0.0,262.0856847762269,Rural,Low,9.0,0.0,0.0,262.0856847762269,Rural,Low
USC00227831,32.5861,-90.6261,SATARTIA 8 SW,9.0,0.0,0.0,290.5203155775937,Rural,Low,9.0,0.0,0.0,290.5203155775937,Rural,Low
USC00227840,30.6264,-89.055,SAUCIER EXP FOREST,9.0,0.0,0.0,26.821286082927358,Coastal,Low,9.0,0.0,0.0,26.821286082927358,Coastal,Low
USC00228053,31.8597,-88.6953,SHUBUTA,9.0,0.0,0.0,163.86119127955263,Rural,Low,9.0,0.0,0.0,163.86119127955263,Rural,Low
USC00228374,33.4692,-88.7822,STATE UNIV,9.0,0.0,0.0,368.65038432462444,Rural,Low,9.0,0.0,0.0,368.65038432462444,Rural,Low
USC00228413,30.3678,-89.4544,STENNIS-DIAMONDHEAD,9.0,0.0,0.0,11.150153324219074,Coastal,Low,9.0,0.0,0.0,11.150153324219074,Coastal,Low
USC00228445,33.4311,-90.9108,STONEVILLE EXP STN,9.0,0.0,0.0,406.4847891168924,Rural,Low,9.0,0.0,0.0,406.4847891168924,Rural,Low
USC00228556,31.4222,-89.5386,SUMRALL,9.0,0.0,0.0,137.25322262590632,Rural,Low,9.0,0.0,0.0,137.25322262590632,Rural,Low
USC00228899,32.4686,-88.6083,TOPTON 2,9.0,0.0,0.0,235.22536476682575,Rural,Low,9.0,0.0,0.0,235.22536476682575,Rural,Low
USC00229048,31.08,-90.0603,TYLERTOWN 5ESE,9.0,0.0,0.0,90.39673900035557,Rural,Low,9.0,0.0,0.0,90.39673900035557,Rural,Low
USC00229072,31.6819,-90.7831,UNION CHURCH,9.0,0.0,0.0,179.36723829012885,Rural,Low,9.0,0.0,0.0,179.36723829012885,Rural,Low
USC00229114,33.3253,-89.7539,VAIDEN 1 SSW,9.0,0.0,0.0,387.72057682182583,Rural,Low,9.0,0.0,0.0,387.72057682182583,Rural,Low
USC00229157,30.4856,-88.6547,VANCLEAVE,9.0,0.0,0.0,13.254565659549208,Coastal,Low,9.0,9.0,100.0,13.254565659549208,Coastal,High
USC00229216,32.3567,-90.8444,VICKSBURG MILITARY PK,9.0,9.0,100.0,265.92693961189366,Inland,High,,,,,,
USC00229230,32.385,-90.8753,VICKSBURG CITY,9.0,0.0,0.0,270.43410154227917,Inland,Low,9.0,0.0,0.0,270.43410154227917,Inland,Low
USC00229326,32.5972,-89.4606,WALNUT GROVE,9.0,0.0,0.0,287.6266745582818,Rural,Low,9.0,0.0,0.0,287.6266745582818,Rural,Low
USC00229426,30.2947,-89.3831,WAVELAND,9.0,0.0,0.0,2.0184074329673067,Coastal,Low,9.0,9.0,100.0,2.0184074329673067,Coastal,High
USC00229439,31.6772,-88.6708,WAYNESBORO 2 W,9.0,0.0,0.0,141.55914899529654,Rural,Low,9.0,0.0,0.0,141.55914899529654,Rural,Low
USC00229597,32.0844,-89.7056,WHITE OAK 2 N,9.0,0.0,0.0,225.88455232582552,Rural,Low,9.0,0.0,0.0,225.88455232582552,Rural,Low
USC00229639,30.8528,-89.1369,WIGGINS,9.0,0.0,0.0,57.52836861657854,Rural,Low,9.0,5.0,55.56,57.52836861657854,Rural,High
USC00229743,33.4844,-89.625,WINONA 5 E,9.0,0.0,0.0,402.33696950359104,Rural,Low,9.0,0.0,0.0,402.33696950359104,Rural,Low
USC00229793,31.0931,-91.2325,WOODVILLE 4 ESE,9.0,0.0,0.0,143.9122902208565,Rural,Low,9.0,3.0,33.33,143.9122902208565,Rural,High
USC00229860,32.9028,-90.3817,YAZOO CITY 5 NNE,9.0,0.0,0.0,329.2207980125238,Rural,Low,9.0,0.0,0.0,329.2207980125238,Rural,Low
USC00410144,27.7283,-98.0678,ALICE,9.0,0.0,0.0,46.180738553218404,Coastal,Low,9.0,0.0,0.0,46.180738553218404,Coastal,Low
USC00410190,31.6094,-95.1342,ALTO 5 SW,9.0,0.0,0.0,239.38125014171567,Rural,Low,9.0,0.0,0.0,239.38125014171567,Rural,Low
USC00410202,32.4644,-97.1831,ALVARADO 4NE,9.0,9.0,100.0,425.2951365271932,Rural,High,9.0,9.0,100.0,425.2951365271932,Rural,High
USC00410204,29.3653,-95.2336,ALVIN,9.0,0.0,0.0,21.157344838808996,Coastal,Low,9.0,0.0,0.0,21.157344838808996,Coastal,Low
USC00410206,33.3867,-97.7164,ALVORD 3 N,9.0,0.0,0.0,560.2537510446693,Rural,Low,9.0,0.0,0.0,560.2537510446693,Rural,Low
USC00410235,29.7878,-94.6342,ANAHUAC,9.0,0.0,0.0,9.022431361726376,Coastal,Low,9.0,1.0,11.11,9.022431361726376,Coastal,High
USC00410246,30.7578,-97.8614,ANDICE 2 SW,9.0,0.0,0.0,292.8857558515365,Rural,Low,9.0,0.0,0.0,292.8857558515365,Rural,Low
USC00410257,29.1572,-95.4592,ANGLETON 2 W,9.0,0.0,0.0,31.480596839222972,Coastal,Low,9.0,3.0,33.33,31.480596839222972,Coastal,High
USC00410271,33.4414,-98.3689,ANTELOPE,9.0,0.0,0.0,607.6441658259674,Rural,Low,9.0,0.0,0.0,607.6441658259674,Rural,Low
USC00410297,31.8389,-97.2108,AQUILLA 1 SSE,9.0,0.0,0.0,362.0052318414889,Rural,Low,9.0,0.0,0.0,362.0052318414889,Rural,Low
USC00410305,28.3081,-96.8047,ARANSAS WR,9.0,0.0,0.0,1.37946656264136,Coastal,Low,9.0,4.0,44.44,1.37946656264136,Coastal,High
USC00410337,32.7572,-97.0736,ARLINGTON SIX FLAGS,9.0,0.0,0.0,451.72745685275476,Inland,Low,9.0,0.0,0.0,451.72745685275476,Inland,Low
USC00410345,26.8339,-97.7078,ARMSTRONG 4SE,,,,,,,9.0,0.0,0.0,16.237816336575445,Coastal,Low
USC00410404,32.1633,-95.83,ATHENS,9.0,0.0,0.0,325.0830127712861,Rural,Low,9.0,0.0,0.0,325.0830127712861,Rural,Low
USC00410408,33.1244,-94.1661,ATLANTA,9.0,0.0,0.0,411.4741614388645,Inland,Low,9.0,0.0,0.0,411.4741614388645,Inland,Low
USC00410431,30.2247,-97.7328,AUSTIN 6S,9.0,0.0,0.0,225.95084549147222,Inland,Low,9.0,0.0,0.0,225.95084549147222,Inland,Low
USC00410433,30.4144,-97.7664,AUSTIN GREAT HILLS,,,,,,,9.0,5.0,55.56,248.8388441914917,Inland,High
USC00410436,28.3889,-96.8389,AUSTWELL,9.0,9.0,100.0,1.2431487952945144,Coastal,High,9.0,9.0,100.0,1.2431487952945144,Coastal,High
USC00410518,32.2631,-96.6369,BARDWELL DAM,9.0,0.0,0.0,371.08177408772656,Rural,Low,9.0,0.0,0.0,371.08177408772656,Rural,Low
USC00410569,28.9797,-95.975,BAY CITY WTR WKS,9.0,0.0,0.0,35.56155156873281,Coastal,Low,9.0,0.0,0.0,35.56155156873281,Coastal,Low
USC00410586,29.9142,-94.9908,BAYTOWN,9.0,0.0,0.0,21.80485507512428,Coastal,Low,9.0,0.0,0.0,21.80485507512428,Coastal,Low
USC00410611,30.0969,-94.0997,BEAUMONT CITY,9.0,0.0,0.0,30.80538163374808,Coastal,Low,9.0,2.0,22.22,30.80538163374808,Coastal,High
USC00410613,30.0686,-94.2928,BEAUMONT RSCH CTR,9.0,0.0,0.0,48.566801395773396,Coastal,Low,9.0,0.0,0.0,48.566801395773396,Coastal,Low
USC00410639,28.4575,-97.7061,BEEVILLE 5 NE,9.0,0.0,0.0,70.30619863606121,Rural,Low,9.0,0.0,0.0,70.30619863606121,Rural,Low
USC00410655,30.0317,-96.2167,BELLVILLE 6NNE,9.0,0.0,0.0,134.58323259343945,Rural,Low,9.0,0.0,0.0,134.58323259343945,Rural,Low
USC00410660,29.5244,-97.685,BELMONT,9.0,0.0,0.0,153.32365397608814,Rural,Low,9.0,0.0,0.0,153.32365397608814,Rural,Low
USC00410690,27.5969,-98.4161,BENAVIDES #2,9.0,0.0,0.0,73.24285394983282,Rural,Low,9.0,0.0,0.0,73.24285394983282,Rural,Low
USC00410691,32.6475,-97.4439,BENBROOK DAM,9.0,0.0,0.0,461.6812236086633,Rural,Low,9.0,0.0,0.0,461.6812236086633,Rural,Low
USC00410738,30.7625,-98.0214,BERTRAM 3 ENE,9.0,0.0,0.0,302.02091782091435,Rural,Low,9.0,0.0,0.0,302.02091782091435,Rural,Low
USC00410805,27.5842,-97.8031,BISHOP,9.0,0.0,0.0,14.874860208665755,Coastal,Low,9.0,0.0,0.0,14.874860208665755,Coastal,Low
USC00410832,30.095,-98.4142,BLANCO,9.0,0.0,0.0,262.62726158349824,Rural,Low,9.0,0.0,0.0,262.62726158349824,Rural,Low
USC00411026,32.0508,-96.9661,BRANDON,9.0,0.0,0.0,366.7768847027487,Rural,Low,9.0,0.0,0.0,366.7768847027487,Rural,Low
USC00411035,32.6489,-98.1336,BRAZOS,9.0,0.0,0.0,509.9659185327937,Rural,Low,9.0,0.0,0.0,509.9659185327937,Rural,Low
USC00411045,31.1586,-96.6828,BREMOND,9.0,0.0,0.0,256.9977768865084,Rural,Low,9.0,0.0,0.0,256.9977768865084,Rural,Low
USC00411048,30.1592,-96.3972,BRENHAM,9.0,0.0,0.0,158.68945230850974,Rural,Low,9.0,0.0,0.0,158.68945230850974,Rural,Low
USC00411063,33.2064,-97.7761,BRIDGEPORT,9.0,0.0,0.0,543.7087456471468,Rural,Low,9.0,9.0,100.0,543.7087456471468,Rural,High
USC00411089,31.305,-94.2703,BROADDUS,9.0,0.0,0.0,176.78077081192353,Rural,Low,9.0,0.0,0.0,176.78077081192353,Rural,Low
USC00411215,29.7383,-98.4522,BULVERDE,9.0,0.0,0.0,238.2522393380109,Rural,Low,9.0,0.0,0.0,238.2522393380109,Rural,Low
USC00411246,32.5067,-97.3444,BURLESON,9.0,0.0,0.0,440.10109439962923,Rural,Low,9.0,0.0,0.0,440.10109439962923,Rural,Low
USC00411250,30.7586,-98.2339,BURNET,9.0,0.0,0.0,314.2151333320786,Rural,Low,9.0,0.0,0.0,314.2151333320786,Rural,Low
USC00411253,30.7247,-98.3842,BURNET 9 WSW,9.0,0.0,0.0,320.37909057223493,Rural,Low,9.0,0.0,0.0,320.37909057223493,Rural,Low
USC00411314,30.5328,-96.7022,CALDWELL,9.0,0.0,0.0,209.510098941115,Rural,Low,9.0,0.0,0.0,209.510098941115,Rural,Low
USC00411337,28.4658,-98.3539,CALLIHAM,9.0,0.0,0.0,119.14334485117809,Rural,Low,9.0,0.0,0.0,119.14334485117809,Rural,Low
USC00411348,30.8458,-96.97,CAMERON,9.0,0.0,0.0,256.01556841597846,Rural,Low,9.0,0.0,0.0,256.01556841597846,Rural,Low
USC00411429,29.8608,-98.1958,CANYON DAM,9.0,0.0,0.0,224.55012292047235,Rural,Low,9.0,0.0,0.0,224.55012292047235,Rural,Low
USC00411433,29.9461,-98.3967,CANYON DAM #3,9.0,0.0,0.0,248.79371702061235,Rural,Low,9.0,0.0,0.0,248.79371702061235,Rural,Low
USC00411500,32.1614,-94.3397,CARTHAGE,9.0,9.0,100.0,287.8159258655361,Inland,High,9.0,9.0,100.0,287.8159258655361,Inland,High
USC00411541,30.0164,-97.4786,CEDAR CREEK 5 S,9.0,0.0,0.0,188.43292635703605,Rural,Low,9.0,0.0,0.0,188.43292635703605,Rural,Low
USC00411578,31.8194,-94.2528,CENTER,9.0,0.0,0.0,241.91199939357816,Rural,Low,9.0,0.0,0.0,241.91199939357816,Rural,Low
USC00411580,31.4683,-98.4106,CENTER CITY,9.0,0.0,0.0,403.2102407216373,Rural,Low,9.0,0.0,0.0,403.2102407216373,Rural,Low
USC00411596,31.2581,-95.9744,CENTERVILLE,9.0,0.0,0.0,220.271617459074,Rural,Low,9.0,0.0,0.0,220.271617459074,Rural,Low
USC00411625,32.1561,-97.9369,CHALK MTN,9.0,0.0,0.0,448.0019015615099,Rural,Low,9.0,0.0,0.0,448.0019015615099,Rural,Low
USC00411671,29.3092,-97.4061,CHEAPSIDE,9.0,0.0,0.0,111.84791267711968,Rural,Low,9.0,0.0,0.0,111.84791267711968,Rural,Low
USC00411711,31.5039,-94.3522,CHIRENO,9.0,0.0,0.0,204.2148841958191,Rural,Low,9.0,0.0,0.0,204.2148841958191,Rural,Low
USC00411720,28.4675,-98.2525,CHOKE CANYON DAM,9.0,0.0,0.0,110.733101908707,Rural,Low,9.0,0.0,0.0,110.733101908707,Rural,Low
USC00411800,32.3139,-97.4061,CLEBURNE,9.0,0.0,0.0,423.85761216547417,Rural,Low,9.0,0.0,0.0,423.85761216547417,Rural,Low
USC00411804,32.33,-97.3122,CLEBURNE 7SE,9.0,0.0,0.0,419.17103234588353,Rural,Low,9.0,0.0,0.0,419.17103234588353,Rural,Low
USC00411810,30.3636,-95.0839,CLEVELAND,9.0,0.0,0.0,79.02911117243978,Rural,Low,9.0,3.0,33.33,79.02911117243978,Rural,High
USC00411838,29.7067,-95.6878,CLODINE,9.0,0.0,0.0,69.43711751984483,Inland,Low,9.0,0.0,0.0,69.43711751984483,Inland,Low
USC00411880,28.7156,-97.1742,COLETO CREEK RSVR,9.0,0.0,0.0,51.27552468805535,Rural,Low,9.0,0.0,0.0,51.27552468805535,Rural,Low
USC00411911,29.6989,-96.5731,COLUMBUS,9.0,0.0,0.0,120.13143220295728,Rural,Low,9.0,0.0,0.0,120.13143220295728,Rural,Low
USC00411921,33.1997,-95.9283,COMMERCE 4SW,9.0,0.0,0.0,460.85391706232485,Rural,Low,9.0,0.0,0.0,460.85391706232485,Rural,Low
USC00411956,30.3303,-95.4831,CONROE,9.0,0.0,0.0,88.73233621492508,Inland,Low,9.0,0.0,0.0,88.73233621492508,Inland,Low
USC00411970,33.3744,-95.6933,COOPER,9.0,0.0,0.0,479.0274204233483,Rural,Low,9.0,0.0,0.0,479.0274204233483,Rural,Low
USC00411990,31.1603,-97.9564,COPPERAS COVE 5 NW,9.0,0.0,0.0,344.4543311619297,Rural,Low,9.0,0.0,0.0,344.4543311619297,Rural,Low
USC00412011,27.7792,-97.5056,CORPUS CHRISTI NWS,9.0,9.0,100.0,7.352802674311593,Coastal,High,9.0,0.0,0.0,7.352802674311593,Coastal,Low
USC00412013,27.6606,-97.3983,C C BOTANICAL GARDENS,9.0,0.0,0.0,11.235892374174501,Coastal,Low,9.0,0.0,0.0,11.235892374174501,Coastal,Low
USC00412017,31.0033,-94.8161,CORRIGAN 1 ENE,9.0,0.0,0.0,157.623891285417,Rural,Low,9.0,0.0,0.0,157.623891285417,Rural,Low
USC00412019,32.1225,-96.4867,CORSICANA,9.0,0.0,0.0,346.91243852498735,Inland,Low,9.0,0.0,0.0,346.91243852498735,Inland,Low
USC00412020,32.1183,-96.3256,CORSICANA 8 E,9.0,0.0,0.0,338.53049940371244,Rural,Low,9.0,0.0,0.0,338.53049940371244,Rural,Low
USC00412086,31.7731,-97.8264,CRANFILLS GAP,9.0,0.0,0.0,405.07219069069936,Rural,Low,9.0,0.0,0.0,405.07219069069936,Rural,Low
USC00412088,31.5333,-97.4525,CRAWFORD,9.0,0.0,0.0,353.05953609861643,Rural,Low,9.0,0.0,0.0,353.05953609861643,Rural,Low
USC00412096,32.5225,-97.6478,CRESSON,9.0,0.0,0.0,462.13142113324716,Rural,Low,9.0,0.0,0.0,462.13142113324716,Rural,Low
USC00412114,31.3072,-95.4508,CROCKETT,9.0,0.0,0.0,206.11758401166773,Rural,Low,9.0,3.0,33.33,206.11758401166773,Rural,High
USC00412173,29.0892,-97.3433,CUERO,9.0,0.0,0.0,89.61715428622203,Rural,Low,9.0,0.0,0.0,89.61715428622203,Rural,Low
USC00412206,30.0211,-95.7069,CYPRESS,9.0,0.0,0.0,80.77202840619059,Rural,Low,9.0,0.0,0.0,80.77202840619059,Rural,Low
USC00412218,30.4364,-95.7919,DACUS,9.0,0.0,0.0,120.76429895818036,Rural,Low,9.0,0.0,0.0,120.76429895818036,Rural,Low
USC00412225,32.9203,-94.7225,DAINGERFIELD 9 S,9.0,0.0,0.0,394.9226969316973,Rural,Low,9.0,0.0,0.0,394.9226969316973,Rural,Low
USC00412266,29.0661,-96.2583,DANEVANG 1 W,9.0,0.0,0.0,43.360900162749374,Coastal,Low,9.0,0.0,0.0,43.360900162749374,Coastal,Low
USC00412295,30.8014,-97.2689,DAVILLA 2N,9.0,0.0,0.0,274.4563393426002,Rural,Low,9.0,0.0,0.0,274.4563393426002,Rural,Low
USC00412334,33.2219,-97.5872,DECATUR,9.0,0.0,0.0,534.0178458749281,Rural,Low,9.0,0.0,0.0,534.0178458749281,Rural,Low
USC00412352,33.4797,-94.6175,DEKALB,9.0,9.0,100.0,465.15759966867563,Rural,High,9.0,9.0,100.0,465.15759966867563,Rural,High
USC00412404,33.1992,-97.105,DENTON 2 SE,9.0,0.0,0.0,505.0073454152516,Inland,Low,9.0,0.0,0.0,505.0073454152516,Inland,Low
USC00412444,31.8614,-95.2619,DIALVILLE 2 W,9.0,0.0,0.0,274.293990584135,Rural,Low,9.0,2.0,22.22,274.293990584135,Rural,High
USC00412462,30.3558,-96.8289,DIME BOX,9.0,0.0,0.0,208.17999727797215,Rural,Low,9.0,0.0,0.0,208.17999727797215,Rural,Low
USC00412518,26.1728,-98.0786,DONNA,,,,,,,9.0,0.0,0.0,76.56374171005636,Rural,Low
USC00412558,31.6481,-94.8997,DOUGLASS 1 S,9.0,9.0,100.0,241.87059645099401,Rural,High,9.0,9.0,100.0,241.87059645099401,Rural,High
USC00412585,30.2194,-97.9878,DRIPPING SPRINGS 6 E,9.0,0.0,0.0,241.73686523185455,Rural,Low,9.0,0.0,0.0,241.73686523185455,Rural,Low
USC00412598,32.0628,-98.3047,DUBLIN 2SE,9.0,0.0,0.0,467.9993104334288,Rural,Low,9.0,9.0,100.0,467.9993104334288,Rural,High
USC00412758,26.2981,-98.1575,EDINBURG,9.0,9.0,100.0,80.10032424819991,Inland,High,9.0,0.0,0.0,80.10032424819991,Inland,Low
USC00412770,29.0622,-96.7714,EDNA 7 NW,9.0,0.0,0.0,44.352776629353684,Coastal,Low,9.0,0.0,0.0,44.352776629353684,Coastal,Low
USC00412772,32.3656,-95.6089,EDOM,9.0,0.0,0.0,345.57529129978496,Rural,Low,9.0,0.0,0.0,345.57529129978496,Rural,Low
USC00412786,29.2,-96.2653,EL CAMPO,9.0,0.0,0.0,58.757968916170626,Rural,Low,9.0,0.0,0.0,58.757968916170626,Rural,Low
USC00412820,30.3642,-97.37,ELGIN 1 N,9.0,0.0,0.0,223.95660240027684,Rural,Low,9.0,0.0,0.0,223.95660240027684,Rural,Low
USC00412902,32.8711,-95.7797,EMORY,9.0,9.0,100.0,414.7658127301781,Rural,High,9.0,9.0,100.0,414.7658127301781,Rural,High
USC00413000,30.3333,-94.0833,EVADALE,9.0,9.0,100.0,51.420765776631285,Rural,High,,,,,,
USC00413005,31.4625,-98.1619,EVANT 1SSW,9.0,0.0,0.0,389.827355878341,Rural,Low,9.0,2.0,22.22,389.827355878341,Rural,High
USC00413047,31.7322,-96.2078,FAIRFIELD 3W,9.0,0.0,0.0,287.2024986190657,Rural,Low,9.0,0.0,0.0,287.2024986190657,Rural,Low
USC00413063,27.1353,-98.1203,FALFURRIAS,9.0,2.0,22.22,43.559696415629745,Coastal,High,9.0,9.0,100.0,43.559696415629745,Coastal,High
USC00413065,28.9614,-98.1103,FALLS CITY 7 WSW,9.0,0.0,0.0,145.62608680507236,Rural,Low,9.0,0.0,0.0,145.62608680507236,Rural,Low
USC00413080,33.1414,-96.2933,FARMERSVILLE,9.0,0.0,0.0,463.7213483713199,Rural,Low,9.0,0.0,0.0,463.7213483713199,Rural,Low
USC00413112,30.2758,-97.0192,FEDOR 3SE,9.0,9.0,100.0,201.96621857646397,Rural,High,9.0,0.0,0.0,201.96621857646397,Rural,Low
USC00413133,32.5339,-96.6608,FERRIS,9.0,0.0,0.0,404.0224357971744,Rural,Low,9.0,9.0,100.0,404.0224357971744,Rural,High
USC00413156,29.9744,-98.2669,FISCHERS STORE,9.0,0.0,0.0,240.07016608043818,Rural,Low,9.0,0.0,0.0,240.07016608043818,Rural,Low
USC00413171,31.3089,-97.6306,FLAT,9.0,0.0,0.0,349.11344427961586,Rural,Low,9.0,0.0,0.0,349.11344427961586,Rural,Low
USC00413183,29.6339,-97.0644,FLATONIA 4SE,9.0,0.0,0.0,124.13782540475543,Rural,Low,9.0,0.0,0.0,124.13782540475543,Rural,Low
USC00413199,30.8394,-97.7928,FLORENCE,9.0,0.0,0.0,298.98836270042335,Rural,Low,9.0,0.0,0.0,298.98836270042335,Rural,Low
USC00413201,29.1333,-98.1628,FLORESVILLE,9.0,0.0,0.0,165.39758586972974,Rural,Low,9.0,0.0,0.0,165.39758586972974,Rural,Low
USC00413247,33.4661,-97.5797,FORESTBURG 5 S,9.0,0.0,0.0,561.488922829468,Rural,Low,9.0,9.0,100.0,561.488922829468,Rural,High
USC00413285,32.8342,-97.2981,FT WORTH WSFO,9.0,0.0,0.0,473.30869305990365,Inland,Low,9.0,0.0,0.0,473.30869305990365,Inland,Low
USC00413289,32.8472,-97.4761,FT WORTH NATURE CTR,9.0,9.0,100.0,485.4984645723355,Rural,High,9.0,0.0,0.0,485.4984645723355,Rural,Low
USC00413321,31.0328,-96.4889,FRANKLIN,9.0,0.0,0.0,230.20563258474837,Rural,Low,9.0,0.0,0.0,230.20563258474837,Rural,Low
USC00413340,28.9844,-95.3808,FREEPORT 2 NW,9.0,0.0,0.0,10.270033517872314,Coastal,Low,9.0,0.0,0.0,10.270033517872314,Coastal,Low
USC00413370,33.1925,-96.7931,FRISCO,9.0,0.0,0.0,489.4569531069256,Rural,Low,9.0,0.0,0.0,489.4569531069256,Rural,Low
USC00413485,31.4144,-97.7019,GATESVILLE,9.0,0.0,0.0,364.67267444893787,Rural,Low,9.0,0.0,0.0,364.67267444893787,Rural,Low
USC00413507,30.6764,-97.7208,GEORGETOWN LAKE,9.0,0.0,0.0,276.4742891926609,Rural,Low,9.0,0.0,0.0,276.4742891926609,Rural,Low
USC00413508,28.3064,-98.1222,GEORGE W 2 SSW,9.0,0.0,0.0,86.40623458812456,Rural,Low,9.0,0.0,0.0,86.40623458812456,Rural,Low
USC00413525,30.1872,-96.8594,GIDDINGS 5E,9.0,0.0,0.0,187.77042500363456,Rural,Low,9.0,0.0,0.0,187.77042500363456,Rural,Low
USC00413546,32.7464,-95.0497,GILMER 4 WNW,9.0,0.0,0.0,383.69287248560624,Rural,Low,9.0,0.0,0.0,383.69287248560624,Rural,Low
USC00413618,28.6617,-97.385,GOLIAD,9.0,0.0,0.0,67.19566452328384,Rural,Low,9.0,0.0,0.0,67.19566452328384,Rural,Low
USC00413620,28.6703,-97.3778,GOLIAD 1 E,9.0,0.0,0.0,67.57629639433036,Rural,Low,9.0,9.0,100.0,67.57629639433036,Rural,High
USC00413622,29.4744,-97.4481,GONZALES 2S,9.0,0.0,0.0,129.91343715911054,Rural,Low,9.0,0.0,0.0,129.91343715911054,Rural,Low
USC00413624,29.4358,-97.5178,GONZALES 10 SW,9.0,0.0,0.0,131.91985186601596,Rural,Low,9.0,0.0,0.0,131.91985186601596,Rural,Low
USC00413639,32.5408,-98.3814,GORDON 1SW,9.0,0.0,0.0,518.8197357567768,Rural,Low,9.0,0.0,0.0,518.8197357567768,Rural,Low
USC00413675,32.5217,-97.8069,GRANBURY 5N,9.0,0.0,0.0,473.3259542654569,Rural,Low,9.0,0.0,0.0,473.3259542654569,Rural,Low
USC00413685,30.715,-97.4483,GRANGER,9.0,0.0,0.0,269.53815129525833,Rural,Low,9.0,0.0,0.0,269.53815129525833,Rural,Low
USC00413686,30.7189,-97.3211,GRANGER DAM,9.0,0.0,0.0,265.696605408862,Rural,Low,9.0,0.0,0.0,265.696605408862,Rural,Low
USC00413691,32.9506,-97.0553,GRAPEVINE DAM,9.0,0.0,0.0,473.1585055745715,Inland,Low,9.0,0.0,0.0,473.1585055745715,Inland,Low
USC00413734,33.1678,-96.0983,GREENVILLE KGVL RADIO,9.0,0.0,0.0,461.11939564394106,Rural,Low,9.0,0.0,0.0,461.11939564394106,Rural,Low
USC00413776,31.4406,-96.4825,GROESBECK 7SE,9.0,0.0,0.0,270.49797887431816,Rural,Low,9.0,9.0,100.0,270.49797887431816,Rural,High
USC00413778,31.1964,-95.1461,GROVETON,9.0,9.0,100.0,186.58871514085078,Rural,High,,,,,,
USC00413846,33.3361,-95.2486,HAGANSPORT,9.0,0.0,0.0,464.86507889120674,Rural,Low,9.0,0.0,0.0,464.86507889120674,Rural,Low
USC00413873,29.4706,-96.9397,HALLETTSVILLE 2 N,9.0,0.0,0.0,99.71570669993754,Rural,Low,9.0,0.0,0.0,99.71570669993754,Rural,Low
USC00413877,32.4478,-94.5956,HALLSVILLE 4 S,9.0,0.0,0.0,330.87591323057006,Rural,Low,9.0,0.0,0.0,330.87591323057006,Rural,Low
USC00413884,31.7089,-98.115,HAMILTON,9.0,0.0,0.0,417.0372029020395,Rural,Low,9.0,0.0,0.0,417.0372029020395,Rural,Low
USC00413941,32.6761,-94.5781,HARLETON,9.0,0.0,0.0,359.71374095558565,Rural,Low,9.0,2.0,22.22,359.71374095558565,Rural,High
USC00413943,26.2028,-97.6728,HARLINGEN,9.0,0.0,0.0,36.19777705037011,Coastal,Low,9.0,0.0,0.0,36.19777705037011,Coastal,Low
USC00414020,32.5781,-95.2033,HAWKINS,9.0,0.0,0.0,366.54743430828324,Rural,Low,9.0,0.0,0.0,366.54743430828324,Rural,Low
USC00414076,31.35,-93.8333,HEMPHILL,9.0,9.0,100.0,176.44727092121977,Rural,High,9.0,9.0,100.0,176.44727092121977,Rural,High
USC00414077,31.4072,-93.7842,HEMPHILL 6 NE,9.0,0.0,0.0,183.93798737025895,Rural,Low,9.0,0.0,0.0,183.93798737025895,Rural,Low
USC00414081,32.1828,-94.7967,HENDERSON,9.0,0.0,0.0,304.18012435817053,Inland,Low,9.0,0.0,0.0,304.18012435817053,Inland,Low
USC00414137,31.9844,-98.0311,HICO,9.0,0.0,0.0,440.4162372011903,Rural,Low,9.0,0.0,0.0,440.4162372011903,Rural,Low
USC00414182,32.0161,-97.1094,HILLSBORO,9.0,0.0,0.0,372.6617041476392,Rural,Low,9.0,0.0,0.0,372.6617041476392,Rural,Low
USC00414202,32.7275,-95.1925,HOLLY LAKE RCH,9.0,0.0,0.0,386.028391510873,Rural,Low,9.0,0.0,0.0,386.028391510873,Rural,Low
USC00414313,29.8142,-95.7275,HOUSTON BARKER,9.0,0.0,0.0,74.98628238392367,Inland,Low,9.0,9.0,100.0,74.98628238392367,Inland,High
USC00414315,29.7283,-95.1306,HOUSTON DEER PARK,9.0,0.0,0.0,7.66473508238619,Coastal,Low,9.0,2.0,22.22,7.66473508238619,Coastal,High
USC00414321,29.7914,-95.4261,HOUSTON HTS,9.0,0.0,0.0,41.538970926268114,Coastal,Low,9.0,0.0,0.0,41.538970926268114,Coastal,Low
USC00414325,29.7003,-95.4292,HOUSTON-WESTBURY,9.0,0.0,0.0,40.677332671549344,Coastal,Low,9.0,0.0,0.0,40.677332671549344,Coastal,Low
USC00414326,29.7456,-95.28,HOUSTON-PORT,9.0,0.0,0.0,24.39981781890686,Coastal,Low,9.0,0.0,0.0,24.39981781890686,Coastal,Low
USC00414327,29.8733,-95.5275,HOUSTON N HOUSTON,9.0,0.0,0.0,55.225056950442216,Inland,Low,9.0,0.0,0.0,55.225056950442216,Inland,Low
USC00414333,29.4717,-95.0833,HOUSTON NWSO,9.0,0.0,0.0,11.164776791924725,Coastal,Low,9.0,0.0,0.0,11.164776791924725,Coastal,Low
USC00414343,32.3389,-98.2972,HUCKABAY,9.0,0.0,0.0,493.644507543081,Rural,Low,9.0,0.0,0.0,493.644507543081,Rural,Low
USC00414382,30.7064,-95.5422,HUNTSVILLE,9.0,0.0,0.0,134.7821379421299,Inland,Low,9.0,0.0,0.0,134.7821379421299,Inland,Low
USC00414390,31.6544,-97.7086,HURST SPRINGS,9.0,0.0,0.0,385.0375053315227,Rural,Low,9.0,0.0,0.0,385.0375053315227,Rural,Low
USC00414505,32.0914,-97.1211,ITASCA 5SSW,9.0,0.0,0.0,381.2980116449083,Rural,Low,9.0,0.0,0.0,381.2980116449083,Rural,Low
USC00414517,33.2064,-98.1689,JACKSBORO,9.0,0.0,0.0,569.2521931027637,Rural,Low,9.0,0.0,0.0,569.2521931027637,Rural,Low
USC00414525,31.9622,-95.2736,JACKSONVILLE,9.0,2.0,22.22,287.5283117180202,Inland,High,9.0,0.0,0.0,287.5283117180202,Inland,Low
USC00414531,29.1967,-94.9883,JAMAICA BEACH,9.0,0.0,0.0,0.27719963992382285,Coastal,Low,9.0,0.0,0.0,0.27719963992382285,Coastal,Low
USC00414556,30.8294,-97.6011,JARRELL,9.0,0.0,0.0,289.3509867240635,Rural,Low,9.0,0.0,0.0,289.3509867240635,Rural,Low
USC00414563,30.9153,-94.0097,JASPER,9.0,0.0,0.0,121.17672759543238,Inland,Low,9.0,0.0,0.0,121.17672759543238,Inland,Low
USC00414575,29.7664,-97.3164,JEDDO 3S,9.0,0.0,0.0,151.6031091046957,Rural,Low,9.0,0.0,0.0,151.6031091046957,Rural,Low
USC00414577,32.7692,-94.3592,JEFFERSON,9.0,9.0,100.0,367.21755748924045,Rural,High,9.0,9.0,100.0,367.21755748924045,Rural,High
USC00414597,32.6406,-96.9747,JOE POOL LAKE,9.0,0.0,0.0,432.87291003078536,Inland,Low,9.0,0.0,0.0,432.87291003078536,Inland,Low
USC00414605,30.3,-98.4094,JOHNSON CITY 2N,9.0,0.0,0.0,280.4894754274939,Rural,Low,9.0,0.0,0.0,280.4894754274939,Rural,Low
USC00414679,33.0806,-97.2967,JUSTIN,9.0,0.0,0.0,501.28586063879646,Rural,Low,9.0,0.0,0.0,501.28586063879646,Rural,Low
USC00414693,32.6664,-94.1781,KARNACK,9.0,0.0,0.0,351.14277173384926,Rural,Low,9.0,0.0,0.0,351.14277173384926,Rural,Low
USC00414696,28.9069,-97.8756,KARNES CITY 2N,9.0,0.0,0.0,122.64746825107932,Rural,Low,9.0,0.0,0.0,122.64746825107932,Rural,Low
USC00414704,29.8025,-95.8197,KATY CITY,9.0,0.0,0.0,84.89708123310986,Rural,Low,9.0,0.0,0.0,84.89708123310986,Rural,Low
USC00414705,32.5589,-96.2725,KAUFMAN 3 SE,9.0,0.0,0.0,389.9039017736689,Rural,Low,9.0,0.0,0.0,389.9039017736689,Rural,Low
USC00414708,32.6139,-96.1394,KAUFMAN 13ENE,9.0,9.0,100.0,391.8974801992252,Rural,High,9.0,0.0,0.0,391.8974801992252,Rural,Low
USC00414792,31.0658,-97.6919,KILLEEN,9.0,9.0,100.0,321.6115635781174,Rural,High,9.0,9.0,100.0,321.6115635781174,Rural,High
USC00414805,29.6833,-97.7672,KINGSBURY,9.0,0.0,0.0,173.876783736667,Rural,Low,9.0,0.0,0.0,173.876783736667,Rural,Low
USC00414810,27.5311,-97.8497,KINGSVILLE,9.0,0.0,0.0,11.498791552793701,Coastal,Low,9.0,0.0,0.0,11.498791552793701,Coastal,Low
USC00414866,32.1347,-97.4786,KOPPERL 5 NNE,9.0,0.0,0.0,410.8448507419226,Rural,Low,9.0,0.0,0.0,410.8448507419226,Rural,Low
USC00414878,30.375,-94.2994,KOUNTZE,9.0,0.0,0.0,70.42535018258398,Rural,Low,9.0,2.0,22.22,70.42535018258398,Rural,High
USC00414903,29.9175,-96.8769,LA GRANGE,9.0,0.0,0.0,153.7322374299995,Rural,Low,9.0,0.0,0.0,153.7322374299995,Rural,Low
USC00414911,26.3233,-98.3233,LA JOYA,9.0,0.0,0.0,97.09223750715809,Rural,Low,9.0,0.0,0.0,97.09223750715809,Rural,Low
USC00414972,33.225,-97.8317,LAKE BRIDGEPORT DAM,9.0,0.0,0.0,549.2275833609488,Rural,Low,9.0,0.0,0.0,549.2275833609488,Rural,Low
USC00414976,32.8228,-95.5278,LAKE FK RSVR,9.0,0.0,0.0,403.8685550460513,Rural,Low,9.0,0.0,0.0,403.8685550460513,Rural,Low
USC00414979,32.6433,-98.3181,LAKE PALO PINTO,9.0,0.0,0.0,523.4679207818372,Rural,Low,9.0,9.0,100.0,523.4679207818372,Rural,High
USC00414980,32.8522,-95.8864,LAKE TAWAKONI,9.0,0.0,0.0,414.80584557055147,Rural,Low,9.0,0.0,0.0,414.80584557055147,Rural,Low
USC00415018,31.0717,-98.1847,LAMPASAS,9.0,0.0,0.0,345.8595378491698,Rural,Low,9.0,0.0,0.0,345.8595378491698,Rural,Low
USC00415094,33.0353,-96.4861,LAVON DAM,9.0,0.0,0.0,457.3251423814526,Rural,Low,9.0,0.0,0.0,457.3251423814526,Rural,Low
USC00415116,32.3,-98.4028,LEATHERWOOD RCH,9.0,9.0,100.0,498.8925964030861,Rural,High,9.0,0.0,0.0,498.8925964030861,Rural,Low
USC00415192,33.0694,-97.0094,LEWISVILLE DAM,9.0,0.0,0.0,484.8072431551703,Inland,Low,9.0,0.0,0.0,484.8072431551703,Inland,Low
USC00415193,30.4064,-97.0133,LEXINGTON,9.0,0.0,0.0,218.36549585420855,Rural,Low,9.0,0.0,0.0,218.36549585420855,Rural,Low
USC00415196,30.0592,-94.795,LIBERTY,9.0,0.0,0.0,35.6284450616373,Coastal,Low,9.0,9.0,100.0,35.6284450616373,Coastal,High
USC00415229,33.0161,-94.3675,LINDEN,9.0,0.0,0.0,399.72616180651676,Rural,Low,9.0,0.0,0.0,399.72616180651676,Rural,Low
USC00415243,32.5686,-98.0825,LIPAN 4NW,9.0,0.0,0.0,498.29584340746436,Rural,Low,9.0,9.0,100.0,498.29584340746436,Rural,High
USC00415271,30.7394,-94.9256,LIVINGSTON 2 NNE,9.0,0.0,0.0,124.1013811886448,Inland,Low,9.0,0.0,0.0,124.1013811886448,Inland,Low
USC00415285,29.8569,-97.6958,LOCKHART 2SW,9.0,0.0,0.0,185.01790534529388,Rural,Low,9.0,0.0,0.0,185.01790534529388,Rural,Low
USC00415341,32.4725,-94.7172,LONGVIEW,9.0,0.0,0.0,337.6325905440347,Inland,Low,9.0,0.0,0.0,337.6325905440347,Inland,Low
USC00415344,32.5183,-94.7189,LONGVIEW #2,9.0,0.0,0.0,343.4848025303238,Inland,Low,9.0,0.0,0.0,343.4848025303238,Inland,Low
USC00415415,31.4269,-94.8942,LUFKIN 11 NW,9.0,0.0,0.0,212.98058680448116,Rural,Low,9.0,0.0,0.0,212.98058680448116,Rural,Low
USC00415427,31.3417,-94.7325,LUFKIN #2,9.0,2.0,22.22,200.80174341437706,Inland,High,9.0,9.0,100.0,200.80174341437706,Inland,High
USC00415429,29.6756,-97.6578,LULING,9.0,0.0,0.0,164.66832621398572,Rural,Low,9.0,0.0,0.0,164.66832621398572,Rural,Low
USC00415430,29.8403,-97.5672,LULING 12 NE,9.0,0.0,0.0,174.63559408170633,Rural,Low,9.0,0.0,0.0,174.63559408170633,Rural,Low
USC00415435,30.2503,-94.1783,LUMBERTON,9.0,0.0,0.0,49.5453920364871,Coastal,Low,9.0,2.0,22.22,49.5453920364871,Coastal,High
USC00415477,30.9392,-95.9203,MADISONVILLE,9.0,0.0,0.0,181.3244075872656,Rural,Low,9.0,0.0,0.0,181.3244075872656,Rural,Low
USC00415528,31.9442,-96.8464,MALONE 3ENE,9.0,9.0,100.0,347.6576284352104,Rural,High,,,,,,
USC00415611,31.305,-96.8767,MARLIN,9.0,0.0,0.0,285.741198601779,Rural,Low,9.0,0.0,0.0,285.741198601779,Rural,Low
USC00415618,32.4892,-94.3289,MARSHALL,9.0,0.0,0.0,330.13518042515835,Rural,Low,9.0,0.0,0.0,330.13518042515835,Rural,Low
USC00415659,28.6836,-95.9733,MATAGORDA #2,9.0,3.0,33.33,2.4607399069038056,Coastal,High,9.0,0.0,0.0,2.4607399069038056,Coastal,Low
USC00415661,28.0372,-97.8725,MATHIS 4 SSW,9.0,0.0,0.0,44.24559004784127,Coastal,Low,9.0,0.0,0.0,44.24559004784127,Coastal,Low
USC00415667,33.3322,-94.3436,MAUD,9.0,2.0,22.22,441.03877218878404,Rural,High,9.0,9.0,100.0,441.03877218878404,Rural,High
USC00415695,32.3117,-97.0161,MAYPEARL,9.0,9.0,100.0,398.24061908185826,Rural,High,9.0,9.0,100.0,398.24061908185826,Rural,High
USC00415701,26.1922,-98.2503,MCALLEN,9.0,0.0,0.0,93.57453839905583,Inland,Low,9.0,0.0,0.0,93.57453839905583,Inland,Low
USC00415721,26.565,-98.1236,MCCOOK,9.0,0.0,0.0,71.1370163270244,Rural,Low,9.0,0.0,0.0,71.1370163270244,Rural,Low
USC00415757,31.435,-97.4011,MCGREGOR,9.0,0.0,0.0,340.3941025213295,Rural,Low,9.0,0.0,0.0,340.3941025213295,Rural,Low
USC00415766,33.1828,-96.59,MCKINNEY MUNI AP,9.0,9.0,100.0,479.74829985041106,Rural,High,9.0,0.0,0.0,479.74829985041106,Rural,Low
USC00415836,26.0619,-97.8997,MERCEDES 6 SSE,9.0,0.0,0.0,65.96966051589774,Rural,Low,9.0,0.0,0.0,65.96966051589774,Rural,Low
USC00415845,31.93,-97.6608,MERIDIAN,9.0,0.0,0.0,405.2664786258567,Rural,Low,9.0,0.0,0.0,405.2664786258567,Rural,Low
USC00415869,31.6181,-96.4497,MEXIA,9.0,9.0,100.0,287.56886212968766,Rural,High,9.0,9.0,100.0,287.56886212968766,Rural,High
USC00415897,32.4917,-96.9992,MIDLOTHIAN,9.0,0.0,0.0,417.3003132935754,Inland,Low,9.0,0.0,0.0,417.3003132935754,Inland,Low
USC00415904,31.0706,-95.715,MIDWAY 4 NE,9.0,0.0,0.0,185.77492200281054,Rural,Low,9.0,0.0,0.0,185.77492200281054,Rural,Low
USC00415954,32.635,-95.4822,MINEOLA,9.0,0.0,0.0,378.5705276229512,Rural,Low,9.0,0.0,0.0,378.5705276229512,Rural,Low
USC00416024,30.3908,-95.6969,MONTGOMERY,9.0,0.0,0.0,109.31164753554657,Rural,Low,9.0,1.0,11.11,109.31164753554657,Rural,High
USC00416058,32.0139,-97.6131,MORGAN,9.0,0.0,0.0,409.3061820616056,Rural,Low,9.0,0.0,0.0,409.3061820616056,Rural,Low
USC00416060,32.3842,-98.1703,MORGAN MILL,9.0,9.0,100.0,487.5774730472082,Rural,High,9.0,0.0,0.0,487.5774730472082,Rural,Low
USC00416108,33.1631,-95.0097,MT PLEASANT,9.0,0.0,0.0,434.6254206787092,Inland,Low,9.0,0.0,0.0,434.6254206787092,Inland,Low
USC00416119,33.1964,-95.2236,MT VERNON,9.0,0.0,0.0,446.4186750155443,Rural,Low,9.0,0.0,0.0,446.4186750155443,Rural,Low
USC00416177,31.6164,-94.6431,NACOGDOCHES,9.0,0.0,0.0,228.7727927308019,Inland,Low,9.0,0.0,0.0,228.7727927308019,Inland,Low
USC00416210,31.9611,-96.6881,NAVARRO MILLS DAM,9.0,0.0,0.0,339.71204854542555,Rural,Low,9.0,0.0,0.0,339.71204854542555,Rural,Low
USC00416265,31.6503,-94.1519,NEUVILLE,9.0,9.0,100.0,218.20530804652847,Rural,High,9.0,0.0,0.0,218.20530804652847,Rural,Low
USC00416270,33.4547,-94.4089,NEW BOSTON,9.0,2.0,22.22,458.1742895215989,Rural,High,9.0,2.0,22.22,458.1742895215989,Rural,High
USC00416276,29.6597,-98.1636,NEW BRAUNFELS,9.0,0.0,0.0,205.96439764081967,Rural,Low,9.0,0.0,0.0,205.96439764081967,Rural,Low
USC00416280,30.1375,-95.1783,NEW CANEY 2 E,9.0,0.0,0.0,51.75141461379391,Rural,Low,9.0,0.0,0.0,51.75141461379391,Rural,Low
USC00416331,33.4561,-98.0253,NEWPORT 1SW,9.0,9.0,100.0,586.8114240389114,Rural,High,9.0,0.0,0.0,586.8114240389114,Rural,Low
USC00416335,31.9747,-95.1381,NEW SUMMERFIELD 2W,9.0,0.0,0.0,286.8146231584694,Rural,Low,9.0,2.0,22.22,286.8146231584694,Rural,High
USC00416341,30.8331,-93.7369,NEWTON,9.0,0.0,0.0,109.6067610124443,Rural,Low,9.0,2.0,22.22,109.6067610124443,Rural,High
USC00416367,31.1083,-98.3803,NIX STORE 1 W,9.0,0.0,0.0,361.127680704573,Rural,Low,9.0,0.0,0.0,361.127680704573,Rural,Low
USC00416368,29.2828,-97.7675,NIXON,9.0,9.0,100.0,142.85389871054522,Rural,High,9.0,0.0,0.0,142.85389871054522,Rural,Low
USC00416496,31.5914,-95.8442,OAKWOOD,9.0,0.0,0.0,254.15052026370438,Rural,Low,9.0,0.0,0.0,254.15052026370438,Rural,Low
USC00416649,33.1836,-94.7792,OMAHA 2 W,9.0,9.0,100.0,430.38011779448925,Rural,High,,,,,,
USC00416664,30.0858,-93.7417,ORANGE,9.0,0.0,0.0,13.977980173373334,Coastal,Low,9.0,2.0,22.22,13.977980173373334,Coastal,High
USC00416680,30.2267,-93.7389,ORANGE 9 N,9.0,0.0,0.0,31.58735653936917,Coastal,Low,9.0,2.0,22.22,31.58735653936917,Coastal,High
USC00416739,27.5906,-97.2306,PADRE IS AT CORPUS CHRISTI,,,,,,,9.0,0.0,0.0,2.0487568966349348,Coastal,Low
USC00416766,32.7664,-98.3083,PALO PINTO,9.0,0.0,0.0,534.5641767466115,Rural,Low,9.0,0.0,0.0,534.5641767466115,Rural,Low
USC00417017,31.2789,-97.8883,PIDCOKE,9.0,0.0,0.0,355.50471778982353,Rural,Low,9.0,0.0,0.0,355.50471778982353,Rural,Low
USC00417020,29.2353,-96.1817,PIERCE 1 E,9.0,0.0,0.0,66.46954271084705,Rural,Low,9.0,9.0,100.0,66.46954271084705,Rural,High
USC00417040,31.2447,-93.9658,PINELAND,9.0,0.0,0.0,163.22141578083483,Rural,Low,9.0,2.0,22.22,163.22141578083483,Rural,High
USC00417066,32.9264,-94.9392,PITTSBURG 5 SSE,9.0,9.0,100.0,402.2811030901153,Rural,High,9.0,9.0,100.0,402.2811030901153,Rural,High
USC00417111,28.9606,-98.4772,PLEASANTON,9.0,9.0,100.0,173.98965230264938,Rural,High,9.0,0.0,0.0,173.98965230264938,Rural,Low
USC00417140,28.6575,-96.5553,PT COMFORT,9.0,0.0,0.0,0.5073392476260921,Coastal,Low,9.0,0.0,0.0,0.5073392476260921,Coastal,Low
USC00417170,27.8139,-97.075,PORT ARANSAS,9.0,0.0,0.0,0.07940149327720007,Coastal,Low,9.0,0.0,0.0,0.07940149327720007,Coastal,Low
USC00417172,29.9044,-93.9708,PORT ARTHUR CITY,9.0,0.0,0.0,6.9712280088452445,Coastal,Low,9.0,2.0,22.22,6.9712280088452445,Coastal,High
USC00417179,26.095,-97.3069,PORT ISABEL,9.0,0.0,0.0,2.276503315621544,Coastal,Low,9.0,0.0,0.0,2.276503315621544,Coastal,Low
USC00417183,28.6078,-96.6417,PORT LAVACA,9.0,0.0,0.0,4.156904283069332,Coastal,Low,9.0,9.0,100.0,4.156904283069332,Coastal,High
USC00417184,26.5533,-97.4278,PORT MANSFIELD,9.0,0.0,0.0,0.3523276205118026,Coastal,Low,9.0,0.0,0.0,0.3523276205118026,Coastal,Low
USC00417186,28.4342,-96.4278,PORT O'CONNOR,9.0,9.0,100.0,1.1904628289179247,Coastal,High,9.0,0.0,0.0,1.1904628289179247,Coastal,Low
USC00417300,31.9633,-98.4942,PROCTOR RSVR,9.0,0.0,0.0,464.93589784082036,Rural,Low,9.0,0.0,0.0,464.93589784082036,Rural,Low
USC00417365,32.7931,-95.435,QUITMAN 2,9.0,0.0,0.0,398.50128188816393,Rural,Low,9.0,0.0,0.0,398.50128188816393,Rural,Low
USC00417388,32.2619,-97.7064,RAINBOW,9.0,0.0,0.0,440.19966059442527,Rural,Low,9.0,0.0,0.0,440.19966059442527,Rural,Low
USC00417458,26.4644,-97.7847,RAYMONDVILLE,9.0,0.0,0.0,34.95704122453214,Coastal,Low,9.0,0.0,0.0,34.95704122453214,Coastal,Low
USC00417530,28.2939,-97.3297,REFUGIO 3 SW,9.0,0.0,0.0,24.340843250064097,Coastal,Low,9.0,0.0,0.0,24.340843250064097,Coastal,Low
USC00417533,28.3294,-97.2947,REFUGIO 2 NW,9.0,0.0,0.0,25.066485033709526,Coastal,Low,9.0,0.0,0.0,25.066485033709526,Coastal,Low
USC00417550,32.8136,-97.5756,REMUDA,9.0,0.0,0.0,488.09342093608217,Rural,Low,9.0,0.0,0.0,488.09342093608217,Rural,Low
USC00417586,30.5381,-95.8458,RICHARDS,9.0,9.0,100.0,134.54352270063336,Rural,High,9.0,0.0,0.0,134.54352270063336,Rural,Low
USC00417588,32.9964,-96.7428,RICHARDSON,9.0,0.0,0.0,463.341258268152,Inland,Low,9.0,0.0,0.0,463.341258268152,Inland,Low
USC00417594,29.5839,-95.7553,RICHMOND,9.0,0.0,0.0,78.7001787916446,Inland,Low,9.0,0.0,0.0,78.7001787916446,Inland,Low
USC00417659,33.005,-97.2331,ROANOKE,9.0,0.0,0.0,489.0548007936967,Rural,Low,9.0,0.0,0.0,489.0548007936967,Rural,Low
USC00417677,27.7894,-97.6619,ROBSTOWN,9.0,0.0,0.0,18.86454063312173,Coastal,Low,9.0,0.0,0.0,18.86454063312173,Coastal,Low
USC00417685,30.6431,-97.0372,ROCKDALE,9.0,0.0,0.0,248.93758985235206,Rural,Low,9.0,0.0,0.0,248.93758985235206,Rural,Low
USC00417704,28.0183,-97.0567,ROCKPORT,9.0,0.0,0.0,1.1662576696081617,Coastal,Low,9.0,0.0,0.0,1.1662576696081617,Coastal,Low
USC00417707,32.9331,-96.4647,ROCKWALL,9.0,0.0,0.0,443.7907062984485,Inland,Low,9.0,0.0,0.0,443.7907062984485,Inland,Low
USC00417744,31.0736,-96.9789,ROSEBUD,9.0,0.0,0.0,274.2269211546885,Rural,Low,9.0,0.0,0.0,274.2269211546885,Rural,Low
USC00417773,32.4578,-96.4558,ROSSER,9.0,0.0,0.0,385.2374946776995,Rural,Low,9.0,0.0,0.0,385.2374946776995,Rural,Low
USC00417787,30.4247,-98.3492,ROUND MTN,9.0,9.0,100.0,287.7810048429056,Rural,High,9.0,0.0,0.0,287.7810048429056,Rural,Low
USC00417791,30.5414,-97.635,ROUND ROCK 3 NE,9.0,0.0,0.0,256.6042359222036,Rural,Low,9.0,0.0,0.0,256.6042359222036,Rural,Low
USC00417836,28.8297,-97.7133,RUNGE,9.0,0.0,0.0,103.76280865565113,Rural,Low,9.0,0.0,0.0,103.76280865565113,Rural,Low
USC00417841,31.8092,-95.1428,RUSK,9.0,0.0,0.0,265.3838151334412,Rural,Low,9.0,0.0,0.0,265.3838151334412,Rural,Low
USC00417936,31.0619,-94.1011,SAM RAYBURN DAM,9.0,0.0,0.0,141.66305526141699,Rural,Low,9.0,0.0,0.0,141.66305526141699,Rural,Low
USC00417947,29.4703,-98.4728,SAN ANTONIO INCARNATE WORD,9.0,0.0,0.0,220.471813325961,Inland,Low,9.0,0.0,0.0,220.471813325961,Inland,Low
USC00417951,31.5192,-94.1186,SAN AUGUSTINE,9.0,0.0,0.0,200.7120020018751,Rural,Low,9.0,2.0,22.22,200.7120020018751,Rural,High
USC00417981,26.565,-98.1189,SAN MANUEL,9.0,9.0,100.0,70.67168641756786,Rural,High,9.0,0.0,0.0,70.67168641756786,Rural,Low
USC00417983,29.8833,-97.9494,SAN MARCOS,9.0,0.0,0.0,206.35635100858627,Inland,Low,9.0,0.0,0.0,206.35635100858627,Inland,Low
USC00418050,26.0825,-98.1353,SANTA ANA NWR,,,,,,,9.0,0.0,0.0,87.22451202024739,Rural,Low
USC00418059,26.2656,-97.8714,SANTA ROSA 3 WNW,9.0,0.0,0.0,50.82060684996315,Rural,Low,9.0,0.0,0.0,50.82060684996315,Rural,Low
USC00418081,27.2169,-97.6956,SARITA 7 E,9.0,0.0,0.0,6.627657112977028,Coastal,Low,9.0,0.0,0.0,6.627657112977028,Coastal,Low
USC00418126,29.6825,-96.8564,SCHULENBURG,9.0,0.0,0.0,123.64784980513987,Rural,Low,9.0,0.0,0.0,123.64784980513987,Rural,Low
USC00418187,29.5519,-97.9703,SEGUIN 1 SSW,9.0,0.0,0.0,180.42750159779538,Rural,Low,9.0,0.0,0.0,180.42750159779538,Rural,Low
USC00418311,30.3703,-94.2019,SILSBEE 4 N,9.0,0.0,0.0,62.77838064278458,Rural,Low,9.0,2.0,22.22,62.77838064278458,Rural,High
USC00418354,28.1011,-97.5689,SINTON,9.0,0.0,0.0,28.919197741646023,Coastal,Low,9.0,9.0,100.0,28.919197741646023,Coastal,High
USC00418415,30.0092,-97.1644,SMITHVILLE,9.0,0.0,0.0,173.150896124512,Rural,Low,9.0,0.0,0.0,173.150896124512,Rural,Low
USC00418446,30.3367,-96.5403,SOMERVILLE DAM,9.0,0.0,0.0,182.03239191789257,Rural,Low,9.0,0.0,0.0,182.03239191789257,Rural,Low
USC00418487,26.1375,-97.1742,S PADRE IS,9.0,0.0,0.0,0.9965323636526598,Coastal,Low,9.0,0.0,0.0,0.9965323636526598,Coastal,Low
USC00418519,29.2728,-96.6858,SPEAKS 2,9.0,0.0,0.0,69.23216266534165,Rural,Low,9.0,0.0,0.0,69.23216266534165,Rural,Low
USC00418531,30.4814,-98.1606,SPICEWOOD,9.0,0.0,0.0,280.26965299758234,Rural,Low,9.0,0.0,0.0,280.26965299758234,Rural,Low
USC00418544,29.8653,-98.3797,SPRING BRANCH 2SE,9.0,0.0,0.0,240.9366079799284,Rural,Low,9.0,0.0,0.0,240.9366079799284,Rural,Low
USC00418646,31.0372,-97.5283,STILLHOUSE HOLLOW DAM,9.0,0.0,0.0,311.9753660993423,Rural,Low,9.0,0.0,0.0,311.9753660993423,Rural,Low
USC00418658,29.3258,-97.9753,STOCKDALE 6N,9.0,0.0,0.0,165.81956080950695,Rural,Low,9.0,0.0,0.0,165.81956080950695,Rural,Low
USC00418696,32.6592,-98.4678,STRAWN 8 NNE,9.0,0.0,0.0,536.6572873935282,Rural,Low,9.0,0.0,0.0,536.6572873935282,Rural,Low
USC00418728,29.6197,-95.6575,SUGAR LAND,9.0,2.0,22.22,67.1294816887027,Inland,High,9.0,1.0,11.11,67.1294816887027,Inland,High
USC00418743,33.1481,-95.6269,SULPHUR SPRINGS,9.0,0.0,0.0,448.1442571496377,Rural,Low,9.0,0.0,0.0,448.1442571496377,Rural,Low
USC00418862,30.5844,-97.4156,TAYLOR 1NW,9.0,0.0,0.0,252.39192171714316,Rural,Low,9.0,0.0,0.0,252.39192171714316,Rural,Low
USC00418929,32.7336,-96.3225,TERRELL,9.0,0.0,0.0,413.5021039370841,Rural,Low,9.0,0.0,0.0,413.5021039370841,Rural,Low
USC00418942,33.4367,-94.0772,TEXARKANA,9.0,0.0,0.0,452.2734716914365,Inland,Low,9.0,0.0,0.0,452.2734716914365,Inland,Low
USC00418996,29.4822,-95.6314,THOMPSONS 3 WSW,9.0,0.0,0.0,62.04905388806703,Rural,Low,9.0,0.0,0.0,62.04905388806703,Rural,Low
USC00419001,30.6147,-97.2086,THORNDALE,9.0,0.0,0.0,249.3729901100689,Rural,Low,9.0,0.0,0.0,249.3729901100689,Rural,Low
USC00419004,31.3917,-96.5656,THORNTON 1SSE,9.0,0.0,0.0,271.0189848560295,Rural,Low,9.0,0.0,0.0,271.0189848560295,Rural,Low
USC00419007,28.5806,-98.1186,THREE RIVERS 9 NE,9.0,0.0,0.0,111.41284400346217,Rural,Low,9.0,0.0,0.0,111.41284400346217,Rural,Low
USC00419068,31.175,-93.5653,TOLEDO BEND DAM,9.0,0.0,0.0,155.86712510952964,Rural,Low,,,,,,
USC00419076,30.1003,-95.6114,TOMBALL,9.0,0.0,0.0,76.81992850362928,Inland,Low,9.0,0.0,0.0,76.81992850362928,Inland,Low
USC00419099,30.8836,-98.4708,TOW,9.0,0.0,0.0,342.6575443620428,Rural,Low,9.0,0.0,0.0,342.6575443620428,Rural,Low
USC00419101,30.7931,-94.1819,TOWN BLUFF DAM,9.0,0.0,0.0,110.2981732079969,Rural,Low,9.0,2.0,22.22,110.2981732079969,Rural,High
USC00419125,33.4311,-96.3397,TRENTON,9.0,0.0,0.0,502.12982244824116,Rural,Low,9.0,0.0,0.0,502.12982244824116,Rural,Low
USC00419153,31.2061,-97.2956,TROY,9.0,0.0,0.0,312.65376295376325,Rural,Low,9.0,0.0,0.0,312.65376295376325,Rural,Low
USC00419207,32.3008,-95.3103,TYLER,9.0,0.0,0.0,332.06862735822796,Inland,Low,9.0,0.0,0.0,332.06862735822796,Inland,Low
USC00419282,31.6606,-97.4661,VALLEY MILLS,9.0,0.0,0.0,365.2647580033817,Rural,Low,9.0,9.0,100.0,365.2647580033817,Rural,High
USC00419361,28.8608,-97.0181,VICTORIA FIRE DEPT #5,9.0,0.0,0.0,44.14083318280366,Coastal,Low,9.0,0.0,0.0,44.14083318280366,Coastal,Low
USC00419367,28.8439,-96.9214,VICTORIA RGNL AP,9.0,0.0,0.0,33.42545892707674,Coastal,Low,9.0,0.0,0.0,33.42545892707674,Coastal,Low
USC00419415,31.5481,-97.2072,WACO,9.0,0.0,0.0,334.2162027563884,Inland,Low,9.0,9.0,100.0,334.2162027563884,Inland,High
USC00419417,31.6003,-97.2169,WACO DAM,9.0,0.0,0.0,339.7656542748893,Inland,Low,9.0,0.0,0.0,339.7656542748893,Inland,Low
USC00419491,30.3236,-96.1594,WASHINGTON SP,9.0,0.0,0.0,143.64613587802666,Rural,Low,9.0,2.0,22.22,143.64613587802666,Rural,High
USC00419503,32.525,-95.1306,WATERS BLUFF,9.0,2.0,22.22,358.6831716358293,Rural,High,9.0,9.0,100.0,358.6831716358293,Rural,High
USC00419504,30.9297,-98.0219,WATSON,9.0,0.0,0.0,320.9440894042117,Rural,Low,9.0,0.0,0.0,320.9440894042117,Rural,Low
USC00419522,32.4281,-96.8422,WAXAHACHIE,9.0,0.0,0.0,401.19235942867647,Inland,Low,9.0,9.0,100.0,401.19235942867647,Inland,High
USC00419532,32.7478,-97.7703,WEATHERFORD,9.0,0.0,0.0,493.9653283153676,Rural,Low,9.0,0.0,0.0,493.9653283153676,Rural,Low
USC00419559,28.1136,-97.4178,WELDER WILDLIFE FOUNDATION,9.0,0.0,0.0,22.827170224880437,Coastal,Low,9.0,0.0,0.0,22.827170224880437,Coastal,Low
USC00419588,26.1781,-97.9708,WESLACO,9.0,3.0,33.33,65.47634183853752,Inland,High,9.0,9.0,100.0,65.47634183853752,Inland,High
USC00419593,31.8119,-97.0797,W,9.0,0.0,0.0,349.7774263021035,Rural,Low,9.0,0.0,0.0,349.7774263021035,Rural,Low
USC00419655,29.3178,-96.0847,WHARTON,9.0,9.0,100.0,80.21343767662054,Rural,High,9.0,0.0,0.0,80.21343767662054,Rural,Low
USC00419708,32.2039,-95.2342,WHITEHOUSE 3 S,9.0,0.0,0.0,318.12713141495425,Rural,Low,9.0,9.0,100.0,318.12713141495425,Rural,High
USC00419709,32.5164,-94.8914,WHITE OAK 1 WSW,9.0,0.0,0.0,349.1168161261212,Rural,Low,9.0,0.0,0.0,349.1168161261212,Rural,Low
USC00419715,31.8611,-97.375,WHITNEY DAM,9.0,0.0,0.0,376.4970326097148,Rural,Low,9.0,0.0,0.0,376.4970326097148,Rural,Low
USC00419717,28.6314,-98.2775,WHITSETT,9.0,0.0,0.0,127.5610066193544,Rural,Low,9.0,0.0,0.0,127.5610066193544,Rural,Low
USC00419754,30.5347,-94.4456,WILDWOOD,9.0,9.0,100.0,96.5750736258083,Rural,High,9.0,0.0,0.0,96.5750736258083,Rural,Low
USC00419800,32.7019,-96.015,WILLS PT,9.0,0.0,0.0,399.04044853596145,Rural,Low,9.0,0.0,0.0,399.04044853596145,Rural,Low
USC00419815,30.0017,-98.1047,WIMBERLEY 1 NW,9.0,0.0,0.0,229.3276518357744,Rural,Low,9.0,0.0,0.0,229.3276518357744,Rural,Low
USC00419836,33.025,-95.2411,WINNSBORO 5 NNE,9.0,0.0,0.0,425.7827998689305,Rural,Low,9.0,0.0,0.0,425.7827998689305,Rural,Low
USC00419859,33.3675,-96.0675,WOLFE CITY,9.0,9.0,100.0,486.0832478452818,Rural,High,9.0,0.0,0.0,486.0832478452818,Rural,Low
USC00419898,30.7678,-94.4117,WOODVILLE,9.0,0.0,0.0,118.38706936925965,Rural,Low,9.0,2.0,22.22,118.38706936925965,Rural,High
USC00419916,33.3039,-94.1583,WRIGHT PATMAN DM & LK,9.0,0.0,0.0,435.20893387170526,Rural,Low,9.0,0.0,0.0,435.20893387170526,Rural,Low
USC00419952,29.2739,-97.1556,YOAKUM,9.0,9.0,100.0,89.18698245868663,Rural,High,9.0,9.0,100.0,89.18698245868663,Rural,High
USC00419953,28.9803,-97.5186,YORKTOWN,9.0,0.0,0.0,101.71037712321622,Rural,Low,9.0,0.0,0.0,101.71037712321622,Rural,Low
USC00419962,30.9597,-97.7183,YOUNGSPORT,9.0,0.0,0.0,309.9111695085341,Rural,Low,9.0,0.0,0.0,309.9111695085341,Rural,Low
USW00003855,30.35,-87.3167,PENSACOLA FOREST SHERMAN NAS,9.0,9.0,100.0,0.8511969806850274,Coastal,High,9.0,0.0,0.0,0.8511969806850274,Coastal,Low
USW00003866,32.55,-88.5667,MERIDIAN NAAS,9.0,1.0,11.11,244.40526762929468,Rural,High,9.0,1.0,11.11,244.40526762929468,Rural,High
USW00003881,32.8661,-87.2383,CENTREVILLE 6 SW,9.0,0.0,0.0,292.23636740521766,Rural,Low,9.0,0.0,0.0,292.23636740521766,Rural,Low
USW00003901,32.3908,-94.7139,LONGVIEW E TX RGNL AP,9.0,0.0,0.0,327.20941146729166,Rural,Low,9.0,0.0,0.0,327.20941146729166,Rural,Low
USW00003902,31.0667,-97.8333,ROBERT GRAY AAF,9.0,9.0,100.0,327.71972320098894,Rural,High,9.0,9.0,100.0,327.71972320098894,Rural,High
USW00003904,30.5911,-96.3631,COLLEGE STN EASTERWOOD FLD,9.0,0.0,0.0,181.73962832254668,Rural,Low,9.0,0.0,0.0,181.73962832254668,Rural,Low
USW00003927,32.8975,-97.0219,DAL-FTW WSCMO AP,9.0,0.0,0.0,465.19525262421826,Inland,Low,9.0,0.0,0.0,465.19525262421826,Inland,Low
USW00003931,31.05,-93.1833,FT POLK AAF,9.0,9.0,100.0,153.0798508843436,Rural,High,9.0,9.0,100.0,153.0798508843436,Rural,High
USW00003933,31.1333,-97.7167,FT HOOD,9.0,9.0,100.0,330.7927050994463,Inland,High,9.0,9.0,100.0,330.7927050994463,Inland,High
USW00003937,30.1253,-93.2158,LAKE CHARLES,9.0,0.0,0.0,45.02066196609003,Coastal,Low,9.0,0.0,0.0,45.02066196609003,Coastal,Low
USW00003940,32.3197,-90.0778,JACKSON INTL AP,9.0,0.0,0.0,251.77171765120653,Inland,Low,9.0,0.0,0.0,251.77171765120653,Inland,Low
USW00003951,32.35,-94.65,LONGVIEW WSMO,9.0,0.0,0.0,320.0290926744843,Rural,Low,9.0,0.0,0.0,320.0290926744843,Rural,Low
USW00003969,32.2153,-98.1775,STEPHENVILLE CLARK FLD,9.0,0.0,0.0,472.8106322912161,Rural,Low,9.0,0.0,0.0,472.8106322912161,Rural,Low
USW00003971,32.6781,-96.8678,DALLAS REDBIRD AP,9.0,0.0,0.0,431.489657407083,Inland,Low,9.0,0.0,0.0,431.489657407083,Inland,Low
USW00003991,33.2089,-97.1992,DENTON MUNICPAL AP,9.0,0.0,0.0,510.9782858793192,Rural,Low,9.0,0.0,0.0,510.9782858793192,Rural,Low
USW00003996,32.3481,-91.03,TALLULAH VICKSBURG RGNL AP,9.0,0.0,0.0,270.9695532045042,Rural,Low,9.0,0.0,0.0,270.9695532045042,Rural,Low
USW00003999,30.7406,-98.2353,BURNET MUNI AP,9.0,0.0,0.0,312.3754901337615,Rural,Low,9.0,0.0,0.0,312.3754901337615,Rural,Low
USW00012884,29.3331,-89.4075,BOOTHVILLE ASOS,9.0,0.0,0.0,4.823691574257101,Coastal,Low,9.0,9.0,100.0,4.823691574257101,Coastal,High
USW00012904,26.2303,-97.6556,HARLINGEN RIO GRANDE VLY INTL,9.0,0.0,0.0,33.02669303355368,Coastal,Low,9.0,0.0,0.0,33.02669303355368,Coastal,Low
USW00012911,29.5325,-98.2622,RANDOLPH AFB,9.0,9.0,100.0,206.4976017515086,Rural,High,9.0,9.0,100.0,206.4976017515086,Rural,High
USW00012912,28.8625,-96.93,VICTORIA RGNL AP,9.0,0.0,0.0,35.35528585380051,Coastal,Low,9.0,0.0,0.0,35.35528585380051,Coastal,Low
USW00012916,29.9975,-90.2778,NEW ORLEANS AP,9.0,0.0,0.0,7.408916416330485,Coastal,Low,9.0,0.0,0.0,7.408916416330485,Coastal,Low
USW00012917,29.9519,-94.0261,PORT ARTHUR SE TX RGNL AP,9.0,0.0,0.0,15.36387877338244,Coastal,Low,9.0,0.0,0.0,15.36387877338244,Coastal,Low
USW00012918,29.6458,-95.2822,HOUSTON WILLIAM P HOBBY AP,9.0,0.0,0.0,25.757559383378798,Coastal,Low,9.0,0.0,0.0,25.757559383378798,Coastal,Low
USW00012921,29.5442,-98.4839,SAN ANTONIO INTL AP,9.0,0.0,0.0,228.44748173649788,Inland,Low,9.0,0.0,0.0,228.44748173649788,Inland,Low
USW00012923,29.2703,-94.8642,GALVESTON SCHOLES FLD,9.0,0.0,0.0,2.1854936037004644,Coastal,Low,9.0,2.0,22.22,2.1854936037004644,Coastal,High
USW00012924,27.7839,-97.5114,CORPUS CHRISTI,9.0,0.0,0.0,7.010734117160782,Coastal,Low,9.0,0.0,0.0,7.010734117160782,Coastal,Low
USW00012926,27.6878,-97.2917,CORPUS CHRISTI NAS,9.0,0.0,0.0,3.3385722533268614,Coastal,Low,9.0,0.0,0.0,3.3385722533268614,Coastal,Low
USW00012928,27.5089,-97.8042,KINGSVILLE NAAS,9.0,1.0,11.11,6.066642572788744,Coastal,High,9.0,2.0,22.22,6.066642572788744,Coastal,High
USW00012930,29.9167,-90.1303,NEW ORLEANS AUDUBON,9.0,0.0,0.0,13.86568878074826,Coastal,Low,9.0,0.0,0.0,13.86568878074826,Coastal,Low
USW00012932,27.7414,-98.025,ALICE INTL AP,9.0,0.0,0.0,44.207019572386514,Coastal,Low,9.0,0.0,0.0,44.207019572386514,Coastal,Low
USW00012935,28.7247,-96.2536,PALACIOS MUNI AP,9.0,0.0,0.0,4.630631047083237,Coastal,Low,9.0,0.0,0.0,4.630631047083237,Coastal,Low
USW00012944,29.3,-94.8,GALVESTON,9.0,3.0,33.33,1.6169210236419438,Coastal,High,9.0,9.0,100.0,1.6169210236419438,Coastal,High
USW00012946,27.7,-97.4333,CORPUS CHRISTI CABANISS FLD,9.0,9.0,100.0,9.759142574676146,Coastal,High,9.0,9.0,100.0,9.759142574676146,Coastal,High
USW00012957,26.1597,-97.3378,PORT ISABEL CAMERON CO AP,9.0,0.0,0.0,2.5538525042641984,Coastal,Low,9.0,0.0,0.0,2.5538525042641984,Coastal,Low
USW00012958,29.8167,-90.0167,NEW ORLEANS ALVIN CALLENDER FL,9.0,0.0,0.0,28.21671449214476,Coastal,Low,9.0,9.0,100.0,28.21671449214476,Coastal,High
USW00012959,26.1792,-98.2444,MCALLEN MILLER INTL AP,9.0,0.0,0.0,93.46156808022684,Inland,Low,9.0,0.0,0.0,93.46156808022684,Inland,Low
USW00012960,29.9844,-95.3608,HOUSTON INTERCONTINENTAL AP,9.0,0.0,0.0,45.68224787481175,Coastal,Low,9.0,0.0,0.0,45.68224787481175,Coastal,Low
USW00012968,29.5589,-91.525,SALT PT,9.0,0.0,0.0,2.0086984275442448,Coastal,Low,9.0,4.0,44.44,2.0086984275442448,Coastal,High
USW00012970,29.3389,-98.4719,SAN ANTONIO STINSON MUNI AP,9.0,0.0,0.0,208.08969514042707,Rural,Low,9.0,0.0,0.0,208.08969514042707,Rural,Low
USW00012971,29.7042,-98.0286,AUSTIN SAN ANTONIO,9.0,0.0,0.0,197.40999663853083,Rural,Low,9.0,0.0,0.0,197.40999663853083,Rural,Low
USW00012972,28.0836,-97.0467,ROCKPORT ARANSAS CO AP,9.0,0.0,0.0,1.3394449354234221,Coastal,Low,9.0,0.0,0.0,1.3394449354234221,Coastal,Low
USW00012975,29.5192,-95.2422,HOUSTON CLOVER FLD,9.0,0.0,0.0,24.47660016098533,Coastal,Low,9.0,2.0,22.22,24.47660016098533,Coastal,High
USW00012976,29.1153,-95.4633,ANGLETON LK JACKSON BRAZORIA C,9.0,0.0,0.0,28.21992940092231,Coastal,Low,9.0,0.0,0.0,28.21992940092231,Coastal,Low
USW00012977,29.6197,-95.6575,HOUSTON SUGARLAND MEM,9.0,0.0,0.0,67.1294816887027,Inland,Low,9.0,0.0,0.0,67.1294816887027,Inland,Low
USW00012987,26.5258,-98.0633,EDINBURG 17 NNE,9.0,0.0,0.0,65.85691950194777,Rural,Low,9.0,0.0,0.0,65.85691950194777,Rural,Low
USW00013833,31.2694,-89.2561,HATTIESBURG CHAIN MUNI AP,9.0,0.0,0.0,113.21214927043422,Rural,Low,9.0,0.0,0.0,113.21214927043422,Rural,Low
USW00013838,30.6147,-88.0631,MOBILE DWTN AP,9.0,0.0,0.0,0.3637224962312743,Coastal,Low,9.0,2.0,22.22,0.3637224962312743,Coastal,High
USW00013865,32.3347,-88.7508,MERIDIAN KEY FLD,9.0,0.0,0.0,223.48975332022138,Inland,Low,9.0,0.0,0.0,223.48975332022138,Inland,Low
USW00013894,30.6794,-88.24,MOBILE,9.0,0.0,0.0,21.022891422642527,Coastal,Low,9.0,0.0,0.0,21.022891422642527,Coastal,Low
USW00013899,30.4761,-87.1858,PENSACOLA RGNL AP,9.0,0.0,0.0,2.9495658958849007,Coastal,Low,9.0,0.0,0.0,2.9495658958849007,Coastal,Low
USW00013904,30.1831,-97.68,AUSTIN BERGSTROM INTL AP,9.0,0.0,0.0,218.29445078218367,Rural,Low,9.0,0.0,0.0,218.29445078218367,Rural,Low
USW00013911,32.7667,-97.45,FT WORTH NAS,9.0,0.0,0.0,475.03310672892366,Inland,Low,9.0,0.0,0.0,475.03310672892366,Inland,Low
USW00013927,32.3375,-90.2214,JACKSON HAWKINS FLD,9.0,0.0,0.0,253.83469380249616,Inland,Low,9.0,0.0,0.0,253.83469380249616,Inland,Low
USW00013935,31.3964,-92.2828,ALEXANDRIA ESLER FLD,9.0,0.0,0.0,205.07404105565521,Rural,Low,9.0,0.0,0.0,205.07404105565521,Rural,Low
USW00013939,33.4939,-90.9806,GREENVILLE ASOS,9.0,0.0,0.0,416.22321470811835,Rural,Low,9.0,0.0,0.0,416.22321470811835,Rural,Low
USW00013942,32.5156,-92.03,MONROE RGNL AP,9.0,0.0,0.0,342.90671542714006,Rural,Low,9.0,0.0,0.0,342.90671542714006,Rural,Low
USW00013957,32.4508,-93.8414,SHREVEPORT,9.0,0.0,0.0,320.7942061696202,Inland,Low,9.0,0.0,0.0,320.7942061696202,Inland,Low
USW00013958,30.3208,-97.7603,AUSTIN-CAMP MABRY,9.0,0.0,0.0,238.0969344449443,Inland,Low,9.0,0.0,0.0,238.0969344449443,Inland,Low
USW00013959,31.6181,-97.2283,WACO RGNL AP,9.0,0.0,0.0,342.3067999311974,Rural,Low,9.0,0.0,0.0,342.3067999311974,Rural,Low
USW00013960,32.8383,-96.8358,DALLAS FAA AP,9.0,0.0,0.0,448.74782600629555,Inland,Low,9.0,0.0,0.0,448.74782600629555,Inland,Low
USW00013961,32.8247,-97.3642,FT WORTH MEACHAM FLD,9.0,0.0,0.0,476.1768651076316,Inland,Low,9.0,0.0,0.0,476.1768651076316,Inland,Low
USW00013970,30.5378,-91.1469,BATON ROUGE METRO AP,9.0,0.0,0.0,91.77106874808206,Inland,Low,9.0,0.0,0.0,91.77106874808206,Inland,Low
USW00013972,32.3586,-95.4039,TYLER POUNDS FLD,9.0,0.0,0.0,341.3042700880062,Rural,Low,9.0,0.0,0.0,341.3042700880062,Rural,Low
USW00013976,30.1986,-91.9894,LAFAYETTE RGNL AP,9.0,0.0,0.0,47.02804039535471,Coastal,Low,9.0,0.0,0.0,47.02804039535471,Coastal,Low
USW00013977,33.4561,-93.9878,TEXARKANA WEBB FLD,9.0,0.0,0.0,454.42300833919893,Rural,Low,9.0,0.0,0.0,454.42300833919893,Rural,Low
USW00013978,33.4961,-90.0894,GREENWOOD LEFLORE AP,9.0,0.0,0.0,407.6067918936547,Rural,Low,9.0,0.0,0.0,407.6067918936547,Rural,Low
USW00053820,31.4192,-87.0483,EVERGREEN MIDDLETON FLD,9.0,0.0,0.0,105.47392889634948,Rural,Low,9.0,0.0,0.0,105.47392889634948,Rural,Low
USW00053858,30.4631,-88.5317,PASCAGOULA LOTT INTL AP,9.0,0.0,0.0,11.008168330194778,Coastal,Low,9.0,0.0,0.0,11.008168330194778,Coastal,Low
USW00053865,30.3436,-89.8225,SLIDELL AP,9.0,0.0,0.0,11.882185088079797,Coastal,Low,9.0,0.0,0.0,11.882185088079797,Coastal,Low
USW00053902,30.3611,-95.4175,CONROE MONTGOMERY CO AP,9.0,0.0,0.0,88.51724494731131,Inland,Low,9.0,0.0,0.0,88.51724494731131,Inland,Low
USW00053903,30.7444,-95.5867,HUNTSVILLE MUNI AP,9.0,0.0,0.0,141.30946076424596,Rural,Low,9.0,0.0,0.0,141.30946076424596,Rural,Low
USW00053905,32.5397,-93.7461,SHREVEPORT DWTN AP,9.0,0.0,0.0,332.6155793862909,Inland,Low,9.0,0.0,0.0,332.6155793862909,Inland,Low
USW00053907,32.6583,-97.095,ARLINGTON MUNI AP,9.0,0.0,0.0,441.65208284628716,Inland,Low,9.0,0.0,0.0,441.65208284628716,Inland,Low
USW00053909,32.9944,-97.3203,FT WORTH ALLIANCE AP,9.0,0.0,0.0,492.7365263780365,Rural,Low,9.0,0.0,0.0,492.7365263780365,Rural,Low
USW00053910,30.0681,-95.5564,HOUSTON HOOKS MEM AP,9.0,0.0,0.0,69.43164376111535,Rural,Low,9.0,0.0,0.0,69.43164376111535,Rural,Low
USW00053911,32.7131,-96.2689,TERRELL MUNI AP,9.0,0.0,0.0,408.939478035488,Rural,Low,9.0,0.0,0.0,408.939478035488,Rural,Low
USW00053912,32.0317,-96.3994,CORSICANA CAMPBELL FLD,9.0,0.0,0.0,331.86394037128156,Rural,Low,9.0,0.0,0.0,331.86394037128156,Rural,Low
USW00053914,33.1828,-96.59,MCKINNEY MUNI AP,9.0,0.0,0.0,479.74829985041106,Rural,Low,9.0,0.0,0.0,479.74829985041106,Rural,Low
USW00053915,30.0292,-91.8844,NEW IBERIA AP - ACADIANA RGNL,9.0,0.0,0.0,24.630692322565043,Coastal,Low,9.0,1.0,11.11,24.630692322565043,Coastal,High
USW00053917,30.0494,-90.0289,NEW ORLEANS LAKEFRONT AP,9.0,0.0,0.0,0.9313337538305275,Coastal,Low,9.0,9.0,100.0,0.9313337538305275,Coastal,High
USW00053960,30.0917,-91.8731,LAFAYETTE 13 SE,9.0,0.0,0.0,32.72883871047339,Coastal,Low,9.0,0.0,0.0,32.72883871047339,Coastal,Low
USW00053961,32.8833,-92.1164,MONROE 26 N,9.0,0.0,0.0,388.5357686758225,Rural,Low,9.0,1.0,11.11,388.5357686758225,Rural,High
USW00053968,31.7797,-95.7233,PALESTINE 6 WNW,9.0,0.0,0.0,273.40670447070005,Rural,Low,9.0,0.0,0.0,273.40670447070005,Rural,Low
USW00053972,32.0836,-97.0972,HILLSBORO MUNI AP,9.0,9.0,100.0,378.8772532192456,Rural,High,9.0,9.0,100.0,378.8772532192456,Rural,High
USW00063831,32.3378,-89.0703,NEWTON 5 ENE,9.0,0.0,0.0,238.93462514651128,Rural,Low,9.0,0.0,0.0,238.93462514651128,Rural,Low
USW00063858,32.4567,-87.2422,SELMA 13 WNW,,,,,,,9.0,0.0,0.0,240.91023179329653,Rural,Low
USW00093806,33.2122,-87.6156,TUSCALOOSA AP ASOS,9.0,0.0,0.0,328.03517030431567,Inland,Low,9.0,1.0,11.11,328.03517030431567,Inland,High
USW00093841,30.7167,-87.0167,WHITING FLD NAS,9.0,9.0,100.0,14.227094899471979,Coastal,High,9.0,1.0,11.11,14.227094899471979,Coastal,High
USW00093874,30.4122,-89.0808,GULFPORT - BILOXI AP,9.0,0.0,0.0,6.137959431997792,Coastal,Low,9.0,0.0,0.0,6.137959431997792,Coastal,Low
USW00093904,32.8167,-97.35,FT WORTH MEACHAM FLD NAAF,9.0,9.0,100.0,474.4315163681591,Inland,High,9.0,9.0,100.0,474.4315163681591,Inland,High
USW00093914,31.7831,-95.6039,PALESTINE 2 NE,9.0,0.0,0.0,270.51173654810935,Inland,Low,9.0,0.0,0.0,270.51173654810935,Inland,Low
USW00093915,31.3347,-92.5586,ALEXANDRIA INTL AP,9.0,0.0,0.0,204.5639625211032,Rural,Low,9.0,0.0,0.0,204.5639625211032,Rural,Low
USW00093919,31.1822,-90.4719,MCCOMB AP,9.0,0.0,0.0,106.64400973320105,Rural,Low,9.0,0.0,0.0,106.64400973320105,Rural,Low
USW00093985,32.7817,-98.0603,MINERAL WELLS AP,9.0,0.0,0.0,517.7875894090548,Rural,Low,9.0,0.0,0.0,517.7875894090548,Rural,Low
USW00093987,31.2358,-94.7547,LUFKIN ANGELINA CO AP,9.0,0.0,0.0,187.82859293779262,Rural,Low,9.0,0.0,0.0,187.82859293779262,Rural,Low
USW00093992,33.2208,-92.8142,EL DORADO GOODWIN FLD,9.0,0.0,0.0,436.71171384539906,Rural,Low,9.0,0.0,0.0,436.71171384539906,Rural,Low
