Region,mean,std,count
Coastal,28.213103448275863,38.179786935234965,203
Inland,27.275,38.57267491372617,2
Rural,30.027191455696205,38.980672549440484,1264
