Event,Before_mean_missing,After_mean_missing,Delta_mean_missing
Harvey,28.660523690773065,29.59429594272077,0.9337722519477047
