Region,mean,std,count
Coastal,18.0553125,36.44385845727689,32
Inland,66.66666666666667,49.236596391733094,12
Rural,18.620816864295126,36.821016510298044,759
