Date,ID,Value,Neighbor_Estimate,Residual,Robust_Z,Suspect
2005-09-18,US1TXDA0001,0,0.0,0.0,0.0,False
2005-09-18,US1TXMTG001,0,0.08,-0.08,-1.81,False
2005-09-18,US1TXUP0001,0,0.0,0.0,0.0,False
2005-09-18,USC00010140,0,0.08,-0.08,-1.9,False
2005-09-18,USC00010178,0,11.73,-11.73,-262.47,True
2005-09-18,USC00010184,0,10.88,-10.88,-243.45,True
2005-09-18,USC00010402,0,0.19,-0.19,-4.3,True
2005-09-18,USC00010505,0,70.76,-70.76,-1582.74,True
2005-09-18,USC00010583,0,0.09,-0.09,-2.12,False
2005-09-18,USC00010764,0,75.91,-75.91,-1697.93,True
2005-09-18,USC00011080,0,0.25,-0.25,-5.7,True
2005-09-18,USC00011084,0,0.2,-0.2,-4.41,True
2005-09-18,USC00011143,483,0.0,483.0,10803.44,True
2005-09-18,USC00011566,0,0.0,0.0,0.0,False
2005-09-18,USC00011690,0,0.2,-0.2,-4.48,True
2005-09-18,USC00011803,0,0.0,0.0,0.0,False
2005-09-18,USC00011810,0,0.0,0.0,0.0,False
2005-09-18,USC00012172,0,0.0,0.0,0.0,False
2005-09-18,USC00012245,0,9.85,-9.85,-220.21,True
2005-09-18,USC00012813,0,0.0,0.0,0.0,False
2005-09-18,USC00013160,0,9.96,-9.96,-222.76,True
2005-09-18,USC00013511,0,14.44,-14.44,-323.01,True
2005-09-18,USC00013930,0,73.39,-73.39,-1641.46,True
2005-09-18,USC00014193,0,0.1,-0.1,-2.3,False
2005-09-18,USC00014798,0,0.26,-0.26,-5.88,True
2005-09-18,USC00015121,0,6.55,-6.55,-146.46,True
2005-09-18,USC00015420,0,0.11,-0.11,-2.56,False
2005-09-18,USC00015658,0,24.31,-24.31,-543.64,True
2005-09-18,USC00016847,0,19.51,-19.51,-436.28,True
2005-09-18,USC00016988,0,0.0,0.0,0.0,False
2005-09-18,USC00017366,0,18.17,-18.17,-406.43,True
2005-09-18,USC00018178,0,0.1,-0.1,-2.2,False
2005-09-18,USC00018380,0,18.96,-18.96,-424.04,True
2005-09-18,USC00018385,0,19.65,-19.65,-439.46,True
2005-09-18,USC00018446,0,13.82,-13.82,-309.1,True
2005-09-18,USC00018637,0,0.31,-0.31,-7.04,True
2005-09-18,USC00018673,0,12.52,-12.52,-280.05,True
2005-09-18,USC00018809,0,59.19,-59.19,-1323.86,True
2005-09-18,USC00018867,0,0.13,-0.13,-2.88,False
2005-09-18,USC00031140,0,0.1,-0.1,-2.27,False
2005-09-18,USC00031730,0,0.65,-0.65,-14.64,True
2005-09-18,USC00032355,13,0.14,12.86,287.56,True
2005-09-18,USC00032475,0,0.55,-0.55,-12.34,True
2005-09-18,USC00034185,0,0.0,0.0,0.0,False
2005-09-18,USC00034548,0,0.0,0.0,0.0,False
2005-09-18,USC00034936,0,0.11,-0.11,-2.47,False
2005-09-18,USC00035866,0,1.44,-1.44,-32.24,True
2005-09-18,USC00085793,0,0.13,-0.13,-2.81,False
2005-09-18,USC00086999,0,0.07,-0.07,-1.56,False
2005-09-18,USC00160007,292,24.36,267.64,5986.34,True
2005-09-18,USC00160016,0,113.08,-113.08,-2529.39,True
2005-09-18,USC00160021,439,10.07,428.93,9594.0,True
2005-09-18,USC00160098,0,13.12,-13.12,-293.51,True
2005-09-18,USC00160103,0,12.95,-12.95,-289.71,True
2005-09-18,USC00160205,0,16.91,-16.91,-378.13,True
2005-09-18,USC00160238,0,17.74,-17.74,-396.79,True
2005-09-18,USC00160277,0,0.03,-0.03,-0.68,False
2005-09-18,USC00160349,0,0.0,0.0,0.0,False
2005-09-18,USC00160462,0,9.12,-9.12,-204.04,True
2005-09-18,USC00160537,0,0.4,-0.4,-8.85,True
2005-09-18,USC00160546,0,10.7,-10.7,-239.35,True
2005-09-18,USC00160548,0,17.49,-17.49,-391.11,True
2005-09-18,USC00160558,0,15.27,-15.27,-341.6,True
2005-09-18,USC00160565,0,24.62,-24.62,-550.65,True
2005-09-18,USC00160617,0,20.29,-20.29,-453.91,True
2005-09-18,USC00160718,0,0.0,0.0,0.0,False
2005-09-18,USC00160800,0,0.03,-0.03,-0.58,False
2005-09-18,USC00161200,0,0.0,0.0,0.0,False
2005-09-18,USC00161232,0,7.85,-7.85,-175.62,True
2005-09-18,USC00161235,0,8.03,-8.03,-179.66,True
2005-09-18,USC00161246,0,20.0,-20.0,-447.24,True
2005-09-18,USC00161287,0,26.09,-26.09,-583.61,True
2005-09-18,USC00161365,8,22.27,-14.27,-319.17,True
2005-09-18,USC00161411,0,0.07,-0.07,-1.51,False
2005-09-18,USC00161535,33,25.56,7.44,166.3,True
2005-09-18,USC00161565,0,22.12,-22.12,-494.69,True
2005-09-18,USC00161866,51,26.8,24.2,541.35,True
2005-09-18,USC00161899,0,12.06,-12.06,-269.78,True
2005-09-18,USC00161941,0,8.49,-8.49,-189.93,True
2005-09-18,USC00161979,0,4.37,-4.37,-97.7,True
2005-09-18,USC00162002,0,35.44,-35.44,-792.6,True
2005-09-18,USC00162121,0,0.0,0.0,0.0,False
2005-09-18,USC00162151,0,27.7,-27.7,-619.53,True
2005-09-18,USC00162212,0,31.92,-31.92,-713.96,True
2005-09-18,USC00162350,0,14.96,-14.96,-334.56,True
2005-09-18,USC00162367,0,0.89,-0.89,-19.83,True
2005-09-18,USC00162534,3,28.07,-25.07,-560.83,True
2005-09-18,USC00162536,175,17.36,157.64,3525.99,True
2005-09-18,USC00162641,0,1.11,-1.11,-24.93,True
2005-09-18,USC00162812,0,12.17,-12.17,-272.18,True
2005-09-18,USC00162981,0,28.5,-28.5,-637.42,True
2005-09-18,USC00163079,0,0.11,-0.11,-2.42,False
2005-09-18,USC00163165,0,27.72,-27.72,-620.11,True
2005-09-18,USC00163313,0,33.39,-33.39,-746.89,True
2005-09-18,USC00163322,0,19.48,-19.48,-435.61,True
2005-09-18,USC00163433,0,47.63,-47.63,-1065.28,True
2005-09-18,USC00163695,0,29.3,-29.3,-655.35,True
2005-09-18,USC00163800,8,38.19,-30.19,-675.25,True
2005-09-18,USC00163804,0,0.0,0.0,0.0,False
2005-09-18,USC00163867,0,11.14,-11.14,-249.14,True
2005-09-18,USC00163877,0,0.0,0.0,0.0,False
2005-09-18,USC00163979,0,4.83,-4.83,-108.0,True
2005-09-18,USC00164034,0,22.52,-22.52,-503.67,True
2005-09-18,USC00164050,0,0.0,0.0,0.0,False
2005-09-18,USC00164131,0,0.03,-0.03,-0.77,False
2005-09-18,USC00164288,0,0.0,0.0,0.0,False
2005-09-18,USC00164355,0,0.03,-0.03,-0.77,False
2005-09-18,USC00164398,0,0.0,0.0,0.0,False
2005-09-18,USC00164407,251,28.9,222.1,4967.8,True
2005-09-18,USC00164573,0,11.72,-11.72,-262.08,True
2005-09-18,USC00164592,0,0.0,0.0,0.0,False
2005-09-18,USC00164674,3,30.25,-27.25,-609.56,True
2005-09-18,USC00164696,0,21.61,-21.61,-483.41,True
2005-09-18,USC00164700,56,22.31,33.69,753.49,True
2005-09-18,USC00164732,0,0.03,-0.03,-0.63,False
2005-09-18,USC00164735,0,0.03,-0.03,-0.59,False
2005-09-18,USC00164739,38,32.63,5.37,120.2,True
2005-09-18,USC00164775,0,53.78,-53.78,-1203.01,True
2005-09-18,USC00164816,0,0.0,0.0,0.0,False
2005-09-18,USC00164859,13,13.32,-0.32,-7.09,True
2005-09-18,USC00164931,0,0.0,0.0,0.0,False
2005-09-18,USC00165021,0,30.13,-30.13,-673.95,True
2005-09-18,USC00165065,0,29.13,-29.13,-651.55,True
2005-09-18,USC00165072,0,1.77,-1.77,-39.57,True
2005-09-18,USC00165074,0,1.67,-1.67,-37.28,True
2005-09-18,USC00165076,0,1.92,-1.92,-42.94,True
2005-09-18,USC00165090,0,1.4,-1.4,-31.26,True
2005-09-18,USC00165146,0,56.78,-56.78,-1270.04,True
2005-09-18,USC00165266,0,0.0,0.0,0.0,False
2005-09-18,USC00165287,0,0.0,0.0,0.0,False
2005-09-18,USC00165296,165,46.63,118.37,2647.57,True
2005-09-18,USC00165430,0,16.6,-16.6,-371.39,True
2005-09-18,USC00165438,0,18.59,-18.59,-415.88,True
2005-09-18,USC00165522,0,0.0,0.0,0.0,False
2005-09-18,USC00165620,94,10.77,83.23,1861.68,True
2005-09-18,USC00165630,0,14.91,-14.91,-333.54,True
2005-09-18,USC00165783,5,37.73,-32.73,-732.13,True
2005-09-18,USC00165874,0,0.0,0.0,0.0,False
2005-09-18,USC00165892,0,0.0,0.0,0.0,False
2005-09-18,USC00165896,0,0.0,0.0,0.0,False
2005-09-18,USC00165920,0,46.93,-46.93,-1049.76,True
2005-09-18,USC00166244,0,0.0,0.0,0.0,False
2005-09-18,USC00166314,0,0.79,-0.79,-17.71,True
2005-09-18,USC00166394,0,36.87,-36.87,-824.69,True
2005-09-18,USC00166431,0,1.71,-1.71,-38.14,True
2005-09-18,USC00166466,0,15.56,-15.56,-347.93,True
2005-09-18,USC00166561,0,27.44,-27.44,-613.76,True
2005-09-18,USC00166582,0,0.0,0.0,0.0,False
2005-09-18,USC00166657,5,11.93,-6.93,-154.92,True
2005-09-18,USC00166666,0,26.46,-26.46,-591.87,True
2005-09-18,USC00166686,0,13.71,-13.71,-306.61,True
2005-09-18,USC00166808,0,13.54,-13.54,-302.83,True
2005-09-18,USC00166836,0,12.7,-12.7,-284.09,True
2005-09-18,USC00166866,0,0.9,-0.9,-20.05,True
2005-09-18,USC00166868,0,0.62,-0.62,-13.8,True
2005-09-18,USC00166911,0,10.85,-10.85,-242.58,True
2005-09-18,USC00166938,0,12.19,-12.19,-272.58,True
2005-09-18,USC00166968,0,2.35,-2.35,-52.55,True
2005-09-18,USC00166978,0,13.17,-13.17,-294.68,True
2005-09-18,USC00166995,152,22.21,129.79,2903.0,True
2005-09-18,USC00167096,0,43.9,-43.9,-981.97,True
2005-09-18,USC00167304,0,15.24,-15.24,-340.9,True
2005-09-18,USC00167312,0,0.88,-0.88,-19.77,True
2005-09-18,USC00167344,0,0.0,0.0,0.0,False
2005-09-18,USC00167366,23,19.9,3.1,69.26,True
2005-09-18,USC00167425,25,27.04,-2.04,-45.53,True
2005-09-18,USC00167448,0,15.4,-15.4,-344.42,True
2005-09-18,USC00167590,0,0.03,-0.03,-0.67,False
2005-09-18,USC00167691,0,1.71,-1.71,-38.27,True
2005-09-18,USC00167729,427,9.01,417.99,9349.42,True
2005-09-18,USC00167732,0,22.38,-22.38,-500.67,True
2005-09-18,USC00167738,0,0.0,0.0,0.0,False
2005-09-18,USC00167767,127,25.9,101.1,2261.27,True
2005-09-18,USC00167924,0,0.0,0.0,0.0,False
2005-09-18,USC00167932,61,26.76,34.24,765.79,True
2005-09-18,USC00168046,0,0.0,0.0,0.0,False
2005-09-18,USC00168067,0,0.04,-0.04,-0.93,False
2005-09-18,USC00168094,0,0.0,0.0,0.0,False
2005-09-18,USC00168136,0,14.09,-14.09,-315.13,True
2005-09-18,USC00168139,0,19.35,-19.35,-432.81,True
2005-09-18,USC00168163,15,15.2,-0.2,-4.5,True
2005-09-18,USC00168181,64,10.28,53.72,1201.5,True
2005-09-18,USC00168436,0,0.0,0.0,0.0,False
2005-09-18,USC00168444,0,0.0,0.0,0.0,False
2005-09-18,USC00168539,0,45.43,-45.43,-1016.26,True
2005-09-18,USC00168683,0,0.0,0.0,0.0,False
2005-09-18,USC00168785,0,0.35,-0.35,-7.88,True
2005-09-18,USC00168831,0,2.08,-2.08,-46.63,True
2005-09-18,USC00168861,0,30.51,-30.51,-682.5,True
2005-09-18,USC00168923,0,5.65,-5.65,-126.43,True
2005-09-18,USC00168941,0,26.9,-26.9,-601.57,True
2005-09-18,USC00168945,0,18.78,-18.78,-420.02,True
2005-09-18,USC00169013,104,43.24,60.76,1359.09,True
2005-09-18,USC00169074,0,0.0,0.0,0.0,False
2005-09-18,USC00169357,0,43.96,-43.96,-983.22,True
2005-09-18,USC00169369,0,28.15,-28.15,-629.62,True
2005-09-18,USC00169392,0,0.0,0.0,0.0,False
2005-09-18,USC00169631,0,0.74,-0.74,-16.62,True
2005-09-18,USC00169803,0,0.56,-0.56,-12.53,True
2005-09-18,USC00169804,0,5.16,-5.16,-115.38,True
2005-09-18,USC00169806,0,12.04,-12.04,-269.37,True
2005-09-18,USC00169809,0,0.52,-0.52,-11.58,True
2005-09-18,USC00169930,0,8.68,-8.68,-194.08,True
2005-09-18,USC00169980,0,0.0,0.0,0.0,False
2005-09-18,USC00220039,0,0.0,0.0,0.0,False
2005-09-18,USC00220523,13,0.78,12.22,273.42,True
2005-09-18,USC00220585,0,0.44,-0.44,-9.86,True
2005-09-18,USC00220660,0,1.9,-1.9,-42.4,True
2005-09-18,USC00220792,0,3.41,-3.41,-76.26,True
2005-09-18,USC00220891,0,0.0,0.0,0.0,False
2005-09-18,USC00221094,127,6.77,120.23,2689.26,True
2005-09-18,USC00221174,0,0.37,-0.37,-8.3,True
2005-09-18,USC00221389,33,0.68,32.32,722.92,True
2005-09-18,USC00221489,0,2.01,-2.01,-45.06,True
2005-09-18,USC00221578,0,13.59,-13.59,-303.97,True
2005-09-18,USC00221852,0,3.75,-3.75,-83.94,True
2005-09-18,USC00221860,0,0.65,-0.65,-14.45,True
2005-09-18,USC00221865,0,13.65,-13.65,-305.34,True
2005-09-18,USC00221880,0,0.0,0.0,0.0,False
2005-09-18,USC00222034,0,0.72,-0.72,-16.13,True
2005-09-18,USC00222046,0,0.0,0.0,0.0,False
2005-09-18,USC00222385,0,5.94,-5.94,-132.76,True
2005-09-18,USC00223107,0,2.31,-2.31,-51.6,True
2005-09-18,USC00223340,0,0.39,-0.39,-8.7,True
2005-09-18,USC00223441,0,15.15,-15.15,-338.88,True
2005-09-18,USC00223516,0,3.87,-3.87,-86.57,True
2005-09-18,USC00223605,0,1.21,-1.21,-26.99,True
2005-09-18,USC00223671,0,12.25,-12.25,-274.08,True
2005-09-18,USC00223887,0,0.66,-0.66,-14.8,True
2005-09-18,USC00223920,0,14.93,-14.93,-333.86,True
2005-09-18,USC00224470,8,3.7,4.3,96.25,True
2005-09-18,USC00224776,0,1.55,-1.55,-34.67,True
2005-09-18,USC00224939,0,1.12,-1.12,-25.09,True
2005-09-18,USC00224966,0,0.0,0.0,0.0,False
2005-09-18,USC00225020,0,0.81,-0.81,-18.01,True
2005-09-18,USC00225062,0,1.83,-1.83,-40.88,True
2005-09-18,USC00225247,0,0.33,-0.33,-7.42,True
2005-09-18,USC00225361,0,0.0,0.0,0.0,False
2005-09-18,USC00225611,38,11.22,26.78,598.95,True
2005-09-18,USC00225704,0,17.07,-17.07,-381.8,True
2005-09-18,USC00225943,5,3.49,1.51,33.68,True
2005-09-18,USC00225987,0,10.1,-10.1,-225.95,True
2005-09-18,USC00226009,3,1.56,1.44,32.13,True
2005-09-18,USC00226177,114,20.53,93.47,2090.69,True
2005-09-18,USC00226294,0,2.17,-2.17,-48.53,True
2005-09-18,USC00226308,0,1.26,-1.26,-28.14,True
2005-09-18,USC00226513,0,0.75,-0.75,-16.88,True
2005-09-18,USC00226638,0,0.87,-0.87,-19.38,True
2005-09-18,USC00226640,0,1.45,-1.45,-32.42,True
2005-09-18,USC00226642,0,5.04,-5.04,-112.78,True
2005-09-18,USC00226643,0,1.0,-1.0,-22.4,True
2005-09-18,USC00226644,13,1.02,11.98,268.01,True
2005-09-18,USC00226894,0,1.44,-1.44,-32.25,True
2005-09-18,USC00226921,0,28.69,-28.69,-641.78,True
2005-09-18,USC00226924,0,20.37,-20.37,-455.67,True
2005-09-18,USC00226926,0,3.37,-3.37,-75.45,True
2005-09-18,USC00227128,0,15.31,-15.31,-342.46,True
2005-09-18,USC00227132,10,15.34,-5.34,-119.41,True
2005-09-18,USC00227172,0,6.39,-6.39,-142.84,True
2005-09-18,USC00227220,0,0.75,-0.75,-16.68,True
2005-09-18,USC00227276,0,2.18,-2.18,-48.68,True
2005-09-18,USC00227560,0,1.94,-1.94,-43.5,True
2005-09-18,USC00227595,0,2.85,-2.85,-63.75,True
2005-09-18,USC00227831,0,3.0,-3.0,-67.11,True
2005-09-18,USC00227840,0,14.14,-14.14,-316.21,True
2005-09-18,USC00228053,0,0.81,-0.81,-18.2,True
2005-09-18,USC00228374,0,0.0,0.0,0.0,False
2005-09-18,USC00228413,0,23.89,-23.89,-534.33,True
2005-09-18,USC00228445,0,0.74,-0.74,-16.45,True
2005-09-18,USC00228556,0,3.98,-3.98,-89.02,True
2005-09-18,USC00228899,0,0.59,-0.59,-13.26,True
2005-09-18,USC00229048,15,15.22,-0.22,-4.86,True
2005-09-18,USC00229072,10,17.6,-7.6,-170.05,True
2005-09-18,USC00229114,0,1.33,-1.33,-29.66,True
2005-09-18,USC00229230,0,6.62,-6.62,-148.17,True
2005-09-18,USC00229326,0,2.12,-2.12,-47.35,True
2005-09-18,USC00229439,0,0.78,-0.78,-17.41,True
2005-09-18,USC00229597,0,4.17,-4.17,-93.37,True
2005-09-18,USC00229639,0,13.18,-13.18,-294.73,True
2005-09-18,USC00229743,0,1.24,-1.24,-27.82,True
2005-09-18,USC00229793,0,16.72,-16.72,-373.97,True
2005-09-18,USC00229860,0,2.44,-2.44,-54.55,True
2005-09-18,USC00410144,0,0.0,0.0,0.0,False
2005-09-18,USC00410190,0,0.33,-0.33,-7.45,True
2005-09-18,USC00410204,0,0.13,-0.13,-2.99,False
2005-09-18,USC00410206,0,0.0,0.0,0.0,False
2005-09-18,USC00410235,0,0.0,0.0,0.0,False
2005-09-18,USC00410246,0,0.0,0.0,0.0,False
2005-09-18,USC00410257,0,0.91,-0.91,-20.3,True
2005-09-18,USC00410271,0,0.0,0.0,0.0,False
2005-09-18,USC00410297,0,0.0,0.0,0.0,False
2005-09-18,USC00410305,0,0.0,0.0,0.0,False
2005-09-18,USC00410337,0,0.0,0.0,0.0,False
2005-09-18,USC00410345,0,0.47,-0.47,-10.41,True
2005-09-18,USC00410404,0,0.41,-0.41,-9.11,True
2005-09-18,USC00410408,0,0.0,0.0,0.0,False
2005-09-18,USC00410431,0,0.0,0.0,0.0,False
2005-09-18,USC00410518,0,0.0,0.0,0.0,False
2005-09-18,USC00410569,0,0.08,-0.08,-1.75,False
2005-09-18,USC00410586,0,0.05,-0.05,-1.04,False
2005-09-18,USC00410611,0,0.0,0.0,0.0,False
2005-09-18,USC00410613,0,0.0,0.0,0.0,False
2005-09-18,USC00410639,0,0.0,0.0,0.0,False
2005-09-18,USC00410655,0,0.0,0.0,0.0,False
2005-09-18,USC00410660,0,0.0,0.0,0.0,False
2005-09-18,USC00410690,0,0.0,0.0,0.0,False
2005-09-18,USC00410691,0,0.0,0.0,0.0,False
2005-09-18,USC00410738,0,0.0,0.0,0.0,False
2005-09-18,USC00410805,0,0.0,0.0,0.0,False
2005-09-18,USC00410832,0,0.0,0.0,0.0,False
2005-09-18,USC00411026,0,0.0,0.0,0.0,False
2005-09-18,USC00411035,0,0.0,0.0,0.0,False
2005-09-18,USC00411045,0,0.0,0.0,0.0,False
2005-09-18,USC00411048,0,0.0,0.0,0.0,False
2005-09-18,USC00411089,0,0.0,0.0,0.0,False
2005-09-18,USC00411215,0,0.0,0.0,0.0,False
2005-09-18,USC00411246,0,0.0,0.0,0.0,False
2005-09-18,USC00411250,0,0.0,0.0,0.0,False
2005-09-18,USC00411253,0,0.0,0.0,0.0,False
2005-09-18,USC00411314,0,0.0,0.0,0.0,False
2005-09-18,USC00411337,0,0.0,0.0,0.0,False
2005-09-18,USC00411348,0,0.0,0.0,0.0,False
2005-09-18,USC00411429,0,0.0,0.0,0.0,False
2005-09-18,USC00411433,0,0.0,0.0,0.0,False
2005-09-18,USC00411541,0,0.0,0.0,0.0,False
2005-09-18,USC00411578,0,0.0,0.0,0.0,False
2005-09-18,USC00411580,0,0.0,0.0,0.0,False
2005-09-18,USC00411596,0,0.43,-0.43,-9.73,True
2005-09-18,USC00411625,0,0.0,0.0,0.0,False
2005-09-18,USC00411671,0,0.0,0.0,0.0,False
2005-09-18,USC00411711,0,0.0,0.0,0.0,False
2005-09-18,USC00411720,0,0.0,0.0,0.0,False
2005-09-18,USC00411800,0,0.0,0.0,0.0,False
2005-09-18,USC00411804,0,0.0,0.0,0.0,False
2005-09-18,USC00411810,0,0.0,0.0,0.0,False
2005-09-18,USC00411838,0,0.04,-0.04,-0.98,False
2005-09-18,USC00411880,0,0.0,0.0,0.0,False
2005-09-18,USC00411911,0,0.0,0.0,0.0,False
2005-09-18,USC00411921,0,0.0,0.0,0.0,False
2005-09-18,USC00411956,0,0.0,0.0,0.0,False
2005-09-18,USC00411970,0,0.0,0.0,0.0,False
2005-09-18,USC00411990,0,0.0,0.0,0.0,False
2005-09-18,USC00412011,0,0.0,0.0,0.0,False
2005-09-18,USC00412013,0,0.0,0.0,0.0,False
2005-09-18,USC00412017,0,0.0,0.0,0.0,False
2005-09-18,USC00412019,0,0.15,-0.15,-3.43,False
2005-09-18,USC00412020,0,0.21,-0.21,-4.65,True
2005-09-18,USC00412086,0,0.0,0.0,0.0,False
2005-09-18,USC00412088,0,0.0,0.0,0.0,False
2005-09-18,USC00412096,0,0.0,0.0,0.0,False
2005-09-18,USC00412114,0,0.47,-0.47,-10.61,True
2005-09-18,USC00412173,0,0.0,0.0,0.0,False
2005-09-18,USC00412206,0,0.0,0.0,0.0,False
2005-09-18,USC00412218,0,0.0,0.0,0.0,False
2005-09-18,USC00412225,0,0.0,0.0,0.0,False
2005-09-18,USC00412266,0,0.08,-0.08,-1.76,False
2005-09-18,USC00412295,0,0.0,0.0,0.0,False
2005-09-18,USC00412334,0,0.0,0.0,0.0,False
2005-09-18,USC00412404,0,0.0,0.0,0.0,False
2005-09-18,USC00412444,0,0.31,-0.31,-7.03,True
2005-09-18,USC00412462,0,0.0,0.0,0.0,False
2005-09-18,USC00412518,0,0.34,-0.34,-7.65,True
2005-09-18,USC00412585,0,0.0,0.0,0.0,False
2005-09-18,USC00412758,0,0.51,-0.51,-11.36,True
2005-09-18,USC00412770,0,0.0,0.0,0.0,False
2005-09-18,USC00412772,0,0.2,-0.2,-4.57,True
2005-09-18,USC00412786,0,0.07,-0.07,-1.67,False
2005-09-18,USC00412820,0,0.0,0.0,0.0,False
2005-09-18,USC00413005,0,0.0,0.0,0.0,False
2005-09-18,USC00413047,0,0.45,-0.45,-10.01,True
2005-09-18,USC00413065,0,0.0,0.0,0.0,False
2005-09-18,USC00413080,0,0.0,0.0,0.0,False
2005-09-18,USC00413112,0,0.0,0.0,0.0,False
2005-09-18,USC00413156,0,0.0,0.0,0.0,False
2005-09-18,USC00413171,0,0.0,0.0,0.0,False
2005-09-18,USC00413183,0,0.0,0.0,0.0,False
2005-09-18,USC00413199,0,0.0,0.0,0.0,False
2005-09-18,USC00413201,0,0.0,0.0,0.0,False
2005-09-18,USC00413285,0,0.0,0.0,0.0,False
2005-09-18,USC00413289,0,0.0,0.0,0.0,False
2005-09-18,USC00413321,0,0.0,0.0,0.0,False
2005-09-18,USC00413340,0,0.41,-0.41,-9.21,True
2005-09-18,USC00413370,0,0.0,0.0,0.0,False
2005-09-18,USC00413485,0,0.0,0.0,0.0,False
2005-09-18,USC00413507,0,0.0,0.0,0.0,False
2005-09-18,USC00413508,0,0.0,0.0,0.0,False
2005-09-18,USC00413525,0,0.0,0.0,0.0,False
2005-09-18,USC00413546,0,0.0,0.0,0.0,False
2005-09-18,USC00413618,0,0.0,0.0,0.0,False
2005-09-18,USC00413622,0,0.0,0.0,0.0,False
2005-09-18,USC00413624,0,0.0,0.0,0.0,False
2005-09-18,USC00413639,0,0.0,0.0,0.0,False
2005-09-18,USC00413675,0,0.0,0.0,0.0,False
2005-09-18,USC00413685,0,0.0,0.0,0.0,False
2005-09-18,USC00413686,0,0.0,0.0,0.0,False
2005-09-18,USC00413691,0,0.0,0.0,0.0,False
2005-09-18,USC00413734,0,0.0,0.0,0.0,False
2005-09-18,USC00413846,0,0.0,0.0,0.0,False
2005-09-18,USC00413873,0,0.0,0.0,0.0,False
2005-09-18,USC00413877,0,0.0,0.0,0.0,False
2005-09-18,USC00413884,0,0.0,0.0,0.0,False
2005-09-18,USC00413941,0,0.0,0.0,0.0,False
2005-09-18,USC00413943,0,0.22,-0.22,-4.97,True
2005-09-18,USC00414020,0,0.0,0.0,0.0,False
2005-09-18,USC00414077,0,0.0,0.0,0.0,False
2005-09-18,USC00414081,0,0.14,-0.14,-3.04,False
2005-09-18,USC00414137,0,0.0,0.0,0.0,False
2005-09-18,USC00414182,0,0.0,0.0,0.0,False
2005-09-18,USC00414202,0,0.0,0.0,0.0,False
2005-09-18,USC00414315,0,0.06,-0.06,-1.24,False
2005-09-18,USC00414321,0,0.04,-0.04,-0.95,False
2005-09-18,USC00414325,0,0.05,-0.05,-1.08,False
2005-09-18,USC00414326,0,0.05,-0.05,-1.06,False
2005-09-18,USC00414327,0,0.04,-0.04,-0.88,False
2005-09-18,USC00414333,0,0.09,-0.09,-1.99,False
2005-09-18,USC00414343,0,0.0,0.0,0.0,False
2005-09-18,USC00414382,0,0.0,0.0,0.0,False
2005-09-18,USC00414390,0,0.0,0.0,0.0,False
2005-09-18,USC00414505,0,0.0,0.0,0.0,False
2005-09-18,USC00414517,0,0.0,0.0,0.0,False
2005-09-18,USC00414525,0,0.3,-0.3,-6.68,True
2005-09-18,USC00414531,0,0.15,-0.15,-3.34,False
2005-09-18,USC00414556,0,0.0,0.0,0.0,False
2005-09-18,USC00414563,0,0.0,0.0,0.0,False
2005-09-18,USC00414575,0,0.0,0.0,0.0,False
2005-09-18,USC00414597,0,0.0,0.0,0.0,False
2005-09-18,USC00414605,0,0.0,0.0,0.0,False
2005-09-18,USC00414679,0,0.0,0.0,0.0,False
2005-09-18,USC00414693,0,0.0,0.0,0.0,False
2005-09-18,USC00414696,0,0.0,0.0,0.0,False
2005-09-18,USC00414704,0,0.05,-0.05,-1.05,False
2005-09-18,USC00414705,0,0.0,0.0,0.0,False
2005-09-18,USC00414708,0,0.0,0.0,0.0,False
2005-09-18,USC00414805,0,0.0,0.0,0.0,False
2005-09-18,USC00414810,0,0.0,0.0,0.0,False
2005-09-18,USC00414866,0,0.0,0.0,0.0,False
2005-09-18,USC00414878,0,0.0,0.0,0.0,False
2005-09-18,USC00414903,0,0.0,0.0,0.0,False
2005-09-18,USC00414911,0,0.52,-0.52,-11.53,True
2005-09-18,USC00414972,0,0.0,0.0,0.0,False
2005-09-18,USC00414976,0,0.0,0.0,0.0,False
2005-09-18,USC00414980,0,0.0,0.0,0.0,False
2005-09-18,USC00415018,0,0.0,0.0,0.0,False
2005-09-18,USC00415094,0,0.0,0.0,0.0,False
2005-09-18,USC00415116,0,0.0,0.0,0.0,False
2005-09-18,USC00415192,0,0.0,0.0,0.0,False
2005-09-18,USC00415193,0,0.0,0.0,0.0,False
2005-09-18,USC00415229,0,0.0,0.0,0.0,False
2005-09-18,USC00415271,0,0.0,0.0,0.0,False
2005-09-18,USC00415285,0,0.0,0.0,0.0,False
2005-09-18,USC00415341,0,0.0,0.0,0.0,False
2005-09-18,USC00415344,0,0.0,0.0,0.0,False
2005-09-18,USC00415415,0,0.25,-0.25,-5.7,True
2005-09-18,USC00415429,0,0.0,0.0,0.0,False
2005-09-18,USC00415430,0,0.0,0.0,0.0,False
2005-09-18,USC00415435,0,0.0,0.0,0.0,False
2005-09-18,USC00415477,0,0.24,-0.24,-5.31,True
2005-09-18,USC00415611,0,0.0,0.0,0.0,False
2005-09-18,USC00415618,0,0.0,0.0,0.0,False
2005-09-18,USC00415659,0,0.15,-0.15,-3.37,False
2005-09-18,USC00415661,0,0.0,0.0,0.0,False
2005-09-18,USC00415701,0,0.17,-0.17,-3.9,True
2005-09-18,USC00415721,0,0.44,-0.44,-9.83,True
2005-09-18,USC00415757,0,0.0,0.0,0.0,False
2005-09-18,USC00415766,0,0.0,0.0,0.0,False
2005-09-18,USC00415836,0,0.33,-0.33,-7.38,True
2005-09-18,USC00415845,0,0.0,0.0,0.0,False
2005-09-18,USC00415897,0,0.0,0.0,0.0,False
2005-09-18,USC00415904,0,0.27,-0.27,-6.13,True
2005-09-18,USC00415954,0,0.12,-0.12,-2.68,False
2005-09-18,USC00416024,0,0.0,0.0,0.0,False
2005-09-18,USC00416058,0,0.0,0.0,0.0,False
2005-09-18,USC00416060,0,0.0,0.0,0.0,False
2005-09-18,USC00416108,0,0.0,0.0,0.0,False
2005-09-18,USC00416119,0,0.0,0.0,0.0,False
2005-09-18,USC00416177,0,0.0,0.0,0.0,False
2005-09-18,USC00416210,0,0.15,-0.15,-3.38,False
2005-09-18,USC00416265,0,0.0,0.0,0.0,False
2005-09-18,USC00416270,0,0.0,0.0,0.0,False
2005-09-18,USC00416276,0,0.0,0.0,0.0,False
2005-09-18,USC00416280,0,0.0,0.0,0.0,False
2005-09-18,USC00416331,0,0.0,0.0,0.0,False
2005-09-18,USC00416335,0,0.24,-0.24,-5.3,True
2005-09-18,USC00416341,0,0.0,0.0,0.0,False
2005-09-18,USC00416367,0,0.0,0.0,0.0,False
2005-09-18,USC00416368,0,0.0,0.0,0.0,False
2005-09-18,USC00416496,0,0.93,-0.93,-20.82,True
2005-09-18,USC00416664,0,1.24,-1.24,-27.8,True
2005-09-18,USC00416680,0,0.0,0.0,0.0,False
2005-09-18,USC00416739,0,0.0,0.0,0.0,False
2005-09-18,USC00416766,0,0.0,0.0,0.0,False
2005-09-18,USC00417017,0,0.0,0.0,0.0,False
2005-09-18,USC00417040,0,0.0,0.0,0.0,False
2005-09-18,USC00417111,0,0.0,0.0,0.0,False
2005-09-18,USC00417140,0,0.0,0.0,0.0,False
2005-09-18,USC00417170,0,0.0,0.0,0.0,False
2005-09-18,USC00417172,0,0.0,0.0,0.0,False
2005-09-18,USC00417179,0,0.21,-0.21,-4.77,True
2005-09-18,USC00417184,0,0.4,-0.4,-8.94,True
2005-09-18,USC00417186,0,0.0,0.0,0.0,False
2005-09-18,USC00417300,0,0.0,0.0,0.0,False
2005-09-18,USC00417365,0,0.0,0.0,0.0,False
2005-09-18,USC00417388,0,0.0,0.0,0.0,False
2005-09-18,USC00417458,0,0.62,-0.62,-13.87,True
2005-09-18,USC00417530,0,0.0,0.0,0.0,False
2005-09-18,USC00417533,0,0.0,0.0,0.0,False
2005-09-18,USC00417550,0,0.0,0.0,0.0,False
2005-09-18,USC00417586,0,0.0,0.0,0.0,False
2005-09-18,USC00417588,0,0.0,0.0,0.0,False
2005-09-18,USC00417594,0,0.06,-0.06,-1.25,False
2005-09-18,USC00417659,0,0.0,0.0,0.0,False
2005-09-18,USC00417677,0,0.0,0.0,0.0,False
2005-09-18,USC00417685,0,0.0,0.0,0.0,False
2005-09-18,USC00417704,0,0.0,0.0,0.0,False
2005-09-18,USC00417707,0,0.0,0.0,0.0,False
2005-09-18,USC00417744,0,0.0,0.0,0.0,False
2005-09-18,USC00417773,0,0.0,0.0,0.0,False
2005-09-18,USC00417787,0,0.0,0.0,0.0,False
2005-09-18,USC00417791,0,0.0,0.0,0.0,False
2005-09-18,USC00417836,0,0.0,0.0,0.0,False
2005-09-18,USC00417841,0,0.27,-0.27,-6.01,True
2005-09-18,USC00417936,0,0.0,0.0,0.0,False
2005-09-18,USC00417947,0,0.0,0.0,0.0,False
2005-09-18,USC00417951,0,0.0,0.0,0.0,False
2005-09-18,USC00417981,0,0.46,-0.46,-10.32,True
2005-09-18,USC00417983,0,0.0,0.0,0.0,False
2005-09-18,USC00418050,0,0.3,-0.3,-6.79,True
2005-09-18,USC00418059,0,0.44,-0.44,-9.9,True
2005-09-18,USC00418081,0,0.29,-0.29,-6.54,True
2005-09-18,USC00418126,0,0.0,0.0,0.0,False
2005-09-18,USC00418187,0,0.0,0.0,0.0,False
2005-09-18,USC00418311,0,0.0,0.0,0.0,False
2005-09-18,USC00418415,0,0.0,0.0,0.0,False
2005-09-18,USC00418446,0,0.0,0.0,0.0,False
2005-09-18,USC00418487,0,0.28,-0.28,-6.37,True
2005-09-18,USC00418519,0,0.0,0.0,0.0,False
2005-09-18,USC00418531,0,0.0,0.0,0.0,False
2005-09-18,USC00418544,0,0.0,0.0,0.0,False
2005-09-18,USC00418646,0,0.0,0.0,0.0,False
2005-09-18,USC00418658,0,0.0,0.0,0.0,False
2005-09-18,USC00418696,0,0.0,0.0,0.0,False
2005-09-18,USC00418728,0,0.02,-0.02,-0.39,False
2005-09-18,USC00418743,0,0.0,0.0,0.0,False
2005-09-18,USC00418862,0,0.0,0.0,0.0,False
2005-09-18,USC00418929,0,0.0,0.0,0.0,False
2005-09-18,USC00418942,0,0.0,0.0,0.0,False
2005-09-18,USC00418996,0,0.09,-0.09,-1.95,False
2005-09-18,USC00419001,0,0.0,0.0,0.0,False
2005-09-18,USC00419004,0,0.21,-0.21,-4.74,True
2005-09-18,USC00419007,0,0.0,0.0,0.0,False
2005-09-18,USC00419076,0,0.0,0.0,0.0,False
2005-09-18,USC00419099,0,0.0,0.0,0.0,False
2005-09-18,USC00419101,0,0.0,0.0,0.0,False
2005-09-18,USC00419125,0,0.0,0.0,0.0,False
2005-09-18,USC00419153,0,0.0,0.0,0.0,False
2005-09-18,USC00419207,0,0.18,-0.18,-4.11,True
2005-09-18,USC00419361,0,0.0,0.0,0.0,False
2005-09-18,USC00419367,0,0.0,0.0,0.0,False
2005-09-18,USC00419417,0,0.0,0.0,0.0,False
2005-09-18,USC00419491,0,0.0,0.0,0.0,False
2005-09-18,USC00419504,0,0.0,0.0,0.0,False
2005-09-18,USC00419532,0,0.0,0.0,0.0,False
2005-09-18,USC00419559,0,0.0,0.0,0.0,False
2005-09-18,USC00419593,0,0.0,0.0,0.0,False
2005-09-18,USC00419655,0,0.08,-0.08,-1.83,False
2005-09-18,USC00419709,0,0.0,0.0,0.0,False
2005-09-18,USC00419715,0,0.0,0.0,0.0,False
2005-09-18,USC00419717,0,0.0,0.0,0.0,False
2005-09-18,USC00419754,0,0.0,0.0,0.0,False
2005-09-18,USC00419800,0,0.0,0.0,0.0,False
2005-09-18,USC00419815,0,0.0,0.0,0.0,False
2005-09-18,USC00419836,0,0.0,0.0,0.0,False
2005-09-18,USC00419859,0,0.0,0.0,0.0,False
2005-09-18,USC00419898,0,0.0,0.0,0.0,False
2005-09-18,USC00419916,0,0.0,0.0,0.0,False
2005-09-18,USC00419953,0,0.0,0.0,0.0,False
2005-09-18,USC00419962,0,0.0,0.0,0.0,False
2005-09-18,USW00003855,0,0.0,0.0,0.0,False
2005-09-18,USW00003866,0,0.58,-0.58,-13.07,True
2005-09-18,USW00003881,0,28.08,-28.08,-627.99,True
2005-09-18,USW00003901,0,0.0,0.0,0.0,False
2005-09-18,USW00003904,0,0.0,0.0,0.0,False
2005-09-18,USW00003927,0,0.0,0.0,0.0,False
2005-09-18,USW00003937,0,3.1,-3.1,-69.43,True
2005-09-18,USW00003940,0,4.72,-4.72,-105.51,True
2005-09-18,USW00003951,0,0.0,0.0,0.0,False
2005-09-18,USW00003969,0,0.0,0.0,0.0,False
2005-09-18,USW00003971,0,0.0,0.0,0.0,False
2005-09-18,USW00003991,0,0.0,0.0,0.0,False
2005-09-18,USW00003996,0,6.28,-6.28,-140.39,True
2005-09-18,USW00003999,0,0.0,0.0,0.0,False
2005-09-18,USW00012904,0,0.23,-0.23,-5.05,True
2005-09-18,USW00012912,0,0.0,0.0,0.0,False
2005-09-18,USW00012916,0,34.63,-34.63,-774.57,True
2005-09-18,USW00012917,0,0.0,0.0,0.0,False
2005-09-18,USW00012918,0,0.06,-0.06,-1.24,False
2005-09-18,USW00012921,0,0.0,0.0,0.0,False
2005-09-18,USW00012923,0,0.13,-0.13,-2.87,False
2005-09-18,USW00012924,0,0.0,0.0,0.0,False
2005-09-18,USW00012926,0,0.0,0.0,0.0,False
2005-09-18,USW00012928,0,0.0,0.0,0.0,False
2005-09-18,USW00012930,0,30.07,-30.07,-672.57,True
2005-09-18,USW00012932,0,0.0,0.0,0.0,False
2005-09-18,USW00012935,0,0.1,-0.1,-2.26,False
2005-09-18,USW00012957,0,0.22,-0.22,-4.89,True
2005-09-18,USW00012959,0,0.17,-0.17,-3.81,True
2005-09-18,USW00012960,0,0.04,-0.04,-0.87,False
2005-09-18,USW00012968,0,40.66,-40.66,-909.37,True
2005-09-18,USW00012970,0,0.0,0.0,0.0,False
2005-09-18,USW00012971,0,0.0,0.0,0.0,False
2005-09-18,USW00012972,0,0.0,0.0,0.0,False
2005-09-18,USW00012975,0,0.08,-0.08,-1.77,False
2005-09-18,USW00012976,3,0.0,3.0,67.1,True
2005-09-18,USW00012977,0,0.02,-0.02,-0.39,False
2005-09-18,USW00012987,8,0.0,8.0,178.94,True
2005-09-18,USW00013833,0,0.7,-0.7,-15.6,True
2005-09-18,USW00013838,0,0.0,0.0,0.0,False
2005-09-18,USW00013865,0,0.79,-0.79,-17.67,True
2005-09-18,USW00013894,0,0.0,0.0,0.0,False
2005-09-18,USW00013899,0,0.0,0.0,0.0,False
2005-09-18,USW00013904,0,0.0,0.0,0.0,False
2005-09-18,USW00013911,0,0.0,0.0,0.0,False
2005-09-18,USW00013927,0,5.77,-5.77,-129.05,True
2005-09-18,USW00013935,0,23.12,-23.12,-517.14,True
2005-09-18,USW00013939,0,0.79,-0.79,-17.73,True
2005-09-18,USW00013942,0,0.78,-0.78,-17.52,True
2005-09-18,USW00013957,0,0.0,0.0,0.0,False
2005-09-18,USW00013958,0,0.0,0.0,0.0,False
2005-09-18,USW00013959,0,0.0,0.0,0.0,False
2005-09-18,USW00013960,0,0.0,0.0,0.0,False
2005-09-18,USW00013961,0,0.0,0.0,0.0,False
2005-09-18,USW00013970,0,9.34,-9.34,-208.97,True
2005-09-18,USW00013972,0,0.17,-0.17,-3.91,True
2005-09-18,USW00013976,0,27.43,-27.43,-613.51,True
2005-09-18,USW00013977,0,0.0,0.0,0.0,False
2005-09-18,USW00013978,0,1.61,-1.61,-36.07,True
2005-09-18,USW00053820,3,0.0,3.0,67.1,True
2005-09-18,USW00053858,0,0.0,0.0,0.0,False
2005-09-18,USW00053865,127,29.21,97.79,2187.37,True
2005-09-18,USW00053902,0,0.0,0.0,0.0,False
2005-09-18,USW00053903,0,0.0,0.0,0.0,False
2005-09-18,USW00053905,0,0.0,0.0,0.0,False
2005-09-18,USW00053907,0,0.0,0.0,0.0,False
2005-09-18,USW00053909,0,0.0,0.0,0.0,False
2005-09-18,USW00053910,0,0.0,0.0,0.0,False
2005-09-18,USW00053911,0,0.0,0.0,0.0,False
2005-09-18,USW00053912,0,0.2,-0.2,-4.48,True
2005-09-18,USW00053914,0,0.0,0.0,0.0,False
2005-09-18,USW00053915,0,15.3,-15.3,-342.12,True
2005-09-18,USW00053960,0,46.48,-46.48,-1039.72,True
2005-09-18,USW00053961,2,0.26,1.74,38.81,True
2005-09-18,USW00053968,9,0.0,9.0,201.31,True
2005-09-18,USW00063831,0,1.2,-1.2,-26.8,True
2005-09-18,USW00063858,0,6.35,-6.35,-141.97,True
2005-09-18,USW00093841,0,0.13,-0.13,-2.92,False
2005-09-18,USW00093874,0,10.45,-10.45,-233.68,True
2005-09-18,USW00093914,0,1.68,-1.68,-37.62,True
2005-09-18,USW00093915,0,9.43,-9.43,-210.9,True
2005-09-18,USW00093919,0,20.6,-20.6,-460.77,True
2005-09-18,USW00093985,0,0.0,0.0,0.0,False
2005-09-18,USW00093987,0,0.0,0.0,0.0,False
2005-09-18,USW00093992,0,0.08,-0.08,-1.8,False
2005-09-19,US1TXDA0001,0,7.3,-7.3,-0.27,False
2005-09-19,US1TXMTG001,0,0.0,0.0,0.0,False
2005-09-19,US1TXUP0001,0,0.0,0.0,0.0,False
2005-09-19,USC00010140,0,0.16,-0.16,-0.01,False
2005-09-19,USC00010178,0,0.84,-0.84,-0.03,False
2005-09-19,USC00010184,0,0.72,-0.72,-0.03,False
2005-09-19,USC00010402,0,1.96,-1.96,-0.07,False
2005-09-19,USC00010505,0,1.72,-1.72,-0.06,False
2005-09-19,USC00010583,0,2.16,-2.16,-0.08,False
2005-09-19,USC00010764,0,1.7,-1.7,-0.06,False
2005-09-19,USC00011080,0,1.92,-1.92,-0.07,False
2005-09-19,USC00011084,0,2.23,-2.23,-0.08,False
2005-09-19,USC00011143,0,1.53,-1.53,-0.06,False
2005-09-19,USC00011566,0,0.0,0.0,0.0,False
2005-09-19,USC00011690,0,0.0,0.0,0.0,False
2005-09-19,USC00011803,0,1.79,-1.79,-0.07,False
2005-09-19,USC00011810,0,0.0,0.0,0.0,False
2005-09-19,USC00012172,0,2.48,-2.48,-0.09,False
2005-09-19,USC00012245,0,0.6,-0.6,-0.02,False
2005-09-19,USC00012813,0,2.25,-2.25,-0.08,False
2005-09-19,USC00013160,0,0.69,-0.69,-0.03,False
2005-09-19,USC00013511,0,0.9,-0.9,-0.03,False
2005-09-19,USC00013930,0,2.23,-2.23,-0.08,False
2005-09-19,USC00014193,0,0.0,0.0,0.0,False
2005-09-19,USC00014798,0,0.66,-0.66,-0.02,False
2005-09-19,USC00015121,0,0.32,-0.32,-0.01,False
2005-09-19,USC00015420,0,0.0,0.0,0.0,False
2005-09-19,USC00015658,5,1.46,3.54,0.13,False
2005-09-19,USC00016847,0,1.34,-1.34,-0.05,False
2005-09-19,USC00016988,0,3.22,-3.22,-0.12,False
2005-09-19,USC00017366,0,0.21,-0.21,-0.01,False
2005-09-19,USC00018178,0,0.0,0.0,0.0,False
2005-09-19,USC00018380,0,8.33,-8.33,-0.3,False
2005-09-19,USC00018385,0,6.36,-6.36,-0.23,False
2005-09-19,USC00018446,0,0.78,-0.78,-0.03,False
2005-09-19,USC00018637,0,1.87,-1.87,-0.07,False
2005-09-19,USC00018673,0,0.92,-0.92,-0.03,False
2005-09-19,USC00018809,0,1.32,-1.32,-0.05,False
2005-09-19,USC00018867,0,0.0,0.0,0.0,False
2005-09-19,USC00031140,0,0.0,0.0,0.0,False
2005-09-19,USC00031730,0,0.0,0.0,0.0,False
2005-09-19,USC00032355,0,0.0,0.0,0.0,False
2005-09-19,USC00032475,0,0.0,0.0,0.0,False
2005-09-19,USC00034185,0,0.0,0.0,0.0,False
2005-09-19,USC00034548,0,0.0,0.0,0.0,False
2005-09-19,USC00034936,0,0.0,0.0,0.0,False
2005-09-19,USC00035866,0,0.0,0.0,0.0,False
2005-09-19,USC00085793,0,5.41,-5.41,-0.2,False
2005-09-19,USC00086999,51,0.0,51.0,1.86,False
2005-09-19,USC00160007,0,1.32,-1.32,-0.05,False
2005-09-19,USC00160016,0,0.0,0.0,0.0,False
2005-09-19,USC00160021,0,0.0,0.0,0.0,False
2005-09-19,USC00160098,0,1.56,-1.56,-0.06,False
2005-09-19,USC00160103,0,1.79,-1.79,-0.07,False
2005-09-19,USC00160205,0,2.72,-2.72,-0.1,False
2005-09-19,USC00160238,0,0.0,0.0,0.0,False
2005-09-19,USC00160277,0,0.0,0.0,0.0,False
2005-09-19,USC00160349,0,0.0,0.0,0.0,False
2005-09-19,USC00160462,0,2.18,-2.18,-0.08,False
2005-09-19,USC00160537,0,0.0,0.0,0.0,False
2005-09-19,USC00160546,0,2.18,-2.18,-0.08,False
2005-09-19,USC00160548,0,1.7,-1.7,-0.06,False
2005-09-19,USC00160558,0,1.82,-1.82,-0.07,False
2005-09-19,USC00160565,0,0.0,0.0,0.0,False
2005-09-19,USC00160617,76,0.33,75.67,2.76,False
2005-09-19,USC00160718,0,0.0,0.0,0.0,False
2005-09-19,USC00160800,0,0.0,0.0,0.0,False
2005-09-19,USC00161200,0,0.0,0.0,0.0,False
2005-09-19,USC00161232,0,1.46,-1.46,-0.05,False
2005-09-19,USC00161235,0,1.72,-1.72,-0.06,False
2005-09-19,USC00161246,0,1.84,-1.84,-0.07,False
2005-09-19,USC00161287,0,3.7,-3.7,-0.14,False
2005-09-19,USC00161365,0,0.88,-0.88,-0.03,False
2005-09-19,USC00161411,0,0.0,0.0,0.0,False
2005-09-19,USC00161535,0,1.34,-1.34,-0.05,False
2005-09-19,USC00161565,0,1.64,-1.64,-0.06,False
2005-09-19,USC00161866,0,5.34,-5.34,-0.19,False
2005-09-19,USC00161899,0,5.48,-5.48,-0.2,False
2005-09-19,USC00161941,0,1.29,-1.29,-0.05,False
2005-09-19,USC00161979,0,0.0,0.0,0.0,False
2005-09-19,USC00162002,0,0.0,0.0,0.0,False
2005-09-19,USC00162121,0,0.0,0.0,0.0,False
2005-09-19,USC00162151,0,0.0,0.0,0.0,False
2005-09-19,USC00162212,0,2.11,-2.11,-0.08,False
2005-09-19,USC00162350,0,2.08,-2.08,-0.08,False
2005-09-19,USC00162367,0,1.69,-1.69,-0.06,False
2005-09-19,USC00162534,0,0.0,0.0,0.0,False
2005-09-19,USC00162536,0,0.0,0.0,0.0,False
2005-09-19,USC00162641,0,2.17,-2.17,-0.08,False
2005-09-19,USC00162812,0,3.06,-3.06,-0.11,False
2005-09-19,USC00162981,0,3.56,-3.56,-0.13,False
2005-09-19,USC00163079,0,0.0,0.0,0.0,False
2005-09-19,USC00163165,0,0.0,0.0,0.0,False
2005-09-19,USC00163313,0,0.0,0.0,0.0,False
2005-09-19,USC00163322,0,2.63,-2.63,-0.1,False
2005-09-19,USC00163433,0,0.0,0.0,0.0,False
2005-09-19,USC00163695,0,0.0,0.0,0.0,False
2005-09-19,USC00163800,0,1.56,-1.56,-0.06,False
2005-09-19,USC00163804,0,0.0,0.0,0.0,False
2005-09-19,USC00163867,0,2.27,-2.27,-0.08,False
2005-09-19,USC00163877,0,0.0,0.0,0.0,False
2005-09-19,USC00163979,0,0.22,-0.22,-0.01,False
2005-09-19,USC00164030,0,1.75,-1.75,-0.06,False
2005-09-19,USC00164034,0,1.92,-1.92,-0.07,False
2005-09-19,USC00164050,0,0.0,0.0,0.0,False
2005-09-19,USC00164131,0,0.0,0.0,0.0,False
2005-09-19,USC00164288,0,0.0,0.0,0.0,False
2005-09-19,USC00164355,0,0.0,0.0,0.0,False
2005-09-19,USC00164398,0,0.0,0.0,0.0,False
2005-09-19,USC00164407,0,0.0,0.0,0.0,False
2005-09-19,USC00164573,0,6.34,-6.34,-0.23,False
2005-09-19,USC00164592,0,0.0,0.0,0.0,False
2005-09-19,USC00164674,0,0.0,0.0,0.0,False
2005-09-19,USC00164696,0,0.0,0.0,0.0,False
2005-09-19,USC00164700,0,2.28,-2.28,-0.08,False
2005-09-19,USC00164732,0,0.0,0.0,0.0,False
2005-09-19,USC00164735,0,0.0,0.0,0.0,False
2005-09-19,USC00164739,0,5.4,-5.4,-0.2,False
2005-09-19,USC00164775,0,1.54,-1.54,-0.06,False
2005-09-19,USC00164816,0,0.0,0.0,0.0,False
2005-09-19,USC00164859,0,3.52,-3.52,-0.13,False
2005-09-19,USC00164931,0,0.0,0.0,0.0,False
2005-09-19,USC00165021,0,1.2,-1.2,-0.04,False
2005-09-19,USC00165065,0,1.91,-1.91,-0.07,False
2005-09-19,USC00165072,0,0.98,-0.98,-0.04,False
2005-09-19,USC00165074,0,0.85,-0.85,-0.03,False
2005-09-19,USC00165076,0,0.93,-0.93,-0.03,False
2005-09-19,USC00165090,0,0.0,0.0,0.0,False
2005-09-19,USC00165146,0,5.09,-5.09,-0.19,False
2005-09-19,USC00165266,0,1.54,-1.54,-0.06,False
2005-09-19,USC00165287,0,1.46,-1.46,-0.05,False
2005-09-19,USC00165296,0,0.0,0.0,0.0,False
2005-09-19,USC00165430,0,3.82,-3.82,-0.14,False
2005-09-19,USC00165438,0,2.5,-2.5,-0.09,False
2005-09-19,USC00165522,0,0.0,0.0,0.0,False
2005-09-19,USC00165620,0,1.62,-1.62,-0.06,False
2005-09-19,USC00165630,0,2.22,-2.22,-0.08,False
2005-09-19,USC00165783,0,0.0,0.0,0.0,False
2005-09-19,USC00165874,0,0.0,0.0,0.0,False
2005-09-19,USC00165892,0,0.0,0.0,0.0,False
2005-09-19,USC00165896,0,0.0,0.0,0.0,False
2005-09-19,USC00165920,0,5.71,-5.71,-0.21,False
2005-09-19,USC00166244,0,0.0,0.0,0.0,False
2005-09-19,USC00166314,0,0.0,0.0,0.0,False
2005-09-19,USC00166394,0,0.0,0.0,0.0,False
2005-09-19,USC00166431,0,0.92,-0.92,-0.03,False
2005-09-19,USC00166466,0,3.21,-3.21,-0.12,False
2005-09-19,USC00166561,0,0.0,0.0,0.0,False
2005-09-19,USC00166582,0,0.0,0.0,0.0,False
2005-09-19,USC00166657,0,0.0,0.0,0.0,False
2005-09-19,USC00166666,0,0.0,0.0,0.0,False
2005-09-19,USC00166686,0,3.7,-3.7,-0.13,False
2005-09-19,USC00166808,0,14.35,-14.35,-0.52,False
2005-09-19,USC00166836,0,6.95,-6.95,-0.25,False
2005-09-19,USC00166866,0,0.0,0.0,0.0,False
2005-09-19,USC00166868,0,0.0,0.0,0.0,False
2005-09-19,USC00166911,0,4.37,-4.37,-0.16,False
2005-09-19,USC00166938,8,3.54,4.46,0.16,False
2005-09-19,USC00166968,0,1.22,-1.22,-0.04,False
2005-09-19,USC00166978,0,0.0,0.0,0.0,False
2005-09-19,USC00166995,0,2.03,-2.03,-0.07,False
2005-09-19,USC00167096,0,0.0,0.0,0.0,False
2005-09-19,USC00167304,0,3.65,-3.65,-0.13,False
2005-09-19,USC00167312,0,0.0,0.0,0.0,False
2005-09-19,USC00167344,0,0.0,0.0,0.0,False
2005-09-19,USC00167366,0,1.72,-1.72,-0.06,False
2005-09-19,USC00167425,0,0.0,0.0,0.0,False
2005-09-19,USC00167448,0,1.91,-1.91,-0.07,False
2005-09-19,USC00167590,0,0.0,0.0,0.0,False
2005-09-19,USC00167691,0,0.0,0.0,0.0,False
2005-09-19,USC00167729,0,5.52,-5.52,-0.2,False
2005-09-19,USC00167732,0,2.22,-2.22,-0.08,False
2005-09-19,USC00167738,0,0.0,0.0,0.0,False
2005-09-19,USC00167767,0,0.0,0.0,0.0,False
2005-09-19,USC00167924,0,0.0,0.0,0.0,False
2005-09-19,USC00167932,0,0.25,-0.25,-0.01,False
2005-09-19,USC00168046,0,1.55,-1.55,-0.06,False
2005-09-19,USC00168067,0,0.0,0.0,0.0,False
2005-09-19,USC00168094,0,0.0,0.0,0.0,False
2005-09-19,USC00168136,0,4.19,-4.19,-0.15,False
2005-09-19,USC00168139,0,1.65,-1.65,-0.06,False
2005-09-19,USC00168163,0,5.06,-5.06,-0.18,False
2005-09-19,USC00168181,0,0.32,-0.32,-0.01,False
2005-09-19,USC00168436,0,0.0,0.0,0.0,False
2005-09-19,USC00168444,0,0.0,0.0,0.0,False
2005-09-19,USC00168539,0,0.0,0.0,0.0,False
2005-09-19,USC00168683,0,0.0,0.0,0.0,False
2005-09-19,USC00168785,0,0.0,0.0,0.0,False
2005-09-19,USC00168831,0,0.15,-0.15,-0.01,False
2005-09-19,USC00168861,0,0.0,0.0,0.0,False
2005-09-19,USC00168923,0,0.0,0.0,0.0,False
2005-09-19,USC00168941,0,0.0,0.0,0.0,False
2005-09-19,USC00168945,0,2.08,-2.08,-0.08,False
2005-09-19,USC00169013,0,0.0,0.0,0.0,False
2005-09-19,USC00169074,0,0.0,0.0,0.0,False
2005-09-19,USC00169357,0,5.89,-5.89,-0.21,False
2005-09-19,USC00169369,0,4.93,-4.93,-0.18,False
2005-09-19,USC00169392,0,0.0,0.0,0.0,False
2005-09-19,USC00169631,0,0.0,0.0,0.0,False
2005-09-19,USC00169803,0,0.0,0.0,0.0,False
2005-09-19,USC00169804,0,0.0,0.0,0.0,False
2005-09-19,USC00169806,0,0.0,0.0,0.0,False
2005-09-19,USC00169809,0,0.0,0.0,0.0,False
2005-09-19,USC00169930,0,3.54,-3.54,-0.13,False
2005-09-19,USC00169980,0,0.0,0.0,0.0,False
2005-09-19,USC00220039,0,0.0,0.0,0.0,False
2005-09-19,USC00220521,0,0.0,0.0,0.0,False
2005-09-19,USC00220523,0,0.25,-0.25,-0.01,False
2005-09-19,USC00220585,0,0.0,0.0,0.0,False
2005-09-19,USC00220660,0,0.0,0.0,0.0,False
2005-09-19,USC00220792,0,0.0,0.0,0.0,False
2005-09-19,USC00220891,0,0.0,0.0,0.0,False
2005-09-19,USC00221094,0,5.36,-5.36,-0.2,False
2005-09-19,USC00221174,0,0.0,0.0,0.0,False
2005-09-19,USC00221389,0,0.17,-0.17,-0.01,False
2005-09-19,USC00221489,0,0.26,-0.26,-0.01,False
2005-09-19,USC00221578,213,0.0,213.0,7.77,True
2005-09-19,USC00221852,0,0.13,-0.13,-0.0,False
2005-09-19,USC00221860,0,0.26,-0.26,-0.01,False
2005-09-19,USC00221865,0,0.0,0.0,0.0,False
2005-09-19,USC00221880,0,0.9,-0.9,-0.03,False
2005-09-19,USC00222034,0,0.23,-0.23,-0.01,False
2005-09-19,USC00222046,0,0.0,0.0,0.0,False
2005-09-19,USC00222385,0,0.16,-0.16,-0.01,False
2005-09-19,USC00223107,0,0.49,-0.49,-0.02,False
2005-09-19,USC00223340,0,0.24,-0.24,-0.01,False
2005-09-19,USC00223441,0,26.84,-26.84,-0.98,False
2005-09-19,USC00223516,0,0.2,-0.2,-0.01,False
2005-09-19,USC00223605,0,0.0,0.0,0.0,False
2005-09-19,USC00223671,0,0.0,0.0,0.0,False
2005-09-19,USC00223887,0,0.0,0.0,0.0,False
2005-09-19,USC00223920,0,0.0,0.0,0.0,False
2005-09-19,USC00224470,0,0.11,-0.11,-0.0,False
2005-09-19,USC00224776,0,0.2,-0.2,-0.01,False
2005-09-19,USC00224939,0,0.18,-0.18,-0.01,False
2005-09-19,USC00224966,0,0.0,0.0,0.0,False
2005-09-19,USC00225020,0,0.0,0.0,0.0,False
2005-09-19,USC00225062,0,0.0,0.0,0.0,False
2005-09-19,USC00225247,0,0.2,-0.2,-0.01,False
2005-09-19,USC00225361,0,0.55,-0.55,-0.02,False
2005-09-19,USC00225611,0,4.19,-4.19,-0.15,False
2005-09-19,USC00225704,0,9.3,-9.3,-0.34,False
2005-09-19,USC00225943,0,0.16,-0.16,-0.01,False
2005-09-19,USC00225987,0,0.0,0.0,0.0,False
2005-09-19,USC00226009,0,0.0,0.0,0.0,False
2005-09-19,USC00226177,0,6.17,-6.17,-0.23,False
2005-09-19,USC00226294,0,0.19,-0.19,-0.01,False
2005-09-19,USC00226308,0,0.51,-0.51,-0.02,False
2005-09-19,USC00226513,0,0.32,-0.32,-0.01,False
2005-09-19,USC00226638,0,0.23,-0.23,-0.01,False
2005-09-19,USC00226640,0,0.16,-0.16,-0.01,False
2005-09-19,USC00226642,0,0.14,-0.14,-0.01,False
2005-09-19,USC00226643,0,0.33,-0.33,-0.01,False
2005-09-19,USC00226644,8,0.0,8.0,0.29,False
2005-09-19,USC00226894,0,0.33,-0.33,-0.01,False
2005-09-19,USC00226921,0,0.0,0.0,0.0,False
2005-09-19,USC00226924,0,0.0,0.0,0.0,False
2005-09-19,USC00226926,0,0.18,-0.18,-0.01,False
2005-09-19,USC00227128,0,0.0,0.0,0.0,False
2005-09-19,USC00227132,0,5.42,-5.42,-0.2,False
2005-09-19,USC00227172,0,0.0,0.0,0.0,False
2005-09-19,USC00227220,0,0.0,0.0,0.0,False
2005-09-19,USC00227276,0,0.26,-0.26,-0.01,False
2005-09-19,USC00227560,0,0.0,0.0,0.0,False
2005-09-19,USC00227595,0,0.13,-0.13,-0.0,False
2005-09-19,USC00227831,0,0.0,0.0,0.0,False
2005-09-19,USC00227840,0,0.0,0.0,0.0,False
2005-09-19,USC00228053,0,0.19,-0.19,-0.01,False
2005-09-19,USC00228374,0,0.0,0.0,0.0,False
2005-09-19,USC00228413,0,0.0,0.0,0.0,False
2005-09-19,USC00228445,0,0.0,0.0,0.0,False
2005-09-19,USC00228556,0,0.0,0.0,0.0,False
2005-09-19,USC00228899,0,0.23,-0.23,-0.01,False
2005-09-19,USC00229048,0,2.91,-2.91,-0.11,False
2005-09-19,USC00229072,0,6.54,-6.54,-0.24,False
2005-09-19,USC00229114,0,0.0,0.0,0.0,False
2005-09-19,USC00229230,0,0.0,0.0,0.0,False
2005-09-19,USC00229326,0,0.36,-0.36,-0.01,False
2005-09-19,USC00229439,0,0.17,-0.17,-0.01,False
2005-09-19,USC00229597,0,0.2,-0.2,-0.01,False
2005-09-19,USC00229639,0,0.0,0.0,0.0,False
2005-09-19,USC00229743,0,0.0,0.0,0.0,False
2005-09-19,USC00229793,0,17.47,-17.47,-0.64,False
2005-09-19,USC00229860,0,0.0,0.0,0.0,False
2005-09-19,USC00410144,0,0.0,0.0,0.0,False
2005-09-19,USC00410190,0,0.71,-0.71,-0.03,False
2005-09-19,USC00410204,0,0.0,0.0,0.0,False
2005-09-19,USC00410206,0,0.0,0.0,0.0,False
2005-09-19,USC00410235,0,0.0,0.0,0.0,False
2005-09-19,USC00410246,0,0.0,0.0,0.0,False
2005-09-19,USC00410257,0,0.0,0.0,0.0,False
2005-09-19,USC00410271,0,0.0,0.0,0.0,False
2005-09-19,USC00410297,0,0.0,0.0,0.0,False
2005-09-19,USC00410305,0,0.0,0.0,0.0,False
2005-09-19,USC00410337,0,3.93,-3.93,-0.14,False
2005-09-19,USC00410345,0,0.29,-0.29,-0.01,False
2005-09-19,USC00410404,0,0.8,-0.8,-0.03,False
2005-09-19,USC00410408,0,0.0,0.0,0.0,False
2005-09-19,USC00410431,0,0.0,0.0,0.0,False
2005-09-19,USC00410433,0,0.0,0.0,0.0,False
2005-09-19,USC00410518,0,0.0,0.0,0.0,False
2005-09-19,USC00410569,0,0.0,0.0,0.0,False
2005-09-19,USC00410586,0,0.0,0.0,0.0,False
2005-09-19,USC00410611,0,0.0,0.0,0.0,False
2005-09-19,USC00410613,0,0.0,0.0,0.0,False
2005-09-19,USC00410639,0,0.0,0.0,0.0,False
2005-09-19,USC00410655,0,0.0,0.0,0.0,False
2005-09-19,USC00410660,0,0.0,0.0,0.0,False
2005-09-19,USC00410690,0,0.0,0.0,0.0,False
2005-09-19,USC00410691,0,0.0,0.0,0.0,False
2005-09-19,USC00410738,0,0.0,0.0,0.0,False
2005-09-19,USC00410805,0,0.0,0.0,0.0,False
2005-09-19,USC00410832,0,0.0,0.0,0.0,False
2005-09-19,USC00411026,0,0.0,0.0,0.0,False
2005-09-19,USC00411035,0,0.0,0.0,0.0,False
2005-09-19,USC00411045,0,0.0,0.0,0.0,False
2005-09-19,USC00411048,0,0.0,0.0,0.0,False
2005-09-19,USC00411089,0,0.0,0.0,0.0,False
2005-09-19,USC00411215,0,0.0,0.0,0.0,False
2005-09-19,USC00411246,0,0.0,0.0,0.0,False
2005-09-19,USC00411250,0,0.0,0.0,0.0,False
2005-09-19,USC00411253,0,0.0,0.0,0.0,False
2005-09-19,USC00411314,0,0.0,0.0,0.0,False
2005-09-19,USC00411337,0,0.0,0.0,0.0,False
2005-09-19,USC00411348,0,0.0,0.0,0.0,False
2005-09-19,USC00411429,0,0.0,0.0,0.0,False
2005-09-19,USC00411433,0,0.0,0.0,0.0,False
2005-09-19,USC00411541,0,0.0,0.0,0.0,False
2005-09-19,USC00411578,0,0.0,0.0,0.0,False
2005-09-19,USC00411580,0,0.0,0.0,0.0,False
2005-09-19,USC00411596,0,0.85,-0.85,-0.03,False
2005-09-19,USC00411625,0,0.0,0.0,0.0,False
2005-09-19,USC00411671,0,0.0,0.0,0.0,False
2005-09-19,USC00411711,0,0.0,0.0,0.0,False
2005-09-19,USC00411720,0,0.0,0.0,0.0,False
2005-09-19,USC00411800,0,0.0,0.0,0.0,False
2005-09-19,USC00411804,0,0.0,0.0,0.0,False
2005-09-19,USC00411810,0,0.0,0.0,0.0,False
2005-09-19,USC00411838,0,0.0,0.0,0.0,False
2005-09-19,USC00411880,0,0.0,0.0,0.0,False
2005-09-19,USC00411911,0,0.0,0.0,0.0,False
2005-09-19,USC00411921,0,19.55,-19.55,-0.71,False
2005-09-19,USC00411956,0,0.0,0.0,0.0,False
2005-09-19,USC00411970,0,15.83,-15.83,-0.58,False
2005-09-19,USC00411990,0,0.0,0.0,0.0,False
2005-09-19,USC00412011,0,0.0,0.0,0.0,False
2005-09-19,USC00412013,0,0.0,0.0,0.0,False
2005-09-19,USC00412017,0,0.0,0.0,0.0,False
2005-09-19,USC00412019,0,0.3,-0.3,-0.01,False
2005-09-19,USC00412020,0,0.4,-0.4,-0.01,False
2005-09-19,USC00412086,0,0.0,0.0,0.0,False
2005-09-19,USC00412088,0,0.0,0.0,0.0,False
2005-09-19,USC00412096,0,0.0,0.0,0.0,False
2005-09-19,USC00412114,0,0.97,-0.97,-0.04,False
2005-09-19,USC00412173,0,0.0,0.0,0.0,False
2005-09-19,USC00412206,0,0.0,0.0,0.0,False
2005-09-19,USC00412218,0,0.0,0.0,0.0,False
2005-09-19,USC00412225,0,0.0,0.0,0.0,False
2005-09-19,USC00412266,0,0.0,0.0,0.0,False
2005-09-19,USC00412295,0,0.0,0.0,0.0,False
2005-09-19,USC00412334,0,0.0,0.0,0.0,False
2005-09-19,USC00412404,0,5.83,-5.83,-0.21,False
2005-09-19,USC00412444,0,0.69,-0.69,-0.03,False
2005-09-19,USC00412462,0,0.0,0.0,0.0,False
2005-09-19,USC00412518,0,0.21,-0.21,-0.01,False
2005-09-19,USC00412585,0,0.0,0.0,0.0,False
2005-09-19,USC00412758,0,0.32,-0.32,-0.01,False
2005-09-19,USC00412770,0,0.0,0.0,0.0,False
2005-09-19,USC00412772,0,0.41,-0.41,-0.02,False
2005-09-19,USC00412786,0,0.0,0.0,0.0,False
2005-09-19,USC00412820,0,0.0,0.0,0.0,False
2005-09-19,USC00413005,0,0.0,0.0,0.0,False
2005-09-19,USC00413047,0,0.85,-0.85,-0.03,False
2005-09-19,USC00413065,0,0.0,0.0,0.0,False
2005-09-19,USC00413080,406,0.0,406.0,14.82,True
2005-09-19,USC00413112,0,0.0,0.0,0.0,False
2005-09-19,USC00413156,0,0.0,0.0,0.0,False
2005-09-19,USC00413171,0,0.0,0.0,0.0,False
2005-09-19,USC00413183,0,0.0,0.0,0.0,False
2005-09-19,USC00413199,0,0.0,0.0,0.0,False
2005-09-19,USC00413201,0,0.0,0.0,0.0,False
2005-09-19,USC00413285,0,3.12,-3.12,-0.11,False
2005-09-19,USC00413289,0,0.0,0.0,0.0,False
2005-09-19,USC00413321,0,0.0,0.0,0.0,False
2005-09-19,USC00413340,0,0.0,0.0,0.0,False
2005-09-19,USC00413370,0,10.29,-10.29,-0.38,False
2005-09-19,USC00413485,0,0.0,0.0,0.0,False
2005-09-19,USC00413507,0,0.0,0.0,0.0,False
2005-09-19,USC00413508,0,0.0,0.0,0.0,False
2005-09-19,USC00413525,0,0.0,0.0,0.0,False
2005-09-19,USC00413546,0,0.0,0.0,0.0,False
2005-09-19,USC00413618,0,0.0,0.0,0.0,False
2005-09-19,USC00413622,0,0.0,0.0,0.0,False
2005-09-19,USC00413624,0,0.0,0.0,0.0,False
2005-09-19,USC00413639,0,0.0,0.0,0.0,False
2005-09-19,USC00413675,0,0.0,0.0,0.0,False
2005-09-19,USC00413685,0,0.0,0.0,0.0,False
2005-09-19,USC00413686,0,0.0,0.0,0.0,False
2005-09-19,USC00413691,0,4.5,-4.5,-0.16,False
2005-09-19,USC00413734,0,33.89,-33.89,-1.24,False
2005-09-19,USC00413846,0,10.33,-10.33,-0.38,False
2005-09-19,USC00413873,0,0.0,0.0,0.0,False
2005-09-19,USC00413877,0,0.0,0.0,0.0,False
2005-09-19,USC00413884,0,0.0,0.0,0.0,False
2005-09-19,USC00413941,0,0.0,0.0,0.0,False
2005-09-19,USC00413943,0,0.14,-0.14,-0.01,False
2005-09-19,USC00414020,0,0.07,-0.07,-0.0,False
2005-09-19,USC00414077,0,0.0,0.0,0.0,False
2005-09-19,USC00414081,0,0.28,-0.28,-0.01,False
2005-09-19,USC00414137,0,0.0,0.0,0.0,False
2005-09-19,USC00414182,0,0.0,0.0,0.0,False
2005-09-19,USC00414202,0,0.0,0.0,0.0,False
2005-09-19,USC00414315,0,0.0,0.0,0.0,False
2005-09-19,USC00414321,0,0.0,0.0,0.0,False
2005-09-19,USC00414325,0,0.0,0.0,0.0,False
2005-09-19,USC00414326,0,0.0,0.0,0.0,False
2005-09-19,USC00414327,0,0.0,0.0,0.0,False
2005-09-19,USC00414333,0,0.0,0.0,0.0,False
2005-09-19,USC00414343,0,0.0,0.0,0.0,False
2005-09-19,USC00414382,0,0.0,0.0,0.0,False
2005-09-19,USC00414390,0,0.0,0.0,0.0,False
2005-09-19,USC00414505,0,0.0,0.0,0.0,False
2005-09-19,USC00414517,0,0.0,0.0,0.0,False
2005-09-19,USC00414525,0,0.64,-0.64,-0.02,False
2005-09-19,USC00414531,0,0.0,0.0,0.0,False
2005-09-19,USC00414556,0,0.0,0.0,0.0,False
2005-09-19,USC00414563,0,0.0,0.0,0.0,False
2005-09-19,USC00414575,0,0.0,0.0,0.0,False
2005-09-19,USC00414597,0,4.07,-4.07,-0.15,False
2005-09-19,USC00414605,0,0.0,0.0,0.0,False
2005-09-19,USC00414679,0,4.13,-4.13,-0.15,False
2005-09-19,USC00414693,0,0.0,0.0,0.0,False
2005-09-19,USC00414696,0,0.0,0.0,0.0,False
2005-09-19,USC00414704,0,0.0,0.0,0.0,False
2005-09-19,USC00414705,0,7.61,-7.61,-0.28,False
2005-09-19,USC00414708,0,7.92,-7.92,-0.29,False
2005-09-19,USC00414805,0,0.0,0.0,0.0,False
2005-09-19,USC00414810,0,0.0,0.0,0.0,False
2005-09-19,USC00414866,0,0.0,0.0,0.0,False
2005-09-19,USC00414878,0,0.0,0.0,0.0,False
2005-09-19,USC00414903,0,0.0,0.0,0.0,False
2005-09-19,USC00414911,0,0.32,-0.32,-0.01,False
2005-09-19,USC00414972,0,0.0,0.0,0.0,False
2005-09-19,USC00414976,0,6.79,-6.79,-0.25,False
2005-09-19,USC00414980,0,12.01,-12.01,-0.44,False
2005-09-19,USC00415018,0,0.0,0.0,0.0,False
2005-09-19,USC00415094,0,20.88,-20.88,-0.76,False
2005-09-19,USC00415116,0,0.0,0.0,0.0,False
2005-09-19,USC00415192,0,5.86,-5.86,-0.21,False
2005-09-19,USC00415193,0,0.0,0.0,0.0,False
2005-09-19,USC00415229,0,0.0,0.0,0.0,False
2005-09-19,USC00415271,0,0.0,0.0,0.0,False
2005-09-19,USC00415285,0,0.0,0.0,0.0,False
2005-09-19,USC00415341,0,0.0,0.0,0.0,False
2005-09-19,USC00415344,0,0.0,0.0,0.0,False
2005-09-19,USC00415415,0,0.53,-0.53,-0.02,False
2005-09-19,USC00415429,0,0.0,0.0,0.0,False
2005-09-19,USC00415430,0,0.0,0.0,0.0,False
2005-09-19,USC00415435,0,0.0,0.0,0.0,False
2005-09-19,USC00415477,0,0.47,-0.47,-0.02,False
2005-09-19,USC00415611,0,0.0,0.0,0.0,False
2005-09-19,USC00415618,0,0.0,0.0,0.0,False
2005-09-19,USC00415659,0,0.0,0.0,0.0,False
2005-09-19,USC00415661,0,0.0,0.0,0.0,False
2005-09-19,USC00415701,0,0.11,-0.11,-0.0,False
2005-09-19,USC00415721,0,0.27,-0.27,-0.01,False
2005-09-19,USC00415757,0,0.0,0.0,0.0,False
2005-09-19,USC00415766,0,5.27,-5.27,-0.19,False
2005-09-19,USC00415836,0,0.21,-0.21,-0.01,False
2005-09-19,USC00415845,0,0.0,0.0,0.0,False
2005-09-19,USC00415897,0,3.99,-3.99,-0.15,False
2005-09-19,USC00415904,0,0.55,-0.55,-0.02,False
2005-09-19,USC00415954,0,5.84,-5.84,-0.21,False
2005-09-19,USC00416024,0,0.0,0.0,0.0,False
2005-09-19,USC00416058,0,0.0,0.0,0.0,False
2005-09-19,USC00416060,0,0.0,0.0,0.0,False
2005-09-19,USC00416108,0,0.0,0.0,0.0,False
2005-09-19,USC00416119,0,7.42,-7.42,-0.27,False
2005-09-19,USC00416177,0,0.11,-0.11,-0.0,False
2005-09-19,USC00416210,0,0.22,-0.22,-0.01,False
2005-09-19,USC00416265,0,0.0,0.0,0.0,False
2005-09-19,USC00416270,0,0.0,0.0,0.0,False
2005-09-19,USC00416276,0,0.0,0.0,0.0,False
2005-09-19,USC00416280,0,0.0,0.0,0.0,False
2005-09-19,USC00416331,0,0.0,0.0,0.0,False
2005-09-19,USC00416335,0,0.5,-0.5,-0.02,False
2005-09-19,USC00416341,0,0.15,-0.15,-0.01,False
2005-09-19,USC00416367,0,0.0,0.0,0.0,False
2005-09-19,USC00416368,0,0.0,0.0,0.0,False
2005-09-19,USC00416496,0,1.74,-1.74,-0.06,False
2005-09-19,USC00416664,0,0.0,0.0,0.0,False
2005-09-19,USC00416680,0,0.0,0.0,0.0,False
2005-09-19,USC00416739,0,0.0,0.0,0.0,False
2005-09-19,USC00416766,0,0.0,0.0,0.0,False
2005-09-19,USC00417017,0,0.0,0.0,0.0,False
2005-09-19,USC00417040,0,0.0,0.0,0.0,False
2005-09-19,USC00417111,0,0.0,0.0,0.0,False
2005-09-19,USC00417140,0,0.0,0.0,0.0,False
2005-09-19,USC00417170,0,0.0,0.0,0.0,False
2005-09-19,USC00417172,0,0.0,0.0,0.0,False
2005-09-19,USC00417179,0,0.13,-0.13,-0.0,False
2005-09-19,USC00417184,0,0.25,-0.25,-0.01,False
2005-09-19,USC00417186,0,0.0,0.0,0.0,False
2005-09-19,USC00417300,0,0.0,0.0,0.0,False
2005-09-19,USC00417365,0,5.95,-5.95,-0.22,False
2005-09-19,USC00417388,0,0.0,0.0,0.0,False
2005-09-19,USC00417458,0,0.39,-0.39,-0.01,False
2005-09-19,USC00417530,0,0.0,0.0,0.0,False
2005-09-19,USC00417533,0,0.0,0.0,0.0,False
2005-09-19,USC00417550,0,0.0,0.0,0.0,False
2005-09-19,USC00417586,0,0.0,0.0,0.0,False
2005-09-19,USC00417588,0,9.26,-9.26,-0.34,False
2005-09-19,USC00417594,0,0.0,0.0,0.0,False
2005-09-19,USC00417659,0,3.84,-3.84,-0.14,False
2005-09-19,USC00417677,0,0.0,0.0,0.0,False
2005-09-19,USC00417685,0,0.0,0.0,0.0,False
2005-09-19,USC00417704,0,0.0,0.0,0.0,False
2005-09-19,USC00417707,0,15.57,-15.57,-0.57,False
2005-09-19,USC00417744,0,0.0,0.0,0.0,False
2005-09-19,USC00417773,0,6.47,-6.47,-0.24,False
2005-09-19,USC00417787,0,0.0,0.0,0.0,False
2005-09-19,USC00417791,0,0.0,0.0,0.0,False
2005-09-19,USC00417836,0,0.0,0.0,0.0,False
2005-09-19,USC00417841,0,0.58,-0.58,-0.02,False
2005-09-19,USC00417936,0,0.0,0.0,0.0,False
2005-09-19,USC00417947,0,0.0,0.0,0.0,False
2005-09-19,USC00417951,0,0.0,0.0,0.0,False
2005-09-19,USC00417981,0,0.29,-0.29,-0.01,False
2005-09-19,USC00417983,0,0.0,0.0,0.0,False
2005-09-19,USC00418050,0,0.19,-0.19,-0.01,False
2005-09-19,USC00418059,0,0.28,-0.28,-0.01,False
2005-09-19,USC00418081,0,0.18,-0.18,-0.01,False
2005-09-19,USC00418126,0,0.0,0.0,0.0,False
2005-09-19,USC00418187,0,0.0,0.0,0.0,False
2005-09-19,USC00418311,0,0.0,0.0,0.0,False
2005-09-19,USC00418415,0,0.0,0.0,0.0,False
2005-09-19,USC00418446,0,0.0,0.0,0.0,False
2005-09-19,USC00418487,0,0.18,-0.18,-0.01,False
2005-09-19,USC00418519,0,0.0,0.0,0.0,False
2005-09-19,USC00418531,0,0.0,0.0,0.0,False
2005-09-19,USC00418544,0,0.0,0.0,0.0,False
2005-09-19,USC00418646,0,0.0,0.0,0.0,False
2005-09-19,USC00418658,0,0.0,0.0,0.0,False
2005-09-19,USC00418696,0,0.0,0.0,0.0,False
2005-09-19,USC00418728,0,0.0,0.0,0.0,False
2005-09-19,USC00418743,0,11.8,-11.8,-0.43,False
2005-09-19,USC00418862,0,0.0,0.0,0.0,False
2005-09-19,USC00418929,0,8.81,-8.81,-0.32,False
2005-09-19,USC00418942,0,0.0,0.0,0.0,False
2005-09-19,USC00418996,0,0.0,0.0,0.0,False
2005-09-19,USC00419001,0,0.0,0.0,0.0,False
2005-09-19,USC00419004,0,0.31,-0.31,-0.01,False
2005-09-19,USC00419007,0,0.0,0.0,0.0,False
2005-09-19,USC00419076,0,0.0,0.0,0.0,False
2005-09-19,USC00419099,0,0.0,0.0,0.0,False
2005-09-19,USC00419101,0,0.0,0.0,0.0,False
2005-09-19,USC00419125,0,26.68,-26.68,-0.97,False
2005-09-19,USC00419153,0,0.0,0.0,0.0,False
2005-09-19,USC00419207,0,0.38,-0.38,-0.01,False
2005-09-19,USC00419361,0,0.0,0.0,0.0,False
2005-09-19,USC00419367,0,0.0,0.0,0.0,False
2005-09-19,USC00419417,0,0.0,0.0,0.0,False
2005-09-19,USC00419491,0,0.0,0.0,0.0,False
2005-09-19,USC00419504,0,0.0,0.0,0.0,False
2005-09-19,USC00419532,0,0.0,0.0,0.0,False
2005-09-19,USC00419559,0,0.0,0.0,0.0,False
2005-09-19,USC00419593,0,0.0,0.0,0.0,False
2005-09-19,USC00419655,0,0.0,0.0,0.0,False
2005-09-19,USC00419709,0,0.0,0.0,0.0,False
2005-09-19,USC00419715,0,0.0,0.0,0.0,False
2005-09-19,USC00419717,0,0.0,0.0,0.0,False
2005-09-19,USC00419754,0,0.0,0.0,0.0,False
2005-09-19,USC00419800,0,9.67,-9.67,-0.35,False
2005-09-19,USC00419815,0,0.0,0.0,0.0,False
2005-09-19,USC00419836,0,6.88,-6.88,-0.25,False
2005-09-19,USC00419859,0,24.68,-24.68,-0.9,False
2005-09-19,USC00419898,0,0.0,0.0,0.0,False
2005-09-19,USC00419916,0,0.0,0.0,0.0,False
2005-09-19,USC00419953,0,0.0,0.0,0.0,False
2005-09-19,USC00419962,0,0.0,0.0,0.0,False
2005-09-19,USW00003855,0,7.86,-7.86,-0.29,False
2005-09-19,USW00003866,0,0.22,-0.22,-0.01,False
2005-09-19,USW00003881,0,1.16,-1.16,-0.04,False
2005-09-19,USW00003901,0,0.0,0.0,0.0,False
2005-09-19,USW00003904,0,0.0,0.0,0.0,False
2005-09-19,USW00003927,0,4.42,-4.42,-0.16,False
2005-09-19,USW00003937,0,0.17,-0.17,-0.01,False
2005-09-19,USW00003940,0,0.13,-0.13,-0.0,False
2005-09-19,USW00003951,0,0.0,0.0,0.0,False
2005-09-19,USW00003969,0,0.0,0.0,0.0,False
2005-09-19,USW00003971,0,4.8,-4.8,-0.18,False
2005-09-19,USW00003991,0,5.43,-5.43,-0.2,False
2005-09-19,USW00003996,0,0.0,0.0,0.0,False
2005-09-19,USW00003999,0,0.0,0.0,0.0,False
2005-09-19,USW00012904,0,0.14,-0.14,-0.01,False
2005-09-19,USW00012912,0,0.0,0.0,0.0,False
2005-09-19,USW00012916,0,0.0,0.0,0.0,False
2005-09-19,USW00012917,0,0.0,0.0,0.0,False
2005-09-19,USW00012918,0,0.0,0.0,0.0,False
2005-09-19,USW00012921,0,0.0,0.0,0.0,False
2005-09-19,USW00012923,0,0.0,0.0,0.0,False
2005-09-19,USW00012924,0,0.0,0.0,0.0,False
2005-09-19,USW00012926,0,0.0,0.0,0.0,False
2005-09-19,USW00012928,0,0.0,0.0,0.0,False
2005-09-19,USW00012930,0,0.0,0.0,0.0,False
2005-09-19,USW00012932,0,0.0,0.0,0.0,False
2005-09-19,USW00012935,0,0.0,0.0,0.0,False
2005-09-19,USW00012957,0,0.14,-0.14,-0.0,False
2005-09-19,USW00012959,0,0.11,-0.11,-0.0,False
2005-09-19,USW00012960,0,0.0,0.0,0.0,False
2005-09-19,USW00012968,0,0.0,0.0,0.0,False
2005-09-19,USW00012970,0,0.0,0.0,0.0,False
2005-09-19,USW00012971,0,0.0,0.0,0.0,False
2005-09-19,USW00012972,0,0.0,0.0,0.0,False
2005-09-19,USW00012975,0,0.0,0.0,0.0,False
2005-09-19,USW00012976,0,0.0,0.0,0.0,False
2005-09-19,USW00012977,0,0.0,0.0,0.0,False
2005-09-19,USW00012987,5,0.0,5.0,0.18,False
2005-09-19,USW00013833,0,0.0,0.0,0.0,False
2005-09-19,USW00013838,0,1.79,-1.79,-0.07,False
2005-09-19,USW00013865,0,0.28,-0.28,-0.01,False
2005-09-19,USW00013894,0,0.0,0.0,0.0,False
2005-09-19,USW00013899,0,20.74,-20.74,-0.76,False
2005-09-19,USW00013904,0,0.0,0.0,0.0,False
2005-09-19,USW00013911,0,0.0,0.0,0.0,False
2005-09-19,USW00013927,0,0.0,0.0,0.0,False
2005-09-19,USW00013935,0,1.76,-1.76,-0.06,False
2005-09-19,USW00013939,0,0.0,0.0,0.0,False
2005-09-19,USW00013942,0,0.0,0.0,0.0,False
2005-09-19,USW00013957,0,0.0,0.0,0.0,False
2005-09-19,USW00013958,0,0.0,0.0,0.0,False
2005-09-19,USW00013959,0,0.0,0.0,0.0,False
2005-09-19,USW00013960,0,5.82,-5.82,-0.21,False
2005-09-19,USW00013961,0,0.0,0.0,0.0,False
2005-09-19,USW00013970,0,1.99,-1.99,-0.07,False
2005-09-19,USW00013972,0,0.36,-0.36,-0.01,False
2005-09-19,USW00013976,0,1.01,-1.01,-0.04,False
2005-09-19,USW00013977,0,0.0,0.0,0.0,False
2005-09-19,USW00013978,0,0.0,0.0,0.0,False
2005-09-19,USW00053820,0,2.07,-2.07,-0.08,False
2005-09-19,USW00053858,0,0.0,0.0,0.0,False
2005-09-19,USW00053865,0,0.0,0.0,0.0,False
2005-09-19,USW00053902,0,0.0,0.0,0.0,False
2005-09-19,USW00053903,0,0.0,0.0,0.0,False
2005-09-19,USW00053905,0,0.0,0.0,0.0,False
2005-09-19,USW00053907,0,3.55,-3.55,-0.13,False
2005-09-19,USW00053909,0,3.66,-3.66,-0.13,False
2005-09-19,USW00053910,0,0.0,0.0,0.0,False
2005-09-19,USW00053911,0,8.77,-8.77,-0.32,False
2005-09-19,USW00053912,0,0.39,-0.39,-0.01,False
2005-09-19,USW00053914,0,5.27,-5.27,-0.19,False
2005-09-19,USW00053915,0,0.0,0.0,0.0,False
2005-09-19,USW00053960,0,0.33,-0.33,-0.01,False
2005-09-19,USW00053961,0,0.0,0.0,0.0,False
2005-09-19,USW00053968,13,0.95,12.05,0.44,False
2005-09-19,USW00063831,0,0.47,-0.47,-0.02,False
2005-09-19,USW00063858,0,0.31,-0.31,-0.01,False
2005-09-19,USW00093806,18,0.13,17.87,0.65,False
2005-09-19,USW00093841,0,6.41,-6.41,-0.23,False
2005-09-19,USW00093874,0,0.0,0.0,0.0,False
2005-09-19,USW00093914,5,2.43,2.57,0.09,False
2005-09-19,USW00093915,0,1.59,-1.59,-0.06,False
2005-09-19,USW00093919,0,3.86,-3.86,-0.14,False
2005-09-19,USW00093985,0,0.0,0.0,0.0,False
2005-09-19,USW00093987,0,0.0,0.0,0.0,False
2005-09-19,USW00093992,0,0.0,0.0,0.0,False
2005-09-20,US1TXDA0001,0,0.0,0.0,0.0,False
2005-09-20,US1TXMTG001,0,0.18,-0.18,-0.01,False
2005-09-20,US1TXUP0001,0,0.0,0.0,0.0,False
2005-09-20,USC00010140,0,0.0,0.0,0.0,False
2005-09-20,USC00010178,0,0.0,0.0,0.0,False
2005-09-20,USC00010184,0,0.0,0.0,0.0,False
2005-09-20,USC00010402,0,1.1,-1.1,-0.08,False
2005-09-20,USC00010505,0,0.0,0.0,0.0,False
2005-09-20,USC00010583,0,2.22,-2.22,-0.17,False
2005-09-20,USC00010764,0,0.0,0.0,0.0,False
2005-09-20,USC00011080,0,0.67,-0.67,-0.05,False
2005-09-20,USC00011084,0,0.87,-0.87,-0.07,False
2005-09-20,USC00011143,0,0.0,0.0,0.0,False
2005-09-20,USC00011566,0,0.0,0.0,0.0,False
2005-09-20,USC00011690,0,0.0,0.0,0.0,False
2005-09-20,USC00011803,0,1.95,-1.95,-0.15,False
2005-09-20,USC00011810,0,0.0,0.0,0.0,False
2005-09-20,USC00012172,0,2.57,-2.57,-0.19,False
2005-09-20,USC00012245,0,0.0,0.0,0.0,False
2005-09-20,USC00012813,5,3.84,1.16,0.09,False
2005-09-20,USC00013160,0,0.0,0.0,0.0,False
2005-09-20,USC00013511,0,0.0,0.0,0.0,False
2005-09-20,USC00013930,0,0.0,0.0,0.0,False
2005-09-20,USC00014193,0,0.0,0.0,0.0,False
2005-09-20,USC00014798,0,0.0,0.0,0.0,False
2005-09-20,USC00015121,0,0.0,0.0,0.0,False
2005-09-20,USC00015420,0,0.0,0.0,0.0,False
2005-09-20,USC00015658,0,0.0,0.0,0.0,False
2005-09-20,USC00016847,0,0.0,0.0,0.0,False
2005-09-20,USC00016988,23,0.88,22.12,1.67,False
2005-09-20,USC00017366,0,0.0,0.0,0.0,False
2005-09-20,USC00018178,0,0.0,0.0,0.0,False
2005-09-20,USC00018380,0,0.0,0.0,0.0,False
2005-09-20,USC00018385,0,0.0,0.0,0.0,False
2005-09-20,USC00018446,0,0.0,0.0,0.0,False
2005-09-20,USC00018637,0,0.87,-0.87,-0.07,False
2005-09-20,USC00018673,0,0.0,0.0,0.0,False
2005-09-20,USC00018809,0,0.0,0.0,0.0,False
2005-09-20,USC00018867,0,0.0,0.0,0.0,False
2005-09-20,USC00031140,0,0.1,-0.1,-0.01,False
2005-09-20,USC00031730,0,0.16,-0.16,-0.01,False
2005-09-20,USC00032355,0,0.06,-0.06,-0.0,False
2005-09-20,USC00032475,0,0.21,-0.21,-0.02,False
2005-09-20,USC00034185,0,0.0,0.0,0.0,False
2005-09-20,USC00034548,0,0.0,0.0,0.0,False
2005-09-20,USC00034936,0,0.11,-0.11,-0.01,False
2005-09-20,USC00035866,0,0.08,-0.08,-0.01,False
2005-09-20,USC00085793,0,1.37,-1.37,-0.1,False
2005-09-20,USC00086999,0,1.28,-1.28,-0.1,False
2005-09-20,USC00160007,0,0.11,-0.11,-0.01,False
2005-09-20,USC00160016,0,0.0,0.0,0.0,False
2005-09-20,USC00160021,0,0.0,0.0,0.0,False
2005-09-20,USC00160098,0,0.0,0.0,0.0,False
2005-09-20,USC00160103,0,0.0,0.0,0.0,False
2005-09-20,USC00160205,0,0.0,0.0,0.0,False
2005-09-20,USC00160238,0,3.72,-3.72,-0.28,False
2005-09-20,USC00160277,0,0.03,-0.03,-0.0,False
2005-09-20,USC00160349,0,0.0,0.0,0.0,False
2005-09-20,USC00160462,0,0.01,-0.01,-0.0,False
2005-09-20,USC00160537,0,0.12,-0.12,-0.01,False
2005-09-20,USC00160546,0,0.01,-0.01,-0.0,False
2005-09-20,USC00160548,0,0.02,-0.02,-0.0,False
2005-09-20,USC00160558,0,0.01,-0.01,-0.0,False
2005-09-20,USC00160565,0,0.04,-0.04,-0.0,False
2005-09-20,USC00160617,0,0.03,-0.03,-0.0,False
2005-09-20,USC00160718,0,0.0,0.0,0.0,False
2005-09-20,USC00160800,0,0.03,-0.03,-0.0,False
2005-09-20,USC00161200,0,0.0,0.0,0.0,False
2005-09-20,USC00161232,0,0.0,0.0,0.0,False
2005-09-20,USC00161235,0,0.0,0.0,0.0,False
2005-09-20,USC00161246,0,0.02,-0.02,-0.0,False
2005-09-20,USC00161287,0,0.0,0.0,0.0,False
2005-09-20,USC00161365,0,0.08,-0.08,-0.01,False
2005-09-20,USC00161411,0,0.07,-0.07,-0.01,False
2005-09-20,USC00161535,0,0.07,-0.07,-0.01,False
2005-09-20,USC00161565,0,0.02,-0.02,-0.0,False
2005-09-20,USC00161866,0,0.0,0.0,0.0,False
2005-09-20,USC00161899,0,0.0,0.0,0.0,False
2005-09-20,USC00161941,0,0.0,0.0,0.0,False
2005-09-20,USC00161979,0,0.04,-0.04,-0.0,False
2005-09-20,USC00162002,0,0.0,0.0,0.0,False
2005-09-20,USC00162121,0,0.0,0.0,0.0,False
2005-09-20,USC00162151,0,0.0,0.0,0.0,False
2005-09-20,USC00162212,0,0.06,-0.06,-0.0,False
2005-09-20,USC00162350,0,0.01,-0.01,-0.0,False
2005-09-20,USC00162367,0,0.0,0.0,0.0,False
2005-09-20,USC00162534,0,0.02,-0.02,-0.0,False
2005-09-20,USC00162536,0,0.02,-0.02,-0.0,False
2005-09-20,USC00162641,0,0.0,0.0,0.0,False
2005-09-20,USC00162812,0,0.0,0.0,0.0,False
2005-09-20,USC00162981,0,0.04,-0.04,-0.0,False
2005-09-20,USC00163079,0,0.11,-0.11,-0.01,False
2005-09-20,USC00163165,0,0.0,0.0,0.0,False
2005-09-20,USC00163313,0,0.07,-0.07,-0.01,False
2005-09-20,USC00163322,0,0.0,0.0,0.0,False
2005-09-20,USC00163433,0,0.0,0.0,0.0,False
2005-09-20,USC00163695,0,0.02,-0.02,-0.0,False
2005-09-20,USC00163800,0,0.06,-0.06,-0.0,False
2005-09-20,USC00163804,0,0.0,0.0,0.0,False
2005-09-20,USC00163867,0,0.01,-0.01,-0.0,False
2005-09-20,USC00163877,0,0.0,0.0,0.0,False
2005-09-20,USC00163979,0,0.0,0.0,0.0,False
2005-09-20,USC00164030,0,0.0,0.0,0.0,False
2005-09-20,USC00164034,0,0.0,0.0,0.0,False
2005-09-20,USC00164050,0,0.0,0.0,0.0,False
2005-09-20,USC00164131,0,0.03,-0.03,-0.0,False
2005-09-20,USC00164288,0,0.0,0.0,0.0,False
2005-09-20,USC00164355,0,0.03,-0.03,-0.0,False
2005-09-20,USC00164398,0,0.0,0.0,0.0,False
2005-09-20,USC00164407,0,0.0,0.0,0.0,False
2005-09-20,USC00164573,0,0.0,0.0,0.0,False
2005-09-20,USC00164592,0,0.0,0.0,0.0,False
2005-09-20,USC00164674,0,0.11,-0.11,-0.01,False
2005-09-20,USC00164696,0,0.0,0.0,0.0,False
2005-09-20,USC00164700,0,0.05,-0.05,-0.0,False
2005-09-20,USC00164732,0,0.03,-0.03,-0.0,False
2005-09-20,USC00164735,0,0.03,-0.03,-0.0,False
2005-09-20,USC00164739,0,0.0,0.0,0.0,False
2005-09-20,USC00164775,0,0.08,-0.08,-0.01,False
2005-09-20,USC00164816,0,0.0,0.0,0.0,False
2005-09-20,USC00164859,0,0.0,0.0,0.0,False
2005-09-20,USC00164931,0,0.0,0.0,0.0,False
2005-09-20,USC00165021,0,0.09,-0.09,-0.01,False
2005-09-20,USC00165065,0,0.05,-0.05,-0.0,False
2005-09-20,USC00165072,0,0.0,0.0,0.0,False
2005-09-20,USC00165074,0,0.0,0.0,0.0,False
2005-09-20,USC00165076,0,0.0,0.0,0.0,False
2005-09-20,USC00165090,0,0.05,-0.05,-0.0,False
2005-09-20,USC00165146,0,0.0,0.0,0.0,False
2005-09-20,USC00165266,0,0.0,0.0,0.0,False
2005-09-20,USC00165287,0,0.0,0.0,0.0,False
2005-09-20,USC00165296,0,0.1,-0.1,-0.01,False
2005-09-20,USC00165430,0,0.0,0.0,0.0,False
2005-09-20,USC00165438,0,0.0,0.0,0.0,False
2005-09-20,USC00165522,0,0.0,0.0,0.0,False
2005-09-20,USC00165620,0,0.02,-0.02,-0.0,False
2005-09-20,USC00165630,0,0.0,0.0,0.0,False
2005-09-20,USC00165783,0,0.0,0.0,0.0,False
2005-09-20,USC00165874,0,0.0,0.0,0.0,False
2005-09-20,USC00165892,0,0.0,0.0,0.0,False
2005-09-20,USC00165896,0,0.0,0.0,0.0,False
2005-09-20,USC00165920,0,0.0,0.0,0.0,False
2005-09-20,USC00166244,0,0.0,0.0,0.0,False
2005-09-20,USC00166314,0,0.04,-0.04,-0.0,False
2005-09-20,USC00166394,0,0.04,-0.04,-0.0,False
2005-09-20,USC00166431,0,0.0,0.0,0.0,False
2005-09-20,USC00166466,0,0.0,0.0,0.0,False
2005-09-20,USC00166561,0,0.03,-0.03,-0.0,False
2005-09-20,USC00166582,0,0.0,0.0,0.0,False
2005-09-20,USC00166657,0,0.1,-0.1,-0.01,False
2005-09-20,USC00166666,0,0.0,0.0,0.0,False
2005-09-20,USC00166686,0,0.02,-0.02,-0.0,False
2005-09-20,USC00166808,0,0.0,0.0,0.0,False
2005-09-20,USC00166836,0,0.0,0.0,0.0,False
2005-09-20,USC00166866,0,0.06,-0.06,-0.0,False
2005-09-20,USC00166868,0,0.07,-0.07,-0.01,False
2005-09-20,USC00166911,0,0.0,0.0,0.0,False
2005-09-20,USC00166938,0,0.0,0.0,0.0,False
2005-09-20,USC00166968,0,0.0,0.0,0.0,False
2005-09-20,USC00166978,0,0.0,0.0,0.0,False
2005-09-20,USC00166995,0,0.05,-0.05,-0.0,False
2005-09-20,USC00167096,0,0.0,0.0,0.0,False
2005-09-20,USC00167304,0,0.0,0.0,0.0,False
2005-09-20,USC00167312,0,0.07,-0.07,-0.01,False
2005-09-20,USC00167344,0,0.0,0.0,0.0,False
2005-09-20,USC00167366,0,0.02,-0.02,-0.0,False
2005-09-20,USC00167425,0,0.0,0.0,0.0,False
2005-09-20,USC00167448,0,0.02,-0.02,-0.0,False
2005-09-20,USC00167590,0,0.03,-0.03,-0.0,False
2005-09-20,USC00167691,0,0.06,-0.06,-0.0,False
2005-09-20,USC00167729,0,0.0,0.0,0.0,False
2005-09-20,USC00167732,0,0.0,0.0,0.0,False
2005-09-20,USC00167738,0,0.0,0.0,0.0,False
2005-09-20,USC00167767,0,0.0,0.0,0.0,False
2005-09-20,USC00167924,0,0.0,0.0,0.0,False
2005-09-20,USC00167932,0,0.06,-0.06,-0.0,False
2005-09-20,USC00168046,0,0.0,0.0,0.0,False
2005-09-20,USC00168067,0,0.04,-0.04,-0.0,False
2005-09-20,USC00168094,0,0.0,0.0,0.0,False
2005-09-20,USC00168136,0,0.02,-0.02,-0.0,False
2005-09-20,USC00168139,0,0.02,-0.02,-0.0,False
2005-09-20,USC00168163,0,0.0,0.0,0.0,False
2005-09-20,USC00168181,0,1.12,-1.12,-0.08,False
2005-09-20,USC00168436,0,0.0,0.0,0.0,False
2005-09-20,USC00168444,0,0.0,0.0,0.0,False
2005-09-20,USC00168539,0,0.0,0.0,0.0,False
2005-09-20,USC00168683,0,0.0,0.0,0.0,False
2005-09-20,USC00168785,0,0.14,-0.14,-0.01,False
2005-09-20,USC00168831,0,0.0,0.0,0.0,False
2005-09-20,USC00168861,0,0.0,0.0,0.0,False
2005-09-20,USC00168923,0,0.0,0.0,0.0,False
2005-09-20,USC00168941,0,0.0,0.0,0.0,False
2005-09-20,USC00168945,0,0.0,0.0,0.0,False
2005-09-20,USC00169013,0,0.0,0.0,0.0,False
2005-09-20,USC00169074,0,0.0,0.0,0.0,False
2005-09-20,USC00169357,0,0.0,0.0,0.0,False
2005-09-20,USC00169369,0,0.04,-0.04,-0.0,False
2005-09-20,USC00169392,0,0.0,0.0,0.0,False
2005-09-20,USC00169631,0,0.06,-0.06,-0.0,False
2005-09-20,USC00169803,0,0.0,0.0,0.0,False
2005-09-20,USC00169804,0,0.03,-0.03,-0.0,False
2005-09-20,USC00169806,0,0.03,-0.03,-0.0,False
2005-09-20,USC00169809,0,0.0,0.0,0.0,False
2005-09-20,USC00169930,0,0.02,-0.02,-0.0,False
2005-09-20,USC00169980,0,0.0,0.0,0.0,False
2005-09-20,USC00220039,0,0.0,0.0,0.0,False
2005-09-20,USC00220521,0,0.0,0.0,0.0,False
2005-09-20,USC00220523,0,7.25,-7.25,-0.55,False
2005-09-20,USC00220585,0,5.39,-5.39,-0.41,False
2005-09-20,USC00220660,0,0.0,0.0,0.0,False
2005-09-20,USC00220792,0,0.0,0.0,0.0,False
2005-09-20,USC00220891,0,0.0,0.0,0.0,False
2005-09-20,USC00221094,0,5.94,-5.94,-0.45,False
2005-09-20,USC00221174,0,0.0,0.0,0.0,False
2005-09-20,USC00221389,0,0.0,0.0,0.0,False
2005-09-20,USC00221489,0,0.0,0.0,0.0,False
2005-09-20,USC00221578,0,0.0,0.0,0.0,False
2005-09-20,USC00221852,0,17.43,-17.43,-1.31,False
2005-09-20,USC00221860,0,0.0,0.0,0.0,False
2005-09-20,USC00221865,0,6.56,-6.56,-0.49,False
2005-09-20,USC00221880,0,0.0,0.0,0.0,False
2005-09-20,USC00222034,0,0.0,0.0,0.0,False
2005-09-20,USC00222046,0,0.0,0.0,0.0,False
2005-09-20,USC00222385,0,13.41,-13.41,-1.01,False
2005-09-20,USC00223107,0,4.76,-4.76,-0.36,False
2005-09-20,USC00223340,0,0.0,0.0,0.0,False
2005-09-20,USC00223441,0,0.0,0.0,0.0,False
2005-09-20,USC00223516,0,4.73,-4.73,-0.36,False
2005-09-20,USC00223605,0,0.0,0.0,0.0,False
2005-09-20,USC00223671,0,0.0,0.0,0.0,False
2005-09-20,USC00223887,0,5.16,-5.16,-0.39,False
2005-09-20,USC00223920,0,6.94,-6.94,-0.52,False
2005-09-20,USC00224470,0,3.95,-3.95,-0.3,False
2005-09-20,USC00224776,0,0.0,0.0,0.0,False
2005-09-20,USC00224939,0,7.11,-7.11,-0.54,False
2005-09-20,USC00224966,0,0.14,-0.14,-0.01,False
2005-09-20,USC00225020,0,0.0,0.0,0.0,False
2005-09-20,USC00225062,0,0.0,0.0,0.0,False
2005-09-20,USC00225247,0,0.0,0.0,0.0,False
2005-09-20,USC00225361,0,0.0,0.0,0.0,False
2005-09-20,USC00225611,0,2.44,-2.44,-0.18,False
2005-09-20,USC00225704,0,0.0,0.0,0.0,False
2005-09-20,USC00225943,0,21.99,-21.99,-1.66,False
2005-09-20,USC00225987,0,9.74,-9.74,-0.73,False
2005-09-20,USC00226009,0,0.0,0.0,0.0,False
2005-09-20,USC00226177,0,0.0,0.0,0.0,False
2005-09-20,USC00226294,0,0.0,0.0,0.0,False
2005-09-20,USC00226308,0,1.57,-1.57,-0.12,False
2005-09-20,USC00226513,0,0.0,0.0,0.0,False
2005-09-20,USC00226638,0,0.0,0.0,0.0,False
2005-09-20,USC00226640,0,9.87,-9.87,-0.74,False
2005-09-20,USC00226642,224,0.0,224.0,16.89,True
2005-09-20,USC00226643,0,0.0,0.0,0.0,False
2005-09-20,USC00226644,0,3.22,-3.22,-0.24,False
2005-09-20,USC00226894,0,0.0,0.0,0.0,False
2005-09-20,USC00226921,0,0.0,0.0,0.0,False
2005-09-20,USC00226924,0,0.0,0.0,0.0,False
2005-09-20,USC00226926,0,0.0,0.0,0.0,False
2005-09-20,USC00227128,0,0.0,0.0,0.0,False
2005-09-20,USC00227132,0,0.0,0.0,0.0,False
2005-09-20,USC00227172,0,16.29,-16.29,-1.23,False
2005-09-20,USC00227220,0,5.33,-5.33,-0.4,False
2005-09-20,USC00227276,0,7.47,-7.47,-0.56,False
2005-09-20,USC00227560,0,0.0,0.0,0.0,False
2005-09-20,USC00227595,0,4.06,-4.06,-0.31,False
2005-09-20,USC00227831,0,0.0,0.0,0.0,False
2005-09-20,USC00227840,0,0.0,0.0,0.0,False
2005-09-20,USC00228053,0,4.02,-4.02,-0.3,False
2005-09-20,USC00228374,0,0.0,0.0,0.0,False
2005-09-20,USC00228413,0,0.0,0.0,0.0,False
2005-09-20,USC00228445,0,0.0,0.0,0.0,False
2005-09-20,USC00228556,0,9.37,-9.37,-0.71,False
2005-09-20,USC00228899,0,0.0,0.0,0.0,False
2005-09-20,USC00229048,0,3.67,-3.67,-0.28,False
2005-09-20,USC00229072,0,0.0,0.0,0.0,False
2005-09-20,USC00229114,0,0.0,0.0,0.0,False
2005-09-20,USC00229230,0,0.0,0.0,0.0,False
2005-09-20,USC00229326,0,3.72,-3.72,-0.28,False
2005-09-20,USC00229439,0,0.0,0.0,0.0,False
2005-09-20,USC00229597,0,9.48,-9.48,-0.71,False
2005-09-20,USC00229743,0,0.0,0.0,0.0,False
2005-09-20,USC00229793,0,0.0,0.0,0.0,False
2005-09-20,USC00229860,0,0.0,0.0,0.0,False
2005-09-20,USC00410144,0,0.0,0.0,0.0,False
2005-09-20,USC00410190,0,0.41,-0.41,-0.03,False
2005-09-20,USC00410204,0,0.13,-0.13,-0.01,False
2005-09-20,USC00410206,0,0.0,0.0,0.0,False
2005-09-20,USC00410235,0,0.0,0.0,0.0,False
2005-09-20,USC00410246,0,0.0,0.0,0.0,False
2005-09-20,USC00410257,0,0.95,-0.95,-0.07,False
2005-09-20,USC00410271,0,0.0,0.0,0.0,False
2005-09-20,USC00410297,0,0.0,0.0,0.0,False
2005-09-20,USC00410305,0,0.12,-0.12,-0.01,False
2005-09-20,USC00410337,0,0.0,0.0,0.0,False
2005-09-20,USC00410345,0,0.52,-0.52,-0.04,False
2005-09-20,USC00410404,0,0.5,-0.5,-0.04,False
2005-09-20,USC00410408,0,0.0,0.0,0.0,False
2005-09-20,USC00410431,0,0.0,0.0,0.0,False
2005-09-20,USC00410518,0,0.0,0.0,0.0,False
2005-09-20,USC00410569,0,0.18,-0.18,-0.01,False
2005-09-20,USC00410586,0,0.05,-0.05,-0.0,False
2005-09-20,USC00410611,0,0.0,0.0,0.0,False
2005-09-20,USC00410613,0,0.0,0.0,0.0,False
2005-09-20,USC00410639,0,0.0,0.0,0.0,False
2005-09-20,USC00410655,0,0.0,0.0,0.0,False
2005-09-20,USC00410660,0,0.0,0.0,0.0,False
2005-09-20,USC00410690,0,0.0,0.0,0.0,False
2005-09-20,USC00410691,0,0.0,0.0,0.0,False
2005-09-20,USC00410738,0,0.0,0.0,0.0,False
2005-09-20,USC00410805,0,0.0,0.0,0.0,False
2005-09-20,USC00410832,0,0.0,0.0,0.0,False
2005-09-20,USC00411026,0,0.0,0.0,0.0,False
2005-09-20,USC00411035,0,0.0,0.0,0.0,False
2005-09-20,USC00411045,0,0.0,0.0,0.0,False
2005-09-20,USC00411048,0,0.0,0.0,0.0,False
2005-09-20,USC00411089,0,0.0,0.0,0.0,False
2005-09-20,USC00411215,0,0.0,0.0,0.0,False
2005-09-20,USC00411246,0,0.0,0.0,0.0,False
2005-09-20,USC00411250,0,0.0,0.0,0.0,False
2005-09-20,USC00411253,0,0.0,0.0,0.0,False
2005-09-20,USC00411314,0,0.0,0.0,0.0,False
2005-09-20,USC00411337,0,0.0,0.0,0.0,False
2005-09-20,USC00411348,0,0.0,0.0,0.0,False
2005-09-20,USC00411429,0,0.0,0.0,0.0,False
2005-09-20,USC00411433,0,0.0,0.0,0.0,False
2005-09-20,USC00411541,0,0.0,0.0,0.0,False
2005-09-20,USC00411578,0,0.0,0.0,0.0,False
2005-09-20,USC00411580,0,0.0,0.0,0.0,False
2005-09-20,USC00411596,0,0.53,-0.53,-0.04,False
2005-09-20,USC00411625,0,0.0,0.0,0.0,False
2005-09-20,USC00411671,0,0.0,0.0,0.0,False
2005-09-20,USC00411711,0,0.0,0.0,0.0,False
2005-09-20,USC00411720,0,0.0,0.0,0.0,False
2005-09-20,USC00411800,0,0.0,0.0,0.0,False
2005-09-20,USC00411804,0,0.0,0.0,0.0,False
2005-09-20,USC00411810,0,0.0,0.0,0.0,False
2005-09-20,USC00411838,0,0.04,-0.04,-0.0,False
2005-09-20,USC00411880,0,0.06,-0.06,-0.0,False
2005-09-20,USC00411911,0,0.0,0.0,0.0,False
2005-09-20,USC00411921,0,0.0,0.0,0.0,False
2005-09-20,USC00411956,0,0.0,0.0,0.0,False
2005-09-20,USC00411970,0,0.0,0.0,0.0,False
2005-09-20,USC00411990,0,0.0,0.0,0.0,False
2005-09-20,USC00412011,0,0.0,0.0,0.0,False
2005-09-20,USC00412013,0,0.0,0.0,0.0,False
2005-09-20,USC00412017,0,0.0,0.0,0.0,False
2005-09-20,USC00412019,0,0.19,-0.19,-0.01,False
2005-09-20,USC00412020,0,0.25,-0.25,-0.02,False
2005-09-20,USC00412086,0,0.0,0.0,0.0,False
2005-09-20,USC00412088,0,0.0,0.0,0.0,False
2005-09-20,USC00412096,0,0.0,0.0,0.0,False
2005-09-20,USC00412114,0,0.58,-0.58,-0.04,False
2005-09-20,USC00412173,0,0.0,0.0,0.0,False
2005-09-20,USC00412206,0,0.0,0.0,0.0,False
2005-09-20,USC00412218,0,0.0,0.0,0.0,False
2005-09-20,USC00412225,0,0.0,0.0,0.0,False
2005-09-20,USC00412266,0,0.24,-0.24,-0.02,False
2005-09-20,USC00412295,0,0.0,0.0,0.0,False
2005-09-20,USC00412334,0,0.0,0.0,0.0,False
2005-09-20,USC00412404,0,0.0,0.0,0.0,False
2005-09-20,USC00412444,0,0.38,-0.38,-0.03,False
2005-09-20,USC00412462,0,0.0,0.0,0.0,False
2005-09-20,USC00412518,0,0.38,-0.38,-0.03,False
2005-09-20,USC00412585,0,0.0,0.0,0.0,False
2005-09-20,USC00412758,0,0.57,-0.57,-0.04,False
2005-09-20,USC00412770,0,0.09,-0.09,-0.01,False
2005-09-20,USC00412772,0,0.25,-0.25,-0.02,False
2005-09-20,USC00412786,0,0.19,-0.19,-0.01,False
2005-09-20,USC00412820,0,0.0,0.0,0.0,False
2005-09-20,USC00413005,0,0.0,0.0,0.0,False
2005-09-20,USC00413047,0,0.55,-0.55,-0.04,False
2005-09-20,USC00413065,0,0.0,0.0,0.0,False
2005-09-20,USC00413080,0,0.0,0.0,0.0,False
2005-09-20,USC00413112,0,0.0,0.0,0.0,False
2005-09-20,USC00413156,0,0.0,0.0,0.0,False
2005-09-20,USC00413171,0,0.0,0.0,0.0,False
2005-09-20,USC00413183,0,0.0,0.0,0.0,False
2005-09-20,USC00413199,0,0.0,0.0,0.0,False
2005-09-20,USC00413201,0,0.0,0.0,0.0,False
2005-09-20,USC00413285,0,0.0,0.0,0.0,False
2005-09-20,USC00413289,0,0.0,0.0,0.0,False
2005-09-20,USC00413321,0,0.0,0.0,0.0,False
2005-09-20,USC00413340,0,0.49,-0.49,-0.04,False
2005-09-20,USC00413370,0,0.0,0.0,0.0,False
2005-09-20,USC00413485,0,0.0,0.0,0.0,False
2005-09-20,USC00413507,0,0.0,0.0,0.0,False
2005-09-20,USC00413508,0,0.0,0.0,0.0,False
2005-09-20,USC00413525,0,0.0,0.0,0.0,False
2005-09-20,USC00413546,0,0.0,0.0,0.0,False
2005-09-20,USC00413618,0,0.0,0.0,0.0,False
2005-09-20,USC00413622,0,0.0,0.0,0.0,False
2005-09-20,USC00413624,0,0.0,0.0,0.0,False
2005-09-20,USC00413639,0,0.0,0.0,0.0,False
2005-09-20,USC00413675,0,0.0,0.0,0.0,False
2005-09-20,USC00413685,0,0.0,0.0,0.0,False
2005-09-20,USC00413686,0,0.0,0.0,0.0,False
2005-09-20,USC00413691,0,0.0,0.0,0.0,False
2005-09-20,USC00413734,0,0.0,0.0,0.0,False
2005-09-20,USC00413846,0,0.0,0.0,0.0,False
2005-09-20,USC00413873,0,0.0,0.0,0.0,False
2005-09-20,USC00413877,0,0.0,0.0,0.0,False
2005-09-20,USC00413884,0,0.0,0.0,0.0,False
2005-09-20,USC00413941,0,0.0,0.0,0.0,False
2005-09-20,USC00413943,0,0.25,-0.25,-0.02,False
2005-09-20,USC00414020,0,0.0,0.0,0.0,False
2005-09-20,USC00414077,0,0.0,0.0,0.0,False
2005-09-20,USC00414081,0,0.17,-0.17,-0.01,False
2005-09-20,USC00414137,0,0.0,0.0,0.0,False
2005-09-20,USC00414182,0,0.0,0.0,0.0,False
2005-09-20,USC00414202,0,0.0,0.0,0.0,False
2005-09-20,USC00414315,0,0.06,-0.06,-0.0,False
2005-09-20,USC00414321,0,0.04,-0.04,-0.0,False
2005-09-20,USC00414325,0,0.05,-0.05,-0.0,False
2005-09-20,USC00414326,0,0.05,-0.05,-0.0,False
2005-09-20,USC00414327,0,0.04,-0.04,-0.0,False
2005-09-20,USC00414333,0,0.09,-0.09,-0.01,False
2005-09-20,USC00414343,0,0.0,0.0,0.0,False
2005-09-20,USC00414382,0,0.0,0.0,0.0,False
2005-09-20,USC00414390,0,0.0,0.0,0.0,False
2005-09-20,USC00414505,0,0.0,0.0,0.0,False
2005-09-20,USC00414517,0,0.0,0.0,0.0,False
2005-09-20,USC00414525,0,0.37,-0.37,-0.03,False
2005-09-20,USC00414531,0,0.15,-0.15,-0.01,False
2005-09-20,USC00414556,0,0.0,0.0,0.0,False
2005-09-20,USC00414563,0,0.0,0.0,0.0,False
2005-09-20,USC00414575,0,0.0,0.0,0.0,False
2005-09-20,USC00414597,0,0.0,0.0,0.0,False
2005-09-20,USC00414605,0,0.0,0.0,0.0,False
2005-09-20,USC00414679,0,0.0,0.0,0.0,False
2005-09-20,USC00414693,0,0.0,0.0,0.0,False
2005-09-20,USC00414696,0,0.0,0.0,0.0,False
2005-09-20,USC00414704,0,0.05,-0.05,-0.0,False
2005-09-20,USC00414705,0,0.0,0.0,0.0,False
2005-09-20,USC00414708,0,0.0,0.0,0.0,False
2005-09-20,USC00414805,0,0.0,0.0,0.0,False
2005-09-20,USC00414810,0,0.0,0.0,0.0,False
2005-09-20,USC00414866,0,0.0,0.0,0.0,False
2005-09-20,USC00414878,0,0.0,0.0,0.0,False
2005-09-20,USC00414903,0,0.0,0.0,0.0,False
2005-09-20,USC00414911,0,0.58,-0.58,-0.04,False
2005-09-20,USC00414972,0,0.0,0.0,0.0,False
2005-09-20,USC00414976,0,0.0,0.0,0.0,False
2005-09-20,USC00414980,0,0.0,0.0,0.0,False
2005-09-20,USC00415018,0,0.0,0.0,0.0,False
2005-09-20,USC00415094,0,0.0,0.0,0.0,False
2005-09-20,USC00415116,0,0.0,0.0,0.0,False
2005-09-20,USC00415192,0,0.0,0.0,0.0,False
2005-09-20,USC00415193,0,0.0,0.0,0.0,False
2005-09-20,USC00415229,0,0.0,0.0,0.0,False
2005-09-20,USC00415271,0,0.0,0.0,0.0,False
2005-09-20,USC00415285,0,0.0,0.0,0.0,False
2005-09-20,USC00415341,0,0.0,0.0,0.0,False
2005-09-20,USC00415344,0,0.0,0.0,0.0,False
2005-09-20,USC00415415,0,0.31,-0.31,-0.02,False
2005-09-20,USC00415429,0,0.0,0.0,0.0,False
2005-09-20,USC00415430,0,0.0,0.0,0.0,False
2005-09-20,USC00415435,0,0.0,0.0,0.0,False
2005-09-20,USC00415477,0,0.29,-0.29,-0.02,False
2005-09-20,USC00415611,0,0.0,0.0,0.0,False
2005-09-20,USC00415618,0,0.0,0.0,0.0,False
2005-09-20,USC00415659,0,0.53,-0.53,-0.04,False
2005-09-20,USC00415661,0,0.0,0.0,0.0,False
2005-09-20,USC00415701,0,0.2,-0.2,-0.01,False
2005-09-20,USC00415721,0,0.49,-0.49,-0.04,False
2005-09-20,USC00415757,0,0.0,0.0,0.0,False
2005-09-20,USC00415766,0,0.0,0.0,0.0,False
2005-09-20,USC00415836,0,0.37,-0.37,-0.03,False
2005-09-20,USC00415845,0,0.0,0.0,0.0,False
2005-09-20,USC00415897,0,0.0,0.0,0.0,False
2005-09-20,USC00415904,0,0.33,-0.33,-0.03,False
2005-09-20,USC00415954,0,0.15,-0.15,-0.01,False
2005-09-20,USC00416024,0,0.0,0.0,0.0,False
2005-09-20,USC00416058,0,0.0,0.0,0.0,False
2005-09-20,USC00416060,0,0.0,0.0,0.0,False
2005-09-20,USC00416108,0,0.0,0.0,0.0,False
2005-09-20,USC00416119,0,0.0,0.0,0.0,False
2005-09-20,USC00416177,0,0.0,0.0,0.0,False
2005-09-20,USC00416210,0,0.18,-0.18,-0.01,False
2005-09-20,USC00416265,0,0.0,0.0,0.0,False
2005-09-20,USC00416270,0,0.0,0.0,0.0,False
2005-09-20,USC00416276,0,0.0,0.0,0.0,False
2005-09-20,USC00416280,0,0.0,0.0,0.0,False
2005-09-20,USC00416331,0,0.0,0.0,0.0,False
2005-09-20,USC00416335,0,0.29,-0.29,-0.02,False
2005-09-20,USC00416341,0,0.0,0.0,0.0,False
2005-09-20,USC00416367,0,0.0,0.0,0.0,False
2005-09-20,USC00416368,0,0.0,0.0,0.0,False
2005-09-20,USC00416496,0,1.14,-1.14,-0.09,False
2005-09-20,USC00416664,0,0.0,0.0,0.0,False
2005-09-20,USC00416680,0,0.0,0.0,0.0,False
2005-09-20,USC00416739,0,0.0,0.0,0.0,False
2005-09-20,USC00416766,0,0.0,0.0,0.0,False
2005-09-20,USC00417017,0,0.0,0.0,0.0,False
2005-09-20,USC00417040,0,0.0,0.0,0.0,False
2005-09-20,USC00417111,0,0.0,0.0,0.0,False
2005-09-20,USC00417140,0,0.26,-0.26,-0.02,False
2005-09-20,USC00417170,0,0.0,0.0,0.0,False
2005-09-20,USC00417172,0,0.0,0.0,0.0,False
2005-09-20,USC00417179,0,0.24,-0.24,-0.02,False
2005-09-20,USC00417184,0,0.45,-0.45,-0.03,False
2005-09-20,USC00417186,0,0.27,-0.27,-0.02,False
2005-09-20,USC00417300,0,0.0,0.0,0.0,False
2005-09-20,USC00417365,0,0.0,0.0,0.0,False
2005-09-20,USC00417388,0,0.0,0.0,0.0,False
2005-09-20,USC00417458,0,0.7,-0.7,-0.05,False
2005-09-20,USC00417530,0,0.0,0.0,0.0,False
2005-09-20,USC00417533,0,0.0,0.0,0.0,False
2005-09-20,USC00417550,0,0.0,0.0,0.0,False
2005-09-20,USC00417586,0,0.0,0.0,0.0,False
2005-09-20,USC00417588,0,0.0,0.0,0.0,False
2005-09-20,USC00417594,0,0.06,-0.06,-0.0,False
2005-09-20,USC00417659,0,0.0,0.0,0.0,False
2005-09-20,USC00417677,0,0.0,0.0,0.0,False
2005-09-20,USC00417685,0,0.0,0.0,0.0,False
2005-09-20,USC00417704,0,0.0,0.0,0.0,False
2005-09-20,USC00417707,0,0.0,0.0,0.0,False
2005-09-20,USC00417744,0,0.0,0.0,0.0,False
2005-09-20,USC00417773,0,0.0,0.0,0.0,False
2005-09-20,USC00417787,0,0.0,0.0,0.0,False
2005-09-20,USC00417791,0,0.0,0.0,0.0,False
2005-09-20,USC00417836,0,0.0,0.0,0.0,False
2005-09-20,USC00417841,0,0.33,-0.33,-0.02,False
2005-09-20,USC00417936,0,0.0,0.0,0.0,False
2005-09-20,USC00417947,0,0.0,0.0,0.0,False
2005-09-20,USC00417951,0,0.0,0.0,0.0,False
2005-09-20,USC00417981,0,0.52,-0.52,-0.04,False
2005-09-20,USC00417983,0,0.0,0.0,0.0,False
2005-09-20,USC00418050,0,0.34,-0.34,-0.03,False
2005-09-20,USC00418059,0,0.5,-0.5,-0.04,False
2005-09-20,USC00418081,0,0.33,-0.33,-0.02,False
2005-09-20,USC00418126,0,0.0,0.0,0.0,False
2005-09-20,USC00418187,0,0.0,0.0,0.0,False
2005-09-20,USC00418311,0,0.0,0.0,0.0,False
2005-09-20,USC00418415,0,0.0,0.0,0.0,False
2005-09-20,USC00418446,0,0.0,0.0,0.0,False
2005-09-20,USC00418487,0,0.32,-0.32,-0.02,False
2005-09-20,USC00418519,0,0.09,-0.09,-0.01,False
2005-09-20,USC00418531,0,0.0,0.0,0.0,False
2005-09-20,USC00418544,0,0.0,0.0,0.0,False
2005-09-20,USC00418646,0,0.0,0.0,0.0,False
2005-09-20,USC00418658,0,0.0,0.0,0.0,False
2005-09-20,USC00418696,0,0.0,0.0,0.0,False
2005-09-20,USC00418728,0,0.02,-0.02,-0.0,False
2005-09-20,USC00418743,0,0.0,0.0,0.0,False
2005-09-20,USC00418862,0,0.0,0.0,0.0,False
2005-09-20,USC00418929,0,0.0,0.0,0.0,False
2005-09-20,USC00418942,0,0.0,0.0,0.0,False
2005-09-20,USC00418996,0,0.09,-0.09,-0.01,False
2005-09-20,USC00419001,0,0.0,0.0,0.0,False
2005-09-20,USC00419004,0,0.26,-0.26,-0.02,False
2005-09-20,USC00419007,0,0.0,0.0,0.0,False
2005-09-20,USC00419076,0,0.0,0.0,0.0,False
2005-09-20,USC00419099,0,0.0,0.0,0.0,False
2005-09-20,USC00419101,0,0.0,0.0,0.0,False
2005-09-20,USC00419125,0,0.0,0.0,0.0,False
2005-09-20,USC00419153,0,0.0,0.0,0.0,False
2005-09-20,USC00419207,0,0.22,-0.22,-0.02,False
2005-09-20,USC00419361,0,0.06,-0.06,-0.0,False
2005-09-20,USC00419367,0,0.04,-0.04,-0.0,False
2005-09-20,USC00419417,0,0.0,0.0,0.0,False
2005-09-20,USC00419491,0,0.0,0.0,0.0,False
2005-09-20,USC00419504,0,0.0,0.0,0.0,False
2005-09-20,USC00419532,0,0.0,0.0,0.0,False
2005-09-20,USC00419559,0,0.0,0.0,0.0,False
2005-09-20,USC00419593,0,0.0,0.0,0.0,False
2005-09-20,USC00419655,0,0.16,-0.16,-0.01,False
2005-09-20,USC00419709,0,0.0,0.0,0.0,False
2005-09-20,USC00419715,0,0.0,0.0,0.0,False
2005-09-20,USC00419717,0,0.0,0.0,0.0,False
2005-09-20,USC00419754,0,0.0,0.0,0.0,False
2005-09-20,USC00419800,0,0.0,0.0,0.0,False
2005-09-20,USC00419815,0,0.0,0.0,0.0,False
2005-09-20,USC00419836,0,0.0,0.0,0.0,False
2005-09-20,USC00419859,0,0.0,0.0,0.0,False
2005-09-20,USC00419898,0,0.0,0.0,0.0,False
2005-09-20,USC00419916,0,0.0,0.0,0.0,False
2005-09-20,USC00419953,0,0.0,0.0,0.0,False
2005-09-20,USC00419962,0,0.0,0.0,0.0,False
2005-09-20,USW00003855,0,2.16,-2.16,-0.16,False
2005-09-20,USW00003866,0,0.0,0.0,0.0,False
2005-09-20,USW00003881,0,0.0,0.0,0.0,False
2005-09-20,USW00003901,0,0.0,0.0,0.0,False
2005-09-20,USW00003904,0,0.0,0.0,0.0,False
2005-09-20,USW00003927,0,0.0,0.0,0.0,False
2005-09-20,USW00003937,0,0.0,0.0,0.0,False
2005-09-20,USW00003940,0,4.34,-4.34,-0.33,False
2005-09-20,USW00003951,0,0.0,0.0,0.0,False
2005-09-20,USW00003969,0,0.0,0.0,0.0,False
2005-09-20,USW00003971,0,0.0,0.0,0.0,False
2005-09-20,USW00003991,0,0.0,0.0,0.0,False
2005-09-20,USW00003996,0,0.0,0.0,0.0,False
2005-09-20,USW00003999,0,0.0,0.0,0.0,False
2005-09-20,USW00012904,0,0.25,-0.25,-0.02,False
2005-09-20,USW00012912,0,0.04,-0.04,-0.0,False
2005-09-20,USW00012916,0,0.0,0.0,0.0,False
2005-09-20,USW00012917,0,0.0,0.0,0.0,False
2005-09-20,USW00012918,0,0.06,-0.06,-0.0,False
2005-09-20,USW00012921,0,0.0,0.0,0.0,False
2005-09-20,USW00012923,0,0.13,-0.13,-0.01,False
2005-09-20,USW00012924,0,0.0,0.0,0.0,False
2005-09-20,USW00012926,0,0.0,0.0,0.0,False
2005-09-20,USW00012928,0,0.0,0.0,0.0,False
2005-09-20,USW00012930,0,0.0,0.0,0.0,False
2005-09-20,USW00012932,0,0.0,0.0,0.0,False
2005-09-20,USW00012935,3,0.1,2.9,0.22,False
2005-09-20,USW00012957,0,0.25,-0.25,-0.02,False
2005-09-20,USW00012959,0,0.19,-0.19,-0.01,False
2005-09-20,USW00012960,0,0.04,-0.04,-0.0,False
2005-09-20,USW00012968,0,0.07,-0.07,-0.01,False
2005-09-20,USW00012970,0,0.0,0.0,0.0,False
2005-09-20,USW00012971,0,0.0,0.0,0.0,False
2005-09-20,USW00012972,0,0.0,0.0,0.0,False
2005-09-20,USW00012975,0,0.08,-0.08,-0.01,False
2005-09-20,USW00012976,3,0.05,2.95,0.22,False
2005-09-20,USW00012977,0,0.02,-0.02,-0.0,False
2005-09-20,USW00012987,9,0.0,9.0,0.68,False
2005-09-20,USW00013833,0,5.43,-5.43,-0.41,False
2005-09-20,USW00013838,0,2.68,-2.68,-0.2,False
2005-09-20,USW00013865,0,0.0,0.0,0.0,False
2005-09-20,USW00013894,0,1.8,-1.8,-0.14,False
2005-09-20,USW00013899,0,1.32,-1.32,-0.1,False
2005-09-20,USW00013904,0,0.0,0.0,0.0,False
2005-09-20,USW00013911,0,0.0,0.0,0.0,False
2005-09-20,USW00013927,0,3.73,-3.73,-0.28,False
2005-09-20,USW00013935,0,0.0,0.0,0.0,False
2005-09-20,USW00013939,0,0.0,0.0,0.0,False
2005-09-20,USW00013942,0,0.04,-0.04,-0.0,False
2005-09-20,USW00013957,0,0.0,0.0,0.0,False
2005-09-20,USW00013958,0,0.0,0.0,0.0,False
2005-09-20,USW00013959,0,0.0,0.0,0.0,False
2005-09-20,USW00013960,0,0.0,0.0,0.0,False
2005-09-20,USW00013961,0,0.0,0.0,0.0,False
2005-09-20,USW00013970,0,0.01,-0.01,-0.0,False
2005-09-20,USW00013972,0,0.21,-0.21,-0.02,False
2005-09-20,USW00013976,0,0.12,-0.12,-0.01,False
2005-09-20,USW00013977,0,0.0,0.0,0.0,False
2005-09-20,USW00013978,0,0.0,0.0,0.0,False
2005-09-20,USW00053820,0,0.0,0.0,0.0,False
2005-09-20,USW00053858,0,1.45,-1.45,-0.11,False
2005-09-20,USW00053865,0,0.0,0.0,0.0,False
2005-09-20,USW00053902,0,0.0,0.0,0.0,False
2005-09-20,USW00053903,0,0.0,0.0,0.0,False
2005-09-20,USW00053905,0,0.0,0.0,0.0,False
2005-09-20,USW00053907,0,0.0,0.0,0.0,False
2005-09-20,USW00053909,0,0.0,0.0,0.0,False
2005-09-20,USW00053910,0,0.0,0.0,0.0,False
2005-09-20,USW00053911,0,0.0,0.0,0.0,False
2005-09-20,USW00053912,0,0.24,-0.24,-0.02,False
2005-09-20,USW00053914,0,0.0,0.0,0.0,False
2005-09-20,USW00053915,0,0.1,-0.1,-0.01,False
2005-09-20,USW00053960,2,0.0,2.0,0.15,False
2005-09-20,USW00053961,2,0.0,2.0,0.15,False
2005-09-20,USW00053968,11,0.0,11.0,0.83,False
2005-09-20,USW00063831,0,1.56,-1.56,-0.12,False
2005-09-20,USW00063858,0,0.0,0.0,0.0,False
2005-09-20,USW00093806,0,0.0,0.0,0.0,False
2005-09-20,USW00093841,0,1.36,-1.36,-0.1,False
2005-09-20,USW00093874,0,0.0,0.0,0.0,False
2005-09-20,USW00093914,0,2.06,-2.06,-0.15,False
2005-09-20,USW00093915,0,0.0,0.0,0.0,False
2005-09-20,USW00093919,0,2.47,-2.47,-0.19,False
2005-09-20,USW00093985,0,0.0,0.0,0.0,False
2005-09-20,USW00093987,0,0.0,0.0,0.0,False
2005-09-20,USW00093992,0,0.08,-0.08,-0.01,False
2005-09-21,US1TXDA0001,0,0.0,0.0,0.0,False
2005-09-21,US1TXMTG001,0,0.07,-0.07,-0.01,False
2005-09-21,US1TXUP0001,0,0.21,-0.21,-0.03,False
2005-09-21,USC00010140,0,6.77,-6.77,-0.92,False
2005-09-21,USC00010178,0,0.0,0.0,0.0,False
2005-09-21,USC00010184,0,0.0,0.0,0.0,False
2005-09-21,USC00010402,0,6.86,-6.86,-0.93,False
2005-09-21,USC00010505,0,0.0,0.0,0.0,False
2005-09-21,USC00010583,0,7.53,-7.53,-1.02,False
2005-09-21,USC00010764,0,0.0,0.0,0.0,False
2005-09-21,USC00011080,0,6.83,-6.83,-0.93,False
2005-09-21,USC00011084,0,7.77,-7.77,-1.05,False
2005-09-21,USC00011143,0,0.0,0.0,0.0,False
2005-09-21,USC00011566,0,0.0,0.0,0.0,False
2005-09-21,USC00011690,0,2.31,-2.31,-0.31,False
2005-09-21,USC00011803,0,2.11,-2.11,-0.29,False
2005-09-21,USC00011810,0,1.24,-1.24,-0.17,False
2005-09-21,USC00012172,0,8.92,-8.92,-1.21,False
2005-09-21,USC00012245,0,1.08,-1.08,-0.15,False
2005-09-21,USC00012813,0,7.99,-7.99,-1.08,False
2005-09-21,USC00013160,0,0.0,0.0,0.0,False
2005-09-21,USC00013511,0,1.04,-1.04,-0.14,False
2005-09-21,USC00013930,0,0.0,0.0,0.0,False
2005-09-21,USC00014193,0,1.38,-1.38,-0.19,False
2005-09-21,USC00014798,0,0.72,-0.72,-0.1,False
2005-09-21,USC00015121,0,0.96,-0.96,-0.13,False
2005-09-21,USC00015420,36,0.11,35.89,4.86,True
2005-09-21,USC00015658,0,0.0,0.0,0.0,False
2005-09-21,USC00016847,0,0.0,0.0,0.0,False
2005-09-21,USC00016988,0,11.31,-11.31,-1.53,False
2005-09-21,USC00017366,0,2.67,-2.67,-0.36,False
2005-09-21,USC00018178,0,2.77,-2.77,-0.38,False
2005-09-21,USC00018380,0,0.0,0.0,0.0,False
2005-09-21,USC00018385,0,0.0,0.0,0.0,False
2005-09-21,USC00018446,0,1.58,-1.58,-0.21,False
2005-09-21,USC00018637,0,6.69,-6.69,-0.91,False
2005-09-21,USC00018673,0,0.77,-0.77,-0.1,False
2005-09-21,USC00018809,0,0.0,0.0,0.0,False
2005-09-21,USC00018867,0,1.94,-1.94,-0.26,False
2005-09-21,USC00031140,0,0.0,0.0,0.0,False
2005-09-21,USC00031730,0,0.0,0.0,0.0,False
2005-09-21,USC00032355,0,0.0,0.0,0.0,False
2005-09-21,USC00032475,0,0.0,0.0,0.0,False
2005-09-21,USC00034185,0,0.0,0.0,0.0,False
2005-09-21,USC00034548,0,0.0,0.0,0.0,False
2005-09-21,USC00034936,0,0.0,0.0,0.0,False
2005-09-21,USC00035866,0,0.0,0.0,0.0,False
2005-09-21,USC00085793,0,17.42,-17.42,-2.36,False
2005-09-21,USC00086999,51,47.51,3.49,0.47,False
2005-09-21,USC00160007,0,0.06,-0.06,-0.01,False
2005-09-21,USC00160016,0,0.35,-0.35,-0.05,False
2005-09-21,USC00160021,0,0.35,-0.35,-0.05,False
2005-09-21,USC00160098,0,0.0,0.0,0.0,False
2005-09-21,USC00160103,0,0.0,0.0,0.0,False
2005-09-21,USC00160205,0,0.73,-0.73,-0.1,False
2005-09-21,USC00160238,0,0.0,0.0,0.0,False
2005-09-21,USC00160277,0,0.0,0.0,0.0,False
2005-09-21,USC00160349,0,0.0,0.0,0.0,False
2005-09-21,USC00160462,0,0.69,-0.69,-0.09,False
2005-09-21,USC00160537,0,0.0,0.0,0.0,False
2005-09-21,USC00160546,0,0.79,-0.79,-0.11,False
2005-09-21,USC00160548,0,0.49,-0.49,-0.07,False
2005-09-21,USC00160558,0,0.56,-0.56,-0.08,False
2005-09-21,USC00160565,0,0.48,-0.48,-0.07,False
2005-09-21,USC00160617,0,0.0,0.0,0.0,False
2005-09-21,USC00160718,0,0.0,0.0,0.0,False
2005-09-21,USC00160800,0,0.0,0.0,0.0,False
2005-09-21,USC00161200,0,0.04,-0.04,-0.0,False
2005-09-21,USC00161232,0,0.0,0.0,0.0,False
2005-09-21,USC00161235,0,0.0,0.0,0.0,False
2005-09-21,USC00161246,0,0.5,-0.5,-0.07,False
2005-09-21,USC00161287,0,0.0,0.0,0.0,False
2005-09-21,USC00161365,0,0.5,-0.5,-0.07,False
2005-09-21,USC00161411,0,0.0,0.0,0.0,False
2005-09-21,USC00161535,0,0.03,-0.03,-0.0,False
2005-09-21,USC00161565,0,0.44,-0.44,-0.06,False
2005-09-21,USC00161866,0,0.0,0.0,0.0,False
2005-09-21,USC00161899,38,0.0,38.0,5.15,True
2005-09-21,USC00161941,0,0.0,0.0,0.0,False
2005-09-21,USC00161979,0,0.0,0.0,0.0,False
2005-09-21,USC00162002,0,0.45,-0.45,-0.06,False
2005-09-21,USC00162121,0,0.0,0.0,0.0,False
2005-09-21,USC00162151,0,0.36,-0.36,-0.05,False
2005-09-21,USC00162212,0,0.0,0.0,0.0,False
2005-09-21,USC00162350,0,0.68,-0.68,-0.09,False
2005-09-21,USC00162367,0,0.0,0.0,0.0,False
2005-09-21,USC00162534,0,0.43,-0.43,-0.06,False
2005-09-21,USC00162536,0,0.42,-0.42,-0.06,False
2005-09-21,USC00162641,0,0.0,0.0,0.0,False
2005-09-21,USC00162812,0,0.0,0.0,0.0,False
2005-09-21,USC00162981,0,0.0,0.0,0.0,False
2005-09-21,USC00163079,0,0.0,0.0,0.0,False
2005-09-21,USC00163165,0,0.36,-0.36,-0.05,False
2005-09-21,USC00163313,0,0.15,-0.15,-0.02,False
2005-09-21,USC00163322,0,0.56,-0.56,-0.08,False
2005-09-21,USC00163433,0,0.0,0.0,0.0,False
2005-09-21,USC00163695,0,0.48,-0.48,-0.07,False
2005-09-21,USC00163800,0,0.0,0.0,0.0,False
2005-09-21,USC00163804,0,0.0,0.0,0.0,False
2005-09-21,USC00163867,0,0.84,-0.84,-0.11,False
2005-09-21,USC00163877,0,0.09,-0.09,-0.01,False
2005-09-21,USC00163979,0,0.0,0.0,0.0,False
2005-09-21,USC00164030,0,0.43,-0.43,-0.06,False
2005-09-21,USC00164034,0,0.51,-0.51,-0.07,False
2005-09-21,USC00164050,0,0.0,0.0,0.0,False
2005-09-21,USC00164131,0,0.0,0.0,0.0,False
2005-09-21,USC00164288,0,0.0,0.0,0.0,False
2005-09-21,USC00164355,0,0.0,0.0,0.0,False
2005-09-21,USC00164398,0,0.07,-0.07,-0.01,False
2005-09-21,USC00164407,0,0.08,-0.08,-0.01,False
2005-09-21,USC00164573,0,2.28,-2.28,-0.31,False
2005-09-21,USC00164592,0,0.0,0.0,0.0,False
2005-09-21,USC00164674,0,0.07,-0.07,-0.01,False
2005-09-21,USC00164696,0,0.0,0.0,0.0,False
2005-09-21,USC00164700,0,0.0,0.0,0.0,False
2005-09-21,USC00164732,0,0.0,0.0,0.0,False
2005-09-21,USC00164735,0,0.0,0.0,0.0,False
2005-09-21,USC00164739,0,0.0,0.0,0.0,False
2005-09-21,USC00164775,0,0.06,-0.06,-0.01,False
2005-09-21,USC00164816,0,0.06,-0.06,-0.01,False
2005-09-21,USC00164859,0,0.76,-0.76,-0.1,False
2005-09-21,USC00164931,0,0.0,0.0,0.0,False
2005-09-21,USC00165021,0,0.04,-0.04,-0.0,False
2005-09-21,USC00165065,0,0.0,0.0,0.0,False
2005-09-21,USC00165072,0,0.0,0.0,0.0,False
2005-09-21,USC00165074,0,0.0,0.0,0.0,False
2005-09-21,USC00165076,0,0.0,0.0,0.0,False
2005-09-21,USC00165090,0,0.0,0.0,0.0,False
2005-09-21,USC00165146,0,0.0,0.0,0.0,False
2005-09-21,USC00165266,0,0.0,0.0,0.0,False
2005-09-21,USC00165287,0,0.0,0.0,0.0,False
2005-09-21,USC00165296,0,0.1,-0.1,-0.01,False
2005-09-21,USC00165430,0,0.85,-0.85,-0.12,False
2005-09-21,USC00165438,0,0.8,-0.8,-0.11,False
2005-09-21,USC00165522,0,0.09,-0.09,-0.01,False
2005-09-21,USC00165620,0,0.46,-0.46,-0.06,False
2005-09-21,USC00165630,0,0.0,0.0,0.0,False
2005-09-21,USC00165783,0,0.45,-0.45,-0.06,False
2005-09-21,USC00165874,0,0.07,-0.07,-0.01,False
2005-09-21,USC00165892,0,0.0,0.0,0.0,False
2005-09-21,USC00165896,0,0.0,0.0,0.0,False
2005-09-21,USC00165920,0,0.0,0.0,0.0,False
2005-09-21,USC00166244,0,0.0,0.0,0.0,False
2005-09-21,USC00166314,0,0.0,0.0,0.0,False
2005-09-21,USC00166394,0,0.15,-0.15,-0.02,False
2005-09-21,USC00166431,0,0.0,0.0,0.0,False
2005-09-21,USC00166466,0,0.65,-0.65,-0.09,False
2005-09-21,USC00166561,0,0.46,-0.46,-0.06,False
2005-09-21,USC00166582,0,0.0,0.0,0.0,False
2005-09-21,USC00166657,0,0.02,-0.02,-0.0,False
2005-09-21,USC00166666,0,0.0,0.0,0.0,False
2005-09-21,USC00166686,0,0.84,-0.84,-0.11,False
2005-09-21,USC00166808,0,1.79,-1.79,-0.24,False
2005-09-21,USC00166836,0,0.0,0.0,0.0,False
2005-09-21,USC00166866,0,0.0,0.0,0.0,False
2005-09-21,USC00166868,0,0.0,0.0,0.0,False
2005-09-21,USC00166911,0,4.03,-4.03,-0.55,False
2005-09-21,USC00166938,0,0.0,0.0,0.0,False
2005-09-21,USC00166968,0,0.0,0.0,0.0,False
2005-09-21,USC00166978,0,0.0,0.0,0.0,False
2005-09-21,USC00166995,0,0.0,0.0,0.0,False
2005-09-21,USC00167096,0,0.0,0.0,0.0,False
2005-09-21,USC00167304,0,1.41,-1.41,-0.19,False
2005-09-21,USC00167312,0,0.0,0.0,0.0,False
2005-09-21,USC00167344,0,0.0,0.0,0.0,False
2005-09-21,USC00167366,0,0.46,-0.46,-0.06,False
2005-09-21,USC00167425,0,0.44,-0.44,-0.06,False
2005-09-21,USC00167448,0,0.53,-0.53,-0.07,False
2005-09-21,USC00167590,0,0.0,0.0,0.0,False
2005-09-21,USC00167691,0,0.0,0.0,0.0,False
2005-09-21,USC00167729,0,0.0,0.0,0.0,False
2005-09-21,USC00167732,0,0.0,0.0,0.0,False
2005-09-21,USC00167738,0,0.0,0.0,0.0,False
2005-09-21,USC00167767,0,0.43,-0.43,-0.06,False
2005-09-21,USC00167924,0,0.0,0.0,0.0,False
2005-09-21,USC00167932,0,0.0,0.0,0.0,False
2005-09-21,USC00168046,0,0.0,0.0,0.0,False
2005-09-21,USC00168067,0,0.0,0.0,0.0,False
2005-09-21,USC00168094,0,0.0,0.0,0.0,False
2005-09-21,USC00168136,0,0.88,-0.88,-0.12,False
2005-09-21,USC00168139,0,0.46,-0.46,-0.06,False
2005-09-21,USC00168163,0,0.0,0.0,0.0,False
2005-09-21,USC00168181,0,0.02,-0.02,-0.0,False
2005-09-21,USC00168436,0,0.04,-0.04,-0.0,False
2005-09-21,USC00168444,0,0.05,-0.05,-0.01,False
2005-09-21,USC00168539,0,0.0,0.0,0.0,False
2005-09-21,USC00168683,0,0.0,0.0,0.0,False
2005-09-21,USC00168785,0,0.0,0.0,0.0,False
2005-09-21,USC00168831,0,0.0,0.0,0.0,False
2005-09-21,USC00168861,0,0.0,0.0,0.0,False
2005-09-21,USC00168923,0,0.0,0.0,0.0,False
2005-09-21,USC00168941,0,0.0,0.0,0.0,False
2005-09-21,USC00168945,0,0.54,-0.54,-0.07,False
2005-09-21,USC00169013,0,0.06,-0.06,-0.01,False
2005-09-21,USC00169074,0,0.0,0.0,0.0,False
2005-09-21,USC00169357,0,0.7,-0.7,-0.1,False
2005-09-21,USC00169369,0,0.0,0.0,0.0,False
2005-09-21,USC00169392,0,0.07,-0.07,-0.01,False
2005-09-21,USC00169631,0,0.0,0.0,0.0,False
2005-09-21,USC00169803,0,0.0,0.0,0.0,False
2005-09-21,USC00169804,0,0.0,0.0,0.0,False
2005-09-21,USC00169806,0,0.0,0.0,0.0,False
2005-09-21,USC00169809,0,0.0,0.0,0.0,False
2005-09-21,USC00169930,0,1.39,-1.39,-0.19,False
2005-09-21,USC00169980,0,0.0,0.0,0.0,False
2005-09-21,USC00220039,0,0.0,0.0,0.0,False
2005-09-21,USC00220521,0,0.0,0.0,0.0,False
2005-09-21,USC00220523,0,0.0,0.0,0.0,False
2005-09-21,USC00220585,0,0.0,0.0,0.0,False
2005-09-21,USC00220660,0,0.0,0.0,0.0,False
2005-09-21,USC00220792,0,0.0,0.0,0.0,False
2005-09-21,USC00220891,0,0.0,0.0,0.0,False
2005-09-21,USC00221094,0,0.78,-0.78,-0.11,False
2005-09-21,USC00221174,0,0.0,0.0,0.0,False
2005-09-21,USC00221389,0,0.0,0.0,0.0,False
2005-09-21,USC00221489,0,0.0,0.0,0.0,False
2005-09-21,USC00221578,0,1.28,-1.28,-0.17,False
2005-09-21,USC00221852,0,0.0,0.0,0.0,False
2005-09-21,USC00221860,0,0.0,0.0,0.0,False
2005-09-21,USC00221865,0,0.0,0.0,0.0,False
2005-09-21,USC00221880,0,0.0,0.0,0.0,False
2005-09-21,USC00222034,0,0.0,0.0,0.0,False
2005-09-21,USC00222046,0,0.0,0.0,0.0,False
2005-09-21,USC00222385,0,0.0,0.0,0.0,False
2005-09-21,USC00223107,0,0.0,0.0,0.0,False
2005-09-21,USC00223340,0,0.0,0.0,0.0,False
2005-09-21,USC00223441,0,1.14,-1.14,-0.15,False
2005-09-21,USC00223516,0,0.0,0.0,0.0,False
2005-09-21,USC00223605,0,0.0,0.0,0.0,False
2005-09-21,USC00223671,0,0.0,0.0,0.0,False
2005-09-21,USC00223887,0,0.0,0.0,0.0,False
2005-09-21,USC00223920,0,0.0,0.0,0.0,False
2005-09-21,USC00224470,0,0.0,0.0,0.0,False
2005-09-21,USC00224776,0,0.0,0.0,0.0,False
2005-09-21,USC00224939,0,0.0,0.0,0.0,False
2005-09-21,USC00224966,0,0.0,0.0,0.0,False
2005-09-21,USC00225020,0,0.0,0.0,0.0,False
2005-09-21,USC00225062,0,0.0,0.0,0.0,False
2005-09-21,USC00225247,0,0.0,0.0,0.0,False
2005-09-21,USC00225361,0,0.0,0.0,0.0,False
2005-09-21,USC00225611,0,0.67,-0.67,-0.09,False
2005-09-21,USC00225704,0,1.03,-1.03,-0.14,False
2005-09-21,USC00225943,0,0.0,0.0,0.0,False
2005-09-21,USC00225987,0,0.0,0.0,0.0,False
2005-09-21,USC00226009,0,0.0,0.0,0.0,False
2005-09-21,USC00226177,0,0.72,-0.72,-0.1,False
2005-09-21,USC00226294,0,0.0,0.0,0.0,False
2005-09-21,USC00226308,0,0.0,0.0,0.0,False
2005-09-21,USC00226513,0,0.0,0.0,0.0,False
2005-09-21,USC00226638,0,0.0,0.0,0.0,False
2005-09-21,USC00226640,0,0.0,0.0,0.0,False
2005-09-21,USC00226642,0,0.0,0.0,0.0,False
2005-09-21,USC00226643,0,0.0,0.0,0.0,False
2005-09-21,USC00226644,0,0.0,0.0,0.0,False
2005-09-21,USC00226894,0,0.0,0.0,0.0,False
2005-09-21,USC00226921,0,0.0,0.0,0.0,False
2005-09-21,USC00226924,0,0.0,0.0,0.0,False
2005-09-21,USC00226926,0,0.0,0.0,0.0,False
2005-09-21,USC00227128,0,0.0,0.0,0.0,False
2005-09-21,USC00227132,0,0.0,0.0,0.0,False
2005-09-21,USC00227172,0,0.0,0.0,0.0,False
2005-09-21,USC00227220,0,0.0,0.0,0.0,False
2005-09-21,USC00227276,0,0.0,0.0,0.0,False
2005-09-21,USC00227560,0,0.0,0.0,0.0,False
2005-09-21,USC00227595,0,0.0,0.0,0.0,False
2005-09-21,USC00227831,0,0.0,0.0,0.0,False
2005-09-21,USC00227840,0,0.0,0.0,0.0,False
2005-09-21,USC00228053,0,0.0,0.0,0.0,False
2005-09-21,USC00228374,0,0.0,0.0,0.0,False
2005-09-21,USC00228413,0,0.0,0.0,0.0,False
2005-09-21,USC00228445,0,0.0,0.0,0.0,False
2005-09-21,USC00228556,0,0.0,0.0,0.0,False
2005-09-21,USC00228899,0,0.0,0.0,0.0,False
2005-09-21,USC00229048,0,0.55,-0.55,-0.07,False
2005-09-21,USC00229072,0,0.84,-0.84,-0.11,False
2005-09-21,USC00229114,0,0.0,0.0,0.0,False
2005-09-21,USC00229230,0,0.0,0.0,0.0,False
2005-09-21,USC00229326,0,0.0,0.0,0.0,False
2005-09-21,USC00229439,0,0.0,0.0,0.0,False
2005-09-21,USC00229597,0,0.0,0.0,0.0,False
2005-09-21,USC00229743,0,0.0,0.0,0.0,False
2005-09-21,USC00229793,0,1.24,-1.24,-0.17,False
2005-09-21,USC00229860,0,0.0,0.0,0.0,False
2005-09-21,USC00410144,0,1.16,-1.16,-0.16,False
2005-09-21,USC00410190,0,0.23,-0.23,-0.03,False
2005-09-21,USC00410204,0,0.46,-0.46,-0.06,False
2005-09-21,USC00410206,0,0.0,0.0,0.0,False
2005-09-21,USC00410235,0,0.19,-0.19,-0.03,False
2005-09-21,USC00410246,0,0.0,0.0,0.0,False
2005-09-21,USC00410257,0,0.16,-0.16,-0.02,False
2005-09-21,USC00410271,0,0.0,0.0,0.0,False
2005-09-21,USC00410297,0,0.0,0.0,0.0,False
2005-09-21,USC00410305,0,0.0,0.0,0.0,False
2005-09-21,USC00410337,0,0.0,0.0,0.0,False
2005-09-21,USC00410345,0,3.05,-3.05,-0.41,False
2005-09-21,USC00410404,0,0.14,-0.14,-0.02,False
2005-09-21,USC00410408,0,0.08,-0.08,-0.01,False
2005-09-21,USC00410431,0,0.0,0.0,0.0,False
2005-09-21,USC00410518,0,0.0,0.0,0.0,False
2005-09-21,USC00410569,0,0.07,-0.07,-0.01,False
2005-09-21,USC00410586,0,0.15,-0.15,-0.02,False
2005-09-21,USC00410611,0,0.0,0.0,0.0,False
2005-09-21,USC00410613,0,0.0,0.0,0.0,False
2005-09-21,USC00410639,0,0.07,-0.07,-0.01,False
2005-09-21,USC00410655,0,0.0,0.0,0.0,False
2005-09-21,USC00410660,0,0.0,0.0,0.0,False
2005-09-21,USC00410690,0,0.37,-0.37,-0.05,False
2005-09-21,USC00410691,0,0.0,0.0,0.0,False
2005-09-21,USC00410738,0,0.0,0.0,0.0,False
2005-09-21,USC00410805,0,0.17,-0.17,-0.02,False
2005-09-21,USC00410832,0,0.0,0.0,0.0,False
2005-09-21,USC00411026,0,0.0,0.0,0.0,False
2005-09-21,USC00411035,0,0.0,0.0,0.0,False
2005-09-21,USC00411045,0,0.0,0.0,0.0,False
2005-09-21,USC00411048,0,0.0,0.0,0.0,False
2005-09-21,USC00411089,0,0.0,0.0,0.0,False
2005-09-21,USC00411215,0,0.0,0.0,0.0,False
2005-09-21,USC00411246,0,0.0,0.0,0.0,False
2005-09-21,USC00411250,0,0.0,0.0,0.0,False
2005-09-21,USC00411253,0,0.0,0.0,0.0,False
2005-09-21,USC00411314,0,0.0,0.0,0.0,False
2005-09-21,USC00411337,0,0.09,-0.09,-0.01,False
2005-09-21,USC00411348,0,0.0,0.0,0.0,False
2005-09-21,USC00411429,0,0.0,0.0,0.0,False
2005-09-21,USC00411433,0,0.0,0.0,0.0,False
2005-09-21,USC00411541,0,0.0,0.0,0.0,False
2005-09-21,USC00411578,0,0.1,-0.1,-0.01,False
2005-09-21,USC00411580,0,0.0,0.0,0.0,False
2005-09-21,USC00411596,0,0.14,-0.14,-0.02,False
2005-09-21,USC00411625,0,0.0,0.0,0.0,False
2005-09-21,USC00411671,0,0.0,0.0,0.0,False
2005-09-21,USC00411711,0,0.0,0.0,0.0,False
2005-09-21,USC00411720,0,0.07,-0.07,-0.01,False
2005-09-21,USC00411800,0,0.0,0.0,0.0,False
2005-09-21,USC00411804,0,0.0,0.0,0.0,False
2005-09-21,USC00411810,0,0.09,-0.09,-0.01,False
2005-09-21,USC00411838,0,0.11,-0.11,-0.01,False
2005-09-21,USC00411880,0,0.0,0.0,0.0,False
2005-09-21,USC00411911,0,0.0,0.0,0.0,False
2005-09-21,USC00411921,0,0.0,0.0,0.0,False
2005-09-21,USC00411956,0,0.07,-0.07,-0.01,False
2005-09-21,USC00411970,0,0.0,0.0,0.0,False
2005-09-21,USC00411990,0,0.0,0.0,0.0,False
2005-09-21,USC00412011,0,0.03,-0.03,-0.0,False
2005-09-21,USC00412013,0,0.08,-0.08,-0.01,False
2005-09-21,USC00412017,0,0.0,0.0,0.0,False
2005-09-21,USC00412019,0,0.05,-0.05,-0.01,False
2005-09-21,USC00412020,0,0.07,-0.07,-0.01,False
2005-09-21,USC00412086,0,0.0,0.0,0.0,False
2005-09-21,USC00412088,0,0.0,0.0,0.0,False
2005-09-21,USC00412096,0,0.0,0.0,0.0,False
2005-09-21,USC00412114,0,0.16,-0.16,-0.02,False
2005-09-21,USC00412173,0,0.0,0.0,0.0,False
2005-09-21,USC00412206,0,0.09,-0.09,-0.01,False
2005-09-21,USC00412218,0,0.0,0.0,0.0,False
2005-09-21,USC00412225,0,0.14,-0.14,-0.02,False
2005-09-21,USC00412266,0,0.0,0.0,0.0,False
2005-09-21,USC00412295,0,0.0,0.0,0.0,False
2005-09-21,USC00412334,0,0.0,0.0,0.0,False
2005-09-21,USC00412404,0,0.0,0.0,0.0,False
2005-09-21,USC00412444,0,0.2,-0.2,-0.03,False
2005-09-21,USC00412462,0,0.0,0.0,0.0,False
2005-09-21,USC00412518,0,2.28,-2.28,-0.31,False
2005-09-21,USC00412585,0,0.0,0.0,0.0,False
2005-09-21,USC00412758,0,2.23,-2.23,-0.3,False
2005-09-21,USC00412770,0,0.0,0.0,0.0,False
2005-09-21,USC00412772,0,0.16,-0.16,-0.02,False
2005-09-21,USC00412786,0,0.0,0.0,0.0,False
2005-09-21,USC00412820,0,0.0,0.0,0.0,False
2005-09-21,USC00413005,0,0.0,0.0,0.0,False
2005-09-21,USC00413047,0,0.15,-0.15,-0.02,False
2005-09-21,USC00413065,0,0.0,0.0,0.0,False
2005-09-21,USC00413080,0,0.0,0.0,0.0,False
2005-09-21,USC00413112,0,0.0,0.0,0.0,False
2005-09-21,USC00413156,0,0.0,0.0,0.0,False
2005-09-21,USC00413171,0,0.0,0.0,0.0,False
2005-09-21,USC00413183,0,0.0,0.0,0.0,False
2005-09-21,USC00413199,0,0.0,0.0,0.0,False
2005-09-21,USC00413201,0,0.0,0.0,0.0,False
2005-09-21,USC00413285,0,0.0,0.0,0.0,False
2005-09-21,USC00413289,0,0.0,0.0,0.0,False
2005-09-21,USC00413321,0,0.0,0.0,0.0,False
2005-09-21,USC00413340,0,0.19,-0.19,-0.03,False
2005-09-21,USC00413370,0,0.0,0.0,0.0,False
2005-09-21,USC00413485,0,0.0,0.0,0.0,False
2005-09-21,USC00413507,0,0.0,0.0,0.0,False
2005-09-21,USC00413508,0,0.11,-0.11,-0.01,False
2005-09-21,USC00413525,0,0.0,0.0,0.0,False
2005-09-21,USC00413546,0,0.14,-0.14,-0.02,False
2005-09-21,USC00413618,0,0.0,0.0,0.0,False
2005-09-21,USC00413622,0,0.0,0.0,0.0,False
2005-09-21,USC00413624,0,0.0,0.0,0.0,False
2005-09-21,USC00413639,0,0.0,0.0,0.0,False
2005-09-21,USC00413675,0,0.0,0.0,0.0,False
2005-09-21,USC00413685,0,0.0,0.0,0.0,False
2005-09-21,USC00413686,0,0.0,0.0,0.0,False
2005-09-21,USC00413691,0,0.0,0.0,0.0,False
2005-09-21,USC00413734,0,0.0,0.0,0.0,False
2005-09-21,USC00413846,0,0.0,0.0,0.0,False
2005-09-21,USC00413873,0,0.0,0.0,0.0,False
2005-09-21,USC00413877,0,0.4,-0.4,-0.05,False
2005-09-21,USC00413884,0,0.0,0.0,0.0,False
2005-09-21,USC00413941,0,0.19,-0.19,-0.03,False
2005-09-21,USC00413943,0,12.32,-12.32,-1.67,False
2005-09-21,USC00414020,0,0.14,-0.14,-0.02,False
2005-09-21,USC00414077,0,0.0,0.0,0.0,False
2005-09-21,USC00414081,0,0.35,-0.35,-0.05,False
2005-09-21,USC00414137,0,0.0,0.0,0.0,False
2005-09-21,USC00414182,0,0.0,0.0,0.0,False
2005-09-21,USC00414202,0,0.11,-0.11,-0.02,False
2005-09-21,USC00414315,0,0.27,-0.27,-0.04,False
2005-09-21,USC00414321,0,0.15,-0.15,-0.02,False
2005-09-21,USC00414325,0,0.19,-0.19,-0.03,False
2005-09-21,USC00414326,0,0.22,-0.22,-0.03,False
2005-09-21,USC00414327,0,0.12,-0.12,-0.02,False
2005-09-21,USC00414333,0,0.49,-0.49,-0.07,False
2005-09-21,USC00414343,0,0.0,0.0,0.0,False
2005-09-21,USC00414382,0,0.0,0.0,0.0,False
2005-09-21,USC00414390,0,0.0,0.0,0.0,False
2005-09-21,USC00414505,0,0.0,0.0,0.0,False
2005-09-21,USC00414517,0,0.0,0.0,0.0,False
2005-09-21,USC00414525,0,0.21,-0.21,-0.03,False
2005-09-21,USC00414531,0,0.27,-0.27,-0.04,False
2005-09-21,USC00414556,0,0.0,0.0,0.0,False
2005-09-21,USC00414563,0,0.0,0.0,0.0,False
2005-09-21,USC00414575,0,0.0,0.0,0.0,False
2005-09-21,USC00414597,0,0.0,0.0,0.0,False
2005-09-21,USC00414605,0,0.0,0.0,0.0,False
2005-09-21,USC00414679,0,0.0,0.0,0.0,False
2005-09-21,USC00414693,0,0.11,-0.11,-0.02,False
2005-09-21,USC00414696,0,0.0,0.0,0.0,False
2005-09-21,USC00414704,0,0.1,-0.1,-0.01,False
2005-09-21,USC00414705,0,0.0,0.0,0.0,False
2005-09-21,USC00414708,0,0.0,0.0,0.0,False
2005-09-21,USC00414805,0,0.0,0.0,0.0,False
2005-09-21,USC00414810,0,0.16,-0.16,-0.02,False
2005-09-21,USC00414866,0,0.0,0.0,0.0,False
2005-09-21,USC00414878,0,0.0,0.0,0.0,False
2005-09-21,USC00414903,0,0.0,0.0,0.0,False
2005-09-21,USC00414911,0,1.67,-1.67,-0.23,False
2005-09-21,USC00414972,0,0.0,0.0,0.0,False
2005-09-21,USC00414976,0,0.07,-0.07,-0.01,False
2005-09-21,USC00414980,0,0.0,0.0,0.0,False
2005-09-21,USC00415018,0,0.0,0.0,0.0,False
2005-09-21,USC00415094,0,0.0,0.0,0.0,False
2005-09-21,USC00415116,0,0.0,0.0,0.0,False
2005-09-21,USC00415192,0,0.0,0.0,0.0,False
2005-09-21,USC00415193,0,0.0,0.0,0.0,False
2005-09-21,USC00415229,0,0.1,-0.1,-0.01,False
2005-09-21,USC00415271,0,0.0,0.0,0.0,False
2005-09-21,USC00415285,0,0.0,0.0,0.0,False
2005-09-21,USC00415341,0,0.5,-0.5,-0.07,False
2005-09-21,USC00415344,0,0.34,-0.34,-0.05,False
2005-09-21,USC00415415,0,0.08,-0.08,-0.01,False
2005-09-21,USC00415429,0,0.0,0.0,0.0,False
2005-09-21,USC00415430,0,0.0,0.0,0.0,False
2005-09-21,USC00415435,0,0.0,0.0,0.0,False
2005-09-21,USC00415477,0,0.08,-0.08,-0.01,False
2005-09-21,USC00415611,0,0.0,0.0,0.0,False
2005-09-21,USC00415618,0,0.18,-0.18,-0.02,False
2005-09-21,USC00415659,0,0.0,0.0,0.0,False
2005-09-21,USC00415661,0,0.17,-0.17,-0.02,False
2005-09-21,USC00415701,0,0.7,-0.7,-0.1,False
2005-09-21,USC00415721,0,0.68,-0.68,-0.09,False
2005-09-21,USC00415757,0,0.0,0.0,0.0,False
2005-09-21,USC00415766,0,0.0,0.0,0.0,False
2005-09-21,USC00415836,0,3.74,-3.74,-0.51,False
2005-09-21,USC00415845,0,0.0,0.0,0.0,False
2005-09-21,USC00415897,0,0.0,0.0,0.0,False
2005-09-21,USC00415904,0,0.09,-0.09,-0.01,False
2005-09-21,USC00415954,0,0.12,-0.12,-0.02,False
2005-09-21,USC00416024,0,0.0,0.0,0.0,False
2005-09-21,USC00416058,0,0.0,0.0,0.0,False
2005-09-21,USC00416060,0,0.0,0.0,0.0,False
2005-09-21,USC00416108,0,0.11,-0.11,-0.01,False
2005-09-21,USC00416119,0,0.0,0.0,0.0,False
2005-09-21,USC00416177,0,0.12,-0.12,-0.02,False
2005-09-21,USC00416210,0,0.05,-0.05,-0.01,False
2005-09-21,USC00416265,0,0.08,-0.08,-0.01,False
2005-09-21,USC00416270,0,0.0,0.0,0.0,False
2005-09-21,USC00416276,0,0.0,0.0,0.0,False
2005-09-21,USC00416280,0,0.11,-0.11,-0.02,False
2005-09-21,USC00416331,0,0.0,0.0,0.0,False
2005-09-21,USC00416335,0,0.21,-0.21,-0.03,False
2005-09-21,USC00416341,0,0.0,0.0,0.0,False
2005-09-21,USC00416367,0,0.0,0.0,0.0,False
2005-09-21,USC00416368,0,0.0,0.0,0.0,False
2005-09-21,USC00416496,0,0.31,-0.31,-0.04,False
2005-09-21,USC00416664,0,0.0,0.0,0.0,False
2005-09-21,USC00416680,0,0.0,0.0,0.0,False
2005-09-21,USC00416739,0,0.08,-0.08,-0.01,False
2005-09-21,USC00416766,0,0.0,0.0,0.0,False
2005-09-21,USC00417017,0,0.0,0.0,0.0,False
2005-09-21,USC00417040,0,0.0,0.0,0.0,False
2005-09-21,USC00417111,0,0.0,0.0,0.0,False
2005-09-21,USC00417140,0,0.0,0.0,0.0,False
2005-09-21,USC00417170,0,0.08,-0.08,-0.01,False
2005-09-21,USC00417172,0,0.0,0.0,0.0,False
2005-09-21,USC00417179,0,11.92,-11.92,-1.61,False
2005-09-21,USC00417184,0,5.3,-5.3,-0.72,False
2005-09-21,USC00417186,0,0.0,0.0,0.0,False
2005-09-21,USC00417300,0,0.0,0.0,0.0,False
2005-09-21,USC00417365,0,0.08,-0.08,-0.01,False
2005-09-21,USC00417388,0,0.0,0.0,0.0,False
2005-09-21,USC00417458,0,4.15,-4.15,-0.56,False
2005-09-21,USC00417530,0,0.05,-0.05,-0.01,False
2005-09-21,USC00417533,0,0.05,-0.05,-0.01,False
2005-09-21,USC00417550,0,0.0,0.0,0.0,False
2005-09-21,USC00417586,0,0.0,0.0,0.0,False
2005-09-21,USC00417588,0,0.0,0.0,0.0,False
2005-09-21,USC00417594,0,0.11,-0.11,-0.01,False
2005-09-21,USC00417659,0,0.0,0.0,0.0,False
2005-09-21,USC00417677,0,0.15,-0.15,-0.02,False
2005-09-21,USC00417685,0,0.0,0.0,0.0,False
2005-09-21,USC00417704,0,0.0,0.0,0.0,False
2005-09-21,USC00417707,0,0.0,0.0,0.0,False
2005-09-21,USC00417744,0,0.0,0.0,0.0,False
2005-09-21,USC00417773,0,0.0,0.0,0.0,False
2005-09-21,USC00417787,0,0.0,0.0,0.0,False
2005-09-21,USC00417791,0,0.0,0.0,0.0,False
2005-09-21,USC00417836,0,0.0,0.0,0.0,False
2005-09-21,USC00417841,0,0.2,-0.2,-0.03,False
2005-09-21,USC00417936,0,0.0,0.0,0.0,False
2005-09-21,USC00417947,0,0.0,0.0,0.0,False
2005-09-21,USC00417951,0,0.0,0.0,0.0,False
2005-09-21,USC00417981,0,0.7,-0.7,-0.09,False
2005-09-21,USC00417983,0,0.0,0.0,0.0,False
2005-09-21,USC00418050,0,2.24,-2.24,-0.3,False
2005-09-21,USC00418059,0,4.06,-4.06,-0.55,False
2005-09-21,USC00418081,0,0.43,-0.43,-0.06,False
2005-09-21,USC00418126,0,0.0,0.0,0.0,False
2005-09-21,USC00418187,0,0.0,0.0,0.0,False
2005-09-21,USC00418311,0,0.0,0.0,0.0,False
2005-09-21,USC00418415,0,0.0,0.0,0.0,False
2005-09-21,USC00418446,0,0.0,0.0,0.0,False
2005-09-21,USC00418487,33,5.26,27.74,3.76,True
2005-09-21,USC00418519,0,0.0,0.0,0.0,False
2005-09-21,USC00418531,0,0.0,0.0,0.0,False
2005-09-21,USC00418544,0,0.0,0.0,0.0,False
2005-09-21,USC00418646,0,0.0,0.0,0.0,False
2005-09-21,USC00418658,0,0.0,0.0,0.0,False
2005-09-21,USC00418696,0,0.0,0.0,0.0,False
2005-09-21,USC00418728,0,0.04,-0.04,-0.01,False
2005-09-21,USC00418743,0,0.0,0.0,0.0,False
2005-09-21,USC00418862,0,0.0,0.0,0.0,False
2005-09-21,USC00418929,0,0.0,0.0,0.0,False
2005-09-21,USC00418942,0,0.0,0.0,0.0,False
2005-09-21,USC00418996,0,0.17,-0.17,-0.02,False
2005-09-21,USC00419001,0,0.0,0.0,0.0,False
2005-09-21,USC00419004,0,0.07,-0.07,-0.01,False
2005-09-21,USC00419007,0,0.07,-0.07,-0.01,False
2005-09-21,USC00419076,0,0.08,-0.08,-0.01,False
2005-09-21,USC00419099,0,0.0,0.0,0.0,False
2005-09-21,USC00419101,0,0.0,0.0,0.0,False
2005-09-21,USC00419125,0,0.0,0.0,0.0,False
2005-09-21,USC00419153,0,0.0,0.0,0.0,False
2005-09-21,USC00419207,0,0.19,-0.19,-0.03,False
2005-09-21,USC00419361,0,0.0,0.0,0.0,False
2005-09-21,USC00419367,0,0.0,0.0,0.0,False
2005-09-21,USC00419417,0,0.0,0.0,0.0,False
2005-09-21,USC00419491,0,0.0,0.0,0.0,False
2005-09-21,USC00419504,0,0.0,0.0,0.0,False
2005-09-21,USC00419532,0,0.0,0.0,0.0,False
2005-09-21,USC00419559,0,0.07,-0.07,-0.01,False
2005-09-21,USC00419593,0,0.0,0.0,0.0,False
2005-09-21,USC00419655,0,0.1,-0.1,-0.01,False
2005-09-21,USC00419709,0,0.28,-0.28,-0.04,False
2005-09-21,USC00419715,0,0.0,0.0,0.0,False
2005-09-21,USC00419717,0,0.0,0.0,0.0,False
2005-09-21,USC00419754,0,0.0,0.0,0.0,False
2005-09-21,USC00419800,0,0.0,0.0,0.0,False
2005-09-21,USC00419815,0,0.0,0.0,0.0,False
2005-09-21,USC00419836,0,0.1,-0.1,-0.01,False
2005-09-21,USC00419859,0,0.0,0.0,0.0,False
2005-09-21,USC00419898,0,0.0,0.0,0.0,False
2005-09-21,USC00419916,0,0.0,0.0,0.0,False
2005-09-21,USC00419953,0,0.0,0.0,0.0,False
2005-09-21,USC00419962,0,0.0,0.0,0.0,False
2005-09-21,USW00003855,8,31.04,-23.04,-3.12,False
2005-09-21,USW00003866,0,0.0,0.0,0.0,False
2005-09-21,USW00003881,0,1.03,-1.03,-0.14,False
2005-09-21,USW00003901,5,0.0,5.0,0.68,False
2005-09-21,USW00003904,0,0.0,0.0,0.0,False
2005-09-21,USW00003927,0,0.0,0.0,0.0,False
2005-09-21,USW00003937,0,0.0,0.0,0.0,False
2005-09-21,USW00003940,0,0.0,0.0,0.0,False
2005-09-21,USW00003951,0,0.69,-0.69,-0.09,False
2005-09-21,USW00003969,0,0.0,0.0,0.0,False
2005-09-21,USW00003971,0,0.0,0.0,0.0,False
2005-09-21,USW00003991,0,0.0,0.0,0.0,False
2005-09-21,USW00003996,0,0.0,0.0,0.0,False
2005-09-21,USW00003999,0,0.0,0.0,0.0,False
2005-09-21,USW00012904,25,1.89,23.11,3.13,False
2005-09-21,USW00012912,0,0.0,0.0,0.0,False
2005-09-21,USW00012916,0,0.0,0.0,0.0,False
2005-09-21,USW00012917,0,0.0,0.0,0.0,False
2005-09-21,USW00012918,0,0.39,-0.39,-0.05,False
2005-09-21,USW00012921,0,0.0,0.0,0.0,False
2005-09-21,USW00012923,0,0.28,-0.28,-0.04,False
2005-09-21,USW00012924,0,0.03,-0.03,-0.0,False
2005-09-21,USW00012926,0,0.08,-0.08,-0.01,False
2005-09-21,USW00012928,0,0.14,-0.14,-0.02,False
2005-09-21,USW00012930,0,0.0,0.0,0.0,False
2005-09-21,USW00012932,3,0.0,3.0,0.41,False
2005-09-21,USW00012935,0,0.0,0.0,0.0,False
2005-09-21,USW00012957,15,6.49,8.51,1.15,False
2005-09-21,USW00012959,0,0.7,-0.7,-0.1,False
2005-09-21,USW00012960,0,0.12,-0.12,-0.02,False
2005-09-21,USW00012968,3,0.0,3.0,0.41,False
2005-09-21,USW00012970,0,0.0,0.0,0.0,False
2005-09-21,USW00012971,0,0.0,0.0,0.0,False
2005-09-21,USW00012972,0,0.0,0.0,0.0,False
2005-09-21,USW00012975,5,0.0,5.0,0.68,False
2005-09-21,USW00012976,0,0.15,-0.15,-0.02,False
2005-09-21,USW00012977,0,0.04,-0.04,-0.01,False
2005-09-21,USW00012987,8,1.56,6.44,0.87,False
2005-09-21,USW00013833,0,0.0,0.0,0.0,False
2005-09-21,USW00013838,0,6.26,-6.26,-0.85,False
2005-09-21,USW00013865,0,0.0,0.0,0.0,False
2005-09-21,USW00013894,0,0.27,-0.27,-0.04,False
2005-09-21,USW00013899,122,22.03,99.97,13.54,True
2005-09-21,USW00013904,0,0.0,0.0,0.0,False
2005-09-21,USW00013911,0,0.0,0.0,0.0,False
2005-09-21,USW00013927,0,0.0,0.0,0.0,False
2005-09-21,USW00013935,0,0.0,0.0,0.0,False
2005-09-21,USW00013939,0,0.0,0.0,0.0,False
2005-09-21,USW00013942,0,0.0,0.0,0.0,False
2005-09-21,USW00013957,0,0.05,-0.05,-0.01,False
2005-09-21,USW00013958,0,0.0,0.0,0.0,False
2005-09-21,USW00013959,0,0.0,0.0,0.0,False
2005-09-21,USW00013960,0,0.0,0.0,0.0,False
2005-09-21,USW00013961,0,0.0,0.0,0.0,False
2005-09-21,USW00013970,0,0.63,-0.63,-0.08,False
2005-09-21,USW00013972,0,0.16,-0.16,-0.02,False
2005-09-21,USW00013976,0,0.04,-0.04,-0.0,False
2005-09-21,USW00013977,0,0.0,0.0,0.0,False
2005-09-21,USW00013978,0,0.0,0.0,0.0,False
2005-09-21,USW00053820,3,4.0,-1.0,-0.13,False
2005-09-21,USW00053858,0,0.0,0.0,0.0,False
2005-09-21,USW00053865,0,0.0,0.0,0.0,False
2005-09-21,USW00053902,0,0.07,-0.07,-0.01,False
2005-09-21,USW00053903,0,0.0,0.0,0.0,False
2005-09-21,USW00053905,0,0.04,-0.04,-0.0,False
2005-09-21,USW00053907,0,0.0,0.0,0.0,False
2005-09-21,USW00053909,0,0.0,0.0,0.0,False
2005-09-21,USW00053910,0,0.08,-0.08,-0.01,False
2005-09-21,USW00053911,0,0.0,0.0,0.0,False
2005-09-21,USW00053912,0,0.07,-0.07,-0.01,False
2005-09-21,USW00053914,0,0.0,0.0,0.0,False
2005-09-21,USW00053915,0,0.02,-0.02,-0.0,False
2005-09-21,USW00053960,0,0.02,-0.02,-0.0,False
2005-09-21,USW00053961,0,0.0,0.0,0.0,False
2005-09-21,USW00053968,3,0.0,3.0,0.41,False
2005-09-21,USW00063831,0,0.0,0.0,0.0,False
2005-09-21,USW00063858,0,0.99,-0.99,-0.13,False
2005-09-21,USW00093806,0,0.0,0.0,0.0,False
2005-09-21,USW00093841,3,20.35,-17.35,-2.35,False
2005-09-21,USW00093874,0,0.0,0.0,0.0,False
2005-09-21,USW00093914,0,0.56,-0.56,-0.08,False
2005-09-21,USW00093915,0,0.0,0.0,0.0,False
2005-09-21,USW00093919,0,0.63,-0.63,-0.09,False
2005-09-21,USW00093985,0,0.0,0.0,0.0,False
2005-09-21,USW00093987,0,0.0,0.0,0.0,False
2005-09-21,USW00093992,0,0.0,0.0,0.0,False
2005-09-22,US1TXDA0001,0,0.33,-0.33,-0.01,False
2005-09-22,US1TXMTG001,0,0.0,0.0,0.0,False
2005-09-22,US1TXUP0001,0,0.0,0.0,0.0,False
2005-09-22,USC00010140,0,2.01,-2.01,-0.07,False
2005-09-22,USC00010178,0,0.0,0.0,0.0,False
2005-09-22,USC00010184,0,0.0,0.0,0.0,False
2005-09-22,USC00010402,196,11.41,184.59,6.48,True
2005-09-22,USC00010505,0,0.0,0.0,0.0,False
2005-09-22,USC00010583,0,35.12,-35.12,-1.23,False
2005-09-22,USC00010764,0,0.0,0.0,0.0,False
2005-09-22,USC00011080,0,24.73,-24.73,-0.87,False
2005-09-22,USC00011084,0,24.0,-24.0,-0.84,False
2005-09-22,USC00011143,0,0.0,0.0,0.0,False
2005-09-22,USC00011566,0,28.65,-28.65,-1.01,False
2005-09-22,USC00011690,0,17.73,-17.73,-0.62,False
2005-09-22,USC00011803,0,31.27,-31.27,-1.1,False
2005-09-22,USC00011810,0,16.37,-16.37,-0.57,False
2005-09-22,USC00012172,10,12.9,-2.9,-0.1,False
2005-09-22,USC00012245,0,0.3,-0.3,-0.01,False
2005-09-22,USC00012813,0,28.31,-28.31,-0.99,False
2005-09-22,USC00013160,0,0.29,-0.29,-0.01,False
2005-09-22,USC00013511,0,0.0,0.0,0.0,False
2005-09-22,USC00013930,0,0.0,0.0,0.0,False
2005-09-22,USC00014193,0,25.47,-25.47,-0.89,False
2005-09-22,USC00014798,0,0.4,-0.4,-0.01,False
2005-09-22,USC00015121,0,0.0,0.0,0.0,False
2005-09-22,USC00015420,0,2.71,-2.71,-0.1,False
2005-09-22,USC00015658,0,0.0,0.0,0.0,False
2005-09-22,USC00016847,0,0.0,0.0,0.0,False
2005-09-22,USC00016988,0,19.9,-19.9,-0.7,False
2005-09-22,USC00017366,0,0.0,0.0,0.0,False
2005-09-22,USC00018178,0,8.68,-8.68,-0.3,False
2005-09-22,USC00018380,0,0.0,0.0,0.0,False
2005-09-22,USC00018385,0,0.0,0.0,0.0,False
2005-09-22,USC00018446,0,0.0,0.0,0.0,False
2005-09-22,USC00018637,0,33.65,-33.65,-1.18,False
2005-09-22,USC00018673,0,0.24,-0.24,-0.01,False
2005-09-22,USC00018809,0,0.0,0.0,0.0,False
2005-09-22,USC00018867,0,12.88,-12.88,-0.45,False
2005-09-22,USC00031140,0,1.58,-1.58,-0.06,False
2005-09-22,USC00031730,0,1.49,-1.49,-0.05,False
2005-09-22,USC00032355,0,0.0,0.0,0.0,False
2005-09-22,USC00032475,0,1.55,-1.55,-0.05,False
2005-09-22,USC00034185,0,0.0,0.0,0.0,False
2005-09-22,USC00034548,0,0.0,0.0,0.0,False
2005-09-22,USC00034936,0,1.54,-1.54,-0.05,False
2005-09-22,USC00035866,0,0.0,0.0,0.0,False
2005-09-22,USC00085793,0,32.3,-32.3,-1.13,False
2005-09-22,USC00086999,25,14.29,10.71,0.38,False
2005-09-22,USC00160007,0,4.55,-4.55,-0.16,False
2005-09-22,USC00160016,0,9.8,-9.8,-0.34,False
2005-09-22,USC00160021,0,10.32,-10.32,-0.36,False
2005-09-22,USC00160098,0,0.0,0.0,0.0,False
2005-09-22,USC00160103,0,0.0,0.0,0.0,False
2005-09-22,USC00160205,0,9.79,-9.79,-0.34,False
2005-09-22,USC00160238,0,6.34,-6.34,-0.22,False
2005-09-22,USC00160277,0,1.11,-1.11,-0.04,False
2005-09-22,USC00160349,0,0.74,-0.74,-0.03,False
2005-09-22,USC00160462,0,3.18,-3.18,-0.11,False
2005-09-22,USC00160537,0,1.53,-1.53,-0.05,False
2005-09-22,USC00160546,0,3.12,-3.12,-0.11,False
2005-09-22,USC00160548,0,3.75,-3.75,-0.13,False
2005-09-22,USC00160558,0,3.63,-3.63,-0.13,False
2005-09-22,USC00160565,0,7.27,-7.27,-0.26,False
2005-09-22,USC00160617,0,0.05,-0.05,-0.0,False
2005-09-22,USC00160718,0,0.0,0.0,0.0,False
2005-09-22,USC00160800,0,0.99,-0.99,-0.03,False
2005-09-22,USC00161200,0,0.0,0.0,0.0,False
2005-09-22,USC00161232,0,0.0,0.0,0.0,False
2005-09-22,USC00161235,0,0.0,0.0,0.0,False
2005-09-22,USC00161246,0,4.55,-4.55,-0.16,False
2005-09-22,USC00161287,0,0.06,-0.06,-0.0,False
2005-09-22,USC00161365,0,3.95,-3.95,-0.14,False
2005-09-22,USC00161411,46,0.0,46.0,1.62,False
2005-09-22,USC00161535,0,2.98,-2.98,-0.1,False
2005-09-22,USC00161565,97,2.72,94.28,3.31,False
2005-09-22,USC00161866,0,0.0,0.0,0.0,False
2005-09-22,USC00161899,0,2.91,-2.91,-0.1,False
2005-09-22,USC00161941,0,0.0,0.0,0.0,False
2005-09-22,USC00161979,0,1.66,-1.66,-0.06,False
2005-09-22,USC00162002,0,9.47,-9.47,-0.33,False
2005-09-22,USC00162121,0,0.0,0.0,0.0,False
2005-09-22,USC00162151,0,8.27,-8.27,-0.29,False
2005-09-22,USC00162212,0,0.14,-0.14,-0.0,False
2005-09-22,USC00162350,0,3.7,-3.7,-0.13,False
2005-09-22,USC00162367,0,0.0,0.0,0.0,False
2005-09-22,USC00162534,0,10.08,-10.08,-0.35,False
2005-09-22,USC00162536,0,9.02,-9.02,-0.32,False
2005-09-22,USC00162641,0,0.0,0.0,0.0,False
2005-09-22,USC00162812,0,0.0,0.0,0.0,False
2005-09-22,USC00162981,0,0.08,-0.08,-0.0,False
2005-09-22,USC00163079,0,2.78,-2.78,-0.1,False
2005-09-22,USC00163165,0,8.17,-8.17,-0.29,False
2005-09-22,USC00163313,0,9.37,-9.37,-0.33,False
2005-09-22,USC00163322,0,5.62,-5.62,-0.2,False
2005-09-22,USC00163433,0,23.39,-23.39,-0.82,False
2005-09-22,USC00163695,0,9.35,-9.35,-0.33,False
2005-09-22,USC00163800,0,1.4,-1.4,-0.05,False
2005-09-22,USC00163804,0,0.0,0.0,0.0,False
2005-09-22,USC00163867,0,3.22,-3.22,-0.11,False
2005-09-22,USC00163877,0,0.0,0.0,0.0,False
2005-09-22,USC00164030,0,9.99,-9.99,-0.35,False
2005-09-22,USC00164034,0,10.04,-10.04,-0.35,False
2005-09-22,USC00164050,0,0.0,0.0,0.0,False
2005-09-22,USC00164131,0,0.87,-0.87,-0.03,False
2005-09-22,USC00164288,0,0.0,0.0,0.0,False
2005-09-22,USC00164355,0,0.96,-0.96,-0.03,False
2005-09-22,USC00164398,0,0.0,0.0,0.0,False
2005-09-22,USC00164407,0,13.47,-13.47,-0.47,False
2005-09-22,USC00164573,0,2.73,-2.73,-0.1,False
2005-09-22,USC00164592,0,0.63,-0.63,-0.02,False
2005-09-22,USC00164674,0,5.24,-5.24,-0.18,False
2005-09-22,USC00164696,0,0.82,-0.82,-0.03,False
2005-09-22,USC00164700,0,0.09,-0.09,-0.0,False
2005-09-22,USC00164732,0,1.33,-1.33,-0.05,False
2005-09-22,USC00164735,0,1.16,-1.16,-0.04,False
2005-09-22,USC00164739,0,0.0,0.0,0.0,False
2005-09-22,USC00164775,0,2.7,-2.7,-0.09,False
2005-09-22,USC00164816,0,0.0,0.0,0.0,False
2005-09-22,USC00164859,0,7.15,-7.15,-0.25,False
2005-09-22,USC00164931,0,0.0,0.0,0.0,False
2005-09-22,USC00165021,0,3.28,-3.28,-0.12,False
2005-09-22,USC00165065,0,0.08,-0.08,-0.0,False
2005-09-22,USC00165072,0,0.0,0.0,0.0,False
2005-09-22,USC00165074,0,0.0,0.0,0.0,False
2005-09-22,USC00165076,0,0.0,0.0,0.0,False
2005-09-22,USC00165090,0,0.0,0.0,0.0,False
2005-09-22,USC00165146,0,0.0,0.0,0.0,False
2005-09-22,USC00165266,0,0.0,0.0,0.0,False
2005-09-22,USC00165287,0,0.0,0.0,0.0,False
2005-09-22,USC00165296,0,4.84,-4.84,-0.17,False
2005-09-22,USC00165430,30,3.11,26.89,0.94,False
2005-09-22,USC00165438,0,7.08,-7.08,-0.25,False
2005-09-22,USC00165522,0,0.0,0.0,0.0,False
2005-09-22,USC00165620,0,5.33,-5.33,-0.19,False
2005-09-22,USC00165630,0,0.0,0.0,0.0,False
2005-09-22,USC00165783,0,10.25,-10.25,-0.36,False
2005-09-22,USC00165874,0,0.0,0.0,0.0,False
2005-09-22,USC00165892,0,0.0,0.0,0.0,False
2005-09-22,USC00165896,0,0.0,0.0,0.0,False
2005-09-22,USC00165920,0,0.0,0.0,0.0,False
2005-09-22,USC00166244,0,0.67,-0.67,-0.02,False
2005-09-22,USC00166314,0,1.37,-1.37,-0.05,False
2005-09-22,USC00166394,0,10.63,-10.63,-0.37,False
2005-09-22,USC00166431,0,0.0,0.0,0.0,False
2005-09-22,USC00166466,0,4.97,-4.97,-0.17,False
2005-09-22,USC00166561,0,9.92,-9.92,-0.35,False
2005-09-22,USC00166582,0,0.0,0.0,0.0,False
2005-09-22,USC00166657,0,1.21,-1.21,-0.04,False
2005-09-22,USC00166666,0,39.75,-39.75,-1.4,False
2005-09-22,USC00166686,0,2.52,-2.52,-0.09,False
2005-09-22,USC00166808,0,2.72,-2.72,-0.1,False
2005-09-22,USC00166836,0,0.05,-0.05,-0.0,False
2005-09-22,USC00166866,0,0.9,-0.9,-0.03,False
2005-09-22,USC00166868,0,1.31,-1.31,-0.05,False
2005-09-22,USC00166911,0,2.9,-2.9,-0.1,False
2005-09-22,USC00166938,0,0.06,-0.06,-0.0,False
2005-09-22,USC00166968,0,0.0,0.0,0.0,False
2005-09-22,USC00166978,0,0.99,-0.99,-0.03,False
2005-09-22,USC00166995,0,1.38,-1.38,-0.05,False
2005-09-22,USC00167096,0,19.7,-19.7,-0.69,False
2005-09-22,USC00167304,0,5.12,-5.12,-0.18,False
2005-09-22,USC00167312,0,1.07,-1.07,-0.04,False
2005-09-22,USC00167344,0,0.0,0.0,0.0,False
2005-09-22,USC00167366,0,5.75,-5.75,-0.2,False
2005-09-22,USC00167425,0,9.75,-9.75,-0.34,False
2005-09-22,USC00167448,0,3.24,-3.24,-0.11,False
2005-09-22,USC00167590,0,1.45,-1.45,-0.05,False
2005-09-22,USC00167691,0,1.27,-1.27,-0.04,False
2005-09-22,USC00167729,0,0.0,0.0,0.0,False
2005-09-22,USC00167732,0,0.0,0.0,0.0,False
2005-09-22,USC00167738,0,0.0,0.0,0.0,False
2005-09-22,USC00167767,0,10.99,-10.99,-0.39,False
2005-09-22,USC00167924,0,0.0,0.0,0.0,False
2005-09-22,USC00168046,0,0.0,0.0,0.0,False
2005-09-22,USC00168067,0,2.26,-2.26,-0.08,False
2005-09-22,USC00168094,0,0.67,-0.67,-0.02,False
2005-09-22,USC00168136,0,2.48,-2.48,-0.09,False
2005-09-22,USC00168139,0,10.42,-10.42,-0.37,False
2005-09-22,USC00168163,0,0.0,0.0,0.0,False
2005-09-22,USC00168181,0,1.48,-1.48,-0.05,False
2005-09-22,USC00168436,0,0.0,0.0,0.0,False
2005-09-22,USC00168444,0,0.0,0.0,0.0,False
2005-09-22,USC00168539,0,23.28,-23.28,-0.82,False
2005-09-22,USC00168683,0,0.0,0.0,0.0,False
2005-09-22,USC00168785,0,2.08,-2.08,-0.07,False
2005-09-22,USC00168831,0,0.0,0.0,0.0,False
2005-09-22,USC00168861,0,11.8,-11.8,-0.41,False
2005-09-22,USC00168923,0,0.0,0.0,0.0,False
2005-09-22,USC00168941,0,39.0,-39.0,-1.37,False
2005-09-22,USC00168945,64,5.78,58.22,2.04,False
2005-09-22,USC00169013,0,12.66,-12.66,-0.44,False
2005-09-22,USC00169074,0,0.0,0.0,0.0,False
2005-09-22,USC00169357,0,0.0,0.0,0.0,False
2005-09-22,USC00169369,0,0.07,-0.07,-0.0,False
2005-09-22,USC00169392,0,0.0,0.0,0.0,False
2005-09-22,USC00169631,0,2.86,-2.86,-0.1,False
2005-09-22,USC00169803,0,0.89,-0.89,-0.03,False
2005-09-22,USC00169804,0,0.87,-0.87,-0.03,False
2005-09-22,USC00169806,0,0.84,-0.84,-0.03,False
2005-09-22,USC00169809,0,0.96,-0.96,-0.03,False
2005-09-22,USC00169930,0,2.86,-2.86,-0.1,False
2005-09-22,USC00169980,0,0.0,0.0,0.0,False
2005-09-22,USC00220039,0,0.0,0.0,0.0,False
2005-09-22,USC00220521,79,13.25,65.75,2.31,False
2005-09-22,USC00220523,0,0.31,-0.31,-0.01,False
2005-09-22,USC00220585,0,32.9,-32.9,-1.16,False
2005-09-22,USC00220660,0,0.0,0.0,0.0,False
2005-09-22,USC00220792,3,29.88,-26.88,-0.94,False
2005-09-22,USC00220891,0,0.0,0.0,0.0,False
2005-09-22,USC00221094,0,1.22,-1.22,-0.04,False
2005-09-22,USC00221174,0,17.46,-17.46,-0.61,False
2005-09-22,USC00221389,0,0.0,0.0,0.0,False
2005-09-22,USC00221489,0,0.25,-0.25,-0.01,False
2005-09-22,USC00221578,0,2.78,-2.78,-0.1,False
2005-09-22,USC00221852,0,0.0,0.0,0.0,False
2005-09-22,USC00221860,0,1.64,-1.64,-0.06,False
2005-09-22,USC00221865,0,3.31,-3.31,-0.12,False
2005-09-22,USC00221880,0,0.0,0.0,0.0,False
2005-09-22,USC00222034,0,0.73,-0.73,-0.03,False
2005-09-22,USC00222046,0,0.0,0.0,0.0,False
2005-09-22,USC00222385,0,0.14,-0.14,-0.0,False
2005-09-22,USC00223107,0,0.32,-0.32,-0.01,False
2005-09-22,USC00223340,0,0.38,-0.38,-0.01,False
2005-09-22,USC00223441,0,1.86,-1.86,-0.07,False
2005-09-22,USC00223516,0,0.0,0.0,0.0,False
2005-09-22,USC00223605,0,0.0,0.0,0.0,False
2005-09-22,USC00223671,13,25.72,-12.72,-0.45,False
2005-09-22,USC00223887,0,9.07,-9.07,-0.32,False
2005-09-22,USC00223920,0,0.24,-0.24,-0.01,False
2005-09-22,USC00224470,0,0.0,0.0,0.0,False
2005-09-22,USC00224776,0,0.0,0.0,0.0,False
2005-09-22,USC00224939,0,8.09,-8.09,-0.28,False
2005-09-22,USC00224966,312,8.5,303.5,10.66,True
2005-09-22,USC00225020,0,0.0,0.0,0.0,False
2005-09-22,USC00225062,0,0.0,0.0,0.0,False
2005-09-22,USC00225247,0,0.29,-0.29,-0.01,False
2005-09-22,USC00225361,0,0.29,-0.29,-0.01,False
2005-09-22,USC00225611,0,4.18,-4.18,-0.15,False
2005-09-22,USC00225704,0,1.2,-1.2,-0.04,False
2005-09-22,USC00225943,0,0.21,-0.21,-0.01,False
2005-09-22,USC00225987,0,0.94,-0.94,-0.03,False
2005-09-22,USC00226009,0,0.0,0.0,0.0,False
2005-09-22,USC00226177,0,0.15,-0.15,-0.01,False
2005-09-22,USC00226294,0,0.0,0.0,0.0,False
2005-09-22,USC00226308,0,0.26,-0.26,-0.01,False
2005-09-22,USC00226513,0,1.03,-1.03,-0.04,False
2005-09-22,USC00226638,0,5.96,-5.96,-0.21,False
2005-09-22,USC00226640,0,6.19,-6.19,-0.22,False
2005-09-22,USC00226642,0,0.13,-0.13,-0.0,False
2005-09-22,USC00226643,0,1.46,-1.46,-0.05,False
2005-09-22,USC00226644,0,0.44,-0.44,-0.02,False
2005-09-22,USC00226894,0,0.37,-0.37,-0.01,False
2005-09-22,USC00226921,0,16.14,-16.14,-0.57,False
2005-09-22,USC00226924,0,13.61,-13.61,-0.48,False
2005-09-22,USC00226926,0,0.0,0.0,0.0,False
2005-09-22,USC00227128,0,13.74,-13.74,-0.48,False
2005-09-22,USC00227132,0,0.0,0.0,0.0,False
2005-09-22,USC00227172,0,0.71,-0.71,-0.03,False
2005-09-22,USC00227220,0,10.88,-10.88,-0.38,False
2005-09-22,USC00227276,0,0.26,-0.26,-0.01,False
2005-09-22,USC00227560,0,0.0,0.0,0.0,False
2005-09-22,USC00227595,0,0.0,0.0,0.0,False
2005-09-22,USC00227831,0,0.0,0.0,0.0,False
2005-09-22,USC00227840,58,23.91,34.09,1.2,False
2005-09-22,USC00228053,0,7.39,-7.39,-0.26,False
2005-09-22,USC00228374,0,0.0,0.0,0.0,False
2005-09-22,USC00228413,0,24.71,-24.71,-0.87,False
2005-09-22,USC00228445,0,0.0,0.0,0.0,False
2005-09-22,USC00228556,0,7.13,-7.13,-0.25,False
2005-09-22,USC00228899,0,0.95,-0.95,-0.03,False
2005-09-22,USC00229048,0,4.19,-4.19,-0.15,False
2005-09-22,USC00229072,0,1.04,-1.04,-0.04,False
2005-09-22,USC00229114,0,0.0,0.0,0.0,False
2005-09-22,USC00229230,0,0.0,0.0,0.0,False
2005-09-22,USC00229326,0,0.29,-0.29,-0.01,False
2005-09-22,USC00229439,0,10.91,-10.91,-0.38,False
2005-09-22,USC00229597,0,0.22,-0.22,-0.01,False
2005-09-22,USC00229743,0,0.0,0.0,0.0,False
2005-09-22,USC00229793,0,1.71,-1.71,-0.06,False
2005-09-22,USC00229860,0,0.0,0.0,0.0,False
2005-09-22,USC00410144,0,0.0,0.0,0.0,False
2005-09-22,USC00410190,0,0.22,-0.22,-0.01,False
2005-09-22,USC00410204,0,0.0,0.0,0.0,False
2005-09-22,USC00410206,0,0.0,0.0,0.0,False
2005-09-22,USC00410235,0,0.0,0.0,0.0,False
2005-09-22,USC00410246,0,0.0,0.0,0.0,False
2005-09-22,USC00410271,0,0.0,0.0,0.0,False
2005-09-22,USC00410297,0,0.23,-0.23,-0.01,False
2005-09-22,USC00410337,0,0.4,-0.4,-0.01,False
2005-09-22,USC00410345,0,0.17,-0.17,-0.01,False
2005-09-22,USC00410404,0,0.27,-0.27,-0.01,False
2005-09-22,USC00410408,0,0.0,0.0,0.0,False
2005-09-22,USC00410431,0,0.0,0.0,0.0,False
2005-09-22,USC00410433,0,0.0,0.0,0.0,False
2005-09-22,USC00410518,0,0.46,-0.46,-0.02,False
2005-09-22,USC00410569,0,0.0,0.0,0.0,False
2005-09-22,USC00410586,0,0.0,0.0,0.0,False
2005-09-22,USC00410611,0,0.0,0.0,0.0,False
2005-09-22,USC00410613,0,0.0,0.0,0.0,False
2005-09-22,USC00410639,0,0.0,0.0,0.0,False
2005-09-22,USC00410655,0,0.0,0.0,0.0,False
2005-09-22,USC00410660,0,0.0,0.0,0.0,False
2005-09-22,USC00410690,0,0.0,0.0,0.0,False
2005-09-22,USC00410691,0,0.28,-0.28,-0.01,False
2005-09-22,USC00410738,0,0.0,0.0,0.0,False
2005-09-22,USC00410805,0,0.0,0.0,0.0,False
2005-09-22,USC00410832,0,0.0,0.0,0.0,False
2005-09-22,USC00411026,0,0.36,-0.36,-0.01,False
2005-09-22,USC00411035,0,0.0,0.0,0.0,False
2005-09-22,USC00411045,0,0.0,0.0,0.0,False
2005-09-22,USC00411048,0,0.0,0.0,0.0,False
2005-09-22,USC00411089,0,0.0,0.0,0.0,False
2005-09-22,USC00411215,0,0.0,0.0,0.0,False
2005-09-22,USC00411246,0,0.42,-0.42,-0.01,False
2005-09-22,USC00411250,0,0.0,0.0,0.0,False
2005-09-22,USC00411253,0,0.0,0.0,0.0,False
2005-09-22,USC00411314,0,0.0,0.0,0.0,False
2005-09-22,USC00411337,0,0.0,0.0,0.0,False
2005-09-22,USC00411348,0,0.0,0.0,0.0,False
2005-09-22,USC00411429,0,0.0,0.0,0.0,False
2005-09-22,USC00411433,0,0.0,0.0,0.0,False
2005-09-22,USC00411541,0,0.0,0.0,0.0,False
2005-09-22,USC00411578,0,0.0,0.0,0.0,False
2005-09-22,USC00411580,0,0.0,0.0,0.0,False
2005-09-22,USC00411596,0,0.29,-0.29,-0.01,False
2005-09-22,USC00411625,0,0.19,-0.19,-0.01,False
2005-09-22,USC00411671,0,0.0,0.0,0.0,False
2005-09-22,USC00411711,0,0.0,0.0,0.0,False
2005-09-22,USC00411720,0,0.0,0.0,0.0,False
2005-09-22,USC00411800,0,0.33,-0.33,-0.01,False
2005-09-22,USC00411804,0,0.41,-0.41,-0.01,False
2005-09-22,USC00411810,0,0.0,0.0,0.0,False
2005-09-22,USC00411838,0,0.0,0.0,0.0,False
2005-09-22,USC00411880,0,0.0,0.0,0.0,False
2005-09-22,USC00411911,0,0.0,0.0,0.0,False
2005-09-22,USC00411921,0,0.0,0.0,0.0,False
2005-09-22,USC00411956,0,0.0,0.0,0.0,False
2005-09-22,USC00411970,0,0.0,0.0,0.0,False
2005-09-22,USC00411990,0,0.0,0.0,0.0,False
2005-09-22,USC00412011,0,0.0,0.0,0.0,False
2005-09-22,USC00412013,0,0.0,0.0,0.0,False
2005-09-22,USC00412017,0,0.0,0.0,0.0,False
2005-09-22,USC00412019,0,0.43,-0.43,-0.02,False
2005-09-22,USC00412020,0,0.45,-0.45,-0.02,False
2005-09-22,USC00412086,0,0.0,0.0,0.0,False
2005-09-22,USC00412088,0,0.0,0.0,0.0,False
2005-09-22,USC00412096,0,0.24,-0.24,-0.01,False
2005-09-22,USC00412114,0,0.32,-0.32,-0.01,False
2005-09-22,USC00412173,0,0.0,0.0,0.0,False
2005-09-22,USC00412206,0,0.0,0.0,0.0,False
2005-09-22,USC00412218,0,0.0,0.0,0.0,False
2005-09-22,USC00412225,0,0.0,0.0,0.0,False
2005-09-22,USC00412266,0,0.0,0.0,0.0,False
2005-09-22,USC00412295,0,0.0,0.0,0.0,False
2005-09-22,USC00412334,0,0.23,-0.23,-0.01,False
2005-09-22,USC00412404,0,0.21,-0.21,-0.01,False
2005-09-22,USC00412444,0,0.21,-0.21,-0.01,False
2005-09-22,USC00412462,0,0.0,0.0,0.0,False
2005-09-22,USC00412518,0,0.13,-0.13,-0.0,False
2005-09-22,USC00412585,0,0.0,0.0,0.0,False
2005-09-22,USC00412758,0,0.19,-0.19,-0.01,False
2005-09-22,USC00412770,0,0.0,0.0,0.0,False
2005-09-22,USC00412772,0,0.14,-0.14,-0.0,False
2005-09-22,USC00412786,0,0.0,0.0,0.0,False
2005-09-22,USC00412820,0,0.0,0.0,0.0,False
2005-09-22,USC00413005,0,0.0,0.0,0.0,False
2005-09-22,USC00413047,0,0.3,-0.3,-0.01,False
2005-09-22,USC00413065,0,0.0,0.0,0.0,False
2005-09-22,USC00413080,0,0.2,-0.2,-0.01,False
2005-09-22,USC00413112,0,0.0,0.0,0.0,False
2005-09-22,USC00413156,0,0.0,0.0,0.0,False
2005-09-22,USC00413171,0,0.0,0.0,0.0,False
2005-09-22,USC00413183,0,0.0,0.0,0.0,False
2005-09-22,USC00413199,0,0.0,0.0,0.0,False
2005-09-22,USC00413201,0,0.0,0.0,0.0,False
2005-09-22,USC00413285,0,0.24,-0.24,-0.01,False
2005-09-22,USC00413289,0,0.21,-0.21,-0.01,False
2005-09-22,USC00413321,0,0.0,0.0,0.0,False
2005-09-22,USC00413340,0,0.0,0.0,0.0,False
2005-09-22,USC00413370,0,0.22,-0.22,-0.01,False
2005-09-22,USC00413485,0,0.0,0.0,0.0,False
2005-09-22,USC00413507,0,0.0,0.0,0.0,False
2005-09-22,USC00413508,0,0.0,0.0,0.0,False
2005-09-22,USC00413525,0,0.0,0.0,0.0,False
2005-09-22,USC00413546,0,0.0,0.0,0.0,False
2005-09-22,USC00413618,0,0.0,0.0,0.0,False
2005-09-22,USC00413622,0,0.0,0.0,0.0,False
2005-09-22,USC00413624,0,0.0,0.0,0.0,False
2005-09-22,USC00413639,0,0.0,0.0,0.0,False
2005-09-22,USC00413675,0,0.21,-0.21,-0.01,False
2005-09-22,USC00413685,0,0.0,0.0,0.0,False
2005-09-22,USC00413686,0,0.0,0.0,0.0,False
2005-09-22,USC00413691,0,0.24,-0.24,-0.01,False
2005-09-22,USC00413734,0,0.0,0.0,0.0,False
2005-09-22,USC00413846,0,0.0,0.0,0.0,False
2005-09-22,USC00413873,0,0.0,0.0,0.0,False
2005-09-22,USC00413877,0,0.0,0.0,0.0,False
2005-09-22,USC00413884,0,0.0,0.0,0.0,False
2005-09-22,USC00413941,0,0.0,0.0,0.0,False
2005-09-22,USC00413943,0,0.08,-0.08,-0.0,False
2005-09-22,USC00414020,0,0.0,0.0,0.0,False
2005-09-22,USC00414077,0,0.0,0.0,0.0,False
2005-09-22,USC00414081,0,0.09,-0.09,-0.0,False
2005-09-22,USC00414137,0,0.0,0.0,0.0,False
2005-09-22,USC00414182,0,0.29,-0.29,-0.01,False
2005-09-22,USC00414202,0,0.0,0.0,0.0,False
2005-09-22,USC00414315,0,0.0,0.0,0.0,False
2005-09-22,USC00414321,0,0.0,0.0,0.0,False
2005-09-22,USC00414325,0,0.0,0.0,0.0,False
2005-09-22,USC00414326,0,0.0,0.0,0.0,False
2005-09-22,USC00414327,0,0.0,0.0,0.0,False
2005-09-22,USC00414333,0,0.0,0.0,0.0,False
2005-09-22,USC00414343,0,0.0,0.0,0.0,False
2005-09-22,USC00414382,0,0.0,0.0,0.0,False
2005-09-22,USC00414390,0,0.0,0.0,0.0,False
2005-09-22,USC00414505,0,0.34,-0.34,-0.01,False
2005-09-22,USC00414517,0,0.0,0.0,0.0,False
2005-09-22,USC00414525,0,0.2,-0.2,-0.01,False
2005-09-22,USC00414531,0,0.0,0.0,0.0,False
2005-09-22,USC00414556,0,0.0,0.0,0.0,False
2005-09-22,USC00414563,0,0.0,0.0,0.0,False
2005-09-22,USC00414575,0,0.0,0.0,0.0,False
2005-09-22,USC00414597,0,0.76,-0.76,-0.03,False
2005-09-22,USC00414605,0,0.0,0.0,0.0,False
2005-09-22,USC00414679,0,0.2,-0.2,-0.01,False
2005-09-22,USC00414693,0,0.0,0.0,0.0,False
2005-09-22,USC00414696,0,0.0,0.0,0.0,False
2005-09-22,USC00414704,0,0.0,0.0,0.0,False
2005-09-22,USC00414705,0,0.27,-0.27,-0.01,False
2005-09-22,USC00414708,0,0.22,-0.22,-0.01,False
2005-09-22,USC00414805,0,0.0,0.0,0.0,False
2005-09-22,USC00414810,0,0.0,0.0,0.0,False
2005-09-22,USC00414866,0,0.26,-0.26,-0.01,False
2005-09-22,USC00414878,0,0.0,0.0,0.0,False
2005-09-22,USC00414903,0,0.0,0.0,0.0,False
2005-09-22,USC00414911,0,0.19,-0.19,-0.01,False
2005-09-22,USC00414972,0,0.0,0.0,0.0,False
2005-09-22,USC00414976,0,0.0,0.0,0.0,False
2005-09-22,USC00414980,0,0.0,0.0,0.0,False
2005-09-22,USC00415018,0,0.0,0.0,0.0,False
2005-09-22,USC00415094,0,0.21,-0.21,-0.01,False
2005-09-22,USC00415116,0,0.0,0.0,0.0,False
2005-09-22,USC00415192,0,0.23,-0.23,-0.01,False
2005-09-22,USC00415193,0,0.0,0.0,0.0,False
2005-09-22,USC00415229,0,0.0,0.0,0.0,False
2005-09-22,USC00415271,0,0.0,0.0,0.0,False
2005-09-22,USC00415285,0,0.0,0.0,0.0,False
2005-09-22,USC00415341,0,0.0,0.0,0.0,False
2005-09-22,USC00415344,0,0.0,0.0,0.0,False
2005-09-22,USC00415415,0,0.17,-0.17,-0.01,False
2005-09-22,USC00415429,0,0.0,0.0,0.0,False
2005-09-22,USC00415430,0,0.0,0.0,0.0,False
2005-09-22,USC00415435,0,0.0,0.0,0.0,False
2005-09-22,USC00415477,0,0.16,-0.16,-0.01,False
2005-09-22,USC00415611,0,0.0,0.0,0.0,False
2005-09-22,USC00415618,0,0.0,0.0,0.0,False
2005-09-22,USC00415659,0,0.0,0.0,0.0,False
2005-09-22,USC00415661,0,0.0,0.0,0.0,False
2005-09-22,USC00415701,0,0.07,-0.07,-0.0,False
2005-09-22,USC00415721,0,0.16,-0.16,-0.01,False
2005-09-22,USC00415757,0,0.0,0.0,0.0,False
2005-09-22,USC00415766,0,0.06,-0.06,-0.0,False
2005-09-22,USC00415836,0,0.12,-0.12,-0.0,False
2005-09-22,USC00415845,0,0.2,-0.2,-0.01,False
2005-09-22,USC00415897,15,0.0,15.0,0.53,False
2005-09-22,USC00415904,0,0.18,-0.18,-0.01,False
2005-09-22,USC00415954,0,0.08,-0.08,-0.0,False
2005-09-22,USC00416024,0,0.0,0.0,0.0,False
2005-09-22,USC00416058,0,0.2,-0.2,-0.01,False
2005-09-22,USC00416060,0,0.0,0.0,0.0,False
2005-09-22,USC00416108,0,0.0,0.0,0.0,False
2005-09-22,USC00416119,0,0.0,0.0,0.0,False
2005-09-22,USC00416177,0,0.0,0.0,0.0,False
2005-09-22,USC00416210,0,0.46,-0.46,-0.02,False
2005-09-22,USC00416265,0,0.0,0.0,0.0,False
2005-09-22,USC00416270,0,0.0,0.0,0.0,False
2005-09-22,USC00416276,0,0.0,0.0,0.0,False
2005-09-22,USC00416280,0,0.0,0.0,0.0,False
2005-09-22,USC00416331,0,0.0,0.0,0.0,False
2005-09-22,USC00416335,0,0.16,-0.16,-0.01,False
2005-09-22,USC00416341,0,0.0,0.0,0.0,False
2005-09-22,USC00416367,0,0.0,0.0,0.0,False
2005-09-22,USC00416368,0,0.0,0.0,0.0,False
2005-09-22,USC00416496,0,0.62,-0.62,-0.02,False
2005-09-22,USC00416664,0,0.0,0.0,0.0,False
2005-09-22,USC00416680,0,0.0,0.0,0.0,False
2005-09-22,USC00416739,0,0.0,0.0,0.0,False
2005-09-22,USC00416766,0,0.0,0.0,0.0,False
2005-09-22,USC00417017,0,0.0,0.0,0.0,False
2005-09-22,USC00417040,0,0.0,0.0,0.0,False
2005-09-22,USC00417111,0,0.0,0.0,0.0,False
2005-09-22,USC00417140,0,0.0,0.0,0.0,False
2005-09-22,USC00417170,0,0.0,0.0,0.0,False
2005-09-22,USC00417172,0,0.0,0.0,0.0,False
2005-09-22,USC00417179,0,0.08,-0.08,-0.0,False
2005-09-22,USC00417184,0,0.15,-0.15,-0.01,False
2005-09-22,USC00417186,0,0.0,0.0,0.0,False
2005-09-22,USC00417300,0,0.0,0.0,0.0,False
2005-09-22,USC00417365,0,0.0,0.0,0.0,False
2005-09-22,USC00417388,0,0.23,-0.23,-0.01,False
2005-09-22,USC00417458,0,0.23,-0.23,-0.01,False
2005-09-22,USC00417530,0,0.0,0.0,0.0,False
2005-09-22,USC00417533,0,0.0,0.0,0.0,False
2005-09-22,USC00417550,0,0.21,-0.21,-0.01,False
2005-09-22,USC00417586,0,0.0,0.0,0.0,False
2005-09-22,USC00417588,0,0.25,-0.25,-0.01,False
2005-09-22,USC00417594,0,0.0,0.0,0.0,False
2005-09-22,USC00417659,0,0.21,-0.21,-0.01,False
2005-09-22,USC00417677,0,0.0,0.0,0.0,False
2005-09-22,USC00417685,0,0.0,0.0,0.0,False
2005-09-22,USC00417704,0,0.0,0.0,0.0,False
2005-09-22,USC00417707,0,0.23,-0.23,-0.01,False
2005-09-22,USC00417744,0,0.0,0.0,0.0,False
2005-09-22,USC00417773,0,0.36,-0.36,-0.01,False
2005-09-22,USC00417787,0,0.0,0.0,0.0,False
2005-09-22,USC00417791,0,0.0,0.0,0.0,False
2005-09-22,USC00417836,0,0.0,0.0,0.0,False
2005-09-22,USC00417841,0,0.18,-0.18,-0.01,False
2005-09-22,USC00417936,0,0.0,0.0,0.0,False
2005-09-22,USC00417947,0,0.0,0.0,0.0,False
2005-09-22,USC00417951,0,0.0,0.0,0.0,False
2005-09-22,USC00417981,0,0.17,-0.17,-0.01,False
2005-09-22,USC00417983,0,0.0,0.0,0.0,False
2005-09-22,USC00418050,0,0.11,-0.11,-0.0,False
2005-09-22,USC00418059,0,0.17,-0.17,-0.01,False
2005-09-22,USC00418081,0,0.11,-0.11,-0.0,False
2005-09-22,USC00418126,0,0.0,0.0,0.0,False
2005-09-22,USC00418187,0,0.0,0.0,0.0,False
2005-09-22,USC00418311,0,0.0,0.0,0.0,False
2005-09-22,USC00418415,0,0.0,0.0,0.0,False
2005-09-22,USC00418446,0,0.0,0.0,0.0,False
2005-09-22,USC00418487,0,0.11,-0.11,-0.0,False
2005-09-22,USC00418519,0,0.0,0.0,0.0,False
2005-09-22,USC00418531,0,0.0,0.0,0.0,False
2005-09-22,USC00418544,0,0.0,0.0,0.0,False
2005-09-22,USC00418646,0,0.0,0.0,0.0,False
2005-09-22,USC00418658,0,0.0,0.0,0.0,False
2005-09-22,USC00418696,0,0.0,0.0,0.0,False
2005-09-22,USC00418728,0,0.0,0.0,0.0,False
2005-09-22,USC00418743,0,0.0,0.0,0.0,False
2005-09-22,USC00418862,0,0.0,0.0,0.0,False
2005-09-22,USC00418929,0,0.21,-0.21,-0.01,False
2005-09-22,USC00418942,0,0.0,0.0,0.0,False
2005-09-22,USC00418996,0,0.0,0.0,0.0,False
2005-09-22,USC00419001,0,0.0,0.0,0.0,False
2005-09-22,USC00419004,0,0.14,-0.14,-0.0,False
2005-09-22,USC00419007,0,0.0,0.0,0.0,False
2005-09-22,USC00419076,0,0.0,0.0,0.0,False
2005-09-22,USC00419099,0,0.0,0.0,0.0,False
2005-09-22,USC00419101,0,0.0,0.0,0.0,False
2005-09-22,USC00419125,0,0.0,0.0,0.0,False
2005-09-22,USC00419153,0,0.0,0.0,0.0,False
2005-09-22,USC00419207,0,0.12,-0.12,-0.0,False
2005-09-22,USC00419361,0,0.0,0.0,0.0,False
2005-09-22,USC00419367,0,0.0,0.0,0.0,False
2005-09-22,USC00419417,0,0.0,0.0,0.0,False
2005-09-22,USC00419491,0,0.0,0.0,0.0,False
2005-09-22,USC00419504,0,0.0,0.0,0.0,False
2005-09-22,USC00419532,0,0.22,-0.22,-0.01,False
2005-09-22,USC00419559,0,0.0,0.0,0.0,False
2005-09-22,USC00419593,0,0.25,-0.25,-0.01,False
2005-09-22,USC00419655,0,0.0,0.0,0.0,False
2005-09-22,USC00419709,0,0.0,0.0,0.0,False
2005-09-22,USC00419715,0,0.23,-0.23,-0.01,False
2005-09-22,USC00419717,0,0.0,0.0,0.0,False
2005-09-22,USC00419754,0,0.0,0.0,0.0,False
2005-09-22,USC00419800,0,0.21,-0.21,-0.01,False
2005-09-22,USC00419815,0,0.0,0.0,0.0,False
2005-09-22,USC00419836,0,0.0,0.0,0.0,False
2005-09-22,USC00419859,0,0.0,0.0,0.0,False
2005-09-22,USC00419898,0,0.0,0.0,0.0,False
2005-09-22,USC00419916,0,0.0,0.0,0.0,False
2005-09-22,USC00419953,0,0.0,0.0,0.0,False
2005-09-22,USC00419962,0,0.0,0.0,0.0,False
2005-09-22,USW00003855,3,20.01,-17.01,-0.6,False
2005-09-22,USW00003866,0,0.7,-0.7,-0.02,False
2005-09-22,USW00003881,0,0.0,0.0,0.0,False
2005-09-22,USW00003901,0,0.0,0.0,0.0,False
2005-09-22,USW00003904,0,0.0,0.0,0.0,False
2005-09-22,USW00003927,0,0.26,-0.26,-0.01,False
2005-09-22,USW00003937,0,0.0,0.0,0.0,False
2005-09-22,USW00003940,0,0.0,0.0,0.0,False
2005-09-22,USW00003951,0,0.0,0.0,0.0,False
2005-09-22,USW00003969,0,0.0,0.0,0.0,False
2005-09-22,USW00003971,0,0.55,-0.55,-0.02,False
2005-09-22,USW00003991,0,0.21,-0.21,-0.01,False
2005-09-22,USW00003996,0,0.0,0.0,0.0,False
2005-09-22,USW00003999,0,0.0,0.0,0.0,False
2005-09-22,USW00012904,0,0.08,-0.08,-0.0,False
2005-09-22,USW00012912,0,0.0,0.0,0.0,False
2005-09-22,USW00012916,53,22.98,30.02,1.05,False
2005-09-22,USW00012917,0,0.0,0.0,0.0,False
2005-09-22,USW00012918,0,0.0,0.0,0.0,False
2005-09-22,USW00012921,0,0.0,0.0,0.0,False
2005-09-22,USW00012923,0,0.0,0.0,0.0,False
2005-09-22,USW00012924,0,0.0,0.0,0.0,False
2005-09-22,USW00012926,0,0.0,0.0,0.0,False
2005-09-22,USW00012928,0,0.0,0.0,0.0,False
2005-09-22,USW00012930,224,8.23,215.77,7.58,True
2005-09-22,USW00012932,0,0.0,0.0,0.0,False
2005-09-22,USW00012935,0,0.0,0.0,0.0,False
2005-09-22,USW00012957,0,0.08,-0.08,-0.0,False
2005-09-22,USW00012959,0,0.06,-0.06,-0.0,False
2005-09-22,USW00012960,0,0.0,0.0,0.0,False
2005-09-22,USW00012968,132,3.08,128.92,4.53,True
2005-09-22,USW00012970,0,0.0,0.0,0.0,False
2005-09-22,USW00012971,0,0.0,0.0,0.0,False
2005-09-22,USW00012972,0,0.0,0.0,0.0,False
2005-09-22,USW00012975,0,0.0,0.0,0.0,False
2005-09-22,USW00012976,0,0.0,0.0,0.0,False
2005-09-22,USW00012977,0,0.0,0.0,0.0,False
2005-09-22,USW00012987,3,0.0,3.0,0.11,False
2005-09-22,USW00013833,0,10.84,-10.84,-0.38,False
2005-09-22,USW00013838,0,36.75,-36.75,-1.29,False
2005-09-22,USW00013865,13,0.0,13.0,0.46,False
2005-09-22,USW00013894,86,28.95,57.05,2.0,False
2005-09-22,USW00013899,0,22.41,-22.41,-0.79,False
2005-09-22,USW00013904,0,0.0,0.0,0.0,False
2005-09-22,USW00013911,0,0.22,-0.22,-0.01,False
2005-09-22,USW00013927,0,0.0,0.0,0.0,False
2005-09-22,USW00013935,0,0.0,0.0,0.0,False
2005-09-22,USW00013939,0,0.0,0.0,0.0,False
2005-09-22,USW00013942,0,1.37,-1.37,-0.05,False
2005-09-22,USW00013957,0,0.0,0.0,0.0,False
2005-09-22,USW00013958,0,0.0,0.0,0.0,False
2005-09-22,USW00013959,0,0.13,-0.13,-0.0,False
2005-09-22,USW00013960,0,0.32,-0.32,-0.01,False
2005-09-22,USW00013961,0,0.23,-0.23,-0.01,False
2005-09-22,USW00013970,5,2.36,2.64,0.09,False
2005-09-22,USW00013972,0,0.12,-0.12,-0.0,False
2005-09-22,USW00013976,3,2.79,0.21,0.01,False
2005-09-22,USW00013977,0,0.0,0.0,0.0,False
2005-09-22,USW00013978,0,0.0,0.0,0.0,False
2005-09-22,USW00053820,71,22.17,48.83,1.71,False
2005-09-22,USW00053858,30,33.57,-3.57,-0.13,False
2005-09-22,USW00053865,43,14.83,28.17,0.99,False
2005-09-22,USW00053902,0,0.0,0.0,0.0,False
2005-09-22,USW00053903,0,0.0,0.0,0.0,False
2005-09-22,USW00053905,0,0.0,0.0,0.0,False
2005-09-22,USW00053907,0,0.59,-0.59,-0.02,False
2005-09-22,USW00053909,0,0.21,-0.21,-0.01,False
2005-09-22,USW00053910,0,0.0,0.0,0.0,False
2005-09-22,USW00053911,0,0.21,-0.21,-0.01,False
2005-09-22,USW00053912,0,0.44,-0.44,-0.02,False
2005-09-22,USW00053914,0,0.06,-0.06,-0.0,False
2005-09-22,USW00053915,0,1.21,-1.21,-0.04,False
2005-09-22,USW00053960,0,1.49,-1.49,-0.05,False
2005-09-22,USW00053961,0,1.75,-1.75,-0.06,False
2005-09-22,USW00053968,6,0.0,6.0,0.21,False
2005-09-22,USW00063831,0,0.27,-0.27,-0.01,False
2005-09-22,USW00063858,0,0.0,0.0,0.0,False
2005-09-22,USW00093806,0,0.0,0.0,0.0,False
2005-09-22,USW00093841,71,16.6,54.4,1.91,False
2005-09-22,USW00093874,28,19.97,8.03,0.28,False
2005-09-22,USW00093914,0,1.12,-1.12,-0.04,False
2005-09-22,USW00093915,0,0.0,0.0,0.0,False
2005-09-22,USW00093919,8,2.15,5.85,0.21,False
2005-09-22,USW00093985,0,0.0,0.0,0.0,False
2005-09-22,USW00093987,0,0.0,0.0,0.0,False
2005-09-22,USW00093992,0,1.6,-1.6,-0.06,False
2005-09-23,US1TXDA0001,0,0.0,0.0,0.0,False
2005-09-23,US1TXMTG001,0,8.1,-8.1,-26.81,True
2005-09-23,US1TXUP0001,0,0.04,-0.04,-0.13,False
2005-09-23,USC00010140,0,127.69,-127.69,-422.61,True
2005-09-23,USC00010178,0,0.1,-0.1,-0.34,False
2005-09-23,USC00010184,0,0.0,0.0,0.0,False
2005-09-23,USC00010402,0,80.14,-80.14,-265.25,True
2005-09-23,USC00010505,0,0.22,-0.22,-0.73,False
2005-09-23,USC00010583,254,61.81,192.19,636.09,True
2005-09-23,USC00010764,0,0.37,-0.37,-1.22,False
2005-09-23,USC00011080,56,71.31,-15.31,-50.66,True
2005-09-23,USC00011084,102,56.76,45.24,149.74,True
2005-09-23,USC00011143,0,0.23,-0.23,-0.77,False
2005-09-23,USC00011566,127,80.25,46.75,154.73,True
2005-09-23,USC00011690,64,110.44,-46.44,-153.72,True
2005-09-23,USC00011803,5,100.91,-95.91,-317.45,True
2005-09-23,USC00011810,25,81.85,-56.85,-188.16,True
2005-09-23,USC00012172,5,80.24,-75.24,-249.02,True
2005-09-23,USC00012245,0,21.84,-21.84,-72.28,True
2005-09-23,USC00012813,15,64.97,-49.97,-165.39,True
2005-09-23,USC00013160,0,1.02,-1.02,-3.38,False
2005-09-23,USC00013511,0,17.38,-17.38,-57.52,True
2005-09-23,USC00013930,0,0.19,-0.19,-0.62,False
2005-09-23,USC00014193,279,87.84,191.16,632.69,True
2005-09-23,USC00014798,0,14.2,-14.2,-47.0,True
2005-09-23,USC00015121,0,16.55,-16.55,-54.77,True
2005-09-23,USC00015420,572,29.05,542.95,1797.01,True
2005-09-23,USC00015658,0,0.25,-0.25,-0.82,False
2005-09-23,USC00016847,0,0.14,-0.14,-0.45,False
2005-09-23,USC00016988,64,58.12,5.88,19.45,True
2005-09-23,USC00017366,0,46.22,-46.22,-152.98,True
2005-09-23,USC00018178,25,92.54,-67.54,-223.53,True
2005-09-23,USC00018380,0,0.06,-0.06,-0.19,False
2005-09-23,USC00018385,0,0.07,-0.07,-0.23,False
2005-09-23,USC00018446,0,26.16,-26.16,-86.58,True
2005-09-23,USC00018637,0,76.02,-76.02,-251.62,True
2005-09-23,USC00018673,0,12.85,-12.85,-42.52,True
2005-09-23,USC00018809,0,0.45,-0.45,-1.49,False
2005-09-23,USC00018867,104,109.63,-5.63,-18.63,True
2005-09-23,USC00031140,0,0.0,0.0,0.0,False
2005-09-23,USC00031730,0,0.0,0.0,0.0,False
2005-09-23,USC00032355,0,0.0,0.0,0.0,False
2005-09-23,USC00032475,0,0.0,0.0,0.0,False
2005-09-23,USC00034185,0,0.16,-0.16,-0.53,False
2005-09-23,USC00034548,0,0.14,-0.14,-0.45,False
2005-09-23,USC00034936,0,0.0,0.0,0.0,False
2005-09-23,USC00035866,0,0.0,0.0,0.0,False
2005-09-23,USC00085793,8,51.57,-43.57,-144.21,True
2005-09-23,USC00086999,25,42.08,-17.08,-56.55,True
2005-09-23,USC00160007,0,174.0,-174.0,-575.89,True
2005-09-23,USC00160016,0,177.62,-177.62,-587.88,True
2005-09-23,USC00160021,272,114.33,157.67,521.86,True
2005-09-23,USC00160098,0,86.84,-86.84,-287.42,True
2005-09-23,USC00160103,0,69.25,-69.25,-229.2,True
2005-09-23,USC00160205,23,149.75,-126.75,-419.5,True
2005-09-23,USC00160238,0,105.04,-105.04,-347.65,True
2005-09-23,USC00160277,0,0.13,-0.13,-0.41,False
2005-09-23,USC00160349,0,4.16,-4.16,-13.78,True
2005-09-23,USC00160462,15,274.62,-259.62,-859.27,True
2005-09-23,USC00160537,0,0.0,0.0,0.0,False
2005-09-23,USC00160546,18,150.29,-132.29,-437.86,True
2005-09-23,USC00160548,25,144.48,-119.48,-395.44,True
2005-09-23,USC00160558,53,141.6,-88.6,-293.24,True
2005-09-23,USC00160565,51,154.66,-103.66,-343.09,True
2005-09-23,USC00160617,10,69.04,-59.04,-195.41,True
2005-09-23,USC00160718,0,0.41,-0.41,-1.35,False
2005-09-23,USC00160800,0,0.12,-0.12,-0.41,False
2005-09-23,USC00161200,0,1.13,-1.13,-3.74,True
2005-09-23,USC00161232,267,47.41,219.59,726.79,True
2005-09-23,USC00161235,0,81.14,-81.14,-268.56,True
2005-09-23,USC00161246,13,135.74,-122.74,-406.25,True
2005-09-23,USC00161365,0,165.14,-165.14,-546.59,True
2005-09-23,USC00161411,0,0.0,0.0,0.0,False
2005-09-23,USC00161535,0,170.63,-170.63,-564.75,True
2005-09-23,USC00161565,762,106.81,655.19,2168.51,True
2005-09-23,USC00161866,0,44.81,-44.81,-148.29,True
2005-09-23,USC00161899,0,94.86,-94.86,-313.98,True
2005-09-23,USC00161941,0,71.89,-71.89,-237.93,True
2005-09-23,USC00161979,0,23.01,-23.01,-76.16,True
2005-09-23,USC00162121,0,0.21,-0.21,-0.69,False
2005-09-23,USC00162151,508,123.54,384.46,1272.48,True
2005-09-23,USC00162212,0,113.4,-113.4,-375.32,True
2005-09-23,USC00162350,41,131.28,-90.28,-298.82,True
2005-09-23,USC00162367,0,21.9,-21.9,-72.49,True
2005-09-23,USC00162534,23,170.26,-147.26,-487.39,True
2005-09-23,USC00162641,0,25.21,-25.21,-83.43,True
2005-09-23,USC00162812,0,58.51,-58.51,-193.64,True
2005-09-23,USC00162981,0,73.28,-73.28,-242.55,True
2005-09-23,USC00163079,0,0.0,0.0,0.0,False
2005-09-23,USC00163165,97,220.52,-123.52,-408.82,True
2005-09-23,USC00163313,483,159.87,323.13,1069.47,True
2005-09-23,USC00163322,130,119.26,10.74,35.56,True
2005-09-23,USC00163695,51,153.81,-102.81,-340.28,True
2005-09-23,USC00163800,216,109.25,106.75,353.33,True
2005-09-23,USC00163804,0,13.89,-13.89,-45.97,True
2005-09-23,USC00163867,64,124.52,-60.52,-200.32,True
2005-09-23,USC00163877,0,0.43,-0.43,-1.43,False
2005-09-23,USC00164030,79,147.67,-68.67,-227.27,True
2005-09-23,USC00164034,3,147.43,-144.43,-478.04,True
2005-09-23,USC00164050,0,9.3,-9.3,-30.76,True
2005-09-23,USC00164131,0,0.17,-0.17,-0.55,False
2005-09-23,USC00164288,0,12.7,-12.7,-42.04,True
2005-09-23,USC00164355,0,0.16,-0.16,-0.54,False
2005-09-23,USC00164398,0,0.24,-0.24,-0.78,False
2005-09-23,USC00164407,145,132.38,12.62,41.76,True
2005-09-23,USC00164592,0,0.16,-0.16,-0.52,False
2005-09-23,USC00164696,0,73.19,-73.19,-242.23,True
2005-09-23,USC00164700,0,83.94,-83.94,-277.82,True
2005-09-23,USC00164732,0,3.37,-3.37,-11.16,True
2005-09-23,USC00164735,0,7.07,-7.07,-23.41,True
2005-09-23,USC00164739,0,148.44,-148.44,-491.29,True
2005-09-23,USC00164775,0,133.37,-133.37,-441.41,True
2005-09-23,USC00164816,0,0.44,-0.44,-1.47,False
2005-09-23,USC00164859,0,209.71,-209.71,-694.1,True
2005-09-23,USC00164931,0,0.28,-0.28,-0.94,False
2005-09-23,USC00165021,0,230.13,-230.13,-761.69,True
2005-09-23,USC00165065,0,90.24,-90.24,-298.66,True
2005-09-23,USC00165072,0,45.19,-45.19,-149.58,True
2005-09-23,USC00165074,0,50.01,-50.01,-165.54,True
2005-09-23,USC00165076,0,77.62,-77.62,-256.92,True
2005-09-23,USC00165090,0,0.0,0.0,0.0,False
2005-09-23,USC00165146,914,26.47,887.53,2937.51,True
2005-09-23,USC00165266,0,18.04,-18.04,-59.72,True
2005-09-23,USC00165287,0,11.2,-11.2,-37.06,True
2005-09-23,USC00165430,846,73.34,772.66,2557.32,True
2005-09-23,USC00165522,0,0.2,-0.2,-0.65,False
2005-09-23,USC00165620,23,136.2,-113.2,-374.66,True
2005-09-23,USC00165630,0,63.99,-63.99,-211.78,True
2005-09-23,USC00165783,28,133.64,-105.64,-349.63,True
2005-09-23,USC00165874,0,0.23,-0.23,-0.76,False
2005-09-23,USC00165892,0,9.99,-9.99,-33.08,True
2005-09-23,USC00165896,0,4.7,-4.7,-15.55,True
2005-09-23,USC00165920,0,85.05,-85.05,-281.5,True
2005-09-23,USC00166244,0,0.22,-0.22,-0.73,False
2005-09-23,USC00166314,0,0.0,0.0,0.0,False
2005-09-23,USC00166394,99,188.86,-89.86,-297.4,True
2005-09-23,USC00166431,0,41.75,-41.75,-138.19,True
2005-09-23,USC00166466,0,122.16,-122.16,-404.31,True
2005-09-23,USC00166582,0,14.6,-14.6,-48.32,True
2005-09-23,USC00166657,0,279.55,-279.55,-925.25,True
2005-09-23,USC00166666,150,158.9,-8.9,-29.44,True
2005-09-23,USC00166686,3,111.33,-108.33,-358.54,True
2005-09-23,USC00166808,25,91.05,-66.05,-218.6,True
2005-09-23,USC00166836,0,61.34,-61.34,-203.03,True
2005-09-23,USC00166866,0,0.0,0.0,0.0,False
2005-09-23,USC00166868,0,0.0,0.0,0.0,False
2005-09-23,USC00166911,0,99.56,-99.56,-329.51,True
2005-09-23,USC00166938,3,51.09,-48.09,-159.15,True
2005-09-23,USC00166968,0,51.33,-51.33,-169.89,True
2005-09-23,USC00166978,0,42.51,-42.51,-140.71,True
2005-09-23,USC00166995,0,135.22,-135.22,-447.54,True
2005-09-23,USC00167096,64,156.21,-92.21,-305.18,True
2005-09-23,USC00167304,66,120.91,-54.91,-181.75,True
2005-09-23,USC00167312,0,0.0,0.0,0.0,False
2005-09-23,USC00167344,0,0.25,-0.25,-0.82,False
2005-09-23,USC00167366,20,134.84,-114.84,-380.09,True
2005-09-23,USC00167425,41,149.26,-108.26,-358.32,True
2005-09-23,USC00167590,0,0.06,-0.06,-0.2,False
2005-09-23,USC00167691,0,0.0,0.0,0.0,False
2005-09-23,USC00167729,0,141.08,-141.08,-466.95,True
2005-09-23,USC00167732,0,73.2,-73.2,-242.28,True
2005-09-23,USC00167738,0,0.42,-0.42,-1.38,False
2005-09-23,USC00167767,28,149.37,-121.37,-401.72,True
2005-09-23,USC00167924,0,0.34,-0.34,-1.14,False
2005-09-23,USC00168046,0,20.15,-20.15,-66.68,True
2005-09-23,USC00168067,0,0.0,0.0,0.0,False
2005-09-23,USC00168094,0,0.14,-0.14,-0.46,False
2005-09-23,USC00168136,0,107.32,-107.32,-355.2,True
2005-09-23,USC00168139,0,177.68,-177.68,-588.08,True
2005-09-23,USC00168163,0,23.6,-23.6,-78.11,True
2005-09-23,USC00168181,0,725.3,-725.3,-2400.55,True
2005-09-23,USC00168436,0,1.38,-1.38,-4.57,True
2005-09-23,USC00168444,0,0.53,-0.53,-1.74,False
2005-09-23,USC00168539,41,161.16,-120.16,-397.69,True
2005-09-23,USC00168683,0,0.19,-0.19,-0.64,False
2005-09-23,USC00168785,0,0.0,0.0,0.0,False
2005-09-23,USC00168831,0,64.63,-64.63,-213.92,True
2005-09-23,USC00168861,0,153.97,-153.97,-509.61,True
2005-09-23,USC00168923,0,0.29,-0.29,-0.96,False
2005-09-23,USC00168941,38,190.99,-152.99,-506.36,True
2005-09-23,USC00168945,508,113.95,394.05,1304.21,True
2005-09-23,USC00169013,155,147.0,8.0,26.46,True
2005-09-23,USC00169074,0,10.9,-10.9,-36.09,True
2005-09-23,USC00169357,0,40.54,-40.54,-134.18,True
2005-09-23,USC00169369,0,89.05,-89.05,-294.74,True
2005-09-23,USC00169392,0,0.22,-0.22,-0.73,False
2005-09-23,USC00169631,0,0.0,0.0,0.0,False
2005-09-23,USC00169803,0,29.77,-29.77,-98.52,True
2005-09-23,USC00169804,0,19.06,-19.06,-63.09,True
2005-09-23,USC00169806,0,20.19,-20.19,-66.83,True
2005-09-23,USC00169809,0,14.86,-14.86,-49.18,True
2005-09-23,USC00169930,20,133.76,-113.76,-376.52,True
2005-09-23,USC00169980,0,4.33,-4.33,-14.33,True
2005-09-23,USC00220039,0,0.0,0.0,0.0,False
2005-09-23,USC00220521,163,149.04,13.96,46.2,True
2005-09-23,USC00220523,20,12.17,7.83,25.92,True
2005-09-23,USC00220585,51,68.58,-17.58,-58.17,True
2005-09-23,USC00220660,0,0.0,0.0,0.0,False
2005-09-23,USC00220792,259,155.22,103.78,343.49,True
2005-09-23,USC00220891,0,0.0,0.0,0.0,False
2005-09-23,USC00221094,0,35.08,-35.08,-116.11,True
2005-09-23,USC00221174,104,52.76,51.24,169.58,True
2005-09-23,USC00221389,0,0.0,0.0,0.0,False
2005-09-23,USC00221489,0,0.38,-0.38,-1.25,False
2005-09-23,USC00221578,0,80.91,-80.91,-267.78,True
2005-09-23,USC00221852,5,15.64,-10.64,-35.22,True
2005-09-23,USC00221860,0,5.62,-5.62,-18.58,True
2005-09-23,USC00221865,15,75.44,-60.44,-200.06,True
2005-09-23,USC00221880,0,0.0,0.0,0.0,False
2005-09-23,USC00222034,46,23.55,22.45,74.3,True
2005-09-23,USC00222046,0,0.0,0.0,0.0,False
2005-09-23,USC00222385,0,7.42,-7.42,-24.56,True
2005-09-23,USC00223107,0,4.18,-4.18,-13.82,True
2005-09-23,USC00223340,0,0.9,-0.9,-2.99,False
2005-09-23,USC00223441,0,73.5,-73.5,-243.26,True
2005-09-23,USC00223516,0,0.87,-0.87,-2.88,False
2005-09-23,USC00223605,0,0.0,0.0,0.0,False
2005-09-23,USC00223671,191,165.7,25.3,83.75,True
2005-09-23,USC00223887,20,42.11,-22.11,-73.18,True
2005-09-23,USC00223920,13,3.91,9.09,30.1,True
2005-09-23,USC00224470,0,1.08,-1.08,-3.58,True
2005-09-23,USC00224776,0,0.0,0.0,0.0,False
2005-09-23,USC00224939,43,22.14,20.86,69.03,True
2005-09-23,USC00224966,25,92.44,-67.44,-223.23,True
2005-09-23,USC00225020,0,0.0,0.0,0.0,False
2005-09-23,USC00225062,0,0.0,0.0,0.0,False
2005-09-23,USC00225247,0,0.0,0.0,0.0,False
2005-09-23,USC00225361,0,0.0,0.0,0.0,False
2005-09-23,USC00225611,0,92.23,-92.23,-305.27,True
2005-09-23,USC00225704,0,54.38,-54.38,-179.98,True
2005-09-23,USC00225943,8,10.05,-2.05,-6.78,True
2005-09-23,USC00225987,0,32.37,-32.37,-107.15,True
2005-09-23,USC00226009,0,0.0,0.0,0.0,False
2005-09-23,USC00226177,0,36.0,-36.0,-119.14,True
2005-09-23,USC00226294,0,0.0,0.0,0.0,False
2005-09-23,USC00226308,0,2.27,-2.27,-7.5,True
2005-09-23,USC00226513,0,3.41,-3.41,-11.3,True
2005-09-23,USC00226638,0,25.26,-25.26,-83.61,True
2005-09-23,USC00226640,48,16.48,31.52,104.33,True
2005-09-23,USC00226642,0,10.92,-10.92,-36.13,True
2005-09-23,USC00226643,0,11.37,-11.37,-37.64,True
2005-09-23,USC00226644,0,4.25,-4.25,-14.06,True
2005-09-23,USC00226894,0,1.2,-1.2,-3.98,True
2005-09-23,USC00226921,406,137.11,268.89,889.95,True
2005-09-23,USC00226924,198,152.8,45.2,149.62,True
2005-09-23,USC00226926,0,0.0,0.0,0.0,False
2005-09-23,USC00227128,51,122.5,-71.5,-236.63,True
2005-09-23,USC00227132,0,0.64,-0.64,-2.11,False
2005-09-23,USC00227172,18,27.38,-9.38,-31.03,True
2005-09-23,USC00227220,3,56.57,-53.57,-177.3,True
2005-09-23,USC00227276,0,6.87,-6.87,-22.74,True
2005-09-23,USC00227560,0,0.0,0.0,0.0,False
2005-09-23,USC00227595,0,1.08,-1.08,-3.58,True
2005-09-23,USC00227831,0,0.37,-0.37,-1.23,False
2005-09-23,USC00227840,323,121.8,201.2,665.92,True
2005-09-23,USC00228053,15,32.87,-17.87,-59.16,True
2005-09-23,USC00228374,0,0.0,0.0,0.0,False
2005-09-23,USC00228413,13,172.21,-159.21,-526.93,True
2005-09-23,USC00228445,0,0.0,0.0,0.0,False
2005-09-23,USC00228556,18,35.97,-17.97,-59.49,True
2005-09-23,USC00228899,0,3.72,-3.72,-12.31,True
2005-09-23,USC00229048,3,86.06,-83.06,-274.92,True
2005-09-23,USC00229072,0,26.43,-26.43,-87.48,True
2005-09-23,USC00229114,0,0.0,0.0,0.0,False
2005-09-23,USC00229230,0,0.4,-0.4,-1.32,False
2005-09-23,USC00229326,0,0.6,-0.6,-2.0,False
2005-09-23,USC00229439,66,38.95,27.05,89.54,True
2005-09-23,USC00229597,0,5.55,-5.55,-18.36,True
2005-09-23,USC00229743,0,0.0,0.0,0.0,False
2005-09-23,USC00229793,0,79.33,-79.33,-262.58,True
2005-09-23,USC00229860,0,0.0,0.0,0.0,False
2005-09-23,USC00410144,0,0.0,0.0,0.0,False
2005-09-23,USC00410190,0,11.04,-11.04,-36.53,True
2005-09-23,USC00410204,0,41.71,-41.71,-138.05,True
2005-09-23,USC00410206,0,0.0,0.0,0.0,False
2005-09-23,USC00410235,0,61.89,-61.89,-204.84,True
2005-09-23,USC00410246,0,0.0,0.0,0.0,False
2005-09-23,USC00410271,0,0.0,0.0,0.0,False
2005-09-23,USC00410297,0,0.0,0.0,0.0,False
2005-09-23,USC00410337,0,0.0,0.0,0.0,False
2005-09-23,USC00410345,0,0.12,-0.12,-0.39,False
2005-09-23,USC00410404,0,0.0,0.0,0.0,False
2005-09-23,USC00410408,0,0.16,-0.16,-0.55,False
2005-09-23,USC00410431,0,0.0,0.0,0.0,False
2005-09-23,USC00410433,0,0.0,0.0,0.0,False
2005-09-23,USC00410518,0,0.0,0.0,0.0,False
2005-09-23,USC00410569,0,5.76,-5.76,-19.06,True
2005-09-23,USC00410586,0,39.93,-39.93,-132.14,True
2005-09-23,USC00410611,0,115.96,-115.96,-383.8,True
2005-09-23,USC00410613,0,87.51,-87.51,-289.64,True
2005-09-23,USC00410639,0,0.0,0.0,0.0,False
2005-09-23,USC00410655,0,6.86,-6.86,-22.7,True
2005-09-23,USC00410660,0,0.0,0.0,0.0,False
2005-09-23,USC00410690,0,0.0,0.0,0.0,False
2005-09-23,USC00410691,0,0.0,0.0,0.0,False
2005-09-23,USC00410738,0,0.0,0.0,0.0,False
2005-09-23,USC00410805,0,0.0,0.0,0.0,False
2005-09-23,USC00410832,0,0.0,0.0,0.0,False
2005-09-23,USC00411026,0,0.0,0.0,0.0,False
2005-09-23,USC00411035,0,0.0,0.0,0.0,False
2005-09-23,USC00411045,0,0.0,0.0,0.0,False
2005-09-23,USC00411048,0,1.06,-1.06,-3.49,False
2005-09-23,USC00411089,0,10.76,-10.76,-35.6,True
2005-09-23,USC00411215,0,0.0,0.0,0.0,False
2005-09-23,USC00411246,0,0.0,0.0,0.0,False
2005-09-23,USC00411250,0,0.0,0.0,0.0,False
2005-09-23,USC00411253,0,0.0,0.0,0.0,False
2005-09-23,USC00411314,0,0.0,0.0,0.0,False
2005-09-23,USC00411337,0,0.0,0.0,0.0,False
2005-09-23,USC00411348,0,0.0,0.0,0.0,False
2005-09-23,USC00411429,0,0.0,0.0,0.0,False
2005-09-23,USC00411433,0,0.0,0.0,0.0,False
2005-09-23,USC00411541,0,0.0,0.0,0.0,False
2005-09-23,USC00411578,0,1.21,-1.21,-4.01,True
2005-09-23,USC00411580,0,0.0,0.0,0.0,False
2005-09-23,USC00411596,0,9.56,-9.56,-31.66,True
2005-09-23,USC00411625,0,0.0,0.0,0.0,False
2005-09-23,USC00411671,0,0.0,0.0,0.0,False
2005-09-23,USC00411711,0,2.14,-2.14,-7.09,True
2005-09-23,USC00411720,0,0.0,0.0,0.0,False
2005-09-23,USC00411800,0,0.0,0.0,0.0,False
2005-09-23,USC00411804,0,0.0,0.0,0.0,False
2005-09-23,USC00411810,0,31.41,-31.41,-103.95,True
2005-09-23,USC00411838,0,11.4,-11.4,-37.73,True
2005-09-23,USC00411880,0,0.0,0.0,0.0,False
2005-09-23,USC00411911,0,0.18,-0.18,-0.6,False
2005-09-23,USC00411921,0,0.0,0.0,0.0,False
2005-09-23,USC00411956,0,25.27,-25.27,-83.62,True
2005-09-23,USC00411970,0,0.0,0.0,0.0,False
2005-09-23,USC00411990,0,0.0,0.0,0.0,False
2005-09-23,USC00412011,0,0.0,0.0,0.0,False
2005-09-23,USC00412013,0,0.0,0.0,0.0,False
2005-09-23,USC00412017,0,47.56,-47.56,-157.4,True
2005-09-23,USC00412019,0,0.0,0.0,0.0,False
2005-09-23,USC00412020,0,0.0,0.0,0.0,False
2005-09-23,USC00412086,0,0.0,0.0,0.0,False
2005-09-23,USC00412088,0,0.0,0.0,0.0,False
2005-09-23,USC00412096,0,0.0,0.0,0.0,False
2005-09-23,USC00412173,0,0.0,0.0,0.0,False
2005-09-23,USC00412206,0,12.39,-12.39,-41.0,True
2005-09-23,USC00412218,0,17.89,-17.89,-59.22,True
2005-09-23,USC00412225,0,0.05,-0.05,-0.17,False
2005-09-23,USC00412266,0,0.61,-0.61,-2.03,False
2005-09-23,USC00412295,0,0.0,0.0,0.0,False
2005-09-23,USC00412334,0,0.0,0.0,0.0,False
2005-09-23,USC00412404,0,0.0,0.0,0.0,False
2005-09-23,USC00412444,0,1.0,-1.0,-3.31,False
2005-09-23,USC00412462,0,0.0,0.0,0.0,False
2005-09-23,USC00412518,0,0.09,-0.09,-0.28,False
2005-09-23,USC00412585,0,0.0,0.0,0.0,False
2005-09-23,USC00412758,0,0.13,-0.13,-0.42,False
2005-09-23,USC00412770,0,0.0,0.0,0.0,False
2005-09-23,USC00412772,0,0.0,0.0,0.0,False
2005-09-23,USC00412786,0,0.6,-0.6,-1.97,False
2005-09-23,USC00412820,0,0.0,0.0,0.0,False
2005-09-23,USC00413005,0,0.0,0.0,0.0,False
2005-09-23,USC00413047,0,0.0,0.0,0.0,False
2005-09-23,USC00413065,0,0.0,0.0,0.0,False
2005-09-23,USC00413080,0,0.0,0.0,0.0,False
2005-09-23,USC00413112,0,0.0,0.0,0.0,False
2005-09-23,USC00413156,0,0.0,0.0,0.0,False
2005-09-23,USC00413171,0,0.0,0.0,0.0,False
2005-09-23,USC00413183,0,0.0,0.0,0.0,False
2005-09-23,USC00413199,0,0.0,0.0,0.0,False
2005-09-23,USC00413201,0,0.0,0.0,0.0,False
2005-09-23,USC00413285,0,0.0,0.0,0.0,False
2005-09-23,USC00413289,0,0.0,0.0,0.0,False
2005-09-23,USC00413321,0,4.93,-4.93,-16.32,True
2005-09-23,USC00413340,0,29.49,-29.49,-97.61,True
2005-09-23,USC00413370,0,0.0,0.0,0.0,False
2005-09-23,USC00413485,0,0.0,0.0,0.0,False
2005-09-23,USC00413507,0,0.0,0.0,0.0,False
2005-09-23,USC00413508,0,0.0,0.0,0.0,False
2005-09-23,USC00413525,0,0.0,0.0,0.0,False
2005-09-23,USC00413546,0,0.0,0.0,0.0,False
2005-09-23,USC00413618,0,0.0,0.0,0.0,False
2005-09-23,USC00413622,0,0.0,0.0,0.0,False
2005-09-23,USC00413624,0,0.0,0.0,0.0,False
2005-09-23,USC00413639,0,0.0,0.0,0.0,False
2005-09-23,USC00413675,0,0.0,0.0,0.0,False
2005-09-23,USC00413685,0,0.0,0.0,0.0,False
2005-09-23,USC00413686,0,0.0,0.0,0.0,False
2005-09-23,USC00413691,0,0.0,0.0,0.0,False
2005-09-23,USC00413734,0,0.0,0.0,0.0,False
2005-09-23,USC00413846,0,0.0,0.0,0.0,False
2005-09-23,USC00413873,0,0.0,0.0,0.0,False
2005-09-23,USC00413877,0,0.11,-0.11,-0.36,False
2005-09-23,USC00413884,0,0.0,0.0,0.0,False
2005-09-23,USC00413941,0,0.13,-0.13,-0.44,False
2005-09-23,USC00413943,0,0.06,-0.06,-0.18,False
2005-09-23,USC00414020,0,0.0,0.0,0.0,False
2005-09-23,USC00414077,0,1.01,-1.01,-3.34,False
2005-09-23,USC00414081,0,0.05,-0.05,-0.16,False
2005-09-23,USC00414137,0,0.0,0.0,0.0,False
2005-09-23,USC00414182,0,0.0,0.0,0.0,False
2005-09-23,USC00414202,0,0.0,0.0,0.0,False
2005-09-23,USC00414315,0,25.64,-25.64,-84.86,True
2005-09-23,USC00414321,0,15.69,-15.69,-51.94,True
2005-09-23,USC00414325,0,17.36,-17.36,-57.44,True
2005-09-23,USC00414326,0,21.53,-21.53,-71.24,True
2005-09-23,USC00414327,0,16.48,-16.48,-54.55,True
2005-09-23,USC00414333,163,26.59,136.41,451.49,True
2005-09-23,USC00414343,0,0.0,0.0,0.0,False
2005-09-23,USC00414382,216,17.28,198.72,657.7,True
2005-09-23,USC00414390,0,0.0,0.0,0.0,False
2005-09-23,USC00414505,0,0.0,0.0,0.0,False
2005-09-23,USC00414517,0,0.0,0.0,0.0,False
2005-09-23,USC00414525,0,0.89,-0.89,-2.96,False
2005-09-23,USC00414531,246,25.23,220.77,730.7,True
2005-09-23,USC00414556,0,0.0,0.0,0.0,False
2005-09-23,USC00414563,0,8.59,-8.59,-28.43,True
2005-09-23,USC00414575,0,0.0,0.0,0.0,False
2005-09-23,USC00414597,0,0.0,0.0,0.0,False
2005-09-23,USC00414605,0,0.0,0.0,0.0,False
2005-09-23,USC00414679,0,0.0,0.0,0.0,False
2005-09-23,USC00414693,0,0.25,-0.25,-0.84,False
2005-09-23,USC00414696,0,0.0,0.0,0.0,False
2005-09-23,USC00414704,0,8.44,-8.44,-27.95,True
2005-09-23,USC00414705,0,0.0,0.0,0.0,False
2005-09-23,USC00414708,0,0.0,0.0,0.0,False
2005-09-23,USC00414805,0,0.0,0.0,0.0,False
2005-09-23,USC00414810,0,0.0,0.0,0.0,False
2005-09-23,USC00414866,0,0.0,0.0,0.0,False
2005-09-23,USC00414878,0,42.62,-42.62,-141.07,True
2005-09-23,USC00414903,0,0.0,0.0,0.0,False
2005-09-23,USC00414911,0,0.13,-0.13,-0.43,False
2005-09-23,USC00414972,0,0.0,0.0,0.0,False
2005-09-23,USC00414976,0,0.0,0.0,0.0,False
2005-09-23,USC00414980,0,0.0,0.0,0.0,False
2005-09-23,USC00415018,0,0.0,0.0,0.0,False
2005-09-23,USC00415094,0,0.0,0.0,0.0,False
2005-09-23,USC00415116,0,0.0,0.0,0.0,False
2005-09-23,USC00415192,0,0.0,0.0,0.0,False
2005-09-23,USC00415193,0,0.0,0.0,0.0,False
2005-09-23,USC00415229,0,0.16,-0.16,-0.53,False
2005-09-23,USC00415271,381,14.17,366.83,1214.11,True
2005-09-23,USC00415285,0,0.0,0.0,0.0,False
2005-09-23,USC00415341,0,0.08,-0.08,-0.28,False
2005-09-23,USC00415344,0,0.09,-0.09,-0.29,False
2005-09-23,USC00415415,0,18.48,-18.48,-61.15,True
2005-09-23,USC00415429,0,0.0,0.0,0.0,False
2005-09-23,USC00415430,0,0.0,0.0,0.0,False
2005-09-23,USC00415435,0,64.65,-64.65,-213.99,True
2005-09-23,USC00415477,0,25.31,-25.31,-83.79,True
2005-09-23,USC00415611,0,0.0,0.0,0.0,False
2005-09-23,USC00415618,0,0.21,-0.21,-0.71,False
2005-09-23,USC00415659,0,0.82,-0.82,-2.73,False
2005-09-23,USC00415661,0,0.0,0.0,0.0,False
2005-09-23,USC00415701,0,0.04,-0.04,-0.14,False
2005-09-23,USC00415721,0,0.11,-0.11,-0.36,False
2005-09-23,USC00415757,0,0.0,0.0,0.0,False
2005-09-23,USC00415766,0,0.0,0.0,0.0,False
2005-09-23,USC00415836,0,0.08,-0.08,-0.27,False
2005-09-23,USC00415845,0,0.0,0.0,0.0,False
2005-09-23,USC00415897,0,0.0,0.0,0.0,False
2005-09-23,USC00415904,0,27.92,-27.92,-92.39,True
2005-09-23,USC00415954,0,0.0,0.0,0.0,False
2005-09-23,USC00416024,0,19.96,-19.96,-66.06,True
2005-09-23,USC00416058,0,0.0,0.0,0.0,False
2005-09-23,USC00416060,0,0.0,0.0,0.0,False
2005-09-23,USC00416108,0,0.0,0.0,0.0,False
2005-09-23,USC00416119,0,0.0,0.0,0.0,False
2005-09-23,USC00416177,0,2.66,-2.66,-8.8,True
2005-09-23,USC00416210,0,0.0,0.0,0.0,False
2005-09-23,USC00416265,0,1.22,-1.22,-4.03,True
2005-09-23,USC00416270,0,0.0,0.0,0.0,False
2005-09-23,USC00416276,0,0.0,0.0,0.0,False
2005-09-23,USC00416280,0,24.6,-24.6,-81.43,True
2005-09-23,USC00416331,0,0.0,0.0,0.0,False
2005-09-23,USC00416335,0,0.94,-0.94,-3.12,False
2005-09-23,USC00416341,0,12.83,-12.83,-42.47,True
2005-09-23,USC00416367,0,0.0,0.0,0.0,False
2005-09-23,USC00416368,0,0.0,0.0,0.0,False
2005-09-23,USC00416496,0,0.08,-0.08,-0.27,False
2005-09-23,USC00416664,0,88.46,-88.46,-292.77,True
2005-09-23,USC00416680,0,69.06,-69.06,-228.56,True
2005-09-23,USC00416739,0,0.0,0.0,0.0,False
2005-09-23,USC00416766,0,0.0,0.0,0.0,False
2005-09-23,USC00417017,0,0.0,0.0,0.0,False
2005-09-23,USC00417040,0,1.28,-1.28,-4.23,True
2005-09-23,USC00417111,0,0.0,0.0,0.0,False
2005-09-23,USC00417140,0,0.0,0.0,0.0,False
2005-09-23,USC00417170,0,0.0,0.0,0.0,False
2005-09-23,USC00417172,0,289.44,-289.44,-957.99,True
2005-09-23,USC00417179,0,0.05,-0.05,-0.18,False
2005-09-23,USC00417184,0,0.1,-0.1,-0.33,False
2005-09-23,USC00417186,0,0.0,0.0,0.0,False
2005-09-23,USC00417300,0,0.0,0.0,0.0,False
2005-09-23,USC00417365,0,0.0,0.0,0.0,False
2005-09-23,USC00417388,0,0.0,0.0,0.0,False
2005-09-23,USC00417458,0,0.16,-0.16,-0.51,False
2005-09-23,USC00417530,0,0.0,0.0,0.0,False
2005-09-23,USC00417533,0,0.0,0.0,0.0,False
2005-09-23,USC00417550,0,0.0,0.0,0.0,False
2005-09-23,USC00417586,0,22.76,-22.76,-75.33,True
2005-09-23,USC00417588,0,0.0,0.0,0.0,False
2005-09-23,USC00417594,0,11.78,-11.78,-38.97,True
2005-09-23,USC00417659,0,0.0,0.0,0.0,False
2005-09-23,USC00417677,0,0.0,0.0,0.0,False
2005-09-23,USC00417685,0,0.0,0.0,0.0,False
2005-09-23,USC00417704,0,0.0,0.0,0.0,False
2005-09-23,USC00417707,0,0.0,0.0,0.0,False
2005-09-23,USC00417744,0,0.0,0.0,0.0,False
2005-09-23,USC00417773,0,0.0,0.0,0.0,False
2005-09-23,USC00417787,0,0.0,0.0,0.0,False
2005-09-23,USC00417791,0,0.0,0.0,0.0,False
2005-09-23,USC00417836,0,0.0,0.0,0.0,False
2005-09-23,USC00417841,0,1.21,-1.21,-4.02,True
2005-09-23,USC00417936,0,9.49,-9.49,-31.41,True
2005-09-23,USC00417947,0,0.0,0.0,0.0,False
2005-09-23,USC00417951,0,1.41,-1.41,-4.68,True
2005-09-23,USC00417981,0,0.12,-0.12,-0.38,False
2005-09-23,USC00417983,0,0.0,0.0,0.0,False
2005-09-23,USC00418050,0,0.08,-0.08,-0.25,False
2005-09-23,USC00418059,0,0.11,-0.11,-0.37,False
2005-09-23,USC00418081,0,0.07,-0.07,-0.24,False
2005-09-23,USC00418126,0,0.0,0.0,0.0,False
2005-09-23,USC00418187,0,0.0,0.0,0.0,False
2005-09-23,USC00418311,0,50.44,-50.44,-166.96,True
2005-09-23,USC00418415,0,0.0,0.0,0.0,False
2005-09-23,USC00418446,0,0.18,-0.18,-0.6,False
2005-09-23,USC00418487,0,0.07,-0.07,-0.24,False
2005-09-23,USC00418519,0,0.0,0.0,0.0,False
2005-09-23,USC00418531,0,0.0,0.0,0.0,False
2005-09-23,USC00418544,0,0.0,0.0,0.0,False
2005-09-23,USC00418646,0,0.0,0.0,0.0,False
2005-09-23,USC00418658,0,0.0,0.0,0.0,False
2005-09-23,USC00418696,0,0.0,0.0,0.0,False
2005-09-23,USC00418728,0,9.36,-9.36,-30.98,True
2005-09-23,USC00418743,0,0.0,0.0,0.0,False
2005-09-23,USC00418862,0,0.0,0.0,0.0,False
2005-09-23,USC00418929,0,0.0,0.0,0.0,False
2005-09-23,USC00418942,0,0.0,0.0,0.0,False
2005-09-23,USC00418996,0,15.94,-15.94,-52.74,True
2005-09-23,USC00419001,0,0.0,0.0,0.0,False
2005-09-23,USC00419004,0,0.0,0.0,0.0,False
2005-09-23,USC00419007,0,0.0,0.0,0.0,False
2005-09-23,USC00419076,0,17.52,-17.52,-57.99,True
2005-09-23,USC00419099,0,0.0,0.0,0.0,False
2005-09-23,USC00419101,0,29.34,-29.34,-97.1,True
2005-09-23,USC00419125,0,0.0,0.0,0.0,False
2005-09-23,USC00419153,0,0.0,0.0,0.0,False
2005-09-23,USC00419207,0,0.0,0.0,0.0,False
2005-09-23,USC00419361,0,0.0,0.0,0.0,False
2005-09-23,USC00419367,0,0.0,0.0,0.0,False
2005-09-23,USC00419417,0,0.0,0.0,0.0,False
2005-09-23,USC00419504,0,0.0,0.0,0.0,False
2005-09-23,USC00419532,0,0.0,0.0,0.0,False
2005-09-23,USC00419559,0,0.0,0.0,0.0,False
2005-09-23,USC00419593,0,0.0,0.0,0.0,False
2005-09-23,USC00419655,0,6.47,-6.47,-21.41,True
2005-09-23,USC00419709,0,0.04,-0.04,-0.12,False
2005-09-23,USC00419715,0,0.0,0.0,0.0,False
2005-09-23,USC00419717,0,0.0,0.0,0.0,False
2005-09-23,USC00419754,0,47.02,-47.02,-155.62,True
2005-09-23,USC00419800,0,0.0,0.0,0.0,False
2005-09-23,USC00419815,0,0.0,0.0,0.0,False
2005-09-23,USC00419836,0,0.0,0.0,0.0,False
2005-09-23,USC00419859,0,0.0,0.0,0.0,False
2005-09-23,USC00419898,0,41.23,-41.23,-136.46,True
2005-09-23,USC00419916,0,0.18,-0.18,-0.59,False
2005-09-23,USC00419953,0,0.0,0.0,0.0,False
2005-09-23,USC00419962,0,0.0,0.0,0.0,False
2005-09-23,USW00003855,130,38.59,91.41,302.53,True
2005-09-23,USW00003866,0,3.56,-3.56,-11.79,True
2005-09-23,USW00003881,5,16.31,-11.31,-37.43,True
2005-09-23,USW00003901,0,0.09,-0.09,-0.3,False
2005-09-23,USW00003904,0,6.62,-6.62,-21.9,True
2005-09-23,USW00003927,0,0.0,0.0,0.0,False
2005-09-23,USW00003937,645,17.91,627.09,2075.52,True
2005-09-23,USW00003940,0,1.8,-1.8,-5.96,True
2005-09-23,USW00003951,0,0.1,-0.1,-0.33,False
2005-09-23,USW00003969,0,0.0,0.0,0.0,False
2005-09-23,USW00003971,0,0.0,0.0,0.0,False
2005-09-23,USW00003991,0,0.0,0.0,0.0,False
2005-09-23,USW00003996,0,0.33,-0.33,-1.09,False
2005-09-23,USW00003999,0,0.0,0.0,0.0,False
2005-09-23,USW00012904,0,0.06,-0.06,-0.19,False
2005-09-23,USW00012912,0,0.0,0.0,0.0,False
2005-09-23,USW00012916,404,139.87,264.13,874.2,True
2005-09-23,USW00012917,894,16.28,877.72,2905.05,True
2005-09-23,USW00012918,51,20.51,30.49,100.91,True
2005-09-23,USW00012921,0,0.0,0.0,0.0,False
2005-09-23,USW00012924,0,0.0,0.0,0.0,False
2005-09-23,USW00012926,0,0.0,0.0,0.0,False
2005-09-23,USW00012928,0,0.0,0.0,0.0,False
2005-09-23,USW00012930,378,140.16,237.84,787.19,True
2005-09-23,USW00012932,0,0.0,0.0,0.0,False
2005-09-23,USW00012935,0,0.55,-0.55,-1.8,False
2005-09-23,USW00012957,0,0.05,-0.05,-0.18,False
2005-09-23,USW00012959,0,0.04,-0.04,-0.14,False
2005-09-23,USW00012960,43,21.38,21.62,71.55,True
2005-09-23,USW00012970,0,0.0,0.0,0.0,False
2005-09-23,USW00012971,0,0.0,0.0,0.0,False
2005-09-23,USW00012972,0,0.0,0.0,0.0,False
2005-09-23,USW00012975,71,29.2,41.8,138.35,True
2005-09-23,USW00012976,15,24.16,-9.16,-30.33,True
2005-09-23,USW00012977,8,3.76,4.24,14.05,True
2005-09-23,USW00012987,2,0.0,2.0,6.62,True
2005-09-23,USW00013833,13,46.49,-33.49,-110.84,True
2005-09-23,USW00013838,51,81.75,-30.75,-101.79,True
2005-09-23,USW00013865,0,7.23,-7.23,-23.94,True
2005-09-23,USW00013894,109,100.7,8.3,27.47,True
2005-09-23,USW00013899,13,47.82,-34.82,-115.24,True
2005-09-23,USW00013904,0,0.0,0.0,0.0,False
2005-09-23,USW00013911,0,0.0,0.0,0.0,False
2005-09-23,USW00013927,0,1.03,-1.03,-3.41,False
2005-09-23,USW00013935,292,67.61,224.39,742.68,True
2005-09-23,USW00013939,0,0.0,0.0,0.0,False
2005-09-23,USW00013942,0,0.0,0.0,0.0,False
2005-09-23,USW00013957,3,0.33,2.67,8.84,True
2005-09-23,USW00013958,0,0.0,0.0,0.0,False
2005-09-23,USW00013959,0,0.0,0.0,0.0,False
2005-09-23,USW00013960,0,0.0,0.0,0.0,False
2005-09-23,USW00013961,0,0.0,0.0,0.0,False
2005-09-23,USW00013970,1069,72.61,996.39,3297.82,True
2005-09-23,USW00013972,0,0.0,0.0,0.0,False
2005-09-23,USW00013976,749,125.38,623.62,2064.02,True
2005-09-23,USW00013977,0,0.0,0.0,0.0,False
2005-09-23,USW00013978,0,0.0,0.0,0.0,False
2005-09-23,USW00053820,147,84.85,62.15,205.69,True
2005-09-23,USW00053858,135,110.39,24.61,81.44,True
2005-09-23,USW00053865,157,152.77,4.23,14.0,True
2005-09-23,USW00053902,36,19.66,16.34,54.07,True
2005-09-23,USW00053903,3,83.19,-80.19,-265.42,True
2005-09-23,USW00053905,5,0.15,4.85,16.07,True
2005-09-23,USW00053907,0,0.0,0.0,0.0,False
2005-09-23,USW00053909,0,0.0,0.0,0.0,False
2005-09-23,USW00053910,10,16.18,-6.18,-20.45,True
2005-09-23,USW00053911,0,0.0,0.0,0.0,False
2005-09-23,USW00053912,0,0.0,0.0,0.0,False
2005-09-23,USW00053914,0,0.0,0.0,0.0,False
2005-09-23,USW00053960,1075,43.68,1031.32,3413.4,True
2005-09-23,USW00053961,0,0.0,0.0,0.0,False
2005-09-23,USW00053968,0,0.0,0.0,0.0,False
2005-09-23,USW00063831,0,2.28,-2.28,-7.54,True
2005-09-23,USW00063858,0,18.26,-18.26,-60.42,True
2005-09-23,USW00093806,0,0.06,-0.06,-0.19,False
2005-09-23,USW00093841,3,50.11,-47.11,-155.93,True
2005-09-23,USW00093874,188,169.55,18.45,61.06,True
2005-09-23,USW00093914,0,0.0,0.0,0.0,False
2005-09-23,USW00093915,297,50.65,246.35,815.35,True
2005-09-23,USW00093919,71,75.98,-4.98,-16.47,True
2005-09-23,USW00093985,0,0.0,0.0,0.0,False
2005-09-23,USW00093987,53,22.78,30.22,100.03,True
2005-09-23,USW00093992,0,0.0,0.0,0.0,False
2005-09-24,US1TXDA0001,0,5.18,-5.18,-0.09,False
2005-09-24,US1TXMTG001,18,25.23,-7.23,-0.13,False
2005-09-24,US1TXUP0001,13,109.04,-96.04,-1.9,False
2005-09-24,USC00010140,0,42.29,-42.29,-0.83,False
2005-09-24,USC00010178,0,7.04,-7.04,-0.13,False
2005-09-24,USC00010184,0,6.3,-6.3,-0.11,False
2005-09-24,USC00010402,1092,100.18,991.82,19.74,True
2005-09-24,USC00010505,0,25.26,-25.26,-0.49,False
2005-09-24,USC00010583,43,196.16,-153.16,-3.03,False
2005-09-24,USC00010764,0,25.92,-25.92,-0.5,False
2005-09-24,USC00011080,10,173.7,-163.7,-3.24,False
2005-09-24,USC00011084,0,171.65,-171.65,-3.4,False
2005-09-24,USC00011143,119,13.5,105.5,2.11,False
2005-09-24,USC00011566,0,68.21,-68.21,-1.34,False
2005-09-24,USC00011690,0,130.45,-130.45,-2.58,False
2005-09-24,USC00011803,239,118.82,120.18,2.4,False
2005-09-24,USC00011810,0,48.06,-48.06,-0.94,False
2005-09-24,USC00012245,0,18.86,-18.86,-0.36,False
2005-09-24,USC00012813,216,166.67,49.33,1.0,False
2005-09-24,USC00013160,0,15.96,-15.96,-0.3,False
2005-09-24,USC00013511,0,19.03,-19.03,-0.36,False
2005-09-24,USC00013930,0,33.21,-33.21,-0.65,False
2005-09-24,USC00014193,0,96.17,-96.17,-1.9,False
2005-09-24,USC00014798,0,18.6,-18.6,-0.36,False
2005-09-24,USC00015121,0,143.06,-143.06,-2.83,False
2005-09-24,USC00015420,0,45.27,-45.27,-0.89,False
2005-09-24,USC00015658,0,20.87,-20.87,-0.4,False
2005-09-24,USC00016847,0,11.42,-11.42,-0.21,False
2005-09-24,USC00016988,191,176.24,14.76,0.31,False
2005-09-24,USC00017366,0,44.35,-44.35,-0.87,False
2005-09-24,USC00018178,5,67.59,-62.59,-1.23,False
2005-09-24,USC00018380,51,31.91,19.09,0.39,False
2005-09-24,USC00018385,0,43.76,-43.76,-0.86,False
2005-09-24,USC00018446,0,25.83,-25.83,-0.5,False
2005-09-24,USC00018637,0,243.13,-243.13,-4.82,True
2005-09-24,USC00018673,0,18.22,-18.22,-0.35,False
2005-09-24,USC00018809,0,28.76,-28.76,-0.56,False
2005-09-24,USC00018867,0,94.66,-94.66,-1.87,False
2005-09-24,USC00031140,0,204.11,-204.11,-4.04,True
2005-09-24,USC00031730,0,239.27,-239.27,-4.74,True
2005-09-24,USC00032355,0,208.23,-208.23,-4.13,True
2005-09-24,USC00032475,0,220.84,-220.84,-4.38,True
2005-09-24,USC00034185,0,150.65,-150.65,-2.98,False
2005-09-24,USC00034548,0,145.33,-145.33,-2.88,False
2005-09-24,USC00034936,0,192.12,-192.12,-3.81,True
2005-09-24,USC00035866,1245,114.21,1130.79,22.5,True
2005-09-24,USC00085793,0,209.5,-209.5,-4.15,True
2005-09-24,USC00086999,254,183.79,70.21,1.41,False
2005-09-24,USC00160007,1778,1291.47,486.53,9.69,True
2005-09-24,USC00160016,254,411.45,-157.45,-3.12,False
2005-09-24,USC00160021,229,422.91,-193.91,-3.84,True
2005-09-24,USC00160103,1125,980.86,144.14,2.88,False
2005-09-24,USC00160205,620,751.06,-131.06,-2.59,False
2005-09-24,USC00160238,5,228.64,-223.64,-4.43,True
2005-09-24,USC00160277,147,198.65,-51.65,-1.01,False
2005-09-24,USC00160349,462,275.09,186.91,3.73,True
2005-09-24,USC00160462,1770,1226.42,543.58,10.82,True
2005-09-24,USC00160537,23,194.8,-171.8,-3.4,False
2005-09-24,USC00160546,1486,1200.01,285.99,5.7,True
2005-09-24,USC00160548,1882,1257.21,624.79,12.44,True
2005-09-24,USC00160558,2062,1194.99,867.01,17.25,True
2005-09-24,USC00160565,876,1210.32,-334.32,-6.63,True
2005-09-24,USC00160617,1372,1346.95,25.05,0.51,False
2005-09-24,USC00160718,61,218.66,-157.66,-3.12,False
2005-09-24,USC00160800,137,236.48,-99.48,-1.96,False
2005-09-24,USC00161200,30,373.61,-343.61,-6.82,True
2005-09-24,USC00161232,851,814.54,36.46,0.74,False
2005-09-24,USC00161235,300,955.9,-655.9,-13.03,True
2005-09-24,USC00161246,1453,1245.38,207.62,4.14,True
2005-09-24,USC00161365,1346,1303.35,42.65,0.86,False
2005-09-24,USC00161411,231,192.15,38.85,0.79,False
2005-09-24,USC00161535,1575,1378.6,196.4,3.92,True
2005-09-24,USC00161565,429,1205.63,-776.63,-15.43,True
2005-09-24,USC00161866,178,367.98,-189.98,-3.76,True
2005-09-24,USC00161941,1270,711.76,558.24,11.11,True
2005-09-24,USC00161979,94,280.02,-186.02,-3.68,True
2005-09-24,USC00162121,0,149.48,-149.48,-2.96,False
2005-09-24,USC00162151,114,610.17,-496.17,-9.85,True
2005-09-24,USC00162212,1694,1492.84,201.16,4.01,True
2005-09-24,USC00162350,1387,1203.51,183.49,3.66,True
2005-09-24,USC00162367,3454,1393.58,2060.42,40.99,True
2005-09-24,USC00162534,889,1097.11,-208.11,-4.12,True
2005-09-24,USC00162641,2009,1674.18,334.82,6.67,True
2005-09-24,USC00162812,1689,1006.07,682.93,13.59,True
2005-09-24,USC00162981,1542,1484.99,57.01,1.15,False
2005-09-24,USC00163079,102,200.11,-98.11,-1.94,False
2005-09-24,USC00163165,544,497.02,46.98,0.95,False
2005-09-24,USC00163313,343,1249.84,-906.84,-18.02,True
2005-09-24,USC00163322,272,458.38,-186.38,-3.69,True
2005-09-24,USC00163695,1626,1053.3,572.7,11.4,True
2005-09-24,USC00163800,1981,1352.71,628.29,12.51,True
2005-09-24,USC00163804,56,367.42,-311.42,-6.18,True
2005-09-24,USC00163867,1107,1231.56,-124.56,-2.46,False
2005-09-24,USC00163877,79,281.88,-202.88,-4.02,True
2005-09-24,USC00164030,612,723.11,-111.11,-2.2,False
2005-09-24,USC00164034,1143,755.42,387.58,7.72,True
2005-09-24,USC00164050,729,377.06,351.94,7.01,True
2005-09-24,USC00164131,0,177.59,-177.59,-3.52,True
2005-09-24,USC00164355,0,163.1,-163.1,-3.23,False
2005-09-24,USC00164398,0,148.89,-148.89,-2.95,False
2005-09-24,USC00164407,991,1046.0,-55.0,-1.08,False
2005-09-24,USC00164592,206,208.28,-2.28,-0.03,False
2005-09-24,USC00164696,711,492.65,218.35,4.36,True
2005-09-24,USC00164700,2385,1578.72,806.28,16.05,True
2005-09-24,USC00164732,254,238.77,15.23,0.32,False
2005-09-24,USC00164735,264,239.12,24.88,0.51,False
2005-09-24,USC00164739,406,689.26,-283.26,-5.62,True
2005-09-24,USC00164775,1854,1405.5,448.5,8.93,True
2005-09-24,USC00164816,180,292.94,-112.94,-2.23,False
2005-09-24,USC00164859,452,640.18,-188.18,-3.73,True
2005-09-24,USC00164931,356,222.78,133.22,2.66,False
2005-09-24,USC00165090,0,137.42,-137.42,-2.72,False
2005-09-24,USC00165146,813,694.83,118.17,2.36,False
2005-09-24,USC00165266,1168,1206.77,-38.77,-0.76,False
2005-09-24,USC00165287,706,1442.91,-736.91,-14.64,True
2005-09-24,USC00165430,406,681.44,-275.44,-5.46,True
2005-09-24,USC00165438,1356,983.02,372.98,7.43,True
2005-09-24,USC00165522,531,440.56,90.44,1.81,False
2005-09-24,USC00165620,1529,1249.73,279.27,5.57,True
2005-09-24,USC00165630,1643,951.14,691.86,13.77,True
2005-09-24,USC00165783,1074,984.54,89.46,1.79,False
2005-09-24,USC00165874,279,393.19,-114.19,-2.26,False
2005-09-24,USC00165892,940,822.96,117.04,2.34,False
2005-09-24,USC00165920,231,992.69,-761.69,-15.13,True
2005-09-24,USC00166244,0,199.16,-199.16,-3.95,True
2005-09-24,USC00166314,168,423.44,-255.44,-5.07,True
2005-09-24,USC00166394,1016,1121.94,-105.94,-2.09,False
2005-09-24,USC00166466,305,508.86,-203.86,-4.04,True
2005-09-24,USC00166582,0,396.31,-396.31,-7.87,True
2005-09-24,USC00166666,262,414.46,-152.46,-3.02,False
2005-09-24,USC00166686,1067,1204.8,-137.8,-2.73,False
2005-09-24,USC00166808,1161,914.44,246.56,4.92,True
2005-09-24,USC00166866,0,152.71,-152.71,-3.02,False
2005-09-24,USC00166868,20,178.98,-158.98,-3.15,False
2005-09-24,USC00166911,1151,1066.5,84.5,1.69,False
2005-09-24,USC00166938,1270,1523.63,-253.63,-5.03,True
2005-09-24,USC00166978,447,397.53,49.47,1.0,False
2005-09-24,USC00166995,1321,1423.53,-102.53,-2.02,False
2005-09-24,USC00167096,1257,773.75,483.25,9.62,True
2005-09-24,USC00167304,1466,907.95,558.05,11.11,True
2005-09-24,USC00167312,0,161.05,-161.05,-3.19,False
2005-09-24,USC00167344,8,160.85,-152.85,-3.03,False
2005-09-24,USC00167366,1024,1262.22,-238.22,-4.72,True
2005-09-24,USC00167425,953,696.81,256.19,5.11,True
2005-09-24,USC00167590,152,226.14,-74.14,-1.46,False
2005-09-24,USC00167691,69,186.23,-117.23,-2.32,False
2005-09-24,USC00167729,914,812.14,101.86,2.04,False
2005-09-24,USC00167738,203,248.48,-45.48,-0.89,False
2005-09-24,USC00167767,1153,893.81,259.19,5.17,True
2005-09-24,USC00167924,0,269.09,-269.09,-5.34,True
2005-09-24,USC00168067,99,180.52,-81.52,-1.61,False
2005-09-24,USC00168094,84,225.88,-141.88,-2.81,False
2005-09-24,USC00168136,1519,1109.54,409.46,8.16,True
2005-09-24,USC00168139,1143,1168.58,-25.58,-0.49,False
2005-09-24,USC00168163,226,226.72,-0.72,0.0,False
2005-09-24,USC00168181,1925,992.45,932.55,18.56,True
2005-09-24,USC00168436,0,440.85,-440.85,-8.75,True
2005-09-24,USC00168444,97,327.33,-230.33,-4.57,True
2005-09-24,USC00168539,168,269.6,-101.6,-2.01,False
2005-09-24,USC00168683,0,138.02,-138.02,-2.73,False
2005-09-24,USC00168785,0,229.17,-229.17,-4.54,True
2005-09-24,USC00168831,2324,1563.35,760.65,15.14,True
2005-09-24,USC00168861,508,296.0,212.0,4.23,True
2005-09-24,USC00168923,0,138.12,-138.12,-2.73,False
2005-09-24,USC00168941,246,421.61,-175.61,-3.48,False
2005-09-24,USC00168945,325,764.1,-439.1,-8.72,True
2005-09-24,USC00169013,1247,1017.34,229.66,4.58,True
2005-09-24,USC00169074,1016,1237.17,-221.17,-4.38,True
2005-09-24,USC00169357,381,400.2,-19.2,-0.37,False
2005-09-24,USC00169369,1633,1325.68,307.32,6.13,True
2005-09-24,USC00169392,13,143.07,-130.07,-2.57,False
2005-09-24,USC00169631,0,237.64,-237.64,-4.71,True
2005-09-24,USC00169803,513,330.63,182.37,3.64,True
2005-09-24,USC00169804,0,264.57,-264.57,-5.25,True
2005-09-24,USC00169806,325,180.29,144.71,2.89,False
2005-09-24,USC00169809,0,370.71,-370.71,-7.36,True
2005-09-24,USC00169930,1369,1190.5,178.5,3.56,True
2005-09-24,USC00169980,699,795.12,-96.12,-1.9,False
2005-09-24,USC00220039,0,4.76,-4.76,-0.08,False
2005-09-24,USC00220521,0,193.99,-193.99,-3.84,True
2005-09-24,USC00220523,0,34.04,-34.04,-0.66,False
2005-09-24,USC00220585,58,62.83,-4.83,-0.08,False
2005-09-24,USC00220660,0,85.42,-85.42,-1.68,False
2005-09-24,USC00220792,8,75.43,-67.43,-1.33,False
2005-09-24,USC00220891,0,0.0,0.0,0.01,False
2005-09-24,USC00221094,114,224.89,-110.89,-2.19,False
2005-09-24,USC00221174,0,30.98,-30.98,-0.6,False
2005-09-24,USC00221389,0,29.05,-29.05,-0.56,False
2005-09-24,USC00221489,0,22.69,-22.69,-0.44,False
2005-09-24,USC00221578,737,853.95,-116.95,-2.31,False
2005-09-24,USC00221852,38,41.4,-3.4,-0.05,False
2005-09-24,USC00221860,0,39.8,-39.8,-0.78,False
2005-09-24,USC00221865,104,142.96,-38.96,-0.76,False
2005-09-24,USC00221880,0,4.5,-4.5,-0.08,False
2005-09-24,USC00222034,0,22.04,-22.04,-0.42,False
2005-09-24,USC00222046,0,0.0,0.0,0.01,False
2005-09-24,USC00222385,0,49.97,-49.97,-0.98,False
2005-09-24,USC00223107,66,24.33,41.67,0.84,False
2005-09-24,USC00223340,0,13.12,-13.12,-0.25,False
2005-09-24,USC00223441,787,771.26,15.74,0.33,False
2005-09-24,USC00223516,0,30.62,-30.62,-0.59,False
2005-09-24,USC00223605,0,232.26,-232.26,-4.6,True
2005-09-24,USC00223671,46,68.26,-22.26,-0.43,False
2005-09-24,USC00223887,56,77.55,-21.55,-0.41,False
2005-09-24,USC00223920,38,116.14,-78.14,-1.54,False
2005-09-24,USC00224470,0,74.42,-74.42,-1.47,False
2005-09-24,USC00224776,0,15.18,-15.18,-0.29,False
2005-09-24,USC00224939,5,38.65,-33.65,-0.65,False
2005-09-24,USC00224966,142,64.88,77.12,1.55,False
2005-09-24,USC00225020,0,230.97,-230.97,-4.58,True
2005-09-24,USC00225062,0,40.03,-40.03,-0.78,False
2005-09-24,USC00225247,0,10.52,-10.52,-0.19,False
2005-09-24,USC00225361,0,8.22,-8.22,-0.15,False
2005-09-24,USC00225611,0,498.65,-498.65,-9.9,True
2005-09-24,USC00225704,0,457.9,-457.9,-9.09,True
2005-09-24,USC00225943,0,38.31,-38.31,-0.75,False
2005-09-24,USC00225987,114,100.84,13.16,0.28,False
2005-09-24,USC00226009,0,118.92,-118.92,-2.35,False
2005-09-24,USC00226177,254,406.07,-152.07,-3.01,False
2005-09-24,USC00226294,0,18.21,-18.21,-0.35,False
2005-09-24,USC00226308,0,96.59,-96.59,-1.91,False
2005-09-24,USC00226513,0,28.63,-28.63,-0.55,False
2005-09-24,USC00226638,0,26.11,-26.11,-0.5,False
2005-09-24,USC00226640,48,42.05,5.95,0.13,False
2005-09-24,USC00226642,0,42.41,-42.41,-0.83,False
2005-09-24,USC00226643,0,40.04,-40.04,-0.78,False
2005-09-24,USC00226644,0,35.44,-35.44,-0.69,False
2005-09-24,USC00226894,0,14.56,-14.56,-0.28,False
2005-09-24,USC00226921,0,238.41,-238.41,-4.73,True
2005-09-24,USC00226924,229,201.05,27.95,0.57,False
2005-09-24,USC00226926,0,17.94,-17.94,-0.34,False
2005-09-24,USC00227128,170,188.79,-18.79,-0.36,False
2005-09-24,USC00227132,140,153.18,-13.18,-0.25,False
2005-09-24,USC00227172,18,80.66,-62.66,-1.23,False
2005-09-24,USC00227220,79,82.29,-3.29,-0.05,False
2005-09-24,USC00227276,5,29.35,-24.35,-0.47,False
2005-09-24,USC00227560,0,97.29,-97.29,-1.92,False
2005-09-24,USC00227595,0,62.11,-62.11,-1.22,False
2005-09-24,USC00227831,0,38.43,-38.43,-0.75,False
2005-09-24,USC00227840,114,95.73,18.27,0.38,False
2005-09-24,USC00228053,0,24.36,-24.36,-0.47,False
2005-09-24,USC00228374,0,0.0,0.0,0.01,False
2005-09-24,USC00228413,13,170.04,-157.04,-3.11,False
2005-09-24,USC00228445,0,254.76,-254.76,-5.05,True
2005-09-24,USC00228556,41,74.67,-33.67,-0.66,False
2005-09-24,USC00228899,0,27.41,-27.41,-0.53,False
2005-09-24,USC00229048,79,295.42,-216.42,-4.29,True
2005-09-24,USC00229072,150,216.17,-66.17,-1.3,False
2005-09-24,USC00229114,0,11.63,-11.63,-0.22,False
2005-09-24,USC00229230,0,83.58,-83.58,-1.65,False
2005-09-24,USC00229326,0,23.49,-23.49,-0.45,False
2005-09-24,USC00229439,0,26.48,-26.48,-0.51,False
2005-09-24,USC00229597,0,34.29,-34.29,-0.67,False
2005-09-24,USC00229639,165,97.74,67.26,1.35,False
2005-09-24,USC00229743,0,11.62,-11.62,-0.22,False
2005-09-24,USC00229860,0,44.99,-44.99,-0.88,False
2005-09-24,USC00410144,0,0.0,0.0,0.01,False
2005-09-24,USC00410190,86,467.36,-381.36,-7.57,True
2005-09-24,USC00410204,0,122.35,-122.35,-2.42,False
2005-09-24,USC00410206,0,0.0,0.0,0.01,False
2005-09-24,USC00410235,0,409.56,-409.56,-8.13,True
2005-09-24,USC00410246,0,0.0,0.0,0.01,False
2005-09-24,USC00410271,0,0.0,0.0,0.01,False
2005-09-24,USC00410297,0,0.0,0.0,0.01,False
2005-09-24,USC00410337,0,0.77,-0.77,-0.0,False
2005-09-24,USC00410345,0,0.0,0.0,0.01,False
2005-09-24,USC00410404,0,113.24,-113.24,-2.24,False
2005-09-24,USC00410408,0,132.15,-132.15,-2.61,False
2005-09-24,USC00410431,0,0.0,0.0,0.01,False
2005-09-24,USC00410518,0,7.47,-7.47,-0.13,False
2005-09-24,USC00410569,8,27.66,-19.66,-0.38,False
2005-09-24,USC00410586,597,221.62,375.38,7.48,True
2005-09-24,USC00410613,1585,809.35,775.65,15.44,True
2005-09-24,USC00410639,0,0.0,0.0,0.01,False
2005-09-24,USC00410655,0,65.71,-65.71,-1.29,False
2005-09-24,USC00410660,0,0.0,0.0,0.01,False
2005-09-24,USC00410690,0,0.0,0.0,0.01,False
2005-09-24,USC00410691,0,0.0,0.0,0.01,False
2005-09-24,USC00410738,0,0.0,0.0,0.01,False
2005-09-24,USC00410805,0,0.0,0.0,0.01,False
2005-09-24,USC00410832,0,0.0,0.0,0.01,False
2005-09-24,USC00411026,0,0.84,-0.84,-0.0,False
2005-09-24,USC00411035,0,0.0,0.0,0.01,False
2005-09-24,USC00411045,0,18.01,-18.01,-0.34,False
2005-09-24,USC00411048,10,27.02,-17.02,-0.32,False
2005-09-24,USC00411089,2108,1138.41,969.59,19.29,True
2005-09-24,USC00411215,0,0.0,0.0,0.01,False
2005-09-24,USC00411246,0,0.0,0.0,0.01,False
2005-09-24,USC00411250,0,0.0,0.0,0.01,False
2005-09-24,USC00411253,0,0.0,0.0,0.01,False
2005-09-24,USC00411314,0,6.67,-6.67,-0.12,False
2005-09-24,USC00411337,0,0.0,0.0,0.01,False
2005-09-24,USC00411348,0,0.16,-0.16,0.01,False
2005-09-24,USC00411429,0,0.0,0.0,0.01,False
2005-09-24,USC00411433,0,0.0,0.0,0.01,False
2005-09-24,USC00411541,0,0.0,0.0,0.01,False
2005-09-24,USC00411578,561,600.05,-39.05,-0.76,False
2005-09-24,USC00411580,0,0.0,0.0,0.01,False
2005-09-24,USC00411596,0,162.07,-162.07,-3.21,False
2005-09-24,USC00411625,0,0.0,0.0,0.01,False
2005-09-24,USC00411671,0,0.0,0.0,0.01,False
2005-09-24,USC00411711,1811,927.98,883.02,17.57,True
2005-09-24,USC00411720,0,0.0,0.0,0.01,False
2005-09-24,USC00411800,0,0.0,0.0,0.01,False
2005-09-24,USC00411804,0,0.0,0.0,0.01,False
2005-09-24,USC00411838,81,101.31,-20.31,-0.39,False
2005-09-24,USC00411880,0,0.0,0.0,0.01,False
2005-09-24,USC00411911,0,10.47,-10.47,-0.19,False
2005-09-24,USC00411921,287,10.44,276.56,5.51,True
2005-09-24,USC00411956,249,146.9,102.1,2.04,False
2005-09-24,USC00411970,0,26.56,-26.56,-0.51,False
2005-09-24,USC00411990,0,0.0,0.0,0.01,False
2005-09-24,USC00412011,0,0.0,0.0,0.01,False
2005-09-24,USC00412013,0,0.0,0.0,0.01,False
2005-09-24,USC00412017,521,1001.31,-480.31,-9.54,True
2005-09-24,USC00412019,0,18.18,-18.18,-0.35,False
2005-09-24,USC00412020,0,40.91,-40.91,-0.8,False
2005-09-24,USC00412086,0,0.0,0.0,0.01,False
2005-09-24,USC00412088,0,0.0,0.0,0.01,False
2005-09-24,USC00412096,0,0.0,0.0,0.01,False
2005-09-24,USC00412173,0,0.0,0.0,0.01,False
2005-09-24,USC00412206,0,115.71,-115.71,-2.29,False
2005-09-24,USC00412218,122,156.73,-34.73,-0.68,False
2005-09-24,USC00412225,8,105.81,-97.81,-1.93,False
2005-09-24,USC00412266,0,17.5,-17.5,-0.33,False
2005-09-24,USC00412295,0,0.0,0.0,0.01,False
2005-09-24,USC00412334,0,0.0,0.0,0.01,False
2005-09-24,USC00412404,0,1.1,-1.1,-0.01,False
2005-09-24,USC00412462,0,4.97,-4.97,-0.08,False
2005-09-24,USC00412518,0,0.0,0.0,0.01,False
2005-09-24,USC00412585,0,0.0,0.0,0.01,False
2005-09-24,USC00412758,0,0.0,0.0,0.01,False
2005-09-24,USC00412770,0,0.66,-0.66,0.0,False
2005-09-24,USC00412772,445,114.53,330.47,6.59,True
2005-09-24,USC00412786,0,20.76,-20.76,-0.4,False
2005-09-24,USC00412820,0,0.12,-0.12,0.01,False
2005-09-24,USC00413047,0,66.43,-66.43,-1.31,False
2005-09-24,USC00413065,0,0.0,0.0,0.01,False
2005-09-24,USC00413080,0,13.6,-13.6,-0.26,False
2005-09-24,USC00413112,0,0.21,-0.21,0.01,False
2005-09-24,USC00413156,0,0.0,0.0,0.01,False
2005-09-24,USC00413171,0,0.0,0.0,0.01,False
2005-09-24,USC00413183,0,0.18,-0.18,0.01,False
2005-09-24,USC00413199,0,0.0,0.0,0.01,False
2005-09-24,USC00413201,0,0.0,0.0,0.01,False
2005-09-24,USC00413285,0,0.56,-0.56,0.0,False
2005-09-24,USC00413289,0,0.0,0.0,0.01,False
2005-09-24,USC00413321,0,46.53,-46.53,-0.91,False
2005-09-24,USC00413340,25,89.19,-64.19,-1.26,False
2005-09-24,USC00413370,0,5.88,-5.88,-0.1,False
2005-09-24,USC00413485,0,0.0,0.0,0.01,False
2005-09-24,USC00413507,0,0.0,0.0,0.01,False
2005-09-24,USC00413508,0,0.0,0.0,0.01,False
2005-09-24,USC00413525,0,0.35,-0.35,0.01,False
2005-09-24,USC00413546,0,76.56,-76.56,-1.51,False
2005-09-24,USC00413618,0,0.0,0.0,0.01,False
2005-09-24,USC00413622,0,0.0,0.0,0.01,False
2005-09-24,USC00413624,0,0.0,0.0,0.01,False
2005-09-24,USC00413639,0,0.0,0.0,0.01,False
2005-09-24,USC00413675,0,0.0,0.0,0.01,False
2005-09-24,USC00413685,0,0.0,0.0,0.01,False
2005-09-24,USC00413686,0,0.0,0.0,0.01,False
2005-09-24,USC00413691,0,0.94,-0.94,-0.0,False
2005-09-24,USC00413734,0,30.24,-30.24,-0.59,False
2005-09-24,USC00413846,0,13.65,-13.65,-0.26,False
2005-09-24,USC00413873,0,0.19,-0.19,0.01,False
2005-09-24,USC00413877,64,186.85,-122.85,-2.43,False
2005-09-24,USC00413884,0,0.0,0.0,0.01,False
2005-09-24,USC00413943,0,0.0,0.0,0.01,False
2005-09-24,USC00414020,0,102.25,-102.25,-2.02,False
2005-09-24,USC00414077,1016,1185.86,-169.86,-3.36,False
2005-09-24,USC00414081,38,246.84,-208.84,-4.14,True
2005-09-24,USC00414137,0,0.0,0.0,0.01,False
2005-09-24,USC00414182,0,0.0,0.0,0.01,False
2005-09-24,USC00414202,8,74.56,-66.56,-1.31,False
2005-09-24,USC00414321,201,128.53,72.47,1.46,False
2005-09-24,USC00414325,163,129.15,33.85,0.69,False
2005-09-24,USC00414326,239,137.87,101.13,2.03,False
2005-09-24,USC00414327,86,127.44,-41.44,-0.81,False
2005-09-24,USC00414333,124,118.94,5.06,0.11,False
2005-09-24,USC00414343,0,0.0,0.0,0.01,False
2005-09-24,USC00414382,556,166.48,389.52,7.76,True
2005-09-24,USC00414390,0,0.0,0.0,0.01,False
2005-09-24,USC00414505,0,0.0,0.0,0.01,False
2005-09-24,USC00414517,0,0.0,0.0,0.01,False
2005-09-24,USC00414525,76,211.42,-135.42,-2.68,False
2005-09-24,USC00414531,91,122.53,-31.53,-0.61,False
2005-09-24,USC00414556,0,0.0,0.0,0.01,False
2005-09-24,USC00414563,1930,1736.27,193.73,3.87,True
2005-09-24,USC00414575,0,0.14,-0.14,0.01,False
2005-09-24,USC00414597,0,0.9,-0.9,-0.0,False
2005-09-24,USC00414605,0,0.0,0.0,0.01,False
2005-09-24,USC00414679,0,0.2,-0.2,0.01,False
2005-09-24,USC00414693,23,181.89,-158.89,-3.15,False
2005-09-24,USC00414696,0,0.0,0.0,0.01,False
2005-09-24,USC00414704,38,97.33,-59.33,-1.17,False
2005-09-24,USC00414705,0,31.39,-31.39,-0.61,False
2005-09-24,USC00414708,0,34.35,-34.35,-0.67,False
2005-09-24,USC00414805,0,0.0,0.0,0.01,False
2005-09-24,USC00414810,0,0.0,0.0,0.01,False
2005-09-24,USC00414866,0,0.0,0.0,0.01,False
2005-09-24,USC00414903,0,0.32,-0.32,0.01,False
2005-09-24,USC00414911,0,0.0,0.0,0.01,False
2005-09-24,USC00414972,0,0.0,0.0,0.01,False
2005-09-24,USC00414976,0,61.4,-61.4,-1.21,False
2005-09-24,USC00414980,0,44.23,-44.23,-0.87,False
2005-09-24,USC00415018,0,0.0,0.0,0.01,False
2005-09-24,USC00415094,0,8.15,-8.15,-0.15,False
2005-09-24,USC00415116,0,0.0,0.0,0.01,False
2005-09-24,USC00415192,0,1.13,-1.13,-0.01,False
2005-09-24,USC00415193,0,0.2,-0.2,0.01,False
2005-09-24,USC00415229,0,124.06,-124.06,-2.45,False
2005-09-24,USC00415271,914,686.22,227.78,4.54,True
2005-09-24,USC00415285,0,0.0,0.0,0.01,False
2005-09-24,USC00415341,0,181.61,-181.61,-3.6,True
2005-09-24,USC00415344,13,149.06,-136.06,-2.69,False
2005-09-24,USC00415415,330,763.17,-433.17,-8.6,True
2005-09-24,USC00415429,0,0.0,0.0,0.01,False
2005-09-24,USC00415430,0,0.0,0.0,0.01,False
2005-09-24,USC00415477,0,207.74,-207.74,-4.12,True
2005-09-24,USC00415611,0,0.0,0.0,0.01,False
2005-09-24,USC00415618,51,187.03,-136.03,-2.69,False
2005-09-24,USC00415659,0,17.07,-17.07,-0.33,False
2005-09-24,USC00415661,0,0.0,0.0,0.01,False
2005-09-24,USC00415701,0,0.0,0.0,0.01,False
2005-09-24,USC00415721,0,0.0,0.0,0.01,False
2005-09-24,USC00415757,0,0.0,0.0,0.01,False
2005-09-24,USC00415766,0,2.32,-2.32,-0.03,False
2005-09-24,USC00415836,0,0.0,0.0,0.01,False
2005-09-24,USC00415845,0,0.0,0.0,0.01,False
2005-09-24,USC00415897,0,0.94,-0.94,-0.0,False
2005-09-24,USC00415904,798,194.43,603.57,12.02,True
2005-09-24,USC00415954,0,93.87,-93.87,-1.85,False
2005-09-24,USC00416058,0,0.0,0.0,0.01,False
2005-09-24,USC00416060,0,0.0,0.0,0.01,False
2005-09-24,USC00416108,0,54.01,-54.01,-1.06,False
2005-09-24,USC00416119,0,38.23,-38.23,-0.75,False
2005-09-24,USC00416177,254,785.11,-531.11,-10.55,True
2005-09-24,USC00416210,0,10.04,-10.04,-0.19,False
2005-09-24,USC00416265,508,835.95,-327.95,-6.51,True
2005-09-24,USC00416276,0,0.0,0.0,0.01,False
2005-09-24,USC00416280,0,239.37,-239.37,-4.75,True
2005-09-24,USC00416331,0,0.0,0.0,0.01,False
2005-09-24,USC00416367,0,0.0,0.0,0.01,False
2005-09-24,USC00416368,0,0.0,0.0,0.01,False
2005-09-24,USC00416496,61,164.35,-103.35,-2.04,False
2005-09-24,USC00416739,0,0.0,0.0,0.01,False
2005-09-24,USC00416766,0,0.0,0.0,0.01,False
2005-09-24,USC00417017,0,0.0,0.0,0.01,False
2005-09-24,USC00417111,0,0.0,0.0,0.01,False
2005-09-24,USC00417140,0,1.04,-1.04,-0.01,False
2005-09-24,USC00417170,0,0.0,0.0,0.01,False
2005-09-24,USC00417172,0,1305.08,-1305.08,-25.94,True
2005-09-24,USC00417179,0,0.0,0.0,0.01,False
2005-09-24,USC00417184,0,0.0,0.0,0.01,False
2005-09-24,USC00417186,0,1.19,-1.19,-0.01,False
2005-09-24,USC00417300,0,0.0,0.0,0.01,False
2005-09-24,USC00417365,0,64.43,-64.43,-1.27,False
2005-09-24,USC00417388,0,0.0,0.0,0.01,False
2005-09-24,USC00417458,0,0.0,0.0,0.01,False
2005-09-24,USC00417530,0,0.0,0.0,0.01,False
2005-09-24,USC00417533,0,0.0,0.0,0.01,False
2005-09-24,USC00417550,0,0.0,0.0,0.01,False
2005-09-24,USC00417586,191,141.63,49.37,1.0,False
2005-09-24,USC00417588,0,5.38,-5.38,-0.09,False
2005-09-24,USC00417594,69,95.5,-26.5,-0.51,False
2005-09-24,USC00417659,0,0.8,-0.8,-0.0,False
2005-09-24,USC00417677,0,0.0,0.0,0.01,False
2005-09-24,USC00417685,0,0.17,-0.17,0.01,False
2005-09-24,USC00417704,0,0.0,0.0,0.01,False
2005-09-24,USC00417707,0,8.22,-8.22,-0.15,False
2005-09-24,USC00417744,0,0.0,0.0,0.01,False
2005-09-24,USC00417773,0,19.48,-19.48,-0.37,False
2005-09-24,USC00417787,0,0.0,0.0,0.01,False
2005-09-24,USC00417791,0,0.0,0.0,0.01,False
2005-09-24,USC00417836,0,0.0,0.0,0.01,False
2005-09-24,USC00417841,160,332.42,-172.42,-3.41,False
2005-09-24,USC00417936,3556,1320.61,2235.39,44.47,True
2005-09-24,USC00417947,0,0.0,0.0,0.01,False
2005-09-24,USC00417981,0,0.0,0.0,0.01,False
2005-09-24,USC00417983,0,0.0,0.0,0.01,False
2005-09-24,USC00418050,0,0.0,0.0,0.01,False
2005-09-24,USC00418059,0,0.0,0.0,0.01,False
2005-09-24,USC00418081,0,0.0,0.0,0.01,False
2005-09-24,USC00418126,0,0.25,-0.25,0.01,False
2005-09-24,USC00418187,0,0.0,0.0,0.01,False
2005-09-24,USC00418415,0,0.18,-0.18,0.01,False
2005-09-24,USC00418446,0,12.57,-12.57,-0.24,False
2005-09-24,USC00418487,0,0.0,0.0,0.01,False
2005-09-24,USC00418519,0,2.24,-2.24,-0.03,False
2005-09-24,USC00418531,0,0.0,0.0,0.01,False
2005-09-24,USC00418544,0,0.0,0.0,0.01,False
2005-09-24,USC00418646,0,0.0,0.0,0.01,False
2005-09-24,USC00418658,0,0.0,0.0,0.01,False
2005-09-24,USC00418696,0,0.0,0.0,0.01,False
2005-09-24,USC00418743,0,49.49,-49.49,-0.97,False
2005-09-24,USC00418862,0,0.0,0.0,0.01,False
2005-09-24,USC00418929,0,28.24,-28.24,-0.55,False
2005-09-24,USC00418942,0,313.11,-313.11,-6.21,True
2005-09-24,USC00418996,107,97.1,9.9,0.21,False
2005-09-24,USC00419001,0,0.12,-0.12,0.01,False
2005-09-24,USC00419004,0,32.02,-32.02,-0.62,False
2005-09-24,USC00419007,0,0.0,0.0,0.01,False
2005-09-24,USC00419076,152,103.34,48.66,0.98,False
2005-09-24,USC00419099,0,0.0,0.0,0.01,False
2005-09-24,USC00419125,20,15.19,4.81,0.11,False
2005-09-24,USC00419153,0,0.0,0.0,0.01,False
2005-09-24,USC00419207,480,152.62,327.38,6.52,True
2005-09-24,USC00419361,0,0.0,0.0,0.01,False
2005-09-24,USC00419367,0,0.27,-0.27,0.01,False
2005-09-24,USC00419417,0,0.0,0.0,0.01,False
2005-09-24,USC00419504,0,0.0,0.0,0.01,False
2005-09-24,USC00419532,0,0.0,0.0,0.01,False
2005-09-24,USC00419559,0,0.0,0.0,0.01,False
2005-09-24,USC00419593,0,0.0,0.0,0.01,False
2005-09-24,USC00419655,0,47.59,-47.59,-0.93,False
2005-09-24,USC00419709,18,134.1,-116.1,-2.29,False
2005-09-24,USC00419715,0,0.0,0.0,0.01,False
2005-09-24,USC00419717,0,0.0,0.0,0.01,False
2005-09-24,USC00419754,1067,1146.06,-79.06,-1.56,False
2005-09-24,USC00419800,0,39.84,-39.84,-0.78,False
2005-09-24,USC00419815,0,0.0,0.0,0.01,False
2005-09-24,USC00419836,3,61.3,-58.3,-1.14,False
2005-09-24,USC00419859,0,28.64,-28.64,-0.56,False
2005-09-24,USC00419916,0,170.08,-170.08,-3.37,False
2005-09-24,USC00419953,0,0.0,0.0,0.01,False
2005-09-24,USC00419962,0,0.0,0.0,0.01,False
2005-09-24,USW00003855,99,196.73,-97.73,-1.93,False
2005-09-24,USW00003881,0,24.59,-24.59,-0.47,False
2005-09-24,USW00003901,871,109.07,761.93,15.17,True
2005-09-24,USW00003904,0,59.28,-59.28,-1.16,False
2005-09-24,USW00003927,0,0.95,-0.95,-0.0,False
2005-09-24,USW00003937,1306,1935.23,-629.23,-12.5,True
2005-09-24,USW00003940,239,29.31,209.69,4.18,True
2005-09-24,USW00003951,64,257.71,-193.71,-3.84,True
2005-09-24,USW00003969,0,0.0,0.0,0.01,False
2005-09-24,USW00003971,0,1.29,-1.29,-0.01,False
2005-09-24,USW00003991,0,0.27,-0.27,0.01,False
2005-09-24,USW00003996,201,81.8,119.2,2.38,False
2005-09-24,USW00003999,0,0.0,0.0,0.01,False
2005-09-24,USW00012904,0,0.0,0.0,0.01,False
2005-09-24,USW00012912,0,0.26,-0.26,0.01,False
2005-09-24,USW00012916,124,708.94,-584.94,-11.62,True
2005-09-24,USW00012917,1364,527.57,836.43,16.65,True
2005-09-24,USW00012918,208,132.44,75.56,1.52,False
2005-09-24,USW00012921,0,0.0,0.0,0.01,False
2005-09-24,USW00012924,0,0.0,0.0,0.01,False
2005-09-24,USW00012926,0,0.0,0.0,0.01,False
2005-09-24,USW00012930,203,472.97,-269.97,-5.35,True
2005-09-24,USW00012932,0,0.0,0.0,0.01,False
2005-09-24,USW00012935,0,8.55,-8.55,-0.16,False
2005-09-24,USW00012957,0,0.0,0.0,0.01,False
2005-09-24,USW00012959,0,0.0,0.0,0.01,False
2005-09-24,USW00012960,178,144.8,33.2,0.67,False
2005-09-24,USW00012970,0,0.0,0.0,0.01,False
2005-09-24,USW00012971,0,0.0,0.0,0.01,False
2005-09-24,USW00012972,0,0.0,0.0,0.01,False
2005-09-24,USW00012976,155,83.07,71.93,1.44,False
2005-09-24,USW00012977,104,98.2,5.8,0.13,False
2005-09-24,USW00012987,0,0.0,0.0,0.01,False
2005-09-24,USW00013833,74,69.29,4.71,0.11,False
2005-09-24,USW00013838,0,212.32,-212.32,-4.21,True
2005-09-24,USW00013865,236,9.36,226.64,4.52,True
2005-09-24,USW00013894,348,121.8,226.2,4.51,True
2005-09-24,USW00013899,208,188.88,19.12,0.39,False
2005-09-24,USW00013904,0,0.0,0.0,0.01,False
2005-09-24,USW00013911,0,0.0,0.0,0.01,False
2005-09-24,USW00013927,122,37.68,84.32,1.69,False
2005-09-24,USW00013935,739,736.06,2.94,0.07,False
2005-09-24,USW00013939,937,58.03,878.97,17.49,True
2005-09-24,USW00013942,886,152.83,733.17,14.59,True
2005-09-24,USW00013957,1402,193.73,1208.27,24.04,True
2005-09-24,USW00013958,0,0.0,0.0,0.01,False
2005-09-24,USW00013959,0,0.0,0.0,0.01,False
2005-09-24,USW00013960,0,4.02,-4.02,-0.07,False
2005-09-24,USW00013961,0,0.0,0.0,0.01,False
2005-09-24,USW00013970,1293,1325.69,-32.69,-0.64,False
2005-09-24,USW00013972,508,144.76,363.24,7.24,True
2005-09-24,USW00013976,838,1377.36,-539.36,-10.71,True
2005-09-24,USW00013977,988,3.81,984.19,19.59,True
2005-09-24,USW00013978,150,41.97,108.03,2.16,False
2005-09-24,USW00053820,716,117.18,598.82,11.92,True
2005-09-24,USW00053858,15,128.21,-113.21,-2.24,False
2005-09-24,USW00053865,5,318.23,-313.23,-6.21,True
2005-09-24,USW00053902,33,214.61,-181.61,-3.6,True
2005-09-24,USW00053903,28,345.78,-317.78,-6.3,True
2005-09-24,USW00053905,1158,144.86,1013.14,20.16,True
2005-09-24,USW00053907,0,0.74,-0.74,-0.0,False
2005-09-24,USW00053909,0,0.0,0.0,0.01,False
2005-09-24,USW00053910,3,137.21,-134.21,-2.65,False
2005-09-24,USW00053911,71,17.06,53.94,1.09,False
2005-09-24,USW00053912,0,22.34,-22.34,-0.43,False
2005-09-24,USW00053914,0,2.32,-2.32,-0.03,False
2005-09-24,USW00053915,0,1408.41,-1408.41,-27.99,True
2005-09-24,USW00053960,951,1636.38,-685.38,-13.61,True
2005-09-24,USW00053961,863,137.35,725.65,14.44,True
2005-09-24,USW00053968,463,117.61,345.39,6.88,True
2005-09-24,USW00063831,149,8.63,140.37,2.81,False
2005-09-24,USW00063858,235,3.05,231.95,4.63,True
2005-09-24,USW00093806,61,27.36,33.64,0.68,False
2005-09-24,USW00093874,0,78.46,-78.46,-1.55,False
2005-09-24,USW00093914,51,221.64,-170.64,-3.38,False
2005-09-24,USW00093915,201,959.53,-758.53,-15.07,True
2005-09-24,USW00093919,259,417.95,-158.95,-3.15,False
2005-09-24,USW00093985,0,0.0,0.0,0.01,False
2005-09-24,USW00093987,1346,877.97,468.03,9.32,True
2005-09-24,USW00093992,714,68.61,645.39,12.85,True
2005-09-25,US1TXDA0001,0,9.58,-9.58,-0.12,False
2005-09-25,US1TXMTG001,0,1.31,-1.31,-0.02,False
2005-09-25,US1TXUP0001,1227,764.54,462.46,6.03,True
2005-09-25,USC00010140,892,289.41,602.59,7.86,True
2005-09-25,USC00010178,79,191.14,-112.14,-1.46,False
2005-09-25,USC00010184,94,170.78,-76.78,-1.0,False
2005-09-25,USC00010402,914,501.64,412.36,5.38,True
2005-09-25,USC00010505,33,154.16,-121.16,-1.58,False
2005-09-25,USC00010583,1270,358.4,911.6,11.88,True
2005-09-25,USC00010764,91,140.5,-49.5,-0.64,False
2005-09-25,USC00011080,1034,571.23,462.77,6.03,True
2005-09-25,USC00011084,800,629.52,170.48,2.22,False
2005-09-25,USC00011143,0,190.61,-190.61,-2.48,False
2005-09-25,USC00011566,381,307.69,73.31,0.96,False
2005-09-25,USC00011690,145,523.29,-378.29,-4.93,True
2005-09-25,USC00011803,178,186.48,-8.48,-0.11,False
2005-09-25,USC00011810,602,300.1,301.9,3.94,True
2005-09-25,USC00012245,254,311.8,-57.8,-0.75,False
2005-09-25,USC00012813,472,322.1,149.9,1.96,False
2005-09-25,USC00013160,94,252.64,-158.64,-2.07,False
2005-09-25,USC00013511,749,300.33,448.67,5.85,True
2005-09-25,USC00013930,165,170.97,-5.97,-0.08,False
2005-09-25,USC00014193,813,384.25,428.75,5.59,True
2005-09-25,USC00014798,127,298.27,-171.27,-2.23,False
2005-09-25,USC00015121,267,302.62,-35.62,-0.46,False
2005-09-25,USC00015420,0,474.99,-474.99,-6.19,True
2005-09-25,USC00016847,56,157.02,-101.02,-1.32,False
2005-09-25,USC00016988,211,433.61,-222.61,-2.9,False
2005-09-25,USC00017366,356,337.3,18.7,0.25,False
2005-09-25,USC00018178,262,377.12,-115.12,-1.5,False
2005-09-25,USC00018380,132,280.19,-148.19,-1.93,False
2005-09-25,USC00018385,74,262.2,-188.2,-2.45,False
2005-09-25,USC00018446,650,346.94,303.06,3.95,True
2005-09-25,USC00018637,737,590.48,146.52,1.91,False
2005-09-25,USC00018673,467,273.71,193.29,2.52,False
2005-09-25,USC00018809,53,204.2,-151.2,-1.97,False
2005-09-25,USC00018867,356,453.31,-97.31,-1.27,False
2005-09-25,USC00031140,561,672.64,-111.64,-1.45,False
2005-09-25,USC00031730,884,692.25,191.75,2.5,False
2005-09-25,USC00032355,1219,817.82,401.18,5.23,True
2005-09-25,USC00032475,762,695.94,66.06,0.86,False
2005-09-25,USC00034185,1290,963.65,326.35,4.26,True
2005-09-25,USC00034548,1166,942.0,224.0,2.92,False
2005-09-25,USC00034936,965,593.57,371.43,4.84,True
2005-09-25,USC00035866,0,945.41,-945.41,-12.32,True
2005-09-25,USC00086999,38,259.38,-221.38,-2.88,False
2005-09-25,USC00160007,99,222.63,-123.63,-1.61,False
2005-09-25,USC00160016,76,52.81,23.19,0.3,False
2005-09-25,USC00160021,56,57.53,-1.53,-0.02,False
2005-09-25,USC00160103,826,539.47,286.53,3.74,True
2005-09-25,USC00160205,41,131.7,-90.7,-1.18,False
2005-09-25,USC00160238,0,51.8,-51.8,-0.67,False
2005-09-25,USC00160277,925,902.52,22.48,0.29,False
2005-09-25,USC00160349,668,916.72,-248.72,-3.24,False
2005-09-25,USC00160462,610,205.36,404.64,5.28,True
2005-09-25,USC00160537,630,754.2,-124.2,-1.62,False
2005-09-25,USC00160546,226,207.81,18.19,0.24,False
2005-09-25,USC00160548,429,250.36,178.64,2.33,False
2005-09-25,USC00160558,292,227.51,64.49,0.84,False
2005-09-25,USC00160565,447,222.14,224.86,2.93,False
2005-09-25,USC00160617,724,516.77,207.23,2.7,False
2005-09-25,USC00160718,1453,1052.47,400.53,5.22,True
2005-09-25,USC00160800,1575,863.76,711.24,9.27,True
2005-09-25,USC00161200,1321,972.99,348.01,4.54,True
2005-09-25,USC00161232,23,629.53,-606.53,-7.9,True
2005-09-25,USC00161235,1580,398.71,1181.29,15.4,True
2005-09-25,USC00161246,394,277.41,116.59,1.52,False
2005-09-25,USC00161287,1524,644.91,879.09,11.46,True
2005-09-25,USC00161365,429,275.42,153.58,2.0,False
2005-09-25,USC00161411,389,717.82,-328.82,-4.28,True
2005-09-25,USC00161535,262,328.64,-66.64,-0.87,False
2005-09-25,USC00161565,0,235.72,-235.72,-3.07,False
2005-09-25,USC00161866,1168,828.77,339.23,4.42,True
2005-09-25,USC00161941,241,567.24,-326.24,-4.25,True
2005-09-25,USC00161979,554,709.49,-155.49,-2.03,False
2005-09-25,USC00162002,102,162.09,-60.09,-0.78,False
2005-09-25,USC00162121,1346,1079.18,266.82,3.48,False
2005-09-25,USC00162151,0,71.63,-71.63,-0.93,False
2005-09-25,USC00162212,419,303.49,115.51,1.51,False
2005-09-25,USC00162350,241,209.2,31.8,0.42,False
2005-09-25,USC00162367,102,270.84,-168.84,-2.2,False
2005-09-25,USC00162534,287,180.23,106.77,1.39,False
2005-09-25,USC00162641,183,321.95,-138.95,-1.81,False
2005-09-25,USC00162812,262,581.96,-319.96,-4.17,True
2005-09-25,USC00162981,673,449.9,223.1,2.91,False
2005-09-25,USC00163165,5,70.51,-65.51,-0.85,False
2005-09-25,USC00163313,0,223.78,-223.78,-2.92,False
2005-09-25,USC00163322,155,74.82,80.18,1.05,False
2005-09-25,USC00163433,0,48.15,-48.15,-0.63,False
2005-09-25,USC00163695,305,180.95,124.05,1.62,False
2005-09-25,USC00163800,0,453.19,-453.19,-5.91,True
2005-09-25,USC00163804,795,787.1,7.9,0.1,False
2005-09-25,USC00163867,0,233.92,-233.92,-3.05,False
2005-09-25,USC00163877,1468,1090.7,377.3,4.92,True
2005-09-25,USC00164030,0,108.13,-108.13,-1.41,False
2005-09-25,USC00164034,178,112.3,65.7,0.86,False
2005-09-25,USC00164050,300,908.37,-608.37,-7.93,True
2005-09-25,USC00164355,1054,981.41,72.59,0.95,False
2005-09-25,USC00164398,953,1054.62,-101.62,-1.32,False
2005-09-25,USC00164407,3,149.86,-146.86,-1.91,False
2005-09-25,USC00164592,975,1034.88,-59.88,-0.78,False
2005-09-25,USC00164674,312,205.88,106.12,1.38,False
2005-09-25,USC00164696,754,697.5,56.5,0.74,False
2005-09-25,USC00164700,91,335.81,-244.81,-3.19,False
2005-09-25,USC00164732,986,762.85,223.15,2.91,False
2005-09-25,USC00164735,737,816.64,-79.64,-1.04,False
2005-09-25,USC00164739,1422,630.52,791.48,10.32,True
2005-09-25,USC00164775,102,243.42,-141.42,-1.84,False
2005-09-25,USC00164816,1356,1117.97,238.03,3.1,False
2005-09-25,USC00164859,112,128.24,-16.24,-0.21,False
2005-09-25,USC00164931,1054,1073.19,-19.19,-0.25,False
2005-09-25,USC00165090,1326,874.75,451.25,5.88,True
2005-09-25,USC00165146,0,839.31,-839.31,-10.94,True
2005-09-25,USC00165266,76,309.86,-233.86,-3.05,False
2005-09-25,USC00165287,122,285.18,-163.18,-2.13,False
2005-09-25,USC00165430,0,149.97,-149.97,-1.95,False
2005-09-25,USC00165438,203,170.09,32.91,0.43,False
2005-09-25,USC00165522,1961,1035.25,925.75,12.07,True
2005-09-25,USC00165620,373,261.8,111.2,1.45,False
2005-09-25,USC00165630,384,656.41,-272.41,-3.55,True
2005-09-25,USC00165783,64,139.72,-75.72,-0.99,False
2005-09-25,USC00165874,1039,1069.27,-30.27,-0.39,False
2005-09-25,USC00165892,71,687.42,-616.42,-8.03,True
2005-09-25,USC00165920,1895,652.32,1242.68,16.2,True
2005-09-25,USC00166244,1130,1057.85,72.15,0.94,False
2005-09-25,USC00166314,622,452.21,169.79,2.21,False
2005-09-25,USC00166394,33,177.21,-144.21,-1.88,False
2005-09-25,USC00166466,56,116.01,-60.01,-0.78,False
2005-09-25,USC00166582,960,722.25,237.75,3.1,False
2005-09-25,USC00166666,13,35.56,-22.56,-0.29,False
2005-09-25,USC00166686,460,337.53,122.47,1.6,False
2005-09-25,USC00166808,180,329.43,-149.43,-1.95,False
2005-09-25,USC00166866,1826,815.28,1010.72,13.18,True
2005-09-25,USC00166868,1224,777.72,446.28,5.82,True
2005-09-25,USC00166911,325,240.08,84.92,1.11,False
2005-09-25,USC00166938,508,432.61,75.39,0.98,False
2005-09-25,USC00166978,0,760.06,-760.06,-9.91,True
2005-09-25,USC00166995,1181,343.74,837.26,10.92,True
2005-09-25,USC00167096,0,94.71,-94.71,-1.23,False
2005-09-25,USC00167304,0,178.63,-178.63,-2.33,False
2005-09-25,USC00167312,1199,866.12,332.88,4.34,True
2005-09-25,USC00167344,1133,1092.1,40.9,0.53,False
2005-09-25,USC00167366,483,253.66,229.34,2.99,False
2005-09-25,USC00167425,8,103.52,-95.52,-1.24,False
2005-09-25,USC00167448,427,265.72,161.28,2.1,False
2005-09-25,USC00167590,762,839.02,-77.02,-1.0,False
2005-09-25,USC00167691,1521,753.13,767.87,10.01,True
2005-09-25,USC00167729,813,743.91,69.09,0.9,False
2005-09-25,USC00167738,1311,1114.36,196.64,2.56,False
2005-09-25,USC00167767,30,124.36,-94.36,-1.23,False
2005-09-25,USC00167924,1433,1107.48,325.52,4.24,True
2005-09-25,USC00168067,668,822.49,-154.49,-2.01,False
2005-09-25,USC00168094,1186,974.22,211.78,2.76,False
2005-09-25,USC00168136,274,382.08,-108.08,-1.41,False
2005-09-25,USC00168139,102,235.82,-133.82,-1.74,False
2005-09-25,USC00168163,1473,770.25,702.75,9.16,True
2005-09-25,USC00168181,140,80.39,59.61,0.78,False
2005-09-25,USC00168436,1562,870.43,691.57,9.02,True
2005-09-25,USC00168444,1580,1061.72,518.28,6.76,True
2005-09-25,USC00168539,13,28.86,-15.86,-0.21,False
2005-09-25,USC00168683,1321,1072.8,248.2,3.24,False
2005-09-25,USC00168785,973,660.3,312.7,4.08,True
2005-09-25,USC00168831,86,148.69,-62.69,-0.82,False
2005-09-25,USC00168861,0,45.47,-45.47,-0.59,False
2005-09-25,USC00168923,836,789.29,46.71,0.61,False
2005-09-25,USC00168941,28,29.79,-1.79,-0.02,False
2005-09-25,USC00168945,0,121.64,-121.64,-1.58,False
2005-09-25,USC00169013,150,129.33,20.67,0.27,False
2005-09-25,USC00169074,99,466.36,-367.36,-4.79,True
2005-09-25,USC00169357,1219,897.17,321.83,4.2,True
2005-09-25,USC00169392,914,1050.69,-136.69,-1.78,False
2005-09-25,USC00169631,18,711.94,-693.94,-9.04,True
2005-09-25,USC00169803,546,747.03,-201.03,-2.62,False
2005-09-25,USC00169804,0,937.19,-937.19,-12.21,True
2005-09-25,USC00169806,1194,570.71,623.29,8.13,True
2005-09-25,USC00169809,1168,684.87,483.13,6.3,True
2005-09-25,USC00169930,445,240.57,204.43,2.67,False
2005-09-25,USC00169980,325,778.69,-453.69,-5.91,True
2005-09-25,USC00220039,107,212.83,-105.83,-1.38,False
2005-09-25,USC00220523,0,164.4,-164.4,-2.14,False
2005-09-25,USC00220585,0,80.23,-80.23,-1.04,False
2005-09-25,USC00220660,826,665.68,160.32,2.09,False
2005-09-25,USC00220792,69,16.71,52.29,0.68,False
2005-09-25,USC00220891,0,194.82,-194.82,-2.54,False
2005-09-25,USC00221094,76,294.1,-218.1,-2.84,False
2005-09-25,USC00221174,218,169.68,48.32,0.63,False
2005-09-25,USC00221389,498,391.55,106.45,1.39,False
2005-09-25,USC00221489,203,320.91,-117.91,-1.54,False
2005-09-25,USC00221578,434,329.81,104.19,1.36,False
2005-09-25,USC00221852,0,93.86,-93.86,-1.22,False
2005-09-25,USC00221860,175,262.48,-87.48,-1.14,False
2005-09-25,USC00221865,25,59.42,-34.42,-0.45,False
2005-09-25,USC00221880,25,141.1,-116.1,-1.51,False
2005-09-25,USC00222034,104,242.27,-138.27,-1.8,False
2005-09-25,USC00222046,246,121.29,124.71,1.63,False
2005-09-25,USC00222385,41,198.19,-157.19,-2.05,False
2005-09-25,USC00223107,137,253.19,-116.19,-1.51,False
2005-09-25,USC00223340,132,234.18,-102.18,-1.33,False
2005-09-25,USC00223441,0,404.78,-404.78,-5.27,True
2005-09-25,USC00223516,310,347.21,-37.21,-0.48,False
2005-09-25,USC00223605,0,1031.14,-1031.14,-13.44,True
2005-09-25,USC00223671,0,26.01,-26.01,-0.34,False
2005-09-25,USC00223887,0,40.38,-40.38,-0.52,False
2005-09-25,USC00223920,140,369.1,-229.1,-2.98,False
2005-09-25,USC00224470,508,403.59,104.41,1.36,False
2005-09-25,USC00224776,84,374.11,-290.11,-3.78,True
2005-09-25,USC00224939,51,102.8,-51.8,-0.67,False
2005-09-25,USC00224966,74,157.98,-83.98,-1.09,False
2005-09-25,USC00225020,1334,988.9,345.1,4.5,True
2005-09-25,USC00225062,559,486.95,72.05,0.94,False
2005-09-25,USC00225247,208,227.17,-19.17,-0.25,False
2005-09-25,USC00225361,84,184.48,-100.48,-1.31,False
2005-09-25,USC00225611,472,143.28,328.72,4.29,True
2005-09-25,USC00225704,0,474.71,-474.71,-6.19,True
2005-09-25,USC00225943,33,115.14,-82.14,-1.07,False
2005-09-25,USC00225987,127,139.62,-12.62,-0.16,False
2005-09-25,USC00226009,531,741.57,-210.57,-2.74,False
2005-09-25,USC00226177,1727,748.85,978.15,12.75,True
2005-09-25,USC00226294,1232,297.04,934.96,12.19,True
2005-09-25,USC00226308,163,565.82,-402.82,-5.25,True
2005-09-25,USC00226513,0,267.31,-267.31,-3.48,False
2005-09-25,USC00226638,38,206.36,-168.36,-2.19,False
2005-09-25,USC00226640,5,89.4,-84.4,-1.1,False
2005-09-25,USC00226642,0,116.41,-116.41,-1.52,False
2005-09-25,USC00226643,0,261.04,-261.04,-3.4,False
2005-09-25,USC00226644,371,275.46,95.54,1.25,False
2005-09-25,USC00226894,318,246.35,71.65,0.94,False
2005-09-25,USC00226921,0,30.06,-30.06,-0.39,False
2005-09-25,USC00226924,5,29.93,-24.93,-0.32,False
2005-09-25,USC00226926,330,440.73,-110.73,-1.44,False
2005-09-25,USC00227128,10,36.84,-26.84,-0.35,False
2005-09-25,USC00227132,1288,678.89,609.11,7.94,True
2005-09-25,USC00227172,46,106.72,-60.72,-0.79,False
2005-09-25,USC00227220,91,32.13,58.87,0.77,False
2005-09-25,USC00227276,84,204.68,-120.68,-1.57,False
2005-09-25,USC00227560,978,793.4,184.6,2.41,False
2005-09-25,USC00227595,328,380.55,-52.55,-0.68,False
2005-09-25,USC00227831,86,710.68,-624.68,-8.14,True
2005-09-25,USC00227840,10,33.67,-23.67,-0.31,False
2005-09-25,USC00228053,28,183.88,-155.88,-2.03,False
2005-09-25,USC00228374,198,107.32,90.68,1.18,False
2005-09-25,USC00228413,0,27.94,-27.94,-0.36,False
2005-09-25,USC00228445,1709,829.88,879.12,11.46,True
2005-09-25,USC00228556,43,50.11,-7.11,-0.09,False
2005-09-25,USC00228899,500,290.24,209.76,2.74,False
2005-09-25,USC00229048,180,75.66,104.34,1.36,False
2005-09-25,USC00229072,688,488.38,199.62,2.6,False
2005-09-25,USC00229114,58,361.93,-303.93,-3.96,True
2005-09-25,USC00229230,693,744.73,-51.73,-0.67,False
2005-09-25,USC00229326,64,290.77,-226.77,-2.95,False
2005-09-25,USC00229439,0,194.45,-194.45,-2.53,False
2005-09-25,USC00229597,102,190.67,-88.67,-1.15,False
2005-09-25,USC00229639,117,31.45,85.55,1.12,False
2005-09-25,USC00229743,23,335.54,-312.54,-4.07,True
2005-09-25,USC00229860,310,620.89,-310.89,-4.05,True
2005-09-25,USC00410144,0,0.0,0.0,0.0,False
2005-09-25,USC00410190,513,501.33,11.67,0.15,False
2005-09-25,USC00410204,13,29.85,-16.85,-0.22,False
2005-09-25,USC00410206,0,0.0,0.0,0.0,False
2005-09-25,USC00410246,0,0.0,0.0,0.0,False
2005-09-25,USC00410257,0,4.13,-4.13,-0.05,False
2005-09-25,USC00410271,0,0.0,0.0,0.0,False
2005-09-25,USC00410297,0,0.28,-0.28,-0.0,False
2005-09-25,USC00410337,0,4.31,-4.31,-0.05,False
2005-09-25,USC00410345,0,0.18,-0.18,-0.0,False
2005-09-25,USC00410404,343,232.01,110.99,1.45,False
2005-09-25,USC00410408,955,961.73,-6.73,-0.09,False
2005-09-25,USC00410431,0,0.0,0.0,0.0,False
2005-09-25,USC00410518,0,15.26,-15.26,-0.2,False
2005-09-25,USC00410569,0,1.28,-1.28,-0.02,False
2005-09-25,USC00410586,48,94.97,-46.97,-0.61,False
2005-09-25,USC00410613,86,152.02,-66.02,-0.86,False
2005-09-25,USC00410639,0,0.0,0.0,0.0,False
2005-09-25,USC00410655,15,12.64,2.36,0.03,False
2005-09-25,USC00410660,0,0.0,0.0,0.0,False
2005-09-25,USC00410690,0,0.0,0.0,0.0,False
2005-09-25,USC00410691,0,0.0,0.0,0.0,False
2005-09-25,USC00410738,0,0.0,0.0,0.0,False
2005-09-25,USC00410805,0,0.0,0.0,0.0,False
2005-09-25,USC00410832,0,0.0,0.0,0.0,False
2005-09-25,USC00411026,0,1.71,-1.71,-0.02,False
2005-09-25,USC00411035,0,0.0,0.0,0.0,False
2005-09-25,USC00411045,0,16.78,-16.78,-0.22,False
2005-09-25,USC00411048,0,13.65,-13.65,-0.18,False
2005-09-25,USC00411089,249,555.42,-306.42,-3.99,True
2005-09-25,USC00411215,0,0.0,0.0,0.0,False
2005-09-25,USC00411246,0,0.61,-0.61,-0.01,False
2005-09-25,USC00411250,0,0.0,0.0,0.0,False
2005-09-25,USC00411253,0,0.0,0.0,0.0,False
2005-09-25,USC00411314,0,8.4,-8.4,-0.11,False
2005-09-25,USC00411337,0,0.0,0.0,0.0,False
2005-09-25,USC00411348,0,0.0,0.0,0.0,False
2005-09-25,USC00411429,0,0.0,0.0,0.0,False
2005-09-25,USC00411433,0,0.0,0.0,0.0,False
2005-09-25,USC00411541,0,0.0,0.0,0.0,False
2005-09-25,USC00411578,2101,965.57,1135.43,14.8,True
2005-09-25,USC00411580,0,0.0,0.0,0.0,False
2005-09-25,USC00411596,178,103.99,74.01,0.97,False
2005-09-25,USC00411625,0,0.0,0.0,0.0,False
2005-09-25,USC00411671,0,0.0,0.0,0.0,False
2005-09-25,USC00411711,64,851.91,-787.91,-10.27,True
2005-09-25,USC00411720,0,0.0,0.0,0.0,False
2005-09-25,USC00411800,0,0.0,0.0,0.0,False
2005-09-25,USC00411804,0,0.0,0.0,0.0,False
2005-09-25,USC00411838,0,28.66,-28.66,-0.37,False
2005-09-25,USC00411880,0,0.0,0.0,0.0,False
2005-09-25,USC00411911,0,1.39,-1.39,-0.02,False
2005-09-25,USC00411921,0,170.47,-170.47,-2.22,False
2005-09-25,USC00411956,102,68.32,33.68,0.44,False
2005-09-25,USC00411970,358,221.66,136.34,1.78,False
2005-09-25,USC00411990,0,0.0,0.0,0.0,False
2005-09-25,USC00412011,0,0.0,0.0,0.0,False
2005-09-25,USC00412013,0,0.0,0.0,0.0,False
2005-09-25,USC00412017,0,286.48,-286.48,-3.73,True
2005-09-25,USC00412019,0,28.44,-28.44,-0.37,False
2005-09-25,USC00412020,0,47.25,-47.25,-0.61,False
2005-09-25,USC00412086,0,0.0,0.0,0.0,False
2005-09-25,USC00412088,0,0.0,0.0,0.0,False
2005-09-25,USC00412096,0,0.0,0.0,0.0,False
2005-09-25,USC00412173,0,0.0,0.0,0.0,False
2005-09-25,USC00412206,0,45.77,-45.77,-0.6,False
2005-09-25,USC00412218,91,69.75,21.25,0.28,False
2005-09-25,USC00412225,559,747.63,-188.63,-2.46,False
2005-09-25,USC00412266,0,0.96,-0.96,-0.01,False
2005-09-25,USC00412295,0,0.0,0.0,0.0,False
2005-09-25,USC00412334,0,0.0,0.0,0.0,False
2005-09-25,USC00412404,0,2.16,-2.16,-0.03,False
2005-09-25,USC00412462,0,1.61,-1.61,-0.02,False
2005-09-25,USC00412518,0,0.13,-0.13,-0.0,False
2005-09-25,USC00412585,0,0.0,0.0,0.0,False
2005-09-25,USC00412758,0,0.19,-0.19,-0.0,False
2005-09-25,USC00412770,0,0.0,0.0,0.0,False
2005-09-25,USC00412772,0,365.66,-365.66,-4.76,True
2005-09-25,USC00412786,0,1.84,-1.84,-0.02,False
2005-09-25,USC00412820,0,0.0,0.0,0.0,False
2005-09-25,USC00413047,23,74.99,-51.99,-0.68,False
2005-09-25,USC00413065,0,0.0,0.0,0.0,False
2005-09-25,USC00413080,0,71.19,-71.19,-0.93,False
2005-09-25,USC00413112,0,0.23,-0.23,-0.0,False
2005-09-25,USC00413156,0,0.0,0.0,0.0,False
2005-09-25,USC00413171,0,0.0,0.0,0.0,False
2005-09-25,USC00413183,0,0.25,-0.25,-0.0,False
2005-09-25,USC00413199,0,0.0,0.0,0.0,False
2005-09-25,USC00413201,0,0.0,0.0,0.0,False
2005-09-25,USC00413285,0,0.55,-0.55,-0.01,False
2005-09-25,USC00413289,0,0.0,0.0,0.0,False
2005-09-25,USC00413321,0,24.03,-24.03,-0.31,False
2005-09-25,USC00413340,0,4.09,-4.09,-0.05,False
2005-09-25,USC00413370,0,8.74,-8.74,-0.11,False
2005-09-25,USC00413485,0,0.0,0.0,0.0,False
2005-09-25,USC00413507,0,0.0,0.0,0.0,False
2005-09-25,USC00413508,0,0.0,0.0,0.0,False
2005-09-25,USC00413525,0,0.36,-0.36,-0.0,False
2005-09-25,USC00413546,709,636.05,72.95,0.95,False
2005-09-25,USC00413618,0,0.0,0.0,0.0,False
2005-09-25,USC00413622,0,0.0,0.0,0.0,False
2005-09-25,USC00413624,0,0.0,0.0,0.0,False
2005-09-25,USC00413639,0,0.0,0.0,0.0,False
2005-09-25,USC00413675,0,0.0,0.0,0.0,False
2005-09-25,USC00413685,0,0.0,0.0,0.0,False
2005-09-25,USC00413686,0,0.0,0.0,0.0,False
2005-09-25,USC00413691,0,1.16,-1.16,-0.01,False
2005-09-25,USC00413734,0,113.81,-113.81,-1.48,False
2005-09-25,USC00413846,475,409.02,65.98,0.86,False
2005-09-25,USC00413873,0,0.28,-0.28,-0.0,False
2005-09-25,USC00413877,1087,919.95,167.05,2.18,False
2005-09-25,USC00413884,0,0.0,0.0,0.0,False
2005-09-25,USC00413943,0,0.08,-0.08,0.0,False
2005-09-25,USC00414020,513,580.54,-67.54,-0.88,False
2005-09-25,USC00414077,508,551.18,-43.18,-0.56,False
2005-09-25,USC00414081,1334,807.82,526.18,6.86,True
2005-09-25,USC00414137,0,0.0,0.0,0.0,False
2005-09-25,USC00414182,0,0.72,-0.72,-0.01,False
2005-09-25,USC00414202,663,566.14,96.86,1.26,False
2005-09-25,USC00414321,0,45.07,-45.07,-0.59,False
2005-09-25,USC00414325,25,36.22,-11.22,-0.14,False
2005-09-25,USC00414326,48,46.02,1.98,0.03,False
2005-09-25,USC00414327,0,44.28,-44.28,-0.58,False
2005-09-25,USC00414333,0,37.96,-37.96,-0.49,False
2005-09-25,USC00414343,0,0.0,0.0,0.0,False
2005-09-25,USC00414382,0,62.34,-62.34,-0.81,False
2005-09-25,USC00414390,0,0.0,0.0,0.0,False
2005-09-25,USC00414505,0,0.72,-0.72,-0.01,False
2005-09-25,USC00414517,0,0.0,0.0,0.0,False
2005-09-25,USC00414525,432,569.82,-137.82,-1.79,False
2005-09-25,USC00414531,0,6.8,-6.8,-0.09,False
2005-09-25,USC00414556,0,0.0,0.0,0.0,False
2005-09-25,USC00414563,15,243.58,-228.58,-2.98,False
2005-09-25,USC00414575,0,0.0,0.0,0.0,False
2005-09-25,USC00414597,0,4.99,-4.99,-0.06,False
2005-09-25,USC00414605,0,0.0,0.0,0.0,False
2005-09-25,USC00414679,0,0.64,-0.64,-0.01,False
2005-09-25,USC00414693,1582,1027.55,554.45,7.23,True
2005-09-25,USC00414696,0,0.0,0.0,0.0,False
2005-09-25,USC00414704,0,35.04,-35.04,-0.46,False
2005-09-25,USC00414705,43,57.41,-14.41,-0.19,False
2005-09-25,USC00414708,0,103.58,-103.58,-1.35,False
2005-09-25,USC00414805,0,0.0,0.0,0.0,False
2005-09-25,USC00414810,0,0.0,0.0,0.0,False
2005-09-25,USC00414866,0,0.0,0.0,0.0,False
2005-09-25,USC00414903,0,0.39,-0.39,-0.0,False
2005-09-25,USC00414911,0,0.19,-0.19,-0.0,False
2005-09-25,USC00414972,0,0.0,0.0,0.0,False
2005-09-25,USC00414976,465,394.62,70.38,0.92,False
2005-09-25,USC00414980,0,182.41,-182.41,-2.38,False
2005-09-25,USC00415018,0,0.0,0.0,0.0,False
2005-09-25,USC00415094,0,28.19,-28.19,-0.37,False
2005-09-25,USC00415116,0,0.0,0.0,0.0,False
2005-09-25,USC00415192,0,2.59,-2.59,-0.03,False
2005-09-25,USC00415193,0,0.22,-0.22,-0.0,False
2005-09-25,USC00415229,940,919.6,20.4,0.27,False
2005-09-25,USC00415271,0,145.0,-145.0,-1.89,False
2005-09-25,USC00415285,0,0.0,0.0,0.0,False
2005-09-25,USC00415341,1422,827.98,594.02,7.74,True
2005-09-25,USC00415344,1001,940.14,60.86,0.79,False
2005-09-25,USC00415415,803,517.17,285.83,3.73,True
2005-09-25,USC00415429,0,0.0,0.0,0.0,False
2005-09-25,USC00415430,0,0.0,0.0,0.0,False
2005-09-25,USC00415477,142,52.64,89.36,1.17,False
2005-09-25,USC00415611,0,6.49,-6.49,-0.08,False
2005-09-25,USC00415618,1036,1076.65,-40.65,-0.53,False
2005-09-25,USC00415659,0,0.57,-0.57,-0.01,False
2005-09-25,USC00415661,0,0.0,0.0,0.0,False
2005-09-25,USC00415701,0,0.07,-0.07,0.0,False
2005-09-25,USC00415721,0,0.16,-0.16,-0.0,False
2005-09-25,USC00415757,0,0.0,0.0,0.0,False
2005-09-25,USC00415766,0,6.37,-6.37,-0.08,False
2005-09-25,USC00415836,0,0.12,-0.12,-0.0,False
2005-09-25,USC00415845,0,0.0,0.0,0.0,False
2005-09-25,USC00415897,0,5.33,-5.33,-0.07,False
2005-09-25,USC00415904,0,132.38,-132.38,-1.72,False
2005-09-25,USC00415954,541,393.44,147.56,1.93,False
2005-09-25,USC00416024,224,55.74,168.26,2.19,False
2005-09-25,USC00416058,0,0.0,0.0,0.0,False
2005-09-25,USC00416060,0,0.0,0.0,0.0,False
2005-09-25,USC00416108,0,619.19,-619.19,-8.07,True
2005-09-25,USC00416119,460,441.17,18.83,0.25,False
2005-09-25,USC00416177,1143,714.48,428.52,5.59,True
2005-09-25,USC00416210,0,15.42,-15.42,-0.2,False
2005-09-25,USC00416265,2167,805.76,1361.24,17.75,True
2005-09-25,USC00416276,0,0.0,0.0,0.0,False
2005-09-25,USC00416280,1100,26.97,1073.03,13.99,True
2005-09-25,USC00416331,0,0.0,0.0,0.0,False
2005-09-25,USC00416367,0,0.0,0.0,0.0,False
2005-09-25,USC00416368,0,0.0,0.0,0.0,False
2005-09-25,USC00416496,361,153.28,207.72,2.71,False
2005-09-25,USC00416739,0,0.0,0.0,0.0,False
2005-09-25,USC00416766,0,0.0,0.0,0.0,False
2005-09-25,USC00417017,0,0.0,0.0,0.0,False
2005-09-25,USC00417111,0,0.0,0.0,0.0,False
2005-09-25,USC00417140,0,0.0,0.0,0.0,False
2005-09-25,USC00417170,0,0.0,0.0,0.0,False
2005-09-25,USC00417179,0,0.08,-0.08,0.0,False
2005-09-25,USC00417184,0,0.15,-0.15,-0.0,False
2005-09-25,USC00417186,0,0.0,0.0,0.0,False
2005-09-25,USC00417300,0,0.0,0.0,0.0,False
2005-09-25,USC00417365,465,433.18,31.82,0.42,False
2005-09-25,USC00417388,0,0.0,0.0,0.0,False
2005-09-25,USC00417458,0,0.23,-0.23,-0.0,False
2005-09-25,USC00417530,0,0.0,0.0,0.0,False
2005-09-25,USC00417533,0,0.0,0.0,0.0,False
2005-09-25,USC00417550,0,0.0,0.0,0.0,False
2005-09-25,USC00417586,0,73.56,-73.56,-0.96,False
2005-09-25,USC00417588,0,8.81,-8.81,-0.11,False
2005-09-25,USC00417594,20,24.81,-4.81,-0.06,False
2005-09-25,USC00417659,0,0.61,-0.61,-0.01,False
2005-09-25,USC00417677,0,0.0,0.0,0.0,False
2005-09-25,USC00417685,0,0.0,0.0,0.0,False
2005-09-25,USC00417704,0,0.0,0.0,0.0,False
2005-09-25,USC00417707,0,40.56,-40.56,-0.53,False
2005-09-25,USC00417744,0,2.79,-2.79,-0.03,False
2005-09-25,USC00417773,0,34.2,-34.2,-0.44,False
2005-09-25,USC00417787,0,0.0,0.0,0.0,False
2005-09-25,USC00417791,0,0.0,0.0,0.0,False
2005-09-25,USC00417836,0,0.0,0.0,0.0,False
2005-09-25,USC00417841,577,583.3,-6.3,-0.08,False
2005-09-25,USC00417936,61,358.0,-297.0,-3.87,True
2005-09-25,USC00417947,0,0.0,0.0,0.0,False
2005-09-25,USC00417981,0,0.17,-0.17,-0.0,False
2005-09-25,USC00417983,0,0.0,0.0,0.0,False
2005-09-25,USC00418050,0,0.11,-0.11,0.0,False
2005-09-25,USC00418059,0,0.17,-0.17,-0.0,False
2005-09-25,USC00418081,0,0.12,-0.12,-0.0,False
2005-09-25,USC00418126,0,0.35,-0.35,-0.0,False
2005-09-25,USC00418187,0,0.0,0.0,0.0,False
2005-09-25,USC00418415,0,0.23,-0.23,-0.0,False
2005-09-25,USC00418446,0,10.07,-10.07,-0.13,False
2005-09-25,USC00418487,0,0.11,-0.11,0.0,False
2005-09-25,USC00418519,0,0.78,-0.78,-0.01,False
2005-09-25,USC00418531,0,0.0,0.0,0.0,False
2005-09-25,USC00418544,0,0.0,0.0,0.0,False
2005-09-25,USC00418646,0,0.0,0.0,0.0,False
2005-09-25,USC00418658,0,0.0,0.0,0.0,False
2005-09-25,USC00418696,0,0.0,0.0,0.0,False
2005-09-25,USC00418728,0,9.18,-9.18,-0.12,False
2005-09-25,USC00418743,389,268.02,120.98,1.58,False
2005-09-25,USC00418862,0,0.0,0.0,0.0,False
2005-09-25,USC00418929,66,47.81,18.19,0.24,False
2005-09-25,USC00418942,881,696.63,184.37,2.4,False
2005-09-25,USC00418996,15,24.69,-9.69,-0.12,False
2005-09-25,USC00419001,0,0.0,0.0,0.0,False
2005-09-25,USC00419004,0,22.12,-22.12,-0.29,False
2005-09-25,USC00419007,0,0.0,0.0,0.0,False
2005-09-25,USC00419076,0,51.92,-51.92,-0.68,False
2005-09-25,USC00419099,0,0.0,0.0,0.0,False
2005-09-25,USC00419125,0,45.96,-45.96,-0.6,False
2005-09-25,USC00419153,0,0.0,0.0,0.0,False
2005-09-25,USC00419207,30,474.15,-444.15,-5.79,True
2005-09-25,USC00419361,0,0.0,0.0,0.0,False
2005-09-25,USC00419367,0,0.0,0.0,0.0,False
2005-09-25,USC00419417,0,0.21,-0.21,-0.0,False
2005-09-25,USC00419491,0,40.06,-40.06,-0.52,False
2005-09-25,USC00419504,0,0.0,0.0,0.0,False
2005-09-25,USC00419532,0,0.0,0.0,0.0,False
2005-09-25,USC00419559,0,0.0,0.0,0.0,False
2005-09-25,USC00419593,0,0.35,-0.35,-0.0,False
2005-09-25,USC00419655,0,3.54,-3.54,-0.04,False
2005-09-25,USC00419709,1133,779.1,353.9,4.61,True
2005-09-25,USC00419715,0,0.0,0.0,0.0,False
2005-09-25,USC00419717,0,0.0,0.0,0.0,False
2005-09-25,USC00419754,119,124.17,-5.17,-0.07,False
2005-09-25,USC00419800,376,110.26,265.74,3.47,False
2005-09-25,USC00419815,0,0.0,0.0,0.0,False
2005-09-25,USC00419836,368,462.67,-94.67,-1.23,False
2005-09-25,USC00419859,122,115.27,6.73,0.09,False
2005-09-25,USC00419916,904,874.3,29.7,0.39,False
2005-09-25,USC00419953,0,0.0,0.0,0.0,False
2005-09-25,USC00419962,0,0.0,0.0,0.0,False
2005-09-25,USW00003855,36,330.22,-294.22,-3.83,True
2005-09-25,USW00003866,739,263.62,475.38,6.2,True
2005-09-25,USW00003881,147,267.11,-120.11,-1.56,False
2005-09-25,USW00003901,0,988.41,-988.41,-12.88,True
2005-09-25,USW00003904,0,21.19,-21.19,-0.27,False
2005-09-25,USW00003927,0,4.3,-4.3,-0.05,False
2005-09-25,USW00003937,0,194.59,-194.59,-2.53,False
2005-09-25,USW00003940,475,347.55,127.45,1.66,False
2005-09-25,USW00003951,879,851.61,27.39,0.36,False
2005-09-25,USW00003969,0,0.0,0.0,0.0,False
2005-09-25,USW00003971,0,5.93,-5.93,-0.08,False
2005-09-25,USW00003991,0,0.77,-0.77,-0.01,False
2005-09-25,USW00003996,198,838.64,-640.64,-8.35,True
2005-09-25,USW00003999,0,0.0,0.0,0.0,False
2005-09-25,USW00012904,0,0.08,-0.08,0.0,False
2005-09-25,USW00012912,0,0.0,0.0,0.0,False
2005-09-25,USW00012916,0,66.67,-66.67,-0.87,False
2005-09-25,USW00012917,0,73.66,-73.66,-0.96,False
2005-09-25,USW00012918,0,44.13,-44.13,-0.57,False
2005-09-25,USW00012921,0,0.0,0.0,0.0,False
2005-09-25,USW00012923,0,7.53,-7.53,-0.1,False
2005-09-25,USW00012924,0,0.0,0.0,0.0,False
2005-09-25,USW00012926,0,0.0,0.0,0.0,False
2005-09-25,USW00012930,0,37.52,-37.52,-0.49,False
2005-09-25,USW00012932,0,0.0,0.0,0.0,False
2005-09-25,USW00012935,0,0.0,0.0,0.0,False
2005-09-25,USW00012957,0,0.08,-0.08,0.0,False
2005-09-25,USW00012959,0,0.06,-0.06,0.0,False
2005-09-25,USW00012960,0,81.16,-81.16,-1.06,False
2005-09-25,USW00012970,0,0.0,0.0,0.0,False
2005-09-25,USW00012971,0,0.0,0.0,0.0,False
2005-09-25,USW00012972,0,0.0,0.0,0.0,False
2005-09-25,USW00012976,0,3.92,-3.92,-0.05,False
2005-09-25,USW00012977,0,9.18,-9.18,-0.12,False
2005-09-25,USW00012987,3,0.0,3.0,0.04,False
2005-09-25,USW00013833,0,43.13,-43.13,-0.56,False
2005-09-25,USW00013865,602,206.82,395.18,5.15,True
2005-09-25,USW00013894,20,294.07,-274.07,-3.57,True
2005-09-25,USW00013899,28,255.49,-227.49,-2.96,False
2005-09-25,USW00013904,0,0.0,0.0,0.0,False
2005-09-25,USW00013911,0,0.0,0.0,0.0,False
2005-09-25,USW00013927,559,398.21,160.79,2.1,False
2005-09-25,USW00013935,0,725.82,-725.82,-9.46,True
2005-09-25,USW00013939,792,1032.85,-240.85,-3.14,False
2005-09-25,USW00013942,3,697.57,-694.57,-9.05,True
2005-09-25,USW00013957,3,1205.67,-1202.67,-15.68,True
2005-09-25,USW00013958,0,0.0,0.0,0.0,False
2005-09-25,USW00013959,0,0.2,-0.2,-0.0,False
2005-09-25,USW00013960,0,7.12,-7.12,-0.09,False
2005-09-25,USW00013961,0,0.51,-0.51,-0.01,False
2005-09-25,USW00013970,0,314.2,-314.2,-4.09,True
2005-09-25,USW00013972,0,410.26,-410.26,-5.35,True
2005-09-25,USW00013976,0,283.52,-283.52,-3.69,True
2005-09-25,USW00013977,3,1012.7,-1009.7,-13.16,True
2005-09-25,USW00013978,813,528.43,284.57,3.71,True
2005-09-25,USW00053820,84,638.84,-554.84,-7.23,True
2005-09-25,USW00053858,5,158.01,-153.01,-1.99,False
2005-09-25,USW00053865,0,32.33,-32.33,-0.42,False
2005-09-25,USW00053902,0,93.47,-93.47,-1.22,False
2005-09-25,USW00053903,5,64.91,-59.91,-0.78,False
2005-09-25,USW00053905,10,1261.35,-1251.35,-16.31,True
2005-09-25,USW00053907,0,1.18,-1.18,-0.01,False
2005-09-25,USW00053909,0,0.59,-0.59,-0.01,False
2005-09-25,USW00053910,0,52.9,-52.9,-0.69,False
2005-09-25,USW00053911,0,67.36,-67.36,-0.88,False
2005-09-25,USW00053912,0,37.2,-37.2,-0.48,False
2005-09-25,USW00053914,0,6.37,-6.37,-0.08,False
2005-09-25,USW00053915,0,200.03,-200.03,-2.61,False
2005-09-25,USW00053960,0,170.48,-170.48,-2.22,False
2005-09-25,USW00053961,0,784.47,-784.47,-10.22,True
2005-09-25,USW00053968,2,280.11,-278.11,-3.62,True
2005-09-25,USW00063831,810,187.15,622.85,8.12,True
2005-09-25,USW00063858,267,304.74,-37.74,-0.49,False
2005-09-25,USW00093806,467,124.06,342.94,4.47,True
2005-09-25,USW00093841,208,447.68,-239.68,-3.12,False
2005-09-25,USW00093874,0,28.85,-28.85,-0.37,False
2005-09-25,USW00093914,335,266.84,68.16,0.89,False
2005-09-25,USW00093915,51,603.89,-552.89,-7.21,True
2005-09-25,USW00093919,5,232.88,-227.88,-2.97,False
2005-09-25,USW00093985,0,0.0,0.0,0.0,False
2005-09-25,USW00093987,0,483.88,-483.88,-6.31,True
2005-09-25,USW00093992,97,951.37,-854.37,-11.14,True
2005-09-26,US1TXDA0001,0,2.83,-2.83,-1.97,False
2005-09-26,US1TXMTG001,0,0.0,0.0,0.08,False
2005-09-26,US1TXUP0001,0,7.32,-7.32,-5.23,True
2005-09-26,USC00010140,442,628.86,-186.86,-135.28,True
2005-09-26,USC00010178,660,638.42,21.58,15.71,True
2005-09-26,USC00010184,843,596.56,246.44,178.6,True
2005-09-26,USC00010402,5,515.47,-510.47,-369.7,True
2005-09-26,USC00010505,660,465.27,194.73,141.14,True
2005-09-26,USC00010583,51,386.63,-335.63,-243.05,True
2005-09-26,USC00010764,279,503.48,-224.48,-162.53,True
2005-09-26,USC00011080,218,505.0,-287.0,-207.82,True
2005-09-26,USC00011084,102,509.15,-407.15,-294.86,True
2005-09-26,USC00011143,0,584.47,-584.47,-423.3,True
2005-09-26,USC00011566,152,496.5,-344.5,-249.47,True
2005-09-26,USC00011690,1044,411.8,632.2,458.03,True
2005-09-26,USC00011803,79,117.91,-38.91,-28.11,True
2005-09-26,USC00011810,274,575.52,-301.52,-218.34,True
2005-09-26,USC00012245,1077,646.57,430.43,311.87,True
2005-09-26,USC00012813,112,294.59,-182.59,-132.19,True
2005-09-26,USC00013160,965,627.79,337.21,244.35,True
2005-09-26,USC00013511,648,632.93,15.07,11.0,True
2005-09-26,USC00013930,483,485.59,-2.59,-1.8,False
2005-09-26,USC00014193,719,411.3,307.7,222.97,True
2005-09-26,USC00014798,508,700.12,-192.12,-139.09,True
2005-09-26,USC00015121,737,613.02,123.98,89.89,True
2005-09-26,USC00015420,462,600.64,-138.64,-100.35,True
2005-09-26,USC00016847,1097,567.86,529.14,383.38,True
2005-09-26,USC00016988,89,375.12,-286.12,-207.18,True
2005-09-26,USC00017366,406,653.17,-247.17,-178.97,True
2005-09-26,USC00018178,409,602.8,-193.8,-140.31,True
2005-09-26,USC00018380,521,323.12,197.88,143.42,True
2005-09-26,USC00018385,564,368.46,195.54,141.72,True
2005-09-26,USC00018446,853,593.72,259.28,187.89,True
2005-09-26,USC00018637,914,401.63,512.37,371.23,True
2005-09-26,USC00018673,709,616.59,92.41,67.02,True
2005-09-26,USC00018809,739,517.55,221.45,160.49,True
2005-09-26,USC00018867,300,545.44,-245.44,-177.72,True
2005-09-26,USC00031140,36,5.78,30.22,21.97,True
2005-09-26,USC00031730,13,5.58,7.42,5.45,True
2005-09-26,USC00032355,51,56.94,-5.94,-4.23,True
2005-09-26,USC00032475,8,6.49,1.51,1.17,False
2005-09-26,USC00034185,0,5.81,-5.81,-4.13,True
2005-09-26,USC00034548,41,4.26,36.74,26.69,True
2005-09-26,USC00034936,5,13.01,-8.01,-5.73,True
2005-09-26,USC00035866,0,11.88,-11.88,-8.53,True
2005-09-26,USC00086999,1313,818.6,494.4,358.21,True
2005-09-26,USC00160007,0,0.14,-0.14,-0.02,False
2005-09-26,USC00160016,0,0.94,-0.94,-0.6,False
2005-09-26,USC00160021,0,0.95,-0.95,-0.61,False
2005-09-26,USC00160098,0,13.82,-13.82,-9.93,True
2005-09-26,USC00160103,0,12.15,-12.15,-8.72,True
2005-09-26,USC00160205,0,1.6,-1.6,-1.08,False
2005-09-26,USC00160238,0,6.48,-6.48,-4.62,True
2005-09-26,USC00160277,0,14.82,-14.82,-10.66,True
2005-09-26,USC00160349,0,13.34,-13.34,-9.59,True
2005-09-26,USC00160462,0,2.73,-2.73,-1.9,False
2005-09-26,USC00160537,0,14.9,-14.9,-10.72,True
2005-09-26,USC00160546,0,8.81,-8.81,-6.31,True
2005-09-26,USC00160548,0,2.95,-2.95,-2.06,False
2005-09-26,USC00160558,0,3.47,-3.47,-2.44,False
2005-09-26,USC00160565,0,1.58,-1.58,-1.07,False
2005-09-26,USC00160617,0,1.07,-1.07,-0.7,False
2005-09-26,USC00160718,0,2.86,-2.86,-1.99,False
2005-09-26,USC00160800,38,11.37,26.63,19.37,True
2005-09-26,USC00161200,0,1.32,-1.32,-0.88,False
2005-09-26,USC00161232,0,13.81,-13.81,-9.93,True
2005-09-26,USC00161235,0,12.75,-12.75,-9.16,True
2005-09-26,USC00161246,0,2.33,-2.33,-1.61,False
2005-09-26,USC00161287,0,0.95,-0.95,-0.61,False
2005-09-26,USC00161365,0,1.37,-1.37,-0.92,False
2005-09-26,USC00161411,0,18.18,-18.18,-13.09,True
2005-09-26,USC00161535,0,0.25,-0.25,-0.1,False
2005-09-26,USC00161565,0,1.7,-1.7,-1.15,False
2005-09-26,USC00161866,0,47.02,-47.02,-33.99,True
2005-09-26,USC00161899,0,2.43,-2.43,-1.69,False
2005-09-26,USC00161941,0,18.18,-18.18,-13.09,True
2005-09-26,USC00161979,0,42.99,-42.99,-31.07,True
2005-09-26,USC00162002,0,1.28,-1.28,-0.85,False
2005-09-26,USC00162121,5,3.78,1.22,0.96,False
2005-09-26,USC00162151,0,1.02,-1.02,-0.66,False
2005-09-26,USC00162212,0,0.07,-0.07,0.02,False
2005-09-26,USC00162350,0,5.22,-5.22,-3.7,True
2005-09-26,USC00162367,25,0.17,24.83,18.07,True
2005-09-26,USC00162534,0,1.37,-1.37,-0.92,False
2005-09-26,USC00162536,0,1.35,-1.35,-0.9,False
2005-09-26,USC00162641,0,2.33,-2.33,-1.61,False
2005-09-26,USC00162812,0,12.27,-12.27,-8.81,True
2005-09-26,USC00162981,0,0.63,-0.63,-0.38,False
2005-09-26,USC00163079,0,16.94,-16.94,-12.19,True
2005-09-26,USC00163165,0,1.03,-1.03,-0.67,False
2005-09-26,USC00163313,0,1.57,-1.57,-1.06,False
2005-09-26,USC00163322,0,2.56,-2.56,-1.78,False
2005-09-26,USC00163433,0,0.0,0.0,0.08,False
2005-09-26,USC00163695,0,1.7,-1.7,-1.15,False
2005-09-26,USC00163800,0,0.24,-0.24,-0.1,False
2005-09-26,USC00163804,0,10.91,-10.91,-7.83,True
2005-09-26,USC00163867,64,0.33,63.67,46.2,True
2005-09-26,USC00163877,0,1.22,-1.22,-0.81,False
2005-09-26,USC00164030,0,1.19,-1.19,-0.79,False
2005-09-26,USC00164034,0,1.29,-1.29,-0.85,False
2005-09-26,USC00164050,0,1.06,-1.06,-0.69,False
2005-09-26,USC00164288,0,0.87,-0.87,-0.55,False
2005-09-26,USC00164355,25,4.38,20.62,15.01,True
2005-09-26,USC00164398,15,1.59,13.41,9.79,True
2005-09-26,USC00164407,0,0.34,-0.34,-0.17,False
2005-09-26,USC00164573,0,2.35,-2.35,-1.62,False
2005-09-26,USC00164592,0,2.68,-2.68,-1.86,False
2005-09-26,USC00164674,3,1.05,1.95,1.49,False
2005-09-26,USC00164696,0,53.09,-53.09,-38.38,True
2005-09-26,USC00164700,0,0.63,-0.63,-0.38,False
2005-09-26,USC00164732,0,17.53,-17.53,-12.62,True
2005-09-26,USC00164735,0,17.34,-17.34,-12.48,True
2005-09-26,USC00164739,25,25.77,-0.77,-0.48,False
2005-09-26,USC00164775,0,0.11,-0.11,0.0,False
2005-09-26,USC00164816,0,1.02,-1.02,-0.66,False
2005-09-26,USC00164859,0,2.02,-2.02,-1.39,False
2005-09-26,USC00164931,0,2.53,-2.53,-1.76,False
2005-09-26,USC00165021,0,0.25,-0.25,-0.1,False
2005-09-26,USC00165072,0,0.45,-0.45,-0.25,False
2005-09-26,USC00165074,0,0.35,-0.35,-0.18,False
2005-09-26,USC00165076,0,0.39,-0.39,-0.21,False
2005-09-26,USC00165090,0,75.41,-75.41,-54.55,True
2005-09-26,USC00165146,0,23.4,-23.4,-16.88,True
2005-09-26,USC00165266,0,1.31,-1.31,-0.87,False
2005-09-26,USC00165287,0,1.66,-1.66,-1.12,False
2005-09-26,USC00165430,0,2.06,-2.06,-1.41,False
2005-09-26,USC00165438,0,2.63,-2.63,-1.83,False
2005-09-26,USC00165522,0,0.0,0.0,0.08,False
2005-09-26,USC00165620,10,1.66,8.34,6.12,True
2005-09-26,USC00165630,0,11.77,-11.77,-8.45,True
2005-09-26,USC00165783,0,1.24,-1.24,-0.82,False
2005-09-26,USC00165874,0,1.01,-1.01,-0.65,False
2005-09-26,USC00165892,0,0.6,-0.6,-0.36,False
2005-09-26,USC00165896,0,0.47,-0.47,-0.26,False
2005-09-26,USC00165920,0,13.93,-13.93,-10.01,True
2005-09-26,USC00166244,0,3.62,-3.62,-2.54,False
2005-09-26,USC00166314,0,13.34,-13.34,-9.59,True
2005-09-26,USC00166394,0,1.62,-1.62,-1.1,False
2005-09-26,USC00166431,0,0.39,-0.39,-0.21,False
2005-09-26,USC00166466,0,3.04,-3.04,-2.13,False
2005-09-26,USC00166561,0,1.31,-1.31,-0.87,False
2005-09-26,USC00166582,0,10.9,-10.9,-7.82,True
2005-09-26,USC00166657,0,0.11,-0.11,-0.01,False
2005-09-26,USC00166666,0,0.0,0.0,0.08,False
2005-09-26,USC00166686,0,1.91,-1.91,-1.31,False
2005-09-26,USC00166808,0,2.37,-2.37,-1.64,False
2005-09-26,USC00166836,0,0.88,-0.88,-0.56,False
2005-09-26,USC00166866,5,51.48,-46.48,-33.59,True
2005-09-26,USC00166868,0,25.04,-25.04,-18.06,True
2005-09-26,USC00166911,0,2.62,-2.62,-1.82,False
2005-09-26,USC00166938,0,0.94,-0.94,-0.61,False
2005-09-26,USC00166968,0,0.49,-0.49,-0.28,False
2005-09-26,USC00166978,699,5.3,693.7,502.58,True
2005-09-26,USC00166995,0,0.24,-0.24,-0.1,False
2005-09-26,USC00167096,0,0.18,-0.18,-0.05,False
2005-09-26,USC00167304,0,2.29,-2.29,-1.58,False
2005-09-26,USC00167312,0,39.81,-39.81,-28.76,True
2005-09-26,USC00167344,5,3.62,1.38,1.08,False
2005-09-26,USC00167366,0,2.21,-2.21,-1.52,False
2005-09-26,USC00167425,0,1.1,-1.1,-0.72,False
2005-09-26,USC00167448,3,2.3,0.7,0.58,False
2005-09-26,USC00167590,0,15.53,-15.53,-11.17,True
2005-09-26,USC00167691,0,28.69,-28.69,-20.71,True
2005-09-26,USC00167729,0,16.62,-16.62,-11.96,True
2005-09-26,USC00167732,0,12.89,-12.89,-9.26,True
2005-09-26,USC00167738,0,1.29,-1.29,-0.86,False
2005-09-26,USC00167767,0,1.2,-1.2,-0.79,False
2005-09-26,USC00167924,0,1.27,-1.27,-0.85,False
2005-09-26,USC00168046,0,3.18,-3.18,-2.23,False
2005-09-26,USC00168067,0,16.49,-16.49,-11.87,True
2005-09-26,USC00168094,0,11.47,-11.47,-8.23,True
2005-09-26,USC00168136,0,1.86,-1.86,-1.27,False
2005-09-26,USC00168139,0,2.08,-2.08,-1.43,False
2005-09-26,USC00168163,226,65.51,160.49,116.33,True
2005-09-26,USC00168181,0,0.41,-0.41,-0.22,False
2005-09-26,USC00168436,0,1.19,-1.19,-0.79,False
2005-09-26,USC00168444,0,1.04,-1.04,-0.68,False
2005-09-26,USC00168539,0,0.22,-0.22,-0.08,False
2005-09-26,USC00168683,0,5.58,-5.58,-3.96,True
2005-09-26,USC00168785,0,15.56,-15.56,-11.19,True
2005-09-26,USC00168831,0,0.51,-0.51,-0.29,False
2005-09-26,USC00168861,0,1.7,-1.7,-1.16,False
2005-09-26,USC00168923,0,96.58,-96.58,-69.89,True
2005-09-26,USC00168941,0,0.0,0.0,0.08,False
2005-09-26,USC00168945,0,1.37,-1.37,-0.92,False
2005-09-26,USC00169013,0,1.36,-1.36,-0.91,False
2005-09-26,USC00169074,0,1.09,-1.09,-0.71,False
2005-09-26,USC00169357,0,27.69,-27.69,-19.99,True
2005-09-26,USC00169369,0,1.04,-1.04,-0.67,False
2005-09-26,USC00169392,0,3.34,-3.34,-2.34,False
2005-09-26,USC00169631,0,17.29,-17.29,-12.45,True
2005-09-26,USC00169803,0,25.34,-25.34,-18.28,True
2005-09-26,USC00169804,0,32.18,-32.18,-23.23,True
2005-09-26,USC00169806,0,33.88,-33.88,-24.46,True
2005-09-26,USC00169809,0,23.88,-23.88,-17.22,True
2005-09-26,USC00169930,0,2.95,-2.95,-2.06,False
2005-09-26,USC00169980,0,0.38,-0.38,-0.2,False
2005-09-26,USC00220039,627,596.45,30.55,22.21,True
2005-09-26,USC00220521,0,0.59,-0.59,-0.35,False
2005-09-26,USC00220523,427,396.04,30.96,22.51,True
2005-09-26,USC00220585,53,164.35,-111.35,-80.59,True
2005-09-26,USC00220660,0,339.16,-339.16,-245.61,True
2005-09-26,USC00220792,0,3.94,-3.94,-2.78,False
2005-09-26,USC00220891,1128,608.59,519.41,376.33,True
2005-09-26,USC00221094,0,40.51,-40.51,-29.27,True
2005-09-26,USC00221174,508,431.2,76.8,55.71,True
2005-09-26,USC00221389,617,496.05,120.95,87.69,True
2005-09-26,USC00221489,406,574.47,-168.47,-121.96,True
2005-09-26,USC00221578,0,5.99,-5.99,-4.26,True
2005-09-26,USC00221852,0,220.75,-220.75,-159.83,True
2005-09-26,USC00221860,1011,597.2,413.8,299.83,True
2005-09-26,USC00221865,18,37.84,-19.84,-14.3,True
2005-09-26,USC00221880,221,669.15,-448.15,-324.56,True
2005-09-26,USC00222034,828,710.1,117.9,85.48,True
2005-09-26,USC00222046,826,694.11,131.89,95.62,True
2005-09-26,USC00222385,251,214.81,36.19,26.29,True
2005-09-26,USC00223107,279,517.89,-238.89,-172.97,True
2005-09-26,USC00223340,246,626.49,-380.49,-275.55,True
2005-09-26,USC00223441,0,6.7,-6.7,-4.78,True
2005-09-26,USC00223516,323,455.97,-132.97,-96.25,True
2005-09-26,USC00223605,0,70.07,-70.07,-50.68,True
2005-09-26,USC00223671,0,4.26,-4.26,-3.01,False
2005-09-26,USC00223887,76,62.28,13.72,10.01,True
2005-09-26,USC00223920,0,122.97,-122.97,-89.0,True
2005-09-26,USC00224470,432,220.16,211.84,153.53,True
2005-09-26,USC00224776,1593,491.6,1101.4,797.91,True
2005-09-26,USC00224939,452,337.66,114.34,82.9,True
2005-09-26,USC00224966,0,196.34,-196.34,-142.15,True
2005-09-26,USC00225020,30,41.09,-11.09,-7.96,True
2005-09-26,USC00225062,399,497.01,-98.01,-70.92,True
2005-09-26,USC00225247,0,640.0,-640.0,-463.53,True
2005-09-26,USC00225361,513,648.33,-135.33,-97.96,True
2005-09-26,USC00225611,0,2.85,-2.85,-1.99,False
2005-09-26,USC00225704,0,13.87,-13.87,-9.97,True
2005-09-26,USC00225943,135,252.45,-117.45,-85.0,True
2005-09-26,USC00225987,0,78.34,-78.34,-56.67,True
2005-09-26,USC00226009,38,289.56,-251.56,-182.15,True
2005-09-26,USC00226177,0,34.7,-34.7,-25.06,True
2005-09-26,USC00226294,191,649.58,-458.58,-332.11,True
2005-09-26,USC00226308,747,256.56,490.44,355.34,True
2005-09-26,USC00226513,691,685.16,5.84,4.3,True
2005-09-26,USC00226638,1781,572.45,1208.55,875.53,True
2005-09-26,USC00226640,0,299.79,-299.79,-217.08,True
2005-09-26,USC00226642,0,167.68,-167.68,-121.39,True
2005-09-26,USC00226643,2301,531.57,1769.43,1281.83,True
2005-09-26,USC00226644,737,524.32,212.68,154.14,True
2005-09-26,USC00226894,409,634.69,-225.69,-163.41,True
2005-09-26,USC00226921,0,1.85,-1.85,-1.26,False
2005-09-26,USC00226924,0,3.24,-3.24,-2.27,False
2005-09-26,USC00226926,1791,435.6,1355.4,981.91,True
2005-09-26,USC00227128,10,4.43,5.57,4.11,True
2005-09-26,USC00227132,71,109.91,-38.91,-28.11,True
2005-09-26,USC00227172,15,89.21,-74.21,-53.68,True
2005-09-26,USC00227220,0,57.0,-57.0,-41.22,True
2005-09-26,USC00227276,485,424.52,60.48,43.89,True
2005-09-26,USC00227560,8,200.18,-192.18,-139.14,True
2005-09-26,USC00227595,437,318.14,118.86,86.18,True
2005-09-26,USC00227831,980,232.26,747.74,541.73,True
2005-09-26,USC00227840,0,7.32,-7.32,-5.23,True
2005-09-26,USC00228053,475,570.06,-95.06,-68.78,True
2005-09-26,USC00228374,544,702.27,-158.27,-114.57,True
2005-09-26,USC00228413,0,1.72,-1.72,-1.17,False
2005-09-26,USC00228445,25,57.01,-32.01,-23.11,True
2005-09-26,USC00228556,0,90.8,-90.8,-65.7,True
2005-09-26,USC00228899,658,604.44,53.56,38.87,True
2005-09-26,USC00229048,0,8.7,-8.7,-6.22,True
2005-09-26,USC00229072,41,41.65,-0.65,-0.39,False
2005-09-26,USC00229114,615,593.56,21.44,15.61,True
2005-09-26,USC00229230,345,151.4,193.6,140.32,True
2005-09-26,USC00229326,546,545.01,0.99,0.79,False
2005-09-26,USC00229439,307,483.88,-176.88,-128.05,True
2005-09-26,USC00229597,457,366.03,90.97,65.98,True
2005-09-26,USC00229743,775,566.68,208.32,150.98,True
2005-09-26,USC00229860,508,376.88,131.12,95.05,True
2005-09-26,USC00410144,0,0.0,0.0,0.08,False
2005-09-26,USC00410190,0,0.0,0.0,0.08,False
2005-09-26,USC00410204,0,0.0,0.0,0.08,False
2005-09-26,USC00410206,0,0.0,0.0,0.08,False
2005-09-26,USC00410235,0,0.0,0.0,0.08,False
2005-09-26,USC00410246,0,0.0,0.0,0.08,False
2005-09-26,USC00410257,0,0.0,0.0,0.08,False
2005-09-26,USC00410271,0,0.0,0.0,0.08,False
2005-09-26,USC00410297,0,0.0,0.0,0.08,False
2005-09-26,USC00410305,0,0.0,0.0,0.08,False
2005-09-26,USC00410337,0,1.52,-1.52,-1.02,False
2005-09-26,USC00410345,0,0.35,-0.35,-0.18,False
2005-09-26,USC00410404,0,5.65,-5.65,-4.01,True
2005-09-26,USC00410408,0,8.76,-8.76,-6.27,True
2005-09-26,USC00410431,0,0.0,0.0,0.08,False
2005-09-26,USC00410433,0,0.0,0.0,0.08,False
2005-09-26,USC00410518,0,3.53,-3.53,-2.48,False
2005-09-26,USC00410569,0,0.0,0.0,0.08,False
2005-09-26,USC00410586,0,0.0,0.0,0.08,False
2005-09-26,USC00410611,0,0.0,0.0,0.08,False
2005-09-26,USC00410613,0,0.0,0.0,0.08,False
2005-09-26,USC00410639,0,0.0,0.0,0.08,False
2005-09-26,USC00410655,0,0.0,0.0,0.08,False
2005-09-26,USC00410660,0,0.0,0.0,0.08,False
2005-09-26,USC00410690,0,0.0,0.0,0.08,False
2005-09-26,USC00410691,0,0.0,0.0,0.08,False
2005-09-26,USC00410738,0,0.0,0.0,0.08,False
2005-09-26,USC00410805,0,0.0,0.0,0.08,False
2005-09-26,USC00410832,0,0.0,0.0,0.08,False
2005-09-26,USC00411026,0,1.93,-1.93,-1.32,False
2005-09-26,USC00411035,0,0.0,0.0,0.08,False
2005-09-26,USC00411045,0,0.0,0.0,0.08,False
2005-09-26,USC00411048,0,0.0,0.0,0.08,False
2005-09-26,USC00411089,0,0.0,0.0,0.08,False
2005-09-26,USC00411215,0,0.0,0.0,0.08,False
2005-09-26,USC00411246,0,0.0,0.0,0.08,False
2005-09-26,USC00411250,0,0.0,0.0,0.08,False
2005-09-26,USC00411253,0,0.0,0.0,0.08,False
2005-09-26,USC00411314,0,0.0,0.0,0.08,False
2005-09-26,USC00411337,0,0.0,0.0,0.08,False
2005-09-26,USC00411348,0,0.0,0.0,0.08,False
2005-09-26,USC00411429,0,0.0,0.0,0.08,False
2005-09-26,USC00411433,0,0.0,0.0,0.08,False
2005-09-26,USC00411541,0,0.0,0.0,0.08,False
2005-09-26,USC00411578,0,0.0,0.0,0.08,False
2005-09-26,USC00411580,0,0.0,0.0,0.08,False
2005-09-26,USC00411596,0,0.0,0.0,0.08,False
2005-09-26,USC00411625,0,0.0,0.0,0.08,False
2005-09-26,USC00411671,0,0.0,0.0,0.08,False
2005-09-26,USC00411711,0,0.0,0.0,0.08,False
2005-09-26,USC00411720,0,0.0,0.0,0.08,False
2005-09-26,USC00411800,0,0.0,0.0,0.08,False
2005-09-26,USC00411804,0,0.0,0.0,0.08,False
2005-09-26,USC00411838,0,0.0,0.0,0.08,False
2005-09-26,USC00411880,0,0.0,0.0,0.08,False
2005-09-26,USC00411911,0,0.0,0.0,0.08,False
2005-09-26,USC00411921,0,10.75,-10.75,-7.71,True
2005-09-26,USC00411956,0,0.0,0.0,0.08,False
2005-09-26,USC00411970,0,16.41,-16.41,-11.81,True
2005-09-26,USC00411990,0,0.0,0.0,0.08,False
2005-09-26,USC00412011,0,0.0,0.0,0.08,False
2005-09-26,USC00412013,0,0.0,0.0,0.08,False
2005-09-26,USC00412017,0,0.0,0.0,0.08,False
2005-09-26,USC00412019,0,3.6,-3.6,-2.53,False
2005-09-26,USC00412020,0,4.5,-4.5,-3.18,False
2005-09-26,USC00412086,0,0.0,0.0,0.08,False
2005-09-26,USC00412088,0,0.0,0.0,0.08,False
2005-09-26,USC00412096,0,0.0,0.0,0.08,False
2005-09-26,USC00412114,0,0.0,0.0,0.08,False
2005-09-26,USC00412173,0,0.0,0.0,0.08,False
2005-09-26,USC00412206,0,0.0,0.0,0.08,False
2005-09-26,USC00412218,0,0.0,0.0,0.08,False
2005-09-26,USC00412225,0,15.67,-15.67,-11.27,True
2005-09-26,USC00412266,0,0.0,0.0,0.08,False
2005-09-26,USC00412295,0,0.0,0.0,0.08,False
2005-09-26,USC00412334,0,0.0,0.0,0.08,False
2005-09-26,USC00412404,0,0.0,0.0,0.08,False
2005-09-26,USC00412444,0,0.0,0.0,0.08,False
2005-09-26,USC00412462,0,0.0,0.0,0.08,False
2005-09-26,USC00412518,0,0.26,-0.26,-0.11,False
2005-09-26,USC00412585,0,0.0,0.0,0.08,False
2005-09-26,USC00412758,0,0.38,-0.38,-0.2,False
2005-09-26,USC00412770,0,0.0,0.0,0.08,False
2005-09-26,USC00412772,0,4.35,-4.35,-3.08,False
2005-09-26,USC00412786,0,0.0,0.0,0.08,False
2005-09-26,USC00412820,0,0.0,0.0,0.08,False
2005-09-26,USC00413005,0,0.0,0.0,0.08,False
2005-09-26,USC00413047,0,3.85,-3.85,-2.71,False
2005-09-26,USC00413065,0,0.0,0.0,0.08,False
2005-09-26,USC00413080,0,3.56,-3.56,-2.5,False
2005-09-26,USC00413112,0,0.0,0.0,0.08,False
2005-09-26,USC00413156,0,0.0,0.0,0.08,False
2005-09-26,USC00413171,0,0.0,0.0,0.08,False
2005-09-26,USC00413183,0,0.0,0.0,0.08,False
2005-09-26,USC00413199,0,0.0,0.0,0.08,False
2005-09-26,USC00413201,0,0.0,0.0,0.08,False
2005-09-26,USC00413285,0,0.0,0.0,0.08,False
2005-09-26,USC00413289,0,0.0,0.0,0.08,False
2005-09-26,USC00413321,0,0.0,0.0,0.08,False
2005-09-26,USC00413340,0,0.0,0.0,0.08,False
2005-09-26,USC00413370,0,2.21,-2.21,-1.52,False
2005-09-26,USC00413485,0,0.0,0.0,0.08,False
2005-09-26,USC00413507,0,0.0,0.0,0.08,False
2005-09-26,USC00413508,0,0.0,0.0,0.08,False
2005-09-26,USC00413525,0,0.0,0.0,0.08,False
2005-09-26,USC00413546,0,10.28,-10.28,-7.37,True
2005-09-26,USC00413618,0,0.0,0.0,0.08,False
2005-09-26,USC00413622,0,0.0,0.0,0.08,False
2005-09-26,USC00413624,0,0.0,0.0,0.08,False
2005-09-26,USC00413639,0,0.0,0.0,0.08,False
2005-09-26,USC00413675,0,0.0,0.0,0.08,False
2005-09-26,USC00413685,0,0.0,0.0,0.08,False
2005-09-26,USC00413686,0,0.0,0.0,0.08,False
2005-09-26,USC00413691,0,1.45,-1.45,-0.97,False
2005-09-26,USC00413734,0,4.1,-4.1,-2.9,False
2005-09-26,USC00413846,0,29.73,-29.73,-21.46,True
2005-09-26,USC00413873,0,0.0,0.0,0.08,False
2005-09-26,USC00413877,0,4.23,-4.23,-2.98,False
2005-09-26,USC00413884,0,0.0,0.0,0.08,False
2005-09-26,USC00413941,0,6.83,-6.83,-4.87,True
2005-09-26,USC00413943,0,0.17,-0.17,-0.04,False
2005-09-26,USC00414020,0,9.51,-9.51,-6.82,True
2005-09-26,USC00414077,0,0.57,-0.57,-0.34,False
2005-09-26,USC00414081,0,0.0,0.0,0.08,False
2005-09-26,USC00414137,0,0.0,0.0,0.08,False
2005-09-26,USC00414182,0,0.0,0.0,0.08,False
2005-09-26,USC00414202,0,11.45,-11.45,-8.22,True
2005-09-26,USC00414315,0,0.0,0.0,0.08,False
2005-09-26,USC00414321,0,0.0,0.0,0.08,False
2005-09-26,USC00414325,0,0.0,0.0,0.08,False
2005-09-26,USC00414326,0,0.0,0.0,0.08,False
2005-09-26,USC00414327,0,0.0,0.0,0.08,False
2005-09-26,USC00414333,0,0.0,0.0,0.08,False
2005-09-26,USC00414343,0,0.0,0.0,0.08,False
2005-09-26,USC00414382,0,0.0,0.0,0.08,False
2005-09-26,USC00414390,0,0.0,0.0,0.08,False
2005-09-26,USC00414505,0,0.0,0.0,0.08,False
2005-09-26,USC00414517,0,0.0,0.0,0.08,False
2005-09-26,USC00414525,0,0.0,0.0,0.08,False
2005-09-26,USC00414531,0,0.0,0.0,0.08,False
2005-09-26,USC00414556,0,0.0,0.0,0.08,False
2005-09-26,USC00414563,0,0.63,-0.63,-0.38,False
2005-09-26,USC00414575,0,0.0,0.0,0.08,False
2005-09-26,USC00414597,0,1.79,-1.79,-1.22,False
2005-09-26,USC00414605,0,0.0,0.0,0.08,False
2005-09-26,USC00414679,0,0.0,0.0,0.08,False
2005-09-26,USC00414693,0,5.48,-5.48,-3.89,True
2005-09-26,USC00414696,0,0.0,0.0,0.08,False
2005-09-26,USC00414704,0,0.0,0.0,0.08,False
2005-09-26,USC00414705,0,14.42,-14.42,-10.37,True
2005-09-26,USC00414708,165,0.0,165.0,119.6,True
2005-09-26,USC00414805,0,0.0,0.0,0.08,False
2005-09-26,USC00414810,0,0.0,0.0,0.08,False
2005-09-26,USC00414866,0,0.0,0.0,0.08,False
2005-09-26,USC00414878,0,0.0,0.0,0.08,False
2005-09-26,USC00414903,0,0.0,0.0,0.08,False
2005-09-26,USC00414911,0,0.39,-0.39,-0.2,False
2005-09-26,USC00414972,0,0.0,0.0,0.08,False
2005-09-26,USC00414976,0,11.06,-11.06,-7.93,True
2005-09-26,USC00414980,0,12.55,-12.55,-9.01,True
2005-09-26,USC00415018,0,0.0,0.0,0.08,False
2005-09-26,USC00415094,0,3.2,-3.2,-2.24,False
2005-09-26,USC00415116,0,0.0,0.0,0.08,False
2005-09-26,USC00415192,0,1.67,-1.67,-1.13,False
2005-09-26,USC00415193,0,0.0,0.0,0.08,False
2005-09-26,USC00415229,0,9.59,-9.59,-6.87,True
2005-09-26,USC00415271,0,0.0,0.0,0.08,False
2005-09-26,USC00415285,0,0.0,0.0,0.08,False
2005-09-26,USC00415341,0,4.01,-4.01,-2.83,False
2005-09-26,USC00415344,0,4.49,-4.49,-3.18,False
2005-09-26,USC00415415,0,0.0,0.0,0.08,False
2005-09-26,USC00415429,0,0.0,0.0,0.08,False
2005-09-26,USC00415430,0,0.0,0.0,0.08,False
2005-09-26,USC00415435,0,0.0,0.0,0.08,False
2005-09-26,USC00415477,0,0.0,0.0,0.08,False
2005-09-26,USC00415611,0,0.0,0.0,0.08,False
2005-09-26,USC00415618,0,5.28,-5.28,-3.75,True
2005-09-26,USC00415659,0,0.0,0.0,0.08,False
2005-09-26,USC00415661,0,0.0,0.0,0.08,False
2005-09-26,USC00415701,0,0.13,-0.13,-0.02,False
2005-09-26,USC00415721,0,0.33,-0.33,-0.16,False
2005-09-26,USC00415757,0,0.0,0.0,0.08,False
2005-09-26,USC00415766,0,0.79,-0.79,-0.49,False
2005-09-26,USC00415836,0,0.25,-0.25,-0.1,False
2005-09-26,USC00415845,0,0.0,0.0,0.08,False
2005-09-26,USC00415897,0,1.94,-1.94,-1.33,False
2005-09-26,USC00415904,0,0.0,0.0,0.08,False
2005-09-26,USC00415954,0,9.59,-9.59,-6.87,True
2005-09-26,USC00416024,0,0.0,0.0,0.08,False
2005-09-26,USC00416058,0,0.0,0.0,0.08,False
2005-09-26,USC00416060,0,0.0,0.0,0.08,False
2005-09-26,USC00416108,345,0.0,345.0,249.99,True
2005-09-26,USC00416119,0,31.07,-31.07,-22.43,True
2005-09-26,USC00416177,0,0.0,0.0,0.08,False
2005-09-26,USC00416210,0,2.9,-2.9,-2.03,False
2005-09-26,USC00416265,0,0.0,0.0,0.08,False
2005-09-26,USC00416270,0,18.91,-18.91,-13.62,True
2005-09-26,USC00416276,0,0.0,0.0,0.08,False
2005-09-26,USC00416280,0,0.0,0.0,0.08,False
2005-09-26,USC00416331,0,0.0,0.0,0.08,False
2005-09-26,USC00416335,0,0.0,0.0,0.08,False
2005-09-26,USC00416341,0,1.07,-1.07,-0.7,False
2005-09-26,USC00416367,0,0.0,0.0,0.08,False
2005-09-26,USC00416368,0,0.0,0.0,0.08,False
2005-09-26,USC00416496,0,0.0,0.0,0.08,False
2005-09-26,USC00416664,0,0.62,-0.62,-0.37,False
2005-09-26,USC00416680,0,0.67,-0.67,-0.41,False
2005-09-26,USC00416739,0,0.0,0.0,0.08,False
2005-09-26,USC00416766,0,0.0,0.0,0.08,False
2005-09-26,USC00417017,0,0.0,0.0,0.08,False
2005-09-26,USC00417040,0,0.58,-0.58,-0.34,False
2005-09-26,USC00417111,0,0.0,0.0,0.08,False
2005-09-26,USC00417140,0,0.0,0.0,0.08,False
2005-09-26,USC00417170,0,0.0,0.0,0.08,False
2005-09-26,USC00417179,0,0.16,-0.16,-0.04,False
2005-09-26,USC00417184,0,0.3,-0.3,-0.14,False
2005-09-26,USC00417186,0,0.0,0.0,0.08,False
2005-09-26,USC00417300,0,0.0,0.0,0.08,False
2005-09-26,USC00417365,0,10.99,-10.99,-7.88,True
2005-09-26,USC00417388,0,0.0,0.0,0.08,False
2005-09-26,USC00417458,0,0.47,-0.47,-0.26,False
2005-09-26,USC00417530,0,0.0,0.0,0.08,False
2005-09-26,USC00417533,0,0.0,0.0,0.08,False
2005-09-26,USC00417550,0,0.0,0.0,0.08,False
2005-09-26,USC00417586,0,0.0,0.0,0.08,False
2005-09-26,USC00417588,0,2.39,-2.39,-1.66,False
2005-09-26,USC00417594,0,0.0,0.0,0.08,False
2005-09-26,USC00417659,0,0.0,0.0,0.08,False
2005-09-26,USC00417677,0,0.0,0.0,0.08,False
2005-09-26,USC00417685,0,0.0,0.0,0.08,False
2005-09-26,USC00417704,0,0.0,0.0,0.08,False
2005-09-26,USC00417707,0,3.81,-3.81,-2.68,False
2005-09-26,USC00417744,0,0.0,0.0,0.08,False
2005-09-26,USC00417773,0,5.93,-5.93,-4.22,True
2005-09-26,USC00417787,0,0.0,0.0,0.08,False
2005-09-26,USC00417791,0,0.0,0.0,0.08,False
2005-09-26,USC00417836,0,0.0,0.0,0.08,False
2005-09-26,USC00417841,0,0.0,0.0,0.08,False
2005-09-26,USC00417936,0,0.56,-0.56,-0.33,False
2005-09-26,USC00417947,0,0.0,0.0,0.08,False
2005-09-26,USC00417951,0,0.0,0.0,0.08,False
2005-09-26,USC00417981,0,0.35,-0.35,-0.17,False
2005-09-26,USC00417983,0,0.0,0.0,0.08,False
2005-09-26,USC00418050,0,0.23,-0.23,-0.09,False
2005-09-26,USC00418059,0,0.33,-0.33,-0.16,False
2005-09-26,USC00418081,0,0.22,-0.22,-0.08,False
2005-09-26,USC00418126,0,0.0,0.0,0.08,False
2005-09-26,USC00418187,0,0.0,0.0,0.08,False
2005-09-26,USC00418311,0,0.0,0.0,0.08,False
2005-09-26,USC00418415,0,0.0,0.0,0.08,False
2005-09-26,USC00418446,0,0.0,0.0,0.08,False
2005-09-26,USC00418487,0,0.21,-0.21,-0.08,False
2005-09-26,USC00418519,0,0.0,0.0,0.08,False
2005-09-26,USC00418531,0,0.0,0.0,0.08,False
2005-09-26,USC00418544,0,0.0,0.0,0.08,False
2005-09-26,USC00418646,0,0.0,0.0,0.08,False
2005-09-26,USC00418658,0,0.0,0.0,0.08,False
2005-09-26,USC00418696,0,0.0,0.0,0.08,False
2005-09-26,USC00418728,0,0.0,0.0,0.08,False
2005-09-26,USC00418743,0,14.73,-14.73,-10.59,True
2005-09-26,USC00418862,0,0.0,0.0,0.08,False
2005-09-26,USC00418929,0,7.49,-7.49,-5.35,True
2005-09-26,USC00418942,0,11.07,-11.07,-7.94,True
2005-09-26,USC00418996,0,0.0,0.0,0.08,False
2005-09-26,USC00419001,0,0.0,0.0,0.08,False
2005-09-26,USC00419004,0,0.0,0.0,0.08,False
2005-09-26,USC00419007,0,0.0,0.0,0.08,False
2005-09-26,USC00419076,0,0.0,0.0,0.08,False
2005-09-26,USC00419099,0,0.0,0.0,0.08,False
2005-09-26,USC00419101,0,0.56,-0.56,-0.33,False
2005-09-26,USC00419125,0,3.8,-3.8,-2.67,False
2005-09-26,USC00419153,0,0.0,0.0,0.08,False
2005-09-26,USC00419207,0,7.68,-7.68,-5.49,True
2005-09-26,USC00419361,0,0.0,0.0,0.08,False
2005-09-26,USC00419367,0,0.0,0.0,0.08,False
2005-09-26,USC00419417,0,0.0,0.0,0.08,False
2005-09-26,USC00419491,0,0.0,0.0,0.08,False
2005-09-26,USC00419504,0,0.0,0.0,0.08,False
2005-09-26,USC00419532,0,0.0,0.0,0.08,False
2005-09-26,USC00419559,0,0.0,0.0,0.08,False
2005-09-26,USC00419593,0,0.0,0.0,0.08,False
2005-09-26,USC00419655,0,0.0,0.0,0.08,False
2005-09-26,USC00419709,0,5.83,-5.83,-4.14,True
2005-09-26,USC00419715,0,0.0,0.0,0.08,False
2005-09-26,USC00419717,0,0.0,0.0,0.08,False
2005-09-26,USC00419754,0,0.0,0.0,0.08,False
2005-09-26,USC00419800,0,14.3,-14.3,-10.28,True
2005-09-26,USC00419815,0,0.0,0.0,0.08,False
2005-09-26,USC00419836,0,24.75,-24.75,-17.85,True
2005-09-26,USC00419859,0,3.91,-3.91,-2.75,False
2005-09-26,USC00419898,0,0.0,0.0,0.08,False
2005-09-26,USC00419916,0,10.86,-10.86,-7.79,True
2005-09-26,USC00419953,0,0.0,0.0,0.08,False
2005-09-26,USC00419962,0,0.0,0.0,0.08,False
2005-09-26,USW00003855,490,688.73,-198.73,-143.88,True
2005-09-26,USW00003866,13,694.05,-681.05,-493.27,True
2005-09-26,USW00003881,691,581.26,109.74,79.57,True
2005-09-26,USW00003901,0,3.92,-3.92,-2.76,False
2005-09-26,USW00003904,0,0.0,0.0,0.08,False
2005-09-26,USW00003927,0,1.49,-1.49,-1.0,False
2005-09-26,USW00003937,0,0.53,-0.53,-0.31,False
2005-09-26,USW00003940,0,361.74,-361.74,-261.96,True
2005-09-26,USW00003951,0,3.86,-3.86,-2.72,False
2005-09-26,USW00003969,0,0.0,0.0,0.08,False
2005-09-26,USW00003971,0,2.12,-2.12,-1.46,False
2005-09-26,USW00003991,0,0.0,0.0,0.08,False
2005-09-26,USW00003996,0,148.11,-148.11,-107.21,True
2005-09-26,USW00003999,0,0.0,0.0,0.08,False
2005-09-26,USW00012904,0,0.17,-0.17,-0.05,False
2005-09-26,USW00012912,0,0.0,0.0,0.08,False
2005-09-26,USW00012916,0,1.07,-1.07,-0.7,False
2005-09-26,USW00012917,0,0.0,0.0,0.08,False
2005-09-26,USW00012918,0,0.0,0.0,0.08,False
2005-09-26,USW00012921,0,0.0,0.0,0.08,False
2005-09-26,USW00012923,0,0.0,0.0,0.08,False
2005-09-26,USW00012924,0,0.0,0.0,0.08,False
2005-09-26,USW00012926,0,0.0,0.0,0.08,False
2005-09-26,USW00012928,0,0.0,0.0,0.08,False
2005-09-26,USW00012930,0,0.0,0.0,0.08,False
2005-09-26,USW00012932,0,0.0,0.0,0.08,False
2005-09-26,USW00012935,0,0.0,0.0,0.08,False
2005-09-26,USW00012957,0,0.16,-0.16,-0.04,False
2005-09-26,USW00012959,0,0.13,-0.13,-0.02,False
2005-09-26,USW00012960,0,0.0,0.0,0.08,False
2005-09-26,USW00012970,0,0.0,0.0,0.08,False
2005-09-26,USW00012971,0,0.0,0.0,0.08,False
2005-09-26,USW00012972,0,0.0,0.0,0.08,False
2005-09-26,USW00012975,0,0.0,0.0,0.08,False
2005-09-26,USW00012976,0,0.0,0.0,0.08,False
2005-09-26,USW00012977,0,0.0,0.0,0.08,False
2005-09-26,USW00012987,6,0.0,6.0,4.42,True
2005-09-26,USW00013833,0,114.06,-114.06,-82.55,True
2005-09-26,USW00013865,0,792.61,-792.61,-574.08,True
2005-09-26,USW00013894,0,95.18,-95.18,-68.87,True
2005-09-26,USW00013899,1430,793.86,636.14,460.89,True
2005-09-26,USW00013904,0,0.0,0.0,0.08,False
2005-09-26,USW00013911,0,0.0,0.0,0.08,False
2005-09-26,USW00013927,0,341.42,-341.42,-247.25,True
2005-09-26,USW00013935,0,20.74,-20.74,-14.95,True
2005-09-26,USW00013939,0,41.42,-41.42,-29.93,True
2005-09-26,USW00013942,0,13.02,-13.02,-9.36,True
2005-09-26,USW00013957,0,1.09,-1.09,-0.72,False
2005-09-26,USW00013958,0,0.0,0.0,0.08,False
2005-09-26,USW00013959,0,0.0,0.0,0.08,False
2005-09-26,USW00013960,0,2.06,-2.06,-1.42,False
2005-09-26,USW00013961,0,0.0,0.0,0.08,False
2005-09-26,USW00013970,0,2.88,-2.88,-2.01,False
2005-09-26,USW00013972,0,7.97,-7.97,-5.69,True
2005-09-26,USW00013976,0,0.25,-0.25,-0.11,False
2005-09-26,USW00013977,0,2.41,-2.41,-1.67,False
2005-09-26,USW00013978,0,457.73,-457.73,-331.5,True
2005-09-26,USW00053820,726,493.01,232.99,168.85,True
2005-09-26,USW00053858,0,31.37,-31.37,-22.65,True
2005-09-26,USW00053865,0,0.22,-0.22,-0.08,False
2005-09-26,USW00053902,0,0.0,0.0,0.08,False
2005-09-26,USW00053903,0,0.0,0.0,0.08,False
2005-09-26,USW00053905,0,1.23,-1.23,-0.81,False
2005-09-26,USW00053907,0,1.48,-1.48,-1.0,False
2005-09-26,USW00053909,0,0.0,0.0,0.08,False
2005-09-26,USW00053910,0,0.0,0.0,0.08,False
2005-09-26,USW00053911,0,10.37,-10.37,-7.44,True
2005-09-26,USW00053912,0,3.7,-3.7,-2.6,False
2005-09-26,USW00053914,0,0.79,-0.79,-0.49,False
2005-09-26,USW00053915,0,0.11,-0.11,-0.01,False
2005-09-26,USW00053960,0,0.41,-0.41,-0.22,False
2005-09-26,USW00053968,0,0.0,0.0,0.08,False
2005-09-26,USW00063831,4,692.3,-688.3,-498.52,True
2005-09-26,USW00063858,631,672.8,-41.8,-30.2,True
2005-09-26,USW00093806,28,554.23,-526.23,-381.12,True
2005-09-26,USW00093841,538,631.76,-93.76,-67.84,True
2005-09-26,USW00093874,0,4.05,-4.05,-2.86,False
2005-09-26,USW00093914,0,0.0,0.0,0.08,False
2005-09-26,USW00093915,10,12.77,-2.77,-1.93,False
2005-09-26,USW00093919,0,4.79,-4.79,-3.39,False
2005-09-26,USW00093985,0,0.0,0.0,0.08,False
2005-09-26,USW00093987,0,0.0,0.0,0.08,False
2005-09-26,USW00093992,0,12.72,-12.72,-9.14,True
