Date,ID,Value,Neighbor_Estimate,Residual,Robust_Z,Suspect
2017-08-23,US1LAAC0002,0,53.37,-53.37,-4.05,True
2017-08-23,US1LAAC0003,0,45.73,-45.73,-3.37,False
2017-08-23,US1LAAV0001,117,134.7,-17.7,-0.86,False
2017-08-23,US1LABG0002,0,68.36,-68.36,-5.39,True
2017-08-23,US1LACC0003,191,58.05,132.95,12.62,True
2017-08-23,US1LACC0006,5,44.73,-39.73,-2.83,False
2017-08-23,US1LACC0009,147,58.4,88.6,8.65,True
2017-08-23,US1LACC0018,254,45.76,208.24,19.35,True
2017-08-23,US1LACM0003,0,59.19,-59.19,-4.57,True
2017-08-23,US1LAEB0002,485,290.92,194.08,18.09,True
2017-08-23,US1LAEB0009,0,134.4,-134.4,-11.3,True
2017-08-23,US1LAEB0014,56,196.22,-140.22,-11.82,True
2017-08-23,US1LAEB0023,18,136.15,-118.15,-9.84,True
2017-08-23,US1LAEB0027,249,179.67,69.33,6.93,True
2017-08-23,US1LAEB0031,0,144.22,-144.22,-12.18,True
2017-08-23,US1LAEB0033,579,259.06,319.94,29.35,True
2017-08-23,US1LAEB0041,533,243.24,289.76,26.65,True
2017-08-23,US1LAEB0042,8,122.58,-114.58,-9.52,True
2017-08-23,US1LAEB0046,478,258.0,220.0,20.41,True
2017-08-23,US1LAEB0053,351,230.43,120.57,11.51,True
2017-08-23,US1LAEB0056,23,120.88,-97.88,-8.03,True
2017-08-23,US1LAEB0059,10,120.19,-110.19,-9.13,True
2017-08-23,US1LAEB0060,122,235.37,-113.37,-9.42,True
2017-08-23,US1LAJD0002,38,63.75,-25.75,-1.58,False
2017-08-23,US1LALY0006,28,64.64,-36.64,-2.55,False
2017-08-23,US1LALY0007,10,61.33,-51.33,-3.87,True
2017-08-23,US1LARP0007,0,181.77,-181.77,-15.54,True
2017-08-23,US1LASL0001,0,62.24,-62.24,-4.84,True
2017-08-23,US1LASM0002,0,64.6,-64.6,-5.05,True
2017-08-23,US1LAVM0002,0,36.11,-36.11,-2.51,False
2017-08-23,US1LAVM0004,25,29.68,-4.68,0.31,False
2017-08-23,US1LAWB0002,401,194.19,206.81,19.23,True
2017-08-23,US1LAWF0004,0,109.47,-109.47,-9.07,True
2017-08-23,US1MSAD0004,8,32.11,-24.11,-1.43,False
2017-08-23,US1TXAG0002,0,19.03,-19.03,-0.98,False
2017-08-23,US1TXAG0003,0,3.83,-3.83,0.38,False
2017-08-23,US1TXAG0005,0,3.65,-3.65,0.4,False
2017-08-23,US1TXAG0006,0,4.67,-4.67,0.31,False
2017-08-23,US1TXAG0009,0,4.7,-4.7,0.3,False
2017-08-23,US1TXAS0003,0,13.28,-13.28,-0.46,False
2017-08-23,US1TXAS0005,0,9.65,-9.65,-0.14,False
2017-08-23,US1TXAS0006,0,8.71,-8.71,-0.05,False
2017-08-23,US1TXAS0007,0,8.42,-8.42,-0.03,False
2017-08-23,US1TXBRZ020,0,6.46,-6.46,0.15,False
2017-08-23,US1TXBRZ021,30,6.8,23.2,2.8,False
2017-08-23,US1TXBRZ025,0,12.3,-12.3,-0.38,False
2017-08-23,US1TXBRZ032,0,6.56,-6.56,0.14,False
2017-08-23,US1TXBZS088,0,81.95,-81.95,-6.61,True
2017-08-23,US1TXBZS096,437,53.83,383.17,35.0,True
2017-08-23,US1TXBZS099,0,126.78,-126.78,-10.62,True
2017-08-23,US1TXBZS100,0,151.82,-151.82,-12.86,True
2017-08-23,US1TXBZS102,0,137.21,-137.21,-11.55,True
2017-08-23,US1TXBZS103,0,278.55,-278.55,-24.19,True
2017-08-23,US1TXCLR006,0,15.64,-15.64,-0.67,False
2017-08-23,US1TXFB0005,0,2.92,-2.92,0.46,False
2017-08-23,US1TXFB0012,0,2.93,-2.93,0.46,False
2017-08-23,US1TXFB0018,0,4.43,-4.43,0.33,False
2017-08-23,US1TXFB0022,0,5.21,-5.21,0.26,False
2017-08-23,US1TXFB0032,0,4.88,-4.88,0.29,False
2017-08-23,US1TXFB0053,0,4.42,-4.42,0.33,False
2017-08-23,US1TXGM0007,0,49.76,-49.76,-3.73,True
2017-08-23,US1TXGV0022,0,6.76,-6.76,0.12,False
2017-08-23,US1TXGV0029,0,5.5,-5.5,0.23,False
2017-08-23,US1TXGV0034,0,6.18,-6.18,0.17,False
2017-08-23,US1TXGV0043,10,6.73,3.27,1.02,False
2017-08-23,US1TXGV0044,0,5.79,-5.79,0.21,False
2017-08-23,US1TXGV0046,0,5.24,-5.24,0.26,False
2017-08-23,US1TXGV0049,0,7.28,-7.28,0.07,False
2017-08-23,US1TXGV0051,8,6.14,1.86,0.89,False
2017-08-23,US1TXGV0054,0,7.8,-7.8,0.03,False
2017-08-23,US1TXGV0060,3,8.11,-5.11,0.27,False
2017-08-23,US1TXGV0063,0,16.29,-16.29,-0.73,False
2017-08-23,US1TXGV0064,10,7.08,2.92,0.99,False
2017-08-23,US1TXGV0068,0,7.09,-7.09,0.09,False
2017-08-23,US1TXGV0069,0,8.19,-8.19,-0.01,False
2017-08-23,US1TXGV0070,0,6.58,-6.58,0.14,False
2017-08-23,US1TXGV0071,0,7.19,-7.19,0.08,False
2017-08-23,US1TXHRN005,163,17.58,145.42,13.73,True
2017-08-23,US1TXHRR015,0,5.63,-5.63,0.22,False
2017-08-23,US1TXHRR027,0,3.6,-3.6,0.4,False
2017-08-23,US1TXHRR028,0,7.37,-7.37,0.07,False
2017-08-23,US1TXHRR031,0,12.49,-12.49,-0.39,False
2017-08-23,US1TXHRR032,0,11.14,-11.14,-0.27,False
2017-08-23,US1TXHRR033,0,5.29,-5.29,0.25,False
2017-08-23,US1TXHRR052,0,6.91,-6.91,0.11,False
2017-08-23,US1TXHRR058,0,3.55,-3.55,0.41,False
2017-08-23,US1TXHRR074,0,8.6,-8.6,-0.04,False
2017-08-23,US1TXHRR093,0,7.71,-7.71,0.04,False
2017-08-23,US1TXHRR117,0,8.25,-8.25,-0.01,False
2017-08-23,US1TXHRR119,0,4.98,-4.98,0.28,False
2017-08-23,US1TXHRR122,0,4.61,-4.61,0.31,False
2017-08-23,US1TXHRR124,0,5.15,-5.15,0.26,False
2017-08-23,US1TXHRR139,0,6.5,-6.5,0.14,False
2017-08-23,US1TXHRR162,20,4.46,15.54,2.12,False
2017-08-23,US1TXHRR168,0,14.19,-14.19,-0.54,False
2017-08-23,US1TXHRR170,0,13.14,-13.14,-0.45,False
2017-08-23,US1TXHRR176,0,5.07,-5.07,0.27,False
2017-08-23,US1TXHRR203,0,4.28,-4.28,0.34,False
2017-08-23,US1TXHRR209,0,5.33,-5.33,0.25,False
2017-08-23,US1TXHRR217,0,7.44,-7.44,0.06,False
2017-08-23,US1TXHRR222,0,4.23,-4.23,0.35,False
2017-08-23,US1TXHRR228,0,4.17,-4.17,0.35,False
2017-08-23,US1TXHRR232,0,5.33,-5.33,0.25,False
2017-08-23,US1TXHRR306,0,5.33,-5.33,0.25,False
2017-08-23,US1TXHST003,0,0.84,-0.84,0.65,False
2017-08-23,US1TXJJ0009,0,12.87,-12.87,-0.43,False
2017-08-23,US1TXJJ0010,0,14.31,-14.31,-0.56,False
2017-08-23,US1TXJJ0011,3,10.35,-7.35,0.07,False
2017-08-23,US1TXJS0002,84,36.55,47.45,4.97,True
2017-08-23,US1TXJS0003,0,34.32,-34.32,-2.35,False
2017-08-23,US1TXJS0006,0,28.93,-28.93,-1.86,False
2017-08-23,US1TXLR0013,0,6.07,-6.07,0.18,False
2017-08-23,US1TXLR0014,0,4.51,-4.51,0.32,False
2017-08-23,US1TXLR0015,0,4.53,-4.53,0.32,False
2017-08-23,US1TXMNG014,0,9.34,-9.34,-0.11,False
2017-08-23,US1TXMNG020,0,9.62,-9.62,-0.14,False
2017-08-23,US1TXMNG021,0,6.68,-6.68,0.13,False
2017-08-23,US1TXMNG026,0,9.29,-9.29,-0.11,False
2017-08-23,US1TXMNG030,0,8.64,-8.64,-0.05,False
2017-08-23,US1TXMNG031,0,12.45,-12.45,-0.39,False
2017-08-23,US1TXMNG035,0,9.33,-9.33,-0.11,False
2017-08-23,US1TXMNG051,0,10.72,-10.72,-0.23,False
2017-08-23,US1TXMNG061,0,10.66,-10.66,-0.23,False
2017-08-23,US1TXMNG063,0,5.57,-5.57,0.23,False
2017-08-23,US1TXMNG064,0,4.97,-4.97,0.28,False
2017-08-23,US1TXOR0001,0,21.19,-21.19,-1.17,False
2017-08-23,US1TXOR0006,0,23.91,-23.91,-1.41,False
2017-08-23,US1TXPL0018,0,5.41,-5.41,0.24,False
2017-08-23,US1TXPL0027,0,4.48,-4.48,0.32,False
2017-08-23,US1TXPL0035,0,4.58,-4.58,0.31,False
2017-08-23,US1TXSA0001,0,26.13,-26.13,-1.61,False
2017-08-23,US1TXSB0001,0,26.32,-26.32,-1.63,False
2017-08-23,US1TXSJ0010,0,3.68,-3.68,0.4,False
2017-08-23,US1TXSJ0011,0,4.05,-4.05,0.36,False
2017-08-23,US1TXTR0003,8,16.33,-8.33,-0.02,False
2017-08-23,US1TXTR0012,5,21.66,-16.66,-0.77,False
2017-08-23,US1TXTR0013,0,26.0,-26.0,-1.6,False
2017-08-23,US1TXTT0003,20,6.3,13.7,1.95,False
2017-08-23,US1TXTT0006,0,3.22,-3.22,0.44,False
2017-08-23,US1TXWA0006,0,7.68,-7.68,0.04,False
2017-08-23,US1TXWA0009,0,7.73,-7.73,0.03,False
2017-08-23,US1TXWA0010,0,11.46,-11.46,-0.3,False
2017-08-23,US1TXWA0012,0,19.5,-19.5,-1.02,False
2017-08-23,US1TXWA0014,0,18.2,-18.2,-0.9,False
2017-08-23,US1TXWA0017,0,35.62,-35.62,-2.46,False
2017-08-23,US1TXWA0024,0,17.53,-17.53,-0.84,False
2017-08-23,US1TXWH0001,0,4.96,-4.96,0.28,False
2017-08-23,US1TXWH0002,0,4.79,-4.79,0.3,False
2017-08-23,US1TXWH0004,0,2.97,-2.97,0.46,False
2017-08-23,US1TXWH0009,0,6.68,-6.68,0.13,False
2017-08-23,US1TXWH0011,0,3.34,-3.34,0.43,False
2017-08-23,US1TXWH0018,0,6.81,-6.81,0.12,False
2017-08-23,US1TXWK0003,0,14.85,-14.85,-0.6,False
2017-08-23,US1TXWK0005,0,9.52,-9.52,-0.13,False
2017-08-23,US1TXWK0012,0,7.23,-7.23,0.08,False
2017-08-23,US1TXWK0013,0,8.37,-8.37,-0.02,False
2017-08-23,US1TXWK0018,0,7.19,-7.19,0.08,False
2017-08-23,US1TXWK0021,0,11.57,-11.57,-0.31,False
2017-08-23,US1TXWK0026,0,9.91,-9.91,-0.16,False
2017-08-23,US1TXWL0009,0,10.99,-10.99,-0.26,False
2017-08-23,USC00160007,5,40.32,-35.32,-2.43,False
2017-08-23,USC00160098,0,130.7,-130.7,-10.97,True
2017-08-23,USC00160103,521,29.82,491.18,44.67,True
2017-08-23,USC00160462,71,139.64,-68.64,-5.42,True
2017-08-23,USC00160548,493,263.42,229.58,21.26,True
2017-08-23,USC00160558,18,181.79,-163.79,-13.93,True
2017-08-23,USC00160565,196,132.07,63.93,6.44,True
2017-08-23,USC00160658,3,66.79,-63.79,-4.98,True
2017-08-23,USC00161232,5,88.17,-83.17,-6.72,True
2017-08-23,USC00161287,191,92.19,98.81,9.56,True
2017-08-23,USC00161535,0,63.58,-63.58,-4.96,True
2017-08-23,USC00161565,0,165.14,-165.14,-14.05,True
2017-08-23,USC00162212,0,42.21,-42.21,-3.05,False
2017-08-23,USC00162534,0,144.81,-144.81,-12.23,True
2017-08-23,USC00163313,0,103.31,-103.31,-8.52,True
2017-08-23,USC00163800,5,60.31,-55.31,-4.22,True
2017-08-23,USC00163979,0,48.61,-48.61,-3.62,True
2017-08-23,USC00164288,18,47.85,-29.85,-1.95,False
2017-08-23,USC00164674,20,84.04,-64.04,-5.0,True
2017-08-23,USC00164700,0,60.2,-60.2,-4.66,True
2017-08-23,USC00164739,165,65.5,99.5,9.63,True
2017-08-23,USC00164775,8,31.77,-23.77,-1.4,False
2017-08-23,USC00165065,0,64.48,-64.48,-5.04,True
2017-08-23,USC00165074,51,58.98,-7.98,0.01,False
2017-08-23,USC00165076,30,66.6,-36.6,-2.55,False
2017-08-23,USC00165266,56,61.77,-5.77,0.21,False
2017-08-23,USC00165296,366,29.03,336.97,30.87,True
2017-08-23,USC00165620,366,245.19,120.81,11.53,True
2017-08-23,USC00165920,64,82.8,-18.8,-0.96,False
2017-08-23,USC00166394,117,126.32,-9.32,-0.11,False
2017-08-23,USC00166431,23,62.75,-39.75,-2.83,False
2017-08-23,USC00166434,94,52.83,41.17,4.41,True
2017-08-23,USC00166561,0,139.54,-139.54,-11.76,True
2017-08-23,USC00166686,0,105.53,-105.53,-8.72,True
2017-08-23,USC00166808,20,129.26,-109.26,-9.05,True
2017-08-23,USC00166938,292,57.57,234.43,21.7,True
2017-08-23,USC00166968,51,65.06,-14.06,-0.53,False
2017-08-23,USC00166995,38,76.25,-38.25,-2.7,False
2017-08-23,USC00167366,254,199.35,54.65,5.61,True
2017-08-23,USC00167448,0,243.21,-243.21,-21.03,True
2017-08-23,USC00167932,445,50.06,394.94,36.06,True
2017-08-23,USC00168136,5,98.79,-93.79,-7.67,True
2017-08-23,USC00168181,48,31.02,16.98,2.24,False
2017-08-23,USC00168831,0,45.52,-45.52,-3.35,False
2017-08-23,USC00169074,0,30.46,-30.46,-2.0,False
2017-08-23,USC00169369,13,55.06,-42.06,-3.04,False
2017-08-23,USC00169376,0,34.01,-34.01,-2.32,False
2017-08-23,USC00223441,8,133.57,-125.57,-10.51,True
2017-08-23,USC00410235,0,8.1,-8.1,0.0,False
2017-08-23,USC00410569,0,9.83,-9.83,-0.15,False
2017-08-23,USC00410586,0,6.5,-6.5,0.14,False
2017-08-23,USC00410611,0,15.49,-15.49,-0.66,False
2017-08-23,USC00410613,0,10.2,-10.2,-0.19,False
2017-08-23,USC00410655,0,14.54,-14.54,-0.58,False
2017-08-23,USC00411048,0,17.57,-17.57,-0.85,False
2017-08-23,USC00411596,0,34.46,-34.46,-2.36,False
2017-08-23,USC00411810,0,6.35,-6.35,0.16,False
2017-08-23,USC00411956,0,11.57,-11.57,-0.31,False
2017-08-23,USC00412114,0,0.9,-0.9,0.64,False
2017-08-23,USC00412206,0,9.32,-9.32,-0.11,False
2017-08-23,USC00412266,0,5.62,-5.62,0.22,False
2017-08-23,USC00412676,0,3.4,-3.4,0.42,False
2017-08-23,USC00412786,0,3.34,-3.34,0.43,False
2017-08-23,USC00413340,0,7.27,-7.27,0.07,False
2017-08-23,USC00414325,0,5.26,-5.26,0.25,False
2017-08-23,USC00414327,0,4.68,-4.68,0.31,False
2017-08-23,USC00414333,8,6.11,1.89,0.89,False
2017-08-23,USC00414382,0,7.01,-7.01,0.1,False
2017-08-23,USC00414563,236,19.83,216.17,20.06,True
2017-08-23,USC00414704,0,4.4,-4.4,0.33,False
2017-08-23,USC00414878,30,77.8,-47.8,-3.55,True
2017-08-23,USC00415196,0,6.51,-6.51,0.14,False
2017-08-23,USC00415427,0,3.63,-3.63,0.4,False
2017-08-23,USC00415435,0,22.64,-22.64,-1.3,False
2017-08-23,USC00415477,0,27.38,-27.38,-1.72,False
2017-08-23,USC00415659,0,12.7,-12.7,-0.41,False
2017-08-23,USC00416024,0,6.72,-6.72,0.12,False
2017-08-23,USC00416280,0,5.36,-5.36,0.25,False
2017-08-23,USC00416664,0,29.85,-29.85,-1.95,False
2017-08-23,USC00416680,3,25.06,-22.06,-1.25,False
2017-08-23,USC00417040,0,23.48,-23.48,-1.38,False
2017-08-23,USC00417172,3,11.88,-8.88,-0.07,False
2017-08-23,USC00417594,0,4.61,-4.61,0.31,False
2017-08-23,USC00417936,0,31.89,-31.89,-2.13,False
2017-08-23,USC00418996,0,5.91,-5.91,0.2,False
2017-08-23,USC00419101,0,26.46,-26.46,-1.64,False
2017-08-23,USC00419491,0,21.81,-21.81,-1.23,False
2017-08-23,USC00419605,0,7.83,-7.83,0.02,False
2017-08-23,USC00419655,0,5.03,-5.03,0.28,False
2017-08-23,USW00003904,632,61.98,570.02,51.72,True
2017-08-23,USW00003937,81,64.12,16.88,2.24,False
2017-08-23,USW00003949,64,58.45,5.55,1.22,False
2017-08-23,USW00012917,5,10.82,-5.82,0.2,False
2017-08-23,USW00012918,0,8.65,-8.65,-0.05,False
2017-08-23,USW00012923,18,6.29,11.71,1.77,False
2017-08-23,USW00012935,79,4.87,74.13,7.36,True
2017-08-23,USW00012953,79,3.92,75.08,7.44,True
2017-08-23,USW00012960,38,3.74,34.26,3.79,True
2017-08-23,USW00012968,0,80.89,-80.89,-6.51,True
2017-08-23,USW00012975,290,1.88,288.12,26.5,True
2017-08-23,USW00012976,0,8.46,-8.46,-0.03,False
2017-08-23,USW00012977,0,4.06,-4.06,0.36,False
2017-08-23,USW00012981,3,8.22,-5.22,0.26,False
2017-08-23,USW00013935,8,113.55,-105.55,-8.72,True
2017-08-23,USW00013970,0,163.51,-163.51,-13.9,True
2017-08-23,USW00013976,0,69.19,-69.19,-5.46,True
2017-08-23,USW00053902,102,7.64,94.36,9.17,True
2017-08-23,USW00053903,0,7.76,-7.76,0.03,False
2017-08-23,USW00053910,0,8.28,-8.28,-0.02,False
2017-08-23,USW00053915,0,67.56,-67.56,-5.32,True
2017-08-23,USW00053928,117,15.97,101.03,9.76,True
2017-08-23,USW00053960,0,55.52,-55.52,-4.24,True
2017-08-23,USW00053988,94,78.27,15.73,2.13,False
2017-08-23,USW00093915,0,99.71,-99.71,-8.19,True
2017-08-23,USW00093987,0,5.33,-5.33,0.25,False
2017-08-24,US1LAAC0002,0,35.24,-35.24,-0.55,False
2017-08-24,US1LAAC0003,0,27.72,-27.72,-0.24,False
2017-08-24,US1LAAV0001,0,29.47,-29.47,-0.31,False
2017-08-24,US1LABG0002,23,144.68,-121.68,-4.18,True
2017-08-24,US1LACC0003,25,126.06,-101.06,-3.31,False
2017-08-24,US1LACC0006,155,146.47,8.53,1.28,False
2017-08-24,US1LACC0009,58,135.14,-77.14,-2.31,False
2017-08-24,US1LACC0018,254,197.56,56.44,3.3,False
2017-08-24,US1LACM0003,218,185.84,32.16,2.28,False
2017-08-24,US1LAEB0002,0,20.7,-20.7,0.06,False
2017-08-24,US1LAEB0009,0,21.82,-21.82,0.01,False
2017-08-24,US1LAEB0023,0,18.56,-18.56,0.15,False
2017-08-24,US1LAEB0027,0,16.61,-16.61,0.23,False
2017-08-24,US1LAEB0031,0,18.76,-18.76,0.14,False
2017-08-24,US1LAEB0033,0,26.39,-26.39,-0.18,False
2017-08-24,US1LAEB0041,8,15.84,-7.84,0.6,False
2017-08-24,US1LAEB0042,0,16.22,-16.22,0.25,False
2017-08-24,US1LAEB0046,0,22.84,-22.84,-0.03,False
2017-08-24,US1LAEB0053,0,13.92,-13.92,0.34,False
2017-08-24,US1LAEB0056,0,41.14,-41.14,-0.8,False
2017-08-24,US1LAEB0060,0,13.69,-13.69,0.35,False
2017-08-24,US1LAJD0002,0,93.67,-93.67,-3.0,False
2017-08-24,US1LALY0007,0,9.09,-9.09,0.55,False
2017-08-24,US1LARP0007,668,83.13,584.87,25.47,True
2017-08-24,US1LARP0009,224,159.88,64.12,3.62,True
2017-08-24,US1LASL0001,0,9.23,-9.23,0.54,False
2017-08-24,US1LASM0002,3,10.41,-7.41,0.62,False
2017-08-24,US1LAVM0002,0,18.1,-18.1,0.17,False
2017-08-24,US1LAVM0004,0,2.01,-2.01,0.84,False
2017-08-24,US1LAWB0002,0,29.29,-29.29,-0.3,False
2017-08-24,US1LAWF0004,114,36.18,77.82,4.19,True
2017-08-24,US1MSAD0004,160,51.28,108.72,5.49,True
2017-08-24,US1TXAG0001,0,21.3,-21.3,0.03,False
2017-08-24,US1TXAG0002,0,34.78,-34.78,-0.53,False
2017-08-24,US1TXAG0003,0,19.96,-19.96,0.09,False
2017-08-24,US1TXAG0005,0,18.41,-18.41,0.15,False
2017-08-24,US1TXAG0006,0,24.91,-24.91,-0.12,False
2017-08-24,US1TXAG0009,0,22.25,-22.25,-0.01,False
2017-08-24,US1TXAS0003,0,43.23,-43.23,-0.89,False
2017-08-24,US1TXAS0005,0,28.1,-28.1,-0.25,False
2017-08-24,US1TXAS0006,0,25.8,-25.8,-0.16,False
2017-08-24,US1TXAS0007,0,24.93,-24.93,-0.12,False
2017-08-24,US1TXBRZ018,74,35.23,38.77,2.55,False
2017-08-24,US1TXBRZ020,13,39.57,-26.57,-0.19,False
2017-08-24,US1TXBRZ021,3,31.94,-28.94,-0.29,False
2017-08-24,US1TXBRZ025,0,31.79,-31.79,-0.41,False
2017-08-24,US1TXBRZ032,30,37.83,-7.83,0.6,False
2017-08-24,US1TXBZS040,599,176.28,422.72,18.67,True
2017-08-24,US1TXBZS088,51,189.25,-138.25,-4.88,True
2017-08-24,US1TXBZS096,61,330.86,-269.86,-10.4,True
2017-08-24,US1TXBZS097,358,204.19,153.81,7.38,True
2017-08-24,US1TXBZS099,135,194.99,-59.99,-1.59,False
2017-08-24,US1TXBZS100,673,158.95,514.05,22.5,True
2017-08-24,US1TXBZS102,152,212.98,-60.98,-1.63,False
2017-08-24,US1TXBZS103,493,156.81,336.19,15.04,True
2017-08-24,US1TXBZS104,549,199.73,349.27,15.59,True
2017-08-24,US1TXCLR006,0,37.42,-37.42,-0.64,False
2017-08-24,US1TXCLR010,0,38.0,-38.0,-0.67,False
2017-08-24,US1TXFB0005,0,17.73,-17.73,0.18,False
2017-08-24,US1TXFB0012,0,17.79,-17.79,0.18,False
2017-08-24,US1TXFB0017,48,25.75,22.25,1.86,False
2017-08-24,US1TXFB0018,36,28.84,7.16,1.23,False
2017-08-24,US1TXFB0022,0,23.8,-23.8,-0.07,False
2017-08-24,US1TXFB0032,0,20.49,-20.49,0.07,False
2017-08-24,US1TXFB0053,0,24.84,-24.84,-0.12,False
2017-08-24,US1TXGM0007,559,162.21,396.79,17.58,True
2017-08-24,US1TXGV0009,102,42.65,59.35,3.42,False
2017-08-24,US1TXGV0017,51,49.82,1.18,0.98,False
2017-08-24,US1TXGV0018,20,25.24,-5.24,0.71,False
2017-08-24,US1TXGV0029,15,40.77,-25.77,-0.15,False
2017-08-24,US1TXGV0034,114,43.0,71.0,3.91,True
2017-08-24,US1TXGV0043,0,41.8,-41.8,-0.83,False
2017-08-24,US1TXGV0044,0,42.4,-42.4,-0.85,False
2017-08-24,US1TXGV0046,8,44.54,-36.54,-0.61,False
2017-08-24,US1TXGV0049,0,38.9,-38.9,-0.71,False
2017-08-24,US1TXGV0051,3,39.82,-36.82,-0.62,False
2017-08-24,US1TXGV0054,0,34.29,-34.29,-0.51,False
2017-08-24,US1TXGV0060,0,40.68,-40.68,-0.78,False
2017-08-24,US1TXGV0062,5,30.28,-25.28,-0.13,False
2017-08-24,US1TXGV0064,0,37.43,-37.43,-0.64,False
2017-08-24,US1TXGV0068,0,49.95,-49.95,-1.17,False
2017-08-24,US1TXGV0069,411,33.26,377.74,16.78,True
2017-08-24,US1TXGV0070,244,31.48,212.52,9.85,True
2017-08-24,US1TXGV0071,13,41.03,-28.03,-0.25,False
2017-08-24,US1TXHRN005,25,23.43,1.57,0.99,False
2017-08-24,US1TXHRR004,64,43.91,20.09,1.77,False
2017-08-24,US1TXHRR015,0,22.84,-22.84,-0.03,False
2017-08-24,US1TXHRR027,0,18.94,-18.94,0.13,False
2017-08-24,US1TXHRR028,41,58.68,-17.68,0.18,False
2017-08-24,US1TXHRR031,58,35.84,22.16,1.86,False
2017-08-24,US1TXHRR032,0,32.51,-32.51,-0.44,False
2017-08-24,US1TXHRR033,0,22.42,-22.42,-0.01,False
2017-08-24,US1TXHRR052,36,50.87,-14.87,0.3,False
2017-08-24,US1TXHRR058,0,18.53,-18.53,0.15,False
2017-08-24,US1TXHRR074,0,30.23,-30.23,-0.34,False
2017-08-24,US1TXHRR089,8,34.53,-26.53,-0.19,False
2017-08-24,US1TXHRR093,8,31.98,-23.98,-0.08,False
2017-08-24,US1TXHRR095,25,43.59,-18.59,0.15,False
2017-08-24,US1TXHRR117,0,34.96,-34.96,-0.54,False
2017-08-24,US1TXHRR119,30,27.45,2.55,1.03,False
2017-08-24,US1TXHRR122,114,31.67,82.33,4.38,True
2017-08-24,US1TXHRR124,0,25.55,-25.55,-0.15,False
2017-08-24,US1TXHRR139,13,30.8,-17.8,0.18,False
2017-08-24,US1TXHRR162,84,25.11,58.89,3.4,False
2017-08-24,US1TXHRR164,8,26.78,-18.78,0.14,False
2017-08-24,US1TXHRR168,23,36.12,-13.12,0.38,False
2017-08-24,US1TXHRR170,8,35.38,-27.38,-0.22,False
2017-08-24,US1TXHRR176,8,28.8,-20.8,0.05,False
2017-08-24,US1TXHRR203,0,22.44,-22.44,-0.02,False
2017-08-24,US1TXHRR209,203,22.92,180.08,8.48,True
2017-08-24,US1TXHRR217,142,42.34,99.66,5.11,True
2017-08-24,US1TXHRR222,0,24.17,-24.17,-0.09,False
2017-08-24,US1TXHRR228,0,21.89,-21.89,0.01,False
2017-08-24,US1TXHRR232,43,30.8,12.2,1.44,False
2017-08-24,US1TXHRR306,0,21.71,-21.71,0.02,False
2017-08-24,US1TXHST003,366,315.92,50.08,3.03,False
2017-08-24,US1TXJJ0009,20,69.63,-49.63,-1.16,False
2017-08-24,US1TXJJ0010,0,84.18,-84.18,-2.61,False
2017-08-24,US1TXJJ0011,46,67.96,-21.96,0.01,False
2017-08-24,US1TXJS0003,89,96.32,-7.32,0.62,False
2017-08-24,US1TXJS0006,5,96.64,-91.64,-2.92,False
2017-08-24,US1TXLR0013,0,24.72,-24.72,-0.11,False
2017-08-24,US1TXLR0014,0,20.18,-20.18,0.08,False
2017-08-24,US1TXLR0015,0,20.31,-20.31,0.07,False
2017-08-24,US1TXMDS002,147,127.78,19.22,1.73,False
2017-08-24,US1TXMNG004,0,43.93,-43.93,-0.92,False
2017-08-24,US1TXMNG014,0,34.93,-34.93,-0.54,False
2017-08-24,US1TXMNG020,0,36.72,-36.72,-0.61,False
2017-08-24,US1TXMNG021,0,26.33,-26.33,-0.18,False
2017-08-24,US1TXMNG026,132,34.56,97.44,5.02,True
2017-08-24,US1TXMNG030,0,38.29,-38.29,-0.68,False
2017-08-24,US1TXMNG031,66,40.51,25.49,2.0,False
2017-08-24,US1TXMNG035,0,37.39,-37.39,-0.64,False
2017-08-24,US1TXMNG051,8,40.0,-32.0,-0.42,False
2017-08-24,US1TXMNG061,64,41.73,22.27,1.86,False
2017-08-24,US1TXMNG063,61,21.3,39.7,2.59,False
2017-08-24,US1TXMNG064,0,27.65,-27.65,-0.23,False
2017-08-24,US1TXNW0002,262,133.58,128.42,6.32,True
2017-08-24,US1TXOR0001,198,117.49,80.51,4.31,True
2017-08-24,US1TXOR0006,0,99.75,-99.75,-3.26,False
2017-08-24,US1TXPL0018,53,35.35,17.65,1.67,False
2017-08-24,US1TXPL0027,8,46.56,-38.56,-0.69,False
2017-08-24,US1TXPL0028,64,37.34,26.66,2.05,False
2017-08-24,US1TXPL0035,117,34.46,82.54,4.39,True
2017-08-24,US1TXSA0001,71,39.96,31.04,2.23,False
2017-08-24,US1TXSB0001,0,107.82,-107.82,-3.6,True
2017-08-24,US1TXSJ0010,46,43.53,2.47,1.03,False
2017-08-24,US1TXSJ0011,5,42.19,-37.19,-0.63,False
2017-08-24,US1TXSJ0012,13,46.67,-33.67,-0.49,False
2017-08-24,US1TXTR0003,0,33.11,-33.11,-0.46,False
2017-08-24,US1TXTR0012,38,54.72,-16.72,0.23,False
2017-08-24,US1TXTR0013,5,42.37,-37.37,-0.64,False
2017-08-24,US1TXTT0003,0,81.07,-81.07,-2.48,False
2017-08-24,US1TXTT0006,0,55.85,-55.85,-1.42,False
2017-08-24,US1TXWA0003,0,53.93,-53.93,-1.34,False
2017-08-24,US1TXWA0006,0,25.41,-25.41,-0.14,False
2017-08-24,US1TXWA0009,0,25.6,-25.6,-0.15,False
2017-08-24,US1TXWA0010,0,36.46,-36.46,-0.6,False
2017-08-24,US1TXWA0012,0,60.1,-60.1,-1.6,False
2017-08-24,US1TXWA0014,0,54.21,-54.21,-1.35,False
2017-08-24,US1TXWA0017,74,86.9,-12.9,0.39,False
2017-08-24,US1TXWA0018,81,71.96,9.04,1.31,False
2017-08-24,US1TXWA0024,79,76.46,2.54,1.03,False
2017-08-24,US1TXWH0001,0,10.38,-10.38,0.49,False
2017-08-24,US1TXWH0002,15,8.9,6.1,1.18,False
2017-08-24,US1TXWH0004,0,6.72,-6.72,0.64,False
2017-08-24,US1TXWH0009,0,16.04,-16.04,0.25,False
2017-08-24,US1TXWH0011,0,7.65,-7.65,0.61,False
2017-08-24,US1TXWH0018,5,17.92,-12.92,0.38,False
2017-08-24,US1TXWK0003,0,64.78,-64.78,-1.79,False
2017-08-24,US1TXWK0005,0,44.87,-44.87,-0.96,False
2017-08-24,US1TXWK0012,0,35.78,-35.78,-0.57,False
2017-08-24,US1TXWK0013,0,41.17,-41.17,-0.8,False
2017-08-24,US1TXWK0018,0,35.17,-35.17,-0.55,False
2017-08-24,US1TXWK0021,0,61.0,-61.0,-1.63,False
2017-08-24,US1TXWK0025,43,36.1,6.9,1.22,False
2017-08-24,US1TXWK0026,0,48.36,-48.36,-1.1,False
2017-08-24,US1TXWL0009,0,36.88,-36.88,-0.62,False
2017-08-24,USC00160007,0,1.96,-1.96,0.84,False
2017-08-24,USC00160098,178,187.72,-9.72,0.52,False
2017-08-24,USC00160103,48,254.55,-206.55,-7.74,True
2017-08-24,USC00160462,0,24.58,-24.58,-0.11,False
2017-08-24,USC00160548,5,15.75,-10.75,0.48,False
2017-08-24,USC00160558,0,16.33,-16.33,0.24,False
2017-08-24,USC00160565,0,18.72,-18.72,0.14,False
2017-08-24,USC00160658,3,158.35,-155.35,-5.59,True
2017-08-24,USC00161232,0,142.59,-142.59,-5.06,True
2017-08-24,USC00161287,0,29.79,-29.79,-0.32,False
2017-08-24,USC00161535,0,9.1,-9.1,0.54,False
2017-08-24,USC00161565,0,18.87,-18.87,0.13,False
2017-08-24,USC00162212,0,31.12,-31.12,-0.38,False
2017-08-24,USC00162534,0,20.18,-20.18,0.08,False
2017-08-24,USC00163313,0,11.89,-11.89,0.43,False
2017-08-24,USC00163800,3,8.65,-5.65,0.69,False
2017-08-24,USC00163979,584,138.07,445.93,19.64,True
2017-08-24,USC00164288,183,117.58,65.42,3.67,True
2017-08-24,USC00164674,0,12.58,-12.58,0.4,False
2017-08-24,USC00164700,0,67.13,-67.13,-1.89,False
2017-08-24,USC00164739,0,113.04,-113.04,-3.82,True
2017-08-24,USC00164775,0,18.37,-18.37,0.16,False
2017-08-24,USC00165065,0,89.87,-89.87,-2.84,False
2017-08-24,USC00165074,43,190.28,-147.28,-5.25,True
2017-08-24,USC00165076,508,147.52,360.48,16.06,True
2017-08-24,USC00165266,236,104.19,131.81,6.46,True
2017-08-24,USC00165287,8,145.99,-137.99,-4.86,True
2017-08-24,USC00165296,0,2.27,-2.27,0.83,False
2017-08-24,USC00165620,0,19.91,-19.91,0.09,False
2017-08-24,USC00166394,112,10.15,101.85,5.2,True
2017-08-24,USC00166431,109,167.15,-58.15,-1.51,False
2017-08-24,USC00166434,366,127.55,238.45,10.93,True
2017-08-24,USC00166561,0,20.16,-20.16,0.08,False
2017-08-24,USC00166686,254,20.91,233.09,10.71,True
2017-08-24,USC00166808,109,36.04,72.96,3.99,True
2017-08-24,USC00166938,0,97.53,-97.53,-3.17,False
2017-08-24,USC00166968,119,153.7,-34.7,-0.53,False
2017-08-24,USC00166995,0,23.93,-23.93,-0.08,False
2017-08-24,USC00167366,0,22.13,-22.13,-0.0,False
2017-08-24,USC00167448,343,7.41,335.59,15.01,True
2017-08-24,USC00167932,3,107.99,-104.99,-3.48,False
2017-08-24,USC00168136,8,64.29,-56.29,-1.44,False
2017-08-24,USC00168181,0,7.56,-7.56,0.61,False
2017-08-24,USC00168831,25,173.27,-148.27,-5.3,True
2017-08-24,USC00169074,318,116.06,201.94,9.4,True
2017-08-24,USC00169369,0,44.18,-44.18,-0.93,False
2017-08-24,USC00169376,18,148.23,-130.23,-4.54,True
2017-08-24,USC00223441,0,50.9,-50.9,-1.21,False
2017-08-24,USC00410235,160,36.55,123.45,6.11,True
2017-08-24,USC00410569,18,16.83,1.17,0.98,False
2017-08-24,USC00410586,0,27.49,-27.49,-0.23,False
2017-08-24,USC00410611,71,74.83,-3.83,0.77,False
2017-08-24,USC00410613,0,52.47,-52.47,-1.28,False
2017-08-24,USC00410655,0,45.46,-45.46,-0.98,False
2017-08-24,USC00411048,117,66.53,50.47,3.04,False
2017-08-24,USC00411596,135,168.65,-33.65,-0.49,False
2017-08-24,USC00411810,8,23.44,-15.44,0.28,False
2017-08-24,USC00411956,41,43.92,-2.92,0.8,False
2017-08-24,USC00412114,846,147.34,698.66,30.25,True
2017-08-24,USC00412206,0,33.34,-33.34,-0.47,False
2017-08-24,USC00412266,0,12.75,-12.75,0.39,False
2017-08-24,USC00412676,0,13.87,-13.87,0.34,False
2017-08-24,USC00412786,0,8.1,-8.1,0.59,False
2017-08-24,USC00413340,198,27.63,170.37,8.08,True
2017-08-24,USC00414325,8,30.03,-22.03,0.0,False
2017-08-24,USC00414327,0,22.82,-22.82,-0.03,False
2017-08-24,USC00414333,3,58.06,-55.06,-1.38,False
2017-08-24,USC00414382,0,34.29,-34.29,-0.51,False
2017-08-24,USC00414563,18,60.04,-42.04,-0.84,False
2017-08-24,USC00414704,0,28.96,-28.96,-0.29,False
2017-08-24,USC00414878,0,34.8,-34.8,-0.53,False
2017-08-24,USC00415196,0,27.38,-27.38,-0.22,False
2017-08-24,USC00415427,0,18.75,-18.75,0.14,False
2017-08-24,USC00415435,0,74.51,-74.51,-2.2,False
2017-08-24,USC00415477,201,119.95,81.05,4.33,True
2017-08-24,USC00416024,0,26.26,-26.26,-0.18,False
2017-08-24,USC00416280,0,23.98,-23.98,-0.08,False
2017-08-24,USC00416664,584,104.45,479.55,21.05,True
2017-08-24,USC00416680,140,121.78,18.22,1.69,False
2017-08-24,USC00417040,0,62.42,-62.42,-1.69,False
2017-08-24,USC00417172,3,88.48,-85.48,-2.66,False
2017-08-24,USC00417594,0,25.11,-25.11,-0.13,False
2017-08-24,USC00417936,30,47.89,-17.89,0.18,False
2017-08-24,USC00418996,0,25.06,-25.06,-0.12,False
2017-08-24,USC00419101,0,45.92,-45.92,-1.0,False
2017-08-24,USC00419491,18,67.44,-49.44,-1.15,False
2017-08-24,USC00419605,30,28.36,1.64,1.0,False
2017-08-24,USC00419655,0,10.45,-10.45,0.49,False
2017-08-24,USW00003904,0,253.5,-253.5,-9.71,True
2017-08-24,USW00003937,538,159.64,378.36,16.81,True
2017-08-24,USW00003949,3,141.44,-138.44,-4.88,True
2017-08-24,USW00012917,10,79.86,-69.86,-2.01,False
2017-08-24,USW00012918,0,30.84,-30.84,-0.37,False
2017-08-24,USW00012923,8,34.49,-26.49,-0.19,False
2017-08-24,USW00012935,15,15.78,-0.78,0.89,False
2017-08-24,USW00012953,13,18.21,-5.21,0.71,False
2017-08-24,USW00012960,0,22.77,-22.77,-0.03,False
2017-08-24,USW00012968,0,10.68,-10.68,0.48,False
2017-08-24,USW00012975,0,38.02,-38.02,-0.67,False
2017-08-24,USW00012976,3,32.34,-29.34,-0.3,False
2017-08-24,USW00012977,30,21.51,8.49,1.28,False
2017-08-24,USW00012981,18,24.95,-6.95,0.64,False
2017-08-24,USW00013935,0,149.34,-149.34,-5.34,True
2017-08-24,USW00013970,0,23.93,-23.93,-0.08,False
2017-08-24,USW00013976,5,10.11,-5.11,0.71,False
2017-08-24,USW00053902,0,42.36,-42.36,-0.85,False
2017-08-24,USW00053903,0,37.77,-37.77,-0.66,False
2017-08-24,USW00053910,0,32.83,-32.83,-0.45,False
2017-08-24,USW00053915,25,8.06,16.94,1.64,False
2017-08-24,USW00053928,13,71.17,-58.17,-1.51,False
2017-08-24,USW00053960,4,5.36,-1.36,0.87,False
2017-08-24,USW00053988,168,118.56,49.44,3.0,False
2017-08-24,USW00093915,3,192.56,-189.56,-7.03,True
2017-08-24,USW00093987,0,26.96,-26.96,-0.2,False
2017-08-25,US1LAAC0002,15,58.8,-43.8,-0.23,False
2017-08-25,US1LAAV0001,5,15.89,-10.89,0.31,False
2017-08-25,US1LABG0002,46,157.98,-111.98,-1.35,False
2017-08-25,US1LACC0003,193,153.3,39.7,1.13,False
2017-08-25,US1LACC0006,76,139.83,-63.83,-0.56,False
2017-08-25,US1LACC0009,287,151.55,135.45,2.7,False
2017-08-25,US1LACC0018,508,158.07,349.93,6.21,True
2017-08-25,US1LACM0003,335,155.33,179.67,3.42,False
2017-08-25,US1LAEB0002,0,19.05,-19.05,0.17,False
2017-08-25,US1LAEB0009,5,25.77,-20.77,0.14,False
2017-08-25,US1LAEB0023,0,24.28,-24.28,0.09,False
2017-08-25,US1LAEB0027,5,20.35,-15.35,0.23,False
2017-08-25,US1LAEB0031,0,23.86,-23.86,0.09,False
2017-08-25,US1LAEB0033,0,20.83,-20.83,0.14,False
2017-08-25,US1LAEB0041,0,16.64,-16.64,0.21,False
2017-08-25,US1LAEB0042,0,20.29,-20.29,0.15,False
2017-08-25,US1LAEB0046,28,17.68,10.32,0.65,False
2017-08-25,US1LAEB0053,0,15.54,-15.54,0.23,False
2017-08-25,US1LAEB0054,79,16.05,62.95,1.51,False
2017-08-25,US1LAEB0056,46,30.64,15.36,0.73,False
2017-08-25,US1LAEB0060,0,16.64,-16.64,0.21,False
2017-08-25,US1LAJD0002,241,113.17,127.83,2.57,False
2017-08-25,US1LALY0007,13,37.65,-24.65,0.08,False
2017-08-25,US1LARP0007,5,13.46,-8.46,0.35,False
2017-08-25,US1LARP0009,8,11.58,-3.58,0.43,False
2017-08-25,US1LASL0001,5,34.59,-29.59,0.0,False
2017-08-25,US1LASM0002,33,39.2,-6.2,0.38,False
2017-08-25,US1LAVM0002,69,55.94,13.06,0.7,False
2017-08-25,US1LAVM0004,10,26.9,-16.9,0.21,False
2017-08-25,US1LAWB0002,0,26.31,-26.31,0.05,False
2017-08-25,US1LAWF0004,0,41.38,-41.38,-0.19,False
2017-08-25,US1TXAG0001,0,18.04,-18.04,0.19,False
2017-08-25,US1TXAG0002,0,30.61,-30.61,-0.02,False
2017-08-25,US1TXAG0003,0,29.13,-29.13,0.01,False
2017-08-25,US1TXAG0005,18,43.94,-25.94,0.06,False
2017-08-25,US1TXAG0006,8,23.87,-15.87,0.22,False
2017-08-25,US1TXAG0009,8,15.2,-7.2,0.37,False
2017-08-25,US1TXAS0003,30,70.74,-40.74,-0.18,False
2017-08-25,US1TXAS0004,145,82.94,62.06,1.5,False
2017-08-25,US1TXAS0005,53,78.47,-25.47,0.07,False
2017-08-25,US1TXAS0006,3,77.41,-74.41,-0.73,False
2017-08-25,US1TXAS0007,28,65.99,-37.99,-0.14,False
2017-08-25,US1TXAS0015,33,62.39,-29.39,0.0,False
2017-08-25,US1TXAS0018,117,93.07,23.93,0.88,False
2017-08-25,US1TXBRZ018,330,189.16,140.84,2.79,False
2017-08-25,US1TXBRZ020,892,302.16,589.84,10.13,True
2017-08-25,US1TXBRZ021,541,319.27,221.73,4.11,True
2017-08-25,US1TXBRZ025,122,156.22,-34.22,-0.08,False
2017-08-25,US1TXBRZ032,168,422.95,-254.95,-3.68,True
2017-08-25,US1TXBZS040,91,48.63,42.37,1.18,False
2017-08-25,US1TXBZS088,23,48.05,-25.05,0.07,False
2017-08-25,US1TXBZS096,0,22.1,-22.1,0.12,False
2017-08-25,US1TXBZS097,0,33.75,-33.75,-0.07,False
2017-08-25,US1TXBZS099,23,38.94,-15.94,0.22,False
2017-08-25,US1TXBZS100,0,41.56,-41.56,-0.2,False
2017-08-25,US1TXBZS102,28,33.12,-5.12,0.4,False
2017-08-25,US1TXBZS103,0,22.5,-22.5,0.12,False
2017-08-25,US1TXCLR006,8,77.89,-69.89,-0.66,False
2017-08-25,US1TXFB0005,91,158.02,-67.02,-0.61,False
2017-08-25,US1TXFB0017,81,103.02,-22.02,0.12,False
2017-08-25,US1TXFB0018,51,110.05,-59.05,-0.48,False
2017-08-25,US1TXFB0022,0,127.89,-127.89,-1.61,False
2017-08-25,US1TXFB0042,18,118.54,-100.54,-1.16,False
2017-08-25,US1TXFB0053,18,101.79,-83.79,-0.89,False
2017-08-25,US1TXGM0007,117,49.6,67.4,1.59,False
2017-08-25,US1TXGV0005,198,168.33,29.67,0.97,False
2017-08-25,US1TXGV0017,439,246.06,192.94,3.64,True
2017-08-25,US1TXGV0018,203,246.35,-43.35,-0.23,False
2017-08-25,US1TXGV0029,53,158.38,-105.38,-1.24,False
2017-08-25,US1TXGV0034,58,152.69,-94.69,-1.06,False
2017-08-25,US1TXGV0043,272,205.7,66.3,1.57,False
2017-08-25,US1TXGV0044,180,183.18,-3.18,0.43,False
2017-08-25,US1TXGV0046,38,160.81,-122.81,-1.52,False
2017-08-25,US1TXGV0049,406,289.85,116.15,2.38,False
2017-08-25,US1TXGV0051,787,247.66,539.34,9.3,True
2017-08-25,US1TXGV0052,160,169.61,-9.61,0.33,False
2017-08-25,US1TXGV0054,302,264.59,37.41,1.1,False
2017-08-25,US1TXGV0060,742,212.01,529.99,9.15,True
2017-08-25,US1TXGV0062,122,273.11,-151.11,-1.99,False
2017-08-25,US1TXGV0063,79,162.34,-83.34,-0.88,False
2017-08-25,US1TXGV0064,432,264.07,167.93,3.23,False
2017-08-25,US1TXGV0068,157,243.21,-86.21,-0.93,False
2017-08-25,US1TXGV0069,10,187.51,-177.51,-2.42,False
2017-08-25,US1TXGV0070,282,251.59,30.41,0.98,False
2017-08-25,US1TXGV0071,211,243.08,-32.08,-0.04,False
2017-08-25,US1TXGV0073,290,270.39,19.61,0.8,False
2017-08-25,US1TXHRN006,10,42.22,-32.22,-0.04,False
2017-08-25,US1TXHRR004,13,83.84,-70.84,-0.67,False
2017-08-25,US1TXHRR015,0,77.64,-77.64,-0.79,False
2017-08-25,US1TXHRR027,0,72.84,-72.84,-0.71,False
2017-08-25,US1TXHRR028,8,149.59,-141.59,-1.83,False
2017-08-25,US1TXHRR031,3,130.87,-127.87,-1.61,False
2017-08-25,US1TXHRR032,69,148.6,-79.6,-0.82,False
2017-08-25,US1TXHRR033,0,71.34,-71.34,-0.68,False
2017-08-25,US1TXHRR052,0,145.04,-145.04,-1.89,False
2017-08-25,US1TXHRR058,0,71.91,-71.91,-0.69,False
2017-08-25,US1TXHRR074,8,82.55,-74.55,-0.74,False
2017-08-25,US1TXHRR089,18,110.12,-92.12,-1.02,False
2017-08-25,US1TXHRR093,0,135.25,-135.25,-1.73,False
2017-08-25,US1TXHRR116,8,73.46,-65.46,-0.59,False
2017-08-25,US1TXHRR117,0,93.42,-93.42,-1.04,False
2017-08-25,US1TXHRR119,5,97.25,-92.25,-1.02,False
2017-08-25,US1TXHRR122,10,86.49,-76.49,-0.77,False
2017-08-25,US1TXHRR124,3,90.2,-87.2,-0.94,False
2017-08-25,US1TXHRR139,8,121.93,-113.93,-1.38,False
2017-08-25,US1TXHRR150,5,65.14,-60.14,-0.5,False
2017-08-25,US1TXHRR162,5,108.69,-103.69,-1.21,False
2017-08-25,US1TXHRR164,33,80.65,-47.65,-0.3,False
2017-08-25,US1TXHRR168,0,148.65,-148.65,-1.95,False
2017-08-25,US1TXHRR170,10,109.81,-99.81,-1.15,False
2017-08-25,US1TXHRR176,0,92.99,-92.99,-1.04,False
2017-08-25,US1TXHRR203,0,82.99,-82.99,-0.87,False
2017-08-25,US1TXHRR209,8,102.03,-94.03,-1.05,False
2017-08-25,US1TXHRR217,165,124.0,41.0,1.15,False
2017-08-25,US1TXHRR222,5,91.2,-86.2,-0.93,False
2017-08-25,US1TXHRR228,0,88.82,-88.82,-0.97,False
2017-08-25,US1TXHRR232,5,103.91,-98.91,-1.13,False
2017-08-25,US1TXHRR236,23,96.79,-73.79,-0.72,False
2017-08-25,US1TXHRR238,10,140.24,-130.24,-1.65,False
2017-08-25,US1TXHRR306,0,69.23,-69.23,-0.65,False
2017-08-25,US1TXHST003,8,16.29,-8.29,0.35,False
2017-08-25,US1TXJJ0009,46,77.25,-31.25,-0.03,False
2017-08-25,US1TXJJ0010,0,154.36,-154.36,-2.04,False
2017-08-25,US1TXJJ0011,0,93.32,-93.32,-1.04,False
2017-08-25,US1TXJS0002,23,47.33,-24.33,0.09,False
2017-08-25,US1TXJS0003,213,96.04,116.96,2.4,False
2017-08-25,US1TXJS0006,13,111.61,-98.61,-1.13,False
2017-08-25,US1TXLR0010,28,50.82,-22.82,0.11,False
2017-08-25,US1TXLR0013,0,54.01,-54.01,-0.4,False
2017-08-25,US1TXLR0014,0,68.65,-68.65,-0.64,False
2017-08-25,US1TXLR0015,0,68.99,-68.99,-0.64,False
2017-08-25,US1TXMNG004,0,47.11,-47.11,-0.29,False
2017-08-25,US1TXMNG014,0,46.43,-46.43,-0.28,False
2017-08-25,US1TXMNG020,0,56.89,-56.89,-0.45,False
2017-08-25,US1TXMNG021,0,35.29,-35.29,-0.09,False
2017-08-25,US1TXMNG026,0,126.71,-126.71,-1.59,False
2017-08-25,US1TXMNG030,0,82.97,-82.97,-0.87,False
2017-08-25,US1TXMNG031,0,61.8,-61.8,-0.53,False
2017-08-25,US1TXMNG035,0,92.71,-92.71,-1.03,False
2017-08-25,US1TXMNG036,1918,32.66,1885.34,31.31,True
2017-08-25,US1TXMNG051,0,72.71,-72.71,-0.71,False
2017-08-25,US1TXMNG058,33,75.18,-42.18,-0.21,False
2017-08-25,US1TXMNG061,0,80.01,-80.01,-0.82,False
2017-08-25,US1TXMNG064,0,80.79,-80.79,-0.84,False
2017-08-25,US1TXMTG004,173,414.96,-241.96,-3.47,False
2017-08-25,US1TXNW0002,107,48.73,58.27,1.44,False
2017-08-25,US1TXOR0001,277,112.4,164.6,3.18,False
2017-08-25,US1TXOR0006,236,100.47,135.53,2.7,False
2017-08-25,US1TXPL0018,0,30.19,-30.19,-0.01,False
2017-08-25,US1TXPL0027,36,29.3,6.7,0.59,False
2017-08-25,US1TXPL0028,0,29.54,-29.54,0.0,False
2017-08-25,US1TXPL0032,48,30.93,17.07,0.76,False
2017-08-25,US1TXPL0035,3,33.13,-30.13,-0.01,False
2017-08-25,US1TXSA0001,81,34.77,46.23,1.24,False
2017-08-25,US1TXSB0001,0,58.29,-58.29,-0.47,False
2017-08-25,US1TXSJ0010,81,27.84,53.16,1.35,False
2017-08-25,US1TXSJ0011,0,32.07,-32.07,-0.04,False
2017-08-25,US1TXSJ0012,0,34.27,-34.27,-0.08,False
2017-08-25,US1TXTR0003,0,43.29,-43.29,-0.22,False
2017-08-25,US1TXTR0012,117,59.19,57.81,1.43,False
2017-08-25,US1TXTR0013,0,43.48,-43.48,-0.23,False
2017-08-25,US1TXTT0003,0,33.5,-33.5,-0.06,False
2017-08-25,US1TXTT0006,0,33.6,-33.6,-0.07,False
2017-08-25,US1TXWA0003,315,57.13,257.87,4.7,True
2017-08-25,US1TXWA0006,43,71.28,-28.28,0.02,False
2017-08-25,US1TXWA0009,48,68.38,-20.38,0.15,False
2017-08-25,US1TXWA0010,160,60.58,99.42,2.11,False
2017-08-25,US1TXWA0012,0,74.4,-74.4,-0.73,False
2017-08-25,US1TXWA0014,221,66.06,154.94,3.02,False
2017-08-25,US1TXWA0017,0,61.27,-61.27,-0.52,False
2017-08-25,US1TXWA0018,41,51.35,-10.35,0.31,False
2017-08-25,US1TXWA0024,0,48.62,-48.62,-0.31,False
2017-08-25,US1TXWH0001,99,123.51,-24.51,0.08,False
2017-08-25,US1TXWH0002,102,205.39,-103.39,-1.21,False
2017-08-25,US1TXWH0004,86,138.46,-52.46,-0.37,False
2017-08-25,US1TXWH0009,71,152.9,-81.9,-0.86,False
2017-08-25,US1TXWH0011,48,153.94,-105.94,-1.25,False
2017-08-25,US1TXWH0018,18,147.63,-129.63,-1.64,False
2017-08-25,US1TXWK0003,0,42.7,-42.7,-0.21,False
2017-08-25,US1TXWK0005,66,26.09,39.91,1.14,False
2017-08-25,US1TXWK0012,0,23.94,-23.94,0.09,False
2017-08-25,US1TXWK0013,0,26.12,-26.12,0.06,False
2017-08-25,US1TXWK0018,8,23.27,-15.27,0.23,False
2017-08-25,US1TXWK0021,25,31.62,-6.62,0.38,False
2017-08-25,US1TXWK0025,0,29.61,-29.61,-0.0,False
2017-08-25,US1TXWK0026,0,34.27,-34.27,-0.08,False
2017-08-25,US1TXWL0009,25,83.67,-58.67,-0.48,False
2017-08-25,USC00160007,3,30.53,-27.53,0.03,False
2017-08-25,USC00160098,0,13.69,-13.69,0.26,False
2017-08-25,USC00160103,0,15.07,-15.07,0.24,False
2017-08-25,USC00160462,64,22.97,41.03,1.15,False
2017-08-25,USC00160548,0,16.95,-16.95,0.21,False
2017-08-25,USC00160558,0,25.68,-25.68,0.06,False
2017-08-25,USC00160565,64,32.9,31.1,0.99,False
2017-08-25,USC00160617,10,70.59,-60.59,-0.51,False
2017-08-25,USC00160658,0,165.59,-165.59,-2.22,False
2017-08-25,USC00161232,0,29.42,-29.42,0.0,False
2017-08-25,USC00161287,8,11.96,-3.96,0.42,False
2017-08-25,USC00161535,58,35.87,22.13,0.85,False
2017-08-25,USC00161565,0,29.07,-29.07,0.01,False
2017-08-25,USC00162212,25,77.62,-52.62,-0.38,False
2017-08-25,USC00162534,5,35.43,-30.43,-0.01,False
2017-08-25,USC00163313,353,27.18,325.82,5.81,True
2017-08-25,USC00163800,23,33.84,-10.84,0.31,False
2017-08-25,USC00163979,170,153.21,16.79,0.76,False
2017-08-25,USC00164288,51,52.35,-1.35,0.46,False
2017-08-25,USC00164674,8,46.94,-38.94,-0.15,False
2017-08-25,USC00164700,25,107.84,-82.84,-0.87,False
2017-08-25,USC00164739,0,23.3,-23.3,0.1,False
2017-08-25,USC00164775,36,71.2,-35.2,-0.09,False
2017-08-25,USC00165065,20,114.02,-94.02,-1.05,False
2017-08-25,USC00165074,142,185.48,-43.48,-0.23,False
2017-08-25,USC00165076,279,175.6,103.4,2.17,False
2017-08-25,USC00165266,152,95.76,56.24,1.4,False
2017-08-25,USC00165287,292,88.0,204.0,3.82,True
2017-08-25,USC00165296,25,49.26,-24.26,0.09,False
2017-08-25,USC00165620,0,19.38,-19.38,0.17,False
2017-08-25,USC00166394,112,40.3,71.7,1.66,False
2017-08-25,USC00166431,152,170.1,-18.1,0.19,False
2017-08-25,USC00166434,71,169.38,-98.38,-1.12,False
2017-08-25,USC00166561,53,34.16,18.84,0.79,False
2017-08-25,USC00166686,0,41.96,-41.96,-0.2,False
2017-08-25,USC00166808,325,19.32,305.68,5.48,True
2017-08-25,USC00166938,254,93.69,160.31,3.1,False
2017-08-25,USC00166968,330,161.49,168.51,3.24,False
2017-08-25,USC00166995,13,36.6,-23.6,0.1,False
2017-08-25,USC00167366,0,24.99,-24.99,0.08,False
2017-08-25,USC00167448,122,18.01,103.99,2.18,False
2017-08-25,USC00167932,41,120.65,-79.65,-0.82,False
2017-08-25,USC00168136,109,24.93,84.07,1.86,False
2017-08-25,USC00168181,5,56.34,-51.34,-0.36,False
2017-08-25,USC00168831,13,150.05,-137.05,-1.76,False
2017-08-25,USC00169074,0,75.16,-75.16,-0.75,False
2017-08-25,USC00169369,0,44.25,-44.25,-0.24,False
2017-08-25,USC00169376,81,118.2,-37.2,-0.12,False
2017-08-25,USC00223441,0,54.1,-54.1,-0.4,False
2017-08-25,USC00410235,142,122.64,19.36,0.8,False
2017-08-25,USC00410569,196,313.52,-117.52,-1.44,False
2017-08-25,USC00410586,0,107.51,-107.51,-1.27,False
2017-08-25,USC00410611,13,101.2,-88.2,-0.96,False
2017-08-25,USC00410613,13,80.04,-67.04,-0.61,False
2017-08-25,USC00410655,53,53.52,-0.52,0.48,False
2017-08-25,USC00411048,0,47.61,-47.61,-0.29,False
2017-08-25,USC00411596,0,16.63,-16.63,0.21,False
2017-08-25,USC00411810,13,50.98,-37.98,-0.14,False
2017-08-25,USC00411956,0,63.06,-63.06,-0.55,False
2017-08-25,USC00412114,20,13.3,6.7,0.59,False
2017-08-25,USC00412206,0,76.57,-76.57,-0.77,False
2017-08-25,USC00412266,246,211.74,34.26,1.04,False
2017-08-25,USC00412676,3,82.72,-79.72,-0.82,False
2017-08-25,USC00412786,64,155.18,-91.18,-1.01,False
2017-08-25,USC00413340,25,346.1,-321.1,-4.77,True
2017-08-25,USC00414325,5,101.79,-96.79,-1.1,False
2017-08-25,USC00414327,28,87.62,-59.62,-0.49,False
2017-08-25,USC00414333,709,164.05,544.95,9.39,True
2017-08-25,USC00414382,0,25.74,-25.74,0.06,False
2017-08-25,USC00414704,0,77.25,-77.25,-0.78,False
2017-08-25,USC00414878,0,45.83,-45.83,-0.27,False
2017-08-25,USC00415196,0,93.53,-93.53,-1.05,False
2017-08-25,USC00415427,127,11.8,115.2,2.37,False
2017-08-25,USC00415435,165,83.3,81.7,1.82,False
2017-08-25,USC00415477,0,47.0,-47.0,-0.28,False
2017-08-25,USC00416024,0,36.55,-36.55,-0.11,False
2017-08-25,USC00416280,0,69.32,-69.32,-0.65,False
2017-08-25,USC00416664,132,128.37,3.63,0.54,False
2017-08-25,USC00416680,8,126.47,-118.47,-1.45,False
2017-08-25,USC00417040,46,46.65,-0.65,0.47,False
2017-08-25,USC00417172,152,118.61,33.39,1.03,False
2017-08-25,USC00417594,61,113.17,-52.17,-0.37,False
2017-08-25,USC00417936,0,52.1,-52.1,-0.37,False
2017-08-25,USC00418996,38,149.66,-111.66,-1.34,False
2017-08-25,USC00419101,0,51.28,-51.28,-0.35,False
2017-08-25,USC00419491,5,64.63,-59.63,-0.49,False
2017-08-25,USC00419605,691,270.89,420.11,7.35,True
2017-08-25,USC00419655,36,148.42,-112.42,-1.35,False
2017-08-25,USW00003904,30,31.95,-1.95,0.45,False
2017-08-25,USW00003937,150,200.95,-50.95,-0.35,False
2017-08-25,USW00003949,0,63.46,-63.46,-0.55,False
2017-08-25,USW00012917,312,89.84,222.16,4.12,True
2017-08-25,USW00012918,358,124.77,233.23,4.3,True
2017-08-25,USW00012923,711,233.69,477.31,8.29,True
2017-08-25,USW00012935,1577,317.42,1259.58,21.08,True
2017-08-25,USW00012953,859,152.32,706.68,12.04,True
2017-08-25,USW00012960,99,89.81,9.19,0.63,False
2017-08-25,USW00012968,0,66.87,-66.87,-0.61,False
2017-08-25,USW00012975,671,139.31,531.69,9.18,True
2017-08-25,USW00012976,1803,260.16,1542.84,25.71,True
2017-08-25,USW00012977,566,100.62,465.38,8.09,True
2017-08-25,USW00012981,884,251.51,632.49,10.83,True
2017-08-25,USW00013935,0,13.16,-13.16,0.27,False
2017-08-25,USW00013970,0,31.0,-31.0,-0.02,False
2017-08-25,USW00013976,66,38.65,27.35,0.93,False
2017-08-25,USW00053902,30,59.24,-29.24,0.01,False
2017-08-25,USW00053903,0,26.89,-26.89,0.04,False
2017-08-25,USW00053910,84,81.64,2.36,0.52,False
2017-08-25,USW00053915,86,37.15,48.85,1.28,False
2017-08-25,USW00053928,135,54.22,80.78,1.8,False
2017-08-25,USW00053960,69,22.6,46.4,1.24,False
2017-08-25,USW00053988,0,91.63,-91.63,-1.01,False
2017-08-25,USW00093915,0,17.87,-17.87,0.19,False
2017-08-25,USW00093987,0,21.99,-21.99,0.12,False
2017-08-26,US1LAAC0002,23,62.45,-39.45,0.01,False
2017-08-26,US1LAAC0003,58,75.24,-17.24,0.12,False
2017-08-26,US1LABG0002,43,115.72,-72.72,-0.15,False
2017-08-26,US1LACC0003,91,106.75,-15.75,0.13,False
2017-08-26,US1LACC0006,81,165.52,-84.52,-0.21,False
2017-08-26,US1LACC0009,64,112.09,-48.09,-0.03,False
2017-08-26,US1LACM0003,249,130.05,118.95,0.81,False
2017-08-26,US1LAEB0002,0,6.49,-6.49,0.18,False
2017-08-26,US1LAEB0005,0,7.46,-7.46,0.17,False
2017-08-26,US1LAEB0009,0,8.58,-8.58,0.17,False
2017-08-26,US1LAEB0019,33,5.19,27.81,0.35,False
2017-08-26,US1LAEB0023,0,9.8,-9.8,0.16,False
2017-08-26,US1LAEB0027,0,8.05,-8.05,0.17,False
2017-08-26,US1LAEB0031,0,10.42,-10.42,0.16,False
2017-08-26,US1LAEB0033,0,7.35,-7.35,0.17,False
2017-08-26,US1LAEB0041,0,6.84,-6.84,0.18,False
2017-08-26,US1LAEB0042,0,8.76,-8.76,0.17,False
2017-08-26,US1LAEB0046,0,7.18,-7.18,0.17,False
2017-08-26,US1LAEB0056,0,11.94,-11.94,0.15,False
2017-08-26,US1LAEB0060,0,7.54,-7.54,0.17,False
2017-08-26,US1LALY0006,81,56.67,24.33,0.33,False
2017-08-26,US1LALY0007,48,52.24,-4.24,0.19,False
2017-08-26,US1LAPC0002,0,13.93,-13.93,0.14,False
2017-08-26,US1LARP0007,0,3.32,-3.32,0.19,False
2017-08-26,US1LARP0009,0,2.85,-2.85,0.2,False
2017-08-26,US1LASL0001,36,52.69,-16.69,0.13,False
2017-08-26,US1LASM0002,86,55.43,30.57,0.36,False
2017-08-26,US1LAVM0002,86,89.62,-3.62,0.19,False
2017-08-26,US1LAVM0004,109,108.6,0.4,0.21,False
2017-08-26,US1LAWB0002,10,13.71,-3.71,0.19,False
2017-08-26,US1LAWF0004,0,10.09,-10.09,0.16,False
2017-08-26,US1MSAD0004,3,0.58,2.42,0.22,False
2017-08-26,US1TXAG0001,0,43.44,-43.44,-0.01,False
2017-08-26,US1TXAG0002,0,42.46,-42.46,-0.0,False
2017-08-26,US1TXAG0003,0,54.2,-54.2,-0.06,False
2017-08-26,US1TXAG0005,0,51.87,-51.87,-0.05,False
2017-08-26,US1TXAG0006,0,41.17,-41.17,0.0,False
2017-08-26,US1TXAG0009,0,48.06,-48.06,-0.03,False
2017-08-26,US1TXAS0002,1615,1109.45,505.55,2.75,False
2017-08-26,US1TXAS0003,1270,1107.19,162.81,1.03,False
2017-08-26,US1TXAS0004,1242,1072.41,169.59,1.06,False
2017-08-26,US1TXAS0005,1384,1136.7,247.3,1.45,False
2017-08-26,US1TXAS0006,1435,1127.01,307.99,1.75,False
2017-08-26,US1TXAS0007,1372,1159.01,212.99,1.28,False
2017-08-26,US1TXAS0012,1247,1118.15,128.85,0.86,False
2017-08-26,US1TXAS0015,843,892.53,-49.53,-0.04,False
2017-08-26,US1TXAS0017,1842,1139.17,702.83,3.73,True
2017-08-26,US1TXAS0018,1194,1087.56,106.44,0.74,False
2017-08-26,US1TXBRZ018,1499,1076.64,422.36,2.33,False
2017-08-26,US1TXBRZ020,150,1080.25,-930.25,-4.45,True
2017-08-26,US1TXBRZ021,1819,1058.62,760.38,4.02,True
2017-08-26,US1TXBRZ025,1113,1072.09,40.91,0.42,False
2017-08-26,US1TXBRZ032,993,946.05,46.95,0.45,False
2017-08-26,US1TXBZS040,206,523.1,-317.1,-1.38,False
2017-08-26,US1TXBZS075,254,592.27,-338.27,-1.48,False
2017-08-26,US1TXBZS088,198,492.89,-294.89,-1.27,False
2017-08-26,US1TXBZS092,757,531.85,225.15,1.34,False
2017-08-26,US1TXBZS096,1283,399.18,883.82,4.64,True
2017-08-26,US1TXBZS097,191,568.34,-377.34,-1.68,False
2017-08-26,US1TXBZS099,165,571.98,-406.98,-1.83,False
2017-08-26,US1TXBZS100,191,623.17,-432.17,-1.96,False
2017-08-26,US1TXBZS102,282,545.49,-263.49,-1.11,False
2017-08-26,US1TXBZS103,251,719.03,-468.03,-2.14,False
2017-08-26,US1TXBZS104,511,578.94,-67.94,-0.13,False
2017-08-26,US1TXCHM008,579,825.9,-246.9,-1.03,False
2017-08-26,US1TXCLR006,1892,1239.46,652.54,3.48,False
2017-08-26,US1TXCLR010,1905,1220.82,684.18,3.64,True
2017-08-26,US1TXFB0005,2088,1423.58,664.42,3.54,True
2017-08-26,US1TXFB0012,1933,1470.58,462.42,2.53,False
2017-08-26,US1TXFB0017,2438,1456.66,981.34,5.13,True
2017-08-26,US1TXFB0018,2207,1512.92,694.08,3.69,True
2017-08-26,US1TXFB0022,1821,1253.13,567.87,3.06,False
2017-08-26,US1TXFB0025,1575,1261.12,313.88,1.78,False
2017-08-26,US1TXFB0042,1679,1304.37,374.63,2.09,False
2017-08-26,US1TXFB0051,1892,1313.16,578.84,3.11,False
2017-08-26,US1TXFB0053,1245,1146.99,98.01,0.7,False
2017-08-26,US1TXGM0007,170,512.42,-342.42,-1.51,False
2017-08-26,US1TXGV0005,1354,1076.66,277.34,1.6,False
2017-08-26,US1TXGV0009,1158,1269.33,-111.33,-0.35,False
2017-08-26,US1TXGV0015,1270,1044.95,225.05,1.34,False
2017-08-26,US1TXGV0017,572,992.24,-420.24,-1.9,False
2017-08-26,US1TXGV0018,706,969.64,-263.64,-1.11,False
2017-08-26,US1TXGV0029,1671,937.78,733.22,3.89,True
2017-08-26,US1TXGV0034,665,1063.31,-398.31,-1.79,False
2017-08-26,US1TXGV0044,549,1040.53,-491.53,-2.25,False
2017-08-26,US1TXGV0046,526,1112.06,-586.06,-2.73,False
2017-08-26,US1TXGV0049,998,987.74,10.26,0.26,False
2017-08-26,US1TXGV0051,980,991.55,-11.55,0.15,False
2017-08-26,US1TXGV0052,1161,1076.13,84.87,0.64,False
2017-08-26,US1TXGV0054,643,966.49,-323.49,-1.41,False
2017-08-26,US1TXGV0060,1300,1062.89,237.11,1.4,False
2017-08-26,US1TXGV0063,1003,1078.78,-75.78,-0.17,False
2017-08-26,US1TXGV0064,808,1038.99,-230.99,-0.95,False
2017-08-26,US1TXGV0065,864,1021.26,-157.26,-0.58,False
2017-08-26,US1TXGV0068,859,1252.76,-393.76,-1.76,False
2017-08-26,US1TXGV0069,584,1150.32,-566.32,-2.63,False
2017-08-26,US1TXGV0070,607,973.05,-366.05,-1.62,False
2017-08-26,US1TXGV0071,1019,1051.64,-32.64,0.05,False
2017-08-26,US1TXHRN006,33,147.71,-114.71,-0.36,False
2017-08-26,US1TXHRR004,1130,1149.43,-19.43,0.11,False
2017-08-26,US1TXHRR015,239,767.45,-528.45,-2.44,False
2017-08-26,US1TXHRR027,605,845.62,-240.62,-1.0,False
2017-08-26,US1TXHRR028,1161,1049.99,111.01,0.77,False
2017-08-26,US1TXHRR031,704,1013.29,-309.29,-1.34,False
2017-08-26,US1TXHRR032,871,1035.88,-164.88,-0.62,False
2017-08-26,US1TXHRR033,254,711.39,-457.39,-2.08,False
2017-08-26,US1TXHRR043,660,818.98,-158.98,-0.59,False
2017-08-26,US1TXHRR052,1519,991.62,527.38,2.85,False
2017-08-26,US1TXHRR058,437,862.81,-425.81,-1.92,False
2017-08-26,US1TXHRR074,516,879.72,-363.72,-1.61,False
2017-08-26,US1TXHRR089,856,957.72,-101.72,-0.3,False
2017-08-26,US1TXHRR093,363,1017.77,-654.77,-3.07,False
2017-08-26,US1TXHRR095,648,1003.54,-355.54,-1.57,False
2017-08-26,US1TXHRR114,927,871.77,55.23,0.49,False
2017-08-26,US1TXHRR116,919,999.58,-80.58,-0.19,False
2017-08-26,US1TXHRR117,826,788.06,37.94,0.4,False
2017-08-26,US1TXHRR119,709,954.15,-245.15,-1.02,False
2017-08-26,US1TXHRR122,1283,1125.7,157.3,1.0,False
2017-08-26,US1TXHRR124,274,866.48,-592.48,-2.76,False
2017-08-26,US1TXHRR139,335,950.28,-615.28,-2.87,False
2017-08-26,US1TXHRR147,546,1041.48,-495.48,-2.27,False
2017-08-26,US1TXHRR150,462,686.79,-224.79,-0.92,False
2017-08-26,US1TXHRR162,620,1044.57,-424.57,-1.92,False
2017-08-26,US1TXHRR164,681,878.16,-197.16,-0.78,False
2017-08-26,US1TXHRR165,767,905.34,-138.34,-0.48,False
2017-08-26,US1TXHRR168,615,1034.86,-419.86,-1.89,False
2017-08-26,US1TXHRR170,701,994.57,-293.57,-1.26,False
2017-08-26,US1TXHRR176,762,920.19,-158.19,-0.58,False
2017-08-26,US1TXHRR203,356,913.53,-557.53,-2.58,False
2017-08-26,US1TXHRR209,742,905.34,-163.34,-0.61,False
2017-08-26,US1TXHRR217,1229,1025.44,203.56,1.23,False
2017-08-26,US1TXHRR222,1140,1111.74,28.26,0.35,False
2017-08-26,US1TXHRR223,1219,1084.66,134.34,0.88,False
2017-08-26,US1TXHRR225,546,849.23,-303.23,-1.31,False
2017-08-26,US1TXHRR228,955,1053.68,-98.68,-0.28,False
2017-08-26,US1TXHRR232,668,951.88,-283.88,-1.21,False
2017-08-26,US1TXHRR236,876,1032.65,-156.65,-0.57,False
2017-08-26,US1TXHRR238,475,1021.54,-546.54,-2.53,False
2017-08-26,US1TXHRR243,1016,835.35,180.65,1.12,False
2017-08-26,US1TXHRR306,483,710.82,-227.82,-0.93,False
2017-08-26,US1TXHST003,0,50.8,-50.8,-0.04,False
2017-08-26,US1TXJJ0009,340,252.38,87.62,0.65,False
2017-08-26,US1TXJJ0010,554,349.44,204.56,1.24,False
2017-08-26,US1TXJJ0011,218,279.57,-61.57,-0.1,False
2017-08-26,US1TXJS0002,0,48.53,-48.53,-0.03,False
2017-08-26,US1TXJS0003,5,106.52,-101.52,-0.3,False
2017-08-26,US1TXJS0006,15,131.27,-116.27,-0.37,False
2017-08-26,US1TXLR0010,447,571.45,-124.45,-0.41,False
2017-08-26,US1TXLR0013,254,591.66,-337.66,-1.48,False
2017-08-26,US1TXLR0014,622,707.51,-85.51,-0.22,False
2017-08-26,US1TXLR0015,660,702.09,-42.09,0.0,False
2017-08-26,US1TXMDS002,61,297.14,-236.14,-0.97,False
2017-08-26,US1TXMNG004,152,560.88,-408.88,-1.84,False
2017-08-26,US1TXMNG008,665,706.71,-41.71,0.0,False
2017-08-26,US1TXMNG014,208,560.39,-352.39,-1.56,False
2017-08-26,US1TXMNG020,262,601.92,-339.92,-1.49,False
2017-08-26,US1TXMNG021,254,590.78,-336.78,-1.48,False
2017-08-26,US1TXMNG026,196,722.7,-526.7,-2.43,False
2017-08-26,US1TXMNG031,315,762.63,-447.63,-2.03,False
2017-08-26,US1TXMNG035,267,778.04,-511.04,-2.35,False
2017-08-26,US1TXMNG036,381,722.21,-341.21,-1.5,False
2017-08-26,US1TXMNG051,782,761.25,20.75,0.31,False
2017-08-26,US1TXMNG058,419,734.2,-315.2,-1.37,False
2017-08-26,US1TXMNG061,805,700.43,104.57,0.74,False
2017-08-26,US1TXMNG064,307,779.47,-472.47,-2.16,False
2017-08-26,US1TXNW0002,0,47.65,-47.65,-0.03,False
2017-08-26,US1TXOR0001,180,256.18,-76.18,-0.17,False
2017-08-26,US1TXOR0006,71,197.81,-126.81,-0.42,False
2017-08-26,US1TXPL0003,76,149.51,-73.51,-0.16,False
2017-08-26,US1TXPL0018,43,218.38,-175.38,-0.67,False
2017-08-26,US1TXPL0027,30,164.71,-134.71,-0.46,False
2017-08-26,US1TXPL0028,13,206.45,-193.45,-0.76,False
2017-08-26,US1TXPL0032,516,149.06,366.94,2.05,False
2017-08-26,US1TXPL0035,0,176.64,-176.64,-0.67,False
2017-08-26,US1TXSA0001,0,27.79,-27.79,0.07,False
2017-08-26,US1TXSB0001,0,29.26,-29.26,0.06,False
2017-08-26,US1TXSJ0011,43,225.31,-182.31,-0.7,False
2017-08-26,US1TXSJ0012,5,272.78,-267.78,-1.13,False
2017-08-26,US1TXTR0003,25,135.07,-110.07,-0.34,False
2017-08-26,US1TXTR0012,5,129.29,-124.29,-0.41,False
2017-08-26,US1TXTR0013,3,50.44,-47.44,-0.03,False
2017-08-26,US1TXTT0003,0,183.92,-183.92,-0.71,False
2017-08-26,US1TXTT0006,0,180.47,-180.47,-0.69,False
2017-08-26,US1TXWA0003,531,785.12,-254.12,-1.06,False
2017-08-26,US1TXWA0006,592,718.77,-126.77,-0.42,False
2017-08-26,US1TXWA0009,592,719.94,-127.94,-0.43,False
2017-08-26,US1TXWA0010,597,760.54,-163.54,-0.61,False
2017-08-26,US1TXWA0012,869,738.73,130.27,0.86,False
2017-08-26,US1TXWA0014,411,794.03,-383.03,-1.71,False
2017-08-26,US1TXWA0017,427,754.28,-327.28,-1.43,False
2017-08-26,US1TXWA0018,640,832.22,-192.22,-0.75,False
2017-08-26,US1TXWA0024,612,810.93,-198.93,-0.79,False
2017-08-26,US1TXWH0001,1539,1555.7,-16.7,0.13,False
2017-08-26,US1TXWH0002,1387,1266.98,120.02,0.81,False
2017-08-26,US1TXWH0004,1105,1153.97,-48.97,-0.03,False
2017-08-26,US1TXWH0005,993,1242.79,-249.79,-1.04,False
2017-08-26,US1TXWH0009,1943,1325.06,617.94,3.31,False
2017-08-26,US1TXWH0011,1143,1199.98,-56.98,-0.07,False
2017-08-26,US1TXWH0018,1930,1257.13,672.87,3.58,True
2017-08-26,US1TXWK0003,97,419.4,-322.4,-1.41,False
2017-08-26,US1TXWK0005,38,304.37,-266.37,-1.12,False
2017-08-26,US1TXWK0012,15,324.36,-309.36,-1.34,False
2017-08-26,US1TXWK0013,13,285.01,-272.01,-1.15,False
2017-08-26,US1TXWK0015,79,257.52,-178.52,-0.68,False
2017-08-26,US1TXWK0018,127,219.73,-92.73,-0.25,False
2017-08-26,US1TXWK0021,13,250.09,-237.09,-0.98,False
2017-08-26,US1TXWK0025,38,283.51,-245.51,-1.02,False
2017-08-26,US1TXWK0026,0,287.9,-287.9,-1.23,False
2017-08-26,US1TXWL0009,1727,1027.41,699.59,3.72,True
2017-08-26,USC00160007,142,92.1,49.9,0.46,False
2017-08-26,USC00160098,0,2.74,-2.74,0.2,False
2017-08-26,USC00160103,0,3.29,-3.29,0.19,False
2017-08-26,USC00160558,0,8.67,-8.67,0.17,False
2017-08-26,USC00160565,38,30.14,7.86,0.25,False
2017-08-26,USC00160658,0,149.57,-149.57,-0.54,False
2017-08-26,USC00161232,0,8.97,-8.97,0.17,False
2017-08-26,USC00161287,0,23.05,-23.05,0.1,False
2017-08-26,USC00161535,51,54.76,-3.76,0.19,False
2017-08-26,USC00161565,10,20.43,-10.43,0.16,False
2017-08-26,USC00162212,81,75.95,5.05,0.24,False
2017-08-26,USC00162534,71,15.81,55.19,0.49,False
2017-08-26,USC00163313,66,48.7,17.3,0.3,False
2017-08-26,USC00163800,79,45.86,33.14,0.38,False
2017-08-26,USC00164288,0,18.74,-18.74,0.12,False
2017-08-26,USC00164674,140,50.1,89.9,0.66,False
2017-08-26,USC00164700,64,87.95,-23.95,0.09,False
2017-08-26,USC00164739,0,1.28,-1.28,0.2,False
2017-08-26,USC00164775,89,87.32,1.68,0.22,False
2017-08-26,USC00165065,135,91.65,43.35,0.43,False
2017-08-26,USC00165072,79,149.44,-70.44,-0.14,False
2017-08-26,USC00165074,74,134.21,-60.21,-0.09,False
2017-08-26,USC00165076,81,134.71,-53.71,-0.06,False
2017-08-26,USC00165266,5,32.84,-27.84,0.07,False
2017-08-26,USC00165296,229,77.73,151.27,0.97,False
2017-08-26,USC00165620,0,8.49,-8.49,0.17,False
2017-08-26,USC00166394,8,33.78,-25.78,0.08,False
2017-08-26,USC00166434,368,107.68,260.32,1.52,False
2017-08-26,USC00166561,15,24.26,-9.26,0.16,False
2017-08-26,USC00166686,0,11.09,-11.09,0.16,False
2017-08-26,USC00166808,0,3.79,-3.79,0.19,False
2017-08-26,USC00166938,5,69.68,-64.68,-0.11,False
2017-08-26,USC00166968,81,133.16,-52.16,-0.05,False
2017-08-26,USC00166995,25,47.55,-22.55,0.1,False
2017-08-26,USC00167366,0,16.04,-16.04,0.13,False
2017-08-26,USC00167932,0,108.98,-108.98,-0.34,False
2017-08-26,USC00168136,0,11.64,-11.64,0.15,False
2017-08-26,USC00168181,71,50.39,20.61,0.31,False
2017-08-26,USC00168831,254,119.08,134.92,0.89,False
2017-08-26,USC00169074,114,4.86,109.14,0.76,False
2017-08-26,USC00169369,0,50.13,-50.13,-0.04,False
2017-08-26,USC00169376,117,168.43,-51.43,-0.05,False
2017-08-26,USC00223441,0,1.67,-1.67,0.2,False
2017-08-26,USC00410569,980,1212.41,-232.41,-0.95,False
2017-08-26,USC00410586,417,808.4,-391.4,-1.75,False
2017-08-26,USC00410611,140,248.7,-108.7,-0.33,False
2017-08-26,USC00410613,109,344.41,-235.41,-0.97,False
2017-08-26,USC00410655,831,904.74,-73.74,-0.16,False
2017-08-26,USC00411048,648,797.11,-149.11,-0.54,False
2017-08-26,USC00411596,0,191.95,-191.95,-0.75,False
2017-08-26,USC00411810,117,560.76,-443.76,-2.01,False
2017-08-26,USC00411956,1267,641.43,625.57,3.35,False
2017-08-26,USC00412114,0,54.48,-54.48,-0.06,False
2017-08-26,USC00412206,742,853.24,-111.24,-0.35,False
2017-08-26,USC00412266,1377,1299.37,77.63,0.6,False
2017-08-26,USC00412786,726,1252.39,-526.39,-2.43,False
2017-08-26,USC00413340,495,1064.35,-569.35,-2.64,False
2017-08-26,USC00414325,757,962.95,-205.95,-0.82,False
2017-08-26,USC00414327,660,899.54,-239.54,-0.99,False
2017-08-26,USC00414333,3658,982.46,2675.54,13.62,True
2017-08-26,USC00414382,30,248.52,-218.52,-0.88,False
2017-08-26,USC00414704,826,1028.3,-202.3,-0.8,False
2017-08-26,USC00414878,36,143.34,-107.34,-0.33,False
2017-08-26,USC00415196,533,682.8,-149.8,-0.54,False
2017-08-26,USC00415427,56,31.51,24.49,0.33,False
2017-08-26,USC00415435,76,196.77,-120.77,-0.39,False
2017-08-26,USC00415477,51,281.82,-230.82,-0.95,False
2017-08-26,USC00416024,635,481.35,153.65,0.98,False
2017-08-26,USC00416280,147,699.97,-552.97,-2.56,False
2017-08-26,USC00416664,411,175.4,235.6,1.39,False
2017-08-26,USC00416680,102,171.2,-69.2,-0.14,False
2017-08-26,USC00417040,5,20.21,-15.21,0.13,False
2017-08-26,USC00417172,635,336.18,298.82,1.71,False
2017-08-26,USC00417594,1697,1327.1,369.9,2.07,False
2017-08-26,USC00417936,0,29.48,-29.48,0.06,False
2017-08-26,USC00418996,2083,1176.17,906.83,4.76,True
2017-08-26,USC00419101,0,65.25,-65.25,-0.12,False
2017-08-26,USC00419605,1207,1126.29,80.71,0.62,False
2017-08-26,USC00419655,1966,1390.78,575.22,3.09,False
2017-08-26,USW00003904,1234,493.34,740.66,3.92,True
2017-08-26,USW00003937,64,146.31,-82.31,-0.2,False
2017-08-26,USW00003949,30,13.47,16.53,0.29,False
2017-08-26,USW00012917,696,315.82,380.18,2.12,False
2017-08-26,USW00012918,3066,938.71,2127.29,10.87,True
2017-08-26,USW00012923,1046,981.28,64.72,0.54,False
2017-08-26,USW00012935,1298,1112.87,185.13,1.14,False
2017-08-26,USW00012960,2126,796.02,1329.98,6.88,True
2017-08-26,USW00012968,0,63.49,-63.49,-0.11,False
2017-08-26,USW00012975,2337,1020.36,1316.64,6.81,True
2017-08-26,USW00012976,538,1120.98,-582.98,-2.71,False
2017-08-26,USW00012977,1455,1331.96,123.04,0.83,False
2017-08-26,USW00012981,3,1236.1,-1233.1,-5.97,True
2017-08-26,USW00013935,8,3.17,4.83,0.24,False
2017-08-26,USW00013970,0,10.33,-10.33,0.16,False
2017-08-26,USW00013976,84,56.57,27.43,0.35,False
2017-08-26,USW00053902,1453,637.61,815.39,4.3,True
2017-08-26,USW00053903,871,191.7,679.3,3.62,True
2017-08-26,USW00053910,1582,780.48,801.52,4.23,True
2017-08-26,USW00053915,104,60.29,43.71,0.43,False
2017-08-26,USW00053928,1593,753.94,839.06,4.42,True
2017-08-26,USW00053960,36,68.42,-32.42,0.05,False
2017-08-26,USW00053988,43,40.93,2.07,0.22,False
2017-08-26,USW00093915,3,5.14,-2.14,0.2,False
2017-08-26,USW00093987,333,33.64,299.36,1.71,False
2017-08-27,US1LAAC0002,188,217.43,-29.43,0.15,False
2017-08-27,US1LAAC0003,320,247.23,72.77,0.45,False
2017-08-27,US1LABG0002,191,463.19,-272.19,-0.55,False
2017-08-27,US1LACC0003,231,407.04,-176.04,-0.27,False
2017-08-27,US1LACC0005,272,511.53,-239.53,-0.46,False
2017-08-27,US1LACC0006,323,678.7,-355.7,-0.79,False
2017-08-27,US1LACC0009,112,427.71,-315.71,-0.68,False
2017-08-27,US1LACM0003,376,617.0,-241.0,-0.46,False
2017-08-27,US1LAEB0002,218,64.25,153.75,0.68,False
2017-08-27,US1LAEB0009,0,53.57,-53.57,0.08,False
2017-08-27,US1LAEB0019,0,48.21,-48.21,0.1,False
2017-08-27,US1LAEB0023,0,54.73,-54.73,0.08,False
2017-08-27,US1LAEB0027,5,66.08,-61.08,0.06,False
2017-08-27,US1LAEB0031,3,44.63,-41.63,0.12,False
2017-08-27,US1LAEB0033,36,93.3,-57.3,0.07,False
2017-08-27,US1LAEB0041,23,78.47,-55.47,0.08,False
2017-08-27,US1LAEB0042,135,65.99,69.01,0.44,False
2017-08-27,US1LAEB0046,175,73.58,101.42,0.53,False
2017-08-27,US1LAEB0056,3,77.02,-74.02,0.02,False
2017-08-27,US1LAEB0060,38,70.86,-32.86,0.14,False
2017-08-27,US1LALY0006,104,204.71,-100.71,-0.05,False
2017-08-27,US1LALY0007,53,170.69,-117.69,-0.1,False
2017-08-27,US1LAPC0002,0,91.12,-91.12,-0.03,False
2017-08-27,US1LARP0007,10,69.51,-59.51,0.07,False
2017-08-27,US1LARP0009,0,55.91,-55.91,0.08,False
2017-08-27,US1LASL0001,135,169.11,-34.11,0.14,False
2017-08-27,US1LASM0002,18,194.6,-176.6,-0.27,False
2017-08-27,US1LAVM0002,318,317.0,1.0,0.24,False
2017-08-27,US1LAVM0004,249,277.69,-28.69,0.15,False
2017-08-27,US1LAWB0002,25,86.22,-61.22,0.06,False
2017-08-27,US1LAWF0004,76,64.62,11.38,0.27,False
2017-08-27,US1TXAG0001,587,876.53,-289.53,-0.6,False
2017-08-27,US1TXAG0002,747,854.15,-107.15,-0.07,False
2017-08-27,US1TXAG0003,592,889.54,-297.54,-0.62,False
2017-08-27,US1TXAG0005,699,845.03,-146.03,-0.19,False
2017-08-27,US1TXAG0006,683,863.23,-180.23,-0.28,False
2017-08-27,US1TXAG0009,500,914.96,-414.96,-0.97,False
2017-08-27,US1TXAS0002,1981,2006.56,-25.56,0.16,False
2017-08-27,US1TXAS0003,1628,1964.8,-336.8,-0.74,False
2017-08-27,US1TXAS0004,1951,1944.03,6.97,0.26,False
2017-08-27,US1TXAS0005,1151,2098.58,-947.58,-2.51,False
2017-08-27,US1TXAS0006,1349,2084.72,-735.72,-1.9,False
2017-08-27,US1TXAS0007,1504,2000.44,-496.44,-1.2,False
2017-08-27,US1TXAS0012,1544,1984.33,-440.33,-1.04,False
2017-08-27,US1TXAS0015,1247,1739.05,-492.05,-1.19,False
2017-08-27,US1TXAS0017,1542,2312.34,-770.34,-2.0,False
2017-08-27,US1TXAS0018,1702,2028.33,-326.33,-0.71,False
2017-08-27,US1TXBRZ018,2276,3057.9,-781.9,-2.03,False
2017-08-27,US1TXBRZ020,495,2010.14,-1515.14,-4.15,True
2017-08-27,US1TXBRZ021,879,2441.98,-1562.98,-4.29,True
2017-08-27,US1TXBRZ025,2492,3029.04,-537.04,-1.32,False
2017-08-27,US1TXBRZ032,424,2026.62,-1602.62,-4.41,True
2017-08-27,US1TXBZS040,2235,2108.97,126.03,0.6,False
2017-08-27,US1TXBZS075,2286,2152.65,133.35,0.62,False
2017-08-27,US1TXBZS088,1905,2070.65,-165.65,-0.24,False
2017-08-27,US1TXBZS096,2253,2187.33,65.67,0.43,False
2017-08-27,US1TXBZS097,1661,2158.51,-497.51,-1.2,False
2017-08-27,US1TXBZS099,2002,2084.1,-82.1,0.0,False
2017-08-27,US1TXBZS100,2654,2083.36,570.64,1.89,False
2017-08-27,US1TXBZS102,1872,2090.91,-218.91,-0.4,False
2017-08-27,US1TXBZS103,2418,2146.31,271.69,1.03,False
2017-08-27,US1TXBZS104,2101,2146.56,-45.56,0.11,False
2017-08-27,US1TXCHM008,3553,3060.57,492.43,1.67,False
2017-08-27,US1TXCLR006,2144,2013.42,130.58,0.62,False
2017-08-27,US1TXCLR010,2195,2005.78,189.22,0.79,False
2017-08-27,US1TXFB0005,2586,2559.62,26.38,0.31,False
2017-08-27,US1TXFB0012,2631,2549.94,81.06,0.47,False
2017-08-27,US1TXFB0017,2667,2326.46,340.54,1.23,False
2017-08-27,US1TXFB0018,1806,2534.81,-728.81,-1.87,False
2017-08-27,US1TXFB0022,2172,2525.23,-353.23,-0.79,False
2017-08-27,US1TXFB0025,2748,2577.66,170.34,0.73,False
2017-08-27,US1TXFB0027,2111,2594.47,-483.47,-1.16,False
2017-08-27,US1TXFB0042,2446,2495.36,-49.36,0.09,False
2017-08-27,US1TXFB0051,1636,2517.12,-881.12,-2.32,False
2017-08-27,US1TXFB0053,1265,2578.4,-1313.4,-3.57,True
2017-08-27,US1TXGM0007,2090,2113.56,-23.56,0.17,False
2017-08-27,US1TXGV0005,2794,3297.84,-503.84,-1.22,False
2017-08-27,US1TXGV0017,3033,3130.77,-97.77,-0.05,False
2017-08-27,US1TXGV0018,1946,2536.03,-590.03,-1.47,False
2017-08-27,US1TXGV0029,3048,3460.7,-412.7,-0.96,False
2017-08-27,US1TXGV0034,4554,3304.91,1249.09,3.86,True
2017-08-27,US1TXGV0044,5491,3198.95,2292.05,6.88,True
2017-08-27,US1TXGV0046,3787,3354.21,432.79,1.49,False
2017-08-27,US1TXGV0049,2286,3117.83,-831.83,-2.17,False
2017-08-27,US1TXGV0051,4463,3027.39,1435.61,4.4,True
2017-08-27,US1TXGV0052,5080,3202.46,1877.54,5.68,True
2017-08-27,US1TXGV0054,1267,2341.69,-1074.69,-2.88,False
2017-08-27,US1TXGV0060,4923,3108.69,1814.31,5.5,True
2017-08-27,US1TXGV0063,4214,3227.62,986.38,3.1,False
2017-08-27,US1TXGV0064,4623,3104.71,1518.29,4.64,True
2017-08-27,US1TXGV0065,1080,2911.57,-1831.57,-5.07,True
2017-08-27,US1TXGV0069,2670,3402.48,-732.48,-1.89,False
2017-08-27,US1TXGV0070,2489,3091.62,-602.62,-1.51,False
2017-08-27,US1TXGV0071,3048,3285.04,-237.04,-0.45,False
2017-08-27,US1TXGV0073,1902,2012.86,-110.86,-0.08,False
2017-08-27,US1TXHRN001,1372,1515.7,-143.7,-0.18,False
2017-08-27,US1TXHRN006,1689,1654.85,34.15,0.34,False
2017-08-27,US1TXHRR004,2807,2626.7,180.3,0.76,False
2017-08-27,US1TXHRR015,2537,2868.09,-331.09,-0.72,False
2017-08-27,US1TXHRR027,2845,2700.02,144.98,0.66,False
2017-08-27,US1TXHRR028,4318,3291.54,1026.46,3.21,False
2017-08-27,US1TXHRR031,4930,3173.86,1756.14,5.33,True
2017-08-27,US1TXHRR032,5293,3282.19,2010.81,6.07,True
2017-08-27,US1TXHRR033,2235,2847.98,-612.98,-1.54,False
2017-08-27,US1TXHRR058,2398,2788.46,-390.46,-0.89,False
2017-08-27,US1TXHRR074,2911,2731.73,179.27,0.76,False
2017-08-27,US1TXHRR089,2946,3185.28,-239.28,-0.46,False
2017-08-27,US1TXHRR093,5217,3165.42,2051.58,6.19,True
2017-08-27,US1TXHRR095,3251,3320.16,-69.16,0.04,False
2017-08-27,US1TXHRR116,1976,2435.82,-459.82,-1.1,False
2017-08-27,US1TXHRR117,2469,2708.07,-239.07,-0.46,False
2017-08-27,US1TXHRR119,3581,2928.18,652.82,2.13,False
2017-08-27,US1TXHRR122,2692,2647.97,44.03,0.37,False
2017-08-27,US1TXHRR124,3424,2768.05,655.95,2.14,False
2017-08-27,US1TXHRR139,4567,3074.26,1492.74,4.57,True
2017-08-27,US1TXHRR147,4862,3368.13,1493.87,4.57,True
2017-08-27,US1TXHRR150,2532,2777.13,-245.13,-0.47,False
2017-08-27,US1TXHRR162,2761,2763.31,-2.31,0.23,False
2017-08-27,US1TXHRR164,3213,2729.39,483.61,1.64,False
2017-08-27,US1TXHRR165,3607,2936.48,670.52,2.18,False
2017-08-27,US1TXHRR168,4440,3301.3,1138.7,3.54,True
2017-08-27,US1TXHRR170,2461,3348.1,-887.1,-2.33,False
2017-08-27,US1TXHRR176,2858,2868.24,-10.24,0.21,False
2017-08-27,US1TXHRR203,2824,2761.5,62.5,0.42,False
2017-08-27,US1TXHRR209,2845,3059.03,-214.03,-0.38,False
2017-08-27,US1TXHRR217,3048,3426.89,-378.89,-0.86,False
2017-08-27,US1TXHRR222,2868,2778.88,89.12,0.5,False
2017-08-27,US1TXHRR223,3175,2678.69,496.31,1.68,False
2017-08-27,US1TXHRR228,2700,2609.29,90.71,0.5,False
2017-08-27,US1TXHRR232,3505,2974.37,530.63,1.78,False
2017-08-27,US1TXHRR236,3305,2681.96,623.04,2.04,False
2017-08-27,US1TXHRR238,3467,3318.86,148.14,0.67,False
2017-08-27,US1TXHRR243,2616,2761.85,-145.85,-0.18,False
2017-08-27,US1TXHRR306,2583,2787.61,-204.61,-0.36,False
2017-08-27,US1TXHST003,559,1252.83,-693.83,-1.77,False
2017-08-27,US1TXJJ0003,2126,1131.91,994.09,3.12,False
2017-08-27,US1TXJJ0009,1488,1768.46,-280.46,-0.58,False
2017-08-27,US1TXJJ0010,0,1733.43,-1733.43,-4.79,True
2017-08-27,US1TXJJ0011,2492,1563.43,928.57,2.93,False
2017-08-27,US1TXJS0002,579,856.37,-277.37,-0.57,False
2017-08-27,US1TXJS0003,358,862.71,-504.71,-1.23,False
2017-08-27,US1TXJS0006,643,984.03,-341.03,-0.75,False
2017-08-27,US1TXLR0001,2807,2870.4,-63.4,0.05,False
2017-08-27,US1TXLR0010,3249,2917.73,331.27,1.2,False
2017-08-27,US1TXLR0013,3919,2813.9,1105.1,3.44,False
2017-08-27,US1TXLR0014,6350,2820.41,3529.59,10.47,True
2017-08-27,US1TXMDS002,1407,1828.17,-421.17,-0.98,False
2017-08-27,US1TXMNG008,2347,2648.29,-301.29,-0.64,False
2017-08-27,US1TXMNG014,2410,2454.52,-44.52,0.11,False
2017-08-27,US1TXMNG018,2809,2471.58,337.42,1.22,False
2017-08-27,US1TXMNG020,2365,2524.9,-159.9,-0.23,False
2017-08-27,US1TXMNG021,2286,2451.81,-165.81,-0.24,False
2017-08-27,US1TXMNG026,2156,2656.03,-500.03,-1.21,False
2017-08-27,US1TXMNG031,2388,2705.06,-317.06,-0.68,False
2017-08-27,US1TXMNG035,2393,2638.23,-245.23,-0.47,False
2017-08-27,US1TXMNG036,2367,2623.84,-256.84,-0.51,False
2017-08-27,US1TXMNG051,3739,2532.68,1206.32,3.74,True
2017-08-27,US1TXMNG054,2756,2605.45,150.55,0.67,False
2017-08-27,US1TXMNG058,2743,2679.31,63.69,0.42,False
2017-08-27,US1TXMNG061,2731,2642.47,88.53,0.49,False
2017-08-27,US1TXMNG064,2032,2790.58,-758.58,-1.96,False
2017-08-27,US1TXNW0002,188,442.42,-254.42,-0.5,False
2017-08-27,US1TXOR0001,942,1222.7,-280.7,-0.58,False
2017-08-27,US1TXOR0006,1585,1182.75,402.25,1.4,False
2017-08-27,US1TXPL0003,2177,1775.75,401.25,1.4,False
2017-08-27,US1TXPL0018,2022,2036.9,-14.9,0.19,False
2017-08-27,US1TXPL0027,1392,2020.23,-628.23,-1.58,False
2017-08-27,US1TXPL0028,1930,2012.56,-82.56,-0.0,False
2017-08-27,US1TXPL0032,1275,1774.03,-499.03,-1.21,False
2017-08-27,US1TXPL0035,1537,1846.37,-309.37,-0.66,False
2017-08-27,US1TXSA0001,445,656.95,-211.95,-0.38,False
2017-08-27,US1TXSA0002,665,615.64,49.36,0.38,False
2017-08-27,US1TXSB0001,152,495.9,-343.9,-0.76,False
2017-08-27,US1TXSJ0011,1242,2082.59,-840.59,-2.2,False
2017-08-27,US1TXSJ0012,2146,2123.52,22.48,0.3,False
2017-08-27,US1TXTR0003,1222,1459.4,-237.4,-0.45,False
2017-08-27,US1TXTR0009,813,1162.63,-349.63,-0.78,False
2017-08-27,US1TXTR0012,1072,1195.09,-123.09,-0.12,False
2017-08-27,US1TXTR0013,1181,928.22,252.78,0.97,False
2017-08-27,US1TXTT0003,1120,1890.25,-770.25,-2.0,False
2017-08-27,US1TXTT0006,1207,1909.4,-702.4,-1.8,False
2017-08-27,US1TXWA0003,2553,2235.31,317.69,1.16,False
2017-08-27,US1TXWA0006,1941,2060.03,-119.03,-0.11,False
2017-08-27,US1TXWA0009,1948,2055.96,-107.96,-0.07,False
2017-08-27,US1TXWA0010,2182,2070.2,111.8,0.56,False
2017-08-27,US1TXWA0012,3025,2204.78,820.22,2.62,False
2017-08-27,US1TXWA0014,1778,2202.43,-424.43,-0.99,False
2017-08-27,US1TXWA0017,2134,2081.27,52.73,0.39,False
2017-08-27,US1TXWA0018,1727,1916.65,-189.65,-0.31,False
2017-08-27,US1TXWA0024,1377,1893.4,-516.4,-1.26,False
2017-08-27,US1TXWH0001,2642,1725.56,916.44,2.89,False
2017-08-27,US1TXWH0002,983,1322.9,-339.9,-0.75,False
2017-08-27,US1TXWH0004,777,1186.73,-409.73,-0.95,False
2017-08-27,US1TXWH0005,775,1241.91,-466.91,-1.12,False
2017-08-27,US1TXWH0009,1120,2119.0,-999.0,-2.66,False
2017-08-27,US1TXWH0011,892,1282.95,-390.95,-0.9,False
2017-08-27,US1TXWH0018,1331,2186.67,-855.67,-2.24,False
2017-08-27,US1TXWK0003,3002,2218.7,783.3,2.51,False
2017-08-27,US1TXWK0005,1974,2154.33,-180.33,-0.28,False
2017-08-27,US1TXWK0011,2819,2386.4,432.6,1.49,False
2017-08-27,US1TXWK0012,1732,2157.39,-425.39,-1.0,False
2017-08-27,US1TXWK0013,1651,2114.8,-463.8,-1.11,False
2017-08-27,US1TXWK0014,2032,2077.95,-45.95,0.1,False
2017-08-27,US1TXWK0015,1951,2127.65,-176.65,-0.27,False
2017-08-27,US1TXWK0018,1727,2111.39,-384.39,-0.88,False
2017-08-27,US1TXWK0020,1981,2123.02,-142.02,-0.17,False
2017-08-27,US1TXWK0021,2692,1986.71,705.29,2.28,False
2017-08-27,US1TXWK0025,1969,2112.67,-143.67,-0.18,False
2017-08-27,US1TXWK0026,1892,2175.38,-283.38,-0.58,False
2017-08-27,US1TXWL0009,1867,2347.98,-480.98,-1.16,False
2017-08-27,USC00160007,318,243.06,74.94,0.46,False
2017-08-27,USC00160098,0,56.56,-56.56,0.07,False
2017-08-27,USC00160103,51,55.98,-4.98,0.22,False
2017-08-27,USC00160548,5,88.58,-83.58,-0.0,False
2017-08-27,USC00160558,3,61.98,-58.98,0.07,False
2017-08-27,USC00160565,0,119.02,-119.02,-0.11,False
2017-08-27,USC00160617,279,185.41,93.59,0.51,False
2017-08-27,USC00160658,0,557.84,-557.84,-1.38,False
2017-08-27,USC00161232,107,118.86,-11.86,0.2,False
2017-08-27,USC00161287,76,114.9,-38.9,0.13,False
2017-08-27,USC00161535,135,177.63,-42.63,0.11,False
2017-08-27,USC00161565,104,89.85,14.15,0.28,False
2017-08-27,USC00162212,292,272.37,19.63,0.29,False
2017-08-27,USC00162534,53,109.2,-56.2,0.08,False
2017-08-27,USC00163313,343,134.68,208.32,0.84,False
2017-08-27,USC00163800,272,148.88,123.12,0.59,False
2017-08-27,USC00164288,462,318.69,143.31,0.65,False
2017-08-27,USC00164674,64,167.3,-103.3,-0.06,False
2017-08-27,USC00164700,119,320.1,-201.1,-0.35,False
2017-08-27,USC00164739,0,60.58,-60.58,0.06,False
2017-08-27,USC00164775,386,285.99,100.01,0.53,False
2017-08-27,USC00165065,353,348.79,4.21,0.25,False
2017-08-27,USC00165072,234,543.79,-309.79,-0.66,False
2017-08-27,USC00165074,292,480.36,-188.36,-0.31,False
2017-08-27,USC00165076,157,532.19,-375.19,-0.85,False
2017-08-27,USC00165266,208,293.88,-85.88,-0.01,False
2017-08-27,USC00165296,188,266.11,-78.11,0.01,False
2017-08-27,USC00165620,79,73.09,5.91,0.26,False
2017-08-27,USC00166394,0,136.49,-136.49,-0.16,False
2017-08-27,USC00166431,264,515.52,-251.52,-0.49,False
2017-08-27,USC00166434,1001,448.92,552.08,1.84,False
2017-08-27,USC00166561,442,78.26,363.74,1.29,False
2017-08-27,USC00166686,165,56.6,108.4,0.55,False
2017-08-27,USC00166808,122,43.71,78.29,0.47,False
2017-08-27,USC00166938,18,291.1,-273.1,-0.55,False
2017-08-27,USC00166968,368,467.31,-99.31,-0.05,False
2017-08-27,USC00166995,64,167.15,-103.15,-0.06,False
2017-08-27,USC00167366,64,83.92,-19.92,0.18,False
2017-08-27,USC00167932,1219,343.61,875.39,2.78,False
2017-08-27,USC00168136,8,86.61,-78.61,0.01,False
2017-08-27,USC00168181,41,304.82,-263.82,-0.53,False
2017-08-27,USC00168831,1143,507.73,635.27,2.08,False
2017-08-27,USC00169074,361,364.22,-3.22,0.23,False
2017-08-27,USC00169376,1130,844.44,285.56,1.07,False
2017-08-27,USC00223441,0,55.86,-55.86,0.08,False
2017-08-27,USC00410569,709,1933.85,-1224.85,-3.31,False
2017-08-27,USC00410586,4209,2995.26,1213.74,3.76,True
2017-08-27,USC00410611,1257,1524.65,-267.65,-0.54,False
2017-08-27,USC00410613,1740,2027.53,-287.53,-0.6,False
2017-08-27,USC00410655,1240,1747.01,-507.01,-1.23,False
2017-08-27,USC00411048,1422,1874.71,-452.71,-1.07,False
2017-08-27,USC00411596,559,1816.38,-1257.38,-3.41,False
2017-08-27,USC00411810,3073,2765.22,307.78,1.13,False
2017-08-27,USC00411956,3465,2573.62,891.38,2.82,False
2017-08-27,USC00412114,676,1243.63,-567.63,-1.41,False
2017-08-27,USC00412206,2540,2664.71,-124.71,-0.12,False
2017-08-27,USC00412266,861,1409.35,-548.35,-1.35,False
2017-08-27,USC00412786,516,1311.35,-795.35,-2.07,False
2017-08-27,USC00413340,500,2225.49,-1725.49,-4.76,True
2017-08-27,USC00414325,3233,2966.17,266.83,1.01,False
2017-08-27,USC00414327,2637,2774.33,-137.33,-0.16,False
2017-08-27,USC00414333,4084,3269.35,814.65,2.6,False
2017-08-27,USC00414382,1969,2057.79,-88.79,-0.02,False
2017-08-27,USC00414563,368,759.4,-391.4,-0.9,False
2017-08-27,USC00414704,1930,2443.77,-513.77,-1.25,False
2017-08-27,USC00414878,1742,1604.73,137.27,0.64,False
2017-08-27,USC00415196,2845,3002.21,-157.21,-0.22,False
2017-08-27,USC00415427,818,809.41,8.59,0.26,False
2017-08-27,USC00415435,1283,1481.77,-198.77,-0.34,False
2017-08-27,USC00415477,551,1941.09,-1390.09,-3.79,True
2017-08-27,USC00416024,2438,2411.13,26.87,0.32,False
2017-08-27,USC00416280,2144,2851.91,-707.91,-1.81,False
2017-08-27,USC00416664,940,997.74,-57.74,0.07,False
2017-08-27,USC00416680,406,993.56,-587.56,-1.47,False
2017-08-27,USC00417040,244,568.38,-324.38,-0.7,False
2017-08-27,USC00417172,2304,1304.61,999.39,3.14,False
2017-08-27,USC00417594,2802,2450.05,351.95,1.26,False
2017-08-27,USC00417936,439,700.35,-261.35,-0.52,False
2017-08-27,USC00418996,2852,2583.1,268.9,1.02,False
2017-08-27,USC00419101,1026,971.31,54.69,0.4,False
2017-08-27,USC00419605,805,2380.63,-1575.63,-4.33,True
2017-08-27,USC00419655,1341,2243.09,-902.09,-2.38,False
2017-08-27,USW00003904,1892,2157.6,-265.6,-0.53,False
2017-08-27,USW00003937,805,523.88,281.12,1.05,False
2017-08-27,USW00003949,330,234.72,95.28,0.51,False
2017-08-27,USW00012917,2281,1345.67,935.33,2.95,False
2017-08-27,USW00012918,2791,3270.92,-479.92,-1.15,False
2017-08-27,USW00012923,886,2826.06,-1940.06,-5.39,True
2017-08-27,USW00012935,41,1038.15,-997.15,-2.65,False
2017-08-27,USW00012960,4082,2802.05,1279.95,3.95,True
2017-08-27,USW00012968,0,183.31,-183.31,-0.29,False
2017-08-27,USW00012975,2096,3252.63,-1156.63,-3.12,False
2017-08-27,USW00012976,775,2263.07,-1488.07,-4.08,True
2017-08-27,USW00012977,1715,2593.22,-878.22,-2.31,False
2017-08-27,USW00012981,2482,2038.05,443.95,1.53,False
2017-08-27,USW00013935,43,66.68,-23.68,0.17,False
2017-08-27,USW00013970,46,66.41,-20.41,0.18,False
2017-08-27,USW00013976,495,171.27,323.73,1.18,False
2017-08-27,USW00053902,3038,2599.99,438.01,1.51,False
2017-08-27,USW00053903,2875,2001.16,873.84,2.77,False
2017-08-27,USW00053910,3934,2681.59,1252.41,3.87,True
2017-08-27,USW00053915,378,183.8,194.2,0.8,False
2017-08-27,USW00053928,1816,2041.16,-225.16,-0.41,False
2017-08-27,USW00053960,418,107.37,310.63,1.14,False
2017-08-27,USW00053988,310,214.08,95.92,0.52,False
2017-08-27,USW00093915,86,74.09,11.91,0.27,False
2017-08-27,USW00093987,932,968.4,-36.4,0.13,False
2017-08-28,US1LAAC0002,460,725.1,-265.1,-0.52,False
2017-08-28,US1LAAC0003,325,785.9,-460.9,-1.01,False
2017-08-28,US1LABG0002,1575,1409.9,165.1,0.55,False
2017-08-28,US1LACC0003,1405,1346.92,58.08,0.28,False
2017-08-28,US1LACC0005,1102,1395.11,-293.11,-0.59,False
2017-08-28,US1LACC0006,1011,1411.72,-400.72,-0.86,False
2017-08-28,US1LACC0009,1344,1396.48,-52.48,0.01,False
2017-08-28,US1LACC0014,1499,1501.96,-2.96,0.13,False
2017-08-28,US1LACC0018,1397,1438.04,-41.04,0.04,False
2017-08-28,US1LACM0003,1826,1580.51,245.49,0.75,False
2017-08-28,US1LAEB0002,84,188.75,-104.75,-0.12,False
2017-08-28,US1LAEB0009,84,195.48,-111.48,-0.14,False
2017-08-28,US1LAEB0019,107,174.82,-67.82,-0.03,False
2017-08-28,US1LAEB0023,84,196.48,-112.48,-0.14,False
2017-08-28,US1LAEB0027,229,187.54,41.46,0.24,False
2017-08-28,US1LAEB0031,58,178.63,-120.63,-0.16,False
2017-08-28,US1LAEB0033,201,174.84,26.16,0.2,False
2017-08-28,US1LAEB0041,91,180.41,-89.41,-0.08,False
2017-08-28,US1LAEB0042,132,170.16,-38.16,0.04,False
2017-08-28,US1LAEB0046,180,180.05,-0.05,0.14,False
2017-08-28,US1LAEB0054,81,201.54,-120.54,-0.16,False
2017-08-28,US1LAEB0056,241,260.5,-19.5,0.09,False
2017-08-28,US1LAEB0059,147,162.81,-15.81,0.1,False
2017-08-28,US1LAEB0060,102,185.75,-83.75,-0.07,False
2017-08-28,US1LALY0006,485,574.0,-89.0,-0.08,False
2017-08-28,US1LALY0007,495,514.31,-19.31,0.09,False
2017-08-28,US1LAPC0002,371,288.85,82.15,0.34,False
2017-08-28,US1LARP0007,152,501.22,-349.22,-0.73,False
2017-08-28,US1LARP0009,109,402.22,-293.22,-0.59,False
2017-08-28,US1LASL0001,467,521.54,-54.54,0.0,False
2017-08-28,US1LASM0002,569,562.58,6.42,0.16,False
2017-08-28,US1LAVM0002,749,839.52,-90.52,-0.09,False
2017-08-28,US1LAVM0004,775,707.28,67.72,0.31,False
2017-08-28,US1LAWB0002,91,231.37,-140.37,-0.21,False
2017-08-28,US1LAWF0004,610,229.39,380.61,1.09,False
2017-08-28,US1MSAD0004,160,209.28,-49.28,0.02,False
2017-08-28,US1TXAG0001,970,1334.49,-364.49,-0.77,False
2017-08-28,US1TXAG0002,1377,1409.83,-32.83,0.06,False
2017-08-28,US1TXAG0003,1123,1268.95,-145.95,-0.22,False
2017-08-28,US1TXAG0005,991,1236.44,-245.44,-0.47,False
2017-08-28,US1TXAG0006,869,1310.48,-441.48,-0.96,False
2017-08-28,US1TXAG0009,1041,1336.67,-295.67,-0.6,False
2017-08-28,US1TXAS0002,2311,2119.33,191.67,0.62,False
2017-08-28,US1TXAS0003,2743,2253.31,489.69,1.36,False
2017-08-28,US1TXAS0004,2705,2312.46,392.54,1.12,False
2017-08-28,US1TXAS0005,2098,2195.71,-97.71,-0.1,False
2017-08-28,US1TXAS0006,2334,2219.49,114.51,0.42,False
2017-08-28,US1TXAS0007,2449,2188.13,260.87,0.79,False
2017-08-28,US1TXAS0012,2621,2280.44,340.56,0.99,False
2017-08-28,US1TXAS0015,2187,2095.0,92.0,0.37,False
2017-08-28,US1TXAS0017,1191,2118.14,-927.14,-2.17,False
2017-08-28,US1TXAS0018,2639,2335.15,303.85,0.9,False
2017-08-28,US1TXBRZ018,2743,1830.41,912.59,2.41,False
2017-08-28,US1TXBRZ020,1024,1353.71,-329.71,-0.68,False
2017-08-28,US1TXBRZ021,838,1633.39,-795.39,-1.84,False
2017-08-28,US1TXBRZ025,688,1985.93,-1297.93,-3.09,False
2017-08-28,US1TXBRZ032,434,1452.81,-1018.81,-2.4,False
2017-08-28,US1TXBZS040,2164,2034.05,129.95,0.46,False
2017-08-28,US1TXBZS075,1778,1681.28,96.72,0.38,False
2017-08-28,US1TXBZS088,1976,1913.97,62.03,0.29,False
2017-08-28,US1TXBZS096,843,1806.9,-963.9,-2.26,False
2017-08-28,US1TXBZS097,1204,1803.92,-599.92,-1.35,False
2017-08-28,US1TXBZS099,1892,1828.09,63.91,0.3,False
2017-08-28,US1TXBZS100,2144,1818.31,325.69,0.95,False
2017-08-28,US1TXBZS102,1991,1739.51,251.49,0.77,False
2017-08-28,US1TXBZS103,1765,1512.28,252.72,0.77,False
2017-08-28,US1TXBZS104,2060,1849.31,210.69,0.66,False
2017-08-28,US1TXCHM008,2870,2196.75,673.25,1.81,False
2017-08-28,US1TXCLR006,2184,2115.85,68.15,0.31,False
2017-08-28,US1TXCLR010,2182,2128.15,53.85,0.27,False
2017-08-28,US1TXFB0005,2446,2161.04,284.96,0.85,False
2017-08-28,US1TXFB0012,2235,2230.57,4.43,0.15,False
2017-08-28,US1TXFB0017,2667,2487.87,179.13,0.59,False
2017-08-28,US1TXFB0018,3396,2291.23,1104.77,2.89,False
2017-08-28,US1TXFB0022,1684,2028.91,-344.91,-0.72,False
2017-08-28,US1TXFB0027,2334,2108.2,225.8,0.7,False
2017-08-28,US1TXFB0042,1661,2096.96,-435.96,-0.95,False
2017-08-28,US1TXFB0051,3571,2274.25,1296.75,3.37,False
2017-08-28,US1TXFB0053,4173,2314.09,1858.91,4.77,True
2017-08-28,US1TXGM0007,2278,2092.66,185.34,0.6,False
2017-08-28,US1TXGV0005,2794,1797.75,996.25,2.62,False
2017-08-28,US1TXGV0017,343,1524.65,-1181.65,-2.8,False
2017-08-28,US1TXGV0018,602,1439.47,-837.47,-1.94,False
2017-08-28,US1TXGV0029,1405,1737.32,-332.32,-0.69,False
2017-08-28,US1TXGV0034,1758,1790.68,-32.68,0.06,False
2017-08-28,US1TXGV0044,785,1751.01,-966.01,-2.26,False
2017-08-28,US1TXGV0046,1499,1727.16,-228.16,-0.43,False
2017-08-28,US1TXGV0049,257,1448.59,-1191.59,-2.83,False
2017-08-28,US1TXGV0051,480,1445.14,-965.14,-2.26,False
2017-08-28,US1TXGV0052,1524,1831.44,-307.44,-0.63,False
2017-08-28,US1TXGV0054,2540,752.43,1787.57,4.59,True
2017-08-28,US1TXGV0060,1461,1652.07,-191.07,-0.34,False
2017-08-28,US1TXGV0063,1242,1899.36,-657.36,-1.5,False
2017-08-28,US1TXGV0064,767,1556.94,-789.94,-1.83,False
2017-08-28,US1TXGV0065,183,1533.16,-1350.16,-3.22,False
2017-08-28,US1TXGV0069,1572,1805.04,-233.04,-0.44,False
2017-08-28,US1TXGV0070,787,1495.32,-708.32,-1.62,False
2017-08-28,US1TXGV0071,655,1649.06,-994.06,-2.33,False
2017-08-28,US1TXGV0073,201,1967.15,-1766.15,-4.26,True
2017-08-28,US1TXHRN001,2578,2050.97,527.03,1.45,False
2017-08-28,US1TXHRN005,1638,1993.33,-355.33,-0.74,False
2017-08-28,US1TXHRN006,2088,1897.44,190.56,0.61,False
2017-08-28,US1TXHRR004,2553,2354.84,198.16,0.63,False
2017-08-28,US1TXHRR015,3414,2297.0,1117.0,2.92,False
2017-08-28,US1TXHRR027,2101,2286.15,-185.15,-0.32,False
2017-08-28,US1TXHRR028,1618,1828.76,-210.76,-0.39,False
2017-08-28,US1TXHRR031,1582,1824.38,-242.38,-0.46,False
2017-08-28,US1TXHRR032,1537,1996.57,-459.57,-1.0,False
2017-08-28,US1TXHRR033,2667,2360.74,306.26,0.9,False
2017-08-28,US1TXHRR058,2451,2223.48,227.52,0.71,False
2017-08-28,US1TXHRR074,2233,2300.08,-67.08,-0.03,False
2017-08-28,US1TXHRR089,1669,1728.31,-59.31,-0.01,False
2017-08-28,US1TXHRR093,2111,2022.8,88.2,0.36,False
2017-08-28,US1TXHRR095,2624,1835.91,788.09,2.1,False
2017-08-28,US1TXHRR116,4661,2610.15,2050.85,5.24,True
2017-08-28,US1TXHRR117,2395,2227.16,167.84,0.56,False
2017-08-28,US1TXHRR119,1636,2049.06,-413.06,-0.89,False
2017-08-28,US1TXHRR122,2515,2347.32,167.68,0.56,False
2017-08-28,US1TXHRR124,2751,2242.39,508.61,1.4,False
2017-08-28,US1TXHRR139,2692,2084.63,607.37,1.65,False
2017-08-28,US1TXHRR147,2261,1925.2,335.8,0.97,False
2017-08-28,US1TXHRR150,2700,2378.19,321.81,0.94,False
2017-08-28,US1TXHRR162,1720,2137.64,-417.64,-0.9,False
2017-08-28,US1TXHRR164,2596,2288.63,307.37,0.9,False
2017-08-28,US1TXHRR165,2652,2164.48,487.52,1.35,False
2017-08-28,US1TXHRR168,1900,1904.11,-4.11,0.13,False
2017-08-28,US1TXHRR170,1417,1797.4,-380.4,-0.81,False
2017-08-28,US1TXHRR203,2664,2197.73,466.27,1.3,False
2017-08-28,US1TXHRR209,2469,2213.35,255.65,0.78,False
2017-08-28,US1TXHRR217,1882,1819.86,62.14,0.29,False
2017-08-28,US1TXHRR222,3167,3004.8,162.2,0.54,False
2017-08-28,US1TXHRR223,4318,2609.24,1708.76,4.39,True
2017-08-28,US1TXHRR228,3424,2467.45,956.55,2.52,False
2017-08-28,US1TXHRR232,1547,2113.89,-566.89,-1.27,False
2017-08-28,US1TXHRR236,2304,2237.44,66.56,0.3,False
2017-08-28,US1TXHRR238,1471,1934.79,-463.79,-1.01,False
2017-08-28,US1TXHRR243,2332,2247.53,84.47,0.35,False
2017-08-28,US1TXHRR306,2819,2356.32,462.68,1.29,False
2017-08-28,US1TXHST003,549,1644.38,-1095.38,-2.59,False
2017-08-28,US1TXJJ0003,2794,1906.89,887.11,2.35,False
2017-08-28,US1TXJJ0009,3145,2063.45,1081.55,2.83,False
2017-08-28,US1TXJJ0011,1910,2269.57,-359.57,-0.76,False
2017-08-28,US1TXJS0002,1219,1434.75,-215.75,-0.4,False
2017-08-28,US1TXJS0003,1130,1568.94,-438.94,-0.95,False
2017-08-28,US1TXJS0006,1519,1690.87,-171.87,-0.29,False
2017-08-28,US1TXLR0001,2515,2647.49,-132.49,-0.19,False
2017-08-28,US1TXLR0010,2997,2560.18,436.82,1.23,False
2017-08-28,US1TXLR0013,3437,2516.96,920.04,2.43,False
2017-08-28,US1TXLR0014,3117,2351.63,765.37,2.04,False
2017-08-28,US1TXMDS002,2174,2049.04,124.96,0.45,False
2017-08-28,US1TXMNG008,2606,2265.03,340.97,0.99,False
2017-08-28,US1TXMNG014,2253,2320.85,-67.85,-0.03,False
2017-08-28,US1TXMNG020,2187,2317.43,-130.43,-0.19,False
2017-08-28,US1TXMNG021,2085,2325.26,-240.26,-0.46,False
2017-08-28,US1TXMNG026,2134,2286.29,-152.29,-0.24,False
2017-08-28,US1TXMNG030,2794,2352.35,441.65,1.24,False
2017-08-28,US1TXMNG031,2223,2261.76,-38.76,0.04,False
2017-08-28,US1TXMNG035,1760,2263.45,-503.45,-1.11,False
2017-08-28,US1TXMNG036,737,2313.51,-1576.51,-3.78,True
2017-08-28,US1TXMNG051,1740,2278.82,-538.82,-1.2,False
2017-08-28,US1TXMNG058,2819,2356.23,462.77,1.29,False
2017-08-28,US1TXMNG061,1506,2311.05,-805.05,-1.86,False
2017-08-28,US1TXMNG064,3025,2298.0,727.0,1.95,False
2017-08-28,US1TXNW0002,1143,1086.33,56.67,0.28,False
2017-08-28,US1TXOR0001,2695,1823.13,871.87,2.31,False
2017-08-28,US1TXOR0006,1890,1894.59,-4.59,0.13,False
2017-08-28,US1TXPL0003,2492,2247.91,244.09,0.75,False
2017-08-28,US1TXPL0018,2360,2309.44,50.56,0.27,False
2017-08-28,US1TXPL0027,2327,2300.83,26.17,0.2,False
2017-08-28,US1TXPL0028,2362,2308.69,53.31,0.27,False
2017-08-28,US1TXPL0032,1575,2138.09,-563.09,-1.26,False
2017-08-28,US1TXPL0035,1854,2217.07,-363.07,-0.76,False
2017-08-28,US1TXSA0001,1029,1203.96,-174.96,-0.3,False
2017-08-28,US1TXSB0001,1143,1035.47,107.53,0.41,False
2017-08-28,US1TXSJ0010,1933,2311.48,-378.48,-0.8,False
2017-08-28,US1TXSJ0011,2139,2383.97,-244.97,-0.47,False
2017-08-28,US1TXSJ0012,4191,2342.67,1848.33,4.74,True
2017-08-28,US1TXTR0003,1862,1920.13,-58.13,-0.01,False
2017-08-28,US1TXTR0009,1549,1732.76,-183.76,-0.32,False
2017-08-28,US1TXTR0012,1585,1747.53,-162.53,-0.27,False
2017-08-28,US1TXTR0013,1621,1521.9,99.1,0.39,False
2017-08-28,US1TXTT0003,1974,2189.19,-215.19,-0.4,False
2017-08-28,US1TXTT0006,2134,2236.32,-102.32,-0.12,False
2017-08-28,US1TXWA0003,1905,2210.38,-305.38,-0.62,False
2017-08-28,US1TXWA0006,1991,2038.22,-47.22,0.02,False
2017-08-28,US1TXWA0009,1867,2088.67,-221.67,-0.41,False
2017-08-28,US1TXWA0010,2179,2074.12,104.88,0.4,False
2017-08-28,US1TXWA0012,2096,2190.16,-94.16,-0.1,False
2017-08-28,US1TXWA0014,2083,2154.27,-71.27,-0.04,False
2017-08-28,US1TXWA0017,2047,2099.8,-52.8,0.01,False
2017-08-28,US1TXWA0018,2159,2012.53,146.47,0.5,False
2017-08-28,US1TXWA0024,2085,2024.81,60.19,0.29,False
2017-08-28,US1TXWH0001,538,1136.28,-598.28,-1.35,False
2017-08-28,US1TXWH0002,267,1099.17,-832.17,-1.93,False
2017-08-28,US1TXWH0004,653,846.28,-193.28,-0.34,False
2017-08-28,US1TXWH0005,323,1017.26,-694.26,-1.59,False
2017-08-28,US1TXWH0009,582,1514.8,-932.8,-2.18,False
2017-08-28,US1TXWH0011,384,1052.18,-668.18,-1.52,False
2017-08-28,US1TXWH0018,602,1742.27,-1140.27,-2.7,False
2017-08-28,US1TXWK0003,2946,2370.11,575.89,1.57,False
2017-08-28,US1TXWK0005,3236,2438.19,797.81,2.12,False
2017-08-28,US1TXWK0011,2855,2434.2,420.8,1.19,False
2017-08-28,US1TXWK0012,2794,2332.69,461.31,1.29,False
2017-08-28,US1TXWK0013,2959,2365.61,593.39,1.62,False
2017-08-28,US1TXWK0014,1961,2365.81,-404.81,-0.87,False
2017-08-28,US1TXWK0015,2959,2496.09,462.91,1.29,False
2017-08-28,US1TXWK0018,3632,2625.78,1006.22,2.64,False
2017-08-28,US1TXWK0020,3175,2618.62,556.38,1.52,False
2017-08-28,US1TXWK0021,2591,2281.24,309.76,0.91,False
2017-08-28,US1TXWK0025,2649,2676.99,-27.99,0.07,False
2017-08-28,US1TXWK0026,3747,2461.03,1285.97,3.34,False
2017-08-28,US1TXWL0009,4255,2191.85,2063.15,5.27,True
2017-08-28,USC00160007,693,750.42,-57.42,-0.0,False
2017-08-28,USC00160098,102,408.37,-306.37,-0.62,False
2017-08-28,USC00160103,775,326.41,448.59,1.26,False
2017-08-28,USC00160548,130,177.83,-47.83,0.02,False
2017-08-28,USC00160558,244,179.38,64.62,0.3,False
2017-08-28,USC00160565,452,320.19,131.81,0.47,False
2017-08-28,USC00160617,1003,746.14,256.86,0.78,False
2017-08-28,USC00160658,2936,1444.19,1491.81,3.85,True
2017-08-28,USC00161232,605,558.14,46.86,0.26,False
2017-08-28,USC00161287,191,471.8,-280.8,-0.56,False
2017-08-28,USC00161535,549,540.18,8.82,0.16,False
2017-08-28,USC00161565,284,251.82,32.18,0.22,False
2017-08-28,USC00162212,427,816.63,-389.63,-0.83,False
2017-08-28,USC00162534,226,251.36,-25.36,0.08,False
2017-08-28,USC00163313,1138,396.21,741.79,1.99,False
2017-08-28,USC00163800,660,503.73,156.27,0.53,False
2017-08-28,USC00163979,2830,1654.12,1175.88,3.07,False
2017-08-28,USC00164288,635,891.12,-256.12,-0.5,False
2017-08-28,USC00164674,521,493.33,27.67,0.21,False
2017-08-28,USC00164700,874,1107.06,-233.06,-0.44,False
2017-08-28,USC00164739,25,349.34,-324.34,-0.67,False
2017-08-28,USC00164775,805,822.31,-17.31,0.1,False
2017-08-28,USC00165065,1760,1168.02,591.98,1.61,False
2017-08-28,USC00165072,1298,1468.67,-170.67,-0.29,False
2017-08-28,USC00165074,1334,1403.15,-69.15,-0.03,False
2017-08-28,USC00165076,584,1465.0,-881.0,-2.05,False
2017-08-28,USC00165266,752,1005.1,-253.1,-0.49,False
2017-08-28,USC00165287,1392,984.31,407.69,1.15,False
2017-08-28,USC00165296,965,771.11,193.89,0.62,False
2017-08-28,USC00165620,79,192.57,-113.57,-0.14,False
2017-08-28,USC00165920,137,406.79,-269.79,-0.53,False
2017-08-28,USC00166394,434,325.84,108.16,0.41,False
2017-08-28,USC00166431,1405,1491.95,-86.95,-0.08,False
2017-08-28,USC00166434,2583,1381.6,1201.4,3.13,False
2017-08-28,USC00166561,71,282.14,-211.14,-0.39,False
2017-08-28,USC00166686,470,257.68,212.32,0.67,False
2017-08-28,USC00166808,0,198.47,-198.47,-0.35,False
2017-08-28,USC00166938,922,1029.79,-107.79,-0.13,False
2017-08-28,USC00166968,1524,1445.31,78.69,0.34,False
2017-08-28,USC00166995,366,533.04,-167.04,-0.28,False
2017-08-28,USC00167366,114,234.54,-120.54,-0.16,False
2017-08-28,USC00167932,1488,1275.82,212.18,0.67,False
2017-08-28,USC00168136,137,312.16,-175.16,-0.3,False
2017-08-28,USC00168181,610,700.11,-90.11,-0.08,False
2017-08-28,USC00168831,1168,1400.34,-232.34,-0.44,False
2017-08-28,USC00169074,963,1075.59,-112.59,-0.14,False
2017-08-28,USC00169369,559,641.86,-82.86,-0.07,False
2017-08-28,USC00169376,1537,1613.3,-76.3,-0.05,False
2017-08-28,USC00223441,30,173.84,-143.84,-0.22,False
2017-08-28,USC00410569,0,1462.6,-1462.6,-3.5,True
2017-08-28,USC00410586,3213,2237.32,975.68,2.57,False
2017-08-28,USC00410611,2586,2089.9,496.1,1.37,False
2017-08-28,USC00410613,2761,2155.65,605.35,1.65,False
2017-08-28,USC00410655,1956,2201.26,-245.26,-0.47,False
2017-08-28,USC00411048,1900,2079.45,-179.45,-0.31,False
2017-08-28,USC00411596,508,2159.63,-1651.63,-3.97,True
2017-08-28,USC00411810,3785,2446.84,1338.16,3.47,False
2017-08-28,USC00411956,2799,2205.32,593.68,1.62,False
2017-08-28,USC00412114,622,1655.99,-1033.99,-2.43,False
2017-08-28,USC00412206,2032,2294.11,-262.11,-0.51,False
2017-08-28,USC00412266,259,1200.53,-941.53,-2.2,False
2017-08-28,USC00412786,0,1066.69,-1066.69,-2.52,False
2017-08-28,USC00413340,1232,1390.22,-158.22,-0.25,False
2017-08-28,USC00414325,1588,2039.31,-451.31,-0.98,False
2017-08-28,USC00414327,2139,2251.34,-112.34,-0.14,False
2017-08-28,USC00414333,2250,1713.53,536.47,1.47,False
2017-08-28,USC00414382,3109,2712.17,396.83,1.13,False
2017-08-28,USC00414563,1041,1381.06,-340.06,-0.71,False
2017-08-28,USC00414704,3810,2794.06,1015.94,2.67,False
2017-08-28,USC00414878,1689,1957.14,-268.14,-0.53,False
2017-08-28,USC00415196,4547,2213.56,2333.44,5.95,True
2017-08-28,USC00415427,1067,1211.56,-144.56,-0.22,False
2017-08-28,USC00415435,2273,2086.51,186.49,0.6,False
2017-08-28,USC00415477,1539,2148.6,-609.6,-1.38,False
2017-08-28,USC00416024,2311,2252.08,58.92,0.29,False
2017-08-28,USC00416280,1458,2410.3,-952.3,-2.23,False
2017-08-28,USC00416664,572,1827.21,-1255.21,-2.98,False
2017-08-28,USC00416680,1168,1701.25,-533.25,-1.19,False
2017-08-28,USC00417040,264,1159.98,-895.98,-2.09,False
2017-08-28,USC00417172,1798,2042.72,-244.72,-0.47,False
2017-08-28,USC00417594,1760,2192.07,-432.07,-0.94,False
2017-08-28,USC00417936,1064,1254.83,-190.83,-0.34,False
2017-08-28,USC00418996,457,2010.33,-1553.33,-3.73,True
2017-08-28,USC00419101,1410,1563.98,-153.98,-0.24,False
2017-08-28,USC00419605,683,1621.11,-938.11,-2.2,False
2017-08-28,USC00419655,417,1190.94,-773.94,-1.79,False
2017-08-28,USC00419898,1880,1805.85,74.15,0.32,False
2017-08-28,USW00003904,838,1872.01,-1034.01,-2.43,False
2017-08-28,USW00003937,1745,1490.55,254.45,0.77,False
2017-08-28,USW00003949,653,795.54,-142.54,-0.22,False
2017-08-28,USW00012917,1402,2126.85,-724.85,-1.66,False
2017-08-28,USW00012918,2390,1976.52,413.48,1.17,False
2017-08-28,USW00012923,963,1412.99,-449.99,-0.98,False
2017-08-28,USW00012935,168,528.27,-360.27,-0.76,False
2017-08-28,USW00012960,1016,2302.39,-1286.39,-3.06,False
2017-08-28,USW00012968,0,553.61,-553.61,-1.24,False
2017-08-28,USW00012975,2941,1857.41,1083.59,2.84,False
2017-08-28,USW00012976,1450,1502.62,-52.62,0.01,False
2017-08-28,USW00012977,1811,2225.24,-414.24,-0.89,False
2017-08-28,USW00012981,1100,1396.48,-296.48,-0.6,False
2017-08-28,USW00013935,490,383.8,106.2,0.4,False
2017-08-28,USW00013970,366,201.73,164.27,0.55,False
2017-08-28,USW00013976,719,546.91,172.09,0.57,False
2017-08-28,USW00053902,554,2375.72,-1821.72,-4.39,True
2017-08-28,USW00053903,1064,2620.26,-1556.26,-3.73,True
2017-08-28,USW00053910,894,2300.98,-1406.98,-3.36,False
2017-08-28,USW00053915,996,558.31,437.69,1.23,False
2017-08-28,USW00053928,401,2192.27,-1791.27,-4.32,True
2017-08-28,USW00053960,833,583.56,249.44,0.76,False
2017-08-28,USW00053988,866,872.03,-6.03,0.12,False
2017-08-28,USW00093915,673,413.45,259.55,0.79,False
2017-08-28,USW00093987,724,1484.41,-760.41,-1.75,False
2017-08-29,US1LAAC0002,589,733.56,-144.56,-0.2,False
2017-08-29,US1LAAC0003,561,813.1,-252.1,-0.56,False
2017-08-29,US1LAAV0001,691,572.2,118.8,0.69,False
2017-08-29,US1LABG0002,1209,1177.61,31.39,0.39,False
2017-08-29,US1LACC0003,1859,1115.84,743.16,2.8,False
2017-08-29,US1LACC0005,1171,1407.87,-236.87,-0.51,False
2017-08-29,US1LACC0006,1303,1355.74,-52.74,0.11,False
2017-08-29,US1LACC0009,1758,1192.86,565.14,2.2,False
2017-08-29,US1LACC0014,1669,1169.54,499.46,1.98,False
2017-08-29,US1LACC0018,1397,1276.37,120.63,0.7,False
2017-08-29,US1LACM0003,579,1238.38,-659.38,-1.94,False
2017-08-29,US1LAEB0002,617,550.21,66.79,0.51,False
2017-08-29,US1LAEB0009,406,512.2,-106.2,-0.07,False
2017-08-29,US1LAEB0014,864,509.73,354.27,1.49,False
2017-08-29,US1LAEB0019,518,509.68,8.32,0.32,False
2017-08-29,US1LAEB0023,447,509.28,-62.28,0.08,False
2017-08-29,US1LAEB0027,432,580.32,-148.32,-0.21,False
2017-08-29,US1LAEB0031,335,525.37,-190.37,-0.35,False
2017-08-29,US1LAEB0033,577,561.22,15.78,0.34,False
2017-08-29,US1LAEB0041,711,539.89,171.11,0.87,False
2017-08-29,US1LAEB0042,478,482.31,-4.31,0.27,False
2017-08-29,US1LAEB0046,505,557.73,-52.73,0.11,False
2017-08-29,US1LAEB0053,533,549.08,-16.08,0.23,False
2017-08-29,US1LAEB0056,521,506.58,14.42,0.34,False
2017-08-29,US1LAEB0059,401,518.5,-117.5,-0.11,False
2017-08-29,US1LAEB0060,495,550.58,-55.58,0.1,False
2017-08-29,US1LAJD0002,1024,1030.41,-6.41,0.27,False
2017-08-29,US1LALY0006,704,672.41,31.59,0.4,False
2017-08-29,US1LALY0007,749,630.46,118.54,0.69,False
2017-08-29,US1LAPC0002,396,507.56,-111.56,-0.09,False
2017-08-29,US1LARP0007,716,411.54,304.46,1.32,False
2017-08-29,US1LARP0009,711,450.36,260.64,1.17,False
2017-08-29,US1LASL0001,754,581.87,172.13,0.87,False
2017-08-29,US1LASM0002,1237,690.64,546.36,2.13,False
2017-08-29,US1LAVM0002,892,866.16,25.84,0.38,False
2017-08-29,US1LAVM0004,1232,909.62,322.38,1.38,False
2017-08-29,US1LAWB0002,635,559.19,75.81,0.54,False
2017-08-29,US1LAWF0004,0,515.89,-515.89,-1.45,False
2017-08-29,US1MSAD0001,429,436.26,-7.26,0.26,False
2017-08-29,US1MSAD0004,439,391.94,47.06,0.45,False
2017-08-29,US1TXAG0001,178,390.18,-212.18,-0.43,False
2017-08-29,US1TXAG0002,732,691.82,40.18,0.42,False
2017-08-29,US1TXAG0003,267,405.28,-138.28,-0.18,False
2017-08-29,US1TXAG0005,287,386.89,-99.89,-0.05,False
2017-08-29,US1TXAG0006,191,400.11,-209.11,-0.42,False
2017-08-29,US1TXAG0009,267,377.18,-110.18,-0.08,False
2017-08-29,US1TXAS0002,221,598.54,-377.54,-0.99,False
2017-08-29,US1TXAS0003,254,598.01,-344.01,-0.87,False
2017-08-29,US1TXAS0004,221,534.81,-313.81,-0.77,False
2017-08-29,US1TXAS0005,833,906.77,-73.77,0.04,False
2017-08-29,US1TXAS0006,792,920.45,-128.45,-0.15,False
2017-08-29,US1TXAS0007,559,940.5,-381.5,-1.0,False
2017-08-29,US1TXAS0012,269,602.94,-333.94,-0.84,False
2017-08-29,US1TXAS0015,208,444.41,-236.41,-0.51,False
2017-08-29,US1TXAS0017,970,1223.76,-253.76,-0.57,False
2017-08-29,US1TXAS0018,224,537.07,-313.07,-0.77,False
2017-08-29,US1TXBRZ018,1504,2152.79,-648.79,-1.9,False
2017-08-29,US1TXBRZ020,447,1348.48,-901.48,-2.76,False
2017-08-29,US1TXBRZ021,1250,1720.96,-470.96,-1.3,False
2017-08-29,US1TXBRZ025,3454,1974.47,1479.53,5.29,True
2017-08-29,US1TXBRZ027,165,1432.94,-1267.94,-3.99,True
2017-08-29,US1TXBRZ032,1468,1303.31,164.69,0.84,False
2017-08-29,US1TXBZS040,97,301.83,-204.83,-0.4,False
2017-08-29,US1TXBZS088,15,208.1,-193.1,-0.36,False
2017-08-29,US1TXBZS096,15,142.4,-127.4,-0.14,False
2017-08-29,US1TXBZS097,61,174.9,-113.9,-0.1,False
2017-08-29,US1TXBZS099,46,186.63,-140.63,-0.19,False
2017-08-29,US1TXBZS100,86,221.62,-135.62,-0.17,False
2017-08-29,US1TXBZS102,13,169.6,-156.6,-0.24,False
2017-08-29,US1TXBZS103,66,124.41,-58.41,0.09,False
2017-08-29,US1TXBZS104,84,225.75,-141.75,-0.19,False
2017-08-29,US1TXCHM008,2426,1959.65,466.35,1.86,False
2017-08-29,US1TXCLR006,348,595.0,-247.0,-0.55,False
2017-08-29,US1TXCLR010,221,591.97,-370.97,-0.96,False
2017-08-29,US1TXFB0005,1958,1588.31,369.69,1.54,False
2017-08-29,US1TXFB0012,1880,1614.25,265.75,1.19,False
2017-08-29,US1TXFB0017,1361,1552.84,-191.84,-0.36,False
2017-08-29,US1TXFB0018,1826,1439.06,386.94,1.6,False
2017-08-29,US1TXFB0022,1336,1498.36,-162.36,-0.26,False
2017-08-29,US1TXFB0027,1991,1538.53,452.47,1.82,False
2017-08-29,US1TXFB0042,1654,1469.27,184.73,0.91,False
2017-08-29,US1TXFB0051,1346,1480.62,-134.62,-0.17,False
2017-08-29,US1TXGM0007,89,345.93,-256.93,-0.58,False
2017-08-29,US1TXGV0005,2855,2361.45,493.55,1.96,False
2017-08-29,US1TXGV0017,3048,2305.15,742.85,2.8,False
2017-08-29,US1TXGV0018,2009,2224.54,-215.54,-0.44,False
2017-08-29,US1TXGV0029,3023,2481.87,541.13,2.12,False
2017-08-29,US1TXGV0034,3546,2451.39,1094.61,3.99,True
2017-08-29,US1TXGV0044,2682,2381.68,300.32,1.3,False
2017-08-29,US1TXGV0046,3073,2484.41,588.59,2.28,False
2017-08-29,US1TXGV0049,1953,2309.98,-356.98,-0.92,False
2017-08-29,US1TXGV0051,2398,2300.09,97.91,0.62,False
2017-08-29,US1TXGV0052,2540,2426.16,113.84,0.67,False
2017-08-29,US1TXGV0054,1448,2479.25,-1031.25,-3.19,False
2017-08-29,US1TXGV0060,3010,2217.92,792.08,2.96,False
2017-08-29,US1TXGV0063,3312,2434.8,877.2,3.25,False
2017-08-29,US1TXGV0064,2644,2268.99,375.01,1.56,False
2017-08-29,US1TXGV0065,1880,2233.2,-353.2,-0.9,False
2017-08-29,US1TXGV0069,3112,2372.2,739.8,2.79,False
2017-08-29,US1TXGV0070,2779,2322.93,456.07,1.83,False
2017-08-29,US1TXGV0071,2626,2300.21,325.79,1.39,False
2017-08-29,US1TXGV0073,2692,1834.34,857.66,3.19,False
2017-08-29,US1TXHRN001,1356,1453.67,-97.67,-0.04,False
2017-08-29,US1TXHRN005,1019,1361.67,-342.67,-0.87,False
2017-08-29,US1TXHRN006,1265,1297.36,-32.36,0.18,False
2017-08-29,US1TXHRR004,1595,1549.1,45.9,0.44,False
2017-08-29,US1TXHRR015,1582,1592.37,-10.37,0.25,False
2017-08-29,US1TXHRR027,1654,1617.26,36.74,0.41,False
2017-08-29,US1TXHRR028,3505,2564.89,940.11,3.46,False
2017-08-29,US1TXHRR031,3642,2573.94,1068.06,3.9,True
2017-08-29,US1TXHRR032,3305,2171.32,1133.68,4.12,True
2017-08-29,US1TXHRR033,1740,1568.51,171.49,0.87,False
2017-08-29,US1TXHRR058,1930,1577.25,352.75,1.48,False
2017-08-29,US1TXHRR074,1306,1308.52,-2.52,0.28,False
2017-08-29,US1TXHRR089,3162,2852.14,309.86,1.34,False
2017-08-29,US1TXHRR093,3124,2069.05,1054.95,3.85,True
2017-08-29,US1TXHRR095,3510,2457.12,1052.88,3.84,True
2017-08-29,US1TXHRR116,1151,1130.58,20.42,0.36,False
2017-08-29,US1TXHRR117,1054,1132.87,-78.87,0.02,False
2017-08-29,US1TXHRR119,2202,1788.6,413.4,1.68,False
2017-08-29,US1TXHRR122,1679,1532.83,146.17,0.78,False
2017-08-29,US1TXHRR124,1252,1328.41,-76.41,0.03,False
2017-08-29,US1TXHRR139,2106,1951.85,154.15,0.81,False
2017-08-29,US1TXHRR147,2743,2272.7,470.3,1.88,False
2017-08-29,US1TXHRR150,1491,1536.82,-45.82,0.13,False
2017-08-29,US1TXHRR162,1646,1654.5,-8.5,0.26,False
2017-08-29,US1TXHRR164,1260,1362.28,-102.28,-0.06,False
2017-08-29,US1TXHRR165,1920,1777.32,142.68,0.77,False
2017-08-29,US1TXHRR168,2819,2368.58,450.42,1.81,False
2017-08-29,US1TXHRR170,3780,2687.41,1092.59,3.98,True
2017-08-29,US1TXHRR203,1702,1620.52,81.48,0.56,False
2017-08-29,US1TXHRR209,1867,1766.9,100.1,0.63,False
2017-08-29,US1TXHRR217,3653,2570.11,1082.89,3.95,True
2017-08-29,US1TXHRR222,1506,1478.06,27.94,0.38,False
2017-08-29,US1TXHRR223,1524,1473.3,50.7,0.46,False
2017-08-29,US1TXHRR228,1405,1409.49,-4.49,0.27,False
2017-08-29,US1TXHRR232,2106,1797.01,308.99,1.33,False
2017-08-29,US1TXHRR236,2362,1540.98,821.02,3.06,False
2017-08-29,US1TXHRR238,3432,2507.44,924.56,3.41,False
2017-08-29,US1TXHRR243,1252,1280.44,-28.44,0.19,False
2017-08-29,US1TXHRR306,1588,1497.14,90.86,0.6,False
2017-08-29,US1TXHST003,48,311.38,-263.38,-0.6,False
2017-08-29,US1TXJJ0003,1036,2501.15,-1465.15,-4.66,True
2017-08-29,US1TXJJ0009,2875,1945.51,929.49,3.43,False
2017-08-29,US1TXJJ0011,2794,2040.25,753.75,2.83,False
2017-08-29,US1TXJS0002,993,895.7,97.3,0.62,False
2017-08-29,US1TXJS0003,704,1256.82,-552.82,-1.58,False
2017-08-29,US1TXJS0006,810,1340.03,-530.03,-1.5,False
2017-08-29,US1TXLR0001,544,1296.6,-752.6,-2.25,False
2017-08-29,US1TXLR0010,1064,1343.68,-279.68,-0.66,False
2017-08-29,US1TXLR0013,1186,1279.49,-93.49,-0.03,False
2017-08-29,US1TXLR0014,1615,1731.17,-116.17,-0.1,False
2017-08-29,US1TXMNG008,874,1139.05,-265.05,-0.61,False
2017-08-29,US1TXMNG014,302,767.65,-465.65,-1.28,False
2017-08-29,US1TXMNG020,737,818.68,-81.68,0.01,False
2017-08-29,US1TXMNG021,254,643.33,-389.33,-1.03,False
2017-08-29,US1TXMNG026,734,1147.55,-413.55,-1.11,False
2017-08-29,US1TXMNG030,983,1259.12,-276.12,-0.64,False
2017-08-29,US1TXMNG031,681,1155.54,-474.54,-1.31,False
2017-08-29,US1TXMNG035,630,1096.49,-466.49,-1.29,False
2017-08-29,US1TXMNG036,648,1099.43,-451.43,-1.24,False
2017-08-29,US1TXMNG051,485,1057.69,-572.69,-1.65,False
2017-08-29,US1TXMNG058,1643,1152.53,490.47,1.95,False
2017-08-29,US1TXMNG061,2695,1015.93,1679.07,5.96,True
2017-08-29,US1TXMNG064,630,1319.21,-689.21,-2.04,False
2017-08-29,US1TXMTG004,602,835.86,-233.86,-0.5,False
2017-08-29,US1TXNW0002,798,722.03,75.97,0.55,False
2017-08-29,US1TXOR0001,1171,1772.23,-601.23,-1.74,False
2017-08-29,US1TXOR0006,787,1573.92,-786.92,-2.37,False
2017-08-29,US1TXPL0003,975,672.69,302.31,1.31,False
2017-08-29,US1TXPL0018,650,735.98,-85.98,-0.0,False
2017-08-29,US1TXPL0027,671,756.51,-85.51,0.0,False
2017-08-29,US1TXPL0028,554,727.74,-173.74,-0.3,False
2017-08-29,US1TXPL0032,762,686.24,75.76,0.54,False
2017-08-29,US1TXPL0035,757,675.25,81.75,0.56,False
2017-08-29,US1TXSA0001,726,734.8,-8.8,0.26,False
2017-08-29,US1TXSB0001,356,706.91,-350.91,-0.9,False
2017-08-29,US1TXSJ0010,343,650.22,-307.22,-0.75,False
2017-08-29,US1TXSJ0011,518,692.48,-174.48,-0.3,False
2017-08-29,US1TXSJ0012,922,653.39,268.61,1.2,False
2017-08-29,US1TXTR0003,1080,1084.66,-4.66,0.27,False
2017-08-29,US1TXTR0009,960,872.9,87.1,0.58,False
2017-08-29,US1TXTR0012,884,1194.84,-310.84,-0.76,False
2017-08-29,US1TXTR0013,1156,898.59,257.41,1.16,False
2017-08-29,US1TXTT0003,201,481.74,-280.74,-0.66,False
2017-08-29,US1TXTT0006,231,549.27,-318.27,-0.79,False
2017-08-29,US1TXWA0003,241,624.56,-383.56,-1.01,False
2017-08-29,US1TXWA0006,257,405.34,-148.34,-0.21,False
2017-08-29,US1TXWA0009,254,407.83,-153.83,-0.23,False
2017-08-29,US1TXWA0010,249,472.0,-223.0,-0.46,False
2017-08-29,US1TXWA0012,295,594.89,-299.89,-0.72,False
2017-08-29,US1TXWA0014,295,556.69,-261.69,-0.59,False
2017-08-29,US1TXWA0017,168,418.65,-250.65,-0.56,False
2017-08-29,US1TXWA0018,279,452.22,-173.22,-0.3,False
2017-08-29,US1TXWA0024,307,441.44,-134.44,-0.17,False
2017-08-29,US1TXWH0001,0,1337.82,-1337.82,-4.23,True
2017-08-29,US1TXWH0002,1113,911.76,201.24,0.97,False
2017-08-29,US1TXWH0004,737,1034.64,-297.64,-0.72,False
2017-08-29,US1TXWH0005,805,942.41,-137.41,-0.18,False
2017-08-29,US1TXWH0009,1059,1190.24,-131.24,-0.15,False
2017-08-29,US1TXWH0011,886,972.31,-86.31,-0.0,False
2017-08-29,US1TXWH0018,1318,1238.6,79.4,0.56,False
2017-08-29,US1TXWK0003,462,610.78,-148.78,-0.21,False
2017-08-29,US1TXWK0005,566,546.79,19.21,0.35,False
2017-08-29,US1TXWK0011,457,786.8,-329.8,-0.82,False
2017-08-29,US1TXWK0012,597,491.6,105.4,0.64,False
2017-08-29,US1TXWK0013,521,519.47,1.53,0.29,False
2017-08-29,US1TXWK0014,170,520.2,-350.2,-0.89,False
2017-08-29,US1TXWK0015,572,615.51,-43.51,0.14,False
2017-08-29,US1TXWK0018,508,584.61,-76.61,0.03,False
2017-08-29,US1TXWK0020,427,600.11,-173.11,-0.3,False
2017-08-29,US1TXWK0021,259,522.41,-263.41,-0.6,False
2017-08-29,US1TXWK0025,472,580.5,-108.5,-0.08,False
2017-08-29,US1TXWK0026,721,623.82,97.18,0.62,False
2017-08-29,USC00160007,1077,989.39,87.61,0.58,False
2017-08-29,USC00160098,533,507.55,25.45,0.37,False
2017-08-29,USC00160103,165,560.95,-395.95,-1.05,False
2017-08-29,USC00160462,640,501.71,138.29,0.76,False
2017-08-29,USC00160548,541,556.2,-15.2,0.24,False
2017-08-29,USC00160558,513,566.85,-53.85,0.11,False
2017-08-29,USC00160565,132,599.59,-467.59,-1.29,False
2017-08-29,USC00160617,127,802.62,-675.62,-1.99,False
2017-08-29,USC00160658,0,1248.35,-1248.35,-3.93,True
2017-08-29,USC00161232,297,504.32,-207.32,-0.41,False
2017-08-29,USC00161287,643,595.25,47.75,0.45,False
2017-08-29,USC00161535,648,660.62,-12.62,0.25,False
2017-08-29,USC00161565,508,548.79,-40.79,0.15,False
2017-08-29,USC00162212,635,826.96,-191.96,-0.36,False
2017-08-29,USC00162534,358,551.15,-193.15,-0.36,False
2017-08-29,USC00163313,826,638.27,187.73,0.92,False
2017-08-29,USC00163800,213,679.22,-466.22,-1.29,False
2017-08-29,USC00163979,0,1433.99,-1433.99,-4.55,True
2017-08-29,USC00164288,295,687.04,-392.04,-1.04,False
2017-08-29,USC00164674,1003,666.39,336.61,1.43,False
2017-08-29,USC00164700,538,960.29,-422.29,-1.14,False
2017-08-29,USC00164739,335,432.3,-97.3,-0.04,False
2017-08-29,USC00164775,864,879.63,-15.63,0.24,False
2017-08-29,USC00165065,744,985.98,-241.98,-0.53,False
2017-08-29,USC00165072,2174,1336.95,837.05,3.12,False
2017-08-29,USC00165074,1913,1373.08,539.92,2.11,False
2017-08-29,USC00165076,584,1402.95,-818.95,-2.48,False
2017-08-29,USC00165266,886,771.77,114.23,0.67,False
2017-08-29,USC00165287,775,874.53,-99.53,-0.05,False
2017-08-29,USC00165296,1135,800.55,334.45,1.42,False
2017-08-29,USC00165620,572,557.45,14.55,0.34,False
2017-08-29,USC00165920,648,468.49,179.51,0.89,False
2017-08-29,USC00166394,785,584.98,200.02,0.96,False
2017-08-29,USC00166431,2322,1371.68,950.32,3.5,False
2017-08-29,USC00166434,498,1522.92,-1024.92,-3.17,False
2017-08-29,USC00166561,610,541.94,68.06,0.52,False
2017-08-29,USC00166686,254,518.98,-264.98,-0.61,False
2017-08-29,USC00166808,579,458.03,120.97,0.7,False
2017-08-29,USC00166938,597,889.38,-292.38,-0.7,False
2017-08-29,USC00166968,2489,1329.45,1159.55,4.2,True
2017-08-29,USC00166995,508,631.63,-123.63,-0.13,False
2017-08-29,USC00167366,655,555.67,99.33,0.62,False
2017-08-29,USC00167448,635,546.23,88.77,0.59,False
2017-08-29,USC00167932,1057,990.55,66.45,0.51,False
2017-08-29,USC00168136,605,463.96,141.04,0.77,False
2017-08-29,USC00168181,1123,692.0,431.0,1.74,False
2017-08-29,USC00168831,1422,1337.58,84.42,0.57,False
2017-08-29,USC00169074,660,714.1,-54.1,0.11,False
2017-08-29,USC00169369,508,653.03,-145.03,-0.2,False
2017-08-29,USC00169376,373,1435.35,-1062.35,-3.3,False
2017-08-29,USC00223441,318,487.7,-169.7,-0.28,False
2017-08-29,USC00410569,0,1199.28,-1199.28,-3.76,True
2017-08-29,USC00410586,3012,1848.0,1164.0,4.22,True
2017-08-29,USC00410611,1168,1906.03,-738.03,-2.2,False
2017-08-29,USC00410613,2520,1977.96,542.04,2.12,False
2017-08-29,USC00410655,198,458.64,-260.64,-0.59,False
2017-08-29,USC00411048,323,433.62,-110.62,-0.08,False
2017-08-29,USC00411596,64,310.39,-246.39,-0.54,False
2017-08-29,USC00411810,1016,1224.21,-208.21,-0.41,False
2017-08-29,USC00411956,1161,1090.46,70.54,0.53,False
2017-08-29,USC00412114,56,310.6,-254.6,-0.57,False
2017-08-29,USC00412206,1031,1205.56,-174.56,-0.3,False
2017-08-29,USC00412266,739,935.98,-196.98,-0.38,False
2017-08-29,USC00412786,1461,904.79,556.21,2.17,False
2017-08-29,USC00413340,1969,1582.11,386.89,1.6,False
2017-08-29,USC00414325,2149,1806.68,342.32,1.44,False
2017-08-29,USC00414327,1422,1512.55,-90.55,-0.02,False
2017-08-29,USC00414333,452,2478.95,-2026.95,-6.56,True
2017-08-29,USC00414382,752,533.16,218.84,1.03,False
2017-08-29,USC00414563,917,897.46,19.54,0.35,False
2017-08-29,USC00414704,381,1319.84,-938.84,-2.88,False
2017-08-29,USC00414878,1354,1271.47,82.53,0.57,False
2017-08-29,USC00415196,1448,1785.1,-337.1,-0.85,False
2017-08-29,USC00415427,257,388.55,-131.55,-0.16,False
2017-08-29,USC00415435,1219,1530.81,-311.81,-0.76,False
2017-08-29,USC00415477,124,414.3,-290.3,-0.69,False
2017-08-29,USC00416024,305,639.91,-334.91,-0.84,False
2017-08-29,USC00416664,1461,1488.15,-27.15,0.2,False
2017-08-29,USC00416680,1143,1344.48,-201.48,-0.39,False
2017-08-29,USC00417040,450,693.47,-243.47,-0.53,False
2017-08-29,USC00417172,5258,2100.82,3157.18,10.95,True
2017-08-29,USC00417594,1374,1493.78,-119.78,-0.12,False
2017-08-29,USC00417936,630,787.96,-157.96,-0.24,False
2017-08-29,USC00418996,13,1642.28,-1629.28,-5.21,True
2017-08-29,USC00419101,1029,987.57,41.43,0.43,False
2017-08-29,USC00419605,1847,1613.02,233.98,1.08,False
2017-08-29,USC00419655,1440,776.61,663.39,2.53,False
2017-08-29,USC00419898,1016,976.64,39.36,0.42,False
2017-08-29,USW00003904,3,177.38,-174.38,-0.3,False
2017-08-29,USW00003937,259,1344.9,-1085.9,-3.38,False
2017-08-29,USW00003949,950,545.19,404.81,1.66,False
2017-08-29,USW00012917,6612,1897.6,4714.4,16.21,True
2017-08-29,USW00012918,795,2160.81,-1365.81,-4.32,True
2017-08-29,USW00012923,2195,2231.31,-36.31,0.17,False
2017-08-29,USW00012935,0,793.17,-793.17,-2.39,False
2017-08-29,USW00012960,617,1497.86,-880.86,-2.69,False
2017-08-29,USW00012968,0,753.93,-753.93,-2.26,False
2017-08-29,USW00012975,701,2392.52,-1691.52,-5.42,True
2017-08-29,USW00012976,127,1681.44,-1554.44,-4.96,True
2017-08-29,USW00012977,211,1628.09,-1417.09,-4.5,True
2017-08-29,USW00012981,0,1413.57,-1413.57,-4.48,True
2017-08-29,USW00013935,142,508.2,-366.2,-0.95,False
2017-08-29,USW00013970,340,547.46,-207.46,-0.41,False
2017-08-29,USW00013976,373,708.77,-335.77,-0.85,False
2017-08-29,USW00053902,371,1083.64,-712.64,-2.12,False
2017-08-29,USW00053903,198,563.03,-365.03,-0.94,False
2017-08-29,USW00053910,366,1239.56,-873.56,-2.66,False
2017-08-29,USW00053915,655,764.41,-109.41,-0.08,False
2017-08-29,USW00053928,0,483.08,-483.08,-1.34,False
2017-08-29,USW00053960,657,928.0,-271.0,-0.63,False
2017-08-29,USW00053988,310,829.69,-519.69,-1.47,False
2017-08-29,USW00093915,277,508.64,-231.64,-0.49,False
2017-08-29,USW00093987,536,438.56,97.44,0.62,False
2017-08-30,US1LAAC0002,224,275.55,-51.55,-0.16,False
2017-08-30,US1LAAC0003,226,292.9,-66.9,-0.3,False
2017-08-30,US1LABG0002,792,819.34,-27.34,0.06,False
2017-08-30,US1LACC0003,376,612.09,-236.09,-1.84,False
2017-08-30,US1LACC0005,312,730.26,-418.26,-3.5,True
2017-08-30,US1LACC0006,391,815.31,-424.31,-3.56,True
2017-08-30,US1LACC0009,676,654.44,21.56,0.5,False
2017-08-30,US1LACC0014,333,656.26,-323.26,-2.64,False
2017-08-30,US1LACM0003,549,793.02,-244.02,-1.91,False
2017-08-30,US1LAEB0002,241,274.1,-33.1,0.01,False
2017-08-30,US1LAEB0009,135,263.48,-128.48,-0.86,False
2017-08-30,US1LAEB0014,394,297.65,96.35,1.18,False
2017-08-30,US1LAEB0019,378,282.94,95.06,1.17,False
2017-08-30,US1LAEB0023,231,266.03,-35.03,-0.01,False
2017-08-30,US1LAEB0027,262,307.58,-45.58,-0.11,False
2017-08-30,US1LAEB0031,224,288.41,-64.41,-0.28,False
2017-08-30,US1LAEB0033,221,272.57,-51.57,-0.16,False
2017-08-30,US1LAEB0041,175,288.44,-113.44,-0.73,False
2017-08-30,US1LAEB0042,345,307.7,37.3,0.65,False
2017-08-30,US1LAEB0046,312,268.93,43.07,0.7,False
2017-08-30,US1LAEB0054,856,272.09,583.91,5.62,True
2017-08-30,US1LAEB0056,119,242.77,-123.77,-0.82,False
2017-08-30,US1LAEB0059,323,318.59,4.41,0.35,False
2017-08-30,US1LAEB0060,284,300.51,-16.51,0.16,False
2017-08-30,US1LAJD0002,546,442.04,103.96,1.25,False
2017-08-30,US1LALY0006,343,232.94,110.06,1.31,False
2017-08-30,US1LALY0007,185,244.98,-59.98,-0.24,False
2017-08-30,US1LAPC0002,165,232.3,-67.3,-0.31,False
2017-08-30,US1LARP0007,348,344.0,4.0,0.34,False
2017-08-30,US1LARP0009,254,339.14,-85.14,-0.47,False
2017-08-30,US1LASL0001,193,241.16,-48.16,-0.13,False
2017-08-30,US1LASM0002,224,233.34,-9.34,0.22,False
2017-08-30,US1LAVM0002,353,328.83,24.17,0.53,False
2017-08-30,US1LAVM0004,218,223.7,-5.7,0.26,False
2017-08-30,US1LAWB0002,264,272.5,-8.5,0.23,False
2017-08-30,US1LAWF0004,241,226.35,14.65,0.44,False
2017-08-30,US1MSAD0001,61,145.43,-84.43,-0.46,False
2017-08-30,US1MSAD0004,81,124.87,-43.87,-0.09,False
2017-08-30,US1TXAG0001,447,503.67,-56.67,-0.21,False
2017-08-30,US1TXAG0002,1163,1284.7,-121.7,-0.8,False
2017-08-30,US1TXAG0003,579,572.08,6.92,0.37,False
2017-08-30,US1TXAG0005,538,604.96,-66.96,-0.3,False
2017-08-30,US1TXAG0006,356,570.74,-214.74,-1.65,False
2017-08-30,US1TXAG0009,384,527.28,-143.28,-1.0,False
2017-08-30,US1TXAS0003,0,46.14,-46.14,-0.11,False
2017-08-30,US1TXAS0004,0,33.74,-33.74,0.0,False
2017-08-30,US1TXAS0005,3,63.63,-60.63,-0.24,False
2017-08-30,US1TXAS0006,3,67.44,-64.44,-0.28,False
2017-08-30,US1TXAS0007,3,60.04,-57.04,-0.21,False
2017-08-30,US1TXAS0015,5,30.33,-25.33,0.08,False
2017-08-30,US1TXAS0017,0,105.04,-105.04,-0.65,False
2017-08-30,US1TXAS0018,5,32.19,-27.19,0.06,False
2017-08-30,US1TXBRZ018,183,291.21,-108.21,-0.68,False
2017-08-30,US1TXBRZ020,48,182.47,-134.47,-0.92,False
2017-08-30,US1TXBRZ021,0,219.51,-219.51,-1.69,False
2017-08-30,US1TXBRZ025,259,256.05,2.95,0.33,False
2017-08-30,US1TXBRZ032,53,183.69,-130.69,-0.88,False
2017-08-30,US1TXBZS088,0,38.69,-38.69,-0.05,False
2017-08-30,US1TXBZS096,0,17.1,-17.1,0.15,False
2017-08-30,US1TXBZS097,5,25.97,-20.97,0.12,False
2017-08-30,US1TXBZS099,0,27.69,-27.69,0.06,False
2017-08-30,US1TXBZS100,0,30.53,-30.53,0.03,False
2017-08-30,US1TXBZS102,5,24.44,-19.44,0.13,False
2017-08-30,US1TXBZS103,0,17.5,-17.5,0.15,False
2017-08-30,US1TXCHM008,511,536.91,-25.91,0.07,False
2017-08-30,US1TXCLR006,5,28.91,-23.91,0.09,False
2017-08-30,US1TXCLR010,0,30.53,-30.53,0.03,False
2017-08-30,US1TXFB0005,66,131.43,-65.43,-0.29,False
2017-08-30,US1TXFB0012,86,124.16,-38.16,-0.04,False
2017-08-30,US1TXFB0022,23,158.35,-135.35,-0.93,False
2017-08-30,US1TXFB0032,0,122.52,-122.52,-0.81,False
2017-08-30,US1TXFB0051,30,148.09,-118.09,-0.77,False
2017-08-30,US1TXGM0007,0,69.11,-69.11,-0.32,False
2017-08-30,US1TXGV0017,615,431.84,183.16,1.98,False
2017-08-30,US1TXGV0018,1100,530.12,569.88,5.5,True
2017-08-30,US1TXGV0034,422,352.45,69.55,0.94,False
2017-08-30,US1TXGV0044,597,386.17,210.83,2.23,False
2017-08-30,US1TXGV0046,483,360.32,122.68,1.42,False
2017-08-30,US1TXGV0049,340,428.06,-88.06,-0.49,False
2017-08-30,US1TXGV0051,655,396.18,258.82,2.66,False
2017-08-30,US1TXGV0052,762,303.3,458.7,4.48,True
2017-08-30,US1TXGV0054,1250,686.5,563.5,5.44,True
2017-08-30,US1TXGV0060,427,315.85,111.15,1.32,False
2017-08-30,US1TXGV0063,340,327.84,12.16,0.42,False
2017-08-30,US1TXGV0064,526,367.39,158.61,1.75,False
2017-08-30,US1TXGV0065,84,400.15,-316.15,-2.57,False
2017-08-30,US1TXGV0066,0,367.62,-367.62,-3.04,False
2017-08-30,US1TXGV0069,320,337.95,-17.95,0.14,False
2017-08-30,US1TXGV0070,696,443.98,252.02,2.6,False
2017-08-30,US1TXGV0071,724,357.07,366.93,3.65,True
2017-08-30,US1TXGV0073,866,891.98,-25.98,0.07,False
2017-08-30,US1TXHRN001,3762,2448.69,1313.31,12.27,True
2017-08-30,US1TXHRN005,3175,2841.7,333.3,3.34,False
2017-08-30,US1TXHRN006,2794,2848.9,-54.9,-0.19,False
2017-08-30,US1TXHRR015,404,330.58,73.42,0.98,False
2017-08-30,US1TXHRR027,140,165.8,-25.8,0.07,False
2017-08-30,US1TXHRR028,394,344.3,49.7,0.76,False
2017-08-30,US1TXHRR031,328,317.45,10.55,0.4,False
2017-08-30,US1TXHRR032,333,281.09,51.91,0.78,False
2017-08-30,US1TXHRR033,439,380.99,58.01,0.84,False
2017-08-30,US1TXHRR058,79,178.9,-99.9,-0.6,False
2017-08-30,US1TXHRR074,97,162.46,-65.46,-0.29,False
2017-08-30,US1TXHRR093,803,278.85,524.15,5.08,True
2017-08-30,US1TXHRR095,358,335.55,22.45,0.51,False
2017-08-30,US1TXHRR116,56,123.79,-67.79,-0.31,False
2017-08-30,US1TXHRR117,163,157.0,6.0,0.36,False
2017-08-30,US1TXHRR119,203,218.67,-15.67,0.16,False
2017-08-30,US1TXHRR122,86,170.58,-84.58,-0.46,False
2017-08-30,US1TXHRR124,201,181.64,19.36,0.48,False
2017-08-30,US1TXHRR139,432,292.5,139.5,1.58,False
2017-08-30,US1TXHRR147,318,293.22,24.78,0.53,False
2017-08-30,US1TXHRR150,422,338.11,83.89,1.07,False
2017-08-30,US1TXHRR162,124,193.35,-69.35,-0.32,False
2017-08-30,US1TXHRR164,94,167.46,-73.46,-0.36,False
2017-08-30,US1TXHRR165,259,234.75,24.25,0.53,False
2017-08-30,US1TXHRR168,300,300.79,-0.79,0.3,False
2017-08-30,US1TXHRR170,351,317.08,33.92,0.62,False
2017-08-30,US1TXHRR203,140,181.04,-41.04,-0.07,False
2017-08-30,US1TXHRR209,254,234.78,19.22,0.48,False
2017-08-30,US1TXHRR217,419,339.29,79.71,1.03,False
2017-08-30,US1TXHRR222,66,193.09,-127.09,-0.85,False
2017-08-30,US1TXHRR228,838,135.05,702.95,6.71,True
2017-08-30,US1TXHRR232,236,228.0,8.0,0.38,False
2017-08-30,US1TXHRR236,71,181.22,-110.22,-0.7,False
2017-08-30,US1TXHRR238,351,333.12,17.88,0.47,False
2017-08-30,US1TXHRR243,135,170.28,-35.28,-0.01,False
2017-08-30,US1TXHRR306,381,325.99,55.01,0.81,False
2017-08-30,US1TXHST003,8,183.13,-175.13,-1.29,False
2017-08-30,US1TXJJ0011,3889,2167.94,1721.06,15.98,True
2017-08-30,US1TXJS0002,1887,1812.54,74.46,0.99,False
2017-08-30,US1TXJS0003,1763,1960.97,-197.97,-1.5,False
2017-08-30,US1TXJS0006,3581,2048.75,1532.25,14.26,True
2017-08-30,US1TXLR0001,239,439.76,-200.76,-1.52,False
2017-08-30,US1TXLR0013,455,428.22,26.78,0.55,False
2017-08-30,US1TXLR0014,800,596.8,203.2,2.16,False
2017-08-30,US1TXMDS002,5,100.67,-95.67,-0.56,False
2017-08-30,US1TXMNG008,25,174.17,-149.17,-1.05,False
2017-08-30,US1TXMNG014,124,152.28,-28.28,0.05,False
2017-08-30,US1TXMNG020,267,146.04,120.96,1.41,False
2017-08-30,US1TXMNG021,114,139.04,-25.04,0.08,False
2017-08-30,US1TXMNG026,168,165.87,2.13,0.33,False
2017-08-30,US1TXMNG030,173,173.84,-0.84,0.3,False
2017-08-30,US1TXMNG031,122,152.87,-30.87,0.03,False
2017-08-30,US1TXMNG035,71,157.09,-86.09,-0.48,False
2017-08-30,US1TXMNG036,254,156.79,97.21,1.19,False
2017-08-30,US1TXMNG051,94,148.3,-54.3,-0.19,False
2017-08-30,US1TXMNG054,89,166.16,-77.16,-0.4,False
2017-08-30,US1TXMNG058,165,177.84,-12.84,0.19,False
2017-08-30,US1TXMNG061,193,154.71,38.29,0.66,False
2017-08-30,US1TXMNG064,64,199.58,-135.58,-0.93,False
2017-08-30,US1TXMTG004,3,11.53,-8.53,0.23,False
2017-08-30,US1TXNW0002,1397,1491.12,-94.12,-0.55,False
2017-08-30,US1TXOR0001,6050,1788.98,4261.02,39.11,True
2017-08-30,US1TXOR0006,2692,2289.2,402.8,3.98,True
2017-08-30,US1TXPL0003,312,535.66,-223.66,-1.73,False
2017-08-30,US1TXPL0018,353,441.91,-88.91,-0.5,False
2017-08-30,US1TXPL0027,902,351.32,550.68,5.32,True
2017-08-30,US1TXPL0028,259,426.48,-167.48,-1.22,False
2017-08-30,US1TXPL0032,521,548.53,-27.53,0.06,False
2017-08-30,US1TXPL0035,277,460.19,-183.19,-1.36,False
2017-08-30,US1TXSA0001,1440,1607.48,-167.48,-1.22,False
2017-08-30,US1TXSB0001,1448,1504.9,-56.9,-0.21,False
2017-08-30,US1TXSJ0010,196,325.72,-129.72,-0.87,False
2017-08-30,US1TXSJ0011,160,349.21,-189.21,-1.42,False
2017-08-30,US1TXSJ0012,267,240.52,26.48,0.55,False
2017-08-30,US1TXTR0003,1361,1641.76,-280.76,-2.25,False
2017-08-30,US1TXTR0009,1194,1534.0,-340.0,-2.79,False
2017-08-30,US1TXTR0012,2921,1918.26,1002.74,9.44,True
2017-08-30,US1TXTR0013,1808,1784.24,23.76,0.52,False
2017-08-30,US1TXTT0003,168,209.26,-41.26,-0.07,False
2017-08-30,US1TXTT0006,221,242.8,-21.8,0.11,False
2017-08-30,US1TXWA0003,10,64.01,-54.01,-0.18,False
2017-08-30,US1TXWA0006,0,22.57,-22.57,0.1,False
2017-08-30,US1TXWA0009,0,22.74,-22.74,0.1,False
2017-08-30,US1TXWA0010,0,33.37,-33.37,0.0,False
2017-08-30,US1TXWA0012,0,58.55,-58.55,-0.23,False
2017-08-30,US1TXWA0014,0,51.13,-51.13,-0.16,False
2017-08-30,US1TXWA0017,0,44.65,-44.65,-0.1,False
2017-08-30,US1TXWA0024,5,28.93,-23.93,0.09,False
2017-08-30,US1TXWH0001,0,49.07,-49.07,-0.14,False
2017-08-30,US1TXWH0002,0,19.99,-19.99,0.13,False
2017-08-30,US1TXWH0004,0,19.17,-19.17,0.13,False
2017-08-30,US1TXWH0011,0,23.39,-23.39,0.09,False
2017-08-30,US1TXWH0018,0,98.26,-98.26,-0.59,False
2017-08-30,US1TXWK0003,147,138.67,8.33,0.38,False
2017-08-30,US1TXWK0005,185,150.27,34.73,0.62,False
2017-08-30,US1TXWK0011,229,183.62,45.38,0.72,False
2017-08-30,US1TXWK0012,191,140.37,50.63,0.77,False
2017-08-30,US1TXWK0013,170,154.22,15.78,0.45,False
2017-08-30,US1TXWK0014,165,175.86,-10.86,0.21,False
2017-08-30,US1TXWK0015,231,208.54,22.46,0.51,False
2017-08-30,US1TXWK0018,13,181.5,-168.5,-1.23,False
2017-08-30,US1TXWK0020,216,161.23,54.77,0.81,False
2017-08-30,US1TXWK0021,84,203.66,-119.66,-0.78,False
2017-08-30,US1TXWK0025,203,151.09,51.91,0.78,False
2017-08-30,US1TXWK0026,216,195.72,20.28,0.49,False
2017-08-30,US1TXWL0009,33,103.47,-70.47,-0.33,False
2017-08-30,USC00160007,183,242.55,-59.55,-0.23,False
2017-08-30,USC00160098,279,337.28,-58.28,-0.22,False
2017-08-30,USC00160103,330,345.52,-15.52,0.17,False
2017-08-30,USC00160462,183,242.38,-59.38,-0.23,False
2017-08-30,USC00160548,274,278.7,-4.7,0.26,False
2017-08-30,USC00160558,224,343.5,-119.5,-0.78,False
2017-08-30,USC00160565,881,275.74,605.26,5.82,True
2017-08-30,USC00160617,127,382.0,-255.0,-2.01,False
2017-08-30,USC00160658,0,679.53,-679.53,-5.88,True
2017-08-30,USC00161232,404,522.67,-118.67,-0.77,False
2017-08-30,USC00161287,318,242.83,75.17,0.99,False
2017-08-30,USC00161535,216,245.54,-29.54,0.04,False
2017-08-30,USC00161565,229,317.4,-88.4,-0.5,False
2017-08-30,USC00162212,267,299.57,-32.57,0.01,False
2017-08-30,USC00162534,691,312.27,378.73,3.76,True
2017-08-30,USC00163313,155,294.41,-139.41,-0.96,False
2017-08-30,USC00163800,178,248.08,-70.08,-0.33,False
2017-08-30,USC00163979,0,1212.06,-1212.06,-10.73,True
2017-08-30,USC00164674,330,259.71,70.29,0.95,False
2017-08-30,USC00164700,655,360.86,294.14,2.99,False
2017-08-30,USC00164739,0,223.02,-223.02,-1.72,False
2017-08-30,USC00164775,411,307.9,103.1,1.25,False
2017-08-30,USC00165065,277,429.54,-152.54,-1.08,False
2017-08-30,USC00165072,541,755.66,-214.66,-1.65,False
2017-08-30,USC00165074,445,682.63,-237.63,-1.86,False
2017-08-30,USC00165076,399,701.4,-302.4,-2.45,False
2017-08-30,USC00165266,1092,1008.61,83.39,1.07,False
2017-08-30,USC00165287,1275,1043.83,231.17,2.41,False
2017-08-30,USC00165296,254,259.45,-5.45,0.26,False
2017-08-30,USC00165620,284,275.28,8.72,0.39,False
2017-08-30,USC00165920,178,240.63,-62.63,-0.26,False
2017-08-30,USC00166394,818,301.36,516.64,5.01,True
2017-08-30,USC00166431,516,689.28,-173.28,-1.27,False
2017-08-30,USC00166434,307,779.51,-472.51,-4.0,True
2017-08-30,USC00166561,584,337.71,246.29,2.55,False
2017-08-30,USC00166686,168,223.96,-55.96,-0.2,False
2017-08-30,USC00166808,124,240.89,-116.89,-0.76,False
2017-08-30,USC00166938,333,448.86,-115.86,-0.75,False
2017-08-30,USC00166968,597,666.45,-69.45,-0.33,False
2017-08-30,USC00166995,320,249.02,70.98,0.95,False
2017-08-30,USC00167366,264,283.27,-19.27,0.13,False
2017-08-30,USC00167448,165,272.81,-107.81,-0.67,False
2017-08-30,USC00167932,241,374.45,-133.45,-0.91,False
2017-08-30,USC00168136,150,228.53,-78.53,-0.41,False
2017-08-30,USC00168181,257,150.35,106.65,1.28,False
2017-08-30,USC00168831,584,829.12,-245.12,-1.92,False
2017-08-30,USC00169074,1600,1459.57,140.43,1.59,False
2017-08-30,USC00169376,2637,1972.52,664.48,6.36,True
2017-08-30,USC00223441,163,212.22,-49.22,-0.14,False
2017-08-30,USC00410569,0,70.56,-70.56,-0.34,False
2017-08-30,USC00410586,605,471.82,133.18,1.52,False
2017-08-30,USC00410611,3683,2276.0,1407.0,13.12,True
2017-08-30,USC00410613,2690,2134.1,555.9,5.37,True
2017-08-30,USC00410655,3,31.95,-28.95,0.04,False
2017-08-30,USC00411048,10,27.48,-17.48,0.15,False
2017-08-30,USC00411596,0,120.39,-120.39,-0.79,False
2017-08-30,USC00411810,356,438.87,-82.87,-0.45,False
2017-08-30,USC00411956,5,166.58,-161.58,-1.16,False
2017-08-30,USC00412114,10,180.93,-170.93,-1.25,False
2017-08-30,USC00412206,64,153.88,-89.88,-0.51,False
2017-08-30,USC00412266,0,22.03,-22.03,0.11,False
2017-08-30,USC00412786,3,22.46,-19.46,0.13,False
2017-08-30,USC00413340,99,208.77,-109.77,-0.69,False
2017-08-30,USC00414325,221,218.37,2.63,0.33,False
2017-08-30,USC00414327,127,188.87,-61.87,-0.26,False
2017-08-30,USC00414333,3,364.86,-361.86,-2.99,False
2017-08-30,USC00414382,206,137.01,68.99,0.94,False
2017-08-30,USC00414563,1588,1849.35,-261.35,-2.07,False
2017-08-30,USC00414704,0,139.48,-139.48,-0.96,False
2017-08-30,USC00414878,3937,2586.58,1350.42,12.61,True
2017-08-30,USC00415196,1194,688.96,505.04,4.91,True
2017-08-30,USC00415427,508,604.61,-96.61,-0.57,False
2017-08-30,USC00415435,3899,2473.34,1425.66,13.29,True
2017-08-30,USC00415477,8,98.48,-90.48,-0.52,False
2017-08-30,USC00416024,114,139.74,-25.74,0.07,False
2017-08-30,USC00416664,0,2207.97,-2207.97,-19.8,True
2017-08-30,USC00416680,4636,1837.57,2798.43,25.79,True
2017-08-30,USC00417040,2040,1408.5,631.5,6.06,True
2017-08-30,USC00417172,1156,2096.75,-940.75,-8.26,True
2017-08-30,USC00417594,13,151.38,-138.38,-0.95,False
2017-08-30,USC00417936,1529,1660.82,-131.82,-0.89,False
2017-08-30,USC00418996,66,181.06,-115.06,-0.74,False
2017-08-30,USC00419101,2009,1836.92,172.08,1.87,False
2017-08-30,USC00419491,0,63.2,-63.2,-0.27,False
2017-08-30,USC00419655,0,51.12,-51.12,-0.16,False
2017-08-30,USW00003904,0,23.9,-23.9,0.09,False
2017-08-30,USW00003937,97,736.1,-639.1,-5.51,True
2017-08-30,USW00003949,1394,910.58,483.42,4.71,True
2017-08-30,USW00012917,754,2288.99,-1534.99,-13.67,True
2017-08-30,USW00012918,0,290.81,-290.81,-2.34,False
2017-08-30,USW00012923,0,492.12,-492.12,-4.17,True
2017-08-30,USW00012935,0,8.18,-8.18,0.23,False
2017-08-30,USW00012960,0,229.43,-229.43,-1.78,False
2017-08-30,USW00012968,0,329.88,-329.88,-2.7,False
2017-08-30,USW00012975,0,308.48,-308.48,-2.5,False
2017-08-30,USW00012976,0,198.44,-198.44,-1.5,False
2017-08-30,USW00012977,0,153.99,-153.99,-1.09,False
2017-08-30,USW00012981,0,119.11,-119.11,-0.78,False
2017-08-30,USW00013935,292,319.28,-27.28,0.06,False
2017-08-30,USW00013970,69,266.03,-197.03,-1.49,False
2017-08-30,USW00013976,79,260.6,-181.6,-1.35,False
2017-08-30,USW00053902,0,174.35,-174.35,-1.28,False
2017-08-30,USW00053903,3,167.98,-164.98,-1.2,False
2017-08-30,USW00053910,0,174.78,-174.78,-1.28,False
2017-08-30,USW00053915,56,250.86,-194.86,-1.47,False
2017-08-30,USW00053928,0,39.81,-39.81,-0.06,False
2017-08-30,USW00053960,60,250.82,-190.82,-1.43,False
2017-08-30,USW00053988,498,612.37,-114.37,-0.73,False
2017-08-30,USW00093915,297,397.07,-100.07,-0.6,False
2017-08-30,USW00093987,602,600.69,1.31,0.32,False
2017-08-31,US1LAAC0002,69,136.25,-67.25,-2.71,False
2017-08-31,US1LAAC0003,30,108.16,-78.16,-3.21,False
2017-08-31,US1LABG0002,249,393.68,-144.68,-6.24,True
2017-08-31,US1LACC0003,71,312.76,-241.76,-10.67,True
2017-08-31,US1LACC0006,168,298.06,-130.06,-5.58,True
2017-08-31,US1LACC0009,191,308.49,-117.49,-5.0,True
2017-08-31,US1LACC0014,33,341.5,-308.5,-13.71,True
2017-08-31,US1LACC0018,508,266.74,241.26,11.36,True
2017-08-31,US1LACM0003,58,456.05,-398.05,-17.8,True
2017-08-31,US1LAEB0002,41,81.05,-40.05,-1.47,False
2017-08-31,US1LAEB0009,152,78.52,73.48,3.7,True
2017-08-31,US1LAEB0014,107,79.06,27.94,1.63,False
2017-08-31,US1LAEB0019,28,80.29,-52.29,-2.03,False
2017-08-31,US1LAEB0023,135,73.27,61.73,3.17,False
2017-08-31,US1LAEB0027,84,82.33,1.67,0.43,False
2017-08-31,US1LAEB0031,61,78.32,-17.32,-0.44,False
2017-08-31,US1LAEB0033,48,74.97,-26.97,-0.88,False
2017-08-31,US1LAEB0041,109,75.1,33.9,1.9,False
2017-08-31,US1LAEB0042,58,74.2,-16.2,-0.39,False
2017-08-31,US1LAEB0046,84,75.76,8.24,0.73,False
2017-08-31,US1LAEB0056,89,90.85,-1.85,0.27,False
2017-08-31,US1LAEB0059,69,68.55,0.45,0.37,False
2017-08-31,US1LAEB0060,109,78.35,30.65,1.75,False
2017-08-31,US1LAJD0002,84,263.92,-179.92,-7.85,True
2017-08-31,US1LALY0006,28,75.82,-47.82,-1.83,False
2017-08-31,US1LALY0007,43,76.66,-33.66,-1.18,False
2017-08-31,US1LARP0007,739,507.67,231.33,10.9,True
2017-08-31,US1LARP0009,445,497.1,-52.1,-2.02,False
2017-08-31,US1LASL0001,30,83.99,-53.99,-2.11,False
2017-08-31,US1LASM0002,18,56.57,-38.57,-1.41,False
2017-08-31,US1LAVM0002,8,63.65,-55.65,-2.18,False
2017-08-31,US1LAVM0004,5,46.88,-41.88,-1.56,False
2017-08-31,US1LAWB0002,89,69.16,19.84,1.26,False
2017-08-31,US1LAWF0004,25,114.66,-89.66,-3.74,True
2017-08-31,US1MSAD0001,401,252.26,148.74,7.14,True
2017-08-31,US1MSAD0004,404,246.89,157.11,7.52,True
2017-08-31,US1TXAG0001,257,413.66,-156.66,-6.79,True
2017-08-31,US1TXAG0002,1130,805.69,324.31,15.14,True
2017-08-31,US1TXAG0003,422,433.91,-11.91,-0.19,False
2017-08-31,US1TXAG0005,505,468.34,36.66,2.03,False
2017-08-31,US1TXAG0006,434,430.91,3.09,0.49,False
2017-08-31,US1TXAG0009,384,371.21,12.79,0.94,False
2017-08-31,US1TXAS0003,0,0.12,-0.12,0.35,False
2017-08-31,US1TXAS0004,0,0.07,-0.07,0.35,False
2017-08-31,US1TXAS0005,0,6.38,-6.38,0.06,False
2017-08-31,US1TXAS0006,0,6.49,-6.49,0.06,False
2017-08-31,US1TXAS0007,0,5.45,-5.45,0.1,False
2017-08-31,US1TXAS0015,0,0.24,-0.24,0.34,False
2017-08-31,US1TXAS0017,0,10.38,-10.38,-0.12,False
2017-08-31,US1TXAS0018,0,0.08,-0.08,0.35,False
2017-08-31,US1TXBRZ020,0,19.35,-19.35,-0.53,False
2017-08-31,US1TXBRZ021,0,17.45,-17.45,-0.44,False
2017-08-31,US1TXBRZ025,0,10.42,-10.42,-0.12,False
2017-08-31,US1TXBRZ032,0,18.0,-18.0,-0.47,False
2017-08-31,US1TXBZS088,0,1.07,-1.07,0.3,False
2017-08-31,US1TXBZS096,0,0.48,-0.48,0.33,False
2017-08-31,US1TXBZS099,0,0.63,-0.63,0.32,False
2017-08-31,US1TXBZS100,0,0.62,-0.62,0.33,False
2017-08-31,US1TXBZS102,0,0.64,-0.64,0.32,False
2017-08-31,US1TXBZS103,0,0.49,-0.49,0.33,False
2017-08-31,US1TXCHM008,0,40.6,-40.6,-1.5,False
2017-08-31,US1TXCLR006,0,0.12,-0.12,0.35,False
2017-08-31,US1TXCLR010,0,0.11,-0.11,0.35,False
2017-08-31,US1TXFB0005,0,4.54,-4.54,0.15,False
2017-08-31,US1TXFB0012,0,4.53,-4.53,0.15,False
2017-08-31,US1TXFB0017,0,5.08,-5.08,0.12,False
2017-08-31,US1TXFB0018,0,5.16,-5.16,0.12,False
2017-08-31,US1TXFB0022,0,9.37,-9.37,-0.07,False
2017-08-31,US1TXFB0032,0,8.45,-8.45,-0.03,False
2017-08-31,US1TXFB0051,0,6.4,-6.4,0.06,False
2017-08-31,US1TXGM0007,0,6.61,-6.61,0.05,False
2017-08-31,US1TXGV0017,5,6.16,-1.16,0.3,False
2017-08-31,US1TXGV0022,0,9.14,-9.14,-0.06,False
2017-08-31,US1TXGV0034,3,7.14,-4.14,0.16,False
2017-08-31,US1TXGV0043,0,31.92,-31.92,-1.1,False
2017-08-31,US1TXGV0044,0,9.87,-9.87,-0.1,False
2017-08-31,US1TXGV0046,0,7.44,-7.44,0.01,False
2017-08-31,US1TXGV0049,0,5.22,-5.22,0.12,False
2017-08-31,US1TXGV0051,3,5.09,-2.09,0.26,False
2017-08-31,US1TXGV0052,254,4.47,249.53,11.73,True
2017-08-31,US1TXGV0054,0,7.44,-7.44,0.01,False
2017-08-31,US1TXGV0060,0,12.3,-12.3,-0.21,False
2017-08-31,US1TXGV0063,0,23.63,-23.63,-0.72,False
2017-08-31,US1TXGV0064,0,5.89,-5.89,0.08,False
2017-08-31,US1TXGV0066,0,11.78,-11.78,-0.18,False
2017-08-31,US1TXGV0069,0,14.94,-14.94,-0.33,False
2017-08-31,US1TXGV0070,0,9.68,-9.68,-0.09,False
2017-08-31,US1TXGV0071,0,6.86,-6.86,0.04,False
2017-08-31,US1TXHRN001,719,561.91,157.09,7.52,True
2017-08-31,US1TXHRN005,1039,499.42,539.58,24.96,True
2017-08-31,US1TXHRN006,909,607.56,301.44,14.1,True
2017-08-31,US1TXHRR015,0,20.97,-20.97,-0.6,False
2017-08-31,US1TXHRR027,5,2.29,2.71,0.48,False
2017-08-31,US1TXHRR028,0,8.67,-8.67,-0.04,False
2017-08-31,US1TXHRR031,0,11.15,-11.15,-0.15,False
2017-08-31,US1TXHRR032,0,8.29,-8.29,-0.02,False
2017-08-31,US1TXHRR033,0,29.25,-29.25,-0.98,False
2017-08-31,US1TXHRR052,0,7.13,-7.13,0.03,False
2017-08-31,US1TXHRR058,3,2.64,0.36,0.37,False
2017-08-31,US1TXHRR074,0,3.16,-3.16,0.21,False
2017-08-31,US1TXHRR093,0,5.28,-5.28,0.11,False
2017-08-31,US1TXHRR116,5,5.37,-0.37,0.34,False
2017-08-31,US1TXHRR117,0,6.3,-6.3,0.07,False
2017-08-31,US1TXHRR119,0,6.08,-6.08,0.08,False
2017-08-31,US1TXHRR122,0,6.75,-6.75,0.05,False
2017-08-31,US1TXHRR124,0,5.21,-5.21,0.12,False
2017-08-31,US1TXHRR139,0,5.08,-5.08,0.12,False
2017-08-31,US1TXHRR147,0,4.69,-4.69,0.14,False
2017-08-31,US1TXHRR162,0,6.96,-6.96,0.04,False
2017-08-31,US1TXHRR164,0,2.59,-2.59,0.24,False
2017-08-31,US1TXHRR165,0,2.29,-2.29,0.25,False
2017-08-31,US1TXHRR168,0,9.86,-9.86,-0.1,False
2017-08-31,US1TXHRR170,0,12.97,-12.97,-0.24,False
2017-08-31,US1TXHRR176,0,2.56,-2.56,0.24,False
2017-08-31,US1TXHRR203,0,2.62,-2.62,0.23,False
2017-08-31,US1TXHRR209,0,2.41,-2.41,0.24,False
2017-08-31,US1TXHRR217,0,7.57,-7.57,0.01,False
2017-08-31,US1TXHRR222,0,6.44,-6.44,0.06,False
2017-08-31,US1TXHRR228,0,6.58,-6.58,0.05,False
2017-08-31,US1TXHRR232,0,2.64,-2.64,0.23,False
2017-08-31,US1TXHRR238,5,6.78,-1.78,0.27,False
2017-08-31,US1TXHRR243,0,4.77,-4.77,0.14,False
2017-08-31,US1TXHRR306,0,19.26,-19.26,-0.52,False
2017-08-31,US1TXHST003,3,83.81,-80.81,-3.33,False
2017-08-31,US1TXJJ0009,437,446.32,-9.32,-0.07,False
2017-08-31,US1TXJJ0011,254,479.39,-225.39,-9.93,True
2017-08-31,US1TXJS0002,1191,976.99,214.01,10.11,True
2017-08-31,US1TXJS0003,798,770.11,27.89,1.63,False
2017-08-31,US1TXJS0006,625,719.59,-94.59,-3.96,True
2017-08-31,US1TXLR0013,0,65.42,-65.42,-2.63,False
2017-08-31,US1TXLR0014,20,50.2,-30.2,-1.02,False
2017-08-31,US1TXLR0015,20,50.54,-30.54,-1.04,False
2017-08-31,US1TXMDS002,0,18.39,-18.39,-0.49,False
2017-08-31,US1TXMNG004,0,8.61,-8.61,-0.04,False
2017-08-31,US1TXMNG014,0,7.44,-7.44,0.01,False
2017-08-31,US1TXMNG020,0,7.75,-7.75,0.0,False
2017-08-31,US1TXMNG021,0,5.29,-5.29,0.11,False
2017-08-31,US1TXMNG026,0,7.48,-7.48,0.01,False
2017-08-31,US1TXMNG030,0,7.07,-7.07,0.03,False
2017-08-31,US1TXMNG031,0,8.03,-8.03,-0.01,False
2017-08-31,US1TXMNG035,0,6.75,-6.75,0.05,False
2017-08-31,US1TXMNG051,0,6.04,-6.04,0.08,False
2017-08-31,US1TXMNG054,0,7.89,-7.89,-0.01,False
2017-08-31,US1TXMNG061,0,7.82,-7.82,-0.0,False
2017-08-31,US1TXMNG063,0,41.05,-41.05,-1.52,False
2017-08-31,US1TXMNG064,0,7.35,-7.35,0.02,False
2017-08-31,US1TXMTG004,0,113.61,-113.61,-4.83,True
2017-08-31,US1TXNW0002,1897,1128.59,768.41,35.39,True
2017-08-31,US1TXOR0006,267,665.6,-398.6,-17.82,True
2017-08-31,US1TXPL0018,211,174.84,36.16,2.0,False
2017-08-31,US1TXPL0027,330,166.89,163.11,7.79,True
2017-08-31,US1TXPL0035,267,209.52,57.48,2.97,False
2017-08-31,US1TXSA0001,1107,1001.38,105.62,5.17,True
2017-08-31,US1TXSJ0010,132,141.69,-9.69,-0.09,False
2017-08-31,US1TXSJ0011,102,133.14,-31.14,-1.07,False
2017-08-31,US1TXSJ0012,43,82.16,-39.16,-1.43,False
2017-08-31,US1TXTR0003,803,680.67,122.33,5.93,True
2017-08-31,US1TXTR0009,1361,752.96,608.04,28.08,True
2017-08-31,US1TXTR0012,828,746.07,81.93,4.09,True
2017-08-31,US1TXTR0013,1356,916.89,439.11,20.38,True
2017-08-31,US1TXTT0003,10,79.0,-69.0,-2.79,False
2017-08-31,US1TXTT0006,64,107.12,-43.12,-1.61,False
2017-08-31,US1TXWA0003,0,0.83,-0.83,0.32,False
2017-08-31,US1TXWA0006,0,0.25,-0.25,0.34,False
2017-08-31,US1TXWA0009,0,0.25,-0.25,0.34,False
2017-08-31,US1TXWA0012,0,0.82,-0.82,0.32,False
2017-08-31,US1TXWA0014,0,0.57,-0.57,0.33,False
2017-08-31,US1TXWA0017,0,0.62,-0.62,0.33,False
2017-08-31,US1TXWA0024,0,0.28,-0.28,0.34,False
2017-08-31,US1TXWH0001,0,14.74,-14.74,-0.32,False
2017-08-31,US1TXWH0002,0,39.12,-39.12,-1.43,False
2017-08-31,US1TXWH0004,0,20.66,-20.66,-0.59,False
2017-08-31,US1TXWH0011,0,22.45,-22.45,-0.67,False
2017-08-31,US1TXWH0018,0,17.72,-17.72,-0.45,False
2017-08-31,US1TXWK0003,0,13.71,-13.71,-0.27,False
2017-08-31,US1TXWK0005,3,18.74,-15.74,-0.36,False
2017-08-31,US1TXWK0012,0,18.11,-18.11,-0.47,False
2017-08-31,US1TXWK0013,0,20.18,-20.18,-0.57,False
2017-08-31,US1TXWK0015,15,55.72,-40.72,-1.5,False
2017-08-31,US1TXWK0018,0,20.28,-20.28,-0.57,False
2017-08-31,US1TXWK0020,5,21.63,-16.63,-0.4,False
2017-08-31,US1TXWK0021,0,69.09,-69.09,-2.8,False
2017-08-31,US1TXWK0025,51,13.92,37.08,2.04,False
2017-08-31,US1TXWK0026,0,42.72,-42.72,-1.59,False
2017-08-31,US1TXWL0009,0,7.49,-7.49,0.01,False
2017-08-31,USC00160007,8,45.3,-37.3,-1.35,False
2017-08-31,USC00160098,406,516.88,-110.88,-4.7,True
2017-08-31,USC00160103,820,490.92,329.08,15.36,True
2017-08-31,USC00160462,25,72.26,-47.26,-1.8,False
2017-08-31,USC00160548,147,72.67,74.33,3.74,True
2017-08-31,USC00160558,84,81.16,2.84,0.48,False
2017-08-31,USC00160565,109,59.49,49.51,2.61,False
2017-08-31,USC00160617,457,243.29,213.71,10.1,True
2017-08-31,USC00160658,2662,268.36,2393.64,109.51,True
2017-08-31,USC00161232,429,555.44,-126.44,-5.41,True
2017-08-31,USC00161287,526,281.53,244.47,11.5,True
2017-08-31,USC00161535,76,72.45,3.55,0.52,False
2017-08-31,USC00161565,0,70.44,-70.44,-2.86,False
2017-08-31,USC00162212,38,113.5,-75.5,-3.09,False
2017-08-31,USC00162534,61,65.9,-4.9,0.13,False
2017-08-31,USC00163313,20,52.15,-32.15,-1.11,False
2017-08-31,USC00163800,91,75.87,15.13,1.04,False
2017-08-31,USC00163979,1676,490.85,1185.15,54.4,True
2017-08-31,USC00164674,25,52.23,-27.23,-0.89,False
2017-08-31,USC00164700,28,189.27,-161.27,-7.0,True
2017-08-31,USC00164739,0,399.34,-399.34,-17.86,True
2017-08-31,USC00164775,8,65.74,-57.74,-2.28,False
2017-08-31,USC00165065,28,294.98,-266.98,-11.82,True
2017-08-31,USC00165072,191,312.45,-121.45,-5.19,True
2017-08-31,USC00165074,114,292.08,-178.08,-7.77,True
2017-08-31,USC00165076,114,314.39,-200.39,-8.78,True
2017-08-31,USC00165266,879,752.23,126.77,6.13,True
2017-08-31,USC00165287,892,726.16,165.84,7.92,True
2017-08-31,USC00165296,13,86.73,-73.73,-3.01,False
2017-08-31,USC00165620,51,76.79,-25.79,-0.82,False
2017-08-31,USC00165920,528,317.76,210.24,9.94,True
2017-08-31,USC00166394,43,56.53,-13.53,-0.26,False
2017-08-31,USC00166431,160,275.25,-115.25,-4.9,True
2017-08-31,USC00166434,91,318.47,-227.47,-10.02,True
2017-08-31,USC00166561,76,64.26,11.74,0.89,False
2017-08-31,USC00166686,33,102.44,-69.44,-2.81,False
2017-08-31,USC00166808,97,117.48,-20.48,-0.58,False
2017-08-31,USC00166938,333,295.03,37.97,2.08,False
2017-08-31,USC00166968,127,293.45,-166.45,-7.24,True
2017-08-31,USC00166995,91,113.19,-22.19,-0.66,False
2017-08-31,USC00167366,66,70.96,-4.96,0.13,False
2017-08-31,USC00167448,51,73.54,-22.54,-0.67,False
2017-08-31,USC00167932,10,364.57,-354.57,-15.82,True
2017-08-31,USC00168136,147,86.52,60.48,3.11,False
2017-08-31,USC00168181,0,56.25,-56.25,-2.21,False
2017-08-31,USC00168831,89,337.59,-248.59,-10.98,True
2017-08-31,USC00169074,1664,1246.6,417.4,19.39,True
2017-08-31,USC00169369,229,190.83,38.17,2.09,False
2017-08-31,USC00169376,130,736.9,-606.9,-27.32,True
2017-08-31,USC00223441,353,119.66,233.34,10.99,True
2017-08-31,USC00410569,1359,3.09,1355.91,62.19,True
2017-08-31,USC00410586,0,35.18,-35.18,-1.25,False
2017-08-31,USC00410613,290,451.61,-161.61,-7.02,True
2017-08-31,USC00410655,0,0.24,-0.24,0.34,False
2017-08-31,USC00411048,0,0.29,-0.29,0.34,False
2017-08-31,USC00411596,0,25.93,-25.93,-0.83,False
2017-08-31,USC00411810,30,83.74,-53.74,-2.1,False
2017-08-31,USC00411956,0,7.97,-7.97,-0.01,False
2017-08-31,USC00412114,0,81.42,-81.42,-3.36,False
2017-08-31,USC00412206,0,3.46,-3.46,0.2,False
2017-08-31,USC00412266,0,50.2,-50.2,-1.94,False
2017-08-31,USC00412676,0,14.03,-14.03,-0.29,False
2017-08-31,USC00412786,0,23.43,-23.43,-0.72,False
2017-08-31,USC00413340,0,21.24,-21.24,-0.62,False
2017-08-31,USC00414325,0,6.34,-6.34,0.06,False
2017-08-31,USC00414327,0,2.64,-2.64,0.23,False
2017-08-31,USC00414333,0,9.82,-9.82,-0.09,False
2017-08-31,USC00414382,13,17.46,-4.46,0.15,False
2017-08-31,USC00414563,1143,962.91,180.09,8.57,True
2017-08-31,USC00414704,0,6.51,-6.51,0.06,False
2017-08-31,USC00414878,0,811.93,-811.93,-36.67,True
2017-08-31,USC00415196,38,82.87,-44.87,-1.69,False
2017-08-31,USC00415427,521,465.45,55.55,2.89,False
2017-08-31,USC00415435,572,579.76,-7.76,-0.0,False
2017-08-31,USC00416024,0,5.3,-5.3,0.11,False
2017-08-31,USC00416280,0,31.41,-31.41,-1.08,False
2017-08-31,USC00416664,5144,401.52,4742.48,216.62,True
2017-08-31,USC00416680,193,732.05,-539.05,-24.23,True
2017-08-31,USC00417040,1941,982.59,958.41,44.06,True
2017-08-31,USC00417172,5,543.48,-538.48,-24.2,True
2017-08-31,USC00417594,0,7.58,-7.58,0.01,False
2017-08-31,USC00417936,963,998.81,-35.81,-1.28,False
2017-08-31,USC00418996,0,10.98,-10.98,-0.15,False
2017-08-31,USC00419101,1105,923.03,181.97,8.65,True
2017-08-31,USC00419491,0,0.91,-0.91,0.31,False
2017-08-31,USC00419655,0,14.57,-14.57,-0.31,False
2017-08-31,USC00419898,1054,757.83,296.17,13.86,True
2017-08-31,USW00003904,0,0.51,-0.51,0.33,False
2017-08-31,USW00003937,30,346.11,-316.11,-14.06,True
2017-08-31,USW00003949,231,848.91,-617.91,-27.82,True
2017-08-31,USW00012917,3,534.8,-531.8,-23.9,True
2017-08-31,USW00012918,0,8.16,-8.16,-0.02,False
2017-08-31,USW00012923,0,5.33,-5.33,0.11,False
2017-08-31,USW00012935,0,113.84,-113.84,-4.84,True
2017-08-31,USW00012960,0,5.99,-5.99,0.08,False
2017-08-31,USW00012968,0,43.33,-43.33,-1.62,False
2017-08-31,USW00012975,0,13.26,-13.26,-0.25,False
2017-08-31,USW00012976,0,19.33,-19.33,-0.53,False
2017-08-31,USW00012977,0,6.19,-6.19,0.07,False
2017-08-31,USW00012981,0,125.62,-125.62,-5.38,True
2017-08-31,USW00013935,335,470.84,-135.84,-5.84,True
2017-08-31,USW00013970,0,74.81,-74.81,-3.06,False
2017-08-31,USW00013976,160,58.12,101.88,5.0,True
2017-08-31,USW00053902,0,9.86,-9.86,-0.1,False
2017-08-31,USW00053903,0,15.83,-15.83,-0.37,False
2017-08-31,USW00053910,0,5.97,-5.97,0.08,False
2017-08-31,USW00053915,15,46.82,-31.82,-1.1,False
2017-08-31,USW00053928,0,0.5,-0.5,0.33,False
2017-08-31,USW00053960,61,25.43,35.57,1.98,False
2017-08-31,USW00053988,307,470.16,-163.16,-7.09,True
2017-08-31,USW00093915,358,537.34,-179.34,-7.83,True
2017-08-31,USW00093987,10,467.83,-457.83,-20.52,True
2017-09-01,US1LAAC0002,23,46.74,-23.74,-4.62,True
2017-09-01,US1LAAC0003,28,35.85,-7.85,-1.46,False
2017-09-01,US1LAAV0001,99,48.02,50.98,10.22,True
2017-09-01,US1LABG0002,0,8.5,-8.5,-1.59,False
2017-09-01,US1LACC0003,5,15.99,-10.99,-2.09,False
2017-09-01,US1LACC0006,8,4.95,3.05,0.7,False
2017-09-01,US1LACC0009,0,12.21,-12.21,-2.33,False
2017-09-01,US1LACC0014,3,7.62,-4.62,-0.82,False
2017-09-01,US1LACM0003,0,7.85,-7.85,-1.46,False
2017-09-01,US1LAEB0002,122,100.25,21.75,4.42,True
2017-09-01,US1LAEB0009,8,63.45,-55.45,-10.92,True
2017-09-01,US1LAEB0014,74,83.6,-9.6,-1.81,False
2017-09-01,US1LAEB0019,36,60.35,-24.35,-4.74,True
2017-09-01,US1LAEB0023,5,57.99,-52.99,-10.43,True
2017-09-01,US1LAEB0027,124,76.91,47.09,9.45,True
2017-09-01,US1LAEB0031,0,59.33,-59.33,-11.69,True
2017-09-01,US1LAEB0033,173,92.52,80.48,16.08,True
2017-09-01,US1LAEB0041,119,90.01,28.99,5.85,True
2017-09-01,US1LAEB0042,61,81.41,-20.41,-3.96,True
2017-09-01,US1LAEB0046,142,90.59,51.41,10.31,True
2017-09-01,US1LAEB0053,99,85.71,13.29,2.74,False
2017-09-01,US1LAEB0056,79,63.96,15.04,3.08,False
2017-09-01,US1LAEB0060,64,87.5,-23.5,-4.57,True
2017-09-01,US1LAJD0002,33,24.67,8.33,1.75,False
2017-09-01,US1LALY0006,145,41.87,103.13,20.58,True
2017-09-01,US1LALY0007,3,58.89,-55.89,-11.0,True
2017-09-01,US1LARP0007,124,44.58,79.42,15.87,True
2017-09-01,US1LARP0009,56,69.97,-13.97,-2.68,False
2017-09-01,US1LASL0001,198,41.84,156.16,31.12,True
2017-09-01,US1LASM0002,137,40.36,96.64,19.29,True
2017-09-01,US1LAVM0002,38,35.35,2.65,0.62,False
2017-09-01,US1LAVM0004,0,19.79,-19.79,-3.83,True
2017-09-01,US1LAWB0002,231,74.53,156.47,31.18,True
2017-09-01,US1LAWF0004,0,78.78,-78.78,-15.55,True
2017-09-01,US1MSAD0001,470,165.2,304.8,60.64,True
2017-09-01,US1MSAD0004,503,178.97,324.03,64.46,True
2017-09-01,US1TXAG0001,0,10.32,-10.32,-1.95,False
2017-09-01,US1TXAG0002,0,18.73,-18.73,-3.62,True
2017-09-01,US1TXAG0003,0,12.59,-12.59,-2.4,False
2017-09-01,US1TXAG0006,0,12.93,-12.93,-2.47,False
2017-09-01,US1TXAG0009,0,11.02,-11.02,-2.09,False
2017-09-01,US1TXAS0003,0,0.0,0.0,0.1,False
2017-09-01,US1TXAS0004,0,0.0,0.0,0.1,False
2017-09-01,US1TXAS0005,0,0.0,0.0,0.1,False
2017-09-01,US1TXAS0006,0,0.0,0.0,0.1,False
2017-09-01,US1TXAS0007,0,0.0,0.0,0.1,False
2017-09-01,US1TXAS0015,0,0.0,0.0,0.1,False
2017-09-01,US1TXAS0017,0,0.0,0.0,0.1,False
2017-09-01,US1TXBRZ020,0,0.03,-0.03,0.09,False
2017-09-01,US1TXBRZ021,0,0.04,-0.04,0.09,False
2017-09-01,US1TXBRZ025,0,0.03,-0.03,0.09,False
2017-09-01,US1TXBRZ032,0,0.03,-0.03,0.09,False
2017-09-01,US1TXBZS096,0,0.0,0.0,0.1,False
2017-09-01,US1TXBZS098,0,0.0,0.0,0.1,False
2017-09-01,US1TXBZS099,0,0.0,0.0,0.1,False
2017-09-01,US1TXBZS100,0,0.0,0.0,0.1,False
2017-09-01,US1TXBZS102,0,0.0,0.0,0.1,False
2017-09-01,US1TXBZS103,0,0.0,0.0,0.1,False
2017-09-01,US1TXCHM008,0,0.07,-0.07,0.08,False
2017-09-01,US1TXCLR006,0,0.0,0.0,0.1,False
2017-09-01,US1TXCLR010,0,0.0,0.0,0.1,False
2017-09-01,US1TXFB0005,0,0.01,-0.01,0.09,False
2017-09-01,US1TXFB0012,0,0.01,-0.01,0.09,False
2017-09-01,US1TXFB0017,0,0.01,-0.01,0.09,False
2017-09-01,US1TXFB0018,0,0.01,-0.01,0.09,False
2017-09-01,US1TXFB0022,0,0.02,-0.02,0.09,False
2017-09-01,US1TXFB0027,0,0.01,-0.01,0.09,False
2017-09-01,US1TXFB0028,0,0.03,-0.03,0.09,False
2017-09-01,US1TXFB0032,0,0.01,-0.01,0.09,False
2017-09-01,US1TXFB0051,0,0.01,-0.01,0.09,False
2017-09-01,US1TXGM0007,0,0.0,0.0,0.1,False
2017-09-01,US1TXGV0005,0,0.04,-0.04,0.09,False
2017-09-01,US1TXGV0022,0,0.11,-0.11,0.07,False
2017-09-01,US1TXGV0029,3,0.0,3.0,0.69,False
2017-09-01,US1TXGV0034,0,0.17,-0.17,0.06,False
2017-09-01,US1TXGV0044,0,0.24,-0.24,0.05,False
2017-09-01,US1TXGV0046,0,0.48,-0.48,0.0,False
2017-09-01,US1TXGV0049,0,0.06,-0.06,0.08,False
2017-09-01,US1TXGV0051,0,0.07,-0.07,0.08,False
2017-09-01,US1TXGV0054,0,0.07,-0.07,0.08,False
2017-09-01,US1TXGV0060,0,0.07,-0.07,0.08,False
2017-09-01,US1TXGV0063,0,0.04,-0.04,0.09,False
2017-09-01,US1TXGV0064,0,0.07,-0.07,0.08,False
2017-09-01,US1TXGV0069,0,0.08,-0.08,0.08,False
2017-09-01,US1TXGV0070,0,0.08,-0.08,0.08,False
2017-09-01,US1TXHRN001,0,0.58,-0.58,-0.02,False
2017-09-01,US1TXHRN005,0,4.53,-4.53,-0.8,False
2017-09-01,US1TXHRN006,0,5.12,-5.12,-0.92,False
2017-09-01,US1TXHRR015,0,3.19,-3.19,-0.54,False
2017-09-01,US1TXHRR027,0,0.01,-0.01,0.09,False
2017-09-01,US1TXHRR028,0,0.07,-0.07,0.08,False
2017-09-01,US1TXHRR031,0,0.04,-0.04,0.09,False
2017-09-01,US1TXHRR032,0,0.03,-0.03,0.09,False
2017-09-01,US1TXHRR033,0,3.55,-3.55,-0.61,False
2017-09-01,US1TXHRR052,0,0.09,-0.09,0.08,False
2017-09-01,US1TXHRR058,0,0.01,-0.01,0.09,False
2017-09-01,US1TXHRR074,0,0.01,-0.01,0.09,False
2017-09-01,US1TXHRR089,0,0.03,-0.03,0.09,False
2017-09-01,US1TXHRR093,0,0.04,-0.04,0.09,False
2017-09-01,US1TXHRR116,0,0.01,-0.01,0.09,False
2017-09-01,US1TXHRR117,0,2.79,-2.79,-0.46,False
2017-09-01,US1TXHRR119,0,0.02,-0.02,0.09,False
2017-09-01,US1TXHRR122,0,0.01,-0.01,0.09,False
2017-09-01,US1TXHRR124,0,2.58,-2.58,-0.42,False
2017-09-01,US1TXHRR139,0,0.04,-0.04,0.09,False
2017-09-01,US1TXHRR147,0,0.04,-0.04,0.09,False
2017-09-01,US1TXHRR162,0,0.02,-0.02,0.09,False
2017-09-01,US1TXHRR165,0,0.02,-0.02,0.09,False
2017-09-01,US1TXHRR168,0,0.04,-0.04,0.09,False
2017-09-01,US1TXHRR170,0,0.03,-0.03,0.09,False
2017-09-01,US1TXHRR176,0,0.02,-0.02,0.09,False
2017-09-01,US1TXHRR203,0,0.01,-0.01,0.09,False
2017-09-01,US1TXHRR209,0,0.02,-0.02,0.09,False
2017-09-01,US1TXHRR217,0,0.07,-0.07,0.08,False
2017-09-01,US1TXHRR222,0,0.01,-0.01,0.09,False
2017-09-01,US1TXHRR228,0,0.01,-0.01,0.09,False
2017-09-01,US1TXHRR232,0,0.02,-0.02,0.09,False
2017-09-01,US1TXHRR243,0,2.4,-2.4,-0.38,False
2017-09-01,US1TXHRR306,0,3.36,-3.36,-0.57,False
2017-09-01,US1TXHST003,0,16.53,-16.53,-3.19,False
2017-09-01,US1TXJJ0009,0,0.75,-0.75,-0.05,False
2017-09-01,US1TXJJ0011,0,0.79,-0.79,-0.06,False
2017-09-01,US1TXJS0002,0,12.23,-12.23,-2.33,False
2017-09-01,US1TXJS0003,0,1.56,-1.56,-0.21,False
2017-09-01,US1TXLR0013,0,7.39,-7.39,-1.37,False
2017-09-01,US1TXLR0014,0,3.45,-3.45,-0.59,False
2017-09-01,US1TXLR0015,0,3.41,-3.41,-0.58,False
2017-09-01,US1TXMNG004,0,4.47,-4.47,-0.79,False
2017-09-01,US1TXMNG014,0,3.88,-3.88,-0.67,False
2017-09-01,US1TXMNG020,0,4.1,-4.1,-0.72,False
2017-09-01,US1TXMNG021,0,2.72,-2.72,-0.44,False
2017-09-01,US1TXMNG026,0,3.46,-3.46,-0.59,False
2017-09-01,US1TXMNG030,0,3.15,-3.15,-0.53,False
2017-09-01,US1TXMNG031,0,3.87,-3.87,-0.67,False
2017-09-01,US1TXMNG035,0,3.01,-3.01,-0.5,False
2017-09-01,US1TXMNG051,0,3.16,-3.16,-0.53,False
2017-09-01,US1TXMNG061,0,3.81,-3.81,-0.66,False
2017-09-01,US1TXMNG063,0,5.01,-5.01,-0.9,False
2017-09-01,US1TXMNG064,0,3.2,-3.2,-0.54,False
2017-09-01,US1TXMTG004,0,0.0,0.0,0.1,False
2017-09-01,US1TXNW0002,0,3.95,-3.95,-0.69,False
2017-09-01,US1TXOR0006,0,1.16,-1.16,-0.14,False
2017-09-01,US1TXPL0003,739,0.08,738.92,146.87,True
2017-09-01,US1TXPL0018,0,48.06,-48.06,-9.45,True
2017-09-01,US1TXPL0027,0,261.26,-261.26,-51.8,True
2017-09-01,US1TXPL0035,0,78.83,-78.83,-15.56,True
2017-09-01,US1TXSA0001,0,1.69,-1.69,-0.24,False
2017-09-01,US1TXSJ0010,0,48.95,-48.95,-9.63,True
2017-09-01,US1TXSJ0011,0,42.97,-42.97,-8.44,True
2017-09-01,US1TXTR0003,0,15.42,-15.42,-2.97,False
2017-09-01,US1TXTR0012,0,12.01,-12.01,-2.29,False
2017-09-01,US1TXTR0013,0,12.78,-12.78,-2.44,False
2017-09-01,US1TXTT0003,0,19.61,-19.61,-3.8,True
2017-09-01,US1TXTT0006,0,25.29,-25.29,-4.93,True
2017-09-01,US1TXWA0003,0,0.0,0.0,0.1,False
2017-09-01,US1TXWA0006,0,0.0,0.0,0.1,False
2017-09-01,US1TXWA0009,0,0.0,0.0,0.1,False
2017-09-01,US1TXWA0012,0,0.0,0.0,0.1,False
2017-09-01,US1TXWA0014,0,0.0,0.0,0.1,False
2017-09-01,US1TXWA0017,0,0.0,0.0,0.1,False
2017-09-01,US1TXWA0024,0,0.0,0.0,0.1,False
2017-09-01,US1TXWH0001,0,0.0,0.0,0.1,False
2017-09-01,US1TXWH0002,0,0.0,0.0,0.1,False
2017-09-01,US1TXWH0004,0,0.0,0.0,0.1,False
2017-09-01,US1TXWH0011,0,0.0,0.0,0.1,False
2017-09-01,US1TXWH0018,0,0.0,0.0,0.1,False
2017-09-01,US1TXWK0003,0,7.11,-7.11,-1.32,False
2017-09-01,US1TXWK0005,0,6.59,-6.59,-1.21,False
2017-09-01,US1TXWK0012,0,5.97,-5.97,-1.09,False
2017-09-01,US1TXWK0013,0,6.83,-6.83,-1.26,False
2017-09-01,US1TXWK0018,0,5.52,-5.52,-1.0,False
2017-09-01,US1TXWK0021,0,16.56,-16.56,-3.19,False
2017-09-01,US1TXWK0025,0,6.2,-6.2,-1.13,False
2017-09-01,US1TXWK0026,0,12.17,-12.17,-2.32,False
2017-09-01,US1TXWL0009,0,0.0,0.0,0.1,False
2017-09-01,USC00160007,0,19.66,-19.66,-3.81,True
2017-09-01,USC00160098,84,55.85,28.15,5.69,True
2017-09-01,USC00160103,0,80.61,-80.61,-15.92,True
2017-09-01,USC00160462,10,64.15,-54.15,-10.66,True
2017-09-01,USC00160548,102,94.36,7.64,1.61,False
2017-09-01,USC00160558,74,76.89,-2.89,-0.48,False
2017-09-01,USC00160565,0,61.21,-61.21,-12.06,True
2017-09-01,USC00160658,0,11.18,-11.18,-2.12,False
2017-09-01,USC00161232,0,48.72,-48.72,-9.58,True
2017-09-01,USC00161287,28,87.65,-59.65,-11.75,True
2017-09-01,USC00161535,18,56.96,-38.96,-7.64,True
2017-09-01,USC00161565,0,68.05,-68.05,-13.42,True
2017-09-01,USC00162212,13,34.48,-21.48,-4.17,True
2017-09-01,USC00162534,0,57.58,-57.58,-11.34,True
2017-09-01,USC00163313,66,47.68,18.32,3.74,True
2017-09-01,USC00163800,0,75.12,-75.12,-14.82,True
2017-09-01,USC00163979,0,6.86,-6.86,-1.27,False
2017-09-01,USC00164288,0,10.66,-10.66,-2.02,False
2017-09-01,USC00164674,0,51.12,-51.12,-10.06,True
2017-09-01,USC00164700,97,24.33,72.67,14.53,True
2017-09-01,USC00164739,132,115.08,16.92,3.46,False
2017-09-01,USC00164775,46,31.92,14.08,2.89,False
2017-09-01,USC00165065,61,23.13,37.87,7.62,True
2017-09-01,USC00165074,33,4.52,28.48,5.75,True
2017-09-01,USC00165076,0,9.21,-9.21,-1.73,False
2017-09-01,USC00165266,5,17.4,-12.4,-2.37,False
2017-09-01,USC00165296,0,34.52,-34.52,-6.76,True
2017-09-01,USC00165620,112,89.7,22.3,4.53,True
2017-09-01,USC00165920,86,88.45,-2.45,-0.39,False
2017-09-01,USC00166394,3,53.61,-50.61,-9.96,True
2017-09-01,USC00166431,0,9.25,-9.25,-1.74,False
2017-09-01,USC00166434,0,7.62,-7.62,-1.42,False
2017-09-01,USC00166561,0,55.68,-55.68,-10.96,True
2017-09-01,USC00166686,0,66.91,-66.91,-13.2,True
2017-09-01,USC00166808,18,85.39,-67.39,-13.29,True
2017-09-01,USC00166938,0,30.51,-30.51,-5.96,True
2017-09-01,USC00166968,0,8.91,-8.91,-1.67,False
2017-09-01,USC00166995,91,55.85,35.15,7.08,True
2017-09-01,USC00167366,53,85.72,-32.72,-6.4,True
2017-09-01,USC00167448,147,85.97,61.03,12.22,True
2017-09-01,USC00167732,284,54.23,229.77,45.74,True
2017-09-01,USC00167932,0,18.72,-18.72,-3.62,True
2017-09-01,USC00168136,20,64.28,-44.28,-8.7,True
2017-09-01,USC00168181,58,26.43,31.57,6.37,True
2017-09-01,USC00168831,0,7.0,-7.0,-1.29,False
2017-09-01,USC00169074,10,0.55,9.45,1.97,False
2017-09-01,USC00169369,0,50.23,-50.23,-9.88,True
2017-09-01,USC00169376,0,4.51,-4.51,-0.8,False
2017-09-01,USC00223441,69,107.69,-38.69,-7.59,True
2017-09-01,USC00410569,0,0.0,0.0,0.1,False
2017-09-01,USC00410586,0,3.64,-3.64,-0.63,False
2017-09-01,USC00410655,0,0.0,0.0,0.1,False
2017-09-01,USC00411048,0,0.0,0.0,0.1,False
2017-09-01,USC00411596,0,17.89,-17.89,-3.46,False
2017-09-01,USC00411956,0,3.84,-3.84,-0.67,False
2017-09-01,USC00412114,0,16.4,-16.4,-3.16,False
2017-09-01,USC00412206,0,0.01,-0.01,0.09,False
2017-09-01,USC00412266,0,0.0,0.0,0.1,False
2017-09-01,USC00412676,0,0.0,0.0,0.1,False
2017-09-01,USC00412786,0,0.0,0.0,0.1,False
2017-09-01,USC00413340,0,0.03,-0.03,0.09,False
2017-09-01,USC00414325,0,0.02,-0.02,0.09,False
2017-09-01,USC00414327,0,0.01,-0.01,0.09,False
2017-09-01,USC00414333,0,0.1,-0.1,0.08,False
2017-09-01,USC00414382,0,5.68,-5.68,-1.03,False
2017-09-01,USC00414704,0,0.01,-0.01,0.09,False
2017-09-01,USC00414878,0,5.01,-5.01,-0.9,False
2017-09-01,USC00415196,0,5.1,-5.1,-0.92,False
2017-09-01,USC00415427,8,12.11,-4.11,-0.72,False
2017-09-01,USC00415435,0,0.67,-0.67,-0.04,False
2017-09-01,USC00415477,0,10.8,-10.8,-2.05,False
2017-09-01,USC00416024,0,2.73,-2.73,-0.45,False
2017-09-01,USC00416280,0,4.17,-4.17,-0.73,False
2017-09-01,USC00416664,0,3.04,-3.04,-0.51,False
2017-09-01,USC00417040,0,1.63,-1.63,-0.23,False
2017-09-01,USC00417172,5,0.86,4.14,0.92,False
2017-09-01,USC00417594,0,0.01,-0.01,0.09,False
2017-09-01,USC00417936,5,12.2,-7.2,-1.33,False
2017-09-01,USC00418996,0,0.02,-0.02,0.09,False
2017-09-01,USC00419101,0,11.73,-11.73,-2.23,False
2017-09-01,USC00419491,0,0.0,0.0,0.1,False
2017-09-01,USC00419655,0,0.0,0.0,0.1,False
2017-09-01,USW00003904,0,0.0,0.0,0.1,False
2017-09-01,USW00003937,0,7.56,-7.56,-1.41,False
2017-09-01,USW00003949,0,23.02,-23.02,-4.48,True
2017-09-01,USW00012917,0,1.69,-1.69,-0.24,False
2017-09-01,USW00012918,0,0.03,-0.03,0.09,False
2017-09-01,USW00012923,0,0.06,-0.06,0.08,False
2017-09-01,USW00012935,0,0.0,0.0,0.1,False
2017-09-01,USW00012960,0,2.87,-2.87,-0.47,False
2017-09-01,USW00012968,0,38.92,-38.92,-7.63,True
2017-09-01,USW00012975,0,0.04,-0.04,0.09,False
2017-09-01,USW00012977,0,0.01,-0.01,0.09,False
2017-09-01,USW00012981,0,0.0,0.0,0.1,False
2017-09-01,USW00013935,0,92.29,-92.29,-18.23,True
2017-09-01,USW00013970,0,67.2,-67.2,-13.25,True
2017-09-01,USW00013976,0,52.98,-52.98,-10.43,True
2017-09-01,USW00053902,0,5.27,-5.27,-0.95,False
2017-09-01,USW00053903,0,6.05,-6.05,-1.11,False
2017-09-01,USW00053910,0,2.58,-2.58,-0.42,False
2017-09-01,USW00053915,3,48.44,-45.44,-8.93,True
2017-09-01,USW00053928,0,0.0,0.0,0.1,False
2017-09-01,USW00053960,0,56.54,-56.54,-11.13,True
2017-09-01,USW00053988,0,33.04,-33.04,-6.47,True
2017-09-01,USW00093915,0,62.66,-62.66,-12.35,True
2017-09-01,USW00093987,0,15.76,-15.76,-3.03,False
2017-09-02,US1LAAC0002,0,0.38,-0.38,-0.59,False
2017-09-02,US1LAAC0003,0,0.41,-0.41,-0.69,False
2017-09-02,US1LAAV0001,0,0.0,0.0,0.76,False
2017-09-02,US1LABG0002,0,0.0,0.0,0.76,False
2017-09-02,US1LACC0003,0,0.0,0.0,0.76,False
2017-09-02,US1LACC0006,0,0.07,-0.07,0.51,False
2017-09-02,US1LACC0009,0,0.0,0.0,0.76,False
2017-09-02,US1LACC0014,0,0.07,-0.07,0.5,False
2017-09-02,US1LACM0003,0,0.1,-0.1,0.39,False
2017-09-02,US1LAEB0002,0,2.78,-2.78,-9.17,True
2017-09-02,US1LAEB0009,0,2.38,-2.38,-7.77,True
2017-09-02,US1LAEB0014,0,5.46,-5.46,-18.76,True
2017-09-02,US1LAEB0019,0,4.85,-4.85,-16.59,True
2017-09-02,US1LAEB0023,0,3.5,-3.5,-11.76,True
2017-09-02,US1LAEB0027,0,4.35,-4.35,-14.81,True
2017-09-02,US1LAEB0031,0,3.93,-3.93,-13.28,True
2017-09-02,US1LAEB0033,0,2.91,-2.91,-9.64,True
2017-09-02,US1LAEB0041,8,2.75,5.25,19.52,True
2017-09-02,US1LAEB0042,0,4.97,-4.97,-17.01,True
2017-09-02,US1LAEB0046,0,2.95,-2.95,-9.78,True
2017-09-02,US1LAEB0054,61,1.37,59.63,213.97,True
2017-09-02,US1LAEB0056,0,1.82,-1.82,-5.75,True
2017-09-02,US1LAEB0060,0,4.75,-4.75,-16.23,True
2017-09-02,US1LAJD0002,0,0.0,0.0,0.76,False
2017-09-02,US1LALY0007,0,0.99,-0.99,-2.79,False
2017-09-02,US1LARP0007,0,0.0,0.0,0.76,False
2017-09-02,US1LARP0009,0,0.0,0.0,0.76,False
2017-09-02,US1LASL0001,0,0.91,-0.91,-2.49,False
2017-09-02,US1LASM0002,0,3.13,-3.13,-10.43,True
2017-09-02,US1LAVM0002,0,0.34,-0.34,-0.46,False
2017-09-02,US1LAVM0004,0,1.67,-1.67,-5.21,True
2017-09-02,US1LAWB0002,0,3.34,-3.34,-11.18,True
2017-09-02,US1LAWF0004,0,1.4,-1.4,-4.26,True
2017-09-02,US1TXAG0001,0,0.1,-0.1,0.41,False
2017-09-02,US1TXAG0002,0,0.35,-0.35,-0.48,False
2017-09-02,US1TXAG0003,0,0.12,-0.12,0.34,False
2017-09-02,US1TXAG0006,0,0.12,-0.12,0.32,False
2017-09-02,US1TXAG0009,0,0.1,-0.1,0.39,False
2017-09-02,US1TXAS0003,0,0.0,0.0,0.76,False
2017-09-02,US1TXAS0004,0,0.08,-0.08,0.48,False
2017-09-02,US1TXAS0005,0,0.12,-0.12,0.34,False
2017-09-02,US1TXAS0006,0,0.11,-0.11,0.37,False
2017-09-02,US1TXAS0007,0,0.1,-0.1,0.39,False
2017-09-02,US1TXAS0015,0,0.0,0.0,0.76,False
2017-09-02,US1TXAS0017,0,0.25,-0.25,-0.14,False
2017-09-02,US1TXAS0018,0,0.08,-0.08,0.48,False
2017-09-02,US1TXBRZ020,0,1.68,-1.68,-5.24,True
2017-09-02,US1TXBRZ021,0,0.92,-0.92,-2.51,False
2017-09-02,US1TXBRZ025,23,0.1,22.9,82.65,True
2017-09-02,US1TXBRZ032,0,1.81,-1.81,-5.71,True
2017-09-02,US1TXBZS096,0,0.0,0.0,0.76,False
2017-09-02,US1TXBZS098,0,0.0,0.0,0.76,False
2017-09-02,US1TXBZS099,0,0.0,0.0,0.76,False
2017-09-02,US1TXBZS100,0,0.0,0.0,0.76,False
2017-09-02,US1TXBZS102,0,0.0,0.0,0.76,False
2017-09-02,US1TXBZS103,0,0.0,0.0,0.76,False
2017-09-02,US1TXCHM008,0,0.29,-0.29,-0.26,False
2017-09-02,US1TXCLR006,0,0.0,0.0,0.76,False
2017-09-02,US1TXCLR010,0,0.0,0.0,0.76,False
2017-09-02,US1TXFB0005,0,0.18,-0.18,0.1,False
2017-09-02,US1TXFB0012,0,0.19,-0.19,0.1,False
2017-09-02,US1TXFB0017,0,0.18,-0.18,0.12,False
2017-09-02,US1TXFB0018,0,0.18,-0.18,0.12,False
2017-09-02,US1TXFB0022,0,0.32,-0.32,-0.37,False
2017-09-02,US1TXFB0027,0,0.31,-0.31,-0.33,False
2017-09-02,US1TXFB0032,0,0.24,-0.24,-0.08,False
2017-09-02,US1TXFB0051,0,0.22,-0.22,-0.03,False
2017-09-02,US1TXGM0007,0,0.0,0.0,0.76,False
2017-09-02,US1TXGV0005,0,0.5,-0.5,-1.02,False
2017-09-02,US1TXGV0022,0,0.3,-0.3,-0.32,False
2017-09-02,US1TXGV0034,0,0.3,-0.3,-0.31,False
2017-09-02,US1TXGV0044,0,0.38,-0.38,-0.6,False
2017-09-02,US1TXGV0046,0,0.31,-0.31,-0.36,False
2017-09-02,US1TXGV0049,0,0.39,-0.39,-0.63,False
2017-09-02,US1TXGV0051,0,0.37,-0.37,-0.56,False
2017-09-02,US1TXGV0054,0,0.49,-0.49,-1.01,False
2017-09-02,US1TXGV0060,0,0.45,-0.45,-0.86,False
2017-09-02,US1TXGV0063,0,0.43,-0.43,-0.76,False
2017-09-02,US1TXGV0064,0,0.42,-0.42,-0.76,False
2017-09-02,US1TXGV0069,0,0.35,-0.35,-0.48,False
2017-09-02,US1TXGV0070,0,0.43,-0.43,-0.79,False
2017-09-02,US1TXGV0071,0,0.38,-0.38,-0.6,False
2017-09-02,US1TXHRN001,0,0.41,-0.41,-0.71,False
2017-09-02,US1TXHRN005,0,0.18,-0.18,0.11,False
2017-09-02,US1TXHRN006,0,0.21,-0.21,0.0,False
2017-09-02,US1TXHRR015,0,0.21,-0.21,-0.01,False
2017-09-02,US1TXHRR027,0,0.19,-0.19,0.08,False
2017-09-02,US1TXHRR028,0,0.3,-0.3,-0.33,False
2017-09-02,US1TXHRR031,0,0.4,-0.4,-0.66,False
2017-09-02,US1TXHRR032,0,0.62,-0.62,-1.47,False
2017-09-02,US1TXHRR033,0,0.21,-0.21,0.02,False
2017-09-02,US1TXHRR052,0,0.31,-0.31,-0.36,False
2017-09-02,US1TXHRR058,0,0.19,-0.19,0.08,False
2017-09-02,US1TXHRR074,0,0.14,-0.14,0.24,False
2017-09-02,US1TXHRR089,0,0.4,-0.4,-0.66,False
2017-09-02,US1TXHRR093,0,0.46,-0.46,-0.89,False
2017-09-02,US1TXHRR116,0,0.12,-0.12,0.34,False
2017-09-02,US1TXHRR117,0,0.13,-0.13,0.31,False
2017-09-02,US1TXHRR119,0,0.35,-0.35,-0.49,False
2017-09-02,US1TXHRR122,0,0.25,-0.25,-0.14,False
2017-09-02,US1TXHRR124,0,0.15,-0.15,0.24,False
2017-09-02,US1TXHRR139,0,0.38,-0.38,-0.59,False
2017-09-02,US1TXHRR147,0,0.53,-0.53,-1.12,False
2017-09-02,US1TXHRR162,0,0.35,-0.35,-0.49,False
2017-09-02,US1TXHRR165,0,0.27,-0.27,-0.22,False
2017-09-02,US1TXHRR168,0,0.53,-0.53,-1.12,False
2017-09-02,US1TXHRR176,0,0.28,-0.28,-0.23,False
2017-09-02,US1TXHRR203,0,0.23,-0.23,-0.06,False
2017-09-02,US1TXHRR209,0,0.27,-0.27,-0.19,False
2017-09-02,US1TXHRR217,0,0.31,-0.31,-0.34,False
2017-09-02,US1TXHRR222,0,0.22,-0.22,-0.04,False
2017-09-02,US1TXHRR228,0,0.21,-0.21,-0.0,False
2017-09-02,US1TXHRR232,0,0.36,-0.36,-0.52,False
2017-09-02,US1TXHRR236,0,0.26,-0.26,-0.17,False
2017-09-02,US1TXHRR238,0,0.37,-0.37,-0.55,False
2017-09-02,US1TXHRR243,0,0.14,-0.14,0.27,False
2017-09-02,US1TXHRR306,0,0.16,-0.16,0.17,False
2017-09-02,US1TXHST003,0,0.07,-0.07,0.5,False
2017-09-02,US1TXJJ0009,8,0.06,7.94,29.14,True
2017-09-02,US1TXJJ0011,0,2.29,-2.29,-7.43,True
2017-09-02,US1TXJS0002,0,0.73,-0.73,-1.85,False
2017-09-02,US1TXJS0003,0,0.39,-0.39,-0.62,False
2017-09-02,US1TXLR0013,0,0.23,-0.23,-0.08,False
2017-09-02,US1TXLR0015,0,0.26,-0.26,-0.18,False
2017-09-02,US1TXMNG004,0,0.02,-0.02,0.7,False
2017-09-02,US1TXMNG014,0,0.01,-0.01,0.71,False
2017-09-02,US1TXMNG020,0,0.11,-0.11,0.37,False
2017-09-02,US1TXMNG021,0,0.01,-0.01,0.72,False
2017-09-02,US1TXMNG026,0,0.13,-0.13,0.31,False
2017-09-02,US1TXMNG030,0,0.13,-0.13,0.29,False
2017-09-02,US1TXMNG031,0,0.1,-0.1,0.39,False
2017-09-02,US1TXMNG035,0,0.13,-0.13,0.31,False
2017-09-02,US1TXMNG051,0,0.12,-0.12,0.34,False
2017-09-02,US1TXMNG061,0,0.11,-0.11,0.37,False
2017-09-02,US1TXMNG063,0,0.21,-0.21,0.03,False
2017-09-02,US1TXMNG064,0,0.15,-0.15,0.23,False
2017-09-02,US1TXMTG004,0,0.45,-0.45,-0.84,False
2017-09-02,US1TXNW0002,0,0.15,-0.15,0.21,False
2017-09-02,US1TXOR0006,0,0.53,-0.53,-1.12,False
2017-09-02,US1TXPL0003,0,0.24,-0.24,-0.1,False
2017-09-02,US1TXPL0018,0,0.18,-0.18,0.12,False
2017-09-02,US1TXPL0027,0,0.24,-0.24,-0.09,False
2017-09-02,US1TXPL0035,3,0.05,2.95,11.31,True
2017-09-02,US1TXSA0001,0,0.31,-0.31,-0.33,False
2017-09-02,US1TXSJ0010,0,0.21,-0.21,0.01,False
2017-09-02,US1TXSJ0011,0,0.16,-0.16,0.19,False
2017-09-02,US1TXTR0003,0,0.47,-0.47,-0.91,False
2017-09-02,US1TXTR0012,0,0.48,-0.48,-0.96,False
2017-09-02,US1TXTR0013,5,0.18,4.82,18.01,True
2017-09-02,US1TXTT0003,0,0.09,-0.09,0.45,False
2017-09-02,US1TXTT0006,0,0.11,-0.11,0.36,False
2017-09-02,US1TXWA0003,0,0.0,0.0,0.76,False
2017-09-02,US1TXWA0006,0,0.0,0.0,0.76,False
2017-09-02,US1TXWA0009,0,0.0,0.0,0.76,False
2017-09-02,US1TXWA0012,0,0.0,0.0,0.76,False
2017-09-02,US1TXWA0014,0,0.0,0.0,0.76,False
2017-09-02,US1TXWA0017,0,0.0,0.0,0.76,False
2017-09-02,US1TXWA0024,0,0.0,0.0,0.76,False
2017-09-02,US1TXWH0001,0,0.21,-0.21,0.01,False
2017-09-02,US1TXWH0002,0,0.19,-0.19,0.07,False
2017-09-02,US1TXWH0004,0,0.26,-0.26,-0.16,False
2017-09-02,US1TXWH0011,0,0.3,-0.3,-0.3,False
2017-09-02,US1TXWH0018,0,0.32,-0.32,-0.39,False
2017-09-02,US1TXWK0005,0,0.03,-0.03,0.66,False
2017-09-02,US1TXWK0012,0,0.02,-0.02,0.68,False
2017-09-02,US1TXWK0013,0,0.03,-0.03,0.66,False
2017-09-02,US1TXWK0018,0,0.02,-0.02,0.67,False
2017-09-02,US1TXWK0021,0,0.07,-0.07,0.52,False
2017-09-02,US1TXWK0026,0,0.05,-0.05,0.59,False
2017-09-02,US1TXWL0009,0,0.14,-0.14,0.27,False
2017-09-02,USC00160007,0,1.66,-1.66,-5.16,True
2017-09-02,USC00160098,0,0.0,0.0,0.76,False
2017-09-02,USC00160103,0,0.0,0.0,0.76,False
2017-09-02,USC00160462,0,3.06,-3.06,-10.17,True
2017-09-02,USC00160548,0,3.35,-3.35,-11.22,True
2017-09-02,USC00160558,0,7.78,-7.78,-27.07,True
2017-09-02,USC00160565,0,5.49,-5.49,-18.88,True
2017-09-02,USC00160658,0,0.0,0.0,0.76,False
2017-09-02,USC00161232,0,0.0,0.0,0.76,False
2017-09-02,USC00161287,0,0.0,0.0,0.76,False
2017-09-02,USC00161535,0,0.96,-0.96,-2.66,False
2017-09-02,USC00161565,0,5.2,-5.2,-17.83,True
2017-09-02,USC00162212,0,0.39,-0.39,-0.64,False
2017-09-02,USC00162534,0,7.29,-7.29,-25.31,True
2017-09-02,USC00163313,0,9.19,-9.19,-32.12,True
2017-09-02,USC00163800,0,0.87,-0.87,-2.35,False
2017-09-02,USC00163979,0,0.2,-0.2,0.05,False
2017-09-02,USC00164288,0,0.15,-0.15,0.23,False
2017-09-02,USC00164674,25,4.22,20.78,75.05,True
2017-09-02,USC00164700,0,0.34,-0.34,-0.44,False
2017-09-02,USC00164739,0,0.0,0.0,0.76,False
2017-09-02,USC00164775,0,0.33,-0.33,-0.43,False
2017-09-02,USC00165065,0,0.0,0.0,0.76,False
2017-09-02,USC00165074,0,0.06,-0.06,0.53,False
2017-09-02,USC00165266,0,0.0,0.0,0.76,False
2017-09-02,USC00165296,0,0.88,-0.88,-2.39,False
2017-09-02,USC00165620,0,3.73,-3.73,-12.59,True
2017-09-02,USC00166394,185,2.6,182.4,652.98,True
2017-09-02,USC00166431,0,0.06,-0.06,0.55,False
2017-09-02,USC00166434,0,0.07,-0.07,0.51,False
2017-09-02,USC00166561,0,11.29,-11.29,-39.62,True
2017-09-02,USC00166686,0,1.54,-1.54,-4.73,True
2017-09-02,USC00166808,0,1.92,-1.92,-6.1,True
2017-09-02,USC00166938,0,0.0,0.0,0.76,False
2017-09-02,USC00166968,0,0.0,0.0,0.76,False
2017-09-02,USC00166995,0,0.43,-0.43,-0.77,False
2017-09-02,USC00167366,0,3.68,-3.68,-12.4,True
2017-09-02,USC00167448,0,3.11,-3.11,-10.35,True
2017-09-02,USC00167729,0,0.0,0.0,0.76,False
2017-09-02,USC00167732,0,0.0,0.0,0.76,False
2017-09-02,USC00167932,0,0.0,0.0,0.76,False
2017-09-02,USC00168136,0,1.47,-1.47,-4.48,True
2017-09-02,USC00168181,0,1.67,-1.67,-5.2,True
2017-09-02,USC00168831,0,0.08,-0.08,0.49,False
2017-09-02,USC00169074,0,0.15,-0.15,0.22,False
2017-09-02,USC00223441,0,2.06,-2.06,-6.61,True
2017-09-02,USC00410569,0,0.67,-0.67,-1.64,False
2017-09-02,USC00410586,0,0.26,-0.26,-0.18,False
2017-09-02,USC00410655,0,0.06,-0.06,0.55,False
2017-09-02,USC00411048,0,0.0,0.0,0.76,False
2017-09-02,USC00411596,0,0.08,-0.08,0.48,False
2017-09-02,USC00411956,0,0.1,-0.1,0.39,False
2017-09-02,USC00412114,0,0.07,-0.07,0.5,False
2017-09-02,USC00412206,0,0.13,-0.13,0.28,False
2017-09-02,USC00412266,0,0.23,-0.23,-0.05,False
2017-09-02,USC00412786,0,0.28,-0.28,-0.25,False
2017-09-02,USC00413340,18,0.29,17.71,64.07,True
2017-09-02,USC00414325,0,0.39,-0.39,-0.65,False
2017-09-02,USC00414327,0,0.23,-0.23,-0.06,False
2017-09-02,USC00414333,0,0.34,-0.34,-0.47,False
2017-09-02,USC00414382,0,0.02,-0.02,0.68,False
2017-09-02,USC00414704,0,0.12,-0.12,0.34,False
2017-09-02,USC00414878,0,0.21,-0.21,0.03,False
2017-09-02,USC00415196,0,0.3,-0.3,-0.29,False
2017-09-02,USC00415427,0,0.13,-0.13,0.28,False
2017-09-02,USC00415435,0,0.47,-0.47,-0.91,False
2017-09-02,USC00415477,0,0.05,-0.05,0.6,False
2017-09-02,USC00416024,0,0.07,-0.07,0.5,False
2017-09-02,USC00416280,0,0.2,-0.2,0.06,False
2017-09-02,USC00416664,0,0.4,-0.4,-0.66,False
2017-09-02,USC00417040,0,0.25,-0.25,-0.13,False
2017-09-02,USC00417172,0,0.51,-0.51,-1.08,False
2017-09-02,USC00417594,0,0.25,-0.25,-0.13,False
2017-09-02,USC00417936,0,0.35,-0.35,-0.49,False
2017-09-02,USC00418996,0,0.44,-0.44,-0.81,False
2017-09-02,USC00419101,0,0.94,-0.94,-2.61,False
2017-09-02,USC00419491,0,0.0,0.0,0.76,False
2017-09-02,USC00419655,0,0.21,-0.21,0.02,False
2017-09-02,USW00003904,0,0.0,0.0,0.76,False
2017-09-02,USW00003937,0,0.08,-0.08,0.49,False
2017-09-02,USW00003949,0,0.0,0.0,0.76,False
2017-09-02,USW00012917,0,0.65,-0.65,-1.55,False
2017-09-02,USW00012918,0,0.62,-0.62,-1.45,False
2017-09-02,USW00012923,0,0.49,-0.49,-0.98,False
2017-09-02,USW00012935,0,0.68,-0.68,-1.69,False
2017-09-02,USW00012960,0,0.17,-0.17,0.14,False
2017-09-02,USW00012968,0,16.32,-16.32,-57.6,True
2017-09-02,USW00012975,0,0.7,-0.7,-1.75,False
2017-09-02,USW00012977,0,0.24,-0.24,-0.09,False
2017-09-02,USW00012981,0,0.67,-0.67,-1.63,False
2017-09-02,USW00013935,0,0.0,0.0,0.76,False
2017-09-02,USW00013970,0,3.13,-3.13,-10.44,True
2017-09-02,USW00013976,0,2.81,-2.81,-9.28,True
2017-09-02,USW00053902,0,0.13,-0.13,0.31,False
2017-09-02,USW00053903,0,0.02,-0.02,0.67,False
2017-09-02,USW00053910,0,0.13,-0.13,0.29,False
2017-09-02,USW00053915,0,3.64,-3.64,-12.24,True
2017-09-02,USW00053928,0,0.0,0.0,0.76,False
2017-09-02,USW00053960,0,1.65,-1.65,-5.12,True
2017-09-02,USW00053988,0,0.0,0.0,0.76,False
2017-09-02,USW00093915,0,0.0,0.0,0.76,False
2017-09-02,USW00093987,0,0.16,-0.16,0.18,False
2017-09-03,US1LAAC0002,0,0.0,0.0,0.0,False
2017-09-03,US1LAAC0003,0,0.0,0.0,0.0,False
2017-09-03,US1LAAV0001,0,0.0,0.0,0.0,False
2017-09-03,US1LABG0002,0,0.0,0.0,0.0,False
2017-09-03,US1LACC0003,0,0.0,0.0,0.0,False
2017-09-03,US1LACC0006,0,0.0,0.0,0.0,False
2017-09-03,US1LACC0009,0,0.0,0.0,0.0,False
2017-09-03,US1LACC0014,0,0.0,0.0,0.0,False
2017-09-03,US1LACM0003,0,0.0,0.0,0.0,False
2017-09-03,US1LAEB0002,0,0.0,0.0,0.0,False
2017-09-03,US1LAEB0009,0,0.0,0.0,0.0,False
2017-09-03,US1LAEB0014,0,0.0,0.0,0.0,False
2017-09-03,US1LAEB0019,0,0.0,0.0,0.0,False
2017-09-03,US1LAEB0023,0,0.0,0.0,0.0,False
2017-09-03,US1LAEB0027,0,0.0,0.0,0.0,False
2017-09-03,US1LAEB0031,0,0.0,0.0,0.0,False
2017-09-03,US1LAEB0033,0,0.0,0.0,0.0,False
2017-09-03,US1LAEB0041,0,0.0,0.0,0.0,False
2017-09-03,US1LAEB0042,0,0.0,0.0,0.0,False
2017-09-03,US1LAEB0046,0,0.0,0.0,0.0,False
2017-09-03,US1LAEB0054,0,0.0,0.0,0.0,False
2017-09-03,US1LAEB0056,0,0.0,0.0,0.0,False
2017-09-03,US1LAEB0060,0,0.0,0.0,0.0,False
2017-09-03,US1LAJD0002,0,0.0,0.0,0.0,False
2017-09-03,US1LALY0007,0,0.0,0.0,0.0,False
2017-09-03,US1LARP0007,0,0.0,0.0,0.0,False
2017-09-03,US1LARP0009,0,0.0,0.0,0.0,False
2017-09-03,US1LASL0001,0,0.0,0.0,0.0,False
2017-09-03,US1LASM0002,0,0.0,0.0,0.0,False
2017-09-03,US1LAVM0002,0,0.0,0.0,0.0,False
2017-09-03,US1LAVM0004,0,0.0,0.0,0.0,False
2017-09-03,US1LAWB0002,0,0.0,0.0,0.0,False
2017-09-03,US1LAWF0004,0,0.0,0.0,0.0,False
2017-09-03,US1TXAG0001,0,0.0,0.0,0.0,False
2017-09-03,US1TXAG0002,0,0.0,0.0,0.0,False
2017-09-03,US1TXAG0003,0,0.0,0.0,0.0,False
2017-09-03,US1TXAG0006,0,0.0,0.0,0.0,False
2017-09-03,US1TXAG0009,0,0.0,0.0,0.0,False
2017-09-03,US1TXAS0003,0,0.03,-0.03,-0.07,False
2017-09-03,US1TXAS0004,0,0.02,-0.02,-0.04,False
2017-09-03,US1TXAS0005,0,0.0,0.0,0.0,False
2017-09-03,US1TXAS0006,0,0.0,0.0,0.0,False
2017-09-03,US1TXAS0007,0,0.0,0.0,0.0,False
2017-09-03,US1TXAS0015,0,0.02,-0.02,-0.03,False
2017-09-03,US1TXAS0017,0,0.0,0.0,0.0,False
2017-09-03,US1TXAS0018,0,0.02,-0.02,-0.04,False
2017-09-03,US1TXBRZ020,0,0.0,0.0,0.0,False
2017-09-03,US1TXBRZ021,0,0.0,0.0,0.0,False
2017-09-03,US1TXBRZ025,0,0.0,0.0,0.0,False
2017-09-03,US1TXBRZ032,0,0.0,0.0,0.0,False
2017-09-03,US1TXBZS096,0,0.08,-0.08,-0.17,False
2017-09-03,US1TXBZS098,5,0.0,5.0,11.16,True
2017-09-03,US1TXBZS099,0,0.19,-0.19,-0.42,False
2017-09-03,US1TXBZS100,0,0.12,-0.12,-0.28,False
2017-09-03,US1TXBZS102,0,0.18,-0.18,-0.4,False
2017-09-03,US1TXBZS103,0,0.08,-0.08,-0.17,False
2017-09-03,US1TXCHM008,0,0.0,0.0,0.0,False
2017-09-03,US1TXCLR006,0,0.0,0.0,0.0,False
2017-09-03,US1TXFB0005,0,0.0,0.0,0.0,False
2017-09-03,US1TXFB0012,0,0.0,0.0,0.0,False
2017-09-03,US1TXFB0017,0,0.0,0.0,0.0,False
2017-09-03,US1TXFB0018,0,0.0,0.0,0.0,False
2017-09-03,US1TXFB0027,0,0.0,0.0,0.0,False
2017-09-03,US1TXFB0032,0,0.0,0.0,0.0,False
2017-09-03,US1TXFB0051,0,0.0,0.0,0.0,False
2017-09-03,US1TXFB0053,0,0.0,0.0,0.0,False
2017-09-03,US1TXGM0007,0,0.15,-0.15,-0.34,False
2017-09-03,US1TXGV0005,0,0.0,0.0,0.0,False
2017-09-03,US1TXGV0022,0,0.0,0.0,0.0,False
2017-09-03,US1TXGV0029,0,0.0,0.0,0.0,False
2017-09-03,US1TXGV0034,0,0.0,0.0,0.0,False
2017-09-03,US1TXGV0044,0,0.0,0.0,0.0,False
2017-09-03,US1TXGV0046,0,0.0,0.0,0.0,False
2017-09-03,US1TXGV0049,0,0.0,0.0,0.0,False
2017-09-03,US1TXGV0051,0,0.0,0.0,0.0,False
2017-09-03,US1TXGV0054,0,0.0,0.0,0.0,False
2017-09-03,US1TXGV0060,0,0.0,0.0,0.0,False
2017-09-03,US1TXGV0064,0,0.0,0.0,0.0,False
2017-09-03,US1TXGV0069,0,0.0,0.0,0.0,False
2017-09-03,US1TXGV0070,0,0.0,0.0,0.0,False
2017-09-03,US1TXGV0071,0,0.0,0.0,0.0,False
2017-09-03,US1TXGV0073,0,0.0,0.0,0.0,False
2017-09-03,US1TXHRN001,0,0.0,0.0,0.0,False
2017-09-03,US1TXHRN005,0,0.0,0.0,0.0,False
2017-09-03,US1TXHRN006,0,0.0,0.0,0.0,False
2017-09-03,US1TXHRR015,0,0.0,0.0,0.0,False
2017-09-03,US1TXHRR027,0,0.0,0.0,0.0,False
2017-09-03,US1TXHRR028,0,0.0,0.0,0.0,False
2017-09-03,US1TXHRR031,0,0.0,0.0,0.0,False
2017-09-03,US1TXHRR032,0,0.0,0.0,0.0,False
2017-09-03,US1TXHRR033,0,0.0,0.0,0.0,False
2017-09-03,US1TXHRR052,0,0.0,0.0,0.0,False
2017-09-03,US1TXHRR058,0,0.0,0.0,0.0,False
2017-09-03,US1TXHRR074,0,0.0,0.0,0.0,False
2017-09-03,US1TXHRR089,0,0.0,0.0,0.0,False
2017-09-03,US1TXHRR093,0,0.0,0.0,0.0,False
2017-09-03,US1TXHRR116,0,0.0,0.0,0.0,False
2017-09-03,US1TXHRR117,0,0.0,0.0,0.0,False
2017-09-03,US1TXHRR119,0,0.0,0.0,0.0,False
2017-09-03,US1TXHRR122,0,0.0,0.0,0.0,False
2017-09-03,US1TXHRR124,0,0.0,0.0,0.0,False
2017-09-03,US1TXHRR139,0,0.0,0.0,0.0,False
2017-09-03,US1TXHRR147,0,0.0,0.0,0.0,False
2017-09-03,US1TXHRR162,0,0.0,0.0,0.0,False
2017-09-03,US1TXHRR165,0,0.0,0.0,0.0,False
2017-09-03,US1TXHRR168,0,0.0,0.0,0.0,False
2017-09-03,US1TXHRR170,0,0.0,0.0,0.0,False
2017-09-03,US1TXHRR176,0,0.0,0.0,0.0,False
2017-09-03,US1TXHRR203,0,0.0,0.0,0.0,False
2017-09-03,US1TXHRR209,0,0.0,0.0,0.0,False
2017-09-03,US1TXHRR217,0,0.0,0.0,0.0,False
2017-09-03,US1TXHRR222,0,0.0,0.0,0.0,False
2017-09-03,US1TXHRR228,0,0.0,0.0,0.0,False
2017-09-03,US1TXHRR232,0,0.0,0.0,0.0,False
2017-09-03,US1TXHRR237,0,0.0,0.0,0.0,False
2017-09-03,US1TXHRR238,0,0.0,0.0,0.0,False
2017-09-03,US1TXHRR243,0,0.0,0.0,0.0,False
2017-09-03,US1TXHRR306,0,0.0,0.0,0.0,False
2017-09-03,US1TXHST003,0,0.0,0.0,0.0,False
2017-09-03,US1TXJJ0009,0,0.0,0.0,0.0,False
2017-09-03,US1TXJJ0011,0,0.0,0.0,0.0,False
2017-09-03,US1TXJS0003,0,0.0,0.0,0.0,False
2017-09-03,US1TXLR0013,0,0.0,0.0,0.0,False
2017-09-03,US1TXLR0014,0,0.0,0.0,0.0,False
2017-09-03,US1TXLR0015,0,0.0,0.0,0.0,False
2017-09-03,US1TXMNG004,0,0.03,-0.03,-0.06,False
2017-09-03,US1TXMNG014,0,0.02,-0.02,-0.05,False
2017-09-03,US1TXMNG020,0,0.02,-0.02,-0.05,False
2017-09-03,US1TXMNG021,0,0.02,-0.02,-0.04,False
2017-09-03,US1TXMNG026,0,0.0,0.0,0.0,False
2017-09-03,US1TXMNG030,0,0.0,0.0,0.0,False
2017-09-03,US1TXMNG031,0,0.0,0.0,0.0,False
2017-09-03,US1TXMNG035,0,0.02,-0.02,-0.04,False
2017-09-03,US1TXMNG051,0,0.02,-0.02,-0.05,False
2017-09-03,US1TXMNG061,0,0.0,0.0,0.0,False
2017-09-03,US1TXMNG063,0,0.0,0.0,0.0,False
2017-09-03,US1TXMNG064,0,0.0,0.0,0.0,False
2017-09-03,US1TXNW0002,0,0.0,0.0,0.0,False
2017-09-03,US1TXOR0001,0,0.0,0.0,0.0,False
2017-09-03,US1TXOR0006,0,0.0,0.0,0.0,False
2017-09-03,US1TXPL0003,0,0.0,0.0,0.0,False
2017-09-03,US1TXPL0018,0,0.0,0.0,0.0,False
2017-09-03,US1TXPL0027,0,0.0,0.0,0.0,False
2017-09-03,US1TXPL0035,0,0.0,0.0,0.0,False
2017-09-03,US1TXSA0001,0,0.0,0.0,0.0,False
2017-09-03,US1TXSJ0010,0,0.0,0.0,0.0,False
2017-09-03,US1TXSJ0011,0,0.0,0.0,0.0,False
2017-09-03,US1TXTR0003,0,0.0,0.0,0.0,False
2017-09-03,US1TXTR0012,0,0.0,0.0,0.0,False
2017-09-03,US1TXTR0013,0,0.0,0.0,0.0,False
2017-09-03,US1TXTT0003,0,0.05,-0.05,-0.12,False
2017-09-03,US1TXTT0006,0,0.0,0.0,0.0,False
2017-09-03,US1TXWA0003,0,0.04,-0.04,-0.09,False
2017-09-03,US1TXWA0006,0,0.02,-0.02,-0.04,False
2017-09-03,US1TXWA0009,0,0.02,-0.02,-0.04,False
2017-09-03,US1TXWA0012,0,0.04,-0.04,-0.09,False
2017-09-03,US1TXWA0014,0,0.04,-0.04,-0.09,False
2017-09-03,US1TXWA0017,0,0.07,-0.07,-0.16,False
2017-09-03,US1TXWA0024,0,0.03,-0.03,-0.07,False
2017-09-03,US1TXWH0001,0,0.0,0.0,0.0,False
2017-09-03,US1TXWH0002,0,0.0,0.0,0.0,False
2017-09-03,US1TXWH0004,0,0.0,0.0,0.0,False
2017-09-03,US1TXWH0011,0,0.0,0.0,0.0,False
2017-09-03,US1TXWH0018,0,0.0,0.0,0.0,False
2017-09-03,US1TXWK0003,0,0.05,-0.05,-0.1,False
2017-09-03,US1TXWK0005,0,0.03,-0.03,-0.07,False
2017-09-03,US1TXWK0012,0,0.03,-0.03,-0.06,False
2017-09-03,US1TXWK0013,0,0.03,-0.03,-0.07,False
2017-09-03,US1TXWK0018,0,0.02,-0.02,-0.05,False
2017-09-03,US1TXWK0021,0,0.04,-0.04,-0.09,False
2017-09-03,US1TXWK0026,0,0.03,-0.03,-0.07,False
2017-09-03,US1TXWL0009,0,0.0,0.0,0.0,False
2017-09-03,USC00160007,0,0.0,0.0,0.0,False
2017-09-03,USC00160098,0,0.0,0.0,0.0,False
2017-09-03,USC00160103,0,0.0,0.0,0.0,False
2017-09-03,USC00160462,0,0.0,0.0,0.0,False
2017-09-03,USC00160548,0,0.0,0.0,0.0,False
2017-09-03,USC00160558,0,0.0,0.0,0.0,False
2017-09-03,USC00160565,0,0.0,0.0,0.0,False
2017-09-03,USC00160658,0,0.0,0.0,0.0,False
2017-09-03,USC00161232,0,0.0,0.0,0.0,False
2017-09-03,USC00161287,0,0.0,0.0,0.0,False
2017-09-03,USC00161535,0,0.0,0.0,0.0,False
2017-09-03,USC00161565,0,0.0,0.0,0.0,False
2017-09-03,USC00162212,0,0.0,0.0,0.0,False
2017-09-03,USC00162534,0,0.0,0.0,0.0,False
2017-09-03,USC00163313,0,0.0,0.0,0.0,False
2017-09-03,USC00163800,0,0.0,0.0,0.0,False
2017-09-03,USC00163979,0,0.0,0.0,0.0,False
2017-09-03,USC00164288,0,0.0,0.0,0.0,False
2017-09-03,USC00164674,0,0.0,0.0,0.0,False
2017-09-03,USC00164700,0,0.0,0.0,0.0,False
2017-09-03,USC00164739,0,0.0,0.0,0.0,False
2017-09-03,USC00164775,0,0.0,0.0,0.0,False
2017-09-03,USC00165065,0,0.0,0.0,0.0,False
2017-09-03,USC00165074,0,0.0,0.0,0.0,False
2017-09-03,USC00165076,0,0.0,0.0,0.0,False
2017-09-03,USC00165266,0,0.0,0.0,0.0,False
2017-09-03,USC00165296,0,0.0,0.0,0.0,False
2017-09-03,USC00165620,0,0.0,0.0,0.0,False
2017-09-03,USC00166394,0,0.0,0.0,0.0,False
2017-09-03,USC00166431,0,0.0,0.0,0.0,False
2017-09-03,USC00166434,0,0.0,0.0,0.0,False
2017-09-03,USC00166561,0,0.0,0.0,0.0,False
2017-09-03,USC00166686,0,0.0,0.0,0.0,False
2017-09-03,USC00166808,0,0.0,0.0,0.0,False
2017-09-03,USC00166938,0,0.0,0.0,0.0,False
2017-09-03,USC00166968,0,0.0,0.0,0.0,False
2017-09-03,USC00166995,0,0.0,0.0,0.0,False
2017-09-03,USC00167366,0,0.0,0.0,0.0,False
2017-09-03,USC00167448,0,0.0,0.0,0.0,False
2017-09-03,USC00167729,0,0.0,0.0,0.0,False
2017-09-03,USC00167732,0,0.0,0.0,0.0,False
2017-09-03,USC00167932,0,0.0,0.0,0.0,False
2017-09-03,USC00168136,0,0.0,0.0,0.0,False
2017-09-03,USC00168181,0,0.0,0.0,0.0,False
2017-09-03,USC00168831,0,0.0,0.0,0.0,False
2017-09-03,USC00169074,0,0.0,0.0,0.0,False
2017-09-03,USC00223441,0,0.0,0.0,0.0,False
2017-09-03,USC00410569,0,0.0,0.0,0.0,False
2017-09-03,USC00410586,0,0.0,0.0,0.0,False
2017-09-03,USC00410655,0,0.02,-0.02,-0.03,False
2017-09-03,USC00411048,0,0.03,-0.03,-0.07,False
2017-09-03,USC00411596,0,0.18,-0.18,-0.41,False
2017-09-03,USC00411956,0,0.02,-0.02,-0.04,False
2017-09-03,USC00412114,0,0.0,0.0,0.0,False
2017-09-03,USC00412206,0,0.0,0.0,0.0,False
2017-09-03,USC00412266,0,0.0,0.0,0.0,False
2017-09-03,USC00412786,0,0.0,0.0,0.0,False
2017-09-03,USC00413340,0,0.0,0.0,0.0,False
2017-09-03,USC00414325,0,0.0,0.0,0.0,False
2017-09-03,USC00414327,0,0.0,0.0,0.0,False
2017-09-03,USC00414333,0,0.0,0.0,0.0,False
2017-09-03,USC00414382,0,0.02,-0.02,-0.05,False
2017-09-03,USC00414704,0,0.0,0.0,0.0,False
2017-09-03,USC00414878,0,0.0,0.0,0.0,False
2017-09-03,USC00415196,0,0.0,0.0,0.0,False
2017-09-03,USC00415427,0,0.0,0.0,0.0,False
2017-09-03,USC00415435,0,0.0,0.0,0.0,False
2017-09-03,USC00415477,0,0.13,-0.13,-0.28,False
2017-09-03,USC00416024,0,0.02,-0.02,-0.04,False
2017-09-03,USC00416280,0,0.0,0.0,0.0,False
2017-09-03,USC00416664,0,0.0,0.0,0.0,False
2017-09-03,USC00416680,0,0.0,0.0,0.0,False
2017-09-03,USC00417040,0,0.0,0.0,0.0,False
2017-09-03,USC00417172,0,0.0,0.0,0.0,False
2017-09-03,USC00417594,0,0.0,0.0,0.0,False
2017-09-03,USC00417936,0,0.0,0.0,0.0,False
2017-09-03,USC00418996,0,0.0,0.0,0.0,False
2017-09-03,USC00419101,0,0.0,0.0,0.0,False
2017-09-03,USC00419491,0,0.05,-0.05,-0.11,False
2017-09-03,USC00419655,0,0.0,0.0,0.0,False
2017-09-03,USW00003904,0,0.12,-0.12,-0.27,False
2017-09-03,USW00003937,0,0.0,0.0,0.0,False
2017-09-03,USW00003949,0,0.0,0.0,0.0,False
2017-09-03,USW00012917,0,0.0,0.0,0.0,False
2017-09-03,USW00012918,0,0.0,0.0,0.0,False
2017-09-03,USW00012923,0,0.0,0.0,0.0,False
2017-09-03,USW00012935,0,0.0,0.0,0.0,False
2017-09-03,USW00012960,0,0.0,0.0,0.0,False
2017-09-03,USW00012968,0,0.0,0.0,0.0,False
2017-09-03,USW00012975,0,0.0,0.0,0.0,False
2017-09-03,USW00012977,0,0.0,0.0,0.0,False
2017-09-03,USW00012981,0,0.0,0.0,0.0,False
2017-09-03,USW00013935,0,0.0,0.0,0.0,False
2017-09-03,USW00013970,0,0.0,0.0,0.0,False
2017-09-03,USW00013976,0,0.0,0.0,0.0,False
2017-09-03,USW00053902,0,0.0,0.0,0.0,False
2017-09-03,USW00053903,0,0.03,-0.03,-0.06,False
2017-09-03,USW00053910,0,0.0,0.0,0.0,False
2017-09-03,USW00053915,0,0.0,0.0,0.0,False
2017-09-03,USW00053928,0,0.05,-0.05,-0.1,False
2017-09-03,USW00053960,0,0.0,0.0,0.0,False
2017-09-03,USW00053988,0,0.0,0.0,0.0,False
2017-09-03,USW00093915,0,0.0,0.0,0.0,False
2017-09-03,USW00093987,0,0.0,0.0,0.0,False
2017-09-04,US1LAAC0002,0,0.15,-0.15,-0.08,False
2017-09-04,US1LAAC0003,0,0.16,-0.16,-0.09,False
2017-09-04,US1LABG0002,0,0.0,0.0,0.0,False
2017-09-04,US1LACC0003,0,0.0,0.0,0.0,False
2017-09-04,US1LACC0006,0,0.0,0.0,0.0,False
2017-09-04,US1LACC0009,0,0.0,0.0,0.0,False
2017-09-04,US1LACC0014,0,0.0,0.0,0.0,False
2017-09-04,US1LACM0003,0,0.0,0.0,0.0,False
2017-09-04,US1LAEB0002,0,0.06,-0.06,-0.03,False
2017-09-04,US1LAEB0009,0,0.1,-0.1,-0.05,False
2017-09-04,US1LAEB0014,0,0.07,-0.07,-0.04,False
2017-09-04,US1LAEB0023,0,0.08,-0.08,-0.05,False
2017-09-04,US1LAEB0031,0,0.09,-0.09,-0.05,False
2017-09-04,US1LAEB0033,0,0.06,-0.06,-0.04,False
2017-09-04,US1LAEB0041,0,0.07,-0.07,-0.04,False
2017-09-04,US1LAEB0042,0,0.09,-0.09,-0.05,False
2017-09-04,US1LAEB0046,0,0.06,-0.06,-0.03,False
2017-09-04,US1LAEB0056,0,0.0,0.0,0.0,False
2017-09-04,US1LAEB0060,0,0.07,-0.07,-0.04,False
2017-09-04,US1LAJD0002,0,0.0,0.0,0.0,False
2017-09-04,US1LALY0007,0,0.15,-0.15,-0.08,False
2017-09-04,US1LAPC0002,0,0.12,-0.12,-0.07,False
2017-09-04,US1LARP0007,0,0.0,0.0,0.0,False
2017-09-04,US1LARP0009,0,0.0,0.0,0.0,False
2017-09-04,US1LASL0001,0,0.13,-0.13,-0.07,False
2017-09-04,US1LASM0002,0,0.22,-0.22,-0.12,False
2017-09-04,US1LAVM0002,0,0.13,-0.13,-0.07,False
2017-09-04,US1LAVM0004,0,0.15,-0.15,-0.08,False
2017-09-04,US1LAWB0002,0,0.11,-0.11,-0.06,False
2017-09-04,US1LAWF0004,0,0.0,0.0,0.0,False
2017-09-04,US1TXAG0001,0,0.0,0.0,0.0,False
2017-09-04,US1TXAG0002,0,0.0,0.0,0.0,False
2017-09-04,US1TXAG0003,0,0.0,0.0,0.0,False
2017-09-04,US1TXAG0006,0,0.0,0.0,0.0,False
2017-09-04,US1TXAG0009,0,0.0,0.0,0.0,False
2017-09-04,US1TXAS0003,0,0.0,0.0,0.0,False
2017-09-04,US1TXAS0004,0,0.0,0.0,0.0,False
2017-09-04,US1TXAS0005,0,0.0,0.0,0.0,False
2017-09-04,US1TXAS0006,0,0.0,0.0,0.0,False
2017-09-04,US1TXAS0007,0,0.0,0.0,0.0,False
2017-09-04,US1TXAS0015,0,0.0,0.0,0.0,False
2017-09-04,US1TXAS0017,0,0.0,0.0,0.0,False
2017-09-04,US1TXAS0018,0,0.0,0.0,0.0,False
2017-09-04,US1TXBRZ020,0,0.12,-0.12,-0.07,False
2017-09-04,US1TXBRZ021,0,0.14,-0.14,-0.08,False
2017-09-04,US1TXBRZ025,0,0.07,-0.07,-0.04,False
2017-09-04,US1TXBRZ032,0,0.12,-0.12,-0.07,False
2017-09-04,US1TXBZS088,0,0.0,0.0,0.0,False
2017-09-04,US1TXBZS096,0,0.0,0.0,0.0,False
2017-09-04,US1TXBZS098,0,0.0,0.0,0.0,False
2017-09-04,US1TXBZS099,0,0.0,0.0,0.0,False
2017-09-04,US1TXBZS100,0,0.0,0.0,0.0,False
2017-09-04,US1TXBZS102,0,0.0,0.0,0.0,False
2017-09-04,US1TXBZS103,0,0.0,0.0,0.0,False
2017-09-04,US1TXCHM008,0,0.11,-0.11,-0.06,False
2017-09-04,US1TXCLR006,0,0.0,0.0,0.0,False
2017-09-04,US1TXFB0005,0,0.03,-0.03,-0.01,False
2017-09-04,US1TXFB0012,0,0.03,-0.03,-0.01,False
2017-09-04,US1TXFB0017,0,0.03,-0.03,-0.02,False
2017-09-04,US1TXFB0018,0,0.03,-0.03,-0.02,False
2017-09-04,US1TXFB0027,0,0.04,-0.04,-0.02,False
2017-09-04,US1TXFB0032,0,0.0,0.0,0.0,False
2017-09-04,US1TXFB0051,0,0.0,0.0,0.0,False
2017-09-04,US1TXFB0053,0,0.0,0.0,0.0,False
2017-09-04,US1TXGM0007,0,0.0,0.0,0.0,False
2017-09-04,US1TXGV0005,0,0.08,-0.08,-0.05,False
2017-09-04,US1TXGV0022,0,0.09,-0.09,-0.05,False
2017-09-04,US1TXGV0034,0,0.09,-0.09,-0.05,False
2017-09-04,US1TXGV0044,0,0.16,-0.16,-0.09,False
2017-09-04,US1TXGV0046,0,0.11,-0.11,-0.06,False
2017-09-04,US1TXGV0049,0,0.38,-0.38,-0.21,False
2017-09-04,US1TXGV0051,0,0.29,-0.29,-0.16,False
2017-09-04,US1TXGV0054,0,7.89,-7.89,-4.36,True
2017-09-04,US1TXGV0060,0,0.17,-0.17,-0.09,False
2017-09-04,US1TXGV0064,0,0.24,-0.24,-0.13,False
2017-09-04,US1TXGV0069,0,0.09,-0.09,-0.05,False
2017-09-04,US1TXGV0070,0,0.4,-0.4,-0.22,False
2017-09-04,US1TXGV0071,0,0.18,-0.18,-0.1,False
2017-09-04,US1TXGV0073,13,0.0,13.0,7.19,True
2017-09-04,US1TXHRN001,0,0.0,0.0,0.0,False
2017-09-04,US1TXHRN005,0,0.0,0.0,0.0,False
2017-09-04,US1TXHRN006,0,0.0,0.0,0.0,False
2017-09-04,US1TXHRR015,0,0.06,-0.06,-0.03,False
2017-09-04,US1TXHRR027,0,0.03,-0.03,-0.02,False
2017-09-04,US1TXHRR028,0,0.07,-0.07,-0.04,False
2017-09-04,US1TXHRR031,0,0.06,-0.06,-0.03,False
2017-09-04,US1TXHRR032,0,0.07,-0.07,-0.04,False
2017-09-04,US1TXHRR033,0,0.06,-0.06,-0.03,False
2017-09-04,US1TXHRR052,0,0.07,-0.07,-0.04,False
2017-09-04,US1TXHRR058,0,0.03,-0.03,-0.02,False
2017-09-04,US1TXHRR074,0,0.0,0.0,0.0,False
2017-09-04,US1TXHRR089,0,0.05,-0.05,-0.03,False
2017-09-04,US1TXHRR093,0,0.07,-0.07,-0.04,False
2017-09-04,US1TXHRR116,0,0.0,0.0,0.0,False
2017-09-04,US1TXHRR117,0,0.0,0.0,0.0,False
2017-09-04,US1TXHRR119,0,0.04,-0.04,-0.02,False
2017-09-04,US1TXHRR122,0,0.04,-0.04,-0.02,False
2017-09-04,US1TXHRR124,0,0.0,0.0,0.0,False
2017-09-04,US1TXHRR139,0,0.08,-0.08,-0.04,False
2017-09-04,US1TXHRR162,0,0.05,-0.05,-0.03,False
2017-09-04,US1TXHRR164,0,0.0,0.0,0.0,False
2017-09-04,US1TXHRR165,0,0.04,-0.04,-0.02,False
2017-09-04,US1TXHRR168,0,0.07,-0.07,-0.04,False
2017-09-04,US1TXHRR170,0,0.05,-0.05,-0.03,False
2017-09-04,US1TXHRR176,0,0.04,-0.04,-0.02,False
2017-09-04,US1TXHRR203,0,0.04,-0.04,-0.02,False
2017-09-04,US1TXHRR209,0,0.04,-0.04,-0.02,False
2017-09-04,US1TXHRR217,0,0.06,-0.06,-0.03,False
2017-09-04,US1TXHRR222,0,0.0,0.0,0.0,False
2017-09-04,US1TXHRR228,0,0.0,0.0,0.0,False
2017-09-04,US1TXHRR232,0,0.05,-0.05,-0.03,False
2017-09-04,US1TXHRR237,0,0.06,-0.06,-0.03,False
2017-09-04,US1TXHRR238,0,0.07,-0.07,-0.04,False
2017-09-04,US1TXHRR306,0,0.05,-0.05,-0.03,False
2017-09-04,US1TXHST003,0,0.0,0.0,0.0,False
2017-09-04,US1TXJJ0009,0,0.0,0.0,0.0,False
2017-09-04,US1TXJJ0011,0,0.0,0.0,0.0,False
2017-09-04,US1TXJS0003,0,0.0,0.0,0.0,False
2017-09-04,US1TXLR0013,0,0.0,0.0,0.0,False
2017-09-04,US1TXLR0014,0,0.06,-0.06,-0.03,False
2017-09-04,US1TXLR0015,0,0.06,-0.06,-0.03,False
2017-09-04,US1TXMNG014,0,0.0,0.0,0.0,False
2017-09-04,US1TXMNG020,0,0.0,0.0,0.0,False
2017-09-04,US1TXMNG021,0,0.0,0.0,0.0,False
2017-09-04,US1TXMNG026,0,0.0,0.0,0.0,False
2017-09-04,US1TXMNG030,0,0.0,0.0,0.0,False
2017-09-04,US1TXMNG031,0,0.0,0.0,0.0,False
2017-09-04,US1TXMNG035,0,0.0,0.0,0.0,False
2017-09-04,US1TXMNG051,0,0.0,0.0,0.0,False
2017-09-04,US1TXMNG061,0,0.0,0.0,0.0,False
2017-09-04,US1TXMNG063,0,0.0,0.0,0.0,False
2017-09-04,US1TXMNG064,0,0.0,0.0,0.0,False
2017-09-04,US1TXOR0001,0,0.0,0.0,0.0,False
2017-09-04,US1TXOR0006,0,0.0,0.0,0.0,False
2017-09-04,US1TXPL0003,0,0.0,0.0,0.0,False
2017-09-04,US1TXPL0018,0,0.0,0.0,0.0,False
2017-09-04,US1TXPL0027,0,0.0,0.0,0.0,False
2017-09-04,US1TXPL0035,0,0.0,0.0,0.0,False
2017-09-04,US1TXSA0001,0,0.0,0.0,0.0,False
2017-09-04,US1TXSJ0010,0,0.0,0.0,0.0,False
2017-09-04,US1TXSJ0011,0,0.0,0.0,0.0,False
2017-09-04,US1TXTR0003,0,0.0,0.0,0.0,False
2017-09-04,US1TXTR0012,0,0.0,0.0,0.0,False
2017-09-04,US1TXTR0013,0,0.0,0.0,0.0,False
2017-09-04,US1TXTT0003,0,0.0,0.0,0.0,False
2017-09-04,US1TXTT0006,0,0.0,0.0,0.0,False
2017-09-04,US1TXWA0003,0,0.0,0.0,0.0,False
2017-09-04,US1TXWA0006,0,0.0,0.0,0.0,False
2017-09-04,US1TXWA0009,0,0.0,0.0,0.0,False
2017-09-04,US1TXWA0010,0,0.0,0.0,0.0,False
2017-09-04,US1TXWA0012,0,0.0,0.0,0.0,False
2017-09-04,US1TXWA0014,0,0.0,0.0,0.0,False
2017-09-04,US1TXWA0017,0,0.0,0.0,0.0,False
2017-09-04,US1TXWA0024,0,0.0,0.0,0.0,False
2017-09-04,US1TXWH0001,0,0.0,0.0,0.0,False
2017-09-04,US1TXWH0002,0,0.0,0.0,0.0,False
2017-09-04,US1TXWH0004,0,0.0,0.0,0.0,False
2017-09-04,US1TXWH0011,0,0.0,0.0,0.0,False
2017-09-04,US1TXWH0018,0,0.0,0.0,0.0,False
2017-09-04,US1TXWK0003,0,0.0,0.0,0.0,False
2017-09-04,US1TXWK0005,0,0.0,0.0,0.0,False
2017-09-04,US1TXWK0012,0,0.0,0.0,0.0,False
2017-09-04,US1TXWK0013,0,0.0,0.0,0.0,False
2017-09-04,US1TXWK0018,0,0.0,0.0,0.0,False
2017-09-04,US1TXWK0021,0,0.0,0.0,0.0,False
2017-09-04,US1TXWK0026,0,0.0,0.0,0.0,False
2017-09-04,US1TXWL0009,0,0.0,0.0,0.0,False
2017-09-04,USC00160007,0,0.15,-0.15,-0.08,False
2017-09-04,USC00160098,0,0.0,0.0,0.0,False
2017-09-04,USC00160103,0,0.0,0.0,0.0,False
2017-09-04,USC00160462,0,0.09,-0.09,-0.05,False
2017-09-04,USC00160548,0,0.06,-0.06,-0.03,False
2017-09-04,USC00160558,0,0.07,-0.07,-0.04,False
2017-09-04,USC00160565,0,0.32,-0.32,-0.18,False
2017-09-04,USC00160658,0,0.0,0.0,0.0,False
2017-09-04,USC00161232,0,0.0,0.0,0.0,False
2017-09-04,USC00161287,0,0.0,0.0,0.0,False
2017-09-04,USC00161535,0,0.14,-0.14,-0.08,False
2017-09-04,USC00161565,0,0.2,-0.2,-0.11,False
2017-09-04,USC00162212,0,0.16,-0.16,-0.09,False
2017-09-04,USC00162534,0,0.29,-0.29,-0.16,False
2017-09-04,USC00163313,13,0.0,13.0,7.19,True
2017-09-04,USC00163800,0,0.12,-0.12,-0.07,False
2017-09-04,USC00163979,0,0.0,0.0,0.0,False
2017-09-04,USC00164288,0,0.0,0.0,0.0,False
2017-09-04,USC00164674,0,0.65,-0.65,-0.36,False
2017-09-04,USC00164700,0,0.0,0.0,0.0,False
2017-09-04,USC00164739,0,0.0,0.0,0.0,False
2017-09-04,USC00164775,0,0.13,-0.13,-0.07,False
2017-09-04,USC00165065,0,0.0,0.0,0.0,False
2017-09-04,USC00165074,0,0.0,0.0,0.0,False
2017-09-04,USC00165076,0,0.0,0.0,0.0,False
2017-09-04,USC00165266,0,0.0,0.0,0.0,False
2017-09-04,USC00165296,0,0.37,-0.37,-0.2,False
2017-09-04,USC00165620,0,0.08,-0.08,-0.05,False
2017-09-04,USC00166394,0,0.75,-0.75,-0.42,False
2017-09-04,USC00166431,0,0.0,0.0,0.0,False
2017-09-04,USC00166434,0,0.0,0.0,0.0,False
2017-09-04,USC00166561,0,0.4,-0.4,-0.22,False
2017-09-04,USC00166686,0,0.0,0.0,0.0,False
2017-09-04,USC00166808,0,0.0,0.0,0.0,False
2017-09-04,USC00166938,0,0.0,0.0,0.0,False
2017-09-04,USC00166968,0,0.0,0.0,0.0,False
2017-09-04,USC00166995,0,0.14,-0.14,-0.08,False
2017-09-04,USC00167366,0,0.13,-0.13,-0.07,False
2017-09-04,USC00167448,0,0.09,-0.09,-0.05,False
2017-09-04,USC00167729,0,0.0,0.0,0.0,False
2017-09-04,USC00167732,0,0.0,0.0,0.0,False
2017-09-04,USC00167932,0,0.0,0.0,0.0,False
2017-09-04,USC00168136,0,0.0,0.0,0.0,False
2017-09-04,USC00168181,0,0.12,-0.12,-0.07,False
2017-09-04,USC00168831,0,0.0,0.0,0.0,False
2017-09-04,USC00169074,0,0.0,0.0,0.0,False
2017-09-04,USC00223441,0,0.0,0.0,0.0,False
2017-09-04,USC00410569,0,0.0,0.0,0.0,False
2017-09-04,USC00410586,0,0.09,-0.09,-0.05,False
2017-09-04,USC00410613,0,0.15,-0.15,-0.08,False
2017-09-04,USC00410655,0,0.0,0.0,0.0,False
2017-09-04,USC00411048,0,0.0,0.0,0.0,False
2017-09-04,USC00411596,0,0.0,0.0,0.0,False
2017-09-04,USC00411956,0,0.0,0.0,0.0,False
2017-09-04,USC00412114,0,0.0,0.0,0.0,False
2017-09-04,USC00412206,0,0.0,0.0,0.0,False
2017-09-04,USC00412266,0,0.0,0.0,0.0,False
2017-09-04,USC00412676,0,0.0,0.0,0.0,False
2017-09-04,USC00412786,0,0.0,0.0,0.0,False
2017-09-04,USC00413340,0,0.16,-0.16,-0.09,False
2017-09-04,USC00414325,0,0.05,-0.05,-0.03,False
2017-09-04,USC00414327,0,0.04,-0.04,-0.02,False
2017-09-04,USC00414333,0,0.11,-0.11,-0.06,False
2017-09-04,USC00414382,0,0.0,0.0,0.0,False
2017-09-04,USC00414704,0,0.0,0.0,0.0,False
2017-09-04,USC00414878,0,0.0,0.0,0.0,False
2017-09-04,USC00415196,0,0.09,-0.09,-0.05,False
2017-09-04,USC00415427,0,0.0,0.0,0.0,False
2017-09-04,USC00415435,0,0.0,0.0,0.0,False
2017-09-04,USC00415477,0,0.0,0.0,0.0,False
2017-09-04,USC00416024,0,0.0,0.0,0.0,False
2017-09-04,USC00416280,0,0.0,0.0,0.0,False
2017-09-04,USC00416664,0,0.0,0.0,0.0,False
2017-09-04,USC00416680,0,0.0,0.0,0.0,False
2017-09-04,USC00417040,0,0.0,0.0,0.0,False
2017-09-04,USC00417172,0,0.0,0.0,0.0,False
2017-09-04,USC00417594,0,0.04,-0.04,-0.02,False
2017-09-04,USC00417936,0,0.0,0.0,0.0,False
2017-09-04,USC00418996,0,0.06,-0.06,-0.03,False
2017-09-04,USC00419101,0,0.0,0.0,0.0,False
2017-09-04,USC00419491,0,0.0,0.0,0.0,False
2017-09-04,USC00419655,0,0.0,0.0,0.0,False
2017-09-04,USW00003904,0,0.0,0.0,0.0,False
2017-09-04,USW00003937,0,0.0,0.0,0.0,False
2017-09-04,USW00003949,0,0.0,0.0,0.0,False
2017-09-04,USW00012917,0,0.0,0.0,0.0,False
2017-09-04,USW00012918,0,0.07,-0.07,-0.04,False
2017-09-04,USW00012923,0,0.94,-0.94,-0.52,False
2017-09-04,USW00012935,0,0.0,0.0,0.0,False
2017-09-04,USW00012960,0,0.05,-0.05,-0.03,False
2017-09-04,USW00012968,0,1.27,-1.27,-0.7,False
2017-09-04,USW00012975,0,0.07,-0.07,-0.04,False
2017-09-04,USW00012977,0,0.03,-0.03,-0.02,False
2017-09-04,USW00012981,0,0.0,0.0,0.0,False
2017-09-04,USW00013935,0,0.0,0.0,0.0,False
2017-09-04,USW00013970,0,0.08,-0.08,-0.04,False
2017-09-04,USW00013976,0,0.19,-0.19,-0.1,False
2017-09-04,USW00053902,0,0.0,0.0,0.0,False
2017-09-04,USW00053903,0,0.0,0.0,0.0,False
2017-09-04,USW00053910,0,0.0,0.0,0.0,False
2017-09-04,USW00053915,0,0.27,-0.27,-0.15,False
2017-09-04,USW00053928,0,0.0,0.0,0.0,False
2017-09-04,USW00053960,0,0.12,-0.12,-0.06,False
2017-09-04,USW00053988,0,0.0,0.0,0.0,False
2017-09-04,USW00093915,0,0.0,0.0,0.0,False
2017-09-04,USW00093987,0,0.0,0.0,0.0,False
2017-09-05,US1LAAC0002,0,2.67,-2.67,-1.33,False
2017-09-05,US1LAAC0003,0,2.09,-2.09,-0.83,False
2017-09-05,US1LAAV0001,0,1.46,-1.46,-0.28,False
2017-09-05,US1LABG0002,0,3.37,-3.37,-1.94,False
2017-09-05,US1LACC0003,0,3.59,-3.59,-2.13,False
2017-09-05,US1LACC0006,0,1.98,-1.98,-0.73,False
2017-09-05,US1LACC0009,0,4.69,-4.69,-3.09,False
2017-09-05,US1LACC0014,0,2.66,-2.66,-1.33,False
2017-09-05,US1LACM0003,0,2.1,-2.1,-0.84,False
2017-09-05,US1LAEB0002,0,0.73,-0.73,0.35,False
2017-09-05,US1LAEB0009,0,1.6,-1.6,-0.4,False
2017-09-05,US1LAEB0014,0,0.77,-0.77,0.31,False
2017-09-05,US1LAEB0023,0,1.41,-1.41,-0.24,False
2017-09-05,US1LAEB0027,0,0.84,-0.84,0.26,False
2017-09-05,US1LAEB0031,0,1.34,-1.34,-0.18,False
2017-09-05,US1LAEB0033,0,0.83,-0.83,0.27,False
2017-09-05,US1LAEB0041,0,0.79,-0.79,0.3,False
2017-09-05,US1LAEB0042,0,1.01,-1.01,0.11,False
2017-09-05,US1LAEB0046,0,0.86,-0.86,0.24,False
2017-09-05,US1LAEB0056,0,2.97,-2.97,-1.59,False
2017-09-05,US1LAEB0060,0,0.83,-0.83,0.26,False
2017-09-05,US1LAJD0002,0,2.77,-2.77,-1.42,False
2017-09-05,US1LALY0007,0,1.98,-1.98,-0.73,False
2017-09-05,US1LAPC0002,0,4.26,-4.26,-2.71,False
2017-09-05,US1LARP0007,0,12.35,-12.35,-9.74,True
2017-09-05,US1LARP0009,0,7.23,-7.23,-5.29,True
2017-09-05,US1LASL0001,0,1.57,-1.57,-0.38,False
2017-09-05,US1LASM0002,0,8.53,-8.53,-6.43,True
2017-09-05,US1LAVM0002,0,1.56,-1.56,-0.37,False
2017-09-05,US1LAVM0004,0,1.56,-1.56,-0.37,False
2017-09-05,US1LAWB0002,0,1.3,-1.3,-0.14,False
2017-09-05,US1LAWF0004,0,1.89,-1.89,-0.65,False
2017-09-05,US1TXAG0001,0,18.69,-18.69,-15.25,True
2017-09-05,US1TXAG0002,0,12.74,-12.74,-10.09,True
2017-09-05,US1TXAG0003,0,25.5,-25.5,-21.17,True
2017-09-05,US1TXAG0006,0,15.41,-15.41,-12.41,True
2017-09-05,US1TXAG0010,0,16.91,-16.91,-13.71,True
2017-09-05,US1TXAS0003,0,0.48,-0.48,0.57,False
2017-09-05,US1TXAS0004,0,0.45,-0.45,0.6,False
2017-09-05,US1TXAS0005,0,0.99,-0.99,0.12,False
2017-09-05,US1TXAS0006,0,0.88,-0.88,0.22,False
2017-09-05,US1TXAS0007,0,0.86,-0.86,0.24,False
2017-09-05,US1TXAS0015,0,0.25,-0.25,0.77,False
2017-09-05,US1TXAS0017,0,1.0,-1.0,0.12,False
2017-09-05,US1TXBRZ020,3,6.72,-3.72,-2.25,False
2017-09-05,US1TXBRZ021,163,0.12,162.88,142.5,True
2017-09-05,US1TXBRZ025,0,1.37,-1.37,-0.21,False
2017-09-05,US1TXBRZ032,0,8.05,-8.05,-6.0,True
2017-09-05,US1TXBZS088,0,3.97,-3.97,-2.46,False
2017-09-05,US1TXBZS096,58,0.4,57.6,51.03,True
2017-09-05,US1TXBZS098,0,3.38,-3.38,-1.95,False
2017-09-05,US1TXBZS099,0,5.6,-5.6,-3.88,True
2017-09-05,US1TXBZS100,0,5.95,-5.95,-4.18,True
2017-09-05,US1TXBZS102,0,8.33,-8.33,-6.25,True
2017-09-05,US1TXBZS103,0,29.28,-29.28,-24.45,True
2017-09-05,US1TXCLR006,0,0.6,-0.6,0.46,False
2017-09-05,US1TXFB0005,0,0.54,-0.54,0.52,False
2017-09-05,US1TXFB0012,0,0.54,-0.54,0.52,False
2017-09-05,US1TXFB0017,0,0.59,-0.59,0.47,False
2017-09-05,US1TXFB0018,0,0.6,-0.6,0.47,False
2017-09-05,US1TXFB0022,0,1.15,-1.15,-0.02,False
2017-09-05,US1TXFB0027,0,0.91,-0.91,0.2,False
2017-09-05,US1TXFB0032,0,0.86,-0.86,0.23,False
2017-09-05,US1TXFB0051,0,0.72,-0.72,0.36,False
2017-09-05,US1TXFB0053,0,0.74,-0.74,0.34,False
2017-09-05,US1TXGM0007,0,2.73,-2.73,-1.38,False
2017-09-05,US1TXGV0005,0,1.25,-1.25,-0.1,False
2017-09-05,US1TXGV0022,0,0.84,-0.84,0.26,False
2017-09-05,US1TXGV0029,0,0.83,-0.83,0.27,False
2017-09-05,US1TXGV0034,0,0.79,-0.79,0.3,False
2017-09-05,US1TXGV0044,0,1.07,-1.07,0.06,False
2017-09-05,US1TXGV0046,0,0.8,-0.8,0.29,False
2017-09-05,US1TXGV0049,0,1.57,-1.57,-0.38,False
2017-09-05,US1TXGV0051,0,1.45,-1.45,-0.27,False
2017-09-05,US1TXGV0054,0,1.97,-1.97,-0.72,False
2017-09-05,US1TXGV0060,0,1.81,-1.81,-0.58,False
2017-09-05,US1TXGV0061,0,2.56,-2.56,-1.24,False
2017-09-05,US1TXGV0064,0,1.76,-1.76,-0.54,False
2017-09-05,US1TXGV0069,0,0.98,-0.98,0.13,False
2017-09-05,US1TXGV0070,0,1.46,-1.46,-0.28,False
2017-09-05,US1TXGV0071,0,1.39,-1.39,-0.22,False
2017-09-05,US1TXHRN001,0,0.0,0.0,0.99,False
2017-09-05,US1TXHRN005,0,0.0,0.0,0.99,False
2017-09-05,US1TXHRN006,0,0.0,0.0,0.99,False
2017-09-05,US1TXHRR015,0,0.68,-0.68,0.4,False
2017-09-05,US1TXHRR027,0,0.52,-0.52,0.54,False
2017-09-05,US1TXHRR028,0,0.75,-0.75,0.34,False
2017-09-05,US1TXHRR031,0,0.82,-0.82,0.28,False
2017-09-05,US1TXHRR032,0,0.98,-0.98,0.14,False
2017-09-05,US1TXHRR033,0,0.0,0.0,0.99,False
2017-09-05,US1TXHRR052,0,0.74,-0.74,0.34,False
2017-09-05,US1TXHRR058,0,0.51,-0.51,0.55,False
2017-09-05,US1TXHRR074,0,0.83,-0.83,0.27,False
2017-09-05,US1TXHRR093,0,0.95,-0.95,0.16,False
2017-09-05,US1TXHRR116,0,0.56,-0.56,0.5,False
2017-09-05,US1TXHRR117,0,0.24,-0.24,0.78,False
2017-09-05,US1TXHRR119,0,0.72,-0.72,0.36,False
2017-09-05,US1TXHRR122,0,0.73,-0.73,0.35,False
2017-09-05,US1TXHRR124,0,0.59,-0.59,0.48,False
2017-09-05,US1TXHRR162,0,0.82,-0.82,0.28,False
2017-09-05,US1TXHRR165,0,0.63,-0.63,0.44,False
2017-09-05,US1TXHRR168,0,0.94,-0.94,0.17,False
2017-09-05,US1TXHRR170,0,0.85,-0.85,0.25,False
2017-09-05,US1TXHRR176,0,0.68,-0.68,0.4,False
2017-09-05,US1TXHRR203,0,0.6,-0.6,0.47,False
2017-09-05,US1TXHRR209,0,0.62,-0.62,0.45,False
2017-09-05,US1TXHRR217,0,0.68,-0.68,0.39,False
2017-09-05,US1TXHRR222,0,0.67,-0.67,0.4,False
2017-09-05,US1TXHRR228,0,0.66,-0.66,0.41,False
2017-09-05,US1TXHRR232,0,0.75,-0.75,0.34,False
2017-09-05,US1TXHRR236,0,0.71,-0.71,0.37,False
2017-09-05,US1TXHRR237,0,0.68,-0.68,0.39,False
2017-09-05,US1TXHRR238,0,0.75,-0.75,0.33,False
2017-09-05,US1TXHRR243,0,0.76,-0.76,0.33,False
2017-09-05,US1TXHRR306,0,0.0,0.0,0.99,False
2017-09-05,US1TXHST003,0,5.44,-5.44,-3.74,True
2017-09-05,US1TXJJ0009,0,0.0,0.0,0.99,False
2017-09-05,US1TXJJ0011,0,0.0,0.0,0.99,False
2017-09-05,US1TXJS0003,0,1.13,-1.13,0.01,False
2017-09-05,US1TXLR0013,0,0.0,0.0,0.99,False
2017-09-05,US1TXLR0014,0,0.0,0.0,0.99,False
2017-09-05,US1TXLR0015,0,0.0,0.0,0.99,False
2017-09-05,US1TXMNG014,0,0.36,-0.36,0.67,False
2017-09-05,US1TXMNG020,0,0.36,-0.36,0.68,False
2017-09-05,US1TXMNG021,0,0.27,-0.27,0.75,False
2017-09-05,US1TXMNG026,0,0.25,-0.25,0.77,False
2017-09-05,US1TXMNG030,0,0.23,-0.23,0.79,False
2017-09-05,US1TXMNG031,0,0.24,-0.24,0.78,False
2017-09-05,US1TXMNG035,0,0.29,-0.29,0.74,False
2017-09-05,US1TXMNG051,0,0.35,-0.35,0.68,False
2017-09-05,US1TXMNG061,0,0.25,-0.25,0.77,False
2017-09-05,US1TXMNG063,0,0.0,0.0,0.99,False
2017-09-05,US1TXMNG064,0,0.0,0.0,0.99,False
2017-09-05,US1TXNW0002,0,0.74,-0.74,0.35,False
2017-09-05,US1TXOR0001,0,0.92,-0.92,0.19,False
2017-09-05,US1TXOR0006,0,0.84,-0.84,0.26,False
2017-09-05,US1TXPL0018,0,2.91,-2.91,-1.54,False
2017-09-05,US1TXPL0027,0,2.98,-2.98,-1.6,False
2017-09-05,US1TXPL0035,0,3.85,-3.85,-2.36,False
2017-09-05,US1TXSA0001,0,6.71,-6.71,-4.84,True
2017-09-05,US1TXSJ0010,0,2.89,-2.89,-1.53,False
2017-09-05,US1TXSJ0011,0,2.5,-2.5,-1.18,False
2017-09-05,US1TXTR0003,0,4.55,-4.55,-2.97,False
2017-09-05,US1TXTR0012,0,3.52,-3.52,-2.08,False
2017-09-05,US1TXTR0013,0,5.33,-5.33,-3.65,True
2017-09-05,US1TXTT0003,0,4.19,-4.19,-2.65,False
2017-09-05,US1TXTT0006,0,3.51,-3.51,-2.07,False
2017-09-05,US1TXWA0003,0,0.65,-0.65,0.42,False
2017-09-05,US1TXWA0006,0,0.28,-0.28,0.75,False
2017-09-05,US1TXWA0009,0,0.28,-0.28,0.74,False
2017-09-05,US1TXWA0010,0,0.41,-0.41,0.63,False
2017-09-05,US1TXWA0012,0,0.76,-0.76,0.33,False
2017-09-05,US1TXWA0014,0,0.65,-0.65,0.42,False
2017-09-05,US1TXWA0017,0,1.3,-1.3,-0.14,False
2017-09-05,US1TXWA0024,0,0.5,-0.5,0.55,False
2017-09-05,US1TXWH0001,0,0.96,-0.96,0.15,False
2017-09-05,US1TXWH0002,0,1.91,-1.91,-0.67,False
2017-09-05,US1TXWH0004,0,1.18,-1.18,-0.04,False
2017-09-05,US1TXWH0011,0,1.34,-1.34,-0.18,False
2017-09-05,US1TXWH0018,0,1.42,-1.42,-0.25,False
2017-09-05,US1TXWK0003,0,0.67,-0.67,0.41,False
2017-09-05,US1TXWK0005,0,1.54,-1.54,-0.35,False
2017-09-05,US1TXWK0012,0,1.26,-1.26,-0.11,False
2017-09-05,US1TXWK0013,0,1.47,-1.47,-0.29,False
2017-09-05,US1TXWK0018,0,1.23,-1.23,-0.08,False
2017-09-05,US1TXWK0021,0,2.77,-2.77,-1.42,False
2017-09-05,US1TXWK0026,0,1.99,-1.99,-0.74,False
2017-09-05,US1TXWL0009,0,1.06,-1.06,0.07,False
2017-09-05,USC00160007,0,1.49,-1.49,-0.31,False
2017-09-05,USC00160098,0,7.53,-7.53,-5.55,True
2017-09-05,USC00160103,41,1.67,39.33,35.15,True
2017-09-05,USC00160462,0,2.36,-2.36,-1.06,False
2017-09-05,USC00160548,0,0.74,-0.74,0.34,False
2017-09-05,USC00160558,0,0.9,-0.9,0.2,False
2017-09-05,USC00160565,0,2.12,-2.12,-0.85,False
2017-09-05,USC00160658,3,1.95,1.05,1.9,False
2017-09-05,USC00161232,0,6.19,-6.19,-4.39,True
2017-09-05,USC00161287,0,1.47,-1.47,-0.29,False
2017-09-05,USC00161535,0,1.91,-1.91,-0.67,False
2017-09-05,USC00161565,0,1.75,-1.75,-0.54,False
2017-09-05,USC00162212,0,2.08,-2.08,-0.82,False
2017-09-05,USC00162534,0,2.92,-2.92,-1.55,False
2017-09-05,USC00163313,0,2.56,-2.56,-1.24,False
2017-09-05,USC00163800,0,1.49,-1.49,-0.31,False
2017-09-05,USC00163979,0,1.84,-1.84,-0.61,False
2017-09-05,USC00164288,0,3.21,-3.21,-1.8,False
2017-09-05,USC00164674,0,3.84,-3.84,-2.35,False
2017-09-05,USC00164700,0,2.43,-2.43,-1.13,False
2017-09-05,USC00164739,0,4.41,-4.41,-2.84,False
2017-09-05,USC00164775,0,1.54,-1.54,-0.35,False
2017-09-05,USC00165065,0,2.58,-2.58,-1.26,False
2017-09-05,USC00165074,0,4.26,-4.26,-2.72,False
2017-09-05,USC00165076,0,2.91,-2.91,-1.54,False
2017-09-05,USC00165266,0,4.53,-4.53,-2.95,False
2017-09-05,USC00165287,8,2.71,5.29,5.59,True
2017-09-05,USC00165296,0,2.46,-2.46,-1.15,False
2017-09-05,USC00165620,0,0.94,-0.94,0.17,False
2017-09-05,USC00166394,0,3.08,-3.08,-1.69,False
2017-09-05,USC00166431,0,5.53,-5.53,-3.82,True
2017-09-05,USC00166434,0,4.55,-4.55,-2.96,False
2017-09-05,USC00166561,18,1.74,16.26,15.12,True
2017-09-05,USC00166686,25,0.93,24.07,21.9,True
2017-09-05,USC00166808,0,1.46,-1.46,-0.28,False
2017-09-05,USC00166938,0,2.81,-2.81,-1.46,False
2017-09-05,USC00166968,51,0.14,50.86,45.18,True
2017-09-05,USC00166995,0,2.01,-2.01,-0.76,False
2017-09-05,USC00167366,0,1.34,-1.34,-0.18,False
2017-09-05,USC00167448,0,1.24,-1.24,-0.09,False
2017-09-05,USC00167729,0,3.73,-3.73,-2.26,False
2017-09-05,USC00167732,0,5.61,-5.61,-3.89,True
2017-09-05,USC00167932,0,2.93,-2.93,-1.56,False
2017-09-05,USC00168136,0,4.77,-4.77,-3.16,False
2017-09-05,USC00168181,0,29.8,-29.8,-24.91,True
2017-09-05,USC00168831,0,1.91,-1.91,-0.67,False
2017-09-05,USC00169074,0,1.19,-1.19,-0.05,False
2017-09-05,USC00223441,0,1.36,-1.36,-0.2,False
2017-09-05,USC00410569,0,3.42,-3.42,-1.99,False
2017-09-05,USC00410586,0,0.9,-0.9,0.2,False
2017-09-05,USC00410613,0,0.0,0.0,0.99,False
2017-09-05,USC00410655,0,0.25,-0.25,0.77,False
2017-09-05,USC00411048,0,0.51,-0.51,0.54,False
2017-09-05,USC00411596,0,1.94,-1.94,-0.7,False
2017-09-05,USC00411956,0,0.25,-0.25,0.77,False
2017-09-05,USC00412114,0,5.24,-5.24,-3.56,True
2017-09-05,USC00412206,0,0.87,-0.87,0.23,False
2017-09-05,USC00412266,0,2.25,-2.25,-0.97,False
2017-09-05,USC00412676,0,0.0,0.0,0.99,False
2017-09-05,USC00412786,0,1.3,-1.3,-0.14,False
2017-09-05,USC00413340,0,6.56,-6.56,-4.72,True
2017-09-05,USC00414325,0,0.76,-0.76,0.33,False
2017-09-05,USC00414327,0,0.63,-0.63,0.43,False
2017-09-05,USC00414333,0,1.06,-1.06,0.07,False
2017-09-05,USC00414382,0,1.21,-1.21,-0.06,False
2017-09-05,USC00414704,0,0.56,-0.56,0.5,False
2017-09-05,USC00414878,0,0.0,0.0,0.99,False
2017-09-05,USC00415196,0,0.0,0.0,0.99,False
2017-09-05,USC00415427,0,19.65,-19.65,-16.09,True
2017-09-05,USC00415435,0,0.5,-0.5,0.55,False
2017-09-05,USC00415477,0,1.38,-1.38,-0.22,False
2017-09-05,USC00416024,0,0.27,-0.27,0.75,False
2017-09-05,USC00416280,0,0.0,0.0,0.99,False
2017-09-05,USC00416664,0,1.14,-1.14,0.0,False
2017-09-05,USC00416680,0,1.25,-1.25,-0.1,False
2017-09-05,USC00417040,0,8.27,-8.27,-6.2,True
2017-09-05,USC00417172,0,0.84,-0.84,0.25,False
2017-09-05,USC00417594,0,0.87,-0.87,0.23,False
2017-09-05,USC00417936,0,6.19,-6.19,-4.39,True
2017-09-05,USC00418996,0,1.59,-1.59,-0.4,False
2017-09-05,USC00419101,0,4.53,-4.53,-2.95,False
2017-09-05,USC00419491,0,0.91,-0.91,0.2,False
2017-09-05,USC00419655,0,0.96,-0.96,0.15,False
2017-09-05,USW00003904,5,7.58,-2.58,-1.26,False
2017-09-05,USW00003937,0,2.23,-2.23,-0.95,False
2017-09-05,USW00003949,5,3.08,1.92,2.65,False
2017-09-05,USW00012917,0,0.74,-0.74,0.34,False
2017-09-05,USW00012918,0,0.97,-0.97,0.15,False
2017-09-05,USW00012923,0,1.97,-1.97,-0.73,False
2017-09-05,USW00012935,0,7.29,-7.29,-5.35,True
2017-09-05,USW00012960,0,0.66,-0.66,0.41,False
2017-09-05,USW00012968,0,3.4,-3.4,-1.96,False
2017-09-05,USW00012975,0,1.19,-1.19,-0.04,False
2017-09-05,USW00012977,0,0.72,-0.72,0.36,False
2017-09-05,USW00012981,0,3.41,-3.41,-1.98,False
2017-09-05,USW00013935,0,5.68,-5.68,-3.95,True
2017-09-05,USW00013970,8,0.94,7.06,7.12,True
2017-09-05,USW00013976,0,3.6,-3.6,-2.14,False
2017-09-05,USW00053902,0,0.29,-0.29,0.73,False
2017-09-05,USW00053903,0,1.32,-1.32,-0.16,False
2017-09-05,USW00053910,0,0.22,-0.22,0.8,False
2017-09-05,USW00053915,5,6.94,-1.94,-0.7,False
2017-09-05,USW00053928,0,0.79,-0.79,0.3,False
2017-09-05,USW00053960,56,0.51,55.49,49.2,True
2017-09-05,USW00053988,0,4.27,-4.27,-2.72,False
2017-09-05,USW00093915,18,4.72,13.28,12.52,True
2017-09-05,USW00093987,229,0.0,229.0,199.95,True
