Region,mean,std,count
Coastal,37.5706779661017,41.627590779029575,118
Inland,24.842641509433964,33.94848065881727,53
Rural,33.056053215077604,39.776750265973284,451
