Region,mean,std,count
Coastal,0.694375,3.927978169491271,32
Inland,0.0,0.0,12
Rural,15.508313413014609,35.76178984209476,753
