Date,ID,Value,Neighbor_Estimate,Residual,Robust_Z,Suspect
2011-10-25,US1CTFR0005,0,0.25,-0.25,0.33,False
2011-10-25,US1CTFR0009,0,1.3,-1.3,-0.28,False
2011-10-25,US1CTFR0020,0,0.24,-0.24,0.33,False
2011-10-25,US1CTHR0005,8,8.62,-0.62,0.11,False
2011-10-25,US1CTHR0006,0,5.26,-5.26,-2.57,False
2011-10-25,US1CTHR0007,5,6.08,-1.08,-0.15,False
2011-10-25,US1CTHR0008,10,8.79,1.21,1.17,False
2011-10-25,US1CTMD0002,0,4.72,-4.72,-2.25,False
2011-10-25,US1CTNH0009,0,0.48,-0.48,0.2,False
2011-10-25,US1CTNH0013,0,1.0,-1.0,-0.11,False
2011-10-25,US1CTNH0014,0,2.88,-2.88,-1.2,False
2011-10-25,US1CTNL0005,0,2.84,-2.84,-1.17,False
2011-10-25,US1CTTL0005,10,9.41,0.59,0.81,False
2011-10-25,US1CTWN0001,13,8.4,4.6,3.13,False
2011-10-25,US1MABE0003,46,14.75,31.25,18.52,True
2011-10-25,US1MABE0004,41,15.56,25.44,15.17,True
2011-10-25,US1MABE0005,51,15.51,35.49,20.98,True
2011-10-25,US1MAHD0009,13,11.64,1.36,1.25,False
2011-10-25,US1MAHS0002,13,14.63,-1.63,-0.47,False
2011-10-25,US1MAWR0006,8,10.51,-2.51,-0.98,False
2011-10-25,US1NJAT0001,10,6.97,3.03,2.22,False
2011-10-25,US1NJAT0002,10,6.97,3.03,2.22,False
2011-10-25,US1NJAT0005,28,8.99,19.01,11.45,True
2011-10-25,US1NJBG0002,0,0.41,-0.41,0.23,False
2011-10-25,US1NJBG0003,0,0.51,-0.51,0.17,False
2011-10-25,US1NJBG0008,0,0.41,-0.41,0.24,False
2011-10-25,US1NJBG0015,0,0.58,-0.58,0.14,False
2011-10-25,US1NJBG0017,0,0.43,-0.43,0.22,False
2011-10-25,US1NJBG0023,0,0.38,-0.38,0.25,False
2011-10-25,US1NJBG0029,0,0.4,-0.4,0.24,False
2011-10-25,US1NJBG0030,0,0.38,-0.38,0.25,False
2011-10-25,US1NJBG0033,0,0.51,-0.51,0.18,False
2011-10-25,US1NJBT0003,0,2.21,-2.21,-0.8,False
2011-10-25,US1NJBT0004,3,1.67,1.33,1.24,False
2011-10-25,US1NJBT0005,5,3.52,1.48,1.33,False
2011-10-25,US1NJBT0006,0,2.52,-2.52,-0.99,False
2011-10-25,US1NJBT0007,0,2.15,-2.15,-0.77,False
2011-10-25,US1NJBT0010,0,2.88,-2.88,-1.19,False
2011-10-25,US1NJBT0018,0,3.54,-3.54,-1.58,False
2011-10-25,US1NJBT0022,0,2.58,-2.58,-1.02,False
2011-10-25,US1NJBT0023,0,2.36,-2.36,-0.9,False
2011-10-25,US1NJBT0025,3,3.22,-0.22,0.34,False
2011-10-25,US1NJBT0027,0,2.61,-2.61,-1.04,False
2011-10-25,US1NJBT0028,5,3.24,1.76,1.49,False
2011-10-25,US1NJBT0029,5,3.26,1.74,1.47,False
2011-10-25,US1NJBT0032,5,3.46,1.54,1.36,False
2011-10-25,US1NJBT0035,0,2.59,-2.59,-1.02,False
2011-10-25,US1NJBT0037,0,2.32,-2.32,-0.87,False
2011-10-25,US1NJCN0001,0,3.14,-3.14,-1.35,False
2011-10-25,US1NJCN0005,20,5.23,14.77,9.0,True
2011-10-25,US1NJCN0011,3,4.25,-1.25,-0.25,False
2011-10-25,US1NJCN0015,5,4.52,0.48,0.75,False
2011-10-25,US1NJGL0001,10,5.96,4.04,2.8,False
2011-10-25,US1NJGL0006,23,6.33,16.67,10.1,True
2011-10-25,US1NJGL0011,58,6.44,51.56,30.26,True
2011-10-25,US1NJGL0012,5,5.34,-0.34,0.27,False
2011-10-25,US1NJHD0002,0,0.59,-0.59,0.13,False
2011-10-25,US1NJHN0001,0,1.1,-1.1,-0.17,False
2011-10-25,US1NJHN0004,0,1.33,-1.33,-0.3,False
2011-10-25,US1NJHN0005,5,1.48,3.52,2.5,False
2011-10-25,US1NJHN0007,0,1.25,-1.25,-0.25,False
2011-10-25,US1NJHN0008,0,1.16,-1.16,-0.2,False
2011-10-25,US1NJHN0009,0,1.42,-1.42,-0.35,False
2011-10-25,US1NJHN0010,5,1.89,3.11,2.27,False
2011-10-25,US1NJHN0011,3,1.53,1.47,1.32,False
2011-10-25,US1NJHN0012,5,1.16,3.84,2.69,False
2011-10-25,US1NJHN0015,5,1.84,3.16,2.3,False
2011-10-25,US1NJHN0018,0,1.08,-1.08,-0.15,False
2011-10-25,US1NJHN0019,0,1.39,-1.39,-0.33,False
2011-10-25,US1NJHN0021,0,1.11,-1.11,-0.17,False
2011-10-25,US1NJHN0022,0,1.93,-1.93,-0.65,False
2011-10-25,US1NJMC0001,3,1.94,1.06,1.08,False
2011-10-25,US1NJMC0003,0,2.07,-2.07,-0.73,False
2011-10-25,US1NJMC0005,5,1.88,3.12,2.27,False
2011-10-25,US1NJMC0008,0,1.98,-1.98,-0.67,False
2011-10-25,US1NJMC0009,3,1.7,1.3,1.22,False
2011-10-25,US1NJMC0011,0,1.95,-1.95,-0.66,False
2011-10-25,US1NJMC0016,0,1.96,-1.96,-0.66,False
2011-10-25,US1NJMC0022,0,2.14,-2.14,-0.77,False
2011-10-25,US1NJMD0002,3,1.75,1.25,1.2,False
2011-10-25,US1NJMD0009,10,1.78,8.22,5.22,True
2011-10-25,US1NJMD0023,0,1.24,-1.24,-0.24,False
2011-10-25,US1NJMD0024,3,1.39,1.61,1.4,False
2011-10-25,US1NJMD0031,0,1.33,-1.33,-0.3,False
2011-10-25,US1NJMD0033,0,1.26,-1.26,-0.26,False
2011-10-25,US1NJMN0008,0,0.87,-0.87,-0.03,False
2011-10-25,US1NJMN0015,0,1.12,-1.12,-0.18,False
2011-10-25,US1NJMN0017,3,1.42,1.58,1.38,False
2011-10-25,US1NJMN0019,0,1.07,-1.07,-0.15,False
2011-10-25,US1NJMN0020,0,0.9,-0.9,-0.05,False
2011-10-25,US1NJMN0024,0,0.84,-0.84,-0.01,False
2011-10-25,US1NJMN0029,0,0.89,-0.89,-0.04,False
2011-10-25,US1NJMN0032,0,0.8,-0.8,0.01,False
2011-10-25,US1NJMN0044,0,0.56,-0.56,0.14,False
2011-10-25,US1NJMN0048,0,1.62,-1.62,-0.46,False
2011-10-25,US1NJMN0049,0,0.81,-0.81,0.0,False
2011-10-25,US1NJMN0051,0,0.57,-0.57,0.14,False
2011-10-25,US1NJMS0002,0,1.18,-1.18,-0.21,False
2011-10-25,US1NJMS0006,0,0.64,-0.64,0.1,False
2011-10-25,US1NJMS0011,0,0.6,-0.6,0.12,False
2011-10-25,US1NJMS0014,0,0.91,-0.91,-0.05,False
2011-10-25,US1NJMS0015,0,1.08,-1.08,-0.15,False
2011-10-25,US1NJMS0018,0,0.61,-0.61,0.12,False
2011-10-25,US1NJMS0019,0,1.24,-1.24,-0.25,False
2011-10-25,US1NJMS0021,0,0.85,-0.85,-0.02,False
2011-10-25,US1NJMS0022,0,0.92,-0.92,-0.06,False
2011-10-25,US1NJMS0023,0,0.79,-0.79,0.01,False
2011-10-25,US1NJMS0031,0,0.59,-0.59,0.13,False
2011-10-25,US1NJMS0035,0,0.6,-0.6,0.13,False
2011-10-25,US1NJMS0036,0,0.65,-0.65,0.1,False
2011-10-25,US1NJMS0039,0,0.7,-0.7,0.06,False
2011-10-25,US1NJMS0042,0,0.82,-0.82,-0.01,False
2011-10-25,US1NJMS0049,0,0.85,-0.85,-0.02,False
2011-10-25,US1NJOC0006,0,1.3,-1.3,-0.28,False
2011-10-25,US1NJOC0008,0,1.69,-1.69,-0.51,False
2011-10-25,US1NJOC0012,0,2.64,-2.64,-1.06,False
2011-10-25,US1NJOC0013,0,1.19,-1.19,-0.22,False
2011-10-25,US1NJOC0017,0,2.23,-2.23,-0.82,False
2011-10-25,US1NJOC0034,0,1.68,-1.68,-0.5,False
2011-10-25,US1NJOC0036,0,3.18,-3.18,-1.37,False
2011-10-25,US1NJOC0038,0,1.19,-1.19,-0.22,False
2011-10-25,US1NJOC0040,0,1.98,-1.98,-0.67,False
2011-10-25,US1NJOC0042,0,2.16,-2.16,-0.78,False
2011-10-25,US1NJOC0049,0,1.69,-1.69,-0.5,False
2011-10-25,US1NJOC0051,0,2.56,-2.56,-1.01,False
2011-10-25,US1NJPS0004,0,0.45,-0.45,0.21,False
2011-10-25,US1NJPS0005,0,0.39,-0.39,0.25,False
2011-10-25,US1NJPS0012,0,0.57,-0.57,0.14,False
2011-10-25,US1NJPS0014,0,0.39,-0.39,0.25,False
2011-10-25,US1NJPS0016,0,0.56,-0.56,0.14,False
2011-10-25,US1NJPS0019,0,0.42,-0.42,0.22,False
2011-10-25,US1NJSL0002,41,8.37,32.63,19.32,True
2011-10-25,US1NJSM0001,5,1.7,3.3,2.37,False
2011-10-25,US1NJSM0002,3,1.21,1.79,1.5,False
2011-10-25,US1NJSM0004,3,1.04,1.96,1.61,False
2011-10-25,US1NJSM0005,0,1.65,-1.65,-0.48,False
2011-10-25,US1NJSM0011,3,1.33,1.67,1.44,False
2011-10-25,US1NJSM0012,3,1.6,1.4,1.28,False
2011-10-25,US1NJSM0013,5,1.55,3.45,2.47,False
2011-10-25,US1NJSM0015,0,1.91,-1.91,-0.64,False
2011-10-25,US1NJSM0020,0,2.31,-2.31,-0.87,False
2011-10-25,US1NJSM0021,5,1.89,3.11,2.27,False
2011-10-25,US1NJSM0022,5,2.01,2.99,2.2,False
2011-10-25,US1NJSM0023,5,1.93,3.07,2.24,False
2011-10-25,US1NJSM0030,0,1.71,-1.71,-0.52,False
2011-10-25,US1NJSM0031,3,1.13,1.87,1.55,False
2011-10-25,US1NJSM0033,3,1.72,1.28,1.21,False
2011-10-25,US1NJSM0034,3,1.73,1.27,1.2,False
2011-10-25,US1NJSS0001,0,0.69,-0.69,0.07,False
2011-10-25,US1NJSS0007,0,0.62,-0.62,0.11,False
2011-10-25,US1NJSS0020,0,0.54,-0.54,0.16,False
2011-10-25,US1NJSS0027,0,0.7,-0.7,0.07,False
2011-10-25,US1NJSS0028,0,0.68,-0.68,0.08,False
2011-10-25,US1NJUN0010,0,1.14,-1.14,-0.19,False
2011-10-25,US1NJWR0001,0,1.47,-1.47,-0.38,False
2011-10-25,US1NJWR0002,5,0.8,4.2,2.9,False
2011-10-25,US1NJWR0004,0,0.92,-0.92,-0.06,False
2011-10-25,US1NJWR0005,0,0.96,-0.96,-0.09,False
2011-10-25,US1NJWR0006,0,0.87,-0.87,-0.03,False
2011-10-25,US1NJWR0007,0,1.12,-1.12,-0.18,False
2011-10-25,US1NJWR0008,0,0.91,-0.91,-0.06,False
2011-10-25,US1NJWR0017,0,1.03,-1.03,-0.13,False
2011-10-25,US1NJWR0018,0,1.04,-1.04,-0.13,False
2011-10-25,US1NJWR0020,0,1.0,-1.0,-0.11,False
2011-10-25,US1NJWR0021,0,1.04,-1.04,-0.13,False
2011-10-25,US1NJWR0022,0,0.87,-0.87,-0.03,False
2011-10-25,US1NJWR0023,0,1.02,-1.02,-0.12,False
2011-10-25,US1NYCB0001,0,7.37,-7.37,-3.79,True
2011-10-25,US1NYDL0005,38,10.98,27.02,16.08,True
2011-10-25,US1NYDL0009,10,9.77,0.23,0.6,False
2011-10-25,US1NYDL0022,28,11.04,16.96,10.27,True
2011-10-25,US1NYDT0004,0,1.53,-1.53,-0.41,False
2011-10-25,US1NYDT0005,0,1.53,-1.53,-0.41,False
2011-10-25,US1NYGR0006,13,9.39,3.61,2.56,False
2011-10-25,US1NYNS0007,3,0.58,2.42,1.87,False
2011-10-25,US1NYOR0006,0,0.44,-0.44,0.22,False
2011-10-25,US1NYPT0001,0,1.29,-1.29,-0.28,False
2011-10-25,US1NYPT0002,0,0.78,-0.78,0.02,False
2011-10-25,US1NYPT0004,3,0.89,2.11,1.69,False
2011-10-25,US1NYRC0002,3,0.85,2.15,1.71,False
2011-10-25,US1NYSF0002,0,0.3,-0.3,0.3,False
2011-10-25,US1NYSF0003,0,0.24,-0.24,0.33,False
2011-10-25,US1NYSF0007,0,0.31,-0.31,0.29,False
2011-10-25,US1NYSF0016,0,0.24,-0.24,0.33,False
2011-10-25,US1NYSF0017,0,0.27,-0.27,0.31,False
2011-10-25,US1NYSF0019,5,0.03,4.97,3.34,False
2011-10-25,US1NYSV0005,0,1.31,-1.31,-0.28,False
2011-10-25,US1NYSV0006,0,4.0,-4.0,-1.84,False
2011-10-25,US1NYSV0008,0,1.05,-1.05,-0.14,False
2011-10-25,US1NYUL0001,0,3.65,-3.65,-1.64,False
2011-10-25,US1NYUL0002,0,4.85,-4.85,-2.33,False
2011-10-25,US1NYUL0003,0,3.22,-3.22,-1.39,False
2011-10-25,US1NYUL0004,0,5.07,-5.07,-2.46,False
2011-10-25,US1NYUL0006,0,2.27,-2.27,-0.84,False
2011-10-25,US1NYUL0008,0,3.92,-3.92,-1.79,False
2011-10-25,US1NYUL0009,5,1.4,3.6,2.55,False
2011-10-25,US1NYWC0006,0,0.27,-0.27,0.31,False
2011-10-25,US1NYWC0007,0,0.32,-0.32,0.28,False
2011-10-25,US1NYWC0009,0,0.54,-0.54,0.16,False
2011-10-25,US1PABK0005,0,2.67,-2.67,-1.07,False
2011-10-25,US1PABK0013,0,1.93,-1.93,-0.64,False
2011-10-25,US1PABK0014,0,1.99,-1.99,-0.68,False
2011-10-25,US1PABK0015,0,2.21,-2.21,-0.81,False
2011-10-25,US1PABK0018,0,1.97,-1.97,-0.67,False
2011-10-25,US1PABK0026,3,2.18,0.82,0.94,False
2011-10-25,US1PACB0015,5,1.36,3.64,2.58,False
2011-10-25,US1PADL0003,0,4.05,-4.05,-1.87,False
2011-10-25,US1PAMN0007,0,1.2,-1.2,-0.22,False
2011-10-25,US1PAMT0006,0,2.76,-2.76,-1.12,False
2011-10-25,US1PAMT0007,5,2.69,2.31,1.81,False
2011-10-25,US1PAMT0012,5,2.4,2.6,1.97,False
2011-10-25,US1PAMT0013,3,2.94,0.06,0.5,False
2011-10-25,US1PAMT0016,8,2.78,5.22,3.49,False
2011-10-25,US1PAMT0020,0,3.03,-3.03,-1.28,False
2011-10-25,US1PAMT0022,3,2.96,0.04,0.49,False
2011-10-25,US1PAMT0027,5,3.0,2.0,1.63,False
2011-10-25,US1PAMT0037,3,2.55,0.45,0.73,False
2011-10-25,US1PAMT0038,8,2.74,5.26,3.51,True
2011-10-25,US1PAMT0042,0,2.49,-2.49,-0.97,False
2011-10-25,US1PAMT0048,0,3.05,-3.05,-1.29,False
2011-10-25,US1PAMT0051,5,2.63,2.37,1.84,False
2011-10-25,US1PAMT0055,0,3.08,-3.08,-1.31,False
2011-10-25,US1PAMT0056,3,2.7,0.3,0.65,False
2011-10-25,US1PAMT0060,0,2.75,-2.75,-1.12,False
2011-10-25,US1PAMT0063,0,2.32,-2.32,-0.87,False
2011-10-25,US1PAMT0064,3,3.0,0.0,0.47,False
2011-10-25,US1PAMT0065,3,2.85,0.15,0.55,False
2011-10-25,US1PANH0001,0,1.32,-1.32,-0.29,False
2011-10-25,US1PANH0005,0,1.44,-1.44,-0.36,False
2011-10-25,US1PANH0009,5,1.33,3.67,2.59,False
2011-10-25,US1PAPH0002,3,2.02,0.98,1.04,False
2011-10-25,US1PAPH0004,0,2.56,-2.56,-1.01,False
2011-10-25,US1PAPH0006,0,2.66,-2.66,-1.07,False
2011-10-25,US1PAPH0008,0,2.68,-2.68,-1.08,False
2011-10-25,US1PAPK0004,3,1.13,1.87,1.55,False
2011-10-25,US1PAPK0008,0,0.85,-0.85,-0.02,False
2011-10-25,US1PAPK0009,0,0.81,-0.81,0.0,False
2011-10-25,US1PAPK0012,0,1.22,-1.22,-0.23,False
2011-10-25,US1PASS0006,0,2.53,-2.53,-0.99,False
2011-10-25,US1PAWN0004,5,1.27,3.73,2.63,False
2011-10-25,US1PAWN0008,0,1.95,-1.95,-0.66,False
2011-10-25,US1PAWN0010,0,4.79,-4.79,-2.3,False
2011-10-25,US1PAWN0012,0,2.03,-2.03,-0.7,False
2011-10-25,US1PAWN0013,0,1.3,-1.3,-0.28,False
2011-10-25,US1PAWN0026,0,1.29,-1.29,-0.28,False
2011-10-25,US1PAWN0035,0,0.89,-0.89,-0.04,False
2011-10-25,US1PAWN0038,0,1.3,-1.3,-0.28,False
2011-10-25,US1PAWN0042,0,1.24,-1.24,-0.25,False
2011-10-25,US1PAWN0044,5,3.05,1.95,1.6,False
2011-10-25,USC00060128,0,0.82,-0.82,-0.0,False
2011-10-25,USC00060227,0,5.85,-5.85,-2.91,False
2011-10-25,USC00060299,0,7.07,-7.07,-3.62,True
2011-10-25,USC00060808,0,0.36,-0.36,0.26,False
2011-10-25,USC00060961,0,3.05,-3.05,-1.29,False
2011-10-25,USC00060973,0,5.54,-5.54,-2.73,False
2011-10-25,USC00061508,0,8.42,-8.42,-4.39,True
2011-10-25,USC00061762,0,1.17,-1.17,-0.21,False
2011-10-25,USC00062658,3,6.91,-3.91,-1.79,False
2011-10-25,USC00063207,0,1.34,-1.34,-0.3,False
2011-10-25,USC00063420,0,6.89,-6.89,-3.51,True
2011-10-25,USC00065445,0,7.89,-7.89,-4.09,True
2011-10-25,USC00065910,0,3.3,-3.3,-1.43,False
2011-10-25,USC00066655,0,0.34,-0.34,0.28,False
2011-10-25,USC00066966,0,2.29,-2.29,-0.85,False
2011-10-25,USC00067373,0,3.99,-3.99,-1.83,False
2011-10-25,USC00067958,10,10.47,-0.47,0.2,False
2011-10-25,USC00068065,0,1.17,-1.17,-0.2,False
2011-10-25,USC00068138,0,7.4,-7.4,-3.8,True
2011-10-25,USC00068330,0,4.65,-4.65,-2.22,False
2011-10-25,USC00190120,25,20.33,4.67,3.17,False
2011-10-25,USC00190408,20,15.3,4.7,3.19,False
2011-10-25,USC00190562,25,15.13,9.87,6.17,True
2011-10-25,USC00191821,48,15.44,32.56,19.28,True
2011-10-25,USC00192107,13,11.53,1.47,1.32,False
2011-10-25,USC00193172,10,9.76,0.24,0.61,False
2011-10-25,USC00193213,0,16.01,-16.01,-8.78,True
2011-10-25,USC00193402,15,16.01,-1.01,-0.12,False
2011-10-25,USC00194131,28,17.95,10.05,6.27,True
2011-10-25,USC00194154,46,22.11,23.89,14.27,True
2011-10-25,USC00197627,8,11.08,-3.08,-1.31,False
2011-10-25,USC00198278,33,26.88,6.12,4.0,True
2011-10-25,USC00198793,25,14.61,10.39,6.47,True
2011-10-25,USC00199193,8,10.35,-2.35,-0.89,False
2011-10-25,USC00199371,28,14.14,13.86,8.48,True
2011-10-25,USC00199972,25,15.82,9.18,5.77,True
2011-10-25,USC00280331,13,4.34,8.66,5.48,True
2011-10-25,USC00280734,0,1.04,-1.04,-0.13,False
2011-10-25,USC00280847,0,2.2,-2.2,-0.8,False
2011-10-25,USC00280907,0,0.59,-0.59,0.13,False
2011-10-25,USC00280927,0,1.72,-1.72,-0.52,False
2011-10-25,USC00280990,0,3.55,-3.55,-1.58,False
2011-10-25,USC00281327,0,0.59,-0.59,0.13,False
2011-10-25,USC00281335,3,0.84,2.16,1.72,False
2011-10-25,USC00281582,0,0.59,-0.59,0.13,False
2011-10-25,USC00282023,8,0.89,7.11,4.58,True
2011-10-25,USC00283029,0,1.49,-1.49,-0.39,False
2011-10-25,USC00283181,0,1.38,-1.38,-0.33,False
2011-10-25,USC00283662,30,8.48,21.52,12.91,True
2011-10-25,USC00283704,0,0.66,-0.66,0.09,False
2011-10-25,USC00283951,0,1.93,-1.93,-0.64,False
2011-10-25,USC00284229,0,4.19,-4.19,-1.95,False
2011-10-25,USC00284987,3,0.55,2.45,1.89,False
2011-10-25,USC00285728,0,2.48,-2.48,-0.96,False
2011-10-25,USC00286055,0,1.57,-1.57,-0.44,False
2011-10-25,USC00286146,0,0.49,-0.49,0.19,False
2011-10-25,USC00286460,0,0.58,-0.58,0.13,False
2011-10-25,USC00286864,5,2.58,2.42,1.87,False
2011-10-25,USC00286964,0,2.3,-2.3,-0.86,False
2011-10-25,USC00286979,0,1.3,-1.3,-0.28,False
2011-10-25,USC00287301,3,1.12,1.88,1.56,False
2011-10-25,USC00287486,0,1.54,-1.54,-0.42,False
2011-10-25,USC00287587,0,0.5,-0.5,0.18,False
2011-10-25,USC00287865,0,0.81,-0.81,0.0,False
2011-10-25,USC00288173,8,4.11,3.89,2.72,False
2011-10-25,USC00288644,0,0.52,-0.52,0.17,False
2011-10-25,USC00289187,0,0.43,-0.43,0.22,False
2011-10-25,USC00289363,5,1.92,3.08,2.25,False
2011-10-25,USC00289832,0,0.49,-0.49,0.18,False
2011-10-25,USC00300063,15,11.54,3.46,2.47,False
2011-10-25,USC00300254,0,7.23,-7.23,-3.71,True
2011-10-25,USC00300364,0,0.29,-0.29,0.3,False
2011-10-25,USC00300732,0,0.91,-0.91,-0.06,False
2011-10-25,USC00300889,0,0.33,-0.33,0.28,False
2011-10-25,USC00300961,0,0.59,-0.59,0.13,False
2011-10-25,USC00301095,5,9.83,-4.83,-2.32,False
2011-10-25,USC00301102,3,3.54,-0.54,0.16,False
2011-10-25,USC00301211,0,1.21,-1.21,-0.23,False
2011-10-25,USC00301309,0,0.23,-0.23,0.34,False
2011-10-25,USC00301521,0,3.92,-3.92,-1.79,False
2011-10-25,USC00302060,3,7.35,-4.35,-2.04,False
2011-10-25,USC00302151,0,0.23,-0.23,0.34,False
2011-10-25,USC00302169,5,7.81,-2.81,-1.15,False
2011-10-25,USC00302366,13,7.72,5.28,3.52,True
2011-10-25,USC00302454,28,13.61,14.39,8.78,True
2011-10-25,USC00302582,0,2.05,-2.05,-0.71,False
2011-10-25,USC00304025,15,7.69,7.31,4.69,True
2011-10-25,USC00304575,23,10.48,12.52,7.71,True
2011-10-25,USC00305113,58,17.13,40.87,24.09,True
2011-10-25,USC00305426,0,2.33,-2.33,-0.87,False
2011-10-25,USC00305606,0,0.22,-0.22,0.34,False
2011-10-25,USC00306217,30,24.19,5.81,3.82,True
2011-10-25,USC00306570,0,5.27,-5.27,-2.57,False
2011-10-25,USC00306649,0,6.77,-6.77,-3.44,False
2011-10-25,USC00306774,0,0.6,-0.6,0.12,False
2011-10-25,USC00306820,5,2.19,2.81,2.09,False
2011-10-25,USC00307035,0,4.04,-4.04,-1.86,False
2011-10-25,USC00307134,0,0.26,-0.26,0.32,False
2011-10-25,USC00307210,0,1.23,-1.23,-0.24,False
2011-10-25,USC00307799,0,4.31,-4.31,-2.02,False
2011-10-25,USC00308670,23,15.1,7.9,5.04,True
2011-10-25,USC00308721,0,0.36,-0.36,0.26,False
2011-10-25,USC00308932,23,9.37,13.63,8.35,True
2011-10-25,USC00309292,0,0.49,-0.49,0.19,False
2011-10-25,USC00361080,0,1.92,-1.92,-0.64,False
2011-10-25,USC00361737,0,3.03,-3.03,-1.28,False
2011-10-25,USC00362671,0,4.24,-4.24,-1.98,False
2011-10-25,USC00363437,0,3.09,-3.09,-1.32,False
2011-10-25,USC00363488,3,2.77,0.23,0.61,False
2011-10-25,USC00363758,0,1.22,-1.22,-0.24,False
2011-10-25,USC00365390,0,5.1,-5.1,-2.48,False
2011-10-25,USC00365470,0,0.61,-0.61,0.12,False
2011-10-25,USC00365738,0,2.3,-2.3,-0.86,False
2011-10-25,USC00366194,0,1.94,-1.94,-0.65,False
2011-10-25,USC00366370,8,2.64,5.36,3.57,True
2011-10-25,USC00366886,0,3.09,-3.09,-1.32,False
2011-10-25,USC00366927,0,3.18,-3.18,-1.37,False
2011-10-25,USC00367029,0,1.24,-1.24,-0.25,False
2011-10-25,USC00367040,10,0.87,9.13,5.75,True
2011-10-25,USC00367186,0,0.99,-0.99,-0.1,False
2011-10-25,USC00367938,5,2.28,2.72,2.04,False
2011-10-25,USC00368263,0,2.16,-2.16,-0.78,False
2011-10-25,USC00368400,3,1.66,1.34,1.24,False
2011-10-25,USC00368596,0,1.08,-1.08,-0.15,False
2011-10-25,USW00004781,0,0.22,-0.22,0.34,False
2011-10-25,USW00004789,0,0.71,-0.71,0.06,False
2011-10-25,USW00013739,0,4.16,-4.16,-1.93,False
2011-10-25,USW00014707,0,1.24,-1.24,-0.25,False
2011-10-25,USW00014719,0,0.42,-0.42,0.23,False
2011-10-25,USW00014732,0,0.61,-0.61,0.12,False
2011-10-25,USW00014734,0,0.83,-0.83,-0.01,False
2011-10-25,USW00014737,0,1.6,-1.6,-0.45,False
2011-10-25,USW00014740,0,8.6,-8.6,-4.5,True
2011-10-25,USW00014752,0,5.72,-5.72,-2.83,False
2011-10-25,USW00014757,0,1.71,-1.71,-0.52,False
2011-10-25,USW00014758,0,0.71,-0.71,0.06,False
2011-10-25,USW00014763,3,19.09,-16.09,-8.83,True
2011-10-25,USW00014775,3,12.27,-9.27,-4.88,True
2011-10-25,USW00014792,0,1.94,-1.94,-0.65,False
2011-10-25,USW00054734,0,0.49,-0.49,0.19,False
2011-10-25,USW00054743,0,0.61,-0.61,0.12,False
2011-10-25,USW00054767,3,6.01,-3.01,-1.27,False
2011-10-25,USW00054779,0,0.7,-0.7,0.07,False
2011-10-25,USW00054785,3,1.33,1.67,1.44,False
2011-10-25,USW00054786,3,2.09,0.91,0.99,False
2011-10-25,USW00054787,0,0.34,-0.34,0.27,False
2011-10-25,USW00054788,0,3.17,-3.17,-1.36,False
2011-10-25,USW00054789,0,1.2,-1.2,-0.22,False
2011-10-25,USW00054790,0,0.46,-0.46,0.2,False
2011-10-25,USW00054793,0,0.57,-0.57,0.14,False
2011-10-25,USW00064756,0,3.27,-3.27,-1.42,False
2011-10-25,USW00093780,0,2.49,-2.49,-0.97,False
2011-10-25,USW00094702,0,0.31,-0.31,0.29,False
2011-10-25,USW00094728,0,0.61,-0.61,0.12,False
2011-10-25,USW00094732,0,2.34,-2.34,-0.88,False
2011-10-25,USW00094741,0,0.51,-0.51,0.18,False
2011-10-25,USW00094745,0,0.37,-0.37,0.26,False
2011-10-25,USW00094789,0,0.74,-0.74,0.04,False
2011-10-26,US1CTFR0005,0,0.8,-0.8,-2.23,False
2011-10-26,US1CTFR0009,3,1.84,1.16,5.44,True
2011-10-26,US1CTFR0020,0,0.81,-0.81,-2.28,False
2011-10-26,US1CTHR0005,8,3.08,4.92,20.18,True
2011-10-26,US1CTHR0006,0,2.37,-2.37,-8.36,True
2011-10-26,US1CTHR0008,8,4.02,3.98,16.5,True
2011-10-26,US1CTMD0001,0,1.7,-1.7,-5.76,True
2011-10-26,US1CTMD0002,0,1.81,-1.81,-6.17,True
2011-10-26,US1CTNH0009,0,0.91,-0.91,-2.68,False
2011-10-26,US1CTNH0013,0,1.26,-1.26,-4.05,True
2011-10-26,US1CTNH0014,0,1.96,-1.96,-6.76,True
2011-10-26,US1CTNL0005,0,1.49,-1.49,-4.94,True
2011-10-26,US1CTTL0005,5,2.73,2.27,9.79,True
2011-10-26,US1CTWN0001,0,2.34,-2.34,-8.25,True
2011-10-26,US1MABE0003,8,5.6,2.4,10.3,True
2011-10-26,US1MABE0004,8,5.1,2.9,12.27,True
2011-10-26,US1MAHD0009,5,3.09,1.91,8.4,True
2011-10-26,US1MAHS0002,5,4.29,0.71,3.69,True
2011-10-26,US1NJAT0001,3,0.36,2.64,11.24,True
2011-10-26,US1NJAT0002,0,0.6,-0.6,-1.44,False
2011-10-26,US1NJAT0005,0,0.4,-0.4,-0.65,False
2011-10-26,US1NJBG0002,0,0.26,-0.26,-0.12,False
2011-10-26,US1NJBG0003,0,0.34,-0.34,-0.43,False
2011-10-26,US1NJBG0008,0,0.27,-0.27,-0.14,False
2011-10-26,US1NJBG0015,0,0.25,-0.25,-0.07,False
2011-10-26,US1NJBG0017,0,0.35,-0.35,-0.47,False
2011-10-26,US1NJBG0023,0,0.42,-0.42,-0.73,False
2011-10-26,US1NJBG0029,0,0.52,-0.52,-1.14,False
2011-10-26,US1NJBG0030,0,0.43,-0.43,-0.79,False
2011-10-26,US1NJBG0033,0,0.27,-0.27,-0.16,False
2011-10-26,US1NJBT0003,0,0.27,-0.27,-0.15,False
2011-10-26,US1NJBT0004,0,0.24,-0.24,-0.02,False
2011-10-26,US1NJBT0005,0,0.59,-0.59,-1.39,False
2011-10-26,US1NJBT0006,0,0.39,-0.39,-0.61,False
2011-10-26,US1NJBT0007,0,0.21,-0.21,0.07,False
2011-10-26,US1NJBT0018,0,0.54,-0.54,-1.21,False
2011-10-26,US1NJBT0022,0,0.32,-0.32,-0.36,False
2011-10-26,US1NJBT0025,0,0.33,-0.33,-0.37,False
2011-10-26,US1NJBT0027,0,0.38,-0.38,-0.57,False
2011-10-26,US1NJBT0028,3,0.33,2.67,11.36,True
2011-10-26,US1NJBT0029,0,0.43,-0.43,-0.76,False
2011-10-26,US1NJBT0032,3,0.34,2.66,11.34,True
2011-10-26,US1NJBT0035,0,0.34,-0.34,-0.41,False
2011-10-26,US1NJBT0037,0,0.29,-0.29,-0.24,False
2011-10-26,US1NJCN0001,0,0.67,-0.67,-1.7,False
2011-10-26,US1NJCN0005,0,0.47,-0.47,-0.93,False
2011-10-26,US1NJCN0011,0,0.46,-0.46,-0.9,False
2011-10-26,US1NJCN0015,0,0.49,-0.49,-1.02,False
2011-10-26,US1NJGL0001,0,0.55,-0.55,-1.26,False
2011-10-26,US1NJGL0006,0,0.52,-0.52,-1.11,False
2011-10-26,US1NJGL0011,0,0.55,-0.55,-1.25,False
2011-10-26,US1NJHN0001,0,0.15,-0.15,0.3,False
2011-10-26,US1NJHN0004,0,0.15,-0.15,0.33,False
2011-10-26,US1NJHN0005,0,0.14,-0.14,0.36,False
2011-10-26,US1NJHN0007,0,0.16,-0.16,0.3,False
2011-10-26,US1NJHN0008,0,0.14,-0.14,0.35,False
2011-10-26,US1NJHN0010,0,0.14,-0.14,0.35,False
2011-10-26,US1NJHN0012,0,0.16,-0.16,0.28,False
2011-10-26,US1NJHN0015,0,0.15,-0.15,0.33,False
2011-10-26,US1NJHN0018,0,0.13,-0.13,0.39,False
2011-10-26,US1NJHN0019,0,0.14,-0.14,0.36,False
2011-10-26,US1NJHN0021,0,0.13,-0.13,0.38,False
2011-10-26,US1NJHN0022,0,0.18,-0.18,0.19,False
2011-10-26,US1NJMC0001,0,0.17,-0.17,0.24,False
2011-10-26,US1NJMC0003,0,0.16,-0.16,0.27,False
2011-10-26,US1NJMC0005,0,0.16,-0.16,0.27,False
2011-10-26,US1NJMC0008,0,0.19,-0.19,0.17,False
2011-10-26,US1NJMC0009,0,0.14,-0.14,0.35,False
2011-10-26,US1NJMC0011,0,0.17,-0.17,0.26,False
2011-10-26,US1NJMC0016,0,0.18,-0.18,0.18,False
2011-10-26,US1NJMC0022,0,0.14,-0.14,0.35,False
2011-10-26,US1NJMD0002,0,0.15,-0.15,0.32,False
2011-10-26,US1NJMD0009,0,0.15,-0.15,0.33,False
2011-10-26,US1NJMD0024,0,0.16,-0.16,0.28,False
2011-10-26,US1NJMD0033,0,0.21,-0.21,0.09,False
2011-10-26,US1NJMN0005,0,0.06,-0.06,0.67,False
2011-10-26,US1NJMN0008,0,0.04,-0.04,0.75,False
2011-10-26,US1NJMN0015,0,0.17,-0.17,0.25,False
2011-10-26,US1NJMN0017,0,0.16,-0.16,0.29,False
2011-10-26,US1NJMN0019,0,0.06,-0.06,0.67,False
2011-10-26,US1NJMN0020,0,0.11,-0.11,0.49,False
2011-10-26,US1NJMN0024,0,0.11,-0.11,0.49,False
2011-10-26,US1NJMN0032,0,0.06,-0.06,0.65,False
2011-10-26,US1NJMN0044,0,0.05,-0.05,0.7,False
2011-10-26,US1NJMN0048,0,0.05,-0.05,0.73,False
2011-10-26,US1NJMN0049,0,0.1,-0.1,0.53,False
2011-10-26,US1NJMN0051,0,0.05,-0.05,0.72,False
2011-10-26,US1NJMS0002,3,0.15,2.85,12.07,True
2011-10-26,US1NJMS0006,0,0.22,-0.22,0.06,False
2011-10-26,US1NJMS0011,0,0.25,-0.25,-0.08,False
2011-10-26,US1NJMS0014,0,0.15,-0.15,0.31,False
2011-10-26,US1NJMS0015,0,0.15,-0.15,0.33,False
2011-10-26,US1NJMS0018,0,0.33,-0.33,-0.37,False
2011-10-26,US1NJMS0019,0,0.3,-0.3,-0.25,False
2011-10-26,US1NJMS0021,0,0.16,-0.16,0.26,False
2011-10-26,US1NJMS0022,0,0.17,-0.17,0.25,False
2011-10-26,US1NJMS0023,0,0.18,-0.18,0.18,False
2011-10-26,US1NJMS0031,0,0.23,-0.23,0.01,False
2011-10-26,US1NJMS0035,0,0.21,-0.21,0.08,False
2011-10-26,US1NJMS0036,0,0.22,-0.22,0.04,False
2011-10-26,US1NJMS0042,0,0.17,-0.17,0.22,False
2011-10-26,US1NJMS0049,0,0.17,-0.17,0.23,False
2011-10-26,US1NJOC0001,0,0.13,-0.13,0.39,False
2011-10-26,US1NJOC0006,0,0.13,-0.13,0.38,False
2011-10-26,US1NJOC0008,0,0.19,-0.19,0.15,False
2011-10-26,US1NJOC0012,0,0.25,-0.25,-0.07,False
2011-10-26,US1NJOC0013,0,0.15,-0.15,0.33,False
2011-10-26,US1NJOC0017,0,0.23,-0.23,-0.01,False
2011-10-26,US1NJOC0034,0,0.15,-0.15,0.31,False
2011-10-26,US1NJOC0036,0,0.3,-0.3,-0.28,False
2011-10-26,US1NJOC0040,0,0.18,-0.18,0.19,False
2011-10-26,US1NJOC0042,0,0.22,-0.22,0.05,False
2011-10-26,US1NJOC0049,0,0.16,-0.16,0.29,False
2011-10-26,US1NJOC0051,0,0.25,-0.25,-0.07,False
2011-10-26,US1NJPS0004,3,0.29,2.71,11.52,True
2011-10-26,US1NJPS0005,0,0.37,-0.37,-0.56,False
2011-10-26,US1NJPS0012,0,0.3,-0.3,-0.28,False
2011-10-26,US1NJPS0014,0,0.34,-0.34,-0.42,False
2011-10-26,US1NJPS0016,0,0.72,-0.72,-1.92,False
2011-10-26,US1NJPS0019,0,0.46,-0.46,-0.89,False
2011-10-26,US1NJPS0022,5,0.42,4.58,18.85,True
2011-10-26,US1NJSL0002,0,0.55,-0.55,-1.25,False
2011-10-26,US1NJSL0003,0,0.53,-0.53,-1.16,False
2011-10-26,US1NJSM0001,0,0.13,-0.13,0.4,False
2011-10-26,US1NJSM0002,0,0.2,-0.2,0.13,False
2011-10-26,US1NJSM0004,0,0.15,-0.15,0.31,False
2011-10-26,US1NJSM0005,0,0.14,-0.14,0.37,False
2011-10-26,US1NJSM0011,0,0.17,-0.17,0.22,False
2011-10-26,US1NJSM0012,0,0.15,-0.15,0.32,False
2011-10-26,US1NJSM0013,0,0.13,-0.13,0.38,False
2011-10-26,US1NJSM0015,0,0.12,-0.12,0.43,False
2011-10-26,US1NJSM0020,0,0.13,-0.13,0.38,False
2011-10-26,US1NJSM0021,0,0.13,-0.13,0.41,False
2011-10-26,US1NJSM0022,0,0.15,-0.15,0.32,False
2011-10-26,US1NJSM0023,0,0.13,-0.13,0.41,False
2011-10-26,US1NJSM0027,0,0.12,-0.12,0.43,False
2011-10-26,US1NJSM0030,0,0.15,-0.15,0.31,False
2011-10-26,US1NJSM0031,0,0.19,-0.19,0.18,False
2011-10-26,US1NJSM0033,0,0.13,-0.13,0.39,False
2011-10-26,US1NJSM0034,0,0.13,-0.13,0.38,False
2011-10-26,US1NJSS0001,0,0.29,-0.29,-0.23,False
2011-10-26,US1NJSS0007,0,0.58,-0.58,-1.38,False
2011-10-26,US1NJSS0020,0,1.17,-1.17,-3.69,True
2011-10-26,US1NJSS0027,0,0.47,-0.47,-0.93,False
2011-10-26,US1NJSS0028,0,1.2,-1.2,-3.8,True
2011-10-26,US1NJUN0010,0,0.18,-0.18,0.21,False
2011-10-26,US1NJWR0001,0,0.16,-0.16,0.28,False
2011-10-26,US1NJWR0002,0,0.1,-0.1,0.52,False
2011-10-26,US1NJWR0004,0,0.22,-0.22,0.05,False
2011-10-26,US1NJWR0006,0,0.2,-0.2,0.12,False
2011-10-26,US1NJWR0007,0,0.1,-0.1,0.52,False
2011-10-26,US1NJWR0008,0,0.19,-0.19,0.16,False
2011-10-26,US1NJWR0017,0,0.15,-0.15,0.32,False
2011-10-26,US1NJWR0018,0,0.11,-0.11,0.46,False
2011-10-26,US1NJWR0020,0,0.15,-0.15,0.32,False
2011-10-26,US1NJWR0021,0,0.15,-0.15,0.32,False
2011-10-26,US1NJWR0022,0,0.27,-0.27,-0.16,False
2011-10-26,US1NJWR0023,0,0.16,-0.16,0.29,False
2011-10-26,US1NYCB0001,13,7.41,5.59,22.79,True
2011-10-26,US1NYDL0005,28,12.07,15.93,63.3,True
2011-10-26,US1NYDL0009,13,11.64,1.36,6.25,True
2011-10-26,US1NYDL0016,13,6.89,6.11,24.85,True
2011-10-26,US1NYDL0022,13,13.71,-0.71,-1.89,False
2011-10-26,US1NYDT0004,5,2.69,2.31,9.94,True
2011-10-26,US1NYDT0005,3,2.93,0.07,1.18,False
2011-10-26,US1NYGR0006,10,10.57,-0.57,-1.33,False
2011-10-26,US1NYNS0007,0,0.3,-0.3,-0.29,False
2011-10-26,US1NYOR0006,0,1.33,-1.33,-4.29,True
2011-10-26,US1NYPT0001,5,2.48,2.52,10.79,True
2011-10-26,US1NYPT0002,0,2.58,-2.58,-9.21,True
2011-10-26,US1NYPT0004,0,2.63,-2.63,-9.38,True
2011-10-26,US1NYRC0002,0,0.16,-0.16,0.26,False
2011-10-26,US1NYSF0002,0,0.2,-0.2,0.11,False
2011-10-26,US1NYSF0003,0,0.31,-0.31,-0.32,False
2011-10-26,US1NYSF0007,0,0.23,-0.23,0.0,False
2011-10-26,US1NYSF0016,0,0.51,-0.51,-1.11,False
2011-10-26,US1NYSF0017,0,0.36,-0.36,-0.48,False
2011-10-26,US1NYSF0019,0,0.18,-0.18,0.21,False
2011-10-26,US1NYSV0005,0,3.29,-3.29,-11.98,True
2011-10-26,US1NYSV0006,8,5.97,2.03,8.84,True
2011-10-26,US1NYSV0008,0,2.69,-2.69,-9.63,True
2011-10-26,US1NYUL0001,0,6.39,-6.39,-24.13,True
2011-10-26,US1NYUL0003,5,5.09,-0.09,0.56,False
2011-10-26,US1NYUL0004,8,7.15,0.85,4.22,True
2011-10-26,US1NYUL0006,0,4.08,-4.08,-15.06,True
2011-10-26,US1NYUL0009,5,3.2,1.8,7.95,True
2011-10-26,US1NYWC0006,0,1.29,-1.29,-4.16,True
2011-10-26,US1NYWC0007,0,1.46,-1.46,-4.8,True
2011-10-26,US1NYWC0009,0,0.42,-0.42,-0.74,False
2011-10-26,US1PABK0004,0,0.24,-0.24,-0.02,False
2011-10-26,US1PABK0005,0,0.21,-0.21,0.09,False
2011-10-26,US1PABK0013,0,0.24,-0.24,-0.04,False
2011-10-26,US1PABK0014,0,0.21,-0.21,0.1,False
2011-10-26,US1PABK0015,0,0.22,-0.22,0.06,False
2011-10-26,US1PABK0018,0,0.21,-0.21,0.08,False
2011-10-26,US1PABK0026,0,0.21,-0.21,0.09,False
2011-10-26,US1PACB0015,0,0.11,-0.11,0.48,False
2011-10-26,US1PADL0003,0,0.68,-0.68,-1.76,False
2011-10-26,US1PAMN0007,0,0.24,-0.24,-0.05,False
2011-10-26,US1PAMT0006,0,0.23,-0.23,0.01,False
2011-10-26,US1PAMT0007,0,0.28,-0.28,-0.17,False
2011-10-26,US1PAMT0012,0,0.22,-0.22,0.04,False
2011-10-26,US1PAMT0013,0,0.3,-0.3,-0.27,False
2011-10-26,US1PAMT0016,0,0.25,-0.25,-0.08,False
2011-10-26,US1PAMT0020,0,0.24,-0.24,-0.04,False
2011-10-26,US1PAMT0022,0,0.25,-0.25,-0.06,False
2011-10-26,US1PAMT0027,0,0.24,-0.24,-0.02,False
2011-10-26,US1PAMT0038,3,0.19,2.81,11.91,True
2011-10-26,US1PAMT0042,0,0.22,-0.22,0.05,False
2011-10-26,US1PAMT0048,0,0.71,-0.71,-1.87,False
2011-10-26,US1PAMT0051,0,0.23,-0.23,0.02,False
2011-10-26,US1PAMT0053,0,0.29,-0.29,-0.24,False
2011-10-26,US1PAMT0055,0,0.22,-0.22,0.03,False
2011-10-26,US1PAMT0056,0,0.23,-0.23,-0.0,False
2011-10-26,US1PAMT0060,0,0.44,-0.44,-0.83,False
2011-10-26,US1PAMT0063,0,0.34,-0.34,-0.41,False
2011-10-26,US1PAMT0064,0,0.33,-0.33,-0.4,False
2011-10-26,US1PAMT0065,0,0.27,-0.27,-0.15,False
2011-10-26,US1PANH0001,0,0.2,-0.2,0.11,False
2011-10-26,US1PANH0005,0,0.18,-0.18,0.21,False
2011-10-26,US1PANH0009,0,0.18,-0.18,0.22,False
2011-10-26,US1PAPH0002,0,0.42,-0.42,-0.73,False
2011-10-26,US1PAPH0004,0,0.45,-0.45,-0.84,False
2011-10-26,US1PAPH0006,0,0.7,-0.7,-1.85,False
2011-10-26,US1PAPH0008,0,0.98,-0.98,-2.92,False
2011-10-26,US1PAPK0004,0,2.22,-2.22,-7.77,True
2011-10-26,US1PAPK0008,0,1.23,-1.23,-3.91,True
2011-10-26,US1PAPK0009,0,0.78,-0.78,-2.17,False
2011-10-26,US1PAPK0012,0,2.02,-2.02,-6.99,True
2011-10-26,US1PASS0006,0,3.32,-3.32,-12.08,True
2011-10-26,US1PAWN0004,0,1.27,-1.27,-4.08,True
2011-10-26,US1PAWN0008,0,3.42,-3.42,-12.48,True
2011-10-26,US1PAWN0010,8,6.22,1.78,7.88,True
2011-10-26,US1PAWN0012,0,2.94,-2.94,-10.62,True
2011-10-26,US1PAWN0013,0,2.15,-2.15,-7.5,True
2011-10-26,US1PAWN0026,0,1.95,-1.95,-6.72,True
2011-10-26,US1PAWN0035,0,1.46,-1.46,-4.82,True
2011-10-26,US1PAWN0038,0,2.22,-2.22,-7.78,True
2011-10-26,US1PAWN0042,0,1.85,-1.85,-6.32,True
2011-10-26,US1PAWN0044,5,5.31,-0.31,-0.29,False
2011-10-26,US1PAWN0048,5,2.33,2.67,11.38,True
2011-10-26,USC00060128,0,1.36,-1.36,-4.4,True
2011-10-26,USC00060227,0,3.4,-3.4,-12.41,True
2011-10-26,USC00060299,0,3.92,-3.92,-14.44,True
2011-10-26,USC00060808,0,0.97,-0.97,-2.9,False
2011-10-26,USC00060961,0,3.41,-3.41,-12.46,True
2011-10-26,USC00060973,0,2.99,-2.99,-10.82,True
2011-10-26,USC00061508,13,3.75,9.25,37.13,True
2011-10-26,USC00061762,3,1.7,1.3,6.01,True
2011-10-26,USC00062658,0,4.86,-4.86,-18.15,True
2011-10-26,USC00063207,0,0.75,-0.75,-2.02,False
2011-10-26,USC00063420,5,1.63,3.37,14.09,True
2011-10-26,USC00065445,5,4.33,0.67,3.51,True
2011-10-26,USC00065910,3,1.33,1.67,7.45,True
2011-10-26,USC00066655,0,0.8,-0.8,-2.23,False
2011-10-26,USC00066966,0,2.66,-2.66,-9.52,True
2011-10-26,USC00067373,3,3.34,-0.34,-0.44,False
2011-10-26,USC00067958,0,2.77,-2.77,-9.95,True
2011-10-26,USC00068065,0,1.57,-1.57,-5.23,True
2011-10-26,USC00068138,0,2.14,-2.14,-7.47,True
2011-10-26,USC00068330,5,2.61,2.39,10.27,True
2011-10-26,USC00190120,0,2.83,-2.83,-10.19,True
2011-10-26,USC00190408,0,2.43,-2.43,-8.62,True
2011-10-26,USC00190562,0,2.64,-2.64,-9.42,True
2011-10-26,USC00191821,8,5.77,2.23,9.66,True
2011-10-26,USC00192107,3,2.08,0.92,4.51,True
2011-10-26,USC00193172,8,4.36,3.64,15.15,True
2011-10-26,USC00193213,0,6.37,-6.37,-24.05,True
2011-10-26,USC00193402,0,2.47,-2.47,-8.77,True
2011-10-26,USC00194131,0,6.36,-6.36,-24.01,True
2011-10-26,USC00194154,0,2.02,-2.02,-7.02,True
2011-10-26,USC00197627,0,2.48,-2.48,-8.81,True
2011-10-26,USC00198278,0,2.06,-2.06,-7.17,True
2011-10-26,USC00198793,0,2.5,-2.5,-8.87,True
2011-10-26,USC00199193,5,4.73,0.27,1.97,False
2011-10-26,USC00199371,13,4.7,8.3,33.41,True
2011-10-26,USC00199972,5,4.77,0.23,1.82,False
2011-10-26,USC00280331,0,0.41,-0.41,-0.71,False
2011-10-26,USC00280734,0,0.17,-0.17,0.24,False
2011-10-26,USC00280847,0,0.13,-0.13,0.4,False
2011-10-26,USC00280907,0,0.23,-0.23,0.01,False
2011-10-26,USC00280927,0,0.14,-0.14,0.35,False
2011-10-26,USC00280990,0,0.37,-0.37,-0.54,False
2011-10-26,USC00281327,0,0.61,-0.61,-1.48,False
2011-10-26,USC00281335,0,0.16,-0.16,0.28,False
2011-10-26,USC00281582,0,0.49,-0.49,-1.01,False
2011-10-26,USC00282023,0,0.16,-0.16,0.26,False
2011-10-26,USC00283029,0,0.14,-0.14,0.36,False
2011-10-26,USC00283181,0,0.15,-0.15,0.33,False
2011-10-26,USC00283662,0,0.39,-0.39,-0.61,False
2011-10-26,USC00283704,0,0.23,-0.23,0.02,False
2011-10-26,USC00283951,0,0.17,-0.17,0.26,False
2011-10-26,USC00284229,0,0.49,-0.49,-1.03,False
2011-10-26,USC00284987,0,0.05,-0.05,0.73,False
2011-10-26,USC00285503,0,0.46,-0.46,-0.89,False
2011-10-26,USC00285728,0,0.24,-0.24,-0.02,False
2011-10-26,USC00286055,0,0.16,-0.16,0.28,False
2011-10-26,USC00286146,0,0.37,-0.37,-0.53,False
2011-10-26,USC00286460,0,0.44,-0.44,-0.83,False
2011-10-26,USC00286864,0,0.57,-0.57,-1.34,False
2011-10-26,USC00286964,0,0.29,-0.29,-0.24,False
2011-10-26,USC00286979,0,0.18,-0.18,0.19,False
2011-10-26,USC00287301,0,0.19,-0.19,0.17,False
2011-10-26,USC00287486,0,0.18,-0.18,0.22,False
2011-10-26,USC00287587,0,0.83,-0.83,-2.32,False
2011-10-26,USC00287865,0,0.11,-0.11,0.46,False
2011-10-26,USC00288173,0,0.52,-0.52,-1.15,False
2011-10-26,USC00288644,0,1.41,-1.41,-4.61,True
2011-10-26,USC00289187,0,0.53,-0.53,-1.18,False
2011-10-26,USC00289363,0,0.15,-0.15,0.32,False
2011-10-26,USC00289832,0,0.46,-0.46,-0.91,False
2011-10-26,USC00300063,13,10.92,2.08,9.07,True
2011-10-26,USC00300254,25,10.11,14.89,59.23,True
2011-10-26,USC00300364,0,0.24,-0.24,-0.04,False
2011-10-26,USC00300732,0,2.27,-2.27,-7.97,True
2011-10-26,USC00300889,0,0.25,-0.25,-0.08,False
2011-10-26,USC00300961,0,0.33,-0.33,-0.39,False
2011-10-26,USC00301095,15,9.65,5.35,21.86,True
2011-10-26,USC00301102,10,5.9,4.1,16.95,True
2011-10-26,USC00301211,3,2.46,0.54,3.02,False
2011-10-26,USC00301309,0,0.49,-0.49,-1.0,False
2011-10-26,USC00301521,43,6.61,36.39,143.41,True
2011-10-26,USC00301761,18,6.01,11.99,47.86,True
2011-10-26,USC00302060,8,8.78,-0.78,-2.13,False
2011-10-26,USC00302151,0,0.21,-0.21,0.07,False
2011-10-26,USC00302169,13,9.77,3.23,13.56,True
2011-10-26,USC00302366,8,10.27,-2.27,-7.98,True
2011-10-26,USC00302454,15,13.76,1.24,5.75,True
2011-10-26,USC00304025,13,8.28,4.72,19.37,True
2011-10-26,USC00304575,43,12.25,30.75,121.33,True
2011-10-26,USC00305113,23,17.72,5.28,21.59,True
2011-10-26,USC00305142,0,0.29,-0.29,-0.24,False
2011-10-26,USC00305426,3,4.51,-1.51,-5.02,True
2011-10-26,USC00305606,0,0.6,-0.6,-1.42,False
2011-10-26,USC00306217,25,16.47,8.53,34.33,True
2011-10-26,USC00306570,13,8.93,4.07,16.84,True
2011-10-26,USC00306649,5,8.89,-3.89,-14.34,True
2011-10-26,USC00306774,0,1.36,-1.36,-4.4,True
2011-10-26,USC00306820,5,3.91,1.09,5.16,True
2011-10-26,USC00307035,8,5.3,2.7,11.48,True
2011-10-26,USC00307134,0,0.24,-0.24,-0.04,False
2011-10-26,USC00307210,0,2.91,-2.91,-10.48,True
2011-10-26,USC00307274,3,5.14,-2.14,-7.47,True
2011-10-26,USC00307633,3,0.43,2.57,10.96,True
2011-10-26,USC00307799,15,8.82,6.18,25.11,True
2011-10-26,USC00308670,20,13.05,6.95,28.11,True
2011-10-26,USC00308721,0,0.27,-0.27,-0.16,False
2011-10-26,USC00308932,20,10.6,9.4,37.73,True
2011-10-26,USC00309292,15,1.54,13.46,53.63,True
2011-10-26,USC00361080,0,0.19,-0.19,0.18,False
2011-10-26,USC00361737,0,0.46,-0.46,-0.89,False
2011-10-26,USC00362671,3,6.63,-3.63,-13.3,True
2011-10-26,USC00363437,0,0.23,-0.23,0.0,False
2011-10-26,USC00363488,0,0.29,-0.29,-0.25,False
2011-10-26,USC00363758,3,1.73,1.27,5.89,True
2011-10-26,USC00365390,0,0.59,-0.59,-1.4,False
2011-10-26,USC00365470,0,1.35,-1.35,-4.4,True
2011-10-26,USC00365738,3,3.7,-0.7,-1.85,False
2011-10-26,USC00366194,0,0.25,-0.25,-0.07,False
2011-10-26,USC00366370,0,0.37,-0.37,-0.54,False
2011-10-26,USC00366886,30,0.08,29.92,118.08,True
2011-10-26,USC00366927,0,0.35,-0.35,-0.48,False
2011-10-26,USC00367029,0,1.84,-1.84,-6.31,True
2011-10-26,USC00367040,0,0.98,-0.98,-2.92,False
2011-10-26,USC00367186,0,1.57,-1.57,-5.24,True
2011-10-26,USC00367938,0,0.21,-0.21,0.08,False
2011-10-26,USC00368263,0,0.28,-0.28,-0.21,False
2011-10-26,USC00368400,0,0.18,-0.18,0.22,False
2011-10-26,USC00368596,0,0.24,-0.24,-0.05,False
2011-10-26,USW00004781,0,0.36,-0.36,-0.5,False
2011-10-26,USW00004789,0,2.35,-2.35,-8.3,True
2011-10-26,USW00013739,0,0.96,-0.96,-2.87,False
2011-10-26,USW00014707,0,0.66,-0.66,-1.68,False
2011-10-26,USW00014719,0,0.2,-0.2,0.13,False
2011-10-26,USW00014732,0,0.29,-0.29,-0.23,False
2011-10-26,USW00014734,0,0.18,-0.18,0.19,False
2011-10-26,USW00014737,0,0.2,-0.2,0.14,False
2011-10-26,USW00014740,5,3.62,1.38,6.3,True
2011-10-26,USW00014752,3,2.18,0.82,4.12,True
2011-10-26,USW00014757,3,3.12,-0.12,0.45,False
2011-10-26,USW00014758,0,1.02,-1.02,-3.1,False
2011-10-26,USW00014763,13,5.94,7.06,28.55,True
2011-10-26,USW00014775,5,4.03,0.97,4.72,True
2011-10-26,USW00014792,0,0.17,-0.17,0.22,False
2011-10-26,USW00054734,0,1.7,-1.7,-5.75,True
2011-10-26,USW00054743,0,0.29,-0.29,-0.22,False
2011-10-26,USW00054767,0,2.1,-2.1,-7.3,True
2011-10-26,USW00054779,0,0.3,-0.3,-0.27,False
2011-10-26,USW00054785,0,0.14,-0.14,0.37,False
2011-10-26,USW00054786,0,0.2,-0.2,0.12,False
2011-10-26,USW00054787,0,0.35,-0.35,-0.48,False
2011-10-26,USW00054788,0,1.85,-1.85,-6.35,True
2011-10-26,USW00054789,0,0.46,-0.46,-0.91,False
2011-10-26,USW00054790,0,0.21,-0.21,0.08,False
2011-10-26,USW00054793,8,0.58,7.42,29.96,True
2011-10-26,USW00064756,0,4.42,-4.42,-16.42,True
2011-10-26,USW00093780,0,0.33,-0.33,-0.38,False
2011-10-26,USW00094702,0,0.86,-0.86,-2.45,False
2011-10-26,USW00094728,0,0.28,-0.28,-0.19,False
2011-10-26,USW00094732,0,0.38,-0.38,-0.6,False
2011-10-26,USW00094741,0,0.28,-0.28,-0.19,False
2011-10-26,USW00094745,3,0.59,2.41,10.33,True
2011-10-26,USW00094789,0,0.25,-0.25,-0.07,False
2011-10-27,US1CTFR0005,25,74.11,-49.11,-2.29,False
2011-10-27,US1CTFR0009,10,76.82,-66.82,-3.31,False
2011-10-27,US1CTFR0020,33,76.46,-43.46,-1.96,False
2011-10-27,US1CTHR0005,36,64.36,-28.36,-1.08,False
2011-10-27,US1CTHR0006,13,71.35,-58.35,-2.82,False
2011-10-27,US1CTHR0008,36,58.14,-22.14,-0.72,False
2011-10-27,US1CTMD0002,20,63.59,-43.59,-1.97,False
2011-10-27,US1CTNH0009,36,80.03,-44.03,-1.99,False
2011-10-27,US1CTNH0013,23,74.6,-51.6,-2.43,False
2011-10-27,US1CTNH0014,8,64.45,-56.45,-2.71,False
2011-10-27,US1CTNL0005,28,71.76,-43.76,-1.98,False
2011-10-27,US1CTTL0005,10,54.84,-44.84,-2.04,False
2011-10-27,US1CTWN0001,36,56.4,-20.4,-0.62,False
2011-10-27,US1CTWN0003,76,55.98,20.02,1.72,False
2011-10-27,US1MABE0003,51,50.88,0.12,0.56,False
2011-10-27,US1MABE0004,43,52.28,-9.28,0.02,False
2011-10-27,US1MAHD0007,53,55.57,-2.57,0.41,False
2011-10-27,US1MAHD0009,46,54.18,-8.18,0.08,False
2011-10-27,US1MAHS0002,30,57.71,-27.71,-1.05,False
2011-10-27,US1MAWR0006,30,50.62,-20.62,-0.64,False
2011-10-27,US1NJAT0001,15,22.67,-7.67,0.11,False
2011-10-27,US1NJAT0002,38,20.98,17.02,1.54,False
2011-10-27,US1NJAT0005,36,22.64,13.36,1.33,False
2011-10-27,US1NJBG0002,58,60.05,-2.05,0.44,False
2011-10-27,US1NJBG0003,51,66.76,-15.76,-0.36,False
2011-10-27,US1NJBG0008,56,59.42,-3.42,0.36,False
2011-10-27,US1NJBG0015,56,55.07,0.93,0.61,False
2011-10-27,US1NJBG0017,51,56.34,-5.34,0.25,False
2011-10-27,US1NJBG0018,69,65.4,3.6,0.77,False
2011-10-27,US1NJBG0023,38,46.68,-8.68,0.05,False
2011-10-27,US1NJBG0029,28,47.55,-19.55,-0.57,False
2011-10-27,US1NJBG0030,33,47.8,-14.8,-0.3,False
2011-10-27,US1NJBG0033,33,63.2,-30.2,-1.19,False
2011-10-27,US1NJBT0003,8,25.26,-17.26,-0.44,False
2011-10-27,US1NJBT0004,5,23.38,-18.38,-0.51,False
2011-10-27,US1NJBT0005,8,21.29,-13.29,-0.21,False
2011-10-27,US1NJBT0006,18,22.44,-4.44,0.3,False
2011-10-27,US1NJBT0007,8,26.47,-18.47,-0.51,False
2011-10-27,US1NJBT0010,5,22.58,-17.58,-0.46,False
2011-10-27,US1NJBT0018,10,21.16,-11.16,-0.09,False
2011-10-27,US1NJBT0022,25,21.13,3.87,0.78,False
2011-10-27,US1NJBT0023,25,22.97,2.03,0.67,False
2011-10-27,US1NJBT0025,10,21.53,-11.53,-0.11,False
2011-10-27,US1NJBT0027,15,22.29,-7.29,0.14,False
2011-10-27,US1NJBT0028,10,21.12,-11.12,-0.09,False
2011-10-27,US1NJBT0029,10,21.6,-11.6,-0.11,False
2011-10-27,US1NJBT0032,20,21.1,-1.1,0.49,False
2011-10-27,US1NJBT0035,5,22.73,-17.73,-0.47,False
2011-10-27,US1NJBT0036,25,19.73,5.27,0.86,False
2011-10-27,US1NJBT0037,5,23.01,-18.01,-0.49,False
2011-10-27,US1NJCN0001,15,22.4,-7.4,0.13,False
2011-10-27,US1NJCN0005,8,21.23,-13.23,-0.21,False
2011-10-27,US1NJCN0011,20,21.18,-1.18,0.49,False
2011-10-27,US1NJCN0015,8,21.73,-13.73,-0.24,False
2011-10-27,US1NJGL0001,10,20.78,-10.78,-0.07,False
2011-10-27,US1NJGL0006,13,20.79,-7.79,0.11,False
2011-10-27,US1NJGL0011,20,21.36,-1.36,0.48,False
2011-10-27,US1NJGL0012,8,21.26,-13.26,-0.21,False
2011-10-27,US1NJHD0002,0,62.96,-62.96,-3.09,False
2011-10-27,US1NJHN0001,25,35.5,-10.5,-0.05,False
2011-10-27,US1NJHN0004,25,33.53,-8.53,0.06,False
2011-10-27,US1NJHN0005,25,33.85,-8.85,0.05,False
2011-10-27,US1NJHN0007,25,34.35,-9.35,0.02,False
2011-10-27,US1NJHN0008,30,34.28,-4.28,0.31,False
2011-10-27,US1NJHN0009,33,33.35,-0.35,0.54,False
2011-10-27,US1NJHN0010,30,32.83,-2.83,0.39,False
2011-10-27,US1NJHN0011,30,35.37,-5.37,0.25,False
2011-10-27,US1NJHN0012,33,33.86,-0.86,0.51,False
2011-10-27,US1NJHN0015,25,32.97,-7.97,0.1,False
2011-10-27,US1NJHN0018,28,34.0,-6.0,0.21,False
2011-10-27,US1NJHN0019,23,33.69,-10.69,-0.06,False
2011-10-27,US1NJHN0021,25,34.34,-9.34,0.02,False
2011-10-27,US1NJHN0022,25,32.61,-7.61,0.12,False
2011-10-27,US1NJHN0025,25,34.43,-9.43,0.01,False
2011-10-27,US1NJMC0001,15,30.24,-15.24,-0.33,False
2011-10-27,US1NJMC0003,33,29.88,3.12,0.74,False
2011-10-27,US1NJMC0005,8,29.13,-21.13,-0.67,False
2011-10-27,US1NJMC0008,8,31.19,-23.19,-0.79,False
2011-10-27,US1NJMC0009,8,26.17,-18.17,-0.49,False
2011-10-27,US1NJMC0011,3,29.3,-26.3,-0.97,False
2011-10-27,US1NJMC0016,13,27.8,-14.8,-0.3,False
2011-10-27,US1NJMC0021,13,27.11,-14.11,-0.26,False
2011-10-27,US1NJMC0022,8,26.13,-18.13,-0.49,False
2011-10-27,US1NJMD0002,15,34.09,-19.09,-0.55,False
2011-10-27,US1NJMD0009,33,31.81,1.19,0.63,False
2011-10-27,US1NJMD0023,30,38.4,-8.4,0.07,False
2011-10-27,US1NJMD0024,30,36.2,-6.2,0.2,False
2011-10-27,US1NJMD0033,30,37.99,-7.99,0.09,False
2011-10-27,US1NJMN0005,25,33.04,-8.04,0.09,False
2011-10-27,US1NJMN0008,10,30.22,-20.22,-0.61,False
2011-10-27,US1NJMN0015,5,38.51,-33.51,-1.38,False
2011-10-27,US1NJMN0017,5,30.01,-25.01,-0.89,False
2011-10-27,US1NJMN0019,25,32.75,-7.75,0.11,False
2011-10-27,US1NJMN0020,91,29.11,61.89,4.14,True
2011-10-27,US1NJMN0024,51,33.03,17.97,1.6,False
2011-10-27,US1NJMN0029,86,38.24,47.76,3.32,False
2011-10-27,US1NJMN0032,5,35.08,-30.08,-1.18,False
2011-10-27,US1NJMN0044,5,26.91,-21.91,-0.71,False
2011-10-27,US1NJMN0048,3,32.0,-29.0,-1.12,False
2011-10-27,US1NJMN0049,0,33.87,-33.87,-1.4,False
2011-10-27,US1NJMN0051,3,27.03,-24.03,-0.83,False
2011-10-27,US1NJMS0002,33,39.25,-6.25,0.2,False
2011-10-27,US1NJMS0004,36,45.0,-9.0,0.04,False
2011-10-27,US1NJMS0006,38,42.57,-4.57,0.29,False
2011-10-27,US1NJMS0011,23,46.06,-23.06,-0.78,False
2011-10-27,US1NJMS0014,20,42.59,-22.59,-0.75,False
2011-10-27,US1NJMS0015,0,39.73,-39.73,-1.74,False
2011-10-27,US1NJMS0018,28,45.8,-17.8,-0.47,False
2011-10-27,US1NJMS0019,38,38.2,-0.2,0.55,False
2011-10-27,US1NJMS0021,18,40.93,-22.93,-0.77,False
2011-10-27,US1NJMS0022,15,42.37,-27.37,-1.03,False
2011-10-27,US1NJMS0023,33,41.61,-8.61,0.06,False
2011-10-27,US1NJMS0031,25,43.86,-18.86,-0.53,False
2011-10-27,US1NJMS0035,36,42.44,-6.44,0.18,False
2011-10-27,US1NJMS0036,41,46.36,-5.36,0.25,False
2011-10-27,US1NJMS0039,20,44.47,-24.47,-0.86,False
2011-10-27,US1NJMS0042,33,41.22,-8.22,0.08,False
2011-10-27,US1NJMS0049,28,42.83,-14.83,-0.3,False
2011-10-27,US1NJOC0001,8,26.28,-18.28,-0.5,False
2011-10-27,US1NJOC0006,15,25.43,-10.43,-0.05,False
2011-10-27,US1NJOC0008,28,25.27,2.73,0.72,False
2011-10-27,US1NJOC0012,28,18.15,9.85,1.13,False
2011-10-27,US1NJOC0013,8,28.43,-20.43,-0.63,False
2011-10-27,US1NJOC0017,5,21.81,-16.81,-0.42,False
2011-10-27,US1NJOC0019,5,22.92,-17.92,-0.48,False
2011-10-27,US1NJOC0024,13,22.14,-9.14,0.03,False
2011-10-27,US1NJOC0033,15,28.04,-13.04,-0.2,False
2011-10-27,US1NJOC0034,0,28.03,-28.03,-1.07,False
2011-10-27,US1NJOC0036,10,19.5,-9.5,0.01,False
2011-10-27,US1NJOC0038,3,29.38,-26.38,-0.97,False
2011-10-27,US1NJOC0040,5,27.17,-22.17,-0.73,False
2011-10-27,US1NJOC0042,13,21.48,-8.48,0.07,False
2011-10-27,US1NJOC0051,13,20.03,-7.03,0.15,False
2011-10-27,US1NJPS0004,53,51.82,1.18,0.63,False
2011-10-27,US1NJPS0005,30,52.59,-22.59,-0.75,False
2011-10-27,US1NJPS0012,58,55.35,2.65,0.71,False
2011-10-27,US1NJPS0014,33,52.53,-19.53,-0.57,False
2011-10-27,US1NJPS0015,30,52.28,-22.28,-0.73,False
2011-10-27,US1NJPS0016,25,48.58,-23.58,-0.81,False
2011-10-27,US1NJPS0019,28,46.14,-18.14,-0.49,False
2011-10-27,US1NJPS0021,28,47.07,-19.07,-0.55,False
2011-10-27,US1NJPS0022,36,47.54,-11.54,-0.11,False
2011-10-27,US1NJSL0002,13,22.11,-9.11,0.03,False
2011-10-27,US1NJSL0003,13,21.22,-8.22,0.08,False
2011-10-27,US1NJSM0001,18,33.18,-15.18,-0.32,False
2011-10-27,US1NJSM0002,38,36.45,1.55,0.65,False
2011-10-27,US1NJSM0004,25,32.64,-7.64,0.12,False
2011-10-27,US1NJSM0005,23,46.48,-23.48,-0.8,False
2011-10-27,US1NJSM0011,23,38.73,-15.73,-0.35,False
2011-10-27,US1NJSM0012,30,35.07,-5.07,0.26,False
2011-10-27,US1NJSM0013,41,35.92,5.08,0.85,False
2011-10-27,US1NJSM0015,0,33.24,-33.24,-1.37,False
2011-10-27,US1NJSM0020,20,31.01,-11.01,-0.08,False
2011-10-27,US1NJSM0021,20,31.65,-11.65,-0.12,False
2011-10-27,US1NJSM0022,10,31.22,-21.22,-0.67,False
2011-10-27,US1NJSM0023,25,30.96,-5.96,0.21,False
2011-10-27,US1NJSM0027,28,31.01,-3.01,0.38,False
2011-10-27,US1NJSM0030,10,35.93,-25.93,-0.94,False
2011-10-27,US1NJSM0031,38,37.64,0.36,0.58,False
2011-10-27,US1NJSM0033,28,32.92,-4.92,0.27,False
2011-10-27,US1NJSM0034,33,36.86,-3.86,0.33,False
2011-10-27,US1NJSS0001,23,61.33,-38.33,-1.66,False
2011-10-27,US1NJSS0003,30,48.43,-18.43,-0.51,False
2011-10-27,US1NJSS0007,43,47.48,-4.48,0.3,False
2011-10-27,US1NJSS0020,30,51.57,-21.57,-0.69,False
2011-10-27,US1NJSS0022,36,48.58,-12.58,-0.17,False
2011-10-27,US1NJSS0027,218,47.18,170.82,10.45,True
2011-10-27,US1NJSS0028,23,47.06,-24.06,-0.84,False
2011-10-27,US1NJUN0010,36,42.0,-6.0,0.21,False
2011-10-27,US1NJWR0001,28,34.26,-6.26,0.19,False
2011-10-27,US1NJWR0002,13,35.83,-22.83,-0.76,False
2011-10-27,US1NJWR0004,28,44.54,-16.54,-0.4,False
2011-10-27,US1NJWR0005,15,39.8,-24.8,-0.88,False
2011-10-27,US1NJWR0006,119,42.68,76.32,4.98,True
2011-10-27,US1NJWR0007,13,36.34,-23.34,-0.79,False
2011-10-27,US1NJWR0008,81,41.35,39.65,2.85,False
2011-10-27,US1NJWR0017,18,35.26,-17.26,-0.44,False
2011-10-27,US1NJWR0018,15,38.96,-23.96,-0.83,False
2011-10-27,US1NJWR0020,25,34.54,-9.54,0.01,False
2011-10-27,US1NJWR0021,18,34.99,-16.99,-0.43,False
2011-10-27,US1NJWR0022,51,45.88,5.12,0.85,False
2011-10-27,US1NJWR0023,20,34.96,-14.96,-0.31,False
2011-10-27,US1NYCB0001,38,54.9,-16.9,-0.42,False
2011-10-27,US1NYDL0005,69,59.83,9.17,1.09,False
2011-10-27,US1NYDL0009,74,56.1,17.9,1.59,False
2011-10-27,US1NYDL0016,41,46.73,-5.73,0.23,False
2011-10-27,US1NYDL0022,61,60.26,0.74,0.6,False
2011-10-27,US1NYDT0004,13,57.37,-44.37,-2.01,False
2011-10-27,US1NYDT0005,15,61.33,-46.33,-2.13,False
2011-10-27,US1NYGR0006,38,55.5,-17.5,-0.46,False
2011-10-27,US1NYOR0006,15,55.34,-40.34,-1.78,False
2011-10-27,US1NYPT0002,8,57.96,-49.96,-2.34,False
2011-10-27,US1NYPT0004,10,56.74,-46.74,-2.15,False
2011-10-27,US1NYRC0002,25,46.61,-21.61,-0.69,False
2011-10-27,US1NYSF0002,41,91.42,-50.42,-2.36,False
2011-10-27,US1NYSF0003,46,92.95,-46.95,-2.16,False
2011-10-27,US1NYSF0007,41,95.81,-54.81,-2.62,False
2011-10-27,US1NYSF0016,48,75.84,-27.84,-1.06,False
2011-10-27,US1NYSF0017,48,90.76,-42.76,-1.92,False
2011-10-27,US1NYSF0019,36,96.5,-60.5,-2.95,False
2011-10-27,US1NYSV0005,23,48.42,-25.42,-0.91,False
2011-10-27,US1NYSV0006,33,47.54,-14.54,-0.28,False
2011-10-27,US1NYSV0008,25,48.63,-23.63,-0.81,False
2011-10-27,US1NYUL0001,36,50.61,-14.61,-0.29,False
2011-10-27,US1NYUL0003,38,49.65,-11.65,-0.12,False
2011-10-27,US1NYUL0004,33,50.96,-17.96,-0.48,False
2011-10-27,US1NYUL0006,41,55.31,-14.31,-0.27,False
2011-10-27,US1NYUL0009,23,57.18,-34.18,-1.42,False
2011-10-27,US1NYWC0006,18,70.18,-52.18,-2.46,False
2011-10-27,US1NYWC0007,13,65.93,-52.93,-2.51,False
2011-10-27,US1NYWC0009,198,67.31,130.69,8.13,True
2011-10-27,US1PABK0004,13,32.6,-19.6,-0.58,False
2011-10-27,US1PABK0005,307,25.55,281.45,16.86,True
2011-10-27,US1PABK0013,28,33.93,-5.93,0.21,False
2011-10-27,US1PABK0014,8,29.0,-21.0,-0.66,False
2011-10-27,US1PABK0015,86,31.32,54.68,3.72,True
2011-10-27,US1PABK0018,10,28.45,-18.45,-0.51,False
2011-10-27,US1PABK0026,28,34.87,-6.87,0.16,False
2011-10-27,US1PACB0015,51,36.88,14.12,1.38,False
2011-10-27,US1PADL0003,43,23.56,19.44,1.68,False
2011-10-27,US1PAMN0007,25,43.5,-18.5,-0.51,False
2011-10-27,US1PAMT0006,10,31.48,-21.48,-0.69,False
2011-10-27,US1PAMT0007,15,25.05,-10.05,-0.02,False
2011-10-27,US1PAMT0012,25,21.75,3.25,0.75,False
2011-10-27,US1PAMT0016,13,26.47,-13.47,-0.22,False
2011-10-27,US1PAMT0020,0,24.75,-24.75,-0.88,False
2011-10-27,US1PAMT0022,13,25.09,-12.09,-0.14,False
2011-10-27,US1PAMT0027,25,25.82,-0.82,0.51,False
2011-10-27,US1PAMT0037,18,37.25,-19.25,-0.56,False
2011-10-27,US1PAMT0048,18,24.15,-6.15,0.2,False
2011-10-27,US1PAMT0051,10,24.5,-14.5,-0.28,False
2011-10-27,US1PAMT0053,15,24.92,-9.92,-0.02,False
2011-10-27,US1PAMT0055,15,23.47,-8.47,0.07,False
2011-10-27,US1PAMT0056,23,28.04,-5.04,0.27,False
2011-10-27,US1PAMT0060,10,24.71,-14.71,-0.29,False
2011-10-27,US1PAMT0063,8,27.5,-19.5,-0.57,False
2011-10-27,US1PAMT0064,18,25.24,-7.24,0.14,False
2011-10-27,US1PAMT0065,23,23.8,-0.8,0.51,False
2011-10-27,US1PANH0001,15,36.72,-21.72,-0.7,False
2011-10-27,US1PANH0005,23,33.3,-10.3,-0.04,False
2011-10-27,US1PANH0009,30,35.87,-5.87,0.22,False
2011-10-27,US1PAPH0002,8,23.43,-15.43,-0.34,False
2011-10-27,US1PAPH0004,8,22.95,-14.95,-0.31,False
2011-10-27,US1PAPH0006,13,23.5,-10.5,-0.05,False
2011-10-27,US1PAPH0008,8,23.82,-15.82,-0.36,False
2011-10-27,US1PAPK0004,46,38.13,7.87,1.01,False
2011-10-27,US1PAPK0009,28,46.06,-18.06,-0.49,False
2011-10-27,US1PAPK0012,25,42.34,-17.34,-0.45,False
2011-10-27,US1PASS0006,46,43.44,2.56,0.71,False
2011-10-27,US1PAWN0004,10,41.97,-31.97,-1.29,False
2011-10-27,US1PAWN0008,28,42.17,-14.17,-0.26,False
2011-10-27,US1PAWN0010,41,44.44,-3.44,0.36,False
2011-10-27,US1PAWN0012,36,41.34,-5.34,0.25,False
2011-10-27,US1PAWN0013,25,37.51,-12.51,-0.17,False
2011-10-27,US1PAWN0026,33,37.78,-4.78,0.28,False
2011-10-27,US1PAWN0035,25,37.31,-12.31,-0.16,False
2011-10-27,US1PAWN0037,51,39.85,11.15,1.2,False
2011-10-27,US1PAWN0038,8,39.78,-31.78,-1.28,False
2011-10-27,US1PAWN0042,46,45.19,0.81,0.6,False
2011-10-27,US1PAWN0044,28,46.4,-18.4,-0.51,False
2011-10-27,US1PAWN0048,25,39.43,-14.43,-0.28,False
2011-10-27,USC00060128,13,68.94,-55.94,-2.68,False
2011-10-27,USC00060227,30,51.86,-21.86,-0.71,False
2011-10-27,USC00060299,38,51.99,-13.99,-0.25,False
2011-10-27,USC00060808,25,76.77,-51.77,-2.44,False
2011-10-27,USC00060961,0,55.4,-55.4,-2.65,False
2011-10-27,USC00060973,18,55.38,-37.38,-1.61,False
2011-10-27,USC00061508,38,51.16,-13.16,-0.2,False
2011-10-27,USC00061762,213,63.46,149.54,9.22,True
2011-10-27,USC00062658,0,52.65,-52.65,-2.49,False
2011-10-27,USC00063207,206,84.78,121.22,7.58,True
2011-10-27,USC00063420,25,69.4,-44.4,-2.01,False
2011-10-27,USC00065445,53,49.03,3.97,0.79,False
2011-10-27,USC00065910,20,73.51,-53.51,-2.54,False
2011-10-27,USC00066655,198,71.02,126.98,7.91,True
2011-10-27,USC00066966,0,59.23,-59.23,-2.87,False
2011-10-27,USC00067373,0,55.19,-55.19,-2.64,False
2011-10-27,USC00067958,0,54.7,-54.7,-2.61,False
2011-10-27,USC00068065,0,69.04,-69.04,-3.44,False
2011-10-27,USC00068138,25,70.57,-45.57,-2.08,False
2011-10-27,USC00068330,18,55.8,-37.8,-1.63,False
2011-10-27,USC00190120,38,52.46,-14.46,-0.28,False
2011-10-27,USC00190408,48,54.88,-6.88,0.16,False
2011-10-27,USC00190562,56,52.58,3.42,0.76,False
2011-10-27,USC00191821,81,59.46,21.54,1.8,False
2011-10-27,USC00192107,41,50.06,-9.06,0.03,False
2011-10-27,USC00193172,28,56.55,-28.55,-1.1,False
2011-10-27,USC00193213,0,53.44,-53.44,-2.54,False
2011-10-27,USC00193402,56,52.49,3.51,0.76,False
2011-10-27,USC00194131,13,59.6,-46.6,-2.14,False
2011-10-27,USC00194154,43,50.31,-7.31,0.13,False
2011-10-27,USC00197627,33,49.9,-16.9,-0.42,False
2011-10-27,USC00198278,46,49.25,-3.25,0.37,False
2011-10-27,USC00198793,56,52.32,3.68,0.77,False
2011-10-27,USC00199193,53,55.04,-2.04,0.44,False
2011-10-27,USC00199371,43,49.81,-6.81,0.16,False
2011-10-27,USC00199972,43,55.05,-12.05,-0.14,False
2011-10-27,USC00280331,25,21.43,3.57,0.76,False
2011-10-27,USC00280734,18,36.12,-18.12,-0.49,False
2011-10-27,USC00280907,41,45.68,-4.68,0.29,False
2011-10-27,USC00280927,38,35.94,2.06,0.68,False
2011-10-27,USC00280990,8,18.11,-10.11,-0.03,False
2011-10-27,USC00281327,38,47.71,-9.71,-0.01,False
2011-10-27,USC00281335,20,44.64,-24.64,-0.87,False
2011-10-27,USC00281582,36,46.38,-10.38,-0.04,False
2011-10-27,USC00282023,46,43.93,2.07,0.68,False
2011-10-27,USC00283029,28,33.14,-5.14,0.26,False
2011-10-27,USC00283181,13,34.27,-21.27,-0.67,False
2011-10-27,USC00283662,33,23.11,9.89,1.13,False
2011-10-27,USC00283704,183,50.54,132.46,8.23,True
2011-10-27,USC00283951,5,30.55,-25.55,-0.92,False
2011-10-27,USC00284229,30,20.67,9.33,1.1,False
2011-10-27,USC00284987,25,24.58,0.42,0.58,False
2011-10-27,USC00285728,25,18.07,6.93,0.96,False
2011-10-27,USC00286055,15,36.1,-21.1,-0.66,False
2011-10-27,USC00286146,206,59.68,146.32,9.03,True
2011-10-27,USC00286460,30,45.89,-15.89,-0.36,False
2011-10-27,USC00286864,10,22.83,-12.83,-0.19,False
2011-10-27,USC00286964,15,22.97,-7.97,0.1,False
2011-10-27,USC00286979,25,34.47,-9.47,0.01,False
2011-10-27,USC00287301,23,37.8,-14.8,-0.3,False
2011-10-27,USC00287486,25,33.42,-8.42,0.07,False
2011-10-27,USC00287587,36,48.26,-12.26,-0.15,False
2011-10-27,USC00287865,71,42.73,28.27,2.19,False
2011-10-27,USC00288173,18,20.57,-2.57,0.41,False
2011-10-27,USC00288644,28,55.89,-27.89,-1.06,False
2011-10-27,USC00289187,36,44.9,-8.9,0.04,False
2011-10-27,USC00289363,25,32.24,-7.24,0.14,False
2011-10-27,USC00289832,170,59.7,110.3,6.95,True
2011-10-27,USC00300063,69,57.2,11.8,1.24,False
2011-10-27,USC00300254,76,53.48,22.52,1.86,False
2011-10-27,USC00300364,51,88.03,-37.03,-1.59,False
2011-10-27,USC00300732,25,49.25,-24.25,-0.85,False
2011-10-27,USC00300889,127,87.96,39.04,2.82,False
2011-10-27,USC00300961,160,66.97,93.03,5.94,True
2011-10-27,USC00301095,41,54.11,-13.11,-0.2,False
2011-10-27,USC00301102,76,47.81,28.19,2.19,False
2011-10-27,USC00301211,23,62.25,-39.25,-1.72,False
2011-10-27,USC00301309,56,75.03,-19.03,-0.54,False
2011-10-27,USC00301761,33,52.64,-19.64,-0.58,False
2011-10-27,USC00302060,61,48.11,12.89,1.3,False
2011-10-27,USC00302151,173,90.66,82.34,5.33,True
2011-10-27,USC00302169,79,51.9,27.1,2.13,False
2011-10-27,USC00302366,46,54.62,-8.62,0.06,False
2011-10-27,USC00302454,86,62.05,23.95,1.94,False
2011-10-27,USC00304025,127,51.36,75.64,4.94,True
2011-10-27,USC00304575,114,60.7,53.3,3.64,True
2011-10-27,USC00304731,41,50.06,-9.06,0.03,False
2011-10-27,USC00305113,107,73.9,33.1,2.47,False
2011-10-27,USC00305142,170,81.6,88.4,5.68,True
2011-10-27,USC00305310,25,50.43,-25.43,-0.92,False
2011-10-27,USC00305377,155,69.66,85.34,5.5,True
2011-10-27,USC00305426,122,48.79,73.21,4.8,True
2011-10-27,USC00305606,127,81.25,45.75,3.21,False
2011-10-27,USC00306217,107,72.49,34.51,2.56,False
2011-10-27,USC00306570,48,51.8,-3.8,0.34,False
2011-10-27,USC00306649,33,54.27,-21.27,-0.67,False
2011-10-27,USC00306774,25,45.08,-20.08,-0.61,False
2011-10-27,USC00307035,38,54.09,-16.09,-0.37,False
2011-10-27,USC00307134,107,79.14,27.86,2.17,False
2011-10-27,USC00307210,28,46.57,-18.57,-0.52,False
2011-10-27,USC00307274,30,51.82,-21.82,-0.71,False
2011-10-27,USC00307633,8,87.67,-79.67,-4.06,True
2011-10-27,USC00307799,61,49.31,11.69,1.23,False
2011-10-27,USC00308670,84,63.18,20.82,1.76,False
2011-10-27,USC00308721,43,94.82,-51.82,-2.44,False
2011-10-27,USC00308906,25,56.97,-31.97,-1.29,False
2011-10-27,USC00308932,81,54.34,26.66,2.1,False
2011-10-27,USC00308946,180,69.86,110.14,6.94,True
2011-10-27,USC00309292,165,55.74,109.26,6.88,True
2011-10-27,USC00361737,13,24.5,-11.5,-0.11,False
2011-10-27,USC00362671,23,47.77,-24.77,-0.88,False
2011-10-27,USC00363437,13,23.75,-10.75,-0.07,False
2011-10-27,USC00363488,23,29.7,-6.7,0.17,False
2011-10-27,USC00363758,15,39.21,-24.21,-0.84,False
2011-10-27,USC00365390,20,24.39,-4.39,0.3,False
2011-10-27,USC00365470,25,44.9,-19.9,-0.6,False
2011-10-27,USC00365738,30,43.13,-13.13,-0.2,False
2011-10-27,USC00366194,102,26.39,75.61,4.94,True
2011-10-27,USC00366370,33,23.75,9.25,1.09,False
2011-10-27,USC00366886,36,23.13,12.87,1.3,False
2011-10-27,USC00366927,38,24.53,13.47,1.34,False
2011-10-27,USC00367029,46,45.21,0.79,0.6,False
2011-10-27,USC00367040,46,40.63,5.37,0.87,False
2011-10-27,USC00367186,33,35.21,-2.21,0.43,False
2011-10-27,USC00367938,18,50.12,-32.12,-1.3,False
2011-10-27,USC00368400,23,33.92,-10.92,-0.08,False
2011-10-27,USC00368596,178,38.9,139.1,8.61,True
2011-10-27,USW00004781,170,88.28,81.72,5.29,True
2011-10-27,USW00004789,145,49.59,95.41,6.08,True
2011-10-27,USW00013739,43,23.0,20.0,1.72,False
2011-10-27,USW00014707,127,115.13,11.87,1.25,False
2011-10-27,USW00014719,165,84.06,80.94,5.24,True
2011-10-27,USW00014732,147,65.61,81.39,5.27,True
2011-10-27,USW00014734,160,49.84,110.16,6.94,True
2011-10-27,USW00014737,142,32.5,109.5,6.9,True
2011-10-27,USW00014740,191,53.31,137.69,8.53,True
2011-10-27,USW00014752,191,52.47,138.53,8.58,True
2011-10-27,USW00014757,157,48.46,108.54,6.84,True
2011-10-27,USW00014758,142,68.44,73.56,4.82,True
2011-10-27,USW00014763,208,47.25,160.75,9.87,True
2011-10-27,USW00014775,178,48.39,129.61,8.06,True
2011-10-27,USW00014792,91,26.65,64.35,4.28,True
2011-10-27,USW00054734,163,68.9,94.1,6.01,True
2011-10-27,USW00054743,193,47.51,145.49,8.98,True
2011-10-27,USW00054767,211,50.16,160.84,9.87,True
2011-10-27,USW00054779,170,47.14,122.86,7.67,True
2011-10-27,USW00054785,150,33.24,116.76,7.32,True
2011-10-27,USW00054786,81,32.63,48.37,3.36,False
2011-10-27,USW00054787,163,75.03,87.97,5.65,True
2011-10-27,USW00054788,107,59.13,47.87,3.33,False
2011-10-27,USW00054789,130,40.25,89.75,5.75,True
2011-10-27,USW00054790,168,80.64,87.36,5.62,True
2011-10-27,USW00054793,165,44.24,120.76,7.55,True
2011-10-27,USW00064756,172,52.28,119.72,7.49,True
2011-10-27,USW00093780,51,20.07,30.93,2.35,False
2011-10-27,USW00094702,175,69.47,105.53,6.67,True
2011-10-27,USW00094728,160,61.4,98.6,6.27,True
2011-10-27,USW00094732,81,24.08,56.92,3.85,True
2011-10-27,USW00094741,173,57.25,115.75,7.26,True
2011-10-27,USW00094745,188,72.41,115.59,7.25,True
2011-10-27,USW00094789,175,60.18,114.82,7.21,True
2011-10-28,US1CTFR0005,170,109.33,60.67,1.77,False
2011-10-28,US1CTFR0009,188,111.61,76.39,2.29,False
2011-10-28,US1CTFR0020,168,106.78,61.22,1.78,False
2011-10-28,US1CTHR0006,178,128.02,49.98,1.41,False
2011-10-28,US1CTHR0008,203,146.22,56.78,1.64,False
2011-10-28,US1CTMD0002,254,130.13,123.87,3.85,True
2011-10-28,US1CTNH0009,155,100.83,54.17,1.55,False
2011-10-28,US1CTNH0013,160,109.42,50.58,1.43,False
2011-10-28,US1CTNH0014,198,123.02,74.98,2.24,False
2011-10-28,US1CTNL0005,216,129.13,86.87,2.63,False
2011-10-28,US1CTWN0001,234,164.66,69.34,2.05,False
2011-10-28,US1MABE0003,175,152.0,23.0,0.53,False
2011-10-28,US1MABE0004,165,154.33,10.67,0.12,False
2011-10-28,US1MAHD0007,168,154.59,13.41,0.21,False
2011-10-28,US1MAHD0009,168,159.66,8.34,0.04,False
2011-10-28,US1MAHS0002,262,150.34,111.66,3.45,False
2011-10-28,US1MAWR0006,213,180.83,32.17,0.83,False
2011-10-28,US1NJAT0001,91,52.19,38.81,1.05,False
2011-10-28,US1NJAT0002,53,55.76,-2.76,-0.32,False
2011-10-28,US1NJAT0005,43,54.8,-11.8,-0.62,False
2011-10-28,US1NJBG0002,124,117.8,6.2,-0.03,False
2011-10-28,US1NJBG0003,152,108.38,43.62,1.2,False
2011-10-28,US1NJBG0008,137,116.86,20.14,0.43,False
2011-10-28,US1NJBG0010,236,104.79,131.21,4.09,True
2011-10-28,US1NJBG0015,119,111.83,7.17,0.0,False
2011-10-28,US1NJBG0017,132,122.67,9.33,0.07,False
2011-10-28,US1NJBG0018,127,105.58,21.42,0.47,False
2011-10-28,US1NJBG0023,180,134.24,45.76,1.28,False
2011-10-28,US1NJBG0029,165,133.84,31.16,0.79,False
2011-10-28,US1NJBG0030,173,134.95,38.05,1.02,False
2011-10-28,US1NJBG0033,152,108.47,43.53,1.2,False
2011-10-28,US1NJBT0003,76,74.27,1.73,-0.18,False
2011-10-28,US1NJBT0004,58,62.26,-4.26,-0.37,False
2011-10-28,US1NJBT0005,36,57.34,-21.34,-0.94,False
2011-10-28,US1NJBT0006,38,65.09,-27.09,-1.13,False
2011-10-28,US1NJBT0007,89,80.91,8.09,0.03,False
2011-10-28,US1NJBT0010,58,68.71,-10.71,-0.59,False
2011-10-28,US1NJBT0018,61,58.78,2.22,-0.16,False
2011-10-28,US1NJBT0025,43,66.26,-23.26,-1.0,False
2011-10-28,US1NJBT0027,46,62.46,-16.46,-0.78,False
2011-10-28,US1NJBT0028,46,59.08,-13.08,-0.66,False
2011-10-28,US1NJBT0029,38,63.15,-25.15,-1.06,False
2011-10-28,US1NJBT0032,25,59.75,-34.75,-1.38,False
2011-10-28,US1NJBT0035,58,63.22,-5.22,-0.4,False
2011-10-28,US1NJBT0037,46,63.06,-17.06,-0.8,False
2011-10-28,US1NJCN0001,36,64.47,-28.47,-1.17,False
2011-10-28,US1NJCN0005,41,56.62,-15.62,-0.75,False
2011-10-28,US1NJCN0011,23,59.6,-36.6,-1.44,False
2011-10-28,US1NJCN0015,48,57.26,-9.26,-0.54,False
2011-10-28,US1NJGL0001,38,55.89,-17.89,-0.82,False
2011-10-28,US1NJGL0006,41,53.98,-12.98,-0.66,False
2011-10-28,US1NJGL0011,51,53.99,-2.99,-0.33,False
2011-10-28,US1NJGL0012,33,57.17,-24.17,-1.03,False
2011-10-28,US1NJHD0002,173,103.32,69.68,2.06,False
2011-10-28,US1NJHN0001,124,110.14,13.86,0.22,False
2011-10-28,US1NJHN0004,119,103.37,15.63,0.28,False
2011-10-28,US1NJHN0005,104,102.19,1.81,-0.17,False
2011-10-28,US1NJHN0007,117,105.82,11.18,0.14,False
2011-10-28,US1NJHN0008,109,107.51,1.49,-0.18,False
2011-10-28,US1NJHN0009,109,100.99,8.01,0.03,False
2011-10-28,US1NJHN0010,99,98.74,0.26,-0.22,False
2011-10-28,US1NJHN0011,114,102.56,11.44,0.14,False
2011-10-28,US1NJHN0012,119,103.88,15.12,0.27,False
2011-10-28,US1NJHN0015,104,98.31,5.69,-0.05,False
2011-10-28,US1NJHN0018,109,108.82,0.18,-0.23,False
2011-10-28,US1NJHN0019,130,103.42,26.58,0.64,False
2011-10-28,US1NJHN0021,114,107.97,6.03,-0.03,False
2011-10-28,US1NJHN0022,74,93.16,-19.16,-0.86,False
2011-10-28,US1NJHN0025,112,105.91,6.09,-0.03,False
2011-10-28,US1NJMC0001,79,88.82,-9.82,-0.56,False
2011-10-28,US1NJMC0003,99,92.03,6.97,-0.0,False
2011-10-28,US1NJMC0005,97,89.5,7.5,0.01,False
2011-10-28,US1NJMC0008,76,86.49,-10.49,-0.58,False
2011-10-28,US1NJMC0009,89,90.68,-1.68,-0.29,False
2011-10-28,US1NJMC0011,102,84.23,17.77,0.35,False
2011-10-28,US1NJMC0016,102,87.48,14.52,0.25,False
2011-10-28,US1NJMC0021,97,85.59,11.41,0.14,False
2011-10-28,US1NJMC0022,112,88.06,23.94,0.56,False
2011-10-28,US1NJMD0002,107,99.87,7.13,0.0,False
2011-10-28,US1NJMD0009,119,97.35,21.65,0.48,False
2011-10-28,US1NJMD0023,132,105.3,26.7,0.65,False
2011-10-28,US1NJMD0024,112,103.66,8.34,0.04,False
2011-10-28,US1NJMD0031,142,98.7,43.3,1.19,False
2011-10-28,US1NJMD0033,124,106.24,17.76,0.35,False
2011-10-28,US1NJMN0005,114,86.08,27.92,0.69,False
2011-10-28,US1NJMN0008,79,78.57,0.43,-0.22,False
2011-10-28,US1NJMN0015,119,95.42,23.58,0.54,False
2011-10-28,US1NJMN0017,94,87.01,6.99,-0.0,False
2011-10-28,US1NJMN0019,81,88.57,-7.57,-0.48,False
2011-10-28,US1NJMN0020,0,80.21,-80.21,-2.88,False
2011-10-28,US1NJMN0024,41,75.2,-34.2,-1.36,False
2011-10-28,US1NJMN0032,114,96.6,17.4,0.34,False
2011-10-28,US1NJMN0044,119,102.04,16.96,0.33,False
2011-10-28,US1NJMN0048,104,95.55,8.45,0.05,False
2011-10-28,US1NJMN0049,89,73.84,15.16,0.27,False
2011-10-28,US1NJMN0051,117,102.92,14.08,0.23,False
2011-10-28,US1NJMS0002,140,109.08,30.92,0.79,False
2011-10-28,US1NJMS0004,132,124.99,7.01,-0.0,False
2011-10-28,US1NJMS0006,160,125.8,34.2,0.89,False
2011-10-28,US1NJMS0011,109,124.54,-15.54,-0.75,False
2011-10-28,US1NJMS0018,147,123.19,23.81,0.55,False
2011-10-28,US1NJMS0019,135,109.7,25.3,0.6,False
2011-10-28,US1NJMS0021,175,119.6,55.4,1.59,False
2011-10-28,US1NJMS0022,173,115.66,57.34,1.66,False
2011-10-28,US1NJMS0023,165,121.54,43.46,1.2,False
2011-10-28,US1NJMS0031,201,124.24,76.76,2.3,False
2011-10-28,US1NJMS0035,157,128.48,28.52,0.71,False
2011-10-28,US1NJMS0036,132,120.75,11.25,0.14,False
2011-10-28,US1NJMS0039,160,120.75,39.25,1.06,False
2011-10-28,US1NJMS0042,142,121.49,20.51,0.44,False
2011-10-28,US1NJMS0049,140,115.52,24.48,0.57,False
2011-10-28,US1NJOC0001,56,72.69,-16.69,-0.78,False
2011-10-28,US1NJOC0006,41,74.56,-33.56,-1.34,False
2011-10-28,US1NJOC0008,43,71.19,-28.19,-1.16,False
2011-10-28,US1NJOC0012,61,67.31,-6.31,-0.44,False
2011-10-28,US1NJOC0013,56,76.09,-20.09,-0.9,False
2011-10-28,US1NJOC0017,61,67.09,-6.09,-0.43,False
2011-10-28,US1NJOC0019,28,68.37,-40.37,-1.56,False
2011-10-28,US1NJOC0024,53,65.42,-12.42,-0.64,False
2011-10-28,US1NJOC0033,84,88.0,-4.0,-0.36,False
2011-10-28,US1NJOC0036,99,61.7,37.3,1.0,False
2011-10-28,US1NJOC0040,127,83.0,44.0,1.22,False
2011-10-28,US1NJOC0042,33,68.49,-35.49,-1.4,False
2011-10-28,US1NJOC0051,76,65.51,10.49,0.11,False
2011-10-28,US1NJPS0004,178,125.05,52.95,1.51,False
2011-10-28,US1NJPS0005,170,128.87,41.13,1.12,False
2011-10-28,US1NJPS0012,147,115.91,31.09,0.79,False
2011-10-28,US1NJPS0014,173,127.39,45.61,1.27,False
2011-10-28,US1NJPS0015,165,121.51,43.49,1.2,False
2011-10-28,US1NJPS0016,142,127.18,14.82,0.26,False
2011-10-28,US1NJPS0019,155,131.07,23.93,0.56,False
2011-10-28,US1NJPS0021,135,127.77,7.23,0.01,False
2011-10-28,US1NJPS0022,163,130.08,32.92,0.85,False
2011-10-28,US1NJSL0002,53,52.97,0.03,-0.23,False
2011-10-28,US1NJSL0003,71,52.76,18.24,0.37,False
2011-10-28,US1NJSM0001,112,101.63,10.37,0.11,False
2011-10-28,US1NJSM0002,109,112.07,-3.07,-0.33,False
2011-10-28,US1NJSM0004,127,112.81,14.19,0.23,False
2011-10-28,US1NJSM0005,130,95.97,34.03,0.89,False
2011-10-28,US1NJSM0011,132,105.76,26.24,0.63,False
2011-10-28,US1NJSM0012,112,101.81,10.19,0.1,False
2011-10-28,US1NJSM0013,117,102.34,14.66,0.25,False
2011-10-28,US1NJSM0015,124,99.84,24.16,0.56,False
2011-10-28,US1NJSM0021,102,99.52,2.48,-0.15,False
2011-10-28,US1NJSM0023,99,98.5,0.5,-0.22,False
2011-10-28,US1NJSM0030,127,112.78,14.22,0.24,False
2011-10-28,US1NJSM0031,127,110.79,16.21,0.3,False
2011-10-28,US1NJSM0033,104,100.82,3.18,-0.13,False
2011-10-28,US1NJSM0034,97,104.86,-7.86,-0.49,False
2011-10-28,US1NJSS0001,157,106.14,50.86,1.44,False
2011-10-28,US1NJSS0007,142,123.36,18.64,0.38,False
2011-10-28,US1NJSS0020,157,123.61,33.39,0.87,False
2011-10-28,US1NJSS0022,140,125.51,14.49,0.24,False
2011-10-28,US1NJSS0027,10,119.48,-109.48,-3.84,True
2011-10-28,US1NJSS0028,147,125.35,21.65,0.48,False
2011-10-28,US1NJUN0010,135,110.35,24.65,0.58,False
2011-10-28,US1NJWR0001,112,105.29,6.71,-0.01,False
2011-10-28,US1NJWR0002,185,120.29,64.71,1.9,False
2011-10-28,US1NJWR0004,160,116.45,43.55,1.2,False
2011-10-28,US1NJWR0005,147,116.39,30.61,0.78,False
2011-10-28,US1NJWR0006,74,118.35,-44.35,-1.69,False
2011-10-28,US1NJWR0007,165,121.23,43.77,1.21,False
2011-10-28,US1NJWR0008,114,119.38,-5.38,-0.41,False
2011-10-28,US1NJWR0017,150,120.02,29.98,0.76,False
2011-10-28,US1NJWR0018,168,118.17,49.83,1.41,False
2011-10-28,US1NJWR0020,142,118.4,23.6,0.54,False
2011-10-28,US1NJWR0021,132,115.09,16.91,0.32,False
2011-10-28,US1NJWR0022,107,117.86,-10.86,-0.59,False
2011-10-28,US1NJWR0023,150,116.54,33.46,0.87,False
2011-10-28,US1NYCB0001,137,138.54,-1.54,-0.28,False
2011-10-28,US1NYDL0005,81,123.54,-42.54,-1.64,False
2011-10-28,US1NYDL0009,114,123.07,-9.07,-0.53,False
2011-10-28,US1NYDL0022,58,125.92,-67.92,-2.47,False
2011-10-28,US1NYDT0004,185,133.12,51.88,1.48,False
2011-10-28,US1NYDT0005,178,125.33,52.67,1.5,False
2011-10-28,US1NYGR0006,170,138.4,31.6,0.81,False
2011-10-28,US1NYOR0004,213,125.17,87.83,2.66,False
2011-10-28,US1NYOR0006,168,124.63,43.37,1.2,False
2011-10-28,US1NYPT0001,191,131.36,59.64,1.73,False
2011-10-28,US1NYPT0002,157,132.76,24.24,0.57,False
2011-10-28,US1NYPT0004,249,128.74,120.26,3.73,True
2011-10-28,US1NYRC0002,160,100.81,59.19,1.72,False
2011-10-28,US1NYSF0002,152,92.29,59.71,1.74,False
2011-10-28,US1NYSF0003,160,83.45,76.55,2.29,False
2011-10-28,US1NYSF0007,137,92.15,44.85,1.25,False
2011-10-28,US1NYSF0016,89,105.89,-16.89,-0.79,False
2011-10-28,US1NYSF0017,180,85.78,94.22,2.87,False
2011-10-28,US1NYSF0019,61,85.89,-24.89,-1.05,False
2011-10-28,US1NYSV0005,157,130.73,26.27,0.63,False
2011-10-28,US1NYSV0006,112,122.5,-10.5,-0.58,False
2011-10-28,US1NYSV0008,140,130.91,9.09,0.07,False
2011-10-28,US1NYUL0001,142,141.59,0.41,-0.22,False
2011-10-28,US1NYUL0003,198,137.31,60.69,1.77,False
2011-10-28,US1NYUL0004,145,139.78,5.22,-0.06,False
2011-10-28,US1NYUL0006,147,132.67,14.33,0.24,False
2011-10-28,US1NYUL0008,203,136.83,66.17,1.95,False
2011-10-28,US1NYUL0009,157,130.1,26.9,0.65,False
2011-10-28,US1NYWC0006,173,116.42,56.58,1.63,False
2011-10-28,US1NYWC0007,127,138.26,-11.26,-0.6,False
2011-10-28,US1NYWC0009,20,105.22,-85.22,-3.04,False
2011-10-28,US1PABK0004,94,83.78,10.22,0.1,False
2011-10-28,US1PABK0005,64,80.45,-16.45,-0.78,False
2011-10-28,US1PABK0013,76,68.86,7.14,0.0,False
2011-10-28,US1PABK0014,69,80.19,-11.19,-0.6,False
2011-10-28,US1PABK0015,0,79.51,-79.51,-2.85,False
2011-10-28,US1PABK0018,81,79.08,1.92,-0.17,False
2011-10-28,US1PABK0026,61,78.22,-17.22,-0.8,False
2011-10-28,US1PACB0015,114,106.37,7.63,0.02,False
2011-10-28,US1PADL0003,0,61.44,-61.44,-2.26,False
2011-10-28,US1PAMT0006,81,78.4,2.6,-0.15,False
2011-10-28,US1PAMT0007,89,78.47,10.53,0.11,False
2011-10-28,US1PAMT0012,76,78.93,-2.93,-0.33,False
2011-10-28,US1PAMT0016,84,77.04,6.96,-0.0,False
2011-10-28,US1PAMT0020,97,76.35,20.65,0.45,False
2011-10-28,US1PAMT0022,89,77.03,11.97,0.16,False
2011-10-28,US1PAMT0025,89,77.73,11.27,0.14,False
2011-10-28,US1PAMT0027,84,77.81,6.19,-0.03,False
2011-10-28,US1PAMT0037,69,79.58,-10.58,-0.58,False
2011-10-28,US1PAMT0048,61,67.07,-6.07,-0.43,False
2011-10-28,US1PAMT0051,79,78.96,0.04,-0.23,False
2011-10-28,US1PAMT0053,84,78.51,5.49,-0.05,False
2011-10-28,US1PAMT0055,84,78.69,5.31,-0.06,False
2011-10-28,US1PAMT0056,74,78.88,-4.88,-0.39,False
2011-10-28,US1PAMT0060,89,70.09,18.91,0.39,False
2011-10-28,US1PAMT0063,61,74.61,-13.61,-0.68,False
2011-10-28,US1PAMT0064,74,70.64,3.36,-0.12,False
2011-10-28,US1PAMT0065,76,77.53,-1.53,-0.28,False
2011-10-28,US1PANH0001,142,107.37,34.63,0.91,False
2011-10-28,US1PANH0005,84,102.86,-18.86,-0.85,False
2011-10-28,US1PANH0009,124,98.94,25.06,0.59,False
2011-10-28,US1PAPH0002,89,72.68,16.32,0.3,False
2011-10-28,US1PAPH0004,89,72.31,16.69,0.32,False
2011-10-28,US1PAPH0006,74,68.69,5.31,-0.06,False
2011-10-28,US1PAPH0008,61,68.76,-7.76,-0.49,False
2011-10-28,US1PAPK0004,147,136.36,10.64,0.12,False
2011-10-28,US1PAPK0009,160,123.16,36.84,0.98,False
2011-10-28,US1PAPK0012,193,130.72,62.28,1.82,False
2011-10-28,US1PASS0006,86,126.63,-40.63,-1.57,False
2011-10-28,US1PAWN0004,165,127.39,37.61,1.01,False
2011-10-28,US1PAWN0008,155,131.95,23.05,0.53,False
2011-10-28,US1PAWN0010,119,122.37,-3.37,-0.34,False
2011-10-28,US1PAWN0012,122,128.1,-6.1,-0.43,False
2011-10-28,US1PAWN0013,170,135.33,34.67,0.91,False
2011-10-28,US1PAWN0026,130,130.0,-0.0,-0.23,False
2011-10-28,US1PAWN0035,135,131.79,3.21,-0.13,False
2011-10-28,US1PAWN0036,137,126.63,10.37,0.11,False
2011-10-28,US1PAWN0037,122,129.95,-7.95,-0.49,False
2011-10-28,US1PAWN0038,140,130.91,9.09,0.07,False
2011-10-28,US1PAWN0041,107,131.27,-24.27,-1.03,False
2011-10-28,US1PAWN0042,140,103.85,36.15,0.96,False
2011-10-28,US1PAWN0044,94,124.35,-30.35,-1.23,False
2011-10-28,USC00060128,165,111.73,53.27,1.52,False
2011-10-28,USC00060227,193,148.06,44.94,1.25,False
2011-10-28,USC00060299,180,150.69,29.31,0.73,False
2011-10-28,USC00060808,114,108.09,5.91,-0.04,False
2011-10-28,USC00060961,163,133.94,29.06,0.72,False
2011-10-28,USC00060973,170,146.66,23.34,0.54,False
2011-10-28,USC00061508,157,152.57,4.43,-0.09,False
2011-10-28,USC00061762,0,122.56,-122.56,-4.27,True
2011-10-28,USC00062658,178,142.5,35.5,0.94,False
2011-10-28,USC00063207,0,90.12,-90.12,-3.2,False
2011-10-28,USC00063420,254,144.54,109.46,3.37,False
2011-10-28,USC00065445,140,150.18,-10.18,-0.57,False
2011-10-28,USC00065910,241,130.01,110.99,3.43,False
2011-10-28,USC00066655,0,110.53,-110.53,-3.88,True
2011-10-28,USC00066966,140,130.74,9.26,0.07,False
2011-10-28,USC00067373,170,135.46,34.54,0.91,False
2011-10-28,USC00067958,239,161.2,77.8,2.33,False
2011-10-28,USC00068065,76,119.17,-43.17,-1.66,False
2011-10-28,USC00068138,135,146.02,-11.02,-0.6,False
2011-10-28,USC00068330,218,139.12,78.88,2.37,False
2011-10-28,USC00190120,157,169.55,-12.55,-0.65,False
2011-10-28,USC00190408,102,168.02,-66.02,-2.41,False
2011-10-28,USC00190562,163,166.27,-3.27,-0.34,False
2011-10-28,USC00191821,84,149.77,-65.77,-2.4,False
2011-10-28,USC00192107,211,175.95,35.05,0.92,False
2011-10-28,USC00193172,168,153.63,14.37,0.24,False
2011-10-28,USC00193213,165,151.71,13.29,0.21,False
2011-10-28,USC00193402,160,165.68,-5.68,-0.42,False
2011-10-28,USC00194131,213,144.39,68.61,2.03,False
2011-10-28,USC00194154,160,184.25,-24.25,-1.03,False
2011-10-28,USC00197627,236,176.88,59.12,1.72,False
2011-10-28,USC00198278,224,160.13,63.87,1.87,False
2011-10-28,USC00198793,175,166.24,8.76,0.06,False
2011-10-28,USC00199193,170,152.23,17.77,0.35,False
2011-10-28,USC00199371,206,151.21,54.79,1.57,False
2011-10-28,USC00199972,170,156.66,13.34,0.21,False
2011-10-28,USC00280331,0,59.27,-59.27,-2.19,False
2011-10-28,USC00280734,147,116.65,30.35,0.77,False
2011-10-28,USC00280847,122,100.53,21.47,0.47,False
2011-10-28,USC00280907,135,121.42,13.58,0.21,False
2011-10-28,USC00280927,107,102.92,4.08,-0.1,False
2011-10-28,USC00280990,79,62.15,16.85,0.32,False
2011-10-28,USC00281335,140,112.77,27.23,0.66,False
2011-10-28,USC00281582,165,124.2,40.8,1.11,False
2011-10-28,USC00282023,117,108.72,8.28,0.04,False
2011-10-28,USC00283029,112,102.49,9.51,0.08,False
2011-10-28,USC00283181,97,93.21,3.79,-0.11,False
2011-10-28,USC00283662,46,54.73,-8.73,-0.52,False
2011-10-28,USC00283704,0,112.77,-112.77,-3.95,True
2011-10-28,USC00283951,99,90.34,8.66,0.05,False
2011-10-28,USC00284229,0,58.91,-58.91,-2.17,False
2011-10-28,USC00284987,102,96.25,5.75,-0.04,False
2011-10-28,USC00286055,117,100.45,16.55,0.31,False
2011-10-28,USC00286146,0,121.15,-121.15,-4.23,True
2011-10-28,USC00286460,112,125.82,-13.82,-0.69,False
2011-10-28,USC00286864,53,64.33,-11.33,-0.61,False
2011-10-28,USC00286964,43,69.52,-26.52,-1.11,False
2011-10-28,USC00286979,119,106.47,12.53,0.18,False
2011-10-28,USC00287301,119,110.55,8.45,0.05,False
2011-10-28,USC00287486,117,100.29,16.71,0.32,False
2011-10-28,USC00287587,142,129.53,12.47,0.18,False
2011-10-28,USC00287865,0,100.89,-100.89,-3.56,True
2011-10-28,USC00288173,43,58.16,-15.16,-0.73,False
2011-10-28,USC00288644,163,117.66,45.34,1.26,False
2011-10-28,USC00289187,142,132.59,9.41,0.08,False
2011-10-28,USC00289363,94,96.04,-2.04,-0.3,False
2011-10-28,USC00289832,8,124.01,-116.01,-4.06,True
2011-10-28,USC00300063,142,138.73,3.27,-0.13,False
2011-10-28,USC00300254,114,127.18,-13.18,-0.67,False
2011-10-28,USC00300364,145,94.95,50.05,1.42,False
2011-10-28,USC00300732,157,128.03,28.97,0.72,False
2011-10-28,USC00300889,30,98.62,-68.62,-2.49,False
2011-10-28,USC00300961,0,104.04,-104.04,-3.66,True
2011-10-28,USC00301095,160,137.51,22.49,0.51,False
2011-10-28,USC00301102,66,127.36,-61.36,-2.26,False
2011-10-28,USC00301211,163,130.05,32.95,0.85,False
2011-10-28,USC00301309,117,102.09,14.91,0.26,False
2011-10-28,USC00301521,130,130.97,-0.97,-0.26,False
2011-10-28,USC00301761,160,142.94,17.06,0.33,False
2011-10-28,USC00302060,81,124.74,-43.74,-1.67,False
2011-10-28,USC00302151,43,86.43,-43.43,-1.66,False
2011-10-28,USC00302169,132,124.74,7.26,0.01,False
2011-10-28,USC00302366,79,138.03,-59.03,-2.18,False
2011-10-28,USC00302454,122,120.59,1.41,-0.19,False
2011-10-28,USC00304025,81,142.05,-61.05,-2.25,False
2011-10-28,USC00304575,135,123.29,11.71,0.15,False
2011-10-28,USC00304731,112,128.68,-16.68,-0.78,False
2011-10-28,USC00305113,135,114.59,20.41,0.44,False
2011-10-28,USC00305310,135,128.11,6.89,-0.01,False
2011-10-28,USC00305426,79,138.37,-59.37,-2.19,False
2011-10-28,USC00305606,51,97.5,-46.5,-1.77,False
2011-10-28,USC00306217,112,121.5,-9.5,-0.55,False
2011-10-28,USC00306570,127,134.07,-7.07,-0.47,False
2011-10-28,USC00306649,160,133.43,26.57,0.64,False
2011-10-28,USC00306774,130,127.44,2.56,-0.15,False
2011-10-28,USC00306820,145,131.87,13.13,0.2,False
2011-10-28,USC00307035,178,134.59,43.41,1.2,False
2011-10-28,USC00307134,97,104.88,-7.88,-0.49,False
2011-10-28,USC00307210,137,132.27,4.73,-0.08,False
2011-10-28,USC00307274,145,142.4,2.6,-0.15,False
2011-10-28,USC00307799,127,132.91,-5.91,-0.43,False
2011-10-28,USC00308670,124,117.18,6.82,-0.01,False
2011-10-28,USC00308721,114,86.06,27.94,0.69,False
2011-10-28,USC00308906,160,125.25,34.75,0.91,False
2011-10-28,USC00308932,117,123.41,-6.41,-0.44,False
2011-10-28,USC00309292,0,129.44,-129.44,-4.5,True
2011-10-28,USC00309670,173,121.65,51.35,1.46,False
2011-10-28,USC00361737,30,69.14,-39.14,-1.52,False
2011-10-28,USC00362671,130,119.99,10.01,0.1,False
2011-10-28,USC00363437,76,78.95,-2.95,-0.33,False
2011-10-28,USC00363488,66,80.62,-14.62,-0.71,False
2011-10-28,USC00363758,160,135.66,24.34,0.57,False
2011-10-28,USC00365390,0,59.08,-59.08,-2.18,False
2011-10-28,USC00365470,127,127.85,-0.85,-0.26,False
2011-10-28,USC00365738,145,131.09,13.91,0.23,False
2011-10-28,USC00366194,0,76.81,-76.81,-2.76,False
2011-10-28,USC00366370,0,72.76,-72.76,-2.63,False
2011-10-28,USC00366886,69,64.75,4.25,-0.09,False
2011-10-28,USC00366927,0,73.94,-73.94,-2.67,False
2011-10-28,USC00367029,91,132.95,-41.95,-1.62,False
2011-10-28,USC00367040,178,124.0,54.0,1.55,False
2011-10-28,USC00367186,140,129.89,10.11,0.1,False
2011-10-28,USC00367938,63,80.9,-17.9,-0.82,False
2011-10-28,USC00368400,124,95.17,28.83,0.72,False
2011-10-28,USC00368596,5,117.86,-112.86,-3.95,True
2011-10-28,USW00004781,0,94.38,-94.38,-3.34,False
2011-10-28,USW00004789,3,132.39,-129.39,-4.5,True
2011-10-28,USW00013739,0,61.26,-61.26,-2.25,False
2011-10-28,USW00014707,0,86.29,-86.29,-3.08,False
2011-10-28,USW00014719,0,98.63,-98.63,-3.48,False
2011-10-28,USW00014732,0,101.77,-101.77,-3.59,True
2011-10-28,USW00014734,0,108.28,-108.28,-3.8,True
2011-10-28,USW00014737,0,100.82,-100.82,-3.56,True
2011-10-28,USW00014740,0,152.32,-152.32,-5.25,True
2011-10-28,USW00014752,0,149.28,-149.28,-5.15,True
2011-10-28,USW00014757,0,140.06,-140.06,-4.85,True
2011-10-28,USW00014758,0,118.83,-118.83,-4.15,True
2011-10-28,USW00014763,0,157.16,-157.16,-5.41,True
2011-10-28,USW00014775,3,165.6,-162.6,-5.59,True
2011-10-28,USW00014792,0,87.9,-87.9,-3.13,False
2011-10-28,USW00054734,0,120.39,-120.39,-4.2,True
2011-10-28,USW00054743,0,122.16,-122.16,-4.26,True
2011-10-28,USW00054767,0,163.79,-163.79,-5.63,True
2011-10-28,USW00054779,0,120.97,-120.97,-4.22,True
2011-10-28,USW00054785,0,109.61,-109.61,-3.85,True
2011-10-28,USW00054786,0,81.23,-81.23,-2.91,False
2011-10-28,USW00054787,0,102.27,-102.27,-3.6,True
2011-10-28,USW00054788,0,137.33,-137.33,-4.76,True
2011-10-28,USW00054789,0,123.07,-123.07,-4.29,True
2011-10-28,USW00054790,0,96.0,-96.0,-3.4,False
2011-10-28,USW00054793,0,130.98,-130.98,-4.55,True
2011-10-28,USW00064756,0,139.05,-139.05,-4.82,True
2011-10-28,USW00093780,0,64.03,-64.03,-2.34,False
2011-10-28,USW00094702,0,113.56,-113.56,-3.98,True
2011-10-28,USW00094728,0,105.67,-105.67,-3.72,True
2011-10-28,USW00094732,0,73.38,-73.38,-2.65,False
2011-10-28,USW00094741,0,116.27,-116.27,-4.07,True
2011-10-28,USW00094745,0,108.82,-108.82,-3.82,True
2011-10-28,USW00094789,0,101.39,-101.39,-3.57,True
2011-10-29,US1CTFR0009,0,125.85,-125.85,-3.18,False
2011-10-29,US1CTHR0005,0,59.65,-59.65,-0.96,False
2011-10-29,US1CTHR0006,0,84.38,-84.38,-1.79,False
2011-10-29,US1CTHR0008,0,40.36,-40.36,-0.31,False
2011-10-29,US1CTMD0002,0,80.3,-80.3,-1.65,False
2011-10-29,US1CTNH0009,0,138.61,-138.61,-3.61,True
2011-10-29,US1CTNH0013,0,120.63,-120.63,-3.0,False
2011-10-29,US1CTNH0014,0,89.93,-89.93,-1.97,False
2011-10-29,US1CTNL0005,0,88.33,-88.33,-1.92,False
2011-10-29,US1CTTL0004,13,74.69,-61.69,-1.02,False
2011-10-29,US1CTWN0001,0,37.76,-37.76,-0.22,False
2011-10-29,US1MABE0003,0,27.4,-27.4,0.13,False
2011-10-29,US1MABE0004,0,27.2,-27.2,0.13,False
2011-10-29,US1MAHD0007,0,30.18,-30.18,0.03,False
2011-10-29,US1MAHD0009,0,27.43,-27.43,0.13,False
2011-10-29,US1MAHS0002,0,24.17,-24.17,0.24,False
2011-10-29,US1NJAT0001,84,93.67,-9.67,0.72,False
2011-10-29,US1NJAT0002,79,94.08,-15.08,0.54,False
2011-10-29,US1NJAT0005,79,99.4,-20.4,0.36,False
2011-10-29,US1NJBG0002,0,71.67,-71.67,-1.36,False
2011-10-29,US1NJBG0003,0,101.37,-101.37,-2.36,False
2011-10-29,US1NJBG0008,0,68.87,-68.87,-1.26,False
2011-10-29,US1NJBG0015,3,89.46,-86.46,-1.86,False
2011-10-29,US1NJBG0017,3,68.69,-65.69,-1.16,False
2011-10-29,US1NJBG0018,0,108.48,-108.48,-2.59,False
2011-10-29,US1NJBG0023,0,42.68,-42.68,-0.39,False
2011-10-29,US1NJBG0029,0,42.97,-42.97,-0.4,False
2011-10-29,US1NJBG0030,0,43.45,-43.45,-0.41,False
2011-10-29,US1NJBG0033,0,94.94,-94.94,-2.14,False
2011-10-29,US1NJBT0003,5,80.22,-75.22,-1.48,False
2011-10-29,US1NJBT0004,64,176.42,-112.42,-2.73,False
2011-10-29,US1NJBT0005,41,94.25,-53.25,-0.74,False
2011-10-29,US1NJBT0006,71,91.0,-20.0,0.38,False
2011-10-29,US1NJBT0010,30,78.37,-48.37,-0.58,False
2011-10-29,US1NJBT0018,43,89.62,-46.62,-0.52,False
2011-10-29,US1NJBT0025,107,77.99,29.01,2.02,False
2011-10-29,US1NJBT0027,58,97.82,-39.82,-0.29,False
2011-10-29,US1NJBT0028,71,84.89,-13.89,0.58,False
2011-10-29,US1NJBT0029,48,83.72,-35.72,-0.15,False
2011-10-29,US1NJBT0032,76,89.9,-13.9,0.58,False
2011-10-29,US1NJBT0035,53,93.29,-40.29,-0.31,False
2011-10-29,US1NJBT0036,64,86.61,-22.61,0.29,False
2011-10-29,US1NJCN0005,38,90.04,-52.04,-0.7,False
2011-10-29,US1NJCN0011,69,88.21,-19.21,0.4,False
2011-10-29,US1NJGL0001,69,89.16,-20.16,0.37,False
2011-10-29,US1NJGL0006,53,91.04,-38.04,-0.23,False
2011-10-29,US1NJGL0011,102,95.12,6.88,1.28,False
2011-10-29,US1NJGL0012,33,91.53,-58.53,-0.92,False
2011-10-29,US1NJHD0002,0,101.17,-101.17,-2.35,False
2011-10-29,US1NJHN0001,3,37.24,-34.24,-0.1,False
2011-10-29,US1NJHN0002,51,47.57,3.43,1.16,False
2011-10-29,US1NJHN0004,20,43.78,-23.78,0.25,False
2011-10-29,US1NJHN0005,13,45.21,-32.21,-0.03,False
2011-10-29,US1NJHN0007,8,41.78,-33.78,-0.09,False
2011-10-29,US1NJHN0008,8,39.77,-31.77,-0.02,False
2011-10-29,US1NJHN0010,20,48.02,-28.02,0.11,False
2011-10-29,US1NJHN0011,5,46.5,-41.5,-0.35,False
2011-10-29,US1NJHN0012,13,39.46,-26.46,0.16,False
2011-10-29,US1NJHN0015,23,48.37,-25.37,0.2,False
2011-10-29,US1NJHN0018,8,37.06,-29.06,0.07,False
2011-10-29,US1NJHN0019,3,43.83,-40.83,-0.32,False
2011-10-29,US1NJHN0021,8,37.86,-29.86,0.04,False
2011-10-29,US1NJHN0022,5,52.8,-47.8,-0.56,False
2011-10-29,US1NJHN0025,43,40.73,2.27,1.12,False
2011-10-29,US1NJMC0001,0,63.09,-63.09,-1.07,False
2011-10-29,US1NJMC0003,61,57.27,3.73,1.17,False
2011-10-29,US1NJMC0005,0,59.16,-59.16,-0.94,False
2011-10-29,US1NJMC0008,0,67.79,-67.79,-1.23,False
2011-10-29,US1NJMC0009,0,55.05,-55.05,-0.8,False
2011-10-29,US1NJMC0011,0,71.15,-71.15,-1.34,False
2011-10-29,US1NJMC0016,33,62.67,-29.67,0.05,False
2011-10-29,US1NJMC0021,30,64.24,-34.24,-0.1,False
2011-10-29,US1NJMC0022,0,54.08,-54.08,-0.77,False
2011-10-29,US1NJMD0002,0,57.89,-57.89,-0.9,False
2011-10-29,US1NJMD0009,53,56.53,-3.53,0.93,False
2011-10-29,US1NJMD0033,41,55.89,-14.89,0.55,False
2011-10-29,US1NJMN0005,10,78.94,-68.94,-1.27,False
2011-10-29,US1NJMN0008,48,104.69,-56.69,-0.86,False
2011-10-29,US1NJMN0015,0,73.49,-73.49,-1.42,False
2011-10-29,US1NJMN0016,94,63.79,30.21,2.06,False
2011-10-29,US1NJMN0017,3,69.74,-66.74,-1.19,False
2011-10-29,US1NJMN0019,43,77.64,-34.64,-0.12,False
2011-10-29,US1NJMN0020,307,99.48,207.52,8.01,True
2011-10-29,US1NJMN0024,279,103.07,175.93,6.95,True
2011-10-29,US1NJMN0029,254,66.95,187.05,7.33,True
2011-10-29,US1NJMN0032,3,69.79,-66.79,-1.19,False
2011-10-29,US1NJMN0044,0,63.23,-63.23,-1.08,False
2011-10-29,US1NJMN0048,0,50.1,-50.1,-0.63,False
2011-10-29,US1NJMN0051,41,47.91,-6.91,0.82,False
2011-10-29,US1NJMS0002,5,51.43,-46.43,-0.51,False
2011-10-29,US1NJMS0003,8,45.3,-37.3,-0.21,False
2011-10-29,US1NJMS0004,0,43.69,-43.69,-0.42,False
2011-10-29,US1NJMS0006,0,40.69,-40.69,-0.32,False
2011-10-29,US1NJMS0009,0,39.61,-39.61,-0.28,False
2011-10-29,US1NJMS0018,0,41.52,-41.52,-0.35,False
2011-10-29,US1NJMS0019,46,45.97,0.03,1.05,False
2011-10-29,US1NJMS0021,0,38.97,-38.97,-0.26,False
2011-10-29,US1NJMS0022,0,38.29,-38.29,-0.24,False
2011-10-29,US1NJMS0023,0,39.37,-39.37,-0.27,False
2011-10-29,US1NJMS0035,8,41.28,-33.28,-0.07,False
2011-10-29,US1NJMS0036,0,51.8,-51.8,-0.69,False
2011-10-29,US1NJMS0040,5,52.46,-47.46,-0.55,False
2011-10-29,US1NJMS0042,0,41.25,-41.25,-0.34,False
2011-10-29,US1NJMS0049,0,52.05,-52.05,-0.7,False
2011-10-29,US1NJOC0001,5,77.46,-72.46,-1.39,False
2011-10-29,US1NJOC0006,41,71.11,-30.11,0.04,False
2011-10-29,US1NJOC0008,185,83.63,101.37,4.45,True
2011-10-29,US1NJOC0012,64,87.11,-23.11,0.27,False
2011-10-29,US1NJOC0013,3,82.6,-79.6,-1.63,False
2011-10-29,US1NJOC0017,61,85.13,-24.13,0.24,False
2011-10-29,US1NJOC0019,74,91.53,-17.53,0.46,False
2011-10-29,US1NJOC0024,157,82.57,74.43,3.55,True
2011-10-29,US1NJOC0033,18,65.57,-47.57,-0.55,False
2011-10-29,US1NJOC0034,20,68.42,-48.42,-0.58,False
2011-10-29,US1NJOC0036,33,87.24,-54.24,-0.77,False
2011-10-29,US1NJOC0040,0,68.01,-68.01,-1.24,False
2011-10-29,US1NJOC0042,89,82.4,6.6,1.27,False
2011-10-29,US1NJOC0051,130,77.91,52.09,2.8,False
2011-10-29,US1NJPS0005,0,56.48,-56.48,-0.85,False
2011-10-29,US1NJPS0012,0,75.72,-75.72,-1.49,False
2011-10-29,US1NJPS0014,0,57.11,-57.11,-0.87,False
2011-10-29,US1NJPS0016,0,44.68,-44.68,-0.45,False
2011-10-29,US1NJPS0019,0,39.39,-39.39,-0.28,False
2011-10-29,US1NJPS0022,0,44.13,-44.13,-0.43,False
2011-10-29,US1NJSL0002,58,101.2,-43.2,-0.4,False
2011-10-29,US1NJSL0003,28,94.84,-66.84,-1.2,False
2011-10-29,US1NJSM0001,0,62.72,-62.72,-1.06,False
2011-10-29,US1NJSM0002,5,44.55,-39.55,-0.28,False
2011-10-29,US1NJSM0004,0,45.45,-45.45,-0.48,False
2011-10-29,US1NJSM0005,5,56.45,-51.45,-0.68,False
2011-10-29,US1NJSM0011,5,47.5,-42.5,-0.38,False
2011-10-29,US1NJSM0012,13,56.0,-43.0,-0.4,False
2011-10-29,US1NJSM0015,0,47.44,-47.44,-0.55,False
2011-10-29,US1NJSM0020,13,51.68,-38.68,-0.25,False
2011-10-29,US1NJSM0021,20,51.61,-31.61,-0.01,False
2011-10-29,US1NJSM0023,13,49.72,-36.72,-0.19,False
2011-10-29,US1NJSM0027,20,44.54,-24.54,0.22,False
2011-10-29,US1NJSM0031,38,43.71,-5.71,0.86,False
2011-10-29,US1NJSM0033,5,47.16,-42.16,-0.37,False
2011-10-29,US1NJSM0034,5,51.82,-46.82,-0.52,False
2011-10-29,US1NJSS0001,0,63.12,-63.12,-1.07,False
2011-10-29,US1NJSS0007,0,41.62,-41.62,-0.35,False
2011-10-29,US1NJSS0020,0,31.9,-31.9,-0.02,False
2011-10-29,US1NJSS0022,0,38.82,-38.82,-0.26,False
2011-10-29,US1NJSS0028,0,31.19,-31.19,0.0,False
2011-10-29,US1NJUN0010,15,55.68,-40.68,-0.32,False
2011-10-29,US1NJWR0001,5,39.45,-34.45,-0.11,False
2011-10-29,US1NJWR0002,3,29.67,-26.67,0.15,False
2011-10-29,US1NJWR0004,0,32.31,-32.31,-0.04,False
2011-10-29,US1NJWR0005,0,35.63,-35.63,-0.15,False
2011-10-29,US1NJWR0006,0,36.74,-36.74,-0.19,False
2011-10-29,US1NJWR0007,0,30.01,-30.01,0.04,False
2011-10-29,US1NJWR0008,0,31.65,-31.65,-0.02,False
2011-10-29,US1NJWR0017,5,30.97,-25.97,0.18,False
2011-10-29,US1NJWR0018,3,32.49,-29.49,0.06,False
2011-10-29,US1NJWR0020,0,31.9,-31.9,-0.02,False
2011-10-29,US1NJWR0021,8,33.65,-25.65,0.19,False
2011-10-29,US1NJWR0022,0,34.66,-34.66,-0.12,False
2011-10-29,US1NJWR0023,0,32.43,-32.43,-0.04,False
2011-10-29,US1NYCB0001,0,22.67,-22.67,0.29,False
2011-10-29,US1NYDL0005,0,3.81,-3.81,0.92,False
2011-10-29,US1NYDL0009,0,3.96,-3.96,0.91,False
2011-10-29,US1NYDL0022,0,4.15,-4.15,0.91,False
2011-10-29,US1NYDT0004,0,62.27,-62.27,-1.04,False
2011-10-29,US1NYDT0005,0,66.02,-66.02,-1.17,False
2011-10-29,US1NYGR0005,0,15.68,-15.68,0.52,False
2011-10-29,US1NYGR0006,0,12.08,-12.08,0.64,False
2011-10-29,US1NYOR0006,0,56.64,-56.64,-0.85,False
2011-10-29,US1NYPT0002,0,60.33,-60.33,-0.98,False
2011-10-29,US1NYPT0004,0,62.51,-62.51,-1.05,False
2011-10-29,US1NYRC0002,10,82.46,-72.46,-1.39,False
2011-10-29,US1NYSF0002,0,155.52,-155.52,-4.17,True
2011-10-29,US1NYSF0003,0,171.53,-171.53,-4.71,True
2011-10-29,US1NYSF0007,0,164.24,-164.24,-4.47,True
2011-10-29,US1NYSF0016,0,139.37,-139.37,-3.63,True
2011-10-29,US1NYSF0017,3,184.34,-181.34,-5.04,True
2011-10-29,US1NYSF0018,0,161.64,-161.64,-4.38,True
2011-10-29,US1NYSF0019,38,183.93,-145.93,-3.85,True
2011-10-29,US1NYSV0005,0,23.65,-23.65,0.25,False
2011-10-29,US1NYSV0006,0,10.15,-10.15,0.71,False
2011-10-29,US1NYSV0008,0,29.02,-29.02,0.07,False
2011-10-29,US1NYUL0001,0,24.52,-24.52,0.22,False
2011-10-29,US1NYUL0003,0,24.68,-24.68,0.22,False
2011-10-29,US1NYUL0004,0,19.88,-19.88,0.38,False
2011-10-29,US1NYUL0006,0,40.2,-40.2,-0.3,False
2011-10-29,US1NYUL0009,0,50.42,-50.42,-0.65,False
2011-10-29,US1NYWC0006,0,102.86,-102.86,-2.41,False
2011-10-29,US1NYWC0007,0,88.08,-88.08,-1.91,False
2011-10-29,US1PABK0004,0,52.15,-52.15,-0.7,False
2011-10-29,US1PABK0005,0,48.01,-48.01,-0.56,False
2011-10-29,US1PABK0014,122,73.2,48.8,2.69,False
2011-10-29,US1PABK0015,411,58.86,352.14,12.87,True
2011-10-29,US1PABK0026,28,63.54,-35.54,-0.15,False
2011-10-29,US1PACB0015,23,35.29,-12.29,0.63,False
2011-10-29,US1PADL0003,391,89.73,301.27,11.16,True
2011-10-29,US1PAMT0007,13,47.11,-34.11,-0.1,False
2011-10-29,US1PAMT0016,8,55.25,-47.25,-0.54,False
2011-10-29,US1PAMT0020,0,52.97,-52.97,-0.73,False
2011-10-29,US1PAMT0022,5,51.67,-46.67,-0.52,False
2011-10-29,US1PAMT0037,8,49.12,-41.12,-0.33,False
2011-10-29,US1PAMT0048,25,79.36,-54.36,-0.78,False
2011-10-29,US1PAMT0051,33,44.35,-11.35,0.67,False
2011-10-29,US1PAMT0055,15,44.83,-29.83,0.05,False
2011-10-29,US1PAMT0056,23,50.64,-27.64,0.12,False
2011-10-29,US1PAMT0060,10,65.58,-55.58,-0.82,False
2011-10-29,US1PAMT0063,0,76.07,-76.07,-1.51,False
2011-10-29,US1PAMT0064,18,63.58,-45.58,-0.48,False
2011-10-29,US1PANH0001,0,38.43,-38.43,-0.24,False
2011-10-29,US1PANH0005,5,40.05,-35.05,-0.13,False
2011-10-29,US1PANH0009,5,47.04,-42.04,-0.36,False
2011-10-29,US1PAPH0002,25,75.35,-50.35,-0.64,False
2011-10-29,US1PAPH0004,20,75.94,-55.94,-0.83,False
2011-10-29,US1PAPH0006,20,73.52,-53.52,-0.75,False
2011-10-29,US1PAPH0008,20,80.57,-60.57,-0.99,False
2011-10-29,US1PAPK0004,5,12.39,-7.39,0.8,False
2011-10-29,US1PAPK0009,0,28.92,-28.92,0.08,False
2011-10-29,US1PAPK0012,0,15.89,-15.89,0.51,False
2011-10-29,US1PASS0006,0,14.15,-14.15,0.57,False
2011-10-29,US1PAWN0004,0,18.67,-18.67,0.42,False
2011-10-29,US1PAWN0008,0,10.81,-10.81,0.68,False
2011-10-29,US1PAWN0010,0,6.55,-6.55,0.83,False
2011-10-29,US1PAWN0012,0,15.5,-15.5,0.53,False
2011-10-29,US1PAWN0013,0,11.29,-11.29,0.67,False
2011-10-29,US1PAWN0026,130,4.52,125.48,5.26,True
2011-10-29,US1PAWN0035,0,21.34,-21.34,0.33,False
2011-10-29,US1PAWN0036,0,21.97,-21.97,0.31,False
2011-10-29,US1PAWN0038,0,14.6,-14.6,0.56,False
2011-10-29,US1PAWN0041,0,15.21,-15.21,0.54,False
2011-10-29,US1PAWN0042,0,4.02,-4.02,0.91,False
2011-10-29,US1PAWN0044,0,10.81,-10.81,0.68,False
2011-10-29,USC00060128,0,107.41,-107.41,-2.56,False
2011-10-29,USC00060227,0,43.26,-43.26,-0.41,False
2011-10-29,USC00060299,0,38.52,-38.52,-0.25,False
2011-10-29,USC00060808,0,130.01,-130.01,-3.32,False
2011-10-29,USC00060961,0,54.65,-54.65,-0.79,False
2011-10-29,USC00060973,0,50.38,-50.38,-0.64,False
2011-10-29,USC00061762,549,77.3,471.7,16.88,True
2011-10-29,USC00062658,0,36.27,-36.27,-0.17,False
2011-10-29,USC00063207,279,114.62,164.38,6.57,True
2011-10-29,USC00063420,0,56.78,-56.78,-0.86,False
2011-10-29,USC00065445,0,32.78,-32.78,-0.05,False
2011-10-29,USC00065910,0,77.71,-77.71,-1.56,False
2011-10-29,USC00066655,389,108.26,280.74,10.47,True
2011-10-29,USC00066966,0,71.32,-71.32,-1.35,False
2011-10-29,USC00067373,0,52.28,-52.28,-0.71,False
2011-10-29,USC00067958,0,34.38,-34.38,-0.11,False
2011-10-29,USC00068065,0,103.67,-103.67,-2.43,False
2011-10-29,USC00068138,0,54.69,-54.69,-0.79,False
2011-10-29,USC00068330,0,57.59,-57.59,-0.89,False
2011-10-29,USC00190120,0,16.02,-16.02,0.51,False
2011-10-29,USC00190408,79,17.3,61.7,3.12,False
2011-10-29,USC00190562,0,20.97,-20.97,0.34,False
2011-10-29,USC00191821,0,29.53,-29.53,0.06,False
2011-10-29,USC00192107,0,26.3,-26.3,0.16,False
2011-10-29,USC00193172,0,29.48,-29.48,0.06,False
2011-10-29,USC00193213,0,25.58,-25.58,0.19,False
2011-10-29,USC00193402,0,22.95,-22.95,0.28,False
2011-10-29,USC00194131,0,28.74,-28.74,0.08,False
2011-10-29,USC00194154,0,11.68,-11.68,0.66,False
2011-10-29,USC00197627,0,27.86,-27.86,0.11,False
2011-10-29,USC00198278,0,11.67,-11.67,0.66,False
2011-10-29,USC00198793,0,21.35,-21.35,0.33,False
2011-10-29,USC00199193,3,29.73,-26.73,0.15,False
2011-10-29,USC00199371,0,26.17,-26.17,0.17,False
2011-10-29,USC00199972,0,24.01,-24.01,0.24,False
2011-10-29,USC00280331,74,92.56,-18.56,0.42,False
2011-10-29,USC00280734,0,32.3,-32.3,-0.04,False
2011-10-29,USC00280847,185,45.19,139.81,5.74,True
2011-10-29,USC00280907,0,51.15,-51.15,-0.67,False
2011-10-29,USC00280927,53,50.0,3.0,1.15,False
2011-10-29,USC00280990,71,86.99,-15.99,0.51,False
2011-10-29,USC00281335,8,56.91,-48.91,-0.59,False
2011-10-29,USC00281582,0,45.73,-45.73,-0.49,False
2011-10-29,USC00282023,51,63.1,-12.1,0.64,False
2011-10-29,USC00283181,0,67.69,-67.69,-1.23,False
2011-10-29,USC00283662,152,85.71,66.29,3.27,False
2011-10-29,USC00283704,447,75.51,371.49,13.52,True
2011-10-29,USC00283951,5,63.37,-58.37,-0.91,False
2011-10-29,USC00284229,376,76.33,299.67,11.11,True
2011-10-29,USC00284987,0,50.1,-50.1,-0.63,False
2011-10-29,USC00285728,368,82.8,285.2,10.62,True
2011-10-29,USC00286055,8,59.29,-51.29,-0.67,False
2011-10-29,USC00286146,417,75.12,341.88,12.52,True
2011-10-29,USC00286864,15,88.38,-73.38,-1.42,False
2011-10-29,USC00286964,30,89.23,-59.23,-0.94,False
2011-10-29,USC00286979,13,38.55,-25.55,0.19,False
2011-10-29,USC00287301,3,42.02,-39.02,-0.26,False
2011-10-29,USC00287486,0,41.16,-41.16,-0.33,False
2011-10-29,USC00287587,0,44.97,-44.97,-0.46,False
2011-10-29,USC00287865,0,84.18,-84.18,-1.78,False
2011-10-29,USC00288173,99,88.39,10.61,1.4,False
2011-10-29,USC00288644,0,30.54,-30.54,0.02,False
2011-10-29,USC00289187,0,38.69,-38.69,-0.25,False
2011-10-29,USC00289363,13,52.03,-39.03,-0.26,False
2011-10-29,USC00289832,188,79.88,108.12,4.68,True
2011-10-29,USC00300063,0,14.89,-14.89,0.55,False
2011-10-29,USC00300254,0,10.18,-10.18,0.71,False
2011-10-29,USC00300364,0,153.9,-153.9,-4.12,True
2011-10-29,USC00300732,0,33.53,-33.53,-0.08,False
2011-10-29,USC00300889,348,136.84,211.16,8.14,True
2011-10-29,USC00300961,470,108.49,361.51,13.18,True
2011-10-29,USC00301095,0,11.9,-11.9,0.65,False
2011-10-29,USC00301102,0,11.47,-11.47,0.66,False
2011-10-29,USC00301211,0,80.68,-80.68,-1.66,False
2011-10-29,USC00301309,0,139.99,-139.99,-3.65,True
2011-10-29,USC00301761,0,27.72,-27.72,0.12,False
2011-10-29,USC00302060,0,3.44,-3.44,0.93,False
2011-10-29,USC00302151,373,182.8,190.2,7.43,True
2011-10-29,USC00302366,0,12.89,-12.89,0.61,False
2011-10-29,USC00302454,0,2.25,-2.25,0.97,False
2011-10-29,USC00304025,0,21.41,-21.41,0.33,False
2011-10-29,USC00304575,0,10.93,-10.93,0.68,False
2011-10-29,USC00304731,0,13.74,-13.74,0.59,False
2011-10-29,USC00305113,0,0.08,-0.08,1.04,False
2011-10-29,USC00305142,231,139.71,91.29,4.11,True
2011-10-29,USC00305377,452,128.79,323.21,11.9,True
2011-10-29,USC00305426,165,23.06,141.94,5.81,True
2011-10-29,USC00305606,272,163.6,108.4,4.69,True
2011-10-29,USC00306217,0,1.82,-1.82,0.99,False
2011-10-29,USC00306570,0,11.91,-11.91,0.65,False
2011-10-29,USC00306649,0,17.72,-17.72,0.45,False
2011-10-29,USC00306774,0,27.55,-27.55,0.12,False
2011-10-29,USC00306820,0,47.3,-47.3,-0.54,False
2011-10-29,USC00307035,0,36.64,-36.64,-0.18,False
2011-10-29,USC00307134,191,120.7,70.3,3.41,False
2011-10-29,USC00307210,0,20.84,-20.84,0.35,False
2011-10-29,USC00307274,0,29.01,-29.01,0.07,False
2011-10-29,USC00307633,432,150.15,281.85,10.51,True
2011-10-29,USC00307799,0,11.11,-11.11,0.67,False
2011-10-29,USC00308670,0,2.59,-2.59,0.96,False
2011-10-29,USC00308721,0,179.12,-179.12,-4.97,True
2011-10-29,USC00308946,455,135.16,319.84,11.78,True
2011-10-29,USC00309292,0,65.73,-65.73,-1.16,False
2011-10-29,USC00361737,0,67.5,-67.5,-1.22,False
2011-10-29,USC00362671,0,8.5,-8.5,0.76,False
2011-10-29,USC00363437,15,47.23,-32.23,-0.03,False
2011-10-29,USC00363488,38,53.12,-15.12,0.54,False
2011-10-29,USC00363758,0,13.14,-13.14,0.61,False
2011-10-29,USC00365390,302,96.32,205.68,7.95,True
2011-10-29,USC00365470,0,27.28,-27.28,0.13,False
2011-10-29,USC00365738,5,10.22,-5.22,0.87,False
2011-10-29,USC00366194,444,72.82,371.18,13.51,True
2011-10-29,USC00366370,25,61.43,-36.43,-0.18,False
2011-10-29,USC00366886,305,80.63,224.37,8.58,True
2011-10-29,USC00366927,323,58.61,264.39,9.92,True
2011-10-29,USC00367029,0,4.01,-4.01,0.91,False
2011-10-29,USC00367040,8,20.89,-12.89,0.61,False
2011-10-29,USC00367186,0,19.95,-19.95,0.38,False
2011-10-29,USC00367938,0,46.88,-46.88,-0.53,False
2011-10-29,USC00368400,5,45.69,-40.69,-0.32,False
2011-10-29,USC00368596,185,28.81,156.19,6.29,True
2011-10-29,USW00004781,465,168.55,296.45,11.0,True
2011-10-29,USW00013739,373,89.06,283.94,10.58,True
2011-10-29,USW00014707,175,156.86,18.14,1.66,False
2011-10-29,USW00014719,404,136.91,267.09,10.01,True
2011-10-29,USW00014732,450,115.86,334.14,12.26,True
2011-10-29,USW00014734,460,77.54,382.46,13.89,True
2011-10-29,USW00014737,307,37.85,269.15,10.08,True
2011-10-29,USW00014740,318,33.33,284.67,10.6,True
2011-10-29,USW00014752,246,52.82,193.18,7.53,True
2011-10-29,USW00014757,249,39.35,209.65,8.09,True
2011-10-29,USW00014758,295,107.12,187.88,7.35,True
2011-10-29,USW00014763,198,10.4,187.6,7.34,True
2011-10-29,USW00014792,417,54.07,362.93,13.23,True
2011-10-29,USW00054743,363,54.15,308.85,11.42,True
2011-10-29,USW00054767,185,32.34,152.66,6.17,True
2011-10-29,USW00054779,335,32.06,302.94,11.22,True
2011-10-29,USW00054785,142,40.17,101.83,4.47,True
2011-10-29,USW00054787,411,143.8,267.2,10.02,True
2011-10-29,USW00054788,269,74.34,194.66,7.58,True
2011-10-29,USW00054789,198,21.01,176.99,6.99,True
2011-10-29,USW00054790,452,134.93,317.07,11.69,True
2011-10-29,USW00054793,20,31.8,-11.8,0.65,False
2011-10-29,USW00064756,312,35.09,276.91,10.34,True
2011-10-29,USW00093780,427,86.85,340.15,12.47,True
2011-10-29,USW00094702,318,116.84,201.16,7.8,True
2011-10-29,USW00094728,508,99.41,408.59,14.76,True
2011-10-29,USW00094732,427,72.54,354.46,12.95,True
2011-10-29,USW00094741,394,73.38,320.62,11.81,True
2011-10-29,USW00094745,279,114.42,164.58,6.57,True
2011-10-29,USW00094789,462,108.53,353.47,12.91,True
2011-10-30,US1CTFR0009,467,257.46,209.54,1.84,False
2011-10-30,US1CTFR0020,97,257.15,-160.15,-1.54,False
2011-10-30,US1CTHR0005,267,273.05,-6.05,-0.13,False
2011-10-30,US1CTHR0008,356,300.18,55.82,0.43,False
2011-10-30,US1CTMD0001,305,260.99,44.01,0.33,False
2011-10-30,US1CTNH0009,358,229.7,128.3,1.1,False
2011-10-30,US1CTNH0013,358,237.6,120.4,1.03,False
2011-10-30,US1CTNL0005,203,233.08,-30.08,-0.35,False
2011-10-30,US1CTTL0004,345,194.71,150.29,1.3,False
2011-10-30,US1CTWN0001,330,273.55,56.45,0.44,False
2011-10-30,US1MABE0003,315,266.47,48.53,0.37,False
2011-10-30,US1MABE0004,480,285.96,194.04,1.7,False
2011-10-30,US1MAWR0006,307,272.87,34.13,0.24,False
2011-10-30,US1NJAT0001,292,307.15,-15.15,-0.22,False
2011-10-30,US1NJAT0002,351,302.1,48.9,0.37,False
2011-10-30,US1NJAT0005,307,300.12,6.88,-0.01,False
2011-10-30,US1NJBG0002,373,283.94,89.06,0.74,False
2011-10-30,US1NJBG0003,445,276.74,168.26,1.46,False
2011-10-30,US1NJBG0008,241,309.66,-68.66,-0.7,False
2011-10-30,US1NJBG0015,498,281.31,216.69,1.91,False
2011-10-30,US1NJBG0017,345,299.92,45.08,0.34,False
2011-10-30,US1NJBG0018,345,279.24,65.76,0.53,False
2011-10-30,US1NJBG0023,381,317.85,63.15,0.5,False
2011-10-30,US1NJBG0029,325,321.51,3.49,-0.04,False
2011-10-30,US1NJBG0030,376,318.5,57.5,0.45,False
2011-10-30,US1NJBG0033,462,281.87,180.13,1.57,False
2011-10-30,US1NJBT0003,399,326.99,72.01,0.58,False
2011-10-30,US1NJBT0004,401,261.29,139.71,1.2,False
2011-10-30,US1NJBT0005,325,318.31,6.69,-0.02,False
2011-10-30,US1NJBT0006,699,317.49,381.51,3.41,False
2011-10-30,US1NJBT0010,338,332.73,5.27,-0.03,False
2011-10-30,US1NJBT0018,361,322.25,38.75,0.28,False
2011-10-30,US1NJBT0023,432,328.8,103.2,0.87,False
2011-10-30,US1NJBT0025,363,328.81,34.19,0.24,False
2011-10-30,US1NJBT0027,384,331.65,52.35,0.4,False
2011-10-30,US1NJBT0028,389,319.38,69.62,0.56,False
2011-10-30,US1NJBT0029,386,324.04,61.96,0.49,False
2011-10-30,US1NJBT0032,277,321.98,-44.98,-0.49,False
2011-10-30,US1NJBT0035,378,318.9,59.1,0.46,False
2011-10-30,US1NJBT0037,305,310.48,-5.48,-0.13,False
2011-10-30,US1NJCN0001,274,326.27,-52.27,-0.55,False
2011-10-30,US1NJCN0005,378,313.34,64.66,0.52,False
2011-10-30,US1NJCN0011,325,320.27,4.73,-0.03,False
2011-10-30,US1NJCN0015,307,323.28,-16.28,-0.23,False
2011-10-30,US1NJGL0001,333,307.65,25.35,0.16,False
2011-10-30,US1NJGL0006,366,306.64,59.36,0.47,False
2011-10-30,US1NJGL0011,249,298.47,-49.47,-0.53,False
2011-10-30,US1NJGL0012,284,313.29,-29.29,-0.34,False
2011-10-30,US1NJHD0002,234,298.64,-64.64,-0.67,False
2011-10-30,US1NJHN0001,305,328.02,-23.02,-0.29,False
2011-10-30,US1NJHN0004,267,342.92,-75.92,-0.77,False
2011-10-30,US1NJHN0005,533,341.16,191.84,1.68,False
2011-10-30,US1NJHN0008,376,330.12,45.88,0.34,False
2011-10-30,US1NJHN0010,396,352.45,43.55,0.32,False
2011-10-30,US1NJHN0011,371,339.93,31.07,0.21,False
2011-10-30,US1NJHN0012,467,330.5,136.5,1.17,False
2011-10-30,US1NJHN0015,566,340.56,225.44,1.99,False
2011-10-30,US1NJHN0018,335,322.37,12.63,0.04,False
2011-10-30,US1NJHN0019,551,333.48,217.52,1.91,False
2011-10-30,US1NJHN0021,216,335.37,-119.37,-1.17,False
2011-10-30,US1NJHN0022,406,331.34,74.66,0.61,False
2011-10-30,US1NJHN0025,356,336.02,19.98,0.11,False
2011-10-30,US1NJMC0003,478,342.58,135.42,1.16,False
2011-10-30,US1NJMC0005,442,340.51,101.49,0.85,False
2011-10-30,US1NJMC0008,404,328.69,75.31,0.61,False
2011-10-30,US1NJMC0009,264,361.48,-97.48,-0.97,False
2011-10-30,US1NJMC0011,508,326.11,181.89,1.59,False
2011-10-30,US1NJMC0016,422,342.04,79.96,0.66,False
2011-10-30,US1NJMC0021,427,339.52,87.48,0.72,False
2011-10-30,US1NJMC0022,457,331.56,125.44,1.07,False
2011-10-30,US1NJMD0002,457,345.58,111.42,0.94,False
2011-10-30,US1NJMD0006,455,341.78,113.22,0.96,False
2011-10-30,US1NJMD0023,450,344.44,105.56,0.89,False
2011-10-30,US1NJMD0031,411,339.89,71.11,0.57,False
2011-10-30,US1NJMD0033,470,343.3,126.7,1.08,False
2011-10-30,US1NJMN0005,419,331.76,87.24,0.72,False
2011-10-30,US1NJMN0008,310,301.63,8.37,0.0,False
2011-10-30,US1NJMN0015,505,335.84,169.16,1.47,False
2011-10-30,US1NJMN0016,381,338.63,42.37,0.31,False
2011-10-30,US1NJMN0017,419,336.21,82.79,0.68,False
2011-10-30,US1NJMN0019,348,335.37,12.63,0.04,False
2011-10-30,US1NJMN0020,20,305.1,-285.1,-2.69,False
2011-10-30,US1NJMN0024,86,294.51,-208.51,-1.98,False
2011-10-30,US1NJMN0032,462,352.4,109.6,0.93,False
2011-10-30,US1NJMN0044,470,361.94,108.06,0.91,False
2011-10-30,US1NJMN0048,442,383.86,58.14,0.46,False
2011-10-30,US1NJMN0051,389,391.29,-2.29,-0.1,False
2011-10-30,US1NJMN0055,348,340.82,7.18,-0.01,False
2011-10-30,US1NJMS0002,450,331.35,118.65,1.01,False
2011-10-30,US1NJMS0004,457,308.84,148.16,1.28,False
2011-10-30,US1NJMS0006,353,315.99,37.01,0.26,False
2011-10-30,US1NJMS0009,361,318.94,42.06,0.31,False
2011-10-30,US1NJMS0011,297,312.57,-15.57,-0.22,False
2011-10-30,US1NJMS0015,348,324.47,23.53,0.14,False
2011-10-30,US1NJMS0018,391,309.51,81.49,0.67,False
2011-10-30,US1NJMS0019,356,336.28,19.72,0.1,False
2011-10-30,US1NJMS0021,427,320.27,106.73,0.9,False
2011-10-30,US1NJMS0022,272,313.8,-41.8,-0.46,False
2011-10-30,US1NJMS0023,373,320.25,52.75,0.41,False
2011-10-30,US1NJMS0035,277,320.82,-43.82,-0.48,False
2011-10-30,US1NJMS0036,333,311.76,21.24,0.12,False
2011-10-30,US1NJMS0042,318,324.53,-6.53,-0.14,False
2011-10-30,US1NJMS0049,493,312.85,180.15,1.57,False
2011-10-30,US1NJOC0001,381,334.33,46.67,0.35,False
2011-10-30,US1NJOC0006,361,337.71,23.29,0.14,False
2011-10-30,US1NJOC0008,259,331.83,-72.83,-0.74,False
2011-10-30,US1NJOC0012,335,327.17,7.83,-0.0,False
2011-10-30,US1NJOC0013,427,327.31,99.69,0.84,False
2011-10-30,US1NJOC0017,447,324.35,122.65,1.05,False
2011-10-30,US1NJOC0019,251,323.97,-72.97,-0.74,False
2011-10-30,US1NJOC0024,259,324.34,-65.34,-0.67,False
2011-10-30,US1NJOC0033,325,340.76,-15.76,-0.22,False
2011-10-30,US1NJOC0036,333,328.53,4.47,-0.04,False
2011-10-30,US1NJOC0038,371,325.51,45.49,0.34,False
2011-10-30,US1NJOC0040,442,333.38,108.62,0.92,False
2011-10-30,US1NJOC0042,241,332.91,-91.91,-0.92,False
2011-10-30,US1NJOC0051,277,335.81,-58.81,-0.61,False
2011-10-30,US1NJPS0005,338,314.09,23.91,0.14,False
2011-10-30,US1NJPS0012,411,295.24,115.76,0.98,False
2011-10-30,US1NJPS0014,384,305.75,78.25,0.64,False
2011-10-30,US1NJPS0015,229,308.46,-79.46,-0.8,False
2011-10-30,US1NJPS0016,292,300.93,-8.93,-0.16,False
2011-10-30,US1NJPS0019,371,300.67,70.33,0.57,False
2011-10-30,US1NJPS0021,343,305.33,37.67,0.27,False
2011-10-30,US1NJPS0022,544,299.11,244.89,2.16,False
2011-10-30,US1NJSL0002,305,289.52,15.48,0.06,False
2011-10-30,US1NJSL0003,384,298.92,85.08,0.7,False
2011-10-30,US1NJSM0001,455,347.42,107.58,0.91,False
2011-10-30,US1NJSM0002,307,335.9,-28.9,-0.34,False
2011-10-30,US1NJSM0004,361,328.4,32.6,0.22,False
2011-10-30,US1NJSM0005,368,317.67,50.33,0.38,False
2011-10-30,US1NJSM0011,318,331.28,-13.28,-0.2,False
2011-10-30,US1NJSM0012,386,347.35,38.65,0.28,False
2011-10-30,US1NJSM0021,455,350.63,104.37,0.88,False
2011-10-30,US1NJSM0023,452,349.65,102.35,0.86,False
2011-10-30,US1NJSM0027,356,344.77,11.23,0.03,False
2011-10-30,US1NJSM0031,279,327.54,-48.54,-0.52,False
2011-10-30,US1NJSM0034,259,342.55,-83.55,-0.84,False
2011-10-30,US1NJSS0001,287,272.78,14.22,0.05,False
2011-10-30,US1NJSS0007,371,297.92,73.08,0.59,False
2011-10-30,US1NJSS0020,295,266.32,28.68,0.19,False
2011-10-30,US1NJSS0022,279,283.04,-4.04,-0.11,False
2011-10-30,US1NJSS0027,279,286.6,-7.6,-0.15,False
2011-10-30,US1NJSS0028,201,264.93,-63.93,-0.66,False
2011-10-30,US1NJWR0001,419,331.19,87.81,0.73,False
2011-10-30,US1NJWR0002,287,312.66,-25.66,-0.31,False
2011-10-30,US1NJWR0004,300,300.42,-0.42,-0.08,False
2011-10-30,US1NJWR0005,345,314.25,30.75,0.2,False
2011-10-30,US1NJWR0008,348,300.22,47.78,0.36,False
2011-10-30,US1NJWR0021,523,317.81,205.19,1.8,False
2011-10-30,US1NJWR0022,325,294.18,30.82,0.21,False
2011-10-30,US1NJWR0023,373,307.63,65.37,0.52,False
2011-10-30,US1NYCB0001,157,252.21,-95.21,-0.95,False
2011-10-30,US1NYDL0005,114,142.51,-28.51,-0.34,False
2011-10-30,US1NYDL0009,127,150.19,-23.19,-0.29,False
2011-10-30,US1NYDL0016,38,149.78,-111.78,-1.1,False
2011-10-30,US1NYDL0022,117,147.4,-30.4,-0.35,False
2011-10-30,US1NYDT0004,452,269.6,182.4,1.59,False
2011-10-30,US1NYDT0005,457,253.3,203.7,1.79,False
2011-10-30,US1NYGR0005,188,227.4,-39.4,-0.44,False
2011-10-30,US1NYGR0006,191,204.32,-13.32,-0.2,False
2011-10-30,US1NYOR0004,406,281.42,124.58,1.06,False
2011-10-30,US1NYOR0006,445,283.31,161.69,1.4,False
2011-10-30,US1NYPT0002,300,272.88,27.12,0.17,False
2011-10-30,US1NYPT0004,193,285.06,-92.06,-0.92,False
2011-10-30,US1NYRC0002,378,322.78,55.22,0.43,False
2011-10-30,US1NYSF0002,363,225.56,137.44,1.18,False
2011-10-30,US1NYSF0003,483,217.0,266.0,2.36,False
2011-10-30,US1NYSF0007,292,204.56,87.44,0.72,False
2011-10-30,US1NYSF0016,279,263.39,15.61,0.07,False
2011-10-30,US1NYSF0017,536,218.15,317.85,2.83,False
2011-10-30,US1NYSF0019,229,219.08,9.92,0.01,False
2011-10-30,US1NYSV0005,264,238.78,25.22,0.15,False
2011-10-30,US1NYSV0006,180,157.08,22.92,0.13,False
2011-10-30,US1NYSV0008,231,262.49,-31.49,-0.36,False
2011-10-30,US1NYUL0001,211,240.88,-29.88,-0.35,False
2011-10-30,US1NYUL0002,132,231.35,-99.35,-0.99,False
2011-10-30,US1NYUL0003,234,243.71,-9.71,-0.17,False
2011-10-30,US1NYUL0004,211,231.39,-20.39,-0.26,False
2011-10-30,US1NYUL0006,483,251.07,231.93,2.05,False
2011-10-30,US1NYUL0009,277,267.39,9.61,0.01,False
2011-10-30,US1NYWC0006,551,267.04,283.96,2.52,False
2011-10-30,US1NYWC0007,376,350.66,25.34,0.16,False
2011-10-30,US1PABK0004,625,308.87,316.13,2.82,False
2011-10-30,US1PABK0014,396,322.34,73.66,0.6,False
2011-10-30,US1PABK0015,0,325.07,-325.07,-3.05,False
2011-10-30,US1PABK0026,340,309.26,30.74,0.2,False
2011-10-30,US1PADL0003,10,295.55,-285.55,-2.69,False
2011-10-30,US1PAMT0006,244,312.55,-68.55,-0.7,False
2011-10-30,US1PAMT0007,328,302.75,25.25,0.15,False
2011-10-30,US1PAMT0016,333,312.38,20.62,0.11,False
2011-10-30,US1PAMT0020,274,303.95,-29.95,-0.35,False
2011-10-30,US1PAMT0022,401,304.67,96.33,0.8,False
2011-10-30,US1PAMT0025,290,298.53,-8.53,-0.15,False
2011-10-30,US1PAMT0037,287,306.64,-19.64,-0.26,False
2011-10-30,US1PAMT0048,401,302.23,98.77,0.83,False
2011-10-30,US1PAMT0051,320,306.56,13.44,0.05,False
2011-10-30,US1PAMT0055,307,301.82,5.18,-0.03,False
2011-10-30,US1PAMT0060,191,319.52,-128.52,-1.25,False
2011-10-30,US1PAMT0063,373,314.32,58.68,0.46,False
2011-10-30,US1PAMT0064,229,307.31,-78.31,-0.79,False
2011-10-30,US1PANH0001,249,306.17,-57.17,-0.6,False
2011-10-30,US1PANH0009,279,310.9,-31.9,-0.37,False
2011-10-30,US1PAPH0002,361,323.46,37.54,0.27,False
2011-10-30,US1PAPH0004,386,319.63,66.37,0.53,False
2011-10-30,US1PAPH0006,457,307.99,149.01,1.29,False
2011-10-30,US1PAPH0008,381,310.73,70.27,0.57,False
2011-10-30,US1PAPK0004,185,211.8,-26.8,-0.32,False
2011-10-30,US1PASS0006,165,158.87,6.13,-0.02,False
2011-10-30,US1PAWN0004,185,217.52,-32.52,-0.37,False
2011-10-30,US1PAWN0008,137,186.0,-49.0,-0.53,False
2011-10-30,US1PAWN0010,208,139.29,68.71,0.55,False
2011-10-30,US1PAWN0012,145,163.69,-18.69,-0.25,False
2011-10-30,US1PAWN0013,239,203.81,35.19,0.25,False
2011-10-30,US1PAWN0026,130,154.81,-24.81,-0.3,False
2011-10-30,US1PAWN0035,208,113.94,94.06,0.78,False
2011-10-30,US1PAWN0036,157,162.5,-5.5,-0.13,False
2011-10-30,US1PAWN0037,241,171.57,69.43,0.56,False
2011-10-30,US1PAWN0038,173,191.85,-18.85,-0.25,False
2011-10-30,US1PAWN0042,163,150.74,12.26,0.04,False
2011-10-30,US1PAWN0044,152,158.2,-6.2,-0.13,False
2011-10-30,USC00060128,363,248.6,114.4,0.97,False
2011-10-30,USC00060227,559,314.0,245.0,2.17,False
2011-10-30,USC00060299,500,310.88,189.12,1.65,False
2011-10-30,USC00060808,361,241.13,119.87,1.02,False
2011-10-30,USC00060961,439,287.21,151.79,1.31,False
2011-10-30,USC00060973,541,305.73,235.27,2.08,False
2011-10-30,USC00061762,33,297.08,-264.08,-2.49,False
2011-10-30,USC00062658,401,295.88,105.12,0.89,False
2011-10-30,USC00063207,48,150.84,-102.84,-1.02,False
2011-10-30,USC00063420,330,239.51,90.49,0.75,False
2011-10-30,USC00065445,572,297.25,274.75,2.44,False
2011-10-30,USC00065910,218,229.21,-11.21,-0.18,False
2011-10-30,USC00066655,0,267.08,-267.08,-2.52,False
2011-10-30,USC00066966,401,289.67,111.33,0.94,False
2011-10-30,USC00067373,485,290.19,194.81,1.71,False
2011-10-30,USC00067958,470,277.09,192.91,1.69,False
2011-10-30,USC00068065,206,266.86,-60.86,-0.63,False
2011-10-30,USC00068138,89,265.53,-176.53,-1.69,False
2011-10-30,USC00068330,368,297.65,70.35,0.57,False
2011-10-30,USC00190120,295,308.6,-13.6,-0.2,False
2011-10-30,USC00190408,201,343.84,-142.84,-1.38,False
2011-10-30,USC00190562,404,325.27,78.73,0.64,False
2011-10-30,USC00192107,361,288.08,72.92,0.59,False
2011-10-30,USC00193172,229,329.02,-100.02,-0.99,False
2011-10-30,USC00193213,0,298.65,-298.65,-2.81,False
2011-10-30,USC00193402,582,305.88,276.12,2.45,False
2011-10-30,USC00194131,348,273.74,74.26,0.6,False
2011-10-30,USC00194154,175,328.36,-153.36,-1.48,False
2011-10-30,USC00197627,104,316.02,-212.02,-2.02,False
2011-10-30,USC00198278,338,260.29,77.71,0.63,False
2011-10-30,USC00198793,462,324.52,137.48,1.18,False
2011-10-30,USC00199193,442,290.6,151.4,1.31,False
2011-10-30,USC00199371,386,285.62,100.38,0.84,False
2011-10-30,USC00199972,345,295.72,49.28,0.37,False
2011-10-30,USC00280331,279,317.42,-38.42,-0.43,False
2011-10-30,USC00280734,33,318.96,-285.96,-2.69,False
2011-10-30,USC00280907,315,310.91,4.09,-0.04,False
2011-10-30,USC00280927,409,333.77,75.23,0.61,False
2011-10-30,USC00280990,348,327.48,20.52,0.11,False
2011-10-30,USC00281335,114,328.15,-214.15,-2.04,False
2011-10-30,USC00282023,533,320.99,212.01,1.86,False
2011-10-30,USC00283181,292,341.2,-49.2,-0.53,False
2011-10-30,USC00283662,229,315.36,-86.36,-0.87,False
2011-10-30,USC00283704,0,305.05,-305.05,-2.87,False
2011-10-30,USC00283951,384,344.73,39.27,0.28,False
2011-10-30,USC00284229,81,328.34,-247.34,-2.34,False
2011-10-30,USC00284987,467,374.79,92.21,0.77,False
2011-10-30,USC00285728,102,347.78,-245.78,-2.33,False
2011-10-30,USC00286055,538,340.29,197.71,1.73,False
2011-10-30,USC00286146,3,296.24,-293.24,-2.76,False
2011-10-30,USC00286864,414,318.61,95.39,0.8,False
2011-10-30,USC00286964,386,324.2,61.8,0.49,False
2011-10-30,USC00286979,173,323.88,-150.88,-1.46,False
2011-10-30,USC00287301,325,326.04,-1.04,-0.09,False
2011-10-30,USC00287486,437,326.21,110.79,0.94,False
2011-10-30,USC00287587,224,319.14,-95.14,-0.95,False
2011-10-30,USC00287865,559,326.36,232.64,2.05,False
2011-10-30,USC00288173,386,311.08,74.92,0.61,False
2011-10-30,USC00288644,295,255.79,39.21,0.28,False
2011-10-30,USC00289187,224,325.04,-101.04,-1.0,False
2011-10-30,USC00289363,495,342.55,152.45,1.32,False
2011-10-30,USC00289832,0,295.33,-295.33,-2.78,False
2011-10-30,USC00300063,160,203.25,-43.25,-0.47,False
2011-10-30,USC00300254,94,166.61,-72.61,-0.74,False
2011-10-30,USC00300364,498,221.25,276.75,2.46,False
2011-10-30,USC00300732,526,242.4,283.6,2.52,False
2011-10-30,USC00300889,175,197.19,-22.19,-0.28,False
2011-10-30,USC00300961,3,281.1,-278.1,-2.62,False
2011-10-30,USC00301095,140,214.86,-74.86,-0.76,False
2011-10-30,USC00301102,127,177.56,-50.56,-0.54,False
2011-10-30,USC00301211,406,276.01,129.99,1.11,False
2011-10-30,USC00301309,391,253.31,137.69,1.18,False
2011-10-30,USC00301521,102,199.24,-97.24,-0.97,False
2011-10-30,USC00301761,191,266.37,-75.37,-0.77,False
2011-10-30,USC00302060,86,141.77,-55.77,-0.59,False
2011-10-30,USC00302151,43,237.93,-194.93,-1.86,False
2011-10-30,USC00302366,211,202.71,8.29,-0.0,False
2011-10-30,USC00302454,94,121.46,-27.46,-0.33,False
2011-10-30,USC00304025,173,237.91,-64.91,-0.67,False
2011-10-30,USC00304575,142,149.36,-7.36,-0.14,False
2011-10-30,USC00304731,140,201.33,-61.33,-0.64,False
2011-10-30,USC00305113,69,109.02,-40.02,-0.44,False
2011-10-30,USC00305142,13,230.17,-217.17,-2.06,False
2011-10-30,USC00305310,254,267.03,-13.03,-0.2,False
2011-10-30,USC00305377,30,272.08,-242.08,-2.29,False
2011-10-30,USC00305426,140,260.0,-120.0,-1.17,False
2011-10-30,USC00305606,114,244.58,-130.58,-1.27,False
2011-10-30,USC00306217,56,110.74,-54.74,-0.58,False
2011-10-30,USC00306570,102,199.64,-97.64,-0.97,False
2011-10-30,USC00306649,239,213.33,25.67,0.16,False
2011-10-30,USC00306774,89,256.48,-167.48,-1.61,False
2011-10-30,USC00306820,295,261.62,33.38,0.23,False
2011-10-30,USC00307134,183,273.54,-90.54,-0.91,False
2011-10-30,USC00307210,206,244.78,-38.78,-0.43,False
2011-10-30,USC00307799,147,194.0,-47.0,-0.51,False
2011-10-30,USC00308670,74,120.38,-46.38,-0.5,False
2011-10-30,USC00308721,465,213.64,251.36,2.22,False
2011-10-30,USC00308906,160,267.24,-107.24,-1.06,False
2011-10-30,USC00308932,140,138.83,1.17,-0.07,False
2011-10-30,USC00308946,38,270.13,-232.13,-2.2,False
2011-10-30,USC00309292,381,278.24,102.76,0.86,False
2011-10-30,USC00309670,470,313.41,156.59,1.36,False
2011-10-30,USC00361080,330,326.46,3.54,-0.04,False
2011-10-30,USC00361737,358,307.6,50.4,0.38,False
2011-10-30,USC00362671,127,150.85,-23.85,-0.29,False
2011-10-30,USC00363437,190,310.27,-120.27,-1.18,False
2011-10-30,USC00363488,325,317.87,7.13,-0.01,False
2011-10-30,USC00363758,198,214.11,-16.11,-0.22,False
2011-10-30,USC00365390,0,294.46,-294.46,-2.77,False
2011-10-30,USC00365470,221,236.33,-15.33,-0.22,False
2011-10-30,USC00365738,0,192.22,-192.22,-1.84,False
2011-10-30,USC00366194,0,326.29,-326.29,-3.06,False
2011-10-30,USC00366370,356,304.93,51.07,0.39,False
2011-10-30,USC00366886,0,315.76,-315.76,-2.97,False
2011-10-30,USC00366927,0,309.83,-309.83,-2.91,False
2011-10-30,USC00367029,147,160.39,-13.39,-0.2,False
2011-10-30,USC00367040,203,236.95,-33.95,-0.39,False
2011-10-30,USC00367186,0,184.63,-184.63,-1.77,False
2011-10-30,USC00367938,127,321.15,-194.15,-1.85,False
2011-10-30,USC00368400,483,319.04,163.96,1.42,False
2011-10-30,USC00368596,0,291.59,-291.59,-2.74,False
2011-10-30,USW00004781,18,240.7,-222.7,-2.11,False
2011-10-30,USW00013739,0,304.6,-304.6,-2.86,False
2011-10-30,USW00014707,5,161.13,-156.13,-1.51,False
2011-10-30,USW00014719,23,234.21,-211.21,-2.01,False
2011-10-30,USW00014732,3,278.85,-275.85,-2.6,False
2011-10-30,USW00014734,0,312.52,-312.52,-2.94,False
2011-10-30,USW00014737,0,320.27,-320.27,-3.01,False
2011-10-30,USW00014740,0,303.05,-303.05,-2.85,False
2011-10-30,USW00014752,0,289.12,-289.12,-2.72,False
2011-10-30,USW00014757,0,294.98,-294.98,-2.78,False
2011-10-30,USW00014758,0,262.69,-262.69,-2.48,False
2011-10-30,USW00014763,3,296.55,-293.55,-2.76,False
2011-10-30,USW00014792,0,348.28,-348.28,-3.26,False
2011-10-30,USW00054743,0,316.35,-316.35,-2.97,False
2011-10-30,USW00054767,10,280.2,-270.2,-2.55,False
2011-10-30,USW00054779,0,303.21,-303.21,-2.85,False
2011-10-30,USW00054785,193,340.2,-147.2,-1.42,False
2011-10-30,USW00054786,282,312.9,-30.9,-0.36,False
2011-10-30,USW00054787,13,265.11,-252.11,-2.38,False
2011-10-30,USW00054788,0,276.81,-276.81,-2.61,False
2011-10-30,USW00054789,0,267.55,-267.55,-2.52,False
2011-10-30,USW00054790,18,263.99,-245.99,-2.33,False
2011-10-30,USW00054793,0,289.69,-289.69,-2.73,False
2011-10-30,USW00064756,4,277.46,-273.46,-2.58,False
2011-10-30,USW00093780,0,331.66,-331.66,-3.11,False
2011-10-30,USW00094702,0,260.99,-260.99,-2.46,False
2011-10-30,USW00094728,3,288.43,-285.43,-2.69,False
2011-10-30,USW00094732,0,328.38,-328.38,-3.08,False
2011-10-30,USW00094741,0,308.44,-308.44,-2.9,False
2011-10-30,USW00094745,0,267.18,-267.18,-2.52,False
2011-10-30,USW00094789,3,294.39,-291.39,-2.74,False
2011-10-31,US1CTFR0009,0,3.64,-3.64,-0.26,False
2011-10-31,US1CTFR0020,0,3.44,-3.44,-0.2,False
2011-10-31,US1CTHR0005,0,6.18,-6.18,-1.07,False
2011-10-31,US1CTHR0008,0,9.23,-9.23,-2.03,False
2011-10-31,US1CTMD0001,0,4.85,-4.85,-0.65,False
2011-10-31,US1CTNH0009,0,2.2,-2.2,0.19,False
2011-10-31,US1CTNH0013,0,2.68,-2.68,0.04,False
2011-10-31,US1CTNH0014,0,3.66,-3.66,-0.27,False
2011-10-31,US1CTNL0005,0,4.51,-4.51,-0.54,False
2011-10-31,US1CTTL0004,0,7.49,-7.49,-1.48,False
2011-10-31,US1CTWN0001,0,6.05,-6.05,-1.03,False
2011-10-31,US1MABE0003,0,4.93,-4.93,-0.67,False
2011-10-31,US1MABE0004,0,6.87,-6.87,-1.28,False
2011-10-31,US1MAHD0007,0,5.93,-5.93,-0.99,False
2011-10-31,US1MAHS0002,0,6.65,-6.65,-1.21,False
2011-10-31,US1NJAT0002,0,0.1,-0.1,0.85,False
2011-10-31,US1NJAT0005,0,0.08,-0.08,0.86,False
2011-10-31,US1NJBG0002,0,2.73,-2.73,0.02,False
2011-10-31,US1NJBG0003,0,3.22,-3.22,-0.13,False
2011-10-31,US1NJBG0008,0,2.78,-2.78,0.01,False
2011-10-31,US1NJBG0015,0,3.27,-3.27,-0.15,False
2011-10-31,US1NJBG0017,0,3.4,-3.4,-0.19,False
2011-10-31,US1NJBG0018,0,3.0,-3.0,-0.06,False
2011-10-31,US1NJBG0023,0,4.22,-4.22,-0.45,False
2011-10-31,US1NJBG0029,0,4.93,-4.93,-0.67,False
2011-10-31,US1NJBG0030,0,4.19,-4.19,-0.44,False
2011-10-31,US1NJBG0033,0,3.09,-3.09,-0.09,False
2011-10-31,US1NJBT0003,0,0.65,-0.65,0.68,False
2011-10-31,US1NJBT0004,0,0.42,-0.42,0.75,False
2011-10-31,US1NJBT0005,0,0.11,-0.11,0.85,False
2011-10-31,US1NJBT0006,0,0.67,-0.67,0.67,False
2011-10-31,US1NJBT0007,0,0.61,-0.61,0.69,False
2011-10-31,US1NJBT0018,0,0.13,-0.13,0.84,False
2011-10-31,US1NJBT0023,5,0.47,4.53,2.31,False
2011-10-31,US1NJBT0025,0,0.12,-0.12,0.84,False
2011-10-31,US1NJBT0027,0,0.57,-0.57,0.7,False
2011-10-31,US1NJBT0028,0,0.12,-0.12,0.85,False
2011-10-31,US1NJBT0029,0,0.12,-0.12,0.84,False
2011-10-31,US1NJBT0032,0,0.11,-0.11,0.85,False
2011-10-31,US1NJBT0035,0,0.15,-0.15,0.84,False
2011-10-31,US1NJBT0037,0,0.51,-0.51,0.72,False
2011-10-31,US1NJCN0001,0,0.58,-0.58,0.7,False
2011-10-31,US1NJCN0005,0,0.1,-0.1,0.85,False
2011-10-31,US1NJCN0011,0,0.12,-0.12,0.85,False
2011-10-31,US1NJCN0015,0,0.11,-0.11,0.85,False
2011-10-31,US1NJGL0001,0,0.11,-0.11,0.85,False
2011-10-31,US1NJGL0006,0,0.1,-0.1,0.85,False
2011-10-31,US1NJGL0011,0,0.11,-0.11,0.85,False
2011-10-31,US1NJHN0001,0,3.82,-3.82,-0.32,False
2011-10-31,US1NJHN0004,0,3.01,-3.01,-0.07,False
2011-10-31,US1NJHN0005,0,2.61,-2.61,0.06,False
2011-10-31,US1NJHN0008,0,3.5,-3.5,-0.22,False
2011-10-31,US1NJHN0010,0,2.3,-2.3,0.16,False
2011-10-31,US1NJHN0011,0,2.71,-2.71,0.03,False
2011-10-31,US1NJHN0012,0,3.58,-3.58,-0.25,False
2011-10-31,US1NJHN0015,0,2.38,-2.38,0.13,False
2011-10-31,US1NJHN0019,0,2.85,-2.85,-0.02,False
2011-10-31,US1NJHN0021,0,3.37,-3.37,-0.18,False
2011-10-31,US1NJHN0022,0,2.55,-2.55,0.08,False
2011-10-31,US1NJMC0003,0,1.89,-1.89,0.29,False
2011-10-31,US1NJMC0005,0,1.75,-1.75,0.33,False
2011-10-31,US1NJMC0008,0,1.93,-1.93,0.27,False
2011-10-31,US1NJMC0009,0,1.47,-1.47,0.42,False
2011-10-31,US1NJMC0011,0,1.68,-1.68,0.35,False
2011-10-31,US1NJMC0016,0,1.06,-1.06,0.55,False
2011-10-31,US1NJMC0022,0,1.48,-1.48,0.42,False
2011-10-31,US1NJMD0002,0,2.14,-2.14,0.21,False
2011-10-31,US1NJMD0031,0,2.33,-2.33,0.15,False
2011-10-31,US1NJMN0005,0,0.54,-0.54,0.71,False
2011-10-31,US1NJMN0008,0,0.05,-0.05,0.87,False
2011-10-31,US1NJMN0010,0,1.37,-1.37,0.45,False
2011-10-31,US1NJMN0015,0,2.11,-2.11,0.22,False
2011-10-31,US1NJMN0016,0,1.92,-1.92,0.28,False
2011-10-31,US1NJMN0017,0,0.61,-0.61,0.69,False
2011-10-31,US1NJMN0019,0,0.54,-0.54,0.71,False
2011-10-31,US1NJMN0020,0,0.06,-0.06,0.87,False
2011-10-31,US1NJMN0024,0,0.05,-0.05,0.87,False
2011-10-31,US1NJMN0029,0,2.24,-2.24,0.18,False
2011-10-31,US1NJMN0032,0,1.45,-1.45,0.43,False
2011-10-31,US1NJMN0044,0,1.08,-1.08,0.54,False
2011-10-31,US1NJMN0048,0,0.98,-0.98,0.57,False
2011-10-31,US1NJMN0049,0,0.05,-0.05,0.87,False
2011-10-31,US1NJMN0051,0,1.06,-1.06,0.55,False
2011-10-31,US1NJMS0002,5,2.88,2.12,1.55,False
2011-10-31,US1NJMS0004,0,10.65,-10.65,-2.48,False
2011-10-31,US1NJMS0006,0,6.45,-6.45,-1.15,False
2011-10-31,US1NJMS0011,0,5.81,-5.81,-0.95,False
2011-10-31,US1NJMS0014,0,3.59,-3.59,-0.25,False
2011-10-31,US1NJMS0015,0,4.18,-4.18,-0.44,False
2011-10-31,US1NJMS0018,0,22.98,-22.98,-6.36,True
2011-10-31,US1NJMS0019,0,3.1,-3.1,-0.09,False
2011-10-31,US1NJMS0021,0,5.29,-5.29,-0.78,False
2011-10-31,US1NJMS0022,0,5.65,-5.65,-0.9,False
2011-10-31,US1NJMS0023,0,6.04,-6.04,-1.02,False
2011-10-31,US1NJMS0035,0,6.32,-6.32,-1.11,False
2011-10-31,US1NJMS0036,0,4.81,-4.81,-0.63,False
2011-10-31,US1NJMS0049,0,3.75,-3.75,-0.3,False
2011-10-31,US1NJOC0001,0,0.07,-0.07,0.86,False
2011-10-31,US1NJOC0006,0,0.07,-0.07,0.86,False
2011-10-31,US1NJOC0008,0,0.09,-0.09,0.85,False
2011-10-31,US1NJOC0012,0,0.07,-0.07,0.86,False
2011-10-31,US1NJOC0013,0,0.07,-0.07,0.86,False
2011-10-31,US1NJOC0017,0,0.1,-0.1,0.85,False
2011-10-31,US1NJOC0024,0,0.09,-0.09,0.85,False
2011-10-31,US1NJOC0034,0,0.09,-0.09,0.85,False
2011-10-31,US1NJOC0036,0,0.08,-0.08,0.86,False
2011-10-31,US1NJOC0042,0,0.1,-0.1,0.85,False
2011-10-31,US1NJOC0051,0,0.07,-0.07,0.86,False
2011-10-31,US1NJPS0005,0,3.25,-3.25,-0.14,False
2011-10-31,US1NJPS0012,0,4.09,-4.09,-0.41,False
2011-10-31,US1NJPS0014,0,3.17,-3.17,-0.12,False
2011-10-31,US1NJPS0016,0,11.86,-11.86,-2.86,False
2011-10-31,US1NJPS0019,0,5.68,-5.68,-0.91,False
2011-10-31,US1NJPS0022,0,6.05,-6.05,-1.02,False
2011-10-31,US1NJSL0002,0,0.11,-0.11,0.85,False
2011-10-31,US1NJSL0003,0,0.11,-0.11,0.85,False
2011-10-31,US1NJSM0001,0,1.93,-1.93,0.27,False
2011-10-31,US1NJSM0002,0,2.89,-2.89,-0.03,False
2011-10-31,US1NJSM0004,0,2.9,-2.9,-0.03,False
2011-10-31,US1NJSM0005,0,2.82,-2.82,-0.01,False
2011-10-31,US1NJSM0011,0,2.92,-2.92,-0.04,False
2011-10-31,US1NJSM0012,0,2.31,-2.31,0.15,False
2011-10-31,US1NJSM0015,0,2.15,-2.15,0.2,False
2011-10-31,US1NJSM0021,0,1.96,-1.96,0.26,False
2011-10-31,US1NJSM0023,0,2.0,-2.0,0.25,False
2011-10-31,US1NJSM0033,0,2.29,-2.29,0.16,False
2011-10-31,US1NJSS0001,0,6.75,-6.75,-1.25,False
2011-10-31,US1NJSS0007,0,23.53,-23.53,-6.53,True
2011-10-31,US1NJSS0020,0,8.52,-8.52,-1.8,False
2011-10-31,US1NJSS0027,0,7.7,-7.7,-1.55,False
2011-10-31,US1NJSS0028,0,7.4,-7.4,-1.45,False
2011-10-31,US1NJWR0001,0,3.87,-3.87,-0.34,False
2011-10-31,US1NJWR0002,0,7.06,-7.06,-1.34,False
2011-10-31,US1NJWR0004,0,6.21,-6.21,-1.08,False
2011-10-31,US1NJWR0006,0,6.09,-6.09,-1.04,False
2011-10-31,US1NJWR0007,0,6.19,-6.19,-1.07,False
2011-10-31,US1NJWR0008,0,6.05,-6.05,-1.02,False
2011-10-31,US1NJWR0020,0,7.3,-7.3,-1.42,False
2011-10-31,US1NJWR0021,0,5.43,-5.43,-0.83,False
2011-10-31,US1NJWR0022,0,6.51,-6.51,-1.17,False
2011-10-31,US1NJWR0023,0,10.55,-10.55,-2.44,False
2011-10-31,US1NYCB0001,0,3.47,-3.47,-0.21,False
2011-10-31,US1NYDL0005,0,2.1,-2.1,0.22,False
2011-10-31,US1NYDL0009,0,2.38,-2.38,0.13,False
2011-10-31,US1NYDL0022,0,2.06,-2.06,0.23,False
2011-10-31,US1NYDT0005,0,4.91,-4.91,-0.67,False
2011-10-31,US1NYGR0005,0,3.9,-3.9,-0.35,False
2011-10-31,US1NYGR0006,0,2.8,-2.8,0.0,False
2011-10-31,US1NYNS0007,0,2.58,-2.58,0.07,False
2011-10-31,US1NYOR0006,0,6.83,-6.83,-1.27,False
2011-10-31,US1NYPT0002,0,5.09,-5.09,-0.72,False
2011-10-31,US1NYPT0004,0,4.48,-4.48,-0.53,False
2011-10-31,US1NYRC0002,0,2.81,-2.81,-0.0,False
2011-10-31,US1NYSF0002,0,0.03,-0.03,0.87,False
2011-10-31,US1NYSF0003,0,0.04,-0.04,0.87,False
2011-10-31,US1NYSF0007,0,0.42,-0.42,0.75,False
2011-10-31,US1NYSF0016,0,2.8,-2.8,0.0,False
2011-10-31,US1NYSF0017,0,0.0,0.0,0.88,False
2011-10-31,US1NYSF0018,0,0.11,-0.11,0.85,False
2011-10-31,US1NYSF0019,0,0.03,-0.03,0.87,False
2011-10-31,US1NYSV0005,0,6.14,-6.14,-1.05,False
2011-10-31,US1NYSV0006,0,7.53,-7.53,-1.49,False
2011-10-31,US1NYSV0008,0,5.82,-5.82,-0.95,False
2011-10-31,US1NYUL0001,0,4.62,-4.62,-0.57,False
2011-10-31,US1NYUL0002,0,3.02,-3.02,-0.07,False
2011-10-31,US1NYUL0003,0,4.16,-4.16,-0.43,False
2011-10-31,US1NYUL0004,0,3.13,-3.13,-0.1,False
2011-10-31,US1NYUL0006,0,5.41,-5.41,-0.82,False
2011-10-31,US1NYUL0009,0,5.25,-5.25,-0.77,False
2011-10-31,US1NYWC0006,0,4.48,-4.48,-0.53,False
2011-10-31,US1NYWC0007,0,3.75,-3.75,-0.3,False
2011-10-31,US1NYWC0009,0,2.82,-2.82,-0.01,False
2011-10-31,US1PABK0004,0,1.19,-1.19,0.51,False
2011-10-31,US1PABK0014,0,1.14,-1.14,0.52,False
2011-10-31,US1PABK0015,0,1.37,-1.37,0.45,False
2011-10-31,US1PABK0018,0,1.09,-1.09,0.54,False
2011-10-31,US1PABK0026,0,0.92,-0.92,0.59,False
2011-10-31,US1PADL0003,0,0.11,-0.11,0.85,False
2011-10-31,US1PAMT0006,0,0.78,-0.78,0.64,False
2011-10-31,US1PAMT0007,0,0.73,-0.73,0.65,False
2011-10-31,US1PAMT0016,0,0.71,-0.71,0.66,False
2011-10-31,US1PAMT0020,0,0.67,-0.67,0.67,False
2011-10-31,US1PAMT0022,0,0.69,-0.69,0.67,False
2011-10-31,US1PAMT0025,0,0.72,-0.72,0.66,False
2011-10-31,US1PAMT0048,0,0.65,-0.65,0.68,False
2011-10-31,US1PAMT0056,0,0.74,-0.74,0.65,False
2011-10-31,US1PAMT0060,0,0.65,-0.65,0.68,False
2011-10-31,US1PAMT0063,0,0.69,-0.69,0.66,False
2011-10-31,US1PAMT0064,0,0.68,-0.68,0.67,False
2011-10-31,US1PANH0001,0,5.39,-5.39,-0.82,False
2011-10-31,US1PANH0009,0,4.1,-4.1,-0.41,False
2011-10-31,US1PAPH0002,0,0.59,-0.59,0.7,False
2011-10-31,US1PAPH0004,0,0.58,-0.58,0.7,False
2011-10-31,US1PAPH0006,0,0.62,-0.62,0.69,False
2011-10-31,US1PAPH0008,0,0.62,-0.62,0.69,False
2011-10-31,US1PAPK0004,0,8.59,-8.59,-1.83,False
2011-10-31,US1PAPK0009,0,7.4,-7.4,-1.45,False
2011-10-31,US1PASS0006,0,4.2,-4.2,-0.44,False
2011-10-31,US1PAWN0004,0,8.09,-8.09,-1.67,False
2011-10-31,US1PAWN0008,0,20.77,-20.77,-5.66,True
2011-10-31,US1PAWN0012,0,8.44,-8.44,-1.78,False
2011-10-31,US1PAWN0026,0,5.95,-5.95,-0.99,False
2011-10-31,US1PAWN0035,0,6.2,-6.2,-1.07,False
2011-10-31,US1PAWN0036,0,6.89,-6.89,-1.29,False
2011-10-31,US1PAWN0038,0,7.65,-7.65,-1.53,False
2011-10-31,US1PAWN0041,0,7.6,-7.6,-1.51,False
2011-10-31,US1PAWN0042,0,1.39,-1.39,0.44,False
2011-10-31,US1PAWN0044,0,7.73,-7.73,-1.55,False
2011-10-31,USC00060128,0,2.43,-2.43,0.12,False
2011-10-31,USC00060227,0,9.17,-9.17,-2.01,False
2011-10-31,USC00060299,0,14.45,-14.45,-3.67,True
2011-10-31,USC00060808,0,1.79,-1.79,0.32,False
2011-10-31,USC00060961,10,3.05,6.95,3.07,False
2011-10-31,USC00060973,0,7.05,-7.05,-1.34,False
2011-10-31,USC00061508,254,0.82,253.18,80.69,True
2011-10-31,USC00061762,0,4.23,-4.23,-0.45,False
2011-10-31,USC00062658,13,6.77,6.23,2.85,False
2011-10-31,USC00063207,3,0.82,2.18,1.57,False
2011-10-31,USC00063420,0,6.54,-6.54,-1.18,False
2011-10-31,USC00065445,0,11.82,-11.82,-2.84,False
2011-10-31,USC00065910,0,4.91,-4.91,-0.67,False
2011-10-31,USC00066655,0,3.05,-3.05,-0.08,False
2011-10-31,USC00066966,0,3.01,-3.01,-0.07,False
2011-10-31,USC00067373,3,5.13,-2.13,0.21,False
2011-10-31,USC00067958,0,5.62,-5.62,-0.89,False
2011-10-31,USC00068065,0,2.44,-2.44,0.11,False
2011-10-31,USC00068138,43,3.13,39.87,13.45,True
2011-10-31,USC00068330,0,5.38,-5.38,-0.81,False
2011-10-31,USC00190120,0,4.64,-4.64,-0.58,False
2011-10-31,USC00190408,0,5.99,-5.99,-1.01,False
2011-10-31,USC00190562,0,4.72,-4.72,-0.61,False
2011-10-31,USC00191821,0,5.32,-5.32,-0.79,False
2011-10-31,USC00192107,0,4.7,-4.7,-0.6,False
2011-10-31,USC00193172,0,8.49,-8.49,-1.79,False
2011-10-31,USC00193213,0,5.53,-5.53,-0.86,False
2011-10-31,USC00193402,0,4.6,-4.6,-0.57,False
2011-10-31,USC00194131,0,5.01,-5.01,-0.7,False
2011-10-31,USC00194154,0,3.32,-3.32,-0.17,False
2011-10-31,USC00197627,0,4.86,-4.86,-0.65,False
2011-10-31,USC00198278,0,3.36,-3.36,-0.18,False
2011-10-31,USC00198793,0,4.54,-4.54,-0.55,False
2011-10-31,USC00199193,0,7.58,-7.58,-1.51,False
2011-10-31,USC00199371,0,7.47,-7.47,-1.47,False
2011-10-31,USC00199972,0,6.22,-6.22,-1.08,False
2011-10-31,USC00280331,0,0.1,-0.1,0.85,False
2011-10-31,USC00280734,163,2.85,160.15,51.37,True
2011-10-31,USC00280847,0,1.91,-1.91,0.28,False
2011-10-31,USC00280907,0,5.16,-5.16,-0.74,False
2011-10-31,USC00280927,0,2.51,-2.51,0.09,False
2011-10-31,USC00280990,0,0.08,-0.08,0.86,False
2011-10-31,USC00281327,325,6.92,318.08,101.15,True
2011-10-31,USC00281335,0,3.52,-3.52,-0.23,False
2011-10-31,USC00281582,0,14.88,-14.88,-3.81,True
2011-10-31,USC00282023,0,3.22,-3.22,-0.13,False
2011-10-31,USC00283181,0,2.02,-2.02,0.24,False
2011-10-31,USC00283662,0,0.08,-0.08,0.86,False
2011-10-31,USC00283704,0,3.21,-3.21,-0.13,False
2011-10-31,USC00283951,0,1.89,-1.89,0.29,False
2011-10-31,USC00284229,0,0.11,-0.11,0.85,False
2011-10-31,USC00284987,0,0.98,-0.98,0.57,False
2011-10-31,USC00285503,0,4.09,-4.09,-0.41,False
2011-10-31,USC00285728,0,0.42,-0.42,0.75,False
2011-10-31,USC00286055,0,2.3,-2.3,0.16,False
2011-10-31,USC00286146,0,3.45,-3.45,-0.21,False
2011-10-31,USC00286460,193,9.53,183.47,58.72,True
2011-10-31,USC00286864,0,0.59,-0.59,0.7,False
2011-10-31,USC00286964,0,0.62,-0.62,0.69,False
2011-10-31,USC00286979,0,4.7,-4.7,-0.6,False
2011-10-31,USC00287301,0,3.76,-3.76,-0.3,False
2011-10-31,USC00287486,0,3.43,-3.43,-0.2,False
2011-10-31,USC00287587,0,7.08,-7.08,-1.35,False
2011-10-31,USC00287865,0,2.45,-2.45,0.11,False
2011-10-31,USC00288173,0,0.11,-0.11,0.85,False
2011-10-31,USC00288644,0,8.14,-8.14,-1.68,False
2011-10-31,USC00289187,0,6.03,-6.03,-1.02,False
2011-10-31,USC00289363,0,2.19,-2.19,0.19,False
2011-10-31,USC00289832,0,4.0,-4.0,-0.38,False
2011-10-31,USC00300063,0,3.62,-3.62,-0.26,False
2011-10-31,USC00300254,0,2.1,-2.1,0.22,False
2011-10-31,USC00300364,0,0.04,-0.04,0.87,False
2011-10-31,USC00300732,0,6.11,-6.11,-1.04,False
2011-10-31,USC00300889,0,0.82,-0.82,0.62,False
2011-10-31,USC00300961,0,2.6,-2.6,0.06,False
2011-10-31,USC00301095,0,2.64,-2.64,0.05,False
2011-10-31,USC00301102,0,8.91,-8.91,-1.93,False
2011-10-31,USC00301211,0,4.64,-4.64,-0.58,False
2011-10-31,USC00301309,0,2.76,-2.76,0.01,False
2011-10-31,USC00301761,0,4.94,-4.94,-0.67,False
2011-10-31,USC00302060,0,3.65,-3.65,-0.27,False
2011-10-31,USC00302151,0,0.0,0.0,0.88,False
2011-10-31,USC00302366,0,3.74,-3.74,-0.3,False
2011-10-31,USC00302454,0,2.46,-2.46,0.11,False
2011-10-31,USC00304025,0,3.43,-3.43,-0.2,False
2011-10-31,USC00304575,0,1.96,-1.96,0.26,False
2011-10-31,USC00304731,0,7.13,-7.13,-1.36,False
2011-10-31,USC00305113,0,2.11,-2.11,0.22,False
2011-10-31,USC00305426,0,5.77,-5.77,-0.94,False
2011-10-31,USC00305606,0,0.11,-0.11,0.85,False
2011-10-31,USC00306217,0,2.09,-2.09,0.22,False
2011-10-31,USC00306570,0,1.6,-1.6,0.38,False
2011-10-31,USC00306649,0,3.42,-3.42,-0.2,False
2011-10-31,USC00306774,0,6.49,-6.49,-1.16,False
2011-10-31,USC00306820,0,5.42,-5.42,-0.83,False
2011-10-31,USC00307035,0,2.49,-2.49,0.1,False
2011-10-31,USC00307134,0,0.05,-0.05,0.87,False
2011-10-31,USC00307210,0,6.48,-6.48,-1.16,False
2011-10-31,USC00307274,0,5.17,-5.17,-0.75,False
2011-10-31,USC00307799,0,1.75,-1.75,0.33,False
2011-10-31,USC00308670,0,2.8,-2.8,-0.0,False
2011-10-31,USC00308721,0,0.02,-0.02,0.88,False
2011-10-31,USC00308932,0,2.74,-2.74,0.02,False
2011-10-31,USC00309292,0,4.7,-4.7,-0.6,False
2011-10-31,USC00361080,0,3.06,-3.06,-0.08,False
2011-10-31,USC00361737,0,0.64,-0.64,0.68,False
2011-10-31,USC00362671,0,4.3,-4.3,-0.47,False
2011-10-31,USC00363437,0,0.66,-0.66,0.67,False
2011-10-31,USC00363488,0,1.04,-1.04,0.56,False
2011-10-31,USC00363758,0,7.88,-7.88,-1.6,False
2011-10-31,USC00365390,0,0.11,-0.11,0.85,False
2011-10-31,USC00365470,0,6.42,-6.42,-1.14,False
2011-10-31,USC00365738,140,4.39,135.61,43.63,True
2011-10-31,USC00366194,0,0.69,-0.69,0.67,False
2011-10-31,USC00366370,0,0.65,-0.65,0.68,False
2011-10-31,USC00366886,0,0.62,-0.62,0.69,False
2011-10-31,USC00366927,0,0.81,-0.81,0.63,False
2011-10-31,USC00367029,0,1.38,-1.38,0.45,False
2011-10-31,USC00367040,0,7.6,-7.6,-1.51,False
2011-10-31,USC00367938,0,0.99,-0.99,0.57,False
2011-10-31,USC00368263,0,0.7,-0.7,0.66,False
2011-10-31,USC00368400,0,3.43,-3.43,-0.2,False
2011-10-31,USC00368596,0,6.84,-6.84,-1.27,False
2011-10-31,USW00004781,0,0.0,0.0,0.88,False
2011-10-31,USW00013739,0,0.12,-0.12,0.84,False
2011-10-31,USW00014707,0,1.97,-1.97,0.26,False
2011-10-31,USW00014719,0,0.04,-0.04,0.87,False
2011-10-31,USW00014732,0,2.49,-2.49,0.1,False
2011-10-31,USW00014734,0,3.15,-3.15,-0.11,False
2011-10-31,USW00014737,0,4.2,-4.2,-0.44,False
2011-10-31,USW00014740,0,6.9,-6.9,-1.29,False
2011-10-31,USW00014752,0,5.62,-5.62,-0.89,False
2011-10-31,USW00014757,0,4.93,-4.93,-0.67,False
2011-10-31,USW00014758,0,2.67,-2.67,0.04,False
2011-10-31,USW00014763,0,4.97,-4.97,-0.68,False
2011-10-31,USW00014775,0,6.72,-6.72,-1.24,False
2011-10-31,USW00014792,0,1.75,-1.75,0.33,False
2011-10-31,USW00054734,0,4.26,-4.26,-0.46,False
2011-10-31,USW00054743,0,4.47,-4.47,-0.53,False
2011-10-31,USW00054767,0,6.93,-6.93,-1.3,False
2011-10-31,USW00054779,0,7.07,-7.07,-1.35,False
2011-10-31,USW00054785,3,2.45,0.55,1.06,False
2011-10-31,USW00054786,3,1.3,1.7,1.42,False
2011-10-31,USW00054787,0,2.83,-2.83,-0.01,False
2011-10-31,USW00054788,0,3.76,-3.76,-0.3,False
2011-10-31,USW00054789,0,7.24,-7.24,-1.4,False
2011-10-31,USW00054790,0,0.02,-0.02,0.88,False
2011-10-31,USW00054793,0,9.21,-9.21,-2.02,False
2011-10-31,USW00064756,0,4.61,-4.61,-0.57,False
2011-10-31,USW00093780,0,0.17,-0.17,0.83,False
2011-10-31,USW00094702,0,1.71,-1.71,0.34,False
2011-10-31,USW00094728,0,3.02,-3.02,-0.07,False
2011-10-31,USW00094732,3,0.59,2.41,1.64,False
2011-10-31,USW00094741,0,2.95,-2.95,-0.05,False
2011-10-31,USW00094745,0,3.1,-3.1,-0.09,False
2011-10-31,USW00094789,0,2.5,-2.5,0.09,False
2011-11-01,US1CTFR0005,0,0.1,-0.1,0.07,False
2011-11-01,US1CTFR0009,0,0.06,-0.06,0.32,False
2011-11-01,US1CTFR0020,0,0.09,-0.09,0.12,False
2011-11-01,US1CTHR0005,0,0.0,0.0,0.75,False
2011-11-01,US1CTHR0008,0,0.0,0.0,0.75,False
2011-11-01,US1CTMD0001,0,0.0,0.0,0.75,False
2011-11-01,US1CTNH0009,0,0.07,-0.07,0.24,False
2011-11-01,US1CTNH0013,0,0.02,-0.02,0.61,False
2011-11-01,US1CTNH0014,0,0.0,0.0,0.75,False
2011-11-01,US1CTNL0005,0,0.0,0.0,0.75,False
2011-11-01,US1CTTL0004,0,0.0,0.0,0.75,False
2011-11-01,US1CTWN0001,0,0.0,0.0,0.75,False
2011-11-01,US1MABE0003,0,0.0,0.0,0.75,False
2011-11-01,US1MABE0004,0,0.0,0.0,0.75,False
2011-11-01,US1MAHD0007,0,0.0,0.0,0.75,False
2011-11-01,US1MAHS0002,0,0.0,0.0,0.75,False
2011-11-01,US1NJAT0001,0,0.24,-0.24,-0.93,False
2011-11-01,US1NJAT0005,0,0.19,-0.19,-0.57,False
2011-11-01,US1NJBG0002,0,0.21,-0.21,-0.77,False
2011-11-01,US1NJBG0003,0,0.24,-0.24,-0.93,False
2011-11-01,US1NJBG0008,0,0.22,-0.22,-0.79,False
2011-11-01,US1NJBG0015,0,0.16,-0.16,-0.41,False
2011-11-01,US1NJBG0017,3,0.1,2.9,21.33,True
2011-11-01,US1NJBG0018,5,0.08,4.92,35.74,True
2011-11-01,US1NJBG0023,0,0.1,-0.1,0.01,False
2011-11-01,US1NJBG0029,0,0.1,-0.1,0.03,False
2011-11-01,US1NJBG0030,0,0.11,-0.11,0.0,False
2011-11-01,US1NJBG0033,0,0.23,-0.23,-0.86,False
2011-11-01,US1NJBT0003,0,0.26,-0.26,-1.12,False
2011-11-01,US1NJBT0004,0,0.25,-0.25,-1.06,False
2011-11-01,US1NJBT0005,0,0.2,-0.2,-0.64,False
2011-11-01,US1NJBT0006,3,0.3,2.7,19.94,True
2011-11-01,US1NJBT0007,0,0.22,-0.22,-0.78,False
2011-11-01,US1NJBT0018,0,0.26,-0.26,-1.11,False
2011-11-01,US1NJBT0023,3,0.29,2.71,20.0,True
2011-11-01,US1NJBT0025,0,0.17,-0.17,-0.43,False
2011-11-01,US1NJBT0027,0,0.43,-0.43,-2.31,False
2011-11-01,US1NJBT0028,0,0.23,-0.23,-0.89,False
2011-11-01,US1NJBT0029,0,0.18,-0.18,-0.57,False
2011-11-01,US1NJBT0032,0,0.19,-0.19,-0.58,False
2011-11-01,US1NJBT0035,0,0.25,-0.25,-1.03,False
2011-11-01,US1NJBT0037,0,0.27,-0.27,-1.17,False
2011-11-01,US1NJCN0005,0,0.29,-0.29,-1.28,False
2011-11-01,US1NJCN0011,0,0.34,-0.34,-1.65,False
2011-11-01,US1NJCN0015,5,0.2,4.8,34.87,True
2011-11-01,US1NJGL0001,0,0.31,-0.31,-1.45,False
2011-11-01,US1NJGL0006,0,0.26,-0.26,-1.11,False
2011-11-01,US1NJGL0011,0,0.28,-0.28,-1.23,False
2011-11-01,US1NJHD0002,0,0.15,-0.15,-0.34,False
2011-11-01,US1NJHN0001,0,0.19,-0.19,-0.62,False
2011-11-01,US1NJHN0004,0,0.22,-0.22,-0.84,False
2011-11-01,US1NJHN0005,0,0.19,-0.19,-0.58,False
2011-11-01,US1NJHN0008,0,0.22,-0.22,-0.82,False
2011-11-01,US1NJHN0010,0,0.19,-0.19,-0.6,False
2011-11-01,US1NJHN0011,0,0.17,-0.17,-0.48,False
2011-11-01,US1NJHN0012,0,0.44,-0.44,-2.34,False
2011-11-01,US1NJHN0015,0,0.2,-0.2,-0.69,False
2011-11-01,US1NJHN0019,0,0.2,-0.2,-0.67,False
2011-11-01,US1NJHN0021,0,0.2,-0.2,-0.65,False
2011-11-01,US1NJHN0022,0,0.27,-0.27,-1.16,False
2011-11-01,US1NJMC0001,3,0.16,2.84,20.95,True
2011-11-01,US1NJMC0005,0,0.25,-0.25,-1.02,False
2011-11-01,US1NJMC0008,0,0.27,-0.27,-1.14,False
2011-11-01,US1NJMC0009,0,0.2,-0.2,-0.67,False
2011-11-01,US1NJMC0011,0,0.22,-0.22,-0.85,False
2011-11-01,US1NJMC0016,0,0.21,-0.21,-0.71,False
2011-11-01,US1NJMC0022,0,0.2,-0.2,-0.65,False
2011-11-01,US1NJMD0002,0,0.15,-0.15,-0.32,False
2011-11-01,US1NJMD0009,0,0.16,-0.16,-0.4,False
2011-11-01,US1NJMD0023,0,0.14,-0.14,-0.28,False
2011-11-01,US1NJMD0024,0,0.14,-0.14,-0.26,False
2011-11-01,US1NJMD0033,0,0.14,-0.14,-0.26,False
2011-11-01,US1NJMN0005,0,0.08,-0.08,0.19,False
2011-11-01,US1NJMN0006,0,0.08,-0.08,0.15,False
2011-11-01,US1NJMN0008,0,0.08,-0.08,0.18,False
2011-11-01,US1NJMN0010,0,0.08,-0.08,0.19,False
2011-11-01,US1NJMN0015,0,0.13,-0.13,-0.15,False
2011-11-01,US1NJMN0017,0,0.14,-0.14,-0.22,False
2011-11-01,US1NJMN0019,0,0.08,-0.08,0.19,False
2011-11-01,US1NJMN0020,0,0.07,-0.07,0.24,False
2011-11-01,US1NJMN0024,0,0.07,-0.07,0.25,False
2011-11-01,US1NJMN0029,0,0.11,-0.11,-0.06,False
2011-11-01,US1NJMN0032,0,0.07,-0.07,0.26,False
2011-11-01,US1NJMN0044,0,0.05,-0.05,0.37,False
2011-11-01,US1NJMN0048,0,0.05,-0.05,0.4,False
2011-11-01,US1NJMN0051,0,0.05,-0.05,0.37,False
2011-11-01,US1NJMS0002,0,0.13,-0.13,-0.2,False
2011-11-01,US1NJMS0004,0,0.11,-0.11,-0.0,False
2011-11-01,US1NJMS0006,0,0.1,-0.1,0.03,False
2011-11-01,US1NJMS0009,0,0.15,-0.15,-0.3,False
2011-11-01,US1NJMS0011,0,0.11,-0.11,-0.0,False
2011-11-01,US1NJMS0014,0,0.12,-0.12,-0.13,False
2011-11-01,US1NJMS0015,0,0.15,-0.15,-0.33,False
2011-11-01,US1NJMS0018,0,0.1,-0.1,0.01,False
2011-11-01,US1NJMS0019,0,0.13,-0.13,-0.16,False
2011-11-01,US1NJMS0021,0,0.14,-0.14,-0.24,False
2011-11-01,US1NJMS0022,0,0.17,-0.17,-0.46,False
2011-11-01,US1NJMS0023,0,0.11,-0.11,-0.02,False
2011-11-01,US1NJMS0031,0,0.1,-0.1,0.05,False
2011-11-01,US1NJMS0035,0,0.1,-0.1,0.06,False
2011-11-01,US1NJMS0036,0,0.11,-0.11,-0.06,False
2011-11-01,US1NJMS0049,0,0.12,-0.12,-0.1,False
2011-11-01,US1NJOC0001,0,0.08,-0.08,0.2,False
2011-11-01,US1NJOC0006,0,0.08,-0.08,0.18,False
2011-11-01,US1NJOC0008,0,0.1,-0.1,0.01,False
2011-11-01,US1NJOC0012,0,0.09,-0.09,0.08,False
2011-11-01,US1NJOC0013,0,0.09,-0.09,0.12,False
2011-11-01,US1NJOC0017,0,0.08,-0.08,0.15,False
2011-11-01,US1NJOC0024,0,0.09,-0.09,0.13,False
2011-11-01,US1NJOC0036,0,0.11,-0.11,-0.06,False
2011-11-01,US1NJOC0038,0,0.08,-0.08,0.15,False
2011-11-01,US1NJOC0040,0,0.19,-0.19,-0.6,False
2011-11-01,US1NJOC0042,0,0.08,-0.08,0.18,False
2011-11-01,US1NJOC0051,0,0.09,-0.09,0.08,False
2011-11-01,US1NJPS0004,0,0.17,-0.17,-0.49,False
2011-11-01,US1NJPS0005,0,0.23,-0.23,-0.85,False
2011-11-01,US1NJPS0012,0,0.16,-0.16,-0.36,False
2011-11-01,US1NJPS0013,0,0.1,-0.1,0.06,False
2011-11-01,US1NJPS0014,0,0.24,-0.24,-0.98,False
2011-11-01,US1NJPS0016,0,0.1,-0.1,0.02,False
2011-11-01,US1NJPS0019,0,0.1,-0.1,0.07,False
2011-11-01,US1NJPS0022,0,0.1,-0.1,0.02,False
2011-11-01,US1NJSL0002,0,0.27,-0.27,-1.18,False
2011-11-01,US1NJSL0003,0,0.27,-0.27,-1.16,False
2011-11-01,US1NJSM0001,0,0.14,-0.14,-0.23,False
2011-11-01,US1NJSM0002,0,0.12,-0.12,-0.1,False
2011-11-01,US1NJSM0003,0,0.14,-0.14,-0.24,False
2011-11-01,US1NJSM0004,0,0.1,-0.1,0.04,False
2011-11-01,US1NJSM0005,0,0.14,-0.14,-0.23,False
2011-11-01,US1NJSM0011,0,0.14,-0.14,-0.28,False
2011-11-01,US1NJSM0012,0,0.14,-0.14,-0.24,False
2011-11-01,US1NJSM0013,0,0.13,-0.13,-0.19,False
2011-11-01,US1NJSM0015,0,0.15,-0.15,-0.35,False
2011-11-01,US1NJSM0020,0,0.16,-0.16,-0.37,False
2011-11-01,US1NJSM0021,0,0.15,-0.15,-0.3,False
2011-11-01,US1NJSM0022,0,0.19,-0.19,-0.59,False
2011-11-01,US1NJSM0023,0,0.16,-0.16,-0.36,False
2011-11-01,US1NJSM0030,0,0.1,-0.1,0.03,False
2011-11-01,US1NJSM0033,0,0.16,-0.16,-0.41,False
2011-11-01,US1NJSM0034,0,0.13,-0.13,-0.17,False
2011-11-01,US1NJSS0001,0,0.12,-0.12,-0.08,False
2011-11-01,US1NJSS0007,0,0.11,-0.11,-0.05,False
2011-11-01,US1NJSS0020,0,0.1,-0.1,0.07,False
2011-11-01,US1NJSS0027,0,0.12,-0.12,-0.13,False
2011-11-01,US1NJSS0028,0,0.11,-0.11,-0.03,False
2011-11-01,US1NJWR0001,0,0.51,-0.51,-2.89,False
2011-11-01,US1NJWR0002,0,0.21,-0.21,-0.77,False
2011-11-01,US1NJWR0004,0,0.18,-0.18,-0.56,False
2011-11-01,US1NJWR0006,0,0.17,-0.17,-0.46,False
2011-11-01,US1NJWR0007,0,0.2,-0.2,-0.7,False
2011-11-01,US1NJWR0008,0,0.18,-0.18,-0.51,False
2011-11-01,US1NJWR0020,0,0.24,-0.24,-0.96,False
2011-11-01,US1NJWR0021,0,0.25,-0.25,-1.02,False
2011-11-01,US1NJWR0022,0,0.18,-0.18,-0.5,False
2011-11-01,US1NJWR0023,0,0.28,-0.28,-1.27,False
2011-11-01,US1NYCB0001,0,0.0,0.0,0.75,False
2011-11-01,US1NYDL0005,0,0.0,0.0,0.75,False
2011-11-01,US1NYDL0009,0,0.0,0.0,0.75,False
2011-11-01,US1NYDL0022,0,0.0,0.0,0.75,False
2011-11-01,US1NYDT0004,0,0.06,-0.06,0.35,False
2011-11-01,US1NYDT0005,0,0.05,-0.05,0.39,False
2011-11-01,US1NYDT0008,0,0.02,-0.02,0.63,False
2011-11-01,US1NYGR0006,0,0.0,0.0,0.75,False
2011-11-01,US1NYNS0007,3,0.09,2.91,21.44,True
2011-11-01,US1NYOR0006,0,0.07,-0.07,0.23,False
2011-11-01,US1NYPT0002,0,0.06,-0.06,0.33,False
2011-11-01,US1NYPT0004,0,0.06,-0.06,0.35,False
2011-11-01,US1NYRC0002,0,0.14,-0.14,-0.28,False
2011-11-01,US1NYSF0002,0,0.02,-0.02,0.59,False
2011-11-01,US1NYSF0003,0,0.06,-0.06,0.32,False
2011-11-01,US1NYSF0007,0,0.03,-0.03,0.56,False
2011-11-01,US1NYSF0016,0,0.1,-0.1,0.01,False
2011-11-01,US1NYSF0017,0,0.12,-0.12,-0.08,False
2011-11-01,US1NYSF0018,0,0.06,-0.06,0.33,False
2011-11-01,US1NYSF0019,0,0.03,-0.03,0.53,False
2011-11-01,US1NYSV0005,0,0.04,-0.04,0.49,False
2011-11-01,US1NYSV0006,0,0.0,0.0,0.75,False
2011-11-01,US1NYSV0008,0,0.04,-0.04,0.49,False
2011-11-01,US1NYUL0001,0,0.0,0.0,0.75,False
2011-11-01,US1NYUL0003,0,0.0,0.0,0.75,False
2011-11-01,US1NYUL0004,0,0.0,0.0,0.75,False
2011-11-01,US1NYUL0006,0,0.04,-0.04,0.47,False
2011-11-01,US1NYUL0009,0,0.04,-0.04,0.46,False
2011-11-01,US1NYWC0006,0,0.08,-0.08,0.2,False
2011-11-01,US1NYWC0007,0,0.09,-0.09,0.13,False
2011-11-01,US1PABK0004,0,0.5,-0.5,-2.79,False
2011-11-01,US1PABK0005,0,0.34,-0.34,-1.7,False
2011-11-01,US1PABK0013,0,0.22,-0.22,-0.81,False
2011-11-01,US1PABK0014,0,0.22,-0.22,-0.84,False
2011-11-01,US1PABK0015,0,0.25,-0.25,-1.04,False
2011-11-01,US1PABK0018,0,0.22,-0.22,-0.82,False
2011-11-01,US1PABK0026,0,0.28,-0.28,-1.21,False
2011-11-01,US1PACB0015,0,0.4,-0.4,-2.11,False
2011-11-01,US1PADL0003,0,0.33,-0.33,-1.62,False
2011-11-01,US1PAMN0007,0,0.27,-0.27,-1.14,False
2011-11-01,US1PAMT0006,0,0.35,-0.35,-1.72,False
2011-11-01,US1PAMT0007,0,0.68,-0.68,-4.06,True
2011-11-01,US1PAMT0013,0,0.3,-0.3,-1.42,False
2011-11-01,US1PAMT0016,0,0.32,-0.32,-1.52,False
2011-11-01,US1PAMT0020,0,0.43,-0.43,-2.31,False
2011-11-01,US1PAMT0022,0,0.36,-0.36,-1.8,False
2011-11-01,US1PAMT0025,0,0.64,-0.64,-3.82,True
2011-11-01,US1PAMT0038,13,0.16,12.84,91.97,True
2011-11-01,US1PAMT0042,0,0.28,-0.28,-1.23,False
2011-11-01,US1PAMT0048,0,0.29,-0.29,-1.33,False
2011-11-01,US1PAMT0051,0,0.42,-0.42,-2.26,False
2011-11-01,US1PAMT0055,0,0.47,-0.47,-2.61,False
2011-11-01,US1PAMT0056,0,0.38,-0.38,-1.98,False
2011-11-01,US1PAMT0060,0,0.28,-0.28,-1.22,False
2011-11-01,US1PAMT0063,0,0.25,-0.25,-1.05,False
2011-11-01,US1PAMT0064,0,0.34,-0.34,-1.66,False
2011-11-01,US1PANH0001,0,0.52,-0.52,-2.93,False
2011-11-01,US1PANH0009,0,0.64,-0.64,-3.78,True
2011-11-01,US1PAPH0002,0,0.23,-0.23,-0.87,False
2011-11-01,US1PAPH0004,0,0.23,-0.23,-0.9,False
2011-11-01,US1PAPH0006,0,0.27,-0.27,-1.15,False
2011-11-01,US1PAPH0008,0,0.27,-0.27,-1.18,False
2011-11-01,US1PAPK0004,0,0.08,-0.08,0.19,False
2011-11-01,US1PAPK0009,0,0.14,-0.14,-0.26,False
2011-11-01,US1PAPK0012,0,0.09,-0.09,0.11,False
2011-11-01,US1PASS0006,0,0.0,0.0,0.75,False
2011-11-01,US1PAWN0004,0,0.15,-0.15,-0.35,False
2011-11-01,US1PAWN0008,0,0.0,0.0,0.75,False
2011-11-01,US1PAWN0010,0,0.0,0.0,0.75,False
2011-11-01,US1PAWN0012,0,0.0,0.0,0.75,False
2011-11-01,US1PAWN0026,0,0.0,0.0,0.75,False
2011-11-01,US1PAWN0035,0,0.04,-0.04,0.47,False
2011-11-01,US1PAWN0038,0,0.08,-0.08,0.16,False
2011-11-01,US1PAWN0041,0,0.12,-0.12,-0.1,False
2011-11-01,US1PAWN0042,0,0.0,0.0,0.75,False
2011-11-01,US1PAWN0044,0,0.0,0.0,0.75,False
2011-11-01,USC00060128,0,0.06,-0.06,0.3,False
2011-11-01,USC00060227,0,0.0,0.0,0.75,False
2011-11-01,USC00060299,0,0.0,0.0,0.75,False
2011-11-01,USC00060808,0,0.07,-0.07,0.25,False
2011-11-01,USC00060961,0,0.02,-0.02,0.63,False
2011-11-01,USC00060973,0,0.0,0.0,0.75,False
2011-11-01,USC00061508,0,0.0,0.0,0.75,False
2011-11-01,USC00061762,0,0.06,-0.06,0.32,False
2011-11-01,USC00062658,0,0.0,0.0,0.75,False
2011-11-01,USC00063207,0,0.0,0.0,0.75,False
2011-11-01,USC00063420,0,0.0,0.0,0.75,False
2011-11-01,USC00065445,0,0.0,0.0,0.75,False
2011-11-01,USC00065910,0,0.0,0.0,0.75,False
2011-11-01,USC00066655,0,0.1,-0.1,0.05,False
2011-11-01,USC00066966,0,0.06,-0.06,0.33,False
2011-11-01,USC00067373,0,0.0,0.0,0.75,False
2011-11-01,USC00067958,0,0.0,0.0,0.75,False
2011-11-01,USC00068065,0,0.06,-0.06,0.31,False
2011-11-01,USC00068138,0,0.0,0.0,0.75,False
2011-11-01,USC00068330,0,0.0,0.0,0.75,False
2011-11-01,USC00190120,0,0.0,0.0,0.75,False
2011-11-01,USC00190408,0,0.0,0.0,0.75,False
2011-11-01,USC00190562,0,0.0,0.0,0.75,False
2011-11-01,USC00191821,0,0.0,0.0,0.75,False
2011-11-01,USC00192107,0,0.0,0.0,0.75,False
2011-11-01,USC00193172,0,0.0,0.0,0.75,False
2011-11-01,USC00193213,0,0.0,0.0,0.75,False
2011-11-01,USC00193402,0,0.0,0.0,0.75,False
2011-11-01,USC00194131,0,0.0,0.0,0.75,False
2011-11-01,USC00194154,0,0.0,0.0,0.75,False
2011-11-01,USC00197627,0,0.0,0.0,0.75,False
2011-11-01,USC00198278,0,0.0,0.0,0.75,False
2011-11-01,USC00198793,0,0.0,0.0,0.75,False
2011-11-01,USC00199193,0,0.0,0.0,0.75,False
2011-11-01,USC00199371,0,0.0,0.0,0.75,False
2011-11-01,USC00199972,0,0.0,0.0,0.75,False
2011-11-01,USC00280734,0,0.3,-0.3,-1.4,False
2011-11-01,USC00280847,0,0.14,-0.14,-0.24,False
2011-11-01,USC00280907,0,0.11,-0.11,-0.01,False
2011-11-01,USC00280927,0,0.14,-0.14,-0.22,False
2011-11-01,USC00280990,0,0.14,-0.14,-0.24,False
2011-11-01,USC00281327,0,0.11,-0.11,-0.04,False
2011-11-01,USC00281582,0,0.11,-0.11,-0.04,False
2011-11-01,USC00282023,0,0.13,-0.13,-0.21,False
2011-11-01,USC00283029,0,0.2,-0.2,-0.68,False
2011-11-01,USC00283181,0,0.13,-0.13,-0.18,False
2011-11-01,USC00283662,0,0.18,-0.18,-0.55,False
2011-11-01,USC00283704,0,0.15,-0.15,-0.31,False
2011-11-01,USC00283951,0,0.19,-0.19,-0.62,False
2011-11-01,USC00284229,0,0.2,-0.2,-0.65,False
2011-11-01,USC00284635,0,0.25,-0.25,-1.0,False
2011-11-01,USC00284987,0,0.05,-0.05,0.4,False
2011-11-01,USC00285503,0,0.2,-0.2,-0.67,False
2011-11-01,USC00285728,0,0.25,-0.25,-1.06,False
2011-11-01,USC00286055,0,0.15,-0.15,-0.34,False
2011-11-01,USC00286146,0,0.19,-0.19,-0.61,False
2011-11-01,USC00286460,0,0.1,-0.1,0.01,False
2011-11-01,USC00286864,0,0.37,-0.37,-1.86,False
2011-11-01,USC00286964,0,0.29,-0.29,-1.32,False
2011-11-01,USC00286979,13,0.2,12.8,91.69,True
2011-11-01,USC00287301,0,0.17,-0.17,-0.44,False
2011-11-01,USC00287486,0,0.52,-0.52,-2.96,False
2011-11-01,USC00287587,0,0.11,-0.11,-0.0,False
2011-11-01,USC00287865,0,0.1,-0.1,0.07,False
2011-11-01,USC00288173,0,0.91,-0.91,-5.73,True
2011-11-01,USC00288644,0,0.1,-0.1,0.05,False
2011-11-01,USC00289187,0,0.1,-0.1,0.07,False
2011-11-01,USC00289363,0,0.2,-0.2,-0.68,False
2011-11-01,USC00289832,0,0.16,-0.16,-0.4,False
2011-11-01,USC00300063,0,0.0,0.0,0.75,False
2011-11-01,USC00300254,0,0.0,0.0,0.75,False
2011-11-01,USC00300364,0,0.02,-0.02,0.59,False
2011-11-01,USC00300732,0,0.04,-0.04,0.48,False
2011-11-01,USC00300889,0,0.0,0.0,0.75,False
2011-11-01,USC00300961,0,0.2,-0.2,-0.67,False
2011-11-01,USC00301095,0,0.0,0.0,0.75,False
2011-11-01,USC00301102,0,0.0,0.0,0.75,False
2011-11-01,USC00301211,0,0.06,-0.06,0.31,False
2011-11-01,USC00301309,0,0.11,-0.11,-0.03,False
2011-11-01,USC00302060,0,0.0,0.0,0.75,False
2011-11-01,USC00302151,0,0.11,-0.11,-0.04,False
2011-11-01,USC00302169,0,0.0,0.0,0.75,False
2011-11-01,USC00302366,0,0.0,0.0,0.75,False
2011-11-01,USC00302454,0,0.0,0.0,0.75,False
2011-11-01,USC00304025,0,0.0,0.0,0.75,False
2011-11-01,USC00304575,0,0.0,0.0,0.75,False
2011-11-01,USC00304731,0,0.0,0.0,0.75,False
2011-11-01,USC00305113,0,0.0,0.0,0.75,False
2011-11-01,USC00305426,0,0.02,-0.02,0.63,False
2011-11-01,USC00305606,0,0.09,-0.09,0.12,False
2011-11-01,USC00306217,0,0.0,0.0,0.75,False
2011-11-01,USC00306570,0,0.0,0.0,0.75,False
2011-11-01,USC00306649,0,0.0,0.0,0.75,False
2011-11-01,USC00306774,0,0.08,-0.08,0.2,False
2011-11-01,USC00306820,0,0.04,-0.04,0.47,False
2011-11-01,USC00307035,0,0.0,0.0,0.75,False
2011-11-01,USC00307134,0,0.02,-0.02,0.59,False
2011-11-01,USC00307210,0,0.04,-0.04,0.49,False
2011-11-01,USC00307274,0,0.01,-0.01,0.65,False
2011-11-01,USC00307799,0,0.0,0.0,0.75,False
2011-11-01,USC00308670,0,0.0,0.0,0.75,False
2011-11-01,USC00308721,0,0.06,-0.06,0.35,False
2011-11-01,USC00308932,0,0.0,0.0,0.75,False
2011-11-01,USC00309292,0,0.07,-0.07,0.25,False
2011-11-01,USC00361080,0,0.41,-0.41,-2.16,False
2011-11-01,USC00361737,0,0.29,-0.29,-1.3,False
2011-11-01,USC00362671,0,0.0,0.0,0.75,False
2011-11-01,USC00363437,0,0.55,-0.55,-3.14,False
2011-11-01,USC00363488,0,0.68,-0.68,-4.09,True
2011-11-01,USC00363758,0,0.08,-0.08,0.16,False
2011-11-01,USC00365390,0,0.36,-0.36,-1.8,False
2011-11-01,USC00365470,0,0.08,-0.08,0.2,False
2011-11-01,USC00365738,0,0.0,0.0,0.75,False
2011-11-01,USC00366194,0,0.22,-0.22,-0.82,False
2011-11-01,USC00366370,0,0.3,-0.3,-1.36,False
2011-11-01,USC00366886,0,0.3,-0.3,-1.4,False
2011-11-01,USC00366927,0,0.42,-0.42,-2.27,False
2011-11-01,USC00367029,0,0.0,0.0,0.75,False
2011-11-01,USC00367040,0,0.15,-0.15,-0.35,False
2011-11-01,USC00367186,0,0.04,-0.04,0.47,False
2011-11-01,USC00367938,0,0.37,-0.37,-1.87,False
2011-11-01,USC00368263,0,0.24,-0.24,-0.96,False
2011-11-01,USC00368400,3,0.42,2.58,19.05,True
2011-11-01,USC00368596,0,0.23,-0.23,-0.91,False
2011-11-01,USW00004781,0,0.1,-0.1,0.03,False
2011-11-01,USW00004789,0,0.06,-0.06,0.33,False
2011-11-01,USW00013739,0,0.33,-0.33,-1.61,False
2011-11-01,USW00014707,0,0.0,0.0,0.75,False
2011-11-01,USW00014719,0,0.03,-0.03,0.54,False
2011-11-01,USW00014732,0,0.2,-0.2,-0.66,False
2011-11-01,USW00014734,0,0.15,-0.15,-0.3,False
2011-11-01,USW00014737,3,0.44,2.56,18.91,True
2011-11-01,USW00014740,0,0.0,0.0,0.75,False
2011-11-01,USW00014752,0,0.0,0.0,0.75,False
2011-11-01,USW00014757,0,0.04,-0.04,0.48,False
2011-11-01,USW00014758,0,0.02,-0.02,0.59,False
2011-11-01,USW00014763,0,0.0,0.0,0.75,False
2011-11-01,USW00014775,0,0.0,0.0,0.75,False
2011-11-01,USW00014792,0,0.25,-0.25,-1.02,False
2011-11-01,USW00054734,0,0.06,-0.06,0.29,False
2011-11-01,USW00054743,0,0.13,-0.13,-0.21,False
2011-11-01,USW00054767,0,0.0,0.0,0.75,False
2011-11-01,USW00054779,0,0.12,-0.12,-0.08,False
2011-11-01,USW00054785,0,0.14,-0.14,-0.26,False
2011-11-01,USW00054786,0,0.26,-0.26,-1.12,False
2011-11-01,USW00054787,0,0.13,-0.13,-0.21,False
2011-11-01,USW00054788,0,0.0,0.0,0.75,False
2011-11-01,USW00054789,0,0.24,-0.24,-0.94,False
2011-11-01,USW00054790,0,0.06,-0.06,0.3,False
2011-11-01,USW00054793,0,0.11,-0.11,-0.0,False
2011-11-01,USW00064756,0,0.02,-0.02,0.64,False
2011-11-01,USW00093780,0,0.28,-0.28,-1.22,False
2011-11-01,USW00094702,0,0.07,-0.07,0.22,False
2011-11-01,USW00094728,0,0.23,-0.23,-0.86,False
2011-11-01,USW00094732,0,0.27,-0.27,-1.2,False
2011-11-01,USW00094741,0,0.31,-0.31,-1.44,False
2011-11-01,USW00094745,0,0.11,-0.11,-0.02,False
2011-11-01,USW00094789,0,0.19,-0.19,-0.61,False
2011-11-02,US1CTFR0005,0,0.0,0.0,1.13,False
2011-11-02,US1CTFR0009,0,0.0,0.0,1.13,False
2011-11-02,US1CTFR0020,0,0.0,0.0,1.13,False
2011-11-02,US1CTHR0005,0,0.0,0.0,1.13,False
2011-11-02,US1CTHR0008,0,0.0,0.0,1.13,False
2011-11-02,US1CTMD0001,0,0.0,0.0,1.13,False
2011-11-02,US1CTMD0002,0,0.0,0.0,1.13,False
2011-11-02,US1CTNH0009,0,0.0,0.0,1.13,False
2011-11-02,US1CTNH0013,0,0.0,0.0,1.13,False
2011-11-02,US1CTNH0014,0,0.0,0.0,1.13,False
2011-11-02,US1CTNL0005,0,0.0,0.0,1.13,False
2011-11-02,US1CTTL0004,0,0.0,0.0,1.13,False
2011-11-02,US1CTWN0001,0,0.0,0.0,1.13,False
2011-11-02,US1MABE0003,0,0.0,0.0,1.13,False
2011-11-02,US1MABE0004,0,0.0,0.0,1.13,False
2011-11-02,US1MAHD0007,0,0.0,0.0,1.13,False
2011-11-02,US1MAHS0002,0,0.0,0.0,1.13,False
2011-11-02,US1NJAT0001,0,0.15,-0.15,-3.01,False
2011-11-02,US1NJAT0002,0,0.13,-0.13,-2.47,False
2011-11-02,US1NJAT0005,0,0.09,-0.09,-1.47,False
2011-11-02,US1NJBG0002,0,0.02,-0.02,0.47,False
2011-11-02,US1NJBG0003,0,0.03,-0.03,0.27,False
2011-11-02,US1NJBG0008,0,0.02,-0.02,0.47,False
2011-11-02,US1NJBG0015,0,0.03,-0.03,0.22,False
2011-11-02,US1NJBG0017,0,0.02,-0.02,0.45,False
2011-11-02,US1NJBG0023,0,0.01,-0.01,0.77,False
2011-11-02,US1NJBG0029,0,0.01,-0.01,0.76,False
2011-11-02,US1NJBG0030,0,0.01,-0.01,0.77,False
2011-11-02,US1NJBG0033,0,0.03,-0.03,0.3,False
2011-11-02,US1NJBT0003,0,0.07,-0.07,-0.7,False
2011-11-02,US1NJBT0004,0,0.04,-0.04,0.0,False
2011-11-02,US1NJBT0005,0,0.07,-0.07,-0.72,False
2011-11-02,US1NJBT0006,0,0.06,-0.06,-0.38,False
2011-11-02,US1NJBT0007,0,0.1,-0.1,-1.68,False
2011-11-02,US1NJBT0018,0,0.07,-0.07,-0.66,False
2011-11-02,US1NJBT0022,0,0.07,-0.07,-0.8,False
2011-11-02,US1NJBT0023,0,0.06,-0.06,-0.42,False
2011-11-02,US1NJBT0025,0,0.11,-0.11,-1.86,False
2011-11-02,US1NJBT0027,0,0.06,-0.06,-0.41,False
2011-11-02,US1NJBT0028,0,0.06,-0.06,-0.63,False
2011-11-02,US1NJBT0029,0,0.09,-0.09,-1.21,False
2011-11-02,US1NJBT0032,0,0.07,-0.07,-0.91,False
2011-11-02,US1NJBT0035,0,0.07,-0.07,-0.66,False
2011-11-02,US1NJBT0037,0,0.06,-0.06,-0.39,False
2011-11-02,US1NJCN0001,0,0.06,-0.06,-0.47,False
2011-11-02,US1NJCN0005,0,0.1,-0.1,-1.74,False
2011-11-02,US1NJCN0011,0,0.08,-0.08,-1.04,False
2011-11-02,US1NJCN0015,0,0.07,-0.07,-0.82,False
2011-11-02,US1NJGL0001,0,0.11,-0.11,-1.97,False
2011-11-02,US1NJGL0006,0,0.27,-0.27,-6.42,True
2011-11-02,US1NJGL0011,0,0.12,-0.12,-2.14,False
2011-11-02,US1NJHD0002,0,0.03,-0.03,0.2,False
2011-11-02,US1NJHN0001,0,0.06,-0.06,-0.48,False
2011-11-02,US1NJHN0004,0,0.04,-0.04,-0.1,False
2011-11-02,US1NJHN0005,0,0.06,-0.06,-0.45,False
2011-11-02,US1NJHN0008,0,0.06,-0.06,-0.4,False
2011-11-02,US1NJHN0010,0,0.05,-0.05,-0.25,False
2011-11-02,US1NJHN0011,0,0.09,-0.09,-1.25,False
2011-11-02,US1NJHN0012,0,0.05,-0.05,-0.19,False
2011-11-02,US1NJHN0015,0,0.05,-0.05,-0.18,False
2011-11-02,US1NJHN0019,0,0.05,-0.05,-0.21,False
2011-11-02,US1NJHN0021,0,0.06,-0.06,-0.57,False
2011-11-02,US1NJHN0022,0,0.04,-0.04,-0.02,False
2011-11-02,US1NJMC0001,0,0.06,-0.06,-0.39,False
2011-11-02,US1NJMC0003,0,0.07,-0.07,-0.69,False
2011-11-02,US1NJMC0005,0,0.06,-0.06,-0.46,False
2011-11-02,US1NJMC0008,0,0.05,-0.05,-0.35,False
2011-11-02,US1NJMC0009,0,0.05,-0.05,-0.34,False
2011-11-02,US1NJMC0011,0,0.06,-0.06,-0.47,False
2011-11-02,US1NJMC0016,0,0.09,-0.09,-1.35,False
2011-11-02,US1NJMC0022,0,0.05,-0.05,-0.37,False
2011-11-02,US1NJMD0002,0,0.06,-0.06,-0.42,False
2011-11-02,US1NJMD0009,0,0.06,-0.06,-0.41,False
2011-11-02,US1NJMD0023,0,0.05,-0.05,-0.26,False
2011-11-02,US1NJMD0024,0,0.05,-0.05,-0.37,False
2011-11-02,US1NJMD0033,0,0.05,-0.05,-0.28,False
2011-11-02,US1NJMN0005,0,0.08,-0.08,-1.12,False
2011-11-02,US1NJMN0006,0,0.07,-0.07,-0.79,False
2011-11-02,US1NJMN0010,0,0.07,-0.07,-0.83,False
2011-11-02,US1NJMN0015,0,0.08,-0.08,-0.96,False
2011-11-02,US1NJMN0017,3,0.1,2.9,80.99,True
2011-11-02,US1NJMN0019,0,0.08,-0.08,-1.13,False
2011-11-02,US1NJMN0020,0,0.1,-0.1,-1.52,False
2011-11-02,US1NJMN0024,0,0.09,-0.09,-1.38,False
2011-11-02,US1NJMN0029,0,0.07,-0.07,-0.67,False
2011-11-02,US1NJMN0032,0,0.06,-0.06,-0.54,False
2011-11-02,US1NJMN0044,0,0.04,-0.04,-0.07,False
2011-11-02,US1NJMN0048,0,0.05,-0.05,-0.24,False
2011-11-02,US1NJMN0051,0,0.04,-0.04,-0.08,False
2011-11-02,US1NJMS0002,0,0.05,-0.05,-0.3,False
2011-11-02,US1NJMS0004,0,0.04,-0.04,0.03,False
2011-11-02,US1NJMS0006,0,0.04,-0.04,0.0,False
2011-11-02,US1NJMS0009,0,0.05,-0.05,-0.25,False
2011-11-02,US1NJMS0011,0,0.04,-0.04,0.07,False
2011-11-02,US1NJMS0014,0,0.04,-0.04,-0.03,False
2011-11-02,US1NJMS0015,0,0.06,-0.06,-0.45,False
2011-11-02,US1NJMS0018,0,0.04,-0.04,0.04,False
2011-11-02,US1NJMS0019,0,0.05,-0.05,-0.35,False
2011-11-02,US1NJMS0021,0,0.05,-0.05,-0.21,False
2011-11-02,US1NJMS0022,0,0.05,-0.05,-0.3,False
2011-11-02,US1NJMS0023,0,0.05,-0.05,-0.14,False
2011-11-02,US1NJMS0031,0,0.04,-0.04,0.08,False
2011-11-02,US1NJMS0035,0,0.04,-0.04,0.07,False
2011-11-02,US1NJMS0036,0,0.03,-0.03,0.22,False
2011-11-02,US1NJMS0049,0,0.04,-0.04,0.03,False
2011-11-02,US1NJOC0006,0,0.12,-0.12,-2.15,False
2011-11-02,US1NJOC0008,0,0.12,-0.12,-2.12,False
2011-11-02,US1NJOC0012,0,0.1,-0.1,-1.66,False
2011-11-02,US1NJOC0013,0,0.11,-0.11,-1.89,False
2011-11-02,US1NJOC0017,0,0.13,-0.13,-2.47,False
2011-11-02,US1NJOC0024,0,0.13,-0.13,-2.52,False
2011-11-02,US1NJOC0034,0,0.28,-0.28,-6.49,True
2011-11-02,US1NJOC0036,0,0.11,-0.11,-1.96,False
2011-11-02,US1NJOC0038,0,0.13,-0.13,-2.38,False
2011-11-02,US1NJOC0040,5,0.08,4.92,136.54,True
2011-11-02,US1NJOC0042,0,0.13,-0.13,-2.5,False
2011-11-02,US1NJOC0051,0,0.11,-0.11,-1.76,False
2011-11-02,US1NJPS0004,0,0.02,-0.02,0.45,False
2011-11-02,US1NJPS0005,0,0.02,-0.02,0.53,False
2011-11-02,US1NJPS0012,0,0.03,-0.03,0.27,False
2011-11-02,US1NJPS0013,0,0.02,-0.02,0.46,False
2011-11-02,US1NJPS0014,0,0.02,-0.02,0.52,False
2011-11-02,US1NJPS0016,0,0.02,-0.02,0.48,False
2011-11-02,US1NJPS0019,0,0.02,-0.02,0.54,False
2011-11-02,US1NJPS0022,0,0.01,-0.01,0.73,False
2011-11-02,US1NJSL0002,0,0.14,-0.14,-2.79,False
2011-11-02,US1NJSL0003,5,0.03,4.97,137.78,True
2011-11-02,US1NJSM0001,0,0.05,-0.05,-0.24,False
2011-11-02,US1NJSM0002,0,0.05,-0.05,-0.37,False
2011-11-02,US1NJSM0003,0,0.05,-0.05,-0.32,False
2011-11-02,US1NJSM0004,0,0.05,-0.05,-0.21,False
2011-11-02,US1NJSM0005,0,0.34,-0.34,-8.36,True
2011-11-02,US1NJSM0011,0,0.12,-0.12,-2.04,False
2011-11-02,US1NJSM0012,0,0.05,-0.05,-0.33,False
2011-11-02,US1NJSM0013,0,0.07,-0.07,-0.87,False
2011-11-02,US1NJSM0015,0,0.05,-0.05,-0.33,False
2011-11-02,US1NJSM0020,0,0.05,-0.05,-0.2,False
2011-11-02,US1NJSM0021,0,0.05,-0.05,-0.22,False
2011-11-02,US1NJSM0022,0,0.05,-0.05,-0.27,False
2011-11-02,US1NJSM0023,0,0.05,-0.05,-0.21,False
2011-11-02,US1NJSM0027,0,0.06,-0.06,-0.4,False
2011-11-02,US1NJSM0030,0,0.05,-0.05,-0.25,False
2011-11-02,US1NJSM0031,0,0.07,-0.07,-0.76,False
2011-11-02,US1NJSM0033,0,0.06,-0.06,-0.57,False
2011-11-02,US1NJSM0034,0,0.07,-0.07,-0.75,False
2011-11-02,US1NJSS0001,0,0.03,-0.03,0.31,False
2011-11-02,US1NJSS0007,0,0.03,-0.03,0.39,False
2011-11-02,US1NJSS0020,0,0.03,-0.03,0.35,False
2011-11-02,US1NJSS0027,0,0.03,-0.03,0.24,False
2011-11-02,US1NJSS0028,0,0.04,-0.04,-0.1,False
2011-11-02,US1NJWR0001,0,0.05,-0.05,-0.18,False
2011-11-02,US1NJWR0002,0,0.05,-0.05,-0.18,False
2011-11-02,US1NJWR0004,0,0.03,-0.03,0.19,False
2011-11-02,US1NJWR0006,0,0.05,-0.05,-0.27,False
2011-11-02,US1NJWR0007,0,0.05,-0.05,-0.19,False
2011-11-02,US1NJWR0008,0,0.03,-0.03,0.22,False
2011-11-02,US1NJWR0020,0,0.05,-0.05,-0.18,False
2011-11-02,US1NJWR0021,0,0.05,-0.05,-0.27,False
2011-11-02,US1NJWR0022,0,0.04,-0.04,0.11,False
2011-11-02,US1NJWR0023,0,0.05,-0.05,-0.2,False
2011-11-02,US1NYCB0001,0,0.0,0.0,1.13,False
2011-11-02,US1NYDL0005,0,0.0,0.0,1.13,False
2011-11-02,US1NYDL0009,0,0.05,-0.05,-0.29,False
2011-11-02,US1NYDL0022,0,0.0,0.0,1.13,False
2011-11-02,US1NYDT0004,0,0.0,0.0,1.13,False
2011-11-02,US1NYDT0005,0,0.0,0.0,1.13,False
2011-11-02,US1NYDT0008,0,0.0,0.0,1.13,False
2011-11-02,US1NYGR0005,0,0.0,0.0,1.13,False
2011-11-02,US1NYGR0006,0,0.0,0.0,1.13,False
2011-11-02,US1NYNS0007,0,0.05,-0.05,-0.16,False
2011-11-02,US1NYOR0006,0,0.03,-0.03,0.34,False
2011-11-02,US1NYPT0002,0,0.0,0.0,1.13,False
2011-11-02,US1NYPT0004,0,0.0,0.0,1.13,False
2011-11-02,US1NYRC0002,0,0.06,-0.06,-0.4,False
2011-11-02,US1NYSF0002,0,0.0,0.0,1.13,False
2011-11-02,US1NYSF0003,0,0.0,0.0,1.13,False
2011-11-02,US1NYSF0007,0,0.0,0.0,1.13,False
2011-11-02,US1NYSF0016,0,0.0,0.0,1.13,False
2011-11-02,US1NYSF0017,0,0.0,0.0,1.13,False
2011-11-02,US1NYSF0018,0,0.0,0.0,1.13,False
2011-11-02,US1NYSF0019,0,0.0,0.0,1.13,False
2011-11-02,US1NYSV0005,0,0.03,-0.03,0.37,False
2011-11-02,US1NYSV0006,0,0.07,-0.07,-0.9,False
2011-11-02,US1NYSV0008,0,0.03,-0.03,0.43,False
2011-11-02,US1NYSV0009,0,0.03,-0.03,0.32,False
2011-11-02,US1NYUL0001,0,0.0,0.0,1.13,False
2011-11-02,US1NYUL0003,0,0.0,0.0,1.13,False
2011-11-02,US1NYUL0006,0,0.0,0.0,1.13,False
2011-11-02,US1NYUL0009,0,0.0,0.0,1.13,False
2011-11-02,US1NYWC0006,0,0.0,0.0,1.13,False
2011-11-02,US1NYWC0007,0,0.0,0.0,1.13,False
2011-11-02,US1PABK0004,0,0.03,-0.03,0.34,False
2011-11-02,US1PABK0005,0,0.04,-0.04,-0.06,False
2011-11-02,US1PABK0013,0,0.05,-0.05,-0.27,False
2011-11-02,US1PABK0014,0,0.05,-0.05,-0.35,False
2011-11-02,US1PABK0015,0,0.05,-0.05,-0.19,False
2011-11-02,US1PABK0018,0,0.06,-0.06,-0.41,False
2011-11-02,US1PABK0026,0,0.04,-0.04,-0.06,False
2011-11-02,US1PADL0003,0,0.06,-0.06,-0.5,False
2011-11-02,US1PAMN0007,0,0.05,-0.05,-0.25,False
2011-11-02,US1PAMT0006,0,0.04,-0.04,-0.0,False
2011-11-02,US1PAMT0007,0,0.04,-0.04,0.15,False
2011-11-02,US1PAMT0012,0,0.03,-0.03,0.24,False
2011-11-02,US1PAMT0013,0,0.04,-0.04,-0.08,False
2011-11-02,US1PAMT0016,0,0.04,-0.04,-0.03,False
2011-11-02,US1PAMT0020,0,0.04,-0.04,0.11,False
2011-11-02,US1PAMT0022,0,0.04,-0.04,0.06,False
2011-11-02,US1PAMT0038,0,0.04,-0.04,0.12,False
2011-11-02,US1PAMT0042,0,0.04,-0.04,-0.05,False
2011-11-02,US1PAMT0048,0,0.06,-0.06,-0.48,False
2011-11-02,US1PAMT0051,0,0.03,-0.03,0.19,False
2011-11-02,US1PAMT0055,0,0.03,-0.03,0.26,False
2011-11-02,US1PAMT0056,0,0.04,-0.04,0.04,False
2011-11-02,US1PAMT0060,0,0.05,-0.05,-0.22,False
2011-11-02,US1PAMT0063,0,0.05,-0.05,-0.24,False
2011-11-02,US1PAMT0064,0,0.05,-0.05,-0.16,False
2011-11-02,US1PANH0001,0,0.04,-0.04,0.13,False
2011-11-02,US1PANH0009,0,0.05,-0.05,-0.16,False
2011-11-02,US1PAPH0002,0,0.04,-0.04,-0.1,False
2011-11-02,US1PAPH0004,0,0.05,-0.05,-0.11,False
2011-11-02,US1PAPH0006,0,0.05,-0.05,-0.3,False
2011-11-02,US1PAPH0008,0,0.05,-0.05,-0.36,False
2011-11-02,US1PAPK0004,0,0.11,-0.11,-1.99,False
2011-11-02,US1PAPK0009,0,0.05,-0.05,-0.35,False
2011-11-02,US1PAPK0012,0,0.09,-0.09,-1.29,False
2011-11-02,US1PASS0006,0,0.15,-0.15,-3.03,False
2011-11-02,US1PAWN0004,0,0.24,-0.24,-5.5,True
2011-11-02,US1PAWN0008,0,0.08,-0.08,-0.97,False
2011-11-02,US1PAWN0010,0,0.11,-0.11,-1.81,False
2011-11-02,US1PAWN0012,0,0.13,-0.13,-2.36,False
2011-11-02,US1PAWN0026,0,0.13,-0.13,-2.56,False
2011-11-02,US1PAWN0035,0,0.11,-0.11,-1.77,False
2011-11-02,US1PAWN0038,0,0.24,-0.24,-5.48,True
2011-11-02,US1PAWN0041,5,0.0,5.0,138.67,True
2011-11-02,US1PAWN0042,0,0.12,-0.12,-2.25,False
2011-11-02,US1PAWN0044,0,0.09,-0.09,-1.25,False
2011-11-02,USC00060128,0,0.0,0.0,1.13,False
2011-11-02,USC00060227,0,0.0,0.0,1.13,False
2011-11-02,USC00060299,0,0.0,0.0,1.13,False
2011-11-02,USC00060808,0,0.0,0.0,1.13,False
2011-11-02,USC00060961,0,0.0,0.0,1.13,False
2011-11-02,USC00060973,0,0.0,0.0,1.13,False
2011-11-02,USC00061508,0,0.0,0.0,1.13,False
2011-11-02,USC00061762,0,0.0,0.0,1.13,False
2011-11-02,USC00062658,0,0.0,0.0,1.13,False
2011-11-02,USC00063207,0,0.0,0.0,1.13,False
2011-11-02,USC00063420,0,0.0,0.0,1.13,False
2011-11-02,USC00065445,0,0.0,0.0,1.13,False
2011-11-02,USC00065910,0,0.0,0.0,1.13,False
2011-11-02,USC00066655,0,0.0,0.0,1.13,False
2011-11-02,USC00066966,0,0.0,0.0,1.13,False
2011-11-02,USC00067373,0,0.0,0.0,1.13,False
2011-11-02,USC00067958,0,0.0,0.0,1.13,False
2011-11-02,USC00068065,0,0.0,0.0,1.13,False
2011-11-02,USC00068138,0,0.0,0.0,1.13,False
2011-11-02,USC00068330,0,0.0,0.0,1.13,False
2011-11-02,USC00190120,0,0.0,0.0,1.13,False
2011-11-02,USC00190408,0,0.0,0.0,1.13,False
2011-11-02,USC00190562,0,0.0,0.0,1.13,False
2011-11-02,USC00191821,0,0.0,0.0,1.13,False
2011-11-02,USC00192107,0,0.0,0.0,1.13,False
2011-11-02,USC00193172,0,0.0,0.0,1.13,False
2011-11-02,USC00193213,0,0.0,0.0,1.13,False
2011-11-02,USC00193402,0,0.0,0.0,1.13,False
2011-11-02,USC00194131,0,0.0,0.0,1.13,False
2011-11-02,USC00194154,0,0.0,0.0,1.13,False
2011-11-02,USC00197627,0,0.0,0.0,1.13,False
2011-11-02,USC00198278,0,0.0,0.0,1.13,False
2011-11-02,USC00198793,0,0.0,0.0,1.13,False
2011-11-02,USC00199193,0,0.0,0.0,1.13,False
2011-11-02,USC00199371,0,0.0,0.0,1.13,False
2011-11-02,USC00199972,0,0.0,0.0,1.13,False
2011-11-02,USC00280734,0,0.04,-0.04,-0.09,False
2011-11-02,USC00280847,0,0.05,-0.05,-0.23,False
2011-11-02,USC00280907,0,0.03,-0.03,0.3,False
2011-11-02,USC00280927,0,0.06,-0.06,-0.6,False
2011-11-02,USC00280990,0,0.14,-0.14,-2.72,False
2011-11-02,USC00281327,0,0.03,-0.03,0.43,False
2011-11-02,USC00281582,0,0.03,-0.03,0.32,False
2011-11-02,USC00282023,0,0.05,-0.05,-0.2,False
2011-11-02,USC00283029,0,0.05,-0.05,-0.17,False
2011-11-02,USC00283181,0,0.11,-0.11,-1.83,False
2011-11-02,USC00283662,0,0.09,-0.09,-1.4,False
2011-11-02,USC00283704,0,0.04,-0.04,0.11,False
2011-11-02,USC00283951,0,0.09,-0.09,-1.39,False
2011-11-02,USC00284229,0,0.08,-0.08,-0.98,False
2011-11-02,USC00284635,0,0.05,-0.05,-0.31,False
2011-11-02,USC00284987,0,0.05,-0.05,-0.24,False
2011-11-02,USC00285503,0,0.03,-0.03,0.44,False
2011-11-02,USC00285728,0,0.04,-0.04,0.0,False
2011-11-02,USC00286055,0,0.06,-0.06,-0.49,False
2011-11-02,USC00286146,0,0.03,-0.03,0.33,False
2011-11-02,USC00286460,0,0.03,-0.03,0.31,False
2011-11-02,USC00286864,0,0.06,-0.06,-0.41,False
2011-11-02,USC00286964,0,0.06,-0.06,-0.62,False
2011-11-02,USC00286979,0,0.05,-0.05,-0.29,False
2011-11-02,USC00287301,0,0.07,-0.07,-0.74,False
2011-11-02,USC00287486,0,0.05,-0.05,-0.22,False
2011-11-02,USC00287587,0,0.02,-0.02,0.58,False
2011-11-02,USC00287865,0,0.06,-0.06,-0.56,False
2011-11-02,USC00288173,0,0.07,-0.07,-0.82,False
2011-11-02,USC00288644,0,0.03,-0.03,0.38,False
2011-11-02,USC00289187,0,0.02,-0.02,0.53,False
2011-11-02,USC00289363,0,0.05,-0.05,-0.24,False
2011-11-02,USC00289832,0,0.02,-0.02,0.64,False
2011-11-02,USC00300063,0,0.0,0.0,1.13,False
2011-11-02,USC00300254,0,0.05,-0.05,-0.16,False
2011-11-02,USC00300364,0,0.0,0.0,1.13,False
2011-11-02,USC00300732,0,0.03,-0.03,0.44,False
2011-11-02,USC00300889,0,0.0,0.0,1.13,False
2011-11-02,USC00300961,0,0.04,-0.04,0.1,False
2011-11-02,USC00301095,0,0.0,0.0,1.13,False
2011-11-02,USC00301102,0,0.06,-0.06,-0.56,False
2011-11-02,USC00301211,0,0.0,0.0,1.13,False
2011-11-02,USC00301309,0,0.0,0.0,1.13,False
2011-11-02,USC00301761,0,0.0,0.0,1.13,False
2011-11-02,USC00302060,0,0.09,-0.09,-1.4,False
2011-11-02,USC00302151,0,0.0,0.0,1.13,False
2011-11-02,USC00302169,0,0.06,-0.06,-0.47,False
2011-11-02,USC00302366,0,0.0,0.0,1.13,False
2011-11-02,USC00302454,0,0.06,-0.06,-0.63,False
2011-11-02,USC00304025,0,0.0,0.0,1.13,False
2011-11-02,USC00304731,0,0.05,-0.05,-0.19,False
2011-11-02,USC00305113,0,0.0,0.0,1.13,False
2011-11-02,USC00305426,0,0.0,0.0,1.13,False
2011-11-02,USC00305606,0,0.0,0.0,1.13,False
2011-11-02,USC00306217,0,0.0,0.0,1.13,False
2011-11-02,USC00306570,0,0.0,0.0,1.13,False
2011-11-02,USC00306649,0,0.0,0.0,1.13,False
2011-11-02,USC00306774,0,0.04,-0.04,0.06,False
2011-11-02,USC00306820,0,0.0,0.0,1.13,False
2011-11-02,USC00307035,0,0.0,0.0,1.13,False
2011-11-02,USC00307134,0,0.0,0.0,1.13,False
2011-11-02,USC00307210,0,0.03,-0.03,0.26,False
2011-11-02,USC00307274,0,0.0,0.0,1.13,False
2011-11-02,USC00307799,0,0.04,-0.04,0.15,False
2011-11-02,USC00308670,0,0.0,0.0,1.13,False
2011-11-02,USC00308721,0,0.0,0.0,1.13,False
2011-11-02,USC00308932,0,0.06,-0.06,-0.62,False
2011-11-02,USC00309292,0,0.0,0.0,1.13,False
2011-11-02,USC00361080,0,0.04,-0.04,0.05,False
2011-11-02,USC00361737,0,0.05,-0.05,-0.26,False
2011-11-02,USC00362671,0,0.08,-0.08,-1.19,False
2011-11-02,USC00363437,0,0.03,-0.03,0.39,False
2011-11-02,USC00363488,0,0.04,-0.04,-0.02,False
2011-11-02,USC00363758,0,0.15,-0.15,-3.04,False
2011-11-02,USC00365390,0,0.08,-0.08,-0.96,False
2011-11-02,USC00365470,0,0.04,-0.04,0.03,False
2011-11-02,USC00365738,0,0.07,-0.07,-0.93,False
2011-11-02,USC00366194,0,0.05,-0.05,-0.24,False
2011-11-02,USC00366370,0,0.05,-0.05,-0.16,False
2011-11-02,USC00366886,0,0.06,-0.06,-0.57,False
2011-11-02,USC00366927,0,0.05,-0.05,-0.19,False
2011-11-02,USC00367040,0,0.16,-0.16,-3.4,False
2011-11-02,USC00367186,0,0.1,-0.1,-1.64,False
2011-11-02,USC00367938,0,0.04,-0.04,-0.06,False
2011-11-02,USC00368263,0,0.05,-0.05,-0.27,False
2011-11-02,USC00368400,0,0.05,-0.05,-0.28,False
2011-11-02,USC00368596,0,0.05,-0.05,-0.19,False
2011-11-02,USW00004781,0,0.0,0.0,1.13,False
2011-11-02,USW00004789,0,0.02,-0.02,0.52,False
2011-11-02,USW00013739,0,0.08,-0.08,-1.05,False
2011-11-02,USW00014707,0,0.0,0.0,1.13,False
2011-11-02,USW00014719,0,0.0,0.0,1.13,False
2011-11-02,USW00014732,0,0.04,-0.04,0.05,False
2011-11-02,USW00014734,0,0.05,-0.05,-0.12,False
2011-11-02,USW00014737,0,0.04,-0.04,0.16,False
2011-11-02,USW00014740,0,0.0,0.0,1.13,False
2011-11-02,USW00014752,0,0.0,0.0,1.13,False
2011-11-02,USW00014757,0,0.0,0.0,1.13,False
2011-11-02,USW00014758,0,0.0,0.0,1.13,False
2011-11-02,USW00014763,0,0.0,0.0,1.13,False
2011-11-02,USW00014775,0,0.0,0.0,1.13,False
2011-11-02,USW00014792,0,0.06,-0.06,-0.38,False
2011-11-02,USW00054734,0,0.0,0.0,1.13,False
2011-11-02,USW00054743,0,0.03,-0.03,0.24,False
2011-11-02,USW00054767,0,0.0,0.0,1.13,False
2011-11-02,USW00054779,0,0.03,-0.03,0.31,False
2011-11-02,USW00054785,3,0.02,2.98,83.13,True
2011-11-02,USW00054786,0,0.05,-0.05,-0.16,False
2011-11-02,USW00054787,0,0.02,-0.02,0.67,False
2011-11-02,USW00054788,0,0.0,0.0,1.13,False
2011-11-02,USW00054789,0,0.09,-0.09,-1.27,False
2011-11-02,USW00054790,0,0.0,0.0,1.13,False
2011-11-02,USW00054793,0,0.03,-0.03,0.33,False
2011-11-02,USW00064756,0,0.0,0.0,1.13,False
2011-11-02,USW00093780,0,0.06,-0.06,-0.43,False
2011-11-02,USW00094702,0,0.0,0.0,1.13,False
2011-11-02,USW00094728,0,0.04,-0.04,0.07,False
2011-11-02,USW00094732,0,0.05,-0.05,-0.33,False
2011-11-02,USW00094741,0,0.03,-0.03,0.3,False
2011-11-02,USW00094745,0,0.01,-0.01,0.82,False
2011-11-02,USW00094789,0,0.05,-0.05,-0.29,False
2011-11-03,US1CTFR0005,0,0.02,-0.02,-0.1,False
2011-11-03,US1CTFR0009,0,0.02,-0.02,0.16,False
2011-11-03,US1CTFR0020,0,0.03,-0.03,-0.34,False
2011-11-03,US1CTHR0005,0,0.0,0.0,0.67,False
2011-11-03,US1CTHR0006,0,0.0,0.0,0.67,False
2011-11-03,US1CTHR0008,0,0.0,0.0,0.67,False
2011-11-03,US1CTMD0001,0,0.0,0.0,0.67,False
2011-11-03,US1CTMD0002,0,0.0,0.0,0.67,False
2011-11-03,US1CTNH0009,0,0.03,-0.03,-0.33,False
2011-11-03,US1CTNH0013,0,0.03,-0.03,-0.17,False
2011-11-03,US1CTNH0014,0,0.02,-0.02,0.03,False
2011-11-03,US1CTNL0005,0,0.0,0.0,0.67,False
2011-11-03,US1CTTL0004,0,0.0,0.0,0.67,False
2011-11-03,US1CTWN0001,0,0.0,0.0,0.67,False
2011-11-03,US1MABE0003,0,0.0,0.0,0.67,False
2011-11-03,US1MABE0004,0,0.0,0.0,0.67,False
2011-11-03,US1MAHD0007,0,0.0,0.0,0.67,False
2011-11-03,US1MAHS0002,0,0.0,0.0,0.67,False
2011-11-03,US1NJAT0001,0,0.05,-0.05,-0.87,False
2011-11-03,US1NJAT0002,0,0.05,-0.05,-0.89,False
2011-11-03,US1NJAT0005,0,0.04,-0.04,-0.57,False
2011-11-03,US1NJBG0002,0,0.01,-0.01,0.19,False
2011-11-03,US1NJBG0003,0,0.02,-0.02,0.0,False
2011-11-03,US1NJBG0008,0,0.01,-0.01,0.2,False
2011-11-03,US1NJBG0015,0,0.02,-0.02,-0.13,False
2011-11-03,US1NJBG0017,0,0.02,-0.02,0.18,False
2011-11-03,US1NJBG0018,0,0.02,-0.02,-0.0,False
2011-11-03,US1NJBG0023,0,0.0,0.0,0.67,False
2011-11-03,US1NJBG0029,0,0.0,0.0,0.67,False
2011-11-03,US1NJBG0030,0,0.0,0.0,0.67,False
2011-11-03,US1NJBG0033,0,0.02,-0.02,0.09,False
2011-11-03,US1NJBT0003,0,0.05,-0.05,-0.82,False
2011-11-03,US1NJBT0004,0,0.03,-0.03,-0.16,False
2011-11-03,US1NJBT0005,0,0.04,-0.04,-0.47,False
2011-11-03,US1NJBT0006,0,0.03,-0.03,-0.46,False
2011-11-03,US1NJBT0007,0,0.07,-0.07,-1.62,False
2011-11-03,US1NJBT0018,0,0.03,-0.03,-0.46,False
2011-11-03,US1NJBT0022,0,0.04,-0.04,-0.72,False
2011-11-03,US1NJBT0025,0,0.06,-0.06,-1.36,False
2011-11-03,US1NJBT0027,0,0.03,-0.03,-0.42,False
2011-11-03,US1NJBT0028,0,0.03,-0.03,-0.45,False
2011-11-03,US1NJBT0029,0,0.05,-0.05,-0.9,False
2011-11-03,US1NJBT0032,0,0.04,-0.04,-0.63,False
2011-11-03,US1NJBT0035,0,0.04,-0.04,-0.6,False
2011-11-03,US1NJBT0037,0,0.03,-0.03,-0.45,False
2011-11-03,US1NJCN0001,0,0.03,-0.03,-0.44,False
2011-11-03,US1NJCN0005,0,0.04,-0.04,-0.65,False
2011-11-03,US1NJCN0011,0,0.04,-0.04,-0.53,False
2011-11-03,US1NJCN0015,0,0.03,-0.03,-0.4,False
2011-11-03,US1NJGL0001,0,0.04,-0.04,-0.66,False
2011-11-03,US1NJGL0006,0,0.05,-0.05,-0.86,False
2011-11-03,US1NJGL0011,0,0.04,-0.04,-0.77,False
2011-11-03,US1NJHD0002,0,0.02,-0.02,-0.14,False
2011-11-03,US1NJHN0001,0,0.02,-0.02,-0.07,False
2011-11-03,US1NJHN0004,0,0.03,-0.03,-0.24,False
2011-11-03,US1NJHN0005,0,0.03,-0.03,-0.2,False
2011-11-03,US1NJHN0008,0,0.03,-0.03,-0.14,False
2011-11-03,US1NJHN0010,0,0.03,-0.03,-0.3,False
2011-11-03,US1NJHN0011,0,0.03,-0.03,-0.14,False
2011-11-03,US1NJHN0012,0,0.03,-0.03,-0.34,False
2011-11-03,US1NJHN0015,0,0.03,-0.03,-0.35,False
2011-11-03,US1NJHN0019,0,0.03,-0.03,-0.17,False
2011-11-03,US1NJHN0021,0,0.02,-0.02,-0.09,False
2011-11-03,US1NJHN0022,0,0.05,-0.05,-1.01,False
2011-11-03,US1NJMC0001,0,0.04,-0.04,-0.6,False
2011-11-03,US1NJMC0003,0,0.04,-0.04,-0.68,False
2011-11-03,US1NJMC0005,0,0.04,-0.04,-0.59,False
2011-11-03,US1NJMC0008,0,0.04,-0.04,-0.73,False
2011-11-03,US1NJMC0009,0,0.04,-0.04,-0.52,False
2011-11-03,US1NJMC0011,0,0.04,-0.04,-0.68,False
2011-11-03,US1NJMC0016,0,0.06,-0.06,-1.31,False
2011-11-03,US1NJMC0022,0,0.04,-0.04,-0.53,False
2011-11-03,US1NJMD0002,0,0.03,-0.03,-0.37,False
2011-11-03,US1NJMD0009,0,0.03,-0.03,-0.45,False
2011-11-03,US1NJMD0023,0,0.03,-0.03,-0.14,False
2011-11-03,US1NJMD0033,0,0.02,-0.02,-0.12,False
2011-11-03,US1NJMN0005,0,0.05,-0.05,-0.93,False
2011-11-03,US1NJMN0006,0,0.05,-0.05,-0.82,False
2011-11-03,US1NJMN0008,0,0.05,-0.05,-0.87,False
2011-11-03,US1NJMN0010,0,0.05,-0.05,-0.79,False
2011-11-03,US1NJMN0015,0,0.05,-0.05,-0.93,False
2011-11-03,US1NJMN0017,0,0.09,-0.09,-2.4,False
2011-11-03,US1NJMN0019,0,0.05,-0.05,-0.95,False
2011-11-03,US1NJMN0020,0,0.05,-0.05,-0.83,False
2011-11-03,US1NJMN0024,0,0.04,-0.04,-0.74,False
2011-11-03,US1NJMN0032,0,0.04,-0.04,-0.66,False
2011-11-03,US1NJMN0044,0,0.03,-0.03,-0.31,False
2011-11-03,US1NJMN0048,0,0.03,-0.03,-0.38,False
2011-11-03,US1NJMN0051,0,0.03,-0.03,-0.31,False
2011-11-03,US1NJMS0002,0,0.02,-0.02,-0.01,False
2011-11-03,US1NJMS0003,0,0.02,-0.02,0.06,False
2011-11-03,US1NJMS0004,0,0.02,-0.02,0.15,False
2011-11-03,US1NJMS0006,0,0.02,-0.02,0.15,False
2011-11-03,US1NJMS0009,0,0.02,-0.02,0.06,False
2011-11-03,US1NJMS0011,0,0.02,-0.02,0.17,False
2011-11-03,US1NJMS0014,0,0.02,-0.02,0.03,False
2011-11-03,US1NJMS0015,0,0.02,-0.02,0.04,False
2011-11-03,US1NJMS0018,0,0.02,-0.02,0.16,False
2011-11-03,US1NJMS0019,0,0.02,-0.02,0.03,False
2011-11-03,US1NJMS0021,0,0.02,-0.02,0.08,False
2011-11-03,US1NJMS0022,0,0.02,-0.02,0.01,False
2011-11-03,US1NJMS0023,0,0.02,-0.02,0.1,False
2011-11-03,US1NJMS0031,0,0.02,-0.02,0.18,False
2011-11-03,US1NJMS0035,0,0.02,-0.02,0.18,False
2011-11-03,US1NJMS0036,0,0.02,-0.02,0.12,False
2011-11-03,US1NJMS0049,0,0.02,-0.02,0.05,False
2011-11-03,US1NJOC0001,0,0.06,-0.06,-1.23,False
2011-11-03,US1NJOC0006,0,0.06,-0.06,-1.22,False
2011-11-03,US1NJOC0008,0,0.07,-0.07,-1.68,False
2011-11-03,US1NJOC0012,0,0.06,-0.06,-1.36,False
2011-11-03,US1NJOC0013,0,0.06,-0.06,-1.24,False
2011-11-03,US1NJOC0017,0,0.07,-0.07,-1.71,False
2011-11-03,US1NJOC0024,0,0.07,-0.07,-1.76,False
2011-11-03,US1NJOC0034,0,0.16,-0.16,-4.41,True
2011-11-03,US1NJOC0036,0,0.07,-0.07,-1.5,False
2011-11-03,US1NJOC0040,5,0.01,4.99,163.08,True
2011-11-03,US1NJOC0042,0,0.08,-0.08,-1.81,False
2011-11-03,US1NJOC0051,0,0.06,-0.06,-1.43,False
2011-11-03,US1NJPS0004,0,0.01,-0.01,0.2,False
2011-11-03,US1NJPS0005,0,0.01,-0.01,0.25,False
2011-11-03,US1NJPS0012,0,0.02,-0.02,-0.08,False
2011-11-03,US1NJPS0013,0,0.0,0.0,0.67,False
2011-11-03,US1NJPS0014,0,0.01,-0.01,0.24,False
2011-11-03,US1NJPS0016,0,0.0,0.0,0.67,False
2011-11-03,US1NJPS0019,0,0.0,0.0,0.67,False
2011-11-03,US1NJPS0022,0,0.0,0.0,0.67,False
2011-11-03,US1NJSL0002,0,0.05,-0.05,-0.9,False
2011-11-03,US1NJSL0003,0,0.05,-0.05,-1.02,False
2011-11-03,US1NJSM0001,0,0.03,-0.03,-0.19,False
2011-11-03,US1NJSM0002,0,0.02,-0.02,0.09,False
2011-11-03,US1NJSM0003,0,0.03,-0.03,-0.22,False
2011-11-03,US1NJSM0004,0,0.01,-0.01,0.19,False
2011-11-03,US1NJSM0005,0,0.02,-0.02,0.01,False
2011-11-03,US1NJSM0011,0,0.02,-0.02,0.0,False
2011-11-03,US1NJSM0012,0,0.03,-0.03,-0.23,False
2011-11-03,US1NJSM0013,0,0.02,-0.02,-0.03,False
2011-11-03,US1NJSM0020,0,0.03,-0.03,-0.3,False
2011-11-03,US1NJSM0021,0,0.03,-0.03,-0.23,False
2011-11-03,US1NJSM0023,0,0.03,-0.03,-0.26,False
2011-11-03,US1NJSM0027,0,0.03,-0.03,-0.18,False
2011-11-03,US1NJSM0030,0,0.02,-0.02,0.18,False
2011-11-03,US1NJSM0031,0,0.02,-0.02,0.02,False
2011-11-03,US1NJSM0033,0,0.03,-0.03,-0.18,False
2011-11-03,US1NJSM0034,0,0.02,-0.02,-0.02,False
2011-11-03,US1NJSS0001,0,0.01,-0.01,0.42,False
2011-11-03,US1NJSS0007,0,0.01,-0.01,0.45,False
2011-11-03,US1NJSS0020,0,0.0,0.0,0.67,False
2011-11-03,US1NJSS0027,0,0.01,-0.01,0.41,False
2011-11-03,US1NJSS0028,0,0.0,0.0,0.67,False
2011-11-03,US1NJWR0001,0,0.03,-0.03,-0.3,False
2011-11-03,US1NJWR0002,0,0.02,-0.02,-0.01,False
2011-11-03,US1NJWR0004,0,0.01,-0.01,0.35,False
2011-11-03,US1NJWR0006,0,0.02,-0.02,0.02,False
2011-11-03,US1NJWR0007,0,0.02,-0.02,-0.0,False
2011-11-03,US1NJWR0008,0,0.01,-0.01,0.36,False
2011-11-03,US1NJWR0020,0,0.02,-0.02,-0.04,False
2011-11-03,US1NJWR0021,0,0.02,-0.02,-0.1,False
2011-11-03,US1NJWR0022,0,0.01,-0.01,0.36,False
2011-11-03,US1NJWR0023,0,0.02,-0.02,-0.08,False
2011-11-03,US1NYCB0001,0,0.0,0.0,0.67,False
2011-11-03,US1NYDL0005,0,0.0,0.0,0.67,False
2011-11-03,US1NYDL0009,0,0.0,0.0,0.67,False
2011-11-03,US1NYDL0022,0,0.0,0.0,0.67,False
2011-11-03,US1NYDT0002,0,0.0,0.0,0.67,False
2011-11-03,US1NYDT0004,0,0.0,0.0,0.67,False
2011-11-03,US1NYDT0005,0,0.0,0.0,0.67,False
2011-11-03,US1NYDT0008,0,0.0,0.0,0.67,False
2011-11-03,US1NYGR0005,0,0.0,0.0,0.67,False
2011-11-03,US1NYGR0006,0,0.0,0.0,0.67,False
2011-11-03,US1NYNS0007,0,0.04,-0.04,-0.6,False
2011-11-03,US1NYOR0006,0,0.0,0.0,0.67,False
2011-11-03,US1NYPT0002,0,0.0,0.0,0.67,False
2011-11-03,US1NYPT0004,0,0.0,0.0,0.67,False
2011-11-03,US1NYQN0002,0,0.03,-0.03,-0.31,False
2011-11-03,US1NYRC0002,0,0.04,-0.04,-0.61,False
2011-11-03,US1NYSF0002,0,0.05,-0.05,-0.86,False
2011-11-03,US1NYSF0003,0,0.08,-0.08,-1.9,False
2011-11-03,US1NYSF0007,0,0.05,-0.05,-1.01,False
2011-11-03,US1NYSF0016,0,0.05,-0.05,-0.89,False
2011-11-03,US1NYSF0017,0,0.17,-0.17,-4.81,True
2011-11-03,US1NYSF0018,0,0.06,-0.06,-1.42,False
2011-11-03,US1NYSF0019,0,0.08,-0.08,-1.98,False
2011-11-03,US1NYSV0005,0,0.0,0.0,0.67,False
2011-11-03,US1NYSV0006,0,0.0,0.0,0.67,False
2011-11-03,US1NYSV0008,0,0.0,0.0,0.67,False
2011-11-03,US1NYSV0009,0,0.0,0.0,0.67,False
2011-11-03,US1NYUL0001,0,0.0,0.0,0.67,False
2011-11-03,US1NYUL0003,0,0.0,0.0,0.67,False
2011-11-03,US1NYUL0004,0,0.0,0.0,0.67,False
2011-11-03,US1NYUL0006,0,0.0,0.0,0.67,False
2011-11-03,US1NYUL0009,0,0.0,0.0,0.67,False
2011-11-03,US1NYWC0006,0,0.02,-0.02,0.13,False
2011-11-03,US1NYWC0007,0,0.01,-0.01,0.23,False
2011-11-03,US1PABK0004,0,0.05,-0.05,-0.84,False
2011-11-03,US1PABK0005,0,0.06,-0.06,-1.25,False
2011-11-03,US1PABK0012,0,0.05,-0.05,-1.02,False
2011-11-03,US1PABK0013,0,0.04,-0.04,-0.65,False
2011-11-03,US1PABK0014,0,0.05,-0.05,-0.89,False
2011-11-03,US1PABK0015,0,0.13,-0.13,-3.59,True
2011-11-03,US1PABK0018,0,0.05,-0.05,-0.8,False
2011-11-03,US1PABK0026,0,0.1,-0.1,-2.55,False
2011-11-03,US1PACB0015,0,0.02,-0.02,0.03,False
2011-11-03,US1PADL0003,0,0.04,-0.04,-0.66,False
2011-11-03,US1PAMN0007,0,0.01,-0.01,0.22,False
2011-11-03,US1PAMT0006,0,0.05,-0.05,-0.92,False
2011-11-03,US1PAMT0007,0,0.03,-0.03,-0.36,False
2011-11-03,US1PAMT0012,0,0.03,-0.03,-0.17,False
2011-11-03,US1PAMT0013,0,0.04,-0.04,-0.6,False
2011-11-03,US1PAMT0016,0,0.04,-0.04,-0.61,False
2011-11-03,US1PAMT0020,0,0.03,-0.03,-0.28,False
2011-11-03,US1PAMT0022,0,0.03,-0.03,-0.45,False
2011-11-03,US1PAMT0025,0,0.03,-0.03,-0.28,False
2011-11-03,US1PAMT0027,0,0.04,-0.04,-0.6,False
2011-11-03,US1PAMT0042,0,0.08,-0.08,-1.96,False
2011-11-03,US1PAMT0048,0,0.04,-0.04,-0.54,False
2011-11-03,US1PAMT0051,0,0.03,-0.03,-0.33,False
2011-11-03,US1PAMT0055,0,0.03,-0.03,-0.23,False
2011-11-03,US1PAMT0056,0,0.04,-0.04,-0.68,False
2011-11-03,US1PAMT0060,0,0.04,-0.04,-0.59,False
2011-11-03,US1PAMT0063,0,0.05,-0.05,-0.88,False
2011-11-03,US1PAMT0064,0,0.04,-0.04,-0.48,False
2011-11-03,US1PAMT0065,0,0.03,-0.03,-0.31,False
2011-11-03,US1PANH0001,0,0.02,-0.02,0.1,False
2011-11-03,US1PANH0009,0,0.04,-0.04,-0.5,False
2011-11-03,US1PAPH0002,0,0.03,-0.03,-0.41,False
2011-11-03,US1PAPH0004,0,0.03,-0.03,-0.4,False
2011-11-03,US1PAPH0006,0,0.04,-0.04,-0.52,False
2011-11-03,US1PAPH0008,0,0.04,-0.04,-0.52,False
2011-11-03,US1PAPK0004,0,0.0,0.0,0.67,False
2011-11-03,US1PAPK0009,0,0.01,-0.01,0.34,False
2011-11-03,US1PAPK0012,0,0.0,0.0,0.67,False
2011-11-03,US1PASS0006,0,0.0,0.0,0.67,False
2011-11-03,US1PAWN0004,0,0.0,0.0,0.67,False
2011-11-03,US1PAWN0008,0,0.0,0.0,0.67,False
2011-11-03,US1PAWN0010,0,0.0,0.0,0.67,False
2011-11-03,US1PAWN0012,0,0.0,0.0,0.67,False
2011-11-03,US1PAWN0026,0,0.0,0.0,0.67,False
2011-11-03,US1PAWN0035,0,0.0,0.0,0.67,False
2011-11-03,US1PAWN0038,0,0.0,0.0,0.67,False
2011-11-03,US1PAWN0042,0,0.0,0.0,0.67,False
2011-11-03,US1PAWN0044,0,0.0,0.0,0.67,False
2011-11-03,USC00060128,0,0.02,-0.02,-0.04,False
2011-11-03,USC00060227,0,0.0,0.0,0.67,False
2011-11-03,USC00060299,0,0.0,0.0,0.67,False
2011-11-03,USC00060808,0,0.03,-0.03,-0.18,False
2011-11-03,USC00060961,0,0.0,0.0,0.67,False
2011-11-03,USC00060973,0,0.0,0.0,0.67,False
2011-11-03,USC00061508,0,0.0,0.0,0.67,False
2011-11-03,USC00061762,0,0.02,-0.02,0.17,False
2011-11-03,USC00062658,0,0.0,0.0,0.67,False
2011-11-03,USC00063207,0,0.0,0.0,0.67,False
2011-11-03,USC00063420,0,0.0,0.0,0.67,False
2011-11-03,USC00065445,0,0.0,0.0,0.67,False
2011-11-03,USC00065910,0,0.0,0.0,0.67,False
2011-11-03,USC00066655,0,0.02,-0.02,0.1,False
2011-11-03,USC00066966,0,0.0,0.0,0.67,False
2011-11-03,USC00067373,0,0.0,0.0,0.67,False
2011-11-03,USC00067958,0,0.0,0.0,0.67,False
2011-11-03,USC00068065,0,0.02,-0.02,0.03,False
2011-11-03,USC00068138,0,0.0,0.0,0.67,False
2011-11-03,USC00068330,0,0.0,0.0,0.67,False
2011-11-03,USC00190120,0,0.0,0.0,0.67,False
2011-11-03,USC00190408,0,0.0,0.0,0.67,False
2011-11-03,USC00190562,0,0.0,0.0,0.67,False
2011-11-03,USC00191821,0,0.0,0.0,0.67,False
2011-11-03,USC00192107,0,0.0,0.0,0.67,False
2011-11-03,USC00193172,0,0.0,0.0,0.67,False
2011-11-03,USC00193213,0,0.0,0.0,0.67,False
2011-11-03,USC00193402,0,0.0,0.0,0.67,False
2011-11-03,USC00194131,0,0.0,0.0,0.67,False
2011-11-03,USC00194154,0,0.0,0.0,0.67,False
2011-11-03,USC00197627,0,0.0,0.0,0.67,False
2011-11-03,USC00198278,0,0.0,0.0,0.67,False
2011-11-03,USC00198793,0,0.0,0.0,0.67,False
2011-11-03,USC00199193,0,0.0,0.0,0.67,False
2011-11-03,USC00199371,0,0.0,0.0,0.67,False
2011-11-03,USC00199972,0,0.0,0.0,0.67,False
2011-11-03,USC00280734,0,0.02,-0.02,-0.12,False
2011-11-03,USC00280847,0,0.03,-0.03,-0.21,False
2011-11-03,USC00280907,0,0.02,-0.02,0.16,False
2011-11-03,USC00280927,0,0.02,-0.02,-0.09,False
2011-11-03,USC00280990,0,0.06,-0.06,-1.26,False
2011-11-03,USC00281327,0,0.0,0.0,0.67,False
2011-11-03,USC00281582,0,0.01,-0.01,0.48,False
2011-11-03,USC00282023,0,0.02,-0.02,-0.12,False
2011-11-03,USC00283029,0,0.03,-0.03,-0.24,False
2011-11-03,USC00283181,0,0.06,-0.06,-1.15,False
2011-11-03,USC00283662,0,0.04,-0.04,-0.59,False
2011-11-03,USC00283704,0,0.03,-0.03,-0.21,False
2011-11-03,USC00283951,0,0.06,-0.06,-1.24,False
2011-11-03,USC00284229,0,0.04,-0.04,-0.59,False
2011-11-03,USC00284635,0,0.05,-0.05,-1.11,False
2011-11-03,USC00284987,0,0.03,-0.03,-0.38,False
2011-11-03,USC00285503,0,0.02,-0.02,0.17,False
2011-11-03,USC00285728,0,0.03,-0.03,-0.16,False
2011-11-03,USC00286055,0,0.03,-0.03,-0.4,False
2011-11-03,USC00286146,0,0.02,-0.02,0.05,False
2011-11-03,USC00286460,0,0.01,-0.01,0.47,False
2011-11-03,USC00286864,0,0.03,-0.03,-0.45,False
2011-11-03,USC00286964,0,0.04,-0.04,-0.68,False
2011-11-03,USC00286979,0,0.03,-0.03,-0.34,False
2011-11-03,USC00287301,0,0.02,-0.02,-0.03,False
2011-11-03,USC00287486,0,0.04,-0.04,-0.52,False
2011-11-03,USC00287587,0,0.0,0.0,0.67,False
2011-11-03,USC00287865,0,0.05,-0.05,-0.79,False
2011-11-03,USC00288173,0,0.03,-0.03,-0.41,False
2011-11-03,USC00288644,0,0.0,0.0,0.67,False
2011-11-03,USC00289187,0,0.0,0.0,0.67,False
2011-11-03,USC00289363,0,0.03,-0.03,-0.41,False
2011-11-03,USC00289832,0,0.01,-0.01,0.41,False
2011-11-03,USC00300063,0,0.0,0.0,0.67,False
2011-11-03,USC00300254,0,0.0,0.0,0.67,False
2011-11-03,USC00300364,0,0.05,-0.05,-0.89,False
2011-11-03,USC00300732,0,0.0,0.0,0.67,False
2011-11-03,USC00300889,0,0.06,-0.06,-1.41,False
2011-11-03,USC00300961,0,0.03,-0.03,-0.22,False
2011-11-03,USC00301095,0,0.0,0.0,0.67,False
2011-11-03,USC00301102,0,0.0,0.0,0.67,False
2011-11-03,USC00301211,0,0.01,-0.01,0.26,False
2011-11-03,USC00301309,0,0.05,-0.05,-0.85,False
2011-11-03,USC00301761,0,0.0,0.0,0.67,False
2011-11-03,USC00302060,0,0.0,0.0,0.67,False
2011-11-03,USC00302151,3,0.0,3.0,98.35,True
2011-11-03,USC00302169,0,0.0,0.0,0.67,False
2011-11-03,USC00302366,0,0.0,0.0,0.67,False
2011-11-03,USC00302454,0,0.0,0.0,0.67,False
2011-11-03,USC00304025,0,0.0,0.0,0.67,False
2011-11-03,USC00304575,0,0.0,0.0,0.67,False
2011-11-03,USC00304731,0,0.0,0.0,0.67,False
2011-11-03,USC00305113,0,0.0,0.0,0.67,False
2011-11-03,USC00305426,0,0.0,0.0,0.67,False
2011-11-03,USC00305606,0,0.08,-0.08,-1.79,False
2011-11-03,USC00306217,0,0.0,0.0,0.67,False
2011-11-03,USC00306570,0,0.0,0.0,0.67,False
2011-11-03,USC00306649,0,0.0,0.0,0.67,False
2011-11-03,USC00306774,0,0.0,0.0,0.67,False
2011-11-03,USC00306820,0,0.0,0.0,0.67,False
2011-11-03,USC00307035,0,0.0,0.0,0.67,False
2011-11-03,USC00307134,0,0.04,-0.04,-0.79,False
2011-11-03,USC00307210,0,0.0,0.0,0.67,False
2011-11-03,USC00307274,0,0.0,0.0,0.67,False
2011-11-03,USC00307799,0,0.0,0.0,0.67,False
2011-11-03,USC00308670,0,0.0,0.0,0.67,False
2011-11-03,USC00308721,0,0.07,-0.07,-1.64,False
2011-11-03,USC00308932,0,0.0,0.0,0.67,False
2011-11-03,USC00309292,0,0.0,0.0,0.67,False
2011-11-03,USC00361080,0,0.05,-0.05,-1.01,False
2011-11-03,USC00361737,0,0.04,-0.04,-0.51,False
2011-11-03,USC00362671,0,0.0,0.0,0.67,False
2011-11-03,USC00363437,0,0.03,-0.03,-0.18,False
2011-11-03,USC00363488,0,0.04,-0.04,-0.74,False
2011-11-03,USC00363758,0,0.0,0.0,0.67,False
2011-11-03,USC00365390,0,0.05,-0.05,-0.79,False
2011-11-03,USC00365470,0,0.0,0.0,0.67,False
2011-11-03,USC00365738,0,0.0,0.0,0.67,False
2011-11-03,USC00366194,0,0.04,-0.04,-0.64,False
2011-11-03,USC00366370,0,0.04,-0.04,-0.49,False
2011-11-03,USC00366886,0,0.04,-0.04,-0.52,False
2011-11-03,USC00366927,0,0.04,-0.04,-0.59,False
2011-11-03,USC00367029,0,0.0,0.0,0.67,False
2011-11-03,USC00367040,0,0.0,0.0,0.67,False
2011-11-03,USC00367186,0,0.0,0.0,0.67,False
2011-11-03,USC00367938,0,0.05,-0.05,-1.06,False
2011-11-03,USC00368263,0,0.05,-0.05,-0.9,False
2011-11-03,USC00368400,0,0.04,-0.04,-0.65,False
2011-11-03,USC00368596,0,0.01,-0.01,0.26,False
2011-11-03,USW00004781,0,0.23,-0.23,-6.9,True
2011-11-03,USW00004789,0,0.0,0.0,0.67,False
2011-11-03,USW00013739,0,0.04,-0.04,-0.59,False
2011-11-03,USW00014707,0,0.0,0.0,0.67,False
2011-11-03,USW00014719,0,0.06,-0.06,-1.39,False
2011-11-03,USW00014732,0,0.03,-0.03,-0.2,False
2011-11-03,USW00014734,0,0.03,-0.03,-0.37,False
2011-11-03,USW00014737,0,0.02,-0.02,-0.07,False
2011-11-03,USW00014740,0,0.0,0.0,0.67,False
2011-11-03,USW00014752,0,0.0,0.0,0.67,False
2011-11-03,USW00014757,0,0.0,0.0,0.67,False
2011-11-03,USW00014758,0,0.03,-0.03,-0.33,False
2011-11-03,USW00014763,0,0.0,0.0,0.67,False
2011-11-03,USW00014775,0,0.0,0.0,0.67,False
2011-11-03,USW00014792,0,0.04,-0.04,-0.68,False
2011-11-03,USW00054734,0,0.02,-0.02,0.17,False
2011-11-03,USW00054743,0,0.02,-0.02,0.11,False
2011-11-03,USW00054767,0,0.0,0.0,0.67,False
2011-11-03,USW00054779,0,0.01,-0.01,0.42,False
2011-11-03,USW00054785,0,0.02,-0.02,-0.0,False
2011-11-03,USW00054786,3,0.02,2.98,97.85,True
2011-11-03,USW00054787,0,0.06,-0.06,-1.13,False
2011-11-03,USW00054788,0,0.02,-0.02,0.02,False
2011-11-03,USW00054789,0,0.02,-0.02,0.16,False
2011-11-03,USW00054790,0,0.09,-0.09,-2.26,False
2011-11-03,USW00054793,0,0.0,0.0,0.67,False
2011-11-03,USW00064756,0,0.0,0.0,0.67,False
2011-11-03,USW00093780,0,0.03,-0.03,-0.44,False
2011-11-03,USW00094702,0,0.03,-0.03,-0.35,False
2011-11-03,USW00094728,0,0.02,-0.02,-0.12,False
2011-11-03,USW00094732,0,0.04,-0.04,-0.62,False
2011-11-03,USW00094741,0,0.02,-0.02,0.08,False
2011-11-03,USW00094745,0,0.02,-0.02,0.14,False
2011-11-03,USW00094789,0,0.04,-0.04,-0.6,False
2011-11-04,US1CTFR0005,0,0.05,-0.05,0.2,False
2011-11-04,US1CTFR0009,0,0.03,-0.03,0.58,False
2011-11-04,US1CTFR0020,0,0.06,-0.06,-0.28,False
2011-11-04,US1CTHR0005,0,0.0,0.0,1.52,False
2011-11-04,US1CTHR0006,0,0.02,-0.02,0.99,False
2011-11-04,US1CTHR0008,0,0.0,0.0,1.52,False
2011-11-04,US1CTHR0009,0,0.0,0.0,1.52,False
2011-11-04,US1CTMD0001,0,0.03,-0.03,0.79,False
2011-11-04,US1CTMD0002,0,0.02,-0.02,0.83,False
2011-11-04,US1CTNH0009,0,0.07,-0.07,-0.47,False
2011-11-04,US1CTNH0013,0,0.06,-0.06,-0.13,False
2011-11-04,US1CTNH0014,0,0.04,-0.04,0.27,False
2011-11-04,US1CTNL0005,0,0.03,-0.03,0.56,False
2011-11-04,US1CTTL0004,0,0.0,0.0,1.52,False
2011-11-04,US1CTWN0001,0,0.0,0.0,1.52,False
2011-11-04,US1MABE0004,0,0.0,0.0,1.52,False
2011-11-04,US1MAHD0007,0,0.0,0.0,1.52,False
2011-11-04,US1MAHS0002,0,0.0,0.0,1.52,False
2011-11-04,US1NJAT0001,0,0.09,-0.09,-0.99,False
2011-11-04,US1NJAT0002,0,0.09,-0.09,-0.99,False
2011-11-04,US1NJAT0005,0,0.07,-0.07,-0.43,False
2011-11-04,US1NJBG0002,0,0.03,-0.03,0.73,False
2011-11-04,US1NJBG0003,0,0.04,-0.04,0.23,False
2011-11-04,US1NJBG0008,0,0.03,-0.03,0.73,False
2011-11-04,US1NJBG0015,0,0.03,-0.03,0.54,False
2011-11-04,US1NJBG0017,0,0.03,-0.03,0.68,False
2011-11-04,US1NJBG0018,0,0.04,-0.04,0.25,False
2011-11-04,US1NJBG0023,0,0.01,-0.01,1.28,False
2011-11-04,US1NJBG0029,0,0.02,-0.02,1.02,False
2011-11-04,US1NJBG0030,0,0.01,-0.01,1.27,False
2011-11-04,US1NJBG0033,0,0.03,-0.03,0.57,False
2011-11-04,US1NJBT0003,0,0.07,-0.07,-0.38,False
2011-11-04,US1NJBT0004,0,0.04,-0.04,0.38,False
2011-11-04,US1NJBT0005,0,0.05,-0.05,-0.05,False
2011-11-04,US1NJBT0006,0,0.05,-0.05,-0.08,False
2011-11-04,US1NJBT0007,0,0.09,-0.09,-1.01,False
2011-11-04,US1NJBT0018,0,0.05,-0.05,-0.07,False
2011-11-04,US1NJBT0023,0,0.06,-0.06,-0.14,False
2011-11-04,US1NJBT0025,0,0.1,-0.1,-1.28,False
2011-11-04,US1NJBT0027,0,0.05,-0.05,-0.05,False
2011-11-04,US1NJBT0028,0,0.05,-0.05,0.07,False
2011-11-04,US1NJBT0029,0,0.07,-0.07,-0.61,False
2011-11-04,US1NJBT0032,0,0.06,-0.06,-0.27,False
2011-11-04,US1NJBT0035,0,0.06,-0.06,-0.28,False
2011-11-04,US1NJBT0036,0,0.05,-0.05,0.03,False
2011-11-04,US1NJBT0037,0,0.05,-0.05,0.0,False
2011-11-04,US1NJCN0005,0,0.07,-0.07,-0.6,False
2011-11-04,US1NJCN0011,0,0.06,-0.06,-0.32,False
2011-11-04,US1NJCN0015,0,0.06,-0.06,-0.2,False
2011-11-04,US1NJGL0001,0,0.08,-0.08,-0.76,False
2011-11-04,US1NJGL0006,0,0.09,-0.09,-1.07,False
2011-11-04,US1NJGL0011,0,0.07,-0.07,-0.5,False
2011-11-04,US1NJHD0002,0,0.03,-0.03,0.53,False
2011-11-04,US1NJHN0001,0,0.06,-0.06,-0.12,False
2011-11-04,US1NJHN0004,0,0.05,-0.05,0.02,False
2011-11-04,US1NJHN0005,0,0.05,-0.05,0.13,False
2011-11-04,US1NJHN0008,0,0.05,-0.05,0.08,False
2011-11-04,US1NJHN0010,0,0.05,-0.05,0.06,False
2011-11-04,US1NJHN0011,0,0.05,-0.05,0.18,False
2011-11-04,US1NJHN0012,0,0.05,-0.05,-0.02,False
2011-11-04,US1NJHN0015,0,0.05,-0.05,-0.0,False
2011-11-04,US1NJHN0019,0,0.05,-0.05,0.13,False
2011-11-04,US1NJHN0021,0,0.05,-0.05,0.16,False
2011-11-04,US1NJHN0022,0,0.07,-0.07,-0.59,False
2011-11-04,US1NJMC0001,0,0.05,-0.05,-0.03,False
2011-11-04,US1NJMC0005,0,0.05,-0.05,-0.04,False
2011-11-04,US1NJMC0008,0,0.06,-0.06,-0.12,False
2011-11-04,US1NJMC0009,0,0.05,-0.05,0.07,False
2011-11-04,US1NJMC0011,0,0.06,-0.06,-0.12,False
2011-11-04,US1NJMC0016,0,0.08,-0.08,-0.7,False
2011-11-04,US1NJMC0022,0,0.05,-0.05,0.06,False
2011-11-04,US1NJMD0002,0,0.05,-0.05,-0.03,False
2011-11-04,US1NJMD0009,0,0.05,-0.05,0.06,False
2011-11-04,US1NJMD0023,0,0.05,-0.05,0.15,False
2011-11-04,US1NJMD0033,0,0.05,-0.05,0.18,False
2011-11-04,US1NJMN0005,0,0.09,-0.09,-1.23,False
2011-11-04,US1NJMN0006,0,0.06,-0.06,-0.37,False
2011-11-04,US1NJMN0008,0,0.14,-0.14,-2.63,False
2011-11-04,US1NJMN0010,0,0.07,-0.07,-0.59,False
2011-11-04,US1NJMN0015,0,0.07,-0.07,-0.56,False
2011-11-04,US1NJMN0017,0,0.14,-0.14,-2.52,False
2011-11-04,US1NJMN0019,0,0.1,-0.1,-1.41,False
2011-11-04,US1NJMN0020,0,0.14,-0.14,-2.53,False
2011-11-04,US1NJMN0024,0,0.12,-0.12,-2.09,False
2011-11-04,US1NJMN0032,0,0.06,-0.06,-0.21,False
2011-11-04,US1NJMN0044,0,0.04,-0.04,0.25,False
2011-11-04,US1NJMN0048,0,0.05,-0.05,-0.04,False
2011-11-04,US1NJMN0051,0,0.04,-0.04,0.24,False
2011-11-04,US1NJMS0002,0,0.04,-0.04,0.31,False
2011-11-04,US1NJMS0003,0,0.03,-0.03,0.56,False
2011-11-04,US1NJMS0006,0,0.04,-0.04,0.34,False
2011-11-04,US1NJMS0009,0,0.05,-0.05,-0.06,False
2011-11-04,US1NJMS0011,0,0.04,-0.04,0.38,False
2011-11-04,US1NJMS0014,0,0.03,-0.03,0.55,False
2011-11-04,US1NJMS0015,0,0.05,-0.05,0.03,False
2011-11-04,US1NJMS0018,0,0.04,-0.04,0.41,False
2011-11-04,US1NJMS0019,0,0.04,-0.04,0.38,False
2011-11-04,US1NJMS0021,0,0.05,-0.05,0.04,False
2011-11-04,US1NJMS0022,0,0.05,-0.05,0.03,False
2011-11-04,US1NJMS0023,0,0.04,-0.04,0.26,False
2011-11-04,US1NJMS0031,0,0.04,-0.04,0.38,False
2011-11-04,US1NJMS0035,0,0.04,-0.04,0.41,False
2011-11-04,US1NJMS0036,0,0.03,-0.03,0.61,False
2011-11-04,US1NJMS0049,0,0.03,-0.03,0.56,False
2011-11-04,US1NJOC0001,5,0.03,4.97,146.08,True
2011-11-04,US1NJOC0006,0,0.82,-0.82,-22.36,True
2011-11-04,US1NJOC0012,0,0.08,-0.08,-0.82,False
2011-11-04,US1NJOC0013,0,0.36,-0.36,-8.9,True
2011-11-04,US1NJOC0017,0,0.12,-0.12,-2.04,False
2011-11-04,US1NJOC0024,0,0.15,-0.15,-2.71,False
2011-11-04,US1NJOC0034,0,0.18,-0.18,-3.58,True
2011-11-04,US1NJOC0036,0,0.08,-0.08,-0.86,False
2011-11-04,US1NJOC0038,0,0.41,-0.41,-10.33,True
2011-11-04,US1NJOC0040,3,0.07,2.93,86.6,True
2011-11-04,US1NJOC0042,0,0.12,-0.12,-2.03,False
2011-11-04,US1NJOC0051,0,0.09,-0.09,-0.98,False
2011-11-04,US1NJPS0004,0,0.03,-0.03,0.69,False
2011-11-04,US1NJPS0005,0,0.03,-0.03,0.79,False
2011-11-04,US1NJPS0012,0,0.03,-0.03,0.57,False
2011-11-04,US1NJPS0013,0,0.03,-0.03,0.58,False
2011-11-04,US1NJPS0014,0,0.03,-0.03,0.78,False
2011-11-04,US1NJPS0016,0,0.03,-0.03,0.63,False
2011-11-04,US1NJPS0019,0,0.02,-0.02,1.0,False
2011-11-04,US1NJPS0022,0,0.02,-0.02,0.93,False
2011-11-04,US1NJSL0002,0,0.08,-0.08,-0.7,False
2011-11-04,US1NJSL0003,0,0.07,-0.07,-0.6,False
2011-11-04,US1NJSM0001,0,0.04,-0.04,0.23,False
2011-11-04,US1NJSM0002,0,0.04,-0.04,0.47,False
2011-11-04,US1NJSM0003,0,0.05,-0.05,0.15,False
2011-11-04,US1NJSM0004,0,0.03,-0.03,0.65,False
2011-11-04,US1NJSM0005,0,0.04,-0.04,0.4,False
2011-11-04,US1NJSM0011,0,0.04,-0.04,0.35,False
2011-11-04,US1NJSM0012,0,0.05,-0.05,0.11,False
2011-11-04,US1NJSM0013,0,0.04,-0.04,0.38,False
2011-11-04,US1NJSM0020,0,0.05,-0.05,0.11,False
2011-11-04,US1NJSM0021,0,0.05,-0.05,0.18,False
2011-11-04,US1NJSM0023,0,0.05,-0.05,0.15,False
2011-11-04,US1NJSM0027,0,0.04,-0.04,0.21,False
2011-11-04,US1NJSM0030,0,0.03,-0.03,0.64,False
2011-11-04,US1NJSM0031,0,0.04,-0.04,0.3,False
2011-11-04,US1NJSM0033,0,0.05,-0.05,0.2,False
2011-11-04,US1NJSM0034,0,0.04,-0.04,0.39,False
2011-11-04,US1NJSS0001,0,0.04,-0.04,0.28,False
2011-11-04,US1NJSS0007,0,0.04,-0.04,0.48,False
2011-11-04,US1NJSS0020,0,0.06,-0.06,-0.22,False
2011-11-04,US1NJSS0022,0,0.05,-0.05,0.04,False
2011-11-04,US1NJSS0027,0,0.05,-0.05,0.03,False
2011-11-04,US1NJSS0028,3,0.03,2.97,87.75,True
2011-11-04,US1NJWR0001,0,0.05,-0.05,0.01,False
2011-11-04,US1NJWR0002,0,0.05,-0.05,0.04,False
2011-11-04,US1NJWR0004,0,0.06,-0.06,-0.1,False
2011-11-04,US1NJWR0006,0,0.06,-0.06,-0.15,False
2011-11-04,US1NJWR0007,0,0.05,-0.05,0.08,False
2011-11-04,US1NJWR0008,0,0.05,-0.05,-0.0,False
2011-11-04,US1NJWR0017,0,0.05,-0.05,0.1,False
2011-11-04,US1NJWR0020,0,0.05,-0.05,0.05,False
2011-11-04,US1NJWR0021,0,0.05,-0.05,0.0,False
2011-11-04,US1NJWR0022,0,0.06,-0.06,-0.37,False
2011-11-04,US1NJWR0023,0,0.05,-0.05,-0.07,False
2011-11-04,US1NYCB0001,0,0.0,0.0,1.52,False
2011-11-04,US1NYDL0005,0,0.06,-0.06,-0.2,False
2011-11-04,US1NYDL0009,0,0.09,-0.09,-1.08,False
2011-11-04,US1NYDL0022,0,0.06,-0.06,-0.18,False
2011-11-04,US1NYDT0004,0,0.01,-0.01,1.12,False
2011-11-04,US1NYDT0005,0,0.01,-0.01,1.11,False
2011-11-04,US1NYDT0008,0,0.0,0.0,1.52,False
2011-11-04,US1NYGR0005,0,0.0,0.0,1.52,False
2011-11-04,US1NYGR0006,0,0.0,0.0,1.52,False
2011-11-04,US1NYNS0007,0,0.07,-0.07,-0.47,False
2011-11-04,US1NYOR0006,0,0.04,-0.04,0.4,False
2011-11-04,US1NYPT0002,0,0.01,-0.01,1.09,False
2011-11-04,US1NYPT0004,0,0.01,-0.01,1.12,False
2011-11-04,US1NYQN0002,0,0.06,-0.06,-0.25,False
2011-11-04,US1NYRC0002,0,0.05,-0.05,-0.02,False
2011-11-04,US1NYSF0002,0,0.14,-0.14,-2.66,False
2011-11-04,US1NYSF0003,0,0.29,-0.29,-6.89,True
2011-11-04,US1NYSF0007,0,0.14,-0.14,-2.66,False
2011-11-04,US1NYSF0016,0,0.08,-0.08,-0.95,False
2011-11-04,US1NYSF0017,0,0.23,-0.23,-5.11,True
2011-11-04,US1NYSF0018,0,0.21,-0.21,-4.59,True
2011-11-04,US1NYSF0019,0,0.37,-0.37,-9.24,True
2011-11-04,US1NYSV0005,0,0.06,-0.06,-0.3,False
2011-11-04,US1NYSV0006,0,0.14,-0.14,-2.5,False
2011-11-04,US1NYSV0008,0,0.06,-0.06,-0.22,False
2011-11-04,US1NYSV0009,0,0.07,-0.07,-0.42,False
2011-11-04,US1NYUL0001,0,0.02,-0.02,1.01,False
2011-11-04,US1NYUL0003,0,0.02,-0.02,1.04,False
2011-11-04,US1NYUL0004,0,0.0,0.0,1.52,False
2011-11-04,US1NYUL0006,0,0.04,-0.04,0.31,False
2011-11-04,US1NYUL0009,0,0.04,-0.04,0.45,False
2011-11-04,US1NYWC0006,0,0.03,-0.03,0.56,False
2011-11-04,US1NYWC0007,0,0.04,-0.04,0.32,False
2011-11-04,US1PABK0004,0,0.17,-0.17,-3.49,False
2011-11-04,US1PABK0005,0,0.34,-0.34,-8.23,True
2011-11-04,US1PABK0013,0,0.06,-0.06,-0.18,False
2011-11-04,US1PABK0014,0,0.06,-0.06,-0.32,False
2011-11-04,US1PABK0015,0,0.08,-0.08,-0.92,False
2011-11-04,US1PABK0018,0,0.06,-0.06,-0.28,False
2011-11-04,US1PABK0026,0,0.11,-0.11,-1.82,False
2011-11-04,US1PACB0015,0,0.1,-0.1,-1.26,False
2011-11-04,US1PADL0003,0,0.08,-0.08,-0.69,False
2011-11-04,US1PAMN0007,0,0.08,-0.08,-0.83,False
2011-11-04,US1PAMT0006,0,0.15,-0.15,-2.7,False
2011-11-04,US1PAMT0007,0,0.25,-0.25,-5.71,True
2011-11-04,US1PAMT0012,0,0.16,-0.16,-3.17,False
2011-11-04,US1PAMT0013,0,0.09,-0.09,-1.22,False
2011-11-04,US1PAMT0016,0,0.1,-0.1,-1.4,False
2011-11-04,US1PAMT0020,0,0.14,-0.14,-2.49,False
2011-11-04,US1PAMT0022,0,0.12,-0.12,-1.95,False
2011-11-04,US1PAMT0025,0,0.21,-0.21,-4.55,True
2011-11-04,US1PAMT0027,0,0.11,-0.11,-1.66,False
2011-11-04,US1PAMT0038,5,0.05,4.95,145.4,True
2011-11-04,US1PAMT0042,0,0.12,-0.12,-1.83,False
2011-11-04,US1PAMT0048,0,0.07,-0.07,-0.57,False
2011-11-04,US1PAMT0051,0,0.15,-0.15,-2.86,False
2011-11-04,US1PAMT0055,0,0.17,-0.17,-3.47,False
2011-11-04,US1PAMT0056,0,0.15,-0.15,-2.84,False
2011-11-04,US1PAMT0060,0,0.09,-0.09,-0.99,False
2011-11-04,US1PAMT0063,0,0.07,-0.07,-0.66,False
2011-11-04,US1PAMT0064,0,0.1,-0.1,-1.48,False
2011-11-04,US1PAMT0065,0,0.17,-0.17,-3.31,False
2011-11-04,US1PANH0001,0,0.07,-0.07,-0.62,False
2011-11-04,US1PANH0005,0,0.07,-0.07,-0.37,False
2011-11-04,US1PANH0009,0,0.08,-0.08,-0.67,False
2011-11-04,US1PAPH0002,0,0.06,-0.06,-0.13,False
2011-11-04,US1PAPH0004,0,0.06,-0.06,-0.13,False
2011-11-04,US1PAPH0006,0,0.08,-0.08,-0.7,False
2011-11-04,US1PAPH0008,0,0.07,-0.07,-0.58,False
2011-11-04,US1PAPK0004,0,0.27,-0.27,-6.45,True
2011-11-04,US1PAPK0009,0,0.1,-0.1,-1.53,False
2011-11-04,US1PAPK0012,0,0.16,-0.16,-3.13,False
2011-11-04,US1PASS0006,0,0.17,-0.17,-3.38,False
2011-11-04,US1PAWN0004,0,0.14,-0.14,-2.41,False
2011-11-04,US1PAWN0008,0,0.2,-0.2,-4.4,True
2011-11-04,US1PAWN0010,0,0.16,-0.16,-2.99,False
2011-11-04,US1PAWN0012,0,0.24,-0.24,-5.43,True
2011-11-04,US1PAWN0026,0,0.16,-0.16,-3.22,False
2011-11-04,US1PAWN0035,0,0.14,-0.14,-2.56,False
2011-11-04,US1PAWN0038,0,0.32,-0.32,-7.8,True
2011-11-04,US1PAWN0042,0,0.07,-0.07,-0.44,False
2011-11-04,US1PAWN0044,0,0.16,-0.16,-3.11,False
2011-11-04,US1PAWN0048,5,0.03,4.97,146.02,True
2011-11-04,USC00060128,0,0.05,-0.05,0.15,False
2011-11-04,USC00060227,0,0.0,0.0,1.52,False
2011-11-04,USC00060299,0,0.0,0.0,1.52,False
2011-11-04,USC00060808,0,0.05,-0.05,-0.07,False
2011-11-04,USC00060961,0,0.0,0.0,1.52,False
2011-11-04,USC00060973,0,0.0,0.0,1.52,False
2011-11-04,USC00061508,0,0.0,0.0,1.52,False
2011-11-04,USC00061762,0,0.03,-0.03,0.6,False
2011-11-04,USC00062658,0,0.0,0.0,1.52,False
2011-11-04,USC00063207,0,0.03,-0.03,0.61,False
2011-11-04,USC00063420,0,0.0,0.0,1.52,False
2011-11-04,USC00065445,0,0.0,0.0,1.52,False
2011-11-04,USC00065910,0,0.0,0.0,1.52,False
2011-11-04,USC00066655,0,0.04,-0.04,0.23,False
2011-11-04,USC00066966,0,0.01,-0.01,1.08,False
2011-11-04,USC00067373,0,0.0,0.0,1.52,False
2011-11-04,USC00067958,0,0.0,0.0,1.52,False
2011-11-04,USC00068065,0,0.04,-0.04,0.31,False
2011-11-04,USC00068138,0,0.0,0.0,1.52,False
2011-11-04,USC00068330,0,0.02,-0.02,1.01,False
2011-11-04,USC00190120,0,0.0,0.0,1.52,False
2011-11-04,USC00190408,0,0.0,0.0,1.52,False
2011-11-04,USC00190562,0,0.0,0.0,1.52,False
2011-11-04,USC00191821,0,0.0,0.0,1.52,False
2011-11-04,USC00192107,0,0.0,0.0,1.52,False
2011-11-04,USC00193172,0,0.0,0.0,1.52,False
2011-11-04,USC00193213,0,0.0,0.0,1.52,False
2011-11-04,USC00193402,0,0.0,0.0,1.52,False
2011-11-04,USC00194131,0,0.0,0.0,1.52,False
2011-11-04,USC00194154,0,0.0,0.0,1.52,False
2011-11-04,USC00197627,0,0.0,0.0,1.52,False
2011-11-04,USC00198278,0,0.0,0.0,1.52,False
2011-11-04,USC00198793,0,0.0,0.0,1.52,False
2011-11-04,USC00199193,0,0.0,0.0,1.52,False
2011-11-04,USC00199371,0,0.0,0.0,1.52,False
2011-11-04,USC00199972,0,0.0,0.0,1.52,False
2011-11-04,USC00280734,0,0.06,-0.06,-0.23,False
2011-11-04,USC00280847,0,0.05,-0.05,0.2,False
2011-11-04,USC00280907,0,0.03,-0.03,0.65,False
2011-11-04,USC00280927,0,0.04,-0.04,0.29,False
2011-11-04,USC00280990,0,0.1,-0.1,-1.39,False
2011-11-04,USC00281327,0,0.03,-0.03,0.53,False
2011-11-04,USC00281582,0,0.03,-0.03,0.77,False
2011-11-04,USC00282023,0,0.04,-0.04,0.36,False
2011-11-04,USC00283029,0,0.05,-0.05,0.07,False
2011-11-04,USC00283181,0,0.08,-0.08,-0.76,False
2011-11-04,USC00283662,0,0.07,-0.07,-0.44,False
2011-11-04,USC00283704,0,0.04,-0.04,0.45,False
2011-11-04,USC00283951,0,0.08,-0.08,-0.66,False
2011-11-04,USC00284229,0,0.06,-0.06,-0.27,False
2011-11-04,USC00284635,0,0.06,-0.06,-0.32,False
2011-11-04,USC00284987,0,0.05,-0.05,-0.04,False
2011-11-04,USC00285503,0,0.02,-0.02,0.92,False
2011-11-04,USC00285728,0,0.04,-0.04,0.38,False
2011-11-04,USC00286055,0,0.06,-0.06,-0.13,False
2011-11-04,USC00286146,0,0.04,-0.04,0.3,False
2011-11-04,USC00286460,0,0.03,-0.03,0.72,False
2011-11-04,USC00286864,0,0.06,-0.06,-0.3,False
2011-11-04,USC00286964,0,0.06,-0.06,-0.25,False
2011-11-04,USC00286979,0,0.07,-0.07,-0.54,False
2011-11-04,USC00287301,0,0.04,-0.04,0.22,False
2011-11-04,USC00287486,0,0.06,-0.06,-0.33,False
2011-11-04,USC00287587,0,0.02,-0.02,0.84,False
2011-11-04,USC00287865,0,0.06,-0.06,-0.18,False
2011-11-04,USC00288173,0,0.06,-0.06,-0.23,False
2011-11-04,USC00288644,0,0.06,-0.06,-0.18,False
2011-11-04,USC00289187,0,0.02,-0.02,0.98,False
2011-11-04,USC00289363,0,0.05,-0.05,-0.04,False
2011-11-04,USC00289832,0,0.02,-0.02,0.99,False
2011-11-04,USC00300063,0,0.0,0.0,1.52,False
2011-11-04,USC00300254,0,0.09,-0.09,-0.96,False
2011-11-04,USC00300364,0,0.16,-0.16,-3.06,False
2011-11-04,USC00300732,0,0.06,-0.06,-0.26,False
2011-11-04,USC00300889,0,0.16,-0.16,-3.0,False
2011-11-04,USC00300961,0,0.06,-0.06,-0.12,False
2011-11-04,USC00301095,0,0.0,0.0,1.52,False
2011-11-04,USC00301102,0,0.13,-0.13,-2.12,False
2011-11-04,USC00301211,0,0.04,-0.04,0.39,False
2011-11-04,USC00301309,0,0.08,-0.08,-0.82,False
2011-11-04,USC00302060,0,0.14,-0.14,-2.58,False
2011-11-04,USC00302151,3,0.1,2.9,85.91,True
2011-11-04,USC00302169,0,0.1,-0.1,-1.47,False
2011-11-04,USC00302366,0,0.0,0.0,1.52,False
2011-11-04,USC00302454,0,0.07,-0.07,-0.59,False
2011-11-04,USC00304025,0,0.0,0.0,1.52,False
2011-11-04,USC00304575,0,0.0,0.0,1.52,False
2011-11-04,USC00305113,0,0.0,0.0,1.52,False
2011-11-04,USC00305426,0,0.05,-0.05,0.16,False
2011-11-04,USC00305606,0,0.18,-0.18,-3.65,True
2011-11-04,USC00306217,0,0.06,-0.06,-0.28,False
2011-11-04,USC00306570,0,0.06,-0.06,-0.29,False
2011-11-04,USC00306649,0,0.0,0.0,1.52,False
2011-11-04,USC00306774,0,0.11,-0.11,-1.61,False
2011-11-04,USC00306820,0,0.02,-0.02,1.06,False
2011-11-04,USC00307035,0,0.02,-0.02,1.03,False
2011-11-04,USC00307134,0,0.14,-0.14,-2.44,False
2011-11-04,USC00307210,0,0.07,-0.07,-0.64,False
2011-11-04,USC00307274,0,0.04,-0.04,0.36,False
2011-11-04,USC00307799,0,0.07,-0.07,-0.45,False
2011-11-04,USC00308670,0,0.08,-0.08,-0.89,False
2011-11-04,USC00308721,0,0.43,-0.43,-10.95,True
2011-11-04,USC00308932,0,0.08,-0.08,-0.66,False
2011-11-04,USC00309292,0,0.02,-0.02,1.03,False
2011-11-04,USC00361080,0,0.09,-0.09,-1.13,False
2011-11-04,USC00361737,0,0.08,-0.08,-0.77,False
2011-11-04,USC00362671,0,0.14,-0.14,-2.61,False
2011-11-04,USC00363488,0,0.24,-0.24,-5.58,True
2011-11-04,USC00363758,0,0.25,-0.25,-5.74,True
2011-11-04,USC00365390,0,0.08,-0.08,-0.86,False
2011-11-04,USC00365470,0,0.12,-0.12,-1.87,False
2011-11-04,USC00365738,0,0.19,-0.19,-3.94,True
2011-11-04,USC00366194,0,0.06,-0.06,-0.19,False
2011-11-04,USC00366370,0,0.09,-0.09,-1.0,False
2011-11-04,USC00366886,0,0.07,-0.07,-0.58,False
2011-11-04,USC00366927,0,0.13,-0.13,-2.21,False
2011-11-04,USC00367029,0,0.07,-0.07,-0.43,False
2011-11-04,USC00367040,0,0.11,-0.11,-1.66,False
2011-11-04,USC00367186,0,0.14,-0.14,-2.67,False
2011-11-04,USC00367938,3,0.08,2.92,86.54,True
2011-11-04,USC00368263,0,0.07,-0.07,-0.5,False
2011-11-04,USC00368400,0,0.08,-0.08,-0.87,False
2011-11-04,USC00368596,0,0.08,-0.08,-0.73,False
2011-11-04,USW00004781,0,0.33,-0.33,-8.01,True
2011-11-04,USW00004789,0,0.05,-0.05,0.06,False
2011-11-04,USW00013739,0,0.08,-0.08,-0.78,False
2011-11-04,USW00014707,0,0.03,-0.03,0.56,False
2011-11-04,USW00014719,0,0.19,-0.19,-4.01,True
2011-11-04,USW00014732,0,0.06,-0.06,-0.09,False
2011-11-04,USW00014734,0,0.04,-0.04,0.27,False
2011-11-04,USW00014737,0,0.08,-0.08,-0.84,False
2011-11-04,USW00014740,0,0.0,0.0,1.52,False
2011-11-04,USW00014752,0,0.0,0.0,1.52,False
2011-11-04,USW00014757,0,0.01,-0.01,1.11,False
2011-11-04,USW00014758,0,0.07,-0.07,-0.51,False
2011-11-04,USW00014763,0,0.0,0.0,1.52,False
2011-11-04,USW00014775,0,0.0,0.0,1.52,False
2011-11-04,USW00014792,0,0.06,-0.06,-0.1,False
2011-11-04,USW00054734,0,0.03,-0.03,0.61,False
2011-11-04,USW00054743,0,0.03,-0.03,0.74,False
2011-11-04,USW00054767,0,0.0,0.0,1.52,False
2011-11-04,USW00054779,0,0.04,-0.04,0.33,False
2011-11-04,USW00054785,0,0.04,-0.04,0.38,False
2011-11-04,USW00054786,0,0.09,-0.09,-1.15,False
2011-11-04,USW00054787,0,0.12,-0.12,-1.83,False
2011-11-04,USW00054788,0,0.04,-0.04,0.24,False
2011-11-04,USW00054789,0,0.11,-0.11,-1.81,False
2011-11-04,USW00054790,3,0.09,2.91,86.14,True
2011-11-04,USW00054793,0,0.06,-0.06,-0.19,False
2011-11-04,USW00064756,0,0.0,0.0,1.52,False
2011-11-04,USW00093780,0,0.05,-0.05,-0.01,False
2011-11-04,USW00094702,0,0.07,-0.07,-0.43,False
2011-11-04,USW00094728,0,0.05,-0.05,0.05,False
2011-11-04,USW00094732,0,0.06,-0.06,-0.33,False
2011-11-04,USW00094741,0,0.03,-0.03,0.56,False
2011-11-04,USW00094745,0,0.04,-0.04,0.31,False
2011-11-04,USW00094789,0,0.07,-0.07,-0.5,False
2011-11-05,US1CTFR0005,0,0.0,0.0,0.0,False
2011-11-05,US1CTFR0009,0,0.0,0.0,0.0,False
2011-11-05,US1CTFR0020,0,0.0,0.0,0.0,False
2011-11-05,US1CTHR0005,0,0.0,0.0,0.0,False
2011-11-05,US1CTHR0006,0,0.0,0.0,0.0,False
2011-11-05,US1CTHR0008,0,0.0,0.0,0.0,False
2011-11-05,US1CTHR0009,0,0.0,0.0,0.0,False
2011-11-05,US1CTMD0001,0,0.0,0.0,0.0,False
2011-11-05,US1CTMD0002,0,0.0,0.0,0.0,False
2011-11-05,US1CTNH0009,0,0.0,0.0,0.0,False
2011-11-05,US1CTNH0013,0,0.0,0.0,0.0,False
2011-11-05,US1CTNH0014,0,0.0,0.0,0.0,False
2011-11-05,US1CTNL0005,0,0.0,0.0,0.0,False
2011-11-05,US1CTTL0004,0,0.0,0.0,0.0,False
2011-11-05,US1CTWN0001,0,0.0,0.0,0.0,False
2011-11-05,US1MABE0003,0,0.0,0.0,0.0,False
2011-11-05,US1MABE0004,0,0.0,0.0,0.0,False
2011-11-05,US1MAHD0007,0,0.0,0.0,0.0,False
2011-11-05,US1MAHS0002,0,0.0,0.0,0.0,False
2011-11-05,US1NJAT0001,0,0.0,0.0,0.0,False
2011-11-05,US1NJAT0002,0,0.0,0.0,0.0,False
2011-11-05,US1NJAT0005,0,0.0,0.0,0.0,False
2011-11-05,US1NJBG0002,0,0.0,0.0,0.0,False
2011-11-05,US1NJBG0003,0,0.0,0.0,0.0,False
2011-11-05,US1NJBG0008,0,0.0,0.0,0.0,False
2011-11-05,US1NJBG0015,0,0.0,0.0,0.0,False
2011-11-05,US1NJBG0017,0,0.0,0.0,0.0,False
2011-11-05,US1NJBG0018,0,0.0,0.0,0.0,False
2011-11-05,US1NJBG0023,0,0.0,0.0,0.0,False
2011-11-05,US1NJBG0030,0,0.0,0.0,0.0,False
2011-11-05,US1NJBG0033,0,0.0,0.0,0.0,False
2011-11-05,US1NJBT0004,0,0.0,0.0,0.0,False
2011-11-05,US1NJBT0005,0,0.0,0.0,0.0,False
2011-11-05,US1NJBT0006,0,0.0,0.0,0.0,False
2011-11-05,US1NJBT0007,0,0.0,0.0,0.0,False
2011-11-05,US1NJBT0018,0,0.0,0.0,0.0,False
2011-11-05,US1NJBT0025,0,0.0,0.0,0.0,False
2011-11-05,US1NJBT0027,0,0.0,0.0,0.0,False
2011-11-05,US1NJBT0028,0,0.0,0.0,0.0,False
2011-11-05,US1NJBT0029,0,0.0,0.0,0.0,False
2011-11-05,US1NJBT0032,0,0.0,0.0,0.0,False
2011-11-05,US1NJBT0035,0,0.0,0.0,0.0,False
2011-11-05,US1NJBT0036,0,0.0,0.0,0.0,False
2011-11-05,US1NJBT0037,0,0.0,0.0,0.0,False
2011-11-05,US1NJCN0001,0,0.0,0.0,0.0,False
2011-11-05,US1NJCN0005,0,0.0,0.0,0.0,False
2011-11-05,US1NJCN0011,0,0.0,0.0,0.0,False
2011-11-05,US1NJCN0015,0,0.0,0.0,0.0,False
2011-11-05,US1NJGL0001,0,0.0,0.0,0.0,False
2011-11-05,US1NJGL0006,0,0.0,0.0,0.0,False
2011-11-05,US1NJGL0011,0,0.0,0.0,0.0,False
2011-11-05,US1NJHN0001,0,0.0,0.0,0.0,False
2011-11-05,US1NJHN0004,0,0.0,0.0,0.0,False
2011-11-05,US1NJHN0005,0,0.0,0.0,0.0,False
2011-11-05,US1NJHN0008,0,0.0,0.0,0.0,False
2011-11-05,US1NJHN0010,0,0.0,0.0,0.0,False
2011-11-05,US1NJHN0011,0,0.0,0.0,0.0,False
2011-11-05,US1NJHN0012,0,0.0,0.0,0.0,False
2011-11-05,US1NJHN0015,0,0.0,0.0,0.0,False
2011-11-05,US1NJHN0019,0,0.0,0.0,0.0,False
2011-11-05,US1NJHN0021,0,0.0,0.0,0.0,False
2011-11-05,US1NJHN0022,0,0.0,0.0,0.0,False
2011-11-05,US1NJMC0001,0,0.0,0.0,0.0,False
2011-11-05,US1NJMC0003,0,0.0,0.0,0.0,False
2011-11-05,US1NJMC0005,0,0.0,0.0,0.0,False
2011-11-05,US1NJMC0008,0,0.0,0.0,0.0,False
2011-11-05,US1NJMC0009,0,0.0,0.0,0.0,False
2011-11-05,US1NJMC0011,0,0.0,0.0,0.0,False
2011-11-05,US1NJMC0016,0,0.0,0.0,0.0,False
2011-11-05,US1NJMC0022,0,0.0,0.0,0.0,False
2011-11-05,US1NJMD0002,0,0.0,0.0,0.0,False
2011-11-05,US1NJMD0009,0,0.0,0.0,0.0,False
2011-11-05,US1NJMD0023,0,0.0,0.0,0.0,False
2011-11-05,US1NJMD0033,0,0.0,0.0,0.0,False
2011-11-05,US1NJMN0006,0,0.0,0.0,0.0,False
2011-11-05,US1NJMN0008,0,0.0,0.0,0.0,False
2011-11-05,US1NJMN0010,0,0.0,0.0,0.0,False
2011-11-05,US1NJMN0015,0,0.0,0.0,0.0,False
2011-11-05,US1NJMN0017,0,0.0,0.0,0.0,False
2011-11-05,US1NJMN0019,0,0.0,0.0,0.0,False
2011-11-05,US1NJMN0020,0,0.0,0.0,0.0,False
2011-11-05,US1NJMN0024,0,0.0,0.0,0.0,False
2011-11-05,US1NJMN0032,0,0.0,0.0,0.0,False
2011-11-05,US1NJMN0044,0,0.0,0.0,0.0,False
2011-11-05,US1NJMN0048,0,0.0,0.0,0.0,False
2011-11-05,US1NJMN0051,0,0.0,0.0,0.0,False
2011-11-05,US1NJMS0002,0,0.0,0.0,0.0,False
2011-11-05,US1NJMS0003,0,0.0,0.0,0.0,False
2011-11-05,US1NJMS0006,0,0.0,0.0,0.0,False
2011-11-05,US1NJMS0011,0,0.0,0.0,0.0,False
2011-11-05,US1NJMS0014,0,0.0,0.0,0.0,False
2011-11-05,US1NJMS0015,0,0.0,0.0,0.0,False
2011-11-05,US1NJMS0018,0,0.0,0.0,0.0,False
2011-11-05,US1NJMS0019,0,0.0,0.0,0.0,False
2011-11-05,US1NJMS0021,0,0.0,0.0,0.0,False
2011-11-05,US1NJMS0022,0,0.0,0.0,0.0,False
2011-11-05,US1NJMS0023,0,0.0,0.0,0.0,False
2011-11-05,US1NJMS0031,0,0.0,0.0,0.0,False
2011-11-05,US1NJMS0035,0,0.0,0.0,0.0,False
2011-11-05,US1NJMS0036,0,0.0,0.0,0.0,False
2011-11-05,US1NJMS0040,0,0.0,0.0,0.0,False
2011-11-05,US1NJMS0049,0,0.0,0.0,0.0,False
2011-11-05,US1NJOC0001,0,0.0,0.0,0.0,False
2011-11-05,US1NJOC0006,0,0.0,0.0,0.0,False
2011-11-05,US1NJOC0008,0,0.0,0.0,0.0,False
2011-11-05,US1NJOC0012,0,0.0,0.0,0.0,False
2011-11-05,US1NJOC0013,0,0.0,0.0,0.0,False
2011-11-05,US1NJOC0017,0,0.0,0.0,0.0,False
2011-11-05,US1NJOC0024,0,0.0,0.0,0.0,False
2011-11-05,US1NJOC0034,0,0.0,0.0,0.0,False
2011-11-05,US1NJOC0036,0,0.0,0.0,0.0,False
2011-11-05,US1NJOC0040,0,0.0,0.0,0.0,False
2011-11-05,US1NJOC0042,0,0.0,0.0,0.0,False
2011-11-05,US1NJOC0051,0,0.0,0.0,0.0,False
2011-11-05,US1NJPS0004,0,0.0,0.0,0.0,False
2011-11-05,US1NJPS0005,0,0.0,0.0,0.0,False
2011-11-05,US1NJPS0012,0,0.0,0.0,0.0,False
2011-11-05,US1NJPS0013,0,0.0,0.0,0.0,False
2011-11-05,US1NJPS0014,0,0.0,0.0,0.0,False
2011-11-05,US1NJPS0016,0,0.0,0.0,0.0,False
2011-11-05,US1NJPS0019,0,0.0,0.0,0.0,False
2011-11-05,US1NJPS0022,0,0.0,0.0,0.0,False
2011-11-05,US1NJSL0002,0,0.0,0.0,0.0,False
2011-11-05,US1NJSM0001,0,0.0,0.0,0.0,False
2011-11-05,US1NJSM0002,0,0.0,0.0,0.0,False
2011-11-05,US1NJSM0003,0,0.0,0.0,0.0,False
2011-11-05,US1NJSM0004,0,0.0,0.0,0.0,False
2011-11-05,US1NJSM0005,0,0.0,0.0,0.0,False
2011-11-05,US1NJSM0011,0,0.0,0.0,0.0,False
2011-11-05,US1NJSM0012,0,0.0,0.0,0.0,False
2011-11-05,US1NJSM0013,0,0.0,0.0,0.0,False
2011-11-05,US1NJSM0020,0,0.0,0.0,0.0,False
2011-11-05,US1NJSM0021,0,0.0,0.0,0.0,False
2011-11-05,US1NJSM0023,0,0.0,0.0,0.0,False
2011-11-05,US1NJSM0027,0,0.0,0.0,0.0,False
2011-11-05,US1NJSM0031,0,0.0,0.0,0.0,False
2011-11-05,US1NJSM0033,0,0.0,0.0,0.0,False
2011-11-05,US1NJSM0034,0,0.0,0.0,0.0,False
2011-11-05,US1NJSS0001,0,0.0,0.0,0.0,False
2011-11-05,US1NJSS0007,0,0.0,0.0,0.0,False
2011-11-05,US1NJSS0020,0,0.0,0.0,0.0,False
2011-11-05,US1NJSS0027,0,0.0,0.0,0.0,False
2011-11-05,US1NJSS0028,0,0.0,0.0,0.0,False
2011-11-05,US1NJWR0001,0,0.0,0.0,0.0,False
2011-11-05,US1NJWR0002,0,0.0,0.0,0.0,False
2011-11-05,US1NJWR0004,0,0.0,0.0,0.0,False
2011-11-05,US1NJWR0006,0,0.0,0.0,0.0,False
2011-11-05,US1NJWR0007,0,0.0,0.0,0.0,False
2011-11-05,US1NJWR0008,0,0.0,0.0,0.0,False
2011-11-05,US1NJWR0020,0,0.0,0.0,0.0,False
2011-11-05,US1NJWR0021,0,0.0,0.0,0.0,False
2011-11-05,US1NJWR0022,0,0.0,0.0,0.0,False
2011-11-05,US1NJWR0023,0,0.0,0.0,0.0,False
2011-11-05,US1NYCB0001,0,0.0,0.0,0.0,False
2011-11-05,US1NYDL0005,0,0.0,0.0,0.0,False
2011-11-05,US1NYDL0009,0,0.0,0.0,0.0,False
2011-11-05,US1NYDL0022,0,0.0,0.0,0.0,False
2011-11-05,US1NYDT0004,0,0.0,0.0,0.0,False
2011-11-05,US1NYDT0005,0,0.0,0.0,0.0,False
2011-11-05,US1NYDT0008,0,0.0,0.0,0.0,False
2011-11-05,US1NYGR0005,0,0.0,0.0,0.0,False
2011-11-05,US1NYGR0006,0,0.0,0.0,0.0,False
2011-11-05,US1NYNS0007,0,0.0,0.0,0.0,False
2011-11-05,US1NYOR0006,0,0.0,0.0,0.0,False
2011-11-05,US1NYPT0002,0,0.0,0.0,0.0,False
2011-11-05,US1NYPT0004,0,0.0,0.0,0.0,False
2011-11-05,US1NYQN0002,0,0.0,0.0,0.0,False
2011-11-05,US1NYRC0002,0,0.0,0.0,0.0,False
2011-11-05,US1NYSF0002,0,0.0,0.0,0.0,False
2011-11-05,US1NYSF0003,0,0.0,0.0,0.0,False
2011-11-05,US1NYSF0007,0,0.0,0.0,0.0,False
2011-11-05,US1NYSF0016,0,0.0,0.0,0.0,False
2011-11-05,US1NYSF0017,0,0.0,0.0,0.0,False
2011-11-05,US1NYSF0018,0,0.0,0.0,0.0,False
2011-11-05,US1NYSF0019,0,0.0,0.0,0.0,False
2011-11-05,US1NYSV0005,0,0.0,0.0,0.0,False
2011-11-05,US1NYSV0008,0,0.0,0.0,0.0,False
2011-11-05,US1NYSV0009,0,0.0,0.0,0.0,False
2011-11-05,US1NYUL0001,0,0.0,0.0,0.0,False
2011-11-05,US1NYUL0003,0,0.0,0.0,0.0,False
2011-11-05,US1NYUL0004,0,0.0,0.0,0.0,False
2011-11-05,US1NYUL0006,0,0.0,0.0,0.0,False
2011-11-05,US1NYUL0009,0,0.0,0.0,0.0,False
2011-11-05,US1NYWC0006,0,0.0,0.0,0.0,False
2011-11-05,US1NYWC0007,0,0.0,0.0,0.0,False
2011-11-05,US1PABK0004,0,0.0,0.0,0.0,False
2011-11-05,US1PABK0005,0,0.0,0.0,0.0,False
2011-11-05,US1PABK0013,0,0.0,0.0,0.0,False
2011-11-05,US1PABK0014,0,0.0,0.0,0.0,False
2011-11-05,US1PABK0015,0,0.0,0.0,0.0,False
2011-11-05,US1PABK0026,0,0.0,0.0,0.0,False
2011-11-05,US1PACB0015,0,0.0,0.0,0.0,False
2011-11-05,US1PADL0003,0,0.0,0.0,0.0,False
2011-11-05,US1PAMN0007,0,0.0,0.0,0.0,False
2011-11-05,US1PAMT0006,0,0.0,0.0,0.0,False
2011-11-05,US1PAMT0007,0,0.0,0.0,0.0,False
2011-11-05,US1PAMT0012,0,0.0,0.0,0.0,False
2011-11-05,US1PAMT0013,0,0.0,0.0,0.0,False
2011-11-05,US1PAMT0016,0,0.0,0.0,0.0,False
2011-11-05,US1PAMT0020,0,0.0,0.0,0.0,False
2011-11-05,US1PAMT0022,0,0.0,0.0,0.0,False
2011-11-05,US1PAMT0042,0,0.0,0.0,0.0,False
2011-11-05,US1PAMT0048,0,0.0,0.0,0.0,False
2011-11-05,US1PAMT0051,0,0.0,0.0,0.0,False
2011-11-05,US1PAMT0055,0,0.0,0.0,0.0,False
2011-11-05,US1PAMT0056,0,0.0,0.0,0.0,False
2011-11-05,US1PAMT0060,0,0.0,0.0,0.0,False
2011-11-05,US1PAMT0063,0,0.0,0.0,0.0,False
2011-11-05,US1PAMT0064,0,0.0,0.0,0.0,False
2011-11-05,US1PAMT0065,0,0.0,0.0,0.0,False
2011-11-05,US1PANH0001,0,0.0,0.0,0.0,False
2011-11-05,US1PANH0009,0,0.0,0.0,0.0,False
2011-11-05,US1PAPH0002,0,0.0,0.0,0.0,False
2011-11-05,US1PAPH0004,0,0.0,0.0,0.0,False
2011-11-05,US1PAPH0006,0,0.0,0.0,0.0,False
2011-11-05,US1PAPH0008,0,0.0,0.0,0.0,False
2011-11-05,US1PAPK0004,0,0.0,0.0,0.0,False
2011-11-05,US1PAPK0009,0,0.0,0.0,0.0,False
2011-11-05,US1PAPK0012,0,0.0,0.0,0.0,False
2011-11-05,US1PASS0006,0,0.0,0.0,0.0,False
2011-11-05,US1PAWN0004,0,0.0,0.0,0.0,False
2011-11-05,US1PAWN0008,0,0.0,0.0,0.0,False
2011-11-05,US1PAWN0010,0,0.0,0.0,0.0,False
2011-11-05,US1PAWN0012,0,0.0,0.0,0.0,False
2011-11-05,US1PAWN0026,0,0.0,0.0,0.0,False
2011-11-05,US1PAWN0035,0,0.0,0.0,0.0,False
2011-11-05,US1PAWN0038,0,0.0,0.0,0.0,False
2011-11-05,US1PAWN0042,0,0.0,0.0,0.0,False
2011-11-05,US1PAWN0044,0,0.0,0.0,0.0,False
2011-11-05,USC00060128,0,0.0,0.0,0.0,False
2011-11-05,USC00060227,0,0.0,0.0,0.0,False
2011-11-05,USC00060299,0,0.0,0.0,0.0,False
2011-11-05,USC00060808,0,0.0,0.0,0.0,False
2011-11-05,USC00060961,0,0.0,0.0,0.0,False
2011-11-05,USC00060973,0,0.0,0.0,0.0,False
2011-11-05,USC00061508,0,0.0,0.0,0.0,False
2011-11-05,USC00061762,0,0.0,0.0,0.0,False
2011-11-05,USC00062658,0,0.0,0.0,0.0,False
2011-11-05,USC00063207,0,0.0,0.0,0.0,False
2011-11-05,USC00063420,0,0.0,0.0,0.0,False
2011-11-05,USC00065445,0,0.0,0.0,0.0,False
2011-11-05,USC00065910,0,0.0,0.0,0.0,False
2011-11-05,USC00066655,0,0.0,0.0,0.0,False
2011-11-05,USC00066966,0,0.0,0.0,0.0,False
2011-11-05,USC00067373,0,0.0,0.0,0.0,False
2011-11-05,USC00067958,0,0.0,0.0,0.0,False
2011-11-05,USC00068065,0,0.0,0.0,0.0,False
2011-11-05,USC00068138,0,0.0,0.0,0.0,False
2011-11-05,USC00068330,0,0.0,0.0,0.0,False
2011-11-05,USC00190120,0,0.0,0.0,0.0,False
2011-11-05,USC00190408,0,0.0,0.0,0.0,False
2011-11-05,USC00190562,0,0.0,0.0,0.0,False
2011-11-05,USC00191821,0,0.0,0.0,0.0,False
2011-11-05,USC00192107,0,0.0,0.0,0.0,False
2011-11-05,USC00193172,0,0.0,0.0,0.0,False
2011-11-05,USC00193213,0,0.0,0.0,0.0,False
2011-11-05,USC00193402,0,0.0,0.0,0.0,False
2011-11-05,USC00194131,0,0.0,0.0,0.0,False
2011-11-05,USC00194154,0,0.0,0.0,0.0,False
2011-11-05,USC00197627,0,0.0,0.0,0.0,False
2011-11-05,USC00198278,0,0.0,0.0,0.0,False
2011-11-05,USC00198793,0,0.0,0.0,0.0,False
2011-11-05,USC00199193,0,0.0,0.0,0.0,False
2011-11-05,USC00199371,0,0.0,0.0,0.0,False
2011-11-05,USC00199972,0,0.0,0.0,0.0,False
2011-11-05,USC00280734,0,0.0,0.0,0.0,False
2011-11-05,USC00280847,0,0.0,0.0,0.0,False
2011-11-05,USC00280907,0,0.0,0.0,0.0,False
2011-11-05,USC00280927,0,0.0,0.0,0.0,False
2011-11-05,USC00280990,0,0.0,0.0,0.0,False
2011-11-05,USC00281327,0,0.0,0.0,0.0,False
2011-11-05,USC00281582,0,0.0,0.0,0.0,False
2011-11-05,USC00282023,0,0.0,0.0,0.0,False
2011-11-05,USC00283029,0,0.0,0.0,0.0,False
2011-11-05,USC00283181,0,0.0,0.0,0.0,False
2011-11-05,USC00283662,0,0.0,0.0,0.0,False
2011-11-05,USC00283704,0,0.0,0.0,0.0,False
2011-11-05,USC00283951,0,0.0,0.0,0.0,False
2011-11-05,USC00284229,0,0.0,0.0,0.0,False
2011-11-05,USC00284635,0,0.0,0.0,0.0,False
2011-11-05,USC00284987,0,0.0,0.0,0.0,False
2011-11-05,USC00285503,0,0.0,0.0,0.0,False
2011-11-05,USC00285728,0,0.0,0.0,0.0,False
2011-11-05,USC00286055,0,0.0,0.0,0.0,False
2011-11-05,USC00286146,0,0.0,0.0,0.0,False
2011-11-05,USC00286460,0,0.0,0.0,0.0,False
2011-11-05,USC00286864,0,0.0,0.0,0.0,False
2011-11-05,USC00286964,0,0.0,0.0,0.0,False
2011-11-05,USC00286979,0,0.0,0.0,0.0,False
2011-11-05,USC00287301,0,0.0,0.0,0.0,False
2011-11-05,USC00287486,0,0.0,0.0,0.0,False
2011-11-05,USC00287587,0,0.0,0.0,0.0,False
2011-11-05,USC00288173,0,0.0,0.0,0.0,False
2011-11-05,USC00288644,0,0.0,0.0,0.0,False
2011-11-05,USC00289187,0,0.0,0.0,0.0,False
2011-11-05,USC00289363,0,0.0,0.0,0.0,False
2011-11-05,USC00289832,0,0.0,0.0,0.0,False
2011-11-05,USC00300063,0,0.0,0.0,0.0,False
2011-11-05,USC00300254,0,0.0,0.0,0.0,False
2011-11-05,USC00300364,0,0.0,0.0,0.0,False
2011-11-05,USC00300732,0,0.0,0.0,0.0,False
2011-11-05,USC00300889,0,0.0,0.0,0.0,False
2011-11-05,USC00300961,0,0.0,0.0,0.0,False
2011-11-05,USC00301095,0,0.0,0.0,0.0,False
2011-11-05,USC00301102,0,0.0,0.0,0.0,False
2011-11-05,USC00301211,0,0.0,0.0,0.0,False
2011-11-05,USC00301309,0,0.0,0.0,0.0,False
2011-11-05,USC00301761,0,0.0,0.0,0.0,False
2011-11-05,USC00302060,0,0.0,0.0,0.0,False
2011-11-05,USC00302151,0,0.0,0.0,0.0,False
2011-11-05,USC00302169,0,0.0,0.0,0.0,False
2011-11-05,USC00302366,0,0.0,0.0,0.0,False
2011-11-05,USC00302454,0,0.0,0.0,0.0,False
2011-11-05,USC00304025,0,0.0,0.0,0.0,False
2011-11-05,USC00304575,0,0.0,0.0,0.0,False
2011-11-05,USC00305113,0,0.0,0.0,0.0,False
2011-11-05,USC00305426,0,0.0,0.0,0.0,False
2011-11-05,USC00305606,0,0.0,0.0,0.0,False
2011-11-05,USC00306217,0,0.0,0.0,0.0,False
2011-11-05,USC00306570,0,0.0,0.0,0.0,False
2011-11-05,USC00306649,0,0.0,0.0,0.0,False
2011-11-05,USC00306774,0,0.0,0.0,0.0,False
2011-11-05,USC00306820,0,0.0,0.0,0.0,False
2011-11-05,USC00307035,0,0.0,0.0,0.0,False
2011-11-05,USC00307134,0,0.0,0.0,0.0,False
2011-11-05,USC00307210,0,0.0,0.0,0.0,False
2011-11-05,USC00307799,0,0.0,0.0,0.0,False
2011-11-05,USC00308670,0,0.0,0.0,0.0,False
2011-11-05,USC00308721,0,0.0,0.0,0.0,False
2011-11-05,USC00308932,0,0.0,0.0,0.0,False
2011-11-05,USC00309292,0,0.0,0.0,0.0,False
2011-11-05,USC00361080,0,0.0,0.0,0.0,False
2011-11-05,USC00361737,0,0.0,0.0,0.0,False
2011-11-05,USC00362671,0,0.0,0.0,0.0,False
2011-11-05,USC00363437,0,0.0,0.0,0.0,False
2011-11-05,USC00363488,0,0.0,0.0,0.0,False
2011-11-05,USC00363758,0,0.0,0.0,0.0,False
2011-11-05,USC00365390,0,0.0,0.0,0.0,False
2011-11-05,USC00365470,0,0.0,0.0,0.0,False
2011-11-05,USC00365738,0,0.0,0.0,0.0,False
2011-11-05,USC00366194,0,0.0,0.0,0.0,False
2011-11-05,USC00366370,0,0.0,0.0,0.0,False
2011-11-05,USC00366886,0,0.0,0.0,0.0,False
2011-11-05,USC00366927,0,0.0,0.0,0.0,False
2011-11-05,USC00367029,0,0.0,0.0,0.0,False
2011-11-05,USC00367040,0,0.0,0.0,0.0,False
2011-11-05,USC00367186,0,0.0,0.0,0.0,False
2011-11-05,USC00367938,0,0.0,0.0,0.0,False
2011-11-05,USC00368263,0,0.0,0.0,0.0,False
2011-11-05,USC00368400,0,0.0,0.0,0.0,False
2011-11-05,USC00368596,0,0.0,0.0,0.0,False
2011-11-05,USW00004781,0,0.0,0.0,0.0,False
2011-11-05,USW00004789,0,0.0,0.0,0.0,False
2011-11-05,USW00013739,0,0.0,0.0,0.0,False
2011-11-05,USW00014707,0,0.0,0.0,0.0,False
2011-11-05,USW00014719,0,0.0,0.0,0.0,False
2011-11-05,USW00014732,0,0.0,0.0,0.0,False
2011-11-05,USW00014734,0,0.0,0.0,0.0,False
2011-11-05,USW00014737,0,0.0,0.0,0.0,False
2011-11-05,USW00014740,0,0.0,0.0,0.0,False
2011-11-05,USW00014752,0,0.0,0.0,0.0,False
2011-11-05,USW00014757,0,0.0,0.0,0.0,False
2011-11-05,USW00014758,0,0.0,0.0,0.0,False
2011-11-05,USW00014763,0,0.0,0.0,0.0,False
2011-11-05,USW00014775,0,0.0,0.0,0.0,False
2011-11-05,USW00014792,0,0.0,0.0,0.0,False
2011-11-05,USW00054734,0,0.0,0.0,0.0,False
2011-11-05,USW00054743,0,0.0,0.0,0.0,False
2011-11-05,USW00054767,0,0.0,0.0,0.0,False
2011-11-05,USW00054779,0,0.0,0.0,0.0,False
2011-11-05,USW00054785,0,0.0,0.0,0.0,False
2011-11-05,USW00054786,0,0.0,0.0,0.0,False
2011-11-05,USW00054787,0,0.0,0.0,0.0,False
2011-11-05,USW00054788,0,0.0,0.0,0.0,False
2011-11-05,USW00054789,0,0.0,0.0,0.0,False
2011-11-05,USW00054790,0,0.0,0.0,0.0,False
2011-11-05,USW00054793,0,0.0,0.0,0.0,False
2011-11-05,USW00064756,0,0.0,0.0,0.0,False
2011-11-05,USW00093780,0,0.0,0.0,0.0,False
2011-11-05,USW00094702,0,0.0,0.0,0.0,False
2011-11-05,USW00094728,0,0.0,0.0,0.0,False
2011-11-05,USW00094732,0,0.0,0.0,0.0,False
2011-11-05,USW00094741,0,0.0,0.0,0.0,False
2011-11-05,USW00094745,0,0.0,0.0,0.0,False
2011-11-05,USW00094789,0,0.0,0.0,0.0,False
