Date,ID,Value,Neighbor_Estimate,Residual,Robust_Z,Suspect
2004-09-18,USC00010140,0,0.0,0.0,0.0,False
2004-09-18,USC00010184,0,0.93,-0.93,-0.01,False
2004-09-18,USC00010402,0,0.0,0.0,0.0,False
2004-09-18,USC00010505,0,1.88,-1.88,-0.03,False
2004-09-18,USC00010583,0,0.0,0.0,0.0,False
2004-09-18,USC00010764,0,1.61,-1.61,-0.03,False
2004-09-18,USC00011080,0,0.0,0.0,0.0,False
2004-09-18,USC00011084,0,0.0,0.0,0.0,False
2004-09-18,USC00011143,0,1.74,-1.74,-0.03,False
2004-09-18,USC00011189,0,0.12,-0.12,-0.0,False
2004-09-18,USC00011566,0,0.0,0.0,0.0,False
2004-09-18,USC00011690,0,0.0,0.0,0.0,False
2004-09-18,USC00011803,0,0.0,0.0,0.0,False
2004-09-18,USC00011810,0,0.0,0.0,0.0,False
2004-09-18,USC00012813,0,0.0,0.0,0.0,False
2004-09-18,USC00013160,0,0.74,-0.74,-0.01,False
2004-09-18,USC00013511,0,0.89,-0.89,-0.01,False
2004-09-18,USC00013930,0,2.75,-2.75,-0.04,False
2004-09-18,USC00014193,0,0.0,0.0,0.0,False
2004-09-18,USC00014798,0,0.65,-0.65,-0.01,False
2004-09-18,USC00015112,0,0.79,-0.79,-0.01,False
2004-09-18,USC00015121,0,0.68,-0.68,-0.01,False
2004-09-18,USC00015420,0,0.0,0.0,0.0,False
2004-09-18,USC00015658,0,1.89,-1.89,-0.03,False
2004-09-18,USC00016362,0,0.77,-0.77,-0.01,False
2004-09-18,USC00016847,0,1.61,-1.61,-0.03,False
2004-09-18,USC00016988,0,0.0,0.0,0.0,False
2004-09-18,USC00017366,0,0.0,0.0,0.0,False
2004-09-18,USC00018178,0,0.0,0.0,0.0,False
2004-09-18,USC00018380,23,0.0,23.0,0.37,False
2004-09-18,USC00018385,0,8.13,-8.13,-0.13,False
2004-09-18,USC00018637,0,0.0,0.0,0.0,False
2004-09-18,USC00018673,0,0.9,-0.9,-0.01,False
2004-09-18,USC00018809,0,1.36,-1.36,-0.02,False
2004-09-18,USC00031140,0,0.0,0.0,0.0,False
2004-09-18,USC00031730,0,0.0,0.0,0.0,False
2004-09-18,USC00032355,0,0.0,0.0,0.0,False
2004-09-18,USC00032475,0,0.0,0.0,0.0,False
2004-09-18,USC00034185,0,0.0,0.0,0.0,False
2004-09-18,USC00034548,0,0.0,0.0,0.0,False
2004-09-18,USC00034936,0,0.0,0.0,0.0,False
2004-09-18,USC00035866,0,0.0,0.0,0.0,False
2004-09-18,USC00085793,0,0.0,0.0,0.0,False
2004-09-18,USC00086999,0,0.0,0.0,0.0,False
2004-09-18,USC00160007,0,0.31,-0.31,-0.0,False
2004-09-18,USC00160012,0,0.0,0.0,0.0,False
2004-09-18,USC00160016,0,0.0,0.0,0.0,False
2004-09-18,USC00160021,0,0.0,0.0,0.0,False
2004-09-18,USC00160098,0,1.28,-1.28,-0.02,False
2004-09-18,USC00160103,0,1.42,-1.42,-0.02,False
2004-09-18,USC00160205,0,0.0,0.0,0.0,False
2004-09-18,USC00160238,0,0.0,0.0,0.0,False
2004-09-18,USC00160277,0,0.0,0.0,0.0,False
2004-09-18,USC00160349,0,0.0,0.0,0.0,False
2004-09-18,USC00160462,0,0.0,0.0,0.0,False
2004-09-18,USC00160537,0,0.0,0.0,0.0,False
2004-09-18,USC00160540,0,1.19,-1.19,-0.02,False
2004-09-18,USC00160546,0,0.0,0.0,0.0,False
2004-09-18,USC00160548,0,0.0,0.0,0.0,False
2004-09-18,USC00160558,0,0.0,0.0,0.0,False
2004-09-18,USC00160565,0,0.21,-0.21,-0.0,False
2004-09-18,USC00160617,0,1.24,-1.24,-0.02,False
2004-09-18,USC00160658,0,0.0,0.0,0.0,False
2004-09-18,USC00160800,0,0.0,0.0,0.0,False
2004-09-18,USC00160945,0,0.0,0.0,0.0,False
2004-09-18,USC00161200,0,0.0,0.0,0.0,False
2004-09-18,USC00161232,0,0.86,-0.86,-0.01,False
2004-09-18,USC00161235,0,0.92,-0.92,-0.01,False
2004-09-18,USC00161246,0,0.11,-0.11,-0.0,False
2004-09-18,USC00161287,0,3.68,-3.68,-0.06,False
2004-09-18,USC00161292,0,0.0,0.0,0.0,False
2004-09-18,USC00161365,0,0.2,-0.2,-0.0,False
2004-09-18,USC00161411,0,0.0,0.0,0.0,False
2004-09-18,USC00161535,0,0.78,-0.78,-0.01,False
2004-09-18,USC00161565,0,0.14,-0.14,-0.0,False
2004-09-18,USC00161639,0,0.0,0.0,0.0,False
2004-09-18,USC00161866,0,1.32,-1.32,-0.02,False
2004-09-18,USC00161899,0,0.0,0.0,0.0,False
2004-09-18,USC00161941,0,0.9,-0.9,-0.01,False
2004-09-18,USC00161979,0,0.0,0.0,0.0,False
2004-09-18,USC00162002,0,0.16,-0.16,-0.0,False
2004-09-18,USC00162121,0,0.0,0.0,0.0,False
2004-09-18,USC00162151,0,0.0,0.0,0.0,False
2004-09-18,USC00162154,0,0.0,0.0,0.0,False
2004-09-18,USC00162212,0,0.0,0.0,0.0,False
2004-09-18,USC00162350,0,0.0,0.0,0.0,False
2004-09-18,USC00162367,0,1.15,-1.15,-0.02,False
2004-09-18,USC00162534,0,0.16,-0.16,-0.0,False
2004-09-18,USC00162536,0,0.14,-0.14,-0.0,False
2004-09-18,USC00162641,0,0.95,-0.95,-0.02,False
2004-09-18,USC00162812,0,1.21,-1.21,-0.02,False
2004-09-18,USC00162981,0,0.9,-0.9,-0.01,False
2004-09-18,USC00163079,0,0.0,0.0,0.0,False
2004-09-18,USC00163165,0,0.0,0.0,0.0,False
2004-09-18,USC00163313,0,0.76,-0.76,-0.01,False
2004-09-18,USC00163322,0,0.0,0.0,0.0,False
2004-09-18,USC00163433,0,0.0,0.0,0.0,False
2004-09-18,USC00163695,0,0.12,-0.12,-0.0,False
2004-09-18,USC00163741,0,0.82,-0.82,-0.01,False
2004-09-18,USC00163800,0,0.72,-0.72,-0.01,False
2004-09-18,USC00163804,0,0.0,0.0,0.0,False
2004-09-18,USC00163807,0,0.0,0.0,0.0,False
2004-09-18,USC00163829,0,0.0,0.0,0.0,False
2004-09-18,USC00163867,0,0.0,0.0,0.0,False
2004-09-18,USC00163877,0,0.0,0.0,0.0,False
2004-09-18,USC00163979,0,0.0,0.0,0.0,False
2004-09-18,USC00164030,0,0.0,0.0,0.0,False
2004-09-18,USC00164034,0,0.0,0.0,0.0,False
2004-09-18,USC00164050,0,0.0,0.0,0.0,False
2004-09-18,USC00164131,0,0.0,0.0,0.0,False
2004-09-18,USC00164288,0,1.14,-1.14,-0.02,False
2004-09-18,USC00164355,0,0.0,0.0,0.0,False
2004-09-18,USC00164398,0,0.0,0.0,0.0,False
2004-09-18,USC00164407,0,0.33,-0.33,-0.01,False
2004-09-18,USC00164573,0,0.45,-0.45,-0.01,False
2004-09-18,USC00164592,0,0.0,0.0,0.0,False
2004-09-18,USC00164674,0,0.36,-0.36,-0.01,False
2004-09-18,USC00164696,0,1.51,-1.51,-0.02,False
2004-09-18,USC00164700,0,0.0,0.0,0.0,False
2004-09-18,USC00164732,0,0.0,0.0,0.0,False
2004-09-18,USC00164739,0,1.88,-1.88,-0.03,False
2004-09-18,USC00164775,0,0.28,-0.28,-0.0,False
2004-09-18,USC00164816,0,0.0,0.0,0.0,False
2004-09-18,USC00164859,0,0.0,0.0,0.0,False
2004-09-18,USC00164931,0,0.0,0.0,0.0,False
2004-09-18,USC00165021,0,0.18,-0.18,-0.0,False
2004-09-18,USC00165065,0,0.0,0.0,0.0,False
2004-09-18,USC00165072,0,0.56,-0.56,-0.01,False
2004-09-18,USC00165074,0,0.0,0.0,0.0,False
2004-09-18,USC00165076,0,0.0,0.0,0.0,False
2004-09-18,USC00165090,0,0.0,0.0,0.0,False
2004-09-18,USC00165146,0,2.38,-2.38,-0.04,False
2004-09-18,USC00165266,0,1.03,-1.03,-0.02,False
2004-09-18,USC00165287,0,1.05,-1.05,-0.02,False
2004-09-18,USC00165296,0,0.5,-0.5,-0.01,False
2004-09-18,USC00165430,0,0.0,0.0,0.0,False
2004-09-18,USC00165438,0,0.0,0.0,0.0,False
2004-09-18,USC00165522,0,0.0,0.0,0.0,False
2004-09-18,USC00165610,0,0.0,0.0,0.0,False
2004-09-18,USC00165620,0,0.09,-0.09,-0.0,False
2004-09-18,USC00165624,0,0.0,0.0,0.0,False
2004-09-18,USC00165630,0,1.77,-1.77,-0.03,False
2004-09-18,USC00165783,0,0.13,-0.13,-0.0,False
2004-09-18,USC00165892,0,0.93,-0.93,-0.01,False
2004-09-18,USC00165896,0,1.14,-1.14,-0.02,False
2004-09-18,USC00165920,51,0.0,51.0,0.82,False
2004-09-18,USC00165926,0,0.0,0.0,0.0,False
2004-09-18,USC00165935,0,0.0,0.0,0.0,False
2004-09-18,USC00166157,0,0.0,0.0,0.0,False
2004-09-18,USC00166244,0,0.0,0.0,0.0,False
2004-09-18,USC00166314,0,0.0,0.0,0.0,False
2004-09-18,USC00166364,0,0.0,0.0,0.0,False
2004-09-18,USC00166394,0,0.73,-0.73,-0.01,False
2004-09-18,USC00166431,0,0.0,0.0,0.0,False
2004-09-18,USC00166466,0,0.0,0.0,0.0,False
2004-09-18,USC00166561,0,0.23,-0.23,-0.0,False
2004-09-18,USC00166582,0,0.0,0.0,0.0,False
2004-09-18,USC00166657,0,0.08,-0.08,-0.0,False
2004-09-18,USC00166666,0,0.0,0.0,0.0,False
2004-09-18,USC00166686,0,0.53,-0.53,-0.01,False
2004-09-18,USC00166808,0,0.51,-0.51,-0.01,False
2004-09-18,USC00166836,0,1.06,-1.06,-0.02,False
2004-09-18,USC00166866,0,0.0,0.0,0.0,False
2004-09-18,USC00166868,0,0.0,0.0,0.0,False
2004-09-18,USC00166911,0,0.0,0.0,0.0,False
2004-09-18,USC00166938,0,0.85,-0.85,-0.01,False
2004-09-18,USC00166968,0,0.0,0.0,0.0,False
2004-09-18,USC00166978,0,0.95,-0.95,-0.02,False
2004-09-18,USC00166995,0,0.89,-0.89,-0.01,False
2004-09-18,USC00167096,0,0.0,0.0,0.0,False
2004-09-18,USC00167304,0,0.0,0.0,0.0,False
2004-09-18,USC00167366,0,0.12,-0.12,-0.0,False
2004-09-18,USC00167425,0,0.0,0.0,0.0,False
2004-09-18,USC00167448,0,0.0,0.0,0.0,False
2004-09-18,USC00167729,0,4.48,-4.48,-0.07,False
2004-09-18,USC00167732,0,2.9,-2.9,-0.05,False
2004-09-18,USC00167738,0,0.0,0.0,0.0,False
2004-09-18,USC00167767,0,0.0,0.0,0.0,False
2004-09-18,USC00167924,0,0.0,0.0,0.0,False
2004-09-18,USC00167932,0,0.0,0.0,0.0,False
2004-09-18,USC00168046,0,1.09,-1.09,-0.02,False
2004-09-18,USC00168067,0,0.0,0.0,0.0,False
2004-09-18,USC00168094,0,0.0,0.0,0.0,False
2004-09-18,USC00168108,0,0.0,0.0,0.0,False
2004-09-18,USC00168136,0,0.57,-0.57,-0.01,False
2004-09-18,USC00168139,0,0.11,-0.11,-0.0,False
2004-09-18,USC00168163,0,0.0,0.0,0.0,False
2004-09-18,USC00168181,0,0.09,-0.09,-0.0,False
2004-09-18,USC00168436,0,0.0,0.0,0.0,False
2004-09-18,USC00168444,0,0.0,0.0,0.0,False
2004-09-18,USC00168539,0,0.0,0.0,0.0,False
2004-09-18,USC00168669,0,0.0,0.0,0.0,False
2004-09-18,USC00168683,0,0.0,0.0,0.0,False
2004-09-18,USC00168785,0,0.0,0.0,0.0,False
2004-09-18,USC00168831,0,0.69,-0.69,-0.01,False
2004-09-18,USC00168861,0,0.0,0.0,0.0,False
2004-09-18,USC00168906,0,0.0,0.0,0.0,False
2004-09-18,USC00168923,0,0.0,0.0,0.0,False
2004-09-18,USC00168941,0,0.0,0.0,0.0,False
2004-09-18,USC00168945,0,0.0,0.0,0.0,False
2004-09-18,USC00169013,0,0.24,-0.24,-0.0,False
2004-09-18,USC00169357,0,1.13,-1.13,-0.02,False
2004-09-18,USC00169369,0,1.44,-1.44,-0.02,False
2004-09-18,USC00169392,0,0.0,0.0,0.0,False
2004-09-18,USC00169480,0,0.0,0.0,0.0,False
2004-09-18,USC00169631,0,0.0,0.0,0.0,False
2004-09-18,USC00169803,0,0.0,0.0,0.0,False
2004-09-18,USC00169804,0,0.0,0.0,0.0,False
2004-09-18,USC00169806,0,0.0,0.0,0.0,False
2004-09-18,USC00169809,0,0.0,0.0,0.0,False
2004-09-18,USC00169930,0,0.0,0.0,0.0,False
2004-09-18,USC00169980,0,0.96,-0.96,-0.02,False
2004-09-18,USC00220039,0,0.0,0.0,0.0,False
2004-09-18,USC00220218,0,0.0,0.0,0.0,False
2004-09-18,USC00220521,0,0.0,0.0,0.0,False
2004-09-18,USC00220523,0,0.14,-0.14,-0.0,False
2004-09-18,USC00220585,0,0.0,0.0,0.0,False
2004-09-18,USC00220660,0,0.0,0.0,0.0,False
2004-09-18,USC00220792,0,0.0,0.0,0.0,False
2004-09-18,USC00220891,0,0.0,0.0,0.0,False
2004-09-18,USC00221094,0,0.0,0.0,0.0,False
2004-09-18,USC00221174,0,0.0,0.0,0.0,False
2004-09-18,USC00221389,0,0.07,-0.07,-0.0,False
2004-09-18,USC00221489,0,0.11,-0.11,-0.0,False
2004-09-18,USC00221578,0,0.56,-0.56,-0.01,False
2004-09-18,USC00221852,0,0.06,-0.06,-0.0,False
2004-09-18,USC00221860,0,0.2,-0.2,-0.0,False
2004-09-18,USC00221865,0,0.0,0.0,0.0,False
2004-09-18,USC00221880,0,1.05,-1.05,-0.02,False
2004-09-18,USC00222034,0,0.14,-0.14,-0.0,False
2004-09-18,USC00222094,0,0.0,0.0,0.0,False
2004-09-18,USC00222385,0,0.07,-0.07,-0.0,False
2004-09-18,USC00223107,0,0.19,-0.19,-0.0,False
2004-09-18,USC00223340,0,0.12,-0.12,-0.0,False
2004-09-18,USC00223441,0,0.58,-0.58,-0.01,False
2004-09-18,USC00223516,0,0.08,-0.08,-0.0,False
2004-09-18,USC00223605,0,0.0,0.0,0.0,False
2004-09-18,USC00223667,0,0.0,0.0,0.0,False
2004-09-18,USC00223671,0,0.0,0.0,0.0,False
2004-09-18,USC00223887,0,0.0,0.0,0.0,False
2004-09-18,USC00223920,0,0.0,0.0,0.0,False
2004-09-18,USC00224470,0,0.0,0.0,0.0,False
2004-09-18,USC00224702,0,0.15,-0.15,-0.0,False
2004-09-18,USC00224776,0,0.09,-0.09,-0.0,False
2004-09-18,USC00224939,0,0.09,-0.09,-0.0,False
2004-09-18,USC00224966,0,0.0,0.0,0.0,False
2004-09-18,USC00225020,0,0.0,0.0,0.0,False
2004-09-18,USC00225062,0,0.0,0.0,0.0,False
2004-09-18,USC00225247,0,0.1,-0.1,-0.0,False
2004-09-18,USC00225361,0,0.68,-0.68,-0.01,False
2004-09-18,USC00225611,0,0.0,0.0,0.0,False
2004-09-18,USC00225704,0,0.0,0.0,0.0,False
2004-09-18,USC00225943,0,0.08,-0.08,-0.0,False
2004-09-18,USC00225987,0,0.0,0.0,0.0,False
2004-09-18,USC00225989,0,0.0,0.0,0.0,False
2004-09-18,USC00226009,0,0.0,0.0,0.0,False
2004-09-18,USC00226177,0,1.01,-1.01,-0.02,False
2004-09-18,USC00226294,0,0.08,-0.08,-0.0,False
2004-09-18,USC00226308,0,2.37,-2.37,-0.04,False
2004-09-18,USC00226476,0,0.0,0.0,0.0,False
2004-09-18,USC00226484,0,0.0,0.0,0.0,False
2004-09-18,USC00226638,0,0.14,-0.14,-0.0,False
2004-09-18,USC00226640,0,0.08,-0.08,-0.0,False
2004-09-18,USC00226642,0,0.06,-0.06,-0.0,False
2004-09-18,USC00226643,0,0.24,-0.24,-0.0,False
2004-09-18,USC00226644,0,0.5,-0.5,-0.01,False
2004-09-18,USC00226718,0,0.0,0.0,0.0,False
2004-09-18,USC00226894,0,0.15,-0.15,-0.0,False
2004-09-18,USC00226921,0,0.0,0.0,0.0,False
2004-09-18,USC00226924,0,0.0,0.0,0.0,False
2004-09-18,USC00226926,0,0.0,0.0,0.0,False
2004-09-18,USC00227128,0,0.0,0.0,0.0,False
2004-09-18,USC00227132,0,0.0,0.0,0.0,False
2004-09-18,USC00227172,0,0.0,0.0,0.0,False
2004-09-18,USC00227220,0,0.0,0.0,0.0,False
2004-09-18,USC00227276,0,0.12,-0.12,-0.0,False
2004-09-18,USC00227444,0,0.0,0.0,0.0,False
2004-09-18,USC00227560,0,0.0,0.0,0.0,False
2004-09-18,USC00227595,0,0.06,-0.06,-0.0,False
2004-09-18,USC00227831,0,0.0,0.0,0.0,False
2004-09-18,USC00227840,0,0.0,0.0,0.0,False
2004-09-18,USC00228053,0,0.11,-0.11,-0.0,False
2004-09-18,USC00228374,0,0.0,0.0,0.0,False
2004-09-18,USC00228413,0,0.0,0.0,0.0,False
2004-09-18,USC00228445,0,0.0,0.0,0.0,False
2004-09-18,USC00228556,0,0.0,0.0,0.0,False
2004-09-18,USC00228899,0,0.16,-0.16,-0.0,False
2004-09-18,USC00229048,0,0.0,0.0,0.0,False
2004-09-18,USC00229072,0,0.0,0.0,0.0,False
2004-09-18,USC00229114,0,0.0,0.0,0.0,False
2004-09-18,USC00229157,0,0.0,0.0,0.0,False
2004-09-18,USC00229230,0,0.0,0.0,0.0,False
2004-09-18,USC00229326,0,0.14,-0.14,-0.0,False
2004-09-18,USC00229426,0,0.0,0.0,0.0,False
2004-09-18,USC00229439,0,0.1,-0.1,-0.0,False
2004-09-18,USC00229597,0,0.09,-0.09,-0.0,False
2004-09-18,USC00229639,0,0.0,0.0,0.0,False
2004-09-18,USC00229743,0,0.0,0.0,0.0,False
2004-09-18,USC00229793,0,0.79,-0.79,-0.01,False
2004-09-18,USC00229860,0,0.0,0.0,0.0,False
2004-09-18,USC00410144,0,0.0,0.0,0.0,False
2004-09-18,USC00410190,0,0.0,0.0,0.0,False
2004-09-18,USC00410204,0,1.73,-1.73,-0.03,False
2004-09-18,USC00410206,0,0.24,-0.24,-0.0,False
2004-09-18,USC00410235,0,0.12,-0.12,-0.0,False
2004-09-18,USC00410246,0,0.0,0.0,0.0,False
2004-09-18,USC00410257,0,1.51,-1.51,-0.02,False
2004-09-18,USC00410271,0,0.0,0.0,0.0,False
2004-09-18,USC00410297,0,0.09,-0.09,-0.0,False
2004-09-18,USC00410305,0,0.0,0.0,0.0,False
2004-09-18,USC00410337,0,0.3,-0.3,-0.0,False
2004-09-18,USC00410404,0,0.0,0.0,0.0,False
2004-09-18,USC00410408,0,0.0,0.0,0.0,False
2004-09-18,USC00410431,0,0.0,0.0,0.0,False
2004-09-18,USC00410518,0,0.21,-0.21,-0.0,False
2004-09-18,USC00410569,0,2.17,-2.17,-0.03,False
2004-09-18,USC00410586,0,1.62,-1.62,-0.03,False
2004-09-18,USC00410611,0,1.17,-1.17,-0.02,False
2004-09-18,USC00410613,0,1.35,-1.35,-0.02,False
2004-09-18,USC00410639,0,0.0,0.0,0.0,False
2004-09-18,USC00410655,0,3.24,-3.24,-0.05,False
2004-09-18,USC00410660,0,0.0,0.0,0.0,False
2004-09-18,USC00410690,0,0.0,0.0,0.0,False
2004-09-18,USC00410691,0,0.76,-0.76,-0.01,False
2004-09-18,USC00410738,0,0.0,0.0,0.0,False
2004-09-18,USC00410805,0,0.0,0.0,0.0,False
2004-09-18,USC00410832,0,0.0,0.0,0.0,False
2004-09-18,USC00411026,0,0.23,-0.23,-0.0,False
2004-09-18,USC00411035,0,0.27,-0.27,-0.0,False
2004-09-18,USC00411045,0,0.0,0.0,0.0,False
2004-09-18,USC00411048,0,2.36,-2.36,-0.04,False
2004-09-18,USC00411063,0,0.22,-0.22,-0.0,False
2004-09-18,USC00411089,0,2.33,-2.33,-0.04,False
2004-09-18,USC00411215,0,0.0,0.0,0.0,False
2004-09-18,USC00411246,0,0.49,-0.49,-0.01,False
2004-09-18,USC00411250,0,0.0,0.0,0.0,False
2004-09-18,USC00411253,0,0.0,0.0,0.0,False
2004-09-18,USC00411314,0,0.0,0.0,0.0,False
2004-09-18,USC00411337,0,0.0,0.0,0.0,False
2004-09-18,USC00411348,0,0.0,0.0,0.0,False
2004-09-18,USC00411429,0,0.0,0.0,0.0,False
2004-09-18,USC00411433,0,0.0,0.0,0.0,False
2004-09-18,USC00411541,0,0.0,0.0,0.0,False
2004-09-18,USC00411578,0,0.0,0.0,0.0,False
2004-09-18,USC00411580,0,0.0,0.0,0.0,False
2004-09-18,USC00411596,0,0.0,0.0,0.0,False
2004-09-18,USC00411625,0,0.26,-0.26,-0.0,False
2004-09-18,USC00411671,0,0.0,0.0,0.0,False
2004-09-18,USC00411711,0,1.59,-1.59,-0.03,False
2004-09-18,USC00411720,0,0.0,0.0,0.0,False
2004-09-18,USC00411800,5,0.18,4.82,0.08,False
2004-09-18,USC00411804,0,0.69,-0.69,-0.01,False
2004-09-18,USC00411810,0,1.89,-1.89,-0.03,False
2004-09-18,USC00411838,0,4.95,-4.95,-0.08,False
2004-09-18,USC00411880,0,0.0,0.0,0.0,False
2004-09-18,USC00411911,0,2.34,-2.34,-0.04,False
2004-09-18,USC00411921,0,0.0,0.0,0.0,False
2004-09-18,USC00411956,0,2.62,-2.62,-0.04,False
2004-09-18,USC00411970,0,0.0,0.0,0.0,False
2004-09-18,USC00411990,0,0.0,0.0,0.0,False
2004-09-18,USC00412013,0,0.0,0.0,0.0,False
2004-09-18,USC00412017,0,2.04,-2.04,-0.03,False
2004-09-18,USC00412019,0,0.07,-0.07,-0.0,False
2004-09-18,USC00412020,0,0.0,0.0,0.0,False
2004-09-18,USC00412086,0,0.09,-0.09,-0.0,False
2004-09-18,USC00412088,0,0.06,-0.06,-0.0,False
2004-09-18,USC00412096,0,0.44,-0.44,-0.01,False
2004-09-18,USC00412114,0,0.0,0.0,0.0,False
2004-09-18,USC00412173,0,0.0,0.0,0.0,False
2004-09-18,USC00412206,0,4.03,-4.03,-0.06,False
2004-09-18,USC00412218,0,2.17,-2.17,-0.03,False
2004-09-18,USC00412225,0,0.0,0.0,0.0,False
2004-09-18,USC00412266,0,1.9,-1.9,-0.03,False
2004-09-18,USC00412295,0,0.0,0.0,0.0,False
2004-09-18,USC00412334,0,0.27,-0.27,-0.0,False
2004-09-18,USC00412404,0,0.19,-0.19,-0.0,False
2004-09-18,USC00412444,0,0.0,0.0,0.0,False
2004-09-18,USC00412462,0,0.0,0.0,0.0,False
2004-09-18,USC00412585,0,0.0,0.0,0.0,False
2004-09-18,USC00412598,0,0.1,-0.1,-0.0,False
2004-09-18,USC00412770,0,0.0,0.0,0.0,False
2004-09-18,USC00412772,0,0.0,0.0,0.0,False
2004-09-18,USC00412786,0,1.91,-1.91,-0.03,False
2004-09-18,USC00412820,0,0.0,0.0,0.0,False
2004-09-18,USC00413005,0,0.0,0.0,0.0,False
2004-09-18,USC00413047,0,0.0,0.0,0.0,False
2004-09-18,USC00413063,0,54.59,-54.59,-0.88,False
2004-09-18,USC00413065,0,0.0,0.0,0.0,False
2004-09-18,USC00413080,0,0.0,0.0,0.0,False
2004-09-18,USC00413133,0,0.21,-0.21,-0.0,False
2004-09-18,USC00413156,0,0.0,0.0,0.0,False
2004-09-18,USC00413171,0,0.0,0.0,0.0,False
2004-09-18,USC00413183,0,0.0,0.0,0.0,False
2004-09-18,USC00413199,0,0.0,0.0,0.0,False
2004-09-18,USC00413201,0,0.0,0.0,0.0,False
2004-09-18,USC00413247,0,0.27,-0.27,-0.0,False
2004-09-18,USC00413285,0,0.56,-0.56,-0.01,False
2004-09-18,USC00413321,0,0.0,0.0,0.0,False
2004-09-18,USC00413340,0,0.0,0.0,0.0,False
2004-09-18,USC00413370,0,0.17,-0.17,-0.0,False
2004-09-18,USC00413485,0,0.0,0.0,0.0,False
2004-09-18,USC00413507,0,0.0,0.0,0.0,False
2004-09-18,USC00413508,0,0.0,0.0,0.0,False
2004-09-18,USC00413525,0,0.0,0.0,0.0,False
2004-09-18,USC00413546,0,0.0,0.0,0.0,False
2004-09-18,USC00413618,0,0.0,0.0,0.0,False
2004-09-18,USC00413620,0,0.0,0.0,0.0,False
2004-09-18,USC00413622,0,0.0,0.0,0.0,False
2004-09-18,USC00413624,0,0.0,0.0,0.0,False
2004-09-18,USC00413639,0,0.27,-0.27,-0.0,False
2004-09-18,USC00413675,0,0.36,-0.36,-0.01,False
2004-09-18,USC00413685,0,0.0,0.0,0.0,False
2004-09-18,USC00413686,0,0.0,0.0,0.0,False
2004-09-18,USC00413691,0,0.25,-0.25,-0.0,False
2004-09-18,USC00413734,0,0.0,0.0,0.0,False
2004-09-18,USC00413776,0,0.0,0.0,0.0,False
2004-09-18,USC00413846,0,0.0,0.0,0.0,False
2004-09-18,USC00413873,0,0.0,0.0,0.0,False
2004-09-18,USC00413877,0,0.0,0.0,0.0,False
2004-09-18,USC00413884,0,0.08,-0.08,-0.0,False
2004-09-18,USC00413941,0,0.0,0.0,0.0,False
2004-09-18,USC00413943,574,132.0,442.0,7.09,True
2004-09-18,USC00414020,0,0.0,0.0,0.0,False
2004-09-18,USC00414077,0,1.73,-1.73,-0.03,False
2004-09-18,USC00414081,0,0.0,0.0,0.0,False
2004-09-18,USC00414137,0,0.1,-0.1,-0.0,False
2004-09-18,USC00414182,0,0.22,-0.22,-0.0,False
2004-09-18,USC00414202,0,0.0,0.0,0.0,False
2004-09-18,USC00414313,0,9.97,-9.97,-0.16,False
2004-09-18,USC00414315,0,1.74,-1.74,-0.03,False
2004-09-18,USC00414321,0,2.37,-2.37,-0.04,False
2004-09-18,USC00414325,0,2.24,-2.24,-0.04,False
2004-09-18,USC00414326,0,1.85,-1.85,-0.03,False
2004-09-18,USC00414327,0,3.15,-3.15,-0.05,False
2004-09-18,USC00414333,0,1.63,-1.63,-0.03,False
2004-09-18,USC00414343,0,0.28,-0.28,-0.0,False
2004-09-18,USC00414382,0,0.24,-0.24,-0.0,False
2004-09-18,USC00414390,0,0.08,-0.08,-0.0,False
2004-09-18,USC00414505,0,0.25,-0.25,-0.0,False
2004-09-18,USC00414517,0,0.28,-0.28,-0.0,False
2004-09-18,USC00414525,0,0.0,0.0,0.0,False
2004-09-18,USC00414531,0,0.0,0.0,0.0,False
2004-09-18,USC00414556,0,0.0,0.0,0.0,False
2004-09-18,USC00414563,56,0.0,56.0,0.9,False
2004-09-18,USC00414575,0,0.0,0.0,0.0,False
2004-09-18,USC00414597,0,0.26,-0.26,-0.0,False
2004-09-18,USC00414605,0,0.0,0.0,0.0,False
2004-09-18,USC00414679,0,0.31,-0.31,-0.0,False
2004-09-18,USC00414693,0,0.0,0.0,0.0,False
2004-09-18,USC00414696,0,0.0,0.0,0.0,False
2004-09-18,USC00414704,86,0.08,85.92,1.38,False
2004-09-18,USC00414705,0,0.0,0.0,0.0,False
2004-09-18,USC00414805,0,0.0,0.0,0.0,False
2004-09-18,USC00414810,0,0.0,0.0,0.0,False
2004-09-18,USC00414866,0,0.37,-0.37,-0.01,False
2004-09-18,USC00414878,0,1.74,-1.74,-0.03,False
2004-09-18,USC00414903,0,0.0,0.0,0.0,False
2004-09-18,USC00414911,127,281.59,-154.59,-2.48,False
2004-09-18,USC00414972,0,0.22,-0.22,-0.0,False
2004-09-18,USC00414976,0,0.0,0.0,0.0,False
2004-09-18,USC00414979,0,0.25,-0.25,-0.0,False
2004-09-18,USC00414980,0,0.0,0.0,0.0,False
2004-09-18,USC00415018,0,0.0,0.0,0.0,False
2004-09-18,USC00415094,0,0.13,-0.13,-0.0,False
2004-09-18,USC00415192,0,0.24,-0.24,-0.0,False
2004-09-18,USC00415193,0,0.0,0.0,0.0,False
2004-09-18,USC00415196,0,0.13,-0.13,-0.0,False
2004-09-18,USC00415229,0,0.0,0.0,0.0,False
2004-09-18,USC00415243,0,0.29,-0.29,-0.0,False
2004-09-18,USC00415271,0,1.69,-1.69,-0.03,False
2004-09-18,USC00415285,0,0.0,0.0,0.0,False
2004-09-18,USC00415341,0,0.0,0.0,0.0,False
2004-09-18,USC00415344,0,0.0,0.0,0.0,False
2004-09-18,USC00415415,0,0.0,0.0,0.0,False
2004-09-18,USC00415427,0,1.35,-1.35,-0.02,False
2004-09-18,USC00415429,0,0.0,0.0,0.0,False
2004-09-18,USC00415430,0,0.0,0.0,0.0,False
2004-09-18,USC00415435,0,1.33,-1.33,-0.02,False
2004-09-18,USC00415477,0,0.16,-0.16,-0.0,False
2004-09-18,USC00415611,0,0.0,0.0,0.0,False
2004-09-18,USC00415618,0,0.0,0.0,0.0,False
2004-09-18,USC00415659,0,0.0,0.0,0.0,False
2004-09-18,USC00415661,0,0.0,0.0,0.0,False
2004-09-18,USC00415667,0,0.0,0.0,0.0,False
2004-09-18,USC00415701,76,541.96,-465.96,-7.48,True
2004-09-18,USC00415721,0,255.99,-255.99,-4.11,True
2004-09-18,USC00415757,0,0.05,-0.05,-0.0,False
2004-09-18,USC00415836,572,247.85,324.15,5.2,True
2004-09-18,USC00415845,0,0.23,-0.23,-0.0,False
2004-09-18,USC00415897,0,0.29,-0.29,-0.0,False
2004-09-18,USC00415904,0,0.14,-0.14,-0.0,False
2004-09-18,USC00415954,0,0.0,0.0,0.0,False
2004-09-18,USC00416024,0,2.21,-2.21,-0.04,False
2004-09-18,USC00416058,0,0.25,-0.25,-0.0,False
2004-09-18,USC00416108,0,0.0,0.0,0.0,False
2004-09-18,USC00416119,0,0.0,0.0,0.0,False
2004-09-18,USC00416177,0,1.18,-1.18,-0.02,False
2004-09-18,USC00416210,0,0.09,-0.09,-0.0,False
2004-09-18,USC00416270,0,0.0,0.0,0.0,False
2004-09-18,USC00416276,0,0.0,0.0,0.0,False
2004-09-18,USC00416280,0,2.01,-2.01,-0.03,False
2004-09-18,USC00416335,0,0.0,0.0,0.0,False
2004-09-18,USC00416341,0,3.9,-3.9,-0.06,False
2004-09-18,USC00416367,0,0.0,0.0,0.0,False
2004-09-18,USC00416496,0,0.0,0.0,0.0,False
2004-09-18,USC00416664,0,1.15,-1.15,-0.02,False
2004-09-18,USC00416680,0,1.34,-1.34,-0.02,False
2004-09-18,USC00416766,0,0.28,-0.28,-0.0,False
2004-09-18,USC00417017,0,0.0,0.0,0.0,False
2004-09-18,USC00417020,0,1.98,-1.98,-0.03,False
2004-09-18,USC00417040,0,2.9,-2.9,-0.05,False
2004-09-18,USC00417140,0,0.0,0.0,0.0,False
2004-09-18,USC00417170,0,0.0,0.0,0.0,False
2004-09-18,USC00417172,0,0.0,0.0,0.0,False
2004-09-18,USC00417179,33,219.37,-186.37,-2.99,False
2004-09-18,USC00417183,0,0.0,0.0,0.0,False
2004-09-18,USC00417184,0,215.23,-215.23,-3.45,False
2004-09-18,USC00417300,0,0.0,0.0,0.0,False
2004-09-18,USC00417365,0,0.0,0.0,0.0,False
2004-09-18,USC00417388,0,0.36,-0.36,-0.01,False
2004-09-18,USC00417458,170,228.57,-58.57,-0.94,False
2004-09-18,USC00417530,0,0.0,0.0,0.0,False
2004-09-18,USC00417533,0,0.0,0.0,0.0,False
2004-09-18,USC00417550,0,0.84,-0.84,-0.01,False
2004-09-18,USC00417588,0,0.21,-0.21,-0.0,False
2004-09-18,USC00417594,0,3.73,-3.73,-0.06,False
2004-09-18,USC00417659,0,0.31,-0.31,-0.0,False
2004-09-18,USC00417677,0,0.0,0.0,0.0,False
2004-09-18,USC00417685,0,0.0,0.0,0.0,False
2004-09-18,USC00417704,0,0.0,0.0,0.0,False
2004-09-18,USC00417707,0,0.13,-0.13,-0.0,False
2004-09-18,USC00417744,0,0.0,0.0,0.0,False
2004-09-18,USC00417773,0,0.19,-0.19,-0.0,False
2004-09-18,USC00417791,0,0.0,0.0,0.0,False
2004-09-18,USC00417836,0,0.0,0.0,0.0,False
2004-09-18,USC00417841,0,0.0,0.0,0.0,False
2004-09-18,USC00417936,0,5.66,-5.66,-0.09,False
2004-09-18,USC00417947,0,0.0,0.0,0.0,False
2004-09-18,USC00417951,0,1.7,-1.7,-0.03,False
2004-09-18,USC00417983,0,0.0,0.0,0.0,False
2004-09-18,USC00418059,381,252.21,128.79,2.07,False
2004-09-18,USC00418081,0,21.39,-21.39,-0.34,False
2004-09-18,USC00418126,0,0.0,0.0,0.0,False
2004-09-18,USC00418187,0,0.0,0.0,0.0,False
2004-09-18,USC00418311,0,1.54,-1.54,-0.02,False
2004-09-18,USC00418354,0,0.0,0.0,0.0,False
2004-09-18,USC00418415,0,0.0,0.0,0.0,False
2004-09-18,USC00418446,0,1.67,-1.67,-0.03,False
2004-09-18,USC00418487,155,179.85,-24.85,-0.4,False
2004-09-18,USC00418519,0,0.0,0.0,0.0,False
2004-09-18,USC00418531,0,0.0,0.0,0.0,False
2004-09-18,USC00418544,0,0.0,0.0,0.0,False
2004-09-18,USC00418646,0,0.0,0.0,0.0,False
2004-09-18,USC00418658,0,0.0,0.0,0.0,False
2004-09-18,USC00418696,0,0.21,-0.21,-0.0,False
2004-09-18,USC00418728,0,1.16,-1.16,-0.02,False
2004-09-18,USC00418743,0,0.0,0.0,0.0,False
2004-09-18,USC00418862,0,0.0,0.0,0.0,False
2004-09-18,USC00418929,0,0.0,0.0,0.0,False
2004-09-18,USC00418942,0,0.0,0.0,0.0,False
2004-09-18,USC00418996,0,2.75,-2.75,-0.04,False
2004-09-18,USC00419001,0,0.0,0.0,0.0,False
2004-09-18,USC00419004,0,0.0,0.0,0.0,False
2004-09-18,USC00419007,0,0.0,0.0,0.0,False
2004-09-18,USC00419068,0,1.93,-1.93,-0.03,False
2004-09-18,USC00419076,0,2.63,-2.63,-0.04,False
2004-09-18,USC00419099,0,0.0,0.0,0.0,False
2004-09-18,USC00419101,0,5.21,-5.21,-0.08,False
2004-09-18,USC00419125,0,0.0,0.0,0.0,False
2004-09-18,USC00419153,0,0.0,0.0,0.0,False
2004-09-18,USC00419207,0,0.0,0.0,0.0,False
2004-09-18,USC00419282,0,0.07,-0.07,-0.0,False
2004-09-18,USC00419361,0,0.0,0.0,0.0,False
2004-09-18,USC00419367,0,0.0,0.0,0.0,False
2004-09-18,USC00419415,0,0.05,-0.05,-0.0,False
2004-09-18,USC00419417,0,0.04,-0.04,-0.0,False
2004-09-18,USC00419491,0,2.44,-2.44,-0.04,False
2004-09-18,USC00419503,0,0.0,0.0,0.0,False
2004-09-18,USC00419504,0,0.0,0.0,0.0,False
2004-09-18,USC00419522,0,0.24,-0.24,-0.0,False
2004-09-18,USC00419532,0,0.45,-0.45,-0.01,False
2004-09-18,USC00419559,0,0.0,0.0,0.0,False
2004-09-18,USC00419593,0,0.09,-0.09,-0.0,False
2004-09-18,USC00419708,0,0.0,0.0,0.0,False
2004-09-18,USC00419709,0,0.0,0.0,0.0,False
2004-09-18,USC00419715,0,0.11,-0.11,-0.0,False
2004-09-18,USC00419717,0,0.0,0.0,0.0,False
2004-09-18,USC00419800,0,0.0,0.0,0.0,False
2004-09-18,USC00419815,0,0.0,0.0,0.0,False
2004-09-18,USC00419836,0,0.0,0.0,0.0,False
2004-09-18,USC00419898,0,3.21,-3.21,-0.05,False
2004-09-18,USC00419916,0,0.0,0.0,0.0,False
2004-09-18,USC00419953,0,0.0,0.0,0.0,False
2004-09-18,USC00419962,0,0.0,0.0,0.0,False
2004-09-18,USW00003881,0,1.02,-1.02,-0.02,False
2004-09-18,USW00003901,0,0.0,0.0,0.0,False
2004-09-18,USW00003904,0,0.11,-0.11,-0.0,False
2004-09-18,USW00003927,0,0.25,-0.25,-0.0,False
2004-09-18,USW00003937,0,0.0,0.0,0.0,False
2004-09-18,USW00003940,0,0.05,-0.05,-0.0,False
2004-09-18,USW00003951,0,0.0,0.0,0.0,False
2004-09-18,USW00003969,0,0.28,-0.28,-0.0,False
2004-09-18,USW00003971,0,0.23,-0.23,-0.0,False
2004-09-18,USW00003991,0,0.21,-0.21,-0.0,False
2004-09-18,USW00003996,0,0.0,0.0,0.0,False
2004-09-18,USW00003999,0,0.0,0.0,0.0,False
2004-09-18,USW00012884,0,0.0,0.0,0.0,False
2004-09-18,USW00012904,10,403.47,-393.47,-6.32,True
2004-09-18,USW00012912,0,0.0,0.0,0.0,False
2004-09-18,USW00012916,0,0.0,0.0,0.0,False
2004-09-18,USW00012917,0,0.0,0.0,0.0,False
2004-09-18,USW00012918,0,1.77,-1.77,-0.03,False
2004-09-18,USW00012921,0,0.0,0.0,0.0,False
2004-09-18,USW00012923,0,0.0,0.0,0.0,False
2004-09-18,USW00012924,0,0.0,0.0,0.0,False
2004-09-18,USW00012926,0,0.0,0.0,0.0,False
2004-09-18,USW00012930,0,0.0,0.0,0.0,False
2004-09-18,USW00012932,0,0.0,0.0,0.0,False
2004-09-18,USW00012935,0,0.0,0.0,0.0,False
2004-09-18,USW00012944,0,0.0,0.0,0.0,False
2004-09-18,USW00012957,183,168.45,14.55,0.23,False
2004-09-18,USW00012958,0,0.0,0.0,0.0,False
2004-09-18,USW00012959,663,117.99,545.01,8.75,True
2004-09-18,USW00012960,0,2.26,-2.26,-0.04,False
2004-09-18,USW00012968,15,0.0,15.0,0.24,False
2004-09-18,USW00012970,0,0.0,0.0,0.0,False
2004-09-18,USW00012971,0,0.0,0.0,0.0,False
2004-09-18,USW00012972,0,0.0,0.0,0.0,False
2004-09-18,USW00012975,0,1.74,-1.74,-0.03,False
2004-09-18,USW00012976,0,1.48,-1.48,-0.02,False
2004-09-18,USW00012977,0,1.16,-1.16,-0.02,False
2004-09-18,USW00012987,299,156.53,142.47,2.29,False
2004-09-18,USW00013833,0,0.0,0.0,0.0,False
2004-09-18,USW00013838,0,0.0,0.0,0.0,False
2004-09-18,USW00013865,0,0.2,-0.2,-0.0,False
2004-09-18,USW00013894,0,0.0,0.0,0.0,False
2004-09-18,USW00013899,0,0.0,0.0,0.0,False
2004-09-18,USW00013904,0,0.0,0.0,0.0,False
2004-09-18,USW00013911,10,0.08,9.92,0.16,False
2004-09-18,USW00013927,0,0.0,0.0,0.0,False
2004-09-18,USW00013935,0,2.05,-2.05,-0.03,False
2004-09-18,USW00013939,0,0.0,0.0,0.0,False
2004-09-18,USW00013942,0,0.0,0.0,0.0,False
2004-09-18,USW00013957,0,0.0,0.0,0.0,False
2004-09-18,USW00013958,0,0.0,0.0,0.0,False
2004-09-18,USW00013959,0,0.05,-0.05,-0.0,False
2004-09-18,USW00013960,0,0.22,-0.22,-0.0,False
2004-09-18,USW00013961,0,0.84,-0.84,-0.01,False
2004-09-18,USW00013970,0,0.0,0.0,0.0,False
2004-09-18,USW00013972,0,0.0,0.0,0.0,False
2004-09-18,USW00013976,0,0.17,-0.17,-0.0,False
2004-09-18,USW00013977,0,0.0,0.0,0.0,False
2004-09-18,USW00013978,0,0.0,0.0,0.0,False
2004-09-18,USW00053820,0,0.0,0.0,0.0,False
2004-09-18,USW00053858,0,0.0,0.0,0.0,False
2004-09-18,USW00053865,0,0.0,0.0,0.0,False
2004-09-18,USW00053902,5,1.6,3.4,0.05,False
2004-09-18,USW00053903,0,0.21,-0.21,-0.0,False
2004-09-18,USW00053905,0,0.0,0.0,0.0,False
2004-09-18,USW00053907,0,0.31,-0.31,-0.01,False
2004-09-18,USW00053909,0,0.37,-0.37,-0.01,False
2004-09-18,USW00053910,0,2.57,-2.57,-0.04,False
2004-09-18,USW00053911,0,0.0,0.0,0.0,False
2004-09-18,USW00053912,0,0.07,-0.07,-0.0,False
2004-09-18,USW00053914,0,0.15,-0.15,-0.0,False
2004-09-18,USW00053915,0,0.08,-0.08,-0.0,False
2004-09-18,USW00053917,0,0.0,0.0,0.0,False
2004-09-18,USW00053960,0,0.09,-0.09,-0.0,False
2004-09-18,USW00053961,0,0.0,0.0,0.0,False
2004-09-18,USW00053968,0,0.0,0.0,0.0,False
2004-09-18,USW00063831,4,0.0,4.0,0.06,False
2004-09-18,USW00093806,0,10.7,-10.7,-0.17,False
2004-09-18,USW00093874,0,0.0,0.0,0.0,False
2004-09-18,USW00093914,0,0.0,0.0,0.0,False
2004-09-18,USW00093915,0,1.13,-1.13,-0.02,False
2004-09-18,USW00093919,0,0.0,0.0,0.0,False
2004-09-18,USW00093985,0,0.31,-0.31,-0.01,False
2004-09-18,USW00093987,0,1.52,-1.52,-0.02,False
2004-09-18,USW00093992,0,0.0,0.0,0.0,False
2004-09-19,USC00010140,0,0.0,0.0,0.0,False
2004-09-19,USC00010184,0,0.0,0.0,0.0,False
2004-09-19,USC00010402,0,0.0,0.0,0.0,False
2004-09-19,USC00010505,0,0.0,0.0,0.0,False
2004-09-19,USC00010583,0,0.0,0.0,0.0,False
2004-09-19,USC00010764,0,0.0,0.0,0.0,False
2004-09-19,USC00011080,0,0.0,0.0,0.0,False
2004-09-19,USC00011084,0,0.0,0.0,0.0,False
2004-09-19,USC00011143,0,0.0,0.0,0.0,False
2004-09-19,USC00011189,0,0.2,-0.2,-0.0,False
2004-09-19,USC00011566,0,0.0,0.0,0.0,False
2004-09-19,USC00011690,0,0.0,0.0,0.0,False
2004-09-19,USC00011803,0,0.0,0.0,0.0,False
2004-09-19,USC00011810,0,0.0,0.0,0.0,False
2004-09-19,USC00012813,0,0.0,0.0,0.0,False
2004-09-19,USC00013160,0,0.0,0.0,0.0,False
2004-09-19,USC00013511,0,0.0,0.0,0.0,False
2004-09-19,USC00013930,0,0.0,0.0,0.0,False
2004-09-19,USC00014193,0,0.0,0.0,0.0,False
2004-09-19,USC00014798,0,0.16,-0.16,-0.0,False
2004-09-19,USC00015112,0,0.0,0.0,0.0,False
2004-09-19,USC00015121,0,0.0,0.0,0.0,False
2004-09-19,USC00015420,0,0.0,0.0,0.0,False
2004-09-19,USC00015658,0,0.0,0.0,0.0,False
2004-09-19,USC00016362,0,0.0,0.0,0.0,False
2004-09-19,USC00016847,0,0.0,0.0,0.0,False
2004-09-19,USC00016988,0,0.0,0.0,0.0,False
2004-09-19,USC00017366,0,0.0,0.0,0.0,False
2004-09-19,USC00018178,0,0.0,0.0,0.0,False
2004-09-19,USC00018380,0,0.0,0.0,0.0,False
2004-09-19,USC00018385,0,0.0,0.0,0.0,False
2004-09-19,USC00018637,0,0.0,0.0,0.0,False
2004-09-19,USC00018673,0,0.0,0.0,0.0,False
2004-09-19,USC00018809,0,0.0,0.0,0.0,False
2004-09-19,USC00031140,0,0.0,0.0,0.0,False
2004-09-19,USC00031730,0,0.0,0.0,0.0,False
2004-09-19,USC00032355,0,0.0,0.0,0.0,False
2004-09-19,USC00032475,0,0.0,0.0,0.0,False
2004-09-19,USC00034185,0,0.0,0.0,0.0,False
2004-09-19,USC00034548,0,0.0,0.0,0.0,False
2004-09-19,USC00034936,0,0.0,0.0,0.0,False
2004-09-19,USC00035866,0,0.0,0.0,0.0,False
2004-09-19,USC00085793,0,0.0,0.0,0.0,False
2004-09-19,USC00086999,0,0.0,0.0,0.0,False
2004-09-19,USC00160007,0,0.37,-0.37,-0.01,False
2004-09-19,USC00160012,0,0.0,0.0,0.0,False
2004-09-19,USC00160016,0,0.0,0.0,0.0,False
2004-09-19,USC00160021,0,0.0,0.0,0.0,False
2004-09-19,USC00160098,0,0.0,0.0,0.0,False
2004-09-19,USC00160103,0,0.0,0.0,0.0,False
2004-09-19,USC00160205,0,0.0,0.0,0.0,False
2004-09-19,USC00160238,0,0.0,0.0,0.0,False
2004-09-19,USC00160277,0,0.0,0.0,0.0,False
2004-09-19,USC00160349,0,0.0,0.0,0.0,False
2004-09-19,USC00160462,0,0.0,0.0,0.0,False
2004-09-19,USC00160537,0,0.0,0.0,0.0,False
2004-09-19,USC00160540,0,0.0,0.0,0.0,False
2004-09-19,USC00160546,0,0.0,0.0,0.0,False
2004-09-19,USC00160548,0,0.0,0.0,0.0,False
2004-09-19,USC00160558,0,0.0,0.0,0.0,False
2004-09-19,USC00160565,0,0.25,-0.25,-0.01,False
2004-09-19,USC00160617,0,0.0,0.0,0.0,False
2004-09-19,USC00160658,0,5.01,-5.01,-0.11,False
2004-09-19,USC00160800,0,0.0,0.0,0.0,False
2004-09-19,USC00160945,0,0.0,0.0,0.0,False
2004-09-19,USC00161200,0,0.0,0.0,0.0,False
2004-09-19,USC00161232,0,0.0,0.0,0.0,False
2004-09-19,USC00161235,0,0.0,0.0,0.0,False
2004-09-19,USC00161246,0,0.13,-0.13,-0.0,False
2004-09-19,USC00161287,0,0.0,0.0,0.0,False
2004-09-19,USC00161292,0,0.0,0.0,0.0,False
2004-09-19,USC00161365,0,0.24,-0.24,-0.0,False
2004-09-19,USC00161411,0,0.0,0.0,0.0,False
2004-09-19,USC00161535,0,0.2,-0.2,-0.0,False
2004-09-19,USC00161565,0,0.17,-0.17,-0.0,False
2004-09-19,USC00161639,0,0.0,0.0,0.0,False
2004-09-19,USC00161866,0,0.0,0.0,0.0,False
2004-09-19,USC00161899,0,0.0,0.0,0.0,False
2004-09-19,USC00161941,0,0.0,0.0,0.0,False
2004-09-19,USC00161979,0,0.0,0.0,0.0,False
2004-09-19,USC00162002,0,0.19,-0.19,-0.0,False
2004-09-19,USC00162121,0,0.0,0.0,0.0,False
2004-09-19,USC00162151,0,0.0,0.0,0.0,False
2004-09-19,USC00162154,0,0.0,0.0,0.0,False
2004-09-19,USC00162212,0,0.0,0.0,0.0,False
2004-09-19,USC00162350,0,0.0,0.0,0.0,False
2004-09-19,USC00162367,0,0.0,0.0,0.0,False
2004-09-19,USC00162534,0,0.2,-0.2,-0.0,False
2004-09-19,USC00162536,0,0.16,-0.16,-0.0,False
2004-09-19,USC00162641,0,0.0,0.0,0.0,False
2004-09-19,USC00162812,0,0.0,0.0,0.0,False
2004-09-19,USC00162981,0,0.0,0.0,0.0,False
2004-09-19,USC00163079,0,0.0,0.0,0.0,False
2004-09-19,USC00163165,0,0.0,0.0,0.0,False
2004-09-19,USC00163313,0,0.91,-0.91,-0.02,False
2004-09-19,USC00163322,0,0.0,0.0,0.0,False
2004-09-19,USC00163433,0,0.0,0.0,0.0,False
2004-09-19,USC00163695,0,0.14,-0.14,-0.0,False
2004-09-19,USC00163741,0,0.0,0.0,0.0,False
2004-09-19,USC00163800,0,0.0,0.0,0.0,False
2004-09-19,USC00163804,0,0.0,0.0,0.0,False
2004-09-19,USC00163807,0,0.0,0.0,0.0,False
2004-09-19,USC00163829,0,0.0,0.0,0.0,False
2004-09-19,USC00163867,0,0.0,0.0,0.0,False
2004-09-19,USC00163877,0,0.0,0.0,0.0,False
2004-09-19,USC00163979,0,8.58,-8.58,-0.18,False
2004-09-19,USC00164030,0,0.0,0.0,0.0,False
2004-09-19,USC00164034,0,0.0,0.0,0.0,False
2004-09-19,USC00164050,0,0.0,0.0,0.0,False
2004-09-19,USC00164131,0,0.0,0.0,0.0,False
2004-09-19,USC00164288,0,0.0,0.0,0.0,False
2004-09-19,USC00164355,0,0.0,0.0,0.0,False
2004-09-19,USC00164398,0,0.0,0.0,0.0,False
2004-09-19,USC00164407,0,0.4,-0.4,-0.01,False
2004-09-19,USC00164573,0,0.0,0.0,0.0,False
2004-09-19,USC00164592,0,0.0,0.0,0.0,False
2004-09-19,USC00164674,0,0.44,-0.44,-0.01,False
2004-09-19,USC00164696,0,0.0,0.0,0.0,False
2004-09-19,USC00164700,0,0.0,0.0,0.0,False
2004-09-19,USC00164732,0,0.0,0.0,0.0,False
2004-09-19,USC00164739,0,0.0,0.0,0.0,False
2004-09-19,USC00164775,0,0.33,-0.33,-0.01,False
2004-09-19,USC00164816,0,0.0,0.0,0.0,False
2004-09-19,USC00164859,0,0.0,0.0,0.0,False
2004-09-19,USC00164931,0,0.0,0.0,0.0,False
2004-09-19,USC00165021,0,0.21,-0.21,-0.0,False
2004-09-19,USC00165065,0,0.0,0.0,0.0,False
2004-09-19,USC00165072,0,3.11,-3.11,-0.07,False
2004-09-19,USC00165074,0,2.34,-2.34,-0.05,False
2004-09-19,USC00165076,0,2.84,-2.84,-0.06,False
2004-09-19,USC00165090,0,0.0,0.0,0.0,False
2004-09-19,USC00165146,0,0.0,0.0,0.0,False
2004-09-19,USC00165266,0,0.0,0.0,0.0,False
2004-09-19,USC00165287,0,0.0,0.0,0.0,False
2004-09-19,USC00165296,0,0.6,-0.6,-0.01,False
2004-09-19,USC00165430,0,0.0,0.0,0.0,False
2004-09-19,USC00165438,0,0.0,0.0,0.0,False
2004-09-19,USC00165522,0,0.0,0.0,0.0,False
2004-09-19,USC00165610,0,0.0,0.0,0.0,False
2004-09-19,USC00165620,0,0.11,-0.11,-0.0,False
2004-09-19,USC00165624,0,0.0,0.0,0.0,False
2004-09-19,USC00165630,0,0.0,0.0,0.0,False
2004-09-19,USC00165783,0,0.16,-0.16,-0.0,False
2004-09-19,USC00165892,0,0.0,0.0,0.0,False
2004-09-19,USC00165896,0,0.0,0.0,0.0,False
2004-09-19,USC00165920,0,0.0,0.0,0.0,False
2004-09-19,USC00165926,0,0.0,0.0,0.0,False
2004-09-19,USC00165935,0,0.0,0.0,0.0,False
2004-09-19,USC00166157,0,0.0,0.0,0.0,False
2004-09-19,USC00166244,0,0.0,0.0,0.0,False
2004-09-19,USC00166314,0,0.0,0.0,0.0,False
2004-09-19,USC00166364,0,0.0,0.0,0.0,False
2004-09-19,USC00166394,0,0.88,-0.88,-0.02,False
2004-09-19,USC00166431,0,2.39,-2.39,-0.05,False
2004-09-19,USC00166466,0,0.0,0.0,0.0,False
2004-09-19,USC00166561,0,0.28,-0.28,-0.01,False
2004-09-19,USC00166582,0,0.0,0.0,0.0,False
2004-09-19,USC00166657,0,0.1,-0.1,-0.0,False
2004-09-19,USC00166666,0,0.0,0.0,0.0,False
2004-09-19,USC00166686,0,0.0,0.0,0.0,False
2004-09-19,USC00166808,0,0.0,0.0,0.0,False
2004-09-19,USC00166836,0,0.0,0.0,0.0,False
2004-09-19,USC00166866,0,0.0,0.0,0.0,False
2004-09-19,USC00166868,0,0.0,0.0,0.0,False
2004-09-19,USC00166911,0,0.0,0.0,0.0,False
2004-09-19,USC00166938,0,0.0,0.0,0.0,False
2004-09-19,USC00166968,0,2.8,-2.8,-0.06,False
2004-09-19,USC00166978,0,0.0,0.0,0.0,False
2004-09-19,USC00166995,0,0.0,0.0,0.0,False
2004-09-19,USC00167096,0,0.0,0.0,0.0,False
2004-09-19,USC00167304,0,0.0,0.0,0.0,False
2004-09-19,USC00167366,0,0.14,-0.14,-0.0,False
2004-09-19,USC00167425,0,0.0,0.0,0.0,False
2004-09-19,USC00167448,0,0.0,0.0,0.0,False
2004-09-19,USC00167729,0,0.0,0.0,0.0,False
2004-09-19,USC00167732,0,0.0,0.0,0.0,False
2004-09-19,USC00167738,0,0.0,0.0,0.0,False
2004-09-19,USC00167767,0,0.0,0.0,0.0,False
2004-09-19,USC00167924,0,0.0,0.0,0.0,False
2004-09-19,USC00167932,0,0.0,0.0,0.0,False
2004-09-19,USC00168046,0,0.0,0.0,0.0,False
2004-09-19,USC00168067,0,0.0,0.0,0.0,False
2004-09-19,USC00168094,0,0.0,0.0,0.0,False
2004-09-19,USC00168108,0,0.0,0.0,0.0,False
2004-09-19,USC00168136,0,0.0,0.0,0.0,False
2004-09-19,USC00168139,0,0.14,-0.14,-0.0,False
2004-09-19,USC00168163,0,0.0,0.0,0.0,False
2004-09-19,USC00168181,0,0.11,-0.11,-0.0,False
2004-09-19,USC00168436,0,0.0,0.0,0.0,False
2004-09-19,USC00168444,0,0.0,0.0,0.0,False
2004-09-19,USC00168539,0,0.0,0.0,0.0,False
2004-09-19,USC00168669,0,0.0,0.0,0.0,False
2004-09-19,USC00168683,0,0.0,0.0,0.0,False
2004-09-19,USC00168785,0,0.0,0.0,0.0,False
2004-09-19,USC00168831,0,4.25,-4.25,-0.09,False
2004-09-19,USC00168861,0,0.0,0.0,0.0,False
2004-09-19,USC00168906,0,0.0,0.0,0.0,False
2004-09-19,USC00168923,0,0.0,0.0,0.0,False
2004-09-19,USC00168941,0,0.0,0.0,0.0,False
2004-09-19,USC00168945,0,0.0,0.0,0.0,False
2004-09-19,USC00169013,0,0.29,-0.29,-0.01,False
2004-09-19,USC00169357,0,0.0,0.0,0.0,False
2004-09-19,USC00169369,0,0.0,0.0,0.0,False
2004-09-19,USC00169392,0,0.0,0.0,0.0,False
2004-09-19,USC00169480,0,0.0,0.0,0.0,False
2004-09-19,USC00169631,0,0.0,0.0,0.0,False
2004-09-19,USC00169803,0,0.0,0.0,0.0,False
2004-09-19,USC00169804,0,0.0,0.0,0.0,False
2004-09-19,USC00169806,0,0.0,0.0,0.0,False
2004-09-19,USC00169809,0,0.0,0.0,0.0,False
2004-09-19,USC00169930,0,0.0,0.0,0.0,False
2004-09-19,USC00169980,0,0.0,0.0,0.0,False
2004-09-19,USC00220039,0,0.0,0.0,0.0,False
2004-09-19,USC00220218,0,0.0,0.0,0.0,False
2004-09-19,USC00220521,0,0.0,0.0,0.0,False
2004-09-19,USC00220523,0,0.23,-0.23,-0.0,False
2004-09-19,USC00220585,0,0.0,0.0,0.0,False
2004-09-19,USC00220660,0,0.0,0.0,0.0,False
2004-09-19,USC00220792,0,0.0,0.0,0.0,False
2004-09-19,USC00220891,0,0.0,0.0,0.0,False
2004-09-19,USC00221094,0,0.0,0.0,0.0,False
2004-09-19,USC00221174,0,0.0,0.0,0.0,False
2004-09-19,USC00221389,0,0.13,-0.13,-0.0,False
2004-09-19,USC00221489,0,0.19,-0.19,-0.0,False
2004-09-19,USC00221578,0,0.0,0.0,0.0,False
2004-09-19,USC00221852,0,0.11,-0.11,-0.0,False
2004-09-19,USC00221860,0,0.32,-0.32,-0.01,False
2004-09-19,USC00221865,0,0.0,0.0,0.0,False
2004-09-19,USC00221880,0,0.0,0.0,0.0,False
2004-09-19,USC00222034,0,0.23,-0.23,-0.0,False
2004-09-19,USC00222094,0,0.0,0.0,0.0,False
2004-09-19,USC00222385,0,0.12,-0.12,-0.0,False
2004-09-19,USC00223107,0,0.33,-0.33,-0.01,False
2004-09-19,USC00223340,0,0.21,-0.21,-0.0,False
2004-09-19,USC00223441,0,0.0,0.0,0.0,False
2004-09-19,USC00223516,0,0.15,-0.15,-0.0,False
2004-09-19,USC00223605,0,0.0,0.0,0.0,False
2004-09-19,USC00223667,0,0.0,0.0,0.0,False
2004-09-19,USC00223671,0,0.0,0.0,0.0,False
2004-09-19,USC00223887,0,0.0,0.0,0.0,False
2004-09-19,USC00223920,0,0.0,0.0,0.0,False
2004-09-19,USC00224470,0,0.0,0.0,0.0,False
2004-09-19,USC00224702,0,0.23,-0.23,-0.0,False
2004-09-19,USC00224776,0,0.16,-0.16,-0.0,False
2004-09-19,USC00224939,0,0.16,-0.16,-0.0,False
2004-09-19,USC00224966,0,0.0,0.0,0.0,False
2004-09-19,USC00225020,0,0.0,0.0,0.0,False
2004-09-19,USC00225062,0,0.0,0.0,0.0,False
2004-09-19,USC00225247,0,0.18,-0.18,-0.0,False
2004-09-19,USC00225361,0,0.0,0.0,0.0,False
2004-09-19,USC00225611,0,0.0,0.0,0.0,False
2004-09-19,USC00225704,0,0.0,0.0,0.0,False
2004-09-19,USC00225943,0,0.13,-0.13,-0.0,False
2004-09-19,USC00225987,0,0.0,0.0,0.0,False
2004-09-19,USC00225989,0,0.0,0.0,0.0,False
2004-09-19,USC00226009,0,0.0,0.0,0.0,False
2004-09-19,USC00226177,0,0.0,0.0,0.0,False
2004-09-19,USC00226294,0,0.15,-0.15,-0.0,False
2004-09-19,USC00226308,0,4.1,-4.1,-0.09,False
2004-09-19,USC00226476,0,0.0,0.0,0.0,False
2004-09-19,USC00226484,0,0.0,0.0,0.0,False
2004-09-19,USC00226638,0,0.24,-0.24,-0.01,False
2004-09-19,USC00226640,0,0.14,-0.14,-0.0,False
2004-09-19,USC00226642,0,0.11,-0.11,-0.0,False
2004-09-19,USC00226643,0,0.4,-0.4,-0.01,False
2004-09-19,USC00226644,0,0.86,-0.86,-0.02,False
2004-09-19,USC00226718,0,0.0,0.0,0.0,False
2004-09-19,USC00226894,0,0.26,-0.26,-0.01,False
2004-09-19,USC00226921,0,0.0,0.0,0.0,False
2004-09-19,USC00226924,0,0.0,0.0,0.0,False
2004-09-19,USC00226926,0,0.0,0.0,0.0,False
2004-09-19,USC00227128,0,0.0,0.0,0.0,False
2004-09-19,USC00227132,0,0.0,0.0,0.0,False
2004-09-19,USC00227172,0,0.0,0.0,0.0,False
2004-09-19,USC00227220,0,0.0,0.0,0.0,False
2004-09-19,USC00227276,0,0.21,-0.21,-0.0,False
2004-09-19,USC00227444,0,0.0,0.0,0.0,False
2004-09-19,USC00227560,0,0.0,0.0,0.0,False
2004-09-19,USC00227595,0,0.1,-0.1,-0.0,False
2004-09-19,USC00227831,0,0.0,0.0,0.0,False
2004-09-19,USC00227840,0,0.0,0.0,0.0,False
2004-09-19,USC00228053,0,0.19,-0.19,-0.0,False
2004-09-19,USC00228374,0,0.0,0.0,0.0,False
2004-09-19,USC00228413,0,0.0,0.0,0.0,False
2004-09-19,USC00228445,0,0.0,0.0,0.0,False
2004-09-19,USC00228556,0,0.0,0.0,0.0,False
2004-09-19,USC00228899,0,0.24,-0.24,-0.01,False
2004-09-19,USC00229048,0,0.0,0.0,0.0,False
2004-09-19,USC00229072,0,0.0,0.0,0.0,False
2004-09-19,USC00229114,0,0.0,0.0,0.0,False
2004-09-19,USC00229157,0,0.0,0.0,0.0,False
2004-09-19,USC00229230,0,0.0,0.0,0.0,False
2004-09-19,USC00229326,0,0.24,-0.24,-0.01,False
2004-09-19,USC00229426,0,0.0,0.0,0.0,False
2004-09-19,USC00229439,0,0.16,-0.16,-0.0,False
2004-09-19,USC00229597,0,0.16,-0.16,-0.0,False
2004-09-19,USC00229639,0,0.0,0.0,0.0,False
2004-09-19,USC00229743,0,0.0,0.0,0.0,False
2004-09-19,USC00229793,0,0.0,0.0,0.0,False
2004-09-19,USC00229860,0,0.0,0.0,0.0,False
2004-09-19,USC00410144,0,3.15,-3.15,-0.07,False
2004-09-19,USC00410190,0,0.0,0.0,0.0,False
2004-09-19,USC00410204,0,4.73,-4.73,-0.1,False
2004-09-19,USC00410206,0,0.63,-0.63,-0.01,False
2004-09-19,USC00410235,0,10.26,-10.26,-0.22,False
2004-09-19,USC00410246,0,0.0,0.0,0.0,False
2004-09-19,USC00410257,0,4.55,-4.55,-0.1,False
2004-09-19,USC00410271,0,0.0,0.0,0.0,False
2004-09-19,USC00410297,0,7.59,-7.59,-0.16,False
2004-09-19,USC00410305,0,0.0,0.0,0.0,False
2004-09-19,USC00410337,0,6.7,-6.7,-0.14,False
2004-09-19,USC00410404,0,0.0,0.0,0.0,False
2004-09-19,USC00410408,0,0.0,0.0,0.0,False
2004-09-19,USC00410431,0,0.0,0.0,0.0,False
2004-09-19,USC00410518,0,7.77,-7.77,-0.16,False
2004-09-19,USC00410569,0,4.12,-4.12,-0.09,False
2004-09-19,USC00410586,0,8.5,-8.5,-0.18,False
2004-09-19,USC00410611,239,1.31,237.69,5.02,True
2004-09-19,USC00410613,0,32.42,-32.42,-0.69,False
2004-09-19,USC00410639,0,1.04,-1.04,-0.02,False
2004-09-19,USC00410655,229,6.22,222.78,4.71,True
2004-09-19,USC00410660,0,0.0,0.0,0.0,False
2004-09-19,USC00410690,0,4.62,-4.62,-0.1,False
2004-09-19,USC00410691,0,10.09,-10.09,-0.21,False
2004-09-19,USC00410738,0,0.0,0.0,0.0,False
2004-09-19,USC00410805,56,0.0,56.0,1.18,False
2004-09-19,USC00410832,0,0.0,0.0,0.0,False
2004-09-19,USC00411026,5,9.75,-4.75,-0.1,False
2004-09-19,USC00411035,0,6.3,-6.3,-0.13,False
2004-09-19,USC00411045,0,0.37,-0.37,-0.01,False
2004-09-19,USC00411048,0,23.18,-23.18,-0.49,False
2004-09-19,USC00411063,0,0.61,-0.61,-0.01,False
2004-09-19,USC00411089,0,0.0,0.0,0.0,False
2004-09-19,USC00411215,0,0.0,0.0,0.0,False
2004-09-19,USC00411246,0,18.56,-18.56,-0.39,False
2004-09-19,USC00411250,0,0.0,0.0,0.0,False
2004-09-19,USC00411253,0,0.0,0.0,0.0,False
2004-09-19,USC00411314,0,5.54,-5.54,-0.12,False
2004-09-19,USC00411337,0,0.0,0.0,0.0,False
2004-09-19,USC00411348,0,0.14,-0.14,-0.0,False
2004-09-19,USC00411429,0,0.0,0.0,0.0,False
2004-09-19,USC00411433,0,0.0,0.0,0.0,False
2004-09-19,USC00411541,0,0.0,0.0,0.0,False
2004-09-19,USC00411578,0,0.0,0.0,0.0,False
2004-09-19,USC00411580,0,0.0,0.0,0.0,False
2004-09-19,USC00411596,0,0.33,-0.33,-0.01,False
2004-09-19,USC00411625,0,8.11,-8.11,-0.17,False
2004-09-19,USC00411671,0,0.0,0.0,0.0,False
2004-09-19,USC00411711,0,0.0,0.0,0.0,False
2004-09-19,USC00411720,0,0.0,0.0,0.0,False
2004-09-19,USC00411800,0,40.55,-40.55,-0.86,False
2004-09-19,USC00411804,401,0.45,400.55,8.46,True
2004-09-19,USC00411810,0,9.18,-9.18,-0.19,False
2004-09-19,USC00411838,25,14.7,10.3,0.22,False
2004-09-19,USC00411880,0,0.0,0.0,0.0,False
2004-09-19,USC00411911,0,13.74,-13.74,-0.29,False
2004-09-19,USC00411921,0,0.0,0.0,0.0,False
2004-09-19,USC00411956,0,9.0,-9.0,-0.19,False
2004-09-19,USC00411970,0,0.0,0.0,0.0,False
2004-09-19,USC00411990,0,0.0,0.0,0.0,False
2004-09-19,USC00412013,0,2.87,-2.87,-0.06,False
2004-09-19,USC00412017,0,0.85,-0.85,-0.02,False
2004-09-19,USC00412019,0,6.73,-6.73,-0.14,False
2004-09-19,USC00412020,0,6.6,-6.6,-0.14,False
2004-09-19,USC00412086,0,6.58,-6.58,-0.14,False
2004-09-19,USC00412088,0,4.69,-4.69,-0.1,False
2004-09-19,USC00412096,0,10.8,-10.8,-0.23,False
2004-09-19,USC00412114,0,0.09,-0.09,-0.0,False
2004-09-19,USC00412173,0,0.0,0.0,0.0,False
2004-09-19,USC00412206,38,13.54,24.46,0.52,False
2004-09-19,USC00412218,0,11.03,-11.03,-0.23,False
2004-09-19,USC00412225,0,0.0,0.0,0.0,False
2004-09-19,USC00412266,0,3.4,-3.4,-0.07,False
2004-09-19,USC00412295,0,0.04,-0.04,-0.0,False
2004-09-19,USC00412334,0,0.7,-0.7,-0.01,False
2004-09-19,USC00412404,0,4.95,-4.95,-0.1,False
2004-09-19,USC00412444,0,0.0,0.0,0.0,False
2004-09-19,USC00412462,0,5.21,-5.21,-0.11,False
2004-09-19,USC00412585,0,0.0,0.0,0.0,False
2004-09-19,USC00412598,0,7.36,-7.36,-0.16,False
2004-09-19,USC00412770,0,0.0,0.0,0.0,False
2004-09-19,USC00412772,0,0.0,0.0,0.0,False
2004-09-19,USC00412786,0,7.73,-7.73,-0.16,False
2004-09-19,USC00412820,0,0.0,0.0,0.0,False
2004-09-19,USC00413005,0,0.0,0.0,0.0,False
2004-09-19,USC00413047,0,0.36,-0.36,-0.01,False
2004-09-19,USC00413063,0,32.78,-32.78,-0.69,False
2004-09-19,USC00413065,0,0.0,0.0,0.0,False
2004-09-19,USC00413080,0,0.0,0.0,0.0,False
2004-09-19,USC00413133,0,7.05,-7.05,-0.15,False
2004-09-19,USC00413156,0,0.0,0.0,0.0,False
2004-09-19,USC00413171,0,0.0,0.0,0.0,False
2004-09-19,USC00413183,0,3.91,-3.91,-0.08,False
2004-09-19,USC00413199,0,0.0,0.0,0.0,False
2004-09-19,USC00413201,0,0.0,0.0,0.0,False
2004-09-19,USC00413247,0,0.68,-0.68,-0.01,False
2004-09-19,USC00413285,0,6.34,-6.34,-0.13,False
2004-09-19,USC00413321,3,0.14,2.86,0.06,False
2004-09-19,USC00413340,0,4.34,-4.34,-0.09,False
2004-09-19,USC00413370,0,0.35,-0.35,-0.01,False
2004-09-19,USC00413485,0,0.05,-0.05,-0.0,False
2004-09-19,USC00413507,0,0.0,0.0,0.0,False
2004-09-19,USC00413508,0,1.5,-1.5,-0.03,False
2004-09-19,USC00413525,0,5.97,-5.97,-0.13,False
2004-09-19,USC00413546,0,0.0,0.0,0.0,False
2004-09-19,USC00413618,0,0.0,0.0,0.0,False
2004-09-19,USC00413620,0,0.0,0.0,0.0,False
2004-09-19,USC00413622,0,0.0,0.0,0.0,False
2004-09-19,USC00413624,0,0.0,0.0,0.0,False
2004-09-19,USC00413639,0,0.47,-0.47,-0.01,False
2004-09-19,USC00413675,0,8.74,-8.74,-0.18,False
2004-09-19,USC00413685,0,0.03,-0.03,-0.0,False
2004-09-19,USC00413686,0,0.03,-0.03,-0.0,False
2004-09-19,USC00413691,0,4.97,-4.97,-0.1,False
2004-09-19,USC00413734,0,0.0,0.0,0.0,False
2004-09-19,USC00413776,3,0.23,2.77,0.06,False
2004-09-19,USC00413846,0,0.0,0.0,0.0,False
2004-09-19,USC00413873,0,4.44,-4.44,-0.09,False
2004-09-19,USC00413877,0,0.0,0.0,0.0,False
2004-09-19,USC00413884,0,0.0,0.0,0.0,False
2004-09-19,USC00413941,0,0.0,0.0,0.0,False
2004-09-19,USC00413943,33,113.39,-80.39,-1.7,False
2004-09-19,USC00414020,0,0.0,0.0,0.0,False
2004-09-19,USC00414077,0,0.0,0.0,0.0,False
2004-09-19,USC00414081,0,0.0,0.0,0.0,False
2004-09-19,USC00414137,0,6.94,-6.94,-0.15,False
2004-09-19,USC00414182,0,10.48,-10.48,-0.22,False
2004-09-19,USC00414202,0,0.0,0.0,0.0,False
2004-09-19,USC00414313,132,8.37,123.63,2.61,False
2004-09-19,USC00414315,0,4.64,-4.64,-0.1,False
2004-09-19,USC00414321,0,9.7,-9.7,-0.21,False
2004-09-19,USC00414325,0,9.04,-9.04,-0.19,False
2004-09-19,USC00414326,0,7.68,-7.68,-0.16,False
2004-09-19,USC00414327,0,13.23,-13.23,-0.28,False
2004-09-19,USC00414333,0,4.57,-4.57,-0.1,False
2004-09-19,USC00414343,0,7.74,-7.74,-0.16,False
2004-09-19,USC00414382,0,5.54,-5.54,-0.12,False
2004-09-19,USC00414390,0,5.79,-5.79,-0.12,False
2004-09-19,USC00414505,0,12.76,-12.76,-0.27,False
2004-09-19,USC00414517,0,0.77,-0.77,-0.02,False
2004-09-19,USC00414525,0,0.0,0.0,0.0,False
2004-09-19,USC00414531,0,4.0,-4.0,-0.08,False
2004-09-19,USC00414556,0,0.0,0.0,0.0,False
2004-09-19,USC00414563,0,5.38,-5.38,-0.11,False
2004-09-19,USC00414575,0,0.0,0.0,0.0,False
2004-09-19,USC00414597,0,7.64,-7.64,-0.16,False
2004-09-19,USC00414605,0,0.0,0.0,0.0,False
2004-09-19,USC00414679,0,5.13,-5.13,-0.11,False
2004-09-19,USC00414693,0,0.0,0.0,0.0,False
2004-09-19,USC00414696,0,0.0,0.0,0.0,False
2004-09-19,USC00414704,0,26.84,-26.84,-0.57,False
2004-09-19,USC00414705,0,0.08,-0.08,-0.0,False
2004-09-19,USC00414805,0,0.0,0.0,0.0,False
2004-09-19,USC00414810,0,11.71,-11.71,-0.25,False
2004-09-19,USC00414866,0,15.1,-15.1,-0.32,False
2004-09-19,USC00414878,25,13.53,11.47,0.24,False
2004-09-19,USC00414903,0,6.16,-6.16,-0.13,False
2004-09-19,USC00414911,165,146.47,18.53,0.39,False
2004-09-19,USC00414972,0,0.61,-0.61,-0.01,False
2004-09-19,USC00414976,0,0.0,0.0,0.0,False
2004-09-19,USC00414979,0,0.45,-0.45,-0.01,False
2004-09-19,USC00414980,0,0.0,0.0,0.0,False
2004-09-19,USC00415018,0,0.0,0.0,0.0,False
2004-09-19,USC00415094,0,0.0,0.0,0.0,False
2004-09-19,USC00415192,0,5.0,-5.0,-0.11,False
2004-09-19,USC00415193,0,3.73,-3.73,-0.08,False
2004-09-19,USC00415196,0,11.33,-11.33,-0.24,False
2004-09-19,USC00415229,0,0.0,0.0,0.0,False
2004-09-19,USC00415243,0,6.99,-6.99,-0.15,False
2004-09-19,USC00415271,0,0.95,-0.95,-0.02,False
2004-09-19,USC00415285,0,0.0,0.0,0.0,False
2004-09-19,USC00415341,0,0.0,0.0,0.0,False
2004-09-19,USC00415344,0,0.0,0.0,0.0,False
2004-09-19,USC00415415,0,0.0,0.0,0.0,False
2004-09-19,USC00415427,0,0.0,0.0,0.0,False
2004-09-19,USC00415429,0,0.0,0.0,0.0,False
2004-09-19,USC00415430,0,0.0,0.0,0.0,False
2004-09-19,USC00415435,0,25.5,-25.5,-0.54,False
2004-09-19,USC00415477,0,0.34,-0.34,-0.01,False
2004-09-19,USC00415611,0,0.3,-0.3,-0.01,False
2004-09-19,USC00415618,0,0.0,0.0,0.0,False
2004-09-19,USC00415659,0,0.17,-0.17,-0.0,False
2004-09-19,USC00415661,0,2.26,-2.26,-0.05,False
2004-09-19,USC00415667,0,0.0,0.0,0.0,False
2004-09-19,USC00415701,406,41.96,364.04,7.69,True
2004-09-19,USC00415721,25,86.69,-61.69,-1.3,False
2004-09-19,USC00415757,0,4.21,-4.21,-0.09,False
2004-09-19,USC00415836,401,112.1,288.9,6.11,True
2004-09-19,USC00415845,0,8.28,-8.28,-0.18,False
2004-09-19,USC00415897,0,11.33,-11.33,-0.24,False
2004-09-19,USC00415904,0,0.27,-0.27,-0.01,False
2004-09-19,USC00415954,0,0.0,0.0,0.0,False
2004-09-19,USC00416024,0,10.45,-10.45,-0.22,False
2004-09-19,USC00416058,0,9.33,-9.33,-0.2,False
2004-09-19,USC00416108,0,0.0,0.0,0.0,False
2004-09-19,USC00416119,0,0.0,0.0,0.0,False
2004-09-19,USC00416177,0,0.0,0.0,0.0,False
2004-09-19,USC00416210,0,8.39,-8.39,-0.18,False
2004-09-19,USC00416270,0,0.0,0.0,0.0,False
2004-09-19,USC00416276,0,0.0,0.0,0.0,False
2004-09-19,USC00416280,0,5.36,-5.36,-0.11,False
2004-09-19,USC00416335,0,0.0,0.0,0.0,False
2004-09-19,USC00416341,0,5.82,-5.82,-0.12,False
2004-09-19,USC00416367,0,0.0,0.0,0.0,False
2004-09-19,USC00416496,0,0.19,-0.19,-0.0,False
2004-09-19,USC00416664,0,14.46,-14.46,-0.31,False
2004-09-19,USC00416680,0,13.16,-13.16,-0.28,False
2004-09-19,USC00416766,0,0.54,-0.54,-0.01,False
2004-09-19,USC00417017,0,0.0,0.0,0.0,False
2004-09-19,USC00417020,0,8.47,-8.47,-0.18,False
2004-09-19,USC00417040,0,0.0,0.0,0.0,False
2004-09-19,USC00417140,0,0.0,0.0,0.0,False
2004-09-19,USC00417170,0,1.86,-1.86,-0.04,False
2004-09-19,USC00417172,0,21.38,-21.38,-0.45,False
2004-09-19,USC00417179,0,118.92,-118.92,-2.51,False
2004-09-19,USC00417183,0,0.0,0.0,0.0,False
2004-09-19,USC00417184,206,94.19,111.81,2.36,False
2004-09-19,USC00417300,0,0.0,0.0,0.0,False
2004-09-19,USC00417365,0,0.0,0.0,0.0,False
2004-09-19,USC00417388,0,11.66,-11.66,-0.25,False
2004-09-19,USC00417458,15,119.88,-104.88,-2.22,False
2004-09-19,USC00417530,0,0.82,-0.82,-0.02,False
2004-09-19,USC00417533,0,0.82,-0.82,-0.02,False
2004-09-19,USC00417550,23,6.61,16.39,0.35,False
2004-09-19,USC00417588,0,5.16,-5.16,-0.11,False
2004-09-19,USC00417594,0,12.06,-12.06,-0.25,False
2004-09-19,USC00417659,0,5.0,-5.0,-0.11,False
2004-09-19,USC00417677,0,4.02,-4.02,-0.09,False
2004-09-19,USC00417685,0,0.06,-0.06,-0.0,False
2004-09-19,USC00417704,0,1.2,-1.2,-0.03,False
2004-09-19,USC00417707,0,0.0,0.0,0.0,False
2004-09-19,USC00417744,0,0.16,-0.16,-0.0,False
2004-09-19,USC00417773,0,6.07,-6.07,-0.13,False
2004-09-19,USC00417791,0,0.0,0.0,0.0,False
2004-09-19,USC00417836,0,0.0,0.0,0.0,False
2004-09-19,USC00417841,0,0.0,0.0,0.0,False
2004-09-19,USC00417936,0,0.59,-0.59,-0.01,False
2004-09-19,USC00417947,0,0.0,0.0,0.0,False
2004-09-19,USC00417951,0,0.0,0.0,0.0,False
2004-09-19,USC00417983,0,0.0,0.0,0.0,False
2004-09-19,USC00418059,211,118.72,92.28,1.95,False
2004-09-19,USC00418081,0,15.46,-15.46,-0.33,False
2004-09-19,USC00418126,0,5.51,-5.51,-0.12,False
2004-09-19,USC00418187,0,0.0,0.0,0.0,False
2004-09-19,USC00418311,0,17.7,-17.7,-0.37,False
2004-09-19,USC00418354,0,1.58,-1.58,-0.03,False
2004-09-19,USC00418415,0,3.69,-3.69,-0.08,False
2004-09-19,USC00418446,0,12.09,-12.09,-0.26,False
2004-09-19,USC00418487,147,81.76,65.24,1.38,False
2004-09-19,USC00418519,0,5.05,-5.05,-0.11,False
2004-09-19,USC00418531,0,0.0,0.0,0.0,False
2004-09-19,USC00418544,0,0.0,0.0,0.0,False
2004-09-19,USC00418646,0,0.03,-0.03,-0.0,False
2004-09-19,USC00418658,0,0.0,0.0,0.0,False
2004-09-19,USC00418696,0,0.54,-0.54,-0.01,False
2004-09-19,USC00418728,0,4.27,-4.27,-0.09,False
2004-09-19,USC00418743,0,0.0,0.0,0.0,False
2004-09-19,USC00418862,0,0.0,0.0,0.0,False
2004-09-19,USC00418929,0,0.05,-0.05,-0.0,False
2004-09-19,USC00418942,0,0.0,0.0,0.0,False
2004-09-19,USC00418996,0,10.16,-10.16,-0.21,False
2004-09-19,USC00419001,0,0.04,-0.04,-0.0,False
2004-09-19,USC00419004,0,0.75,-0.75,-0.02,False
2004-09-19,USC00419007,0,0.0,0.0,0.0,False
2004-09-19,USC00419068,0,0.0,0.0,0.0,False
2004-09-19,USC00419076,0,12.79,-12.79,-0.27,False
2004-09-19,USC00419099,0,0.0,0.0,0.0,False
2004-09-19,USC00419101,0,7.12,-7.12,-0.15,False
2004-09-19,USC00419125,0,0.0,0.0,0.0,False
2004-09-19,USC00419153,0,0.15,-0.15,-0.0,False
2004-09-19,USC00419207,0,0.0,0.0,0.0,False
2004-09-19,USC00419282,0,5.8,-5.8,-0.12,False
2004-09-19,USC00419361,0,0.0,0.0,0.0,False
2004-09-19,USC00419367,0,0.0,0.0,0.0,False
2004-09-19,USC00419415,0,4.46,-4.46,-0.09,False
2004-09-19,USC00419417,0,3.66,-3.66,-0.08,False
2004-09-19,USC00419491,0,17.73,-17.73,-0.37,False
2004-09-19,USC00419503,0,0.0,0.0,0.0,False
2004-09-19,USC00419504,0,0.0,0.0,0.0,False
2004-09-19,USC00419522,0,9.15,-9.15,-0.19,False
2004-09-19,USC00419532,0,8.18,-8.18,-0.17,False
2004-09-19,USC00419559,0,1.31,-1.31,-0.03,False
2004-09-19,USC00419593,0,7.48,-7.48,-0.16,False
2004-09-19,USC00419708,0,0.0,0.0,0.0,False
2004-09-19,USC00419709,0,0.0,0.0,0.0,False
2004-09-19,USC00419715,0,8.46,-8.46,-0.18,False
2004-09-19,USC00419717,0,0.0,0.0,0.0,False
2004-09-19,USC00419800,0,0.0,0.0,0.0,False
2004-09-19,USC00419815,0,0.0,0.0,0.0,False
2004-09-19,USC00419836,0,0.0,0.0,0.0,False
2004-09-19,USC00419898,0,8.45,-8.45,-0.18,False
2004-09-19,USC00419916,0,0.0,0.0,0.0,False
2004-09-19,USC00419953,0,0.0,0.0,0.0,False
2004-09-19,USC00419962,0,0.0,0.0,0.0,False
2004-09-19,USW00003866,0,0.22,-0.22,-0.0,False
2004-09-19,USW00003881,0,0.0,0.0,0.0,False
2004-09-19,USW00003901,0,0.0,0.0,0.0,False
2004-09-19,USW00003904,0,8.38,-8.38,-0.18,False
2004-09-19,USW00003927,0,5.13,-5.13,-0.11,False
2004-09-19,USW00003937,0,3.9,-3.9,-0.08,False
2004-09-19,USW00003940,0,0.09,-0.09,-0.0,False
2004-09-19,USW00003951,0,0.0,0.0,0.0,False
2004-09-19,USW00003969,0,7.97,-7.97,-0.17,False
2004-09-19,USW00003971,0,6.69,-6.69,-0.14,False
2004-09-19,USW00003991,0,5.1,-5.1,-0.11,False
2004-09-19,USW00003996,0,0.0,0.0,0.0,False
2004-09-19,USW00003999,0,0.0,0.0,0.0,False
2004-09-19,USW00012884,0,0.0,0.0,0.0,False
2004-09-19,USW00012904,74,90.7,-16.7,-0.35,False
2004-09-19,USW00012912,0,0.0,0.0,0.0,False
2004-09-19,USW00012916,0,0.0,0.0,0.0,False
2004-09-19,USW00012917,0,26.94,-26.94,-0.57,False
2004-09-19,USW00012918,0,7.38,-7.38,-0.16,False
2004-09-19,USW00012921,0,0.0,0.0,0.0,False
2004-09-19,USW00012923,0,0.97,-0.97,-0.02,False
2004-09-19,USW00012924,0,2.86,-2.86,-0.06,False
2004-09-19,USW00012926,0,2.44,-2.44,-0.05,False
2004-09-19,USW00012928,0,10.61,-10.61,-0.22,False
2004-09-19,USW00012930,0,0.0,0.0,0.0,False
2004-09-19,USW00012932,0,3.3,-3.3,-0.07,False
2004-09-19,USW00012935,0,0.11,-0.11,-0.0,False
2004-09-19,USW00012957,84,90.59,-6.59,-0.14,False
2004-09-19,USW00012958,0,0.0,0.0,0.0,False
2004-09-19,USW00012959,8,331.08,-323.08,-6.83,True
2004-09-19,USW00012960,0,9.63,-9.63,-0.2,False
2004-09-19,USW00012968,18,0.0,18.0,0.38,False
2004-09-19,USW00012970,0,0.0,0.0,0.0,False
2004-09-19,USW00012971,0,0.0,0.0,0.0,False
2004-09-19,USW00012972,0,1.16,-1.16,-0.02,False
2004-09-19,USW00012975,3,4.42,-1.42,-0.03,False
2004-09-19,USW00012976,3,2.99,0.01,0.0,False
2004-09-19,USW00012977,0,4.27,-4.27,-0.09,False
2004-09-19,USW00012987,2,98.05,-96.05,-2.03,False
2004-09-19,USW00013833,0,0.0,0.0,0.0,False
2004-09-19,USW00013838,0,0.0,0.0,0.0,False
2004-09-19,USW00013865,0,0.33,-0.33,-0.01,False
2004-09-19,USW00013894,0,0.0,0.0,0.0,False
2004-09-19,USW00013899,0,0.0,0.0,0.0,False
2004-09-19,USW00013904,0,0.0,0.0,0.0,False
2004-09-19,USW00013911,0,8.1,-8.1,-0.17,False
2004-09-19,USW00013927,0,0.0,0.0,0.0,False
2004-09-19,USW00013935,0,0.0,0.0,0.0,False
2004-09-19,USW00013939,0,0.0,0.0,0.0,False
2004-09-19,USW00013942,0,0.0,0.0,0.0,False
2004-09-19,USW00013957,0,0.0,0.0,0.0,False
2004-09-19,USW00013958,0,0.0,0.0,0.0,False
2004-09-19,USW00013959,0,3.82,-3.82,-0.08,False
2004-09-19,USW00013960,0,5.53,-5.53,-0.12,False
2004-09-19,USW00013961,0,6.72,-6.72,-0.14,False
2004-09-19,USW00013970,0,0.0,0.0,0.0,False
2004-09-19,USW00013972,0,0.0,0.0,0.0,False
2004-09-19,USW00013976,0,0.21,-0.21,-0.0,False
2004-09-19,USW00013977,0,0.0,0.0,0.0,False
2004-09-19,USW00013978,0,0.0,0.0,0.0,False
2004-09-19,USW00053820,0,0.0,0.0,0.0,False
2004-09-19,USW00053858,0,0.0,0.0,0.0,False
2004-09-19,USW00053865,0,0.0,0.0,0.0,False
2004-09-19,USW00053902,3,7.89,-4.89,-0.1,False
2004-09-19,USW00053903,0,5.41,-5.41,-0.11,False
2004-09-19,USW00053905,0,0.0,0.0,0.0,False
2004-09-19,USW00053907,0,8.17,-8.17,-0.17,False
2004-09-19,USW00053909,0,5.46,-5.46,-0.12,False
2004-09-19,USW00053910,0,11.82,-11.82,-0.25,False
2004-09-19,USW00053911,0,0.06,-0.06,-0.0,False
2004-09-19,USW00053912,0,6.63,-6.63,-0.14,False
2004-09-19,USW00053914,0,0.0,0.0,0.0,False
2004-09-19,USW00053915,0,0.1,-0.1,-0.0,False
2004-09-19,USW00053917,0,0.0,0.0,0.0,False
2004-09-19,USW00053960,0,0.11,-0.11,-0.0,False
2004-09-19,USW00053961,0,0.0,0.0,0.0,False
2004-09-19,USW00053968,0,0.07,-0.07,-0.0,False
2004-09-19,USW00063831,7,0.0,7.0,0.15,False
2004-09-19,USW00093806,0,0.0,0.0,0.0,False
2004-09-19,USW00093874,0,0.0,0.0,0.0,False
2004-09-19,USW00093914,0,0.06,-0.06,-0.0,False
2004-09-19,USW00093915,0,0.0,0.0,0.0,False
2004-09-19,USW00093919,0,0.0,0.0,0.0,False
2004-09-19,USW00093985,0,6.79,-6.79,-0.14,False
2004-09-19,USW00093987,0,0.0,0.0,0.0,False
2004-09-19,USW00093992,0,0.0,0.0,0.0,False
2004-09-20,US1TXTN0087,0,0.0,0.0,0.0,False
2004-09-20,USC00010140,0,0.0,0.0,0.0,False
2004-09-20,USC00010184,0,0.0,0.0,0.0,False
2004-09-20,USC00010402,0,0.0,0.0,0.0,False
2004-09-20,USC00010505,0,0.0,0.0,0.0,False
2004-09-20,USC00010583,0,0.0,0.0,0.0,False
2004-09-20,USC00010764,0,0.0,0.0,0.0,False
2004-09-20,USC00011080,0,0.0,0.0,0.0,False
2004-09-20,USC00011084,0,0.0,0.0,0.0,False
2004-09-20,USC00011143,0,0.0,0.0,0.0,False
2004-09-20,USC00011189,0,0.32,-0.32,-0.02,False
2004-09-20,USC00011566,0,0.0,0.0,0.0,False
2004-09-20,USC00011690,0,0.0,0.0,0.0,False
2004-09-20,USC00011803,0,0.0,0.0,0.0,False
2004-09-20,USC00011810,0,0.0,0.0,0.0,False
2004-09-20,USC00012813,0,0.0,0.0,0.0,False
2004-09-20,USC00013160,0,0.0,0.0,0.0,False
2004-09-20,USC00013511,0,0.0,0.0,0.0,False
2004-09-20,USC00013930,0,0.0,0.0,0.0,False
2004-09-20,USC00014193,0,0.0,0.0,0.0,False
2004-09-20,USC00014798,0,0.26,-0.26,-0.01,False
2004-09-20,USC00015112,0,0.0,0.0,0.0,False
2004-09-20,USC00015121,0,0.0,0.0,0.0,False
2004-09-20,USC00015420,0,0.0,0.0,0.0,False
2004-09-20,USC00015658,0,0.0,0.0,0.0,False
2004-09-20,USC00016362,0,0.0,0.0,0.0,False
2004-09-20,USC00016847,0,0.0,0.0,0.0,False
2004-09-20,USC00016988,0,0.0,0.0,0.0,False
2004-09-20,USC00017366,0,0.0,0.0,0.0,False
2004-09-20,USC00018178,0,0.0,0.0,0.0,False
2004-09-20,USC00018380,0,0.0,0.0,0.0,False
2004-09-20,USC00018385,0,0.0,0.0,0.0,False
2004-09-20,USC00018637,0,0.0,0.0,0.0,False
2004-09-20,USC00018673,0,0.0,0.0,0.0,False
2004-09-20,USC00018809,0,0.0,0.0,0.0,False
2004-09-20,USC00031140,0,0.0,0.0,0.0,False
2004-09-20,USC00031730,0,0.0,0.0,0.0,False
2004-09-20,USC00032355,0,0.0,0.0,0.0,False
2004-09-20,USC00032475,0,0.0,0.0,0.0,False
2004-09-20,USC00034185,0,0.0,0.0,0.0,False
2004-09-20,USC00034548,0,0.0,0.0,0.0,False
2004-09-20,USC00034936,0,0.0,0.0,0.0,False
2004-09-20,USC00035866,0,0.0,0.0,0.0,False
2004-09-20,USC00085793,0,0.0,0.0,0.0,False
2004-09-20,USC00086999,0,0.0,0.0,0.0,False
2004-09-20,USC00160007,0,0.58,-0.58,-0.03,False
2004-09-20,USC00160012,0,0.0,0.0,0.0,False
2004-09-20,USC00160016,0,0.0,0.0,0.0,False
2004-09-20,USC00160021,0,0.0,0.0,0.0,False
2004-09-20,USC00160098,0,0.0,0.0,0.0,False
2004-09-20,USC00160103,0,0.0,0.0,0.0,False
2004-09-20,USC00160205,0,0.0,0.0,0.0,False
2004-09-20,USC00160238,0,0.0,0.0,0.0,False
2004-09-20,USC00160277,0,0.0,0.0,0.0,False
2004-09-20,USC00160349,0,0.0,0.0,0.0,False
2004-09-20,USC00160462,0,0.0,0.0,0.0,False
2004-09-20,USC00160537,0,0.0,0.0,0.0,False
2004-09-20,USC00160540,0,0.0,0.0,0.0,False
2004-09-20,USC00160546,0,0.0,0.0,0.0,False
2004-09-20,USC00160548,0,0.0,0.0,0.0,False
2004-09-20,USC00160558,0,0.0,0.0,0.0,False
2004-09-20,USC00160565,0,0.39,-0.39,-0.02,False
2004-09-20,USC00160617,0,0.0,0.0,0.0,False
2004-09-20,USC00160658,0,0.0,0.0,0.0,False
2004-09-20,USC00160800,0,0.0,0.0,0.0,False
2004-09-20,USC00160945,0,0.0,0.0,0.0,False
2004-09-20,USC00161200,0,0.0,0.0,0.0,False
2004-09-20,USC00161232,0,0.0,0.0,0.0,False
2004-09-20,USC00161235,0,0.0,0.0,0.0,False
2004-09-20,USC00161246,0,0.2,-0.2,-0.01,False
2004-09-20,USC00161287,0,0.0,0.0,0.0,False
2004-09-20,USC00161292,0,0.0,0.0,0.0,False
2004-09-20,USC00161365,0,0.37,-0.37,-0.02,False
2004-09-20,USC00161411,0,0.0,0.0,0.0,False
2004-09-20,USC00161535,0,0.31,-0.31,-0.02,False
2004-09-20,USC00161565,0,0.26,-0.26,-0.01,False
2004-09-20,USC00161639,0,0.0,0.0,0.0,False
2004-09-20,USC00161866,0,0.0,0.0,0.0,False
2004-09-20,USC00161899,0,0.0,0.0,0.0,False
2004-09-20,USC00161941,0,0.0,0.0,0.0,False
2004-09-20,USC00161979,0,0.0,0.0,0.0,False
2004-09-20,USC00162002,0,0.29,-0.29,-0.02,False
2004-09-20,USC00162121,0,0.0,0.0,0.0,False
2004-09-20,USC00162151,0,0.0,0.0,0.0,False
2004-09-20,USC00162154,0,0.0,0.0,0.0,False
2004-09-20,USC00162212,0,0.0,0.0,0.0,False
2004-09-20,USC00162350,0,0.0,0.0,0.0,False
2004-09-20,USC00162367,0,0.0,0.0,0.0,False
2004-09-20,USC00162534,0,0.3,-0.3,-0.02,False
2004-09-20,USC00162536,0,0.25,-0.25,-0.01,False
2004-09-20,USC00162641,0,0.0,0.0,0.0,False
2004-09-20,USC00162812,0,0.0,0.0,0.0,False
2004-09-20,USC00162981,0,0.0,0.0,0.0,False
2004-09-20,USC00163079,0,0.0,0.0,0.0,False
2004-09-20,USC00163165,0,0.0,0.0,0.0,False
2004-09-20,USC00163313,0,1.42,-1.42,-0.08,False
2004-09-20,USC00163322,0,0.0,0.0,0.0,False
2004-09-20,USC00163433,0,0.0,0.0,0.0,False
2004-09-20,USC00163695,0,0.22,-0.22,-0.01,False
2004-09-20,USC00163741,0,0.0,0.0,0.0,False
2004-09-20,USC00163800,0,0.0,0.0,0.0,False
2004-09-20,USC00163804,0,0.0,0.0,0.0,False
2004-09-20,USC00163807,0,0.0,0.0,0.0,False
2004-09-20,USC00163829,0,0.0,0.0,0.0,False
2004-09-20,USC00163867,0,0.0,0.0,0.0,False
2004-09-20,USC00163877,0,0.0,0.0,0.0,False
2004-09-20,USC00163979,0,0.0,0.0,0.0,False
2004-09-20,USC00164030,0,0.0,0.0,0.0,False
2004-09-20,USC00164034,0,0.0,0.0,0.0,False
2004-09-20,USC00164050,0,0.0,0.0,0.0,False
2004-09-20,USC00164131,0,0.0,0.0,0.0,False
2004-09-20,USC00164288,0,0.0,0.0,0.0,False
2004-09-20,USC00164355,0,0.0,0.0,0.0,False
2004-09-20,USC00164398,0,0.0,0.0,0.0,False
2004-09-20,USC00164407,0,0.62,-0.62,-0.03,False
2004-09-20,USC00164573,0,0.0,0.0,0.0,False
2004-09-20,USC00164592,0,0.0,0.0,0.0,False
2004-09-20,USC00164674,0,0.68,-0.68,-0.04,False
2004-09-20,USC00164696,0,0.0,0.0,0.0,False
2004-09-20,USC00164700,0,0.0,0.0,0.0,False
2004-09-20,USC00164732,0,0.0,0.0,0.0,False
2004-09-20,USC00164739,0,0.0,0.0,0.0,False
2004-09-20,USC00164775,0,0.52,-0.52,-0.03,False
2004-09-20,USC00164816,0,0.0,0.0,0.0,False
2004-09-20,USC00164859,0,0.0,0.0,0.0,False
2004-09-20,USC00164931,0,0.0,0.0,0.0,False
2004-09-20,USC00165021,0,0.33,-0.33,-0.02,False
2004-09-20,USC00165065,0,0.0,0.0,0.0,False
2004-09-20,USC00165072,0,0.0,0.0,0.0,False
2004-09-20,USC00165074,0,0.0,0.0,0.0,False
2004-09-20,USC00165076,0,0.0,0.0,0.0,False
2004-09-20,USC00165090,0,0.0,0.0,0.0,False
2004-09-20,USC00165146,0,0.0,0.0,0.0,False
2004-09-20,USC00165266,0,0.0,0.0,0.0,False
2004-09-20,USC00165287,0,0.0,0.0,0.0,False
2004-09-20,USC00165296,0,0.93,-0.93,-0.05,False
2004-09-20,USC00165430,0,0.0,0.0,0.0,False
2004-09-20,USC00165438,0,0.0,0.0,0.0,False
2004-09-20,USC00165522,0,0.0,0.0,0.0,False
2004-09-20,USC00165610,0,0.0,0.0,0.0,False
2004-09-20,USC00165620,0,0.18,-0.18,-0.01,False
2004-09-20,USC00165624,0,0.0,0.0,0.0,False
2004-09-20,USC00165630,0,0.0,0.0,0.0,False
2004-09-20,USC00165783,0,0.24,-0.24,-0.01,False
2004-09-20,USC00165892,0,0.0,0.0,0.0,False
2004-09-20,USC00165896,0,0.0,0.0,0.0,False
2004-09-20,USC00165920,0,0.0,0.0,0.0,False
2004-09-20,USC00165926,0,0.0,0.0,0.0,False
2004-09-20,USC00165935,0,0.0,0.0,0.0,False
2004-09-20,USC00166157,0,0.0,0.0,0.0,False
2004-09-20,USC00166244,0,0.0,0.0,0.0,False
2004-09-20,USC00166314,0,0.0,0.0,0.0,False
2004-09-20,USC00166364,0,0.0,0.0,0.0,False
2004-09-20,USC00166394,0,1.37,-1.37,-0.07,False
2004-09-20,USC00166431,0,0.0,0.0,0.0,False
2004-09-20,USC00166466,0,0.0,0.0,0.0,False
2004-09-20,USC00166561,0,0.43,-0.43,-0.02,False
2004-09-20,USC00166582,0,0.0,0.0,0.0,False
2004-09-20,USC00166657,0,0.15,-0.15,-0.01,False
2004-09-20,USC00166666,0,0.0,0.0,0.0,False
2004-09-20,USC00166686,0,0.0,0.0,0.0,False
2004-09-20,USC00166808,0,0.0,0.0,0.0,False
2004-09-20,USC00166836,0,0.0,0.0,0.0,False
2004-09-20,USC00166866,0,0.0,0.0,0.0,False
2004-09-20,USC00166868,0,0.0,0.0,0.0,False
2004-09-20,USC00166911,0,0.0,0.0,0.0,False
2004-09-20,USC00166938,0,0.0,0.0,0.0,False
2004-09-20,USC00166968,0,0.0,0.0,0.0,False
2004-09-20,USC00166978,0,0.0,0.0,0.0,False
2004-09-20,USC00166995,0,0.0,0.0,0.0,False
2004-09-20,USC00167096,0,0.0,0.0,0.0,False
2004-09-20,USC00167304,0,0.0,0.0,0.0,False
2004-09-20,USC00167366,0,0.22,-0.22,-0.01,False
2004-09-20,USC00167425,0,0.0,0.0,0.0,False
2004-09-20,USC00167448,0,0.0,0.0,0.0,False
2004-09-20,USC00167729,0,0.0,0.0,0.0,False
2004-09-20,USC00167732,0,0.0,0.0,0.0,False
2004-09-20,USC00167738,0,0.0,0.0,0.0,False
2004-09-20,USC00167767,0,0.0,0.0,0.0,False
2004-09-20,USC00167924,0,0.0,0.0,0.0,False
2004-09-20,USC00167932,0,0.0,0.0,0.0,False
2004-09-20,USC00168046,0,0.0,0.0,0.0,False
2004-09-20,USC00168067,0,0.0,0.0,0.0,False
2004-09-20,USC00168094,0,0.0,0.0,0.0,False
2004-09-20,USC00168108,0,0.0,0.0,0.0,False
2004-09-20,USC00168136,0,0.0,0.0,0.0,False
2004-09-20,USC00168139,0,0.21,-0.21,-0.01,False
2004-09-20,USC00168163,0,0.0,0.0,0.0,False
2004-09-20,USC00168181,0,0.17,-0.17,-0.01,False
2004-09-20,USC00168436,0,0.0,0.0,0.0,False
2004-09-20,USC00168444,0,0.0,0.0,0.0,False
2004-09-20,USC00168539,0,0.0,0.0,0.0,False
2004-09-20,USC00168669,0,0.0,0.0,0.0,False
2004-09-20,USC00168683,0,0.0,0.0,0.0,False
2004-09-20,USC00168785,0,0.0,0.0,0.0,False
2004-09-20,USC00168831,0,0.0,0.0,0.0,False
2004-09-20,USC00168861,0,0.0,0.0,0.0,False
2004-09-20,USC00168906,0,0.0,0.0,0.0,False
2004-09-20,USC00168923,0,0.0,0.0,0.0,False
2004-09-20,USC00168941,0,0.0,0.0,0.0,False
2004-09-20,USC00168945,0,0.0,0.0,0.0,False
2004-09-20,USC00169013,0,0.46,-0.46,-0.02,False
2004-09-20,USC00169357,0,0.0,0.0,0.0,False
2004-09-20,USC00169369,0,0.0,0.0,0.0,False
2004-09-20,USC00169392,0,0.0,0.0,0.0,False
2004-09-20,USC00169480,0,0.0,0.0,0.0,False
2004-09-20,USC00169631,0,0.0,0.0,0.0,False
2004-09-20,USC00169803,0,0.0,0.0,0.0,False
2004-09-20,USC00169804,0,0.0,0.0,0.0,False
2004-09-20,USC00169806,0,0.0,0.0,0.0,False
2004-09-20,USC00169809,0,0.0,0.0,0.0,False
2004-09-20,USC00169930,0,0.0,0.0,0.0,False
2004-09-20,USC00169980,0,0.0,0.0,0.0,False
2004-09-20,USC00220039,0,0.0,0.0,0.0,False
2004-09-20,USC00220218,0,0.0,0.0,0.0,False
2004-09-20,USC00220521,0,0.0,0.0,0.0,False
2004-09-20,USC00220523,0,0.37,-0.37,-0.02,False
2004-09-20,USC00220585,0,0.0,0.0,0.0,False
2004-09-20,USC00220660,0,0.0,0.0,0.0,False
2004-09-20,USC00220792,0,0.0,0.0,0.0,False
2004-09-20,USC00220891,0,0.0,0.0,0.0,False
2004-09-20,USC00221094,0,0.0,0.0,0.0,False
2004-09-20,USC00221174,0,0.0,0.0,0.0,False
2004-09-20,USC00221389,0,0.2,-0.2,-0.01,False
2004-09-20,USC00221489,0,0.3,-0.3,-0.02,False
2004-09-20,USC00221578,0,0.0,0.0,0.0,False
2004-09-20,USC00221852,0,0.18,-0.18,-0.01,False
2004-09-20,USC00221860,0,0.5,-0.5,-0.03,False
2004-09-20,USC00221865,0,0.0,0.0,0.0,False
2004-09-20,USC00221880,0,0.0,0.0,0.0,False
2004-09-20,USC00222034,0,0.36,-0.36,-0.02,False
2004-09-20,USC00222094,0,0.0,0.0,0.0,False
2004-09-20,USC00222385,0,0.19,-0.19,-0.01,False
2004-09-20,USC00223107,0,0.52,-0.52,-0.03,False
2004-09-20,USC00223340,0,0.32,-0.32,-0.02,False
2004-09-20,USC00223441,0,0.0,0.0,0.0,False
2004-09-20,USC00223516,0,0.23,-0.23,-0.01,False
2004-09-20,USC00223605,0,0.0,0.0,0.0,False
2004-09-20,USC00223667,0,0.0,0.0,0.0,False
2004-09-20,USC00223671,0,0.0,0.0,0.0,False
2004-09-20,USC00223887,0,0.0,0.0,0.0,False
2004-09-20,USC00223920,0,0.0,0.0,0.0,False
2004-09-20,USC00224470,0,0.0,0.0,0.0,False
2004-09-20,USC00224702,0,0.36,-0.36,-0.02,False
2004-09-20,USC00224776,0,0.26,-0.26,-0.01,False
2004-09-20,USC00224939,0,0.25,-0.25,-0.01,False
2004-09-20,USC00224966,0,0.0,0.0,0.0,False
2004-09-20,USC00225020,0,0.0,0.0,0.0,False
2004-09-20,USC00225062,0,0.0,0.0,0.0,False
2004-09-20,USC00225247,0,0.28,-0.28,-0.02,False
2004-09-20,USC00225361,0,0.0,0.0,0.0,False
2004-09-20,USC00225611,0,0.0,0.0,0.0,False
2004-09-20,USC00225704,0,0.0,0.0,0.0,False
2004-09-20,USC00225943,0,0.21,-0.21,-0.01,False
2004-09-20,USC00225987,0,0.0,0.0,0.0,False
2004-09-20,USC00225989,0,0.0,0.0,0.0,False
2004-09-20,USC00226009,0,0.0,0.0,0.0,False
2004-09-20,USC00226177,0,0.0,0.0,0.0,False
2004-09-20,USC00226294,0,0.23,-0.23,-0.01,False
2004-09-20,USC00226308,0,6.45,-6.45,-0.35,False
2004-09-20,USC00226476,0,0.0,0.0,0.0,False
2004-09-20,USC00226484,0,0.0,0.0,0.0,False
2004-09-20,USC00226638,0,0.37,-0.37,-0.02,False
2004-09-20,USC00226640,0,0.22,-0.22,-0.01,False
2004-09-20,USC00226642,0,0.18,-0.18,-0.01,False
2004-09-20,USC00226643,0,0.63,-0.63,-0.03,False
2004-09-20,USC00226644,0,1.35,-1.35,-0.07,False
2004-09-20,USC00226718,0,0.0,0.0,0.0,False
2004-09-20,USC00226894,0,0.4,-0.4,-0.02,False
2004-09-20,USC00226921,0,0.0,0.0,0.0,False
2004-09-20,USC00226924,0,0.0,0.0,0.0,False
2004-09-20,USC00226926,0,0.0,0.0,0.0,False
2004-09-20,USC00227128,0,0.0,0.0,0.0,False
2004-09-20,USC00227132,0,0.0,0.0,0.0,False
2004-09-20,USC00227172,0,0.0,0.0,0.0,False
2004-09-20,USC00227220,0,0.0,0.0,0.0,False
2004-09-20,USC00227276,0,0.33,-0.33,-0.02,False
2004-09-20,USC00227444,0,0.0,0.0,0.0,False
2004-09-20,USC00227560,0,0.0,0.0,0.0,False
2004-09-20,USC00227595,0,0.16,-0.16,-0.01,False
2004-09-20,USC00227831,0,0.0,0.0,0.0,False
2004-09-20,USC00227840,0,0.0,0.0,0.0,False
2004-09-20,USC00228053,0,0.29,-0.29,-0.02,False
2004-09-20,USC00228374,0,0.0,0.0,0.0,False
2004-09-20,USC00228413,0,0.0,0.0,0.0,False
2004-09-20,USC00228445,0,0.0,0.0,0.0,False
2004-09-20,USC00228556,0,0.0,0.0,0.0,False
2004-09-20,USC00228899,0,0.37,-0.37,-0.02,False
2004-09-20,USC00229048,0,0.0,0.0,0.0,False
2004-09-20,USC00229072,0,0.0,0.0,0.0,False
2004-09-20,USC00229114,0,0.0,0.0,0.0,False
2004-09-20,USC00229157,0,0.0,0.0,0.0,False
2004-09-20,USC00229230,0,0.0,0.0,0.0,False
2004-09-20,USC00229326,0,0.38,-0.38,-0.02,False
2004-09-20,USC00229426,0,0.0,0.0,0.0,False
2004-09-20,USC00229439,0,0.26,-0.26,-0.01,False
2004-09-20,USC00229597,0,0.25,-0.25,-0.01,False
2004-09-20,USC00229639,0,0.0,0.0,0.0,False
2004-09-20,USC00229743,0,0.0,0.0,0.0,False
2004-09-20,USC00229793,0,0.0,0.0,0.0,False
2004-09-20,USC00229860,0,0.0,0.0,0.0,False
2004-09-20,USC00410144,0,0.09,-0.09,-0.01,False
2004-09-20,USC00410190,0,0.0,0.0,0.0,False
2004-09-20,USC00410204,0,0.0,0.0,0.0,False
2004-09-20,USC00410206,0,0.0,0.0,0.0,False
2004-09-20,USC00410235,0,0.0,0.0,0.0,False
2004-09-20,USC00410246,0,2.61,-2.61,-0.14,False
2004-09-20,USC00410257,0,0.0,0.0,0.0,False
2004-09-20,USC00410271,0,0.0,0.0,0.0,False
2004-09-20,USC00410297,0,0.0,0.0,0.0,False
2004-09-20,USC00410305,0,0.09,-0.09,-0.0,False
2004-09-20,USC00410337,0,0.0,0.0,0.0,False
2004-09-20,USC00410404,0,0.0,0.0,0.0,False
2004-09-20,USC00410408,0,0.0,0.0,0.0,False
2004-09-20,USC00410431,0,5.44,-5.44,-0.29,False
2004-09-20,USC00410518,0,0.0,0.0,0.0,False
2004-09-20,USC00410569,0,0.0,0.0,0.0,False
2004-09-20,USC00410586,0,0.0,0.0,0.0,False
2004-09-20,USC00410611,0,0.0,0.0,0.0,False
2004-09-20,USC00410613,0,0.0,0.0,0.0,False
2004-09-20,USC00410639,0,0.07,-0.07,-0.0,False
2004-09-20,USC00410655,0,7.31,-7.31,-0.4,False
2004-09-20,USC00410660,0,0.0,0.0,0.0,False
2004-09-20,USC00410690,0,0.16,-0.16,-0.01,False
2004-09-20,USC00410691,0,0.0,0.0,0.0,False
2004-09-20,USC00410738,0,2.32,-2.32,-0.13,False
2004-09-20,USC00410805,0,0.13,-0.13,-0.01,False
2004-09-20,USC00410832,0,0.0,0.0,0.0,False
2004-09-20,USC00411026,0,0.0,0.0,0.0,False
2004-09-20,USC00411035,0,0.0,0.0,0.0,False
2004-09-20,USC00411045,0,9.78,-9.78,-0.53,False
2004-09-20,USC00411048,0,13.36,-13.36,-0.72,False
2004-09-20,USC00411063,0,0.0,0.0,0.0,False
2004-09-20,USC00411089,0,0.0,0.0,0.0,False
2004-09-20,USC00411215,0,0.0,0.0,0.0,False
2004-09-20,USC00411246,0,0.0,0.0,0.0,False
2004-09-20,USC00411250,0,0.73,-0.73,-0.04,False
2004-09-20,USC00411253,0,0.0,0.0,0.0,False
2004-09-20,USC00411314,0,28.76,-28.76,-1.56,False
2004-09-20,USC00411337,0,0.0,0.0,0.0,False
2004-09-20,USC00411348,0,16.33,-16.33,-0.88,False
2004-09-20,USC00411429,0,0.0,0.0,0.0,False
2004-09-20,USC00411433,0,0.0,0.0,0.0,False
2004-09-20,USC00411541,0,7.07,-7.07,-0.38,False
2004-09-20,USC00411578,0,0.0,0.0,0.0,False
2004-09-20,USC00411580,0,0.0,0.0,0.0,False
2004-09-20,USC00411596,0,0.0,0.0,0.0,False
2004-09-20,USC00411625,0,0.0,0.0,0.0,False
2004-09-20,USC00411671,0,0.0,0.0,0.0,False
2004-09-20,USC00411711,0,0.0,0.0,0.0,False
2004-09-20,USC00411720,0,0.0,0.0,0.0,False
2004-09-20,USC00411800,0,0.0,0.0,0.0,False
2004-09-20,USC00411804,0,0.0,0.0,0.0,False
2004-09-20,USC00411810,0,0.0,0.0,0.0,False
2004-09-20,USC00411838,0,0.0,0.0,0.0,False
2004-09-20,USC00411880,0,0.0,0.0,0.0,False
2004-09-20,USC00411911,0,7.81,-7.81,-0.42,False
2004-09-20,USC00411921,0,0.0,0.0,0.0,False
2004-09-20,USC00411956,0,0.0,0.0,0.0,False
2004-09-20,USC00411970,0,0.0,0.0,0.0,False
2004-09-20,USC00411990,0,1.23,-1.23,-0.07,False
2004-09-20,USC00412013,0,0.36,-0.36,-0.02,False
2004-09-20,USC00412017,0,0.0,0.0,0.0,False
2004-09-20,USC00412019,0,0.0,0.0,0.0,False
2004-09-20,USC00412020,0,0.0,0.0,0.0,False
2004-09-20,USC00412086,0,0.0,0.0,0.0,False
2004-09-20,USC00412088,0,0.85,-0.85,-0.05,False
2004-09-20,USC00412096,0,0.0,0.0,0.0,False
2004-09-20,USC00412114,0,0.0,0.0,0.0,False
2004-09-20,USC00412173,0,0.0,0.0,0.0,False
2004-09-20,USC00412206,0,0.0,0.0,0.0,False
2004-09-20,USC00412218,0,4.8,-4.8,-0.26,False
2004-09-20,USC00412225,0,0.0,0.0,0.0,False
2004-09-20,USC00412266,0,0.0,0.0,0.0,False
2004-09-20,USC00412295,0,15.9,-15.9,-0.86,False
2004-09-20,USC00412334,0,0.0,0.0,0.0,False
2004-09-20,USC00412404,0,0.0,0.0,0.0,False
2004-09-20,USC00412444,0,0.0,0.0,0.0,False
2004-09-20,USC00412462,300,5.37,294.63,15.96,True
2004-09-20,USC00412585,0,1.05,-1.05,-0.06,False
2004-09-20,USC00412598,0,0.0,0.0,0.0,False
2004-09-20,USC00412770,0,0.0,0.0,0.0,False
2004-09-20,USC00412772,0,0.0,0.0,0.0,False
2004-09-20,USC00412786,0,0.0,0.0,0.0,False
2004-09-20,USC00412820,0,11.52,-11.52,-0.62,False
2004-09-20,USC00413005,0,0.0,0.0,0.0,False
2004-09-20,USC00413047,0,0.0,0.0,0.0,False
2004-09-20,USC00413063,0,4.46,-4.46,-0.24,False
2004-09-20,USC00413065,0,0.0,0.0,0.0,False
2004-09-20,USC00413080,0,0.0,0.0,0.0,False
2004-09-20,USC00413133,0,0.0,0.0,0.0,False
2004-09-20,USC00413156,0,0.0,0.0,0.0,False
2004-09-20,USC00413171,0,2.14,-2.14,-0.12,False
2004-09-20,USC00413183,0,5.7,-5.7,-0.31,False
2004-09-20,USC00413199,0,2.79,-2.79,-0.15,False
2004-09-20,USC00413201,0,0.0,0.0,0.0,False
2004-09-20,USC00413247,0,0.0,0.0,0.0,False
2004-09-20,USC00413285,0,0.0,0.0,0.0,False
2004-09-20,USC00413321,0,12.04,-12.04,-0.65,False
2004-09-20,USC00413340,0,0.0,0.0,0.0,False
2004-09-20,USC00413370,0,0.0,0.0,0.0,False
2004-09-20,USC00413485,0,0.97,-0.97,-0.05,False
2004-09-20,USC00413507,0,6.61,-6.61,-0.36,False
2004-09-20,USC00413508,0,0.08,-0.08,-0.0,False
2004-09-20,USC00413525,0,30.79,-30.79,-1.67,False
2004-09-20,USC00413546,0,0.0,0.0,0.0,False
2004-09-20,USC00413618,0,0.02,-0.02,-0.0,False
2004-09-20,USC00413620,0,0.02,-0.02,-0.0,False
2004-09-20,USC00413622,0,0.0,0.0,0.0,False
2004-09-20,USC00413624,0,0.0,0.0,0.0,False
2004-09-20,USC00413639,0,0.0,0.0,0.0,False
2004-09-20,USC00413675,0,0.0,0.0,0.0,False
2004-09-20,USC00413685,0,12.55,-12.55,-0.68,False
2004-09-20,USC00413686,76,7.88,68.12,3.69,True
2004-09-20,USC00413691,0,0.0,0.0,0.0,False
2004-09-20,USC00413734,0,0.0,0.0,0.0,False
2004-09-20,USC00413776,0,0.0,0.0,0.0,False
2004-09-20,USC00413846,0,0.0,0.0,0.0,False
2004-09-20,USC00413873,0,5.5,-5.5,-0.3,False
2004-09-20,USC00413877,0,0.0,0.0,0.0,False
2004-09-20,USC00413884,0,0.0,0.0,0.0,False
2004-09-20,USC00413941,0,0.0,0.0,0.0,False
2004-09-20,USC00413943,3,2.75,0.25,0.01,False
2004-09-20,USC00414020,0,0.0,0.0,0.0,False
2004-09-20,USC00414077,0,0.0,0.0,0.0,False
2004-09-20,USC00414081,0,0.0,0.0,0.0,False
2004-09-20,USC00414137,0,0.0,0.0,0.0,False
2004-09-20,USC00414182,0,0.0,0.0,0.0,False
2004-09-20,USC00414202,0,0.0,0.0,0.0,False
2004-09-20,USC00414313,0,0.0,0.0,0.0,False
2004-09-20,USC00414315,0,0.0,0.0,0.0,False
2004-09-20,USC00414321,0,0.0,0.0,0.0,False
2004-09-20,USC00414325,0,0.0,0.0,0.0,False
2004-09-20,USC00414326,0,0.0,0.0,0.0,False
2004-09-20,USC00414327,0,0.0,0.0,0.0,False
2004-09-20,USC00414333,0,0.0,0.0,0.0,False
2004-09-20,USC00414343,0,0.0,0.0,0.0,False
2004-09-20,USC00414382,0,0.0,0.0,0.0,False
2004-09-20,USC00414390,0,0.0,0.0,0.0,False
2004-09-20,USC00414505,0,0.0,0.0,0.0,False
2004-09-20,USC00414517,0,0.0,0.0,0.0,False
2004-09-20,USC00414525,0,0.0,0.0,0.0,False
2004-09-20,USC00414531,0,0.0,0.0,0.0,False
2004-09-20,USC00414556,0,7.52,-7.52,-0.41,False
2004-09-20,USC00414563,0,0.0,0.0,0.0,False
2004-09-20,USC00414575,0,5.26,-5.26,-0.29,False
2004-09-20,USC00414597,0,0.0,0.0,0.0,False
2004-09-20,USC00414605,0,0.0,0.0,0.0,False
2004-09-20,USC00414679,0,0.0,0.0,0.0,False
2004-09-20,USC00414693,0,0.0,0.0,0.0,False
2004-09-20,USC00414696,0,0.0,0.0,0.0,False
2004-09-20,USC00414704,0,0.0,0.0,0.0,False
2004-09-20,USC00414705,0,0.0,0.0,0.0,False
2004-09-20,USC00414805,0,0.0,0.0,0.0,False
2004-09-20,USC00414810,0,0.11,-0.11,-0.01,False
2004-09-20,USC00414866,0,0.0,0.0,0.0,False
2004-09-20,USC00414878,0,0.0,0.0,0.0,False
2004-09-20,USC00414903,0,13.82,-13.82,-0.75,False
2004-09-20,USC00414911,13,5.83,7.17,0.39,False
2004-09-20,USC00414972,0,0.0,0.0,0.0,False
2004-09-20,USC00414976,0,0.0,0.0,0.0,False
2004-09-20,USC00414979,0,0.0,0.0,0.0,False
2004-09-20,USC00414980,0,0.0,0.0,0.0,False
2004-09-20,USC00415018,0,1.22,-1.22,-0.07,False
2004-09-20,USC00415094,0,0.0,0.0,0.0,False
2004-09-20,USC00415192,0,0.0,0.0,0.0,False
2004-09-20,USC00415193,0,29.41,-29.41,-1.59,False
2004-09-20,USC00415196,0,0.0,0.0,0.0,False
2004-09-20,USC00415229,0,0.0,0.0,0.0,False
2004-09-20,USC00415243,0,0.0,0.0,0.0,False
2004-09-20,USC00415271,0,0.0,0.0,0.0,False
2004-09-20,USC00415285,0,0.0,0.0,0.0,False
2004-09-20,USC00415341,0,0.0,0.0,0.0,False
2004-09-20,USC00415344,0,0.0,0.0,0.0,False
2004-09-20,USC00415415,0,0.0,0.0,0.0,False
2004-09-20,USC00415427,0,0.0,0.0,0.0,False
2004-09-20,USC00415429,0,0.0,0.0,0.0,False
2004-09-20,USC00415430,0,3.66,-3.66,-0.2,False
2004-09-20,USC00415435,0,0.0,0.0,0.0,False
2004-09-20,USC00415477,0,0.0,0.0,0.0,False
2004-09-20,USC00415611,0,3.24,-3.24,-0.18,False
2004-09-20,USC00415618,0,0.0,0.0,0.0,False
2004-09-20,USC00415659,0,0.0,0.0,0.0,False
2004-09-20,USC00415661,0,0.14,-0.14,-0.01,False
2004-09-20,USC00415667,0,0.0,0.0,0.0,False
2004-09-20,USC00415701,0,2.57,-2.57,-0.14,False
2004-09-20,USC00415721,43,3.43,39.57,2.14,False
2004-09-20,USC00415757,0,1.87,-1.87,-0.1,False
2004-09-20,USC00415836,0,5.65,-5.65,-0.31,False
2004-09-20,USC00415845,0,0.0,0.0,0.0,False
2004-09-20,USC00415897,0,0.0,0.0,0.0,False
2004-09-20,USC00415904,0,0.0,0.0,0.0,False
2004-09-20,USC00415954,0,0.0,0.0,0.0,False
2004-09-20,USC00416024,0,0.0,0.0,0.0,False
2004-09-20,USC00416058,0,0.0,0.0,0.0,False
2004-09-20,USC00416108,0,0.0,0.0,0.0,False
2004-09-20,USC00416119,0,0.0,0.0,0.0,False
2004-09-20,USC00416177,0,0.0,0.0,0.0,False
2004-09-20,USC00416210,0,0.0,0.0,0.0,False
2004-09-20,USC00416270,0,0.0,0.0,0.0,False
2004-09-20,USC00416276,0,0.0,0.0,0.0,False
2004-09-20,USC00416280,0,0.0,0.0,0.0,False
2004-09-20,USC00416335,0,0.0,0.0,0.0,False
2004-09-20,USC00416341,0,0.0,0.0,0.0,False
2004-09-20,USC00416367,0,0.0,0.0,0.0,False
2004-09-20,USC00416496,0,0.0,0.0,0.0,False
2004-09-20,USC00416664,0,0.0,0.0,0.0,False
2004-09-20,USC00416680,0,0.0,0.0,0.0,False
2004-09-20,USC00416766,0,0.0,0.0,0.0,False
2004-09-20,USC00417017,0,1.08,-1.08,-0.06,False
2004-09-20,USC00417020,0,0.0,0.0,0.0,False
2004-09-20,USC00417040,0,0.0,0.0,0.0,False
2004-09-20,USC00417140,0,0.0,0.0,0.0,False
2004-09-20,USC00417170,0,0.18,-0.18,-0.01,False
2004-09-20,USC00417172,0,0.0,0.0,0.0,False
2004-09-20,USC00417179,0,2.17,-2.17,-0.12,False
2004-09-20,USC00417183,0,0.0,0.0,0.0,False
2004-09-20,USC00417184,0,4.49,-4.49,-0.24,False
2004-09-20,USC00417300,0,0.0,0.0,0.0,False
2004-09-20,USC00417365,0,0.0,0.0,0.0,False
2004-09-20,USC00417388,0,0.0,0.0,0.0,False
2004-09-20,USC00417458,0,6.43,-6.43,-0.35,False
2004-09-20,USC00417530,0,0.07,-0.07,-0.0,False
2004-09-20,USC00417533,0,0.07,-0.07,-0.0,False
2004-09-20,USC00417550,0,0.0,0.0,0.0,False
2004-09-20,USC00417588,0,0.0,0.0,0.0,False
2004-09-20,USC00417594,0,0.0,0.0,0.0,False
2004-09-20,USC00417659,0,0.0,0.0,0.0,False
2004-09-20,USC00417677,0,0.39,-0.39,-0.02,False
2004-09-20,USC00417685,84,14.63,69.37,3.76,True
2004-09-20,USC00417704,0,0.11,-0.11,-0.01,False
2004-09-20,USC00417707,0,0.0,0.0,0.0,False
2004-09-20,USC00417744,0,10.06,-10.06,-0.54,False
2004-09-20,USC00417773,0,0.0,0.0,0.0,False
2004-09-20,USC00417791,0,7.7,-7.7,-0.42,False
2004-09-20,USC00417836,0,0.0,0.0,0.0,False
2004-09-20,USC00417841,0,0.0,0.0,0.0,False
2004-09-20,USC00417936,0,0.0,0.0,0.0,False
2004-09-20,USC00417947,0,0.0,0.0,0.0,False
2004-09-20,USC00417951,0,0.0,0.0,0.0,False
2004-09-20,USC00417983,0,0.0,0.0,0.0,False
2004-09-20,USC00418059,13,4.11,8.89,0.48,False
2004-09-20,USC00418081,0,2.1,-2.1,-0.11,False
2004-09-20,USC00418126,0,7.02,-7.02,-0.38,False
2004-09-20,USC00418187,0,0.0,0.0,0.0,False
2004-09-20,USC00418311,0,0.0,0.0,0.0,False
2004-09-20,USC00418354,0,0.15,-0.15,-0.01,False
2004-09-20,USC00418415,0,11.89,-11.89,-0.64,False
2004-09-20,USC00418446,0,23.31,-23.31,-1.26,False
2004-09-20,USC00418487,0,1.17,-1.17,-0.06,False
2004-09-20,USC00418519,0,0.0,0.0,0.0,False
2004-09-20,USC00418531,0,1.23,-1.23,-0.07,False
2004-09-20,USC00418544,0,0.0,0.0,0.0,False
2004-09-20,USC00418646,0,3.46,-3.46,-0.19,False
2004-09-20,USC00418658,0,0.0,0.0,0.0,False
2004-09-20,USC00418696,0,0.0,0.0,0.0,False
2004-09-20,USC00418728,0,0.0,0.0,0.0,False
2004-09-20,USC00418743,0,0.0,0.0,0.0,False
2004-09-20,USC00418862,0,12.23,-12.23,-0.66,False
2004-09-20,USC00418929,0,0.0,0.0,0.0,False
2004-09-20,USC00418942,0,0.0,0.0,0.0,False
2004-09-20,USC00418996,0,0.0,0.0,0.0,False
2004-09-20,USC00419001,0,18.53,-18.53,-1.0,False
2004-09-20,USC00419004,0,1.48,-1.48,-0.08,False
2004-09-20,USC00419007,0,0.0,0.0,0.0,False
2004-09-20,USC00419068,0,0.0,0.0,0.0,False
2004-09-20,USC00419076,0,0.0,0.0,0.0,False
2004-09-20,USC00419099,0,0.0,0.0,0.0,False
2004-09-20,USC00419101,0,0.0,0.0,0.0,False
2004-09-20,USC00419125,0,0.0,0.0,0.0,False
2004-09-20,USC00419153,0,3.26,-3.26,-0.18,False
2004-09-20,USC00419207,0,0.0,0.0,0.0,False
2004-09-20,USC00419282,0,0.0,0.0,0.0,False
2004-09-20,USC00419361,0,0.0,0.0,0.0,False
2004-09-20,USC00419367,0,0.0,0.0,0.0,False
2004-09-20,USC00419415,0,0.77,-0.77,-0.04,False
2004-09-20,USC00419417,0,0.56,-0.56,-0.03,False
2004-09-20,USC00419491,0,9.99,-9.99,-0.54,False
2004-09-20,USC00419503,0,0.0,0.0,0.0,False
2004-09-20,USC00419504,0,2.32,-2.32,-0.13,False
2004-09-20,USC00419522,0,0.0,0.0,0.0,False
2004-09-20,USC00419532,0,0.0,0.0,0.0,False
2004-09-20,USC00419559,0,0.13,-0.13,-0.01,False
2004-09-20,USC00419593,0,0.0,0.0,0.0,False
2004-09-20,USC00419708,0,0.0,0.0,0.0,False
2004-09-20,USC00419709,0,0.0,0.0,0.0,False
2004-09-20,USC00419715,0,0.0,0.0,0.0,False
2004-09-20,USC00419717,0,0.0,0.0,0.0,False
2004-09-20,USC00419800,0,0.0,0.0,0.0,False
2004-09-20,USC00419815,0,0.0,0.0,0.0,False
2004-09-20,USC00419836,0,0.0,0.0,0.0,False
2004-09-20,USC00419898,0,0.0,0.0,0.0,False
2004-09-20,USC00419916,0,0.0,0.0,0.0,False
2004-09-20,USC00419953,0,0.0,0.0,0.0,False
2004-09-20,USC00419962,0,2.94,-2.94,-0.16,False
2004-09-20,USW00003866,0,0.35,-0.35,-0.02,False
2004-09-20,USW00003881,0,0.0,0.0,0.0,False
2004-09-20,USW00003901,0,0.0,0.0,0.0,False
2004-09-20,USW00003904,0,16.01,-16.01,-0.87,False
2004-09-20,USW00003927,0,0.0,0.0,0.0,False
2004-09-20,USW00003937,0,0.0,0.0,0.0,False
2004-09-20,USW00003940,0,0.15,-0.15,-0.01,False
2004-09-20,USW00003951,0,0.0,0.0,0.0,False
2004-09-20,USW00003969,0,0.0,0.0,0.0,False
2004-09-20,USW00003971,0,0.0,0.0,0.0,False
2004-09-20,USW00003991,0,0.0,0.0,0.0,False
2004-09-20,USW00003996,0,0.0,0.0,0.0,False
2004-09-20,USW00003999,0,0.72,-0.72,-0.04,False
2004-09-20,USW00012884,0,0.0,0.0,0.0,False
2004-09-20,USW00012904,0,4.18,-4.18,-0.23,False
2004-09-20,USW00012912,0,0.0,0.0,0.0,False
2004-09-20,USW00012916,0,0.0,0.0,0.0,False
2004-09-20,USW00012917,0,0.0,0.0,0.0,False
2004-09-20,USW00012918,0,0.0,0.0,0.0,False
2004-09-20,USW00012921,0,0.0,0.0,0.0,False
2004-09-20,USW00012923,0,0.0,0.0,0.0,False
2004-09-20,USW00012924,3,0.0,3.0,0.16,False
2004-09-20,USW00012926,0,0.28,-0.28,-0.02,False
2004-09-20,USW00012928,0,0.11,-0.11,-0.01,False
2004-09-20,USW00012930,0,0.0,0.0,0.0,False
2004-09-20,USW00012932,0,0.1,-0.1,-0.01,False
2004-09-20,USW00012935,0,0.0,0.0,0.0,False
2004-09-20,USW00012957,0,2.58,-2.58,-0.14,False
2004-09-20,USW00012958,0,0.0,0.0,0.0,False
2004-09-20,USW00012959,0,2.47,-2.47,-0.13,False
2004-09-20,USW00012960,0,0.0,0.0,0.0,False
2004-09-20,USW00012968,28,0.0,28.0,1.52,False
2004-09-20,USW00012970,0,0.0,0.0,0.0,False
2004-09-20,USW00012971,0,0.0,0.0,0.0,False
2004-09-20,USW00012972,0,0.1,-0.1,-0.01,False
2004-09-20,USW00012975,0,0.0,0.0,0.0,False
2004-09-20,USW00012976,0,0.0,0.0,0.0,False
2004-09-20,USW00012977,0,0.0,0.0,0.0,False
2004-09-20,USW00012987,4,16.22,-12.22,-0.66,False
2004-09-20,USW00013833,0,0.0,0.0,0.0,False
2004-09-20,USW00013838,0,0.0,0.0,0.0,False
2004-09-20,USW00013865,0,0.51,-0.51,-0.03,False
2004-09-20,USW00013894,0,0.0,0.0,0.0,False
2004-09-20,USW00013899,0,0.0,0.0,0.0,False
2004-09-20,USW00013904,0,5.67,-5.67,-0.31,False
2004-09-20,USW00013911,0,0.0,0.0,0.0,False
2004-09-20,USW00013927,0,0.0,0.0,0.0,False
2004-09-20,USW00013935,0,0.0,0.0,0.0,False
2004-09-20,USW00013939,0,0.0,0.0,0.0,False
2004-09-20,USW00013942,0,0.0,0.0,0.0,False
2004-09-20,USW00013957,0,0.0,0.0,0.0,False
2004-09-20,USW00013958,0,5.9,-5.9,-0.32,False
2004-09-20,USW00013959,0,0.0,0.0,0.0,False
2004-09-20,USW00013960,0,0.0,0.0,0.0,False
2004-09-20,USW00013961,0,0.0,0.0,0.0,False
2004-09-20,USW00013970,0,0.0,0.0,0.0,False
2004-09-20,USW00013972,0,0.0,0.0,0.0,False
2004-09-20,USW00013976,0,0.32,-0.32,-0.02,False
2004-09-20,USW00013977,0,0.0,0.0,0.0,False
2004-09-20,USW00013978,0,0.0,0.0,0.0,False
2004-09-20,USW00053820,0,0.0,0.0,0.0,False
2004-09-20,USW00053858,0,0.0,0.0,0.0,False
2004-09-20,USW00053865,0,0.0,0.0,0.0,False
2004-09-20,USW00053902,0,0.0,0.0,0.0,False
2004-09-20,USW00053903,0,0.0,0.0,0.0,False
2004-09-20,USW00053905,0,0.0,0.0,0.0,False
2004-09-20,USW00053907,0,0.0,0.0,0.0,False
2004-09-20,USW00053909,0,0.0,0.0,0.0,False
2004-09-20,USW00053910,0,0.0,0.0,0.0,False
2004-09-20,USW00053911,0,0.0,0.0,0.0,False
2004-09-20,USW00053912,0,0.0,0.0,0.0,False
2004-09-20,USW00053914,0,0.0,0.0,0.0,False
2004-09-20,USW00053915,0,0.15,-0.15,-0.01,False
2004-09-20,USW00053917,0,0.0,0.0,0.0,False
2004-09-20,USW00053960,0,0.17,-0.17,-0.01,False
2004-09-20,USW00053961,0,0.0,0.0,0.0,False
2004-09-20,USW00053968,0,0.0,0.0,0.0,False
2004-09-20,USW00063831,11,0.0,11.0,0.6,False
2004-09-20,USW00093806,0,0.0,0.0,0.0,False
2004-09-20,USW00093874,0,0.0,0.0,0.0,False
2004-09-20,USW00093914,0,0.0,0.0,0.0,False
2004-09-20,USW00093915,0,0.0,0.0,0.0,False
2004-09-20,USW00093919,0,0.0,0.0,0.0,False
2004-09-20,USW00093985,0,0.0,0.0,0.0,False
2004-09-20,USW00093987,0,0.0,0.0,0.0,False
2004-09-20,USW00093992,0,0.0,0.0,0.0,False
2004-09-21,US1MSNW0005,0,0.45,-0.45,-0.04,False
2004-09-21,USC00010140,0,0.0,0.0,0.0,False
2004-09-21,USC00010184,0,0.0,0.0,0.0,False
2004-09-21,USC00010402,0,0.0,0.0,0.0,False
2004-09-21,USC00010505,0,0.0,0.0,0.0,False
2004-09-21,USC00010583,0,0.0,0.0,0.0,False
2004-09-21,USC00010764,0,0.0,0.0,0.0,False
2004-09-21,USC00011080,0,0.0,0.0,0.0,False
2004-09-21,USC00011084,0,0.0,0.0,0.0,False
2004-09-21,USC00011143,0,0.0,0.0,0.0,False
2004-09-21,USC00011189,0,0.23,-0.23,-0.02,False
2004-09-21,USC00011566,0,0.0,0.0,0.0,False
2004-09-21,USC00011690,0,0.0,0.0,0.0,False
2004-09-21,USC00011803,0,0.0,0.0,0.0,False
2004-09-21,USC00011810,0,0.0,0.0,0.0,False
2004-09-21,USC00012813,0,0.0,0.0,0.0,False
2004-09-21,USC00013160,0,0.0,0.0,0.0,False
2004-09-21,USC00013511,0,0.0,0.0,0.0,False
2004-09-21,USC00013930,0,0.0,0.0,0.0,False
2004-09-21,USC00014193,0,0.0,0.0,0.0,False
2004-09-21,USC00014798,0,0.18,-0.18,-0.02,False
2004-09-21,USC00015112,0,0.0,0.0,0.0,False
2004-09-21,USC00015121,0,0.0,0.0,0.0,False
2004-09-21,USC00015420,0,0.0,0.0,0.0,False
2004-09-21,USC00015658,0,0.0,0.0,0.0,False
2004-09-21,USC00016362,0,0.0,0.0,0.0,False
2004-09-21,USC00016847,0,0.0,0.0,0.0,False
2004-09-21,USC00016988,0,0.0,0.0,0.0,False
2004-09-21,USC00017366,0,0.0,0.0,0.0,False
2004-09-21,USC00018178,0,0.0,0.0,0.0,False
2004-09-21,USC00018380,0,0.0,0.0,0.0,False
2004-09-21,USC00018385,0,0.0,0.0,0.0,False
2004-09-21,USC00018637,0,0.0,0.0,0.0,False
2004-09-21,USC00018673,0,0.0,0.0,0.0,False
2004-09-21,USC00018809,0,0.0,0.0,0.0,False
2004-09-21,USC00031140,0,0.0,0.0,0.0,False
2004-09-21,USC00031730,0,0.0,0.0,0.0,False
2004-09-21,USC00032355,0,0.0,0.0,0.0,False
2004-09-21,USC00032475,0,0.0,0.0,0.0,False
2004-09-21,USC00034185,0,0.0,0.0,0.0,False
2004-09-21,USC00034548,0,0.0,0.0,0.0,False
2004-09-21,USC00034936,0,0.0,0.0,0.0,False
2004-09-21,USC00035866,0,0.0,0.0,0.0,False
2004-09-21,USC00085793,0,0.0,0.0,0.0,False
2004-09-21,USC00086999,0,0.0,0.0,0.0,False
2004-09-21,USC00160007,0,0.21,-0.21,-0.02,False
2004-09-21,USC00160012,0,0.0,0.0,0.0,False
2004-09-21,USC00160016,0,0.0,0.0,0.0,False
2004-09-21,USC00160021,0,0.03,-0.03,-0.0,False
2004-09-21,USC00160098,0,0.0,0.0,0.0,False
2004-09-21,USC00160103,0,0.0,0.0,0.0,False
2004-09-21,USC00160205,0,0.0,0.0,0.0,False
2004-09-21,USC00160238,0,0.0,0.0,0.0,False
2004-09-21,USC00160277,0,0.0,0.0,0.0,False
2004-09-21,USC00160349,0,0.0,0.0,0.0,False
2004-09-21,USC00160462,0,0.0,0.0,0.0,False
2004-09-21,USC00160537,0,0.0,0.0,0.0,False
2004-09-21,USC00160540,0,0.0,0.0,0.0,False
2004-09-21,USC00160546,0,0.0,0.0,0.0,False
2004-09-21,USC00160548,0,0.0,0.0,0.0,False
2004-09-21,USC00160558,0,0.0,0.0,0.0,False
2004-09-21,USC00160565,0,0.14,-0.14,-0.01,False
2004-09-21,USC00160617,0,0.07,-0.07,-0.01,False
2004-09-21,USC00160658,0,0.31,-0.31,-0.03,False
2004-09-21,USC00160800,0,0.0,0.0,0.0,False
2004-09-21,USC00160945,0,0.0,0.0,0.0,False
2004-09-21,USC00161200,0,0.0,0.0,0.0,False
2004-09-21,USC00161232,0,0.0,0.0,0.0,False
2004-09-21,USC00161235,0,0.0,0.0,0.0,False
2004-09-21,USC00161246,0,0.07,-0.07,-0.01,False
2004-09-21,USC00161287,0,0.0,0.0,0.0,False
2004-09-21,USC00161292,0,0.42,-0.42,-0.04,False
2004-09-21,USC00161365,0,0.13,-0.13,-0.01,False
2004-09-21,USC00161411,0,0.0,0.0,0.0,False
2004-09-21,USC00161535,0,0.11,-0.11,-0.01,False
2004-09-21,USC00161565,0,0.09,-0.09,-0.01,False
2004-09-21,USC00161639,0,0.07,-0.07,-0.01,False
2004-09-21,USC00161866,0,0.0,0.0,0.0,False
2004-09-21,USC00161899,0,0.0,0.0,0.0,False
2004-09-21,USC00161941,0,0.0,0.0,0.0,False
2004-09-21,USC00161979,0,0.0,0.0,0.0,False
2004-09-21,USC00162002,0,0.1,-0.1,-0.01,False
2004-09-21,USC00162121,0,0.0,0.0,0.0,False
2004-09-21,USC00162151,0,0.0,0.0,0.0,False
2004-09-21,USC00162154,0,0.0,0.0,0.0,False
2004-09-21,USC00162212,0,0.09,-0.09,-0.01,False
2004-09-21,USC00162350,0,0.0,0.0,0.0,False
2004-09-21,USC00162367,0,0.11,-0.11,-0.01,False
2004-09-21,USC00162534,0,0.11,-0.11,-0.01,False
2004-09-21,USC00162536,0,0.09,-0.09,-0.01,False
2004-09-21,USC00162641,0,0.13,-0.13,-0.01,False
2004-09-21,USC00162812,0,0.0,0.0,0.0,False
2004-09-21,USC00162981,0,0.09,-0.09,-0.01,False
2004-09-21,USC00163079,0,0.0,0.0,0.0,False
2004-09-21,USC00163165,0,0.0,0.0,0.0,False
2004-09-21,USC00163313,0,0.51,-0.51,-0.05,False
2004-09-21,USC00163322,0,0.0,0.0,0.0,False
2004-09-21,USC00163433,0,0.24,-0.24,-0.02,False
2004-09-21,USC00163695,0,0.08,-0.08,-0.01,False
2004-09-21,USC00163741,0,0.0,0.0,0.0,False
2004-09-21,USC00163800,0,0.0,0.0,0.0,False
2004-09-21,USC00163804,0,0.0,0.0,0.0,False
2004-09-21,USC00163807,0,0.43,-0.43,-0.04,False
2004-09-21,USC00163829,0,0.06,-0.06,-0.01,False
2004-09-21,USC00163867,0,0.0,0.0,0.0,False
2004-09-21,USC00163877,0,0.0,0.0,0.0,False
2004-09-21,USC00163979,0,0.29,-0.29,-0.03,False
2004-09-21,USC00164030,0,0.0,0.0,0.0,False
2004-09-21,USC00164034,0,0.0,0.0,0.0,False
2004-09-21,USC00164050,0,0.0,0.0,0.0,False
2004-09-21,USC00164131,0,0.0,0.0,0.0,False
2004-09-21,USC00164288,0,0.0,0.0,0.0,False
2004-09-21,USC00164355,0,0.0,0.0,0.0,False
2004-09-21,USC00164398,0,0.0,0.0,0.0,False
2004-09-21,USC00164407,0,0.3,-0.3,-0.03,False
2004-09-21,USC00164573,0,0.0,0.0,0.0,False
2004-09-21,USC00164592,0,0.0,0.0,0.0,False
2004-09-21,USC00164674,0,0.24,-0.24,-0.02,False
2004-09-21,USC00164696,0,0.0,0.0,0.0,False
2004-09-21,USC00164700,0,0.16,-0.16,-0.01,False
2004-09-21,USC00164732,0,0.0,0.0,0.0,False
2004-09-21,USC00164739,0,0.0,0.0,0.0,False
2004-09-21,USC00164775,0,0.27,-0.27,-0.03,False
2004-09-21,USC00164816,0,0.0,0.0,0.0,False
2004-09-21,USC00164859,0,0.0,0.0,0.0,False
2004-09-21,USC00164931,0,0.0,0.0,0.0,False
2004-09-21,USC00165021,0,0.12,-0.12,-0.01,False
2004-09-21,USC00165065,0,0.18,-0.18,-0.02,False
2004-09-21,USC00165072,0,0.7,-0.7,-0.07,False
2004-09-21,USC00165074,5,0.0,5.0,0.47,False
2004-09-21,USC00165076,0,0.92,-0.92,-0.09,False
2004-09-21,USC00165090,0,0.0,0.0,0.0,False
2004-09-21,USC00165146,0,0.0,0.0,0.0,False
2004-09-21,USC00165266,0,0.07,-0.07,-0.01,False
2004-09-21,USC00165287,0,0.08,-0.08,-0.01,False
2004-09-21,USC00165296,0,0.33,-0.33,-0.03,False
2004-09-21,USC00165430,0,0.0,0.0,0.0,False
2004-09-21,USC00165438,0,0.0,0.0,0.0,False
2004-09-21,USC00165522,0,0.0,0.0,0.0,False
2004-09-21,USC00165610,0,0.07,-0.07,-0.01,False
2004-09-21,USC00165620,0,0.06,-0.06,-0.01,False
2004-09-21,USC00165624,5,0.0,5.0,0.47,False
2004-09-21,USC00165630,0,0.0,0.0,0.0,False
2004-09-21,USC00165783,0,0.13,-0.13,-0.01,False
2004-09-21,USC00165892,0,0.0,0.0,0.0,False
2004-09-21,USC00165896,0,0.0,0.0,0.0,False
2004-09-21,USC00165920,0,0.0,0.0,0.0,False
2004-09-21,USC00165926,0,0.13,-0.13,-0.01,False
2004-09-21,USC00165935,0,0.0,0.0,0.0,False
2004-09-21,USC00166157,0,0.06,-0.06,-0.01,False
2004-09-21,USC00166244,0,0.0,0.0,0.0,False
2004-09-21,USC00166314,0,0.0,0.0,0.0,False
2004-09-21,USC00166364,0,0.0,0.0,0.0,False
2004-09-21,USC00166394,0,0.49,-0.49,-0.05,False
2004-09-21,USC00166431,0,0.97,-0.97,-0.09,False
2004-09-21,USC00166466,0,0.0,0.0,0.0,False
2004-09-21,USC00166561,0,0.15,-0.15,-0.01,False
2004-09-21,USC00166582,0,0.0,0.0,0.0,False
2004-09-21,USC00166657,0,0.05,-0.05,-0.01,False
2004-09-21,USC00166666,0,0.06,-0.06,-0.01,False
2004-09-21,USC00166686,0,0.0,0.0,0.0,False
2004-09-21,USC00166808,0,0.0,0.0,0.0,False
2004-09-21,USC00166836,0,0.08,-0.08,-0.01,False
2004-09-21,USC00166866,0,0.0,0.0,0.0,False
2004-09-21,USC00166868,0,0.0,0.0,0.0,False
2004-09-21,USC00166911,0,0.0,0.0,0.0,False
2004-09-21,USC00166938,0,0.13,-0.13,-0.01,False
2004-09-21,USC00166968,0,0.69,-0.69,-0.07,False
2004-09-21,USC00166978,0,0.0,0.0,0.0,False
2004-09-21,USC00166995,0,0.0,0.0,0.0,False
2004-09-21,USC00167096,0,0.09,-0.09,-0.01,False
2004-09-21,USC00167304,0,0.0,0.0,0.0,False
2004-09-21,USC00167366,0,0.08,-0.08,-0.01,False
2004-09-21,USC00167425,0,0.0,0.0,0.0,False
2004-09-21,USC00167448,0,0.0,0.0,0.0,False
2004-09-21,USC00167729,0,0.0,0.0,0.0,False
2004-09-21,USC00167732,0,0.0,0.0,0.0,False
2004-09-21,USC00167738,0,0.0,0.0,0.0,False
2004-09-21,USC00167767,0,0.05,-0.05,-0.0,False
2004-09-21,USC00167924,0,0.0,0.0,0.0,False
2004-09-21,USC00167932,0,0.2,-0.2,-0.02,False
2004-09-21,USC00168046,0,0.09,-0.09,-0.01,False
2004-09-21,USC00168067,0,0.0,0.0,0.0,False
2004-09-21,USC00168094,0,0.0,0.0,0.0,False
2004-09-21,USC00168108,0,0.17,-0.17,-0.02,False
2004-09-21,USC00168136,0,0.0,0.0,0.0,False
2004-09-21,USC00168139,0,0.08,-0.08,-0.01,False
2004-09-21,USC00168163,0,0.0,0.0,0.0,False
2004-09-21,USC00168181,0,0.06,-0.06,-0.01,False
2004-09-21,USC00168436,0,0.0,0.0,0.0,False
2004-09-21,USC00168444,0,0.0,0.0,0.0,False
2004-09-21,USC00168539,0,0.06,-0.06,-0.01,False
2004-09-21,USC00168669,0,0.0,0.0,0.0,False
2004-09-21,USC00168683,0,0.0,0.0,0.0,False
2004-09-21,USC00168785,0,0.0,0.0,0.0,False
2004-09-21,USC00168831,0,0.5,-0.5,-0.05,False
2004-09-21,USC00168861,0,0.0,0.0,0.0,False
2004-09-21,USC00168906,0,0.0,0.0,0.0,False
2004-09-21,USC00168923,0,0.0,0.0,0.0,False
2004-09-21,USC00168941,0,0.07,-0.07,-0.01,False
2004-09-21,USC00168945,0,0.0,0.0,0.0,False
2004-09-21,USC00169013,0,0.23,-0.23,-0.02,False
2004-09-21,USC00169357,0,0.0,0.0,0.0,False
2004-09-21,USC00169369,0,0.0,0.0,0.0,False
2004-09-21,USC00169392,0,0.0,0.0,0.0,False
2004-09-21,USC00169480,0,0.0,0.0,0.0,False
2004-09-21,USC00169631,0,0.0,0.0,0.0,False
2004-09-21,USC00169803,0,0.0,0.0,0.0,False
2004-09-21,USC00169804,0,0.0,0.0,0.0,False
2004-09-21,USC00169806,0,0.0,0.0,0.0,False
2004-09-21,USC00169809,0,0.0,0.0,0.0,False
2004-09-21,USC00169930,0,0.0,0.0,0.0,False
2004-09-21,USC00169980,0,0.0,0.0,0.0,False
2004-09-21,USC00220039,0,0.0,0.0,0.0,False
2004-09-21,USC00220218,0,0.07,-0.07,-0.01,False
2004-09-21,USC00220521,0,0.05,-0.05,-0.01,False
2004-09-21,USC00220523,0,0.26,-0.26,-0.02,False
2004-09-21,USC00220585,0,0.0,0.0,0.0,False
2004-09-21,USC00220660,0,0.0,0.0,0.0,False
2004-09-21,USC00220792,0,0.0,0.0,0.0,False
2004-09-21,USC00220891,0,0.0,0.0,0.0,False
2004-09-21,USC00221094,0,0.0,0.0,0.0,False
2004-09-21,USC00221174,0,0.0,0.0,0.0,False
2004-09-21,USC00221389,0,0.14,-0.14,-0.01,False
2004-09-21,USC00221489,0,0.21,-0.21,-0.02,False
2004-09-21,USC00221578,0,0.0,0.0,0.0,False
2004-09-21,USC00221852,0,0.13,-0.13,-0.01,False
2004-09-21,USC00221860,0,0.35,-0.35,-0.03,False
2004-09-21,USC00221865,0,0.0,0.0,0.0,False
2004-09-21,USC00221880,0,0.0,0.0,0.0,False
2004-09-21,USC00222034,0,0.25,-0.25,-0.02,False
2004-09-21,USC00222094,0,0.0,0.0,0.0,False
2004-09-21,USC00222385,0,0.14,-0.14,-0.01,False
2004-09-21,USC00223107,0,0.37,-0.37,-0.03,False
2004-09-21,USC00223340,0,0.23,-0.23,-0.02,False
2004-09-21,USC00223441,0,0.0,0.0,0.0,False
2004-09-21,USC00223516,0,0.16,-0.16,-0.02,False
2004-09-21,USC00223605,0,0.0,0.0,0.0,False
2004-09-21,USC00223667,0,0.0,0.0,0.0,False
2004-09-21,USC00223671,0,0.0,0.0,0.0,False
2004-09-21,USC00223887,0,0.0,0.0,0.0,False
2004-09-21,USC00223920,0,0.0,0.0,0.0,False
2004-09-21,USC00224470,0,0.0,0.0,0.0,False
2004-09-21,USC00224702,0,0.25,-0.25,-0.02,False
2004-09-21,USC00224776,0,0.18,-0.18,-0.02,False
2004-09-21,USC00224939,0,0.18,-0.18,-0.02,False
2004-09-21,USC00224966,0,0.0,0.0,0.0,False
2004-09-21,USC00225020,0,0.0,0.0,0.0,False
2004-09-21,USC00225062,0,0.0,0.0,0.0,False
2004-09-21,USC00225247,0,0.2,-0.2,-0.02,False
2004-09-21,USC00225361,0,0.0,0.0,0.0,False
2004-09-21,USC00225611,0,0.0,0.0,0.0,False
2004-09-21,USC00225704,0,0.0,0.0,0.0,False
2004-09-21,USC00225943,0,0.15,-0.15,-0.01,False
2004-09-21,USC00225987,0,0.0,0.0,0.0,False
2004-09-21,USC00225989,0,0.0,0.0,0.0,False
2004-09-21,USC00226009,0,0.0,0.0,0.0,False
2004-09-21,USC00226177,0,0.0,0.0,0.0,False
2004-09-21,USC00226294,0,0.16,-0.16,-0.02,False
2004-09-21,USC00226308,0,4.58,-4.58,-0.43,False
2004-09-21,USC00226476,0,0.0,0.0,0.0,False
2004-09-21,USC00226484,0,0.0,0.0,0.0,False
2004-09-21,USC00226638,0,0.27,-0.27,-0.03,False
2004-09-21,USC00226640,0,0.16,-0.16,-0.02,False
2004-09-21,USC00226642,0,0.13,-0.13,-0.01,False
2004-09-21,USC00226643,0,0.45,-0.45,-0.04,False
2004-09-21,USC00226644,0,0.92,-0.92,-0.09,False
2004-09-21,USC00226718,0,0.0,0.0,0.0,False
2004-09-21,USC00226894,0,0.27,-0.27,-0.03,False
2004-09-21,USC00226921,0,0.0,0.0,0.0,False
2004-09-21,USC00226924,0,0.0,0.0,0.0,False
2004-09-21,USC00226926,0,0.0,0.0,0.0,False
2004-09-21,USC00227128,0,0.0,0.0,0.0,False
2004-09-21,USC00227132,0,0.0,0.0,0.0,False
2004-09-21,USC00227172,0,0.0,0.0,0.0,False
2004-09-21,USC00227220,0,0.0,0.0,0.0,False
2004-09-21,USC00227276,0,0.23,-0.23,-0.02,False
2004-09-21,USC00227444,0,0.0,0.0,0.0,False
2004-09-21,USC00227560,0,0.0,0.0,0.0,False
2004-09-21,USC00227595,0,0.11,-0.11,-0.01,False
2004-09-21,USC00227831,0,0.0,0.0,0.0,False
2004-09-21,USC00227840,0,0.0,0.0,0.0,False
2004-09-21,USC00228053,0,0.21,-0.21,-0.02,False
2004-09-21,USC00228374,0,0.0,0.0,0.0,False
2004-09-21,USC00228413,0,0.05,-0.05,-0.01,False
2004-09-21,USC00228445,0,0.0,0.0,0.0,False
2004-09-21,USC00228556,0,0.0,0.0,0.0,False
2004-09-21,USC00228899,0,0.26,-0.26,-0.02,False
2004-09-21,USC00229048,0,0.0,0.0,0.0,False
2004-09-21,USC00229072,0,0.0,0.0,0.0,False
2004-09-21,USC00229114,0,0.0,0.0,0.0,False
2004-09-21,USC00229157,0,0.0,0.0,0.0,False
2004-09-21,USC00229230,0,0.0,0.0,0.0,False
2004-09-21,USC00229326,0,0.26,-0.26,-0.03,False
2004-09-21,USC00229426,0,0.06,-0.06,-0.01,False
2004-09-21,USC00229439,0,0.19,-0.19,-0.02,False
2004-09-21,USC00229597,0,0.18,-0.18,-0.02,False
2004-09-21,USC00229639,0,0.0,0.0,0.0,False
2004-09-21,USC00229743,0,0.0,0.0,0.0,False
2004-09-21,USC00229793,0,0.0,0.0,0.0,False
2004-09-21,USC00229860,0,0.0,0.0,0.0,False
2004-09-21,USC00410144,0,4.29,-4.29,-0.41,False
2004-09-21,USC00410190,0,0.0,0.0,0.0,False
2004-09-21,USC00410204,0,5.99,-5.99,-0.57,False
2004-09-21,USC00410206,0,0.0,0.0,0.0,False
2004-09-21,USC00410235,0,3.69,-3.69,-0.35,False
2004-09-21,USC00410246,0,0.0,0.0,0.0,False
2004-09-21,USC00410257,0,3.34,-3.34,-0.32,False
2004-09-21,USC00410271,0,0.0,0.0,0.0,False
2004-09-21,USC00410297,0,0.0,0.0,0.0,False
2004-09-21,USC00410305,0,2.58,-2.58,-0.24,False
2004-09-21,USC00410337,0,0.0,0.0,0.0,False
2004-09-21,USC00410404,0,0.0,0.0,0.0,False
2004-09-21,USC00410408,0,0.0,0.0,0.0,False
2004-09-21,USC00410431,0,0.73,-0.73,-0.07,False
2004-09-21,USC00410518,0,0.0,0.0,0.0,False
2004-09-21,USC00410569,8,3.45,4.55,0.43,False
2004-09-21,USC00410586,0,3.23,-3.23,-0.31,False
2004-09-21,USC00410611,0,0.11,-0.11,-0.01,False
2004-09-21,USC00410613,0,0.0,0.0,0.0,False
2004-09-21,USC00410639,0,1.21,-1.21,-0.11,False
2004-09-21,USC00410655,0,1.93,-1.93,-0.18,False
2004-09-21,USC00410660,0,1.79,-1.79,-0.17,False
2004-09-21,USC00410690,0,6.38,-6.38,-0.6,False
2004-09-21,USC00410691,0,0.0,0.0,0.0,False
2004-09-21,USC00410738,0,0.63,-0.63,-0.06,False
2004-09-21,USC00410805,28,10.11,17.89,1.69,False
2004-09-21,USC00410832,0,4.84,-4.84,-0.46,False
2004-09-21,USC00411026,0,0.0,0.0,0.0,False
2004-09-21,USC00411035,0,0.0,0.0,0.0,False
2004-09-21,USC00411045,0,0.0,0.0,0.0,False
2004-09-21,USC00411048,0,1.25,-1.25,-0.12,False
2004-09-21,USC00411063,0,0.0,0.0,0.0,False
2004-09-21,USC00411089,0,0.0,0.0,0.0,False
2004-09-21,USC00411215,0,3.6,-3.6,-0.34,False
2004-09-21,USC00411246,0,0.0,0.0,0.0,False
2004-09-21,USC00411250,0,0.49,-0.49,-0.05,False
2004-09-21,USC00411253,0,0.94,-0.94,-0.09,False
2004-09-21,USC00411314,0,0.0,0.0,0.0,False
2004-09-21,USC00411337,0,0.14,-0.14,-0.01,False
2004-09-21,USC00411348,0,0.0,0.0,0.0,False
2004-09-21,USC00411429,0,2.92,-2.92,-0.28,False
2004-09-21,USC00411433,53,0.0,53.0,5.02,True
2004-09-21,USC00411541,0,1.58,-1.58,-0.15,False
2004-09-21,USC00411578,0,0.0,0.0,0.0,False
2004-09-21,USC00411580,0,0.0,0.0,0.0,False
2004-09-21,USC00411596,0,0.0,0.0,0.0,False
2004-09-21,USC00411625,0,0.0,0.0,0.0,False
2004-09-21,USC00411671,0,2.4,-2.4,-0.23,False
2004-09-21,USC00411711,0,0.0,0.0,0.0,False
2004-09-21,USC00411720,0,0.13,-0.13,-0.01,False
2004-09-21,USC00411800,0,0.0,0.0,0.0,False
2004-09-21,USC00411804,0,0.0,0.0,0.0,False
2004-09-21,USC00411810,0,2.15,-2.15,-0.2,False
2004-09-21,USC00411838,0,1.96,-1.96,-0.19,False
2004-09-21,USC00411880,0,3.41,-3.41,-0.32,False
2004-09-21,USC00411911,0,3.44,-3.44,-0.33,False
2004-09-21,USC00411921,0,0.0,0.0,0.0,False
2004-09-21,USC00411956,0,1.23,-1.23,-0.12,False
2004-09-21,USC00411970,0,0.0,0.0,0.0,False
2004-09-21,USC00411990,0,0.0,0.0,0.0,False
2004-09-21,USC00412013,0,3.69,-3.69,-0.35,False
2004-09-21,USC00412017,0,0.0,0.0,0.0,False
2004-09-21,USC00412019,0,0.0,0.0,0.0,False
2004-09-21,USC00412020,0,0.0,0.0,0.0,False
2004-09-21,USC00412086,0,0.0,0.0,0.0,False
2004-09-21,USC00412088,0,0.0,0.0,0.0,False
2004-09-21,USC00412096,0,0.0,0.0,0.0,False
2004-09-21,USC00412114,0,0.0,0.0,0.0,False
2004-09-21,USC00412173,0,2.59,-2.59,-0.25,False
2004-09-21,USC00412206,0,2.09,-2.09,-0.2,False
2004-09-21,USC00412218,0,0.82,-0.82,-0.08,False
2004-09-21,USC00412225,0,0.0,0.0,0.0,False
2004-09-21,USC00412266,0,5.0,-5.0,-0.47,False
2004-09-21,USC00412295,0,0.0,0.0,0.0,False
2004-09-21,USC00412334,0,0.0,0.0,0.0,False
2004-09-21,USC00412404,0,0.0,0.0,0.0,False
2004-09-21,USC00412444,0,0.0,0.0,0.0,False
2004-09-21,USC00412462,0,0.96,-0.96,-0.09,False
2004-09-21,USC00412585,0,1.24,-1.24,-0.12,False
2004-09-21,USC00412598,0,0.0,0.0,0.0,False
2004-09-21,USC00412770,0,5.58,-5.58,-0.53,False
2004-09-21,USC00412772,0,0.0,0.0,0.0,False
2004-09-21,USC00412786,0,3.8,-3.8,-0.36,False
2004-09-21,USC00412820,0,0.0,0.0,0.0,False
2004-09-21,USC00413005,0,0.0,0.0,0.0,False
2004-09-21,USC00413047,0,0.0,0.0,0.0,False
2004-09-21,USC00413063,0,13.76,-13.76,-1.3,False
2004-09-21,USC00413065,0,0.0,0.0,0.0,False
2004-09-21,USC00413080,0,0.0,0.0,0.0,False
2004-09-21,USC00413133,0,0.0,0.0,0.0,False
2004-09-21,USC00413156,0,4.78,-4.78,-0.45,False
2004-09-21,USC00413171,0,0.0,0.0,0.0,False
2004-09-21,USC00413183,0,4.86,-4.86,-0.46,False
2004-09-21,USC00413199,0,0.0,0.0,0.0,False
2004-09-21,USC00413201,0,1.01,-1.01,-0.1,False
2004-09-21,USC00413247,0,0.0,0.0,0.0,False
2004-09-21,USC00413285,0,0.0,0.0,0.0,False
2004-09-21,USC00413321,0,0.0,0.0,0.0,False
2004-09-21,USC00413340,3,4.12,-1.12,-0.11,False
2004-09-21,USC00413370,0,0.0,0.0,0.0,False
2004-09-21,USC00413485,0,0.0,0.0,0.0,False
2004-09-21,USC00413507,0,0.0,0.0,0.0,False
2004-09-21,USC00413508,0,2.12,-2.12,-0.2,False
2004-09-21,USC00413525,0,1.27,-1.27,-0.12,False
2004-09-21,USC00413546,0,0.0,0.0,0.0,False
2004-09-21,USC00413618,0,0.81,-0.81,-0.08,False
2004-09-21,USC00413620,0,0.82,-0.82,-0.08,False
2004-09-21,USC00413622,0,1.76,-1.76,-0.17,False
2004-09-21,USC00413624,0,1.56,-1.56,-0.15,False
2004-09-21,USC00413639,0,0.0,0.0,0.0,False
2004-09-21,USC00413675,0,0.0,0.0,0.0,False
2004-09-21,USC00413685,0,0.0,0.0,0.0,False
2004-09-21,USC00413686,0,0.0,0.0,0.0,False
2004-09-21,USC00413691,0,0.0,0.0,0.0,False
2004-09-21,USC00413734,0,0.0,0.0,0.0,False
2004-09-21,USC00413776,0,0.0,0.0,0.0,False
2004-09-21,USC00413846,0,0.0,0.0,0.0,False
2004-09-21,USC00413873,61,0.62,60.38,5.72,True
2004-09-21,USC00413877,0,0.0,0.0,0.0,False
2004-09-21,USC00413884,0,0.0,0.0,0.0,False
2004-09-21,USC00413941,0,0.0,0.0,0.0,False
2004-09-21,USC00413943,0,5.67,-5.67,-0.54,False
2004-09-21,USC00414020,0,0.0,0.0,0.0,False
2004-09-21,USC00414077,0,0.0,0.0,0.0,False
2004-09-21,USC00414081,0,0.0,0.0,0.0,False
2004-09-21,USC00414137,0,0.0,0.0,0.0,False
2004-09-21,USC00414182,0,0.0,0.0,0.0,False
2004-09-21,USC00414202,0,0.0,0.0,0.0,False
2004-09-21,USC00414313,0,1.96,-1.96,-0.19,False
2004-09-21,USC00414315,0,5.46,-5.46,-0.52,False
2004-09-21,USC00414321,0,3.69,-3.69,-0.35,False
2004-09-21,USC00414325,0,3.81,-3.81,-0.36,False
2004-09-21,USC00414326,23,2.82,20.18,1.91,False
2004-09-21,USC00414327,0,2.78,-2.78,-0.26,False
2004-09-21,USC00414333,41,2.75,38.25,3.62,True
2004-09-21,USC00414343,0,0.0,0.0,0.0,False
2004-09-21,USC00414382,0,0.38,-0.38,-0.04,False
2004-09-21,USC00414390,0,0.0,0.0,0.0,False
2004-09-21,USC00414505,0,0.0,0.0,0.0,False
2004-09-21,USC00414517,0,0.0,0.0,0.0,False
2004-09-21,USC00414525,0,0.0,0.0,0.0,False
2004-09-21,USC00414531,0,5.1,-5.1,-0.48,False
2004-09-21,USC00414556,0,0.0,0.0,0.0,False
2004-09-21,USC00414563,0,0.0,0.0,0.0,False
2004-09-21,USC00414575,0,1.76,-1.76,-0.17,False
2004-09-21,USC00414597,0,0.0,0.0,0.0,False
2004-09-21,USC00414605,0,2.28,-2.28,-0.22,False
2004-09-21,USC00414679,0,0.0,0.0,0.0,False
2004-09-21,USC00414693,0,0.0,0.0,0.0,False
2004-09-21,USC00414696,0,0.51,-0.51,-0.05,False
2004-09-21,USC00414704,0,1.92,-1.92,-0.18,False
2004-09-21,USC00414705,0,0.0,0.0,0.0,False
2004-09-21,USC00414805,0,1.66,-1.66,-0.16,False
2004-09-21,USC00414810,46,5.97,40.03,3.79,True
2004-09-21,USC00414866,0,0.0,0.0,0.0,False
2004-09-21,USC00414878,0,0.0,0.0,0.0,False
2004-09-21,USC00414903,0,2.13,-2.13,-0.2,False
2004-09-21,USC00414911,0,6.83,-6.83,-0.65,False
2004-09-21,USC00414972,0,0.0,0.0,0.0,False
2004-09-21,USC00414976,0,0.0,0.0,0.0,False
2004-09-21,USC00414979,0,0.0,0.0,0.0,False
2004-09-21,USC00414980,0,0.0,0.0,0.0,False
2004-09-21,USC00415018,0,0.0,0.0,0.0,False
2004-09-21,USC00415094,0,0.0,0.0,0.0,False
2004-09-21,USC00415192,0,0.0,0.0,0.0,False
2004-09-21,USC00415193,0,0.0,0.0,0.0,False
2004-09-21,USC00415196,0,2.68,-2.68,-0.25,False
2004-09-21,USC00415229,0,0.0,0.0,0.0,False
2004-09-21,USC00415243,0,0.0,0.0,0.0,False
2004-09-21,USC00415271,0,0.41,-0.41,-0.04,False
2004-09-21,USC00415285,0,1.64,-1.64,-0.16,False
2004-09-21,USC00415341,0,0.0,0.0,0.0,False
2004-09-21,USC00415344,0,0.0,0.0,0.0,False
2004-09-21,USC00415415,0,0.0,0.0,0.0,False
2004-09-21,USC00415427,0,0.0,0.0,0.0,False
2004-09-21,USC00415429,0,1.69,-1.69,-0.16,False
2004-09-21,USC00415430,0,1.66,-1.66,-0.16,False
2004-09-21,USC00415435,0,0.1,-0.1,-0.01,False
2004-09-21,USC00415477,0,0.0,0.0,0.0,False
2004-09-21,USC00415611,0,0.0,0.0,0.0,False
2004-09-21,USC00415618,0,0.0,0.0,0.0,False
2004-09-21,USC00415661,0,3.14,-3.14,-0.3,False
2004-09-21,USC00415667,0,0.0,0.0,0.0,False
2004-09-21,USC00415701,0,2.29,-2.29,-0.22,False
2004-09-21,USC00415721,0,13.22,-13.22,-1.25,False
2004-09-21,USC00415757,0,0.0,0.0,0.0,False
2004-09-21,USC00415836,0,6.41,-6.41,-0.61,False
2004-09-21,USC00415845,0,0.0,0.0,0.0,False
2004-09-21,USC00415897,0,0.0,0.0,0.0,False
2004-09-21,USC00415904,0,0.0,0.0,0.0,False
2004-09-21,USC00415954,0,0.0,0.0,0.0,False
2004-09-21,USC00416024,0,0.96,-0.96,-0.09,False
2004-09-21,USC00416058,0,0.0,0.0,0.0,False
2004-09-21,USC00416108,0,0.0,0.0,0.0,False
2004-09-21,USC00416119,0,0.0,0.0,0.0,False
2004-09-21,USC00416177,0,0.0,0.0,0.0,False
2004-09-21,USC00416210,0,0.0,0.0,0.0,False
2004-09-21,USC00416270,0,0.0,0.0,0.0,False
2004-09-21,USC00416276,0,1.79,-1.79,-0.17,False
2004-09-21,USC00416280,0,2.87,-2.87,-0.27,False
2004-09-21,USC00416335,0,0.0,0.0,0.0,False
2004-09-21,USC00416341,0,0.12,-0.12,-0.01,False
2004-09-21,USC00416367,0,0.0,0.0,0.0,False
2004-09-21,USC00416496,0,0.0,0.0,0.0,False
2004-09-21,USC00416664,0,0.18,-0.18,-0.02,False
2004-09-21,USC00416680,0,0.19,-0.19,-0.02,False
2004-09-21,USC00416766,0,0.0,0.0,0.0,False
2004-09-21,USC00417017,0,0.0,0.0,0.0,False
2004-09-21,USC00417020,0,3.6,-3.6,-0.34,False
2004-09-21,USC00417040,0,0.0,0.0,0.0,False
2004-09-21,USC00417140,0,5.75,-5.75,-0.54,False
2004-09-21,USC00417170,0,2.56,-2.56,-0.24,False
2004-09-21,USC00417172,0,0.13,-0.13,-0.01,False
2004-09-21,USC00417179,0,7.79,-7.79,-0.74,False
2004-09-21,USC00417183,0,3.47,-3.47,-0.33,False
2004-09-21,USC00417184,140,1.43,138.57,13.13,True
2004-09-21,USC00417300,0,0.0,0.0,0.0,False
2004-09-21,USC00417365,0,0.0,0.0,0.0,False
2004-09-21,USC00417388,0,0.0,0.0,0.0,False
2004-09-21,USC00417458,0,12.41,-12.41,-1.18,False
2004-09-21,USC00417530,0,1.67,-1.67,-0.16,False
2004-09-21,USC00417533,0,1.08,-1.08,-0.1,False
2004-09-21,USC00417550,0,0.0,0.0,0.0,False
2004-09-21,USC00417588,0,0.0,0.0,0.0,False
2004-09-21,USC00417594,0,1.97,-1.97,-0.19,False
2004-09-21,USC00417659,0,0.0,0.0,0.0,False
2004-09-21,USC00417677,0,4.87,-4.87,-0.46,False
2004-09-21,USC00417685,0,0.0,0.0,0.0,False
2004-09-21,USC00417704,0,2.16,-2.16,-0.2,False
2004-09-21,USC00417707,0,0.0,0.0,0.0,False
2004-09-21,USC00417744,0,0.0,0.0,0.0,False
2004-09-21,USC00417773,0,0.0,0.0,0.0,False
2004-09-21,USC00417791,0,0.57,-0.57,-0.05,False
2004-09-21,USC00417836,0,0.64,-0.64,-0.06,False
2004-09-21,USC00417841,0,0.0,0.0,0.0,False
2004-09-21,USC00417936,0,0.0,0.0,0.0,False
2004-09-21,USC00417947,0,1.68,-1.68,-0.16,False
2004-09-21,USC00417951,0,0.0,0.0,0.0,False
2004-09-21,USC00417983,0,1.44,-1.44,-0.14,False
2004-09-21,USC00418059,0,7.15,-7.15,-0.68,False
2004-09-21,USC00418081,0,13.85,-13.85,-1.31,False
2004-09-21,USC00418126,0,4.74,-4.74,-0.45,False
2004-09-21,USC00418187,0,1.15,-1.15,-0.11,False
2004-09-21,USC00418311,0,0.09,-0.09,-0.01,False
2004-09-21,USC00418354,5,1.95,3.05,0.29,False
2004-09-21,USC00418415,0,1.41,-1.41,-0.13,False
2004-09-21,USC00418446,0,0.05,-0.05,-0.01,False
2004-09-21,USC00418487,0,11.35,-11.35,-1.08,False
2004-09-21,USC00418519,0,6.24,-6.24,-0.59,False
2004-09-21,USC00418531,0,1.14,-1.14,-0.11,False
2004-09-21,USC00418544,0,7.53,-7.53,-0.71,False
2004-09-21,USC00418646,0,0.0,0.0,0.0,False
2004-09-21,USC00418658,0,1.01,-1.01,-0.1,False
2004-09-21,USC00418696,0,0.0,0.0,0.0,False
2004-09-21,USC00418728,0,0.73,-0.73,-0.07,False
2004-09-21,USC00418743,0,0.0,0.0,0.0,False
2004-09-21,USC00418862,0,0.0,0.0,0.0,False
2004-09-21,USC00418929,0,0.0,0.0,0.0,False
2004-09-21,USC00418942,0,0.0,0.0,0.0,False
2004-09-21,USC00418996,0,2.71,-2.71,-0.26,False
2004-09-21,USC00419001,0,0.0,0.0,0.0,False
2004-09-21,USC00419004,0,0.0,0.0,0.0,False
2004-09-21,USC00419007,0,0.14,-0.14,-0.01,False
2004-09-21,USC00419068,0,0.0,0.0,0.0,False
2004-09-21,USC00419076,0,2.33,-2.33,-0.22,False
2004-09-21,USC00419099,0,0.0,0.0,0.0,False
2004-09-21,USC00419101,0,0.0,0.0,0.0,False
2004-09-21,USC00419125,0,0.0,0.0,0.0,False
2004-09-21,USC00419153,0,0.0,0.0,0.0,False
2004-09-21,USC00419207,0,0.0,0.0,0.0,False
2004-09-21,USC00419282,0,0.0,0.0,0.0,False
2004-09-21,USC00419361,0,5.76,-5.76,-0.55,False
2004-09-21,USC00419367,0,11.56,-11.56,-1.09,False
2004-09-21,USC00419415,0,0.0,0.0,0.0,False
2004-09-21,USC00419417,0,0.0,0.0,0.0,False
2004-09-21,USC00419491,0,0.36,-0.36,-0.03,False
2004-09-21,USC00419503,0,0.0,0.0,0.0,False
2004-09-21,USC00419504,0,0.0,0.0,0.0,False
2004-09-21,USC00419522,0,0.0,0.0,0.0,False
2004-09-21,USC00419532,0,0.0,0.0,0.0,False
2004-09-21,USC00419559,0,2.58,-2.58,-0.24,False
2004-09-21,USC00419588,0,6.1,-6.1,-0.58,False
2004-09-21,USC00419593,0,0.0,0.0,0.0,False
2004-09-21,USC00419708,0,0.0,0.0,0.0,False
2004-09-21,USC00419709,0,0.0,0.0,0.0,False
2004-09-21,USC00419715,0,0.0,0.0,0.0,False
2004-09-21,USC00419717,0,0.14,-0.14,-0.01,False
2004-09-21,USC00419800,0,0.0,0.0,0.0,False
2004-09-21,USC00419815,0,2.16,-2.16,-0.2,False
2004-09-21,USC00419836,0,0.0,0.0,0.0,False
2004-09-21,USC00419898,0,0.0,0.0,0.0,False
2004-09-21,USC00419916,0,0.0,0.0,0.0,False
2004-09-21,USC00419953,0,1.89,-1.89,-0.18,False
2004-09-21,USC00419962,0,0.0,0.0,0.0,False
2004-09-21,USW00003866,0,0.25,-0.25,-0.02,False
2004-09-21,USW00003881,0,0.0,0.0,0.0,False
2004-09-21,USW00003901,0,0.0,0.0,0.0,False
2004-09-21,USW00003904,0,0.06,-0.06,-0.01,False
2004-09-21,USW00003927,0,0.0,0.0,0.0,False
2004-09-21,USW00003937,0,0.48,-0.48,-0.05,False
2004-09-21,USW00003940,0,0.11,-0.11,-0.01,False
2004-09-21,USW00003951,0,0.0,0.0,0.0,False
2004-09-21,USW00003969,0,0.0,0.0,0.0,False
2004-09-21,USW00003971,0,0.0,0.0,0.0,False
2004-09-21,USW00003991,0,0.0,0.0,0.0,False
2004-09-21,USW00003996,0,0.0,0.0,0.0,False
2004-09-21,USW00003999,0,0.49,-0.49,-0.05,False
2004-09-21,USW00012884,0,0.38,-0.38,-0.04,False
2004-09-21,USW00012904,0,6.11,-6.11,-0.58,False
2004-09-21,USW00012912,23,1.45,21.55,2.04,False
2004-09-21,USW00012916,0,0.07,-0.07,-0.01,False
2004-09-21,USW00012917,0,0.11,-0.11,-0.01,False
2004-09-21,USW00012918,5,5.28,-0.28,-0.03,False
2004-09-21,USW00012921,0,2.02,-2.02,-0.19,False
2004-09-21,USW00012923,0,5.47,-5.47,-0.52,False
2004-09-21,USW00012924,0,3.64,-3.64,-0.35,False
2004-09-21,USW00012926,0,3.23,-3.23,-0.31,False
2004-09-21,USW00012928,0,19.67,-19.67,-1.86,False
2004-09-21,USW00012930,0,0.07,-0.07,-0.01,False
2004-09-21,USW00012932,0,4.4,-4.4,-0.42,False
2004-09-21,USW00012935,36,2.08,33.92,3.21,False
2004-09-21,USW00012957,0,8.65,-8.65,-0.82,False
2004-09-21,USW00012958,0,0.13,-0.13,-0.01,False
2004-09-21,USW00012959,0,2.28,-2.28,-0.22,False
2004-09-21,USW00012960,13,2.36,10.64,1.01,False
2004-09-21,USW00012968,10,0.0,10.0,0.95,False
2004-09-21,USW00012970,0,1.62,-1.62,-0.15,False
2004-09-21,USW00012971,0,1.41,-1.41,-0.13,False
2004-09-21,USW00012972,0,1.28,-1.28,-0.12,False
2004-09-21,USW00012975,10,5.36,4.64,0.44,False
2004-09-21,USW00012976,0,3.36,-3.36,-0.32,False
2004-09-21,USW00012977,0,0.73,-0.73,-0.07,False
2004-09-21,USW00012987,24,5.11,18.89,1.79,False
2004-09-21,USW00013833,0,0.0,0.0,0.0,False
2004-09-21,USW00013838,0,0.0,0.0,0.0,False
2004-09-21,USW00013865,0,0.36,-0.36,-0.03,False
2004-09-21,USW00013894,0,0.0,0.0,0.0,False
2004-09-21,USW00013899,0,0.0,0.0,0.0,False
2004-09-21,USW00013904,0,0.71,-0.71,-0.07,False
2004-09-21,USW00013911,0,0.0,0.0,0.0,False
2004-09-21,USW00013927,0,0.0,0.0,0.0,False
2004-09-21,USW00013935,0,0.0,0.0,0.0,False
2004-09-21,USW00013939,0,0.0,0.0,0.0,False
2004-09-21,USW00013942,0,0.0,0.0,0.0,False
2004-09-21,USW00013957,0,0.0,0.0,0.0,False
2004-09-21,USW00013958,0,0.74,-0.74,-0.07,False
2004-09-21,USW00013959,0,0.0,0.0,0.0,False
2004-09-21,USW00013960,0,0.0,0.0,0.0,False
2004-09-21,USW00013961,0,0.0,0.0,0.0,False
2004-09-21,USW00013970,0,0.0,0.0,0.0,False
2004-09-21,USW00013972,0,0.0,0.0,0.0,False
2004-09-21,USW00013976,0,0.12,-0.12,-0.01,False
2004-09-21,USW00013977,0,0.0,0.0,0.0,False
2004-09-21,USW00013978,0,0.0,0.0,0.0,False
2004-09-21,USW00053820,0,0.0,0.0,0.0,False
2004-09-21,USW00053858,0,0.0,0.0,0.0,False
2004-09-21,USW00053865,0,0.05,-0.05,-0.0,False
2004-09-21,USW00053902,0,1.21,-1.21,-0.11,False
2004-09-21,USW00053903,0,0.36,-0.36,-0.03,False
2004-09-21,USW00053905,0,0.0,0.0,0.0,False
2004-09-21,USW00053907,0,0.0,0.0,0.0,False
2004-09-21,USW00053909,0,0.0,0.0,0.0,False
2004-09-21,USW00053910,3,2.06,0.94,0.09,False
2004-09-21,USW00053911,0,0.0,0.0,0.0,False
2004-09-21,USW00053912,0,0.0,0.0,0.0,False
2004-09-21,USW00053914,0,0.0,0.0,0.0,False
2004-09-21,USW00053915,0,0.05,-0.05,-0.01,False
2004-09-21,USW00053917,0,0.06,-0.06,-0.01,False
2004-09-21,USW00053960,0,0.06,-0.06,-0.01,False
2004-09-21,USW00053961,0,0.0,0.0,0.0,False
2004-09-21,USW00053968,0,0.0,0.0,0.0,False
2004-09-21,USW00063831,8,0.0,8.0,0.76,False
2004-09-21,USW00093806,0,0.0,0.0,0.0,False
2004-09-21,USW00093874,0,0.0,0.0,0.0,False
2004-09-21,USW00093914,0,0.0,0.0,0.0,False
2004-09-21,USW00093915,0,0.0,0.0,0.0,False
2004-09-21,USW00093919,0,0.0,0.0,0.0,False
2004-09-21,USW00093985,0,0.0,0.0,0.0,False
2004-09-21,USW00093987,0,0.0,0.0,0.0,False
2004-09-21,USW00093992,0,0.0,0.0,0.0,False
2004-09-22,USC00010140,0,0.0,0.0,0.16,False
2004-09-22,USC00010184,0,0.0,0.0,0.16,False
2004-09-22,USC00010402,0,0.0,0.0,0.16,False
2004-09-22,USC00010505,0,0.0,0.0,0.16,False
2004-09-22,USC00010583,0,0.0,0.0,0.16,False
2004-09-22,USC00010764,0,0.0,0.0,0.16,False
2004-09-22,USC00011080,0,0.0,0.0,0.16,False
2004-09-22,USC00011084,0,0.0,0.0,0.16,False
2004-09-22,USC00011143,0,0.0,0.0,0.16,False
2004-09-22,USC00011189,0,0.14,-0.14,-0.16,False
2004-09-22,USC00011566,0,0.0,0.0,0.16,False
2004-09-22,USC00011690,0,0.0,0.0,0.16,False
2004-09-22,USC00011803,0,0.17,-0.17,-0.23,False
2004-09-22,USC00011810,0,0.0,0.0,0.16,False
2004-09-22,USC00012813,0,0.1,-0.1,-0.07,False
2004-09-22,USC00013160,0,0.0,0.0,0.16,False
2004-09-22,USC00013511,0,0.0,0.0,0.16,False
2004-09-22,USC00013930,0,0.0,0.0,0.16,False
2004-09-22,USC00014193,0,0.0,0.0,0.16,False
2004-09-22,USC00014798,0,0.12,-0.12,-0.1,False
2004-09-22,USC00015112,0,0.0,0.0,0.16,False
2004-09-22,USC00015121,0,0.0,0.0,0.16,False
2004-09-22,USC00015420,0,0.0,0.0,0.16,False
2004-09-22,USC00015658,0,0.0,0.0,0.16,False
2004-09-22,USC00016362,0,0.0,0.0,0.16,False
2004-09-22,USC00016847,0,0.0,0.0,0.16,False
2004-09-22,USC00016988,0,0.0,0.0,0.16,False
2004-09-22,USC00017366,0,0.0,0.0,0.16,False
2004-09-22,USC00018178,0,0.0,0.0,0.16,False
2004-09-22,USC00018380,0,0.0,0.0,0.16,False
2004-09-22,USC00018385,0,0.0,0.0,0.16,False
2004-09-22,USC00018637,0,0.0,0.0,0.16,False
2004-09-22,USC00018673,0,0.0,0.0,0.16,False
2004-09-22,USC00018809,0,0.0,0.0,0.16,False
2004-09-22,USC00031140,0,0.0,0.0,0.16,False
2004-09-22,USC00031730,0,0.0,0.0,0.16,False
2004-09-22,USC00032355,0,0.0,0.0,0.16,False
2004-09-22,USC00032475,0,0.0,0.0,0.16,False
2004-09-22,USC00034185,0,0.0,0.0,0.16,False
2004-09-22,USC00034548,0,0.0,0.0,0.16,False
2004-09-22,USC00034936,0,0.0,0.0,0.16,False
2004-09-22,USC00035866,0,0.0,0.0,0.16,False
2004-09-22,USC00085793,0,0.0,0.0,0.16,False
2004-09-22,USC00086999,0,0.0,0.0,0.16,False
2004-09-22,USC00160007,0,4.4,-4.4,-9.75,True
2004-09-22,USC00160012,18,8.02,9.98,22.61,True
2004-09-22,USC00160016,0,9.6,-9.6,-21.44,True
2004-09-22,USC00160021,0,10.51,-10.51,-23.48,True
2004-09-22,USC00160098,0,0.0,0.0,0.16,False
2004-09-22,USC00160103,0,0.0,0.0,0.16,False
2004-09-22,USC00160205,0,4.58,-4.58,-10.15,True
2004-09-22,USC00160238,0,0.63,-0.63,-1.25,False
2004-09-22,USC00160277,0,0.0,0.0,0.16,False
2004-09-22,USC00160349,0,0.0,0.0,0.16,False
2004-09-22,USC00160462,0,2.17,-2.17,-4.72,True
2004-09-22,USC00160537,0,0.0,0.0,0.16,False
2004-09-22,USC00160540,0,1.06,-1.06,-2.23,False
2004-09-22,USC00160546,0,2.57,-2.57,-5.61,True
2004-09-22,USC00160548,0,4.19,-4.19,-9.26,True
2004-09-22,USC00160558,0,4.17,-4.17,-9.22,True
2004-09-22,USC00160565,0,7.2,-7.2,-16.05,True
2004-09-22,USC00160617,0,0.73,-0.73,-1.48,False
2004-09-22,USC00160658,0,0.0,0.0,0.16,False
2004-09-22,USC00160800,0,0.0,0.0,0.16,False
2004-09-22,USC00160945,0,3.99,-3.99,-8.82,True
2004-09-22,USC00161200,0,0.0,0.0,0.16,False
2004-09-22,USC00161232,0,0.0,0.0,0.16,False
2004-09-22,USC00161235,0,0.0,0.0,0.16,False
2004-09-22,USC00161246,0,3.22,-3.22,-7.1,True
2004-09-22,USC00161287,0,0.58,-0.58,-1.15,False
2004-09-22,USC00161292,0,46.07,-46.07,-103.52,True
2004-09-22,USC00161365,33,3.96,29.04,65.51,True
2004-09-22,USC00161411,0,0.0,0.0,0.16,False
2004-09-22,USC00161535,0,3.0,-3.0,-6.58,True
2004-09-22,USC00161565,0,7.6,-7.6,-16.94,True
2004-09-22,USC00161639,0,32.53,-32.53,-73.04,True
2004-09-22,USC00161866,0,0.0,0.0,0.16,False
2004-09-22,USC00161899,0,1.87,-1.87,-4.04,True
2004-09-22,USC00161941,0,0.0,0.0,0.16,False
2004-09-22,USC00161979,0,0.0,0.0,0.16,False
2004-09-22,USC00162002,0,18.24,-18.24,-40.88,True
2004-09-22,USC00162121,0,0.0,0.0,0.16,False
2004-09-22,USC00162151,0,8.25,-8.25,-18.42,True
2004-09-22,USC00162154,0,9.61,-9.61,-21.46,True
2004-09-22,USC00162212,0,2.56,-2.56,-5.6,True
2004-09-22,USC00162350,0,4.27,-4.27,-9.44,True
2004-09-22,USC00162367,0,0.0,0.0,0.16,False
2004-09-22,USC00162534,0,15.78,-15.78,-35.35,True
2004-09-22,USC00162536,112,7.68,104.32,234.92,True
2004-09-22,USC00162641,0,0.0,0.0,0.16,False
2004-09-22,USC00162812,0,0.0,0.0,0.16,False
2004-09-22,USC00162981,0,1.18,-1.18,-2.5,False
2004-09-22,USC00163079,0,0.0,0.0,0.16,False
2004-09-22,USC00163165,0,8.06,-8.06,-17.99,True
2004-09-22,USC00163313,53,5.38,47.62,107.33,True
2004-09-22,USC00163322,0,2.3,-2.3,-5.02,True
2004-09-22,USC00163433,0,40.62,-40.62,-91.25,True
2004-09-22,USC00163695,0,14.31,-14.31,-32.05,True
2004-09-22,USC00163741,0,0.0,0.0,0.16,False
2004-09-22,USC00163800,0,2.48,-2.48,-5.42,True
2004-09-22,USC00163804,0,0.0,0.0,0.16,False
2004-09-22,USC00163807,0,43.07,-43.07,-96.78,True
2004-09-22,USC00163829,89,24.49,64.51,145.34,True
2004-09-22,USC00163867,0,2.59,-2.59,-5.66,True
2004-09-22,USC00163877,0,0.0,0.0,0.16,False
2004-09-22,USC00163979,0,0.0,0.0,0.16,False
2004-09-22,USC00164030,0,8.48,-8.48,-18.93,True
2004-09-22,USC00164034,0,8.71,-8.71,-19.45,True
2004-09-22,USC00164050,0,0.0,0.0,0.16,False
2004-09-22,USC00164131,0,0.0,0.0,0.16,False
2004-09-22,USC00164288,0,0.0,0.0,0.16,False
2004-09-22,USC00164355,0,0.0,0.0,0.16,False
2004-09-22,USC00164398,0,0.0,0.0,0.16,False
2004-09-22,USC00164407,0,22.97,-22.97,-51.53,True
2004-09-22,USC00164573,0,1.75,-1.75,-3.78,True
2004-09-22,USC00164592,0,0.0,0.0,0.16,False
2004-09-22,USC00164674,0,7.66,-7.66,-17.08,True
2004-09-22,USC00164696,0,0.0,0.0,0.16,False
2004-09-22,USC00164700,0,1.23,-1.23,-2.61,False
2004-09-22,USC00164732,0,0.0,0.0,0.16,False
2004-09-22,USC00164739,0,0.0,0.0,0.16,False
2004-09-22,USC00164775,0,3.49,-3.49,-7.7,True
2004-09-22,USC00164816,0,0.0,0.0,0.16,False
2004-09-22,USC00164859,0,2.93,-2.93,-6.44,True
2004-09-22,USC00164931,0,0.0,0.0,0.16,False
2004-09-22,USC00165021,0,3.3,-3.3,-7.26,True
2004-09-22,USC00165065,0,0.62,-0.62,-1.24,False
2004-09-22,USC00165072,0,0.0,0.0,0.16,False
2004-09-22,USC00165074,0,0.0,0.0,0.16,False
2004-09-22,USC00165076,0,0.0,0.0,0.16,False
2004-09-22,USC00165090,0,0.0,0.0,0.16,False
2004-09-22,USC00165146,0,0.0,0.0,0.16,False
2004-09-22,USC00165266,0,0.0,0.0,0.16,False
2004-09-22,USC00165287,0,0.0,0.0,0.16,False
2004-09-22,USC00165296,0,5.1,-5.1,-11.32,True
2004-09-22,USC00165430,18,1.17,16.83,38.03,True
2004-09-22,USC00165438,0,6.44,-6.44,-14.32,True
2004-09-22,USC00165522,0,0.0,0.0,0.16,False
2004-09-22,USC00165610,0,31.78,-31.78,-71.35,True
2004-09-22,USC00165620,0,4.61,-4.61,-10.21,True
2004-09-22,USC00165624,8,39.74,-31.74,-71.27,True
2004-09-22,USC00165630,0,0.0,0.0,0.16,False
2004-09-22,USC00165783,0,17.17,-17.17,-38.49,True
2004-09-22,USC00165892,0,0.0,0.0,0.16,False
2004-09-22,USC00165896,0,0.0,0.0,0.16,False
2004-09-22,USC00165920,0,0.0,0.0,0.16,False
2004-09-22,USC00165926,0,40.14,-40.14,-90.17,True
2004-09-22,USC00165935,0,0.0,0.0,0.16,False
2004-09-22,USC00166157,0,33.39,-33.39,-74.99,True
2004-09-22,USC00166244,0,0.0,0.0,0.16,False
2004-09-22,USC00166314,0,0.0,0.0,0.16,False
2004-09-22,USC00166364,0,0.0,0.0,0.16,False
2004-09-22,USC00166394,0,13.87,-13.87,-31.05,True
2004-09-22,USC00166431,0,0.0,0.0,0.16,False
2004-09-22,USC00166466,0,1.03,-1.03,-2.16,False
2004-09-22,USC00166561,0,15.16,-15.16,-33.97,True
2004-09-22,USC00166582,0,0.0,0.0,0.16,False
2004-09-22,USC00166657,0,8.9,-8.9,-19.86,True
2004-09-22,USC00166666,0,37.17,-37.17,-83.49,True
2004-09-22,USC00166686,0,2.06,-2.06,-4.47,True
2004-09-22,USC00166808,0,1.72,-1.72,-3.72,True
2004-09-22,USC00166836,0,0.0,0.0,0.16,False
2004-09-22,USC00166866,0,0.0,0.0,0.16,False
2004-09-22,USC00166868,0,0.0,0.0,0.16,False
2004-09-22,USC00166911,0,1.87,-1.87,-4.05,True
2004-09-22,USC00166938,0,0.0,0.0,0.16,False
2004-09-22,USC00166968,0,0.0,0.0,0.16,False
2004-09-22,USC00166978,0,0.0,0.0,0.16,False
2004-09-22,USC00166995,0,2.22,-2.22,-4.84,True
2004-09-22,USC00167096,170,20.77,149.23,335.99,True
2004-09-22,USC00167304,0,2.56,-2.56,-5.59,True
2004-09-22,USC00167366,0,4.83,-4.83,-10.71,True
2004-09-22,USC00167425,0,9.95,-9.95,-22.23,True
2004-09-22,USC00167448,0,2.72,-2.72,-5.96,True
2004-09-22,USC00167729,0,0.0,0.0,0.16,False
2004-09-22,USC00167732,0,0.0,0.0,0.16,False
2004-09-22,USC00167738,0,0.0,0.0,0.16,False
2004-09-22,USC00167767,0,18.43,-18.43,-41.31,True
2004-09-22,USC00167924,0,0.0,0.0,0.16,False
2004-09-22,USC00167932,0,0.83,-0.83,-1.7,False
2004-09-22,USC00168046,0,0.0,0.0,0.16,False
2004-09-22,USC00168067,0,0.0,0.0,0.16,False
2004-09-22,USC00168094,0,0.0,0.0,0.16,False
2004-09-22,USC00168108,203,22.73,180.27,405.84,True
2004-09-22,USC00168136,0,2.02,-2.02,-4.39,True
2004-09-22,USC00168139,0,6.46,-6.46,-14.38,True
2004-09-22,USC00168163,0,0.0,0.0,0.16,False
2004-09-22,USC00168181,0,12.85,-12.85,-28.76,True
2004-09-22,USC00168436,0,0.0,0.0,0.16,False
2004-09-22,USC00168444,0,0.0,0.0,0.16,False
2004-09-22,USC00168539,0,15.2,-15.2,-34.04,True
2004-09-22,USC00168669,0,0.0,0.0,0.16,False
2004-09-22,USC00168683,0,0.0,0.0,0.16,False
2004-09-22,USC00168785,0,0.0,0.0,0.16,False
2004-09-22,USC00168831,0,0.0,0.0,0.16,False
2004-09-22,USC00168861,0,7.24,-7.24,-16.13,True
2004-09-22,USC00168906,0,9.5,-9.5,-21.23,True
2004-09-22,USC00168923,0,0.0,0.0,0.16,False
2004-09-22,USC00168941,0,42.79,-42.79,-96.14,True
2004-09-22,USC00168945,0,6.63,-6.63,-14.76,True
2004-09-22,USC00169013,0,21.33,-21.33,-47.84,True
2004-09-22,USC00169357,0,0.0,0.0,0.16,False
2004-09-22,USC00169369,0,1.22,-1.22,-2.58,False
2004-09-22,USC00169392,0,0.0,0.0,0.16,False
2004-09-22,USC00169480,0,3.6,-3.6,-7.95,True
2004-09-22,USC00169631,0,0.0,0.0,0.16,False
2004-09-22,USC00169803,0,0.0,0.0,0.16,False
2004-09-22,USC00169804,0,0.0,0.0,0.16,False
2004-09-22,USC00169806,0,0.0,0.0,0.16,False
2004-09-22,USC00169809,0,0.0,0.0,0.16,False
2004-09-22,USC00169930,0,1.93,-1.93,-4.18,True
2004-09-22,USC00169980,0,0.0,0.0,0.16,False
2004-09-22,USC00220039,0,0.0,0.0,0.16,False
2004-09-22,USC00220218,0,12.99,-12.99,-29.08,True
2004-09-22,USC00220521,0,9.97,-9.97,-22.27,True
2004-09-22,USC00220523,0,0.17,-0.17,-0.22,False
2004-09-22,USC00220585,0,0.06,-0.06,0.03,False
2004-09-22,USC00220660,0,0.0,0.0,0.16,False
2004-09-22,USC00220792,0,3.04,-3.04,-6.67,True
2004-09-22,USC00220891,0,0.0,0.0,0.16,False
2004-09-22,USC00221094,0,0.45,-0.45,-0.85,False
2004-09-22,USC00221174,0,0.0,0.0,0.16,False
2004-09-22,USC00221389,0,0.09,-0.09,-0.05,False
2004-09-22,USC00221489,0,0.14,-0.14,-0.15,False
2004-09-22,USC00221578,0,0.37,-0.37,-0.67,False
2004-09-22,USC00221852,0,0.08,-0.08,-0.02,False
2004-09-22,USC00221860,0,0.23,-0.23,-0.36,False
2004-09-22,USC00221865,0,0.6,-0.6,-1.18,False
2004-09-22,USC00221880,0,0.0,0.0,0.16,False
2004-09-22,USC00222034,0,0.16,-0.16,-0.21,False
2004-09-22,USC00222094,0,0.0,0.0,0.16,False
2004-09-22,USC00222385,0,0.09,-0.09,-0.04,False
2004-09-22,USC00223107,0,0.24,-0.24,-0.38,False
2004-09-22,USC00223340,0,0.15,-0.15,-0.17,False
2004-09-22,USC00223441,0,0.4,-0.4,-0.74,False
2004-09-22,USC00223516,0,0.1,-0.1,-0.07,False
2004-09-22,USC00223605,0,0.0,0.0,0.16,False
2004-09-22,USC00223667,0,3.63,-3.63,-8.01,True
2004-09-22,USC00223671,0,3.8,-3.8,-8.38,True
2004-09-22,USC00223887,0,0.0,0.0,0.16,False
2004-09-22,USC00223920,0,0.0,0.0,0.16,False
2004-09-22,USC00224470,0,0.0,0.0,0.16,False
2004-09-22,USC00224702,0,0.17,-0.17,-0.21,False
2004-09-22,USC00224776,0,0.12,-0.12,-0.1,False
2004-09-22,USC00224939,0,0.11,-0.11,-0.1,False
2004-09-22,USC00224966,0,0.08,-0.08,-0.02,False
2004-09-22,USC00225020,0,0.0,0.0,0.16,False
2004-09-22,USC00225062,0,0.0,0.0,0.16,False
2004-09-22,USC00225247,0,0.13,-0.13,-0.13,False
2004-09-22,USC00225361,0,0.0,0.0,0.16,False
2004-09-22,USC00225611,0,0.79,-0.79,-1.62,False
2004-09-22,USC00225704,0,0.49,-0.49,-0.95,False
2004-09-22,USC00225943,0,0.09,-0.09,-0.05,False
2004-09-22,USC00225987,0,0.09,-0.09,-0.03,False
2004-09-22,USC00225989,0,0.09,-0.09,-0.03,False
2004-09-22,USC00226009,0,0.0,0.0,0.16,False
2004-09-22,USC00226177,0,0.0,0.0,0.16,False
2004-09-22,USC00226294,0,0.1,-0.1,-0.07,False
2004-09-22,USC00226308,0,2.93,-2.93,-6.43,True
2004-09-22,USC00226476,0,0.0,0.0,0.16,False
2004-09-22,USC00226484,3,0.0,3.0,6.91,True
2004-09-22,USC00226638,0,0.17,-0.17,-0.22,False
2004-09-22,USC00226640,0,0.1,-0.1,-0.07,False
2004-09-22,USC00226642,0,0.08,-0.08,-0.02,False
2004-09-22,USC00226643,0,0.29,-0.29,-0.49,False
2004-09-22,USC00226644,0,0.61,-0.61,-1.22,False
2004-09-22,USC00226718,0,0.22,-0.22,-0.33,False
2004-09-22,USC00226894,0,0.18,-0.18,-0.25,False
2004-09-22,USC00226921,0,8.26,-8.26,-18.43,True
2004-09-22,USC00226924,0,7.55,-7.55,-16.83,True
2004-09-22,USC00226926,0,0.0,0.0,0.16,False
2004-09-22,USC00227128,0,1.58,-1.58,-3.39,False
2004-09-22,USC00227132,0,0.0,0.0,0.16,False
2004-09-22,USC00227172,0,0.27,-0.27,-0.45,False
2004-09-22,USC00227220,0,0.0,0.0,0.16,False
2004-09-22,USC00227276,0,0.15,-0.15,-0.18,False
2004-09-22,USC00227444,0,0.0,0.0,0.16,False
2004-09-22,USC00227560,0,0.0,0.0,0.16,False
2004-09-22,USC00227595,0,0.07,-0.07,0.0,False
2004-09-22,USC00227831,0,0.0,0.0,0.16,False
2004-09-22,USC00227840,0,0.13,-0.13,-0.14,False
2004-09-22,USC00228053,0,0.13,-0.13,-0.14,False
2004-09-22,USC00228374,0,0.0,0.0,0.16,False
2004-09-22,USC00228413,0,9.13,-9.13,-20.38,True
2004-09-22,USC00228445,0,0.0,0.0,0.16,False
2004-09-22,USC00228556,0,0.0,0.0,0.16,False
2004-09-22,USC00228899,0,0.17,-0.17,-0.22,False
2004-09-22,USC00229048,0,0.72,-0.72,-1.45,False
2004-09-22,USC00229072,0,0.41,-0.41,-0.76,False
2004-09-22,USC00229114,0,0.0,0.0,0.16,False
2004-09-22,USC00229157,0,0.37,-0.37,-0.68,False
2004-09-22,USC00229230,0,0.0,0.0,0.16,False
2004-09-22,USC00229326,0,0.17,-0.17,-0.23,False
2004-09-22,USC00229426,0,10.05,-10.05,-22.46,True
2004-09-22,USC00229439,0,0.12,-0.12,-0.1,False
2004-09-22,USC00229597,0,0.11,-0.11,-0.09,False
2004-09-22,USC00229639,0,0.08,-0.08,-0.02,False
2004-09-22,USC00229743,0,0.0,0.0,0.16,False
2004-09-22,USC00229793,0,0.34,-0.34,-0.6,False
2004-09-22,USC00229860,0,0.0,0.0,0.16,False
2004-09-22,USC00410144,135,135.0,0.0,0.17,False
2004-09-22,USC00410190,0,51.95,-51.95,-116.76,True
2004-09-22,USC00410204,0,23.63,-23.63,-53.01,True
2004-09-22,USC00410206,0,0.0,0.0,0.16,False
2004-09-22,USC00410235,0,14.63,-14.63,-32.78,True
2004-09-22,USC00410246,0,0.64,-0.64,-1.29,False
2004-09-22,USC00410257,46,18.32,27.68,62.45,True
2004-09-22,USC00410271,0,13.93,-13.93,-31.18,True
2004-09-22,USC00410297,0,0.0,0.0,0.16,False
2004-09-22,USC00410305,0,18.56,-18.56,-41.61,True
2004-09-22,USC00410337,0,0.0,0.0,0.16,False
2004-09-22,USC00410404,0,13.67,-13.67,-30.6,True
2004-09-22,USC00410408,0,0.0,0.0,0.16,False
2004-09-22,USC00410431,0,3.05,-3.05,-6.69,True
2004-09-22,USC00410518,0,0.0,0.0,0.16,False
2004-09-22,USC00410569,178,13.13,164.87,371.19,True
2004-09-22,USC00410586,0,15.96,-15.96,-35.75,True
2004-09-22,USC00410611,0,0.0,0.0,0.16,False
2004-09-22,USC00410613,0,0.0,0.0,0.16,False
2004-09-22,USC00410639,64,20.36,43.64,98.36,True
2004-09-22,USC00410655,0,16.89,-16.89,-37.84,True
2004-09-22,USC00410660,0,14.58,-14.58,-32.66,True
2004-09-22,USC00410690,0,73.01,-73.01,-164.14,True
2004-09-22,USC00410691,0,1.94,-1.94,-4.21,True
2004-09-22,USC00410738,0,0.73,-0.73,-1.48,False
2004-09-22,USC00410805,53,64.71,-11.71,-26.2,True
2004-09-22,USC00410832,0,13.64,-13.64,-30.54,True
2004-09-22,USC00411026,0,0.0,0.0,0.16,False
2004-09-22,USC00411035,0,8.53,-8.53,-19.04,True
2004-09-22,USC00411045,0,0.0,0.0,0.16,False
2004-09-22,USC00411048,0,9.94,-9.94,-22.21,True
2004-09-22,USC00411063,0,3.09,-3.09,-6.79,True
2004-09-22,USC00411089,0,11.64,-11.64,-26.03,True
2004-09-22,USC00411215,0,26.21,-26.21,-58.81,True
2004-09-22,USC00411246,0,0.0,0.0,0.16,False
2004-09-22,USC00411250,0,0.7,-0.7,-1.42,False
2004-09-22,USC00411253,0,1.32,-1.32,-2.8,False
2004-09-22,USC00411314,0,2.6,-2.6,-5.7,True
2004-09-22,USC00411337,0,25.08,-25.08,-56.29,True
2004-09-22,USC00411348,0,0.8,-0.8,-1.63,False
2004-09-22,USC00411429,28,13.55,14.45,32.69,True
2004-09-22,USC00411433,0,15.33,-15.33,-34.34,True
2004-09-22,USC00411541,8,7.94,0.06,0.3,False
2004-09-22,USC00411578,0,11.71,-11.71,-26.2,True
2004-09-22,USC00411580,0,0.0,0.0,0.16,False
2004-09-22,USC00411596,0,16.62,-16.62,-37.24,True
2004-09-22,USC00411625,0,3.46,-3.46,-7.62,True
2004-09-22,USC00411671,8,11.25,-3.25,-7.16,True
2004-09-22,USC00411711,0,14.09,-14.09,-31.54,True
2004-09-22,USC00411720,0,22.83,-22.83,-51.22,True
2004-09-22,USC00411800,0,0.0,0.0,0.16,False
2004-09-22,USC00411804,0,0.0,0.0,0.16,False
2004-09-22,USC00411810,0,11.36,-11.36,-25.4,True
2004-09-22,USC00411838,0,18.6,-18.6,-41.69,True
2004-09-22,USC00411880,5,13.08,-8.08,-18.03,True
2004-09-22,USC00411911,0,22.45,-22.45,-50.37,True
2004-09-22,USC00411921,0,0.0,0.0,0.16,False
2004-09-22,USC00411956,0,9.82,-9.82,-21.94,True
2004-09-22,USC00411970,0,0.0,0.0,0.16,False
2004-09-22,USC00411990,0,0.0,0.0,0.16,False
2004-09-22,USC00412013,0,42.22,-42.22,-94.87,True
2004-09-22,USC00412017,0,15.45,-15.45,-34.61,True
2004-09-22,USC00412019,0,0.0,0.0,0.16,False
2004-09-22,USC00412020,0,0.0,0.0,0.16,False
2004-09-22,USC00412086,0,0.0,0.0,0.16,False
2004-09-22,USC00412088,0,0.0,0.0,0.16,False
2004-09-22,USC00412096,0,2.66,-2.66,-5.83,True
2004-09-22,USC00412114,0,26.24,-26.24,-58.89,True
2004-09-22,USC00412173,0,10.59,-10.59,-23.68,True
2004-09-22,USC00412206,25,14.43,10.57,23.95,True
2004-09-22,USC00412218,0,6.58,-6.58,-14.65,True
2004-09-22,USC00412225,0,0.0,0.0,0.16,False
2004-09-22,USC00412266,38,26.93,11.07,25.08,True
2004-09-22,USC00412295,0,0.71,-0.71,-1.44,False
2004-09-22,USC00412334,0,0.0,0.0,0.16,False
2004-09-22,USC00412404,0,0.0,0.0,0.16,False
2004-09-22,USC00412444,0,64.46,-64.46,-144.9,True
2004-09-22,USC00412462,0,7.23,-7.23,-16.1,True
2004-09-22,USC00412585,0,5.45,-5.45,-12.1,True
2004-09-22,USC00412598,0,5.76,-5.76,-12.81,True
2004-09-22,USC00412770,0,19.69,-19.69,-44.14,True
2004-09-22,USC00412772,0,10.8,-10.8,-24.15,True
2004-09-22,USC00412786,38,22.34,15.66,35.39,True
2004-09-22,USC00412820,0,3.53,-3.53,-7.79,True
2004-09-22,USC00413005,0,0.0,0.0,0.16,False
2004-09-22,USC00413047,0,0.0,0.0,0.16,False
2004-09-22,USC00413063,0,59.31,-59.31,-133.31,True
2004-09-22,USC00413065,0,18.01,-18.01,-40.36,True
2004-09-22,USC00413080,0,0.0,0.0,0.16,False
2004-09-22,USC00413133,0,0.0,0.0,0.16,False
2004-09-22,USC00413156,20,12.72,7.28,16.54,True
2004-09-22,USC00413171,0,0.0,0.0,0.16,False
2004-09-22,USC00413183,0,23.23,-23.23,-52.13,True
2004-09-22,USC00413199,0,0.38,-0.38,-0.69,False
2004-09-22,USC00413201,0,22.37,-22.37,-50.18,True
2004-09-22,USC00413247,0,0.0,0.0,0.16,False
2004-09-22,USC00413285,0,0.0,0.0,0.16,False
2004-09-22,USC00413321,0,0.0,0.0,0.16,False
2004-09-22,USC00413340,0,28.06,-28.06,-62.99,True
2004-09-22,USC00413370,0,0.0,0.0,0.16,False
2004-09-22,USC00413485,0,0.0,0.0,0.16,False
2004-09-22,USC00413507,0,1.23,-1.23,-2.61,False
2004-09-22,USC00413508,0,30.13,-30.13,-67.65,True
2004-09-22,USC00413525,0,10.6,-10.6,-23.7,True
2004-09-22,USC00413546,0,0.0,0.0,0.16,False
2004-09-22,USC00413618,0,6.58,-6.58,-14.66,True
2004-09-22,USC00413620,0,6.48,-6.48,-14.42,True
2004-09-22,USC00413622,0,9.33,-9.33,-20.84,True
2004-09-22,USC00413624,0,14.04,-14.04,-31.44,True
2004-09-22,USC00413639,0,23.25,-23.25,-52.17,True
2004-09-22,USC00413675,0,3.52,-3.52,-7.76,True
2004-09-22,USC00413685,0,0.72,-0.72,-1.46,False
2004-09-22,USC00413686,0,1.27,-1.27,-2.69,False
2004-09-22,USC00413691,0,0.0,0.0,0.16,False
2004-09-22,USC00413734,0,0.0,0.0,0.16,False
2004-09-22,USC00413776,0,0.0,0.0,0.16,False
2004-09-22,USC00413846,0,0.0,0.0,0.16,False
2004-09-22,USC00413873,246,5.84,240.16,540.64,True
2004-09-22,USC00413877,0,6.7,-6.7,-14.92,True
2004-09-22,USC00413884,0,0.0,0.0,0.16,False
2004-09-22,USC00413941,0,0.0,0.0,0.16,False
2004-09-22,USC00413943,0,28.77,-28.77,-64.58,True
2004-09-22,USC00414020,0,7.86,-7.86,-17.53,True
2004-09-22,USC00414077,0,0.0,0.0,0.16,False
2004-09-22,USC00414081,0,15.15,-15.15,-33.92,True
2004-09-22,USC00414137,0,3.44,-3.44,-7.57,True
2004-09-22,USC00414182,0,0.0,0.0,0.16,False
2004-09-22,USC00414202,0,0.0,0.0,0.16,False
2004-09-22,USC00414313,0,19.3,-19.3,-43.27,True
2004-09-22,USC00414315,0,25.49,-25.49,-57.2,True
2004-09-22,USC00414321,173,16.98,156.02,351.28,True
2004-09-22,USC00414325,13,35.45,-22.45,-50.37,True
2004-09-22,USC00414326,0,34.39,-34.39,-77.24,True
2004-09-22,USC00414327,74,21.69,52.31,117.89,True
2004-09-22,USC00414333,30,18.76,11.24,25.45,True
2004-09-22,USC00414343,0,9.39,-9.39,-20.97,True
2004-09-22,USC00414382,0,2.32,-2.32,-5.07,True
2004-09-22,USC00414390,0,0.0,0.0,0.16,False
2004-09-22,USC00414505,0,0.0,0.0,0.16,False
2004-09-22,USC00414517,0,7.64,-7.64,-17.04,True
2004-09-22,USC00414525,0,38.38,-38.38,-86.21,True
2004-09-22,USC00414531,0,20.61,-20.61,-46.22,True
2004-09-22,USC00414556,0,0.09,-0.09,-0.04,False
2004-09-22,USC00414563,0,0.0,0.0,0.16,False
2004-09-22,USC00414575,0,12.84,-12.84,-28.75,True
2004-09-22,USC00414597,0,0.0,0.0,0.16,False
2004-09-22,USC00414605,0,6.04,-6.04,-13.42,True
2004-09-22,USC00414679,0,0.0,0.0,0.16,False
2004-09-22,USC00414693,0,0.0,0.0,0.16,False
2004-09-22,USC00414696,0,15.21,-15.21,-34.07,True
2004-09-22,USC00414704,0,18.28,-18.28,-40.97,True
2004-09-22,USC00414705,0,0.0,0.0,0.16,False
2004-09-22,USC00414805,0,13.34,-13.34,-29.87,True
2004-09-22,USC00414810,0,90.41,-90.41,-203.29,True
2004-09-22,USC00414866,0,0.0,0.0,0.16,False
2004-09-22,USC00414878,0,0.0,0.0,0.16,False
2004-09-22,USC00414903,51,12.66,38.34,86.44,True
2004-09-22,USC00414911,0,16.05,-16.05,-35.96,True
2004-09-22,USC00414972,0,3.43,-3.43,-7.55,True
2004-09-22,USC00414976,0,0.0,0.0,0.16,False
2004-09-22,USC00414979,0,21.86,-21.86,-49.03,True
2004-09-22,USC00414980,0,0.0,0.0,0.16,False
2004-09-22,USC00415018,0,0.0,0.0,0.16,False
2004-09-22,USC00415094,0,0.0,0.0,0.16,False
2004-09-22,USC00415192,0,0.0,0.0,0.16,False
2004-09-22,USC00415193,0,2.99,-2.99,-6.57,True
2004-09-22,USC00415196,0,12.63,-12.63,-28.27,True
2004-09-22,USC00415229,0,0.0,0.0,0.16,False
2004-09-22,USC00415243,0,7.22,-7.22,-16.09,True
2004-09-22,USC00415271,0,0.21,-0.21,-0.3,False
2004-09-22,USC00415285,0,12.68,-12.68,-28.38,True
2004-09-22,USC00415341,0,6.02,-6.02,-13.4,True
2004-09-22,USC00415344,0,6.03,-6.03,-13.41,True
2004-09-22,USC00415415,0,25.26,-25.26,-56.7,True
2004-09-22,USC00415427,0,17.35,-17.35,-38.89,True
2004-09-22,USC00415429,0,13.31,-13.31,-29.79,True
2004-09-22,USC00415430,0,9.66,-9.66,-21.57,True
2004-09-22,USC00415435,0,0.0,0.0,0.16,False
2004-09-22,USC00415477,0,0.0,0.0,0.16,False
2004-09-22,USC00415611,0,0.0,0.0,0.16,False
2004-09-22,USC00415618,0,0.0,0.0,0.16,False
2004-09-22,USC00415661,0,45.69,-45.69,-102.67,True
2004-09-22,USC00415667,0,0.0,0.0,0.16,False
2004-09-22,USC00415701,0,10.43,-10.43,-23.3,True
2004-09-22,USC00415721,0,33.81,-33.81,-75.92,True
2004-09-22,USC00415757,0,0.0,0.0,0.16,False
2004-09-22,USC00415836,0,14.79,-14.79,-33.12,True
2004-09-22,USC00415845,0,0.0,0.0,0.16,False
2004-09-22,USC00415897,0,0.0,0.0,0.16,False
2004-09-22,USC00415904,0,13.45,-13.45,-30.11,True
2004-09-22,USC00415954,0,7.44,-7.44,-16.58,True
2004-09-22,USC00416024,0,9.45,-9.45,-21.11,True
2004-09-22,USC00416058,0,0.0,0.0,0.16,False
2004-09-22,USC00416108,0,0.0,0.0,0.16,False
2004-09-22,USC00416119,0,0.0,0.0,0.16,False
2004-09-22,USC00416177,0,22.41,-22.41,-50.28,True
2004-09-22,USC00416210,0,0.0,0.0,0.16,False
2004-09-22,USC00416270,0,0.0,0.0,0.16,False
2004-09-22,USC00416276,0,18.36,-18.36,-41.16,True
2004-09-22,USC00416280,0,14.79,-14.79,-33.12,True
2004-09-22,USC00416335,0,44.49,-44.49,-99.96,True
2004-09-22,USC00416341,0,0.0,0.0,0.16,False
2004-09-22,USC00416367,0,0.0,0.0,0.16,False
2004-09-22,USC00416496,0,18.3,-18.3,-41.03,True
2004-09-22,USC00416664,0,0.0,0.0,0.16,False
2004-09-22,USC00416680,0,0.0,0.0,0.16,False
2004-09-22,USC00416766,0,18.54,-18.54,-41.57,True
2004-09-22,USC00417017,0,0.0,0.0,0.16,False
2004-09-22,USC00417020,0,34.0,-34.0,-76.35,True
2004-09-22,USC00417040,0,0.0,0.0,0.16,False
2004-09-22,USC00417140,0,17.92,-17.92,-40.16,True
2004-09-22,USC00417170,124,31.25,92.75,208.89,True
2004-09-22,USC00417172,0,0.0,0.0,0.16,False
2004-09-22,USC00417179,0,14.65,-14.65,-32.81,True
2004-09-22,USC00417183,0,15.64,-15.64,-35.04,True
2004-09-22,USC00417184,183,8.71,174.29,392.39,True
2004-09-22,USC00417300,0,7.15,-7.15,-15.92,True
2004-09-22,USC00417365,0,0.0,0.0,0.16,False
2004-09-22,USC00417388,0,2.74,-2.74,-6.01,True
2004-09-22,USC00417458,0,24.64,-24.64,-55.28,True
2004-09-22,USC00417530,61,21.77,39.23,88.44,True
2004-09-22,USC00417533,0,33.5,-33.5,-75.23,True
2004-09-22,USC00417550,0,2.5,-2.5,-5.46,True
2004-09-22,USC00417588,0,0.0,0.0,0.16,False
2004-09-22,USC00417594,0,17.55,-17.55,-39.34,True
2004-09-22,USC00417659,0,0.0,0.0,0.16,False
2004-09-22,USC00417677,3,49.87,-46.87,-105.32,True
2004-09-22,USC00417685,0,1.97,-1.97,-4.27,True
2004-09-22,USC00417704,13,26.35,-13.35,-29.88,True
2004-09-22,USC00417707,0,0.0,0.0,0.16,False
2004-09-22,USC00417744,0,0.0,0.0,0.16,False
2004-09-22,USC00417773,0,0.0,0.0,0.16,False
2004-09-22,USC00417791,0,1.81,-1.81,-3.92,True
2004-09-22,USC00417836,0,12.75,-12.75,-28.53,True
2004-09-22,USC00417841,559,0.0,559.0,1258.16,True
2004-09-22,USC00417936,0,0.0,0.0,0.16,False
2004-09-22,USC00417947,0,69.01,-69.01,-155.15,True
2004-09-22,USC00417951,0,0.0,0.0,0.16,False
2004-09-22,USC00417983,0,12.42,-12.42,-27.78,True
2004-09-22,USC00418059,0,16.76,-16.76,-37.55,True
2004-09-22,USC00418081,5,60.23,-55.23,-124.14,True
2004-09-22,USC00418126,0,24.73,-24.73,-55.48,True
2004-09-22,USC00418187,0,14.63,-14.63,-32.77,True
2004-09-22,USC00418311,0,0.0,0.0,0.16,False
2004-09-22,USC00418354,0,41.23,-41.23,-92.62,True
2004-09-22,USC00418415,51,9.2,41.8,94.22,True
2004-09-22,USC00418446,0,3.54,-3.54,-7.81,True
2004-09-22,USC00418487,0,19.92,-19.92,-44.67,True
2004-09-22,USC00418519,0,28.18,-28.18,-63.26,True
2004-09-22,USC00418531,0,1.88,-1.88,-4.07,True
2004-09-22,USC00418544,0,17.05,-17.05,-38.21,True
2004-09-22,USC00418646,0,0.0,0.0,0.16,False
2004-09-22,USC00418658,0,16.08,-16.08,-36.02,True
2004-09-22,USC00418696,218,0.0,218.0,490.76,True
2004-09-22,USC00418728,5,6.37,-1.37,-2.91,False
2004-09-22,USC00418743,0,0.0,0.0,0.16,False
2004-09-22,USC00418862,0,1.85,-1.85,-4.0,True
2004-09-22,USC00418929,0,0.0,0.0,0.16,False
2004-09-22,USC00418942,0,0.0,0.0,0.16,False
2004-09-22,USC00418996,3,21.55,-18.55,-41.58,True
2004-09-22,USC00419001,0,1.68,-1.68,-3.62,True
2004-09-22,USC00419004,0,0.0,0.0,0.16,False
2004-09-22,USC00419007,0,24.36,-24.36,-54.66,True
2004-09-22,USC00419068,0,0.0,0.0,0.16,False
2004-09-22,USC00419076,0,14.37,-14.37,-32.17,True
2004-09-22,USC00419099,0,0.0,0.0,0.16,False
2004-09-22,USC00419101,0,0.0,0.0,0.16,False
2004-09-22,USC00419125,0,0.0,0.0,0.16,False
2004-09-22,USC00419153,0,0.0,0.0,0.16,False
2004-09-22,USC00419207,0,12.54,-12.54,-28.06,True
2004-09-22,USC00419282,0,0.0,0.0,0.16,False
2004-09-22,USC00419361,0,12.01,-12.01,-26.88,True
2004-09-22,USC00419367,5,9.46,-4.46,-9.88,True
2004-09-22,USC00419415,0,0.0,0.0,0.16,False
2004-09-22,USC00419417,0,0.0,0.0,0.16,False
2004-09-22,USC00419491,0,7.46,-7.46,-16.63,True
2004-09-22,USC00419503,0,8.64,-8.64,-19.28,True
2004-09-22,USC00419504,0,0.0,0.0,0.16,False
2004-09-22,USC00419522,0,0.0,0.0,0.16,False
2004-09-22,USC00419532,0,3.6,-3.6,-7.94,True
2004-09-22,USC00419559,102,27.2,74.8,168.5,True
2004-09-22,USC00419588,0,14.14,-14.14,-31.67,True
2004-09-22,USC00419593,0,0.0,0.0,0.16,False
2004-09-22,USC00419708,0,17.98,-17.98,-40.31,True
2004-09-22,USC00419709,0,8.26,-8.26,-18.43,True
2004-09-22,USC00419715,0,0.0,0.0,0.16,False
2004-09-22,USC00419717,0,14.13,-14.13,-31.64,True
2004-09-22,USC00419800,0,0.0,0.0,0.16,False
2004-09-22,USC00419815,28,11.42,16.58,37.47,True
2004-09-22,USC00419836,0,0.0,0.0,0.16,False
2004-09-22,USC00419898,0,0.0,0.0,0.16,False
2004-09-22,USC00419916,0,0.0,0.0,0.16,False
2004-09-22,USC00419953,0,9.96,-9.96,-22.26,True
2004-09-22,USC00419962,0,0.0,0.0,0.16,False
2004-09-22,USW00003866,0,0.16,-0.16,-0.2,False
2004-09-22,USW00003881,0,0.0,0.0,0.16,False
2004-09-22,USW00003901,0,7.21,-7.21,-16.07,True
2004-09-22,USW00003904,0,1.72,-1.72,-3.7,True
2004-09-22,USW00003927,0,0.0,0.0,0.16,False
2004-09-22,USW00003937,0,0.0,0.0,0.16,False
2004-09-22,USW00003940,0,0.07,-0.07,0.01,False
2004-09-22,USW00003951,0,7.59,-7.59,-16.93,True
2004-09-22,USW00003969,0,6.0,-6.0,-13.35,True
2004-09-22,USW00003971,0,0.0,0.0,0.16,False
2004-09-22,USW00003991,0,0.0,0.0,0.16,False
2004-09-22,USW00003996,0,0.0,0.0,0.16,False
2004-09-22,USW00003999,0,0.71,-0.71,-1.43,False
2004-09-22,USW00012884,64,26.18,37.82,85.28,True
2004-09-22,USW00012904,43,9.5,33.5,75.54,True
2004-09-22,USW00012912,0,11.46,-11.46,-25.62,True
2004-09-22,USW00012916,64,24.11,39.89,89.94,True
2004-09-22,USW00012917,0,0.0,0.0,0.16,False
2004-09-22,USW00012918,157,17.05,139.95,315.11,True
2004-09-22,USW00012921,152,26.08,125.92,283.53,True
2004-09-22,USW00012923,0,14.62,-14.62,-32.74,True
2004-09-22,USW00012924,13,40.36,-27.36,-61.42,True
2004-09-22,USW00012926,0,44.14,-44.14,-99.18,True
2004-09-22,USW00012928,163,36.96,126.04,283.81,True
2004-09-22,USW00012930,84,30.11,53.89,121.44,True
2004-09-22,USW00012932,302,68.53,233.47,525.57,True
2004-09-22,USW00012935,3,25.07,-22.07,-49.5,True
2004-09-22,USW00012944,0,14.71,-14.71,-32.95,True
2004-09-22,USW00012957,0,16.13,-16.13,-36.14,True
2004-09-22,USW00012958,107,30.84,76.16,171.54,True
2004-09-22,USW00012959,8,4.85,3.15,7.26,True
2004-09-22,USW00012960,8,21.37,-13.37,-29.92,True
2004-09-22,USW00012968,18,9.95,8.05,18.29,True
2004-09-22,USW00012970,310,16.02,293.98,661.74,True
2004-09-22,USW00012971,0,13.99,-13.99,-31.32,True
2004-09-22,USW00012972,5,26.64,-21.64,-48.55,True
2004-09-22,USW00012975,0,29.02,-29.02,-65.16,True
2004-09-22,USW00012976,5,30.88,-25.88,-58.07,True
2004-09-22,USW00012977,0,9.76,-9.76,-21.81,True
2004-09-22,USW00012987,73,9.15,63.85,143.84,True
2004-09-22,USW00013833,0,0.0,0.0,0.16,False
2004-09-22,USW00013838,0,0.11,-0.11,-0.1,False
2004-09-22,USW00013865,0,0.23,-0.23,-0.36,False
2004-09-22,USW00013894,0,0.13,-0.13,-0.14,False
2004-09-22,USW00013899,0,0.0,0.0,0.16,False
2004-09-22,USW00013904,0,3.24,-3.24,-7.13,True
2004-09-22,USW00013911,0,1.87,-1.87,-4.06,True
2004-09-22,USW00013927,0,0.0,0.0,0.16,False
2004-09-22,USW00013935,0,0.0,0.0,0.16,False
2004-09-22,USW00013939,0,0.0,0.0,0.16,False
2004-09-22,USW00013942,0,0.0,0.0,0.16,False
2004-09-22,USW00013957,0,0.0,0.0,0.16,False
2004-09-22,USW00013958,0,2.91,-2.91,-6.39,True
2004-09-22,USW00013959,0,0.0,0.0,0.16,False
2004-09-22,USW00013960,0,0.0,0.0,0.16,False
2004-09-22,USW00013961,0,0.0,0.0,0.16,False
2004-09-22,USW00013970,0,2.16,-2.16,-4.7,True
2004-09-22,USW00013972,0,11.02,-11.02,-24.65,True
2004-09-22,USW00013976,0,3.73,-3.73,-8.24,True
2004-09-22,USW00013977,0,0.0,0.0,0.16,False
2004-09-22,USW00013978,0,0.0,0.0,0.16,False
2004-09-22,USW00053820,0,0.0,0.0,0.16,False
2004-09-22,USW00053858,0,0.23,-0.23,-0.35,False
2004-09-22,USW00053865,0,13.05,-13.05,-29.21,True
2004-09-22,USW00053902,0,9.53,-9.53,-21.28,True
2004-09-22,USW00053903,0,2.2,-2.2,-4.78,True
2004-09-22,USW00053905,0,0.0,0.0,0.16,False
2004-09-22,USW00053907,0,0.0,0.0,0.16,False
2004-09-22,USW00053909,0,0.0,0.0,0.16,False
2004-09-22,USW00053910,0,15.65,-15.65,-35.07,True
2004-09-22,USW00053911,0,0.0,0.0,0.16,False
2004-09-22,USW00053912,0,0.0,0.0,0.16,False
2004-09-22,USW00053914,0,0.0,0.0,0.16,False
2004-09-22,USW00053915,10,2.18,7.82,17.75,True
2004-09-22,USW00053917,84,21.9,62.1,139.92,True
2004-09-22,USW00053960,19,2.24,16.76,37.89,True
2004-09-22,USW00053961,0,0.0,0.0,0.16,False
2004-09-22,USW00053968,0,20.23,-20.23,-45.37,True
2004-09-22,USW00063831,5,0.0,5.0,11.41,True
2004-09-22,USW00093806,0,0.0,0.0,0.16,False
2004-09-22,USW00093874,0,3.28,-3.28,-7.22,True
2004-09-22,USW00093914,0,24.47,-24.47,-54.91,True
2004-09-22,USW00093915,0,0.0,0.0,0.16,False
2004-09-22,USW00093919,0,0.78,-0.78,-1.6,False
2004-09-22,USW00093985,0,7.1,-7.1,-15.81,True
2004-09-22,USW00093987,0,16.35,-16.35,-36.64,True
2004-09-22,USW00093992,0,0.0,0.0,0.16,False
2004-09-23,USC00010140,0,0.0,0.0,0.52,False
2004-09-23,USC00010184,0,0.0,0.0,0.52,False
2004-09-23,USC00010402,0,0.0,0.0,0.52,False
2004-09-23,USC00010505,0,0.0,0.0,0.52,False
2004-09-23,USC00010583,0,0.19,-0.19,0.46,False
2004-09-23,USC00010764,0,0.0,0.0,0.52,False
2004-09-23,USC00011080,0,0.0,0.0,0.52,False
2004-09-23,USC00011084,0,0.0,0.0,0.52,False
2004-09-23,USC00011143,0,0.0,0.0,0.52,False
2004-09-23,USC00011189,0,0.29,-0.29,0.43,False
2004-09-23,USC00011566,0,0.0,0.0,0.52,False
2004-09-23,USC00011690,0,0.0,0.0,0.52,False
2004-09-23,USC00011803,0,1.81,-1.81,-0.06,False
2004-09-23,USC00011810,0,0.0,0.0,0.52,False
2004-09-23,USC00012813,0,0.42,-0.42,0.38,False
2004-09-23,USC00013160,0,0.0,0.0,0.52,False
2004-09-23,USC00013511,0,0.0,0.0,0.52,False
2004-09-23,USC00013930,0,0.0,0.0,0.52,False
2004-09-23,USC00014193,0,0.0,0.0,0.52,False
2004-09-23,USC00014798,0,0.23,-0.23,0.44,False
2004-09-23,USC00015112,0,0.0,0.0,0.52,False
2004-09-23,USC00015121,0,0.0,0.0,0.52,False
2004-09-23,USC00015420,0,0.0,0.0,0.52,False
2004-09-23,USC00015658,0,0.0,0.0,0.52,False
2004-09-23,USC00016362,0,0.0,0.0,0.52,False
2004-09-23,USC00016847,0,0.0,0.0,0.52,False
2004-09-23,USC00016988,0,0.22,-0.22,0.45,False
2004-09-23,USC00017366,0,0.0,0.0,0.52,False
2004-09-23,USC00018178,0,0.0,0.0,0.52,False
2004-09-23,USC00018380,0,0.0,0.0,0.52,False
2004-09-23,USC00018385,0,0.0,0.0,0.52,False
2004-09-23,USC00018637,0,0.0,0.0,0.52,False
2004-09-23,USC00018673,0,0.0,0.0,0.52,False
2004-09-23,USC00018809,0,0.0,0.0,0.52,False
2004-09-23,USC00031140,0,4.84,-4.84,-1.02,False
2004-09-23,USC00031730,13,5.41,7.59,2.92,False
2004-09-23,USC00032355,0,3.32,-3.32,-0.54,False
2004-09-23,USC00032475,0,7.59,-7.59,-1.89,False
2004-09-23,USC00034185,0,2.76,-2.76,-0.36,False
2004-09-23,USC00034548,0,2.67,-2.67,-0.33,False
2004-09-23,USC00034936,0,5.08,-5.08,-1.09,False
2004-09-23,USC00035866,0,4.34,-4.34,-0.86,False
2004-09-23,USC00085793,0,0.0,0.0,0.52,False
2004-09-23,USC00086999,0,0.0,0.0,0.52,False
2004-09-23,USC00160007,84,97.46,-13.46,-3.75,True
2004-09-23,USC00160012,89,35.07,53.93,17.59,True
2004-09-23,USC00160016,20,42.12,-22.12,-6.49,True
2004-09-23,USC00160021,84,35.11,48.89,16.0,True
2004-09-23,USC00160098,0,34.07,-34.07,-10.27,True
2004-09-23,USC00160103,0,25.59,-25.59,-7.59,True
2004-09-23,USC00160205,13,34.12,-21.12,-6.17,True
2004-09-23,USC00160238,0,12.7,-12.7,-3.5,True
2004-09-23,USC00160277,0,13.23,-13.23,-3.67,True
2004-09-23,USC00160349,0,10.91,-10.91,-2.94,False
2004-09-23,USC00160462,66,42.8,23.2,7.86,True
2004-09-23,USC00160537,0,7.29,-7.29,-1.79,False
2004-09-23,USC00160540,0,33.1,-33.1,-9.96,True
2004-09-23,USC00160546,41,40.35,0.65,0.72,False
2004-09-23,USC00160548,38,51.9,-13.9,-3.89,True
2004-09-23,USC00160558,48,49.0,-1.0,0.2,False
2004-09-23,USC00160565,66,80.95,-14.95,-4.22,True
2004-09-23,USC00160617,30,22.17,7.83,2.99,False
2004-09-23,USC00160658,0,19.09,-19.09,-5.53,True
2004-09-23,USC00160800,132,4.19,127.81,40.99,True
2004-09-23,USC00160945,0,21.53,-21.53,-6.3,True
2004-09-23,USC00161200,0,19.84,-19.84,-5.77,True
2004-09-23,USC00161232,208,14.69,193.31,61.73,True
2004-09-23,USC00161235,0,38.71,-38.71,-11.74,True
2004-09-23,USC00161246,23,57.37,-34.37,-10.37,True
2004-09-23,USC00161287,0,21.12,-21.12,-6.17,True
2004-09-23,USC00161292,175,61.14,113.86,36.57,True
2004-09-23,USC00161365,130,77.84,52.16,17.03,True
2004-09-23,USC00161411,0,9.14,-9.14,-2.38,False
2004-09-23,USC00161535,25,68.15,-43.15,-13.15,True
2004-09-23,USC00161565,89,65.68,23.32,7.9,True
2004-09-23,USC00161639,86,63.25,22.75,7.72,True
2004-09-23,USC00161866,0,5.17,-5.17,-1.12,False
2004-09-23,USC00161899,13,25.5,-12.5,-3.44,False
2004-09-23,USC00161941,0,34.42,-34.42,-10.38,True
2004-09-23,USC00161979,0,10.25,-10.25,-2.73,False
2004-09-23,USC00162002,142,73.15,68.85,22.32,True
2004-09-23,USC00162121,0,6.75,-6.75,-1.62,False
2004-09-23,USC00162151,102,30.78,71.22,23.07,True
2004-09-23,USC00162154,0,39.71,-39.71,-12.06,True
2004-09-23,USC00162212,30,59.17,-29.17,-8.72,True
2004-09-23,USC00162350,38,45.66,-7.66,-1.91,False
2004-09-23,USC00162367,0,7.99,-7.99,-2.01,False
2004-09-23,USC00162534,104,75.59,28.41,9.51,True
2004-09-23,USC00162536,0,79.46,-79.46,-24.64,True
2004-09-23,USC00162641,0,8.97,-8.97,-2.33,False
2004-09-23,USC00162812,0,22.22,-22.22,-6.52,True
2004-09-23,USC00162981,0,34.28,-34.28,-10.34,True
2004-09-23,USC00163079,0,8.08,-8.08,-2.04,False
2004-09-23,USC00163165,20,44.61,-24.61,-7.28,True
2004-09-23,USC00163313,742,92.63,649.37,206.14,True
2004-09-23,USC00163322,0,23.74,-23.74,-7.0,True
2004-09-23,USC00163433,218,77.1,140.9,45.13,True
2004-09-23,USC00163695,56,65.44,-9.44,-2.47,False
2004-09-23,USC00163741,0,27.17,-27.17,-8.09,True
2004-09-23,USC00163800,51,55.14,-4.14,-0.79,False
2004-09-23,USC00163804,0,10.46,-10.46,-2.8,False
2004-09-23,USC00163807,145,82.6,62.4,20.27,True
2004-09-23,USC00163829,8,70.4,-62.4,-19.24,True
2004-09-23,USC00163867,0,44.73,-44.73,-13.65,True
2004-09-23,USC00163877,0,10.21,-10.21,-2.72,False
2004-09-23,USC00163979,0,17.46,-17.46,-5.01,True
2004-09-23,USC00164030,10,37.3,-27.3,-8.13,True
2004-09-23,USC00164034,10,38.56,-28.56,-8.53,True
2004-09-23,USC00164050,0,11.81,-11.81,-3.22,False
2004-09-23,USC00164131,0,7.11,-7.11,-1.74,False
2004-09-23,USC00164288,0,8.17,-8.17,-2.07,False
2004-09-23,USC00164355,0,7.83,-7.83,-1.96,False
2004-09-23,USC00164398,0,4.38,-4.38,-0.87,False
2004-09-23,USC00164407,140,101.48,38.52,12.71,True
2004-09-23,USC00164573,0,22.91,-22.91,-6.74,True
2004-09-23,USC00164592,0,9.17,-9.17,-2.39,False
2004-09-23,USC00164674,170,121.94,48.06,15.73,True
2004-09-23,USC00164696,0,19.01,-19.01,-5.5,True
2004-09-23,USC00164700,0,36.23,-36.23,-10.96,True
2004-09-23,USC00164732,0,13.07,-13.07,-3.62,True
2004-09-23,USC00164739,0,13.25,-13.25,-3.68,True
2004-09-23,USC00164775,38,80.14,-42.14,-12.83,True
2004-09-23,USC00164816,0,10.51,-10.51,-2.81,False
2004-09-23,USC00164859,0,23.38,-23.38,-6.89,True
2004-09-23,USC00164931,0,8.78,-8.78,-2.26,False
2004-09-23,USC00165021,0,83.51,-83.51,-25.93,True
2004-09-23,USC00165065,0,30.52,-30.52,-9.15,True
2004-09-23,USC00165072,0,7.71,-7.71,-1.93,False
2004-09-23,USC00165074,0,8.23,-8.23,-2.09,False
2004-09-23,USC00165076,0,11.74,-11.74,-3.2,False
2004-09-23,USC00165090,0,2.93,-2.93,-0.41,False
2004-09-23,USC00165146,0,13.2,-13.2,-3.66,True
2004-09-23,USC00165266,0,10.71,-10.71,-2.87,False
2004-09-23,USC00165287,0,7.38,-7.38,-1.82,False
2004-09-23,USC00165296,66,103.39,-37.39,-11.32,True
2004-09-23,USC00165430,33,19.33,13.67,4.85,True
2004-09-23,USC00165438,30,40.1,-10.1,-2.68,False
2004-09-23,USC00165522,0,3.86,-3.86,-0.71,False
2004-09-23,USC00165610,178,52.46,125.54,40.27,True
2004-09-23,USC00165620,53,53.88,-0.88,0.24,False
2004-09-23,USC00165624,71,67.99,3.01,1.47,False
2004-09-23,USC00165630,0,21.14,-21.14,-6.18,True
2004-09-23,USC00165783,71,76.03,-5.03,-1.08,False
2004-09-23,USC00165892,0,6.48,-6.48,-1.54,False
2004-09-23,USC00165896,0,3.71,-3.71,-0.66,False
2004-09-23,USC00165920,5,15.93,-10.93,-2.95,False
2004-09-23,USC00165926,0,58.99,-58.99,-18.16,True
2004-09-23,USC00165935,0,10.01,-10.01,-2.65,False
2004-09-23,USC00166157,41,57.23,-16.23,-4.62,True
2004-09-23,USC00166244,0,8.49,-8.49,-2.17,False
2004-09-23,USC00166314,48,14.41,33.59,11.15,True
2004-09-23,USC00166364,0,6.09,-6.09,-1.41,False
2004-09-23,USC00166394,84,126.53,-42.53,-12.95,True
2004-09-23,USC00166431,0,7.36,-7.36,-1.81,False
2004-09-23,USC00166466,0,18.24,-18.24,-5.26,True
2004-09-23,USC00166561,147,84.91,62.09,20.18,True
2004-09-23,USC00166582,0,10.79,-10.79,-2.9,False
2004-09-23,USC00166657,122,201.46,-79.46,-24.64,True
2004-09-23,USC00166666,127,53.22,73.78,23.88,True
2004-09-23,USC00166686,3,31.4,-28.4,-8.48,True
2004-09-23,USC00166808,0,18.52,-18.52,-5.35,True
2004-09-23,USC00166836,0,18.24,-18.24,-5.26,True
2004-09-23,USC00166866,0,3.76,-3.76,-0.67,False
2004-09-23,USC00166868,0,7.13,-7.13,-1.74,False
2004-09-23,USC00166911,0,28.42,-28.42,-8.48,True
2004-09-23,USC00166938,0,17.22,-17.22,-4.94,True
2004-09-23,USC00166968,0,8.96,-8.96,-2.32,False
2004-09-23,USC00166978,0,16.25,-16.25,-4.63,True
2004-09-23,USC00166995,0,53.88,-53.88,-16.55,True
2004-09-23,USC00167096,0,71.69,-71.69,-22.18,True
2004-09-23,USC00167304,46,29.47,16.53,5.75,True
2004-09-23,USC00167366,43,59.75,-16.75,-4.79,True
2004-09-23,USC00167425,0,40.31,-40.31,-12.25,True
2004-09-23,USC00167448,23,52.93,-29.93,-8.96,True
2004-09-23,USC00167729,0,15.53,-15.53,-4.4,True
2004-09-23,USC00167732,0,20.95,-20.95,-6.12,True
2004-09-23,USC00167738,0,9.77,-9.77,-2.58,False
2004-09-23,USC00167767,152,62.08,89.92,28.99,True
2004-09-23,USC00167924,0,8.65,-8.65,-2.22,False
2004-09-23,USC00167932,0,37.19,-37.19,-11.26,True
2004-09-23,USC00168046,0,8.05,-8.05,-2.03,False
2004-09-23,USC00168067,0,9.28,-9.28,-2.42,False
2004-09-23,USC00168094,0,10.73,-10.73,-2.88,False
2004-09-23,USC00168108,0,58.12,-58.12,-17.89,True
2004-09-23,USC00168136,0,29.54,-29.54,-8.84,True
2004-09-23,USC00168139,36,63.47,-27.47,-8.18,True
2004-09-23,USC00168163,0,1.83,-1.83,-0.06,False
2004-09-23,USC00168181,89,190.49,-101.49,-31.62,True
2004-09-23,USC00168436,0,23.71,-23.71,-6.99,True
2004-09-23,USC00168444,0,12.06,-12.06,-3.3,False
2004-09-23,USC00168539,10,34.82,-24.82,-7.34,True
2004-09-23,USC00168669,0,7.94,-7.94,-2.0,False
2004-09-23,USC00168683,0,6.34,-6.34,-1.49,False
2004-09-23,USC00168785,0,10.33,-10.33,-2.75,False
2004-09-23,USC00168831,0,10.25,-10.25,-2.73,False
2004-09-23,USC00168861,0,27.36,-27.36,-8.15,True
2004-09-23,USC00168906,25,27.88,-2.88,-0.4,False
2004-09-23,USC00168923,0,2.06,-2.06,-0.14,False
2004-09-23,USC00168941,99,52.22,46.78,15.33,True
2004-09-23,USC00168945,91,32.27,58.73,19.11,True
2004-09-23,USC00169013,208,86.01,121.99,39.14,True
2004-09-23,USC00169357,0,3.18,-3.18,-0.49,False
2004-09-23,USC00169369,0,37.35,-37.35,-11.31,True
2004-09-23,USC00169392,0,3.96,-3.96,-0.74,False
2004-09-23,USC00169480,38,33.46,4.54,1.96,False
2004-09-23,USC00169631,0,13.21,-13.21,-3.67,True
2004-09-23,USC00169803,0,14.74,-14.74,-4.15,True
2004-09-23,USC00169804,0,4.82,-4.82,-1.01,False
2004-09-23,USC00169806,0,4.71,-4.71,-0.98,False
2004-09-23,USC00169809,0,14.18,-14.18,-3.97,True
2004-09-23,USC00169930,0,34.99,-34.99,-10.56,True
2004-09-23,USC00169980,0,5.67,-5.67,-1.28,False
2004-09-23,USC00220039,0,0.0,0.0,0.52,False
2004-09-23,USC00220218,0,26.02,-26.02,-7.72,True
2004-09-23,USC00220521,0,24.42,-24.42,-7.22,True
2004-09-23,USC00220523,0,0.52,-0.52,0.35,False
2004-09-23,USC00220585,0,1.21,-1.21,0.13,False
2004-09-23,USC00220660,0,0.0,0.0,0.52,False
2004-09-23,USC00220792,5,5.41,-0.41,0.39,False
2004-09-23,USC00220891,0,0.0,0.0,0.52,False
2004-09-23,USC00221094,0,4.02,-4.02,-0.76,False
2004-09-23,USC00221174,0,0.09,-0.09,0.49,False
2004-09-23,USC00221389,0,0.19,-0.19,0.46,False
2004-09-23,USC00221489,0,0.27,-0.27,0.43,False
2004-09-23,USC00221578,0,13.0,-13.0,-3.6,True
2004-09-23,USC00221852,0,0.44,-0.44,0.38,False
2004-09-23,USC00221860,0,0.5,-0.5,0.36,False
2004-09-23,USC00221865,3,9.23,-6.23,-1.46,False
2004-09-23,USC00221880,0,0.0,0.0,0.52,False
2004-09-23,USC00222034,0,0.39,-0.39,0.39,False
2004-09-23,USC00222094,0,0.98,-0.98,0.21,False
2004-09-23,USC00222385,0,0.79,-0.79,0.27,False
2004-09-23,USC00223107,0,0.54,-0.54,0.35,False
2004-09-23,USC00223340,0,0.3,-0.3,0.42,False
2004-09-23,USC00223441,0,11.56,-11.56,-3.14,False
2004-09-23,USC00223516,0,0.21,-0.21,0.45,False
2004-09-23,USC00223605,0,0.41,-0.41,0.39,False
2004-09-23,USC00223667,0,11.75,-11.75,-3.2,False
2004-09-23,USC00223671,8,11.09,-3.09,-0.46,False
2004-09-23,USC00223887,0,1.35,-1.35,0.09,False
2004-09-23,USC00223920,0,1.09,-1.09,0.17,False
2004-09-23,USC00224470,0,0.0,0.0,0.52,False
2004-09-23,USC00224702,0,0.33,-0.33,0.41,False
2004-09-23,USC00224776,0,0.23,-0.23,0.44,False
2004-09-23,USC00224939,0,0.54,-0.54,0.34,False
2004-09-23,USC00224966,0,0.89,-0.89,0.23,False
2004-09-23,USC00225020,0,0.0,0.0,0.52,False
2004-09-23,USC00225062,0,0.0,0.0,0.52,False
2004-09-23,USC00225247,0,0.25,-0.25,0.44,False
2004-09-23,USC00225361,0,0.0,0.0,0.52,False
2004-09-23,USC00225611,13,17.79,-4.79,-1.0,False
2004-09-23,USC00225704,0,4.13,-4.13,-0.79,False
2004-09-23,USC00225943,0,0.39,-0.39,0.39,False
2004-09-23,USC00225987,0,0.5,-0.5,0.36,False
2004-09-23,USC00225989,0,0.5,-0.5,0.36,False
2004-09-23,USC00226009,0,0.0,0.0,0.52,False
2004-09-23,USC00226177,0,3.47,-3.47,-0.58,False
2004-09-23,USC00226294,0,0.21,-0.21,0.45,False
2004-09-23,USC00226308,0,5.88,-5.88,-1.35,False
2004-09-23,USC00226476,0,0.0,0.0,0.52,False
2004-09-23,USC00226484,5,3.95,1.05,0.85,False
2004-09-23,USC00226638,0,0.41,-0.41,0.39,False
2004-09-23,USC00226640,3,0.27,2.73,1.38,False
2004-09-23,USC00226642,0,1.01,-1.01,0.2,False
2004-09-23,USC00226643,0,0.64,-0.64,0.32,False
2004-09-23,USC00226644,0,1.28,-1.28,0.11,False
2004-09-23,USC00226718,5,1.33,3.67,1.68,False
2004-09-23,USC00226894,0,0.37,-0.37,0.4,False
2004-09-23,USC00226921,0,25.33,-25.33,-7.5,True
2004-09-23,USC00226924,28,19.51,8.49,3.2,False
2004-09-23,USC00226926,0,0.0,0.0,0.52,False
2004-09-23,USC00227128,0,14.82,-14.82,-4.18,True
2004-09-23,USC00227132,0,0.31,-0.31,0.42,False
2004-09-23,USC00227172,0,1.56,-1.56,0.02,False
2004-09-23,USC00227220,0,1.93,-1.93,-0.1,False
2004-09-23,USC00227276,0,0.38,-0.38,0.4,False
2004-09-23,USC00227444,0,0.19,-0.19,0.46,False
2004-09-23,USC00227560,0,0.0,0.0,0.52,False
2004-09-23,USC00227595,0,0.14,-0.14,0.47,False
2004-09-23,USC00227831,0,0.0,0.0,0.52,False
2004-09-23,USC00227840,0,6.03,-6.03,-1.39,False
2004-09-23,USC00228053,0,0.35,-0.35,0.41,False
2004-09-23,USC00228374,0,0.0,0.0,0.52,False
2004-09-23,USC00228413,5,20.29,-15.29,-4.32,True
2004-09-23,USC00228445,0,0.0,0.0,0.52,False
2004-09-23,USC00228556,0,1.46,-1.46,0.05,False
2004-09-23,USC00228899,0,0.34,-0.34,0.41,False
2004-09-23,USC00229048,0,13.02,-13.02,-3.61,True
2004-09-23,USC00229072,0,2.36,-2.36,-0.23,False
2004-09-23,USC00229114,0,0.0,0.0,0.52,False
2004-09-23,USC00229157,0,2.82,-2.82,-0.38,False
2004-09-23,USC00229230,0,0.0,0.0,0.52,False
2004-09-23,USC00229326,0,0.35,-0.35,0.41,False
2004-09-23,USC00229426,0,20.41,-20.41,-5.95,True
2004-09-23,USC00229439,0,0.32,-0.32,0.41,False
2004-09-23,USC00229597,0,0.35,-0.35,0.4,False
2004-09-23,USC00229639,0,5.44,-5.44,-1.2,False
2004-09-23,USC00229743,0,0.0,0.0,0.52,False
2004-09-23,USC00229793,0,12.99,-12.99,-3.6,True
2004-09-23,USC00229860,0,0.0,0.0,0.52,False
2004-09-23,USC00410144,114,30.96,83.04,26.81,True
2004-09-23,USC00410190,0,4.74,-4.74,-0.98,False
2004-09-23,USC00410204,0,7.13,-7.13,-1.74,False
2004-09-23,USC00410206,0,2.86,-2.86,-0.39,False
2004-09-23,USC00410235,0,9.96,-9.96,-2.64,False
2004-09-23,USC00410246,0,0.96,-0.96,0.21,False
2004-09-23,USC00410257,0,9.58,-9.58,-2.52,False
2004-09-23,USC00410271,0,12.55,-12.55,-3.46,False
2004-09-23,USC00410297,0,0.12,-0.12,0.48,False
2004-09-23,USC00410305,0,17.09,-17.09,-4.9,True
2004-09-23,USC00410337,0,0.0,0.0,0.52,False
2004-09-23,USC00410404,0,1.25,-1.25,0.12,False
2004-09-23,USC00410408,0,2.88,-2.88,-0.4,False
2004-09-23,USC00410431,0,1.91,-1.91,-0.09,False
2004-09-23,USC00410518,0,0.0,0.0,0.52,False
2004-09-23,USC00410569,0,36.81,-36.81,-11.14,True
2004-09-23,USC00410586,0,4.16,-4.16,-0.8,False
2004-09-23,USC00410611,0,30.3,-30.3,-9.08,True
2004-09-23,USC00410613,0,21.64,-21.64,-6.34,True
2004-09-23,USC00410639,15,13.08,1.92,1.12,False
2004-09-23,USC00410655,0,10.48,-10.48,-2.8,False
2004-09-23,USC00410660,0,3.1,-3.1,-0.46,False
2004-09-23,USC00410690,0,41.55,-41.55,-12.64,True
2004-09-23,USC00410691,0,1.26,-1.26,0.12,False
2004-09-23,USC00410738,0,1.19,-1.19,0.14,False
2004-09-23,USC00410805,33,68.41,-35.41,-10.7,True
2004-09-23,USC00410832,38,2.27,35.73,11.83,True
2004-09-23,USC00411026,0,0.08,-0.08,0.49,False
2004-09-23,USC00411035,0,7.5,-7.5,-1.86,False
2004-09-23,USC00411045,0,0.0,0.0,0.52,False
2004-09-23,USC00411048,0,1.5,-1.5,0.04,False
2004-09-23,USC00411063,0,2.98,-2.98,-0.43,False
2004-09-23,USC00411089,0,1.06,-1.06,0.18,False
2004-09-23,USC00411215,0,5.31,-5.31,-1.17,False
2004-09-23,USC00411246,0,0.68,-0.68,0.3,False
2004-09-23,USC00411250,0,1.23,-1.23,0.13,False
2004-09-23,USC00411253,0,2.3,-2.3,-0.21,False
2004-09-23,USC00411314,0,0.0,0.0,0.52,False
2004-09-23,USC00411337,0,7.08,-7.08,-1.73,False
2004-09-23,USC00411348,0,0.0,0.0,0.52,False
2004-09-23,USC00411429,30,2.62,27.38,9.19,True
2004-09-23,USC00411433,0,5.8,-5.8,-1.32,False
2004-09-23,USC00411541,0,2.48,-2.48,-0.27,False
2004-09-23,USC00411578,0,3.98,-3.98,-0.75,False
2004-09-23,USC00411580,28,7.22,20.78,7.1,True
2004-09-23,USC00411596,0,1.52,-1.52,0.04,False
2004-09-23,USC00411625,0,5.25,-5.25,-1.15,False
2004-09-23,USC00411671,0,4.06,-4.06,-0.77,False
2004-09-23,USC00411711,0,1.29,-1.29,0.11,False
2004-09-23,USC00411720,0,6.67,-6.67,-1.6,False
2004-09-23,USC00411800,0,0.72,-0.72,0.29,False
2004-09-23,USC00411804,0,0.08,-0.08,0.49,False
2004-09-23,USC00411810,0,0.15,-0.15,0.47,False
2004-09-23,USC00411838,3,6.0,-3.0,-0.43,False
2004-09-23,USC00411880,0,2.97,-2.97,-0.42,False
2004-09-23,USC00411911,0,18.95,-18.95,-5.48,True
2004-09-23,USC00411921,0,0.0,0.0,0.52,False
2004-09-23,USC00411956,0,0.19,-0.19,0.46,False
2004-09-23,USC00411970,0,0.0,0.0,0.52,False
2004-09-23,USC00411990,0,1.12,-1.12,0.16,False
2004-09-23,USC00412013,102,76.0,26.0,8.75,True
2004-09-23,USC00412017,0,1.41,-1.41,0.07,False
2004-09-23,USC00412019,0,0.0,0.0,0.52,False
2004-09-23,USC00412020,0,0.0,0.0,0.52,False
2004-09-23,USC00412086,0,4.17,-4.17,-0.81,False
2004-09-23,USC00412088,0,0.42,-0.42,0.38,False
2004-09-23,USC00412096,0,1.64,-1.64,-0.0,False
2004-09-23,USC00412114,0,2.39,-2.39,-0.24,False
2004-09-23,USC00412173,0,3.53,-3.53,-0.6,False
2004-09-23,USC00412206,0,5.65,-5.65,-1.27,False
2004-09-23,USC00412218,0,0.16,-0.16,0.47,False
2004-09-23,USC00412225,0,1.14,-1.14,0.15,False
2004-09-23,USC00412266,15,50.02,-35.02,-10.57,True
2004-09-23,USC00412295,0,0.0,0.0,0.52,False
2004-09-23,USC00412334,0,2.02,-2.02,-0.12,False
2004-09-23,USC00412404,0,0.63,-0.63,0.32,False
2004-09-23,USC00412444,0,5.88,-5.88,-1.35,False
2004-09-23,USC00412462,0,1.23,-1.23,0.13,False
2004-09-23,USC00412585,0,2.35,-2.35,-0.23,False
2004-09-23,USC00412598,0,17.01,-17.01,-4.87,True
2004-09-23,USC00412770,0,22.41,-22.41,-6.58,True
2004-09-23,USC00412772,0,0.99,-0.99,0.2,False
2004-09-23,USC00412786,0,94.55,-94.55,-29.42,True
2004-09-23,USC00412820,0,1.29,-1.29,0.11,False
2004-09-23,USC00413005,0,6.3,-6.3,-1.48,False
2004-09-23,USC00413047,0,0.0,0.0,0.52,False
2004-09-23,USC00413063,0,40.97,-40.97,-12.46,True
2004-09-23,USC00413065,0,2.4,-2.4,-0.24,False
2004-09-23,USC00413080,0,0.0,0.0,0.52,False
2004-09-23,USC00413133,0,0.0,0.0,0.52,False
2004-09-23,USC00413156,0,5.59,-5.59,-1.25,False
2004-09-23,USC00413171,0,0.67,-0.67,0.3,False
2004-09-23,USC00413183,66,8.64,57.36,18.68,True
2004-09-23,USC00413199,0,0.52,-0.52,0.35,False
2004-09-23,USC00413201,0,2.85,-2.85,-0.39,False
2004-09-23,USC00413247,0,1.94,-1.94,-0.1,False
2004-09-23,USC00413285,0,0.79,-0.79,0.27,False
2004-09-23,USC00413321,0,0.0,0.0,0.52,False
2004-09-23,USC00413340,0,13.48,-13.48,-3.75,True
2004-09-23,USC00413370,0,0.0,0.0,0.52,False
2004-09-23,USC00413485,0,2.6,-2.6,-0.31,False
2004-09-23,USC00413507,0,0.58,-0.58,0.33,False
2004-09-23,USC00413508,30,12.36,17.64,6.1,True
2004-09-23,USC00413525,0,1.71,-1.71,-0.02,False
2004-09-23,USC00413546,0,0.0,0.0,0.52,False
2004-09-23,USC00413618,0,1.28,-1.28,0.11,False
2004-09-23,USC00413620,0,1.26,-1.26,0.12,False
2004-09-23,USC00413622,0,3.56,-3.56,-0.61,False
2004-09-23,USC00413624,0,3.21,-3.21,-0.5,False
2004-09-23,USC00413639,28,9.5,18.5,6.38,True
2004-09-23,USC00413675,0,4.0,-4.0,-0.75,False
2004-09-23,USC00413685,0,0.13,-0.13,0.47,False
2004-09-23,USC00413686,0,0.0,0.0,0.52,False
2004-09-23,USC00413691,0,0.0,0.0,0.52,False
2004-09-23,USC00413734,0,0.0,0.0,0.52,False
2004-09-23,USC00413776,0,0.0,0.0,0.52,False
2004-09-23,USC00413846,0,0.0,0.0,0.52,False
2004-09-23,USC00413873,0,18.73,-18.73,-5.42,True
2004-09-23,USC00413877,0,2.61,-2.61,-0.31,False
2004-09-23,USC00413884,0,7.88,-7.88,-1.98,False
2004-09-23,USC00413941,0,2.39,-2.39,-0.24,False
2004-09-23,USC00413943,208,42.47,165.53,52.93,True
2004-09-23,USC00414020,0,0.72,-0.72,0.29,False
2004-09-23,USC00414077,0,0.0,0.0,0.52,False
2004-09-23,USC00414081,0,2.43,-2.43,-0.25,False
2004-09-23,USC00414137,0,7.03,-7.03,-1.71,False
2004-09-23,USC00414182,0,0.09,-0.09,0.49,False
2004-09-23,USC00414202,0,0.0,0.0,0.52,False
2004-09-23,USC00414313,0,6.26,-6.26,-1.47,False
2004-09-23,USC00414315,0,0.14,-0.14,0.47,False
2004-09-23,USC00414321,0,4.79,-4.79,-1.0,False
2004-09-23,USC00414325,0,5.03,-5.03,-1.08,False
2004-09-23,USC00414326,0,0.15,-0.15,0.47,False
2004-09-23,USC00414327,0,5.01,-5.01,-1.07,False
2004-09-23,USC00414333,0,0.13,-0.13,0.48,False
2004-09-23,USC00414343,0,11.37,-11.37,-3.08,False
2004-09-23,USC00414382,0,0.08,-0.08,0.49,False
2004-09-23,USC00414390,0,3.27,-3.27,-0.52,False
2004-09-23,USC00414505,0,0.09,-0.09,0.49,False
2004-09-23,USC00414517,56,2.53,53.47,17.45,True
2004-09-23,USC00414525,0,3.5,-3.5,-0.59,False
2004-09-23,USC00414531,0,0.07,-0.07,0.49,False
2004-09-23,USC00414556,0,0.17,-0.17,0.46,False
2004-09-23,USC00414563,0,0.0,0.0,0.52,False
2004-09-23,USC00414575,0,4.88,-4.88,-1.03,False
2004-09-23,USC00414597,0,0.0,0.0,0.52,False
2004-09-23,USC00414605,0,4.78,-4.78,-1.0,False
2004-09-23,USC00414679,0,0.65,-0.65,0.31,False
2004-09-23,USC00414693,0,4.52,-4.52,-0.92,False
2004-09-23,USC00414696,0,2.12,-2.12,-0.16,False
2004-09-23,USC00414704,0,7.6,-7.6,-1.89,False
2004-09-23,USC00414705,0,0.0,0.0,0.52,False
2004-09-23,USC00414805,0,3.06,-3.06,-0.45,False
2004-09-23,USC00414810,160,44.46,115.54,37.1,True
2004-09-23,USC00414866,0,2.32,-2.32,-0.22,False
2004-09-23,USC00414878,0,10.09,-10.09,-2.68,False
2004-09-23,USC00414903,0,4.37,-4.37,-0.87,False
2004-09-23,USC00414911,0,61.66,-61.66,-19.01,True
2004-09-23,USC00414972,0,3.59,-3.59,-0.62,False
2004-09-23,USC00414976,0,0.0,0.0,0.52,False
2004-09-23,USC00414979,20,9.5,10.5,3.84,True
2004-09-23,USC00414980,0,0.0,0.0,0.52,False
2004-09-23,USC00415018,0,1.84,-1.84,-0.07,False
2004-09-23,USC00415094,0,0.0,0.0,0.52,False
2004-09-23,USC00415192,0,0.0,0.0,0.52,False
2004-09-23,USC00415193,0,1.07,-1.07,0.18,False
2004-09-23,USC00415196,0,6.45,-6.45,-1.53,False
2004-09-23,USC00415229,0,2.82,-2.82,-0.38,False
2004-09-23,USC00415243,0,6.8,-6.8,-1.64,False
2004-09-23,USC00415271,0,0.08,-0.08,0.49,False
2004-09-23,USC00415285,0,2.94,-2.94,-0.41,False
2004-09-23,USC00415341,0,2.04,-2.04,-0.13,False
2004-09-23,USC00415344,0,2.12,-2.12,-0.15,False
2004-09-23,USC00415415,0,2.31,-2.31,-0.21,False
2004-09-23,USC00415427,0,1.58,-1.58,0.02,False
2004-09-23,USC00415429,0,3.0,-3.0,-0.44,False
2004-09-23,USC00415430,0,2.93,-2.93,-0.41,False
2004-09-23,USC00415435,0,14.6,-14.6,-4.11,True
2004-09-23,USC00415477,0,0.0,0.0,0.52,False
2004-09-23,USC00415611,0,0.0,0.0,0.52,False
2004-09-23,USC00415618,0,3.96,-3.96,-0.74,False
2004-09-23,USC00415661,5,31.49,-26.49,-7.87,True
2004-09-23,USC00415667,0,0.0,0.0,0.52,False
2004-09-23,USC00415701,0,28.11,-28.11,-8.38,True
2004-09-23,USC00415721,0,48.96,-48.96,-14.99,True
2004-09-23,USC00415757,0,0.51,-0.51,0.35,False
2004-09-23,USC00415836,320,87.19,232.81,74.23,True
2004-09-23,USC00415845,5,2.97,2.03,1.16,False
2004-09-23,USC00415897,0,0.05,-0.05,0.5,False
2004-09-23,USC00415904,0,1.23,-1.23,0.13,False
2004-09-23,USC00415954,0,0.68,-0.68,0.3,False
2004-09-23,USC00416024,0,0.18,-0.18,0.46,False
2004-09-23,USC00416058,0,3.3,-3.3,-0.53,False
2004-09-23,USC00416108,0,0.0,0.0,0.52,False
2004-09-23,USC00416119,0,0.0,0.0,0.52,False
2004-09-23,USC00416177,0,2.04,-2.04,-0.13,False
2004-09-23,USC00416210,0,0.08,-0.08,0.49,False
2004-09-23,USC00416270,0,0.0,0.0,0.52,False
2004-09-23,USC00416276,13,3.58,9.42,3.5,False
2004-09-23,USC00416280,0,0.19,-0.19,0.46,False
2004-09-23,USC00416335,0,4.06,-4.06,-0.77,False
2004-09-23,USC00416341,0,1.63,-1.63,0.0,False
2004-09-23,USC00416367,13,4.74,8.26,3.13,False
2004-09-23,USC00416496,0,1.67,-1.67,-0.01,False
2004-09-23,USC00416664,0,19.76,-19.76,-5.74,True
2004-09-23,USC00416680,0,15.36,-15.36,-4.35,True
2004-09-23,USC00416766,18,9.12,8.88,3.33,False
2004-09-23,USC00417017,0,3.01,-3.01,-0.44,False
2004-09-23,USC00417020,434,5.45,428.55,136.22,True
2004-09-23,USC00417040,0,0.0,0.0,0.52,False
2004-09-23,USC00417140,0,21.4,-21.4,-6.26,True
2004-09-23,USC00417170,18,49.89,-31.89,-9.58,True
2004-09-23,USC00417172,0,76.89,-76.89,-23.83,True
2004-09-23,USC00417179,0,47.29,-47.29,-14.46,True
2004-09-23,USC00417183,13,15.71,-2.71,-0.34,False
2004-09-23,USC00417184,43,60.48,-17.48,-5.02,True
2004-09-23,USC00417300,165,4.13,160.87,51.45,True
2004-09-23,USC00417365,0,0.0,0.0,0.52,False
2004-09-23,USC00417388,0,3.28,-3.28,-0.52,False
2004-09-23,USC00417458,76,64.41,11.59,4.19,True
2004-09-23,USC00417530,0,15.4,-15.4,-4.36,True
2004-09-23,USC00417533,0,10.81,-10.81,-2.91,False
2004-09-23,USC00417550,0,1.72,-1.72,-0.03,False
2004-09-23,USC00417588,0,0.0,0.0,0.52,False
2004-09-23,USC00417594,0,9.26,-9.26,-2.42,False
2004-09-23,USC00417659,0,0.53,-0.53,0.35,False
2004-09-23,USC00417677,0,45.59,-45.59,-13.92,True
2004-09-23,USC00417685,0,0.0,0.0,0.52,False
2004-09-23,USC00417704,0,24.55,-24.55,-7.26,True
2004-09-23,USC00417707,0,0.0,0.0,0.52,False
2004-09-23,USC00417744,0,0.0,0.0,0.52,False
2004-09-23,USC00417773,0,0.0,0.0,0.52,False
2004-09-23,USC00417791,0,0.93,-0.93,0.22,False
2004-09-23,USC00417836,0,1.59,-1.59,0.01,False
2004-09-23,USC00417841,51,0.0,51.0,16.67,True
2004-09-23,USC00417936,0,0.0,0.0,0.52,False
2004-09-23,USC00417947,25,2.52,22.48,7.64,True
2004-09-23,USC00417951,0,0.0,0.0,0.52,False
2004-09-23,USC00417983,0,4.18,-4.18,-0.81,False
2004-09-23,USC00418059,0,114.15,-114.15,-35.63,True
2004-09-23,USC00418081,10,58.14,-48.14,-14.73,True
2004-09-23,USC00418126,0,16.96,-16.96,-4.86,True
2004-09-23,USC00418187,0,4.04,-4.04,-0.76,False
2004-09-23,USC00418311,0,10.7,-10.7,-2.87,False
2004-09-23,USC00418354,0,26.45,-26.45,-7.86,True
2004-09-23,USC00418415,0,3.06,-3.06,-0.45,False
2004-09-23,USC00418446,0,1.31,-1.31,0.1,False
2004-09-23,USC00418487,0,57.29,-57.29,-17.62,True
2004-09-23,USC00418519,51,23.66,27.34,9.17,True
2004-09-23,USC00418531,0,2.09,-2.09,-0.14,False
2004-09-23,USC00418544,0,5.37,-5.37,-1.19,False
2004-09-23,USC00418646,0,0.49,-0.49,0.36,False
2004-09-23,USC00418658,0,3.64,-3.64,-0.64,False
2004-09-23,USC00418696,3,14.15,-11.15,-3.01,False
2004-09-23,USC00418728,0,2.4,-2.4,-0.24,False
2004-09-23,USC00418743,0,0.0,0.0,0.52,False
2004-09-23,USC00418862,0,0.0,0.0,0.52,False
2004-09-23,USC00418929,0,0.0,0.0,0.52,False
2004-09-23,USC00418942,0,0.0,0.0,0.52,False
2004-09-23,USC00418996,0,9.62,-9.62,-2.53,False
2004-09-23,USC00419001,0,0.0,0.0,0.52,False
2004-09-23,USC00419004,0,0.0,0.0,0.52,False
2004-09-23,USC00419007,0,5.97,-5.97,-1.37,False
2004-09-23,USC00419068,0,7.07,-7.07,-1.72,False
2004-09-23,USC00419076,0,0.6,-0.6,0.33,False
2004-09-23,USC00419099,0,2.7,-2.7,-0.34,False
2004-09-23,USC00419101,0,5.52,-5.52,-1.23,False
2004-09-23,USC00419125,0,0.0,0.0,0.52,False
2004-09-23,USC00419153,0,0.07,-0.07,0.49,False
2004-09-23,USC00419207,0,1.14,-1.14,0.15,False
2004-09-23,USC00419282,0,0.48,-0.48,0.36,False
2004-09-23,USC00419361,0,10.72,-10.72,-2.88,False
2004-09-23,USC00419367,0,7.93,-7.93,-1.99,False
2004-09-23,USC00419415,0,0.08,-0.08,0.49,False
2004-09-23,USC00419417,0,0.06,-0.06,0.5,False
2004-09-23,USC00419491,0,0.15,-0.15,0.47,False
2004-09-23,USC00419503,0,0.79,-0.79,0.27,False
2004-09-23,USC00419504,0,0.88,-0.88,0.24,False
2004-09-23,USC00419522,0,0.05,-0.05,0.5,False
2004-09-23,USC00419532,0,2.37,-2.37,-0.24,False
2004-09-23,USC00419559,5,23.99,-18.99,-5.5,True
2004-09-23,USC00419588,333,72.33,260.67,83.06,True
2004-09-23,USC00419593,0,0.1,-0.1,0.49,False
2004-09-23,USC00419708,0,1.64,-1.64,-0.0,False
2004-09-23,USC00419709,0,1.6,-1.6,0.01,False
2004-09-23,USC00419715,0,0.19,-0.19,0.46,False
2004-09-23,USC00419717,0,3.44,-3.44,-0.57,False
2004-09-23,USC00419800,0,0.0,0.0,0.52,False
2004-09-23,USC00419815,0,4.2,-4.2,-0.81,False
2004-09-23,USC00419836,0,0.0,0.0,0.52,False
2004-09-23,USC00419898,0,6.45,-6.45,-1.53,False
2004-09-23,USC00419916,0,2.93,-2.93,-0.41,False
2004-09-23,USC00419953,0,3.48,-3.48,-0.58,False
2004-09-23,USC00419962,0,0.55,-0.55,0.34,False
2004-09-23,USW00003866,0,0.32,-0.32,0.42,False
2004-09-23,USW00003881,0,0.0,0.0,0.52,False
2004-09-23,USW00003901,0,2.27,-2.27,-0.2,False
2004-09-23,USW00003904,0,0.06,-0.06,0.5,False
2004-09-23,USW00003927,0,0.0,0.0,0.52,False
2004-09-23,USW00003937,79,5.63,73.37,23.75,True
2004-09-23,USW00003940,0,0.17,-0.17,0.46,False
2004-09-23,USW00003951,0,2.49,-2.49,-0.27,False
2004-09-23,USW00003969,0,9.12,-9.12,-2.37,False
2004-09-23,USW00003971,0,0.0,0.0,0.52,False
2004-09-23,USW00003991,0,0.71,-0.71,0.29,False
2004-09-23,USW00003996,0,1.62,-1.62,0.0,False
2004-09-23,USW00003999,0,1.21,-1.21,0.13,False
2004-09-23,USW00012884,36,109.48,-73.48,-22.75,True
2004-09-23,USW00012904,0,136.45,-136.45,-42.69,True
2004-09-23,USW00012912,0,7.79,-7.79,-1.95,False
2004-09-23,USW00012916,18,56.5,-38.5,-11.68,True
2004-09-23,USW00012917,264,1.89,262.11,83.51,True
2004-09-23,USW00012918,0,4.93,-4.93,-1.05,False
2004-09-23,USW00012921,0,8.15,-8.15,-2.06,False
2004-09-23,USW00012923,0,0.06,-0.06,0.5,False
2004-09-23,USW00012924,3,51.84,-48.84,-14.95,True
2004-09-23,USW00012926,302,37.95,264.05,84.13,True
2004-09-23,USW00012928,58,75.85,-17.85,-5.14,True
2004-09-23,USW00012930,10,58.7,-48.7,-14.9,True
2004-09-23,USW00012932,15,67.67,-52.67,-16.16,True
2004-09-23,USW00012935,30,32.45,-2.45,-0.26,False
2004-09-23,USW00012944,0,0.06,-0.06,0.5,False
2004-09-23,USW00012957,0,49.03,-49.03,-15.01,True
2004-09-23,USW00012958,3,58.6,-55.6,-17.09,True
2004-09-23,USW00012959,0,28.84,-28.84,-8.62,True
2004-09-23,USW00012960,0,0.25,-0.25,0.44,False
2004-09-23,USW00012968,94,156.76,-62.76,-19.35,True
2004-09-23,USW00012970,0,6.06,-6.06,-1.4,False
2004-09-23,USW00012971,0,4.82,-4.82,-1.01,False
2004-09-23,USW00012972,0,19.15,-19.15,-5.55,True
2004-09-23,USW00012975,0,5.75,-5.75,-1.3,False
2004-09-23,USW00012976,0,9.84,-9.84,-2.6,False
2004-09-23,USW00012977,0,2.4,-2.4,-0.24,False
2004-09-23,USW00012987,4,50.09,-46.09,-14.08,True
2004-09-23,USW00013833,0,0.86,-0.86,0.25,False
2004-09-23,USW00013838,0,0.64,-0.64,0.31,False
2004-09-23,USW00013865,0,0.51,-0.51,0.35,False
2004-09-23,USW00013894,0,1.29,-1.29,0.11,False
2004-09-23,USW00013899,0,0.0,0.0,0.52,False
2004-09-23,USW00013904,0,1.95,-1.95,-0.1,False
2004-09-23,USW00013911,0,1.27,-1.27,0.12,False
2004-09-23,USW00013927,0,0.0,0.0,0.52,False
2004-09-23,USW00013935,124,16.26,107.74,34.63,True
2004-09-23,USW00013939,0,0.32,-0.32,0.41,False
2004-09-23,USW00013942,30,21.68,8.32,3.15,False
2004-09-23,USW00013957,69,6.5,62.5,20.31,True
2004-09-23,USW00013958,0,1.22,-1.22,0.13,False
2004-09-23,USW00013959,0,0.07,-0.07,0.49,False
2004-09-23,USW00013960,0,0.0,0.0,0.52,False
2004-09-23,USW00013961,0,0.85,-0.85,0.25,False
2004-09-23,USW00013970,30,49.04,-19.04,-5.51,True
2004-09-23,USW00013972,0,1.01,-1.01,0.2,False
2004-09-23,USW00013976,102,79.09,22.91,7.77,True
2004-09-23,USW00013977,0,0.0,0.0,0.52,False
2004-09-23,USW00013978,0,0.0,0.0,0.52,False
2004-09-23,USW00053820,0,0.0,0.0,0.52,False
2004-09-23,USW00053858,0,2.39,-2.39,-0.24,False
2004-09-23,USW00053865,56,30.03,25.97,8.74,True
2004-09-23,USW00053902,0,0.17,-0.17,0.46,False
2004-09-23,USW00053903,0,0.08,-0.08,0.49,False
2004-09-23,USW00053905,74,4.63,69.37,22.48,True
2004-09-23,USW00053907,0,0.04,-0.04,0.5,False
2004-09-23,USW00053909,0,0.77,-0.77,0.27,False
2004-09-23,USW00053910,3,0.08,2.92,1.44,False
2004-09-23,USW00053911,0,0.0,0.0,0.52,False
2004-09-23,USW00053912,0,0.0,0.0,0.52,False
2004-09-23,USW00053914,0,0.0,0.0,0.52,False
2004-09-23,USW00053915,246,118.21,127.79,40.98,True
2004-09-23,USW00053917,69,64.64,4.36,1.9,False
2004-09-23,USW00053960,256,96.38,159.62,51.06,True
2004-09-23,USW00053961,27,6.77,20.23,6.92,True
2004-09-23,USW00053968,0,1.85,-1.85,-0.07,False
2004-09-23,USW00063831,10,0.02,9.98,3.68,True
2004-09-23,USW00093806,0,0.0,0.0,0.52,False
2004-09-23,USW00093874,10,9.58,0.42,0.65,False
2004-09-23,USW00093914,0,2.23,-2.23,-0.19,False
2004-09-23,USW00093915,150,20.57,129.43,41.5,True
2004-09-23,USW00093919,30,14.04,15.96,5.57,True
2004-09-23,USW00093985,0,6.66,-6.66,-1.59,False
2004-09-23,USW00093987,0,1.49,-1.49,0.04,False
2004-09-23,USW00093992,8,5.92,2.08,1.17,False
2004-09-24,USC00010140,0,0.0,0.0,0.16,False
2004-09-24,USC00010184,0,0.0,0.0,0.16,False
2004-09-24,USC00010402,0,0.0,0.0,0.16,False
2004-09-24,USC00010505,0,0.0,0.0,0.16,False
2004-09-24,USC00010583,0,0.0,0.0,0.16,False
2004-09-24,USC00010764,0,0.0,0.0,0.16,False
2004-09-24,USC00011080,0,0.0,0.0,0.16,False
2004-09-24,USC00011084,0,0.0,0.0,0.16,False
2004-09-24,USC00011143,0,0.0,0.0,0.16,False
2004-09-24,USC00011189,0,0.34,-0.34,0.1,False
2004-09-24,USC00011566,0,0.0,0.0,0.16,False
2004-09-24,USC00011690,0,0.0,0.0,0.16,False
2004-09-24,USC00011803,0,0.25,-0.25,0.12,False
2004-09-24,USC00011810,0,0.0,0.0,0.16,False
2004-09-24,USC00012172,0,0.0,0.0,0.16,False
2004-09-24,USC00012813,0,0.0,0.0,0.16,False
2004-09-24,USC00013160,0,0.0,0.0,0.16,False
2004-09-24,USC00013511,0,0.0,0.0,0.16,False
2004-09-24,USC00013930,0,0.0,0.0,0.16,False
2004-09-24,USC00014193,0,0.0,0.0,0.16,False
2004-09-24,USC00014798,0,0.28,-0.28,0.11,False
2004-09-24,USC00015112,0,0.0,0.0,0.16,False
2004-09-24,USC00015121,0,0.0,0.0,0.16,False
2004-09-24,USC00015420,0,0.0,0.0,0.16,False
2004-09-24,USC00015658,0,0.0,0.0,0.16,False
2004-09-24,USC00016362,0,0.0,0.0,0.16,False
2004-09-24,USC00016847,0,0.0,0.0,0.16,False
2004-09-24,USC00016988,0,0.0,0.0,0.16,False
2004-09-24,USC00017366,0,0.0,0.0,0.16,False
2004-09-24,USC00018178,0,0.0,0.0,0.16,False
2004-09-24,USC00018380,0,0.0,0.0,0.16,False
2004-09-24,USC00018385,0,0.0,0.0,0.16,False
2004-09-24,USC00018637,0,0.0,0.0,0.16,False
2004-09-24,USC00018673,0,0.0,0.0,0.16,False
2004-09-24,USC00018809,0,0.0,0.0,0.16,False
2004-09-24,USC00031140,94,60.45,33.55,5.36,True
2004-09-24,USC00031730,5,29.68,-24.68,-3.67,True
2004-09-24,USC00032355,13,2.64,10.36,1.77,False
2004-09-24,USC00032475,38,36.08,1.92,0.46,False
2004-09-24,USC00034185,43,107.86,-64.86,-9.91,True
2004-09-24,USC00034548,264,98.35,165.65,25.86,True
2004-09-24,USC00034936,61,62.56,-1.56,-0.08,False
2004-09-24,USC00035866,0,12.08,-12.08,-1.72,False
2004-09-24,USC00085793,0,0.0,0.0,0.16,False
2004-09-24,USC00086999,0,0.0,0.0,0.16,False
2004-09-24,USC00160007,56,167.91,-111.91,-17.21,True
2004-09-24,USC00160012,0,29.3,-29.3,-4.39,True
2004-09-24,USC00160016,25,25.21,-0.21,0.13,False
2004-09-24,USC00160021,0,26.44,-26.44,-3.94,True
2004-09-24,USC00160098,104,153.78,-49.78,-7.57,True
2004-09-24,USC00160103,216,136.66,79.34,12.47,True
2004-09-24,USC00160205,53,25.46,27.54,4.43,True
2004-09-24,USC00160238,20,22.12,-2.12,-0.17,False
2004-09-24,USC00160277,99,112.99,-13.99,-2.01,False
2004-09-24,USC00160349,124,148.0,-24.0,-3.57,True
2004-09-24,USC00160462,76,30.05,45.95,7.29,True
2004-09-24,USC00160537,0,27.49,-27.49,-4.11,True
2004-09-24,USC00160540,0,58.88,-58.88,-8.98,True
2004-09-24,USC00160546,5,36.92,-31.92,-4.79,True
2004-09-24,USC00160548,20,33.41,-13.41,-1.92,False
2004-09-24,USC00160558,18,33.34,-15.34,-2.22,False
2004-09-24,USC00160565,30,55.99,-25.99,-3.87,True
2004-09-24,USC00160617,173,182.5,-9.5,-1.32,False
2004-09-24,USC00160658,1052,281.64,770.36,119.69,True
2004-09-24,USC00160800,0,129.03,-129.03,-19.86,True
2004-09-24,USC00160945,38,25.08,12.92,2.16,False
2004-09-24,USC00161200,495,234.66,260.34,40.55,True
2004-09-24,USC00161232,112,193.33,-81.33,-12.46,True
2004-09-24,USC00161235,145,194.12,-49.12,-7.46,True
2004-09-24,USC00161246,0,38.61,-38.61,-5.83,True
2004-09-24,USC00161287,0,109.83,-109.83,-16.88,True
2004-09-24,USC00161292,0,7.08,-7.08,-0.94,False
2004-09-24,USC00161365,18,82.17,-64.17,-9.8,True
2004-09-24,USC00161411,89,53.78,35.22,5.62,True
2004-09-24,USC00161535,53,114.88,-61.88,-9.44,True
2004-09-24,USC00161565,5,41.89,-36.89,-5.57,True
2004-09-24,USC00161639,64,12.25,51.75,8.19,True
2004-09-24,USC00161866,114,49.96,64.04,10.1,True
2004-09-24,USC00161899,18,28.97,-10.97,-1.54,False
2004-09-24,USC00161941,236,177.7,58.3,9.2,True
2004-09-24,USC00161979,81,54.01,26.99,4.35,True
2004-09-24,USC00162002,0,30.82,-30.82,-4.62,True
2004-09-24,USC00162121,30,125.25,-95.25,-14.62,True
2004-09-24,USC00162151,0,32.99,-32.99,-4.96,True
2004-09-24,USC00162154,94,21.61,72.39,11.39,True
2004-09-24,USC00162212,64,190.3,-126.3,-19.44,True
2004-09-24,USC00162350,13,31.1,-18.1,-2.65,False
2004-09-24,USC00162367,597,356.15,240.85,37.53,True
2004-09-24,USC00162534,84,35.24,48.76,7.72,True
2004-09-24,USC00162536,0,37.44,-37.44,-5.65,True
2004-09-24,USC00162641,488,315.47,172.53,26.93,True
2004-09-24,USC00162812,488,188.19,299.81,46.68,True
2004-09-24,USC00162981,102,201.06,-99.06,-15.21,True
2004-09-24,USC00163079,66,55.87,10.13,1.73,False
2004-09-24,USC00163165,64,22.62,41.38,6.58,True
2004-09-24,USC00163313,30,96.9,-66.9,-10.22,True
2004-09-24,USC00163322,28,26.35,1.65,0.41,False
2004-09-24,USC00163433,0,20.88,-20.88,-3.08,False
2004-09-24,USC00163695,38,32.3,5.7,1.04,False
2004-09-24,USC00163741,356,192.37,163.63,25.55,True
2004-09-24,USC00163800,152,93.23,58.77,9.28,True
2004-09-24,USC00163804,236,185.71,50.29,7.96,True
2004-09-24,USC00163807,0,6.86,-6.86,-0.91,False
2004-09-24,USC00163829,0,15.38,-15.38,-2.23,False
2004-09-24,USC00163867,79,25.53,53.47,8.45,True
2004-09-24,USC00163877,163,171.85,-8.85,-1.21,False
2004-09-24,USC00163979,0,358.25,-358.25,-55.43,True
2004-09-24,USC00164030,28,24.46,3.54,0.71,False
2004-09-24,USC00164034,53,23.38,29.62,4.75,True
2004-09-24,USC00164050,132,175.77,-43.77,-6.63,True
2004-09-24,USC00164131,94,126.16,-32.16,-4.83,True
2004-09-24,USC00164288,457,228.36,228.64,35.63,True
2004-09-24,USC00164355,150,116.91,33.09,5.29,True
2004-09-24,USC00164398,25,119.44,-94.44,-14.5,True
2004-09-24,USC00164407,0,40.45,-40.45,-6.12,True
2004-09-24,USC00164573,0,29.86,-29.86,-4.48,True
2004-09-24,USC00164592,97,141.05,-44.05,-6.68,True
2004-09-24,USC00164674,224,93.28,130.72,20.44,True
2004-09-24,USC00164696,13,95.07,-82.07,-12.58,True
2004-09-24,USC00164700,28,248.5,-220.5,-34.06,True
2004-09-24,USC00164732,119,84.51,34.49,5.51,True
2004-09-24,USC00164739,84,78.39,5.61,1.03,False
2004-09-24,USC00164775,102,185.0,-83.0,-12.72,True
2004-09-24,USC00164816,64,194.05,-130.05,-20.02,True
2004-09-24,USC00164859,48,22.26,25.74,4.15,True
2004-09-24,USC00164931,51,167.33,-116.33,-17.89,True
2004-09-24,USC00165021,124,120.69,3.31,0.67,False
2004-09-24,USC00165065,135,279.66,-144.66,-22.29,True
2004-09-24,USC00165072,287,380.74,-93.74,-14.39,True
2004-09-24,USC00165074,460,350.98,109.02,17.07,True
2004-09-24,USC00165076,376,371.35,4.65,0.88,False
2004-09-24,USC00165090,0,5.6,-5.6,-0.71,False
2004-09-24,USC00165146,102,75.72,26.28,4.24,True
2004-09-24,USC00165266,467,310.89,156.11,24.38,True
2004-09-24,USC00165287,533,342.66,190.34,29.69,True
2004-09-24,USC00165296,340,158.91,181.09,28.26,True
2004-09-24,USC00165430,0,29.39,-29.39,-4.4,True
2004-09-24,USC00165438,10,25.56,-15.56,-2.26,False
2004-09-24,USC00165522,36,148.84,-112.84,-17.35,True
2004-09-24,USC00165610,0,19.77,-19.77,-2.91,False
2004-09-24,USC00165620,10,35.24,-25.24,-3.76,True
2004-09-24,USC00165624,5,11.28,-6.28,-0.82,False
2004-09-24,USC00165630,28,162.07,-134.07,-20.64,True
2004-09-24,USC00165783,18,26.74,-8.74,-1.2,False
2004-09-24,USC00165892,191,193.68,-2.68,-0.26,False
2004-09-24,USC00165896,107,207.13,-100.13,-15.38,True
2004-09-24,USC00165920,0,89.01,-89.01,-13.65,True
2004-09-24,USC00165926,0,14.77,-14.77,-2.13,False
2004-09-24,USC00165935,114,157.1,-43.1,-6.53,True
2004-09-24,USC00166157,10,16.11,-6.11,-0.79,False
2004-09-24,USC00166244,122,140.8,-18.8,-2.76,False
2004-09-24,USC00166314,36,23.96,12.04,2.03,False
2004-09-24,USC00166364,86,141.91,-55.91,-8.52,True
2004-09-24,USC00166394,427,46.31,380.69,59.23,True
2004-09-24,USC00166431,376,359.88,16.12,2.66,False
2004-09-24,USC00166466,36,26.81,9.19,1.58,False
2004-09-24,USC00166561,25,46.85,-21.85,-3.23,False
2004-09-24,USC00166582,241,183.65,57.35,9.06,True
2004-09-24,USC00166657,165,177.45,-12.45,-1.77,False
2004-09-24,USC00166666,15,15.08,-0.08,0.15,False
2004-09-24,USC00166686,0,37.94,-37.94,-5.73,True
2004-09-24,USC00166808,0,31.09,-31.09,-4.67,True
2004-09-24,USC00166836,193,222.74,-29.74,-4.46,True
2004-09-24,USC00166866,3,9.7,-6.7,-0.88,False
2004-09-24,USC00166868,0,24.29,-24.29,-3.61,True
2004-09-24,USC00166911,58,24.93,33.07,5.29,True
2004-09-24,USC00166938,193,256.89,-63.89,-9.76,True
2004-09-24,USC00166968,302,363.08,-61.08,-9.32,True
2004-09-24,USC00166978,46,88.59,-42.59,-6.45,True
2004-09-24,USC00166995,109,101.26,7.74,1.36,False
2004-09-24,USC00167096,0,22.42,-22.42,-3.32,False
2004-09-24,USC00167304,64,24.71,39.29,6.25,True
2004-09-24,USC00167366,18,38.21,-20.21,-2.98,False
2004-09-24,USC00167425,0,26.06,-26.06,-3.89,True
2004-09-24,USC00167448,10,35.94,-25.94,-3.87,True
2004-09-24,USC00167729,28,84.68,-56.68,-8.64,True
2004-09-24,USC00167732,38,127.84,-89.84,-13.78,True
2004-09-24,USC00167738,137,189.74,-52.74,-8.03,True
2004-09-24,USC00167767,0,26.28,-26.28,-3.92,True
2004-09-24,USC00167924,142,171.63,-29.63,-4.44,True
2004-09-24,USC00167932,635,268.06,366.94,57.1,True
2004-09-24,USC00168046,706,340.97,365.03,56.8,True
2004-09-24,USC00168067,76,84.47,-8.47,-1.16,False
2004-09-24,USC00168094,163,124.84,38.16,6.08,True
2004-09-24,USC00168108,0,17.65,-17.65,-2.58,False
2004-09-24,USC00168136,5,37.57,-32.57,-4.9,True
2004-09-24,USC00168139,23,36.63,-13.63,-1.96,False
2004-09-24,USC00168163,10,36.49,-26.49,-3.95,True
2004-09-24,USC00168181,269,95.33,173.67,27.11,True
2004-09-24,USC00168436,147,323.81,-176.81,-27.28,True
2004-09-24,USC00168444,79,211.57,-132.57,-20.41,True
2004-09-24,USC00168539,81,21.27,59.73,9.43,True
2004-09-24,USC00168669,38,67.08,-29.08,-4.35,True
2004-09-24,USC00168683,0,123.78,-123.78,-19.05,True
2004-09-24,USC00168785,0,35.95,-35.95,-5.42,True
2004-09-24,USC00168831,676,325.05,350.95,54.61,True
2004-09-24,USC00168861,51,26.49,24.51,3.96,True
2004-09-24,USC00168906,48,27.19,20.81,3.39,False
2004-09-24,USC00168923,0,15.86,-15.86,-2.3,False
2004-09-24,USC00168941,10,13.97,-3.97,-0.46,False
2004-09-24,USC00168945,0,27.67,-27.67,-4.14,True
2004-09-24,USC00169013,53,30.09,22.91,3.71,True
2004-09-24,USC00169357,127,47.74,79.26,12.46,True
2004-09-24,USC00169369,114,127.07,-13.07,-1.87,False
2004-09-24,USC00169392,20,111.14,-91.14,-13.98,True
2004-09-24,USC00169480,13,28.41,-15.41,-2.23,False
2004-09-24,USC00169631,58,42.98,15.02,2.49,False
2004-09-24,USC00169803,104,98.13,5.87,1.07,False
2004-09-24,USC00169804,20,36.23,-16.23,-2.36,False
2004-09-24,USC00169806,23,34.98,-11.98,-1.7,False
2004-09-24,USC00169809,0,105.06,-105.06,-16.14,True
2004-09-24,USC00169930,33,31.8,1.2,0.34,False
2004-09-24,USC00169980,94,196.04,-102.04,-15.68,True
2004-09-24,USC00220039,0,0.0,0.0,0.16,False
2004-09-24,USC00220218,79,19.34,59.66,9.41,True
2004-09-24,USC00220521,56,24.4,31.6,5.06,True
2004-09-24,USC00220523,0,0.49,-0.49,0.08,False
2004-09-24,USC00220585,0,1.56,-1.56,-0.08,False
2004-09-24,USC00220660,0,0.54,-0.54,0.07,False
2004-09-24,USC00220792,0,10.32,-10.32,-1.44,False
2004-09-24,USC00220891,0,0.0,0.0,0.16,False
2004-09-24,USC00221094,5,18.6,-13.6,-1.95,False
2004-09-24,USC00221174,0,0.0,0.0,0.16,False
2004-09-24,USC00221389,0,0.22,-0.22,0.12,False
2004-09-24,USC00221489,0,0.33,-0.33,0.11,False
2004-09-24,USC00221578,36,32.31,3.69,0.73,False
2004-09-24,USC00221852,0,1.97,-1.97,-0.15,False
2004-09-24,USC00221860,0,0.55,-0.55,0.07,False
2004-09-24,USC00221865,0,15.36,-15.36,-2.23,False
2004-09-24,USC00221880,0,0.0,0.0,0.16,False
2004-09-24,USC00222034,0,0.39,-0.39,0.1,False
2004-09-24,USC00222094,0,5.38,-5.38,-0.68,False
2004-09-24,USC00222385,0,1.81,-1.81,-0.12,False
2004-09-24,USC00223107,0,0.57,-0.57,0.07,False
2004-09-24,USC00223340,0,0.35,-0.35,0.1,False
2004-09-24,USC00223441,58,30.42,27.58,4.44,True
2004-09-24,USC00223516,0,0.25,-0.25,0.12,False
2004-09-24,USC00223605,0,1.38,-1.38,-0.06,False
2004-09-24,USC00223667,8,11.59,-3.59,-0.4,False
2004-09-24,USC00223671,0,12.65,-12.65,-1.81,False
2004-09-24,USC00223887,0,6.32,-6.32,-0.82,False
2004-09-24,USC00223920,0,11.5,-11.5,-1.63,False
2004-09-24,USC00224470,0,0.89,-0.89,0.02,False
2004-09-24,USC00224702,0,0.4,-0.4,0.1,False
2004-09-24,USC00224776,0,0.28,-0.28,0.11,False
2004-09-24,USC00224939,0,0.36,-0.36,0.1,False
2004-09-24,USC00224966,0,0.64,-0.64,0.06,False
2004-09-24,USC00225020,0,0.66,-0.66,0.06,False
2004-09-24,USC00225062,0,0.0,0.0,0.16,False
2004-09-24,USC00225247,0,0.3,-0.3,0.11,False
2004-09-24,USC00225361,0,0.0,0.0,0.16,False
2004-09-24,USC00225611,18,21.01,-3.01,-0.31,False
2004-09-24,USC00225704,30,33.81,-3.81,-0.43,False
2004-09-24,USC00225943,0,1.02,-1.02,0.0,False
2004-09-24,USC00225987,0,5.81,-5.81,-0.74,False
2004-09-24,USC00225989,5,1.95,3.05,0.63,False
2004-09-24,USC00226009,0,0.51,-0.51,0.08,False
2004-09-24,USC00226177,89,51.56,37.44,5.97,True
2004-09-24,USC00226294,0,0.25,-0.25,0.12,False
2004-09-24,USC00226308,0,7.03,-7.03,-0.93,False
2004-09-24,USC00226476,0,2.89,-2.89,-0.29,False
2004-09-24,USC00226484,0,8.15,-8.15,-1.11,False
2004-09-24,USC00226638,0,0.41,-0.41,0.09,False
2004-09-24,USC00226640,0,1.3,-1.3,-0.04,False
2004-09-24,USC00226642,0,1.42,-1.42,-0.06,False
2004-09-24,USC00226643,0,0.69,-0.69,0.05,False
2004-09-24,USC00226644,0,1.47,-1.47,-0.07,False
2004-09-24,USC00226718,0,1.99,-1.99,-0.15,False
2004-09-24,USC00226894,0,0.44,-0.44,0.09,False
2004-09-24,USC00226921,76,24.46,51.54,8.15,True
2004-09-24,USC00226924,30,26.03,3.97,0.77,False
2004-09-24,USC00226926,0,0.0,0.0,0.16,False
2004-09-24,USC00227128,18,20.48,-2.48,-0.23,False
2004-09-24,USC00227132,0,22.34,-22.34,-3.31,False
2004-09-24,USC00227172,0,5.9,-5.9,-0.76,False
2004-09-24,USC00227220,0,10.32,-10.32,-1.44,False
2004-09-24,USC00227276,0,0.45,-0.45,0.09,False
2004-09-24,USC00227444,0,0.87,-0.87,0.02,False
2004-09-24,USC00227560,0,0.9,-0.9,0.02,False
2004-09-24,USC00227595,0,0.24,-0.24,0.12,False
2004-09-24,USC00227831,0,0.7,-0.7,0.05,False
2004-09-24,USC00227840,0,13.8,-13.8,-1.98,False
2004-09-24,USC00228053,0,0.32,-0.32,0.11,False
2004-09-24,USC00228374,0,0.0,0.0,0.16,False
2004-09-24,USC00228413,0,24.52,-24.52,-3.65,True
2004-09-24,USC00228445,0,0.66,-0.66,0.05,False
2004-09-24,USC00228556,0,6.31,-6.31,-0.82,False
2004-09-24,USC00228899,0,0.41,-0.41,0.09,False
2004-09-24,USC00229048,20,22.59,-2.59,-0.24,False
2004-09-24,USC00229072,53,21.1,31.9,5.11,True
2004-09-24,USC00229114,0,0.0,0.0,0.16,False
2004-09-24,USC00229157,0,4.17,-4.17,-0.49,False
2004-09-24,USC00229230,0,7.9,-7.9,-1.07,False
2004-09-24,USC00229326,0,0.42,-0.42,0.09,False
2004-09-24,USC00229426,5,22.79,-17.79,-2.6,False
2004-09-24,USC00229439,0,0.28,-0.28,0.11,False
2004-09-24,USC00229597,0,0.46,-0.46,0.09,False
2004-09-24,USC00229639,0,14.41,-14.41,-2.08,False
2004-09-24,USC00229743,0,0.0,0.0,0.16,False
2004-09-24,USC00229793,51,30.96,20.04,3.27,False
2004-09-24,USC00229860,0,0.39,-0.39,0.1,False
2004-09-24,USC00410144,0,34.16,-34.16,-5.14,True
2004-09-24,USC00410190,572,72.13,499.87,77.72,True
2004-09-24,USC00410204,0,2.54,-2.54,-0.24,False
2004-09-24,USC00410206,0,4.25,-4.25,-0.5,False
2004-09-24,USC00410235,25,52.57,-27.57,-4.12,True
2004-09-24,USC00410246,0,0.23,-0.23,0.12,False
2004-09-24,USC00410257,0,1.68,-1.68,-0.1,False
2004-09-24,USC00410271,0,16.59,-16.59,-2.42,False
2004-09-24,USC00410297,0,0.06,-0.06,0.15,False
2004-09-24,USC00410305,0,6.45,-6.45,-0.84,False
2004-09-24,USC00410337,0,0.45,-0.45,0.09,False
2004-09-24,USC00410404,0,23.33,-23.33,-3.46,False
2004-09-24,USC00410408,18,85.87,-67.87,-10.37,True
2004-09-24,USC00410431,0,0.0,0.0,0.16,False
2004-09-24,USC00410518,0,0.1,-0.1,0.14,False
2004-09-24,USC00410569,0,1.78,-1.78,-0.12,False
2004-09-24,USC00410586,0,22.71,-22.71,-3.37,False
2004-09-24,USC00410611,127,213.73,-86.73,-13.3,True
2004-09-24,USC00410613,114,151.61,-37.61,-5.68,True
2004-09-24,USC00410639,0,16.98,-16.98,-2.48,False
2004-09-24,USC00410655,0,1.6,-1.6,-0.09,False
2004-09-24,USC00410660,0,0.0,0.0,0.16,False
2004-09-24,USC00410690,0,45.28,-45.28,-6.87,True
2004-09-24,USC00410691,0,1.95,-1.95,-0.14,False
2004-09-24,USC00410738,0,0.33,-0.33,0.11,False
2004-09-24,USC00410805,257,35.58,221.42,34.52,True
2004-09-24,USC00410832,0,0.22,-0.22,0.12,False
2004-09-24,USC00411026,0,0.08,-0.08,0.15,False
2004-09-24,USC00411035,0,6.26,-6.26,-0.81,False
2004-09-24,USC00411045,0,0.0,0.0,0.16,False
2004-09-24,USC00411048,0,0.43,-0.43,0.09,False
2004-09-24,USC00411063,8,4.43,3.57,0.71,False
2004-09-24,USC00411089,69,181.11,-112.11,-17.24,True
2004-09-24,USC00411215,0,0.0,0.0,0.16,False
2004-09-24,USC00411246,0,1.07,-1.07,-0.01,False
2004-09-24,USC00411250,0,0.41,-0.41,0.09,False
2004-09-24,USC00411253,0,1.03,-1.03,-0.0,False
2004-09-24,USC00411314,0,0.24,-0.24,0.12,False
2004-09-24,USC00411337,0,16.25,-16.25,-2.36,False
2004-09-24,USC00411348,0,0.0,0.0,0.16,False
2004-09-24,USC00411429,0,0.0,0.0,0.16,False
2004-09-24,USC00411433,0,0.0,0.0,0.16,False
2004-09-24,USC00411541,0,0.16,-0.16,0.13,False
2004-09-24,USC00411578,46,142.52,-96.52,-14.82,True
2004-09-24,USC00411580,0,0.43,-0.43,0.09,False
2004-09-24,USC00411596,0,26.7,-26.7,-3.98,True
2004-09-24,USC00411625,0,1.87,-1.87,-0.13,False
2004-09-24,USC00411671,0,0.21,-0.21,0.12,False
2004-09-24,USC00411711,0,154.61,-154.61,-23.83,True
2004-09-24,USC00411720,38,6.24,31.76,5.09,True
2004-09-24,USC00411800,0,0.96,-0.96,0.01,False
2004-09-24,USC00411804,0,0.11,-0.11,0.14,False
2004-09-24,USC00411810,0,40.18,-40.18,-6.08,True
2004-09-24,USC00411838,0,1.84,-1.84,-0.13,False
2004-09-24,USC00411880,0,0.0,0.0,0.16,False
2004-09-24,USC00411911,13,0.87,12.13,2.04,False
2004-09-24,USC00411921,0,0.95,-0.95,0.01,False
2004-09-24,USC00411956,0,4.66,-4.66,-0.57,False
2004-09-24,USC00411970,0,1.33,-1.33,-0.05,False
2004-09-24,USC00411990,0,0.28,-0.28,0.11,False
2004-09-24,USC00412013,64,51.06,12.94,2.17,False
2004-09-24,USC00412017,109,200.35,-91.35,-14.02,True
2004-09-24,USC00412019,0,0.3,-0.3,0.11,False
2004-09-24,USC00412020,0,0.38,-0.38,0.1,False
2004-09-24,USC00412086,0,0.0,0.0,0.16,False
2004-09-24,USC00412088,0,0.0,0.0,0.16,False
2004-09-24,USC00412096,0,2.42,-2.42,-0.22,False
2004-09-24,USC00412114,102,92.12,9.88,1.69,False
2004-09-24,USC00412173,0,0.0,0.0,0.16,False
2004-09-24,USC00412206,0,1.48,-1.48,-0.07,False
2004-09-24,USC00412218,0,2.63,-2.63,-0.25,False
2004-09-24,USC00412225,3,47.49,-44.49,-6.74,True
2004-09-24,USC00412266,0,1.44,-1.44,-0.07,False
2004-09-24,USC00412295,0,0.0,0.0,0.16,False
2004-09-24,USC00412334,0,3.04,-3.04,-0.31,False
2004-09-24,USC00412404,0,1.26,-1.26,-0.04,False
2004-09-24,USC00412444,0,69.41,-69.41,-10.61,True
2004-09-24,USC00412462,0,0.26,-0.26,0.12,False
2004-09-24,USC00412585,0,0.17,-0.17,0.13,False
2004-09-24,USC00412598,0,3.05,-3.05,-0.32,False
2004-09-24,USC00412770,0,0.35,-0.35,0.1,False
2004-09-24,USC00412772,0,28.4,-28.4,-4.25,True
2004-09-24,USC00412786,0,1.42,-1.42,-0.06,False
2004-09-24,USC00412820,0,0.0,0.0,0.16,False
2004-09-24,USC00413005,0,0.28,-0.28,0.11,False
2004-09-24,USC00413047,0,3.01,-3.01,-0.31,False
2004-09-24,USC00413063,0,31.51,-31.51,-4.73,True
2004-09-24,USC00413065,0,1.37,-1.37,-0.06,False
2004-09-24,USC00413080,0,0.13,-0.13,0.14,False
2004-09-24,USC00413133,0,0.13,-0.13,0.14,False
2004-09-24,USC00413156,0,0.0,0.0,0.16,False
2004-09-24,USC00413171,0,0.15,-0.15,0.13,False
2004-09-24,USC00413183,0,0.43,-0.43,0.09,False
2004-09-24,USC00413199,0,0.2,-0.2,0.13,False
2004-09-24,USC00413201,0,0.9,-0.9,0.02,False
2004-09-24,USC00413247,0,3.66,-3.66,-0.41,False
2004-09-24,USC00413285,0,1.03,-1.03,-0.0,False
2004-09-24,USC00413321,0,0.45,-0.45,0.09,False
2004-09-24,USC00413340,0,1.84,-1.84,-0.13,False
2004-09-24,USC00413370,0,0.21,-0.21,0.13,False
2004-09-24,USC00413485,0,0.15,-0.15,0.13,False
2004-09-24,USC00413507,0,0.18,-0.18,0.13,False
2004-09-24,USC00413508,0,24.78,-24.78,-3.69,True
2004-09-24,USC00413525,0,0.36,-0.36,0.1,False
2004-09-24,USC00413546,0,25.27,-25.27,-3.76,True
2004-09-24,USC00413618,0,1.9,-1.9,-0.14,False
2004-09-24,USC00413620,0,1.86,-1.86,-0.13,False
2004-09-24,USC00413622,0,0.17,-0.17,0.13,False
2004-09-24,USC00413624,0,0.16,-0.16,0.13,False
2004-09-24,USC00413639,91,2.1,88.9,13.95,True
2004-09-24,USC00413675,0,3.05,-3.05,-0.31,False
2004-09-24,USC00413685,0,0.13,-0.13,0.14,False
2004-09-24,USC00413686,0,0.0,0.0,0.16,False
2004-09-24,USC00413691,0,0.22,-0.22,0.12,False
2004-09-24,USC00413734,0,0.76,-0.76,0.04,False
2004-09-24,USC00413776,0,2.13,-2.13,-0.17,False
2004-09-24,USC00413846,0,1.89,-1.89,-0.13,False
2004-09-24,USC00413873,0,0.54,-0.54,0.07,False
2004-09-24,USC00413877,3,87.79,-84.79,-13.0,True
2004-09-24,USC00413884,0,1.73,-1.73,-0.11,False
2004-09-24,USC00413941,0,75.22,-75.22,-11.51,True
2004-09-24,USC00413943,0,3.0,-3.0,-0.31,False
2004-09-24,USC00414020,0,24.12,-24.12,-3.58,True
2004-09-24,USC00414077,66,220.77,-154.77,-23.86,True
2004-09-24,USC00414081,152,70.82,81.18,12.75,True
2004-09-24,USC00414137,0,1.75,-1.75,-0.11,False
2004-09-24,USC00414182,0,0.07,-0.07,0.15,False
2004-09-24,USC00414202,38,19.01,18.99,3.1,False
2004-09-24,USC00414313,0,1.46,-1.46,-0.07,False
2004-09-24,USC00414315,8,3.41,4.59,0.87,False
2004-09-24,USC00414321,0,1.71,-1.71,-0.11,False
2004-09-24,USC00414325,0,1.98,-1.98,-0.15,False
2004-09-24,USC00414326,0,2.11,-2.11,-0.17,False
2004-09-24,USC00414327,0,1.72,-1.72,-0.11,False
2004-09-24,USC00414333,3,2.27,0.73,0.27,False
2004-09-24,USC00414343,0,8.0,-8.0,-1.08,False
2004-09-24,USC00414382,0,32.37,-32.37,-4.86,True
2004-09-24,USC00414390,0,0.0,0.0,0.16,False
2004-09-24,USC00414505,0,0.08,-0.08,0.15,False
2004-09-24,USC00414517,91,3.3,87.7,13.77,True
2004-09-24,USC00414525,0,63.83,-63.83,-9.75,True
2004-09-24,USC00414531,0,2.38,-2.38,-0.21,False
2004-09-24,USC00414556,0,0.16,-0.16,0.13,False
2004-09-24,USC00414563,191,262.32,-71.32,-10.91,True
2004-09-24,USC00414575,0,0.25,-0.25,0.12,False
2004-09-24,USC00414597,0,0.44,-0.44,0.09,False
2004-09-24,USC00414605,0,0.34,-0.34,0.11,False
2004-09-24,USC00414679,0,1.31,-1.31,-0.05,False
2004-09-24,USC00414693,64,112.56,-48.56,-7.38,True
2004-09-24,USC00414696,0,4.35,-4.35,-0.52,False
2004-09-24,USC00414704,0,1.6,-1.6,-0.09,False
2004-09-24,USC00414705,0,0.13,-0.13,0.14,False
2004-09-24,USC00414805,0,0.0,0.0,0.16,False
2004-09-24,USC00414810,104,64.96,39.04,6.22,True
2004-09-24,USC00414866,0,1.0,-1.0,0.0,False
2004-09-24,USC00414878,284,156.59,127.41,19.93,True
2004-09-24,USC00414903,0,0.6,-0.6,0.07,False
2004-09-24,USC00414911,0,2.85,-2.85,-0.28,False
2004-09-24,USC00414972,0,7.31,-7.31,-0.98,False
2004-09-24,USC00414976,0,14.39,-14.39,-2.08,False
2004-09-24,USC00414979,0,12.18,-12.18,-1.73,False
2004-09-24,USC00414980,0,4.58,-4.58,-0.55,False
2004-09-24,USC00415018,0,0.56,-0.56,0.07,False
2004-09-24,USC00415094,0,0.09,-0.09,0.14,False
2004-09-24,USC00415192,0,0.22,-0.22,0.12,False
2004-09-24,USC00415193,0,0.2,-0.2,0.13,False
2004-09-24,USC00415196,0,42.63,-42.63,-6.46,True
2004-09-24,USC00415229,8,76.54,-68.54,-10.48,True
2004-09-24,USC00415243,0,5.79,-5.79,-0.74,False
2004-09-24,USC00415271,102,127.78,-25.78,-3.84,True
2004-09-24,USC00415285,0,0.0,0.0,0.16,False
2004-09-24,USC00415341,0,79.38,-79.38,-12.16,True
2004-09-24,USC00415344,33,63.62,-30.62,-4.59,True
2004-09-24,USC00415415,0,194.62,-194.62,-30.04,True
2004-09-24,USC00415429,0,0.0,0.0,0.16,False
2004-09-24,USC00415430,0,0.15,-0.15,0.13,False
2004-09-24,USC00415435,89,194.06,-105.06,-16.14,True
2004-09-24,USC00415477,0,8.76,-8.76,-1.2,False
2004-09-24,USC00415611,0,0.0,0.0,0.16,False
2004-09-24,USC00415618,51,108.64,-57.64,-8.79,True
2004-09-24,USC00415659,0,1.68,-1.68,-0.1,False
2004-09-24,USC00415661,188,21.75,166.25,25.95,True
2004-09-24,USC00415667,0,26.75,-26.75,-3.99,True
2004-09-24,USC00415701,0,1.04,-1.04,-0.0,False
2004-09-24,USC00415721,0,6.98,-6.98,-0.93,False
2004-09-24,USC00415757,0,0.0,0.0,0.16,False
2004-09-24,USC00415836,18,1.16,16.84,2.77,False
2004-09-24,USC00415845,0,1.1,-1.1,-0.01,False
2004-09-24,USC00415897,0,0.23,-0.23,0.12,False
2004-09-24,USC00415904,0,53.91,-53.91,-8.21,True
2004-09-24,USC00415954,0,16.88,-16.88,-2.46,False
2004-09-24,USC00416024,0,2.69,-2.69,-0.26,False
2004-09-24,USC00416058,0,1.05,-1.05,-0.0,False
2004-09-24,USC00416108,0,13.71,-13.71,-1.97,False
2004-09-24,USC00416119,0,2.82,-2.82,-0.28,False
2004-09-24,USC00416177,71,128.12,-57.12,-8.71,True
2004-09-24,USC00416210,0,0.08,-0.08,0.14,False
2004-09-24,USC00416270,0,27.27,-27.27,-4.07,True
2004-09-24,USC00416276,0,0.0,0.0,0.16,False
2004-09-24,USC00416280,0,13.73,-13.73,-1.97,False
2004-09-24,USC00416335,0,69.6,-69.6,-10.64,True
2004-09-24,USC00416341,287,291.48,-4.48,-0.54,False
2004-09-24,USC00416367,0,0.96,-0.96,0.01,False
2004-09-24,USC00416496,0,31.73,-31.73,-4.77,True
2004-09-24,USC00416664,203,292.82,-89.82,-13.78,True
2004-09-24,USC00416680,216,296.44,-80.44,-12.32,True
2004-09-24,USC00416766,0,8.79,-8.79,-1.21,False
2004-09-24,USC00417017,0,0.21,-0.21,0.12,False
2004-09-24,USC00417020,0,1.48,-1.48,-0.07,False
2004-09-24,USC00417040,0,217.13,-217.13,-33.53,True
2004-09-24,USC00417140,0,0.0,0.0,0.16,False
2004-09-24,USC00417170,3,35.88,-32.88,-4.94,True
2004-09-24,USC00417172,478,159.88,318.12,49.52,True
2004-09-24,USC00417179,0,1.55,-1.55,-0.08,False
2004-09-24,USC00417183,0,0.07,-0.07,0.15,False
2004-09-24,USC00417184,0,2.27,-2.27,-0.19,False
2004-09-24,USC00417300,0,3.55,-3.55,-0.39,False
2004-09-24,USC00417365,3,15.32,-12.32,-1.75,False
2004-09-24,USC00417388,0,1.44,-1.44,-0.06,False
2004-09-24,USC00417458,0,3.01,-3.01,-0.31,False
2004-09-24,USC00417530,0,14.04,-14.04,-2.02,False
2004-09-24,USC00417533,0,12.53,-12.53,-1.79,False
2004-09-24,USC00417550,0,2.62,-2.62,-0.25,False
2004-09-24,USC00417588,0,0.2,-0.2,0.13,False
2004-09-24,USC00417594,0,3.03,-3.03,-0.31,False
2004-09-24,USC00417659,0,1.08,-1.08,-0.01,False
2004-09-24,USC00417677,0,46.85,-46.85,-7.11,True
2004-09-24,USC00417685,0,0.0,0.0,0.16,False
2004-09-24,USC00417704,0,20.69,-20.69,-3.05,False
2004-09-24,USC00417707,0,0.13,-0.13,0.14,False
2004-09-24,USC00417744,0,0.0,0.0,0.16,False
2004-09-24,USC00417773,0,0.1,-0.1,0.14,False
2004-09-24,USC00417791,0,0.15,-0.15,0.13,False
2004-09-24,USC00417836,0,4.71,-4.71,-0.57,False
2004-09-24,USC00417841,0,90.4,-90.4,-13.87,True
2004-09-24,USC00417936,94,232.04,-138.04,-21.26,True
2004-09-24,USC00417947,0,0.0,0.0,0.16,False
2004-09-24,USC00417951,43,165.5,-122.5,-18.85,True
2004-09-24,USC00417983,0,0.0,0.0,0.16,False
2004-09-24,USC00418059,0,3.17,-3.17,-0.33,False
2004-09-24,USC00418081,0,49.75,-49.75,-7.56,True
2004-09-24,USC00418126,0,0.83,-0.83,0.03,False
2004-09-24,USC00418187,0,0.0,0.0,0.16,False
2004-09-24,USC00418311,89,203.6,-114.6,-17.62,True
2004-09-24,USC00418354,0,28.19,-28.19,-4.22,True
2004-09-24,USC00418415,0,0.29,-0.29,0.11,False
2004-09-24,USC00418446,0,0.33,-0.33,0.11,False
2004-09-24,USC00418487,0,1.92,-1.92,-0.14,False
2004-09-24,USC00418519,0,0.56,-0.56,0.07,False
2004-09-24,USC00418531,0,0.33,-0.33,0.11,False
2004-09-24,USC00418544,0,0.0,0.0,0.16,False
2004-09-24,USC00418646,0,0.15,-0.15,0.13,False
2004-09-24,USC00418658,0,0.59,-0.59,0.07,False
2004-09-24,USC00418696,0,14.55,-14.55,-2.1,False
2004-09-24,USC00418728,0,1.02,-1.02,0.0,False
2004-09-24,USC00418743,0,1.41,-1.41,-0.06,False
2004-09-24,USC00418862,0,0.0,0.0,0.16,False
2004-09-24,USC00418929,0,0.11,-0.11,0.14,False
2004-09-24,USC00418942,8,77.89,-69.89,-10.69,True
2004-09-24,USC00418996,41,0.42,40.58,6.45,True
2004-09-24,USC00419001,0,0.0,0.0,0.16,False
2004-09-24,USC00419004,0,0.0,0.0,0.16,False
2004-09-24,USC00419007,0,10.51,-10.51,-1.47,False
2004-09-24,USC00419068,218,271.88,-53.88,-8.2,True
2004-09-24,USC00419076,0,2.33,-2.33,-0.2,False
2004-09-24,USC00419099,13,0.0,13.0,2.18,False
2004-09-24,USC00419101,546,218.67,327.33,50.95,True
2004-09-24,USC00419125,0,0.0,0.0,0.16,False
2004-09-24,USC00419153,0,0.0,0.0,0.16,False
2004-09-24,USC00419207,0,46.96,-46.96,-7.13,True
2004-09-24,USC00419282,0,0.0,0.0,0.16,False
2004-09-24,USC00419361,0,0.0,0.0,0.16,False
2004-09-24,USC00419367,0,0.0,0.0,0.16,False
2004-09-24,USC00419415,0,0.0,0.0,0.16,False
2004-09-24,USC00419417,0,0.0,0.0,0.16,False
2004-09-24,USC00419491,0,0.79,-0.79,0.04,False
2004-09-24,USC00419503,0,27.32,-27.32,-4.08,True
2004-09-24,USC00419504,0,0.36,-0.36,0.1,False
2004-09-24,USC00419522,0,0.14,-0.14,0.14,False
2004-09-24,USC00419532,0,3.43,-3.43,-0.37,False
2004-09-24,USC00419559,0,22.6,-22.6,-3.35,False
2004-09-24,USC00419588,0,4.06,-4.06,-0.47,False
2004-09-24,USC00419593,0,0.06,-0.06,0.15,False
2004-09-24,USC00419708,218,32.24,185.76,28.98,True
2004-09-24,USC00419709,0,52.47,-52.47,-7.98,True
2004-09-24,USC00419715,0,0.06,-0.06,0.15,False
2004-09-24,USC00419717,0,11.53,-11.53,-1.63,False
2004-09-24,USC00419800,0,4.17,-4.17,-0.49,False
2004-09-24,USC00419815,0,0.0,0.0,0.16,False
2004-09-24,USC00419836,0,14.56,-14.56,-2.1,False
2004-09-24,USC00419898,328,190.07,137.93,21.56,True
2004-09-24,USC00419916,5,82.3,-77.3,-11.84,True
2004-09-24,USC00419953,0,0.64,-0.64,0.06,False
2004-09-24,USC00419962,0,0.19,-0.19,0.13,False
2004-09-24,USW00003866,0,0.38,-0.38,0.1,False
2004-09-24,USW00003881,0,0.0,0.0,0.16,False
2004-09-24,USW00003901,287,65.37,221.63,34.55,True
2004-09-24,USW00003904,0,0.53,-0.53,0.08,False
2004-09-24,USW00003927,0,0.23,-0.23,0.12,False
2004-09-24,USW00003937,213,378.4,-165.4,-25.51,True
2004-09-24,USW00003940,0,1.0,-1.0,0.0,False
2004-09-24,USW00003951,102,98.61,3.39,0.68,False
2004-09-24,USW00003969,0,3.45,-3.45,-0.38,False
2004-09-24,USW00003971,0,0.21,-0.21,0.13,False
2004-09-24,USW00003991,0,1.41,-1.41,-0.06,False
2004-09-24,USW00003996,0,12.11,-12.11,-1.72,False
2004-09-24,USW00003999,0,0.39,-0.39,0.1,False
2004-09-24,USW00012884,0,7.06,-7.06,-0.94,False
2004-09-24,USW00012904,3,1.51,1.49,0.39,False
2004-09-24,USW00012912,0,0.12,-0.12,0.14,False
2004-09-24,USW00012916,0,22.43,-22.43,-3.32,False
2004-09-24,USW00012917,0,288.7,-288.7,-44.64,True
2004-09-24,USW00012918,0,2.2,-2.2,-0.18,False
2004-09-24,USW00012921,0,0.0,0.0,0.16,False
2004-09-24,USW00012923,0,2.17,-2.17,-0.18,False
2004-09-24,USW00012924,0,42.81,-42.81,-6.49,True
2004-09-24,USW00012926,140,34.89,105.11,16.47,True
2004-09-24,USW00012928,0,92.47,-92.47,-14.19,True
2004-09-24,USW00012930,0,15.19,-15.19,-2.2,False
2004-09-24,USW00012932,0,35.3,-35.3,-5.32,True
2004-09-24,USW00012935,0,0.0,0.0,0.16,False
2004-09-24,USW00012944,0,4.55,-4.55,-0.55,False
2004-09-24,USW00012957,0,1.58,-1.58,-0.09,False
2004-09-24,USW00012958,0,14.74,-14.74,-2.13,False
2004-09-24,USW00012959,0,1.05,-1.05,-0.0,False
2004-09-24,USW00012960,0,3.11,-3.11,-0.32,False
2004-09-24,USW00012968,38,108.58,-70.58,-10.79,True
2004-09-24,USW00012970,0,0.8,-0.8,0.03,False
2004-09-24,USW00012971,0,0.0,0.0,0.16,False
2004-09-24,USW00012972,0,17.47,-17.47,-2.55,False
2004-09-24,USW00012975,0,2.44,-2.44,-0.22,False
2004-09-24,USW00012976,0,1.58,-1.58,-0.09,False
2004-09-24,USW00012977,0,1.02,-1.02,-0.0,False
2004-09-24,USW00012987,18,0.9,17.1,2.81,False
2004-09-24,USW00013833,0,5.25,-5.25,-0.66,False
2004-09-24,USW00013838,0,0.0,0.0,0.16,False
2004-09-24,USW00013865,0,0.56,-0.56,0.07,False
2004-09-24,USW00013894,0,0.23,-0.23,0.12,False
2004-09-24,USW00013899,0,0.0,0.0,0.16,False
2004-09-24,USW00013904,0,0.0,0.0,0.16,False
2004-09-24,USW00013911,0,1.96,-1.96,-0.15,False
2004-09-24,USW00013927,0,0.86,-0.86,0.02,False
2004-09-24,USW00013935,28,115.38,-87.38,-13.4,True
2004-09-24,USW00013939,0,0.86,-0.86,0.02,False
2004-09-24,USW00013942,3,36.63,-33.63,-5.06,True
2004-09-24,USW00013957,815,146.67,668.33,103.86,True
2004-09-24,USW00013958,0,0.15,-0.15,0.14,False
2004-09-24,USW00013959,0,0.0,0.0,0.16,False
2004-09-24,USW00013960,0,0.22,-0.22,0.12,False
2004-09-24,USW00013961,0,1.07,-1.07,-0.01,False
2004-09-24,USW00013970,0,41.5,-41.5,-6.28,True
2004-09-24,USW00013972,0,33.68,-33.68,-5.07,True
2004-09-24,USW00013976,203,112.05,90.95,14.27,True
2004-09-24,USW00013977,226,25.37,200.63,31.29,True
2004-09-24,USW00013978,0,0.0,0.0,0.16,False
2004-09-24,USW00053820,0,0.0,0.0,0.16,False
2004-09-24,USW00053858,0,1.89,-1.89,-0.13,False
2004-09-24,USW00053865,0,29.84,-29.84,-4.47,True
2004-09-24,USW00053902,0,5.46,-5.46,-0.69,False
2004-09-24,USW00053903,20,25.48,-5.48,-0.69,False
2004-09-24,USW00053905,577,217.23,359.77,55.98,True
2004-09-24,USW00053907,5,0.07,4.93,0.92,False
2004-09-24,USW00053909,0,1.23,-1.23,-0.03,False
2004-09-24,USW00053910,0,2.62,-2.62,-0.25,False
2004-09-24,USW00053911,0,0.11,-0.11,0.14,False
2004-09-24,USW00053912,0,0.35,-0.35,0.1,False
2004-09-24,USW00053914,0,0.09,-0.09,0.14,False
2004-09-24,USW00053915,203,151.94,51.06,8.08,True
2004-09-24,USW00053917,0,18.54,-18.54,-2.72,False
2004-09-24,USW00053960,73,204.46,-131.46,-20.24,True
2004-09-24,USW00053961,0,38.84,-38.84,-5.87,True
2004-09-24,USW00053968,0,35.09,-35.09,-5.29,True
2004-09-24,USW00063831,12,0.0,12.0,2.02,False
2004-09-24,USW00093806,0,0.0,0.0,0.16,False
2004-09-24,USW00093874,0,11.07,-11.07,-1.56,False
2004-09-24,USW00093914,15,38.8,-23.8,-3.54,True
2004-09-24,USW00093915,51,175.76,-124.76,-19.2,True
2004-09-24,USW00093919,0,24.03,-24.03,-3.57,True
2004-09-24,USW00093985,0,5.73,-5.73,-0.73,False
2004-09-24,USW00093987,856,104.12,751.88,116.82,True
2004-09-24,USW00093992,89,79.45,9.55,1.64,False
2004-09-25,USC00010140,0,0.09,-0.09,0.23,False
2004-09-25,USC00010184,0,0.0,0.0,0.24,False
2004-09-25,USC00010402,0,0.21,-0.21,0.21,False
2004-09-25,USC00010505,0,0.0,0.0,0.24,False
2004-09-25,USC00010583,0,0.1,-0.1,0.23,False
2004-09-25,USC00010764,0,0.0,0.0,0.24,False
2004-09-25,USC00011080,0,0.28,-0.28,0.2,False
2004-09-25,USC00011084,0,0.22,-0.22,0.21,False
2004-09-25,USC00011143,0,0.0,0.0,0.24,False
2004-09-25,USC00011189,0,0.31,-0.31,0.19,False
2004-09-25,USC00011566,0,0.0,0.0,0.24,False
2004-09-25,USC00011690,0,0.2,-0.2,0.21,False
2004-09-25,USC00011803,0,0.0,0.0,0.24,False
2004-09-25,USC00011810,0,0.0,0.0,0.24,False
2004-09-25,USC00012172,0,0.0,0.0,0.24,False
2004-09-25,USC00012813,0,0.0,0.0,0.24,False
2004-09-25,USC00013160,0,0.0,0.0,0.24,False
2004-09-25,USC00013511,0,0.0,0.0,0.24,False
2004-09-25,USC00013930,0,0.0,0.0,0.24,False
2004-09-25,USC00014193,0,0.1,-0.1,0.23,False
2004-09-25,USC00014798,0,0.26,-0.26,0.2,False
2004-09-25,USC00015112,0,0.0,0.0,0.24,False
2004-09-25,USC00015121,0,0.0,0.0,0.24,False
2004-09-25,USC00015420,0,0.12,-0.12,0.22,False
2004-09-25,USC00015658,0,0.0,0.0,0.24,False
2004-09-25,USC00016362,0,0.0,0.0,0.24,False
2004-09-25,USC00016847,0,0.0,0.0,0.24,False
2004-09-25,USC00016988,0,0.0,0.0,0.24,False
2004-09-25,USC00017366,0,0.0,0.0,0.24,False
2004-09-25,USC00018178,0,0.1,-0.1,0.23,False
2004-09-25,USC00018380,0,0.0,0.0,0.24,False
2004-09-25,USC00018385,0,0.0,0.0,0.24,False
2004-09-25,USC00018637,0,0.34,-0.34,0.19,False
2004-09-25,USC00018673,0,0.0,0.0,0.24,False
2004-09-25,USC00018809,0,0.0,0.0,0.24,False
2004-09-25,USC00018867,0,0.13,-0.13,0.22,False
2004-09-25,USC00031140,5,17.72,-12.72,-1.86,False
2004-09-25,USC00031730,0,3.52,-3.52,-0.34,False
2004-09-25,USC00032355,5,1.69,3.31,0.79,False
2004-09-25,USC00032475,0,11.17,-11.17,-1.6,False
2004-09-25,USC00034185,292,221.87,70.13,11.85,True
2004-09-25,USC00034548,41,176.54,-135.54,-22.18,True
2004-09-25,USC00034936,0,16.49,-16.49,-2.49,False
2004-09-25,USC00035866,0,2.61,-2.61,-0.19,False
2004-09-25,USC00085793,0,0.17,-0.17,0.21,False
2004-09-25,USC00086999,0,0.09,-0.09,0.23,False
2004-09-25,USC00160007,38,89.95,-51.95,-8.35,True
2004-09-25,USC00160012,0,0.66,-0.66,0.13,False
2004-09-25,USC00160016,0,0.67,-0.67,0.13,False
2004-09-25,USC00160021,0,0.66,-0.66,0.13,False
2004-09-25,USC00160098,48,89.46,-41.46,-6.62,True
2004-09-25,USC00160103,104,86.17,17.83,3.19,False
2004-09-25,USC00160205,0,1.62,-1.62,-0.02,False
2004-09-25,USC00160238,0,1.4,-1.4,0.01,False
2004-09-25,USC00160277,3,119.18,-116.18,-18.98,True
2004-09-25,USC00160349,18,146.89,-128.89,-21.08,True
2004-09-25,USC00160462,0,8.91,-8.91,-1.23,False
2004-09-25,USC00160537,0,5.21,-5.21,-0.62,False
2004-09-25,USC00160540,0,36.35,-36.35,-5.77,True
2004-09-25,USC00160546,0,4.46,-4.46,-0.5,False
2004-09-25,USC00160548,0,10.77,-10.77,-1.54,False
2004-09-25,USC00160558,0,7.04,-7.04,-0.92,False
2004-09-25,USC00160565,0,22.93,-22.93,-3.55,True
2004-09-25,USC00160617,71,114.07,-43.07,-6.88,True
2004-09-25,USC00160658,0,51.71,-51.71,-8.31,True
2004-09-25,USC00160800,0,110.49,-110.49,-18.04,True
2004-09-25,USC00160945,25,0.03,24.97,4.38,True
2004-09-25,USC00161200,0,246.9,-246.9,-40.61,True
2004-09-25,USC00161232,0,127.27,-127.27,-20.81,True
2004-09-25,USC00161235,244,108.8,135.2,22.61,True
2004-09-25,USC00161246,86,9.73,76.27,12.86,True
2004-09-25,USC00161287,104,91.37,12.63,2.33,False
2004-09-25,USC00161292,0,0.12,-0.12,0.22,False
2004-09-25,USC00161365,0,49.77,-49.77,-7.99,True
2004-09-25,USC00161411,0,15.79,-15.79,-2.37,False
2004-09-25,USC00161535,117,82.4,34.6,5.97,True
2004-09-25,USC00161565,0,13.67,-13.67,-2.02,False
2004-09-25,USC00161639,0,0.69,-0.69,0.13,False
2004-09-25,USC00161866,0,3.23,-3.23,-0.29,False
2004-09-25,USC00161899,0,1.7,-1.7,-0.04,False
2004-09-25,USC00161941,76,100.6,-24.6,-3.83,True
2004-09-25,USC00161979,0,10.48,-10.48,-1.49,False
2004-09-25,USC00162002,0,6.23,-6.23,-0.79,False
2004-09-25,USC00162121,150,253.09,-103.09,-16.81,True
2004-09-25,USC00162151,0,0.69,-0.69,0.13,False
2004-09-25,USC00162154,0,0.74,-0.74,0.12,False
2004-09-25,USC00162212,165,89.83,75.17,12.68,True
2004-09-25,USC00162350,0,4.53,-4.53,-0.51,False
2004-09-25,USC00162367,165,197.96,-32.96,-5.21,True
2004-09-25,USC00162534,0,9.45,-9.45,-1.32,False
2004-09-25,USC00162536,0,8.95,-8.95,-1.24,False
2004-09-25,USC00162641,213,168.85,44.15,7.55,True
2004-09-25,USC00162812,465,106.61,358.39,59.54,True
2004-09-25,USC00162981,292,99.39,192.61,32.11,True
2004-09-25,USC00163079,0,17.72,-17.72,-2.69,False
2004-09-25,USC00163165,0,0.71,-0.71,0.13,False
2004-09-25,USC00163313,0,41.46,-41.46,-6.62,True
2004-09-25,USC00163322,0,0.77,-0.77,0.12,False
2004-09-25,USC00163433,0,4.27,-4.27,-0.46,False
2004-09-25,USC00163695,43,5.86,37.14,6.39,True
2004-09-25,USC00163741,330,99.39,230.61,38.4,True
2004-09-25,USC00163800,76,82.15,-6.15,-0.77,False
2004-09-25,USC00163804,53,132.41,-79.41,-12.9,True
2004-09-25,USC00163807,0,0.14,-0.14,0.22,False
2004-09-25,USC00163829,3,0.39,2.61,0.67,False
2004-09-25,USC00163867,0,3.82,-3.82,-0.39,False
2004-09-25,USC00163877,1361,333.59,1027.41,170.24,True
2004-09-25,USC00163979,0,49.84,-49.84,-8.0,True
2004-09-25,USC00164030,0,1.37,-1.37,0.02,False
2004-09-25,USC00164034,0,1.58,-1.58,-0.02,False
2004-09-25,USC00164050,76,170.77,-94.77,-15.44,True
2004-09-25,USC00164131,279,160.5,118.5,19.85,True
2004-09-25,USC00164288,203,201.33,1.67,0.52,False
2004-09-25,USC00164355,51,188.93,-137.93,-22.58,True
2004-09-25,USC00164398,790,361.17,428.83,71.2,True
2004-09-25,USC00164407,0,10.53,-10.53,-1.5,False
2004-09-25,USC00164573,0,3.23,-3.23,-0.29,False
2004-09-25,USC00164592,10,181.76,-171.76,-28.18,True
2004-09-25,USC00164674,46,50.18,-4.18,-0.45,False
2004-09-25,USC00164696,30,43.42,-13.42,-1.98,False
2004-09-25,USC00164700,48,86.29,-38.29,-6.09,True
2004-09-25,USC00164732,0,63.29,-63.29,-10.23,True
2004-09-25,USC00164739,0,41.15,-41.15,-6.57,True
2004-09-25,USC00164775,25,89.51,-64.51,-10.43,True
2004-09-25,USC00164816,660,414.37,245.63,40.89,True
2004-09-25,USC00164859,0,1.5,-1.5,-0.0,False
2004-09-25,USC00164931,508,258.9,249.1,41.46,True
2004-09-25,USC00165021,277,63.97,213.03,35.49,True
2004-09-25,USC00165065,0,79.94,-79.94,-12.98,True
2004-09-25,USC00165072,25,63.45,-38.45,-6.12,True
2004-09-25,USC00165074,0,48.49,-48.49,-7.78,True
2004-09-25,USC00165076,13,49.87,-36.87,-5.86,True
2004-09-25,USC00165090,0,1.99,-1.99,-0.09,False
2004-09-25,USC00165146,0,40.57,-40.57,-6.47,True
2004-09-25,USC00165266,282,183.95,98.05,16.47,True
2004-09-25,USC00165287,109,208.98,-99.98,-16.3,True
2004-09-25,USC00165296,221,67.92,153.08,25.57,True
2004-09-25,USC00165430,0,1.52,-1.52,-0.01,False
2004-09-25,USC00165438,0,2.23,-2.23,-0.13,False
2004-09-25,USC00165522,406,283.46,122.54,20.52,True
2004-09-25,USC00165610,0,0.68,-0.68,0.13,False
2004-09-25,USC00165620,0,13.07,-13.07,-1.92,False
2004-09-25,USC00165624,0,0.14,-0.14,0.22,False
2004-09-25,USC00165630,38,97.99,-59.99,-9.68,True
2004-09-25,USC00165783,0,5.08,-5.08,-0.6,False
2004-09-25,USC00165892,127,215.55,-88.55,-14.41,True
2004-09-25,USC00165896,203,230.79,-27.79,-4.35,True
2004-09-25,USC00165920,0,67.78,-67.78,-10.97,True
2004-09-25,USC00165926,0,0.64,-0.64,0.14,False
2004-09-25,USC00165935,97,176.66,-79.66,-12.94,True
2004-09-25,USC00166157,0,0.77,-0.77,0.12,False
2004-09-25,USC00166244,13,240.25,-227.25,-37.36,True
2004-09-25,USC00166314,0,4.17,-4.17,-0.45,False
2004-09-25,USC00166364,1707,308.13,1398.87,231.71,True
2004-09-25,USC00166394,155,11.45,143.55,24.0,True
2004-09-25,USC00166431,0,51.12,-51.12,-8.22,True
2004-09-25,USC00166466,0,0.54,-0.54,0.15,False
2004-09-25,USC00166561,0,11.43,-11.43,-1.65,False
2004-09-25,USC00166582,91,124.18,-33.18,-5.25,True
2004-09-25,USC00166657,122,22.35,99.65,16.73,True
2004-09-25,USC00166666,0,0.86,-0.86,0.1,False
2004-09-25,USC00166686,0,15.32,-15.32,-2.29,False
2004-09-25,USC00166808,0,1.94,-1.94,-0.08,False
2004-09-25,USC00166836,0,124.54,-124.54,-20.36,True
2004-09-25,USC00166866,5,1.87,3.13,0.76,False
2004-09-25,USC00166868,3,2.98,0.02,0.25,False
2004-09-25,USC00166911,0,1.85,-1.85,-0.06,False
2004-09-25,USC00166938,170,121.04,48.96,8.35,True
2004-09-25,USC00166968,5,57.63,-52.63,-8.46,True
2004-09-25,USC00166978,0,39.52,-39.52,-6.3,True
2004-09-25,USC00166995,51,89.08,-38.08,-6.06,True
2004-09-25,USC00167096,0,3.39,-3.39,-0.32,False
2004-09-25,USC00167304,0,1.97,-1.97,-0.08,False
2004-09-25,USC00167366,0,17.66,-17.66,-2.68,False
2004-09-25,USC00167425,0,1.46,-1.46,0.0,False
2004-09-25,USC00167448,0,14.65,-14.65,-2.18,False
2004-09-25,USC00167729,25,50.29,-25.29,-3.94,True
2004-09-25,USC00167732,10,86.73,-76.73,-12.45,True
2004-09-25,USC00167738,518,328.44,189.56,31.61,True
2004-09-25,USC00167767,0,3.93,-3.93,-0.41,False
2004-09-25,USC00167924,574,336.98,237.02,39.46,True
2004-09-25,USC00167932,183,59.0,124.0,20.76,True
2004-09-25,USC00168046,188,190.73,-2.73,-0.21,False
2004-09-25,USC00168067,0,50.94,-50.94,-8.19,True
2004-09-25,USC00168094,5,162.03,-157.03,-25.74,True
2004-09-25,USC00168108,0,0.14,-0.14,0.22,False
2004-09-25,USC00168136,0,15.52,-15.52,-2.32,False
2004-09-25,USC00168139,0,12.3,-12.3,-1.79,False
2004-09-25,USC00168163,0,0.84,-0.84,0.1,False
2004-09-25,USC00168181,102,27.61,74.39,12.55,True
2004-09-25,USC00168436,0,244.03,-244.03,-40.14,True
2004-09-25,USC00168444,970,344.17,625.83,103.8,True
2004-09-25,USC00168539,0,0.46,-0.46,0.17,False
2004-09-25,USC00168669,0,33.26,-33.26,-5.26,True
2004-09-25,USC00168683,0,268.32,-268.32,-44.15,True
2004-09-25,USC00168785,41,4.13,36.87,6.34,True
2004-09-25,USC00168831,53,69.54,-16.54,-2.49,False
2004-09-25,USC00168861,0,1.3,-1.3,0.03,False
2004-09-25,USC00168906,0,0.77,-0.77,0.12,False
2004-09-25,USC00168923,0,1.39,-1.39,0.01,False
2004-09-25,USC00168941,0,1.02,-1.02,0.08,False
2004-09-25,USC00168945,0,1.49,-1.49,-0.0,False
2004-09-25,USC00169013,0,8.15,-8.15,-1.1,False
2004-09-25,USC00169357,0,3.46,-3.46,-0.33,False
2004-09-25,USC00169369,406,85.43,320.57,53.29,True
2004-09-25,USC00169392,432,413.84,18.16,3.25,False
2004-09-25,USC00169480,0,2.13,-2.13,-0.11,False
2004-09-25,USC00169631,0,7.41,-7.41,-0.98,False
2004-09-25,USC00169803,15,72.63,-57.63,-9.29,True
2004-09-25,USC00169804,0,4.29,-4.29,-0.47,False
2004-09-25,USC00169806,0,4.68,-4.68,-0.53,False
2004-09-25,USC00169809,130,47.98,82.02,13.82,True
2004-09-25,USC00169930,0,5.35,-5.35,-0.64,False
2004-09-25,USC00169980,28,243.69,-215.69,-35.45,True
2004-09-25,USC00220039,0,0.0,0.0,0.24,False
2004-09-25,USC00220218,0,0.44,-0.44,0.17,False
2004-09-25,USC00220521,0,0.52,-0.52,0.16,False
2004-09-25,USC00220523,0,0.37,-0.37,0.18,False
2004-09-25,USC00220585,0,0.0,0.0,0.24,False
2004-09-25,USC00220660,0,0.32,-0.32,0.19,False
2004-09-25,USC00220792,0,0.37,-0.37,0.18,False
2004-09-25,USC00220891,0,0.0,0.0,0.24,False
2004-09-25,USC00221094,0,0.0,0.0,0.24,False
2004-09-25,USC00221174,0,0.0,0.0,0.24,False
2004-09-25,USC00221389,0,0.2,-0.2,0.21,False
2004-09-25,USC00221489,0,0.3,-0.3,0.19,False
2004-09-25,USC00221578,0,1.42,-1.42,0.01,False
2004-09-25,USC00221852,0,0.53,-0.53,0.16,False
2004-09-25,USC00221860,0,0.5,-0.5,0.16,False
2004-09-25,USC00221865,0,0.67,-0.67,0.13,False
2004-09-25,USC00221880,0,0.0,0.0,0.24,False
2004-09-25,USC00222034,0,0.35,-0.35,0.19,False
2004-09-25,USC00222094,0,0.0,0.0,0.24,False
2004-09-25,USC00222385,0,0.19,-0.19,0.21,False
2004-09-25,USC00223107,0,0.52,-0.52,0.16,False
2004-09-25,USC00223340,0,0.32,-0.32,0.19,False
2004-09-25,USC00223441,0,1.4,-1.4,0.01,False
2004-09-25,USC00223516,0,0.23,-0.23,0.21,False
2004-09-25,USC00223605,0,0.64,-0.64,0.14,False
2004-09-25,USC00223667,0,0.35,-0.35,0.19,False
2004-09-25,USC00223671,0,0.33,-0.33,0.19,False
2004-09-25,USC00223887,0,0.46,-0.46,0.17,False
2004-09-25,USC00223920,0,0.0,0.0,0.24,False
2004-09-25,USC00224470,0,0.0,0.0,0.24,False
2004-09-25,USC00224702,0,0.36,-0.36,0.18,False
2004-09-25,USC00224776,0,0.26,-0.26,0.2,False
2004-09-25,USC00224939,0,0.25,-0.25,0.2,False
2004-09-25,USC00224966,0,0.0,0.0,0.24,False
2004-09-25,USC00225020,0,0.36,-0.36,0.18,False
2004-09-25,USC00225062,0,0.0,0.0,0.24,False
2004-09-25,USC00225247,0,0.28,-0.28,0.2,False
2004-09-25,USC00225361,0,0.0,0.0,0.24,False
2004-09-25,USC00225611,0,0.31,-0.31,0.19,False
2004-09-25,USC00225704,0,0.0,0.0,0.24,False
2004-09-25,USC00225943,0,0.21,-0.21,0.21,False
2004-09-25,USC00225987,0,0.11,-0.11,0.23,False
2004-09-25,USC00225989,0,0.11,-0.11,0.23,False
2004-09-25,USC00226009,0,0.2,-0.2,0.21,False
2004-09-25,USC00226177,0,1.29,-1.29,0.03,False
2004-09-25,USC00226294,0,0.23,-0.23,0.21,False
2004-09-25,USC00226308,0,6.45,-6.45,-0.82,False
2004-09-25,USC00226476,0,0.0,0.0,0.24,False
2004-09-25,USC00226484,0,0.0,0.0,0.24,False
2004-09-25,USC00226638,0,0.37,-0.37,0.18,False
2004-09-25,USC00226640,0,0.22,-0.22,0.21,False
2004-09-25,USC00226642,0,0.18,-0.18,0.21,False
2004-09-25,USC00226643,0,0.63,-0.63,0.14,False
2004-09-25,USC00226644,0,1.35,-1.35,0.02,False
2004-09-25,USC00226718,0,0.0,0.0,0.24,False
2004-09-25,USC00226894,0,0.4,-0.4,0.18,False
2004-09-25,USC00226921,0,0.78,-0.78,0.11,False
2004-09-25,USC00226924,0,1.05,-1.05,0.07,False
2004-09-25,USC00226926,0,0.0,0.0,0.24,False
2004-09-25,USC00227128,0,0.97,-0.97,0.08,False
2004-09-25,USC00227132,0,0.0,0.0,0.24,False
2004-09-25,USC00227172,0,0.41,-0.41,0.18,False
2004-09-25,USC00227220,0,0.58,-0.58,0.15,False
2004-09-25,USC00227276,0,0.33,-0.33,0.19,False
2004-09-25,USC00227444,0,0.0,0.0,0.24,False
2004-09-25,USC00227560,0,0.63,-0.63,0.14,False
2004-09-25,USC00227595,0,0.16,-0.16,0.22,False
2004-09-25,USC00227831,0,0.29,-0.29,0.2,False
2004-09-25,USC00227840,0,0.49,-0.49,0.16,False
2004-09-25,USC00228053,0,0.29,-0.29,0.2,False
2004-09-25,USC00228374,0,0.0,0.0,0.24,False
2004-09-25,USC00228413,0,0.46,-0.46,0.17,False
2004-09-25,USC00228445,0,0.36,-0.36,0.18,False
2004-09-25,USC00228556,0,0.49,-0.49,0.16,False
2004-09-25,USC00228899,0,0.37,-0.37,0.18,False
2004-09-25,USC00229048,0,0.76,-0.76,0.12,False
2004-09-25,USC00229072,0,0.0,0.0,0.24,False
2004-09-25,USC00229114,0,0.0,0.0,0.24,False
2004-09-25,USC00229157,0,0.0,0.0,0.24,False
2004-09-25,USC00229230,0,0.35,-0.35,0.19,False
2004-09-25,USC00229326,0,0.38,-0.38,0.18,False
2004-09-25,USC00229426,0,0.44,-0.44,0.17,False
2004-09-25,USC00229439,0,0.25,-0.25,0.2,False
2004-09-25,USC00229597,0,0.25,-0.25,0.2,False
2004-09-25,USC00229639,0,0.58,-0.58,0.15,False
2004-09-25,USC00229743,0,0.0,0.0,0.24,False
2004-09-25,USC00229793,0,3.17,-3.17,-0.28,False
2004-09-25,USC00229860,0,0.24,-0.24,0.2,False
2004-09-25,USC00410144,0,3.04,-3.04,-0.26,False
2004-09-25,USC00410190,191,154.19,36.81,6.33,True
2004-09-25,USC00410204,5,105.04,-100.04,-16.31,True
2004-09-25,USC00410206,0,1.06,-1.06,0.07,False
2004-09-25,USC00410235,0,99.7,-99.7,-16.25,True
2004-09-25,USC00410246,0,2.19,-2.19,-0.12,False
2004-09-25,USC00410257,0,57.53,-57.53,-9.28,True
2004-09-25,USC00410271,0,3.88,-3.88,-0.4,False
2004-09-25,USC00410297,0,0.84,-0.84,0.1,False
2004-09-25,USC00410305,0,4.67,-4.67,-0.53,False
2004-09-25,USC00410337,0,0.17,-0.17,0.22,False
2004-09-25,USC00410404,0,47.75,-47.75,-7.66,True
2004-09-25,USC00410408,264,309.6,-45.6,-7.3,True
2004-09-25,USC00410431,0,2.19,-2.19,-0.12,False
2004-09-25,USC00410518,0,0.24,-0.24,0.2,False
2004-09-25,USC00410569,0,40.81,-40.81,-6.51,True
2004-09-25,USC00410586,0,61.72,-61.72,-9.97,True
2004-09-25,USC00410611,0,135.65,-135.65,-22.2,True
2004-09-25,USC00410613,117,118.45,-1.45,0.0,False
2004-09-25,USC00410639,0,27.42,-27.42,-4.29,True
2004-09-25,USC00410655,0,14.38,-14.38,-2.14,False
2004-09-25,USC00410660,0,23.82,-23.82,-3.7,True
2004-09-25,USC00410690,0,4.52,-4.52,-0.51,False
2004-09-25,USC00410691,0,0.66,-0.66,0.13,False
2004-09-25,USC00410738,0,0.41,-0.41,0.18,False
2004-09-25,USC00410805,0,4.46,-4.46,-0.5,False
2004-09-25,USC00410832,0,1.11,-1.11,0.06,False
2004-09-25,USC00411026,0,0.46,-0.46,0.17,False
2004-09-25,USC00411035,0,3.27,-3.27,-0.3,False
2004-09-25,USC00411045,0,8.57,-8.57,-1.18,False
2004-09-25,USC00411048,0,16.4,-16.4,-2.47,False
2004-09-25,USC00411063,0,0.94,-0.94,0.09,False
2004-09-25,USC00411089,404,274.54,129.46,21.66,True
2004-09-25,USC00411215,0,5.55,-5.55,-0.67,False
2004-09-25,USC00411246,0,0.75,-0.75,0.12,False
2004-09-25,USC00411250,0,0.23,-0.23,0.21,False
2004-09-25,USC00411253,0,0.35,-0.35,0.19,False
2004-09-25,USC00411314,64,12.78,51.22,8.72,True
2004-09-25,USC00411337,0,10.99,-10.99,-1.58,False
2004-09-25,USC00411348,142,5.93,136.07,22.76,True
2004-09-25,USC00411429,0,1.52,-1.52,-0.01,False
2004-09-25,USC00411433,0,1.13,-1.13,0.06,False
2004-09-25,USC00411541,0,5.75,-5.75,-0.71,False
2004-09-25,USC00411578,122,279.77,-157.77,-25.86,True
2004-09-25,USC00411580,0,0.75,-0.75,0.12,False
2004-09-25,USC00411596,13,39.22,-26.22,-4.1,True
2004-09-25,USC00411625,0,1.34,-1.34,0.02,False
2004-09-25,USC00411671,0,54.96,-54.96,-8.85,True
2004-09-25,USC00411711,165,277.63,-112.63,-18.39,True
2004-09-25,USC00411720,0,10.92,-10.92,-1.56,False
2004-09-25,USC00411800,0,0.84,-0.84,0.1,False
2004-09-25,USC00411804,0,0.31,-0.31,0.19,False
2004-09-25,USC00411810,0,60.68,-60.68,-9.8,True
2004-09-25,USC00411838,13,37.15,-24.15,-3.75,True
2004-09-25,USC00411880,0,38.17,-38.17,-6.07,True
2004-09-25,USC00411911,0,13.37,-13.37,-1.97,False
2004-09-25,USC00411921,0,4.55,-4.55,-0.51,False
2004-09-25,USC00411956,0,10.71,-10.71,-1.53,False
2004-09-25,USC00411970,0,6.16,-6.16,-0.78,False
2004-09-25,USC00411990,0,0.86,-0.86,0.1,False
2004-09-25,USC00412013,20,9.9,10.1,1.91,False
2004-09-25,USC00412017,48,227.36,-179.36,-29.43,True
2004-09-25,USC00412019,0,7.17,-7.17,-0.94,False
2004-09-25,USC00412020,0,9.8,-9.8,-1.38,False
2004-09-25,USC00412086,0,0.93,-0.93,0.09,False
2004-09-25,USC00412088,0,3.13,-3.13,-0.27,False
2004-09-25,USC00412096,0,1.04,-1.04,0.07,False
2004-09-25,USC00412114,119,109.55,9.45,1.81,False
2004-09-25,USC00412173,686,18.23,667.77,110.74,True
2004-09-25,USC00412206,0,15.78,-15.78,-2.37,False
2004-09-25,USC00412218,0,6.65,-6.65,-0.86,False
2004-09-25,USC00412225,165,199.15,-34.15,-5.41,True
2004-09-25,USC00412266,0,5.28,-5.28,-0.63,False
2004-09-25,USC00412295,0,9.24,-9.24,-1.29,False
2004-09-25,USC00412334,0,0.91,-0.91,0.09,False
2004-09-25,USC00412404,0,0.07,-0.07,0.23,False
2004-09-25,USC00412444,89,130.54,-41.54,-6.63,True
2004-09-25,USC00412462,0,21.84,-21.84,-3.37,False
2004-09-25,USC00412585,0,0.93,-0.93,0.09,False
2004-09-25,USC00412598,0,1.65,-1.65,-0.03,False
2004-09-25,USC00412770,0,32.39,-32.39,-5.12,True
2004-09-25,USC00412772,0,55.14,-55.14,-8.88,True
2004-09-25,USC00412786,0,5.18,-5.18,-0.61,False
2004-09-25,USC00412820,0,7.68,-7.68,-1.03,False
2004-09-25,USC00413005,0,0.81,-0.81,0.11,False
2004-09-25,USC00413047,0,24.79,-24.79,-3.86,True
2004-09-25,USC00413065,203,25.85,177.15,29.56,True
2004-09-25,USC00413080,0,0.33,-0.33,0.19,False
2004-09-25,USC00413133,0,0.28,-0.28,0.2,False
2004-09-25,USC00413156,0,1.23,-1.23,0.04,False
2004-09-25,USC00413171,0,3.0,-3.0,-0.25,False
2004-09-25,USC00413183,10,28.6,-18.6,-2.83,False
2004-09-25,USC00413199,0,2.6,-2.6,-0.19,False
2004-09-25,USC00413201,0,40.81,-40.81,-6.51,True
2004-09-25,USC00413247,0,0.07,-0.07,0.23,False
2004-09-25,USC00413285,0,0.52,-0.52,0.16,False
2004-09-25,USC00413321,0,9.81,-9.81,-1.38,False
2004-09-25,USC00413340,0,88.68,-88.68,-14.43,True
2004-09-25,USC00413370,0,0.32,-0.32,0.19,False
2004-09-25,USC00413485,0,2.65,-2.65,-0.19,False
2004-09-25,USC00413507,0,4.58,-4.58,-0.51,False
2004-09-25,USC00413508,0,11.1,-11.1,-1.59,False
2004-09-25,USC00413525,147,7.7,139.3,23.29,True
2004-09-25,USC00413546,122,82.05,39.95,6.85,True
2004-09-25,USC00413618,3,15.96,-12.96,-1.9,False
2004-09-25,USC00413620,0,17.85,-17.85,-2.71,False
2004-09-25,USC00413622,0,30.63,-30.63,-4.82,True
2004-09-25,USC00413624,15,27.62,-12.62,-1.85,False
2004-09-25,USC00413639,0,3.8,-3.8,-0.39,False
2004-09-25,USC00413675,0,1.18,-1.18,0.05,False
2004-09-25,USC00413685,0,6.24,-6.24,-0.79,False
2004-09-25,USC00413686,0,7.61,-7.61,-1.02,False
2004-09-25,USC00413691,0,0.17,-0.17,0.22,False
2004-09-25,USC00413734,0,0.32,-0.32,0.19,False
2004-09-25,USC00413776,0,15.5,-15.5,-2.32,False
2004-09-25,USC00413846,0,28.27,-28.27,-4.43,True
2004-09-25,USC00413873,61,29.51,31.49,5.45,True
2004-09-25,USC00413877,312,234.5,77.5,13.07,True
2004-09-25,USC00413884,0,0.85,-0.85,0.1,False
2004-09-25,USC00413941,64,263.29,-199.29,-32.73,True
2004-09-25,USC00413943,0,10.57,-10.57,-1.51,False
2004-09-25,USC00414020,89,75.74,13.26,2.44,False
2004-09-25,USC00414077,140,236.73,-96.73,-15.76,True
2004-09-25,USC00414081,404,211.74,192.26,32.06,True
2004-09-25,USC00414137,0,1.27,-1.27,0.03,False
2004-09-25,USC00414182,0,0.47,-0.47,0.17,False
2004-09-25,USC00414202,0,79.18,-79.18,-12.86,True
2004-09-25,USC00414313,0,29.78,-29.78,-4.68,True
2004-09-25,USC00414315,0,62.9,-62.9,-10.16,True
2004-09-25,USC00414321,0,39.42,-39.42,-6.28,True
2004-09-25,USC00414325,0,46.18,-46.18,-7.4,True
2004-09-25,USC00414326,0,54.63,-54.63,-8.8,True
2004-09-25,USC00414327,0,33.74,-33.74,-5.34,True
2004-09-25,USC00414333,193,89.31,103.69,17.4,True
2004-09-25,USC00414343,0,2.1,-2.1,-0.1,False
2004-09-25,USC00414382,13,8.01,4.99,1.07,False
2004-09-25,USC00414390,0,1.18,-1.18,0.05,False
2004-09-25,USC00414505,0,0.44,-0.44,0.17,False
2004-09-25,USC00414517,0,2.41,-2.41,-0.16,False
2004-09-25,USC00414531,1242,46.14,1195.86,198.12,True
2004-09-25,USC00414556,0,4.15,-4.15,-0.44,False
2004-09-25,USC00414563,508,350.72,157.28,26.27,True
2004-09-25,USC00414575,0,21.68,-21.68,-3.34,False
2004-09-25,USC00414597,0,0.19,-0.19,0.21,False
2004-09-25,USC00414605,0,0.0,0.0,0.24,False
2004-09-25,USC00414679,0,0.09,-0.09,0.23,False
2004-09-25,USC00414693,277,393.74,-116.74,-19.07,True
2004-09-25,USC00414696,0,43.81,-43.81,-7.01,True
2004-09-25,USC00414704,0,16.11,-16.11,-2.42,False
2004-09-25,USC00414705,8,0.05,7.95,1.56,False
2004-09-25,USC00414805,0,16.58,-16.58,-2.5,False
2004-09-25,USC00414810,0,3.59,-3.59,-0.35,False
2004-09-25,USC00414866,0,0.53,-0.53,0.16,False
2004-09-25,USC00414878,368,247.14,120.86,20.24,True
2004-09-25,USC00414903,0,13.31,-13.31,-1.96,False
2004-09-25,USC00414911,0,35.67,-35.67,-5.66,True
2004-09-25,USC00414972,0,1.05,-1.05,0.07,False
2004-09-25,USC00414976,0,34.63,-34.63,-5.49,True
2004-09-25,USC00414979,5,5.05,-0.05,0.23,False
2004-09-25,USC00414980,0,4.76,-4.76,-0.54,False
2004-09-25,USC00415018,0,0.67,-0.67,0.13,False
2004-09-25,USC00415094,0,0.37,-0.37,0.18,False
2004-09-25,USC00415192,0,0.16,-0.16,0.22,False
2004-09-25,USC00415193,0,14.74,-14.74,-2.2,False
2004-09-25,USC00415196,0,75.46,-75.46,-12.24,True
2004-09-25,USC00415229,287,290.26,-3.26,-0.3,False
2004-09-25,USC00415243,0,2.34,-2.34,-0.14,False
2004-09-25,USC00415271,0,161.14,-161.14,-26.42,True
2004-09-25,USC00415285,0,13.53,-13.53,-2.0,False
2004-09-25,USC00415341,274,208.73,65.27,11.04,True
2004-09-25,USC00415344,241,218.33,22.67,3.99,True
2004-09-25,USC00415415,693,178.71,514.29,85.34,True
2004-09-25,USC00415429,0,19.48,-19.48,-2.98,False
2004-09-25,USC00415430,0,14.65,-14.65,-2.18,False
2004-09-25,USC00415435,51,206.12,-155.12,-25.42,True
2004-09-25,USC00415477,0,21.24,-21.24,-3.27,False
2004-09-25,USC00415611,0,6.52,-6.52,-0.84,False
2004-09-25,USC00415618,201,347.69,-146.69,-24.03,True
2004-09-25,USC00415659,0,1.34,-1.34,0.02,False
2004-09-25,USC00415661,0,4.33,-4.33,-0.47,False
2004-09-25,USC00415701,0,9.45,-9.45,-1.32,False
2004-09-25,USC00415721,363,3.19,359.81,59.78,True
2004-09-25,USC00415757,0,2.99,-2.99,-0.25,False
2004-09-25,USC00415836,0,17.19,-17.19,-2.6,False
2004-09-25,USC00415845,0,0.61,-0.61,0.14,False
2004-09-25,USC00415897,0,0.24,-0.24,0.2,False
2004-09-25,USC00415904,0,53.64,-53.64,-8.63,True
2004-09-25,USC00415954,0,50.53,-50.53,-8.12,True
2004-09-25,USC00416024,0,9.32,-9.32,-1.3,False
2004-09-25,USC00416058,0,0.6,-0.6,0.14,False
2004-09-25,USC00416108,0,80.75,-80.75,-13.12,True
2004-09-25,USC00416119,0,43.93,-43.93,-7.02,True
2004-09-25,USC00416177,302,217.05,84.95,14.3,True
2004-09-25,USC00416210,0,4.51,-4.51,-0.5,False
2004-09-25,USC00416276,0,7.29,-7.29,-0.96,False
2004-09-25,USC00416280,25,32.46,-7.46,-0.99,False
2004-09-25,USC00416335,168,127.17,40.83,7.0,True
2004-09-25,USC00416341,1016,232.89,783.11,129.82,True
2004-09-25,USC00416367,0,0.48,-0.48,0.16,False
2004-09-25,USC00416496,0,82.52,-82.52,-13.41,True
2004-09-25,USC00416664,51,118.37,-67.37,-10.9,True
2004-09-25,USC00416680,38,150.59,-112.59,-18.39,True
2004-09-25,USC00416766,48,0.69,47.31,8.07,True
2004-09-25,USC00417017,0,2.51,-2.51,-0.17,False
2004-09-25,USC00417020,0,9.43,-9.43,-1.32,False
2004-09-25,USC00417040,0,325.94,-325.94,-53.69,True
2004-09-25,USC00417140,0,20.28,-20.28,-3.11,False
2004-09-25,USC00417170,0,6.49,-6.49,-0.83,False
2004-09-25,USC00417172,13,49.57,-36.57,-5.81,True
2004-09-25,USC00417179,8,11.87,-3.87,-0.4,False
2004-09-25,USC00417183,0,21.03,-21.03,-3.24,False
2004-09-25,USC00417184,0,22.07,-22.07,-3.41,False
2004-09-25,USC00417300,0,1.66,-1.66,-0.03,False
2004-09-25,USC00417365,0,40.91,-40.91,-6.53,True
2004-09-25,USC00417388,5,0.94,4.06,0.91,False
2004-09-25,USC00417458,0,29.65,-29.65,-4.66,True
2004-09-25,USC00417530,0,15.18,-15.18,-2.27,False
2004-09-25,USC00417533,0,16.49,-16.49,-2.49,False
2004-09-25,USC00417550,0,0.83,-0.83,0.11,False
2004-09-25,USC00417588,0,0.27,-0.27,0.2,False
2004-09-25,USC00417594,0,42.67,-42.67,-6.82,True
2004-09-25,USC00417659,0,0.09,-0.09,0.23,False
2004-09-25,USC00417677,0,11.64,-11.64,-1.68,False
2004-09-25,USC00417685,0,15.32,-15.32,-2.29,False
2004-09-25,USC00417704,0,5.13,-5.13,-0.61,False
2004-09-25,USC00417707,0,0.33,-0.33,0.19,False
2004-09-25,USC00417744,0,12.93,-12.93,-1.9,False
2004-09-25,USC00417773,0,0.52,-0.52,0.16,False
2004-09-25,USC00417791,0,5.05,-5.05,-0.59,False
2004-09-25,USC00417836,0,45.15,-45.15,-7.23,True
2004-09-25,USC00417841,56,152.23,-96.23,-15.68,True
2004-09-25,USC00417936,792,302.24,489.76,81.28,True
2004-09-25,USC00417947,0,8.13,-8.13,-1.1,False
2004-09-25,USC00417951,130,282.53,-152.53,-25.0,True
2004-09-25,USC00417983,0,1.71,-1.71,-0.04,False
2004-09-25,USC00418059,0,20.56,-20.56,-3.16,False
2004-09-25,USC00418081,0,22.54,-22.54,-3.49,False
2004-09-25,USC00418126,0,26.85,-26.85,-4.2,True
2004-09-25,USC00418187,0,20.99,-20.99,-3.23,False
2004-09-25,USC00418311,508,188.93,319.07,53.04,True
2004-09-25,USC00418354,0,6.47,-6.47,-0.83,False
2004-09-25,USC00418415,0,11.75,-11.75,-1.7,False
2004-09-25,USC00418446,5,16.63,-11.63,-1.68,False
2004-09-25,USC00418487,0,3.73,-3.73,-0.37,False
2004-09-25,USC00418519,0,30.19,-30.19,-4.75,True
2004-09-25,USC00418531,0,0.32,-0.32,0.19,False
2004-09-25,USC00418544,0,1.47,-1.47,0.0,False
2004-09-25,USC00418646,20,3.66,16.34,2.95,False
2004-09-25,USC00418658,64,26.55,37.45,6.44,True
2004-09-25,USC00418696,0,5.8,-5.8,-0.72,False
2004-09-25,USC00418743,0,11.75,-11.75,-1.7,False
2004-09-25,USC00418862,0,6.66,-6.66,-0.86,False
2004-09-25,USC00418929,0,0.48,-0.48,0.16,False
2004-09-25,USC00418942,104,216.34,-112.34,-18.35,True
2004-09-25,USC00418996,0,51.1,-51.1,-8.21,True
2004-09-25,USC00419001,0,9.6,-9.6,-1.34,False
2004-09-25,USC00419004,0,10.36,-10.36,-1.47,False
2004-09-25,USC00419007,0,30.18,-30.18,-4.75,True
2004-09-25,USC00419068,122,254.55,-132.55,-21.69,True
2004-09-25,USC00419076,0,18.81,-18.81,-2.87,False
2004-09-25,USC00419099,0,0.44,-0.44,0.17,False
2004-09-25,USC00419101,1105,273.82,831.18,137.78,True
2004-09-25,USC00419125,0,0.44,-0.44,0.17,False
2004-09-25,USC00419153,0,5.52,-5.52,-0.67,False
2004-09-25,USC00419207,0,76.39,-76.39,-12.4,True
2004-09-25,USC00419282,13,0.53,12.47,2.31,False
2004-09-25,USC00419361,0,34.26,-34.26,-5.43,True
2004-09-25,USC00419367,0,30.66,-30.66,-4.83,True
2004-09-25,USC00419415,0,2.78,-2.78,-0.22,False
2004-09-25,USC00419417,0,2.77,-2.77,-0.21,False
2004-09-25,USC00419491,0,13.58,-13.58,-2.0,False
2004-09-25,USC00419504,0,0.66,-0.66,0.13,False
2004-09-25,USC00419522,0,0.27,-0.27,0.2,False
2004-09-25,USC00419532,0,1.24,-1.24,0.04,False
2004-09-25,USC00419559,0,6.56,-6.56,-0.84,False
2004-09-25,USC00419588,0,19.2,-19.2,-2.93,False
2004-09-25,USC00419593,0,0.79,-0.79,0.11,False
2004-09-25,USC00419708,0,108.3,-108.3,-17.68,True
2004-09-25,USC00419709,91,180.51,-89.51,-14.57,True
2004-09-25,USC00419715,0,1.03,-1.03,0.07,False
2004-09-25,USC00419717,0,18.28,-18.28,-2.78,False
2004-09-25,USC00419800,0,4.09,-4.09,-0.43,False
2004-09-25,USC00419815,0,1.27,-1.27,0.03,False
2004-09-25,USC00419836,0,47.81,-47.81,-7.67,True
2004-09-25,USC00419898,71,353.75,-282.75,-46.54,True
2004-09-25,USC00419916,213,255.96,-42.96,-6.86,True
2004-09-25,USC00419953,102,60.86,41.14,7.05,True
2004-09-25,USC00419962,0,3.34,-3.34,-0.31,False
2004-09-25,USW00003866,0,0.35,-0.35,0.19,False
2004-09-25,USW00003881,0,0.0,0.0,0.24,False
2004-09-25,USW00003901,25,235.97,-210.97,-34.66,True
2004-09-25,USW00003904,5,14.97,-9.97,-1.41,False
2004-09-25,USW00003927,0,0.17,-0.17,0.22,False
2004-09-25,USW00003937,0,60.53,-60.53,-9.77,True
2004-09-25,USW00003940,0,0.15,-0.15,0.22,False
2004-09-25,USW00003951,165,230.26,-65.26,-10.56,True
2004-09-25,USW00003969,0,1.74,-1.74,-0.05,False
2004-09-25,USW00003971,0,0.22,-0.22,0.21,False
2004-09-25,USW00003991,0,0.06,-0.06,0.23,False
2004-09-25,USW00003996,0,0.34,-0.34,0.19,False
2004-09-25,USW00003999,0,0.22,-0.22,0.21,False
2004-09-25,USW00012884,0,0.12,-0.12,0.22,False
2004-09-25,USW00012904,0,10.74,-10.74,-1.53,False
2004-09-25,USW00012912,33,16.56,16.44,2.96,False
2004-09-25,USW00012916,0,2.28,-2.28,-0.13,False
2004-09-25,USW00012917,0,77.71,-77.71,-12.62,True
2004-09-25,USW00012918,173,45.59,127.41,21.33,True
2004-09-25,USW00012921,0,7.43,-7.43,-0.99,False
2004-09-25,USW00012923,137,185.29,-48.29,-7.75,True
2004-09-25,USW00012924,76,2.53,73.47,12.4,True
2004-09-25,USW00012926,3,11.37,-8.37,-1.14,False
2004-09-25,USW00012928,0,3.85,-3.85,-0.39,False
2004-09-25,USW00012930,0,0.85,-0.85,0.1,False
2004-09-25,USW00012932,0,3.14,-3.14,-0.28,False
2004-09-25,USW00012935,0,1.56,-1.56,-0.01,False
2004-09-25,USW00012944,0,179.44,-179.44,-29.45,True
2004-09-25,USW00012957,5,12.99,-7.99,-1.08,False
2004-09-25,USW00012958,0,0.6,-0.6,0.14,False
2004-09-25,USW00012959,0,9.24,-9.24,-1.29,False
2004-09-25,USW00012960,0,36.16,-36.16,-5.74,True
2004-09-25,USW00012968,23,45.62,-22.62,-3.5,False
2004-09-25,USW00012970,5,10.81,-5.81,-0.72,False
2004-09-25,USW00012971,0,15.06,-15.06,-2.25,False
2004-09-25,USW00012972,3,4.17,-1.17,0.05,False
2004-09-25,USW00012975,76,76.13,-0.13,0.22,False
2004-09-25,USW00012976,0,56.93,-56.93,-9.18,True
2004-09-25,USW00012977,97,31.41,65.59,11.1,True
2004-09-25,USW00012987,8,117.46,-109.46,-17.87,True
2004-09-25,USW00013833,0,0.47,-0.47,0.17,False
2004-09-25,USW00013838,0,0.0,0.0,0.24,False
2004-09-25,USW00013865,0,0.51,-0.51,0.16,False
2004-09-25,USW00013894,0,0.0,0.0,0.24,False
2004-09-25,USW00013899,0,0.0,0.0,0.24,False
2004-09-25,USW00013904,0,2.98,-2.98,-0.25,False
2004-09-25,USW00013911,0,0.64,-0.64,0.14,False
2004-09-25,USW00013927,0,0.0,0.0,0.24,False
2004-09-25,USW00013935,0,71.59,-71.59,-11.6,True
2004-09-25,USW00013939,0,0.4,-0.4,0.18,False
2004-09-25,USW00013942,0,4.32,-4.32,-0.47,False
2004-09-25,USW00013957,5,427.55,-422.55,-69.67,True
2004-09-25,USW00013958,0,3.54,-3.54,-0.34,False
2004-09-25,USW00013959,3,1.83,1.17,0.44,False
2004-09-25,USW00013960,0,0.18,-0.18,0.21,False
2004-09-25,USW00013961,0,0.56,-0.56,0.15,False
2004-09-25,USW00013970,0,8.8,-8.8,-1.21,False
2004-09-25,USW00013972,0,63.3,-63.3,-10.23,True
2004-09-25,USW00013976,0,92.58,-92.58,-15.08,True
2004-09-25,USW00013977,0,263.09,-263.09,-43.29,True
2004-09-25,USW00013978,0,0.0,0.0,0.24,False
2004-09-25,USW00053820,3,0.0,3.0,0.74,False
2004-09-25,USW00053858,0,0.0,0.0,0.24,False
2004-09-25,USW00053865,0,0.5,-0.5,0.16,False
2004-09-25,USW00053902,3,10.03,-7.03,-0.92,False
2004-09-25,USW00053903,3,11.14,-8.14,-1.1,False
2004-09-25,USW00053905,3,234.73,-231.73,-38.1,True
2004-09-25,USW00053907,0,0.17,-0.17,0.22,False
2004-09-25,USW00053909,0,0.53,-0.53,0.16,False
2004-09-25,USW00053910,46,11.25,34.75,5.99,True
2004-09-25,USW00053911,0,0.58,-0.58,0.15,False
2004-09-25,USW00053912,0,9.42,-9.42,-1.32,False
2004-09-25,USW00053914,3,0.15,2.85,0.72,False
2004-09-25,USW00053915,3,102.24,-99.24,-16.18,True
2004-09-25,USW00053917,0,0.71,-0.71,0.13,False
2004-09-25,USW00053960,0,84.67,-84.67,-13.77,True
2004-09-25,USW00053961,0,11.05,-11.05,-1.58,False
2004-09-25,USW00053968,263,84.25,178.75,29.82,True
2004-09-25,USW00063831,11,0.0,11.0,2.06,False
2004-09-25,USW00093806,0,0.0,0.0,0.24,False
2004-09-25,USW00093874,0,0.29,-0.29,0.2,False
2004-09-25,USW00093914,185,115.0,70.0,11.83,True
2004-09-25,USW00093915,0,109.34,-109.34,-17.85,True
2004-09-25,USW00093919,0,0.32,-0.32,0.19,False
2004-09-25,USW00093985,0,3.05,-3.05,-0.26,False
2004-09-25,USW00093987,0,262.63,-262.63,-43.21,True
2004-09-25,USW00093992,18,49.81,-31.81,-5.02,True
2004-09-26,USC00010140,0,0.0,0.0,0.32,False
2004-09-26,USC00010184,0,0.0,0.0,0.32,False
2004-09-26,USC00010402,0,0.0,0.0,0.32,False
2004-09-26,USC00010505,0,0.0,0.0,0.32,False
2004-09-26,USC00010583,0,0.0,0.0,0.32,False
2004-09-26,USC00010764,0,0.0,0.0,0.32,False
2004-09-26,USC00011080,0,0.0,0.0,0.32,False
2004-09-26,USC00011084,0,0.0,0.0,0.32,False
2004-09-26,USC00011143,0,0.0,0.0,0.32,False
2004-09-26,USC00011189,0,0.25,-0.25,0.18,False
2004-09-26,USC00011566,0,0.0,0.0,0.32,False
2004-09-26,USC00011690,0,0.0,0.0,0.32,False
2004-09-26,USC00011803,0,0.0,0.0,0.32,False
2004-09-26,USC00011810,0,0.0,0.0,0.32,False
2004-09-26,USC00012172,0,0.0,0.0,0.32,False
2004-09-26,USC00012813,0,0.0,0.0,0.32,False
2004-09-26,USC00013160,0,0.0,0.0,0.32,False
2004-09-26,USC00013511,0,0.0,0.0,0.32,False
2004-09-26,USC00013930,0,0.0,0.0,0.32,False
2004-09-26,USC00014193,0,0.0,0.0,0.32,False
2004-09-26,USC00014798,0,0.21,-0.21,0.2,False
2004-09-26,USC00015112,0,0.0,0.0,0.32,False
2004-09-26,USC00015121,0,0.0,0.0,0.32,False
2004-09-26,USC00015420,0,0.0,0.0,0.32,False
2004-09-26,USC00015658,0,0.0,0.0,0.32,False
2004-09-26,USC00016362,0,0.0,0.0,0.32,False
2004-09-26,USC00016847,0,0.0,0.0,0.32,False
2004-09-26,USC00016988,0,0.0,0.0,0.32,False
2004-09-26,USC00017366,0,0.0,0.0,0.32,False
2004-09-26,USC00018178,0,0.0,0.0,0.32,False
2004-09-26,USC00018380,0,0.0,0.0,0.32,False
2004-09-26,USC00018385,0,0.0,0.0,0.32,False
2004-09-26,USC00018637,0,0.0,0.0,0.32,False
2004-09-26,USC00018673,0,0.0,0.0,0.32,False
2004-09-26,USC00018809,0,0.0,0.0,0.32,False
2004-09-26,USC00018867,0,0.0,0.0,0.32,False
2004-09-26,USC00031140,0,9.98,-9.98,-5.35,True
2004-09-26,USC00031730,0,0.0,0.0,0.32,False
2004-09-26,USC00032355,0,0.0,0.0,0.32,False
2004-09-26,USC00032475,0,1.75,-1.75,-0.67,False
2004-09-26,USC00034185,43,46.96,-3.96,-1.93,False
2004-09-26,USC00034548,30,42.32,-12.32,-6.68,True
2004-09-26,USC00034936,0,3.64,-3.64,-1.75,False
2004-09-26,USC00035866,0,0.0,0.0,0.32,False
2004-09-26,USC00085793,0,0.0,0.0,0.32,False
2004-09-26,USC00086999,0,0.0,0.0,0.32,False
2004-09-26,USC00160007,0,1.02,-1.02,-0.26,False
2004-09-26,USC00160012,0,0.0,0.0,0.32,False
2004-09-26,USC00160016,0,0.0,0.0,0.32,False
2004-09-26,USC00160021,0,0.0,0.0,0.32,False
2004-09-26,USC00160098,0,0.58,-0.58,-0.01,False
2004-09-26,USC00160103,0,0.75,-0.75,-0.11,False
2004-09-26,USC00160205,0,0.0,0.0,0.32,False
2004-09-26,USC00160238,0,0.0,0.0,0.32,False
2004-09-26,USC00160277,0,19.13,-19.13,-10.55,True
2004-09-26,USC00160349,0,16.33,-16.33,-8.96,True
2004-09-26,USC00160462,0,0.02,-0.02,0.31,False
2004-09-26,USC00160537,0,0.0,0.0,0.32,False
2004-09-26,USC00160540,0,0.2,-0.2,0.21,False
2004-09-26,USC00160546,0,0.0,0.0,0.32,False
2004-09-26,USC00160548,0,0.02,-0.02,0.31,False
2004-09-26,USC00160558,0,0.0,0.0,0.32,False
2004-09-26,USC00160565,0,0.34,-0.34,0.13,False
2004-09-26,USC00160617,0,0.34,-0.34,0.13,False
2004-09-26,USC00160658,0,0.59,-0.59,-0.01,False
2004-09-26,USC00160800,0,18.94,-18.94,-10.44,True
2004-09-26,USC00160945,0,0.0,0.0,0.32,False
2004-09-26,USC00161200,0,126.93,-126.93,-71.82,True
2004-09-26,USC00161232,0,1.54,-1.54,-0.56,False
2004-09-26,USC00161235,0,1.58,-1.58,-0.58,False
2004-09-26,USC00161246,0,0.15,-0.15,0.23,False
2004-09-26,USC00161287,0,0.25,-0.25,0.18,False
2004-09-26,USC00161292,0,0.0,0.0,0.32,False
2004-09-26,USC00161365,0,0.43,-0.43,0.08,False
2004-09-26,USC00161411,0,1.69,-1.69,-0.64,False
2004-09-26,USC00161535,0,0.66,-0.66,-0.05,False
2004-09-26,USC00161565,0,0.19,-0.19,0.21,False
2004-09-26,USC00161639,0,0.0,0.0,0.32,False
2004-09-26,USC00161866,0,0.99,-0.99,-0.24,False
2004-09-26,USC00161899,0,0.07,-0.07,0.28,False
2004-09-26,USC00161941,0,1.75,-1.75,-0.67,False
2004-09-26,USC00161979,0,0.51,-0.51,0.03,False
2004-09-26,USC00162002,0,0.19,-0.19,0.21,False
2004-09-26,USC00162121,10,53.98,-43.98,-24.67,True
2004-09-26,USC00162151,0,0.0,0.0,0.32,False
2004-09-26,USC00162154,0,0.0,0.0,0.32,False
2004-09-26,USC00162212,0,0.58,-0.58,-0.01,False
2004-09-26,USC00162350,0,0.0,0.0,0.32,False
2004-09-26,USC00162367,0,7.08,-7.08,-3.7,True
2004-09-26,USC00162534,0,0.2,-0.2,0.21,False
2004-09-26,USC00162536,0,0.16,-0.16,0.23,False
2004-09-26,USC00162641,0,6.02,-6.02,-3.1,False
2004-09-26,USC00162812,0,1.73,-1.73,-0.66,False
2004-09-26,USC00162981,0,0.44,-0.44,0.07,False
2004-09-26,USC00163079,0,5.99,-5.99,-3.08,False
2004-09-26,USC00163165,0,0.0,0.0,0.32,False
2004-09-26,USC00163313,0,1.1,-1.1,-0.3,False
2004-09-26,USC00163322,0,0.0,0.0,0.32,False
2004-09-26,USC00163433,0,0.0,0.0,0.32,False
2004-09-26,USC00163695,0,0.14,-0.14,0.24,False
2004-09-26,USC00163741,0,2.27,-2.27,-0.97,False
2004-09-26,USC00163800,0,0.32,-0.32,0.14,False
2004-09-26,USC00163804,0,2.71,-2.71,-1.22,False
2004-09-26,USC00163807,0,0.0,0.0,0.32,False
2004-09-26,USC00163829,0,0.0,0.0,0.32,False
2004-09-26,USC00163867,0,0.0,0.0,0.32,False
2004-09-26,USC00163877,94,41.06,52.94,30.41,True
2004-09-26,USC00163979,0,1.8,-1.8,-0.7,False
2004-09-26,USC00164030,0,0.0,0.0,0.32,False
2004-09-26,USC00164034,0,0.0,0.0,0.32,False
2004-09-26,USC00164050,0,18.78,-18.78,-10.35,True
2004-09-26,USC00164131,76,30.51,45.49,26.18,True
2004-09-26,USC00164288,25,10.28,14.72,8.68,True
2004-09-26,USC00164355,0,33.08,-33.08,-18.48,True
2004-09-26,USC00164398,25,36.68,-11.68,-6.31,True
2004-09-26,USC00164407,0,0.4,-0.4,0.09,False
2004-09-26,USC00164573,0,0.08,-0.08,0.28,False
2004-09-26,USC00164592,0,23.83,-23.83,-13.22,True
2004-09-26,USC00164674,0,0.66,-0.66,-0.06,False
2004-09-26,USC00164696,0,0.38,-0.38,0.1,False
2004-09-26,USC00164700,3,0.42,2.58,1.79,False
2004-09-26,USC00164732,0,1.89,-1.89,-0.75,False
2004-09-26,USC00164739,0,0.43,-0.43,0.07,False
2004-09-26,USC00164775,0,1.07,-1.07,-0.28,False
2004-09-26,USC00164816,15,44.82,-29.82,-16.63,True
2004-09-26,USC00164859,0,0.0,0.0,0.32,False
2004-09-26,USC00164931,0,37.3,-37.3,-20.88,True
2004-09-26,USC00165021,3,0.41,2.59,1.79,False
2004-09-26,USC00165065,0,0.77,-0.77,-0.11,False
2004-09-26,USC00165072,0,1.13,-1.13,-0.32,False
2004-09-26,USC00165074,0,1.04,-1.04,-0.27,False
2004-09-26,USC00165076,0,1.02,-1.02,-0.26,False
2004-09-26,USC00165090,0,0.11,-0.11,0.26,False
2004-09-26,USC00165146,0,0.36,-0.36,0.12,False
2004-09-26,USC00165266,5,7.83,-2.83,-1.29,False
2004-09-26,USC00165287,0,7.79,-7.79,-4.11,True
2004-09-26,USC00165296,5,0.97,4.03,2.61,False
2004-09-26,USC00165430,0,0.0,0.0,0.32,False
2004-09-26,USC00165438,0,0.0,0.0,0.32,False
2004-09-26,USC00165522,0,28.54,-28.54,-15.9,True
2004-09-26,USC00165610,0,0.0,0.0,0.32,False
2004-09-26,USC00165620,0,0.13,-0.13,0.24,False
2004-09-26,USC00165624,0,0.0,0.0,0.32,False
2004-09-26,USC00165630,3,0.38,2.62,1.81,False
2004-09-26,USC00165783,0,0.16,-0.16,0.23,False
2004-09-26,USC00165892,58,5.68,52.32,30.06,True
2004-09-26,USC00165896,0,15.0,-15.0,-8.21,True
2004-09-26,USC00165920,0,0.27,-0.27,0.17,False
2004-09-26,USC00165926,0,0.0,0.0,0.32,False
2004-09-26,USC00165935,0,17.8,-17.8,-9.79,True
2004-09-26,USC00166157,0,0.0,0.0,0.32,False
2004-09-26,USC00166244,0,33.56,-33.56,-18.75,True
2004-09-26,USC00166314,0,0.05,-0.05,0.29,False
2004-09-26,USC00166364,23,45.52,-22.52,-12.48,True
2004-09-26,USC00166394,0,0.88,-0.88,-0.18,False
2004-09-26,USC00166431,0,1.18,-1.18,-0.35,False
2004-09-26,USC00166466,0,0.0,0.0,0.32,False
2004-09-26,USC00166561,0,0.28,-0.28,0.16,False
2004-09-26,USC00166582,0,2.87,-2.87,-1.31,False
2004-09-26,USC00166657,0,0.2,-0.2,0.21,False
2004-09-26,USC00166666,0,0.0,0.0,0.32,False
2004-09-26,USC00166686,0,0.1,-0.1,0.27,False
2004-09-26,USC00166808,0,0.1,-0.1,0.26,False
2004-09-26,USC00166836,0,0.74,-0.74,-0.1,False
2004-09-26,USC00166866,0,0.0,0.0,0.32,False
2004-09-26,USC00166868,0,0.11,-0.11,0.26,False
2004-09-26,USC00166911,0,0.06,-0.06,0.29,False
2004-09-26,USC00166938,0,0.65,-0.65,-0.05,False
2004-09-26,USC00166968,3,0.49,2.51,1.75,False
2004-09-26,USC00166978,0,0.5,-0.5,0.04,False
2004-09-26,USC00166995,0,0.29,-0.29,0.16,False
2004-09-26,USC00167096,0,0.0,0.0,0.32,False
2004-09-26,USC00167304,0,0.0,0.0,0.32,False
2004-09-26,USC00167366,0,0.17,-0.17,0.23,False
2004-09-26,USC00167425,0,0.0,0.0,0.32,False
2004-09-26,USC00167448,0,0.02,-0.02,0.31,False
2004-09-26,USC00167729,0,0.28,-0.28,0.16,False
2004-09-26,USC00167732,0,0.4,-0.4,0.09,False
2004-09-26,USC00167738,5,52.29,-47.29,-26.56,True
2004-09-26,USC00167767,0,0.0,0.0,0.32,False
2004-09-26,USC00167924,0,42.66,-42.66,-23.92,True
2004-09-26,USC00167932,3,0.6,2.4,1.68,False
2004-09-26,USC00168046,0,7.13,-7.13,-3.73,True
2004-09-26,USC00168067,0,6.0,-6.0,-3.09,False
2004-09-26,USC00168094,13,19.94,-6.94,-3.62,True
2004-09-26,USC00168108,0,0.0,0.0,0.32,False
2004-09-26,USC00168136,0,0.1,-0.1,0.26,False
2004-09-26,USC00168139,0,0.16,-0.16,0.23,False
2004-09-26,USC00168163,5,0.44,4.56,2.91,False
2004-09-26,USC00168181,0,0.24,-0.24,0.19,False
2004-09-26,USC00168436,620,8.82,611.18,347.68,True
2004-09-26,USC00168444,10,47.88,-37.88,-21.21,True
2004-09-26,USC00168539,0,0.0,0.0,0.32,False
2004-09-26,USC00168669,0,8.75,-8.75,-4.65,True
2004-09-26,USC00168683,196,29.92,166.08,94.71,True
2004-09-26,USC00168785,0,0.0,0.0,0.32,False
2004-09-26,USC00168831,0,1.25,-1.25,-0.39,False
2004-09-26,USC00168861,0,0.0,0.0,0.32,False
2004-09-26,USC00168906,0,0.0,0.0,0.32,False
2004-09-26,USC00168923,0,0.4,-0.4,0.09,False
2004-09-26,USC00168941,0,0.0,0.0,0.32,False
2004-09-26,USC00168945,0,0.0,0.0,0.32,False
2004-09-26,USC00169013,0,0.29,-0.29,0.15,False
2004-09-26,USC00169357,0,1.67,-1.67,-0.63,False
2004-09-26,USC00169369,0,0.27,-0.27,0.17,False
2004-09-26,USC00169392,0,39.9,-39.9,-22.36,True
2004-09-26,USC00169480,0,0.0,0.0,0.32,False
2004-09-26,USC00169631,0,0.2,-0.2,0.21,False
2004-09-26,USC00169803,0,1.61,-1.61,-0.59,False
2004-09-26,USC00169804,0,0.33,-0.33,0.13,False
2004-09-26,USC00169806,0,0.35,-0.35,0.12,False
2004-09-26,USC00169809,0,1.21,-1.21,-0.37,False
2004-09-26,USC00169930,0,0.0,0.0,0.32,False
2004-09-26,USC00169980,0,21.59,-21.59,-11.95,True
2004-09-26,USC00220039,0,0.0,0.0,0.32,False
2004-09-26,USC00220218,0,0.0,0.0,0.32,False
2004-09-26,USC00220521,0,0.0,0.0,0.32,False
2004-09-26,USC00220523,0,0.3,-0.3,0.15,False
2004-09-26,USC00220585,0,0.0,0.0,0.32,False
2004-09-26,USC00220660,0,0.0,0.0,0.32,False
2004-09-26,USC00220792,0,0.0,0.0,0.32,False
2004-09-26,USC00220891,0,0.0,0.0,0.32,False
2004-09-26,USC00221094,0,0.26,-0.26,0.17,False
2004-09-26,USC00221174,0,0.0,0.0,0.32,False
2004-09-26,USC00221389,0,0.17,-0.17,0.23,False
2004-09-26,USC00221489,0,0.25,-0.25,0.18,False
2004-09-26,USC00221578,0,0.19,-0.19,0.21,False
2004-09-26,USC00221852,0,0.14,-0.14,0.24,False
2004-09-26,USC00221860,0,0.41,-0.41,0.09,False
2004-09-26,USC00221865,0,0.0,0.0,0.32,False
2004-09-26,USC00221880,0,0.0,0.0,0.32,False
2004-09-26,USC00222034,0,0.29,-0.29,0.16,False
2004-09-26,USC00222094,0,0.26,-0.26,0.17,False
2004-09-26,USC00222385,0,0.16,-0.16,0.23,False
2004-09-26,USC00223107,0,0.43,-0.43,0.08,False
2004-09-26,USC00223340,0,0.27,-0.27,0.17,False
2004-09-26,USC00223441,0,0.23,-0.23,0.19,False
2004-09-26,USC00223516,0,0.19,-0.19,0.21,False
2004-09-26,USC00223605,0,0.0,0.0,0.32,False
2004-09-26,USC00223667,0,0.0,0.0,0.32,False
2004-09-26,USC00223671,0,0.0,0.0,0.32,False
2004-09-26,USC00223887,0,0.0,0.0,0.32,False
2004-09-26,USC00223920,0,0.27,-0.27,0.17,False
2004-09-26,USC00224470,0,0.0,0.0,0.32,False
2004-09-26,USC00224702,0,0.3,-0.3,0.15,False
2004-09-26,USC00224776,0,0.21,-0.21,0.2,False
2004-09-26,USC00224939,0,0.21,-0.21,0.2,False
2004-09-26,USC00224966,0,0.0,0.0,0.32,False
2004-09-26,USC00225020,0,0.0,0.0,0.32,False
2004-09-26,USC00225062,0,0.0,0.0,0.32,False
2004-09-26,USC00225247,0,0.23,-0.23,0.19,False
2004-09-26,USC00225361,0,0.0,0.0,0.32,False
2004-09-26,USC00225611,0,0.09,-0.09,0.27,False
2004-09-26,USC00225704,0,0.47,-0.47,0.06,False
2004-09-26,USC00225943,0,0.17,-0.17,0.22,False
2004-09-26,USC00225987,0,0.0,0.0,0.32,False
2004-09-26,USC00225989,0,0.0,0.0,0.32,False
2004-09-26,USC00226009,0,0.0,0.0,0.32,False
2004-09-26,USC00226177,8,0.21,7.79,4.75,True
2004-09-26,USC00226294,0,0.19,-0.19,0.21,False
2004-09-26,USC00226308,0,5.27,-5.27,-2.68,False
2004-09-26,USC00226476,0,0.14,-0.14,0.24,False
2004-09-26,USC00226484,0,0.0,0.0,0.32,False
2004-09-26,USC00226638,0,0.31,-0.31,0.15,False
2004-09-26,USC00226640,0,0.18,-0.18,0.22,False
2004-09-26,USC00226642,0,0.15,-0.15,0.24,False
2004-09-26,USC00226643,0,0.52,-0.52,0.03,False
2004-09-26,USC00226644,0,1.1,-1.1,-0.31,False
2004-09-26,USC00226718,0,0.0,0.0,0.32,False
2004-09-26,USC00226894,0,0.33,-0.33,0.13,False
2004-09-26,USC00226921,0,0.0,0.0,0.32,False
2004-09-26,USC00226924,0,0.0,0.0,0.32,False
2004-09-26,USC00226926,0,0.0,0.0,0.32,False
2004-09-26,USC00227128,0,0.0,0.0,0.32,False
2004-09-26,USC00227132,0,0.79,-0.79,-0.13,False
2004-09-26,USC00227172,0,0.0,0.0,0.32,False
2004-09-26,USC00227220,0,0.0,0.0,0.32,False
2004-09-26,USC00227276,0,0.27,-0.27,0.17,False
2004-09-26,USC00227444,0,0.0,0.0,0.32,False
2004-09-26,USC00227560,0,0.0,0.0,0.32,False
2004-09-26,USC00227595,0,0.13,-0.13,0.25,False
2004-09-26,USC00227831,0,0.13,-0.13,0.25,False
2004-09-26,USC00227840,0,0.0,0.0,0.32,False
2004-09-26,USC00228053,0,0.24,-0.24,0.19,False
2004-09-26,USC00228374,0,0.0,0.0,0.32,False
2004-09-26,USC00228413,0,0.0,0.0,0.32,False
2004-09-26,USC00228445,0,0.0,0.0,0.32,False
2004-09-26,USC00228556,0,0.0,0.0,0.32,False
2004-09-26,USC00228899,0,0.3,-0.3,0.15,False
2004-09-26,USC00229048,0,0.0,0.0,0.32,False
2004-09-26,USC00229072,0,0.48,-0.48,0.05,False
2004-09-26,USC00229114,0,0.0,0.0,0.32,False
2004-09-26,USC00229157,0,0.0,0.0,0.32,False
2004-09-26,USC00229230,0,0.36,-0.36,0.12,False
2004-09-26,USC00229326,0,0.31,-0.31,0.14,False
2004-09-26,USC00229426,0,0.0,0.0,0.32,False
2004-09-26,USC00229439,0,0.21,-0.21,0.2,False
2004-09-26,USC00229597,0,0.2,-0.2,0.21,False
2004-09-26,USC00229639,0,0.0,0.0,0.32,False
2004-09-26,USC00229743,0,0.0,0.0,0.32,False
2004-09-26,USC00229793,0,0.24,-0.24,0.18,False
2004-09-26,USC00229860,0,0.0,0.0,0.32,False
2004-09-26,USC00410144,0,71.87,-71.87,-40.52,True
2004-09-26,USC00410190,0,7.87,-7.87,-4.15,True
2004-09-26,USC00410204,0,11.92,-11.92,-6.46,True
2004-09-26,USC00410206,0,0.81,-0.81,-0.14,False
2004-09-26,USC00410235,0,15.92,-15.92,-8.73,True
2004-09-26,USC00410246,0,6.28,-6.28,-3.25,False
2004-09-26,USC00410257,0,8.6,-8.6,-4.57,True
2004-09-26,USC00410271,0,0.73,-0.73,-0.09,False
2004-09-26,USC00410297,13,11.28,1.72,1.3,False
2004-09-26,USC00410305,0,20.12,-20.12,-11.11,True
2004-09-26,USC00410337,0,0.55,-0.55,0.01,False
2004-09-26,USC00410404,0,15.91,-15.91,-8.72,True
2004-09-26,USC00410408,3,32.93,-29.93,-16.69,True
2004-09-26,USC00410431,0,6.81,-6.81,-3.55,True
2004-09-26,USC00410518,0,4.99,-4.99,-2.52,False
2004-09-26,USC00410569,0,6.48,-6.48,-3.36,False
2004-09-26,USC00410586,76,11.57,64.43,36.94,True
2004-09-26,USC00410611,0,9.51,-9.51,-5.08,True
2004-09-26,USC00410613,0,11.99,-11.99,-6.49,True
2004-09-26,USC00410639,0,34.12,-34.12,-19.07,True
2004-09-26,USC00410655,5,28.81,-23.81,-13.21,True
2004-09-26,USC00410660,0,10.37,-10.37,-5.57,True
2004-09-26,USC00410690,0,102.34,-102.34,-57.84,True
2004-09-26,USC00410691,0,0.84,-0.84,-0.16,False
2004-09-26,USC00410738,0,6.17,-6.17,-3.18,False
2004-09-26,USC00410805,180,107.22,72.78,41.69,True
2004-09-26,USC00410832,5,5.0,-0.0,0.32,False
2004-09-26,USC00411026,0,7.91,-7.91,-4.17,True
2004-09-26,USC00411035,0,0.7,-0.7,-0.08,False
2004-09-26,USC00411045,305,28.06,276.94,157.72,True
2004-09-26,USC00411048,140,24.49,115.51,65.97,True
2004-09-26,USC00411063,0,0.71,-0.71,-0.08,False
2004-09-26,USC00411089,0,18.78,-18.78,-10.35,True
2004-09-26,USC00411215,0,7.75,-7.75,-4.08,True
2004-09-26,USC00411246,0,1.05,-1.05,-0.27,False
2004-09-26,USC00411250,0,2.51,-2.51,-1.11,False
2004-09-26,USC00411253,0,3.05,-3.05,-1.41,False
2004-09-26,USC00411314,0,37.55,-37.55,-21.02,True
2004-09-26,USC00411337,0,7.98,-7.98,-4.22,True
2004-09-26,USC00411348,0,30.54,-30.54,-17.03,True
2004-09-26,USC00411429,0,7.8,-7.8,-4.11,True
2004-09-26,USC00411433,41,4.65,36.35,20.98,True
2004-09-26,USC00411541,0,11.36,-11.36,-6.14,True
2004-09-26,USC00411578,0,28.99,-28.99,-16.16,True
2004-09-26,USC00411580,0,0.8,-0.8,-0.13,False
2004-09-26,USC00411596,0,36.88,-36.88,-20.64,True
2004-09-26,USC00411625,0,1.49,-1.49,-0.53,False
2004-09-26,USC00411671,8,12.86,-4.86,-2.44,False
2004-09-26,USC00411711,0,16.95,-16.95,-9.31,True
2004-09-26,USC00411720,0,16.72,-16.72,-9.18,True
2004-09-26,USC00411800,0,1.83,-1.83,-0.72,False
2004-09-26,USC00411804,0,1.5,-1.5,-0.53,False
2004-09-26,USC00411810,13,15.57,-2.57,-1.14,False
2004-09-26,USC00411838,20,15.17,4.83,3.07,False
2004-09-26,USC00411880,0,11.62,-11.62,-6.28,True
2004-09-26,USC00411911,13,19.28,-6.28,-3.25,False
2004-09-26,USC00411921,0,0.09,-0.09,0.27,False
2004-09-26,USC00411956,0,12.94,-12.94,-7.03,True
2004-09-26,USC00411970,0,0.1,-0.1,0.27,False
2004-09-26,USC00411990,0,6.19,-6.19,-3.2,False
2004-09-26,USC00412013,0,119.1,-119.1,-67.37,True
2004-09-26,USC00412017,56,11.55,44.45,25.59,True
2004-09-26,USC00412019,0,9.87,-9.87,-5.29,True
2004-09-26,USC00412020,0,10.01,-10.01,-5.37,True
2004-09-26,USC00412086,0,3.9,-3.9,-1.89,False
2004-09-26,USC00412088,0,11.22,-11.22,-6.05,True
2004-09-26,USC00412096,0,1.06,-1.06,-0.28,False
2004-09-26,USC00412114,0,15.24,-15.24,-8.34,True
2004-09-26,USC00412173,0,13.13,-13.13,-7.14,True
2004-09-26,USC00412206,0,18.8,-18.8,-10.36,True
2004-09-26,USC00412218,0,18.02,-18.02,-9.92,True
2004-09-26,USC00412225,0,15.86,-15.86,-8.7,True
2004-09-26,USC00412266,0,4.9,-4.9,-2.46,False
2004-09-26,USC00412295,0,18.5,-18.5,-10.19,True
2004-09-26,USC00412334,10,0.04,9.96,5.98,True
2004-09-26,USC00412404,0,0.32,-0.32,0.14,False
2004-09-26,USC00412444,0,15.32,-15.32,-8.39,True
2004-09-26,USC00412462,0,29.67,-29.67,-16.54,True
2004-09-26,USC00412585,0,5.77,-5.77,-2.96,False
2004-09-26,USC00412598,0,1.25,-1.25,-0.39,False
2004-09-26,USC00412770,0,14.04,-14.04,-7.66,True
2004-09-26,USC00412772,0,13.29,-13.29,-7.23,True
2004-09-26,USC00412786,0,7.54,-7.54,-3.96,True
2004-09-26,USC00412820,86,12.98,73.02,41.82,True
2004-09-26,USC00413005,0,4.51,-4.51,-2.24,False
2004-09-26,USC00413047,241,16.67,224.33,127.82,True
2004-09-26,USC00413065,0,17.69,-17.69,-9.73,True
2004-09-26,USC00413080,0,0.16,-0.16,0.23,False
2004-09-26,USC00413133,0,3.31,-3.31,-1.56,False
2004-09-26,USC00413156,0,8.78,-8.78,-4.67,True
2004-09-26,USC00413171,0,13.05,-13.05,-7.1,True
2004-09-26,USC00413183,36,16.45,19.55,11.43,True
2004-09-26,USC00413199,0,6.8,-6.8,-3.54,True
2004-09-26,USC00413201,127,4.53,122.47,69.93,True
2004-09-26,USC00413247,0,0.86,-0.86,-0.17,False
2004-09-26,USC00413285,0,0.56,-0.56,0.0,False
2004-09-26,USC00413321,28,53.73,-25.73,-14.3,True
2004-09-26,USC00413340,0,8.63,-8.63,-4.58,True
2004-09-26,USC00413370,0,0.38,-0.38,0.11,False
2004-09-26,USC00413485,0,7.91,-7.91,-4.18,True
2004-09-26,USC00413507,0,7.64,-7.64,-4.02,True
2004-09-26,USC00413508,0,42.41,-42.41,-23.78,True
2004-09-26,USC00413525,0,25.47,-25.47,-14.15,True
2004-09-26,USC00413546,0,15.53,-15.53,-8.5,True
2004-09-26,USC00413618,23,6.53,16.47,9.68,True
2004-09-26,USC00413620,0,20.04,-20.04,-11.07,True
2004-09-26,USC00413622,28,10.01,17.99,10.55,True
2004-09-26,USC00413624,0,12.75,-12.75,-6.92,True
2004-09-26,USC00413639,0,0.65,-0.65,-0.05,False
2004-09-26,USC00413675,0,1.01,-1.01,-0.25,False
2004-09-26,USC00413685,0,17.99,-17.99,-9.9,True
2004-09-26,USC00413686,0,18.68,-18.68,-10.3,True
2004-09-26,USC00413691,0,0.51,-0.51,0.03,False
2004-09-26,USC00413734,0,0.12,-0.12,0.26,False
2004-09-26,USC00413776,3,38.42,-35.42,-19.81,True
2004-09-26,USC00413846,0,6.67,-6.67,-3.47,False
2004-09-26,USC00413873,0,15.41,-15.41,-8.44,True
2004-09-26,USC00413877,0,30.49,-30.49,-17.01,True
2004-09-26,USC00413884,0,3.99,-3.99,-1.95,False
2004-09-26,USC00413941,0,28.34,-28.34,-15.79,True
2004-09-26,USC00413943,3,31.91,-28.91,-16.11,True
2004-09-26,USC00414020,0,14.82,-14.82,-8.1,True
2004-09-26,USC00414077,0,17.18,-17.18,-9.44,True
2004-09-26,USC00414081,74,17.26,56.74,32.57,True
2004-09-26,USC00414137,0,1.5,-1.5,-0.53,False
2004-09-26,USC00414182,0,7.32,-7.32,-3.84,True
2004-09-26,USC00414202,0,12.14,-12.14,-6.58,True
2004-09-26,USC00414313,0,19.16,-19.16,-10.57,True
2004-09-26,USC00414315,25,16.26,8.74,5.29,True
2004-09-26,USC00414321,109,18.71,90.29,51.64,True
2004-09-26,USC00414325,89,18.62,70.38,40.32,True
2004-09-26,USC00414326,0,22.76,-22.76,-12.61,True
2004-09-26,USC00414327,64,19.16,44.84,25.81,True
2004-09-26,USC00414333,0,13.28,-13.28,-7.23,True
2004-09-26,USC00414343,0,0.8,-0.8,-0.13,False
2004-09-26,USC00414382,0,5.16,-5.16,-2.61,False
2004-09-26,USC00414390,0,6.25,-6.25,-3.23,False
2004-09-26,USC00414505,0,6.83,-6.83,-3.56,True
2004-09-26,USC00414517,0,0.43,-0.43,0.07,False
2004-09-26,USC00414531,0,10.88,-10.88,-5.86,True
2004-09-26,USC00414556,20,11.87,8.13,4.94,True
2004-09-26,USC00414563,0,24.29,-24.29,-13.49,True
2004-09-26,USC00414575,30,13.62,16.38,9.63,True
2004-09-26,USC00414597,0,0.69,-0.69,-0.07,False
2004-09-26,USC00414605,0,3.14,-3.14,-1.46,False
2004-09-26,USC00414679,0,0.35,-0.35,0.12,False
2004-09-26,USC00414693,0,39.02,-39.02,-21.85,True
2004-09-26,USC00414696,0,14.69,-14.69,-8.03,True
2004-09-26,USC00414704,0,18.61,-18.61,-10.25,True
2004-09-26,USC00414705,0,3.53,-3.53,-1.69,False
2004-09-26,USC00414805,0,9.21,-9.21,-4.91,True
2004-09-26,USC00414810,175,105.3,69.7,39.94,True
2004-09-26,USC00414866,38,0.31,37.69,21.74,True
2004-09-26,USC00414878,0,20.39,-20.39,-11.27,True
2004-09-26,USC00414903,51,20.24,30.76,17.8,True
2004-09-26,USC00414911,0,17.66,-17.66,-9.72,True
2004-09-26,USC00414972,0,0.6,-0.6,-0.02,False
2004-09-26,USC00414976,0,7.01,-7.01,-3.66,True
2004-09-26,USC00414979,0,0.71,-0.71,-0.08,False
2004-09-26,USC00414980,0,0.06,-0.06,0.29,False
2004-09-26,USC00415018,0,4.82,-4.82,-2.42,False
2004-09-26,USC00415094,0,0.2,-0.2,0.21,False
2004-09-26,USC00415192,0,0.25,-0.25,0.18,False
2004-09-26,USC00415193,0,25.74,-25.74,-14.31,True
2004-09-26,USC00415196,5,15.84,-10.84,-5.84,True
2004-09-26,USC00415229,5,30.28,-25.28,-14.05,True
2004-09-26,USC00415243,0,0.78,-0.78,-0.12,False
2004-09-26,USC00415271,0,13.92,-13.92,-7.59,True
2004-09-26,USC00415285,0,8.95,-8.95,-4.77,True
2004-09-26,USC00415341,13,27.9,-14.9,-8.15,True
2004-09-26,USC00415344,0,31.46,-31.46,-17.56,True
2004-09-26,USC00415415,0,13.07,-13.07,-7.11,True
2004-09-26,USC00415427,0,12.26,-12.26,-6.64,True
2004-09-26,USC00415429,13,8.46,4.54,2.9,False
2004-09-26,USC00415430,0,9.88,-9.88,-5.29,True
2004-09-26,USC00415435,13,11.86,1.14,0.97,False
2004-09-26,USC00415477,0,34.52,-34.52,-19.3,True
2004-09-26,USC00415611,127,32.75,94.25,53.89,True
2004-09-26,USC00415618,0,34.88,-34.88,-19.5,True
2004-09-26,USC00415659,0,5.26,-5.26,-2.67,False
2004-09-26,USC00415661,0,67.89,-67.89,-38.27,True
2004-09-26,USC00415701,0,6.15,-6.15,-3.17,False
2004-09-26,USC00415721,0,41.84,-41.84,-23.46,True
2004-09-26,USC00415757,0,14.55,-14.55,-7.95,True
2004-09-26,USC00415836,0,19.66,-19.66,-10.85,True
2004-09-26,USC00415845,0,3.83,-3.83,-1.85,False
2004-09-26,USC00415897,0,0.88,-0.88,-0.18,False
2004-09-26,USC00415904,0,21.09,-21.09,-11.67,True
2004-09-26,USC00415954,0,8.14,-8.14,-4.3,True
2004-09-26,USC00416024,5,15.97,-10.97,-5.92,True
2004-09-26,USC00416058,0,4.12,-4.12,-2.02,False
2004-09-26,USC00416108,0,8.67,-8.67,-4.61,True
2004-09-26,USC00416119,0,5.94,-5.94,-3.05,False
2004-09-26,USC00416177,5,10.01,-5.01,-2.53,False
2004-09-26,USC00416210,0,16.34,-16.34,-8.96,True
2004-09-26,USC00416276,0,6.68,-6.68,-3.48,False
2004-09-26,USC00416280,0,16.11,-16.11,-8.84,True
2004-09-26,USC00416335,0,12.98,-12.98,-7.05,True
2004-09-26,USC00416341,13,15.03,-2.03,-0.83,False
2004-09-26,USC00416367,0,1.26,-1.26,-0.4,False
2004-09-26,USC00416496,61,24.26,36.74,21.2,True
2004-09-26,USC00416664,0,5.61,-5.61,-2.86,False
2004-09-26,USC00416680,0,6.47,-6.47,-3.36,False
2004-09-26,USC00416766,0,0.19,-0.19,0.21,False
2004-09-26,USC00417017,20,5.99,14.01,8.29,True
2004-09-26,USC00417020,0,9.23,-9.23,-4.93,True
2004-09-26,USC00417040,119,11.21,107.79,61.59,True
2004-09-26,USC00417140,0,8.58,-8.58,-4.56,True
2004-09-26,USC00417170,0,68.09,-68.09,-38.38,True
2004-09-26,USC00417172,0,3.91,-3.91,-1.9,False
2004-09-26,USC00417179,30,60.92,-30.92,-17.25,True
2004-09-26,USC00417183,8,7.24,0.76,0.75,False
2004-09-26,USC00417184,97,28.35,68.65,39.34,True
2004-09-26,USC00417300,0,1.52,-1.52,-0.54,False
2004-09-26,USC00417365,0,7.76,-7.76,-4.09,True
2004-09-26,USC00417388,0,1.77,-1.77,-0.68,False
2004-09-26,USC00417458,0,30.52,-30.52,-17.02,True
2004-09-26,USC00417530,0,30.37,-30.37,-16.94,True
2004-09-26,USC00417533,0,26.92,-26.92,-14.98,True
2004-09-26,USC00417550,0,0.7,-0.7,-0.08,False
2004-09-26,USC00417588,0,0.27,-0.27,0.17,False
2004-09-26,USC00417594,0,14.51,-14.51,-7.92,True
2004-09-26,USC00417659,0,0.57,-0.57,-0.0,False
2004-09-26,USC00417677,462,82.63,379.37,215.94,True
2004-09-26,USC00417685,0,26.33,-26.33,-14.65,True
2004-09-26,USC00417704,0,43.21,-43.21,-24.24,True
2004-09-26,USC00417707,0,0.12,-0.12,0.25,False
2004-09-26,USC00417744,0,35.64,-35.64,-19.94,True
2004-09-26,USC00417773,0,3.7,-3.7,-1.78,False
2004-09-26,USC00417791,0,10.2,-10.2,-5.47,True
2004-09-26,USC00417836,51,9.13,41.87,24.12,True
2004-09-26,USC00417841,0,11.86,-11.86,-6.42,True
2004-09-26,USC00417936,8,23.47,-15.47,-8.47,True
2004-09-26,USC00417947,0,7.41,-7.41,-3.89,True
2004-09-26,USC00417951,0,17.8,-17.8,-9.79,True
2004-09-26,USC00417983,5,7.74,-2.74,-1.24,False
2004-09-26,USC00418059,0,20.76,-20.76,-11.48,True
2004-09-26,USC00418081,84,104.31,-20.31,-11.22,True
2004-09-26,USC00418126,15,21.83,-6.83,-3.56,True
2004-09-26,USC00418187,0,8.15,-8.15,-4.31,True
2004-09-26,USC00418311,38,12.56,25.44,14.78,True
2004-09-26,USC00418354,0,58.78,-58.78,-33.08,True
2004-09-26,USC00418415,0,18.12,-18.12,-9.98,True
2004-09-26,USC00418446,175,26.21,148.79,84.89,True
2004-09-26,USC00418487,0,57.59,-57.59,-32.41,True
2004-09-26,USC00418519,0,11.17,-11.17,-6.03,True
2004-09-26,USC00418531,0,5.07,-5.07,-2.56,False
2004-09-26,USC00418544,15,8.78,6.22,3.85,True
2004-09-26,USC00418646,0,16.07,-16.07,-8.81,True
2004-09-26,USC00418658,0,12.55,-12.55,-6.81,True
2004-09-26,USC00418696,0,0.0,0.0,0.32,False
2004-09-26,USC00418743,0,4.68,-4.68,-2.34,False
2004-09-26,USC00418862,71,14.92,56.08,32.19,True
2004-09-26,USC00418929,0,0.06,-0.06,0.29,False
2004-09-26,USC00418942,0,13.33,-13.33,-7.26,True
2004-09-26,USC00418996,0,13.03,-13.03,-7.09,True
2004-09-26,USC00419001,5,22.32,-17.32,-9.52,True
2004-09-26,USC00419004,8,39.38,-31.38,-17.51,True
2004-09-26,USC00419007,0,18.63,-18.63,-10.26,True
2004-09-26,USC00419068,0,13.88,-13.88,-7.57,True
2004-09-26,USC00419076,0,16.11,-16.11,-8.84,True
2004-09-26,USC00419099,0,1.16,-1.16,-0.34,False
2004-09-26,USC00419101,145,10.06,134.94,77.01,True
2004-09-26,USC00419125,0,0.22,-0.22,0.2,False
2004-09-26,USC00419153,140,14.43,125.57,71.69,True
2004-09-26,USC00419207,0,11.78,-11.78,-6.38,True
2004-09-26,USC00419282,0,10.31,-10.31,-5.54,True
2004-09-26,USC00419361,0,20.37,-20.37,-11.25,True
2004-09-26,USC00419367,112,2.38,109.62,62.62,True
2004-09-26,USC00419415,0,14.79,-14.79,-8.08,True
2004-09-26,USC00419417,0,10.64,-10.64,-5.73,True
2004-09-26,USC00419491,43,25.98,17.02,10.0,True
2004-09-26,USC00419504,0,5.89,-5.89,-3.03,False
2004-09-26,USC00419522,0,3.21,-3.21,-1.5,False
2004-09-26,USC00419532,0,0.76,-0.76,-0.11,False
2004-09-26,USC00419559,8,49.62,-41.62,-23.34,True
2004-09-26,USC00419588,0,17.4,-17.4,-9.57,True
2004-09-26,USC00419593,0,14.31,-14.31,-7.81,True
2004-09-26,USC00419708,0,14.04,-14.04,-7.66,True
2004-09-26,USC00419709,226,9.04,216.96,123.63,True
2004-09-26,USC00419715,0,6.44,-6.44,-3.34,False
2004-09-26,USC00419717,5,8.58,-3.58,-1.72,False
2004-09-26,USC00419800,0,0.06,-0.06,0.29,False
2004-09-26,USC00419815,0,7.5,-7.5,-3.94,True
2004-09-26,USC00419836,0,8.08,-8.08,-4.27,True
2004-09-26,USC00419898,0,26.72,-26.72,-14.86,True
2004-09-26,USC00419916,3,29.68,-26.68,-14.85,True
2004-09-26,USC00419953,0,12.89,-12.89,-7.0,True
2004-09-26,USC00419962,0,9.05,-9.05,-4.82,True
2004-09-26,USW00003866,0,0.29,-0.29,0.16,False
2004-09-26,USW00003881,0,0.0,0.0,0.32,False
2004-09-26,USW00003901,0,34.86,-34.86,-19.49,True
2004-09-26,USW00003904,0,35.31,-35.31,-19.75,True
2004-09-26,USW00003927,0,0.5,-0.5,0.04,False
2004-09-26,USW00003937,0,1.29,-1.29,-0.41,False
2004-09-26,USW00003940,0,0.12,-0.12,0.25,False
2004-09-26,USW00003951,76,23.05,52.95,30.41,True
2004-09-26,USW00003969,0,0.89,-0.89,-0.18,False
2004-09-26,USW00003971,0,0.67,-0.67,-0.06,False
2004-09-26,USW00003991,0,0.37,-0.37,0.11,False
2004-09-26,USW00003996,0,0.38,-0.38,0.1,False
2004-09-26,USW00003999,0,2.65,-2.65,-1.18,False
2004-09-26,USW00012884,0,0.0,0.0,0.32,False
2004-09-26,USW00012904,38,16.39,21.61,12.6,True
2004-09-26,USW00012912,0,50.02,-50.02,-28.11,True
2004-09-26,USW00012916,0,0.0,0.0,0.32,False
2004-09-26,USW00012917,0,6.86,-6.86,-3.58,True
2004-09-26,USW00012918,0,19.16,-19.16,-10.57,True
2004-09-26,USW00012921,0,6.81,-6.81,-3.55,True
2004-09-26,USW00012923,0,9.79,-9.79,-5.24,True
2004-09-26,USW00012924,343,91.13,251.87,143.47,True
2004-09-26,USW00012926,94,81.55,12.45,7.4,True
2004-09-26,USW00012928,76,135.12,-59.12,-33.28,True
2004-09-26,USW00012930,0,0.0,0.0,0.32,False
2004-09-26,USW00012932,30,62.38,-32.38,-18.08,True
2004-09-26,USW00012935,0,6.13,-6.13,-3.16,False
2004-09-26,USW00012944,0,10.15,-10.15,-5.45,True
2004-09-26,USW00012957,150,20.81,129.19,73.75,True
2004-09-26,USW00012958,0,0.0,0.0,0.32,False
2004-09-26,USW00012959,0,6.14,-6.14,-3.17,False
2004-09-26,USW00012960,0,18.59,-18.59,-10.25,True
2004-09-26,USW00012968,18,0.26,17.74,10.4,True
2004-09-26,USW00012970,0,10.62,-10.62,-5.72,True
2004-09-26,USW00012971,0,7.39,-7.39,-3.88,True
2004-09-26,USW00012972,3,37.26,-34.26,-19.15,True
2004-09-26,USW00012975,3,14.01,-11.01,-5.94,True
2004-09-26,USW00012976,3,7.4,-4.4,-2.18,False
2004-09-26,USW00012977,0,16.49,-16.49,-9.05,True
2004-09-26,USW00012987,81,13.03,67.97,38.95,True
2004-09-26,USW00013833,0,0.0,0.0,0.32,False
2004-09-26,USW00013838,0,0.0,0.0,0.32,False
2004-09-26,USW00013865,0,0.42,-0.42,0.08,False
2004-09-26,USW00013894,0,0.0,0.0,0.32,False
2004-09-26,USW00013899,0,0.0,0.0,0.32,False
2004-09-26,USW00013904,0,7.28,-7.28,-3.81,True
2004-09-26,USW00013911,0,0.63,-0.63,-0.04,False
2004-09-26,USW00013927,0,0.0,0.0,0.32,False
2004-09-26,USW00013935,0,0.36,-0.36,0.11,False
2004-09-26,USW00013939,0,0.0,0.0,0.32,False
2004-09-26,USW00013942,0,0.05,-0.05,0.29,False
2004-09-26,USW00013957,0,65.77,-65.77,-37.06,True
2004-09-26,USW00013958,0,6.88,-6.88,-3.59,True
2004-09-26,USW00013959,0,10.58,-10.58,-5.69,True
2004-09-26,USW00013960,0,0.53,-0.53,0.02,False
2004-09-26,USW00013961,0,0.58,-0.58,-0.01,False
2004-09-26,USW00013970,0,0.02,-0.02,0.31,False
2004-09-26,USW00013972,0,10.54,-10.54,-5.67,True
2004-09-26,USW00013976,0,0.77,-0.77,-0.11,False
2004-09-26,USW00013977,0,17.63,-17.63,-9.7,True
2004-09-26,USW00013978,0,0.0,0.0,0.32,False
2004-09-26,USW00053820,0,0.0,0.0,0.32,False
2004-09-26,USW00053858,0,0.0,0.0,0.32,False
2004-09-26,USW00053865,0,0.0,0.0,0.32,False
2004-09-26,USW00053902,0,12.82,-12.82,-6.96,True
2004-09-26,USW00053903,0,6.19,-6.19,-3.19,False
2004-09-26,USW00053905,0,165.61,-165.61,-93.8,True
2004-09-26,USW00053907,0,0.7,-0.7,-0.08,False
2004-09-26,USW00053909,0,0.64,-0.64,-0.04,False
2004-09-26,USW00053910,0,17.02,-17.02,-9.35,True
2004-09-26,USW00053911,0,0.06,-0.06,0.29,False
2004-09-26,USW00053912,0,13.12,-13.12,-7.14,True
2004-09-26,USW00053914,3,0.15,2.85,1.94,False
2004-09-26,USW00053915,0,0.2,-0.2,0.21,False
2004-09-26,USW00053917,0,0.0,0.0,0.32,False
2004-09-26,USW00053960,0,0.24,-0.24,0.19,False
2004-09-26,USW00053961,0,1.45,-1.45,-0.5,False
2004-09-26,USW00053968,0,18.37,-18.37,-10.12,True
2004-09-26,USW00063831,9,0.0,9.0,5.44,True
2004-09-26,USW00093806,0,0.0,0.0,0.32,False
2004-09-26,USW00093874,0,0.0,0.0,0.32,False
2004-09-26,USW00093914,0,14.6,-14.6,-7.97,True
2004-09-26,USW00093915,0,1.33,-1.33,-0.44,False
2004-09-26,USW00093919,0,0.08,-0.08,0.27,False
2004-09-26,USW00093985,0,0.75,-0.75,-0.11,False
2004-09-26,USW00093987,0,13.02,-13.02,-7.08,True
2004-09-26,USW00093992,0,20.33,-20.33,-11.24,True
