Region,mean,std,count
Inland,34.803823529411765,42.71258277559265,34
Rural,38.174024896265564,42.186355515135205,241
