station_id,timestamp,pressure,wind_speed,wind_dir,lat,lon,is_missing,pressure_neighbor_div,wind_speed_neighbor_div,pressure_diff1h,pressure_rollstd_3h,pressure_rollmean_3h,pressure_rollstd_6h,pressure_rollmean_6h,pressure_rollstd_12h,pressure_rollmean_12h,pressure_stuck_run,wind_speed_diff1h,wind_speed_rollstd_3h,wind_speed_rollmean_3h,wind_speed_rollstd_6h,wind_speed_rollmean_6h,wind_speed_rollstd_12h,wind_speed_rollmean_12h,wind_speed_stuck_run,hours_since_valid,label,hours_to_failure,risk_score
STN_A_coastal_fails,2012-10-24 00:00:00,1015.3047170797545,8.246278443664824,184.58612805843296,40.6,-73.9,False,0.4436772980407113,-1.8054217676113709,,,,,,,,0,,,,,,,,0,0.0,0,170.0,
STN_A_coastal_fails,2012-10-24 01:00:00,1013.9600158937595,9.811474891494885,265.2140478535993,40.6,-73.9,False,-2.665735699318475,-1.9681017891259778,-1.3447011859949498,0.9508473272866621,1014.6323664867571,0.9508473272866621,1014.6323664867571,0.9508473272866621,1014.6323664867571,0,1.5651964478300613,1.1067610221497326,9.028876667579855,1.1067610221497326,9.028876667579855,1.1067610221497326,9.028876667579855,0,0.0,0,169.0,1.7261076571212358e-06
STN_A_coastal_fails,2012-10-24 02:00:00,1015.7504511958065,6.484543217286737,319.10503922053476,40.6,-73.9,False,-0.28602278611720067,-3.9023994777737228,1.7904353020469443,0.9320728469961149,1015.0050613897735,0.9320728469961149,1015.0050613897735,0.9320728469961149,1015.0050613897735,0,-3.326931674208148,1.6644331013396483,8.180765517482149,1.6644331013396483,8.180765517482149,1.6644331013396483,8.180765517482149,0,0.0,0,168.0,1.7261076571212358e-06
STN_A_coastal_fails,2012-10-24 03:00:00,1015.9405647163912,7.065909509218018,331.580591026269,40.6,-73.9,False,1.02558631994782,-0.9572782904787864,0.1901135205847595,1.0927316962817182,1015.2170106019857,0.8932887625323022,1015.2389372214279,0.8932887625323022,1015.2389372214279,0,0.581366291931281,1.7769163551220075,7.78730920599988,1.468883140012871,7.902051515416116,1.468883140012871,7.902051515416116,0,0.0,0,167.0,1.7261076571212358e-06
STN_A_coastal_fails,2012-10-24 04:00:00,1013.0489648113462,14.258494224056596,181.3078530659157,40.6,-73.9,False,-1.7542473260344877,4.0978310164528615,-2.891599905045041,1.6173806935386632,1014.9133269078479,1.248066280825536,1014.8009427394115,1.248066280825536,1014.8009427394115,0,7.192584714838578,4.330234325860853,9.269648983520451,3.1143355697333415,9.173340057144213,3.1143355697333415,9.173340057144213,0,0.0,0,166.0,1.7261076571212358e-06
STN_A_coastal_fails,2012-10-24 05:00:00,1013.6978204931377,7.425154837451938,187.29904130660486,40.6,-73.9,False,-1.415513125035659,-2.0380888883643156,0.6488556817914741,1.5172489005646257,1014.229116673625,1.2037228369123607,1014.6170890316993,1.2037228369123607,1014.6170890316993,0,-6.833339386604658,4.052917863681875,9.583186190242184,2.8755221137125906,8.881975853862167,2.8755221137125906,8.881975853862167,0,0.0,0,165.0,1.7261076571212358e-06
STN_A_coastal_fails,2012-10-24 06:00:00,1015.1278404031673,7.806428843090721,287.95334787498115,40.6,-73.9,False,-0.01566512158262867,-2.6504026075727456,1.430019910029614,1.063617597725182,1013.9582085692169,1.1855432294988246,1014.5876095856014,1.11567196455118,1014.6900535133375,0,0.3812740056387831,3.8399011428281296,9.830025968199752,2.9004683309922283,8.808667587099816,2.656271860011028,8.728326280894818,0,0.0,0,164.0,1.7261076571212358e-06
STN_A_coastal_fails,2012-10-24 07:00:00,1014.6837574076565,13.673827056642628,113.20224902791246,40.6,-73.9,False,-0.20653688271261217,4.145862458659222,-0.44408299551082564,0.7319196505757231,1014.5031394346538,1.145044454177141,1014.7082331712509,1.0329139281484438,1014.6892665001274,0,5.8673982135519065,3.502799741317732,9.635136912395096,3.5282132256570873,9.452392947957774,3.01745900311304,9.346513877863293,0,0.0,0,163.0,1.7261076571212358e-06
STN_A_coastal_fails,2012-10-24 08:00:00,1014.9831988424958,15.810134338480815,301.45765044422467,40.6,-73.9,False,-0.12731707824877958,6.688612117215191,0.2994414348393093,0.22649358374752518,1014.9315988844397,1.0437345471194805,1014.5803577790324,0.9711574873843489,1014.7219256492795,0,2.136307281838187,4.144262545088985,12.430130079404721,3.9839614648442074,11.006658134823454,3.5509111160724727,10.064693929043019,0,0.0,0,162.0,1.7261076571212358e-06
STN_A_coastal_fails,2012-10-24 09:00:00,1014.1469560724264,7.656866742349317,177.89099274627245,40.6,-73.9,False,-0.8332405437454327,-1.8693639581041843,-0.8362427700693615,0.42369855968914755,1014.6046374408596,0.8060286789545253,1014.2814230050384,0.9334943870150458,1014.6644286915941,0,-8.153267596131498,4.227753397103941,12.380276045824253,3.8728062779971064,11.105151007012003,3.4333272915619917,9.823911210373648,0,0.0,0,161.0,1.7261076571212358e-06
STN_A_coastal_fails,2012-10-24 10:00:00,1015.8793979748627,9.263502086423939,41.70842076069662,40.6,-73.9,False,0.864170921343316,-1.9102030782767745,1.7324419024363351,0.866393848149147,1015.003184296595,0.7678224594201568,1014.7531618656244,0.9583663603954237,1014.7748804446186,0,1.606635344074622,4.318862571453834,10.910167722418024,3.5856077651500695,10.27265231740656,3.2615201094379795,9.77296492637822,0,0.0,0,160.0,1.7261076571212358e-06
STN_A_coastal_fails,2012-10-24 11:00:00,1015.7777919354288,10.68311110188102,25.94129294625973,40.6,-73.9,False,0.9358662426766386,0.9890725372539819,-0.10160603943393198,0.9722229120781981,1015.2680486609061,0.6576976731940093,1015.099823772673,0.9585345338102401,1014.8584564021861,0,1.4196090154570804,1.5140850817789917,9.201159976884759,3.3037585638008697,10.815645028144738,3.120816760785555,9.848810441003453,0,0.0,0,159.0,1.7261076571212358e-06
STN_A_coastal_fails,2012-10-24 12:00:00,1015.0660306975611,13.457395288811185,303.1175559742067,40.6,-73.9,False,0.5269318111759276,2.711102365834032,-0.7117612378676768,0.4431881043006766,1015.5744068692843,0.6576551447398772,1015.0895221550719,0.9508782483121286,1014.8385658703365,0,2.7742841869301653,2.133099571814364,11.134669492372048,3.071655210761834,11.75747276909815,3.237918345994236,10.283070178098983,0,0.0,0,158.0,1.7261076571212358e-06
STN_A_coastal_fails,2012-10-24 13:00:00,1016.1272412069678,8.026285843143524,20.004450086476044,40.6,-73.9,False,2.391449782291488,-3.2414360056734743,1.061210509406692,0.5408152177317419,1015.6570212799858,0.7385787704716968,1015.3301027882903,0.9743665761993235,1015.0191679797707,0,-5.43110944566766,2.7157664055209407,10.722264077945242,3.2282776779679634,10.816215900181632,3.3019328470936657,10.134304424069702,0,0.0,0,157.0,1.7261076571212358e-06
STN_A_coastal_fails,2012-10-24 14:00:00,1015.4675093422517,9.50944430811578,101.02011700811613,40.6,-73.9,False,0.4776779742605868,-0.46553270313797945,-0.6597318647161501,0.5358169744629874,1015.5535937489268,0.7192966617085437,1015.4108212049165,0.9583535107470357,1014.9955894919744,0,1.4831584649722558,2.8072235924786706,10.33104181335683,2.1100173133248643,9.766100895120793,3.107725810919493,10.386379514972123,0,0.0,0,156.0,1.7261076571212358e-06
STN_A_coastal_fails,2012-10-24 15:00:00,1014.1407075371163,11.554675152123489,120.2868145805565,40.6,-73.9,False,-1.2421382224086983,1.3056650729925945,-1.3268018051353465,1.0117612683569153,1015.2451526954452,0.7214936709865571,1015.4097797823647,0.937634537918333,1014.8456013937015,0,2.0452308440077083,1.7716404522938343,9.696801767794264,1.9224381779932895,10.415735630083157,2.937188912136253,10.76044331854758,0,0.0,0,155.0,1.7261076571212358e-06
STN_A_coastal_fails,2012-10-24 16:00:00,1015.3687507840817,10.869532148933237,62.27800026897376,40.6,-73.9,False,-0.6748386699033517,1.692468508744252,1.2280432469653988,0.7391714392184306,1014.9923225544832,0.6841706842742201,1015.3246719172345,0.7548675675138744,1015.0389168914294,0,-0.6851430031902517,1.04101145325436,10.644550536390835,1.8399588648737317,10.68340730716804,2.7255744571224443,10.478029812287298,0,0.0,0,154.0,1.7261076571212358e-06
STN_A_coastal_fails,2012-10-24 17:00:00,1014.0411173991698,9.247687857539802,113.00161312871612,40.6,-73.9,False,-1.040188823523522,-2.341964783231761,-1.3276333849119055,0.7394388431693188,1014.516858573456,0.8099344420271354,1015.0352261611915,0.7042287014084896,1015.0675249669322,0,-1.621844291393435,1.1847637048315145,10.557298386198843,1.9310684464327628,10.444170099777836,2.5872626958497817,10.629907563961288,0,0.0,0,153.0,1.7261076571212358e-06
STN_A_coastal_fails,2012-10-24 18:00:00,1015.8784503013055,9.732354070967919,267.3693240210308,40.6,-73.9,False,0.9947869169770911,-0.2991943327619886,1.8373329021356994,0.9485248367736498,1015.096106161519,0.8809134763597672,1015.1706294284821,0.7423751428892246,1015.130075791777,0,0.4846662134281168,0.8325116840990955,9.949858025813652,1.2457630109547335,9.823329896803958,2.452414061466336,10.790401332951054,0,0.0,0,152.0,1.7261076571212358e-06
STN_A_coastal_fails,2012-10-24 19:00:00,1014.9500740890112,7.250208383260036,5.285823681625477,40.6,-73.9,False,0.052191912431680976,-2.6797169736656503,-0.9283762122943244,0.9186835553143275,1014.9565472631621,0.7460063793194319,1014.9744349088228,0.7317239613866969,1015.1522688485566,0,-2.4821456877078827,1.315666675340835,8.743416770589251,1.4866628189353985,9.693983653490044,2.4668332877100703,10.25509977683584,0,0.0,0,151.0,1.7261076571212358e-06
STN_A_coastal_fails,2012-10-24 20:00:00,1014.8151376364511,9.523652512050669,297.7824328274471,40.6,-73.9,False,0.6350664680275031,0.06427888704311435,-0.13493645256005493,0.5788960846617487,1015.2145540089226,0.7062505703013988,1014.8657062911893,0.736844536797196,1015.1382637480529,0,2.273444128790633,1.3767807718511211,8.83540498875954,1.486321362846391,9.696351687479192,1.7404601308228038,9.731226291299992,0,0.0,0,150.0,1.7261076571212358e-06
STN_A_coastal_fails,2012-10-24 21:00:00,1014.3190704555907,9.46722501998209,308.35728848684096,40.6,-73.9,False,-1.2071635841169837,-0.6795246568267395,-0.4960671808604502,0.3322790191854673,1014.6947607270176,0.6725822866872739,1014.8954334442683,0.717207762135287,1015.1526066133165,0,-0.056427492068579,1.2965913668857532,8.747028638430931,1.1763203268171183,9.348443332122292,1.6184961831984148,9.882089481102724,1,0.0,0,149.0,1.7261076571212358e-06
STN_A_coastal_fails,2012-10-24 22:00:00,1016.2225413386661,10.464339779252512,134.01416634895733,40.6,-73.9,False,1.0225879359993542,1.1847352709086163,1.9034708830754425,0.9874267256906207,1015.1189164769027,0.857616192615664,1015.0377318700325,0.7546810926328205,1015.1812018936334,0,0.9971147592704224,0.5601063053402812,9.818405770428422,1.0791476055138713,9.280911270508838,1.6138893251764388,9.982159288838439,0,0.0,0,148.0,1.7261076571212358e-06
STN_A_coastal_fails,2012-10-24 23:00:00,1014.8454705179197,8.889345562361967,55.30064366182853,40.6,-73.9,False,-0.13722338019726976,-1.6566062312527094,-1.3770708207464395,0.982905766395789,1015.1290274373922,0.7229690223736424,1015.1717907231574,0.7354244091447939,1015.1035084421745,0,-1.5749942168905449,0.7967422517072045,9.60697012053219,1.0912026528230192,9.221187554645866,1.626088496662903,9.83267882721185,0,0.0,0,147.0,1.7261076571212358e-06
STN_A_coastal_fails,2012-10-25 00:00:00,1014.5716721778202,10.943077045090279,216.3025468602291,40.6,-73.9,False,-0.9590059373804252,1.1593762014512734,-0.2737983400994608,0.8847465326880688,1015.2132280114687,0.6617528292283213,1014.9539943692431,0.7513877491800431,1015.0623118988627,0,2.0537314827283115,1.074523860142236,10.098920795568253,1.2971445566465947,9.422974716999592,1.2304249159424943,9.623152306901774,0,0.0,0,146.0,1.7261076571212358e-06
STN_A_coastal_fails,2012-10-25 01:00:00,1014.6478664494873,12.025431635639658,43.08212011136196,40.6,-73.9,False,-1.163276898083268,1.9832626871484393,0.07619427166707737,0.14131434577795537,1014.6883363817424,0.6735074451532462,1014.9036264293226,0.6786169428008453,1014.9390306690726,0,1.0823545905493788,1.5929187216050371,10.6192847476973,1.1544980691357127,10.218845259062862,1.2983065809398382,9.956414456276454,0,0.0,0,145.0,1.7261076571212358e-06
STN_A_coastal_fails,2012-10-25 02:00:00,1015.5323091855179,10.310858655336933,131.3709699881709,40.6,-73.9,False,0.5173552224564446,2.014535963097675,0.8844427360305644,0.5339893851798286,1014.9172826042751,0.716903149627068,1015.0231550208337,0.6834451682058492,1014.9444306560114,0,-1.7145729803027248,0.8670786255015299,11.093122445355624,1.1032878333219638,10.350046282943905,1.293828921403742,10.023198985211549,0,0.0,0,144.0,1.7261076571212358e-06
STN_A_coastal_fails,2012-10-25 03:00:00,1015.3654440643127,10.703512816798407,345.03450512435006,40.6,-73.9,False,0.2912259855793309,1.1732970383557664,-0.16686512120520547,0.4699291711324946,1015.1818732331059,0.6338287448767355,1015.1975506222874,0.6427464804013903,1015.0464920332778,0,0.3926541614614738,0.8982767909451004,11.013267702591667,1.0175510638691463,10.55609424907996,1.223666643776657,9.952268790601126,0,0.0,0,143.0,1.7261076571212358e-06
STN_A_coastal_fails,2012-10-25 04:00:00,1015.4127326115216,10.106310695155734,358.36721013010936,40.6,-73.9,False,0.5859497820146089,-1.3023706464721858,0.04728854720895015,0.0860026476501306,1015.4368286204508,0.42310597881895384,1015.0625825010966,0.6448730444005923,1015.0501571855644,0,-0.5972021216426722,0.3034983615062109,10.373560722430359,1.0343667689019873,10.49642273506383,1.1910566430645124,9.888667002786335,0,0.0,0,142.0,1.7261076571212358e-06
STN_A_coastal_fails,2012-10-25 05:00:00,1015.4308210029006,10.000168786182828,277.9577608876508,40.6,-73.9,False,0.6422652163994371,-1.7156274407822547,0.01808839137902396,0.033757815626957316,1015.4029992262449,0.43045312462309554,1015.1601409152601,0.567312456245351,1015.1659658192087,1,-0.10614190897290676,0.37916779582338905,10.269997432712323,0.7493316088409675,10.681559939033974,1.173927671263174,9.95137374683992,0,0.0,0,141.0,1.7261076571212358e-06
STN_A_coastal_fails,2012-10-25 06:00:00,1017.1416476007162,8.556883932914305,111.94614357147583,40.6,-73.9,False,1.775149901272016,-0.8487856128003415,1.710826597815526,0.9930090531269399,1015.9950670717127,0.8253153505987794,1015.5884701524095,0.7864182170335331,1015.2712322608263,0,-1.4432848532685227,0.8655499758404678,9.554454471417623,1.1228855661044763,10.283861087004645,1.2409913926593208,9.85341790200212,0,0.0,0,140.0,1.7261076571212358e-06
STN_A_coastal_fails,2012-10-25 07:00:00,1014.5935849833941,10.632988523346617,247.5594176997933,40.6,-73.9,False,-1.808782083422443,2.737283636600557,-2.5480626173221026,1.2987503546321255,1015.722017862337,0.8378898774483714,1015.5794232413938,0.8061390936069949,1015.2415248353582,0,2.076104590432312,1.0640913383283415,9.73001374748125,0.7835856464910506,10.051787234955803,0.9447503968283291,10.135316247009333,0,0.0,0,139.0,1.7261076571212358e-06
STN_A_coastal_fails,2012-10-25 08:00:00,1014.4877572706115,9.80542680317302,253.94629157424458,40.6,-73.9,False,-0.6484710649540375,-0.3211043958573221,-0.10582771278257042,1.5026064294422292,1015.4076632849072,0.9505749811561044,1015.4053312555761,0.8271468280636964,1015.2142431382049,0,-0.8275617201735965,1.0451417742731182,9.665099753144647,0.7773070044146331,9.967548592928486,0.9315756232389327,10.158797437936196,0,0.0,0,138.0,1.7261076571212358e-06
STN_A_coastal_fails,2012-10-25 09:00:00,1014.1862272712996,14.18633661786119,139.62301025891392,40.6,-73.9,False,-1.2503095358233622,4.70951961081988,-0.30152999931192426,0.21136861596082945,1014.4225231751017,1.0743210696029795,1015.2087951234072,0.8409898123122815,1015.2031728728474,0,4.38090981468817,2.327499082918478,11.541583981460276,1.9108052238703532,10.54801922643895,1.4595494159540334,10.552056737759454,0,0.0,0,137.0,1.7261076571212358e-06
STN_A_coastal_fails,2012-10-25 10:00:00,1015.6159794219309,13.146709804950484,230.71990845101737,40.6,-73.9,False,-0.2835659751942785,5.133125099415977,1.429752150631316,0.7536573907116431,1014.7633213212806,1.085186848355,1015.2426695918087,0.7908878731297759,1015.1526260464528,0,-1.039626812910706,2.289008767003781,12.379491075328232,2.157466022426029,11.05475241140474,1.6392367219118278,10.775587573234285,0,0.0,0,136.0,1.7261076571212358e-06
STN_A_coastal_fails,2012-10-25 11:00:00,1016.128972291805,10.771693105113002,3.8619521912434474,40.6,-73.9,False,1.7202775955925063,2.4770040420146007,0.5129928698740969,1.0067779556148346,1015.3103929950117,1.1451679467546694,1015.3590281399596,0.8313278523110447,1015.2595845276097,0,-2.3750166998374826,1.7503008576519579,12.701579842641559,2.104379521004834,11.183339797893103,1.5286626425626786,10.932449868463538,0,0.0,0,135.0,1.7261076571212358e-06
STN_A_coastal_fails,2012-10-25 12:00:00,1014.8860525410471,8.473885580610466,75.26075709680693,40.6,-73.9,False,-0.42560542233684373,-0.2769724386094943,-1.242919750757892,0.624607135565862,1015.5436680849276,0.742303225706181,1014.9830956300146,0.8124168472826948,1015.2857828912121,0,-2.2978075245025362,2.336518420490418,10.797429496891318,2.125266546384757,11.169506739175796,1.685263780334184,10.72668391309022,0,0.0,0,134.0,1.7261076571212358e-06
STN_A_coastal_fails,2012-10-25 13:00:00,1014.1598435212023,7.775177056033164,189.031789068214,40.6,-73.9,False,-0.1699630510328234,-2.1741909740851204,-0.7262090198447595,0.9957992738282574,1015.0582894513515,0.8061936007310062,1014.910805386316,0.8581792221876403,1015.245114313855,0,-0.6987085245773015,1.5677596251961128,9.006918580585543,2.547792401435913,10.693204827956889,1.8280767965975224,10.372496031456345,0,0.0,0,133.0,1.7261076571212358e-06
STN_A_coastal_fails,2012-10-25 14:00:00,1014.1755187817207,12.38228590617773,58.95046953298652,40.6,-73.9,False,0.23912052368734749,4.313234960137557,0.01567526051837831,0.4148259629931852,1014.4071382813235,0.847958546117693,1014.8587656381677,0.9050029822187434,1015.1320484468719,1,4.607108850144566,2.482916251248772,9.54378284760712,2.58512572997128,11.12268134512434,1.9173466779983586,10.545114969026413,0,0.0,0,132.0,1.7261076571212358e-06
STN_A_coastal_fails,2012-10-25 15:00:00,1015.6505927841841,10.525498450294277,59.72647243555211,40.6,-73.9,False,1.4577255728829641,1.17159593014307,1.4750740024634297,0.8561953040064701,1014.6619850290357,0.8261303119212,1015.1028265569818,0.9153724167867404,1015.1558108401945,0,-1.8567874558834525,2.317950940850446,10.22765380416839,2.104822857011387,10.512541650529853,1.9166982806619277,10.530280438484402,0,0.0,0,131.0,1.7261076571212358e-06
STN_A_coastal_fails,2012-10-25 16:00:00,1015.7432541660951,10.960286806783222,301.06954459808566,40.6,-73.9,False,1.8848402924451193,-0.7682990836242034,0.09266138191094342,0.879604426229823,1015.1897885773333,0.8433953178670823,1015.1240390143424,0.9286818827068523,1015.1833543030757,0,0.4347883564889443,0.9711489767232124,11.28935705441841,1.7097537387015702,10.148137817501977,1.915378849073668,10.601445114453357,0,0.0,0,130.0,1.7261076571212358e-06
STN_A_coastal_fails,2012-10-25 17:00:00,1015.543154261155,6.510828026051614,356.087880966098,40.6,-73.9,False,0.27554640801542973,-1.935679524767103,-0.2000999049400889,0.10014085070687243,1015.645667070478,0.7300887454897269,1015.0264026759006,0.9319634752328902,1015.1927154079302,0,-4.449458780731607,2.4530356354136864,9.332204427709705,2.2105050110913047,9.437993637658412,2.2505035299109792,10.310666717775758,0,0.0,0,129.0,1.7261076571212358e-06
STN_A_coastal_fails,2012-10-25 18:00:00,1014.3344902827282,11.85487696311636,200.14899409024142,40.6,-73.9,False,-0.293504543065751,1.908179229320048,-1.2086639784267845,0.7621815470280052,1015.2069662366595,0.7840266568757716,1014.9344756328477,0.7283637390695938,1014.958785631431,0,5.344048937064747,2.8623077528159118,9.775330598650399,2.342575458567525,10.001492201409395,2.2180020133326854,10.585499470292595,0,0.0,0,128.0,1.7261076571212358e-06
STN_A_coastal_fails,2012-10-25 19:00:00,1015.2321613091632,10.908840676428728,302.0651031174168,40.6,-73.9,False,-0.665806975870396,0.49895316822297886,0.8976710264349776,0.6276143322978306,1015.0366019510155,0.6885356355659754,1015.1131952641745,0.722560611141302,1015.0120003252454,0,-0.9460362866876331,2.8517935575806073,9.758181888532235,2.081752134286764,10.523769471475322,2.2199675543736417,10.608487149716105,0,0.0,0,127.0,1.7261076571212358e-06
STN_A_coastal_fails,2012-10-25 20:00:00,1015.1166857898254,7.779138631171046,356.5157991574581,40.6,-73.9,False,-0.4378734386165206,-2.4270058401866503,-0.11547551933779232,0.4883608089975945,1014.8944457939057,0.5183722695232252,1015.2700564321918,0.7036397503161294,1015.0644110351797,0,-3.129702045257682,2.1331378490503954,10.180952090238712,2.107884281230556,9.756578258974207,2.3592943636924164,10.439629802049273,0,0.0,0,126.0,1.7261076571212358e-06
STN_A_coastal_fails,2012-10-25 21:00:00,1015.2186885699628,9.056950385100105,50.97451988475889,40.6,-73.9,False,0.8266682938455006,1.103787860901888,0.10200278013735442,0.06314095002606994,1015.1891785563171,0.48379532506186035,1015.1980723964883,0.6473695975369881,1015.1504494767349,0,1.2778117539290594,1.5736017826251563,9.248309897566626,2.0858898682949967,9.511820248108513,2.0650865926387376,10.012180949319184,0,0.0,0,125.0,1.7261076571212358e-06
STN_A_coastal_fails,2012-10-25 22:00:00,1015.871428740949,10.527434408713045,161.36842077156638,40.6,-73.9,False,1.0058452621474316,-0.9901997426314146,0.6527401709862488,0.4094938380168663,1015.4022677002457,0.5145361148062053,1015.2194348256306,0.6679423260784132,1015.1717369199864,0,1.47048402361294,1.3752730530719572,9.121174474994733,2.0325782936202437,9.439678181763483,1.8285341123402927,9.79390799963273,0,0.0,0,124.0,1.7261076571212358e-06
STN_A_coastal_fails,2012-10-25 23:00:00,1015.2235954977584,10.104933596712495,141.32617770309116,40.6,-73.9,False,-0.3343359944894928,1.4248195895596645,-0.6478332431905756,0.37545122180724627,1015.4379042695567,0.49029388566008697,1015.1661750317312,0.5973956574848271,1015.096288853816,0,-0.4225008120005498,0.7570886134466371,9.896439463508548,1.440023725879348,10.038695776873631,1.8061141828383775,9.738344707266021,0,0.0,0,123.0,1.7261076571212358e-06
STN_A_coastal_fails,2012-10-26 00:00:00,1015.6789134929037,9.415657628392905,28.817742112626608,40.6,-73.9,False,0.8818792816442738,-0.4701768957578807,0.45531799514526483,0.3326821577252896,1015.5913125772037,0.3072119956675786,1015.3902455667603,0.6155975473140274,1015.162360599804,0,-0.6892759683195901,0.5611975151261984,10.01600854460615,1.1372222528186215,9.632159221086388,1.7661949781176085,9.81682571124789,0,0.0,0,122.0,1.7261076571212358e-06
STN_A_coastal_fails,2012-10-26 01:00:00,1015.0675789732201,9.793023463868106,271.91886220610803,40.6,-73.9,False,0.48952382110542203,-0.93735015647629,-0.6113345196836235,0.3176438066938672,1015.3233626546274,0.33060689404377613,1015.3628151774366,0.5311943234963129,1015.2380052208055,0,0.3773658354752012,0.3451555845454981,9.771204896324504,0.9648653811883717,9.446189685659617,1.6461199654314476,9.98497957856747,0,0.0,0,121.0,1.7261076571212358e-06
STN_A_coastal_fails,2012-10-26 02:00:00,1015.2891192669414,9.496045243586279,156.16044983613347,40.6,-73.9,False,0.7065466555638977,-0.4559786001589572,0.22154029372131845,0.3095021635060007,1015.3452039110216,0.311897564290761,1015.3915540902891,0.41277712948425715,1015.3308052612405,0,-0.29697822028182763,0.19877256927704398,9.568242111949097,0.5266797239634564,9.732340787728823,1.4648797883817382,9.744459523351516,0,0.0,0,120.0,1.7261076571212358e-06
STN_A_coastal_fails,2012-10-26 03:00:00,1015.6312880459845,10.305125024205024,168.95769630854446,40.6,-73.9,False,1.112416354740958,-0.4217606770891411,0.34216877904316334,0.2839975040406819,1015.3293287620487,0.3116463636386508,1015.4603206696262,0.4114530054794291,1015.3291965330573,0,0.8090797806187453,0.40927866684921144,9.86473124388647,0.4470415168220917,9.940369894246308,1.4555498086385883,9.726095071177411,0,0.0,0,119.0,1.7261076571212358e-06
STN_A_coastal_fails,2012-10-26 04:00:00,1013.5428439352332,12.942983945986466,54.242270572766465,40.6,-73.9,False,-0.7988012594909151,2.384954891182632,-2.088444110751311,1.1201306330969667,1014.8210837493865,0.7860797153268997,1015.072223202007,0.6380622260787886,1015.1458290138186,0,2.637858921781442,1.802511960234579,10.914718071259257,1.3189235808444246,10.34296148379188,1.700332369385691,9.89131983277768,0,0.0,0,118.0,1.7261076571212358e-06
STN_A_coastal_fails,2012-10-26 05:00:00,1014.6803284509746,4.866683118137664,65.13359480311253,40.6,-73.9,False,-1.8330499354008225,-5.152499764446222,1.1374845157413347,1.0456093899908128,1014.6181534773974,0.7963773817549223,1014.9816786942096,0.6378331099841869,1015.0739268629703,0,-8.0763008278488,4.118284131342457,9.371597362776384,2.6098870924848088,9.46991973736274,2.0314887819356975,9.754307757118186,0,0.0,0,117.0,1.7261076571212358e-06
STN_A_coastal_fails,2012-10-26 06:00:00,1014.5296268949652,9.526299470981076,326.5573039762374,40.6,-73.9,False,-0.6340849350989402,-1.0268147896884834,-0.1507015560093805,0.6178352790387266,1014.2509330937243,0.7306375099656418,1014.7901309278864,0.6194913342728214,1015.0901882473236,0,4.659616352843412,4.0540595378652995,9.111988845035068,2.609817894257446,9.48836004446077,1.9207989359794075,9.560259632773578,0,0.0,0,116.0,1.7261076571212358e-06
STN_A_coastal_fails,2012-10-26 07:00:00,1014.3611215425574,10.353024842745654,16.073672030740397,40.6,-73.9,False,-0.40863092264351053,1.1938392641156188,-0.16850535240780573,0.1596861834723035,1014.5236922961658,0.7339001484482568,1014.6723880227761,0.6515450657050323,1015.0176016001063,0,0.8267253717645779,2.9579115637889783,8.248669143954798,2.632804804619684,9.581693607607027,1.891805670728626,9.513941646633322,0,0.0,0,115.0,1.7261076571212358e-06
STN_A_coastal_fails,2012-10-26 08:00:00,1014.7248569274676,10.591987979375492,83.82682257973426,40.6,-73.9,False,-0.3991892089452449,1.0465579018004316,0.3637353849102283,0.18203124714065516,1014.5385351216634,0.6726629715690017,1014.5783442995304,0.6559315590000923,1014.9849491949099,0,0.23896313662983815,0.5592063152228935,10.15710409770074,2.663512080874494,9.764350730238561,1.8305864582460378,9.748345758983692,0,0.0,0,114.0,1.7261076571212358e-06
STN_A_coastal_fails,2012-10-26 09:00:00,1016.4949402067374,9.256170837359608,105.1413589132302,40.6,-73.9,False,0.8747537122499125,-1.4331048726775428,1.7700832792697838,1.1415399202675474,1015.1936395589208,0.969815535291506,1014.7222863263227,0.7875400259958109,1015.0913034979744,0,-1.335817142015884,0.7123434947063456,10.067061219826918,2.655330820958097,9.589525032430993,1.8246398345389518,9.76494746333865,0,0.0,0,113.0,1.7261076571212358e-06
STN_A_coastal_fails,2012-10-26 10:00:00,1014.1341674026809,6.486556435046524,176.4711152645711,40.6,-73.9,False,-0.35840701995482505,-2.0810507057647394,-2.3607728040565235,1.2285056751065238,1015.1179881789618,0.8484377568666974,1014.8208402375639,0.7907660218862977,1014.9465317197854,0,-2.769614402313084,2.0940287939589344,8.77823841726054,2.310370543488457,8.51345378060767,2.032198822808445,9.428207632199774,0,0.0,0,112.0,1.7261076571212358e-06
STN_A_coastal_fails,2012-10-26 11:00:00,1015.9682763720293,10.655990967434409,211.12026228532653,40.6,-73.9,False,1.14740025777121,-1.2919071945905607,1.8341089693484491,1.239259102488573,1015.5324613271492,0.9612107936348067,1015.0354982244063,0.8420432533346573,1015.0085884593078,0,4.169434532387885,2.1218877072837383,8.799572746613514,1.5744570711449173,9.478338422157128,2.0549793439516235,9.474129079759935,0,0.0,0,111.0,1.7261076571212358e-06
STN_A_coastal_fails,2012-10-26 12:00:00,1013.3171275821435,13.454700428338715,177.58439130623998,40.6,-73.9,False,-1.871937502416472,2.2730161386796883,-2.6511487898858377,1.3577002421925477,1014.4731904522846,1.1892432087094678,1014.8334150056027,0.941288934305681,1014.8117729667446,0,2.7987094609043055,3.5064699646433994,10.199082610273216,2.264141082445907,10.133071915050067,2.353611955354516,9.810715979755418,0,0.0,0,110.0,1.7261076571212358e-06
STN_A_coastal_fails,2012-10-26 13:00:00,1014.6651114467426,6.932277190184932,30.28152044047753,40.6,-73.9,False,0.4465084362748257,-2.6932075186644777,1.3479838645990867,1.3256375339075765,1014.6501718003051,1.1714401714433913,1014.8840799896335,0.938511780442416,1014.7782340062048,0,-6.522423238153783,3.2721252991249465,10.347656195319352,2.603003241232554,9.562947306289947,2.496133179301677,9.572320456948487,0,0.0,0,109.0,1.7261076571212358e-06
STN_A_coastal_fails,2012-10-26 14:00:00,1015.1627483858448,11.727656027424874,87.72028346005688,40.6,-73.9,False,0.12832572543766219,-1.238878077668394,0.49763693910222173,0.9549013189356833,1014.381662471577,1.1731757168465087,1014.9570618993631,0.932950585306809,1014.7677030994467,0,4.795378837239943,3.37935756845846,10.70487788198284,2.7309416516628766,9.752225314298178,2.5719136070937347,9.758288022268369,0,0.0,0,108.0,1.7261076571212358e-06
STN_A_coastal_fails,2012-10-26 15:00:00,1015.5862161323467,9.342949553801198,303.6918185145148,40.6,-73.9,False,0.7797784484233716,-1.9250120424037167,0.42346774650195584,0.4610497618346303,1015.1380253216447,0.9772248222748431,1014.8056078869646,0.929241140844835,1014.7639471066436,0,-2.3847064736236767,2.3977011352089717,9.334294257137001,2.728017340012248,9.766688433705108,2.568311480913988,9.67810673306805,0,0.0,0,107.0,1.7261076571212358e-06
STN_A_coastal_fails,2012-10-26 16:00:00,1015.7112183879408,9.877351308419426,229.53193217224526,40.6,-73.9,False,0.4630887903705343,-0.9054346811572636,0.12500225559404043,0.2874513986250299,1015.4867276353774,0.9725867419970876,1015.0684497178413,0.8797101461743111,1014.9446449777025,0,0.5344017546182283,1.2514017309837897,10.315985629881832,2.215722232954225,10.331820912600593,2.3578796790427594,9.422637346604132,0,0.0,0,106.0,1.7261076571212358e-06
STN_A_coastal_fails,2012-10-26 17:00:00,1015.7933364368859,7.894202978718127,233.69365804833876,40.6,-73.9,False,0.816818426916825,-1.7647710164448203,0.08211804894506258,0.10429745795667468,1015.6969236523911,0.9423690294059635,1015.039293061984,0.9075426906712446,1015.0373956431953,0,-1.983148329701299,1.0261034038009003,9.038167946979584,2.4129970805094842,9.871522914481211,1.9533451966990594,9.674930668319169,0,0.0,0,105.0,1.7261076571212358e-06
STN_A_coastal_fails,2012-10-26 18:00:00,1014.6512607291993,9.331087655493274,241.27317192648778,40.6,-73.9,False,-0.3139036663843626,0.36538136510241337,-1.1420757076865584,0.6369969301827746,1015.385271851342,0.5154338393181163,1015.2616485864934,0.9020184063980895,1015.047531796048,0,1.436884676775147,1.0243631233158348,9.034213980876943,1.6572056808184121,9.184254119006972,1.95550721574283,9.65866301702852,0,0.0,0,104.0,1.7261076571212358e-06
STN_A_coastal_fails,2012-10-26 19:00:00,1014.5376295844726,12.600089189729994,274.64508685423044,40.6,-73.9,False,-0.2750262844573399,4.486255860662718,-0.11363114472669622,0.6945080583088636,1014.9940755835192,0.5466257523305784,1015.2404016094483,0.8911817604709791,1015.062240799541,0,3.26900153423672,2.4116513580319694,9.941793274647132,1.7305586963803081,10.128889452264483,2.1280201621394976,9.845918379277213,0,0.0,0,103.0,1.7261076571212358e-06
STN_A_coastal_fails,2012-10-26 20:00:00,1015.8579515164439,11.165310484510883,20.919053419721042,40.6,-73.9,False,1.2490766694538706,2.7377643919846406,1.320321931971307,0.7316949156030121,1015.0156139433719,0.5981279458304504,1015.3562687978815,0.911970391982768,1015.1566653486224,0,-1.4347787052191112,1.63856310784182,11.032162443244717,1.6394862356267355,10.035165195112151,2.15258728123008,9.893695254705163,0,0.0,0,102.0,1.7261076571212358e-06
STN_A_coastal_fails,2012-10-26 21:00:00,1014.808663877544,13.464623211679495,131.97901857574047,40.6,-73.9,False,0.4970068012644333,4.632910141774589,-1.0492876388999548,0.6973418746941583,1015.0680816594868,0.6220958101839331,1015.2266767554144,0.811382362925367,1015.0161423211895,0,2.299312727168612,1.1613819372754373,12.410007628640123,2.092378061139788,10.722110804758534,2.37102046523243,10.24439961923182,0,0.0,0,101.0,1.7261076571212358e-06
STN_A_coastal_fails,2012-10-26 22:00:00,1013.7242722824936,12.354823779329228,194.22987669420434,40.6,-73.9,False,-1.5586988706621696,2.553991069708964,-1.084391595050306,1.0668877443255687,1014.7969625588272,0.8123376294190185,1014.8955190711731,0.8591116976838343,1014.9819843945073,0,-1.1097994323502665,1.1498866375947705,12.32825249183987,2.136323219787644,11.1350228832435,2.1170715147020576,10.733421897922044,0,0.0,0,100.0,1.7261076571212358e-06
STN_A_coastal_fails,2012-10-26 23:00:00,1013.8666590335054,10.878173360045112,121.84433398703737,40.6,-73.9,False,-1.5356109679757992,3.1268735082539196,0.14238675101171339,0.5892866088852748,1014.1331983978477,0.7659318646374876,1014.5744061706099,0.85397011388919,1014.8068496162969,0,-1.4766504192841161,1.2975537288706234,12.232540117017946,1.4763759219732973,11.632351280131331,2.117304321053783,10.75193709730627,0,0.0,0,99.0,1.7261076571212358e-06
STN_A_coastal_fails,2012-10-27 00:00:00,1014.0804780878625,13.487869055798306,304.0123943833871,40.6,-73.9,False,-1.198692719176961,3.1043279251821794,0.21381905435714543,0.17929266142532851,1013.8904698012872,0.7895590706392659,1014.479275730387,0.7556875076642124,1014.8704621584402,0,2.609695695753194,1.3086124766161993,12.240288731724215,1.1104734118677555,12.325148180182168,2.1211715426233657,10.754701149594572,0,0.0,0,98.0,1.7261076571212358e-06
STN_A_coastal_fails,2012-10-27 01:00:00,1015.4970707818151,10.877986322937481,173.7261030914258,40.6,-73.9,False,1.05043610233065,1.0063333141314104,1.4165926939525662,0.8860677097519135,1014.4814026343943,0.8939908265050196,1014.6391825966107,0.7730982213928378,1014.9397921030296,0,-2.609882732860825,1.5067625083104832,11.748009579593633,1.2401748124644587,12.03813103571675,1.7477243673727647,11.083510243990617,0,0.0,0,97.0,1.7261076571212358e-06
STN_A_coastal_fails,2012-10-27 02:00:00,1015.1423097882796,11.655976362168008,276.7059322053765,40.6,-73.9,False,-0.3565889973541516,-0.8786513586679909,-0.3547609935354785,0.7371201601619042,1014.9066195526524,0.7319125767338429,1014.51990897525,0.7725847147762471,1014.9380888865658,0,0.7779900392305272,1.339937014776128,12.007277246967933,1.1861086633762754,12.11990868199294,1.7454436948030387,11.077536938552546,0,0.0,0,96.0,1.7261076571212358e-06
STN_A_coastal_fails,2012-10-27 03:00:00,1015.6903362879408,9.406858106332372,306.72558607722084,40.6,-73.9,False,0.5011442690724834,0.9252432441073477,0.548026499661205,0.2779508238044288,1015.4432389526786,0.8758359542810792,1014.6668543769829,0.7810635153711379,1014.9467655661987,0,-2.2491182558356364,1.1422214948341232,10.646940263812622,1.403026166878421,11.443614497768417,1.7397582019951665,11.082862651263476,0,0.0,0,95.0,1.7261076571212358e-06
STN_A_coastal_fails,2012-10-27 04:00:00,1014.5725561880741,10.133091652573757,181.7249338452593,40.6,-73.9,False,-1.1766678943115494,-1.902843629299925,-1.1177800998666498,0.5589252426061871,1015.1350674214315,0.7531192876155371,1014.8082350279128,0.7482258373448162,1014.8518770495431,0,0.7262335462413851,1.1478331710325065,10.398642040358046,1.4076148353764528,11.07332580997584,1.7251535295953453,11.10417434660967,0,0.0,0,94.0,1.7261076571212358e-06
STN_A_coastal_fails,2012-10-27 05:00:00,1015.1582951483581,8.605152385709815,327.43880779368595,40.6,-73.9,False,-0.014941959547968509,0.08567712053286591,0.5857389602839476,0.5591049775398925,1015.140395874791,0.5989768052341424,1015.0235077137216,0.6962366865358146,1014.7989569421657,0,-1.5279392668639424,0.7642802310441861,9.38170071487198,1.737791077149597,10.694488980919957,1.6134879082529276,11.163420130525644,0,0.0,0,93.0,1.7261076571212358e-06
STN_A_coastal_fails,2012-10-27 06:00:00,1015.6252783512751,11.979167919024903,211.364618593313,40.6,-73.9,False,0.13575739291093214,-0.012182039682665291,0.4669832029170493,0.5274762860853169,1015.1187098959025,0.4168823452029847,1015.2809744242904,0.7332452439965722,1014.8801250773387,0,3.374015533315088,1.6895056872662588,10.239137319102824,1.3090189978532232,10.443038791457722,1.5183848155614548,11.384093485819946,0,0.0,0,92.0,1.7261076571212358e-06
STN_A_coastal_fails,2012-10-27 07:00:00,1014.6902562801075,7.643392830294727,306.09874758013984,40.6,-73.9,False,-0.908200941761379,-2.8586858013244827,-0.9350220711676229,0.4675111349063958,1015.1579432599136,0.4610234554004109,1015.1465053406727,0.7280696908111374,1014.8928439686416,0,-4.335775088730176,2.276982940996581,9.409237711676482,1.7013362978932005,9.903939876017263,1.8047213216857663,10.971035455867009,0,0.0,0,91.0,1.7261076571212358e-06
STN_A_coastal_fails,2012-10-27 08:00:00,1015.4562709533503,11.56470080182139,122.61268641294873,40.6,-73.9,False,1.4118814337011827,0.7064097189811243,0.7660146732428075,0.498265032177519,1015.2572685282443,0.47795850491211994,1015.1988322015177,0.687783792897615,1014.8593705883837,0,3.921307971526663,2.392606139019908,10.39575385038034,1.682844761618429,9.888727282626162,1.8122966989645333,11.00431798230955,0,0.0,0,90.0,1.7261076571212358e-06
STN_A_coastal_fails,2012-10-27 09:00:00,1014.3374353875774,9.618698063037977,179.57410507133469,40.6,-73.9,False,-0.3479022589486931,-0.11252868438450747,-1.1188355657728835,0.5719927279646271,1014.827987540345,0.5172220139328327,1014.9733487181238,0.7041986093814918,1014.8201015475533,0,-1.9460027387834131,1.9606722329094906,9.608930565051365,1.6729059132953523,9.924033942077095,1.6723108207759094,10.683824219922757,0,0.0,0,89.0,1.7261076571212358e-06
STN_A_coastal_fails,2012-10-27 10:00:00,1014.6361393016318,12.342494456715606,191.30797476164798,40.6,-73.9,False,-1.0568718189188075,0.7384949694899063,0.2987039140543857,0.5793146781124839,1014.8099485475199,0.507935979205254,1014.9839459037167,0.6192782483286172,1014.8960904658147,0,2.7237963936776293,1.4030298418753904,11.175297773858324,1.94857590647197,10.292267742767402,1.6711942668568969,10.68279677637162,0,0.0,0,88.0,1.7261076571212358e-06
STN_A_coastal_fails,2012-10-27 11:00:00,1014.617245332141,11.50173838442521,37.79269772258541,40.6,-73.9,False,0.04256098179712353,1.9475663694812528,-0.018893969490818563,0.16726955064159163,1014.5302733404501,0.5187055608604847,1014.8937709343472,0.5384859461450939,1014.9586393240344,1,-0.8407560722903966,1.3947388297499976,11.15431030139293,1.800157377199871,10.775032075886635,1.6874370997834105,10.734760528403294,0,0.0,0,87.0,1.7261076571212358e-06
STN_A_coastal_fails,2012-10-27 12:00:00,1013.80288224146,13.641292926471563,143.47890241255462,40.6,-73.9,False,-0.8843708003804522,2.6792947804638327,-0.8143630906810131,0.4757207783761963,1014.352088958411,0.5379016769028018,1014.5900382493779,0.5837047753319171,1014.9355063368342,0,2.139554542046353,1.077917890852898,12.495175255870793,2.121692616359458,11.052052910461079,1.7106151489691683,10.7475458509594,0,0.0,0,86.0,1.7261076571212358e-06
STN_A_coastal_fails,2012-10-27 13:00:00,1015.4853698688898,11.461550296076073,330.2415621186034,40.6,-73.9,False,0.7782132405754965,0.6092245033563248,1.6824876274298504,0.8413869572738205,1014.6351658141635,0.6531306947481718,1014.7225571808417,0.5826902951698121,1014.934531260757,0,-2.1797426303954897,1.247035595295204,12.20152720232428,1.313537307123539,11.688412488091302,1.7229112462868463,10.796176182054282,0,0.0,0,85.0,1.7261076571212358e-06
STN_A_coastal_fails,2012-10-27 14:00:00,1014.5285931796818,6.8559208488950825,227.09960653130727,40.6,-73.9,False,-0.988310585811746,-2.5990765629409003,-0.9567766892080272,0.84388413652989,1014.6056150966773,0.5456654006369955,1014.5679442185636,0.5896866849488199,1014.8833882100407,0,-4.60562944718099,3.4642068541649014,10.652921357147573,2.3777778438461508,10.903615829270253,2.034229050263368,10.396171555948206,0,0.0,0,84.0,1.7261076571212358e-06
STN_A_coastal_fails,2012-10-27 15:00:00,1015.0099932585766,9.866095669902998,63.90236967730829,40.6,-73.9,False,-0.7321725939815451,2.0319579541809345,0.48140007889480785,0.4783915046980746,1015.007985435716,0.5577880717444159,1014.6800371970636,0.5352421430406002,1014.8266929575935,0,3.010174821007916,2.338747902972429,9.394522271624718,2.3530563469338595,10.944848763747755,2.018181686869037,10.434441352912424,0,0.0,0,83.0,1.7261076571212358e-06
STN_A_coastal_fails,2012-10-27 16:00:00,1015.4776342881613,7.6559885886535595,121.98802881945778,40.6,-73.9,False,1.0708806069610546,-2.1639170043134426,0.46764102958468357,0.4745371769935231,1015.0054069088065,0.643716209315977,1014.820286361485,0.5593991031645164,1014.9021161326009,0,-2.210107081249439,1.5591575797964878,8.126001702483881,2.5646443191567223,10.16376445240408,2.1725829207364376,10.228016097585742,0,0.0,0,82.0,1.7261076571212358e-06
STN_A_coastal_fails,2012-10-27 17:00:00,1015.442667439481,8.963444683242667,68.97708347857194,40.6,-73.9,False,-0.32436217248573485,-2.781899449663209,-0.03496684868025568,0.2604860072625509,1015.3100983287396,0.6788861065181637,1014.9578567127086,0.5769851095782983,1014.9258138235278,0,1.3074560945891074,1.1112150672114007,8.82850964726641,2.508536355678692,9.74071550220699,2.15060326580938,10.257873789046814,0,0.0,0,81.0,1.7261076571212358e-06
STN_A_coastal_fails,2012-10-27 18:00:00,1015.6606005936296,13.02246325377629,8.936327447486114,40.6,-73.9,False,1.7893899895387904,2.040800741245116,0.21793315414856806,0.11704287613140704,1015.526967440424,0.42169382614790635,1015.26747643807,0.5809543076722216,1014.9287573437241,0,4.059018570533624,2.7983365155814437,9.880632175224173,2.3218661578030297,9.637577223424445,2.245509346410372,10.344815066942763,0,0.0,0,80.0,1.7261076571212358e-06
STN_A_coastal_fails,2012-10-27 19:00:00,1014.8956045810813,11.275076920314206,333.8857650614496,40.6,-73.9,False,1.0210101520042372,1.2294181989530575,-0.7649960125482949,0.3941217091903749,1015.332957538064,0.42941099895039725,1015.1691822234352,0.5762961153490418,1014.9458697021386,0,-1.7473863334620852,2.036035132055071,11.086994952444387,2.2936453245724886,9.606498327464134,2.0874962248709013,10.647455407777718,0,0.0,0,79.0,1.7261076571212358e-06
STN_A_coastal_fails,2012-10-27 20:00:00,1014.5694198395412,8.602152619595914,161.35463817247373,40.6,-73.9,False,-1.0294734169212916,1.306470727912573,-0.3261847415401462,0.560102791595745,1015.0418750047508,0.41738515104462115,1015.1759866667452,0.5615686087124446,1014.8719654426545,0,-2.6729243007182912,2.2262460712444594,10.966564264562138,1.9615737207898871,9.897536955914273,2.1435861791555917,10.400576392592262,0,0.0,0,78.0,1.7261076571212358e-06
STN_A_coastal_fails,2012-10-27 21:00:00,1014.9113319573447,7.972584712954001,110.71262607148302,40.6,-73.9,False,0.2026103197580369,-2.6571736216957067,0.34191211780353115,0.193023199070954,1014.7921187926559,0.42706387886472935,1015.1595431165398,0.5357520821239784,1014.9197901568017,0,-0.6295679066419133,1.7534411332252995,9.283271417621373,2.114036231304065,9.581951796422773,2.2482838147066593,10.263400280085264,0,0.0,0,77.0,1.7261076571212358e-06
STN_A_coastal_fails,2012-10-27 22:00:00,1013.3016931473422,10.065592120046816,215.45178896078517,40.6,-73.9,False,-1.9391123671443893,0.32652716289897477,-1.6096388100024797,0.848034193599173,1014.2608149814095,0.8334533367884953,1014.7968862597368,0.7101035653016448,1014.8085863106108,0,2.0930074070928146,1.0738319954489053,8.880109817532244,1.8922273343797174,9.983552384988316,2.150836053333472,10.073658418696198,0,0.0,0,76.0,1.7261076571212358e-06
STN_A_coastal_fails,2012-10-27 23:00:00,1013.5394690224608,7.566919651406564,2.633204265485629,40.6,-73.9,False,-1.4603863947116906,-1.485229157866752,0.23777587511858655,0.8688577153906353,1013.9174980423826,0.8981751570541731,1014.4796865235667,0.7990884000038065,1014.7187716181376,0,-2.498672468640252,1.3409330242935498,8.535032161469127,2.1155173572108885,9.750798213015633,2.2123855217488546,9.74575685761131,0,0.0,0,75.0,1.7261076571212358e-06
STN_A_coastal_fails,2012-10-28 00:00:00,1013.6609314624365,8.657776326483571,100.08795837629297,40.6,-73.9,False,-0.6653888599166748,-1.4583796191585154,0.12146243997563033,0.18273052023214453,1013.5006978774131,0.7270417824707206,1014.1464083350344,0.8147759456267417,1014.7069423865523,0,1.0908566750770072,1.2526823020826656,8.763429365978984,1.3923283487208504,9.023350391800179,1.8532533366801118,9.330463807612311,0,0.0,0,74.0,1.7261076571212358e-06
STN_A_coastal_fails,2012-10-28 01:00:00,1013.9828349555385,10.624099571839146,253.09204765160132,40.6,-73.9,False,-0.5542013819739395,0.49889145285389347,0.32190349310201327,0.2291099931657477,1013.727745146812,0.6276228067547995,1013.9942800641107,0.7995854732788552,1014.581731143773,0,1.966323245355575,1.5493409597138244,8.949598516576428,1.1928443441401424,8.914854167054335,1.7800293014771407,9.260676247259235,0,0.0,0,73.0,1.7261076571212358e-06
STN_A_coastal_fails,2012-10-28 02:00:00,1015.3755976385731,12.31073785594604,228.15711830493467,40.6,-73.9,False,0.0062142736254600095,-0.0057598993778587015,1.3927626830346753,0.9113625189527622,1014.3397880188494,0.8292748612398883,1014.128643030616,0.8312270161098646,1014.6523148486807,0,1.6866382841068948,1.8282643746813199,10.53087125142292,1.8031286425666462,9.532951706446022,1.8064024778316206,9.715244331180148,0,0.0,0,72.0,1.7261076571212358e-06
STN_A_coastal_fails,2012-10-28 03:00:00,1014.0652488478847,11.21768280462991,353.45014111531276,40.6,-73.9,False,-1.3883858686498343,3.0902679778710187,-1.3103487906884084,0.7814083326663996,1014.4745604806654,0.7362868198987788,1013.9876291790392,0.8389742665724128,1014.5735861477897,0,-1.0930550513161315,0.8555562616287348,11.384173410805033,1.7265473035085572,10.073801388392008,1.858061598840822,9.82787659240739,0,0.0,0,71.0,1.7261076571212358e-06
STN_A_coastal_fails,2012-10-28 04:00:00,1014.5864843936832,5.417644581994124,223.32877547689586,40.6,-73.9,False,0.13217856545043105,-5.550316019858022,0.5212355457985041,0.6597221840443431,1014.6757769600471,0.6817031577645176,1014.2017610534294,0.7896685342087912,1014.4993236565832,0,-5.800038222635785,3.7047255321783443,9.648688414190024,2.568423149866866,9.299143465383226,2.180322234659038,9.641347925185771,0,0.0,0,70.0,1.7261076571212358e-06
STN_A_coastal_fails,2012-10-28 05:00:00,1016.2566376483194,10.609044823176923,171.9021145059838,40.6,-73.9,False,1.1173989205616408,1.0960750436157838,1.6701532546361477,1.1447913392727833,1014.9694569632958,0.9876216048921069,1014.6546224910726,0.9046537767763723,1014.5671545073196,0,5.191400241182799,3.187515229784684,9.081457403266986,2.455883086896266,9.806164327344952,2.1855532552249155,9.778481270180292,0,0.0,0,69.0,1.7261076571212358e-06
STN_A_coastal_fails,2012-10-28 06:00:00,1014.5925541914226,10.144498804158644,274.11572274624274,40.6,-73.9,False,-0.9776969733907208,-0.752587292827883,-1.664083456896833,0.9625160161378703,1015.1452254111417,0.8658821283312926,1014.8098929459037,0.8373303657082438,1014.4781506404689,0,-0.46454601901827886,2.8725595527778847,8.723729403109898,2.3909869627104494,10.053951406957465,1.9414942649657854,9.538650899378823,0,0.0,0,68.0,1.7261076571212358e-06
STN_A_coastal_fails,2012-10-28 07:00:00,1015.6761631412941,10.828376341003738,325.1980339070591,40.6,-73.9,False,-0.24296831870935875,1.4994084360001292,1.0836089498715182,0.8446234625621214,1015.5084516603453,0.8169779730242971,1015.092114310196,0.9006329630513319,1014.5431971871534,0,0.6838775368450936,0.3491890137396944,10.527306656113103,2.402157509187991,10.087997535151564,1.909188017023534,9.50142585110295,0,0.0,0,67.0,1.7261076571212358e-06
STN_A_coastal_fails,2012-10-28 08:00:00,1013.9930218867872,13.23323799386452,259.45054081860656,40.6,-73.9,False,-0.17233855642734852,3.711436312414202,-1.683141254506836,0.8530935688386448,1014.753913073168,0.9106393850685328,1014.8616850182319,0.9143729143991485,1014.4951640244238,0,2.4048616528607827,1.6223109975600785,11.402037713008967,2.5946842615921772,10.241747558137975,2.162184738409475,9.887349632291999,0,0.0,0,66.0,1.7261076571212358e-06
STN_A_coastal_fails,2012-10-28 09:00:00,1014.707062797405,5.874643314537325,346.75604047777665,40.6,-73.9,False,0.2900203652303617,-4.245235317584523,0.7140409106177685,0.844785414684493,1014.7920826084955,0.8327380998801607,1014.9686540098186,0.9077987500531707,1014.478141594429,0,-7.3585946793271955,3.7521492978808526,9.978752549801861,3.066694315506042,9.351240976455879,2.402539919765613,9.712521182423943,0,0.0,0,65.0,1.7261076571212358e-06
STN_A_coastal_fails,2012-10-28 10:00:00,1013.9458745349804,8.819318310408761,281.52186146574377,40.6,-73.9,False,-1.6189002710802924,-0.47683292708626723,-0.7611882624246391,0.426513943826115,1014.2153197397242,0.927242268424866,1014.8618857000348,0.8490519175412221,1014.5318233767322,0,2.944674995871436,3.7036629044305784,9.309066539603535,2.445578345755997,9.918186597858318,2.4128048146505083,9.608665031620772,0,0.0,0,64.0,1.7261076571212358e-06
STN_A_coastal_fails,2012-10-28 11:00:00,1014.5374183077699,11.183880567684554,312.04851777429354,40.6,-73.9,False,-1.2604353608975316,2.0964905749653244,0.5915437727895778,0.3996062351114782,1014.3967852133851,0.6270913845706387,1014.5753491432765,0.7898246632979824,1014.6149858171744,0,2.364562257275793,2.659895540243692,8.625947397543547,2.488931122994637,10.013992555276255,2.359897476096402,9.910078441310604,0,0.0,0,63.0,1.7261076571212358e-06
STN_A_coastal_fails,2012-10-28 12:00:00,1015.6940483022553,6.839602603949271,41.07746562610939,40.6,-73.9,False,1.1928889502440825,-2.93561302995949,1.1566299944853426,0.8891783191851824,1014.7257803816686,0.7765558496677221,1014.7589314950819,0.7846102360411853,1014.7844122204928,0,-4.344277963735283,2.174978159780434,8.947600494014196,2.8004721223912226,9.463176521908027,2.5017150247402924,9.758563964432748,0,0.0,0,62.0,1.7261076571212358e-06
STN_A_coastal_fails,2012-10-28 13:00:00,1013.0999659765023,12.955649386333507,263.66886107776355,40.6,-73.9,False,-1.121355291155055,2.7818069222123682,-2.594082325752993,1.299572061718205,1014.4438108621758,0.8740612867880259,1014.32956530095,0.8995768541559608,1014.7108398055731,0,6.1160467823842355,3.1469017572115,10.326377519322444,3.123863044455597,9.81772202946299,2.6605459392634594,9.952859782307277,0,0.0,0,61.0,1.7261076571212358e-06
STN_A_coastal_fails,2012-10-28 14:00:00,1015.2309808743054,10.741732126235101,158.43193182985272,40.6,-73.9,False,0.3186165171771336,1.9383620233674286,2.131014897803084,1.383529246183309,1014.6749983843542,0.9234479399637807,1014.5358917988697,0.8907874250382711,1014.698788408551,0,-2.2139172600984054,3.0966130069149354,10.178994705505959,2.7183100158135023,9.402471051524754,2.571188864757626,9.822109304831365,0,0.0,0,60.0,1.7261076571212358e-06
STN_A_coastal_fails,2012-10-28 15:00:00,1014.998694686532,11.699853047952585,199.1173688680591,40.6,-73.9,False,0.5009265945310517,3.6054940773323167,-0.23228618777341126,1.1690702917259366,1014.44321384578,0.9417529008623475,1014.5844971137243,0.8709705093033706,1014.7765755617714,0,0.9581209217174838,1.1102889848056827,11.799078186840397,2.196494060981441,10.373339340427298,2.5986020038810116,9.862290158441589,0,0.0,0,59.0,1.7261076571212358e-06
STN_A_coastal_fails,2012-10-28 16:00:00,1014.1256833583287,8.866977578570333,235.47686741364842,40.6,-73.9,False,-0.03216528279790509,-1.1212295424538254,-0.8730113282032335,0.5827790105779825,1014.785119639722,0.9199755822824505,1014.6144652509489,0.8900621590980162,1014.7381754754919,0,-2.8328754693822518,1.4409420379072573,10.436187584252673,2.1898263231516046,10.381282551787558,2.2263777642706932,10.149734574822938,0,0.0,0,58.0,1.7261076571212358e-06
STN_A_coastal_fails,2012-10-28 17:00:00,1013.2263941050367,11.639230759113298,349.13344201400497,40.6,-73.9,False,-1.7118471527236352,1.2798050508744314,-0.8992892532920678,0.8861827587490569,1014.1169240499657,1.0831543341507543,1014.3959612171601,0.8490034085535244,1014.4856551802183,0,2.7722531805429647,1.6183451518944756,10.735353795212072,2.2307133139674526,10.457174250359017,2.26522184675514,10.235583402817637,0,0.0,0,57.0,1.7261076571212358e-06
STN_A_coastal_fails,2012-10-28 18:00:00,1014.690143211913,12.15232531129441,354.44810931538484,40.6,-73.9,False,0.4998151604351051,1.921876013171092,1.463749106876321,0.7382295866096162,1014.014073558426,0.9055008137405328,1014.228643702103,0.850586374581302,1014.4937875985925,0,0.5130945521811121,1.7673974954446179,10.886177882992682,1.411591408341494,11.342628034916538,2.331078291872273,10.402902278412283,0,0.0,0,56.0,1.7261076571212358e-06
STN_A_coastal_fails,2012-10-28 19:00:00,1014.0261474294065,10.485883797948489,103.7621683756459,40.6,-73.9,False,-0.5974493908079239,1.4840360383147928,-0.6639957825065039,0.7329230549549481,1013.980894915452,0.7380760489266365,1014.3830072775871,0.7717904255057947,1014.3562862892686,0,-1.6664415133459212,0.8534735447675326,11.425813289452066,1.189831975620091,10.93100043685237,2.3274892576784705,10.37436123315768,0,0.0,0,55.0,1.7261076571212358e-06
STN_A_coastal_fails,2012-10-28 20:00:00,1014.7170486455947,10.495022357191377,264.1512590776498,40.6,-73.9,False,0.11070667494277586,1.1846581826199536,0.6909012161881947,0.3913563576580027,1014.4777797623046,0.6437832909998886,1014.2973519061352,0.7691062675876458,1014.4166218525025,0,0.009138559242888533,0.9594932614272665,11.044410488811424,1.2018827528970877,10.889882142011748,2.149118904558305,10.146176596768251,1,0.0,0,54.0,1.7261076571212358e-06
STN_A_coastal_fails,2012-10-28 21:00:00,1014.4250207027608,10.57469272701265,269.9940736566967,40.6,-73.9,False,0.20565734059584884,-0.5763214289109246,-0.2920279428338972,0.3468248112329009,1014.3894055925872,0.555311074670909,1014.2017395755068,0.7637142837286452,1014.3931183446153,0,0.0796703698212724,0.04884995218987423,10.518532960717506,1.1362134159371617,10.702355421855094,1.676104525323961,10.537847381141196,2,0.0,0,53.0,1.7261076571212358e-06
STN_A_coastal_fails,2012-10-28 22:00:00,1015.9126800388556,8.317217615654066,124.73743007269756,40.6,-73.9,False,1.3453936227862187,-1.8001884797489414,1.4876593360947936,0.7882411906911735,1015.018249795737,0.8866970711404529,1014.4995723555945,0.8635305422851772,1014.5570188032717,0,-2.257475111358584,1.2809745468778213,9.795644233286032,1.3209695295695387,10.610728761369048,1.7283580176090476,10.496005656578303,0,0.0,0,52.0,1.7261076571212358e-06
STN_A_coastal_fails,2012-10-28 23:00:00,1013.9670005827521,9.761384492211368,44.593118951119564,40.6,-73.9,False,0.5269719036133438,0.22025958433866322,-1.9456794561034485,1.0172332800708896,1014.7682337747896,0.7074449787191524,1014.623006768547,0.8802457092279633,1014.5094839928537,0,1.4441668765573024,1.1433344604375428,9.551098278292695,1.2490519646054212,10.297754383552059,1.7256700300510401,10.377464316955539,0,0.0,0,51.0,1.7261076571212358e-06
STN_A_coastal_fails,2012-10-29 00:00:00,1013.0647352720335,9.767186534784974,14.740905702859113,40.6,-73.9,False,-0.9871647982557761,-0.0702760526143198,-0.9022653107185761,1.4554804837632958,1014.3148052978804,0.9471820925837083,1014.352105445234,0.8858050579226443,1014.2903745736685,0,0.005802042573606059,0.8354700770114101,9.281929547550137,0.8596016678679341,9.900231254133821,1.344992466256743,10.62142964452518,1,0.0,0,50.0,1.7261076571212358e-06
STN_A_coastal_fails,2012-10-29 01:00:00,1014.1344192407996,10.858816369466458,279.8435259105043,40.6,-73.9,False,0.4504370031175995,-1.070243255802783,1.0696839687660713,0.5753745868302789,1013.7220516985284,0.940739543184127,1014.3701507471327,0.806182450683765,1014.3765790123599,0,1.0916298346814841,0.6319343432245818,10.129129132154267,0.9216606614639544,9.96238668272015,1.1337961312484441,10.44669355978626,0,0.0,0,49.0,1.7261076571212358e-06
STN_A_coastal_fails,2012-10-29 02:00:00,1014.0256140183271,12.116380133108544,176.29190705408612,40.6,-73.9,False,0.38979729009838593,2.375123578338073,-0.10880522247248336,0.5886921004152988,1013.7415895103868,0.9320559574180809,1014.2549116425881,0.7640400807894153,1014.2761317743616,0,1.2575637636420858,1.1755731139885572,10.914127679119993,1.2779002614283372,10.232612978706344,1.2315461239082246,10.561247560359046,0,0.0,0,48.0,1.7261076571212358e-06
STN_A_coastal_fails,2012-10-29 03:00:00,1014.9972893858564,8.030336823672538,354.7944610181734,40.6,-73.9,False,2.395004164464922,-2.327748158230621,0.9716753675293148,0.5323746305514875,1014.3857742149944,0.9809431433606491,1014.3502897564375,0.7639193597125534,1014.2760146659721,0,-4.086043309436006,2.0927459268939246,10.335177775415845,1.5374777573986942,9.808553661482991,1.3708238619626945,10.255454541669042,0,0.0,0,47.0,1.7261076571212358e-06
STN_A_coastal_fails,2012-10-29 04:00:00,1014.2860804318481,9.935304863855052,167.3904442297151,40.6,-73.9,False,0.7158749156892554,-0.15609276640725867,-0.7112089540083844,0.502960228496505,1014.4363279453438,0.6218256425046094,1014.0791898219362,0.7624517005307936,1014.2893810887654,0,1.9049680401825135,2.044575852137082,10.027340606878711,1.3546072651801542,10.07823486951649,1.305591330297609,10.34448181544277,0,0.0,0,46.0,1.7261076571212358e-06
STN_A_coastal_fails,2012-10-29 05:00:00,1013.5993937142132,13.194866303686315,352.0501124665825,40.6,-73.9,False,-0.22840283871585143,3.9371812252311997,-0.6866867176348705,0.6989836828370113,1014.2942545106392,0.6524463287779685,1014.017922010513,0.7216902976215924,1014.32046438953,0,3.2595614398312627,2.611704703958787,10.386835997071302,1.8342847102324755,10.650481838095647,1.507463432813032,10.474118110823854,0,0.0,0,45.0,1.7261076571212358e-06
STN_A_coastal_fails,2012-10-29 06:00:00,1014.4743079547255,8.801857530061243,148.16736078986156,40.6,-73.9,False,1.2769770662656583,-2.979551877887186,0.8749142405123393,0.4605147802175413,1014.119927366929,0.4684026131529254,1014.2528507909616,0.7142910714195125,1014.3024781180978,0,-4.393008773625072,2.28064207785387,10.644009565867536,1.9649373127816574,10.48959367064169,1.4783747995315912,10.194912462387757,0,0.0,0,44.0,1.7261076571212358e-06
STN_A_coastal_fails,2012-10-29 07:00:00,1011.5658464323118,8.714061339119715,285.7255742015901,40.6,-73.9,False,-0.6281708344251911,-1.1836628132726013,-2.908461522413745,1.4921984845262122,1013.2131827004168,1.2002813880604162,1013.8247553228803,1.066885867610843,1014.0974530350064,0,-0.08779619094152835,2.562025480837869,10.23692839095576,2.0762668671469373,10.132134498917235,1.5341019094933588,10.047260590818691,1,0.0,0,43.0,1.7261076571212358e-06
STN_A_coastal_fails,2012-10-29 08:00:00,1011.8317403442387,10.847453455922842,30.534938032259543,40.6,-73.9,False,-0.10566489327129602,-0.36503605232059577,0.26589391192692347,1.607949604089293,1012.6239649104253,1.4375646948362195,1013.4591097105323,1.2275809524579064,1013.8570106765601,0,2.133392116803128,1.2071683662662,9.454457441701265,1.8900004500612961,9.920646719386284,1.5467744366853229,10.076629849046315,0,0.0,0,42.0,1.7261076571212358e-06
STN_A_coastal_fails,2012-10-29 09:00:00,1011.233209909009,12.233275649909734,199.966215649595,40.6,-73.9,False,-0.758779262427538,1.899832501010998,-0.5985304352296907,0.2998847864644442,1011.5435988951864,1.4532867636751838,1012.8317631310578,1.4234793697101422,1013.5910264437476,0,1.3858221939868915,1.7727913226817062,10.598263481650763,1.8270946214379964,10.62113652375915,1.664917027010157,10.21484509262107,0,0.0,0,41.0,1.7261076571212358e-06
STN_A_coastal_fails,2012-10-29 10:00:00,1011.4278098481151,10.689391903415856,288.74152331486073,40.6,-73.9,False,0.2905284587869801,-1.6592241289426557,0.19459993910606954,0.3053052199250071,1011.4975867004542,1.3457072223706033,1012.3553847004356,1.3451085654345072,1013.2172872611858,0,-1.5438837464938775,0.8494178035979698,11.25670700308281,1.7961566170961425,10.746817697019283,1.5564150583305962,10.412526283267887,0,0.0,0,40.0,1.7261076571212358e-06
STN_A_coastal_fails,2012-10-29 11:00:00,1010.0664491540683,13.47022758907312,332.8926001991599,40.6,-73.9,False,-0.8499609006535138,1.9985540130577846,-1.3613606940467662,0.7362633965785654,1010.9091563037308,1.4605495043479528,1011.7665606070782,1.595457752484953,1012.8922413087954,0,2.780835685657264,1.393238088836732,12.130965047466239,1.873087030491391,10.792711244583751,1.7690769221712614,10.7215965413397,0,0.0,0,39.0,1.7261076571212358e-06
STN_A_coastal_fails,2012-10-29 12:00:00,1011.6696608463845,12.699148896266186,296.12991262227536,40.6,-73.9,False,0.4825787426975694,0.1399881678657522,1.603211692316222,0.8642995791412535,1011.0546399495228,0.63757518319505,1011.2991194223546,1.6321514692660155,1012.775985106658,0,-0.7710786928069346,1.4356608601056742,12.286256129585055,1.71358111143012,11.442259805617908,1.8268057725601514,10.9659267381298,0,0.0,0,38.0,1.7261076571212358e-06
STN_A_coastal_fails,2012-10-29 13:00:00,1010.3677562907218,12.874105818442342,13.30946179242272,40.6,-73.9,False,-0.4316463404776414,3.306635074430597,-1.3019045556627589,0.8520591913139608,1010.7012887637248,0.7196621279034082,1011.0994377320895,1.707603660007556,1012.462096527485,0,0.17495692217615577,0.40425516705372183,13.014494101260548,1.1317763837523878,12.135600552171681,1.9069403888234577,11.133867525544458,0,0.0,0,37.0,1.7261076571212358e-06
STN_A_coastal_fails,2012-10-29 14:00:00,1008.6370555716213,12.539827715411,134.17284287042432,40.6,-73.9,False,-1.8144842930346385,2.1051636843520196,-1.7307007191004686,1.5213467281575002,1010.2248242362426,1.1327510653911834,1010.5669902699866,1.9503298256057562,1012.0130499902594,0,-0.3342781030313411,0.16719998676849118,12.704360810039844,0.9414149421299862,12.41766292875304,1.9305460561012375,11.169154824069663,0,0.0,0,36.0,1.7261076571212358e-06
STN_A_coastal_fails,2012-10-29 15:00:00,1008.571009589328,16.369236247765194,17.531450032986456,40.6,-73.9,False,-0.25473582047095533,4.233866377153696,-0.0660459822933035,1.0188216853976997,1009.1919404838903,1.324726139787532,1010.1232902167066,1.938654298919991,1011.477526673882,0,3.8294085323541935,2.1210079473295815,13.927723260539514,1.8526313798894487,13.106989695062282,2.1823879101701897,11.864063109410717,0,0.0,0,35.0,1.7261076571212358e-06
STN_A_coastal_fails,2012-10-29 16:00:00,1009.3382428374334,11.632523906343872,39.34162480124088,40.6,-73.9,False,1.7477805833265165,-0.6861520227310081,0.7672332481054127,0.4251808459330049,1008.8487693327943,1.1799414898600649,1009.7750290482595,1.808833253141628,1011.0652068743475,0,-4.736712341421322,2.5140940619829473,13.513862623173354,1.6335382313366027,13.264178362216953,2.0994467428768004,12.005498029618119,0,0.0,0,34.0,1.7261076571212358e-06
STN_A_coastal_fails,2012-10-29 17:00:00,1009.2591483048081,8.417044148316766,243.11002632029428,40.6,-73.9,False,1.201357047761121,-3.688114214919505,-0.07909453262527677,0.42198690615740597,1009.0561335771899,1.186077098448816,1009.6404789067161,1.6857851928427137,1010.7035197568972,0,-3.215479758027106,4.000273179550467,12.139601434141944,2.5510277310217377,12.421981122090893,2.2971236667236536,11.607346183337322,0,0.0,0,33.0,1.7261076571212358e-06
STN_A_coastal_fails,2012-10-29 18:00:00,1009.771136826936,16.07223118882413,256.7729506722113,40.6,-73.9,False,2.3388362211524054,2.803642479021894,0.5119885221278082,0.275616097137224,1009.4561759897259,0.6830306469100844,1009.324058236808,1.2085966675991222,1010.3115888295814,0,7.655187040507364,3.8438739021448547,12.040599747828255,2.9627667915242,12.984161504183882,2.4439929879412348,12.213210654900898,0,0.0,0,32.0,1.7261076571212358e-06
STN_A_coastal_fails,2012-10-29 19:00:00,1009.9979145026628,12.452686908134371,278.5394457905855,40.6,-73.9,False,2.9727372902804063,-1.1472003432163351,0.22677767572679386,0.37844767495412585,1009.6760665448023,0.5787285727087791,1009.2624179387982,1.143683318332094,1010.180927835444,0,-3.619544280689759,3.829477812746227,12.313987415091754,2.9708816642229547,12.913925019132556,2.1815891863040933,12.524762785652117,0,0.0,0,31.0,1.7261076571212358e-06
STN_A_coastal_fails,2012-10-29 20:00:00,1006.7638027600805,14.159472605677895,311.56435730003864,40.6,-73.9,False,0.6523330214465659,0.4026221281342295,-3.234111742582286,1.805314610964083,1008.8442846965596,1.1782858319943843,1008.9502091368748,1.3882414018315523,1009.7585997034308,0,1.7067856975435234,1.8107486303834048,14.22813023421213,3.003495332109464,13.183865834177036,2.159491358318709,12.800764381465038,0,0.0,0,30.0,1.7261076571212358e-06
STN_A_coastal_fails,2012-10-29 21:00:00,1004.5806188177336,17.216339300550665,266.19532865154355,40.6,-73.9,False,-1.0244440172525628,1.8776851915474833,-2.1831839423468864,2.725584445813263,1007.1141120268256,2.155803563314304,1008.2851440082758,1.9574632516220911,1009.2042171124912,0,3.0568666948727703,2.4135014509813524,14.609499604787644,3.1968603776701974,13.32504967630795,2.493691075614727,13.216019685685117,0,0.0,0,29.0,1.7261076571212358e-06
STN_A_coastal_fails,2012-10-29 22:00:00,1002.6143476626658,12.13077796544533,288.31377315838756,40.6,-73.9,False,-2.369292103117118,-2.9935054779791663,-1.9662711550678296,2.0756722600482975,1004.6529230801599,3.0578172393780854,1007.1644948124812,2.596452263679934,1008.4697619303703,0,-5.085561335105336,2.5600445968331833,14.502196623891296,3.1502332175378354,13.408092019491525,2.393632002794756,13.336135190854238,0,0.0,0,28.0,1.7261076571212358e-06
STN_A_coastal_fails,2012-10-29 23:00:00,1004.1462194442161,13.661094465937381,17.62693553638053,40.6,-73.9,False,0.33610627425957773,-2.6946832849226716,1.5318717815503078,1.0329211188052756,1003.7803953082051,3.0697438776125225,1006.3123400023824,2.818446662577413,1007.9764094545494,0,1.5303165004920523,2.6091048439021067,14.336070577311125,2.009475257589436,14.282100405761627,2.3952376561718745,13.352040763926261,0,0.0,0,27.0,1.7261076571212358e-06
STN_A_coastal_fails,2012-10-30 00:00:00,1002.1543407303986,13.888179156669128,84.43265415886749,40.6,-73.9,False,0.03884385405660851,-2.545902040822863,-1.9918787138174139,1.0428980729496078,1002.9716359457602,2.9248266973252077,1005.0428739862929,3.016489924801192,1007.1834661115505,0,0.22708469073174697,0.9558499703891302,13.226683862683947,1.8080678031799131,13.918091733735798,2.3903624341069074,13.451126618959838,0,0.0,0,26.0,1.7261076571212358e-06
STN_A_coastal_fails,2012-10-30 01:00:00,1001.5985440454863,16.531844414145915,223.8831984150885,40.6,-73.9,False,-0.42619313500222233,-9.764657696295338,-0.5557966849123659,1.3395982421843433,1002.6330347400336,1.914460807801912,1003.6429789100968,3.229617479733156,1006.4526984244475,0,2.643665257476787,1.5959186860809158,14.693706012250809,1.910841874643704,14.597951318071052,2.538702359833915,13.755938168601803,0,0.0,0,25.0,1.7261076571212358e-06
STN_A_coastal_fails,2012-10-30 02:00:00,1000.40787919295,20.136973542128086,308.9251096649363,40.6,-73.9,False,-1.7946563822748658,0.12911523869494346,-1.1906648525363153,0.8922556292697442,1001.386921322945,1.5696604007512827,1002.5836583155751,3.578469257028909,1005.7669337262249,0,3.6051291279821704,3.1367008489483075,16.852332370981042,2.9254059795508045,15.594201474146084,3.094336108380324,14.38903365416156,0,0.0,0,24.0,1.7261076571212358e-06
STN_A_coastal_fails,2012-10-30 03:00:00,999.8467651595276,21.5562229863346,1.620044978277284,40.6,-73.9,False,-2.0660010003651905,1.8922829196224562,-0.5611140334223137,0.894544671404434,1000.617729465988,1.554799452833089,1001.794682705874,3.834090095501818,1005.0399133570749,0,1.419249444206514,2.590225377934455,19.408346980869535,3.809600286352411,16.317515421776744,3.6992555368231215,14.821282549042346,0,0.0,0,23.0,1.7261076571212358e-06
STN_A_coastal_fails,2012-10-30 04:00:00,999.9851249070015,22.42647030367399,185.26656316188593,40.6,-73.9,False,0.2487654306563627,2.3357266648665096,0.13835974747382807,0.2923221865457247,1000.0799230864931,1.6454494884721882,1001.3564789132633,3.831542503288547,1004.2604868628722,0,0.8702473173393912,1.155666820450808,21.373222277378897,3.8649437462688407,18.03346414481485,4.139510284240487,15.720778082153188,0,0.0,0,22.0,1.7261076571212358e-06
STN_A_coastal_fails,2012-10-30 05:00:00,997.9747542390159,20.532560184948725,243.823463771183,40.6,-73.9,False,-0.7085963798156172,3.5381274471902557,-2.010370667985626,1.1228801159593678,999.2688814351817,1.4726234532134843,1000.3279013790634,3.8776780007724048,1003.3201206907229,0,-1.893910118725266,0.9479901073751343,21.50508449165244,3.2847315982761094,19.17870843131674,3.64401842233742,16.730404418539184,0,0.0,0,21.0,1.7261076571212358e-06
STN_A_coastal_fails,2012-10-30 06:00:00,996.5280306920968,20.340925653372484,10.658624086300756,40.6,-73.9,False,-2.2317498017215485,-9.322868628438709,-1.4467235469190882,1.7361883372588378,998.1626366127048,1.8259431316709251,999.3901830393464,3.7574428257021304,1002.2165285128195,0,-0.19163453157624133,1.1527587070373724,21.099985380665064,2.0183508616584844,20.2541661807673,3.7797518569735216,17.086128957251546,0,0.0,0,20.0,1.7261076571212358e-06
STN_A_coastal_fails,2012-10-30 07:00:00,994.4942560087753,26.790945197972412,144.48800071921966,40.6,-73.9,False,-3.4706020735237644,2.3252176023205813,-2.0337746833214396,1.7484810748381223,996.3323469799626,2.338878648880919,998.2061350332278,3.4948713283440878,1000.9245569716622,0,6.450019544599929,3.6698514704424605,22.554810345431207,2.517974454749134,21.96401631140505,4.39766777633705,18.280983814738054,0,0.0,0,19.0,1.7261076571212358e-06
STN_A_coastal_fails,2012-10-30 08:00:00,992.6770900974758,27.575295606920466,322.42855729813084,40.6,-73.9,False,-4.4985998088175165,-7.328983594407948,-1.8171659112995258,1.9264853522659706,994.5664589327826,2.936446056756242,996.9176701839821,3.714137739305269,999.7506642497787,0,0.784350408948054,3.9697620901538264,24.902388819421788,3.1820718921931768,23.203736655537114,4.927962748824945,19.398969064841598,0,0.0,0,18.0,1.7261076571212358e-06
STN_A_coastal_fails,2012-10-30 09:00:00,992.6707150253384,31.385263429228743,241.78061118810913,40.6,-73.9,False,-3.619869045509631,2.046758813718526,-0.006375072137416282,1.0509863866046836,993.2806870438632,2.966074579087973,995.721661828284,3.89311451008898,998.758172267079,1,3.809967822308277,2.4576011468196137,28.583834744707207,4.4440817729315425,24.841910062686136,5.9491061033133885,20.57971274223144,0,0.0,0,17.0,1.7261076571212358e-06
STN_A_coastal_fails,2012-10-30 10:00:00,991.8970545023096,33.92257318352652,85.55701080981504,40.6,-73.9,False,-3.664368541912836,-6.809875384966823,-0.7736605230287523,0.4485247626246487,992.4149532083746,2.4304601212935237,994.3736500941686,4.148963693744144,997.865064503716,0,2.537309754297773,3.1948325003241207,30.961044073225242,5.5379901998816665,26.757927209328226,6.44123361541033,22.39569567707154,0,0.0,0,16.0,1.7261076571212358e-06
STN_A_coastal_fails,2012-10-30 11:00:00,992.5390777596101,21.099923666119594,307.00120666748853,40.6,-73.9,False,-2.3386531083011732,-13.97518641761281,0.6420232573004796,0.41393897245389166,992.3689490957527,1.7325678512862763,993.4677040142677,3.8968399741254545,996.8978026966655,0,-12.822649517406923,6.790268716799843,28.802586759624955,5.413886525532201,26.85248778952337,5.855524305657286,23.015598110420054,0,0.0,0,15.0,1.7261076571212358e-06
STN_A_coastal_fails,2012-10-30 12:00:00,992.5060211854849,60.33784300801323,125.29131242742515,40.6,-73.9,False,-1.863847969414337,17.72689235769048,-0.03305657412522578,0.3615077272539305,992.314051149135,0.8800111218407491,992.797369096499,3.7042730427599837,996.0937760679227,0,39.23791934189364,20.007503320952882,38.45344661921978,13.84769903557888,33.5186406819635,11.704705329218898,26.886403431365395,0,0.0,0,14.0,1.7261076571212327e-06
STN_A_coastal_fails,2012-10-30 13:00:00,992.5417867074791,43.90236284961789,307.2040816118614,40.6,-73.9,False,-0.5007060477776122,1.3763008188596046,0.03576552199422167,0.019913345677519862,992.5289618841913,0.290736642085382,992.4719575462831,3.390049342652061,995.3390462897554,0,-16.435480158395343,19.70486638301604,41.78004317458357,13.94670957672868,36.3705436239044,12.161409175522419,29.167279967654725,0,0.0,0,13.0,1.7261076571212327e-06
STN_A_coastal_fails,2012-10-30 14:00:00,992.4549496193725,54.13720586372873,107.619714402806,40.6,-73.9,False,0.25596702052280307,8.888388968866607,-0.08683708810656299,0.04364278722551922,992.500919170779,0.27299248436748974,992.4349341332658,3.071436874363435,994.676302158624,0,10.234843014110844,8.299848598574734,52.79247057378661,14.786901366660254,40.79752866670578,13.726267849269906,32.00063266112145,0,0.0,1,12.0,0.9999692772728221
STN_A_coastal_fails,2012-10-30 15:00:00,992.5060992925352,25.45748865839863,212.51529031793365,40.6,-73.9,False,0.8982855493577517,-21.233956858402756,0.05114967316262664,0.043647375793984484,992.5009452064623,0.2520237859879749,992.4074981777985,2.6501563263306926,994.0645800030412,0,-28.6797172053301,14.534393545604766,41.16568579058174,15.710709288488058,39.80956620490076,13.500752291948766,32.32573813379345,0,0.0,1,11.0,0.9999692772728221
STN_A_coastal_fails,2012-10-30 16:00:00,992.4961690243565,29.23957862603719,142.89842438922028,40.6,-73.9,False,8.191509451939169,-16.464123512167664,-0.009930268178663937,0.027122987173518177,992.485739312088,0.03183294398367366,992.5073505981396,1.906686085486566,993.4405003461543,1,3.7820899676385586,15.58162499852555,36.27809104938819,16.171238723834982,39.029067111985874,13.186198398042807,32.893497160657056,0,0.0,1,10.0,0.9999692772728221
STN_A_coastal_fails,2012-10-30 17:00:00,992.4459089788694,55.92506847201571,98.93701827182413,40.6,-73.9,False,7.102122331676355,5.560614694505162,-0.05026004548710716,0.03226855078596227,992.4827257652537,0.035744662443909045,992.4918224680163,1.2746614373379204,992.979763241142,0,26.68548984597852,16.606690381400806,36.87404525215051,14.624867188776168,44.833257912968556,14.096772102151409,35.842872851245964,0,0.0,1,9.0,0.9999692772728221
STN_A_coastal_fails,2012-10-30 18:00:00,992.4285296276812,53.729625362309804,319.1607223818729,40.6,-73.9,False,10.648612302196625,3.7910392438972593,-0.01737935118819678,0.03512644294530193,992.4568692103024,0.04287647592234966,992.4789072083823,0.6168500448794825,992.6381381524407,1,-2.1954431097059057,14.81383209432202,46.2980908201209,13.423179997269111,43.731888305351326,14.053902499581564,38.625264493657404,0,0.0,1,8.0,0.9999692772728221
STN_A_coastal_fails,2012-10-30 19:00:00,992.5409909768383,61.01254216293421,67.53372549821688,40.6,-73.9,False,10.863514416153407,9.051768812697333,0.11246134915711536,0.06053949564955925,992.4718098611296,0.042643682546009413,992.4787745866088,0.19814384350821837,992.475366066446,0,7.282916800624406,3.7359344241335046,56.88907866575324,15.170416625888294,46.58358485757071,14.881898329620922,41.477064240737555,0,0.0,1,7.0,0.9999692772728221
STN_A_coastal_fails,2012-10-30 20:00:00,992.4891559059637,54.08095955782687,30.532172844874715,40.6,-73.9,False,11.460423440800128,0.16740253634469582,-0.05183507087463113,0.05628791345475792,992.4862255034944,0.04107931196948886,992.4844756343741,0.18791320849761045,992.45970488382,0,-6.931582605107337,4.10713099890864,56.27437569435696,15.16483176848343,46.574210473253736,14.595245275123034,43.68586956997976,0,0.0,1,6.0,0.9999692772728221
STN_A_coastal_fails,2012-10-30 21:00:00,992.4555895109922,61.684722487997135,123.09369787643773,40.6,-73.9,False,12.777868048263826,2.9703323698796993,-0.033566394971444424,0.043025162742264256,992.4952454645982,0.04093694798737567,992.4760573374502,0.17582537500006884,992.4417777576244,0,7.603762930170262,4.209431364983747,58.92607473625274,11.946018869478497,52.61208277818682,14.89167570311557,46.2108244915438,0,0.0,1,5.0,0.9999692772728221
STN_A_coastal_fails,2012-10-30 22:00:00,992.5018945782284,62.252914623596695,258.3500931509643,40.6,-73.9,False,12.596749871230259,2.5312081365925962,0.046305067236176,0.02392047886758862,992.4822133317281,0.04156149167733873,992.477011596429,0.03868854056883733,992.4921810972843,0,0.5681921355995598,4.562910302978122,59.33953222314023,3.963881856571235,58.114305444446735,15.011648727816986,48.571686278216305,0,0.0,1,4.0,0.9999692772728221
STN_A_coastal_fails,2012-10-30 23:00:00,992.563104467942,75.37125731132667,290.6753781514614,40.6,-73.9,False,14.219546661000209,11.439948652333548,0.0612098897136093,0.05392939176959834,992.5068628523876,0.05058115699618914,992.4965441779409,0.041830345183809445,992.4941833229786,0,13.118342687729978,7.743115142347216,66.4362981409735,7.85551673687057,61.35533691766523,14.132222051928897,53.094297415316895,0,0.0,1,3.0,0.9999692772728221
STN_A_coastal_fails,2012-10-31 00:00:00,992.392666632806,71.92880707187088,359.54761322403533,40.6,-73.9,False,15.066944101610375,7.47915056009829,-0.1704378351359992,0.08633891577878415,992.485888559659,0.06122495158789471,992.4905670121284,0.0507599410213741,992.4847371102554,0,-3.4424502394557948,6.8015227853083235,69.85099300226476,7.835697900120035,64.38853386925875,15.039314031636097,54.06021108730503,0,0.0,1,2.0,0.9999692772728221
STN_A_coastal_fails,2012-10-31 01:00:00,992.4318715905795,38.49595621117207,106.69034052401938,40.6,-73.9,False,15.540600514521998,-28.199953741186235,0.03920495777344968,0.08926379671323105,992.4625475637758,0.05943154555548627,992.472380447752,0.04942911970340373,992.4755775171803,0,-33.43285086069881,20.369068918141192,61.93200686478988,13.277948826542618,60.63576954396505,15.446738436547216,53.609677200767884,0,0.0,1,1.0,0.9999692772728221
STN_A_coastal_fails,2012-10-31 02:00:00,,,,40.6,-73.9,True,,,,0.02772209126362697,992.4122691116927,0.06580813748640753,992.4690253561096,0.05139204579567315,992.4774527806175,0,,23.640595557998566,55.212381641521475,14.404521724585045,61.94673154119268,16.199738968070044,53.561720049589624,0,1.0,0,,
STN_A_coastal_fails,2012-10-31 03:00:00,,,,40.6,-73.9,True,,,,,,0.07549214400671153,992.4723843173889,0.05323818471019656,992.4745881294257,0,,,,16.63204911735397,62.01223380449157,13.966160778576768,56.37214318870872,0,2.0,0,,
STN_A_coastal_fails,2012-10-31 04:00:00,,,,40.6,-73.9,True,,,,,,0.08926379658199081,992.4625475637757,0.05589192186592403,992.4721902522111,0,,,,20.369068918141274,61.93200686478986,10.825371946947227,59.38687258456111,0,3.0,0,,
STN_A_coastal_fails,2012-10-31 05:00:00,,,,40.6,-73.9,True,,,,,,0.027722090421442205,992.4122691116925,0.05881473569530204,992.475475411379,0,,,,23.640595557998708,55.21238164152146,11.489295164507173,59.819598098629285,0,4.0,0,,
STN_A_coastal_fails,2012-10-31 06:00:00,,,,40.6,-73.9,True,,,,,,,,0.06013243929896505,992.4821819519073,0,,,,,,12.121890000805418,60.689594203817784,0,5.0,0,,
STN_A_coastal_fails,2012-10-31 07:00:00,,,,40.6,-73.9,True,,,,,,,,0.059431545867218126,992.472380447752,0,,,,,,13.277948826542534,60.63576954396505,0,6.0,0,,
STN_A_coastal_fails,2012-10-31 08:00:00,,,,40.6,-73.9,True,,,,,,,,0.06580813783840206,992.4690253561097,0,,,,,,14.404521724584948,61.94673154119268,0,7.0,0,,
STN_A_coastal_fails,2012-10-31 09:00:00,,,,40.6,-73.9,True,,,,,,,,0.07549214441573542,992.4723843173891,0,,,,,,16.632049117353855,62.01223380449157,0,8.0,0,,
STN_A_coastal_fails,2012-10-31 10:00:00,,,,40.6,-73.9,True,,,,,,,,0.08926379710122401,992.462547563776,0,,,,,,20.369068918141135,61.932006864789855,0,9.0,0,,
STN_A_coastal_fails,2012-10-31 11:00:00,,,,40.6,-73.9,True,,,,,,,,0.027722093777109717,992.4122691116929,0,,,,,,23.640595557998484,55.21238164152145,0,10.0,0,,
STN_A_coastal_fails,2012-10-31 12:00:00,,,,40.6,-73.9,True,,,,,,,,,,0,,,,,,,,0,11.0,0,,
STN_A_coastal_fails,2012-10-31 13:00:00,,,,40.6,-73.9,True,,,,,,,,,,0,,,,,,,,0,12.0,0,,
STN_A_coastal_fails,2012-10-31 14:00:00,,,,40.6,-73.9,True,,,,,,,,,,0,,,,,,,,0,13.0,0,,
STN_A_coastal_fails,2012-10-31 15:00:00,,,,40.6,-73.9,True,,,,,,,,,,0,,,,,,,,0,14.0,0,,
STN_A_coastal_fails,2012-10-31 16:00:00,,,,40.6,-73.9,True,,,,,,,,,,0,,,,,,,,0,15.0,0,,
STN_A_coastal_fails,2012-10-31 17:00:00,,,,40.6,-73.9,True,,,,,,,,,,0,,,,,,,,0,16.0,0,,
STN_A_coastal_fails,2012-10-31 18:00:00,,,,40.6,-73.9,True,,,,,,,,,,0,,,,,,,,0,17.0,0,,
STN_A_coastal_fails,2012-10-31 19:00:00,,,,40.6,-73.9,True,,,,,,,,,,0,,,,,,,,0,18.0,0,,
STN_A_coastal_fails,2012-10-31 20:00:00,,,,40.6,-73.9,True,,,,,,,,,,0,,,,,,,,0,19.0,0,,
STN_A_coastal_fails,2012-10-31 21:00:00,,,,40.6,-73.9,True,,,,,,,,,,0,,,,,,,,0,20.0,0,,
STN_A_coastal_fails,2012-10-31 22:00:00,,,,40.6,-73.9,True,,,,,,,,,,0,,,,,,,,0,21.0,0,,
STN_A_coastal_fails,2012-10-31 23:00:00,,,,40.6,-73.9,True,,,,,,,,,,0,,,,,,,,0,22.0,0,,
STN_A_coastal_fails,2012-11-01 00:00:00,,,,40.6,-73.9,True,,,,,,,,,,0,,,,,,,,0,23.0,0,,
STN_A_coastal_fails,2012-11-01 01:00:00,,,,40.6,-73.9,True,,,,,,,,,,0,,,,,,,,0,24.0,0,,
STN_A_coastal_fails,2012-11-01 02:00:00,,,,40.6,-73.9,True,,,,,,,,,,0,,,,,,,,0,25.0,0,,
STN_A_coastal_fails,2012-11-01 03:00:00,,,,40.6,-73.9,True,,,,,,,,,,0,,,,,,,,0,26.0,0,,
STN_A_coastal_fails,2012-11-01 04:00:00,,,,40.6,-73.9,True,,,,,,,,,,0,,,,,,,,0,27.0,0,,
STN_A_coastal_fails,2012-11-01 05:00:00,,,,40.6,-73.9,True,,,,,,,,,,0,,,,,,,,0,28.0,0,,
STN_A_coastal_fails,2012-11-01 06:00:00,,,,40.6,-73.9,True,,,,,,,,,,0,,,,,,,,0,29.0,0,,
STN_A_coastal_fails,2012-11-01 07:00:00,,,,40.6,-73.9,True,,,,,,,,,,0,,,,,,,,0,30.0,0,,
STN_A_coastal_fails,2012-11-01 08:00:00,,,,40.6,-73.9,True,,,,,,,,,,0,,,,,,,,0,31.0,0,,
STN_A_coastal_fails,2012-11-01 09:00:00,,,,40.6,-73.9,True,,,,,,,,,,0,,,,,,,,0,32.0,0,,
STN_A_coastal_fails,2012-11-01 10:00:00,,,,40.6,-73.9,True,,,,,,,,,,0,,,,,,,,0,33.0,0,,
STN_A_coastal_fails,2012-11-01 11:00:00,,,,40.6,-73.9,True,,,,,,,,,,0,,,,,,,,0,34.0,0,,
STN_A_coastal_fails,2012-11-01 12:00:00,,,,40.6,-73.9,True,,,,,,,,,,0,,,,,,,,0,35.0,0,,
STN_A_coastal_fails,2012-11-01 13:00:00,,,,40.6,-73.9,True,,,,,,,,,,0,,,,,,,,0,36.0,0,,
STN_A_coastal_fails,2012-11-01 14:00:00,,,,40.6,-73.9,True,,,,,,,,,,0,,,,,,,,0,37.0,0,,
STN_A_coastal_fails,2012-11-01 15:00:00,,,,40.6,-73.9,True,,,,,,,,,,0,,,,,,,,0,38.0,0,,
STN_A_coastal_fails,2012-11-01 16:00:00,,,,40.6,-73.9,True,,,,,,,,,,0,,,,,,,,0,39.0,0,,
STN_A_coastal_fails,2012-11-01 17:00:00,,,,40.6,-73.9,True,,,,,,,,,,0,,,,,,,,0,40.0,0,,
STN_A_coastal_fails,2012-11-01 18:00:00,,,,40.6,-73.9,True,,,,,,,,,,0,,,,,,,,0,41.0,0,,
STN_A_coastal_fails,2012-11-01 19:00:00,,,,40.6,-73.9,True,,,,,,,,,,0,,,,,,,,0,42.0,0,,
STN_A_coastal_fails,2012-11-01 20:00:00,,,,40.6,-73.9,True,,,,,,,,,,0,,,,,,,,0,43.0,0,,
STN_A_coastal_fails,2012-11-01 21:00:00,,,,40.6,-73.9,True,,,,,,,,,,0,,,,,,,,0,44.0,0,,
STN_A_coastal_fails,2012-11-01 22:00:00,,,,40.6,-73.9,True,,,,,,,,,,0,,,,,,,,0,45.0,0,,
STN_A_coastal_fails,2012-11-01 23:00:00,,,,40.6,-73.9,True,,,,,,,,,,0,,,,,,,,0,46.0,0,,
STN_A_coastal_fails,2012-11-02 00:00:00,,,,40.6,-73.9,True,,,,,,,,,,0,,,,,,,,0,47.0,0,,
STN_A_coastal_fails,2012-11-02 01:00:00,,,,40.6,-73.9,True,,,,,,,,,,0,,,,,,,,0,48.0,0,,
STN_A_coastal_fails,2012-11-02 02:00:00,,,,40.6,-73.9,True,,,,,,,,,,0,,,,,,,,0,49.0,0,,
STN_A_coastal_fails,2012-11-02 03:00:00,,,,40.6,-73.9,True,,,,,,,,,,0,,,,,,,,0,50.0,0,,
STN_A_coastal_fails,2012-11-02 04:00:00,,,,40.6,-73.9,True,,,,,,,,,,0,,,,,,,,0,51.0,0,,
STN_A_coastal_fails,2012-11-02 05:00:00,,,,40.6,-73.9,True,,,,,,,,,,0,,,,,,,,0,52.0,0,,
STN_A_coastal_fails,2012-11-02 06:00:00,,,,40.6,-73.9,True,,,,,,,,,,0,,,,,,,,0,53.0,0,,
STN_A_coastal_fails,2012-11-02 07:00:00,,,,40.6,-73.9,True,,,,,,,,,,0,,,,,,,,0,54.0,0,,
STN_A_coastal_fails,2012-11-02 08:00:00,,,,40.6,-73.9,True,,,,,,,,,,0,,,,,,,,0,55.0,0,,
STN_A_coastal_fails,2012-11-02 09:00:00,,,,40.6,-73.9,True,,,,,,,,,,0,,,,,,,,0,56.0,0,,
STN_A_coastal_fails,2012-11-02 10:00:00,,,,40.6,-73.9,True,,,,,,,,,,0,,,,,,,,0,57.0,0,,
STN_A_coastal_fails,2012-11-02 11:00:00,,,,40.6,-73.9,True,,,,,,,,,,0,,,,,,,,0,58.0,0,,
STN_A_coastal_fails,2012-11-02 12:00:00,,,,40.6,-73.9,True,,,,,,,,,,0,,,,,,,,0,59.0,0,,
STN_A_coastal_fails,2012-11-02 13:00:00,,,,40.6,-73.9,True,,,,,,,,,,0,,,,,,,,0,60.0,0,,
STN_A_coastal_fails,2012-11-02 14:00:00,,,,40.6,-73.9,True,,,,,,,,,,0,,,,,,,,0,61.0,0,,
STN_A_coastal_fails,2012-11-02 15:00:00,,,,40.6,-73.9,True,,,,,,,,,,0,,,,,,,,0,62.0,0,,
STN_A_coastal_fails,2012-11-02 16:00:00,,,,40.6,-73.9,True,,,,,,,,,,0,,,,,,,,0,63.0,0,,
STN_A_coastal_fails,2012-11-02 17:00:00,,,,40.6,-73.9,True,,,,,,,,,,0,,,,,,,,0,64.0,0,,
STN_A_coastal_fails,2012-11-02 18:00:00,,,,40.6,-73.9,True,,,,,,,,,,0,,,,,,,,0,65.0,0,,
STN_A_coastal_fails,2012-11-02 19:00:00,,,,40.6,-73.9,True,,,,,,,,,,0,,,,,,,,0,66.0,0,,
STN_A_coastal_fails,2012-11-02 20:00:00,,,,40.6,-73.9,True,,,,,,,,,,0,,,,,,,,0,67.0,0,,
STN_A_coastal_fails,2012-11-02 21:00:00,,,,40.6,-73.9,True,,,,,,,,,,0,,,,,,,,0,68.0,0,,
STN_A_coastal_fails,2012-11-02 22:00:00,,,,40.6,-73.9,True,,,,,,,,,,0,,,,,,,,0,69.0,0,,
STN_A_coastal_fails,2012-11-02 23:00:00,,,,40.6,-73.9,True,,,,,,,,,,0,,,,,,,,0,70.0,0,,
STN_B_coastal_ok,2012-10-24 00:00:00,1012.7527314446592,10.88762541876621,306.85763445489584,40.7,-74.0,False,-2.9589702154198676,1.7163741991904757,,,,,,,,0,,,,,,,,0,0.0,0,,
STN_B_coastal_ok,2012-10-24 01:00:00,1016.0017453976515,10.926739612065374,271.5377453776413,40.7,-74.0,False,0.05657030587076406,-0.4810821616986587,3.2490139529923,2.297399798330566,1014.3772384211553,2.297399798330566,1014.3772384211553,2.297399798330566,1014.3772384211553,0,0.03911419329916477,0.02765791132248145,10.90718251541579,0.02765791132248145,10.90718251541579,0.02765791132248145,10.90718251541579,1,0.0,0,,1.7261076571212358e-06
STN_B_coastal_ok,2012-10-24 02:00:00,1016.187725093262,6.938569485486587,295.1311889656887,40.7,-74.0,False,0.2970090771568721,-3.297031120173923,0.18597969561051286,1.931746251446244,1014.9807339785242,1.931746251446244,1014.9807339785242,1.931746251446244,1014.9807339785242,0,-3.988170126578787,2.291363263897131,9.58431150543939,2.291363263897131,9.58431150543939,2.291363263897131,9.58431150543939,0,0.0,0,,1.7261076571212358e-06
STN_B_coastal_ok,2012-10-24 03:00:00,1013.9793769804867,10.458963430927213,189.38178967896752,40.7,-74.0,False,-1.5893306612581455,3.5667936051334737,-2.2083481127752975,1.2248376660550404,1015.3896158238,1.6548236601012103,1014.7303947290148,1.6548236601012103,1014.7303947290148,0,3.5203939454406257,2.1801180795723987,9.441424176159725,1.9213236069043906,9.802974486811346,1.9213236069043906,9.802974486811346,0,0.0,0,,1.7261076571212358e-06
STN_B_coastal_ok,2012-10-24 04:00:00,1013.1401645934544,11.471166184856747,358.80379614689525,40.7,-74.0,False,-1.6326476165568238,0.38139363085306144,-0.8392123870322621,1.5742037044028014,1014.4357555557344,1.5998741782815193,1014.4123487019027,1.5998741782815193,1014.4123487019027,0,1.0122027539295342,2.3791511366206093,9.622899700423517,1.8235092569333429,10.136612826420427,1.8235092569333429,10.136612826420427,0,0.0,0,,1.7261076571212358e-06
STN_B_coastal_ok,2012-10-24 05:00:00,1015.0990348210072,10.748772903412526,15.903037059898057,40.7,-74.0,False,0.4527726454571166,2.3934018662498016,1.9588702275527794,0.9827752946612608,1014.0728587983161,1.4581726738492586,1014.5267963884202,1.4581726738492586,1014.5267963884202,0,-0.7223932814442211,0.5212798350343362,10.892967506398827,1.6500319597130342,10.238639505919108,1.6500319597130342,10.238639505919108,0,0.0,0,,1.7261076571212358e-06
STN_B_coastal_ok,2012-10-24 06:00:00,1015.9308382263505,11.26396296752279,144.4553871070008,40.7,-74.0,False,1.0549986426616442,1.959642891670013,0.8318034053432939,1.4327670663716228,1014.7233458802707,1.2467534644674878,1015.0564808520354,1.4330068706226913,1014.7273737938388,0,0.5151900641102642,0.3719780523335763,11.161300685264022,1.6863883203133139,10.301362430711873,1.5553205196242241,10.385114286148207,0,0.0,0,,1.7261076571212358e-06
STN_B_coastal_ok,2012-10-24 07:00:00,1016.7975945224343,7.191461803818502,116.61720081754902,40.7,-74.0,False,2.6119126036578564,-4.497291211772945,0.8667562960838495,0.8493397868596171,1015.9424891899307,1.4003114024832781,1015.1891223728326,1.5152151794136823,1014.9861513849132,0,-4.072501163704288,2.217549277536864,9.734732558251272,2.0578887113014486,9.678816129337394,1.8298563826642378,9.985907725856993,0,0.0,0,,1.7261076571212358e-06
STN_B_coastal_ok,2012-10-24 08:00:00,1015.5162975721015,10.66208030999239,341.5123795365508,40.7,-74.0,False,0.5834812278922072,-0.17545992076937544,-1.2812969503328304,0.653813468016827,1016.0815767736289,1.3295909534912733,1015.0772177859725,1.4283279528955322,1015.045056516823,0,3.4706185061738886,2.198208409789108,9.705835027111227,1.5698172532897718,10.299401266755028,1.7264497165926511,10.061038012983149,0,0.0,0,,1.7261076571212358e-06
STN_B_coastal_ok,2012-10-24 09:00:00,1014.6282833034143,9.394760481059107,207.66994505913345,40.7,-74.0,False,-0.19147090242847753,0.4478276935088683,-0.8880142686872432,1.0905810669312312,1015.6473917993167,1.246207715496366,1015.1853688397938,1.3530745174706331,1015.0033791954822,0,-1.2673198289332834,1.7562183532301445,9.082767531623333,1.607842732200869,10.122034108443676,1.6412922471832598,9.994410259790744,0,0.0,0,,1.7261076571212358e-06
STN_B_coastal_ok,2012-10-24 10:00:00,1014.106869378415,9.03441968255071,290.2287475601011,40.7,-74.0,False,-1.4992005405869122,-2.215646283441078,-0.5214139249992513,0.7126160321584346,1014.7504834179769,0.9580935242677194,1015.3464863039538,1.3117911171509917,1014.9218783030215,0,-0.3603407985083962,0.8549097572259742,9.69708682453407,1.5032575816878169,9.715909691392671,1.5837412636183525,9.907138389132559,0,0.0,0,,1.7261076571212358e-06
STN_B_coastal_ok,2012-10-24 11:00:00,1015.0114512916706,11.741111218839453,61.32282971706679,40.7,-74.0,False,-0.08592128233408403,2.3997393598652277,0.9045819132555835,0.4540482034245017,1014.5822013245,0.9632708601592762,1015.3318890490644,1.2510110115289437,1014.9293427187422,0,2.7066915362887425,1.4697724511166805,10.056763794149758,1.683414924560248,9.881299410630492,1.6001571574134308,10.059969458274802,0,0.0,0,,1.7261076571212358e-06
STN_B_coastal_ok,2012-10-24 12:00:00,1014.7007352961147,12.95854902134846,352.308291804158,40.7,-74.0,False,0.039871275913924364,2.0459740092170673,-0.3107159955559382,0.4596175214041447,1014.6063519887334,0.9409438335935013,1015.126871894025,1.0537255202408202,1015.0916763730302,0,1.2174378025090071,2.0086116657701827,11.24469330757954,2.06148160541377,10.163730419601437,1.7970907700348613,10.232546425156656,0,0.0,0,,1.7261076571212358e-06
STN_B_coastal_ok,2012-10-24 13:00:00,1013.9849320942709,13.588740109200717,179.51023687547345,40.7,-74.0,False,-0.46496236797099755,4.1751696824027835,-0.7158032018437552,0.5264124359434728,1014.565706227352,0.5693991990285036,1014.6580948226646,1.0562114171977632,1014.9236085977485,0,0.630191087852257,0.9392397747366463,12.762800116462877,1.8613963080095768,11.229943470498474,2.038638112773071,10.454379799917934,0,0.0,0,,1.7261076571212358e-06
STN_B_coastal_ok,2012-10-24 14:00:00,1017.048755650863,12.62961574301181,177.7219474574325,40.7,-74.0,False,2.58600638574228,3.6946958767233937,3.0638235565920695,1.6027366489857167,1015.2448076804161,1.1143087407374785,1014.9135045024581,1.1727158256118937,1014.9953611442152,0,-0.9591243661889077,0.4873837397477645,13.058968291186995,1.913917223847988,11.557866042668378,1.7936308406790429,10.928633654711703,0,0.0,0,,1.7261076571212358e-06
STN_B_coastal_ok,2012-10-24 15:00:00,1016.7851684020717,9.780531636739633,349.5185022764656,40.7,-74.0,False,2.2838095975317856,-1.0598596141858785,-0.26358724879128204,1.6979309174786776,1015.9396187157353,1.3307768844564458,1015.2729853522342,1.2300419021535478,1015.229177096014,0,-2.8490841062721763,1.9807259428533812,11.999629162984055,1.8314193614671597,11.622161235281796,1.8202751998546938,10.872097671862738,0,0.0,0,,1.7261076571212358e-06
STN_B_coastal_ok,2012-10-24 16:00:00,1016.1360486835546,10.705440326052686,137.06365003817223,40.7,-74.0,False,0.348225196060298,1.4736794115701848,-0.6491197185171131,0.4697284064339174,1016.6566575788298,1.2291156160771843,1015.6111819030908,1.0597398169212484,1015.4788341035223,0,0.9249086893130531,1.4534549278305493,11.038529235268044,1.445618917347792,11.900664675865459,1.8107620214608457,10.808287183629064,0,0.0,0,,1.7261076571212358e-06
STN_B_coastal_ok,2012-10-24 17:00:00,1014.0791496021898,11.533645743568487,143.10900883979747,40.7,-74.0,False,-0.9894792194968431,0.7059790648064848,-2.0568990813648043,1.412723609745988,1015.6667888959387,1.370854313663704,1015.4557982881774,1.131440031561773,1015.3938436686209,0,0.8282054175158002,0.877001460349578,10.673205902120268,1.4526625353522111,11.866087096653631,1.8225535962940425,10.873693253642061,0,0.0,0,,1.7261076571212358e-06
STN_B_coastal_ok,2012-10-24 18:00:00,1015.8550193242955,10.242355898598923,210.5109730097772,40.7,-74.0,False,0.9635456142971179,0.3808081040793496,1.7758697221057673,1.1153119594668406,1015.3567392033466,1.3238884487647167,1015.6481789595409,1.1283762583070929,1015.3875254267831,0,-1.2912898449695636,0.6541917232068815,10.827147322740032,1.4672801124095236,11.413388242862043,1.8265222969638861,10.78855933123174,0,0.0,0,,1.7261076571212358e-06
STN_B_coastal_ok,2012-10-24 19:00:00,1015.6396264094953,10.261528375823088,46.0989397972033,40.7,-74.0,False,0.971595006410439,1.335376349751753,-0.21539291480019074,0.9691229061870559,1015.1912651119936,1.0526870939653763,1015.9239613454116,1.0431195341820212,1015.291028084038,0,0.019172477224165263,0.7400540120968674,10.6791766726635,1.0501546298033206,10.858852953965771,1.4538734884384714,11.044398212232123,1,0.0,0,,1.7261076571212358e-06
STN_B_coastal_ok,2012-10-24 20:00:00,1015.4425456242004,11.647506263752364,115.59082550826776,40.7,-74.0,False,1.4716104516932091,2.8960838893120417,-0.19708078529492923,0.20630458750358247,1015.6457304526638,0.9030353645087886,1015.6562596743012,1.0418881431885676,1015.2848820883796,0,1.3859778879292755,0.8057863486891512,10.717130179391459,0.7536233031931513,10.695168040755862,1.4581395257406962,11.12651704171212,0,0.0,0,,1.7261076571212358e-06
STN_B_coastal_ok,2012-10-24 21:00:00,1016.2496652670384,9.881434707948136,69.554996080247,40.7,-74.0,False,1.3669628311464521,-0.12724507287200915,0.8071196428379608,0.42079891506139105,1015.7772791002448,0.7883229915482318,1015.5670091517958,1.054059307463761,1015.4199972520149,0,-1.7660715558042277,0.9295531760303266,10.596823115841197,0.7298829626708923,10.711985219290613,1.4116203205738405,11.167073227286204,0,0.0,0,,1.7261076571212358e-06
STN_B_coastal_ok,2012-10-24 22:00:00,1015.6353711428534,8.541426127252677,37.182052478537855,40.7,-74.0,False,0.2396943415824353,-1.3791495984244957,-0.614294124184994,0.421501496539096,1015.7758606780308,0.7411279783556202,1015.4835628950123,0.9699502903663682,1015.5473723990516,0,-1.340008580695459,1.5579027328921098,10.023455699651059,1.1484282061686968,10.351316186157279,1.4846165474403696,11.125990431011369,0,0.0,0,,1.7261076571212358e-06
STN_B_coastal_ok,2012-10-24 23:00:00,1015.7400142362928,9.171053868328283,311.8120582791672,40.7,-74.0,False,1.0555015776336631,-1.2809951566309543,0.10464309343944933,0.3286466240898746,1015.8750168820616,0.27568052987505304,1015.7603736673626,0.9560574822976086,1015.6080859777702,0,0.6296277410756055,0.6704097038339693,9.197971567843032,1.063884011724929,9.957550873617246,1.570695263078374,10.911818985135438,0,0.0,0,,1.7261076571212358e-06
STN_B_coastal_ok,2012-10-25 00:00:00,1015.6369062833555,11.267820755467485,212.15921980589138,40.7,-74.0,False,0.4613062033334927,1.5923678152875471,-0.10310795293730735,0.059977473022849954,1015.6707638875006,0.2750840904863513,1015.7240214938726,0.9124898842825406,1015.6861002267068,0,2.096766887139202,1.427473884179907,9.660100250349481,1.1932875750857315,10.128461683095338,1.4408753531862049,10.77092496297869,0,0.0,0,,1.7261076571212358e-06
STN_B_coastal_ok,2012-10-25 01:00:00,1015.3407914079777,10.005986582399911,129.12220495004803,40.7,-74.0,False,-0.23937695342942789,-0.7093307171712215,-0.29611487537783887,0.20724145982737113,1015.572570642542,0.3172429120740607,1015.6742156602863,0.752636857807132,1015.799088502849,0,-1.261834173067573,1.0556016843765497,10.148287068731893,1.1921481441903485,10.085871384191476,1.1446599829644304,10.472362169078623,0,0.0,0,,1.7261076571212358e-06
STN_B_coastal_ok,2012-10-25 02:00:00,1013.2163888702504,10.680419953736676,147.1209758520166,40.7,-74.0,False,-2.57053853123341,2.5072843609640003,-2.124402537727292,1.3203329573045783,1014.7313621871945,1.0643772390443433,1015.3031895346281,0.9589688805895246,1015.4797246044646,0,0.6744333713367645,0.6314171302934255,10.651409097201357,0.9864070665264177,9.924690332522195,0.9286178691866397,10.30992918663903,0,0.0,0,,1.7261076571212358e-06
STN_B_coastal_ok,2012-10-25 03:00:00,1015.0836210773592,11.34015848440438,155.34684132744766,40.7,-74.0,False,-0.08453799702533615,2.0221579284970623,1.8672322071088274,1.1594379986669767,1014.5469337851958,0.9581522518176865,1015.1088488363481,0.8700719409798335,1015.3379289940721,0,0.6597385306677044,0.6670994385295433,10.675521673513657,1.1412298367756843,10.16781096193157,0.9565111920097147,10.439898090611091,0,0.0,0,,1.7261076571212358e-06
STN_B_coastal_ok,2012-10-25 04:00:00,1014.4438080410765,9.25031707420478,227.9337055720954,40.7,-74.0,False,-0.705949645245596,-2.443695474406793,-0.6398130362827033,0.9489006496619519,1014.2479393295621,0.9506518925654704,1014.9102549860521,0.8660828419921338,1015.1969089405321,0,-2.0898414101996003,1.0683231638630517,10.423631837448612,0.9617630383311021,10.285959453090253,1.0104990639548639,10.318637819623765,0,0.0,0,,1.7261076571212358e-06
STN_B_coastal_ok,2012-10-25 05:00:00,1013.7201590422528,11.512496327259612,333.63698093603756,40.7,-74.0,False,-1.6386173977977023,0.3008092806534588,-0.7236489988237054,0.6821604547407524,1014.4158627202296,0.9556729439297197,1014.573612453712,0.9131244655890816,1015.1669930605373,0,2.262179253054832,1.25927177532737,10.700990628622925,0.8913577828813013,10.67619986291214,1.008203106655992,10.316875368264693,0,0.0,0,,1.7261076571212358e-06
STN_B_coastal_ok,2012-10-25 06:00:00,1016.6818166191465,10.757685206916788,335.80066307651373,40.7,-74.0,False,1.162041925845756,2.085616085869635,2.9616575768936855,1.5440080889137107,1014.948594567492,1.2408474506417242,1014.7477641763439,0.9970913750913089,1015.2358928351082,0,-0.7548111203428238,1.151763393515982,10.506832869460393,0.8468583140028875,10.591177271487025,1.0156877809226343,10.359819477291182,0,0.0,0,,1.7261076571212358e-06
STN_B_coastal_ok,2012-10-25 07:00:00,1016.7289953406644,7.530373826177042,140.93711263103881,40.7,-74.0,False,1.0384317262713694,-1.3995359596255437,0.047178721517866506,1.7236945449225891,1015.7103236673546,1.4799271996542107,1014.9791314984583,1.0830749106870574,1015.3266735793724,0,-3.2273113807397458,2.115127190394377,9.933518453451148,1.5225289174097183,10.17857514544988,1.3046190482728837,10.132223264820679,0,0.0,0,,1.7261076571212358e-06
STN_B_coastal_ok,2012-10-25 08:00:00,1016.3592205999787,12.884609582372489,118.53448545519704,40.7,-74.0,False,1.84681337420227,3.784472643075304,-0.3697747406856706,0.20125745625787192,1016.5900108532633,1.2729552274911808,1015.5029367867463,1.1235603509763399,1015.4030631606871,0,5.354235756195447,2.695897703922321,10.390889538488773,1.8895239452017052,10.545940083555848,1.473226266686254,10.235315208039022,0,0.0,0,,1.7261076571212358e-06
STN_B_coastal_ok,2012-10-25 09:00:00,1015.2552134164033,8.998510512486167,162.3767400666918,40.7,-74.0,False,0.1750053243149523,-2.207581863013484,-1.1040071835753906,0.7667679332229077,1016.1144764523488,1.263543346170432,1015.5315355099204,1.091661773237023,1015.3201921731343,0,-3.8860990698863223,2.7666174245692154,9.804497973678567,1.9339789676155288,10.155665421569479,1.5139906172425572,10.161738191750525,0,0.0,0,,1.7261076571212358e-06
STN_B_coastal_ok,2012-10-25 10:00:00,1016.350625120308,6.689809313629633,204.45632295425733,40.7,-74.0,False,0.695961622641903,-3.4760755556784915,1.0954117039046878,0.6349320888499155,1015.9883530455633,1.1717059175422642,1015.849338356459,1.1293120037491002,1015.3797966712555,0,-2.308701198856534,3.1306926170894296,9.524309802829428,2.400049006503957,9.728914128140287,1.7673044538800888,10.007436790615271,0,0.0,0,,1.7261076571212358e-06
STN_B_coastal_ok,2012-10-25 11:00:00,1015.012053179686,7.909912580827395,166.25444812190938,40.7,-74.0,False,0.23105211276720183,-1.3387033236995425,-1.338571940622046,0.7130718222347839,1015.539297238799,0.7421523595816273,1016.0646540460311,1.1277539864314285,1015.3191332498715,0,1.2201032671977625,1.1549746508791137,7.866077468981065,2.3136843228008264,9.128483503734918,1.856794574205318,9.902341683323531,0,0.0,0,,1.7261076571212358e-06
STN_B_coastal_ok,2012-10-25 12:00:00,1015.2027972755997,7.957909678643356,237.15122753401235,40.7,-74.0,False,-0.003279109600043739,-0.9649403078989742,0.19074409591371477,0.7240703132791764,1015.5218251918645,0.7417917549845691,1015.8181508221065,1.1235888010345887,1015.2829574992253,0,0.04799709781596029,0.7186833145613467,7.519210524366795,2.1988707761071624,8.661854249022682,1.881195713686151,9.626515760254852,1,0.0,0,,1.7261076571212358e-06
STN_B_coastal_ok,2012-10-25 13:00:00,1013.9065286277029,10.104346637315066,199.5836484167149,40.7,-74.0,False,-0.5077162423654045,0.9313684676240825,-1.2962686478967953,0.6998666840525348,1014.7071263609961,0.921761031034455,1015.3477397032797,1.1911322191714617,1015.163435600869,0,2.1464369586717105,1.253331305443189,8.657389632261939,2.185016115318579,9.090849717545684,1.8832126433856133,9.634712431497782,0,0.0,0,,1.7261076571212358e-06
STN_B_coastal_ok,2012-10-25 14:00:00,1015.3969913019107,9.452298988907526,115.4575968098674,40.7,-74.0,False,1.8677505506072976,0.4065857371106194,1.4904626742078335,0.8102985777455789,1014.8354390684044,0.7839942478834854,1015.1873681536017,1.0213209203695217,1015.3451524701741,0,-0.6520476484075406,1.100420916738798,9.171518434955315,1.2366122633877454,8.51879795196819,1.854367542568117,9.532369017762019,0,0.0,0,,1.7261076571212358e-06
STN_B_coastal_ok,2012-10-25 15:00:00,1015.0603859247839,9.326336064718815,124.46309007454774,40.7,-74.0,False,0.6707830936827577,-0.4272872506242127,-0.3366053771268298,0.7816828880841573,1014.7879686181326,0.7846566278835151,1015.1548969049985,1.0218836872442572,1015.3432162074595,0,-0.1259629241887108,0.4175989394015123,9.627660563647135,1.2688681187458504,8.573435544006964,1.7648553612149047,9.364550482788223,0,0.0,0,,1.7261076571212358e-06
STN_B_coastal_ok,2012-10-25 16:00:00,1013.6973478780571,11.239403930964958,136.29340352150314,40.7,-74.0,False,-0.8430347582722106,-0.3961429180485574,-1.3630380467267287,0.8999966356400719,1014.7182417015839,0.7210825147533675,1014.71268403129,1.101248172682697,1015.2810111938744,0,1.9130678662461431,1.0700030679909254,10.006012994863767,1.2774716681524463,9.331701313562853,1.8447512653954148,9.53030772085157,0,0.0,0,,1.7261076571212358e-06
STN_B_coastal_ok,2012-10-25 17:00:00,1014.9488028810332,10.679750722385407,34.070316569779926,40.7,-74.0,False,-0.5169220988136658,3.622884070344621,1.2514550029760585,0.7567984228475384,1014.5688455612914,0.7162769608042167,1014.702142314848,0.9949202206431929,1015.3833981804396,0,-0.5596532085795509,0.9835964289554847,10.415163572689726,1.155573978680384,9.79334100382252,1.7778571963092893,9.460912253778721,0,0.0,0,,1.7261076571212358e-06
STN_B_coastal_ok,2012-10-25 18:00:00,1014.9202704261601,10.632095741288573,59.78254766903032,40.7,-74.0,False,0.4875356481768449,0.2778042668829972,-0.02853245487312961,0.7144337249539457,1014.5221403950835,0.6854027044015236,1014.655054506608,0.912466113552538,1015.2366026643573,0,-0.04765498109683364,0.3377143636134272,10.850416798212978,0.7509432661545813,10.239038680930056,1.7698812130596955,9.450446464976368,1,0.0,0,,1.7261076571212358e-06
STN_B_coastal_ok,2012-10-25 19:00:00,1016.7975611527411,10.819656914657386,260.32096877233903,40.7,-74.0,False,1.421392815566719,0.3800414858611898,1.877290726581009,1.0757123004701514,1015.5555448199781,0.9985906632051536,1015.136893260781,0.9228169434258476,1015.2423164820303,0,0.18756117336881317,0.09748840410963082,10.710501126110456,0.7814443549598088,10.35825706048711,1.6987620529862826,9.724553389016398,0,0.0,0,,1.7261076571212358e-06
STN_B_coastal_ok,2012-10-25 20:00:00,1015.8942133091981,11.232269336004478,140.0748161479488,40.7,-74.0,False,0.5988299205472458,2.177168432924594,-0.9033478435429743,0.9388665629331119,1015.8706816293665,1.0440875704508101,1015.2197635953289,0.8804429448941814,1015.2035658744653,0,0.41261242134709164,0.307038691318594,10.894673997316813,0.7026186386696843,10.65491878500327,1.47103707532582,9.58685836848573,0,0.0,0,,1.7261076571212358e-06
STN_B_coastal_ok,2012-10-25 21:00:00,1015.0114454123252,5.784093316445118,77.23403012165171,40.7,-74.0,False,0.5503440836621394,-3.260021563971428,-0.882767896872906,0.8930776304765983,1015.9010732914215,1.0457715144068847,1015.2116068432524,0.8819538470412893,1015.1832518741256,0,-5.4481760195593605,3.033418635302205,9.278673189035661,2.1136189900861297,10.06454499362432,1.8354409889309584,9.318990268815643,0,0.0,0,,1.7261076571212358e-06
STN_B_coastal_ok,2012-10-25 22:00:00,1015.2487872728019,9.271123495471082,202.56206780694862,40.7,-74.0,False,0.17565663795130604,-2.665280960287367,0.23734186047670391,0.45683423086505015,1015.3848153314417,0.7450411764635884,1015.4701800757099,0.803211310953518,1015.0914320535,0,3.4870301790259646,2.7594713991807978,8.762495382640225,2.0464829512387728,9.736498254375341,1.640169430080855,9.534099783969095,0,0.0,0,,1.7261076571212358e-06
STN_B_coastal_ok,2012-10-25 23:00:00,1015.044212327088,5.639579871021061,271.99423529043383,40.7,-74.0,False,-0.5735135553835562,-4.5289853780289135,-0.20457494571394363,0.12861812848374243,1015.1014816707384,0.7326020688571558,1015.4860816500524,0.8029760000491738,1015.0941119824502,0,-3.631543624450021,2.0562252106562338,6.898265560979087,2.553491348520954,8.89646977914795,1.9468267984973258,9.344905391485236,0,0.0,0,,1.7261076571212358e-06
STN_B_coastal_ok,2012-10-26 00:00:00,1014.7970859450362,10.072119853595607,92.6720504443337,40.7,-74.0,False,-0.29389078217889164,0.4051060711790555,-0.24712638205176063,0.22618445519132852,1015.0300285149755,0.7530700667957505,1015.4655509031983,0.8065172145026617,1015.0603027049032,0,4.432539982574546,2.3621005820785266,8.32760774002925,2.486728122901635,8.803140464532456,1.9051144989361841,9.521089572731256,0,0.0,0,,1.7261076571212358e-06
STN_B_coastal_ok,2012-10-26 01:00:00,1013.9175727063429,9.990734055551338,297.644357492548,40.7,-74.0,False,-1.0438178680640249,-0.6737360342319825,-0.8795132386933346,0.5921615518264127,1014.5862903261556,0.6442311560310489,1014.9855528287986,0.805085949915489,1015.0612230447899,0,-0.08138579804426982,2.5359606030983146,8.567477926722669,2.372703305468091,8.664986654681448,1.9022325467226595,9.511621857584279,1,0.0,0,,1.7261076571212358e-06
STN_B_coastal_ok,2012-10-26 02:00:00,1014.8489479906444,12.09106454957941,333.9017494650179,40.7,-74.0,False,0.11965162050114486,3.004047141165218,0.9313752843015664,0.5234012369448203,1014.521202214008,0.4660620833058525,1014.8113419423731,0.7998345477281753,1015.0155527688509,0,2.100330494028073,1.1898283852240232,10.71797281957545,2.575762128710909,8.808119190277269,2.042127315610264,9.73151898764027,0,0.0,0,,1.7261076571212358e-06
STN_B_coastal_ok,2012-10-26 03:00:00,1014.2539015634935,12.375268785442328,215.06203046658266,40.7,-74.0,False,-0.7240989552472001,2.338431004560597,-0.595046427150919,0.4716385040150004,1014.3401407534935,0.502219525236601,1014.6850846342345,0.8290733857821899,1014.9483457387433,0,0.28420423586291754,1.3024442476796712,11.485689130191025,2.429484614343885,9.906648435110137,2.1726334586584457,9.98559671436723,0,0.0,0,,1.7261076571212358e-06
STN_B_coastal_ok,2012-10-26 04:00:00,1013.7496842161657,10.405550096504886,240.82115723696865,40.7,-74.0,False,-0.5230142182474538,-0.9982902414594754,-0.5042173473277671,0.5502569444789899,1014.2841779234345,0.5373609350587062,1014.4352341247951,0.8220017147577676,1014.9527071002525,0,-1.9697186889374425,1.0647004847025632,11.623961143842209,2.414228700433549,10.095719535282438,2.142005925306077,9.91610889482889,0,0.0,0,,1.7261076571212358e-06
STN_B_coastal_ok,2012-10-26 05:00:00,1015.5112214818794,8.99927784520646,18.927356516299938,40.7,-74.0,False,-0.7251925608610463,0.3576265383121733,1.7615372657136277,0.9072028484125502,1014.5049357538461,0.6624694140256014,1014.513068983927,0.8376438017323423,1014.9995753169896,0,-1.4062722512984251,1.6958138747553342,10.593365575717892,1.3119636440105775,10.655669197646672,2.1424748037772323,9.77606948839731,0,0.0,0,,1.7261076571212358e-06
STN_B_coastal_ok,2012-10-26 06:00:00,1015.3912642091911,10.97032222509192,340.3871607678863,40.7,-74.0,False,0.5147648172024901,0.8985488824593073,-0.1199572726882252,0.9842245813554101,1014.8840566357454,0.7518043017271941,1014.6120986946195,0.8445958250698781,1015.038824798909,0,1.971044379885459,1.0150193060133421,10.125050055601088,1.282985460302545,10.805369592896056,2.1569360990722504,9.804255028714257,0,0.0,0,,1.7261076571212358e-06
STN_B_coastal_ok,2012-10-26 07:00:00,1013.2132918794327,8.944164725352133,141.29450433537977,40.7,-74.0,False,-1.939070473476363,-0.6846408924090746,-2.177972329758404,1.2934729525750472,1014.7052591901678,0.9184415188538445,1014.4947185568012,0.798612312217635,1014.7401356927999,0,-2.026157499739787,1.154221788133315,9.637921598550172,1.4729670552901497,10.63094137119619,2.14458511458948,9.647964012938818,0,0.0,0,,1.7261076571212358e-06
STN_B_coastal_ok,2012-10-26 08:00:00,1014.8773145411992,9.997214697114595,332.60414419635475,40.7,-74.0,False,-0.1959123906366358,0.25352685878590364,1.6640226617664666,1.1384696708951134,1014.4939568766076,0.9206998645651026,1014.4994463152269,0.7145467207339796,1014.6553941287999,0,1.0530499717624622,1.0133415611881111,9.970567215852883,1.2951531438763109,10.281966395785387,2.090596648295814,9.545042793031328,0,0.0,0,,1.7261076571212358e-06
STN_B_coastal_ok,2012-10-26 09:00:00,1015.995700281403,11.972272633923724,208.43190891008732,40.7,-74.0,False,0.20910047847053193,2.1883641894079453,1.1183857402037347,1.4000925325439622,1014.695435567345,1.087316063858838,1014.7897461015453,0.8093356107715226,1014.7374153678898,0,1.9750579368091294,1.5372706117627004,10.304550685463484,1.169210072221376,10.214800370532286,1.824881347761874,10.060724402821211,0,0.0,0,,1.7261076571212358e-06
STN_B_coastal_ok,2012-10-26 10:00:00,1016.0592222572704,8.884457308024842,1.6627675835979394,40.7,-74.0,False,2.2083327861646467,1.1161504582063513,0.06352197586750208,0.6647966549525888,1015.6440790266242,1.0537673150128617,1015.174669108396,0.8860640202861321,1014.8049516165955,0,-3.087815325898882,1.5638460254333824,10.284648213021056,1.2793019679284727,9.961284905785613,1.8434105428534926,10.028502220534026,0,0.0,0,,1.7261076571212358e-06
STN_B_coastal_ok,2012-10-26 11:00:00,1016.0258348603231,11.611357278491193,13.875119756436858,40.7,-74.0,False,1.2241449088297713,-0.018085446514851,-0.03338739694731885,0.03177486569785208,1016.0269191329988,1.1062735273483133,1015.2604380048033,0.9529483229932307,1014.8867534943652,0,2.7268999704663504,1.6882361026414792,10.822695740146585,1.3299014285772364,10.396631477999735,1.2667328657644519,10.526150337823202,0,0.0,0,,1.7261076571212358e-06
STN_B_coastal_ok,2012-10-26 12:00:00,1015.0389105606608,11.35480273739495,244.95077004117192,40.7,-74.0,False,0.42377313560677976,-0.5268474492453308,-0.9869242996622916,0.57967954506159,1015.7079892260848,1.1072914988420839,1015.2017123967149,0.9534365503326565,1014.9069055456672,0,-0.25655454109624287,1.5057893955163189,10.616872441303663,1.3716794518861826,10.460711563383574,1.2789963580264716,10.633040578139815,0,0.0,0,,1.7261076571212358e-06
STN_B_coastal_ok,2012-10-26 13:00:00,1014.1549511487592,8.090416365755564,202.56048497949593,40.7,-74.0,False,-0.23370529436976994,-1.1490219512369677,-0.8839594119016283,0.9359139630459141,1015.0732321899144,0.7905160648330337,1015.3586556082693,0.9332939733821543,1014.9266870825353,0,-3.264386371639386,1.9629511594738247,10.352192127213902,1.5877296093481095,10.318420170117477,1.4692482553774087,10.474680770656834,0,0.0,0,,1.7261076571212358e-06
STN_B_coastal_ok,2012-10-26 14:00:00,1013.9162964933818,11.9477882564633,9.551677394186765,40.7,-74.0,False,-1.5336101311797847,-0.9453684389504939,-0.23865465537744512,0.5914111134213598,1014.3700527342672,0.9817701247448047,1015.198485933633,0.9781138275719673,1014.8489661244301,0,3.8573718907077357,2.0771441978668705,10.464335786537937,1.70422833555329,10.643515763342263,1.4554359941742983,10.462741079563825,0,0.0,0,,1.7261076571212358e-06
STN_B_coastal_ok,2012-10-26 15:00:00,1015.3445987057378,11.397132690789995,267.64558604005873,40.7,-74.0,False,0.45762187961133804,0.8138988069146791,1.4283022123560158,0.7650996192407535,1014.4719487826263,0.9093410329958227,1015.0899690043556,0.9684189579455545,1014.9398575529503,0,-0.5506555656733045,2.086340988009012,10.478445771002953,1.6290600822785735,10.547659106153308,1.3630457051272595,10.381229738342796,0,0.0,0,,1.7261076571212358e-06
STN_B_coastal_ok,2012-10-26 16:00:00,1015.379271842513,10.203851774822436,306.77232134490544,40.7,-74.0,False,0.020493396467031744,-0.4701007259532499,0.034673136775268176,0.834819971450657,1014.8800556805442,0.8002117729168969,1014.9766439352293,0.8980516327605138,1015.0756565218127,0,-1.1932809159675593,0.8914833470511797,11.18292424069191,1.437429190718191,10.767558183952907,1.3639618367972273,10.36442154486926,0,0.0,0,,1.7261076571212358e-06
STN_B_coastal_ok,2012-10-26 17:00:00,1016.287320313291,8.47535308407072,178.71029367815098,40.7,-74.0,False,1.4754635954569721,-0.9899042093080297,0.9080484707779988,0.5345525045999254,1015.6703969538472,0.8726247308664179,1015.0202248440573,0.9582029714257582,1015.1403314244303,0,-1.7284986907517155,1.4690372776404477,10.025445849894384,1.6269071054235966,10.244890818216161,1.418911182451415,10.320761148107946,0,0.0,0,,1.7261076571212358e-06
STN_B_coastal_ok,2012-10-26 18:00:00,1016.0999654517898,8.281587963053887,167.67267852861178,40.7,-74.0,False,1.617702630402846,-1.0339515581501022,-0.18735486150126235,0.4794185971682056,1015.922185869198,0.9782863229391925,1015.197067325912,0.9961634447552893,1015.1993898613135,0,-0.19376512101683296,1.0583281476057818,8.986930940649016,1.6901289362809444,9.732688355825983,1.5159831814889797,10.096699959604779,0,0.0,0,,1.7261076571212358e-06
STN_B_coastal_ok,2012-10-26 19:00:00,1014.867752720606,8.924674846526033,1.9703191804658937,40.7,-74.0,False,0.16513789705379622,-0.41429659694256316,-1.2322127311838358,0.7712135684774554,1015.7516794952289,0.8628999498624419,1015.3158675878866,0.7893065025830315,1015.3372615980779,0,0.6430868834721455,0.32989789027127125,8.560538631216879,1.557081229693722,9.871731435954397,1.5173400415023732,10.095075803035938,0,0.0,0,,1.7261076571212358e-06
STN_B_coastal_ok,2012-10-26 20:00:00,1013.7557697563259,11.085188927119388,283.19389649769573,40.7,-74.0,False,-1.5538323440367776,2.6309356487959814,-1.1119829642800596,1.1726115999745845,1014.9078293095739,0.9158376283248378,1015.2891131317107,0.9064313424120285,1015.2437995326718,0,2.160514080593355,1.4686479154790184,9.430483912233102,1.3535851658742948,9.727964881063743,1.5432443793695048,10.185740322203003,0,0.0,0,,1.7261076571212358e-06
STN_B_coastal_ok,2012-10-26 21:00:00,1014.6808616054146,8.088749666056811,119.05778402859795,40.7,-74.0,False,0.3266037717586414,-2.5349212523889886,0.9250918490887443,0.5954311226656055,1014.4347946941156,0.9473393888010669,1015.1784902816567,0.8865291467762184,1015.1342296430062,0,-2.9964392610625765,1.5462449269667256,9.366204479900745,1.2031322712598853,9.17656771027488,1.5417373587393286,9.862113408214094,0,0.0,0,,1.7261076571212358e-06
STN_B_coastal_ok,2012-10-26 22:00:00,1015.2171898006421,10.87502449861358,316.35490312171424,40.7,-74.0,False,0.43185782020259467,0.5809253620880988,0.5363281952274974,0.7392779594726598,1014.5512737207943,0.9427688554546921,1015.1514766080114,0.8386926716386889,1015.0640602716204,0,2.786274832556769,1.6726299040127308,10.016321030596593,1.3410444003926025,9.288429830906738,1.5340521463556072,10.02799400742982,0,0.0,0,,1.7261076571212358e-06
STN_B_coastal_ok,2012-10-26 23:00:00,1014.7978630021195,7.516488944429175,134.3018115208991,40.7,-74.0,False,-0.29400567649008735,-1.3553723792339971,-0.4193267985226612,0.28200834023857646,1014.8986381360587,0.7627870021473303,1014.9032337228163,0.7837932487802571,1014.9617292834369,0,-3.3585355541844057,1.7967828121755969,8.826754369699856,1.5044895737978476,9.128619140966478,1.6036822800556818,9.68675497959132,0,0.0,0,,1.7261076571212358e-06
STN_B_coastal_ok,2012-10-27 00:00:00,1014.4220362657865,9.591862834585024,203.428047827054,40.7,-74.0,False,-0.7432818152783511,-2.0903470364355314,-0.37582673633301056,0.3977750293179657,1014.8123630228494,0.49786808611722666,1014.6235788584823,0.7983648556975126,1014.9103230921972,0,2.0753738901558494,1.6947685047764895,9.327792092542593,1.4510989342673484,9.34699828622167,1.5152974559713013,9.539843321023826,0,0.0,0,,1.7261076571212358e-06
STN_B_coastal_ok,2012-10-27 01:00:00,1015.2527948527312,10.2192955146089,97.32304375175791,40.7,-74.0,False,0.7247348635521575,0.12807890302663516,0.8307585869447394,0.416006521227747,1014.8242313735458,0.5569462226150794,1014.6877525471699,0.7661896634948319,1015.0018100675283,0,0.6274326800238761,1.414567773073538,9.109215764541034,1.471845474660319,9.562768397568812,1.453538934118387,9.717249916761604,0,0.0,0,,1.7261076571212358e-06
STN_B_coastal_ok,2012-10-27 02:00:00,1014.4959263107984,14.890260298691723,57.81179253057073,40.7,-74.0,False,-1.2184336339958008,3.4337272233636327,-0.7568685419328176,0.45979516423063577,1014.723585809772,0.35435732514966894,1014.8111119729155,0.707562634563829,1015.050112552313,0,4.670964784082823,2.8949553672367263,11.567139549295215,2.626136192342793,10.196946959497536,2.0068916055277315,9.96245592028064,0,0.0,0,,1.7261076571212358e-06
STN_B_coastal_ok,2012-10-27 03:00:00,1014.3717848501477,7.245368702361054,278.9668452172781,40.7,-74.0,False,-1.2569243146517692,-1.9567426278544087,-0.12414146065066234,0.47687170124147704,1014.7068353378924,0.3969804340837848,1014.759599180371,0.7262378884800302,1014.9690447310139,0,-7.64489159633067,3.8537107705516775,10.784974838553893,2.779630418188942,10.056383465548242,2.0930966599975673,9.61647558791156,0,0.0,0,,1.7261076571212358e-06
STN_B_coastal_ok,2012-10-27 04:00:00,1015.3112616687141,12.944029153835615,178.77257238466137,40.7,-74.0,False,-0.19172725345822528,1.8450730390492183,0.9394768185663906,0.5103592755339549,1014.7263242765533,0.4198653905998574,1014.7752778250497,0.723003638749688,1014.9633772165306,0,5.698660451474561,3.9729693792354626,11.693219384962797,3.0194896062563545,10.401217574751914,2.302044101921923,9.844823702829325,0,0.0,0,,1.7261076571212358e-06
STN_B_coastal_ok,2012-10-27 05:00:00,1014.5977628771521,10.299684860284927,193.13565255081028,40.7,-74.0,False,-0.7623183211558171,2.345053753299683,-0.7134987915619604,0.49036776791685227,1014.7602697986713,0.4256202190418403,1014.7419278042216,0.5949057760099208,1014.822580763519,0,-2.644344293550688,2.851787009244945,10.163027572160532,2.6826929423726966,10.865083560727875,2.263295616953001,9.996851350847177,0,0.0,0,,1.7261076571212358e-06
STN_B_coastal_ok,2012-10-27 06:00:00,1015.2437923462862,10.822343885867124,347.54974325342477,40.7,-74.0,False,-0.3728906137408785,-1.5546140838930391,0.6460294691340778,0.39390919216180387,1015.0509389640507,0.43422415882420307,1014.8788871509715,0.46492064122839366,1014.751233004727,0,0.5226590255821968,1.400433122059706,11.35535263332922,2.6119952338400156,11.070163735941556,2.20637369278805,10.208581011081613,0,0.0,0,,1.7261076571212358e-06
STN_B_coastal_ok,2012-10-27 07:00:00,1015.2728068426799,10.236695903300866,346.88876839997533,40.7,-74.0,False,-0.1314668583314642,0.5990516293503703,0.02901449639364273,0.381636884875426,1015.038120688706,0.43773327677701346,1014.8822224826298,0.4882671818702682,1014.7849875149,0,-0.5856479825662575,0.32148707211140987,10.452908216484305,2.610871001935305,11.073063800723553,2.169161108574938,10.317916099146183,0,0.0,0,,1.7261076571212358e-06
STN_B_coastal_ok,2012-10-27 08:00:00,1013.8600667147014,10.889453753376532,308.03116381286526,40.7,-74.0,False,-0.716390884497514,-0.19391967894535256,-1.412740127978509,0.8074004720608879,1014.7922219678891,0.597702861272869,1014.7762458832804,0.4688221269524326,1014.7936789280978,0,0.6527578500756661,0.3590682629242585,10.649497847514839,1.8372924819026601,10.406262709837685,2.1635957880336205,10.30160483466761,0,0.0,0,,1.7261076571212358e-06
STN_B_coastal_ok,2012-10-27 09:00:00,1014.5181202047787,9.69262996932426,67.53934539541208,40.7,-74.0,False,-0.10698916934711633,-0.0139528093361303,0.65805349007735,0.7069206681597128,1014.5503312540533,0.5806401096110627,1014.800635109052,0.4746993165054934,1014.7801171447114,0,-1.1968237840522722,0.5992339166834385,10.272926542000553,1.1311991687863625,10.814139587664888,2.061605004221373,10.435261526606565,0,0.0,0,,1.7261076571212358e-06
STN_B_coastal_ok,2012-10-27 10:00:00,1016.4369700881134,12.908100632695884,213.93816994856877,40.7,-74.0,False,1.3442358963899323,1.4926365374636106,1.9188498833347012,1.3388708094558,1014.9383856691978,0.8821977242994863,1014.9882531789518,0.6680279225942078,1014.8817655020008,0,3.215470663371624,1.6251448130583472,11.163394785132226,1.1176838504902848,10.808151500808265,2.181106037608434,10.60468453778009,0,0.0,0,,1.7261076571212358e-06
STN_B_coastal_ok,2012-10-27 11:00:00,1013.836903713405,9.087058118513244,316.1330728759935,40.7,-74.0,False,-0.9978945098507666,-1.272007318401366,-2.6000663747083763,1.3482325427376138,1014.9306646687656,0.9967951239147878,1014.8614433183275,0.7333991424692774,1014.8016855612746,0,-3.82104251418264,2.053709438580574,10.562596240177795,1.319441759619975,10.606047043846319,2.0201291509491757,10.735565302287094,0,0.0,0,,1.7261076571212358e-06
STN_B_coastal_ok,2012-10-27 12:00:00,1012.8820674380785,12.264469755536455,134.80701712161758,40.7,-74.0,False,-2.1121238715556956,0.8435305525503587,-0.9548362753265565,1.8398093341789874,1014.3853137465322,1.2498093135426183,1014.4678225002928,0.9174962047349624,1014.6733548256321,0,3.1774116370232104,2.0457505269996026,11.419876168915195,1.4873865120583265,10.846401355457873,2.029876787528989,10.958282545699715,0,0.0,0,,1.7261076571212358e-06
STN_B_coastal_ok,2012-10-27 13:00:00,1013.1365522348618,8.711266673372739,36.39821973681059,40.7,-74.0,False,-2.353543604795277,-3.057820326914788,0.2544847967833448,0.4944638540834741,1013.2851744621152,1.2785773373285065,1014.1117800656565,0.9960191993062819,1014.4970012741431,0,-3.5532030821637157,1.9520252758109646,10.02093151580748,1.7239971092936792,10.592163150469853,2.12427235486844,10.832613475596702,0,0.0,0,,1.7261076571212358e-06
STN_B_coastal_ok,2012-10-27 14:00:00,1015.0271054664612,9.87949766739899,291.94664480637186,40.7,-74.0,False,-0.32362753677261935,1.4323591950643095,1.8905532315993696,1.1719031655467906,1013.6819083798006,1.3207016651216288,1014.3062865242832,1.007701858436946,1014.5412662037816,0,1.168230994026251,1.81098995302276,10.285078032102728,1.7384095414975331,10.423837136140262,1.7053254440537433,10.415049922988974,0,0.0,0,,1.7261076571212358e-06
STN_B_coastal_ok,2012-10-27 15:00:00,1015.0284164178817,7.8560769111189614,173.43487849038178,40.7,-74.0,False,-0.7076083815748007,-0.6480670575311134,0.0013109514204643347,1.0918900530040883,1014.397358039735,1.3531047369262,1014.3913358931336,1.0154602348581205,1014.5959855010929,1,-2.0234207562800286,1.0157382160947659,8.815613750630229,2.0301188536460693,10.117744959772713,1.608496390767481,10.4659422737188,0,0.0,0,,1.7261076571212358e-06
STN_B_coastal_ok,2012-10-27 16:00:00,1014.8792767738303,10.910050414538231,203.18136492930427,40.7,-74.0,False,0.2730705878528852,2.174832096866119,-0.14913964405138813,0.08572988042241599,1014.978266219391,0.9801558833794896,1014.1317203407531,0.9952540749682917,1014.5599867598526,0,3.05397350341927,1.5536529364247909,9.54854166435206,1.5989501872272032,9.78473659007977,1.4197127972332895,10.296444045444018,0,0.0,0,,1.7261076571212358e-06
STN_B_coastal_ok,2012-10-27 17:00:00,1016.2103260923797,12.890256281828284,353.571946674424,40.7,-74.0,False,0.6991826980457745,2.453849348450948,1.3310493185493897,0.7292513741853538,1015.3726730946972,1.2726631269938964,1014.5272907372488,1.1037676637801213,1014.6943670277882,0,1.9802058672900529,2.5361036838988684,10.552127869161826,1.9763596046306653,10.418602950632277,1.6051062010592414,10.512324997239299,0,0.0,0,,1.7261076571212358e-06
STN_B_coastal_ok,2012-10-27 18:00:00,1012.3223810515539,9.845294027581138,218.59611497786597,40.7,-74.0,False,-2.6615693998955976,-2.1954248936817553,-3.887945040825798,1.9759185485694963,1014.4706613059212,1.42835682167383,1014.434009672828,1.2797216520188133,1014.4509160865605,0,-3.044962254247146,1.5452462894420205,11.215200241315884,1.7593205180842384,10.015406995973057,1.6127134526661135,10.430904175715465,0,0.0,0,,1.7261076571212358e-06
STN_B_coastal_ok,2012-10-27 19:00:00,1015.3900239400216,9.606237901110994,152.9925788397965,40.7,-74.0,False,1.6802359639248152,-0.9957004933178908,3.0676428884677307,2.049367591592156,1014.6409103613183,1.3103608463469996,1014.8095882903548,1.2869921498388615,1014.4606841780055,0,-0.2390561264701443,1.8309250706624616,10.780596070173472,1.661877565336222,10.164568867262767,1.6297943536810837,10.37836600886631,0,0.0,0,,1.7261076571212358e-06
STN_B_coastal_ok,2012-10-27 20:00:00,1016.5541563533889,7.770779550617554,133.1943724249912,40.7,-74.0,False,1.6168419348755378,0.19797330260809343,1.1641324133672697,2.186075607576181,1014.7555204483215,1.4961807605350903,1015.0640967715093,1.4024938144298038,1014.6851916478963,0,-1.8354583504934396,1.1350231644575024,9.074103826436563,1.9347884414060301,9.813115847799194,1.7823965406909843,10.118476491969728,0,0.0,0,,1.7261076571212358e-06
STN_B_coastal_ok,2012-10-27 21:00:00,1013.8632694033595,9.541434138730182,150.34294535545644,40.7,-74.0,False,-1.1948064188890157,-0.5653743873274664,-2.6908869500293804,1.3495095571420588,1015.2691498989234,1.5752610171352723,1014.8699056024224,1.422187348799373,1014.6306207477779,0,1.7706545881126274,1.0414992842387794,8.972817196819577,1.7022007099972156,10.09400871906773,1.7862108017860714,10.10587683942022,0,0.0,0,,1.7261076571212358e-06
STN_B_coastal_ok,2012-10-27 22:00:00,1014.6092210695105,6.81443941485124,42.62366994432075,40.7,-74.0,False,-0.1957418042535437,-4.008343110695124,0.7459516661509724,1.3892497810296016,1015.0088822754196,1.5787938404661968,1014.824896318369,1.3041178327937668,1014.478308329561,0,-2.726994723878942,1.3836126836260698,8.042217701399657,2.0871710749813968,9.411406885786565,1.7833255245515438,9.598071737933166,0,0.0,0,,1.7261076571212358e-06
STN_B_coastal_ok,2012-10-27 23:00:00,1014.2336895776554,8.174283976731164,286.11020103032587,40.7,-74.0,False,-0.534758987785608,-0.6754100574339521,-0.3755314918550994,0.3729787516584113,1014.2353933501751,1.4312147092448957,1014.4954568992483,1.2913444394248978,1014.5113738182486,0,1.3598445618799246,1.3634989929095493,8.176719176770861,1.2249704477434897,8.625411501603713,1.826057754287068,9.522007226117994,0,0.0,0,,1.7261076571212358e-06
STN_B_coastal_ok,2012-10-28 00:00:00,1014.0892850287133,10.453628973495004,301.5780689473348,40.7,-74.0,False,-0.0942507715475358,0.9360905768567296,-0.14440454894202048,0.26839338716643596,1014.3107318919597,1.0162942216005713,1014.7899408954416,1.1964092823602805,1014.6119752841347,0,2.2793449967638395,1.8388534240339713,8.48078412169247,1.36347718490859,8.726800659256023,1.6446307258545645,9.37110382761454,0,0.0,0,,1.7261076571212358e-06
STN_B_coastal_ok,2012-10-28 01:00:00,1014.6538197781168,12.638107024219451,102.3829684464272,40.7,-74.0,False,0.3404450481305048,3.184234722694301,0.5645347494034922,0.29327505359791894,1014.3255981281618,0.9728685688362863,1014.6672402017907,1.1028221209199955,1014.7384142460728,0,2.1844780507244472,2.232079529932315,10.42200665814854,2.111313306473647,9.2321121797741,1.8758229957063843,9.698340523518434,0,0.0,0,,1.7261076571212358e-06
STN_B_coastal_ok,2012-10-28 02:00:00,1016.4033086955342,15.618535506191655,109.36678262757988,40.7,-74.0,False,1.376495682906807,4.404636967616296,1.7494889174173522,1.2065181643925216,1015.0488045007882,0.9145550842139262,1014.6420989254816,1.2026140428793728,1014.8530978484955,0,2.9804284819722042,2.5926549385311914,12.90342383463537,3.1835383978186242,10.540071505703116,2.5401683695555457,10.176593676751155,0,0.0,0,,1.7261076571212358e-06
STN_B_coastal_ok,2012-10-28 03:00:00,1016.8081145787323,8.826989690039229,314.76033228053274,40.7,-74.0,False,2.268768439146811,-0.0973228415832228,0.4048058831981507,1.1449574492234706,1015.9550810174611,1.1680540408236528,1015.1329064547105,1.3292682852833122,1015.0014060285663,0,-6.791545816152427,3.4042293264883052,12.361210740150112,3.241199918445656,10.420997430921291,2.4741405430660466,10.25750307499451,0,0.0,0,,1.7261076571212358e-06
STN_B_coastal_ok,2012-10-28 04:00:00,1014.6287077226824,12.870823912481203,8.629327990063963,40.7,-74.0,False,0.1884763374494014,4.387256420791418,-2.1794068560499227,1.1592303955723426,1015.9467103323162,1.1663325342160036,1015.136154230239,1.3333229956637755,1014.980525274304,0,4.0438342224419745,3.4163237745102006,12.438783036237362,2.807417844186297,11.43039484719295,2.5834847397438865,10.420900866489758,0,0.0,0,,1.7261076571212358e-06
STN_B_coastal_ok,2012-10-28 05:00:00,1016.8624695645979,10.487816325919699,187.36467975620198,40.7,-74.0,False,1.9251748089329794,0.9344370472728176,2.2337618419154524,1.274261921995127,1016.0997639553375,1.250250592191598,1015.5742842280629,1.399646567477193,1015.0348705636555,0,-2.3830075865615044,2.032636444401419,10.728543309480044,2.400087458358441,11.815983572057709,2.465103952046631,10.22069753683071,0,0.0,0,,1.7261076571212358e-06
STN_B_coastal_ok,2012-10-28 06:00:00,1014.9843946394686,9.697936364200736,166.92325728534038,40.7,-74.0,False,-0.455243042662687,-1.3480038794384281,-1.8780749251292264,1.2002340447851334,1015.4918573089162,1.0793371069161177,1015.7234691631887,1.1120635101289804,1015.2567050293151,0,-0.7898799617189631,1.6517592089228446,11.01885886753388,2.5034789556951687,11.690034803841996,2.4675098666799986,10.20841773154901,0,0.0,0,,1.7261076571212358e-06
STN_B_coastal_ok,2012-10-28 07:00:00,1016.6923385995281,10.865784673710657,248.44563704824552,40.7,-74.0,False,1.11193229226933,1.5492862129426879,1.7079439600594242,1.038683665380869,1016.1797342678648,0.9926538133016957,1016.0632223000906,1.1872608767001418,1015.3652312509407,0,1.167848309509921,0.5959082843137574,10.350512454610362,2.4736232803047224,11.394647745423862,2.4663546945550547,10.313379962598981,0,0.0,0,,1.7261076571212358e-06
STN_B_coastal_ok,2012-10-28 08:00:00,1014.8333409171436,10.124651597922025,58.821012053803614,40.7,-74.0,False,0.948086817380954,-0.4333455488424587,-1.8589976823844836,1.0324535648025295,1015.5033580520467,1.0874702405920695,1015.8015610036922,1.1333004722166482,1015.2218299645868,0,-0.7411330757886319,0.5909362346795333,10.229457545277805,1.3664013317598755,10.479000427378924,2.3359062029527933,10.509535966541021,0,0.0,0,,1.7261076571212358e-06
STN_B_coastal_ok,2012-10-28 09:00:00,1015.0435581813188,10.221911319371248,240.59906668625536,40.7,-74.0,False,0.738680877115371,1.5511220221940398,0.21021726417518494,1.0180488322224186,1015.5230792326635,0.9955332829081425,1015.5074682707899,1.0530506963750925,1015.3201873627501,0,0.09725972144922324,0.40276349260929395,10.404115863667977,1.126757939548976,10.711487365600929,2.318462559440365,10.566242398261108,1,0.0,0,,1.7261076571212358e-06
STN_B_coastal_ok,2012-10-28 10:00:00,1015.2613710625338,9.184858835137634,135.6242428349555,40.7,-74.0,False,0.13509509899097338,0.01055443921889676,0.2178128812150817,0.2140263047471466,1015.0460900536654,0.9140093914498512,1015.6129121607652,1.0295903030329652,1015.3745331955021,0,-1.0370524842336142,0.5727343400236297,9.843807250810302,0.5918425230496621,10.097159852710334,2.055854373850142,10.763777349951644,0,0.0,0,,1.7261076571212358e-06
STN_B_coastal_ok,2012-10-28 11:00:00,1018.0553050630381,7.205848602500142,222.73732014107114,40.7,-74.0,False,3.430080312793393,-3.207552045280556,2.793934000504237,1.6794904450428347,1016.1200781022968,1.2918059039580196,1015.8117180771718,1.2183658833183169,1015.6930011526173,0,-1.979010232637492,1.532350790345739,8.870872919003007,1.277750948846137,9.550165232140406,2.1818910631032935,10.683074402099058,0,0.0,0,,1.7261076571212358e-06
STN_B_coastal_ok,2012-10-28 12:00:00,1015.7050257396427,6.915540997812993,14.434203554199332,40.7,-74.0,False,1.2075255334272015,-2.8343618381411932,-2.350279323395398,1.501483131755191,1016.3405672884049,1.2315989705578727,1015.9318232605342,1.1094329986263252,1015.8276462118614,0,-0.29030760468714867,1.2349469255142866,7.768749478483589,1.6608647540285548,9.086432671075784,2.439553335815034,10.388233737458888,0,0.0,0,,1.7261076571212358e-06
STN_B_coastal_ok,2012-10-28 13:00:00,1014.1200218697433,11.310241056788943,166.22179098642337,40.7,-74.0,False,0.2387192331661936,0.5879291494862837,-1.585003869899424,1.9800043761316735,1015.9601175574747,1.3554053706424334,1015.50310380557,1.1698338943021558,1015.7831630528302,0,4.39470005897595,2.457766755021231,8.477210219034026,1.7628763577488495,9.160508734922164,2.3569405685918206,10.277578240173014,0,0.0,0,,1.7261076571212358e-06
STN_B_coastal_ok,2012-10-28 14:00:00,1015.7655551010354,9.451618720662358,188.01032183365396,40.7,-74.0,False,1.031382152817173,0.21821081593710545,1.64553323129212,0.933066689870329,1015.1968675701404,1.316136750911754,1015.6584728362186,1.1534714413995173,1015.7300169199553,0,-1.8586223361265848,2.206035501869248,9.225800258421431,1.7098738716502617,9.04833658871222,1.65403098079545,9.763668508045573,0,0.0,0,,1.7261076571212358e-06
STN_B_coastal_ok,2012-10-28 15:00:00,1014.3991265471154,8.814507276953444,77.15750502779518,40.7,-74.0,False,-0.2984975913576591,-0.24163361733320343,-1.3664285539199454,0.8806064226037694,1014.761567839298,1.3999783872171614,1015.5510675638515,1.1584014340037083,1015.5292679173207,0,-0.637111443708914,1.2967314730934,9.858789018134914,1.610317407237166,8.813769248309253,1.654677397562042,9.762628306955088,0,0.0,0,,1.7261076571212358e-06
STN_B_coastal_ok,2012-10-28 16:00:00,1014.2300831311244,10.02587615506023,50.264515504483455,40.7,-74.0,False,0.10703441426301197,0.4239685595327032,-0.169043415991041,0.8419597021077985,1014.7982549264251,1.5022326117545537,1015.3791862419498,1.191807769458372,1015.4960492013574,0,1.2113688781067857,0.6059561523619984,9.430667384225345,1.6839965207878427,8.953938801629684,1.343383529663357,9.525549327170008,0,0.0,0,,1.7261076571212358e-06
STN_B_coastal_ok,2012-10-28 17:00:00,1015.5810533193172,11.601567885012132,67.8507490844285,40.7,-74.0,False,1.4276984663172243,1.229587885406211,1.3509701881928322,0.7360533292187078,1014.736754332519,0.7927587513928728,1014.9668109513296,1.1130526741983928,1015.3892645142508,0,1.5756917299519024,1.3974933404538625,10.147317105675269,1.7270176891913744,9.68655868204835,1.4501409790342634,9.618361957094379,0,0.0,0,,1.7261076571212358e-06
STN_B_coastal_ok,2012-10-28 18:00:00,1014.6490992919703,10.37611008536913,123.89078810280529,40.7,-74.0,False,0.4450899338448835,-0.44641095472928427,-0.9319540273469329,0.6915240778556038,1014.820078580804,0.7088697629149462,1014.7908232100509,1.1282450237938708,1015.3613232352926,0,-1.225457799643003,0.8273668122911308,10.667851375147166,1.0690153934424493,10.263320196641038,1.4666449330622713,9.674876433858412,0,0.0,0,,1.7261076571212358e-06
STN_B_coastal_ok,2012-10-28 19:00:00,1014.8342160529821,8.708017884392216,34.85165374978972,40.7,-74.0,False,0.4799754406263901,-0.8864518464269047,0.18511676101184094,0.4933849792812189,1015.0214562214233,0.6291864560906925,1014.9098555739241,1.0540323856297857,1015.2064796897471,0,-1.668092200976913,1.4524066244084788,10.228565284924493,1.0870416102736746,9.829616334574919,1.4393836280480479,9.495062534748541,0,0.0,0,,1.7261076571212358e-06
STN_B_coastal_ok,2012-10-28 20:00:00,1014.4983576561052,12.478806483091883,341.0351264626576,40.7,-74.0,False,-0.18088131104309468,3.829703683820629,-0.3358583968769153,0.1682221342672352,1014.6605576670194,0.4793444017759903,1014.6986559997691,1.0691406953787834,1015.1785644179939,0,3.770788598699667,1.8895638997768796,10.520978150951077,1.5004207810504646,10.334147628313172,1.674259292791368,9.691242108512697,0,0.0,0,,1.7261076571212358e-06
STN_B_coastal_ok,2012-10-28 21:00:00,1014.7397516838428,13.192377254412463,145.79786213849422,40.7,-74.0,False,0.6252986487052112,2.9139246076221585,0.24139402773755592,0.17320289471112085,1014.6907751309767,0.4563964634359736,1014.7554268558903,1.0762020125951284,1015.153247209871,0,0.7135707713205797,2.409616458458872,11.45973387396552,1.6686636255288327,11.063792624556342,1.955775080418488,9.938780936432797,0,0.0,0,,1.7261076571212358e-06
STN_B_coastal_ok,2012-10-28 22:00:00,1014.7358670449707,11.033021455778535,291.22905690242965,40.7,-74.0,False,-0.22369036906013662,1.820883307083685,-0.0038846388720230607,0.13826115195938818,1014.6579921283061,0.38032853911308284,1014.8397241748647,1.0820780115081359,1015.1094552084073,1,-2.1593557986339285,1.1001738541385868,12.234735064427626,1.5922820604527728,11.23165017467606,1.96376122199307,10.092794488152872,0,0.0,0,,1.7261076571212358e-06
STN_B_coastal_ok,2012-10-28 23:00:00,1012.2693892775197,12.003768875380254,350.7901643191848,40.7,-74.0,False,-1.7365098366965412,3.2101054285638444,-2.4664777674510105,1.4251443252250182,1013.9150026687777,0.9952334853143224,1014.2877801678986,0.9282451212101742,1014.6272955596141,0,0.9707474196017198,1.081508044080377,12.076389195190417,1.6192083273200701,11.298683673070746,1.804513772089056,10.492621177559547,0,0.0,0,,1.7261076571212358e-06
STN_B_coastal_ok,2012-10-29 00:00:00,1014.754805433265,12.556151593317313,29.064700800986078,40.7,-74.0,False,1.2662620833862093,3.6483440254287984,2.48541615574527,1.4295200072707501,1013.9200205852518,1.0038074758113784,1014.3053978581142,0.8664211795063584,1014.5481105340826,0,0.5523827179370588,0.7710817764260647,11.864313974825366,1.6153739352014864,11.662023924395443,1.4963668322679715,10.962672060518242,0,0.0,0,,1.7261076571212358e-06
STN_B_coastal_ok,2012-10-29 01:00:00,1012.973124186013,12.352227273568495,234.60100845659784,40.7,-74.0,False,-1.0979564032645612,0.9209712829999308,-1.7816812472519814,1.2810753526812972,1013.332439632266,1.091437083885816,1013.9952158802861,0.9744578833472743,1014.4525357271051,0,-0.2039243197488183,0.2793250945072489,12.304049247422022,0.7188903559582638,12.269392155924825,1.5477206762060194,11.04950424524987,0,0.0,0,,1.7261076571212358e-06
STN_B_coastal_ok,2012-10-29 02:00:00,1012.3633181987959,11.344929993513203,313.707271226837,40.7,-74.0,False,-1.8265971359431887,1.346523392210953,-0.6098059872171007,1.2426760506723615,1013.3637492726913,1.2334002342551784,1013.6393759707345,1.0497384309102025,1014.1690159852519,0,-1.0072972800552922,0.6484970704668175,12.084436286799672,0.7975604470074662,12.080412740995044,1.4642761620275588,11.207280184654108,0,0.0,0,,1.7261076571212358e-06
STN_B_coastal_ok,2012-10-29 03:00:00,1013.5796905667573,11.344103081779123,228.32439622802218,40.7,-74.0,False,0.5048724056661058,2.0906068525781585,1.2163723679614122,0.6081869029938992,1012.9720443171888,1.1112898836507703,1013.4460324512203,1.060010969397457,1014.1007296535553,0,-0.0008269117340802268,0.5818022115606526,11.680420116286939,0.6191683560128439,11.772367045556154,1.2557240530517229,11.418079835056249,1,0.0,0,,1.7261076571212358e-06
STN_B_coastal_ok,2012-10-29 04:00:00,1013.5349501892479,11.224644071187212,154.44940368866858,40.7,-74.0,False,-0.2856320744443792,1.5630261767022873,-0.04474037750946991,0.6897203491239942,1013.1593196516004,0.9250613201327414,1013.2458796419331,1.0712338851588938,1014.0428019083989,0,-0.11945901059191044,0.06920963577522765,11.304559048826512,0.5769048361460497,11.804304148124267,1.1803198514871174,11.517977161400163,0,0.0,0,,1.7261076571212358e-06
STN_B_coastal_ok,2012-10-29 05:00:00,1012.5490164904915,8.037279859274282,155.18748874965777,40.7,-74.0,False,-1.6289058036780943,-2.9396007006515124,-0.985933698756412,0.5825741742779443,1013.2212190821656,0.8715211017183198,1013.2924841774284,1.0322982273074048,1013.7901321726634,0,-3.1873642119129304,1.8756617009957057,10.202009004080205,1.6243527477775146,11.14322264543994,1.5484388523962165,11.220953159255343,0,0.0,0,,1.7261076571212358e-06
STN_B_coastal_ok,2012-10-29 06:00:00,1013.842036921174,11.690480301405543,12.923598962649208,40.7,-74.0,False,0.43394902153022485,0.8719451505718823,1.2930204306825317,0.6755577144645046,1013.3086678669711,0.603740373087053,1013.1403560920799,0.9969328591778632,1013.7228769750972,0,3.6532004421312614,1.9883899467976511,10.317468077289012,1.5080340963465138,10.998944096787978,1.5296174062549641,11.33048401059171,0,0.0,0,,1.7261076571212358e-06
STN_B_coastal_ok,2012-10-29 07:00:00,1011.4124343202637,7.646933431447248,192.45627046413912,40.7,-74.0,False,-0.8327203171559177,-2.606500023502557,-2.4296026009102434,1.2156404116210677,1012.6011625773098,0.9353395661550232,1012.8802411144551,1.1305662799049268,1013.4377284973706,0,-4.043546869958295,2.2304153235685087,9.124897864042358,1.8485383035938685,10.214728456434434,1.714494751250697,11.24206030617963,0,0.0,0,,1.7261076571212358e-06
STN_B_coastal_ok,2012-10-29 08:00:00,1012.064548128216,8.853642162010345,357.67547884326507,40.7,-74.0,False,0.20474548536515158,-3.023451110870594,0.6521138079522188,1.2574900679507928,1012.4396731232179,0.9754556891998766,1012.8304461026918,1.141253389581481,1013.2349110367131,0,1.206708730563097,2.0758158187041515,9.397018631621046,1.8235268305762184,9.799513817850626,1.7942905292042959,10.939963279422834,0,0.0,0,,1.7261076571212358e-06
STN_B_coastal_ok,2012-10-29 09:00:00,1011.5749117154816,13.151635404555268,345.1347093498963,40.7,-74.0,False,-0.30317685379748127,3.1243121738717115,-0.4896364127343986,0.33945916277774457,1011.6839647213204,1.0102189826705894,1012.4963162941458,1.1274839377745967,1012.971174372683,0,4.297993242544923,2.8934015646558846,9.884070332670953,2.233055520909322,10.100769204979983,1.789673664631043,10.936568125268067,0,0.0,0,,1.7261076571212358e-06
STN_B_coastal_ok,2012-10-29 10:00:00,1011.7710323809315,12.346980117682932,14.543722383178746,40.7,-74.0,False,0.7481585025421964,0.5508934900801137,0.19612066544993922,0.24642734764502255,1011.8034974082096,0.8979332579912969,1012.2023299927597,1.0258965267682922,1012.7241048173464,0,-0.804655286872336,2.2848641869265265,11.45075256141618,2.387681463116924,10.287825212729269,1.8357147451431206,11.046064680426769,0,0.0,0,,1.7261076571212358e-06
STN_B_coastal_ok,2012-10-29 11:00:00,1011.7219995862719,13.787102987570867,254.08692130661575,40.7,-74.0,False,1.3574396756179112,2.421054544388113,-0.04903279465963806,0.1020640094178991,1011.689314560895,0.8975470599446603,1012.0644938420564,1.0595702202966657,1012.6784890097424,0,1.4401228698879347,0.7217159021075941,13.095239503269688,2.456624787643439,11.246129067445366,1.9863032172046409,11.194675856442652,0,0.0,0,,1.7261076571212358e-06
STN_B_coastal_ok,2012-10-29 12:00:00,1010.0266169499466,10.442212163758548,108.63535201089509,40.7,-74.0,False,-1.7081464525530237,-2.8692608088110987,-1.6953826363252347,0.9932867741639209,1011.1732163057168,0.7204162954674445,1011.4285905135184,1.0957743037463465,1012.2844733027991,0,-3.344890823812319,1.6778155173665419,12.192098423004117,2.464311893733756,11.038084377837535,1.9479498689533332,11.018514237312756,0,0.0,0,,1.7261076571212358e-06
STN_B_coastal_ok,2012-10-29 13:00:00,1011.3142616652768,8.885968002108683,325.07609522620925,40.7,-74.0,False,0.830360825595676,-2.01088201401428,1.2876447153302024,0.88492950836958,1011.0209594004986,0.7219697978637337,1011.4122284043541,1.1055926595078533,1012.1462347594046,0,-1.5562441616498646,2.5043733301172337,11.0384277178127,2.1559219802016214,11.24459013961444,1.9887710339964841,10.729659298024437,0,0.0,0,,1.7261076571212358e-06
STN_B_coastal_ok,2012-10-29 14:00:00,1010.1708642344586,10.950720318622128,16.241308455340274,40.7,-74.0,False,0.23059392408163149,-0.013646178033143386,-1.1433974308182542,0.7054778376889548,1010.5039142832273,0.7904420042461449,1011.0966144220612,1.2395042523925623,1011.9635302623764,0,2.064752316513445,1.0757693807054298,10.092966828163119,1.837213598424177,11.594103165716405,1.9809243095711706,10.696808491783514,0,0.0,0,,1.7261076571212358e-06
STN_B_coastal_ok,2012-10-29 15:00:00,1007.6946424172237,11.917992641554171,336.91467672398903,40.7,-74.0,False,-1.4232253832767583,-1.7011250977943337,-2.4762218172348867,1.8502556433208797,1009.7265894389863,1.546558958463384,1010.4499028723516,1.6411015896629852,1011.4731095832486,0,0.9672723229320432,1.5487624785326128,10.584893654094992,1.6912788654895934,11.388496038549555,2.0047563215164566,10.74463262176477,0,0.0,0,,1.7261076571212358e-06
STN_B_coastal_ok,2012-10-29 16:00:00,1007.0661375495862,12.20082471675598,301.4912677635997,40.7,-74.0,False,-1.2816931338031736,0.07158239115179832,-0.6285048676375027,1.6414435031690358,1008.3105480670896,1.8960152115485047,1009.6657537337938,1.9378630790334352,1010.9340418632769,0,0.2828320752018083,0.6555367693357921,11.689845892310759,1.6756937024532013,11.364136805061731,2.0453983986263395,10.825981008895502,0,0.0,0,,1.7261076571212358e-06
STN_B_coastal_ok,2012-10-29 17:00:00,1008.4087024439845,14.691449689963198,42.30157761093655,40.7,-74.0,False,0.06742923332944883,4.67775984060907,1.342564894398265,0.6717366282203128,1007.7231608035981,1.6429694474321186,1009.1135375434127,1.9920096266577556,1010.5890156927345,0,2.4906249732072183,1.526175543599995,12.936755682757784,1.9546705950091445,11.51486125546045,2.1212209901142494,11.380495161452908,0,0.0,0,,1.7261076571212358e-06
STN_B_coastal_ok,2012-10-29 18:00:00,1007.5534386174578,12.141181615782958,21.53676143422771,40.7,-74.0,False,-0.6180947248184339,-2.4377569516996704,-0.8552638265266523,0.6796345880212961,1007.6760928703428,1.6779453212021755,1008.7013411546646,1.8826038036047017,1010.0649658340916,0,-2.5502680741802397,1.45548601887482,13.011152007500712,1.8902012553327332,11.798022830797853,2.131175280389132,11.418053604317693,0,0.0,0,,1.7261076571212358e-06
STN_B_coastal_ok,2012-10-29 19:00:00,1006.9806319230808,14.072154713653871,300.49475915769693,40.7,-74.0,False,-1.050306149162111,1.012090064142999,-0.57280669437705,0.7186757654170962,1007.6475909948409,1.1900362497998074,1007.9790695309653,2.023652702736706,1009.6956489676596,0,1.930973097870913,1.3301660687401933,13.634928673133343,1.4193773979556012,12.662387282722051,1.8912142595248387,11.953488711168246,0,0.0,0,,1.7261076571212358e-06
STN_B_coastal_ok,2012-10-29 20:00:00,1006.3214108702742,11.966457418122616,56.072761550848575,40.7,-74.0,False,0.06247716837162898,-2.521398121939475,-0.6592210528065152,0.6165187582229257,1006.9518271369376,0.7148544455734234,1007.3374939702677,2.0904987859700834,1009.2170541961646,0,-2.1056972955312556,1.1685565704718228,12.726597915853148,1.2211242301286218,12.831676799305464,1.6216505747897267,12.212889982510935,0,0.0,0,,1.7261076571212358e-06
STN_B_coastal_ok,2012-10-29 21:00:00,1005.7957167772756,15.497872486917236,192.5633350713134,40.7,-74.0,False,0.5956865954702835,-0.413603893297088,-0.5256940929986058,0.5937101675994009,1006.365919856877,0.9169100130806142,1007.0210063636097,2.162381614701252,1008.7354546179807,0,3.5314150687946206,1.7765849570414918,13.845494872897909,1.522733026305691,13.428323440199312,1.8678716092930503,12.408409739374433,0,0.0,0,,1.7261076571212358e-06
STN_B_coastal_ok,2012-10-29 22:00:00,1005.6940435532454,15.341514147934454,329.66814883633543,40.7,-74.0,False,1.7369690843222543,1.287476098673002,-0.10167322403026446,0.33671983270130357,1005.9370570669317,1.062886605502155,1006.7923240308864,2.0974617314897466,1008.2290388823402,0,-0.15635833898278229,1.995258890792857,14.268614684324769,1.555836531554654,13.951771678729054,2.050065325013836,12.657954241895391,0,0.0,0,,1.7261076571212358e-06
STN_B_coastal_ok,2012-10-29 23:00:00,1002.7674030809546,14.664762217580625,204.2813208777564,40.7,-74.0,False,-1.502315543422469,-1.356459616065015,-2.926640472290728,1.719798716027385,1004.7523878038252,1.669245702451011,1005.8521074703813,2.3226048751293895,1007.4828225068972,0,-0.676751930353829,0.4428155797999718,15.168049617477438,1.5533351093217636,13.947323766665294,2.108824685361202,12.731092511062874,0,0.0,0,,1.7261076571212358e-06
STN_B_coastal_ok,2012-10-30 00:00:00,1001.7953102328081,16.61907630655713,143.00398853021667,40.7,-74.0,False,-0.4398634760640334,1.0952941590278034,-0.9720928481465307,2.0293804663573045,1003.4189189556695,2.0961381227470515,1004.892419406273,2.689544272129402,1006.7968802804689,0,1.9543140889765045,0.9924298298246427,15.54178422402407,1.5873524181818488,14.693639548460988,2.248565824792593,13.24583118962942,0,0.0,0,,1.7261076571212358e-06
STN_B_coastal_ok,2012-10-30 01:00:00,1000.9205774477786,17.75176550116632,160.2057797474372,40.7,-74.0,False,-1.3301485986125954,-8.1380962469348,-0.8747327850295505,0.9238404326526894,1001.8277635871804,2.3350872418589157,1003.8824103270562,2.7747554095939155,1005.9307399290107,0,1.132689194609192,1.5616186924057145,16.345201341768025,1.9650821958546005,15.306908013046398,2.139697745239351,13.984647647884223,0,0.0,0,,1.7261076571212358e-06
STN_B_coastal_ok,2012-10-30 02:00:00,1001.3088926591785,18.717390071419906,22.722181453393567,40.7,-74.0,False,-0.5933050939702298,-1.7636627222492969,0.3883152113999131,0.4382822919441762,1001.3415934465884,2.179443745687743,1003.0469906252068,2.7224690741549855,1005.1922422977374,0,0.9656245702535848,1.0502647505966147,17.696077293047786,1.5610681766528864,16.43206345526261,2.3066848191725393,14.631870127284039,0,0.0,0,,1.7261076571212358e-06
STN_B_coastal_ok,2012-10-30 03:00:00,1001.2325034245905,24.050529785244425,348.75083569017556,40.7,-74.0,False,-0.21834998028145947,5.218025318168891,-0.07638923458796398,0.2057189967006423,1001.1539911771824,1.789762974708871,1002.2864550664259,2.819861462520114,1004.6537307150179,0,5.333139713824519,3.3923748201967023,20.173228452610218,3.381173205838918,17.857506338317148,3.4059870284993625,15.642914889258227,0,0.0,0,,1.7261076571212358e-06
STN_B_coastal_ok,2012-10-30 04:00:00,998.4878052379743,21.677029940401123,111.8355066291898,40.7,-74.0,False,-1.7476607947131697,1.3364728471693539,-2.744698186616233,1.6071578271852918,1000.3430671072477,1.4268398865415546,1001.085415347214,3.2126797107354874,1003.9388696890502,0,-2.373499844843302,2.671932785915673,21.48164993235515,3.4272558028679163,18.91342563706159,3.626763875096704,16.432598657895323,0,0.0,0,,1.7261076571212358e-06
STN_B_coastal_ok,2012-10-30 05:00:00,995.3160058274108,22.870299732378783,68.17085700222738,40.7,-74.0,False,-4.253594261955868,6.655113510430336,-3.1717994105634943,2.960816988995454,998.3454381633252,2.5052934734881016,999.8435158049568,3.7370856951637954,1002.8478116376691,0,1.1932697919776594,1.1867558923106794,22.865953152674777,3.0038081095332525,20.28101522286128,4.017297915838666,17.114169494763285,0,0.0,0,,1.7261076571212358e-06
STN_B_coastal_ok,2012-10-30 06:00:00,994.9826726665251,20.76623061141749,102.9770286625423,40.7,-74.0,False,-4.292227169150465,-8.755795351045371,-0.33333316088567244,1.9346565948714574,996.2621612439701,2.9484040779522305,998.7080762105762,4.0471393990568725,1001.8002478084246,0,-2.1040691209612916,1.0551899576147583,21.771186761399132,2.411367730963093,20.972207607004673,3.813053664888146,17.83292357773283,0,0.0,0,,1.7261076571212358e-06
STN_B_coastal_ok,2012-10-30 07:00:00,994.6968730388052,24.893823323232695,347.1743501609324,40.7,-74.0,False,-3.2004460334840132,-0.20427823066570738,-0.28579962771993905,0.3098703581947687,994.9985171775803,3.1049725527497083,997.670792142414,4.169369216710195,1000.776601234735,0,4.127592711815204,2.0639273316969855,22.843451222342992,2.2618486163344524,22.16255057734907,4.110817668131374,18.734729295197734,0,0.0,0,,1.7261076571212358e-06
STN_B_coastal_ok,2012-10-30 08:00:00,993.794044154685,27.99270082528443,33.94297925568252,40.7,-74.0,False,-3.009327732538509,-6.772443303256004,-0.9028288841201402,0.6204325319773553,994.4911966200051,2.8490529777220384,996.4183173916653,4.2228094489545605,999.7326540084359,0,3.098877502051735,3.6254180246158816,24.55091825331154,2.583128021907969,23.708435702993157,4.310496706363276,20.070249579127886,0,0.0,0,,1.7261076571212358e-06
STN_B_coastal_ok,2012-10-30 09:00:00,992.748634307157,29.094786533442235,312.2290945804253,40.7,-74.0,False,-3.515976669751467,-1.0072103806634871,-1.0454098475280489,0.974988538296147,993.7465171668824,1.9431775659201924,995.0043392054263,4.199389425652562,998.645397135926,0,1.102085708157805,2.1781386003643095,27.327103560653118,3.4063982279951452,24.54914516102612,4.762672054430815,21.203325749671635,0,0.0,0,,1.7261076571212358e-06
STN_B_coastal_ok,2012-10-30 10:00:00,991.9894181761089,35.28208111783957,254.8238019845212,40.7,-74.0,False,-3.541216976847295,-4.9971981392160885,-0.759216131048106,0.9060873583298775,992.8440322126503,1.32640386576664,993.9212746951154,3.965198954475188,997.5033450211648,0,6.187294584397332,3.9292126486894974,30.78985615885541,5.179093419911153,26.8166536905992,5.8793049678200555,22.865039663830398,0,0.0,0,,1.7261076571212358e-06
STN_B_coastal_ok,2012-10-30 11:00:00,990.4270272806723,34.33686187963881,298.8069044972501,40.7,-74.0,False,-5.1547204135515585,3.67406453374614,-1.5623908954365788,1.1837323479328152,991.7216932546461,1.7365218646747063,993.1064449373256,4.07458184693213,996.4749803711411,0,-0.9452192382007567,3.3330518452208113,32.90457651030687,5.535001180203579,28.727747381809206,6.122517000338573,24.504381302335243,0,0.0,0,,1.7261076571212358e-06
STN_B_coastal_ok,2012-10-30 12:00:00,990.5760750356736,39.47678233509309,351.3231145324427,40.7,-74.0,False,-4.437109502496014,-10.087855206203031,0.14904775500133383,0.8622470040610385,990.9975068308182,1.7160263303997016,992.3720119988503,4.029733737575752,995.5400441047132,0,5.139920455454281,2.735803964672004,36.36524177752383,5.421987381614015,31.846172669088475,6.946500466329141,26.409190138046572,0,0.0,0,,1.7261076571212358e-06
STN_B_coastal_ok,2012-10-30 13:00:00,987.6449102599796,39.32854462569904,303.1756759860739,40.7,-74.0,False,-7.0298746444435665,-4.722123479698865,-2.9311647756940147,1.6509652374903332,989.5493375254418,2.1622155607305658,991.1966848690462,4.23537428187926,994.43373850573,0,-0.14823770939405279,2.925680927698689,37.714062946810316,4.897215562381939,34.251959552832865,7.2860690565675315,28.207255065090965,0,0.0,0,,1.7261076571212358e-06
STN_B_coastal_ok,2012-10-30 14:00:00,986.2654910206832,41.64177351845054,339.617646460027,40.7,-74.0,False,-7.996644444396338,-7.7721874915043045,-1.3794192392964533,2.2013503026680787,988.1621587721121,2.5099704959025333,989.9419260133791,4.241742884234846,993.1801217025221,0,2.3132288927515035,1.2948738132061686,40.14903349308089,4.567167635482708,36.52680500169388,7.571415307676275,30.117620352343522,0,0.0,0,,1.7261076571212358e-06
STN_B_coastal_ok,2012-10-30 15:00:00,986.4329140555728,43.79165607560685,45.69669244473112,40.7,-74.0,False,-7.199294766592175,3.211599697874874,0.1674230348896799,0.7527463837937687,986.7811051120785,2.42021731293361,988.8893059714484,3.817993866739371,991.9468225884374,0,2.1498825571563103,2.2320538648713932,41.58732473991881,3.6287353520697225,38.97628325872132,8.247772629268168,31.76271420987372,0,0.0,0,,1.7261076571212358e-06
STN_B_coastal_ok,2012-10-30 16:00:00,983.2707738505136,46.39943208600092,286.4838834601092,40.7,-74.0,False,-5.646583308825143,9.275656677777931,-3.162140205059245,1.779301926712216,985.3230596422567,2.7776011319923217,987.4361985838491,3.971955241269107,990.6787366394823,0,2.607776010394069,2.3824988903578372,43.94428722668611,4.164021171243889,40.82917508674821,8.580435846454215,33.8229143886737,0,0.0,0,,1.7261076571212358e-06
STN_B_coastal_ok,2012-10-30 17:00:00,984.0815101756453,52.25190053396086,196.4432498691772,40.7,-74.0,False,-5.444475873159718,0.05086278742288641,0.8107363251317565,1.6424333711456671,984.5950660272439,2.61431777115619,986.378612399678,4.101463374542081,989.7425286685019,0,5.852468447959936,4.332582350628474,47.48099623185621,4.930161304427797,43.81501486246855,9.330256563078448,36.27138112213888,0,0.0,0,,1.7261076571212358e-06
STN_B_coastal_ok,2012-10-30 18:00:00,982.7196872370108,46.57523199394083,195.65841422874985,40.7,-74.0,False,-3.9146512838090075,-6.940550808656198,-1.361822938634532,0.685024520327824,983.35732375439,1.982684523627645,985.0692144332343,4.203585896566671,988.7206132160422,0,-5.6766685400200245,3.3293357259182237,48.40885487130087,4.515152083001141,44.998089805609844,8.354865216217863,38.422131237349156,0,0.0,0,,1.7261076571212358e-06
STN_B_coastal_ok,2012-10-30 19:00:00,981.4417490536309,49.565850735544096,323.6117674753849,40.7,-74.0,False,-5.78534846865773,-8.118268328387835,-1.277938183379888,1.320102678965558,982.7476488220958,1.988279869508835,984.035354232176,4.231871865274274,987.6160195506112,0,2.9906187416032637,2.8396956905760726,49.46432775448193,3.8258754892970455,46.70430749058402,7.735885241161686,40.478133521708436,0,0.0,0,,1.7261076571212358e-06
STN_B_coastal_ok,2012-10-30 20:00:00,982.2029655630475,54.7673482481772,349.8493747128161,40.7,-74.0,False,-3.968862073574087,1.1969855718701865,0.761216509416613,0.6428553314620824,982.1214672845631,1.7549778814051855,983.3582666559035,4.010590614848814,986.6500963346413,0,5.201497512633104,4.14548239160178,50.30281032588738,4.095278753394349,48.8919032788718,7.668344657248302,42.70935414028284,0,0.0,0,,1.7261076571212358e-06
STN_B_coastal_ok,2012-10-30 21:00:00,979.0779164513215,58.07329993888362,253.74179629554513,40.7,-74.0,False,-7.288641541242441,-2.4468014537905702,-3.125049111726071,1.6295749495239267,980.9075436893332,1.746521100335169,982.1324337218616,4.062074109379901,985.5108698466548,0,3.305951690706422,4.2887757558270305,54.13549964086831,4.650759899081041,51.272177256084596,7.553165904888658,45.12423025740296,0,0.0,0,,1.7261076571212358e-06
STN_B_coastal_ok,2012-10-30 22:00:00,980.9120150555963,61.496421534204345,173.8578202098422,40.7,-74.0,False,-4.7880694127179595,1.396468502504078,1.8340986042748,1.5703716573706334,980.7309656899885,1.703994878705918,981.7393072560421,3.6983662901671672,984.5877529199456,0,3.4231215953207226,3.364706657009992,58.11235657375505,5.494594592762312,53.78834216411849,8.210128136994218,47.30875862543335,0,0.0,0,,1.7261076571212358e-06
STN_B_coastal_ok,2012-10-30 23:00:00,977.8499146953064,62.991882787059595,164.30538884466432,40.7,-74.0,False,-7.850237997953059,-7.129113134067069,-3.0621003602898327,1.541015066956243,979.2799487340748,1.880814841307685,980.700708009319,3.6751797009644136,983.5396602044984,0,1.4954612528552502,2.521461978347698,60.853868086715856,6.54328387498454,55.578339206301614,8.261260473032648,49.69667703438508,0,0.0,0,,1.7261076571212358e-06
STN_B_coastal_ok,2012-10-31 00:00:00,976.0994610204561,63.04131175905099,139.08292460034545,40.7,-74.0,False,-9.372864316914388,-5.8520924091315365,-1.7504536748502915,2.4358852951059786,978.2871302571197,2.344267613023272,979.5973369732264,3.528552003059411,982.3332757032302,0,0.04942897199139651,0.8780217716450224,62.50987202677164,5.35768996335477,58.322685833819975,8.410446849685874,51.660387819714906,1,0.0,0,,1.7261076571212358e-06
STN_B_coastal_ok,2012-10-31 01:00:00,976.8300203076708,67.42506816968167,130.17565064615854,40.7,-74.0,False,-7.862176409841027,15.193714196578156,0.7305592872146462,0.8792031905765683,976.9264653411445,2.374424778400522,978.8287155155664,3.428264993410742,981.4320348738714,0,4.383756410630674,2.5453518462653295,64.48608757193075,4.394014202837117,61.299222072842895,8.574581968935872,54.00176478171346,0,0.0,0,,1.7261076571212358e-06
STN_B_coastal_ok,2012-10-31 02:00:00,975.1544254206275,68.81795894071138,140.94246300639531,40.7,-74.0,False,-2.208297488733024,1.7459251194330818,-1.675594887043303,0.8400820775994571,976.0279689162516,2.0987610521619744,977.653958825163,3.5037786106345963,980.5061127405334,0,1.3928907710297125,3.014606597583303,66.42811295648134,3.9369926516323765,63.64099052159859,8.602128803731004,56.266446900235195,0,0.0,0,,1.7261076571212358e-06
STN_B_coastal_ok,2012-10-31 03:00:00,975.0402972199163,68.27226272992395,32.311164690430296,40.7,-74.0,False,1.592542045975165,0.7861801745979733,-0.11412820071120677,1.0019773951694302,975.6749143160715,2.1959280464699935,976.9810222865955,3.2887314357704485,979.5567280042286,0,-0.5456962107874261,0.7018627213112064,68.17176328010567,3.181590352919508,65.34081765343865,8.271200594140735,58.30649745476162,0,0.0,0,,1.7261076571212358e-06
STN_B_coastal_ok,2012-10-31 04:00:00,975.8445115155661,70.73723554337899,27.876990693757758,40.7,-74.0,False,-1.1934189979006078,0.5682672421736186,0.8042142956497855,0.4351254029991141,975.3464113853698,1.0648493309124794,976.1364383632572,3.2243946959923093,978.9378728096495,0,2.4649728134550344,1.2947006090916708,69.2758190713381,3.1850407574014867,66.88095332163442,8.067469314764601,60.334647742876456,0,0.0,0,,1.7261076571212358e-06
STN_B_coastal_ok,2012-10-31 05:00:00,975.7550829209429,70.01432055616137,280.7531437940322,40.7,-74.0,False,0.18051993675771882,1.286846865788391,-0.0894285946232003,0.44077142702958516,975.5466305521418,0.6553723562674617,975.7872997341966,2.896073040234621,978.2440038717577,0,-0.7229149872176208,1.2671136833882126,69.6746062764881,2.727505760393568,68.05135961648473,8.079142462182315,61.81484941139317,0,0.0,0,,1.7261076571212358e-06
STN_B_coastal_ok,2012-10-31 06:00:00,974.4278010627625,68.74384865157063,160.5862414512814,40.7,-74.0,False,-1.7000110559994255,-1.5941057948455466,-1.327281858180413,0.7933833785054314,975.3424651664237,0.8285668864687018,975.5086897412476,2.7146350365381484,977.5530133572371,0,-1.2704719045907353,1.0091494966503707,69.83180158370367,1.1962924998856679,69.00178243190466,6.693342010041577,63.66223413286232,0,0.0,0,,1.7261076571212358e-06
STN_B_coastal_ok,2012-10-31 07:00:00,975.9874051450464,71.39563367800001,335.04641587606335,40.7,-74.0,False,2.2498218710070432,-0.6082544923085038,1.559604082283954,0.8414289077121537,975.3900963762507,0.5995891949411201,975.3682538808102,2.4478447910637895,977.0984846981883,0,2.65178502642938,1.32627854209436,70.05126762857735,1.246796661382571,69.66354334995772,5.344452730961047,65.48138271140031,0,0.0,0,,1.7261076571212358e-06
STN_B_coastal_ok,2012-10-31 08:00:00,976.2074765210378,70.08804095029375,220.39956309382288,40.7,-74.0,False,2.481231428259548,3.171917693008538,0.2200713759914379,0.9702268670138733,975.5408942429489,0.673986439961339,975.5437623975454,1.85016130173511,976.5988606113542,0,-1.3075927277062647,1.3259346077326273,70.07584109328813,1.1805798074274076,69.87522368488813,4.275356322272555,66.75810710324335,0,0.0,0,,1.7261076571212358e-06
STN_B_coastal_ok,2012-10-31 09:00:00,976.635802588856,69.47170972280608,12.66335358639111,40.7,-74.0,False,2.8706609869002477,8.261450641982236,0.42832606781814775,0.3297256122142537,976.2768947516469,0.7464704017655773,975.8096799590353,1.6790884641739656,976.3953511228156,0,-0.6163312274876631,0.9824413730517102,70.31846145036661,0.9297746237513472,70.07513151703513,3.3327053357043335,67.7079745852369,0,0.0,0,,1.7261076571212358e-06
STN_B_coastal_ok,2012-10-31 10:00:00,975.9768916226764,71.75782754278445,56.70840287429261,40.7,-74.0,False,2.2575975532822667,-24.829253580179653,-0.6589109661796329,0.33436414210033844,976.2733902441901,0.7496553952176404,975.8317433102203,0.8922878547191649,975.9840908367387,0,2.2861178199783723,1.1828205085914665,70.4391927386281,1.143843266363285,70.24523018360271,2.8796998996661247,68.56309175261858,0,0.0,0,,1.7261076571212358e-06
STN_B_coastal_ok,2012-10-31 11:00:00,977.1554817798154,63.002402810300644,74.09512548468273,40.7,-74.0,False,3.3586054062800486,-11.007541875981495,1.1785901571390696,0.5906641574576856,976.589391997116,0.919724953578565,976.0651431200323,0.7751026571277547,975.9262214271147,0,-8.75542473248381,4.541213656817754,68.07731335863039,3.185988630895577,69.07657722595926,2.8778506750418327,68.56396842122199,0,0.0,0,,1.7261076571212358e-06
STN_B_coastal_ok,2012-10-31 12:00:00,974.3498721929723,63.92219979408677,351.2649687802778,40.7,-74.0,False,0.5671630217423171,-10.070053139131154,-2.805609586843161,1.4087649518274148,975.827415198488,0.9475994027467729,976.0521549750674,0.8948540738897311,975.7804223581576,0,0.919796983786128,4.811454231895274,66.22747671572397,3.8297467253805566,68.27296908304528,2.731697529537132,68.63737575747497,0,0.0,0,,1.7261076571212358e-06
STN_B_coastal_ok,2012-10-31 13:00:00,976.4421941780475,63.0128399304494,78.73352141458855,40.7,-74.0,False,2.6380184896509036,10.132303888351757,2.092321985075273,1.4581972686568216,975.9825160502784,0.9594987235407038,976.1279531472343,0.859817842382431,975.7481035140222,0,-0.9093598636373699,0.5280578861037147,63.312480844945604,3.988504797453778,66.87583679178685,3.171281440653335,68.26969007087229,0,0.0,0,,1.7261076571212358e-06
STN_B_coastal_ok,2012-10-31 14:00:00,976.5094722091029,63.08328228967452,185.67204346369846,40.7,-74.0,False,2.703961531362438,10.64282299066204,0.06727803105536623,1.2278850280340616,975.7671795267075,0.9723396111820045,976.1782857619118,0.8637323819663029,975.8610240797285,0,0.07044235922511888,0.5059117292541218,63.339440671403565,3.8840260738020174,65.70837701501698,3.4965563530300203,67.79180034995254,1,0.0,0,,1.7261076571212358e-06
STN_B_coastal_ok,2012-10-31 15:00:00,978.1945720056619,61.536492051472585,337.0236953904706,40.7,-74.0,False,4.38429740783215,-3.911956712927001,1.6850997965590295,0.9928843259747783,977.0487461309375,1.2789331349245825,976.4380806647127,1.0509347554830804,976.123880311874,0,-1.546790238201936,0.8734152531617323,62.544204757198834,3.6925771634680467,64.38584073646139,3.9266238511598126,67.23048612674826,0,0.0,0,,1.7261076571212358e-06
STN_B_coastal_ok,2012-10-31 16:00:00,978.2802676658754,57.101561389130225,351.78938276916864,40.7,-74.0,False,4.51881385755803,-2.3575894130764468,0.08569566021344599,0.9985507515332861,977.6614372935468,1.4474149762066544,976.8219766719126,1.2145576432770204,976.3268599910665,0,-4.43493066234236,3.104892777343347,60.57377857675911,2.4935574487222754,61.94312971085236,4.713671099909629,66.09417994722754,0,0.0,0,,1.7261076571212358e-06
STN_B_coastal_ok,2012-10-31 17:00:00,979.5339660546665,56.07392811038683,85.08975673807605,40.7,-74.0,False,5.6477846293763605,24.424648098982797,1.253698388791122,0.7497866157339298,978.6696019087345,1.8317121360970456,977.218390717721,1.507413702168301,976.6417669188768,0,-1.0276332787433944,2.902993998897764,58.23732718366322,3.358987488322241,60.788383927533395,5.3364019796346644,64.93248057674633,0,0.0,0,,1.7261076571212358e-06
STN_B_coastal_ok,2012-10-31 18:00:00,982.4968643361024,54.132006553242284,17.682351750014448,40.7,-74.0,False,8.705018525119726,-1.8612907141512451,2.962898281435855,2.1652641623143802,980.1036993522148,2.2515543578033603,978.5762227415761,2.1095015038397844,977.3141888583217,0,-1.9419215571445463,1.5080531275473006,55.769165350919785,3.8710694985975294,59.1566850540593,6.011962307910681,63.714827068552296,0,0.0,0,,1.7261076571212358e-06
STN_B_coastal_ok,2012-10-31 19:00:00,981.4194717471287,58.48379040857324,55.29665971359306,40.7,-74.0,False,7.732471729601457,5.6173869025265475,-1.0773925889736802,1.4997040115343225,981.1501007126326,2.22479617621009,979.4057690030895,2.36612474669701,977.766861075162,0,4.351783855330957,2.180080975325016,56.22990835740078,3.3790542215086306,58.40184346707995,5.657308855547214,62.6388401294334,0,0.0,0,,1.7261076571212358e-06
STN_B_coastal_ok,2012-10-31 20:00:00,983.0309263704747,54.81793734293756,22.79825233292091,40.7,-74.0,False,9.300920902604503,6.6278265207611256,1.6114546233460487,0.8208514939266691,982.3157541512352,2.117243186380451,980.4926780299849,2.74661373459857,978.3354818959483,0,-3.6658530656356803,2.3397650334525704,55.811244768251036,2.706753146053585,57.02428597595713,5.545687654731695,61.36633149548705,0,0.0,0,,1.7261076571212358e-06
STN_B_coastal_ok,2012-10-31 21:00:00,983.4595491404011,47.99081169249184,70.2447267932411,40.7,-74.0,False,9.766450034694003,15.393143451440189,0.4286227699263918,1.0756718251552588,982.6366490860015,2.064685402990796,981.3701742191082,3.0521172885442907,978.9041274419104,0,-6.827125650445723,5.3252656534978495,53.76417981466755,3.6686593609251714,54.76667258279367,6.127850920769782,59.57625665962754,0,0.0,0,,1.7261076571212358e-06
STN_B_coastal_ok,2012-10-31 22:00:00,984.8821292083966,45.664673002144404,204.68509729334474,40.7,-74.0,False,,,1.4225800679954546,0.9690548209414945,983.7908682397574,1.835038878857785,982.470484476195,3.3443141741169278,979.6462305740538,0,-2.3261386903474346,4.757499587425815,49.49114067919127,4.957612237720393,52.860524518296025,6.041221207819848,57.40182711457419,0,0.0,0,,
STN_B_coastal_ok,2012-10-31 23:00:00,985.9600551974885,41.67084097665526,328.48156666643104,40.7,-74.0,False,,,1.0779259890919093,1.2542055273758195,984.7672445154286,1.6436766633550233,983.541499333332,3.6955663769524603,980.3799450255265,0,-3.993832025489141,3.196447124115154,45.108775223763836,6.374916952934669,50.460009996007436,7.259086717699444,55.624196961770416,0,0.0,0,,
STN_B_coastal_ok,2012-11-01 00:00:00,987.5761330461318,37.75105701915686,193.39879812996242,40.7,-74.0,False,,,1.6160778486432719,1.3559307214738239,986.1394391506723,2.208870451122285,984.3880441183369,3.705951376155813,981.4821334299564,0,-3.919783957498403,3.956865730336694,41.69552366598551,7.8295488149592485,47.729851740326524,8.383710543686504,53.443268397192924,0,0.0,0,,
STN_B_coastal_ok,2012-11-01 01:00:00,989.4862351012082,38.97137498478126,225.35624041166906,40.7,-74.0,False,,,1.910102055076436,1.7651318263863205,987.6741411149428,2.479081586212618,985.7325046773502,3.9950033628435704,982.5691368402199,0,1.220317965624396,2.00586634865371,39.46442432686446,6.389321802524253,44.47778250302787,8.753418157457979,51.43981298505391,0,0.0,0,,
STN_B_coastal_ok,2012-11-01 02:00:00,991.1741294227336,34.90418986996853,72.6722105794348,40.7,-74.0,False,,,1.6878943215253912,1.8001414309037862,989.4121658566911,2.897931081024498,987.0897051860601,4.21000883391253,983.7911916080224,0,-4.067185114812723,2.0870961988890624,37.20887395796888,4.954980313489108,41.15882459086635,9.118065521455488,49.09155528341174,0,0.0,0,,
STN_B_coastal_ok,2012-11-01 03:00:00,991.0483936934039,34.49703636710723,288.21010344258605,40.7,-74.0,False,,,-0.12573572932967636,0.940313439009694,990.5695860724486,2.6413927232649836,988.3545126115604,4.2910303382402475,984.8623434153343,0,-0.4071535028613056,2.4741151549139957,36.12420040728568,4.2453628512712465,38.90986203663559,9.104075802116677,46.83826730971463,0,0.0,0,,
STN_B_coastal_ok,2012-11-01 04:00:00,992.5403839391636,29.318254232997017,222.40400706200995,40.7,-74.0,False,,,1.4919902457596663,0.8274957976522946,991.5876356851004,2.4728137392476146,989.6308884000215,4.277053259571414,986.0506864381083,0,-5.178782134110211,3.1141674999870452,32.90649349002426,4.28842076630649,36.18545890844435,9.76550421414352,44.522991713370196,0,0.0,0,,
STN_B_coastal_ok,2012-11-01 05:00:00,992.0061584252261,28.942542969175005,311.08925850938095,40.7,-74.0,False,,,-0.5342255139374856,0.75594808846932,991.8649786859311,1.8247394077039762,990.6385722713112,4.059355829550939,987.0900358023215,0,-0.37571126382201214,3.1041193129454925,30.91927785642642,4.179032978708007,34.06407590719765,9.986351494567293,42.26204295160254,0,0.0,0,,
STN_B_coastal_ok,2012-11-01 06:00:00,994.2638962997646,28.8161018648028,341.5835185220823,40.7,-74.0,False,,,2.2577378745385204,1.179920341030864,992.9368128880515,1.6098724759478384,991.7531994802499,4.264979279595741,988.0706217992933,0,-0.1264411043722049,0.2611842604728352,29.02563302232494,4.194363227323843,32.574916714805305,9.924665116979572,40.15238422756592,0,0.0,0,,
STN_B_coastal_ok,2012-11-01 07:00:00,996.4701992264847,27.414657222759523,125.24427927237322,40.7,-74.0,False,,,2.2063029267201273,2.232069786466541,994.2467513171583,2.094760777289688,992.9171935011294,4.343528117786271,989.3248490892398,0,-1.401444642043277,0.8479847966087759,28.391100685579108,3.2067863394422247,30.648797087801682,8.68256911842683,37.563289795414775,0,0.0,0,,
STN_B_coastal_ok,2012-11-01 08:00:00,997.5526341675526,25.796076444121802,32.60846107275817,40.7,-74.0,False,,,1.082434941067845,1.6760685531515322,996.0955765646007,2.5926150593928523,993.9802776252659,4.4521522129817015,990.5349914056629,0,-1.618580778637721,1.5113131356118625,27.342278510561375,2.933654195239478,29.13077818349389,7.384335295716949,35.14480138718013,0,0.0,0,,
STN_B_coastal_ok,2012-11-01 09:00:00,998.0293154043655,20.71711398441938,81.33442485004169,40.7,-74.0,False,,,0.4766812368129649,0.7989298737858266,997.3507162661343,2.5801091626207366,995.143764577093,4.3322408730432,991.7491385943266,0,-5.078962459702421,3.4945850691574147,24.642615883766904,3.267321315767369,26.834124453045916,7.2673790834002645,32.87199324484076,0,0.0,0,,
STN_B_coastal_ok,2012-11-01 10:00:00,999.8055386357818,23.583293405288003,157.6229636433014,40.7,-74.0,False,,,1.7762232314162247,1.1872778748311665,998.4624960692332,2.808639681028057,996.354623693196,4.3237417729720695,992.9927560466089,0,2.8661794208686224,2.546476419048393,23.365494611276393,3.233954710790081,25.878297648427758,6.487455015935289,31.031878278436057,0,0.0,0,,
STN_B_coastal_ok,2012-11-01 11:00:00,1000.478322754938,18.907423907505358,340.4497146568104,40.7,-74.0,False,,,0.6727841191561765,1.2652565248486711,999.4377255983618,2.2616409963874418,997.7666510814812,4.206618076806458,994.2026116763963,0,-4.675869497782646,2.3577432079347416,21.069277099070913,3.865536467806753,24.205777804816147,6.421494930251008,29.1349268560069,0,0.0,0,,
STN_B_coastal_ok,2012-11-01 12:00:00,1002.2202822502691,20.523416159308713,136.1915360544295,40.7,-74.0,False,,,1.7419594953311162,1.2461974213673321,1000.8347145469962,2.125556865572261,999.0927154065653,4.233565969361583,995.4229574434077,0,1.6159922518033554,2.374799474995479,21.004711157367357,3.3333202936885997,22.823663520567134,6.243391792998174,27.699290117686218,0,0.0,0,,
STN_B_coastal_ok,2012-11-01 13:00:00,1002.303260462623,18.098839640960378,277.4783569195332,40.7,-74.0,False,,,0.08297821235396441,1.030510060123669,1001.6672884892765,2.017384502535376,1000.0648922792551,4.216397732172419,996.4910428901921,0,-2.424576518348335,1.2344911750262624,19.17655990259148,2.9099066039452417,21.271027256933937,5.701537881490629,25.95991217236781,0,0.0,0,,
STN_B_coastal_ok,2012-11-01 14:00:00,1002.6115835101378,14.337960032750939,194.5716091814718,40.7,-74.0,False,,,0.3083230475148184,0.20618161953154376,1002.3783754076767,1.803213898526146,1000.9080505030192,4.197924564999875,997.4441640641426,0,-3.7608796082094393,3.116693071572546,17.653405277673343,3.0999267063670337,19.36134118837213,5.857435524926982,24.24605968593301,0,0.0,0,,
STN_B_coastal_ok,2012-11-01 15:00:00,1004.2143492388052,15.531993484987284,65.81115735515155,40.7,-74.0,False,,,1.6027657286673502,1.0260101845771903,1003.0430644038553,1.5828217498532928,1001.9388894754258,4.093593743071208,998.5413270262593,0,1.1940334522363454,1.9217453222234062,15.9895977195662,3.3583507693772323,18.49715443846678,5.379124205711714,22.66563944575635,0,0.0,0,,
STN_B_coastal_ok,2012-11-01 16:00:00,1001.8157995675442,16.066024531690715,115.46428282324258,40.7,-74.0,False,,,-2.39854967126098,1.2216908085282063,1002.8805774388292,1.2097159950855954,1002.2739329640527,3.71574065742381,999.3142783286244,0,0.534031046703431,0.8847892363330273,15.31199268314298,2.3244767410478215,17.24427629286723,5.247919503439667,21.56128697064749,0,0.0,0,,
STN_B_coastal_ok,2012-11-01 17:00:00,1005.9530426741505,15.82316869177881,235.14907860821472,40.7,-74.0,False,,,4.13724310660632,2.0773731774708053,1003.9943971601666,1.5895452062811137,1003.1863862839217,3.388871611489947,1000.4765186827013,0,-0.24285583991190585,0.2673796049498674,15.80706223615227,2.22189149381934,16.730233756912806,4.927170923541269,20.468005780864477,0,0.0,0,,
STN_B_coastal_ok,2012-11-01 18:00:00,1002.7009805015897,13.661735922102991,242.22722208656165,40.7,-74.0,False,,,-3.2520621725608407,2.1785405735426417,1003.4899409144282,1.542531671134699,1003.2665026591418,2.8082424107968813,1001.1796090328535,0,-2.1614327696758178,1.323591974828792,15.183643048524173,1.540412022564781,15.586620384045185,4.518083332338891,19.205141952306157,0,0.0,0,,
STN_B_coastal_ok,2012-11-01 19:00:00,1005.36058862925,16.43164355125013,156.51350885125663,40.7,-74.0,False,,,2.659608127660249,1.7320712823240192,1004.6715372683301,1.6611143478749002,1003.7760573535796,2.619228619371247,1001.9204748164171,0,2.769907629147138,1.4557026680398901,15.305516055043979,1.0773956952779575,15.308754369093478,3.7512153619216146,18.28989081301371,0,0.0,0,,
STN_B_coastal_ok,2012-11-01 20:00:00,1008.2261745361852,14.878744007762966,82.31241695836127,40.7,-74.0,False,,,2.86558590693528,2.7632368429901533,1005.4292478890084,2.3233643390057725,1004.7118225245873,2.8067136372125283,1002.8099365138033,0,-1.5528995434871629,1.3883439743520487,14.990707827038698,0.9997633190366496,15.398885031595482,3.0173519061021152,17.380113109983807,0,0.0,0,,
STN_B_coastal_ok,2012-11-01 21:00:00,1008.8985510741805,11.910780499650288,259.8864406245635,40.7,-74.0,False,,,0.6723765379953193,1.8788671702517166,1007.4951047465387,2.850065533666852,1005.4925228304834,2.8766445297633045,1003.7157061529547,0,-2.9679635081126783,2.297045461346577,14.407056019554462,1.7298126057469971,14.795349534039318,3.197498117950013,16.64625198625305,0,0.0,0,,
STN_B_coastal_ok,2012-11-01 22:00:00,1007.8623002098433,13.54309090834985,60.79429498057732,40.7,-74.0,False,,,-1.036250864337262,0.52572340448605,1008.3290086067364,2.3073169239148443,1006.5002729375333,2.8207263667244207,1004.3871029507931,0,1.6323104086995617,1.4864506863551696,13.444205138587705,1.6645677693022598,14.374860596815838,2.441507157504691,15.809568444841533,0,0.0,0,,
STN_B_coastal_ok,2012-11-01 23:00:00,1008.8744866286567,15.581517017449396,337.20108907144555,40.7,-74.0,False,,,1.0121864188133713,0.5914553093709609,1008.5451126375601,2.4711743833108386,1006.9871802632842,2.8042968426487587,1005.0867832736029,0,2.0384261090995466,1.8391086996920045,13.67846280848318,1.6249689279430997,14.334585317760938,2.2381815562777856,15.53240953733687,0,0.0,0,,
STN_B_coastal_ok,2012-11-02 00:00:00,1011.4784028547381,15.352563914328869,67.64528845313161,40.7,-74.0,False,,,2.6039162260814237,1.8655249215431235,1009.4050632310795,1.9744651058744402,1008.4500839888088,3.1908694776566118,1005.8582933239753,0,-0.22895310312052786,1.116676100833768,14.825723946709374,1.631544727010983,14.616389983131917,1.5953933134348823,15.101505183588552,0,0.0,0,,
STN_B_coastal_ok,2012-11-02 01:00:00,1010.1059488562479,8.734465923017224,38.632450619707356,40.7,-74.0,False,,,-1.3724539984901867,1.3025941366177565,1010.1529461132142,1.3368915593074242,1009.2409773599752,3.1955786447042485,1006.5085173567774,0,-6.618097991311645,3.8887390680395293,13.222848951598499,2.635797875665573,13.3335270450931,2.179358299472577,14.32114070709329,0,0.0,0,,
STN_B_coastal_ok,2012-11-02 02:00:00,1013.2774302119731,9.132494708818832,179.15317285153637,40.7,-74.0,False,,,3.1714813557251773,1.5905147699133326,1011.6205939743196,1.9973478120552037,1010.0828533059399,3.483480699651255,1007.3973379152638,0,0.3980287858016087,3.711399306152337,11.073174848721644,2.983115796207471,12.37581882860241,2.644192960594271,13.887351930098946,0,0.0,0,,
STN_B_coastal_ok,2012-11-02 03:00:00,1011.4412154484482,13.782143981666843,187.03785531948986,40.7,-74.0,False,,,-1.836214763524822,1.5923209224198442,1011.6081981722231,1.9653011809372056,1010.5066307016513,3.507786722826138,1007.9995767660672,0,4.649649272848011,2.8064425600921474,10.549701537834302,3.0223408866756083,12.687712742271836,2.5930042065914627,13.741531138155578,0,0.0,0,,
STN_B_coastal_ok,2012-11-02 04:00:00,1012.2256558281522,8.549977690619263,182.94944932016813,40.7,-74.0,False,,,0.7844403797039377,0.9213450965549214,1012.314767162858,1.5557288915040581,1011.233856638036,3.1033773802294835,1008.8670647877847,0,-5.23216629104758,2.8674648656419657,10.488205460368315,3.403136938948566,11.855527205983405,2.8731002675552135,13.115193901399623,0,0.0,0,,
STN_B_coastal_ok,2012-11-02 05:00:00,1013.7766602489131,7.899423002355736,157.2002961619822,40.7,-74.0,False,,,1.5510044207609326,1.1885049318833432,1012.4811771751711,1.341302917398975,1012.0508855747454,3.2537016149277753,1009.5190329190149,0,-0.6505546882635276,3.2250372509478327,10.07718155821395,3.157172916124083,10.575178203467795,3.0960495319688164,12.454881760614365,0,0.0,0,,
STN_B_coastal_ok,2012-11-02 06:00:00,1012.6025189931819,9.470452810862362,358.133361418659,40.7,-74.0,False,,,-1.1741412557312287,0.8089343037712485,1012.8682783567491,1.3237389744679087,1012.2382382644861,2.5460187295473076,1010.3441611266476,0,1.5710298085066263,0.7893700556569899,8.639951167945789,2.1198664848842634,9.594826352890044,3.182725596197276,12.105608168010981,0,0.0,0,,
STN_B_coastal_ok,2012-11-02 07:00:00,1011.7522655059438,11.199014792649528,175.06102056140946,40.7,-74.0,False,,,-0.850253487238092,1.0165064974748974,1012.7104815826796,0.8943387887907053,1012.5126243727688,2.0236471818213446,1010.876800866372,0,1.7285619817871662,1.6504225300739364,9.52296353528921,2.158241716205289,10.00558449782876,2.880227161627586,11.66955577146093,0,0.0,0,,
STN_B_coastal_ok,2012-11-02 08:00:00,1012.9012776118117,10.084240574464179,172.06076906633916,40.7,-74.0,False,,,1.1490121058678824,0.5961566522755056,1012.4186873703125,0.841635421994646,1012.4499322727419,1.9140136513871533,1011.2663927893409,0,-1.1147742181853495,0.8762974667259403,10.25123605932536,2.115796185573325,10.164208808769652,2.722824793245458,11.270013818686031,0,0.0,0,,
STN_B_coastal_ok,2012-11-02 09:00:00,1013.2069119188736,8.930827967557185,151.83578257724207,40.7,-74.0,False,,,0.3056343070619505,0.7669894975218042,1012.6201516788764,0.7180035468642735,1012.7442150178127,1.8317909726262742,1011.6254228597319,0,-1.1534126069069934,1.134148261384498,10.071361111556968,1.1740695351773016,9.355656139751376,2.794031335653125,11.021684441011606,0,0.0,0,,
STN_B_coastal_ok,2012-11-02 10:00:00,1012.0862275337319,8.836898001045189,24.057271692526644,40.7,-74.0,False,,,-1.1206843851417716,0.5793174792591659,1012.7314723548056,0.7400607165667453,1012.7209769687428,1.3972210040050326,1011.9774168033892,0,-0.09392996651199681,0.6946278351064052,9.283988847688853,1.1400410576945064,9.403476191489029,2.737663830305453,10.629501698736219,1,0.0,0,,
STN_B_coastal_ok,2012-11-02 11:00:00,1013.3822697392752,8.722734858803939,213.46438721386178,40.7,-74.0,False,,,1.2960422055433582,0.7031369301147399,1012.8918030639602,0.6380229278541371,1012.6552452171363,1.0499604146446244,1012.3530653959409,0,-0.11416314224124946,0.1042103670058124,8.830153609135438,0.9577815092112765,9.540694834230397,2.2890231884955337,10.057936518849095,0,0.0,0,,
STN_B_coastal_ok,2012-11-02 12:00:00,1013.0634252403579,8.357712381970071,82.06839800034568,40.7,-74.0,False,,,-0.3188444989173149,0.6753150586942203,1012.8439741711217,0.6578436588666423,1012.732062924999,1.0294219095374948,1012.4851505947425,0,-0.3650224768338681,0.25029765252315594,8.639115080606402,1.0746976716356695,9.355238096081683,1.6072634166124817,9.475032224485863,0,0.0,0,,
STN_B_coastal_ok,2012-11-02 13:00:00,1014.8795013630307,14.655294395311591,229.53923288245795,40.7,-74.0,False,,,1.8160761226728255,0.969664618406242,1013.7750654475545,0.9149148859500816,1013.2532689011801,0.945333925646124,1012.8829466369745,0,6.29758201334152,3.535252072048714,10.57858054536187,2.3864191408886755,9.93128469652536,2.1696581106725366,9.96843459717706,0,0.0,0,,
STN_B_coastal_ok,2012-11-02 14:00:00,1014.1228446388407,10.667253742060803,18.300046301451776,40.7,-74.0,False,,,-0.7566567241900657,0.9122345589828316,1014.0219237474098,0.9559190347320681,1013.456863405685,1.0069028951139443,1012.9533978392134,0,-3.9880406532507884,3.185853856260453,11.226753506447489,2.405684342959026,10.028453557791464,2.161120116739608,10.096331183280558,0,0.0,0,,
STN_B_coastal_ok,2012-11-02 15:00:00,1013.9235604610776,11.829959961501551,353.2993564510806,40.7,-74.0,False,,,-0.1992841777630474,0.5043257198027516,1014.3086354876497,0.9631862621938856,1013.5763048293857,0.9191599281419399,1013.1602599235993,0,1.1627062194407483,2.05097004153176,12.384169366291317,2.432134924560871,10.511642223448858,1.9182735917443554,9.933649181600115,0,0.0,0,,
STN_B_coastal_ok,2012-11-02 16:00:00,1014.204719216912,9.06575320889498,168.841828444562,40.7,-74.0,False,,,0.28115875583443994,0.14460744341914503,1014.0837081056101,0.642683748854303,1013.9293867765823,0.9137546974030131,1013.3251818726625,0,-2.7642067526065706,1.3878958103063948,10.520988970819113,2.402228097853463,10.549784758090489,1.8900225401814954,9.97663047478976,0,0.0,0,,
STN_B_coastal_ok,2012-11-02 17:00:00,1014.6262905756435,9.662092894077102,322.83193377265144,40.7,-74.0,False,,,0.4215713587313985,0.3536953186321965,1014.2515234178777,0.6314457302026759,1014.1367235826438,0.982266362491051,1013.39598439989,0,0.5963396851821212,1.4546538885754507,10.185935354824547,2.287195623252655,10.706344430636017,1.7791536071678364,10.123519632433206,0,0.0,0,,
STN_B_coastal_ok,2012-11-02 18:00:00,1015.1011866339297,8.599112609053275,171.2020223638565,40.7,-74.0,False,,,0.47489605828627646,0.4484979573694427,1014.6440654754952,0.4647062758011325,1014.4763504815724,1.0604959496493018,1013.6042067032857,0,-1.0629802850238264,0.5328072753313771,9.108986237341787,2.239239165433711,10.74657780181655,1.8254093976030865,10.050907948949115,0,0.0,0,,
STN_B_coastal_ok,2012-11-02 19:00:00,1013.5559279098009,4.716711087835748,21.719094686719824,40.7,-74.0,False,,,-1.545258724128871,0.7915203753151441,1014.427801706458,0.5426660563490228,1014.255754906034,0.8879349411062626,1013.7545119036071,0,-3.8824015212175276,2.603195788122329,7.659305530322044,2.4367853558968036,9.090147250570576,2.341078472191455,9.510715973547967,0,0.0,0,,
STN_B_coastal_ok,2012-11-02 20:00:00,1013.5764260715779,7.259363645620601,295.9968765937705,40.7,-74.0,False,,,0.020498161777027235,0.8862974925464374,1014.0778468717695,0.6109815973207506,1014.1646851448236,0.8495150172210114,1013.8107742752544,0,2.5426525577848533,1.9720146587759375,6.858395780836543,2.3924255024827614,8.522165567830543,2.418898983958617,9.275309562811003,0,0.0,0,,
STN_B_coastal_ok,2012-11-02 21:00:00,1015.7771311748276,6.390466019220089,233.34614268016836,40.7,-74.0,False,,,2.2007051032496747,1.2765361380706215,1014.3031617187354,0.8758667611088937,1014.4736135971152,0.9949801673854755,1014.0249592132504,0,-0.8688976264005124,1.292382856399337,6.122180250892147,1.8595585003637198,7.615583244116966,2.558900036646418,9.063612733782913,0,0.0,0,,
STN_B_coastal_ok,2012-11-02 22:00:00,1014.3074964418208,5.509297345710707,281.4325371266203,40.7,-74.0,False,,,-1.4696347330067283,1.120817639516625,1014.5536845627421,0.8705450144970791,1014.4907431346,0.7862348711411568,1014.2100649555913,0,-0.8811686735093813,0.8750403200615878,6.386375670183802,1.8716395694324317,7.02284060025292,2.7582385327239947,8.786312679171704,0,0.0,0,,
STN_B_coastal_ok,2012-11-02 23:00:00,1013.3441169916028,7.615967127669571,154.14115086319438,40.7,-74.0,False,,,-0.9633794502179853,1.2252540028818195,1014.4762482027504,0.9809818208736694,1014.27704753726,0.7899549844529224,1014.2068855599518,0,2.106669781958864,1.0580145531596545,6.505243497533459,1.4285340752722109,6.681819639184998,2.7789838971568157,8.694082034910508,0,0.0,0,,
STN_C_inland_fails,2012-10-24 00:00:00,1014.8857901082222,10.820424031359103,309.4420080308033,40.9,-74.3,False,0.713152327391299,1.0623806380599472,,,,,,,,0,,,,,,,,0,0.0,0,190.0,
STN_C_inland_fails,2012-10-24 01:00:00,1017.2995890930373,9.068463670283844,136.1521882834852,40.9,-74.3,False,2.3712883937578226,-1.5583905417636075,2.4137989848151165,1.7068136305840134,1016.0926896006297,1.7068136305840134,1016.0926896006297,1.7068136305840134,1016.0926896006297,0,-1.751960361075259,1.2388230516863479,9.944443850821473,1.2388230516863479,9.944443850821473,1.2388230516863479,9.944443850821473,0,0.0,0,189.0,1.7261076571212358e-06
STN_C_inland_fails,2012-10-24 02:00:00,1015.0907425637522,14.749213100052863,306.6199857909067,40.9,-74.3,False,-0.5855828738073114,7.589254714470395,-2.208846529285097,1.3383717743373398,1015.758707255004,1.3383717743373398,1015.758707255004,1.3383717743373398,1015.758707255004,0,5.680749429769019,2.9090566264938755,11.546033600565272,2.9090566264938755,11.546033600565272,2.9090566264938755,11.546033600565272,0,0.0,0,188.0,1.7261076571212358e-06
STN_C_inland_fails,2012-10-24 03:00:00,1016.7853183942248,6.524570809725736,87.01185527320715,40.9,-74.3,False,1.6104073010819775,-3.143515175931288,1.6945758304725587,1.1557872199511416,1016.391883350338,1.2073284330930876,1016.0153600398091,1.2073284330930876,1016.0153600398091,0,-8.224642290327127,4.210840093806638,10.114082526687481,3.4562280659767097,10.290667902855386,3.4562280659767097,10.290667902855386,0,0.0,0,187.0,1.7261076571212358e-06
STN_C_inland_fails,2012-10-24 04:00:00,1015.3573194227106,10.407266357419603,222.71782029707433,40.9,-74.3,False,1.267324219460079,-2.0488491769246764,-1.427998971514171,0.9112108729230662,1015.7444601268958,1.0862020759354798,1015.8837519163893,1.0862020759354798,1015.8837519163893,0,3.882695547693867,4.114457579393725,10.560350089066068,2.9936354776350416,10.313987593768228,2.9936354776350416,10.313987593768228,0,0.0,0,186.0,1.7261076571212358e-06
STN_C_inland_fails,2012-10-24 05:00:00,1015.9629605732495,7.744093952988662,333.6013757092615,40.9,-74.3,False,1.4621247097102241,-3.382966159799766,0.6056411505388724,0.7167350337457471,1016.0351994633951,0.9720666789715774,1015.8969533591994,0.9720666789715774,1015.8969533591994,0,-2.6631724044309415,1.9855750077646757,8.225310373378,2.8757969769295877,9.885671986971635,2.8757969769295877,9.885671986971635,0,0.0,0,185.0,1.7261076571212358e-06
STN_C_inland_fails,2012-10-24 06:00:00,1014.2753889484823,9.013197319234642,92.8418432932059,40.9,-74.3,False,-0.9254518626519257,-0.4261971572634735,-1.6875716247672017,0.8549144930935906,1015.1985563148141,1.1197758612487136,1015.7952198325761,1.0784557281845022,1015.6653013005255,0,1.2691033662459805,1.3320747659925913,9.054852543214302,2.8528633753630865,9.58446753495089,2.6458618233779085,9.761032748723494,0,0.0,0,184.0,1.7261076571212358e-06
STN_C_inland_fails,2012-10-24 07:00:00,1014.1462407774126,10.282838946681089,249.45357261090777,40.9,-74.3,False,-1.493428423795649,0.29979719430613017,-0.12914817106968712,1.0136606972909643,1014.7948634330481,1.0067996175785767,1015.2696617799719,1.1337360684098623,1015.4754187351364,0,1.2696416274464468,1.2693725063563293,9.013376739634799,2.85201070407611,9.786863414350432,2.4565293527120335,9.826258523468193,0,0.0,0,183.0,1.7261076571212358e-06
STN_C_inland_fails,2012-10-24 08:00:00,1015.459705955015,5.349257250251426,355.4325431845718,40.9,-74.3,False,0.0895921780122535,-7.320791546955471,1.3134651776024384,0.723933329668094,1014.6271118936365,1.004952044126306,1015.3311556785158,1.060525917220376,1015.4736728706786,0,-4.933581696429663,2.561792180180098,8.215097838722386,2.049913706260794,8.220204106050192,2.7399415044177493,9.328813937555218,0,0.0,0,182.0,1.7261076571212358e-06
STN_C_inland_fails,2012-10-24 09:00:00,1015.9885532424653,10.473652233576056,54.21538340748126,40.9,-74.3,False,1.5415402616047231,0.910373713165157,0.5288472874502759,0.948594174300905,1015.1981666582975,0.807640962778295,1015.1983614865558,1.01304345559392,1015.5251609078572,0,5.124394983324629,2.9050548477588762,8.701916143502856,2.030486634022743,8.878384343358581,2.6084866798944364,9.443297767157302,0,0.0,0,181.0,1.7261076571212358e-06
STN_C_inland_fails,2012-10-24 10:00:00,1015.0402565020004,13.805814924548336,31.824824652242786,40.9,-74.3,False,-0.21863044141412047,4.729899103807929,-0.9482967404649116,0.4751989066089665,1015.4961718998269,0.8055301817453943,1015.1455176664376,0.9721147055281077,1015.4810786891429,0,3.3321626909722806,4.259814155628158,9.876241469458606,2.850664824693624,9.444809104546701,2.8024853136340426,9.839890236011032,0,0.0,0,180.0,1.7261076571212358e-06
STN_C_inland_fails,2012-10-24 11:00:00,1013.7136066649161,9.093123403262814,242.71026928013382,40.9,-74.3,False,-1.8760028578356014,-1.4461755856906429,-1.3266498370842328,1.1427050092444357,1014.9141388031272,0.8698603425921592,1014.7706253483819,1.0580297978173023,1015.3337893537906,0,-4.712691521285523,2.422761146062831,11.124196853795736,2.7407804403074056,9.66964734625906,2.680746644782349,9.777659666615348,0,0.0,0,179.0,1.7261076571212358e-06
STN_C_inland_fails,2012-10-24 12:00:00,1013.6397416337105,10.519615713611019,122.30494118965093,40.9,-74.3,False,-1.713075852734164,-1.979786281920891,-0.07386503120562793,0.7881304597347256,1014.131201600209,0.9746366205856914,1014.6646841292533,1.1620282244096982,1015.2299519809147,0,1.4264923103482055,2.4167280546310277,11.13951801380739,2.7376154088631326,9.920717078655123,2.671499903758331,9.752592306803008,0,0.0,0,178.0,1.7261076571212358e-06
STN_C_inland_fails,2012-10-24 13:00:00,1013.5728635978136,12.0498433862508,25.648011851972804,40.9,-74.3,False,-2.0573011381725337,2.0632242292924925,-0.06687803589693431,0.07040043259255274,1013.6420706321468,1.0600073310807636,1014.5691212659868,1.051344424781516,1014.9193915229795,0,1.5302276726397803,1.4786632532682802,10.55419416770821,2.875912137242994,10.21521781858341,2.7398513707765697,10.001040616466922,0,0.0,0,177.0,1.7261076571212358e-06
STN_C_inland_fails,2012-10-24 14:00:00,1013.2323778870602,9.672092999946006,171.1100224380975,40.9,-74.3,False,-2.317571731091334,-0.7672376917531825,-0.34048571075334166,0.21845991737418188,1013.4816610395281,1.075638207030072,1014.1978999213278,1.1555178552053882,1014.7645277999218,0,-2.3777503863047933,1.2050994689141683,10.747184033269276,1.7237912055675293,10.935690443532506,2.296036303258655,9.577947274791349,0,0.0,0,176.0,1.7261076571212358e-06
STN_C_inland_fails,2012-10-24 15:00:00,1015.1094853594466,8.838079622937034,271.35744467182406,40.9,-74.3,False,-0.20377269006007737,-1.6667178182629634,1.8771074723863421,1.0000557834806347,1013.9715756147734,0.8100300076060306,1014.051388607491,0.9764873525144956,1014.6248750470236,0,-0.8340133770089722,1.6665684146341926,10.186672003044613,1.9286224525154632,10.663095008426,2.1055744012345166,9.77073967589229,0,0.0,0,175.0,1.7261076571212358e-06
STN_C_inland_fails,2012-10-24 16:00:00,1016.1250439217072,5.4485271925564955,102.64406414946795,40.9,-74.3,False,0.6196848669558221,-5.7404227556536505,1.015558562260594,1.467560813292487,1014.8223023894046,1.1319719452798764,1014.2321865107757,1.0511343739341688,1014.6888520886065,0,-3.3895524303805384,2.2369306396890725,7.986233271813179,2.2032812871242897,9.270213719760696,2.430771342409155,9.357511412153698,0,0.0,0,174.0,1.7261076571212358e-06
STN_C_inland_fails,2012-10-24 17:00:00,1014.986584213074,11.281981438789947,120.6168759018485,40.9,-74.3,False,0.645853068798715,1.4246026492068786,-1.1384597086331496,0.6248405654436783,1015.4070378314092,1.134628980902464,1014.4443494354687,0.9788475419238641,1014.6074873919255,0,5.833454246233451,2.9294740769953647,8.522862751427825,2.3447632691941087,9.63502339234855,2.4318447451045855,9.652335369303806,0,0.0,0,173.0,1.7261076571212358e-06
STN_C_inland_fails,2012-10-24 18:00:00,1012.7395852426605,9.773663180542206,304.45178423291,40.9,-74.3,False,-2.6218169926693236,1.0103494987070398,-2.2469989704135287,1.7227122679441955,1014.6170711258138,1.3084872898548536,1014.2943233702937,1.116886049564267,1014.4795037497735,0,-1.5083182582477406,3.0279534817439506,8.834723937296216,2.3079666589985415,9.510697970170416,2.423569646343188,9.71570752441277,0,0.0,0,172.0,1.7261076571212358e-06
STN_C_inland_fails,2012-10-24 19:00:00,1014.8092395396629,7.9746322972236765,187.2258884141357,40.9,-74.3,False,0.1078600412384958,0.0817850225414416,2.069654297002444,1.2492614094819865,1014.1784696651325,1.2689017680759878,1014.5003860272686,1.1152989731246667,1014.5347536466278,0,-1.7990308833185296,1.6558026468310658,9.676758972185276,1.9888638917478885,8.831496121999228,2.4656975447858747,9.523356970291319,0,0.0,0,171.0,1.7261076571212358e-06
STN_C_inland_fails,2012-10-24 20:00:00,1014.8372010033637,10.253193420555387,303.38350877032997,40.9,-74.3,False,-0.2795865655286889,0.7024158730917982,0.02796146370076258,1.2030684818483504,1014.1286752618958,1.1069702161469404,1014.7678565466525,1.0823566343674722,1014.48287823399,0,2.278561123331711,1.2012703111692327,9.333829632773757,2.0511576429191747,8.928346192100792,2.0885360643665387,9.932018317816649,0,0.0,0,170.0,1.7261076571212358e-06
STN_C_inland_fails,2012-10-24 21:00:00,1017.0959987502201,8.832639286387638,160.7002171717354,40.9,-74.3,False,2.1625387291948073,-0.07480214412247932,2.2587977468564304,1.3122637432903705,1015.5808130977489,1.4678382242511132,1015.0989421117815,1.255735690271106,1014.5751653596362,0,-1.42055413416775,1.1507961616720055,9.0201550013889,2.0512067280478754,8.927439469342557,2.1035180159725337,9.79526723888428,0,0.0,0,169.0,1.7261076571212358e-06
STN_C_inland_fails,2012-10-24 22:00:00,1013.5428620870726,8.94314773776895,343.0710581616372,40.9,-74.3,False,-2.105106567013763,-0.6223670586528396,-3.553136663147484,1.7982519585434804,1015.1586872802187,1.4852587795156569,1014.6685784726757,1.2794915349600713,1014.4503824917257,0,0.11050845138131216,0.7901904682749279,9.342993481570659,1.1746715172249955,9.509876226877967,1.6880279610408186,9.390044973319332,0,0.0,0,168.0,1.7261076571212358e-06
STN_C_inland_fails,2012-10-24 23:00:00,1014.6093223973893,11.212582312217416,234.28605229838521,40.9,-74.3,False,-0.3211580067779778,2.6517026043857364,1.0664603103166428,1.8232606791228103,1015.082727744894,1.4770667393573003,1014.6057015033949,1.258557935733331,1014.5250254694319,0,2.269434574448466,1.3432965800425882,9.662789778791334,1.1538903146662813,9.498309705782546,1.7633377475297403,9.566666549065546,0,0.0,0,167.0,1.7261076571212358e-06
STN_C_inland_fails,2012-10-25 00:00:00,1016.7058526805279,7.323235177352311,41.723591514929794,40.9,-74.3,False,2.002879308756178,-2.9452274496194732,2.096530283138577,1.6092071710361115,1014.9526790549966,1.3575710858760215,1015.2667460763728,1.3688916871451988,1014.7805347233331,0,-3.8893471348651047,1.9536918524757696,9.15965507577956,1.4360834047109396,9.089905038584229,1.8457919782204828,9.300301504377321,0,0.0,0,166.0,1.7261076571212358e-06
STN_C_inland_fails,2012-10-25 01:00:00,1015.4499783413221,12.094630572147517,318.63347576164824,40.9,-74.3,False,0.3756596020497227,1.933548422789027,-1.255874339205775,1.0550957302589847,1015.5883844730797,1.3394650969070143,1015.3735358766493,1.3248864168371373,1014.936960951959,0,4.771395394795206,2.538741298419424,10.210149353905747,1.7474069745364744,9.776571417738202,1.8518922881654825,9.304033769868715,0,0.0,0,165.0,1.7261076571212358e-06
STN_C_inland_fails,2012-10-25 02:00:00,1015.5633130734809,7.204627673763193,176.1354686990872,40.9,-74.3,False,0.9301065459677602,-2.8321266220293477,0.11333473215881895,0.6946776076069651,1015.9063813651104,1.3138737301760626,1015.4945545550021,1.2188857123483499,1015.1312055508273,0,-4.890002898384324,2.789635881245311,8.874164474421008,2.005289151709075,9.26847712660617,1.9420988751198978,9.09841165935348,0,0.0,0,164.0,1.7261076571212358e-06
STN_C_inland_fails,2012-10-25 03:00:00,1015.1145844369725,8.674597183289473,50.9900284702458,40.9,-74.3,False,-0.22819793400799426,-2.888296138126872,-0.44872863650846284,0.23334210286365528,1015.3759586172586,1.0542049984996658,1015.1643188361276,1.2188783407644832,1015.1316304739545,0,1.4699695095262797,2.508969479223425,9.324618476400062,2.0131815014809793,9.24213677608981,1.9446627933933402,9.084788122716185,0,0.0,0,163.0,1.7261076571212358e-06
STN_C_inland_fails,2012-10-25 04:00:00,1015.3299435385829,13.845892388133155,54.96844818291146,40.9,-74.3,False,-0.3508579343974816,3.6190514053926393,0.21535910161048832,0.22442454993808308,1015.3359470163455,0.6960996712531434,1015.4621657447125,1.1809889633559878,1015.0653721086942,0,5.171295204843682,3.4883019140385914,9.90837241506194,2.7336246717059813,10.059260884483844,2.026377322885142,9.784568555680906,0,0.0,0,162.0,1.7261076571212358e-06
STN_C_inland_fails,2012-10-25 05:00:00,1015.7776095301713,12.254709523284845,247.51221663955386,40.9,-74.3,False,0.968186338085502,1.739734875286695,0.4476659915883374,0.3382274030107936,1015.4073791685755,0.5599025446510486,1015.6568802668429,1.198143087459142,1015.1312908851188,0,-1.5911828648483102,2.648627360603135,11.591733031569158,2.852099534894744,10.232948752995084,2.109475520020112,9.865629229388814,0,0.0,0,161.0,1.7261076571212358e-06
STN_C_inland_fails,2012-10-25 06:00:00,1014.1905136809529,10.19520798499088,17.05410242261632,40.9,-74.3,False,-2.2456683146378964,0.7310357921010748,-1.5870958492183718,0.8182887097566345,1015.0993555832356,0.5590802727002938,1015.237657100247,0.9899673331729341,1015.25220158831,0,-2.059501538293965,1.8303417762341643,12.098603298802962,2.483249702441859,10.711610887601509,2.1113139539165324,9.90075796309287,0,0.0,0,160.0,1.7261076571212358e-06
STN_C_inland_fails,2012-10-25 07:00:00,1015.8780585786868,8.118939568997567,103.17375536897278,40.9,-74.3,False,0.7963855803636761,-0.9800261097616403,1.6875448977339147,0.9466406417628795,1015.2820605966036,0.6160106144949365,1015.3090038064746,0.9945612225434701,1015.3412698415618,0,-2.0762684159933134,2.067890641703602,10.189619025757764,2.5693381787185228,10.048995720409852,2.0997249616092586,9.912783569074028,0,0.0,0,159.0,1.7261076571212358e-06
STN_C_inland_fails,2012-10-25 08:00:00,1013.6269969827976,8.941455386600214,50.32353256915252,40.9,-74.3,False,-1.2263598271147202,-2.1737210552162534,-2.2510615958892686,1.1713693666997225,1014.565189747479,0.898546879165504,1014.9862844580272,1.1054932604935261,1015.2404195065147,0,0.8225158176026479,1.045571485156115,9.08520098019622,2.2645506237951025,10.33846700588269,2.1144847980649812,9.80347206624443,0,0.0,0,158.0,1.7261076571212358e-06
STN_C_inland_fails,2012-10-25 09:00:00,1015.3283679723789,10.146550629171394,158.78787466222232,40.9,-74.3,False,-0.013055405628847438,-1.3045111298459187,1.7013709895813918,1.1736056489398214,1014.9444745112878,0.9088317207436072,1015.0219150472617,0.9413458882563701,1015.0931169416948,0,1.2050952425711792,1.0198033654593732,9.068981861589725,2.12359171797658,10.583792580196342,2.093557837377621,9.912964678143076,0,0.0,0,157.0,1.7261076571212358e-06
STN_C_inland_fails,2012-10-25 10:00:00,1015.1787409626418,10.075046464679197,149.16735791797007,40.9,-74.3,False,-0.16896729124516696,0.7346184292195588,-0.14962700973717347,0.9420687222999253,1014.7113686392728,0.9006417633653914,1014.9967146179383,0.805011911003479,1015.2294401813255,0,-0.07150416449219676,0.6760665797473592,9.7210174934836,1.39970400775791,9.955318259620682,2.07127075582416,10.007289572052263,1,0.0,0,156.0,1.7261076571212358e-06
STN_C_inland_fails,2012-10-25 11:00:00,1014.383706910892,9.818258140748075,187.87551648798814,40.9,-74.3,False,-0.6486535554766988,0.2334024083584545,-0.7950340517497807,0.5077486101367877,1014.9636052819709,0.8364128281972407,1014.7643975147249,0.8232398734647081,1015.210638890784,0,-0.25678832393112216,0.17264078641421093,10.013285078199557,0.8411966812655061,9.549243029197887,2.0363241976627147,9.891095891096485,0,0.0,0,155.0,1.7261076571212358e-06
STN_C_inland_fails,2012-10-25 12:00:00,1014.9773147233763,9.938334971831631,100.66907847691088,40.9,-74.3,False,-0.03926890800107685,2.4821495978557087,0.5936078124842652,0.41332430938045744,1014.8465875323033,0.7887645021017659,1014.8955310217956,0.6758665626884962,1015.0665940610212,0,0.12007683108355671,0.12848392957038576,9.943879859086302,0.8076117641237585,9.506430860338012,1.8696427934352464,10.109020873969762,0,0.0,0,154.0,1.7261076571212358e-06
STN_C_inland_fails,2012-10-25 13:00:00,1014.3774598454993,9.571249780589772,11.53569217614379,40.9,-74.3,False,0.052066600935063434,0.13693269335996305,-0.5998548778769646,0.34453716185160843,1014.5794938265891,0.6385115686027439,1014.645431232931,0.6912976061613515,1014.9772175197028,0,-0.3670851912418591,0.18716441657016636,9.775947631056495,0.4446839457824649,9.748482562270047,1.7649912932036556,9.89873914133995,0,0.0,0,153.0,1.7261076571212358e-06
STN_C_inland_fails,2012-10-25 14:00:00,1013.9282986705501,7.116042528719975,221.17899835266687,40.9,-74.3,False,-0.6283691876498096,-4.0035852642809004,-0.449161174949154,0.5263088945160548,1014.4276910798086,0.5478002291357394,1014.6956481808897,0.7255572317669172,1014.8409663194585,0,-2.4552072518697976,1.5344993114861292,8.875209093713792,1.1586035884516352,9.444247085956674,1.7774252780636584,9.891357045919682,0,0.0,0,152.0,1.7261076571212358e-06
STN_C_inland_fails,2012-10-25 15:00:00,1014.6463852547457,8.966978515678335,134.53848103764648,40.9,-74.3,False,-0.4889499074589594,-0.7969205714054457,0.7180865841955892,0.36279355452292417,1014.3173812569318,0.4527695260721573,1014.5819843946175,0.7220862224551596,1014.8019497209397,0,1.8509359869583601,1.279267397057746,8.55142360832936,1.1148513804156612,9.247651733707832,1.7611590710854501,9.915722156952086,0,0.0,0,151.0,1.7261076571212358e-06
STN_C_inland_fails,2012-10-25 16:00:00,1013.8960113595199,11.829248107973694,234.4805995464167,40.9,-74.3,False,-1.32731455937801,-0.11500013536910281,-0.7503738952258345,0.4242153139404386,1014.1568984282718,0.4159830003687767,1014.3681961274306,0.7450499489844251,1014.6824553726843,0,2.862269592295359,2.3746177965834367,9.304089717457334,1.528506148715197,9.540018674256913,1.4140506939857855,9.747668466938798,0,0.0,0,150.0,1.7261076571212358e-06
STN_C_inland_fails,2012-10-25 17:00:00,1015.322797456943,7.263331404897765,39.120109489536645,40.9,-74.3,False,0.42747628154097583,-1.212702546290541,1.4267860974231326,0.7137124791909985,1014.6217313570695,0.5708328222170421,1014.5247112184392,0.6941005436958642,1014.6445543665819,0,-4.565916703075929,2.3073287598605408,9.353186009516598,1.771982008041979,9.114197551615195,1.341825560051349,9.331720290406542,0,0.0,0,149.0,1.7261076571212358e-06
STN_C_inland_fails,2012-10-25 18:00:00,1013.8499144958646,9.620888976921442,4.959847905858119,40.9,-74.3,False,-0.43711490898169814,-1.3530622014157103,-1.472882961078426,0.837379613802557,1014.3562411041092,0.5775660469970703,1014.3368111805204,0.7208053245692746,1014.6161711011581,0,2.357557572023677,2.2833645896839703,9.5711561632643,1.747016861429002,9.06128988579683,1.3182624528311346,9.283860373067421,0,0.0,0,148.0,1.7261076571212358e-06
STN_C_inland_fails,2012-10-25 19:00:00,1015.7119770090875,8.360492142458314,89.38592923870539,40.9,-74.3,False,-0.2787950138792894,-2.1917905567930873,1.8620625132228952,0.9821847877728408,1014.9615629872984,0.8075294123015044,1014.5592307077851,0.6955243585345627,1014.6023309703581,0,-1.260396834463128,1.1797202754449476,8.414904174759174,1.7462574615622053,8.859496946108253,1.3005831190703816,9.303989754189152,0,0.0,0,147.0,1.7261076571212358e-06
STN_C_inland_fails,2012-10-25 20:00:00,1013.8185209127558,10.222700858796225,164.35703627785878,40.9,-74.3,False,-1.6825444177927693,0.619096648033322,-1.8934560963316471,1.0842384692296856,1014.4601374725693,0.8257222290195733,1014.5409344148194,0.6729393124688301,1014.6182912978546,0,1.8622087163379106,0.9503156514807172,9.401360659391994,1.5784304154693336,9.377273334454296,1.3205536273035192,9.410760210205485,0,0.0,0,146.0,1.7261076571212358e-06
STN_C_inland_fails,2012-10-25 21:00:00,1014.4337050576527,9.222733637866368,141.86591070064821,40.9,-74.3,False,-0.43616672063819806,1.0186005160211238,0.6151841448968298,0.96588531951203,1014.6547343264987,0.8248545861960648,1014.505487715304,0.6356444036193967,1014.5437360549607,0,-0.9999672209298573,0.9319528012496738,9.268642213040302,1.5685567749673361,9.419899188152302,1.3005358105670721,9.333775460930065,0,0.0,0,145.0,1.7261076571212358e-06
STN_C_inland_fails,2012-10-25 22:00:00,1014.3753965547857,12.954787329949344,291.7089198984479,40.9,-74.3,False,-0.47061976542249795,2.9505313418816517,-0.05830850286702116,0.33959826617233496,1014.209207508398,0.7757687837736508,1014.5853852478481,0.6042131362697466,1014.4767906876394,0,3.7320536920829763,1.931858159449182,10.80007394220398,1.9381013380291328,9.607489058481578,1.6645090997292042,9.573753866369245,0,0.0,0,144.0,1.7261076571212358e-06
STN_C_inland_fails,2012-10-25 23:00:00,1016.3251466778586,11.013166308380516,136.02155190941662,40.9,-74.3,False,1.4840852053947629,1.8663559901601943,1.9497501230729313,1.1092397416382853,1015.0447494300989,1.0319523667791413,1014.7524434513342,0.8039371809925723,1014.6385773348866,0,-1.941621021568828,1.8665371725753097,11.063562425398743,1.6073888001652394,10.232461542395368,1.7154283328829243,9.673329547005283,0,0.0,0,143.0,1.7261076571212358e-06
STN_C_inland_fails,2012-10-26 00:00:00,1015.3302898754484,7.376393668445593,190.9588246571084,40.9,-74.3,False,0.1898582318077615,-3.3713563164004112,-0.9948568024101405,0.9749433191707813,1015.3436110360309,0.9464380099606993,1014.9991726812649,0.8236727891648319,1014.6679919308926,0,-3.6367726399349225,2.8317981115857127,10.44811576892515,1.993086548076751,9.858378990982727,1.8347247164338694,9.459834438389779,0,0.0,0,142.0,1.7261076571212358e-06
STN_C_inland_fails,2012-10-26 01:00:00,1014.7882661011868,11.342456023227426,213.6656132791892,40.9,-74.3,False,-0.26200845653920624,1.4160370130903743,-0.5420237742616791,0.7794797128129274,1015.4812342181646,0.8801033048100295,1014.8452208632813,0.8190237537608912,1014.7022257855332,0,3.9660623547818323,2.2009163831194205,9.910672000017845,1.915138191858459,10.355372971110912,1.914033872750902,9.607434958609582,0,0.0,0,141.0,1.7261076571212358e-06
STN_C_inland_fails,2012-10-26 02:00:00,1015.4987193093211,8.450696287475925,7.8593009924921775,40.9,-74.3,False,0.7982242589986299,-2.6218843583604095,0.7104532081343677,0.3712371225624257,1015.2057584286522,0.7450295910387099,1015.1252539293755,0.8095295682384924,1014.8330941720975,0,-2.891759735751501,2.051261851015398,9.056515326382982,2.07005456365645,10.06003887589086,1.7909202489397702,9.71865610517258,0,0.0,0,140.0,1.7261076571212358e-06
STN_C_inland_fails,2012-10-26 03:00:00,1012.8928074728163,8.84600725724502,185.44801566462803,40.9,-74.3,False,-2.04074904322124,-1.579612715126272,-2.605911836504788,1.347113189530749,1014.3932642944413,1.173473070494725,1014.8684376652362,0.9854541489353561,1014.68696269027,0,0.3953109697690955,1.567949912747454,9.546386522649458,2.1059329712844,9.997251145787304,1.7958696558327238,9.708575166969803,0,0.0,0,139.0,1.7261076571212358e-06
STN_C_inland_fails,2012-10-26 04:00:00,1014.956866165448,10.627638040214395,124.13925338358163,40.9,-74.3,False,0.6343086433204235,-0.9991769424335963,2.0640586926316473,1.3750587633375113,1014.4494643158617,1.1483530944428595,1014.9653492670133,0.9551667224555733,1014.7753672574307,0,1.7816307829693745,1.1597093317192275,9.308113861645113,1.6076399960376104,9.60939293083148,1.6976916585025446,9.608440994656528,0,0.0,0,138.0,1.7261076571212358e-06
STN_C_inland_fails,2012-10-26 05:00:00,1016.9975138451366,9.01650516053999,151.66084596597167,40.9,-74.3,False,2.7274197584486046,1.5691791886431892,2.040647679688618,2.052364313103877,1014.949062494467,1.3265648686498996,1015.0774104615595,1.1457554420711464,1014.9149269564468,0,-1.611132879674404,0.9831096020468273,9.496716819333136,1.4586997891086997,9.27661607285806,1.5462106416866963,9.754538807626714,0,0.0,0,137.0,1.7261076571212358e-06
STN_C_inland_fails,2012-10-26 06:00:00,1015.1323460556606,11.785711632646354,36.10346345829009,40.9,-74.3,False,-0.18587955145710566,0.8930644432297843,-1.8651677894760041,1.1309204973081572,1015.6955753554151,1.321469741051926,1015.0444198249282,1.0961203412740572,1015.0217962530965,0,2.7692064721063634,1.390766460542048,10.476618277800247,1.4200981114516855,10.01150240022485,1.6518778159399372,9.93494069560379,0,0.0,0,136.0,1.7261076571212358e-06
STN_C_inland_fails,2012-10-26 07:00:00,1015.0679125599701,8.45097987697397,281.8154036335123,40.9,-74.3,False,1.2705918131084672,-2.788510563987705,-0.0644334956905368,1.095929109476388,1015.7325908202557,1.3155466446062447,1015.0910275680588,1.0748144370373827,1014.9681242156702,0,-3.334731755672385,1.784598891151643,9.751065556720105,1.3677534265361824,9.52958970918261,1.6442260582144193,9.94248134014676,0,0.0,0,135.0,1.7261076571212358e-06
STN_C_inland_fails,2012-10-26 08:00:00,1015.5481275583365,8.762106894818567,339.2655302910681,40.9,-74.3,False,0.5700721780639242,-1.3529047386976316,0.48021499836647763,0.26065058922899065,1015.2494620579891,1.3187597092253254,1015.0992622762282,1.0212740710014983,1015.1122581028017,0,0.31112701784459773,1.8420740807640974,9.666266134812963,1.3238280305907275,9.58149147707305,1.6753630703985805,9.820765176481956,0,0.0,0,134.0,1.7261076571212358e-06
STN_C_inland_fails,2012-10-26 09:00:00,1015.8956041388174,8.68725821290597,8.016775426656002,40.9,-74.3,False,-0.0168367056006673,-0.2605272836509318,0.34747658048081576,0.41561596222490504,1015.5038814190415,0.7692275926451804,1015.5997283872283,1.0201652737105187,1015.234083026232,0,-0.07484868191259686,0.1623934514524498,8.633448328232836,1.3429161668673928,9.555033303016542,1.699694021000604,9.776142224401923,1,0.0,0,133.0,1.7261076571212358e-06
STN_C_inland_fails,2012-10-26 10:00:00,1013.0025318254843,8.868722503293611,216.49419461208524,40.9,-74.3,False,-2.423459697778867,0.7770998777651403,-2.8930723133330503,1.5795919841988872,1014.8154211742127,1.3156096030750914,1015.2740059972342,1.1883343659178338,1015.1196776321236,0,0.18146429038764111,0.09119439112919776,8.772695870339383,1.2507621759062901,9.261880713529743,1.3852094069197989,9.435636822180612,0,0.0,0,132.0,1.7261076571212358e-06
STN_C_inland_fails,2012-10-26 11:00:00,1013.3176715356468,12.198383111101816,274.9838642238089,40.9,-74.3,False,-2.5306730079145154,0.621350272931684,0.315139710162498,1.5871839293531307,1014.0719358333162,1.2044945101755535,1014.6606989456526,1.2274827286830183,1014.8690547036061,0,3.3296606078082043,1.9768479583504646,9.918121275767133,1.7144956142814807,9.792193705290048,1.5413678198238399,9.534404889074054,0,0.0,0,131.0,1.7261076571212358e-06
STN_C_inland_fails,2012-10-26 12:00:00,1015.2102886448455,11.257592587230953,102.5307319139602,40.9,-74.3,False,1.5507069765676533,-0.7142929927005479,1.8926171091986816,1.1941177170044193,1013.8434973353255,1.21100127650032,1014.6736893771835,1.2238670098452624,1014.8590546010558,0,-0.9407905238708629,1.716509386852947,10.774899400542125,1.6015162352658023,9.704173864387482,1.45198976256918,9.857838132306165,0,0.0,0,130.0,1.7261076571212358e-06
STN_C_inland_fails,2012-10-26 13:00:00,1014.2851199148308,13.41988790804135,283.520010550758,40.9,-74.3,False,-0.059973360193907865,4.913047656938762,-0.9251687300146614,0.9463872593016723,1014.271026698441,1.2021703190569075,1014.5432239363269,1.2350800013690102,1014.817125752193,0,2.162295320810397,1.0841803227284894,12.29195453545804,2.0467192824786404,10.532325202898711,1.7403103614645836,10.03095745604066,0,0.0,0,129.0,1.7261076571212358e-06
STN_C_inland_fails,2012-10-26 14:00:00,1016.3120205829597,14.535288407827007,227.64781827586845,40.9,-74.3,False,1.572938806519801,2.637694742551556,2.02690066812886,1.0147312255732777,1015.2691430475453,1.35997222340798,1014.6705394404307,1.2966624255929626,1014.8849008583293,0,1.1154004997856575,1.6664797839394518,13.07092296769977,2.378251593267912,11.494522121733452,2.089411949014378,10.53800679940325,0,0.0,0,128.0,1.7261076571212358e-06
STN_C_inland_fails,2012-10-26 15:00:00,1014.6848194111022,7.9385659361823055,334.4985476175852,40.9,-74.3,False,-0.5604568398819083,-2.6310971048627003,-1.6272011718574504,1.0736130323566293,1015.0939866362975,1.2249660704192469,1014.4687419858116,1.140121825045523,1015.0342351865198,0,-6.596722471644702,3.5309525674622355,11.964580750683554,2.567141351385101,11.369740075612839,2.171042371297215,10.46238668931469,0,0.0,0,127.0,1.7261076571212358e-06
STN_C_inland_fails,2012-10-26 16:00:00,1013.0654610724348,10.140838254731698,353.1617320873582,40.9,-74.3,False,-2.457236517018032,-0.6980462313420546,-1.619358338667439,1.6232813341133476,1014.6874336888322,1.2100805296319945,1014.4792301936367,1.2745988072346606,1014.8766180954354,0,2.202272318549392,3.3585200828388317,10.871564199580336,2.3637458110985303,11.581759367519188,2.1722215756000485,10.421820040524466,0,0.0,0,126.0,1.7261076571212358e-06
STN_C_inland_fails,2012-10-26 17:00:00,1013.731975284842,7.6475993668391595,15.24460103953373,40.9,-74.3,False,-2.2246955510022417,-1.7552017718971218,0.6665142124071508,0.813887231469714,1013.8274185894597,1.1403541459539994,1014.5482808185026,1.1198208672544827,1014.6044898820777,0,-2.493238887892538,1.3632623287311039,8.575667852584388,2.8136188767986723,10.823295410142078,2.285711430000564,10.307744557716063,0,0.0,0,125.0,1.7261076571212358e-06
STN_C_inland_fails,2012-10-26 18:00:00,1012.2503097818171,8.444788144708493,160.17759396972224,40.9,-74.3,False,-3.202911457805044,-1.7739040300335418,-1.4816655030248285,0.7420742870249867,1013.015915379698,1.4060020343288595,1014.0549510079978,1.292120898143802,1014.3643201925906,0,0.7971887778693336,1.273337875779663,8.744408588759782,2.957441255131527,10.354494669721669,2.2927814905286956,10.029334267054574,0,0.0,0,124.0,1.7261076571212358e-06
STN_C_inland_fails,2012-10-26 19:00:00,1014.7658558398542,8.739834979820738,196.91560352815856,40.9,-74.3,False,0.035492926633878596,-2.0076170883128004,2.5155460580371027,1.264397988173718,1013.5827136355043,1.4351375347819617,1014.1350736621683,1.2800541905323743,1014.3391487992476,0,0.2950468351122453,0.5650282023545504,8.277407497122796,2.5803992531363633,9.574485848351566,2.2761604297516755,10.05340552562514,0,0.0,0,123.0,1.7261076571212358e-06
STN_C_inland_fails,2012-10-26 20:00:00,1014.8115915079223,7.88569025225892,52.82756395475489,40.9,-74.3,False,0.5558048756437302,-3.4679824861256314,0.045735668068118684,1.4657323426599322,1013.9425857098645,1.062211151342246,1013.885002149662,1.2336306872564773,1014.2777707950464,0,-0.8541447275618186,0.43382145019067514,8.35677112559605,0.9127150837796866,8.46621948909022,2.334669488577136,9.980370805411836,0,0.0,0,122.0,1.7261076571212358e-06
STN_C_inland_fails,2012-10-26 21:00:00,1014.5755054926436,7.89622545506278,121.06289895385021,40.9,-74.3,False,-0.10249865286618842,-2.416814122412001,-0.23608601527871542,0.12520756941128777,1014.7176509468067,1.0465713808771366,1013.8667831632524,1.130821540334022,1014.167762574532,0,0.010535202803859889,0.49012774463780157,8.173916895714147,0.9177603458058563,8.459162742236964,2.385121973101913,9.914451408924903,1,0.0,0,121.0,1.7261076571212358e-06
STN_C_inland_fails,2012-10-26 22:00:00,1016.0788376448613,9.711431244333331,355.5530811923262,40.9,-74.3,False,1.2929080324925053,-0.9642109743995491,1.5033321522176948,0.8084611862556402,1015.1553115484758,1.2817347477684649,1014.3690125919902,1.1898104516074135,1014.4241213928134,0,1.8152057892705518,1.0510640020189512,8.497782317218343,0.7643078442080953,8.38759490717057,2.3638443938227907,9.98467713734488,0,0.0,0,120.0,1.7261076571212358e-06
STN_C_inland_fails,2012-10-26 23:00:00,1016.1984660840255,7.566563165413146,5.84296428328972,40.9,-74.3,False,2.007125740497827,-3.0361693637529177,0.11962843916421662,0.9044629718358423,1015.6176030738434,1.4241751219515886,1014.780094391854,1.2359988371307198,1014.6641876051782,0,-2.1448680789201857,1.1549969955653139,8.391406621603085,0.7805430990273445,8.374088873599568,2.3476164225659097,9.598692141870824,0,0.0,0,119.0,1.7261076571212358e-06
STN_C_inland_fails,2012-10-27 00:00:00,1014.829541950508,11.684253921737987,162.90285534877827,40.9,-74.3,False,0.11830213129644562,0.5135401729075131,-1.3689241335175666,0.7581780770065082,1015.7022818931315,0.7259847125758107,1015.2099664199691,1.2255484643371273,1014.6324587139835,0,4.1176907563248415,2.059444324616714,9.654082777161488,1.5652098146523654,8.913999836437817,2.378058390623105,9.634247253079742,0,0.0,0,118.0,1.7261076571212358e-06
STN_C_inland_fails,2012-10-27 01:00:00,1012.8652163702844,8.164492930625855,303.3556638185506,40.9,-74.3,False,-2.6875066195739237,-2.737854727618151,-1.9643255802235444,1.6754642104305129,1014.6310748016059,1.2110999851690847,1014.8931931750409,1.3265180044174016,1014.5141334186046,0,-3.5197609911121326,2.2249200211620037,9.138436672592329,1.5953473777459586,8.818109494905336,2.08314193141243,9.196297671628452,0,0.0,0,117.0,1.7261076571212358e-06
STN_C_inland_fails,2012-10-27 02:00:00,1015.6171656327012,15.619137948766674,116.60445457894383,40.9,-74.3,False,0.6955032568404249,3.3545657160145392,2.751949262416815,1.4172832457902171,1014.4373079844978,1.2444384178686763,1015.0274555291708,1.2540913662006743,1014.4562288394164,0,7.45464501814082,3.7292484070120535,11.822628267043505,3.102983933317801,10.107017444323295,2.342967123554465,9.286618466706758,0,0.0,0,116.0,1.7261076571212358e-06
STN_C_inland_fails,2012-10-27 03:00:00,1015.5552111623816,9.097231111472997,172.7274609918552,40.9,-74.3,False,1.5558137604986086,0.6041659380545692,-0.06195447031961976,1.571259318764098,1014.679197721789,1.237532344545893,1015.1907398074603,1.2930785458309548,1014.5287614853564,0,-6.5219068372936775,4.061547358147296,10.960287330288509,2.96763243139218,10.307185053724998,2.3059447066656844,9.383173897980981,0,0.0,0,115.0,1.7261076571212358e-06
STN_C_inland_fails,2012-10-27 04:00:00,1015.3092004045676,10.144035304689453,352.09646848367277,40.9,-74.3,False,0.7740209617386427,-0.8889935661203854,-0.2460107578140196,0.16289169771012987,1015.4938590665502,1.1648195639654382,1015.0624669340781,1.2225487413541893,1014.715739763034,0,1.046804193216456,3.502566125391847,11.620134788309707,2.955493712832186,10.379285730451018,2.3060403852641516,9.383440318810793,0,0.0,0,114.0,1.7261076571212358e-06
STN_C_inland_fails,2012-10-27 05:00:00,1015.9812352065895,7.409317663378298,170.9556611312534,40.9,-74.3,False,0.43390099280691174,-3.1829574412352155,0.6720348020219262,0.34001190036485157,1015.6152155911795,1.125148814796553,1015.0262617878387,1.2304089611204991,1014.9031780898464,0,-2.734717641311155,1.3798267647844564,8.883528026513583,2.9859637137734825,10.353078146778543,2.3233073951731353,9.363583510189056,0,0.0,0,113.0,1.7261076571212358e-06
STN_C_inland_fails,2012-10-27 06:00:00,1013.8348598608468,13.412183566090476,47.13167237273966,40.9,-74.3,False,-1.2725470931001155,2.1081862316617848,-2.14637534574274,1.0978947990587555,1015.0417651573347,1.2284657415803906,1014.8604814395618,0.979207873754407,1015.0352239297655,0,6.002865902712179,3.005380527269425,10.321845511386075,3.21460324290611,10.641066420837292,2.5737495786000024,9.777533128637554,0,0.0,0,112.0,1.7261076571212358e-06
STN_C_inland_fails,2012-10-27 07:00:00,1017.0083582060129,12.239001438130291,18.61973699990078,40.9,-74.3,False,2.6821839661841977,4.0866206079105805,3.173498345166081,1.6193105800275118,1015.6081510911498,1.0312123854829138,1015.5510050788499,1.1260938235025248,1015.2220991269454,0,-1.1731821279601853,3.1816295802468955,11.020167555866356,3.010694721066814,11.320151172088032,2.642789804505492,10.069130333496684,0,0.0,0,111.0,1.7261076571212358e-06
STN_C_inland_fails,2012-10-27 08:00:00,1014.040067962651,10.593831858458293,340.34996607838144,40.9,-74.3,False,-1.1436256280671842,-0.08072339455226718,-2.968290243361821,1.7759480604574855,1014.9610953431702,1.198416385063499,1015.2881554671749,1.1727216755872638,1015.1578054981728,0,-1.6451695796719985,1.415747482142455,12.08167228755969,2.152148495792511,10.482600157036634,2.5535082696364504,10.294808800679965,0,0.0,0,110.0,1.7261076571212358e-06
STN_C_inland_fails,2012-10-27 09:00:00,1015.748584255845,7.306395080489165,95.69138877902364,40.9,-74.3,False,1.1258267516636806,-3.652243518117488,1.7085162931939522,1.4897877532539734,1015.5990034748362,1.2095828117846605,1015.3203843160854,1.168655307594958,1015.2555620617728,0,-3.287436777969128,2.5114547243401875,10.046409459025917,2.4816620003784364,10.184127485205996,2.6089508890352167,10.245656269465497,0,0.0,0,109.0,1.7261076571212358e-06
STN_C_inland_fails,2012-10-27 10:00:00,1013.3118454537836,10.421334025230207,181.46300636323832,40.9,-74.3,False,-2.4139022218496393,-1.186333186600642,-2.436738802061427,1.250801871867232,1014.3668325574266,1.4618243196606042,1014.9874918242881,1.2607911870946047,1015.0249793791832,0,3.1149389447410423,1.850218036749409,9.440520321392555,2.483347547843473,10.230343938629455,2.6037794492186435,10.304814834540236,0,0.0,0,108.0,1.7261076571212358e-06
STN_C_inland_fails,2012-10-27 11:00:00,1014.0687185388692,7.757138314928179,32.6526357923887,40.9,-74.3,False,-0.507978443432421,-1.2388081938827487,0.7568730850856582,1.247163560742716,1014.3763827494994,1.40937221110472,1014.6687390463347,1.2301114863164528,1014.8475004170867,0,-2.664195710302028,1.6834465081913084,8.494955806882517,2.407217016698344,10.288314047221101,2.5860807217423956,10.320696096999823,0,0.0,0,107.0,1.7261076571212358e-06
STN_C_inland_fails,2012-10-27 12:00:00,1016.5150905337744,12.924711138124682,152.5158433982178,40.9,-74.3,False,2.4676802995078333,-0.30590921655234027,2.446371994905121,1.674234742943119,1014.6318848421424,1.5131448524843358,1015.1154441584894,1.3207675137212962,1014.9879627990255,0,5.167572823196503,2.584203443848628,10.367727826094358,2.285864947136769,10.207068642560136,2.6690026234515485,10.424067531698713,0,0.0,0,106.0,1.7261076571212358e-06
STN_C_inland_fails,2012-10-27 13:00:00,1014.7374975651035,11.61839037750513,334.8379869300447,40.9,-74.3,False,0.0763879852466971,1.1058560765474024,-1.7775929686708878,1.264373236407156,1015.1071022125824,1.1956829638943276,1014.7369673850044,1.1462688789607614,1015.1439862319271,0,-1.3063207606195526,2.6869918218278777,10.766746610185997,2.1874541330869453,10.103633465789276,2.588188861808911,10.711892318938654,0,0.0,0,105.0,1.7261076571212358e-06
STN_C_inland_fails,2012-10-27 14:00:00,1015.8379181250173,10.190879437177037,180.8686777071378,40.9,-74.3,False,0.7541906323677949,1.3257480508870252,1.1004205599138004,0.8971551930161864,1015.6968354079651,1.211280447301355,1015.0366090787321,1.156280774593454,1015.1623822729536,0,-1.4275109403280926,1.3673634717640677,11.577993650935616,2.1755474502528243,10.036474728909065,2.076291120201061,10.259537442972851,0,0.0,0,104.0,1.7261076571212358e-06
STN_C_inland_fails,2012-10-27 15:00:00,1015.2344545285682,5.127250689204755,349.60865464883807,40.9,-74.3,False,-0.5366585597195126,-3.865862352314319,-0.6034635964490462,0.5510686503601281,1015.269956739563,1.1682620325244555,1014.9509207908527,1.1500649651790213,1015.135652553469,0,-5.063628747972282,3.4110853120152296,8.978840167962305,2.811431460322574,9.673283997028332,2.5423119204468834,9.928705741117165,0,0.0,0,103.0,1.7261076571212358e-06
STN_C_inland_fails,2012-10-27 16:00:00,1014.8919294732552,8.03317101652513,93.18082940546388,40.9,-74.3,False,-0.5496722024802239,-2.210410929014353,-0.34252505531298993,0.4789548091106422,1015.3214340422802,0.8631317373443552,1015.2142681274313,1.150648677241725,1015.1008799758597,0,2.905920327320376,2.5410107790200875,7.7837670476356395,2.8530885813525653,9.275256828910818,2.598464960205524,9.752800383770136,0,0.0,0,102.0,1.7261076571212358e-06
STN_C_inland_fails,2012-10-27 17:00:00,1016.3599865883839,11.375526631174962,181.63628629341738,40.9,-74.3,False,1.3370564292284826,1.1189471203103682,1.4680571151286586,0.7680426989512005,1015.4954568634024,0.7550343082067438,1015.5961461356837,1.1817662400810067,1015.1324425910092,0,3.342355614649831,3.126677316537984,8.178649445634948,2.850435031727705,9.878321548285284,2.5244738376264357,10.083317797753192,0,0.0,0,101.0,1.7261076571212358e-06
STN_C_inland_fails,2012-10-27 18:00:00,1014.7585566600048,12.425773770669158,309.43108505135706,40.9,-74.3,False,0.2836037782983567,0.7043482647984085,-1.6014299283790479,0.8885904396012694,1015.336824240548,0.6623059938653114,1015.3033904900554,1.1179223562729235,1015.2094173242723,0,1.0502471394941963,2.2938075720117492,10.61149047278975,2.7492701901889784,9.795165320376029,2.4201299498642705,10.001116981468082,0,0.0,0,100.0,1.7261076571212358e-06
STN_C_inland_fails,2012-10-27 19:00:00,1013.2133519580273,12.218348921503077,161.37084763934777,40.9,-74.3,False,-2.260381160238353,1.5631106910389008,-1.5452047019775819,1.5734010340384694,1014.7772984021386,1.0820445867406634,1015.0493662222094,1.0993870312660523,1014.893166803607,0,-0.20742484916608106,0.5562363908658743,12.006549774449065,2.8383132434616987,9.895158411042352,2.4184005572278773,9.999395938415814,0,0.0,0,99.0,1.7261076571212358e-06
STN_C_inland_fails,2012-10-27 20:00:00,1014.1894780596336,6.815987472270496,100.61545448526826,40.9,-74.3,False,-1.5835203240502551,-2.138115693710029,0.9761261016063827,0.781486851099133,1014.0537955592221,1.0506001661587205,1014.7746262113122,1.0896500782864715,1014.9056176450222,0,-5.402361449232581,3.180624587768552,10.486703388147577,3.0911369145498613,9.332676416891264,2.5748197969773123,9.684575572900163,0,0.0,0,98.0,1.7261076571212358e-06
STN_C_inland_fails,2012-10-27 21:00:00,1015.5422418969529,10.603124059460606,307.9711308304374,40.9,-74.3,False,1.095893048320704,1.334768090063882,1.3527638373192303,1.1695099054319522,1014.3150239715378,1.0845097013057876,1014.8259241060429,1.0766893642495166,1014.8884224484478,0,3.78713658719011,2.7729906873611045,9.879153484411393,2.3111268790804393,10.245321978600572,2.47182218199783,9.959302987814452,0,0.0,0,97.0,1.7261076571212358e-06
STN_C_inland_fails,2012-10-27 22:00:00,1015.3845366876628,12.031058367260155,140.36020879413925,40.9,-74.3,False,0.6962412732158327,3.1876839020054906,-0.15770520929004306,0.7397078316273497,1015.0387522147498,1.1088781830625551,1014.9080253084443,0.9607946567562577,1015.0611467179377,0,1.427934307799548,2.6950066282291156,9.816723299663753,2.113666448707127,10.91163653705641,2.5418625453657326,10.093446682983613,0,0.0,0,96.0,1.7261076571212358e-06
STN_C_inland_fails,2012-10-27 23:00:00,1013.4195232446485,6.683368819004329,191.06038478168426,40.9,-74.3,False,-1.142970920201833,-2.5941391205706967,-1.9650134430142998,1.1826582516450543,1014.7821006097547,0.9812692644935775,1014.4179480844883,1.0370098107528183,1015.0070471100861,0,-5.3476895482558255,2.7689125734663445,9.772517081908363,2.6956109636097456,10.12961023502797,2.6482572262188238,10.003965891656627,0,0.0,0,95.0,1.7261076571212358e-06
STN_C_inland_fails,2012-10-28 00:00:00,1014.2592885553827,9.98424785053026,351.54974390945245,40.9,-74.3,False,-0.842833112254084,0.8573223448463789,0.8397653107341512,0.9859569773858812,1014.3544494958979,0.9676839068908091,1014.3347367337179,0.9385761539710183,1014.8190636118867,0,3.3008790315259304,2.69824075947917,9.566225012264914,2.4530327123637066,9.722689248338154,2.4844066179416493,9.75892728435709,0,0.0,0,94.0,1.7261076571212358e-06
STN_C_inland_fails,2012-10-28 01:00:00,1014.3983604339377,10.547765425353571,67.133986112111,40.9,-74.3,False,0.10944884042214653,0.5416197683086263,0.1390718785550007,0.5295704245967862,1014.0257240779896,0.7993202149776416,1014.5322381463698,0.9463293108015768,1014.7908021842895,0,0.5635175748233117,2.0875390443081554,9.071794031629386,2.1942716056578355,9.44425866564657,2.430192313344492,9.66970853834446,0,0.0,0,93.0,1.7261076571212358e-06
STN_C_inland_fails,2012-10-28 02:00:00,1014.6103538177355,9.39858461403918,108.50422921926685,40.9,-74.3,False,-0.8054225721166404,-3.654171183179253,0.21199338379778965,0.17679036578524143,1014.4226676023519,0.7814932984298015,1014.6023841060534,0.8873589235680612,1014.6885051586827,0,-1.149180811314391,0.5746259683198546,9.97686596330767,1.7920257466860727,9.874691522608016,2.4255038770019866,9.60368396974964,0,0.0,0,92.0,1.7261076571212358e-06
STN_C_inland_fails,2012-10-28 03:00:00,1013.5948143146433,6.295836149378627,11.18505602514238,40.9,-74.3,False,-1.5845097791573153,-4.139933520949527,-1.0155395030922136,0.5357157273129753,1014.2011761887721,0.7146249454799383,1014.2778128423352,0.9212406850082627,1014.5518684741891,0,-3.1027484646605528,2.1994911206890446,8.747395396257126,2.2468756833561794,9.15681020426102,2.2462769720534608,9.701066091430796,0,0.0,0,91.0,1.7261076571212358e-06
STN_C_inland_fails,2012-10-28 04:00:00,1014.3362758396031,9.348827379042866,141.06157556761897,40.9,-74.3,False,-0.22692979841338,-0.40089742052019517,0.7414615249598455,0.5253894449879288,1014.1804813239938,0.479350083929125,1014.1031027009917,0.9165467726568971,1014.505564004718,0,3.052991229664239,1.7771831300213548,8.347749380820224,1.7786938613957668,8.709771706224805,2.1888418428795755,9.810704121640606,0,0.0,0,90.0,1.7261076571212358e-06
STN_C_inland_fails,2012-10-28 05:00:00,1014.2287988652738,9.345700504606356,72.06603501054944,40.9,-74.3,False,-1.5000330726217044,-1.291842579876679,-0.10747697432930181,0.40067711511023407,1014.05329633984,0.343000484656222,1014.237981971096,0.7070975833058267,1014.3279650277922,0,-0.003126874436510718,1.7617433511080012,8.330121344342617,1.4788861374302646,9.153493653825143,2.1346816691228327,9.641551944426556,1,0.0,0,89.0,1.7261076571212358e-06
STN_C_inland_fails,2012-10-28 06:00:00,1015.7203514222459,9.70428684859798,244.8125767468409,40.9,-74.3,False,1.7993209263454446,-0.029641841194610663,1.491552556972124,0.8318599189657523,1014.7618087090409,0.6970549138654242,1014.4814924489065,0.8076959488021244,1014.4081145913124,0,0.3585863439916235,0.20613320043828331,9.466271577415734,1.451597645243437,9.10683348683643,1.9484343601731784,9.414761367587293,0,0.0,0,88.0,1.7261076571212358e-06
STN_C_inland_fails,2012-10-28 07:00:00,1015.7477688838172,8.873652919408213,65.27572515570685,40.9,-74.3,False,0.12361893717525163,-2.216254478506386,0.027417461571303647,0.8691711247551704,1015.2323063904456,0.8628428572630673,1014.7063938572197,0.7981822329449968,1014.6193160017948,0,-0.8306339291897658,0.4166064916101053,9.30788009087085,1.2685943530965056,8.827814735845537,1.73888174401325,9.136036700746054,0,0.0,0,87.0,1.7261076571212358e-06
STN_C_inland_fails,2012-10-28 08:00:00,1014.7808291087083,9.114794324079172,242.9325908661131,40.9,-74.3,False,0.07337563189901175,-1.974402998867351,-0.9669397751089264,0.550518910291297,1015.4163164715904,0.8618540783285135,1014.7348064057152,0.7874139569421118,1014.6685952558843,0,0.2411414046709588,0.42731786331169974,9.230911364028456,1.2481838303956139,8.780516354185535,1.5793627499092824,9.327603938396777,0,0.0,0,86.0,1.7261076571212358e-06
STN_C_inland_fails,2012-10-28 09:00:00,1014.520460559402,9.921707303452855,94.85115414815436,40.9,-74.3,False,-0.2028392700948416,1.547224843311179,-0.26036854930634945,0.6466645231930112,1015.0163528506424,0.6808114189274459,1014.8890807798417,0.7380509023155983,1014.5834468110884,0,0.8069129793736831,0.5488891395724899,9.30338484898008,0.38140228032296314,9.384828213197906,1.541120218797845,9.270819208729463,0,0.0,0,85.0,1.7261076571212358e-06
STN_C_inland_fails,2012-10-28 10:00:00,1015.0358209019302,10.886434370730395,127.87842028363193,40.9,-74.3,False,-0.3103535550479819,1.759127810121539,0.5153603425281972,0.2576848458650558,1014.7790368566801,0.6248039297492892,1015.005671623563,0.7099727426230282,1014.5543871622773,0,0.9647270672775399,0.8869907295192038,9.974311999420808,0.7192807906943839,9.64109604514583,1.3819511442142043,9.175433875685316,0,0.0,0,84.0,1.7261076571212358e-06
STN_C_inland_fails,2012-10-28 11:00:00,1014.0598762762149,9.39321439638451,125.5898347367031,40.9,-74.3,False,-1.7676405795165238,-1.417811100226892,-0.9759446257152149,0.48822844329124104,1014.5387192458489,0.6690502974807051,1014.9775178587197,0.6372617667106357,1014.6077499149079,0,-1.4932199743458856,0.7571557478424386,10.067118690189254,0.7156304638680119,9.649015027108854,1.137492462937647,9.401254340466998,0,0.0,0,83.0,1.7261076571212358e-06
STN_C_inland_fails,2012-10-28 12:00:00,1013.7069080826304,9.183493546121152,258.03063005889936,40.9,-74.3,False,-2.1410396713295086,2.4208325992783015,-0.35296819358450193,0.68836324464152,1014.2675350869252,0.7245867772941137,1014.6419439687838,0.683027473463505,1014.5617182088453,0,-0.2097208502633574,0.9285917814035768,9.821047437745353,0.7387943965370242,9.562216143362717,1.123585353465681,9.334524815099574,0,0.0,0,82.0,1.7261076571212358e-06
STN_C_inland_fails,2012-10-28 13:00:00,1013.887065190769,10.188459366735405,167.9433347298035,40.9,-74.3,False,-0.21583302878764243,-1.5679466139114417,0.18015710813858732,0.17649683686521045,1013.8846165165381,0.528220946899173,1014.3318266866091,0.7095758990262576,1014.5191102719144,0,1.0049658206142524,0.5301499313883729,9.588389103080356,0.6868810276733439,9.781350551250581,1.0926771771541814,9.30458264354806,0,0.0,0,81.0,1.7261076571212358e-06
STN_C_inland_fails,2012-10-28 14:00:00,1014.1617440667881,6.163187049043421,130.0676035869659,40.9,-74.3,False,-1.3780894385430429,-2.783529248451183,0.2746788760190384,0.2290490635290877,1013.9185724467292,0.48135933591750013,1014.228645846289,0.7161190764869473,1014.4817261260023,0,-4.025272317691984,2.0950347995705823,8.511713320633326,1.6464410145079762,9.28941600541129,1.4180842072903226,9.034966179798412,0,0.0,0,80.0,1.7261076571212358e-06
STN_C_inland_fails,2012-10-28 15:00:00,1013.5974852844074,10.960755330718692,306.94417885420194,40.9,-74.3,False,-1.2151886728528325,0.8592290892100714,-0.564258782380648,0.28216218166906715,1013.8820981806548,0.5157055981374896,1014.07481663379,0.7158187022311857,1014.4819487068158,0,4.797568281675272,2.5760408803982866,9.104133915499173,1.775808893181697,9.462590676622263,1.2252259763684068,9.423709444910084,0,0.0,0,79.0,1.7261076571212358e-06
STN_C_inland_fails,2012-10-28 16:00:00,1014.8818928730884,10.007738707368004,205.90222523083298,40.9,-74.3,False,0.06709806129435947,0.6629174857226339,1.284407588681006,0.6437785761381537,1014.2137074080947,0.4590545064363648,1014.0491619623164,0.7230168581416603,1014.5274167929397,0,-0.9530166233506883,2.5398648112070146,9.04389369571004,1.6678523490338406,9.316141399395198,1.2362799085667064,9.478618722270513,0,0.0,0,78.0,1.7261076571212358e-06
STN_C_inland_fails,2012-10-28 17:00:00,1015.4021676332088,10.091090432376001,76.97909566007921,40.9,-74.3,False,0.8902213885718311,0.39694195572715074,0.520274760120401,0.9289121827847322,1014.627181930235,0.7188704659161413,1014.2728771884821,0.7574821125455542,1014.625197523601,0,0.08335172500799715,0.5278107662559223,10.353194823487565,1.6983575136470102,9.432454072060446,1.247667713872577,9.54073454958465,1,0.0,0,77.0,1.7261076571212358e-06
STN_C_inland_fails,2012-10-28 18:00:00,1013.0309154034009,11.936850814505261,324.0328601317257,40.9,-74.3,False,-1.786876901989558,0.8295532222227955,-2.371252229807965,1.2463039060008256,1014.4383253032328,0.8636967944358659,1014.1602117419438,0.8006354617016505,1014.4010778553637,0,1.84576038212926,1.0905084762167365,10.678559984749755,1.9681776789543801,9.891346950124465,1.4277345037545108,9.72678154674359,0,0.0,0,76.0,1.7261076571212358e-06
STN_C_inland_fails,2012-10-28 19:00:00,1014.5807688496863,6.114496697577655,123.35410657211062,40.9,-74.3,False,-0.013343335150125313,-3.3701544076324996,1.5498534462853968,1.2041303088330568,1014.3379506287653,0.8662466021076819,1014.27582901843,0.6846638152183081,1014.3038278525195,0,-5.822354116927606,2.9754533711346522,9.380812648152972,2.4810781372935935,9.212353171931506,1.7609151907894867,9.496851861591045,0,0.0,0,75.0,1.7261076571212358e-06
STN_C_inland_fails,2012-10-28 20:00:00,1014.2644366389736,6.078552832076058,14.032575913435341,40.9,-74.3,False,-0.20606112029724954,-3.5219927435755274,-0.3163322107126305,0.818910496849383,1013.9587069640202,0.8645545281862861,1014.2929444471275,0.6679826918435583,1014.2607951467083,0,-0.035943865501597116,3.3719617108172453,8.043300114719658,2.5020327862271268,9.198247469103611,2.0198923349814484,9.24383173725745,1,0.0,0,74.0,1.7261076571212358e-06
STN_C_inland_fails,2012-10-28 21:00:00,1014.7446772427742,10.581613939096238,178.05608063080305,40.9,-74.3,False,0.08703615518561492,-1.2451235313780327,0.4802406038005529,0.24411850482828343,1014.529960910478,0.8047770085928363,1014.4841431068554,0.6789521319459362,1014.2794798703226,0,4.50306110702018,2.589529807529349,7.5915544895833165,2.452922791787329,9.135057237166537,2.0488016830188505,9.2988239568944,0,0.0,0,73.0,1.7261076571212358e-06
STN_C_inland_fails,2012-10-28 22:00:00,1014.297962379431,10.029674434875798,44.61769959871601,40.9,-74.3,False,-1.4333157797552758,-0.7250454226386349,-0.44671486334311794,0.2681135275533094,1014.4356920870596,0.7820434025832635,1014.3868213579125,0.6363001163922192,1014.2179916601144,0,-0.5519395042204405,2.4560659081136196,8.896613735349364,2.454499456032914,9.138713191751167,2.0028601706700466,9.227427295573182,0,0.0,0,72.0,1.7261076571212358e-06
STN_C_inland_fails,2012-10-28 23:00:00,1012.7527569302936,10.39679573907594,85.84791973766731,40.9,-74.3,False,-0.6380261125069637,-1.203818895883007,-1.5452054491374838,1.0452241051915976,1013.9317988508329,0.8399168689440438,1013.9452529074266,0.7647452621706262,1014.1090650479542,0,0.36712130420014155,0.28094276860108813,10.336028037682658,2.4812501377327902,9.189664076201158,2.031164990323378,9.311059074130801,0,0.0,0,71.0,1.7261076571212358e-06
STN_C_inland_fails,2012-10-29 00:00:00,1012.8258434657982,9.1479774493448,268.95991416746796,40.9,-74.3,False,-1.2832359884708922,-1.8898500870201733,0.0730865355046717,0.8717927522808626,1013.292187591841,0.8873958617389647,1013.9110742511594,0.8449543456576804,1014.0356429965517,0,-1.2488182897311386,0.641835226396299,9.858149207765512,2.094822741359728,8.724851848674414,2.0313936311933363,9.30809939939944,0,0.0,0,70.0,1.7261076571212358e-06
STN_C_inland_fails,2012-10-29 01:00:00,1013.9845671814282,11.42073598923933,47.07065281547469,40.9,-74.3,False,-0.12225481308030339,0.28900646892311066,1.1587237156300034,0.6910546029583431,1013.1877225258401,0.8288576107456744,1013.8117073064499,0.8438638118997912,1014.0437681624398,0,2.2727585398945287,1.1382319723541408,10.321836392553356,1.8816244561381417,9.609225063951362,2.109584588200269,9.410789117941432,0,0.0,0,69.0,1.7261076571212358e-06
STN_C_inland_fails,2012-10-29 02:00:00,1014.8343982541008,11.982009325270196,290.49992076745286,40.9,-74.3,False,1.0561306432932724,-0.09610901063023647,0.8498310726726004,1.0082283007705282,1013.8816029671092,0.9188922584520178,1013.906700908971,0.8742082020873384,1014.0998226780492,0,0.561273336030867,1.5006773921668328,10.850240921284774,1.0058374902213099,10.593134479483716,1.958582857709119,9.895690974293665,0,0.0,0,68.0,1.7261076571212358e-06
STN_C_inland_fails,2012-10-29 03:00:00,1011.4239144395731,11.115373575532411,337.2866237271433,40.9,-74.3,False,-2.651684954076586,0.1531682209453411,-3.4104838145277654,1.7753194625940956,1013.4142932917007,1.2526714092136342,1013.3532404417707,1.1646724462971139,1013.9186917743132,0,-0.8666357497377852,0.439570146879795,11.506039630013978,1.0279750006055315,10.682094418889745,1.966718222794709,9.908575828028141,0,0.0,0,67.0,1.7261076571212358e-06
STN_C_inland_fails,2012-10-29 04:00:00,1013.7966957657351,9.663666007685041,218.3515561468601,40.9,-74.3,False,0.8338253977110526,-1.540470414077534,2.3727813261619985,1.748252342831024,1013.3516694864696,1.1923257395383042,1013.2696960061548,1.1245229258376015,1013.8282586820336,0,-1.4517075678473699,1.171411408192454,10.92034963616255,1.0837786281735566,10.621093014357951,1.9676489960488646,9.879903103054561,0,0.0,0,66.0,1.7261076571212358e-06
STN_C_inland_fails,2012-10-29 05:00:00,1014.4321446603514,6.016576433139563,255.72930912821855,40.9,-74.3,False,1.1295994342123095,-3.8437656224835566,0.6354488946162746,1.585524917319158,1013.2175849552199,1.2427555688877083,1013.5495939611643,1.032171002348296,1013.7474234342955,0,-3.647089574545478,2.626989707078469,8.931872005452338,2.182953231691507,9.891056463368557,2.2580218440662905,9.540360269784857,0,0.0,0,65.0,1.7261076571212358e-06
STN_C_inland_fails,2012-10-29 06:00:00,1012.8579791872997,11.827506403760628,256.89117956667025,40.9,-74.3,False,-0.17797937296109012,1.432819228566295,-1.5741654730516075,0.7919365556274676,1013.6956065377954,1.2390763591045895,1013.5549499147479,1.0442214074081138,1013.7330120829538,0,5.810929970621065,2.9368456646519348,9.169249614861744,2.272771440615992,10.337644622437862,2.2476687577111463,9.53124823555614,0,0.0,0,64.0,1.7261076571212358e-06
STN_C_inland_fails,2012-10-29 07:00:00,1013.3048119826611,12.802018706135541,357.4108646173602,40.9,-74.3,False,0.9038694926106245,3.602489228518815,0.446832795361388,0.8112269975920747,1013.5316452767707,1.2229094749263616,1013.4416573816202,1.0145923254011613,1013.6266823440351,0,0.9745123023749134,3.668760194559443,10.215367181011912,2.4661513537477786,10.56785840858723,2.1504544791527405,10.088541736269294,0,0.0,0,63.0,1.7261076571212358e-06
STN_C_inland_fails,2012-10-29 08:00:00,1011.7684227960907,11.731957896228415,122.95377439258424,40.9,-74.3,False,-0.4106619441214434,2.8903903121086874,-1.5363891865704318,0.7902831147997038,1012.6437379886838,1.1636858546421438,1012.930661471952,1.1221164136072077,1013.4186811904615,0,-1.070060809907126,0.5921477689550351,12.120494335374863,2.4394424095301055,10.5261831704136,1.7793356539629746,10.559658824948658,0,0.0,0,62.0,1.7261076571212358e-06
STN_C_inland_fails,2012-10-29 09:00:00,1012.0404196511377,8.785220414204082,58.6283584473729,40.9,-74.3,False,0.05122581954526595,-3.5041588000111332,0.27199685504695026,0.8198741762976491,1012.3712181432965,1.0227141609887165,1013.033412340546,1.102992607564456,1013.1933263911584,0,-2.946737482024334,2.0801827020292243,11.10639900552268,2.5113051071592256,10.137824310192212,1.851427448538868,10.40995936454098,0,0.0,0,61.0,1.7261076571212358e-06
STN_C_inland_fails,2012-10-29 10:00:00,1010.1967061329627,12.014128579630054,186.90020456915573,40.9,-74.3,False,-1.1747441144161712,-0.7355032421539818,-1.8437135181749227,0.9952851430100019,1011.3351828600638,1.4514843600302432,1012.4334140684172,1.339617992396393,1012.8515550372862,0,3.228908165425972,1.7883292958929078,10.843768963354185,2.604157417344115,10.529568072183048,1.9022998112593503,10.5753305432705,0,0.0,0,60.0,1.7261076571212358e-06
STN_C_inland_fails,2012-10-29 11:00:00,1009.0987919932057,12.533365824122033,191.96993153941497,40.9,-74.3,False,-1.4609001963491437,-0.5831372813595372,-1.0979141397569947,1.48648737371308,1010.4453059257686,1.607360540164597,1011.5445219572262,1.724191187810537,1012.5470579591953,0,0.519237244491979,2.0307654251008853,11.110904939318722,1.4476325850899427,11.615699637346793,1.982372472075776,10.753378050357675,0,0.0,0,59.0,1.7261076571212358e-06
STN_C_inland_fails,2012-10-29 12:00:00,1011.9772757007954,14.103193426731304,64.04849578661201,40.9,-74.3,False,0.9800950074478578,1.7452773753841768,2.8784837075896803,1.452670638226376,1010.4242579423212,1.5000581543754725,1011.397738042809,1.7291120325536056,1012.4763439787785,0,1.569827602609271,1.087670136375257,12.88356261016113,1.7752655302937608,11.994980807841905,2.128285231994684,11.166312715139883,0,0.0,0,58.0,1.7261076571212358e-06
STN_C_inland_fails,2012-10-29 13:00:00,1009.6049840600962,9.438245836206303,220.71939083789022,40.9,-74.3,False,-1.1411471078582736,-1.6672104856172503,-2.3722916406992454,1.5367534226377424,1010.2270172513657,1.3073984641451228,1010.7811000557148,1.8404467711769537,1012.1113787186674,0,-4.664947590525001,2.3736702405014842,12.024935029019879,1.9878427540629504,11.434351996187033,2.1829825299017283,11.001105202387132,0,0.0,0,57.0,1.7261076571212358e-06
STN_C_inland_fails,2012-10-29 14:00:00,1009.6523340211205,10.978685543674537,5.084904051656629,40.9,-74.3,False,0.17758707243820027,-0.6132164892682308,0.04734996102433797,1.356181124898791,1010.4115312606706,1.2727493864472288,1010.4284185932197,1.7491280195758578,1011.6795400325858,0,1.5404397074682343,2.37687610201477,11.506708268870716,1.9890745006537625,11.308806604094718,2.1611020233723726,10.91749488725416,0,0.0,0,56.0,1.7261076571212358e-06
STN_C_inland_fails,2012-10-29 15:00:00,1008.2001464172654,13.208474149359933,333.96062488351976,40.9,-74.3,False,-0.4454875686745936,-0.37942642282484584,-1.4521876038551227,0.8250918795568338,1009.1524881661607,1.2655555879622524,1009.7883730542411,2.0187465939308367,1011.4108926973935,0,2.229788605685396,1.8955884421332256,11.208468509746924,1.6590041653285443,12.046015559954027,2.2606982498597854,11.09191993507312,0,0.0,0,55.0,1.7261076571212358e-06
STN_C_inland_fails,2012-10-29 16:00:00,1007.6147592868994,12.157667426952276,95.24674001565418,40.9,-74.3,False,-1.7840891361123568,0.742819889883295,-0.5853871303660299,1.0490660708990245,1008.4890799084284,1.513601051677403,1009.3580485798971,2.139723720892548,1010.8957313241572,0,-1.050806722407657,1.1155081259974784,12.114942373328915,1.6594872438595132,12.069938701174399,2.2319150736975506,11.299753386678722,0,0.0,0,54.0,1.7261076571212358e-06
STN_C_inland_fails,2012-10-29 17:00:00,1008.2471840368191,10.189433528347244,14.241675020469051,40.9,-74.3,False,-0.7272819742059937,-1.0122438704064152,0.6324247499197782,0.3523378336914833,1008.0206965803278,1.5811941113152062,1009.2161139204994,1.946637323816413,1010.3803179388628,0,-1.9682338986050318,1.532576573334352,11.851858368219817,1.7986303011761855,11.679283318545266,1.556969199267982,11.647491477946028,0,0.0,0,53.0,1.7261076571212358e-06
STN_C_inland_fails,2012-10-29 18:00:00,1007.0448287411085,13.692955035843255,38.969798930948535,40.9,-74.3,False,-1.6713312540584866,-0.8436264257352999,-1.2023552957106176,0.6014482726991134,1007.6355906882756,1.052283251462525,1008.3940394272181,1.9966788028455171,1009.8958887350136,0,3.5035215074960107,1.7562135251310347,12.013351997047593,1.6927397388729706,11.610910253397257,1.6658933777247513,11.802945530619581,0,0.0,0,52.0,1.7261076571212358e-06
STN_C_inland_fails,2012-10-29 19:00:00,1007.4620230346501,14.525409037678356,86.48962138067103,40.9,-74.3,False,-0.8401554166673577,0.3128716784885892,0.41719429354157,0.6104898490761634,1007.5846786041926,0.9136068664984004,1008.0368792563104,1.791700173794712,1009.4089896560126,0,0.8324540018351012,2.30102608402488,12.802599200622952,1.6605701855233395,12.458770786975933,1.8264063661242809,11.946561391581483,0,0.0,0,51.0,1.7261076571212358e-06
STN_C_inland_fails,2012-10-29 20:00:00,1006.801931745784,14.119637509653833,98.60622069817627,40.9,-74.3,False,-0.16942462121983226,1.423827806447953,-0.660091288866056,0.333858886974126,1007.1029278405143,0.5890087606533542,1007.5618122104211,1.7706292683658185,1008.9951154018204,0,-0.4057715280245233,0.4162707715704599,14.112667194391813,1.5944296434487488,12.982262781305815,1.9281286975254652,12.145534692700267,0,0.0,0,50.0,1.7261076571212358e-06
STN_C_inland_fails,2012-10-29 21:00:00,1005.8910065840901,15.0364077851895,11.811599819182321,40.9,-74.3,False,0.6388662974654835,-1.379407990612247,-0.9109251616939673,0.7888385816821568,1006.7183204548413,0.8037524105250139,1007.1769555715586,1.6975048058549687,1008.4826643128998,0,0.9167702755356668,0.45939053665670976,14.560484777507229,1.8067915941792734,13.28691838727741,1.7761928874433925,12.66646697361572,0,0.0,0,49.0,1.7261076571212358e-06
STN_C_inland_fails,2012-10-29 22:00:00,1004.9849947343255,14.81788524419172,100.56773238974249,40.9,-74.3,False,1.318320117114581,0.6066621742814107,-0.9060118497645817,0.9084696129249965,1005.8926443547331,1.1567626929431185,1006.7386614794628,1.8763844998241506,1008.0483550296799,0,-0.21852254099778,0.47884752928542357,14.657976846345017,1.8006482890170175,13.730288023483984,1.864779794034766,12.900113362329192,0,0.0,0,48.0,1.7261076571212358e-06
STN_C_inland_fails,2012-10-29 23:00:00,1005.4562761868041,19.120946765581778,69.45902513765357,40.9,-74.3,False,1.9217613954583612,4.064325856698936,0.47128145247859266,0.45312878919858934,1005.4440925017399,0.9758254899130843,1006.273510171127,1.9826245575837413,1007.7448120458133,0,4.303061521390058,2.4237556683837775,16.325079931654333,1.9716947517592902,15.218873563023074,2.5796291676505665,13.44907844078417,0,0.0,0,47.0,1.7261076571212358e-06
STN_C_inland_fails,2012-10-30 00:00:00,1001.8996880566641,15.289350663481482,136.30353387642668,40.9,-74.3,False,-0.6765347763066529,-0.8834585941862585,-3.5565881301399713,1.931775635265202,1004.113652992598,1.9434240766886575,1005.4159867237198,2.1537995945933237,1006.9050130754689,0,-3.8315961021002956,2.360075803446543,16.409394224418328,1.8270026896906115,15.48493950096278,2.6292211271757737,13.547924877180018,0,0.0,0,46.0,1.7261076571212358e-06
STN_C_inland_fails,2012-10-30 01:00:00,1001.9589664394631,16.945475468669205,138.66038544814893,40.9,-74.3,False,0.7712256381912539,-1.1853338132500078,0.059278382798993334,2.0365006147333586,1003.1049768943104,2.078554227714158,1004.4988106245219,2.3994149826795885,1006.2678449404162,0,1.6561248051877229,1.921655251065156,17.118590965910823,1.8398935017336662,15.888283906127919,2.4494561158302655,14.173527346551927,0,0.0,0,45.0,1.7261076571212358e-06
STN_C_inland_fails,2012-10-30 02:00:00,1002.1526658125293,19.27967135714915,122.04278661703647,40.9,-74.3,False,1.2992051813130274,-0.1461620919736717,0.19369937306623797,0.13230716699822712,1002.0037734362189,1.907844578629124,1003.7239329689793,2.4143879799964547,1005.6428725897003,0,2.3341958884799467,2.004739345254397,17.17149916309995,2.0426346241023876,16.74828954737714,2.63061837330637,14.865276164341479,0,0.0,0,44.0,1.7261076571212358e-06
STN_C_inland_fails,2012-10-30 03:00:00,1001.2520958552822,22.265755356110844,118.05259807105344,40.9,-74.3,False,1.1270775595953637,-0.7125526648531384,-0.9005699572471713,0.4740273757352729,1001.7879093690916,1.7903375781896105,1002.9507811808447,2.573259038100773,1005.0638683762016,0,2.9860839989616927,2.666787898557813,19.4969673939764,2.8164904794399708,17.953180809197363,3.3208376188509483,15.620049598237387,0,0.0,0,43.0,1.7261076571212358e-06
STN_C_inland_fails,2012-10-30 04:00:00,997.4973810268692,18.879175604827807,32.30325998685044,40.9,-74.3,False,-2.1339869974750627,-3.3195736847094786,-3.7547148284129435,2.469162682842713,1000.3007142315604,2.54102466886574,1001.7028455629353,3.234091938220188,1004.2207535211992,0,-3.386579751283037,1.8504961905878683,20.14153410602927,2.3639571888356197,18.630062535970044,3.249846291142266,16.180175279727013,0,0.0,0,42.0,1.7261076571212358e-06
STN_C_inland_fails,2012-10-30 05:00:00,997.5053502299146,20.737498453202576,9.073780965418381,40.9,-74.3,False,0.2193759787800218,-1.9322750184641002,0.007969203045377071,2.165488772077146,998.7516090373553,2.2484907619466714,1000.3776912367871,3.4944341873427245,1003.3256007039571,1,1.858322848374769,1.6959685227954158,20.627476471380408,2.518183745419437,18.89948781724018,2.8886126225402657,17.059180690131626,0,0.0,0,41.0,1.7261076571212358e-06
STN_C_inland_fails,2012-10-30 06:00:00,998.0447866250026,20.885675511168337,72.76114805632797,40.9,-74.3,False,1.7618167888688276,-0.5815790249494128,0.5394363950880461,0.3137695601442871,997.6825059605954,2.277183009749625,999.7352076648435,3.5881883268228014,1002.5755971942816,0,0.14817705796576064,1.118135510827598,20.167449856399575,1.8653841176317116,19.832208625187985,2.8728229731805532,17.65857406307538,0,0.0,0,40.0,1.7261076571212358e-06
STN_C_inland_fails,2012-10-30 07:00:00,996.0379888668002,26.74762847769819,272.39379386998155,40.9,-74.3,False,0.923775492699292,-0.813813045570619,-2.006797758202424,1.0385388964353162,997.1960419072392,2.400380809359436,998.7483780693997,3.68798420242484,1001.6235943469607,0,5.861952966529852,3.4279758831721026,22.790267480689703,2.8591744385063786,21.465900793359484,3.7066262932979366,18.677092349743702,0,0.0,0,39.0,1.7261076571212358e-06
STN_C_inland_fails,2012-10-30 08:00:00,994.5470360736599,26.28223603978405,356.69151559840395,40.9,-74.3,False,0.9518167263969417,-2.0599286111532713,-1.490952793140309,1.755203520626859,996.2099371884875,2.2463439506326845,997.4807731129214,3.818147996665575,1000.6023530409503,0,-0.4653924379141401,3.258372503824747,24.638513342883527,3.1974748281988465,22.63299490713197,3.998525625278745,19.690642227254553,0,0.0,0,38.0,1.7261076571212358e-06
STN_C_inland_fails,2012-10-30 09:00:00,992.939338240977,29.697391665759685,334.26942302063844,40.9,-74.3,False,0.014695391165560068,-1.0934539006258817,-1.6076978326829021,1.5496918109356506,994.5081210604791,2.0057453144781423,996.0953135105373,4.012864828934437,999.523047345691,0,3.415155625975636,1.8520700552148468,27.57575206108064,4.282176861219539,23.871600958740107,4.636136495532011,20.912390883968737,0,0.0,0,37.0,1.7261076571212358e-06
STN_C_inland_fails,2012-10-30 10:00:00,991.5670361274202,33.84142231086739,181.5189679935967,40.9,-74.3,False,0.01632774374888868,1.0057727741917333,-1.3723021135567706,1.491548696905314,993.0178034806858,2.5609793295969685,995.1069226939625,4.216803000040225,998.4048841284489,0,4.144030645107701,3.785445262628892,29.940350005470375,5.0763520199194545,26.365308743080035,5.529181418600519,22.49768563952504,0,0.0,0,36.0,1.7261076571212358e-06
STN_C_inland_fails,2012-10-30 11:00:00,991.026992674585,33.38365198886555,191.45658808005632,40.9,-74.3,False,0.5208471169095219,3.897612345521736,-0.5400434528352207,0.9858943137131074,991.8444556809941,2.7089332653944287,994.0271964347409,4.0782851053682005,997.2024438357639,0,-0.457770322001835,2.271969000118595,32.30748865516421,4.894434441953858,28.473000999023867,6.226338142678858,23.686244408132023,0,0.0,0,35.0,1.7261076571212358e-06
STN_C_inland_fails,2012-10-30 12:00:00,989.2743613001458,37.362457881943314,113.24936485290333,40.9,-74.3,False,-1.6452762920654322,-9.034304303190147,-1.752631374439261,1.1985909455807526,990.622796700717,2.4625169237350506,992.5654588805982,4.374135272316509,996.1503332727208,0,3.9788058930777623,2.177082967921186,34.86251072722542,4.381437783769831,31.219131394153028,6.757953598511082,25.52567000967051,0,0.0,0,34.0,1.7261076571212358e-06
STN_C_inland_fails,2012-10-30 13:00:00,988.2783489446166,38.60645954209486,278.6181979095563,40.9,-74.3,False,-1.3321893185141107,-2.396815481071954,-0.9960123555291602,1.3915698390095774,989.5265676397825,2.306749219552677,991.2721855602341,4.503483129371701,995.0102818148167,0,1.2440016601515467,2.7281298601580617,36.45085647096791,4.628706480139406,33.19560323821914,7.139880117915817,27.330752015789315,0,0.0,0,33.0,1.7261076571212358e-06
STN_C_inland_fails,2012-10-30 14:00:00,987.2064076862737,42.911546475800264,275.3124076557535,40.9,-74.3,False,-1.8127637099395315,-1.5946994435760118,-1.0719412583429175,1.0342091038187442,988.2530393103453,2.1647429158070874,990.0487474956698,4.414499657710878,993.7647603042956,0,4.305086933705404,2.911863603138344,39.62682129994615,4.639839029729874,35.967154977555175,7.932437615975979,29.30007494234357,0,0.0,0,32.0,1.7261076571212358e-06
STN_C_inland_fails,2012-10-30 15:00:00,985.2759669885588,44.91950510572787,303.93804872968,40.9,-74.3,False,-3.54549557185544,6.487847251392878,-1.9304406977148574,1.5215100371271744,986.920241206483,2.3692446846124184,988.7715189536001,4.359895467341852,992.4334162320687,0,2.0079586299276073,3.2254254410533383,42.14583704120766,4.6873528210267486,38.50417388421654,8.758778178365441,31.187887421478322,0,0.0,0,31.0,1.7261076571212358e-06
STN_C_inland_fails,2012-10-30 16:00:00,985.3385452943211,45.007972190408786,322.3816477908784,40.9,-74.3,False,-2.042573799115189,4.693543961711896,0.06257830576225842,1.0969220001655309,985.9403066563846,2.261473446420842,987.7334371480835,4.48704451893246,991.4201799210229,0,0.08846708468091435,1.1856591037225417,44.27967459064564,4.682575142264107,40.365265530806774,8.667995831794629,33.36528713694341,1,0.0,0,30.0,1.7261076571212358e-06
STN_C_inland_fails,2012-10-30 17:00:00,986.6060631187407,48.47700702106023,156.36572936110647,40.9,-74.3,False,0.19899177489207887,-4.794297480803479,1.2675178244196559,0.7505190642439985,985.7401918005402,1.5960788566941595,986.9966155554426,4.23959837578123,990.5119059950918,0,3.469034830651445,2.028868689645138,46.13482810573229,4.212404170600247,42.88082470283922,8.69302405095888,35.676912850931544,0,0.0,0,29.0,1.7261076571212358e-06
STN_C_inland_fails,2012-10-30 18:00:00,980.8401474139584,53.30194024288426,276.07520451859114,40.9,-74.3,False,-4.96421454705046,2.8540604273887524,-5.765915704782287,3.0300706493295113,984.2615852756735,2.5921156958696945,985.5909132410783,4.367734252821145,989.0781860608381,0,4.8249332218240255,4.1654149314486775,48.92897315145109,4.990481036713745,45.53740509632937,8.715442802006585,38.3782682452412,0,0.0,0,28.0,1.7261076571212358e-06
STN_C_inland_fails,2012-10-30 19:00:00,981.913204067739,54.35569596492965,290.3035423665163,40.9,-74.3,False,-3.437551222227512,-0.4965535333839526,1.0730566537805544,3.0664898654398027,983.1198048668126,2.574724896227703,984.5300557615986,4.222455596743692,987.9011206609163,0,1.0537557220453948,3.134468732644939,52.044881076291375,4.752031379092856,48.162277833468515,9.005239257111727,40.67894053584383,0,0.0,0,27.0,1.7261076571212358e-06
STN_C_inland_fails,2012-10-30 20:00:00,979.8544993672795,53.05976579478716,111.04546409919006,40.9,-74.3,False,-6.091739166937828,-2.6268698297051003,-2.0587047004595433,1.0296615704059084,980.8692836163258,2.7869547337385576,983.304737708433,4.250252900803934,986.6767426020514,0,-1.2959301701424906,0.6890191810266152,53.57246733420036,4.293246490071741,49.853647719966325,8.411595893800971,42.91040134876075,0,0.0,0,26.0,1.7261076571212358e-06
STN_C_inland_fails,2012-10-30 21:00:00,980.2775264741355,59.35548029735125,334.527207842214,40.9,-74.3,False,-3.9603832134125696,0.6863867439579465,0.4230271068560114,1.0872486810467943,980.6817433030513,2.8266509686340573,982.4716642893624,4.1239972526910655,985.6215916214811,0,6.295714502564088,3.32448741598875,55.590314019022685,4.967212286411406,52.25964358523689,8.532617694483733,45.381908734726714,0,0.0,0,25.0,1.7261076571212358e-06
STN_C_inland_fails,2012-10-30 22:00:00,978.8982743584,57.946991439803845,33.962940950275964,40.9,-74.3,False,-5.563400201898389,-2.6796269691326415,-1.3792521157354258,0.706594485197231,979.6767667332716,2.741789164268448,981.3982858000421,4.085014494901155,984.5658614740629,0,-1.408488857547404,3.30415991503981,56.78741251064742,3.878714750248048,54.4161467934694,8.40528233886307,47.39070616213809,0,0.0,0,24.0,1.7261076571212358e-06
STN_C_inland_fails,2012-10-30 23:00:00,978.8372009185771,64.87073453092665,357.9369044987818,40.9,-74.3,False,-3.8629915321674844,-1.8012160186049044,-0.06107343982296243,0.8145145864630211,979.3376672503709,1.1803429129902452,980.1034754333483,3.840567284969216,983.5500454943955,0,6.923743091122809,3.6592369084886456,60.72440208936058,4.570662544569362,57.148434711780475,8.548634186846984,50.01462970730986,0,0.0,0,23.0,1.7261076571212358e-06
STN_C_inland_fails,2012-10-31 00:00:00,978.551984041935,65.85800126449418,277.232658537193,40.9,-74.3,False,-3.1098177872428323,-0.9534214071646403,-0.2852168766420391,0.18484029800522228,978.7624864396374,1.2615761270992565,979.7221148713443,3.6291944190069962,982.6565140562112,0,0.9872667335675231,4.310780873604818,62.891909078408226,5.277121038132084,59.24111154871546,8.67147491252461,52.389258322522416,0,0.0,0,22.0,1.7261076571212358e-06
STN_C_inland_fails,2012-10-31 01:00:00,976.9525218444442,65.96675173503495,33.57752591675781,40.9,-74.3,False,-5.317778324992446,9.751334848759981,-1.5994621974908796,1.0158447387877492,978.1139022683187,1.159849180167826,978.8953345007952,3.504834882912697,981.712695131197,0,0.10875047054076958,0.6038454520472676,65.56516251015194,5.256187719801059,61.176287510399675,8.307389380338254,54.6692826719341,0,0.0,0,21.0,1.7261076571212358e-06
STN_C_inland_fails,2012-10-31 02:00:00,977.3627229093605,67.0720338212783,236.2426733178002,40.9,-74.3,False,2.2205055206908355,0.9523048836087469,0.41020106491635033,0.8307512940950065,977.6224095985799,1.1933420856353576,978.4800384244754,3.2444229021596747,980.8923880664541,0,1.1052820862433492,0.6717328590966151,66.29892894026915,3.854750419680353,63.511665514814865,8.124484215046241,56.6826566173906,0,0.0,0,20.0,1.7261076571212358e-06
STN_C_inland_fails,2012-10-31 03:00:00,973.4477551739411,67.48608255532598,12.304587934173657,40.9,-74.3,False,-1.8492017943916608,-1.4258432703702084,-3.9149677354193955,2.1516902928164714,975.9209999759152,2.070697567947616,977.3417432077763,3.5718214285548933,979.9067037485693,0,0.4140487340476824,0.7854352281610806,66.84162270387974,3.5156745315972464,64.86676589114398,7.757602869328123,58.56320473819044,0,0.0,0,19.0,1.7261076571212358e-06
STN_C_inland_fails,2012-10-31 04:00:00,977.0379305134667,70.16896830120537,277.26730179990585,40.9,-74.3,False,1.4493246224093355,0.9973686428802324,3.5901753395255582,2.17262596251037,975.9494695322561,1.9251826830885044,977.0316859002875,3.2096483094928683,979.2149858501649,0,2.682885745879389,1.6812849972846113,68.2423615592699,1.851150413500203,66.90376203471091,7.1361915809219,60.65995441409016,0,0.0,0,18.0,1.7261076571212358e-06
STN_C_inland_fails,2012-10-31 05:00:00,975.5745629841851,68.72747369037297,287.7202517972599,40.9,-74.3,False,-0.6991849369940155,-0.6219755894359764,-1.463367529281527,1.8052753693689003,975.3534162238643,1.767531054655513,976.487912911222,2.370342402611565,978.2956941722852,0,-1.4414946108323932,1.342686026135072,68.79417484896811,1.664177863983491,67.54655189461862,6.34367790610612,62.34749330319954,0,0.0,0,17.0,1.7261076571212358e-06
STN_C_inland_fails,2012-10-31 06:00:00,976.1278121187619,70.33795444641618,216.86769111292116,40.9,-74.3,False,1.5662758573521387,2.8894331700028317,0.5532491345767312,0.7389006047897496,976.2467685388046,1.44987435145918,976.08388425736,2.2997769812731894,977.9029995643522,0,1.6104807560432022,0.8850716822111958,69.74479881266484,1.7574508834397655,68.29321075827228,6.034030016143833,63.76716115349387,0,0.0,0,16.0,1.7261076571212358e-06
STN_C_inland_fails,2012-10-31 07:00:00,973.7375832740394,72.00388817030851,308.4697410899654,40.9,-74.3,False,-0.5364944791975859,1.9850506456604933,-2.3902288447225146,1.2512509067616795,975.1466527923288,1.645517358552343,975.5480611622925,2.2131344267314588,977.221697831544,0,1.665933723892337,1.6382854494009897,70.35643876903255,1.8828372518564447,69.29940016415122,5.671442055440742,65.23784383727543,0,0.0,0,15.0,1.7261076571212358e-06
STN_C_inland_fails,2012-10-31 08:00:00,973.7262450927783,66.91612325728521,35.23798087734949,40.9,-74.3,False,-2.1546998730802898,-3.053737273798717,-0.011338181261066893,1.3832839347166999,974.5305468285266,1.5073591655344856,974.9419815261954,2.2569997136837046,976.7110099753354,1,-5.087764913023307,2.5938907606623705,69.75265529133664,1.9204258498400097,69.27341507015238,4.1814411937979035,66.39254029248362,0,0.0,0,14.0,1.7261076571212358e-06
STN_C_inland_fails,2012-10-31 09:00:00,973.7651416019557,61.210259080823846,99.33258313469275,40.9,-74.3,False,-1.802999182066742,-9.190488652850632,0.038896509177448024,0.020003973313633485,973.7429899895911,1.4488691494405381,974.9948792641977,2.0988820024010897,976.1683112359871,0,-5.705864176461361,5.399763370305846,66.71009016947254,3.8391607806786476,68.22744449106868,3.9240296602076734,66.54710519110633,0,0.0,0,13.0,1.7261076571212358e-06
STN_C_inland_fails,2012-10-31 10:00:00,973.7192940693941,96.58708112296411,149.10390777336139,40.9,-74.3,False,-2.0142063619382498,27.073437318603865,-0.04584753256165186,0.02470914427946796,973.7368935880427,1.1057676309615865,974.4417731901858,2.0173834453901436,975.7367295452365,0,35.37682204214026,18.993166159035447,74.90448782035772,12.311586454854577,72.63046329469513,8.910641831831885,69.76711266470302,0,0.0,1,12.0,0.9999692772728221
STN_C_inland_fails,2012-10-31 11:00:00,973.7968763735354,74.00994468628214,15.28486301811538,40.9,-74.3,False,-2.6335386998160857,6.899293627208905,0.07758230414128775,0.03900449836718971,973.7604373482951,0.9715548885713986,974.1454920884108,1.8290889582054561,975.3167024998164,0,-22.57713643668197,17.91218662940768,77.2690949633567,12.16465943842773,73.51087512734667,8.84442089657184,70.52871351098264,0,0.0,1,11.0,0.9999692772728221
STN_C_inland_fails,2012-10-31 12:00:00,973.78270917123,73.99225293321793,161.3577915256198,40.9,-74.3,False,-1.3707102378205036,9.336924993151385,-0.014167202305429782,0.04131423917195606,973.7662932047198,0.03171312256781554,973.7546415971555,1.560647327718608,974.9192629272578,1,-0.01769175306421289,13.040025968806116,81.52975958082139,12.065101289565535,74.11992487514696,8.765263600637422,71.20656781670964,1,0.0,1,10.0,0.9999692772728221
STN_C_inland_fails,2012-10-31 13:00:00,973.8041756883966,52.880536042097646,95.47684420052374,40.9,-74.3,False,-3.192142054857527,-10.636282513140948,0.02146651716668657,0.01091482516656538,973.7945870777207,0.03592258040355061,973.7657403328817,1.4483561736346784,974.656900747587,0,-21.11171689112028,12.193965807875859,66.96091122053258,14.923249911012629,70.93269952044515,10.176824475602265,70.11604984229818,0,0.0,1,9.0,0.9999692772728221
STN_C_inland_fails,2012-10-31 14:00:00,973.8055106777405,52.44045929901248,141.3846043566311,40.9,-74.3,False,-2.371031720347787,-12.54344119012864,0.001334989343831694,0.01279649514272479,973.7974651791224,0.0329447813582706,973.7789512637087,1.184137708422429,974.3604663949521,1,-0.4400767430851644,12.317860112332747,59.77108275810935,16.759611343285652,68.52008886073303,11.380068462196222,68.8967519654427,0,0.0,1,8.0,0.9999692772728221
STN_C_inland_fails,2012-10-31 15:00:00,973.8102745978298,65.44844876439959,153.03694751723032,40.9,-74.3,False,-4.066177364791315,3.4458883907970517,0.004763920089317253,0.0032060697698217755,973.8066536546556,0.03428626462698426,973.7864734296878,1.1631743707261903,974.3906763469428,2,13.007989465387105,7.38640516610095,56.9231480351699,16.47683534376534,69.22645380799564,11.418168739788815,68.72694914953216,0,0.0,1,7.0,0.9999692772728221
STN_C_inland_fails,2012-10-31 16:00:00,973.7614538083174,59.45915080220667,316.5882240555666,40.9,-74.3,False,-5.146557423715194,1.4022884943149805,-0.048820789512433294,0.026917069055402552,973.7924130279625,0.018408770283415254,973.7935000528415,0.8188727764902747,974.1176366215137,0,-5.989297962192914,6.510779656699505,59.116019621872915,9.741453628854044,63.038465421202744,11.710037143049563,67.83446435794895,0,0.0,1,6.0,0.9999692772728221
STN_C_inland_fails,2012-10-31 17:00:00,973.8861814252901,31.649280011404034,97.32274938995006,40.9,-74.3,False,-5.423821162679019,-25.254673000113026,0.12472761697279111,0.06285206686119635,973.8193032771457,0.04229330757799288,973.808384228134,0.6788669206684881,973.9769381582724,0,-27.809870790802638,18.03535607205343,52.18562652600343,14.424397472056235,55.97835464205639,15.673888918503106,64.74461488470153,0,0.0,1,5.0,0.9999692772728221
STN_C_inland_fails,2012-10-31 18:00:00,973.7918458109826,55.99329726739353,321.74752633785795,40.9,-74.3,False,-6.959527730382774,-0.35262454191438053,-0.0943356143075107,0.06503827060704669,973.8131603481967,0.04133767529332855,973.8099070014263,0.045462694945233056,973.7822742992907,0,24.344017255989495,15.154934456505234,49.03390936033475,11.504974312186299,52.978528697752324,15.755320637360388,63.54922678644963,0,0.0,1,4.0,0.9999692772728221
STN_C_inland_fails,2012-10-31 19:00:00,973.6870000175272,52.866403506046694,153.34954733262572,40.9,-74.3,False,-8.151609299439997,-4.626165630076336,-0.10484579345541079,0.09963690849197805,973.7883424179334,0.06531299936164858,973.7903777229479,0.05187581484381558,973.7780590279149,0,-3.1268937613468353,13.244967409935803,46.83632692828143,11.504999833379312,52.976173275077166,15.79025173892465,61.95443639776115,0,0.0,1,3.0,0.9999692772728221
STN_C_inland_fails,2012-10-31 20:00:00,973.7300054678702,48.190110822176436,118.01077944983496,40.9,-74.3,False,-9.655572059230167,-4.009291393743723,0.04300545034300285,0.052704105900586835,973.73628376546,0.06898488168318632,973.7777935213029,0.051544671017239245,973.7783723925058,0,-4.676292683870258,3.9271468981687283,52.349937198538896,11.674190334295407,52.26778186227116,16.175933048860742,60.393935361502095,0,0.0,1,2.0,0.9999692772728221
STN_C_inland_fails,2012-10-31 21:00:00,973.6930991057071,32.59766824105165,180.90433776065257,40.9,-74.3,False,-9.860087095834615,-15.762459059045732,-0.0369063621631085,0.023269245351787725,973.7033681970348,0.07432946102219246,973.7582642726157,0.05711977346726057,973.7723688511518,0,-15.592442581124786,10.612992102083595,44.55139418975826,11.956209205775952,46.7926517750465,18.045426588952047,58.00955279152108,0,0.0,1,1.0,0.9999692772728221
STN_C_inland_fails,2012-10-31 22:00:00,,,,40.9,-74.3,True,,,,0.0260967355799257,973.7115522867887,0.08308449932697595,973.7576263654755,0.05728554486329375,973.7771938313116,0,,11.02552188437499,40.39388953161404,11.426137314676266,44.25935196961447,13.994615720499175,54.5025047613899,0,1.0,0,,
STN_C_inland_fails,2012-10-31 23:00:00,,,,40.9,-74.3,True,,,,,,0.0481460689245115,973.7254876005219,0.05999091948659514,973.7752255770893,0,,,,10.383625928134677,47.41186995916708,13.08051331807407,52.55176076890067,0,2.0,0,,
STN_C_inland_fails,2012-11-01 00:00:00,,,,40.9,-74.3,True,,,,,,0.023269247207253783,973.703368197035,0.0635688277770226,973.7743940666292,0,,,,10.612992102083966,44.55139418975826,11.341993675991024,50.16948386175431,0,3.0,0,,
STN_C_inland_fails,2012-11-01 01:00:00,,,,40.9,-74.3,True,,,,,,0.026096738888452493,973.7115522867889,0.06690094361931634,973.7706713639081,0,,,,11.025521884375772,40.39388953161404,12.076293393934193,49.830602339211396,0,4.0,0,,
STN_C_inland_fails,2012-11-01 02:00:00,,,,40.9,-74.3,True,,,,,,,,0.07064344648173171,973.765694319075,0,,,,,,12.994060381095716,49.45776563066838,0,5.0,0,,
STN_C_inland_fails,2012-11-01 03:00:00,,,,40.9,-74.3,True,,,,,,,,0.07432946170769454,973.7582642726157,0,,,,,,11.956209205775936,46.792651775046515,0,6.0,0,,
STN_C_inland_fails,2012-11-01 04:00:00,,,,40.9,-74.3,True,,,,,,,,0.08308450009356773,973.7576263654755,0,,,,,,11.42613731467624,44.259351969614485,0,7.0,0,,
STN_C_inland_fails,2012-11-01 05:00:00,,,,40.9,-74.3,True,,,,,,,,0.04814607068926119,973.7254876005219,0,,,,,,10.383625928134647,47.41186995916709,0,8.0,0,,
STN_C_inland_fails,2012-11-01 06:00:00,,,,40.9,-74.3,True,,,,,,,,0.023269252686326257,973.703368197035,0,,,,,,10.612992102083913,44.55139418975828,0,9.0,0,,
STN_C_inland_fails,2012-11-01 07:00:00,,,,40.9,-74.3,True,,,,,,,,0.026096748658036035,973.7115522867889,0,,,,,,11.025521884375642,40.39388953161407,0,10.0,0,,
STN_C_inland_fails,2012-11-01 08:00:00,,,,40.9,-74.3,True,,,,,,,,,,0,,,,,,,,0,11.0,0,,
STN_C_inland_fails,2012-11-01 09:00:00,,,,40.9,-74.3,True,,,,,,,,,,0,,,,,,,,0,12.0,0,,
STN_C_inland_fails,2012-11-01 10:00:00,,,,40.9,-74.3,True,,,,,,,,,,0,,,,,,,,0,13.0,0,,
STN_C_inland_fails,2012-11-01 11:00:00,,,,40.9,-74.3,True,,,,,,,,,,0,,,,,,,,0,14.0,0,,
STN_C_inland_fails,2012-11-01 12:00:00,,,,40.9,-74.3,True,,,,,,,,,,0,,,,,,,,0,15.0,0,,
STN_C_inland_fails,2012-11-01 13:00:00,,,,40.9,-74.3,True,,,,,,,,,,0,,,,,,,,0,16.0,0,,
STN_C_inland_fails,2012-11-01 14:00:00,,,,40.9,-74.3,True,,,,,,,,,,0,,,,,,,,0,17.0,0,,
STN_C_inland_fails,2012-11-01 15:00:00,,,,40.9,-74.3,True,,,,,,,,,,0,,,,,,,,0,18.0,0,,
STN_C_inland_fails,2012-11-01 16:00:00,,,,40.9,-74.3,True,,,,,,,,,,0,,,,,,,,0,19.0,0,,
STN_C_inland_fails,2012-11-01 17:00:00,,,,40.9,-74.3,True,,,,,,,,,,0,,,,,,,,0,20.0,0,,
STN_C_inland_fails,2012-11-01 18:00:00,,,,40.9,-74.3,True,,,,,,,,,,0,,,,,,,,0,21.0,0,,
STN_C_inland_fails,2012-11-01 19:00:00,,,,40.9,-74.3,True,,,,,,,,,,0,,,,,,,,0,22.0,0,,
STN_C_inland_fails,2012-11-01 20:00:00,,,,40.9,-74.3,True,,,,,,,,,,0,,,,,,,,0,23.0,0,,
STN_C_inland_fails,2012-11-01 21:00:00,,,,40.9,-74.3,True,,,,,,,,,,0,,,,,,,,0,24.0,0,,
STN_C_inland_fails,2012-11-01 22:00:00,,,,40.9,-74.3,True,,,,,,,,,,0,,,,,,,,0,25.0,0,,
STN_C_inland_fails,2012-11-01 23:00:00,,,,40.9,-74.3,True,,,,,,,,,,0,,,,,,,,0,26.0,0,,
STN_C_inland_fails,2012-11-02 00:00:00,,,,40.9,-74.3,True,,,,,,,,,,0,,,,,,,,0,27.0,0,,
STN_C_inland_fails,2012-11-02 01:00:00,,,,40.9,-74.3,True,,,,,,,,,,0,,,,,,,,0,28.0,0,,
STN_C_inland_fails,2012-11-02 02:00:00,,,,40.9,-74.3,True,,,,,,,,,,0,,,,,,,,0,29.0,0,,
STN_C_inland_fails,2012-11-02 03:00:00,,,,40.9,-74.3,True,,,,,,,,,,0,,,,,,,,0,30.0,0,,
STN_C_inland_fails,2012-11-02 04:00:00,,,,40.9,-74.3,True,,,,,,,,,,0,,,,,,,,0,31.0,0,,
STN_C_inland_fails,2012-11-02 05:00:00,,,,40.9,-74.3,True,,,,,,,,,,0,,,,,,,,0,32.0,0,,
STN_C_inland_fails,2012-11-02 06:00:00,,,,40.9,-74.3,True,,,,,,,,,,0,,,,,,,,0,33.0,0,,
STN_C_inland_fails,2012-11-02 07:00:00,,,,40.9,-74.3,True,,,,,,,,,,0,,,,,,,,0,34.0,0,,
STN_C_inland_fails,2012-11-02 08:00:00,,,,40.9,-74.3,True,,,,,,,,,,0,,,,,,,,0,35.0,0,,
STN_C_inland_fails,2012-11-02 09:00:00,,,,40.9,-74.3,True,,,,,,,,,,0,,,,,,,,0,36.0,0,,
STN_C_inland_fails,2012-11-02 10:00:00,,,,40.9,-74.3,True,,,,,,,,,,0,,,,,,,,0,37.0,0,,
STN_C_inland_fails,2012-11-02 11:00:00,,,,40.9,-74.3,True,,,,,,,,,,0,,,,,,,,0,38.0,0,,
STN_C_inland_fails,2012-11-02 12:00:00,,,,40.9,-74.3,True,,,,,,,,,,0,,,,,,,,0,39.0,0,,
STN_C_inland_fails,2012-11-02 13:00:00,,,,40.9,-74.3,True,,,,,,,,,,0,,,,,,,,0,40.0,0,,
STN_C_inland_fails,2012-11-02 14:00:00,,,,40.9,-74.3,True,,,,,,,,,,0,,,,,,,,0,41.0,0,,
STN_C_inland_fails,2012-11-02 15:00:00,,,,40.9,-74.3,True,,,,,,,,,,0,,,,,,,,0,42.0,0,,
STN_C_inland_fails,2012-11-02 16:00:00,,,,40.9,-74.3,True,,,,,,,,,,0,,,,,,,,0,43.0,0,,
STN_C_inland_fails,2012-11-02 17:00:00,,,,40.9,-74.3,True,,,,,,,,,,0,,,,,,,,0,44.0,0,,
STN_C_inland_fails,2012-11-02 18:00:00,,,,40.9,-74.3,True,,,,,,,,,,0,,,,,,,,0,45.0,0,,
STN_C_inland_fails,2012-11-02 19:00:00,,,,40.9,-74.3,True,,,,,,,,,,0,,,,,,,,0,46.0,0,,
STN_C_inland_fails,2012-11-02 20:00:00,,,,40.9,-74.3,True,,,,,,,,,,0,,,,,,,,0,47.0,0,,
STN_C_inland_fails,2012-11-02 21:00:00,,,,40.9,-74.3,True,,,,,,,,,,0,,,,,,,,0,48.0,0,,
STN_C_inland_fails,2012-11-02 22:00:00,,,,40.9,-74.3,True,,,,,,,,,,0,,,,,,,,0,49.0,0,,
STN_C_inland_fails,2012-11-02 23:00:00,,,,40.9,-74.3,True,,,,,,,,,,0,,,,,,,,0,50.0,0,,
STN_D_inland_ok,2012-10-24 00:00:00,1014.4604648180789,10.140226317466432,62.99202149549575,41.0,-74.5,False,0.14605194053365267,0.1554503528697193,,,,,,,,0,,,,,,,,0,0.0,0,,
STN_D_inland_ok,2012-10-24 01:00:00,1014.8231408064272,11.142348132582095,275.3323202200063,41.0,-74.5,False,-0.9306426550555216,1.206788741300727,0.3626759883483146,0.2564506507346667,1014.641802812253,0.2564506507346667,1014.641802812253,0.2564506507346667,1014.641802812253,0,1.0021218151156628,0.7086071310432561,10.641287225024264,0.7086071310432561,10.641287225024264,0.7086071310432561,10.641287225024264,0,0.0,0,,1.7261076571212358e-06
STN_D_inland_ok,2012-10-24 02:00:00,1015.0908000236101,8.05676245397408,129.80343987930615,41.0,-74.5,False,-0.585506260663351,-1.334012813634649,0.26765921718288155,0.3163589207423666,1014.7914685493721,0.3163589207423666,1014.7914685493721,0.3163589207423666,1014.7914685493721,0,-3.0855856786080142,1.5740557371982347,9.779778968007536,1.5740557371982347,9.779778968007536,1.5740557371982347,9.779778968007536,0,0.0,0,,1.7261076571212358e-06
STN_D_inland_ok,2012-10-24 03:00:00,1015.6047915825505,11.479385016825846,281.79408530019685,41.0,-74.5,False,0.03637155218291355,3.462903766868857,0.5139915589404609,0.39724188999900373,1015.1729108041959,0.4817629779226191,1014.9947993076667,0.4817629779226191,1014.9947993076667,0,3.4226225628517657,1.8863005261230958,10.22616520112734,1.540757223845708,10.204680480212113,1.540757223845708,10.204680480212113,0,0.0,0,,1.7261076571212358e-06
STN_D_inland_ok,2012-10-24 04:00:00,1016.0808562049509,11.638686194119494,74.25824522592447,41.0,-74.5,False,2.232039929113853,-0.40695606132482176,0.4760646224003722,0.4951491508584534,1015.5921492703706,0.640293364014016,1015.2120106871237,0.640293364014016,1015.2120106871237,0,0.15930117729364746,2.023606506259161,10.391611221639806,1.4804472616842361,10.49148162299359,1.4804472616842361,10.49148162299359,0,0.0,0,,1.7261076571212358e-06
STN_D_inland_ok,2012-10-24 05:00:00,1014.7056522764727,15.207252597500819,67.19835733035472,41.0,-74.5,False,-0.21428635265874618,6.567912032883111,-1.3752039284781858,0.6983641434736257,1015.4637666879913,0.6088625572380367,1015.1276176186817,0.6088625572380367,1015.1276176186817,0,3.5685664033813254,2.1078045347183947,12.77510793614872,2.336620477606528,11.277443452078126,2.336620477606528,11.277443452078126,0,0.0,0,,1.7261076571212358e-06
STN_D_inland_ok,2012-10-24 06:00:00,1014.5438438038847,9.247791618880836,178.92930463829362,41.0,-74.5,False,-0.5675120554486739,-0.11340475773521597,-0.16180847258806352,0.8445684250684667,1015.1101174284362,0.5912881530427775,1015.141514116316,0.5980071602788741,1015.044221359425,0,-5.959460978619983,2.999061469886367,12.03124347016705,2.4491819077421573,11.128704335647194,2.266787917049157,10.987493190192799,0,0.0,0,,1.7261076571212358e-06
STN_D_inland_ok,2012-10-24 07:00:00,1015.4376556735343,9.083836396663745,11.856965291409779,41.0,-74.5,False,0.2284581043666094,-1.2988728723836598,0.8938118696496531,0.47625459113080565,1014.8957172512972,0.5781883032582451,1015.2439332608338,0.5708536367390823,1015.0934006486887,0,-0.16395522221709058,3.488989405717662,11.179626871015133,2.587180462443994,10.785619046327469,2.2039213527705566,10.74953609100167,0,0.0,0,,1.7261076571212358e-06
STN_D_inland_ok,2012-10-24 08:00:00,1015.6108449164109,11.53793174314749,81.10704196164002,41.0,-74.5,False,0.2911107932068262,0.9307744435726129,0.17318924287656046,0.5726234286608617,1015.1974481312767,0.5895097109221493,1015.330607409634,0.561150141574547,1015.1508944562133,0,2.4540953464837454,1.3719941127972324,9.956519919564023,2.216622350113416,11.365813927856372,2.078262192627845,10.83713560790676,0,0.0,0,,1.7261076571212358e-06
STN_D_inland_ok,2012-10-24 09:00:00,1014.5657995667411,11.638208337824278,260.64441078636537,41.0,-74.5,False,-0.3554646393608891,2.463115185496118,-1.0450453496697492,0.5600963261898149,1015.2047667188954,0.6430311299997856,1015.1574420736657,0.5604777999202394,1015.0923849672661,0,0.10027659467678696,1.4466890577488445,10.753325492545171,2.219196674304834,11.392284481356109,1.975711846320098,10.917242880898511,0,0.0,0,,1.7261076571212358e-06
STN_D_inland_ok,2012-10-24 10:00:00,1015.7903934769661,8.929825693246576,301.45805218995315,41.0,-74.5,False,0.7815521918732884,-1.771419871261088,1.2245939102249395,0.6613102793475744,1015.3223459867062,0.5659182907632428,1015.1090316190016,0.5718515370926557,1015.1558402863297,0,-2.7083826445777017,1.5355568540662754,10.701988591406115,2.425043147648377,10.940807731210624,1.9677827010646245,10.736568591111972,0,0.0,0,,1.7261076571212358e-06
STN_D_inland_ok,2012-10-24 11:00:00,1015.9795853411558,9.193674646139902,29.082731017611756,41.0,-74.5,False,1.1453020438173098,-1.3121072618545249,0.18919186418975187,0.7674865929745062,1015.445259461621,0.6206419589528369,1015.3213537964488,0.5948377466948873,1015.2244857075652,0,0.2638489528933263,1.4933573913151046,9.920569559070252,1.282724204973215,9.938544739317138,1.928349093750939,10.607994095697633,0,0.0,0,,1.7261076571212358e-06
STN_D_inland_ok,2012-10-24 12:00:00,1016.2916864656586,11.082261676436081,317.54797539771755,41.0,-74.5,False,1.822850589863151,-1.2295916648208056,0.3121011245027603,0.2531453251605707,1016.0205550945935,0.5922578680625725,1015.6126609067445,0.6155480341235208,1015.3770875115302,0,1.8885870302961791,1.1739788401468243,9.735254005274186,1.3036084859831671,10.244289748909678,1.9267495707773203,10.686497042278438,0,0.0,0,,1.7261076571212358e-06
STN_D_inland_ok,2012-10-24 13:00:00,1016.7783209067196,8.344831518530677,287.10619345914444,41.0,-74.5,False,2.216641940368845,-2.8767915943343354,0.48663444106102816,0.40253337228917824,1016.3498642378446,0.7459784765513608,1015.8361051122753,0.7074879062526273,1015.5400191865546,0,-2.737430157905404,1.4012387076977302,9.540255947035554,1.4606329889150744,10.121122269220834,2.0328981834753206,10.453370657774153,0,0.0,0,,1.7261076571212358e-06
STN_D_inland_ok,2012-10-24 14:00:00,1014.1335838613402,9.17893202396997,313.0863464545075,41.0,-74.5,False,-1.1159637653847767,-1.4247856597212287,-2.644737045379429,1.4076489837784443,1015.7345304112395,1.0263078668017769,1015.5898949364301,0.8093677525928824,1015.4602511730322,0,0.8341005054392934,1.4030865552144274,9.535341739645576,1.3130222441775972,9.727955649357915,1.9361383662278824,10.546884788607143,0,0.0,0,,1.7261076571212358e-06
STN_D_inland_ok,2012-10-24 15:00:00,1015.0138982093321,10.179185534736868,251.43427964838236,41.0,-74.5,False,-0.3312222235460922,0.1214233974701493,0.8803143479918845,1.3467723666565896,1015.308600992464,0.9503762088552019,1015.6645780435288,0.8177063564029994,1015.4110100585973,0,1.000253510766898,0.9184303090733527,9.234316359079171,0.9818236998094069,9.48478518217668,1.9154804527342109,10.438534831766395,0,0.0,0,,1.7261076571212358e-06
STN_D_inland_ok,2012-10-24 16:00:00,1015.0112776966179,11.991877369644516,242.6951042258273,41.0,-74.5,False,-0.8653367664966254,2.984044147130378,-0.00262051271420205,0.5074949403443556,1014.7195865890967,0.9824333339799222,1015.5347254134707,0.7960607250492701,1015.3218785162361,1,1.812691834907648,1.4258927198948343,10.449998309450452,1.3590236700041176,9.995127128243004,1.9381770588605507,10.467967429726814,0,0.0,0,,1.7261076571212358e-06
STN_D_inland_ok,2012-10-24 17:00:00,1014.9019264314663,8.790802767640919,189.03356400415097,41.0,-74.5,False,0.5329760266552057,-1.8969689123251587,-0.10935126515153115,0.06390389309286117,1014.9757007791387,0.9833465669844874,1015.3551155951891,0.7841761245367735,1015.3382346958189,0,-3.2010746020035974,1.6052173790436421,10.320621890674103,1.415326591583263,9.92798181515984,1.2878095730359942,9.933263277238488,0,0.0,0,,1.7261076571212358e-06
STN_D_inland_ok,2012-10-24 18:00:00,1014.3507370803882,6.315231075938656,235.0034008168734,41.0,-74.5,False,-0.4736145423657945,-3.6008933074310265,-0.5511893510781647,0.35404361916297344,1014.7546470694907,0.9315130494936563,1015.0316240309775,0.8036983418321023,1015.3221424688609,0,-2.475571691702263,2.846039556769919,9.032637071074697,1.8946198872313305,9.133476715076934,1.6554761687282045,9.688883231993307,0,0.0,0,,1.7261076571212358e-06
STN_D_inland_ok,2012-10-24 19:00:00,1013.5144379967664,6.166805064963578,330.87947924397787,41.0,-74.5,False,-1.6185420159567911,-2.3286512871386886,-0.836299083621725,0.6986093346108435,1014.2557005028735,0.6023284295542176,1014.4876435459852,0.955912838834016,1015.1618743291302,0,-0.14842601097507835,1.4739883211402856,7.090946302847718,2.2510650285412352,8.770472306149085,1.941800439689905,9.44579728768496,0,0.0,0,,1.7261076571212358e-06
STN_D_inland_ok,2012-10-24 20:00:00,1015.0926794460254,7.481173866587733,36.18792051001503,41.0,-74.5,False,0.061051358020222324,-2.993610198865074,1.5782414492589396,0.7895906854557867,1014.31928484106,0.616668004985845,1014.6474928100994,0.9454340817512346,1015.1186938732648,0,1.3143688016241555,0.7198400538179379,6.654403335829989,2.295714390422008,8.487512613252045,1.8970732639791643,9.10773413130498,0,0.0,0,,1.7261076571212358e-06
STN_D_inland_ok,2012-10-24 21:00:00,1014.2316443404468,7.3736645636001255,113.67521202459282,41.0,-74.5,False,-1.6566004838362005,-2.0201017745058296,-0.8610351055785941,0.790212256782027,1014.2795872610795,0.6063146579832938,1014.5171171652852,0.9678543004323648,1015.0908476044069,0,-0.10750930298760775,0.7297983107636958,7.007214498383813,2.1641903041615276,8.019925784729255,1.775487805276504,8.752355483452966,0,0.0,0,,1.7261076571212358e-06
STN_D_inland_ok,2012-10-24 22:00:00,1015.0859934807398,9.690778482760182,26.08379049451386,41.0,-74.5,False,-0.047598042124263884,0.37447393466880285,0.8543491402930385,0.49520006204400635,1014.8034390890707,0.6191256004913903,1014.5295697959722,0.9426014423664774,1015.0321476047214,0,2.3171139191600565,1.3078562436550452,8.181872304316014,1.3821315683298847,7.636409303581865,1.7958744228255796,8.815768215912435,0,0.0,0,,1.7261076571212358e-06
STN_D_inland_ok,2012-10-24 23:00:00,1014.2059564582896,7.62223969280479,340.12986189985384,41.0,-74.5,False,-0.8589792589109493,-2.1354208881644325,-0.8800370224502103,0.5008388765680254,1014.5078647598253,0.600321520573942,1014.4135748004427,0.9193020672248715,1014.884345197816,0,-2.068538789955392,1.2721149865987393,8.228894246388366,1.2642329631492524,7.441648791109177,1.8229029657822307,8.684815303134508,0,0.0,0,,1.7261076571212358e-06
STN_D_inland_ok,2012-10-25 00:00:00,1013.900341654139,8.594490080357591,160.2955677597797,41.0,-74.5,False,-1.7378020597622026,-1.2502209122791008,-0.30561480415065034,0.6155804609364052,1014.3974305310562,0.6368013793525058,1014.3385088960678,0.842474092471427,1014.6850664635225,0,0.9722503875528012,1.0348890280998926,8.635836085307522,1.1988172637930163,7.821525291845667,1.6596107527221042,8.4775010034613,0,0.0,0,,1.7261076571212358e-06
STN_D_inland_ok,2012-10-25 01:00:00,1015.2342983603525,8.4518282300359,243.12400944342784,41.0,-74.5,False,0.08808629409008972,-2.9235213666931283,1.3339567062134847,0.6988476193116135,1014.4468654909269,0.5758366590049,1014.6251522899988,0.5663810906709091,1014.5563979179921,0,-0.14266185032169076,0.5250143427785564,8.222852667732761,0.8916025026501317,8.202362486024388,1.6591205290874416,8.486417396086734,0,0.0,0,,1.7261076571212358e-06
STN_D_inland_ok,2012-10-25 02:00:00,1015.1509215267711,9.118984278304014,302.8032232215557,41.0,-74.5,False,0.3802511503546384,-0.2796511493082541,-0.08337683358138293,0.7472552228279419,1014.7618538470875,0.5857005346287221,1014.6348593034564,0.573434750165128,1014.6411760567779,0,0.6671560482681134,0.3513174632621056,8.721767529565836,0.8772442200606578,8.4753308879771,1.656934604058595,8.481421750614572,0,0.0,0,,1.7261076571212358e-06
STN_D_inland_ok,2012-10-25 03:00:00,1015.5792819712696,12.645008663046244,356.7600893075359,41.0,-74.5,False,0.3913987783880657,2.4055858348821566,0.4283604444984803,0.2271042560113095,1015.3215006194642,0.6545058573314102,1014.8594655752603,0.6275192289902183,1014.6882913702726,0,3.5260243847422306,2.253172108321896,10.071940390462052,1.7543747070296911,9.353888237884787,2.003318131722011,8.68690701130702,0,0.0,0,,1.7261076571212358e-06
STN_D_inland_ok,2012-10-25 04:00:00,1017.1858637663432,11.323895178861033,58.24168480521567,41.0,-74.5,False,2.12370236928291,0.2563884596964776,1.60658179507368,1.0728146510519194,1015.9720224214612,1.163425462605496,1015.2094439561941,0.9568443970739624,1014.8695068760832,0,-1.3211134841852115,1.7813768494850644,11.02929604007043,1.934532175137755,9.626074353901595,1.9102549349492577,8.63124182874173,0,0.0,0,,1.7261076571212358e-06
STN_D_inland_ok,2012-10-25 05:00:00,1015.2772895311036,10.032258830552008,287.8245380585623,41.0,-74.5,False,0.3010930059954262,-1.2235327150237527,-1.9085742352395982,1.0259109861973112,1016.0141450895721,1.0558520230879886,1015.3879994683298,0.9641085101971469,1014.9007871343864,0,-1.2916363483090247,1.3064026294604922,11.333720890819762,1.66695375596067,10.027744210192798,1.9528247046484593,8.734696500650989,0,0.0,0,,1.7261076571212358e-06
STN_D_inland_ok,2012-10-25 06:00:00,1015.4850817669098,9.077947438838324,319.4722433292251,41.0,-74.5,False,-0.5195775333619395,-0.7586449361023337,0.20779223580620965,1.0470985813411986,1015.9827450214522,0.7683553608888902,1015.6521228204583,0.960879067871935,1014.995315858263,0,-0.9543113917136843,1.1271879419999684,10.144700482750455,1.5939018451061808,10.108320436606254,1.798401454860989,8.96492286422596,0,0.0,0,,1.7261076571212358e-06
STN_D_inland_ok,2012-10-25 07:00:00,1013.9224386709113,9.133534686753958,17.595135666315223,41.0,-74.5,False,-1.8111076300036757,0.37276738058021586,-1.56264309599851,0.8485921588232436,1014.8949366563083,1.0471151296108803,1015.4334795388849,0.909563760893887,1015.0293159144418,0,0.05558724791563385,0.5356468458992611,9.414580318714764,1.4718289532412414,10.221938179392597,1.5679237978754867,9.212150332708491,1,0.0,0,,1.7261076571212358e-06
STN_D_inland_ok,2012-10-25 08:00:00,1013.7130925591466,10.6554929399039,271.47260166680644,41.0,-74.5,False,-1.111565725315927,0.11166234918865925,-0.20934611176471662,0.9682996258400766,1014.3735376656559,1.2663004472176709,1015.1938413776139,0.9848946677475163,1014.9143503405353,0,1.5219582531499416,0.8951812362490589,9.622325021832062,1.37181546007979,10.47802295632591,1.5162604103697377,9.476676922151507,0,0.0,0,,1.7261076571212358e-06
STN_D_inland_ok,2012-10-25 09:00:00,1016.5828294463207,11.168338146704581,127.70111563075811,41.0,-74.5,False,1.6595598929601465,0.0578722268649976,2.869736887174099,1.5998382560956452,1014.7394535587929,1.3878368968370245,1015.3610992901225,1.0671651060456901,1015.1102824326914,0,0.5128452068006819,1.0582841656109125,10.319121924454146,0.982514154863411,10.231911203602301,1.4311024476016139,9.792899720743543,0,0.0,0,,1.7261076571212358e-06
STN_D_inland_ok,2012-10-25 10:00:00,1014.076520219422,8.184764987798799,233.49484492935554,41.0,-74.5,False,-1.6385949488714004,-1.7857568732876388,-2.5063092268986793,1.5625329546764455,1014.7908140749631,1.1260104831527724,1014.8428753656358,1.1082504504766064,1015.0261596609148,0,-2.9835731589057826,1.5952646391740666,10.00286535813576,1.1119975320522786,9.708722838425262,1.5049995033418138,9.667398596163428,0,0.0,0,,1.7261076571212358e-06
STN_D_inland_ok,2012-10-25 11:00:00,1013.9560559276155,10.072961511228463,185.0573505739913,41.0,-74.5,False,-1.2188548665121743,0.5730069023323061,-0.12046429180657015,1.483017009624322,1014.8718018644528,1.152934347669056,1014.6226697650544,1.1272490322429731,1015.005334616692,0,1.8881965234296647,1.5092406964641722,9.808688215243947,1.1144873898775243,9.715506618538003,1.3617022026080667,9.871625414365402,0,0.0,0,,1.7261076571212358e-06
STN_D_inland_ok,2012-10-25 12:00:00,1014.9609010774853,5.936760862673946,93.50721075118929,41.0,-74.5,False,-0.06115376918910442,-2.853282547687872,1.0048451498698796,0.5486885763537905,1014.3311590748409,1.0928073734571533,1014.5353063168169,1.0730088065750125,1015.0937145686377,0,-4.136200648554517,2.0707069832456284,8.06482912056707,1.9203301611845545,9.191975522510608,1.7492860648563544,9.650147979558431,0,0.0,0,,1.7261076571212358e-06
STN_D_inland_ok,2012-10-25 13:00:00,1014.9098075847875,10.423427568341195,48.679690321434975,41.0,-74.5,False,0.7618635866526802,1.2731697436951936,-0.051093492697873444,0.5659750500644688,1014.6089215299627,1.0557747231657,1014.6998678024629,1.0732325996779666,1015.0666736706738,0,4.486666705667249,2.4953677214001324,8.811049980747867,1.983637794995699,9.406957669441814,1.7188282621248925,9.814447924417205,0,0.0,0,,1.7261076571212358e-06
STN_D_inland_ok,2012-10-25 14:00:00,1014.0974934909686,11.524298483917372,42.10100391211498,41.0,-74.5,False,-0.4027760937584617,1.8740893426489613,-0.8123140938188271,0.4844132864385141,1014.6560673844139,0.9937608781432723,1014.7639346244333,1.1082273715284183,1014.9788880010236,0,1.1008709155761771,2.9598049364024903,9.29482897164417,2.120027474641862,9.55175859344406,1.7698450820388012,10.014890774884986,0,0.0,0,,1.7261076571212358e-06
STN_D_inland_ok,2012-10-25 15:00:00,1014.6950267776463,9.43986274623825,37.19622877505701,41.0,-74.5,False,-0.4240945435916501,-0.16640826399222775,0.5975332866776171,0.42091784844195246,1014.5674426178008,0.4561155219728827,1014.4493008463209,1.0939832271605765,1014.9052000682217,0,-2.0844357376791223,1.042767861395324,10.462529599498938,1.9684428275389387,9.263679360033004,1.567073846890416,9.747795281817652,0,0.0,0,,1.7261076571212358e-06
STN_D_inland_ok,2012-10-25 16:00:00,1016.2293757125417,13.63305399228021,229.60441444844798,41.0,-74.5,False,1.7838379113176188,2.290074377039586,1.5343489348954336,1.0997116659504187,1015.0072986603855,0.8120890983271599,1014.808110095174,0.9361705085105945,1014.825492730405,0,4.193191246041961,2.0966073771869085,11.532405074145275,2.5437730022429488,10.171727527446572,1.8872711906424715,9.940225182935917,0,0.0,0,,1.7261076571212358e-06
STN_D_inland_ok,2012-10-25 17:00:00,1014.1940063840179,8.237523105127899,126.50790650383371,41.0,-74.5,False,-1.077578482359172,0.08621972068296913,-2.035369328523757,1.0605011702291385,1015.0394696247353,0.7666986168102866,1014.8477685045746,0.9408618014099965,1014.7352191348144,0,-5.3955308871523115,2.8325555891186243,10.436813281215452,2.665476508955195,9.865821126429811,1.949405950628138,9.79066387248391,0,0.0,0,,1.7261076571212358e-06
STN_D_inland_ok,2012-10-25 18:00:00,1013.6063275056507,10.434880830606522,77.98803775411407,41.0,-74.5,False,-0.7618975626003248,-0.2677397298356041,-0.5876788783672282,1.3764977699006598,1014.6765698674035,0.9123265891404115,1014.622006242602,0.9608419336033972,1014.5786562797097,0,2.197357725478623,2.7131914203260425,10.768485976004877,1.8459663566092763,10.615507787751907,1.9436523940764743,9.903741655131258,0,0.0,0,,1.7261076571212358e-06
STN_D_inland_ok,2012-10-25 19:00:00,1015.9425936069962,9.92835050666809,249.0786333741251,41.0,-74.5,False,0.028693783332300882,-0.1013127378467189,2.3362661013454726,1.2152546397591923,1014.5809758322216,1.0625484371157763,1014.7941372463036,1.0110753690365806,1014.7470025243832,0,-0.5065303239384313,1.150641215771236,9.533584814134171,1.867211774317978,10.532994944139723,1.9285032677621647,9.96997630679077,0,0.0,0,,1.7261076571212358e-06
STN_D_inland_ok,2012-10-25 20:00:00,1015.4922968926228,9.799404665113185,247.26584367592807,41.0,-74.5,False,0.5491568886963023,0.05470172312260324,-0.450296714373394,1.239474818613971,1015.01373933509,1.0317862363666004,1015.0266044799126,0.9755047160482025,1014.895269552173,0,-0.12894584155490563,0.3359141646397347,10.054212000795934,1.8161494758181942,10.245512641005693,1.9166367582607682,9.898635617224876,0,0.0,0,,1.7261076571212358e-06
STN_D_inland_ok,2012-10-25 21:00:00,1014.379481352585,9.771355663990509,194.10058524851917,41.0,-74.5,False,-0.5084649940617965,1.7500965508533124,-1.1128155400377864,0.8046164176196156,1015.2714572840679,1.0597305259212453,1014.9740135757357,0.824693944883736,1014.7116572110284,0,-0.028049001122676387,0.08372689447019935,9.83303694525726,1.7916156443873172,10.30076146063107,1.874466876029681,9.782220410332037,1,0.0,0,,1.7261076571212358e-06
STN_D_inland_ok,2012-10-25 22:00:00,1013.4178329468739,10.21421006001895,336.5848140717063,41.0,-74.5,False,-1.7473712426383372,-0.7035716846922089,-0.9616484057111165,1.0381495351961543,1014.4298703973606,1.0142431535319543,1014.5054231147911,0.890135210098623,1014.6567666049826,0,0.4428543960284408,0.24798194765906925,9.928323463040881,0.7751991239679733,9.730954138587526,1.8075955245645334,9.95134083301705,0,0.0,0,,1.7261076571212358e-06
STN_D_inland_ok,2012-10-25 23:00:00,1014.2553765925452,11.695917486927408,138.74912331891167,41.0,-74.5,False,-1.2756082416897243,2.7766908948893843,0.8375436456713032,0.5230756806418454,1014.0175636306681,1.0107780209750972,1014.515651482879,0.8727386379476562,1014.6817099937267,0,1.481707426908459,1.0079281658715906,10.560494403645622,0.7269109758806277,10.307353202220778,1.8769093225323044,10.086587164325294,0,0.0,0,,1.7261076571212358e-06
STN_D_inland_ok,2012-10-26 00:00:00,1014.9452954929825,12.755472472549505,300.91066965694546,41.0,-74.5,False,-0.32346761148028236,3.8007487557381374,0.6899189004373056,0.7649193070021448,1014.2061683441339,0.9129380088234317,1014.738812814101,0.8722963107630625,1014.6804095283514,0,1.0595549856220963,1.2764617970424366,11.555200006498621,1.2426985345279202,10.694118475877941,1.5008481271394745,10.654813131814924,0,0.0,0,,1.7261076571212358e-06
STN_D_inland_ok,2012-10-26 01:00:00,1016.165671993615,9.995499510991714,27.050186855590674,41.0,-74.5,False,1.5745327333651176,-0.3799050032239091,1.220376500632483,0.9673447689271761,1015.1221146930476,0.9742508882380616,1014.7759925452041,0.9719641577187695,1014.7850648957539,0,-2.759972961557791,1.392331905412156,11.482296490156209,1.2346995274875463,10.705309976598544,1.511888977341745,10.619152460369135,0,0.0,0,,1.7261076571212358e-06
STN_D_inland_ok,2012-10-26 02:00:00,1013.9634178933817,11.630632144343316,266.3391938538616,41.0,-74.5,False,-1.2488442955872188,1.6180301174627783,-2.20225410023329,1.1032773560236984,1015.0247951266597,0.949044900282548,1014.5211793786639,0.9813121503404028,1014.7738919292883,0,1.6351326333516027,1.3878265526318685,11.460534709294846,1.1915596739722634,11.010514556470234,1.517975645623029,10.628013598737963,0,0.0,0,,1.7261076571212358e-06
STN_D_inland_ok,2012-10-26 03:00:00,1014.9154799386346,8.596466107466522,355.8410689794948,41.0,-74.5,False,0.6561475778697741,-1.9123342481642691,0.9520620452528874,1.1044852069585218,1015.0148566085437,0.9582216132731918,1014.6105124763388,0.9817649406859373,1014.7922630260373,0,-3.034166036876794,1.5186132233152323,10.074199254267183,1.4940633537329369,10.814699630382904,1.595532311797512,10.557730545506987,0,0.0,0,,1.7261076571212358e-06
STN_D_inland_ok,2012-10-26 04:00:00,1015.6751444149838,11.531910905452618,304.7753578636141,41.0,-74.5,False,1.59201297603488,0.20652021121737008,0.7596644763492577,0.8576634867858166,1014.8513474156666,0.8309822494882585,1014.9867310543572,0.919044729613358,1014.746077084574,0,2.9354447979860954,1.7239849953121378,10.586336385754151,1.4849607106452594,11.034316437955178,1.3186242769038694,10.382635288271354,0,0.0,0,,1.7261076571212358e-06
STN_D_inland_ok,2012-10-26 05:00:00,1012.61873232721,8.476016952346278,208.67929895162138,41.0,-74.5,False,-3.1109555987869726,0.848528244384906,-3.0564120877738787,1.5913199216112983,1014.4031188936095,1.2711224994130828,1014.7139570101345,1.0997974328952351,1014.6148042465069,0,-3.05589395310634,1.7305987409768888,9.534797988421806,1.7552641944789962,10.497666348858326,1.2847149339879367,10.402509775539551,0,0.0,0,,1.7261076571212358e-06
STN_D_inland_ok,2012-10-26 06:00:00,1016.0337857171969,12.181319872176708,225.63578315777784,41.0,-74.5,False,1.0160399972579626,1.4205420959369253,3.4150533899869515,1.8767377764978426,1014.7758874864635,1.3834539291360073,1014.8953720475037,1.1204923954420927,1014.8170924308023,0,3.70530291983043,1.9786143967600764,10.729749243325202,1.6178269863257444,10.401974248796192,1.3838143522117665,10.548046362337066,0,0.0,0,,1.7261076571212358e-06
STN_D_inland_ok,2012-10-26 07:00:00,1013.8175488185943,14.42128175478724,127.18423779730085,41.0,-74.5,False,-0.396559842059105,5.17189193976332,-2.216236898602574,1.732601927122129,1014.1566889543337,1.2805325263901361,1014.5040181850003,1.0940563339207041,1014.6400053651022,0,2.2399618826105314,3.002578684353261,11.692872859770075,2.2720845271283086,11.139604622762112,1.7581004890875354,10.92245729968033,0,0.0,0,,1.7261076571212358e-06
STN_D_inland_ok,2012-10-26 08:00:00,1015.3319946721513,9.75583222405851,244.61467857291743,41.0,-74.5,False,0.28189499648351557,-0.02793763304437391,1.5144458535569356,1.132678455769731,1015.0611097359807,1.286852522795754,1014.7321143147951,1.0836327301653503,1014.6266468467294,0,-4.665449530728729,2.3333394841763786,12.119477950340817,2.31947175277877,10.827137969381313,1.7606739221351526,10.918826262925775,0,0.0,0,,1.7261076571212358e-06
STN_D_inland_ok,2012-10-26 09:00:00,1015.2466820451137,5.614913018387371,277.34233794527773,41.0,-74.5,False,-0.8820661638721958,-4.356987543009064,-0.08531262703752418,0.8508080734248432,1014.7987418452864,1.3032898067315948,1014.787314665875,1.0945128407841112,1014.6989135711068,0,-4.140919205671139,4.405787131964692,9.930675665744372,3.0857585206910008,10.330212454534788,2.3252534218799377,10.572456042458844,0,0.0,0,,1.7261076571212358e-06
STN_D_inland_ok,2012-10-26 10:00:00,1016.084584909838,8.903854133514043,359.3622532024274,41.0,-74.5,False,1.6859444146928126,0.8239420513923843,0.8379028647242421,0.4611130593295963,1015.5544205423677,1.3681776033091717,1014.8555547483506,1.0814060264970131,1014.921142901354,0,3.288941115126672,2.18671032197662,8.091533125319975,3.0675342997377224,9.892202992545025,2.3738661279497273,10.463259715250103,0,0.0,0,,1.7261076571212358e-06
STN_D_inland_ok,2012-10-26 11:00:00,1015.5509223983314,12.463750268584796,177.28665012015588,41.0,-74.5,False,0.4469948089982836,0.9751731495756548,-0.5336625115065772,0.4241538791967531,1015.6273964510943,0.8254398779290659,1015.3442530935376,1.0735386033289342,1015.0291050518362,0,3.559896135070753,3.425311806511299,8.994172473495404,3.1306794702072054,10.556825211918111,2.4200118519848752,10.527245780388219,0,0.0,0,,1.7261076571212358e-06
STN_D_inland_ok,2012-10-26 12:00:00,1012.6227068620293,11.106153574060835,22.06946367843922,41.0,-74.5,False,-1.8994020671873386,-0.9162116769273716,-2.9282155363021047,1.8638598624506808,1014.7527380567329,1.2960609902438456,1014.7757399510097,1.2796139274978104,1014.8355559992566,0,-1.357596694523961,1.7965732243777675,10.824585992053224,3.0487992624210607,10.3776308288988,2.327005162853048,10.389802538847496,0,0.0,0,,1.7261076571212358e-06
STN_D_inland_ok,2012-10-26 13:00:00,1014.2152172295724,10.497827197367267,214.5088622631547,41.0,-74.5,False,-0.15317694053851483,1.0169667093733175,1.5925103675431274,1.4659833898344654,1014.1296154966444,1.2464805841236386,1014.8420180195061,1.2176773215313026,1014.6730181022531,0,-0.6083263766935687,1.0064776274636251,11.355910346670967,2.3483456499655513,9.72372173599547,2.3237831614877873,10.431663179378791,0,0.0,0,,1.7261076571212358e-06
STN_D_inland_ok,2012-10-26 14:00:00,1015.1382004500931,12.017336711938176,42.848693993580696,41.0,-74.5,False,0.007845296030950522,-0.7195741853002176,0.9229832205206776,1.2725103331398147,1013.9920415138982,1.2336901376185485,1014.8097189824963,1.2025719146430254,1014.7709166486457,0,1.5195095145709097,0.7647684678171797,11.207105827788759,2.5290660176516684,10.100639150642081,2.344510460024049,10.463888560011698,0,0.0,0,,1.7261076571212358e-06
STN_D_inland_ok,2012-10-26 15:00:00,1014.8050139148677,10.968906878543828,88.11541568019962,41.0,-74.5,False,-0.4001975015279413,1.409357484952661,-0.33318653522542263,0.46739908404617597,1014.7194771981777,1.2154448081512788,1014.7361076274552,1.2017872483143577,1014.7617111466652,0,-1.0484298333943478,0.77782071053684,11.161356929283093,1.2518372747946425,10.992971460668159,2.271618556999405,10.661591957601471,0,0.0,0,,1.7261076571212358e-06
STN_D_inland_ok,2012-10-26 16:00:00,1015.4776025379047,12.435450374979393,118.3607680700654,41.0,-74.5,False,0.7589521036084079,2.361436595654874,0.6725886230369724,0.33629909810186964,1015.1402723009552,1.1005952507126477,1014.6349438987999,1.1894271631667193,1014.7452493235752,0,1.4665434964355644,0.7555102004286539,11.807231321820467,0.8334412623560232,11.581570834245717,2.317597623775776,10.736886913395372,0,0.0,0,,1.7261076571212358e-06
STN_D_inland_ok,2012-10-26 17:00:00,1015.7893557573557,11.838847353419997,263.1707543334278,41.0,-74.5,False,0.5184784123493955,3.8331288768773284,0.3117532194510204,0.5030729550388676,1015.3573240700426,1.1437416298486252,1014.6746827919704,1.0132061042170235,1015.009467942754,0,-0.596603021559396,0.7375049629323407,11.747734868981071,0.7343008102549492,11.477420348384916,2.2206519178231643,11.017122780151515,0,0.0,0,,1.7261076571212358e-06
STN_D_inland_ok,2012-10-26 18:00:00,1015.6084375378773,13.043400905678945,66.17092459626019,41.0,-74.5,False,1.2745922169419828,4.357579651260394,-0.1809182194783716,0.15654566383591426,1015.6251319443792,0.5858758701707856,1015.1723045712785,0.9810436753577594,1014.974022261144,0,1.2045535522589486,0.6022856843408156,12.439232878026111,0.9364781489354369,11.800294903654601,2.27501769301144,11.0889628662767,0,0.0,0,,1.7261076571212358e-06
STN_D_inland_ok,2012-10-26 19:00:00,1014.7857064345827,10.717592168144586,59.671060863246915,41.0,-74.5,False,0.06196038627172129,0.6293924961189976,-0.8227311032945863,0.5349345495120421,1015.3944999099385,0.42319064900965864,1015.2673861054468,0.9148688373774599,1015.0547020624766,0,-2.3258087375343592,1.1631529517048191,11.866613475747842,0.8778075260933229,11.836922398784154,2.018622794394117,10.780322067389813,0,0.0,0,,1.7261076571212358e-06
STN_D_inland_ok,2012-10-26 20:00:00,1013.1536386240663,11.810518803523378,16.187127299577888,41.0,-74.5,False,-1.6547989694977332,1.7651222488936469,-1.6320678105164461,1.2494378411709297,1014.5159275321754,0.968532584375392,1014.936625801109,1.0595260361942804,1014.8731723918028,0,1.0929266353787916,1.1636059750997536,11.857170625782302,0.8733555001916927,11.802452747381688,2.010950302512384,10.951545949011885,0,0.0,0,,1.7261076571212358e-06
STN_D_inland_ok,2012-10-26 21:00:00,1014.5444869535708,9.385745854688036,314.3663770873971,41.0,-74.5,False,-0.1438567049632411,-0.43078692291165943,1.390848329504479,0.8809361736081347,1014.1612773374067,0.9813679879847074,1014.893204640893,1.0564083431573166,1014.8146561341741,0,-2.424772948835342,1.214346675266981,10.637952275452001,1.3070340087696568,11.538592576739056,1.2530065486347073,11.265782018703606,0,0.0,0,,1.7261076571212358e-06
STN_D_inland_ok,2012-10-26 22:00:00,1015.4163267539706,8.79707837825583,249.66195276818183,41.0,-74.5,False,0.40956017797157074,-2.1833481291695502,0.8718398003998118,1.1412216616748747,1014.3714841105358,0.9743639664330118,1014.8829920102372,0.9994570717800767,1014.7589679545185,0,-0.5886674764322066,1.597230751845692,9.997781012155748,1.6153602627814003,10.932197243951796,1.271546079712967,11.256884039098756,0,0.0,0,,1.7261076571212358e-06
STN_D_inland_ok,2012-10-26 23:00:00,1013.9094989949584,13.413535283023906,14.380727622345537,41.0,-74.5,False,-1.0448303782583253,4.759793459728096,-1.5068277590121397,0.7565099955798404,1014.6234375674999,0.9256502791297493,1014.5696825498377,0.9935218315789102,1014.622182670904,0,4.616456904768077,2.51267757018962,10.532119838655923,1.8957159205292404,11.194645232219115,1.3785555007593726,11.336032790302015,0,0.0,0,,1.7261076571212358e-06
STN_D_inland_ok,2012-10-27 00:00:00,1015.6312051039857,10.432409356108097,10.185230029721248,41.0,-74.5,False,1.1871863359333474,-1.1555859145990084,1.7217061090273091,0.9381697186985053,1014.9856769509715,0.930792566619965,1014.573477144189,0.8047534658587246,1014.8728908577338,0,-2.9811259269158086,2.340694111897641,10.88100767246261,1.673056331115754,10.759479973957305,1.4022848629758289,11.279887438805952,0,0.0,0,,1.7261076571212358e-06
STN_D_inland_ok,2012-10-27 01:00:00,1015.9083033350286,11.609761137185641,201.1227467310202,41.0,-74.5,False,1.36994266675174,1.8558362144615614,0.27709823104282805,1.082918444558704,1015.1496691446577,1.0824561329011937,1014.7605766275968,0.8270745578046711,1015.0139813665218,0,1.1773517810775438,1.501492045585027,11.818568592105882,1.707872945634093,10.908174802130816,1.382507489749324,11.372548600457485,0,0.0,0,,1.7261076571212358e-06
STN_D_inland_ok,2012-10-27 02:00:00,1015.1267510285048,10.24748003739667,101.71238446321597,41.0,-74.5,False,0.04161711791186917,-3.8076448324788004,-0.7815523065237358,0.3962493641949661,1015.5554198225063,0.7431726918479944,1015.0894286950032,0.8269248211229602,1015.0130272480561,0,-1.3622810997889712,0.7389368335845465,10.76321684356347,1.6612802996508356,10.647668341109696,1.40173890038967,11.225060544245693,0,0.0,0,,1.7261076571212358e-06
STN_D_inland_ok,2012-10-27 03:00:00,1011.9360710675606,8.82696871156186,214.82148615549437,41.0,-74.5,False,-3.2697063659293235,0.2438160715063855,-3.1906799609441805,2.104356267670912,1014.3237084770313,1.501616384798154,1014.6546927140015,1.2158176557547289,1014.7739486774472,0,-1.420511325834811,1.3914977485774245,10.228069962048059,1.7589611308985094,10.554538817255334,1.5642743367024068,11.046565696997197,0,0.0,0,,1.7261076571212358e-06
STN_D_inland_ok,2012-10-27 04:00:00,1013.7217204716989,10.02196580602015,156.4575032451475,41.0,-74.5,False,-1.3426189487531701,-1.0517528976794566,1.785649404138212,1.5991191988730147,1013.5948475225881,1.489026161907111,1014.3722583336229,1.2290227793927173,1014.62762517193,0,1.1949970944582908,0.7634054352201486,9.69880485165956,1.5757303015379298,10.75868672188272,1.5241060423795405,10.845441982917258,0,0.0,0,,1.7261076571212358e-06
STN_D_inland_ok,2012-10-27 05:00:00,1016.8859446158375,12.871988067845797,332.39252243169165,41.0,-74.5,False,1.6401802051376535,4.100603098054783,3.164224144138643,2.5067278263631216,1014.1812453850324,1.7727903985008975,1014.8683326037693,1.3573251350793278,1014.7190075768035,0,2.8500222618256466,2.078173338189783,10.573640861809269,1.398826130329914,10.66842885268637,1.611971633110283,10.93153704245274,0,0.0,0,,1.7261076571212358e-06
STN_D_inland_ok,2012-10-27 06:00:00,1014.4531501642795,11.110480198394045,103.61124538609245,41.0,-74.5,False,-0.4481600218565518,-0.960751591933457,-2.4327944515580384,1.6565925204603749,1015.0202717506053,1.7362620050785993,1014.6719901138182,1.3291835216791903,1014.6227336290038,0,-1.7615078694517514,1.4381933371100997,11.334811357419996,1.4033279654273731,10.781440659734029,1.4722796530101492,10.770460316845666,0,0.0,0,,1.7261076571212358e-06
STN_D_inland_ok,2012-10-27 07:00:00,1013.0154595966987,6.57705375706354,244.49233263800167,41.0,-74.5,False,-2.6416808462346353,-3.462642966845088,-1.4376905675807166,1.956446493646979,1014.7848514589385,1.7259139168687683,1014.1898494907632,1.4054969691972519,1014.4752130591801,0,-4.533426441330505,3.2475904721849456,10.186507341101127,2.1267836770302493,9.942656096380345,1.906850643672539,10.42541544925558,0,0.0,0,,1.7261076571212358e-06
STN_D_inland_ok,2012-10-27 08:00:00,1016.2347431041032,9.569511203833757,19.45955218269571,41.0,-74.5,False,1.7826078938689989,-1.4464842673849798,3.219283507404498,1.6127003168799614,1014.5677842883605,1.8970024723616652,1014.3745148366964,1.4234377600686148,1014.7319717658497,0,2.992457446770217,2.305115409687807,9.08568171976378,2.125359102066345,9.829661290786525,1.8682131554669235,10.23866481594811,0,0.0,0,,1.7261076571212358e-06
STN_D_inland_ok,2012-10-27 09:00:00,1015.0127169201878,13.56458776345772,344.10979230801314,41.0,-74.5,False,0.1446703041207229,4.692013392507253,-1.2220261839154318,1.625124154818819,1014.7543065403298,1.4749075113005288,1014.8872891454675,1.424248540929132,1014.7709909297346,0,3.9950765596239624,3.5057350579325104,9.903717574785006,2.521475792653768,10.619264466102502,2.073019106906851,10.586901641678919,0,0.0,0,,1.7261076571212358e-06
STN_D_inland_ok,2012-10-27 10:00:00,1016.1041336371546,9.572406546081055,353.0726884470068,41.0,-74.5,False,1.309148689311769,-2.3182364921328453,1.091416716966819,0.6710187872565433,1015.7838645538153,1.4179519693071156,1015.2843580063768,1.4658137959897146,1014.8283081699998,0,-3.9921812173766646,2.3057231682864896,10.902168504457512,2.549300404373876,10.544337922779318,2.023658453433002,10.65151232233102,0,0.0,0,,1.7261076571212358e-06
STN_D_inland_ok,2012-10-27 11:00:00,1015.2759419013587,6.399043023494328,266.0668664459085,41.0,-74.5,False,1.1016527065535229,-3.0496019157945495,-0.8281917357959401,0.5695582194456833,1015.4642641529005,1.187931982572314,1015.0160242206304,1.4408103591778643,1014.9421784121997,0,-3.173363522586727,3.59056119892318,9.845345777677702,2.730458121697352,9.46551374872074,2.1616827352830725,10.066971300703555,0,0.0,0,,1.7261076571212358e-06
STN_D_inland_ok,2012-10-27 12:00:00,1015.4572810232612,13.786098382023047,167.47648976288633,41.0,-74.5,False,1.05726761882363,0.8426071086454794,0.18133912190251067,0.43535497632678904,1015.6124521872583,1.1632494036092471,1015.1833793637942,1.4341082601889596,1014.9276847388063,0,7.387055358528719,3.705716795365776,9.91918265053281,3.2263102541633537,9.911450112658908,2.4151545561187167,10.346445386196468,0,0.0,0,,1.7261076571212358e-06
STN_D_inland_ok,2012-10-27 13:00:00,1015.3614066358189,11.36478593342437,79.19763815781408,41.0,-74.5,False,0.9082667462005247,0.7677168177730564,-0.09587438744233623,0.0907193438918376,1015.3648765201464,0.48586394864200716,1015.5743705369808,1.4085746731237279,1014.8821100138721,0,-2.421312448598677,3.765854119391491,10.516642446313915,2.800677727511096,10.709405475385713,2.4045172742136556,10.32603078588303,0,0.0,0,,1.7261076571212358e-06
STN_D_inland_ok,2012-10-27 14:00:00,1015.6954838318055,9.859975642575963,292.5058824892673,41.0,-74.5,False,0.5642782414188332,0.8845429914189271,0.33407719598665153,0.1720174647359876,1015.5047238302951,0.37694260180172184,1015.4844939915978,1.4270019971621235,1014.9295044141471,0,-1.5048102908484076,1.9808099248533675,11.670286652674458,2.779463587063933,10.75781621517608,2.4082672083274583,10.293738752981303,0,0.0,0,,1.7261076571212358e-06
STN_D_inland_ok,2012-10-27 15:00:00,1017.274929588405,9.257166543535263,265.087474972928,41.0,-74.5,False,2.183974853396194,1.6406921201263573,1.5794457565995117,1.0220752223616771,1016.1106066853431,0.7537347394274563,1015.8615294363007,1.227146488788469,1015.3744092908842,0,-0.6028090990406998,1.085502365571348,10.160642706511865,2.4457620139410206,10.039912678522338,2.3875606701514793,10.329588572312419,0,0.0,0,,1.7261076571212358e-06
STN_D_inland_ok,2012-10-27 16:00:00,1015.9678939652146,12.164706833426662,79.90345424194166,41.0,-74.5,False,0.8849471201322103,3.2983034935210203,-1.3070356231904725,0.844314149582827,1016.312769128475,0.7469863935132292,1015.8388228243107,1.1186508107277906,1015.5615904153437,0,2.907540289891399,1.534544189073094,10.42728300651263,2.572350827462468,10.471962726413272,2.441968676062696,10.508150324596295,0,0.0,0,,1.7261076571212358e-06
STN_D_inland_ok,2012-10-27 17:00:00,1013.4157969456056,8.916037567522832,162.43750589661565,41.0,-74.5,False,-2.5885297611425813,-2.1603716312258054,-2.5520970196089365,1.9627551245000447,1015.5528734997416,1.2463926315451987,1015.5287986650184,1.1913398808369782,1015.2724114428244,0,-3.24866926590383,1.7853109680036634,10.112636981494918,1.890042071962011,10.89146181708469,2.3594738747452713,10.178487782902716,0,0.0,0,,1.7261076571212358e-06
STN_D_inland_ok,2012-10-27 18:00:00,1015.4418769999357,12.296519236254824,166.60761761404262,41.0,-74.5,False,1.1946975648729676,0.5320088855792946,2.026080054330123,1.3475220116825444,1014.941855970252,1.246585257036728,1015.5262313277975,1.1633909019429858,1015.3548053457957,0,3.380481668731992,1.914805595937457,11.125754545734772,1.4890770970706135,10.643198626123318,2.4259676597291953,10.277324369391113,0,0.0,0,,1.7261076571212358e-06
STN_D_inland_ok,2012-10-27 19:00:00,1016.1355708336939,11.084399869967326,297.5077979901753,41.0,-74.5,False,1.635910673983858,0.05117862232456716,0.6936938337581751,1.4132339700062275,1014.9977482597451,1.266026311110617,1015.6552586941101,0.9152277742808691,1015.6148146155455,0,-1.2121193662874976,1.7126336806910638,10.76565222458166,1.466125545546214,10.596467615547144,2.132110864505244,10.65293654546643,0,0.0,0,,1.7261076571212358e-06
STN_D_inland_ok,2012-10-27 20:00:00,1016.1954189581215,10.489377327728107,246.18408636026754,41.0,-74.5,False,1.0910675406003065,2.759737446900118,0.05984812442761722,0.418851289389985,1015.9242889305838,1.2855047488164943,1015.7385812151628,0.9128736780555876,1015.6115376033803,0,-0.595022542239219,0.9209639027902162,11.290098811316753,1.4248258887642873,10.701367896405836,2.105993448656222,10.729592055790958,0,0.0,0,,1.7261076571212358e-06
STN_D_inland_ok,2012-10-27 21:00:00,1014.5644451851921,10.291049056505988,231.54031567441984,41.0,-74.5,False,-0.20783590069368074,0.9186680861243914,-1.6309737729294511,0.9248507131212189,1015.6318116590024,1.1005804928051113,1015.2868338146272,0.94809821918931,1015.574181625464,0,-0.1983282712221186,0.41287436389262444,10.621608751400474,1.269262454664427,10.873681648567624,1.90810251117127,10.45679716354498,0,0.0,0,,1.7261076571212358e-06
STN_D_inland_ok,2012-10-27 22:00:00,1016.1539720264884,9.650091860865938,233.93787212278022,41.0,-74.5,False,1.7221550583166163,0.013061893479868303,1.5895268412963333,0.9299093930172836,1015.637945389934,1.1259397865474845,1015.3178468248396,0.9507362386927551,1015.5783348245751,0,-0.6409571956400502,0.4386647020019271,10.14350608170001,1.16890379627184,10.454579153140836,1.9049583838996922,10.463270939777054,0,0.0,0,,1.7261076571212358e-06
STN_D_inland_ok,2012-10-27 23:00:00,1015.9143238944351,12.09132019058735,97.36922857769241,41.0,-74.5,False,2.18342994618024,4.616462708206664,-0.23964813205327573,0.8569518983067519,1015.5442470353719,0.6381619983110751,1015.7342679829777,0.9501377681044463,1015.6315333239982,0,2.4412283297214117,1.2656617531739178,10.677487035986426,1.0452835164002061,10.98379292365159,1.4569569288243387,10.937627370368139,0,0.0,0,,1.7261076571212358e-06
STN_D_inland_ok,2012-10-28 00:00:00,1017.5561485117606,8.269371217073065,133.81605353863225,41.0,-74.5,False,3.5529801629164695,-1.429179833096546,1.641824617325483,0.8868594587184158,1016.5414814775613,0.9513133921427172,1016.086646568282,1.096981627050894,1015.8064389480397,0,-3.821948973514285,1.935341451793325,10.003594422842118,1.2965289133863322,10.312601587121296,1.3423037296151343,10.477900106622307,0,0.0,0,,1.7261076571212358e-06
STN_D_inland_ok,2012-10-28 01:00:00,1014.2300800468914,6.756230375076239,16.438422757214212,41.0,-74.5,False,-0.11492500897293212,-4.513760298727815,-3.326068464869195,1.663079314857821,1015.9001841510291,1.2136129799229145,1015.7690647704816,1.183878483336101,1015.7121617322958,0,-1.513140841996826,2.7495476144096855,9.038973927578885,1.8619809090647585,9.591240004639447,1.6818261923580606,10.093853810093297,0,0.0,0,,1.7261076571212358e-06
STN_D_inland_ok,2012-10-28 02:00:00,1014.4684228354492,11.2289940295176,283.29880889236455,41.0,-74.5,False,-0.9946638818316842,-1.2136252958746923,0.23834278855781577,1.8553341374719123,1015.4182171313672,1.294379228851567,1015.4812320833695,1.2372398151996662,1015.6099066492661,0,4.47276365444136,2.2750302968001836,8.751531873888966,1.9554682293111725,9.714509454937696,1.7107040761091863,10.207938675671766,0,0.0,0,,1.7261076571212358e-06
STN_D_inland_ok,2012-10-28 03:00:00,1014.6646088547848,11.262636516315325,155.879357461133,41.0,-74.5,False,-0.15811705896874173,2.482466968299404,0.19618601933552782,0.21760496468446966,1014.4543705790419,1.2807647008269678,1015.4979260283017,1.1438315979105707,1015.3923799214645,0,0.03364248679772608,2.592117629635622,9.749286973636387,2.050670578122042,9.876440698239252,1.7073332084920232,10.375061173403438,1,0.0,0,,1.7261076571212358e-06
STN_D_inland_ok,2012-10-28 04:00:00,1014.4744247976838,10.960705904213857,157.76580855152648,41.0,-74.5,False,-0.04273118763910588,1.748273946374459,-0.1901840571009643,0.11157579883313219,1014.5358188293059,1.2921921706513648,1015.2180014901675,1.15669640539105,1015.2679241575034,0,-0.30193061210146865,0.16546521770491035,11.15077881668226,2.091141385885408,10.094876372130573,1.626043725664645,10.274727762635704,0,0.0,0,,1.7261076571212358e-06
STN_D_inland_ok,2012-10-28 05:00:00,1014.0673886007697,10.81576810435248,88.32825537610562,41.0,-74.5,False,-1.715246758627245,0.6682475531181549,-0.40703619691407766,0.3051012053351566,1014.4021407510794,1.3129600016904823,1014.9101789412234,1.0741991417229997,1015.3222234621006,0,-0.1449377998613759,0.22798407764677908,11.01303684162722,1.9040528490929896,9.882284357758094,1.5733617098775194,10.433038640704842,0,0.0,0,,1.7261076571212358e-06
STN_D_inland_ok,2012-10-28 06:00:00,1012.1861426568103,9.359350901018392,75.39382132539441,41.0,-74.5,False,-2.912957427568813,-0.489556437967396,-1.8812459439594704,1.220723823768977,1013.5759853517546,0.9200410926058255,1014.0151779653983,1.4022809480198537,1015.0509122668401,0,-1.4564172033340892,0.8856726146696992,10.378608303194909,1.76641147959604,10.063947638415648,1.4829782702722953,10.188274612768472,0,0.0,0,,1.7261076571212358e-06
STN_D_inland_ok,2012-10-28 07:00:00,1014.5039480991038,11.575561179029403,211.61589464485053,41.0,-74.5,False,-1.534808775776014,1.386289867655199,2.3178054422935475,1.2316582700824723,1013.5858264522279,0.939424374928817,1014.060822640767,1.3661873499714963,1014.9149437056243,0,2.216210278011012,1.1262048794406834,10.583560061466759,0.7840966792296341,10.867169439074509,1.5163619832131792,10.229204721856979,0,0.0,0,,1.7261076571212358e-06
STN_D_inland_ok,2012-10-28 08:00:00,1015.2959976264971,9.909702377053025,83.71908547332328,41.0,-74.5,False,0.7602669889507752,-0.914525594902214,0.7920495273932602,1.6161044961396704,1013.9953627941371,1.0637634544631962,1014.1987517726083,1.313195914835598,1014.839991927989,0,-1.6658588019763787,1.1539468713692433,10.28153815236694,0.8449586666566578,10.64728749699708,1.516553519370405,10.180898475967387,0,0.0,0,,1.7261076571212358e-06
STN_D_inland_ok,2012-10-28 09:00:00,1014.4192785097667,9.026892746516454,23.115186563567185,41.0,-74.5,False,-0.33774866960845884,0.35413876739597683,-0.8767191167303281,0.48358863421443515,1014.7397414117892,1.0468563887194846,1014.157863381772,1.316629176665596,1014.8278947050367,0,-0.8828096305365705,1.29422751546873,10.17071876753296,0.9983695481034198,10.274663535363935,1.551705869410739,10.075552116801594,0,0.0,0,,1.7261076571212358e-06
STN_D_inland_ok,2012-10-28 10:00:00,1016.8312777734201,9.377742536280174,276.3026697531234,41.0,-74.5,False,2.083588940271966,-0.252461302478757,2.4119992636533425,1.2208918862215261,1015.5155179698946,1.5231994100731128,1014.5506722110613,1.3910581434801166,1014.8843368506144,0,0.3508497897637195,0.4444902869093026,9.438112553283217,0.9899386932806833,10.010836307374989,1.5604615505600075,10.05285633975278,0,0.0,0,,1.7261076571212358e-06
STN_D_inland_ok,2012-10-28 11:00:00,1014.8898271963864,14.043347319649508,135.52899638629174,41.0,-74.5,False,-0.6610393526211737,4.782366130793106,-1.94145057703372,1.2785660494877555,1015.3801278265245,1.5079397244631358,1014.6877453103307,1.353015522780386,1014.798962125777,0,4.665604783369334,2.80046960508065,10.815994200815377,1.9378808881575589,10.548766176591158,1.8644178225785148,10.215525267174627,0,0.0,0,,1.7261076571212358e-06
STN_D_inland_ok,2012-10-28 12:00:00,1016.144769219982,6.53283923876629,136.8848102037496,41.0,-74.5,False,1.1094418451391448,-1.1133731438615149,1.2549420235956177,0.9844968105251418,1015.9552913965962,0.961511988743679,1015.3475164041926,1.135392672538125,1014.6813471847954,0,-7.510508080883217,3.7918569417418717,9.984643031565325,2.536073505485939,10.077680899549142,2.083702070611262,10.070814268982396,0,0.0,0,,1.7261076571212358e-06
STN_D_inland_ok,2012-10-28 13:00:00,1015.0887068124247,11.003327498818088,155.27458134568488,41.0,-74.5,False,1.3863558000865623,-0.4814557711345291,-1.056062407557306,0.6744998632228822,1015.3744344095977,0.8855406239274205,1015.4449761897462,1.131416847290012,1014.7528994152566,0,4.4704882600517974,3.7778900069421644,10.526504685744628,2.478586096564987,9.982308619513923,1.8125802606004262,10.424739029294216,0,0.0,0,,1.7261076571212358e-06
STN_D_inland_ok,2012-10-28 14:00:00,1015.6229645406528,6.646798045586349,293.4161364269138,41.0,-74.5,False,0.5702045266098139,-2.138714586393945,0.5342577282281127,0.5280434407960596,1015.6188135243532,0.8845991555562347,1015.4994706754388,1.1538926512960561,1014.8491112240235,0,-4.3565294532317385,2.5487775098985614,8.060988261056911,2.830649402523997,9.438491230936144,2.0892848097846786,10.042889363966612,0,0.0,0,,1.7261076571212358e-06
STN_D_inland_ok,2012-10-28 15:00:00,1015.0402006381333,9.79021839961983,115.50128253833417,41.0,-74.5,False,0.708431798781703,-0.7014868189217438,-0.5827639025194458,0.3233671636606415,1015.2506239970703,0.760583302585398,1015.6029576968332,1.1535269643438697,1014.8804105393025,0,3.1434203540334806,2.248409589227648,9.146781314674756,2.8255996843176505,9.56571217312004,2.0540782660813126,9.920187854241988,0,0.0,0,,1.7261076571212358e-06
STN_D_inland_ok,2012-10-28 16:00:00,1016.0886179459291,9.141609931305547,272.893036052821,41.0,-74.5,False,1.6760648250817667,-0.4919208823606418,1.0484173077957166,0.525297647564336,1015.5839277082383,0.5527398178714548,1015.479181058918,1.1952434056859895,1015.0149266349896,0,-0.6486084683142828,1.6596119432187852,8.526208792170577,2.8303817730486363,9.526356738957602,2.037363700849768,9.768596523166295,0,0.0,0,,1.7261076571212358e-06
STN_D_inland_ok,2012-10-28 17:00:00,1014.7283913095574,5.841646785821122,338.23614268063557,41.0,-74.5,False,-0.008147042963400963,-5.2689829063460225,-1.3602266363716353,0.7125798681522667,1015.2857366312065,0.589849169337526,1015.4522750777797,1.1623854223836112,1015.0700101940553,0,-3.2999631454844254,2.1174539544785556,8.257825038915499,2.0984695930263,8.159406649986204,2.2946954975223983,9.354086413288682,0,0.0,0,,1.7261076571212358e-06
STN_D_inland_ok,2012-10-28 18:00:00,1015.114134412288,10.79345738018386,237.91255053292778,41.0,-74.5,False,0.9907484431932971,-0.6949713568724079,0.3857431027305438,0.7010269135281412,1015.3103812225914,0.48936009257900676,1015.2805026098308,0.7282210933905878,1015.3140095070117,0,4.951810594362738,2.5212029178669235,8.592238032436843,2.1580035702378217,8.869509673555799,2.3320352855955435,9.473595286552472,0,0.0,0,,1.7261076571212358e-06
STN_D_inland_ok,2012-10-28 19:00:00,1014.9219730721203,9.260051633289759,155.40518922372888,41.0,-74.5,False,0.4415956280952287,0.823918839983639,-0.19216134016767228,0.1928719872364764,1014.9214995979886,0.5068512495516542,1015.2527136531135,0.6951975898311348,1015.3488449214298,0,-1.5334057468941005,2.534996812892402,8.631718599764913,1.9171718632478456,8.578963695967744,2.236125217666022,9.280636157740833,0,0.0,0,,1.7261076571212358e-06
STN_D_inland_ok,2012-10-28 20:00:00,1014.1960869761126,5.827807886671497,269.2043003327993,41.0,-74.5,False,-0.29719400411192964,-3.8563193374482765,-0.7258860960076845,0.48419137058732464,1014.7440648201737,0.6204087733082297,1015.01490072569,0.7711583771215302,1015.2571857005645,0,-3.432243746618262,2.542613655710315,8.627105633381705,2.1024530025309445,8.442465336148603,2.433490312074528,8.940478283542374,0,0.0,0,,1.7261076571212358e-06
STN_D_inland_ok,2012-10-28 21:00:00,1014.808150876162,11.713142429997703,164.84305311049877,41.0,-74.5,False,0.1716676663694443,0.2635811231572518,0.6120639000494066,0.39040328175287553,1014.6420703081316,0.6257261588524077,1014.9762257653616,0.7402996734743545,1015.2895917310974,0,5.885334543326206,2.9562113783231028,8.933667316652986,2.46439285289322,8.762952674544914,2.5623053714946535,9.164332423832477,0,0.0,0,,1.7261076571212358e-06
STN_D_inland_ok,2012-10-28 22:00:00,1016.5452873937323,12.913920501110699,149.1938175989307,41.0,-74.5,False,1.5631175726465472,3.1206159990078994,1.7371365175703204,1.2186746968580566,1015.1831750820023,0.7934035957618267,1015.0523373399955,0.6889807716873206,1015.2657591994567,0,1.200778071112996,3.792361239989511,10.151623605926632,3.0027185040736706,9.391671102845772,2.7829238653108996,9.459013920901688,0,0.0,0,,1.7261076571212358e-06
STN_D_inland_ok,2012-10-28 23:00:00,1013.9359592681297,13.036690537285219,189.10193888616595,41.0,-74.5,False,0.9395770046079406,2.3160408350626973,-2.6093281256025875,1.3283419959274239,1015.096465846008,0.9147838222769864,1014.9202653330909,0.7846748328089781,1015.1862702054353,0,0.12277003617452031,0.7312911014263569,12.55458448946454,2.725324824747561,10.590845061423122,2.6438698979825235,9.375125855704663,0,0.0,0,,1.7261076571212358e-06
STN_D_inland_ok,2012-10-29 00:00:00,1014.5076976575087,10.790144480992634,114.38004053134577,41.0,-74.5,False,0.9592362671431829,0.2997059551769379,0.5717383893789929,1.3715714822860328,1014.9963147731236,0.9225486240093101,1014.8191925406277,0.7441448575504284,1015.0498475752293,0,-2.246546056292585,1.2630958164007418,12.24691850646285,2.725275900881851,10.590292911557919,2.510049358116656,9.729901292556859,0,0.0,0,,1.7261076571212358e-06
STN_D_inland_ok,2012-10-29 01:00:00,1015.2129225567128,10.184144917913699,37.53007786080043,41.0,-74.5,False,1.5155523539657452,-1.3597816261777282,0.7052248992040404,0.6396434142998622,1014.5521931607836,0.9365714821399327,1014.8676841213932,0.7455970684046226,1015.0601988872533,0,-0.6059995630789352,1.5028429261509155,11.336993312063852,2.6604034761988693,10.744308458995242,2.4832644730697315,9.661636077481493,0,0.0,0,,1.7261076571212358e-06
STN_D_inland_ok,2012-10-29 02:00:00,1014.9458706152997,12.77304488107955,149.34672198941948,41.0,-74.5,False,1.2047604582251097,0.958605063782235,-0.26705194141311495,0.3560558099550294,1014.8888302765071,0.877177882811737,1014.9926480612576,0.7244575377287312,1015.0037743934739,0,2.5888999631658507,1.3541007155055993,11.249111426661962,1.2077367860648434,11.90184795806325,2.4364032401685782,10.172156647105927,0,0.0,0,,1.7261076571212358e-06
STN_D_inland_ok,2012-10-29 03:00:00,1013.6498182283354,13.512176158309554,44.588477206548696,41.0,-74.5,False,0.3161867642731977,3.3489049979815295,-1.2960523869642202,0.8360984462138524,1014.6028704667827,1.0385312242628997,1014.7995926199532,0.8226343190896553,1014.8879091926573,0,0.7391312772300047,1.7475940604781162,12.156455319100933,1.364644090278237,12.201686912781893,2.613811351895617,10.482319793663402,0,0.0,0,,1.7261076571212358e-06
STN_D_inland_ok,2012-10-29 04:00:00,1011.067580482976,12.452460330245456,147.7589304799608,41.0,-74.5,False,-2.8049949793008864,2.1779220160030217,-2.582237745359407,1.9743706977921045,1013.221089775537,1.5014873314706751,1013.8866414681605,1.2967199164366985,1014.469489404078,0,-1.059715828064098,0.5434591575366156,12.912560456544853,1.3290137074791002,12.124776884304353,2.634087402511987,10.758223993575063,0,0.0,0,,1.7261076571212358e-06
STN_D_inland_ok,2012-10-29 05:00:00,1013.7592254737121,8.348880003908766,200.49613963684212,41.0,-74.5,False,0.23237385202685346,-0.7340275281246207,2.6916449907361084,1.5234212853016924,1012.8255413950079,1.502059773604275,1013.8571858357576,1.3092495795772947,1014.3887255844242,0,-4.10358032633669,2.727086244480143,11.437838830821258,1.9284503268040054,11.34347512874161,2.284949499568755,10.967160095082365,0,0.0,0,,1.7261076571212358e-06
STN_D_inland_ok,2012-10-29 06:00:00,1010.7915308048829,10.691723694116215,335.05602523403286,41.0,-74.5,False,-2.93324388285032,-0.08155771762625719,-2.9676946688292674,1.6395308184729482,1011.8727789205237,1.8949587652188185,1013.2378246936532,1.643499487790494,1014.0285086171403,0,2.3428436902074488,2.0586598210668496,10.497688009423479,1.9345073791365477,11.327071664262206,2.28584113165085,10.958682287910063,0,0.0,0,,1.7261076571212358e-06
STN_D_inland_ok,2012-10-29 07:00:00,1014.2245467175759,11.237593662283214,13.040039176309293,41.0,-74.5,False,2.13018247249704,1.5165891700490466,3.4330159126930084,1.862316378608413,1012.9251009987237,1.72418896450854,1013.0730953871303,1.621212083257068,1013.9703897542618,0,0.5458699681669987,1.5346854823801548,10.092732453436065,1.8562521230777096,11.50264645499046,2.222658575005859,11.12347745699285,0,0.0,0,,1.7261076571212358e-06
STN_D_inland_ok,2012-10-29 08:00:00,1012.6409657481818,6.8236071344259965,223.7250263406999,41.0,-74.5,False,0.7527286586665696,-3.6540773702945373,-1.58358096939412,1.7182227519995237,1012.5523477568803,1.460010672691691,1012.688944575944,1.6631435256787805,1013.8407963186008,0,-4.413986527857217,2.4063657525267312,9.584308163608476,2.5143012922472203,10.511073497214868,2.015946799124326,11.206460727639056,0,0.0,0,,1.7261076571212358e-06
STN_D_inland_ok,2012-10-29 09:00:00,1013.1594598702866,11.483226588180642,164.78466719402783,41.0,-74.5,False,1.5432794450772462,0.0931827652909476,0.518494122104812,0.8073593617011432,1013.3416574453481,1.4082746229577416,1012.6072181829359,1.643954202067307,1013.7034054014445,0,4.659619453754646,2.622202193329066,9.84814246162995,2.1382662758008966,10.172915235526714,2.011781760079904,11.187301074154304,0,0.0,0,,1.7261076571212358e-06
STN_D_inland_ok,2012-10-29 10:00:00,1010.9155085130899,15.212523444253316,7.2940061534901,41.0,-74.5,False,-0.2163409409132555,3.5290232440103697,-2.2439513571966927,1.174830237258542,1012.2386447105195,1.4424791238865373,1012.5818728546215,1.5603995569814328,1013.2342571613909,0,3.729296856072674,4.20304701670524,11.173119055619985,2.891109832718028,10.632925754528026,2.2823597612553983,11.378851319416187,0,0.0,0,,1.7261076571212358e-06
STN_D_inland_ok,2012-10-29 11:00:00,1009.8906278283246,12.092178739800724,89.83734333793933,41.0,-74.5,False,-0.4051190828573681,-1.1713867271212806,-1.0248806847653213,1.6718732522751467,1011.3218654039005,1.6592787243747982,1011.9371065803903,1.8117560613416581,1012.8971462080739,0,-3.1203447044525916,2.000626103593626,12.929309590744893,2.6970262773634475,11.256808877176686,2.2358014657384055,11.300142002959149,0,0.0,0,,1.7261076571212358e-06
STN_D_inland_ok,2012-10-29 12:00:00,1011.2952642837113,13.932387094016645,42.65469084772856,41.0,-74.5,False,0.07074645133570812,1.5175355984312997,1.404636455386708,0.726590030569634,1010.7004668750419,1.601459076336891,1012.021062160195,1.7893430146232112,1012.629443426924,0,1.840208354215921,1.5685272783053696,13.745696426023562,2.8795428348616845,11.796919443826758,2.3516473818961723,11.561995554044481,0,0.0,0,,1.7261076571212358e-06
STN_D_inland_ok,2012-10-29 13:00:00,1010.5563755478645,11.556295144919629,78.0458924633201,41.0,-74.5,False,0.12737487583285656,1.1568552593338524,-0.7388887358467855,0.7026355340013147,1010.5807558866335,1.2546504364629287,1011.4097002985765,1.6797057690701733,1012.2413978428534,0,-2.3760919490970167,1.246284542466937,12.526953659579,2.8700857469131176,11.850036357599492,2.3115787585863914,11.676341406294975,0,0.0,0,,1.7261076571212358e-06
STN_D_inland_ok,2012-10-29 14:00:00,1009.6163210399668,11.285158064795171,98.84528764593054,41.0,-74.5,False,0.12956976423345168,-0.204586461107386,-0.9400545078976847,0.8414778128891248,1010.4893202905141,1.2685572286063578,1010.9055928472072,1.6024235394687603,1011.7972687115756,0,-0.2711370801244577,1.4564311289321055,12.257946767910482,1.6076992840224704,12.593628179327688,2.2871805170277018,11.552350838271275,0,0.0,0,,1.7261076571212358e-06
STN_D_inland_ok,2012-10-29 15:00:00,1009.6712499512684,12.476472827234973,144.47028073759066,41.0,-74.5,False,1.5159838099958733,-1.3554281856581252,0.05492891130154476,0.5275994353166243,1009.9479821796998,0.7017033986553282,1010.3242245273709,1.5958555830310182,1011.4657213551535,0,1.1913147624398022,0.6244294924777917,11.77264201231659,1.5191968672230274,12.759169219170076,2.225203523720756,11.466042227348396,0,0.0,0,,1.7261076571212358e-06
STN_D_inland_ok,2012-10-29 16:00:00,1011.7921648820155,10.411193988107096,190.45418165600051,41.0,-74.5,False,3.7857849907090895,-1.5858113619102792,2.120914930747176,1.2406714414486548,1010.3599119577502,0.9098442394079183,1010.4703339221919,1.5931273647554303,1011.5261033884067,0,-2.0652788391278776,1.0366951298796765,11.390941626712413,1.1993088771824543,11.958947643145706,2.2209598945647793,11.295936698836867,0,0.0,0,,1.7261076571212358e-06
STN_D_inland_ok,2012-10-29 17:00:00,1009.2555472842828,10.496538357981017,0.35639781349899646,41.0,-74.5,False,0.6172023557455759,-0.6027707642280529,-2.536617597732743,1.360485065944359,1010.2396540391888,1.0209318198643664,1010.3644871648515,1.5491033714043276,1011.150796872621,0,0.08534436987392091,1.16853190281355,11.128068391107695,1.3332857609665603,11.693007579509088,2.041140862576502,11.474908228342885,1,0.0,0,,1.7261076571212358e-06
STN_D_inland_ok,2012-10-29 18:00:00,1008.8239045411075,15.39633158012858,58.27296982634669,41.0,-74.5,False,0.7007698126067226,1.427542299978466,-0.4316427431753027,1.6037099564387052,1009.9572055691352,1.067766002775959,1009.9525938744176,1.6884543818945768,1010.9868280173063,0,4.899793222147563,2.8538527786327115,12.10135464207223,1.856386475700192,11.936998327194411,2.31101226749283,11.866958885510584,0,0.0,0,,1.7261076571212358e-06
STN_D_inland_ok,2012-10-29 19:00:00,1007.9279889282087,16.11277045578106,33.683898819168256,41.0,-74.5,False,-0.2188675585891815,2.4293535692921946,-0.8959156128987615,0.6771744521620588,1008.6691469178663,1.2871434542205409,1009.5145294378082,1.5646506354689953,1010.4621148681923,0,0.7164388756524804,3.0567772042547396,14.001880131296886,2.492498631879994,12.69641087900465,2.600677492400059,12.27322361830207,0,0.0,0,,1.7261076571212358e-06
STN_D_inland_ok,2012-10-29 20:00:00,1007.8288554706567,11.961499085817128,197.88242373458775,41.0,-74.5,False,1.1998070119436761,-1.453690092000988,-0.09913345755205683,0.5481202545152629,1008.1935829799909,1.4548072741821052,1009.2166185095899,1.5720979374910733,1010.0611056783986,0,-4.151271369963933,2.2190242943542358,14.490200373908921,2.43043076257347,12.80913438250831,1.967873383038313,12.701381280917998,0,0.0,0,,1.7261076571212358e-06
STN_D_inland_ok,2012-10-29 21:00:00,1005.3800852648646,16.53323553993734,118.46695334445714,41.0,-74.5,False,-0.04236212816840634,0.6163623490515402,-2.448770205792016,1.4432668984446397,1007.0456432212433,2.0988379112045834,1008.5014243951892,1.769831582937936,1009.4128244612801,0,4.571736454120213,2.5268761702943308,14.869168360511841,2.8478183542563236,13.485261501292037,2.2089029055489524,13.122215360231058,0,0.0,0,,1.7261076571212358e-06
STN_D_inland_ok,2012-10-29 22:00:00,1002.6916326357217,15.161377096351139,197.42318497249852,41.0,-74.5,False,-1.739496014357087,1.0646513104939697,-2.688452629142944,2.56954313435003,1005.3001911237476,2.4958777626313644,1006.9846690208069,2.5537083756077155,1008.7275014714993,0,-1.371858443586202,2.3459890976398117,14.55203724070187,2.4555696981733615,14.276958685999375,2.2045479275136937,13.117953164572542,0,0.0,0,,1.7261076571212358e-06
STN_D_inland_ok,2012-10-29 23:00:00,1003.6899218488662,16.84400604313052,79.85638878288401,41.0,-74.5,False,-0.43337772179199874,1.0284048934305918,0.9982892131445169,1.3589831532572139,1003.9205465831509,2.517252554734432,1006.0570647815708,2.900720502809194,1008.2107759732113,0,1.6826289467793814,0.8953410958431013,16.179539559806333,1.7738212605103567,15.33486996685763,2.4198036897898425,13.513938773183357,0,0.0,0,,1.7261076571212358e-06
STN_D_inland_ok,2012-10-30 00:00:00,1003.7790175357054,18.011172309776963,8.722567471530551,41.0,-74.5,False,1.8292378624150842,2.745636934207715,0.08909568683918678,0.6037280451801962,1003.3868573400978,2.2349534658012904,1005.2162502806706,2.984422558263282,1007.584422077544,0,1.1671662666464435,1.432646154556989,16.672185149752874,2.085735394615741,15.770676755132357,2.7481164670980127,13.853837541163385,0,0.0,0,,1.7261076571212358e-06
STN_D_inland_ok,2012-10-30 01:00:00,1001.0441009105509,20.1088179304454,338.89208445728883,41.0,-74.5,False,-0.4485950670251668,3.032456135784919,-2.734916625154483,1.5539238197545033,1002.8376800983742,2.329394905932428,1004.068935611061,3.362596005731041,1006.7917325244347,0,2.0976456206684375,1.6543574232643345,18.321332094450963,2.7492727111750397,16.436684667576415,3.174102498661605,14.566547773290532,0,0.0,0,,1.7261076571212358e-06
STN_D_inland_ok,2012-10-30 02:00:00,1000.8436100415205,19.423136733820478,38.99092362803785,41.0,-74.5,False,-0.4462025133653924,0.04512507692142975,-0.2004908690304319,1.6399483067077563,1001.8889094959255,1.7472180860058029,1002.9047280395383,3.6352574017049846,1006.0606732745641,0,-0.6856811966249232,1.0695730758951087,19.18104232468095,1.8657316396789658,17.68029094224364,3.2769753224467,15.244712662375974,0,0.0,0,,1.7261076571212358e-06
STN_D_inland_ok,2012-10-30 03:00:00,999.2957863029418,23.32817129131293,45.66914926621805,41.0,-74.5,False,-1.481335176858238,0.7040019154163062,-1.5478237385786997,0.9567792223099468,1000.3944990850044,1.7883590218873084,1001.890678212551,3.9210694055801807,1005.1960513038701,0,3.9050345574924528,2.085013575525088,20.95337531852627,2.8387461006713894,18.81278023413957,3.884586225316503,16.1490208677158,0,0.0,0,,1.7261076571212358e-06
STN_D_inland_ok,2012-10-30 04:00:00,1000.421173928057,22.492747624536733,52.75685754365058,41.0,-74.5,False,1.7644035374420355,1.498522341569089,1.125387625115195,0.8000737364393773,1000.1868567575065,1.824822786982063,1001.5122684279404,3.537313114829884,1004.2484687243737,0,-0.8354236667761974,2.056280566890252,21.74801854989005,2.5117183999483546,20.034675322170504,3.8274921994274496,17.15581700408494,0,0.0,0,,1.7261076571212358e-06
STN_D_inland_ok,2012-10-30 05:00:00,998.5671626869771,24.606460497672522,353.2595486375782,41.0,-74.5,False,1.6351259215299478,3.226341040829162,-1.8540112410798884,0.9340545453885245,999.4280409726586,1.8004214794382296,1000.6584752342923,3.507455655646851,1003.3577700079314,0,2.113712873135789,1.0645607942687072,23.475793137840725,2.5385775276501947,21.32841773126084,3.762517690120839,18.331643849059233,0,0.0,0,,1.7261076571212358e-06
STN_D_inland_ok,2012-10-30 06:00:00,997.3382061497794,23.29460734356328,222.3576864611986,41.0,-74.5,False,0.8197094885712204,2.630330084910508,-1.228956537197746,1.5520084930115803,998.7755142549378,1.4546464522533493,999.585006669971,3.446840190480583,1002.4006284753209,0,-1.3118531541092437,1.0670613710093875,23.464605155257512,2.021445824086465,22.208990236891893,3.8909956455265022,18.989833496012125,0,0.0,0,,1.7261076571212358e-06
STN_D_inland_ok,2012-10-30 07:00:00,996.1515110747222,30.999556048601317,219.7043826133862,41.0,-74.5,False,1.075138436595239,4.855423715633549,-1.1866950750571732,1.2078874177177428,997.3522933038263,1.8027947722741071,998.7695750306663,3.406283175340437,1001.4192553208636,0,7.7049487050380385,4.122274129015808,26.300207963279036,3.834749280255589,24.024113256584542,5.081394137564804,20.23039896208048,0,0.0,0,,1.7261076571212358e-06
STN_D_inland_ok,2012-10-30 08:00:00,994.3145237896281,29.458497520607068,355.21135254667064,41.0,-74.5,False,0.641800347687763,2.1750866966107516,-1.8369872850940965,1.5234512628601176,995.93474700471,2.222223094468726,997.6813939886842,3.32763755167715,1000.2930610141112,0,-1.5410585279942488,4.077062628262064,27.917553637590554,3.608470956641819,25.696673387715645,5.002701529422516,21.688482164979643,0,0.0,0,,1.7261076571212358e-06
STN_D_inland_ok,2012-10-30 09:00:00,993.3545792169392,31.89248673648572,31.837956938875717,41.0,-74.5,False,0.5683500257817968,1.8333395270088282,-0.9599445726888689,1.4211992403905809,994.6068713604299,2.6428564342197656,996.6911928076838,3.4643448290671963,999.2909355101175,0,2.4339892158786505,1.231292688131866,30.783513435231367,4.139058610909012,27.124059295244436,5.503581535837847,22.968419764692005,0,0.0,0,,1.7261076571212358e-06
STN_D_inland_ok,2012-10-30 10:00:00,990.7656524725957,29.30229430866089,350.8203213152241,41.0,-74.5,False,-1.0521837960172888,-5.046397895416931,-2.588926744343553,1.8356889213168803,992.811585159721,2.849018684895835,995.0819392317735,4.059577105908993,998.297103829857,0,-2.590192427824828,1.4524576734851786,30.217759521917888,3.4993247890965797,28.258983742598463,5.184660622575142,24.146829532384483,0,0.0,0,,1.7261076571212358e-06
STN_D_inland_ok,2012-10-30 11:00:00,988.5523316327441,33.02133338427304,73.44473275945472,41.0,-74.5,False,-2.778700938878387,3.4145208727317247,-2.2133208398515762,2.4035707009783525,990.8908544407597,3.2971924428185644,993.4128007227347,4.553364140193793,997.0356379785134,0,3.7190390756121516,1.9067705338831737,31.405371476473217,3.4282280263470013,29.661462557031886,5.216272829307946,25.494940144146366,0,0.0,0,,1.7261076571212358e-06
STN_D_inland_ok,2012-10-30 12:00:00,989.6768165554753,39.37566121229405,224.30574128233275,41.0,-74.5,False,-1.1086692849594328,-6.350033196055833,1.1244849227311988,1.1067082674898558,989.6649335536049,2.93677867297807,992.1359024570174,4.4738714890086415,995.8604545634944,0,6.354327828021006,5.093810861674898,33.89976296840933,3.72806915939811,32.34163820182035,6.014644089284153,27.27531421935612,0,0.0,0,,1.7261076571212358e-06
STN_D_inland_ok,2012-10-30 13:00:00,988.6449178219332,39.77891759418351,151.230083509005,41.0,-74.5,False,-0.8434308154252221,-0.8335380782870843,-1.031898733542107,0.6242133102503704,988.9580220033841,2.441053692362003,990.8848035815527,4.597953329410928,994.8271893061093,0,0.403256381889463,3.790449450252723,37.3919707302502,4.693788242965724,33.804865126084046,6.541295895791439,28.914489191334297,0,0.0,0,,1.7261076571212358e-06
STN_D_inland_ok,2012-10-30 14:00:00,988.337073548584,37.73975837594954,138.22265285178415,41.0,-74.5,False,-0.30520922685911955,-8.490416910043635,-0.3078442733491329,0.7017234043685782,988.8862693086643,1.9270017140360327,989.8885618747121,4.527117811859577,993.784977931698,0,-2.0391592182339693,1.0798892008598335,38.96477906080903,4.366253168317412,35.18507526864112,6.256018612182415,30.44087432817838,0,0.0,0,,1.7261076571212358e-06
STN_D_inland_ok,2012-10-30 15:00:00,987.5253743331348,46.04582882899949,335.2475982526065,41.0,-74.5,False,-0.5462857790874978,7.989612215755038,-0.8116992154492664,0.5783599421787793,988.1691219012173,1.1379618247822754,988.9170277274111,4.499607703291082,992.8041102675476,0,8.306070453049948,4.3286478472574546,41.18816826637751,5.814627765237337,37.54396561739342,7.264057559162779,32.33401245631893,0,0.0,0,,1.7261076571212358e-06
STN_D_inland_ok,2012-10-30 16:00:00,986.3764144054386,45.304273974052556,53.72198223849232,41.0,-74.5,False,-0.6587483176251681,5.088613006570256,-1.1489599276961826,0.9851521716133199,987.4129540957192,1.1226029017324737,988.1854880495517,4.15132881722024,991.6337136406627,0,-0.7415548549469335,4.5964226344674355,43.029953726333865,4.8717449550510254,40.21096222829203,7.437284656015892,34.234972985445246,0,0.0,0,,1.7261076571212358e-06
STN_D_inland_ok,2012-10-30 17:00:00,982.6937948770315,51.636944499614565,358.9448439874477,41.0,-74.5,False,-5.0173658807203765,-0.5810475093977061,-3.6826195284071446,2.524082524637656,985.5318612052015,2.4740613267175515,987.2090652569328,4.268502914643431,990.3109329898338,0,6.332670525562008,3.462012758266815,47.66234910088887,5.287248300434075,43.31356408084895,8.299388465999378,36.48751331894042,0,0.0,0,,1.7261076571212358e-06
STN_D_inland_ok,2012-10-30 18:00:00,982.2648690183347,51.03878209023587,136.48502199295748,41.0,-74.5,False,-3.06458574121541,-0.16348377614242793,-0.4289258586967435,2.2601795449870257,983.7783594336016,2.821489541615377,985.9737406674095,4.230238278280183,989.0548215622134,0,-0.5981624093786948,3.496309902070236,49.32666685463433,5.679357166798922,45.25741756050592,8.153192663855263,38.79952788116314,0,0.0,0,,1.7261076571212358e-06
STN_D_inland_ok,2012-10-30 19:00:00,982.0695258394304,53.978355596462514,233.55896539987958,41.0,-74.5,False,-3.2291221933055567,-0.9996740246734745,-0.1953431789042952,0.31933477237739133,982.3427299115989,2.853270366163363,984.8778420036589,4.031131543734763,987.8813227926057,0,2.939573506226644,1.5535495159442883,52.218027395437645,5.894273167907824,47.62399056088575,8.8254549436531,40.714427843484906,0,0.0,0,,1.7261076571212358e-06
STN_D_inland_ok,2012-10-30 20:00:00,983.1465941336405,58.21159906747272,348.44642333400964,41.0,-74.5,False,-1.7022794784564894,4.24224120054231,1.0770682942101075,0.5738284074070211,982.4936629971353,2.334374254142323,984.0127621011684,3.685207071493914,986.9506619879402,0,4.233243471010205,3.6057996355939217,54.409578918057036,4.863379730381556,51.035964009472956,9.377609538786475,43.11051963905703,0,0.0,0,,1.7261076571212358e-06
STN_D_inland_ok,2012-10-30 21:00:00,981.1802231003302,56.24925823329916,20.736378136430922,41.0,-74.5,False,-2.75678771181947,-3.4552426747781766,-1.9663710333103381,0.9846785019141255,982.1321143578003,1.801176889143962,982.9552368957011,3.428819386879922,985.936132311556,0,-1.9623408341735598,2.11849516639781,56.146404299078135,4.542854556761806,52.73653557685623,9.364729107281017,45.140250597124826,0,0.0,0,,1.7261076571212358e-06
STN_D_inland_ok,2012-10-30 22:00:00,979.9711140470705,58.13051906900844,332.2311706530686,41.0,-74.5,False,-4.132947283671001,-2.4349234635265233,-1.2091090532596809,1.6027181870967298,981.4326437603471,1.1474969082631088,981.887686835973,3.4624194447388246,985.0365874427624,0,1.8812608357092842,1.1102925926370044,57.530458789926776,3.150410210155033,54.87424309268221,8.598786035463723,47.54260266048712,0,0.0,0,,1.7261076571212358e-06
STN_D_inland_ok,2012-10-30 23:00:00,977.6875581889853,61.65271155020843,204.41209872756357,41.0,-74.5,False,-5.395848504956575,-6.091913326229211,-2.283555858085151,1.7736628880460283,979.6129651121287,1.9696674145804314,981.0533140546319,3.8574917009964547,984.1311896557826,0,3.522192481199987,2.74293911569965,58.677496284172015,3.697936991755059,56.543537601114515,8.164475493747016,49.928550840981735,0,0.0,0,,1.7261076571212358e-06
STN_D_inland_ok,2012-10-31 00:00:00,976.4932778342712,65.46414918405458,253.58287643188282,41.0,-74.5,False,-5.854759397461294,-1.4785575144174459,-1.1942803547141239,1.7671199565813127,978.0506500234424,2.575738187597432,980.0913821906214,4.008883045195473,983.0325614290153,0,3.811437633846147,3.667765609005701,61.749126601090474,4.073494776123248,58.9477654500843,8.56270541151843,52.102591505295116,0,0.0,0,,1.7261076571212358e-06
STN_D_inland_ok,2012-10-31 01:00:00,977.5490086100592,62.72522627797116,53.706306199085404,41.0,-74.5,False,-4.522462637505555,5.429300906008258,1.0557307757879926,0.653206070394271,977.2432815444386,2.5423178864788323,979.3379626523929,3.874079946742273,982.107902328026,0,-2.738922906083417,1.9654958391982065,63.28069567074473,3.4580249666138694,60.405577230335744,8.110648654724333,54.01478389561075,0,0.0,0,,1.7261076571212358e-06
STN_D_inland_ok,2012-10-31 02:00:00,975.130009356712,63.42149893462772,192.01947509917161,41.0,-74.5,False,-1.1285648082820217,-4.5234974463671165,-2.4189992533472378,1.2127534649522018,976.3907652670141,2.227427205422853,978.0018651895713,3.8191660276540023,981.0073136453699,0,0.6962726566565607,1.4235468812884975,63.870291465551155,3.451031269778946,61.273893874861585,6.689584984546959,56.15492894216726,0,0.0,0,,1.7261076571212358e-06
STN_D_inland_ok,2012-10-31 03:00:00,975.5536167167494,69.55158892146841,242.46493730108773,41.0,-74.5,False,1.3095905198207447,1.6724162788434427,0.4236073600374084,1.2918068348268583,976.0775448945069,1.7562842283522149,977.0640974589745,3.51309801085211,980.0096671773377,0,6.130089986840687,3.7563729358630056,65.23277137802243,3.8296045693923135,63.490948989556465,6.898545412969351,58.11374228320634,0,0.0,0,,1.7261076571212358e-06
STN_D_inland_ok,2012-10-31 04:00:00,975.3327002665487,67.6059637732713,164.24903065956545,41.0,-74.5,False,-1.1085207479676455,-2.8471381490208785,-0.22091645020066153,0.2118690154900843,975.33877544667,1.1299423449937764,976.2910284955543,3.1179152129317065,979.0893576657636,0,-1.9456251481971094,3.132443307545071,66.8596838764558,3.051703943789905,65.07018977360026,6.090692552234747,59.972216433141234,0,0.0,0,,1.7261076571212358e-06
STN_D_inland_ok,2012-10-31 05:00:00,976.7924129214156,68.68457800345654,55.79466411818042,41.0,-74.5,False,1.1275899688515665,-0.6863191198106335,1.4597126548668484,0.7867847174222886,975.8929099682379,0.9540851287563762,976.141837617626,2.95907146305989,978.5975758361288,0,1.078614230185238,0.9747284926929218,68.6140435660654,2.818082280633222,66.24216751580829,5.956447197202058,61.39285255846139,0,0.0,0,,1.7261076571212358e-06
STN_D_inland_ok,2012-10-31 06:00:00,974.695271460057,66.15319390125606,87.88286703080759,41.0,-74.5,False,-0.5825351307050823,-3.3877076477373436,-2.0971414613585466,1.0751030049135464,975.6067948826739,1.0937669861508308,975.8421698885903,2.9126867122076607,977.9667760396059,0,-2.5313841022004766,1.2702922519027062,67.48124522599464,2.7939725139874176,66.35700830200852,5.105156478916609,62.65238687604642,0,0.0,0,,1.7261076571212358e-06
STN_D_inland_ok,2012-10-31 07:00:00,972.5607503614274,68.64204137129603,307.58140475765947,41.0,-74.5,False,-2.301743848115507,-3.057719552858231,-2.134521098629648,2.1158587953445145,974.6828115809667,1.3920435864539236,975.0107935138184,2.987534802745261,977.1743780831056,0,2.488847470039971,1.4493720805387253,67.82660442533621,2.246248607231015,67.34314415089601,4.5667509009819005,63.87436069061588,0,0.0,0,,1.7261076571212358e-06
STN_D_inland_ok,2012-10-31 08:00:00,975.5544134106792,69.85168011187409,12.409557419794602,41.0,-74.5,False,0.5875526037712007,1.3495980080846124,2.993663049251836,1.5414454074147128,974.2701450773878,1.4099799365829797,975.081527522813,2.3419590313270158,976.5416963561921,0,1.2096387405780575,1.885753070701509,68.2156384614754,1.360177230901028,68.4148410137704,4.49016979578046,64.84436744431599,0,0.0,0,,1.7261076571212358e-06
STN_D_inland_ok,2012-10-31 09:00:00,974.5004789791889,71.32978574454289,255.19034823869245,41.0,-74.5,False,-0.6999931162170014,5.988801342727925,-1.0539344314903474,1.5185159064510572,974.2052142504317,1.4049993922990818,974.9060045665527,1.889321251674663,975.9850510127638,0,1.4781056326688002,1.3461049959018943,69.94116907590434,1.7848316532105652,68.71120715094949,3.942896509787365,66.10107807025297,0,0.0,0,,1.7261076571212358e-06
STN_D_inland_ok,2012-10-31 10:00:00,975.4901092399883,67.26946006593603,359.78041314522966,41.0,-74.5,False,0.6420163939530994,-16.90299426693825,0.9896302607994585,0.5908018372391322,975.1816672099521,1.4159869994778522,974.9322393954594,1.4125369788842672,975.6116339455067,0,-4.0603256786068584,2.055030463818134,69.48364197411767,1.8311919302599982,68.65512319972694,3.0434138612484785,66.8626564866636,0,0.0,0,,1.7261076571212358e-06
STN_D_inland_ok,2012-10-31 11:00:00,975.7053483668876,71.21889930784582,2.6938785984359814,41.0,-74.5,False,0.22916929021221222,2.7127255595544284,0.21523912689929148,0.6425737540318743,975.2319788620216,1.1803047310646961,974.7510619697049,1.2548002073400912,975.4464497936652,0,3.9494392419097863,2.3128845894154257,69.93938170610825,2.1103523732005054,69.07751008379182,2.7976187411782365,67.65983879980006,0,0.0,0,,1.7261076571212358e-06
STN_D_inland_ok,2012-10-31 12:00:00,975.9569666251285,65.38845608604632,57.97644581517837,41.0,-74.5,False,1.8906759430274178,-3.568770277606035,0.2516182582409101,0.2336648053877103,975.7174747440016,1.2768224073544856,974.9613444972166,1.2232805561500395,975.4017571929035,0,-5.830443221799499,2.9757440095020335,67.9589384866094,2.3335791953079825,68.95005378125687,2.803099354785671,67.65353104163269,0,0.0,0,,1.7261076571212358e-06
STN_D_inland_ok,2012-10-31 13:00:00,977.5504413084607,64.02079718002778,242.6919483215284,41.0,-74.5,False,2.427256375238585,6.074109193754261,1.593474683332147,1.0005699440250335,976.4042521001589,0.9942278177893704,975.7929596550556,1.2235092271643924,975.401876584437,0,-1.3676589060185336,3.8226786700849784,66.87605085797331,3.0942314712182286,68.17984641604549,2.614639173025814,67.76149528347075,0,0.0,0,,1.7261076571212358e-06
STN_D_inland_ok,2012-10-31 14:00:00,975.8436125870736,66.88451868860773,21.596700450725375,41.0,-74.5,False,0.686121143651917,9.122647894264226,-1.706828721387069,0.9543998977097263,976.4503401735542,0.9873364995321737,975.8411595177878,1.2264326030292112,975.4613435203005,0,2.8637215085799426,1.4323404549138068,65.43125731822728,3.0095463728075162,67.68531951216777,2.25899942073304,68.05008026296908,0,0.0,0,,1.7261076571212358e-06
STN_D_inland_ok,2012-10-31 15:00:00,977.5583319195803,62.46862869573248,212.3243941881092,41.0,-74.5,False,1.5559086178343478,-1.0238417122036054,1.714719332506661,0.9877237244579928,976.9841286050382,0.9451997460779027,976.3508016745199,1.368457835104984,975.6284031205363,0,-4.41588999287525,2.240171582398576,64.457981521456,3.0374954079023126,66.20846000403269,2.7111091618282672,67.45983357749108,0,0.0,0,,1.7261076571212358e-06
STN_D_inland_ok,2012-10-31 16:00:00,979.5357547981896,59.012163226653165,246.2400372819802,41.0,-74.5,False,3.514894061093173,0.7318071309847127,1.9774228786093317,1.8476281072950504,977.6458997682812,1.4928009290775381,977.0250759342201,1.7660243825250497,975.9786576648397,0,-3.456465469079312,3.9459096646079224,62.78843687033112,4.13349810112203,64.83224386415222,3.6436566477076706,66.74368353193958,0,0.0,0,,1.7261076571212358e-06
STN_D_inland_ok,2012-10-31 17:00:00,979.0860391212718,57.7339779126473,211.73268532106528,41.0,-74.5,False,2.375965381293554,13.872373851751867,-0.44971567691777636,1.0365274337092218,978.726708613014,1.532534924857945,977.588524393284,1.973978257821073,976.1697931814944,0,-1.2781853140058672,2.449415892059602,59.73825661167765,3.5977176195272187,62.58475696495247,4.4050933870116715,65.83113352437215,0,0.0,0,,1.7261076571212358e-06
STN_D_inland_ok,2012-10-31 18:00:00,979.0058827466283,58.55983706537354,131.46649308758418,41.0,-74.5,False,0.8615276730857886,3.4971851550556323,-0.08015637464347947,0.28560859740377403,979.2092255553633,1.3813707330899097,978.0966770802007,2.0710830286751993,976.5290107887087,0,0.8258591527262453,0.6481255013829752,58.43532606822467,3.6134592520401063,61.44665379484033,4.874949251046812,65.19835378804859,0,0.0,0,,1.7261076571212358e-06
STN_D_inland_ok,2012-10-31 19:00:00,982.2577468868058,56.50134786367282,251.02162655519,41.0,-74.5,False,4.7045110044778085,0.8262509063628514,3.2518641401774175,1.854758545853316,980.1165562515686,2.138407489713255,978.8812280099249,2.2647211753622605,977.3370938324903,0,-2.0584892017007235,1.0359213267499734,57.59838761389788,3.839051681841118,60.193412242114505,5.333533056479987,64.18662932908,0,0.0,0,,1.7261076571212358e-06
STN_D_inland_ok,2012-10-31 20:00:00,983.7402286837261,49.58086708890276,213.94599408497538,41.0,-74.5,False,5.3597627645535795,-1.9231569936542385,1.4824817969202968,2.421652470128131,981.6679527723867,2.3174967280023213,980.1973306927003,2.8389627451723447,978.0192451052441,0,-6.920480774770063,4.70376327681431,54.880684005983035,4.2812164575634775,57.30947030883035,6.466034746020178,62.49739491049905,0,0.0,0,,1.7261076571212358e-06
STN_D_inland_ok,2012-10-31 21:00:00,983.6468232626823,48.729442907702925,74.74938195381111,41.0,-74.5,False,5.070499139628282,8.435202940931184,-0.09340542104371252,0.830262009737527,983.2149329444047,2.263199155244485,981.212079249884,3.0297528233328315,978.7814404622019,0,-0.8514241811998318,4.26263775798741,51.603885953426165,4.629970965478099,55.01960601082541,6.934016339198009,60.61403300742905,0,0.0,0,,1.7261076571212358e-06
STN_D_inland_ok,2012-10-31 22:00:00,982.8455703219702,46.57215323809315,202.72879569063952,41.0,-74.5,False,-2.0365588864264055,0.9074802359487464,-0.8012529407121747,0.4917900012406202,983.4108740894595,2.174523780654257,981.763715170514,3.0473408209223165,979.3943955523672,0,-2.1572896696097743,1.5508696963846984,48.294154411566275,5.230865948307656,52.946271012732076,7.66377474925085,58.88925743844215,0,0.0,0,,1.7261076571212358e-06
STN_D_inland_ok,2012-10-31 23:00:00,986.6600082637511,41.99676874999866,317.4865981700139,41.0,-74.5,False,0.6999530662626512,0.32592777334339473,3.814437941780966,2.011269372699124,984.3841339494679,2.4853841003543993,983.0260433609272,3.455283499502231,980.3072838771058,0,-4.5753844880944925,3.4379485948822013,45.76612163193158,6.204879207791871,50.323402818957305,8.024071210745465,56.45407989195488,0,0.0,0,,1.7261076571212358e-06
STN_D_inland_ok,2012-11-01 00:00:00,985.467921098739,41.4559477403074,240.059982848562,41.0,-74.5,False,-2.1082119473927605,3.704890721150541,-1.1920871650121398,1.9513983113435034,984.9911665614867,1.656930266633766,984.1030497529458,3.4575024236515737,981.0998634165734,0,-0.5408210096912569,2.8107587728223624,43.341623242799734,5.559467037743039,47.47275459811295,8.558002017412603,54.45970419647665,0,0.0,0,,1.7261076571212358e-06
STN_D_inland_ok,2012-11-01 01:00:00,988.6297268425092,39.2157810785017,169.84494266178496,41.0,-74.5,False,-0.8565082586990229,0.24440609372044264,3.1618057437701736,1.5967612350112756,986.9192187349996,2.192976558098253,985.1650464122296,3.877309106975612,982.0231372110771,0,-2.240166661805702,1.4744901076983503,40.88949918960259,4.275558775644891,44.591826800584435,9.021801917210905,52.392619521349474,0,0.0,0,,1.7261076571212358e-06
STN_D_inland_ok,2012-11-01 02:00:00,988.639271600388,39.18031279433006,115.77027703300242,41.0,-74.5,False,-2.5348578223455434,4.276122924361523,0.009544757878870769,1.8282309604290832,987.5789731805454,2.4529884809023175,985.9815535650067,3.7816713545019374,983.0894421288534,1,-0.035468284171642495,1.303720258797583,39.95068053771305,3.9437897202817935,42.85840108482231,8.506209837111943,50.08393569682633,1,0.0,0,,1.7261076571212358e-06
STN_D_inland_ok,2012-11-01 03:00:00,989.5789343257277,37.081587487053646,30.91903539752623,41.0,-74.5,False,-1.4694593676762224,2.5845511199464184,0.9396627253396446,0.5452907459892447,988.949310922875,2.518370699989257,986.9702387421809,3.775404965760045,984.0911589960324,0,-2.0987253072764105,1.222067114929765,38.492560453295134,3.2880918700556006,40.917091848047434,8.300512654318636,47.968348929436424,0,0.0,0,,1.7261076571212358e-06
STN_D_inland_ok,2012-11-01 04:00:00,991.5089270360484,31.860247134365956,88.06576779325033,41.0,-74.5,False,-1.0314569031152132,2.541992901368939,1.9299927103206755,1.463031112603407,989.9090443207214,2.1348910279353195,988.4141315278606,4.035250133589561,985.0889233491874,0,-5.22134035268769,3.7694032299597633,36.04071580524989,3.6886608420410627,38.46510749742624,8.707119224858664,45.70568925507916,0,0.0,0,,1.7261076571212358e-06
STN_D_inland_ok,2012-11-01 05:00:00,992.9737253779844,30.038585598073897,4.02723111127568,41.0,-74.5,False,0.9675669527582613,1.0960426288988927,1.464798341935989,1.7026994417143504,991.3538622465868,2.6022263106204027,989.4664177135661,4.14705640288867,986.2462305372468,0,-1.8216615362920585,3.6556969567962447,32.993473406497834,4.53280730025479,36.47207697210544,8.897456343194943,43.39773989553137,0,0.0,0,,1.7261076571212358e-06
STN_D_inland_ok,2012-11-01 06:00:00,993.7075647917937,29.847432278308407,355.1853303089872,41.0,-74.5,False,-0.5563315079708673,1.0313304135056072,0.7338394138093918,1.1193869191632662,992.730072401942,2.2154897511556615,990.8396916624084,3.981960416892392,987.4713707076771,0,-0.19115331976549044,1.111036602248969,30.582088336916087,4.456883538659851,34.53732439510561,8.289278325399252,41.00503949660928,0,0.0,0,,1.7261076571212358e-06
STN_D_inland_ok,2012-11-01 07:00:00,996.1186130398163,25.511861129337625,80.09361076634639,41.0,-74.5,False,-0.35158618666844177,-1.9027960934218981,2.411048248022553,1.645295938175995,994.2666344031982,2.763251870954368,992.0878393619597,4.327488481239708,988.6264428870946,0,-4.335571148970782,2.560109086064259,28.46595966857331,5.051544601017592,32.2533377369116,7.837598574838702,38.422582268748016,0,0.0,0,,1.7261076571212358e-06
STN_D_inland_ok,2012-11-01 08:00:00,996.2405961506767,26.13841283011258,293.35533936673414,41.0,-74.5,False,-1.3120380168759311,0.34233638599077665,0.12198311086035574,1.4285354620896886,995.3555913274289,2.6038644882279085,993.3547267870077,4.5435004915840365,989.6681401760073,0,0.6265517007749537,2.3433085402416998,27.165902079252874,4.210731805057182,30.07968774287535,7.724254847771705,36.46904441384883,0,0.0,0,,1.7261076571212358e-06
STN_D_inland_ok,2012-11-01 09:00:00,998.7978965432422,23.182278977995026,60.7121574497923,41.0,-74.5,False,0.7685811388766979,2.4651649935756446,2.557300392565594,1.512901476680755,997.0523685779117,2.649798568009663,994.8912204899269,4.815165179006056,990.9307296160538,0,-2.956133852117553,1.5576824336828197,24.94418431248174,3.3166397595938166,27.763136324698916,7.556682021621812,34.34011408637318,0,0.0,0,,1.7261076571212358e-06
STN_D_inland_ok,2012-11-01 10:00:00,999.2003178418573,19.93512478953964,102.09641385800661,41.0,-74.5,False,-0.6052207939244454,-3.6481686157483644,0.40242129861508147,1.605287133641868,998.0796035119255,2.544641080680794,996.1731189575617,4.629651935237548,992.2936252427112,0,-3.2471541884553865,3.102781552885095,23.085272199215748,3.8933409883879753,25.775615933894528,7.549179381773796,32.12036171566039,0,0.0,0,,1.7261076571212358e-06
STN_D_inland_ok,2012-11-01 11:00:00,999.2899988393477,18.594173874949767,150.57983492221203,41.0,-74.5,False,-1.1883239155902174,-0.31325003255559025,0.08968099749040448,0.2620910314819011,999.0960710748159,2.245243579722449,997.2258312011223,4.667966225752094,993.3461244573442,0,-1.3409509145898717,2.3591265373552335,20.570525880828143,4.179991068559344,23.868213980040508,7.784982184487361,30.170145476072975,0,0.0,0,,1.7261076571212358e-06
STN_D_inland_ok,2012-11-01 12:00:00,1000.1540361081775,22.151817722156302,116.78603909097784,41.0,-74.5,False,-2.066246142091586,1.6284015628475892,0.8640372688297475,0.5266532089096381,999.5481175964609,1.701506021536173,998.3002430871862,4.327471134079373,994.5699673747973,0,3.557643847206535,1.7966963505467446,20.22703879554857,2.98952094565132,22.585611554015156,7.214477561353475,28.561467974560387,0,0.0,0,,1.7261076571212358e-06
STN_D_inland_ok,2012-11-01 13:00:00,1000.3664050066185,17.807274035910165,287.40629259355,41.0,-74.5,False,-1.9368554560045368,-0.2915656050502129,0.2123688984410137,0.5701331990377669,999.9368133180479,1.4817448962716893,999.0082084149867,4.186886103603392,995.5480238884733,0,-4.344543686246137,2.3148470410928277,19.51775521100541,3.132484846537213,21.30151370511058,6.983618297128686,26.777425721011088,0,0.0,0,,1.7261076571212358e-06
STN_D_inland_ok,2012-11-01 14:00:00,1003.2580150035758,20.371443218703458,344.7696268855523,41.0,-74.5,False,0.6464314934379445,6.0334831859525195,2.8916099969572997,1.7340316176755364,1001.2594853727906,1.62306234364661,1000.1777782238032,4.120175425981754,996.7662525054055,0,2.564169182793293,2.1840236877615844,20.110178325589974,2.0488413693279086,20.34035210320906,5.9863788003963885,25.210019923042207,0,0.0,0,,1.7261076571212358e-06
STN_D_inland_ok,2012-11-01 15:00:00,1003.5239204346208,15.13711637271984,315.1060141143055,41.0,-74.5,False,-0.6904288041844211,-0.3948771122674444,0.26590543104498465,1.7512860869859117,1002.3827801482716,1.9360630566092931,1000.9654488723663,3.867552836531807,997.9283346811467,0,-5.2343268459836185,2.617342261240531,17.77194454244449,2.4165441549674362,18.99949166899653,5.347925066563939,23.381313996847723,0,0.0,0,,1.7261076571212358e-06
STN_D_inland_ok,2012-11-01 16:00:00,1002.3741984153335,15.917707449826167,55.28803210119236,41.0,-74.5,False,0.558398847789249,-0.14831708186454762,-1.14972201928731,0.6018995184047107,1003.0520446178433,1.7850304684606773,1001.4944289679456,3.480552211854554,998.8337739627536,0,0.7805910771063278,2.8238054187924058,17.14208901374982,2.650678122854658,18.329922112377616,5.020286683823737,22.052769023136076,0,0.0,0,,1.7261076571212358e-06
STN_D_inland_ok,2012-11-01 17:00:00,1005.034442064996,19.382591376866095,279.6079234857445,41.0,-74.5,False,-0.9186006091545096,3.559422685087286,2.6602436496625614,1.3341934263208588,1003.6441869716501,1.902844085746282,1002.4518361722203,3.3742750818578227,999.8388336866714,0,3.464883927039928,2.259749288023507,16.812471733137368,2.6857086879154655,18.46132502936367,4.3810555683510595,21.16476950470209,0,0.0,0,,1.7261076571212358e-06
STN_D_inland_ok,2012-11-01 18:00:00,1005.4483592975496,11.828938227665269,53.26088878969612,41.0,-74.5,False,2.7473787959598894,-1.8327976944377227,0.4139172325535583,1.668267009040427,1004.2856665926264,1.8510375887067443,1003.334223370449,3.128028524594592,1000.8172332288177,0,-7.5536531492008265,3.7811182269792734,15.709745684785844,3.1200534389829375,16.740845113615165,4.2194757210031675,19.66322833381516,0,0.0,0,,1.7261076571212358e-06
STN_D_inland_ok,2012-11-01 19:00:00,1008.6597296288261,9.572456770248468,328.81719836235646,41.0,-74.5,False,3.2991409995761387,-6.859186781001661,3.2113703312764983,1.9843948196057244,1006.3808436637906,2.2459548656697645,1004.7164441408169,3.489611482492452,1001.8623262779018,0,-2.2564814574168004,5.137900438020078,13.594662124926613,4.186171334423561,15.368375569338218,4.693214087567548,18.3349446372244,0,0.0,0,,1.7261076571212358e-06
STN_D_inland_ok,2012-11-01 20:00:00,1006.0716273233509,15.436902728364315,186.43628724068824,41.0,-74.5,False,-2.154547212834359,0.5581587206013481,-2.5881023054752177,1.702920823183703,1006.7265720832421,2.17309317895013,1005.1853795274461,3.1910605123394293,1002.6815788756245,0,5.864445958115846,2.958063634700312,12.27943257542602,3.421575094349013,14.545952154281693,4.048005656202347,17.443152128745375,0,0.0,0,,1.7261076571212358e-06
STN_D_inland_ok,2012-11-01 21:00:00,1006.9796709371797,10.770470521663647,121.09719170041443,41.0,-74.5,False,-1.9188801370008832,-1.1403099779866412,0.9080436138287951,1.3131015418719927,1007.2370092964524,2.1014441024488564,1005.7613379445393,3.159742414014785,1003.3633934084528,0,-4.666432206700668,3.098455337851459,11.926610006758812,3.7219009764276128,13.818177845772327,4.033937862464025,16.40883475738443,0,0.0,0,,1.7261076571212358e-06
STN_D_inland_ok,2012-11-01 22:00:00,1010.134698633089,12.001434555863494,56.52917904030941,41.0,-74.5,False,2.272398423245704,-1.5416563524863562,3.1550276959093253,2.1325763540292844,1007.7286656312066,1.9847592043097584,1007.0547546474986,3.416266959844671,1004.274591807722,0,1.2309640341998467,2.4184465936312636,12.736269268630487,3.622128300271259,13.165465696778549,4.053554779774112,15.747693904578083,0,0.0,0,,1.7261076571212358e-06
STN_D_inland_ok,2012-11-01 23:00:00,1010.9433518279995,10.542093626169853,4.25127174444166,41.0,-74.5,False,2.068865199342895,-5.039423391279543,0.808653194910562,2.0943927503315405,1009.3525737994228,2.232338153838808,1008.0395729413325,3.5250938458347196,1005.2457045567763,0,-1.4593409296936404,0.7849739283308074,11.104666234565665,2.039743268337024,11.692049404995842,4.203215178682351,15.076687217179755,0,0.0,0,,1.7261076571212358e-06
STN_D_inland_ok,2012-11-02 00:00:00,1009.3628789273982,11.967920274673446,89.26091699791851,41.0,-74.5,False,-2.1155239273398365,-3.3846436396554225,-1.5804729006013076,0.7903079818727684,1010.146976462829,1.8654494415577407,1008.6919928796406,3.3118010920990306,1006.0131081250448,0,1.4258266485035929,0.8330446954488139,11.503816152235599,2.0423961347249677,11.715213079497204,3.6344501796674162,14.228029096556185,0,0.0,0,,1.7261076571212358e-06
STN_D_inland_ok,2012-11-02 01:00:00,1009.9578931650117,9.289393270290734,329.0472227812723,41.0,-74.5,False,-0.14805569123620899,0.5549273472735106,0.5950142376134409,0.7982340205060751,1010.0880413068031,1.9349469906128864,1008.9083534690049,2.9643024171381285,1006.8123988049109,0,-2.678527004382712,1.3401956776528612,10.599802390378013,2.1041270324820838,11.668035829504248,3.703001824324658,13.518205699421232,0,0.0,0,,1.7261076571212358e-06
STN_D_inland_ok,2012-11-02 02:00:00,1011.6507452961234,10.62568075536652,287.0143892180019,41.0,-74.5,False,-1.626684915849637,1.493186046547688,1.6928521311117493,1.1870216792404327,1010.3238391295112,1.6128259317978857,1009.8382064644669,3.038601693527248,1007.5117929959566,0,1.3362874850757862,1.339264604372693,10.6276647667769,1.0159648712224856,10.866165500671281,3.079540892249941,12.706058827476488,0,0.0,0,,1.7261076571212358e-06
STN_D_inland_ok,2012-11-02 03:00:00,1009.1160355046793,11.71193706131221,349.125734790259,41.0,-74.5,False,-2.325179943768944,-2.070206920354634,-2.5347097914441292,1.2909445111311135,1010.2415579886048,0.9587144905114834,1010.1942672257169,2.7900568581028242,1007.977802585128,0,1.086256305945689,1.2134204701572613,10.542337028989822,1.0695203187123385,11.02307659061271,2.991197328407155,12.42062721819252,0,0.0,0,,1.7261076571212358e-06
STN_D_inland_ok,2012-11-02 04:00:00,1009.9564259667653,8.649922019746015,36.274147603694296,41.0,-74.5,False,-2.2692298613868616,0.09994432912675144,0.8403904620860203,1.2911059758626267,1010.2410689225226,0.9636794655439989,1010.1645551146629,2.202319291807138,1008.6096548810807,0,-3.0620150415661946,1.5523912446261439,10.329179945474916,1.3055221808244408,10.464491167926463,2.9543003810748085,11.814978432352506,0,0.0,0,,1.7261076571212358e-06
STN_D_inland_ok,2012-11-02 05:00:00,1011.8790524495638,9.144337209647317,213.184347662041,41.0,-74.5,False,-1.8976077993493163,1.2449142072915809,1.9226264827984778,1.4163927985582951,1010.3171713070028,1.168798078657521,1010.320505218257,2.0748509051477617,1009.1800390797947,0,0.49441518990130184,1.6438243769250669,9.835398763568515,1.4094754098720093,10.231531765172706,1.837369735334011,10.961790585084273,0,0.0,0,,1.7261076571212358e-06
STN_D_inland_ok,2012-11-02 06:00:00,1014.0213824431175,9.74807540506339,92.57417065107958,41.0,-74.5,False,1.4188634499356567,0.27762259420102886,2.1423299935537443,2.033467545363514,1011.9522869531488,1.7884600282319705,1011.096922470877,2.1478004282256684,1009.8944576752586,0,0.6037381954160743,0.5499828855336287,9.180778211485576,1.1252114862416653,9.861557620237697,1.8462623172361297,10.788385349867449,0,0.0,0,,1.7261076571212358e-06
STN_D_inland_ok,2012-11-02 07:00:00,1012.3188793984679,7.5009305052477995,195.45901407806667,41.0,-74.5,False,0.5666138925240602,-3.698084287401729,-1.7025030446496885,1.1314844352521758,1012.739771430383,1.746979946674961,1011.4904201764529,2.215257001260027,1010.1993868227288,0,-2.2471448998155914,1.1629664372788675,8.79778103998617,1.486108537951965,9.563480492730543,2.0552992543364907,10.615758161117395,0,0.0,0,,1.7261076571212358e-06
STN_D_inland_ok,2012-11-02 08:00:00,1013.1119418552412,9.44391202208888,115.36375880284385,41.0,-74.5,False,0.2106642434295054,-0.6403285523752995,0.7930624567733275,0.8519142034525281,1013.1507345656088,1.87122814485432,1011.7339529363059,1.9375494207966533,1010.7860797003864,0,1.9429815168410798,1.2191084679033326,8.897639310800024,1.3925413648628762,9.366519037184268,1.4014148340626964,10.116342268927776,0,0.0,0,,1.7261076571212358e-06
STN_D_inland_ok,2012-11-02 09:00:00,1014.3763119276277,10.469548288174172,102.0475980876087,41.0,-74.5,False,1.1694000087541099,1.5387203206169868,1.264370072386555,1.0376743509999087,1013.2690443937789,1.6139573643504563,1012.6106656734638,1.7872503923904075,1011.4024664495904,0,1.025636266085293,1.5077465782964599,9.138130271836951,1.0153117853778713,9.159454241661262,1.3913016615220652,10.091265416136986,0,0.0,0,,1.7261076571212358e-06
STN_D_inland_ok,2012-11-02 10:00:00,1015.5578539192115,9.38622504131735,206.5843087288551,41.0,-74.5,False,3.4716263854796807,0.5493270402721606,1.1815419915837992,1.2231897496912638,1014.3487025673602,1.3737459362792102,1013.5442369988717,2.096447839129662,1011.8543960567673,0,-1.083323246856823,0.6094870514384058,9.766561783860134,0.9854679086383563,9.282171411923152,1.2638798790104695,9.873331289924808,0,0.0,0,,1.7261076571212358e-06
STN_D_inland_ok,2012-11-02 11:00:00,1013.0612533374677,9.604656001765907,65.99453827303451,41.0,-74.5,False,-0.32101640180746926,0.8819211429619678,-2.4966005817437917,1.2488951809628401,1014.331806394769,1.1544167327778025,1013.741270480189,2.1019198938040877,1012.030887849223,0,0.2184309604485577,0.572907789080929,9.820143110419144,0.9904965899069419,9.358891210609583,1.247653315071311,9.795211487891144,0,0.0,0,,1.7261076571212358e-06
STN_D_inland_ok,2012-11-02 12:00:00,1013.788780610622,10.076928297474785,168.88803730996207,41.0,-74.5,False,0.7253553702640829,1.719215915504714,0.7275272731542373,1.2839996605082409,1014.1359626224338,1.1470106535301572,1013.7025035081064,1.9757224497791523,1012.3997129894915,0,0.4722722957088781,0.3530401756715616,9.689269780186015,1.0248420713956916,9.413700026011481,1.0524318191915278,9.637628823124588,0,0.0,0,,1.7261076571212358e-06
STN_D_inland_ok,2012-11-02 13:00:00,1015.7771988271861,8.78054171589484,234.29241541585253,41.0,-74.5,False,0.8976974641553852,-5.874752679416751,1.9884182165641278,1.405907941525683,1014.2090775917586,1.181082834375805,1014.2788900795595,2.035171897593389,1012.8846551280062,0,-1.2963865815799451,0.656102589330552,9.487375338378513,0.586652836730218,9.626968561119321,1.0776866171068136,9.595224526924932,0,0.0,0,,1.7261076571212358e-06
STN_D_inland_ok,2012-11-02 14:00:00,1012.5660334894641,11.454356731423447,46.145546345809464,41.0,-74.5,False,-1.5568111493765855,0.7871029893626442,-3.2111653377220364,1.620725164468717,1014.0440043090907,1.3036275176835501,1014.1879053519298,2.0015981058148413,1012.9609291441178,0,2.673815015528607,1.3371121865674627,10.103942248264358,0.9330592258252989,9.96204267934175,1.1721309298529485,9.664280858263009,0,0.0,0,,1.7261076571212358e-06
STN_D_inland_ok,2012-11-02 15:00:00,1015.233937280779,12.928398102295626,335.0139375156855,41.0,-74.5,False,1.3103768197013324,1.0984381407940749,2.6679037913148704,1.7187411368840502,1014.525723199143,1.3735590564893194,1014.3308429107884,1.6877807769496496,1013.4707542921261,0,1.474041370872179,2.1026490158250923,11.05443218320464,1.5418847608503414,10.371850981695326,1.3964582066498412,9.765652611678293,0,0.0,0,,1.7261076571212358e-06
STN_D_inland_ok,2012-11-02 16:00:00,1013.2925856151734,9.11514736074193,182.06089180348494,41.0,-74.5,False,-0.9121336017386739,0.04939415184695051,-1.9413516656055663,1.3792772818059778,1013.6975187951388,1.2767540502289696,1013.9532981934486,1.2823411542183498,1013.7487675961602,0,-3.813250741553695,1.9229135732386844,11.165967398153668,1.580040593811835,10.326671368266089,1.368852102432747,9.80442139009462,0,0.0,0,,1.7261076571212358e-06
STN_D_inland_ok,2012-11-02 17:00:00,1014.5056409243405,11.004402711404612,295.0300698783632,41.0,-74.5,False,-0.12064965130298333,1.3423098173275108,1.213055309167089,0.980711056279315,1014.3440546067642,1.2093083759720527,1014.1940294579275,1.1516981841585403,1013.9676499690582,0,1.8892553506626815,1.9066517450810563,11.015982724814057,1.5552560238935285,10.559962486539206,1.3924223693717022,9.959426848574394,0,0.0,0,,1.7261076571212358e-06
STN_D_inland_ok,2012-11-02 18:00:00,1014.2417533868397,9.54698626092469,235.4059550235828,41.0,-74.5,False,-0.8594332470900099,0.947873651871415,-0.2638875375007501,0.6379732588855522,1014.0133266421179,1.1929783985300377,1014.2695249206304,1.1543866667525235,1013.9860142143684,0,-1.457416450479922,0.9899354630340209,9.888845444357079,1.6025042201581552,10.471638813780858,1.3964015009584634,9.94266941989617,0,0.0,0,,1.7261076571212358e-06
STN_D_inland_ok,2012-11-02 19:00:00,1013.5976285377691,10.75110244775116,255.6003388401164,41.0,-74.5,False,0.04170062796822549,6.034391359915412,-0.6441248490706357,0.46708670640594335,1014.1150076163163,0.9489570060341659,1013.9062632057276,1.039839702073739,1014.0925766426435,0,1.2041161868264698,0.7786868781331262,10.434163806693489,1.371947846921879,10.800065602423578,1.1778440332221902,10.21351708177145,0,0.0,0,,1.7261076571212358e-06
STN_D_inland_ok,2012-11-02 20:00:00,1013.6349117765409,13.14694126172284,257.8071387574217,41.0,-74.5,False,0.05848570496300454,5.88757761610224,0.03728323877180628,0.3616037428537845,1013.8247645670499,0.7196660480400006,1014.0844095869071,1.0053924492884778,1014.1361574694184,0,2.3958388139716806,1.8325581128424902,11.14834332346623,1.6741242020863665,11.082163024140144,1.418400686274719,10.522102851740947,0,0.0,0,,1.7261076571212358e-06
STN_D_inland_ok,2012-11-02 21:00:00,1014.9488663236789,11.029022465217075,315.03596294213014,41.0,-74.5,False,-0.8282648511486741,4.638556445996986,1.313954547137996,0.769600561537162,1014.0604688793296,0.632759574011477,1014.0368977607237,1.0310831486872387,1014.1838703357561,0,-2.1179187965057658,1.3103983610096526,11.642355391563692,1.4146680086479275,10.765600417960385,1.4256923934413182,10.568725699827857,0,0.0,0,,1.7261076571212358e-06
STN_D_inland_ok,2012-11-02 22:00:00,1015.7153726421882,6.462035823994561,220.89795661689269,41.0,-74.5,False,1.4078762003673546,0.9527384782838535,0.7665063185093004,1.052166487281597,1014.7663835808025,0.8107878374966432,1014.4406955985596,1.0509760745728085,1014.1969968960042,0,-4.566986641222514,3.4164042432810535,10.21266651697816,2.2194564194599637,10.323415161835824,1.8368106545796181,10.325043265050956,0,0.0,0,,1.7261076571212358e-06
STN_D_inland_ok,2012-11-02 23:00:00,1014.6312228810112,10.914676339159694,100.15817461970026,41.0,-74.5,False,1.2871058894083944,3.298709211490123,-1.0841497611769455,0.5573463910421593,1015.0984872822928,0.8144125325500726,1014.4616259246714,0.9928515504662835,1014.3278276912994,0,4.452640515165133,2.6043697118152935,9.46857820945711,2.2142465049269866,10.308460766461671,1.8290162225989144,10.434211626500439,0,0.0,0,,1.7261076571212358e-06
STN_E_coastal_fails,2012-10-24 00:00:00,1016.9445977922602,8.447051183703273,147.42084127117994,40.5,-73.8,False,2.630184914714846,-1.5377247808934396,,,,,,,,0,,,,,,,,0,0.0,0,160.0,
STN_E_coastal_fails,2012-10-24 01:00:00,1016.5759202885454,15.34352675951337,198.96176325506912,40.5,-73.8,False,0.8221368270626499,5.407967368232002,-0.3686775037148209,0.2606943629477186,1016.7602590404028,0.2606943629477186,1016.7602590404028,0.2606943629477186,1016.7602590404028,0,6.896475575810097,4.87654464594272,11.895288971608322,4.87654464594272,11.895288971608322,4.87654464594272,11.895288971608322,0,0.0,0,159.0,1.7261076571212358e-06
STN_E_coastal_fails,2012-10-24 02:00:00,1016.8309542887565,9.473045499641929,155.64075219632085,40.5,-73.8,False,1.1546480044830787,0.08227023203319916,0.25503400021113976,0.18880337607227143,1016.7838241231874,0.18880337607227143,1016.7838241231874,0.18880337607227143,1016.7838241231874,0,-5.8704812598714415,3.721034576713521,11.087874480952857,3.721034576713521,11.087874480952857,3.721034576713521,11.087874480952857,0,0.0,0,158.0,1.7261076571212327e-06
STN_E_coastal_fails,2012-10-24 03:00:00,1013.9802398146186,7.086029158437464,297.6173710567872,40.5,-73.8,False,-1.5881802157490483,-0.9304520915195251,-2.8507144741379307,1.5774014748444363,1015.7957047973068,1.4102431422834738,1016.0829280460451,1.4102431422834738,1016.0829280460451,0,-2.3870163412044647,4.249444353235163,10.634200472530921,3.637914747544207,10.087413150324009,3.637914747544207,10.087413150324009,0,0.0,0,157.0,1.7261076571212358e-06
STN_E_coastal_fails,2012-10-24 04:00:00,1015.9121523959768,8.603557080534856,327.2583671273822,40.5,-73.8,False,2.063336120139752,-3.44208517490946,1.9319125813582332,1.4550518978857558,1015.5744488331173,1.2236920179519983,1016.0487729160316,1.2236920179519983,1016.0487729160316,0,1.5175279220973916,1.2080803035176444,8.387543912871417,3.2196558123454353,9.790641936366178,3.2196558123454353,9.790641936366178,0,0.0,0,156.0,1.7261076571212358e-06
STN_E_coastal_fails,2012-10-24 05:00:00,1014.2780054602633,9.896864321047573,335.5596935335302,40.5,-73.8,False,-0.6419331688681496,1.2575237564298636,-1.6341469357134883,1.0401431639634402,1014.7234658902862,1.3116937984558488,1015.7536450067369,1.3116937984558488,1015.7536450067369,0,1.2933072405127177,1.40690730114397,8.528816853339963,2.880074195654867,9.80834566714641,2.880074195654867,9.80834566714641,0,0.0,0,155.0,1.7261076571212358e-06
STN_E_coastal_fails,2012-10-24 06:00:00,1015.2242893994169,11.09333406523297,203.14663409857917,40.5,-73.8,False,0.11293354008353162,1.732137688616918,0.9462839391535454,0.8204719173579924,1015.1381490852191,1.1807885866469474,1015.4669269412628,1.2140077850006366,1015.6780227771196,0,1.1964697441853964,1.245202319614911,9.864585155605134,2.8321396102630003,10.249392814068026,2.673619488615522,9.991915438301634,0,0.0,0,154.0,1.7261076571212358e-06
STN_E_coastal_fails,2012-10-24 07:00:00,1013.7270475712603,11.109593043450626,159.17348068721833,40.5,-73.8,False,-1.482149997907527,0.7268837744032215,-1.4972418281565751,0.7572693247163022,1014.4097808103135,1.2178623170463425,1014.9921148217154,1.3187334635061467,1015.4341508763872,0,0.01625897821765676,0.6955232032152862,10.699930476577057,1.5431862183110523,9.543737194724237,2.506634050584525,10.131625138945257,1,0.0,0,153.0,1.7261076571212358e-06
STN_E_coastal_fails,2012-10-24 08:00:00,1014.3555442351172,11.353229103553051,253.88642116506165,40.5,-73.8,False,-0.9641898880868212,0.7460718039781735,0.6284966638569358,0.7518265878242096,1014.4356270685981,0.8268686498235353,1014.5795464794422,1.284889689397843,1015.3143056940239,0,0.24363606010242478,0.1455840622563381,11.185385404078884,1.7080515474395457,9.857101128709424,2.3798372626855535,10.267358912790568,0,0.0,0,152.0,1.7261076571212358e-06
STN_E_coastal_fails,2012-10-24 09:00:00,1014.3237533026364,8.710279386725341,301.79649286652636,40.5,-73.8,False,-0.5975109034656043,-0.46481376560281795,-0.03179093248081699,0.35404247620082463,1014.1354483696713,0.7880550198679008,1014.6367987274451,1.2512485652091843,1015.2152504548852,0,-2.64294971682771,1.4606646751171404,10.39103384457634,1.2477069009184873,10.127809500090736,2.2971250186162826,10.111650960184045,0,0.0,0,151.0,1.7261076571212358e-06
STN_E_coastal_fails,2012-10-24 10:00:00,1015.8985552801425,10.680880887003092,202.67360714389577,40.5,-73.8,False,0.8897139950497603,-0.02036467750457227,1.5748019775061266,0.9001754474190204,1014.8592842726321,0.7836613269186518,1014.6345325414727,1.2047848886233357,1015.2773690753631,0,1.9706015002777502,1.3735905262531543,10.248129792427163,1.0047081872209458,10.47403013450211,2.1859921376802736,10.163399135349414,0,0.0,0,150.0,1.7261076571212358e-06
STN_E_coastal_fails,2012-10-24 11:00:00,1015.8007191216695,8.247881071778844,251.99316785601405,40.5,-73.8,False,0.9664358243310289,-2.257900836215587,-0.09783615847300098,0.8823265847419219,1015.3410092348162,0.8851058852998923,1014.8883181517072,1.158609548459872,1015.320981579222,0,-2.432999815224248,1.2920636320400691,9.213013781835757,1.3576907616384684,10.19919959295732,2.15636601416581,10.003772630051865,0,0.0,0,149.0,1.7261076571212358e-06
STN_E_coastal_fails,2012-10-24 12:00:00,1015.2768197293307,8.760714033971977,269.9025662596493,40.5,-73.8,False,0.8079838535352337,-3.5511393072849096,-0.5238993923388762,0.3343146178727205,1015.6586980437143,0.8893434692585381,1014.8970732066928,1.04011220110457,1015.1820000739777,0,0.5128329621931336,1.2825447679952782,9.22982533091797,1.3841627482621597,9.810429587747157,2.137600025744094,10.02991120090759,0,0.0,0,148.0,1.7261076571212358e-06
STN_E_coastal_fails,2012-10-24 13:00:00,1013.6495785819444,8.164582050999481,243.50175961822322,40.5,-73.8,False,-0.912100384406358,-3.0570410618655313,-1.6272411473862576,1.1217389734016863,1014.9090391443148,0.9100485307996721,1014.8841617084736,1.0265496659125117,1014.9381382650944,0,-0.596131982972496,0.3228285703737145,8.391059052250101,1.3531449323968656,9.31959442233863,1.388682976764824,9.431665808531433,0,0.0,0,147.0,1.7261076571212358e-06
STN_E_coastal_fails,2012-10-24 14:00:00,1014.6883605660499,7.6232222908034615,268.60808006255144,40.5,-73.8,False,-0.5611870606750244,-2.980495392887738,1.0387819841055261,0.8239403244066246,1014.5382529591084,0.8810655115182057,1014.9396310969623,0.8360580554854122,1014.7595887882022,0,-0.5413597601960198,0.5689656106858397,8.182839458591639,1.0562375959200299,8.697926620213698,1.4831307905964166,9.277513874461562,0,0.0,0,146.0,1.7261076571212358e-06
STN_E_coastal_fails,2012-10-24 15:00:00,1014.2538835170568,12.128418977716017,75.11231972015942,40.5,-73.8,False,-1.091236915821355,2.0706568404492973,-0.43447704899313067,0.5216995896758444,1014.1972742216836,0.8912365379157803,1014.9279861326991,0.8163687178993269,1014.782392430072,0,4.505196686912555,2.459738155418475,9.305407773172986,1.7549378797343778,9.267616552045478,1.519649872510454,9.697713026068106,0,0.0,0,145.0,1.7261076571212358e-06
STN_E_coastal_fails,2012-10-24 16:00:00,1015.8696757566937,11.377223401957774,179.4148369278471,40.5,-73.8,False,-0.006938706420783092,2.369390179443636,1.615792239636903,0.8361678905796779,1014.937306613267,0.8850026786480917,1014.9231728787909,0.8110999162524334,1014.7788527101319,0,-0.751195575758242,2.413628538230163,10.376288223492418,1.8852768659453936,9.38367363787126,1.5487581207630297,9.928851886186683,0,0.0,0,144.0,1.7261076571212358e-06
STN_E_coastal_fails,2012-10-24 17:00:00,1016.178184852816,11.95333073995626,211.77667965783138,40.5,-73.8,False,1.8092344480048723,1.2655590599901814,0.30850909612229316,1.0335132683283619,1015.4339147088555,0.9692646308340415,1014.9860838339819,0.886418029322249,1014.9372009928446,0,0.5761073379984847,0.3930331514720622,11.819657706543351,2.0394148328160298,10.001248582567495,1.6550264796092444,10.100224087762408,0,0.0,0,143.0,1.7261076571212358e-06
STN_E_coastal_fails,2012-10-24 18:00:00,1016.0563855860291,10.078626132048592,0.892055108528309,40.5,-73.8,False,1.2320339632751711,0.16250174867890976,-0.1217992667868657,0.15538848313576678,1016.0347487318463,1.0636823725497806,1015.116011476765,0.9417373634181333,1015.006542341729,0,-1.8747046079076668,0.9602752991739368,11.136393424654209,1.9480063434570918,10.220900598913596,1.625328931524397,10.015665093330377,0,0.0,0,142.0,1.7261076571212358e-06
STN_E_coastal_fails,2012-10-24 19:00:00,1014.2447805805805,11.553615397730294,308.1465031729255,40.5,-73.8,False,-0.8881994321427555,3.0581590456280274,-1.811605005448655,1.082804986832302,1015.4931170064752,0.917243103140094,1015.215211809871,0.8881235940938639,1015.0496867591722,0,1.4749892656817014,0.9874110133405567,11.195190756578382,1.7092143515482496,10.785739490035398,1.6572380806807832,10.052666956187016,0,0.0,0,141.0,1.7261076571212358e-06
STN_E_coastal_fails,2012-10-24 20:00:00,1012.2604668777069,6.47742119071491,219.60882304016835,40.5,-73.8,False,-2.771161210298146,-3.997362874737897,-1.9843137028735782,1.8986140737992212,1014.1872110147721,1.5282130286933417,1014.8105628618138,1.1912000561407827,1014.8750969793881,0,-5.076194207015384,2.611258253240471,9.369887573497932,2.1423515119460266,10.594772640020642,1.890661590974153,9.64634963011717,0,0.0,0,140.0,1.7261076571212358e-06
STN_E_coastal_fails,2012-10-24 21:00:00,1013.2330381018646,11.72617503609071,46.489079411353174,40.5,-73.8,False,-2.65520672241837,2.3324086979847554,0.9725712241577185,0.9922212875423213,1013.2460951867173,1.6542176531779185,1014.6404219592818,1.2757091615863265,1014.7842040459904,0,5.2487538453758,2.9818043023610956,9.91907054151197,2.0904250093365264,10.527731983083092,1.9542980861668224,9.897674267564286,0,0.0,0,139.0,1.7261076571212358e-06
STN_E_coastal_fails,2012-10-24 22:00:00,1016.4216269780744,10.35423966001006,293.8885461272978,40.5,-73.8,False,1.28803545521032,1.0379351119186815,3.188588876209792,2.176704205461446,1013.9717106525486,1.7488871670760968,1014.732413829512,1.3252220179870615,1014.8277933541514,0,-1.3719353760806499,2.722172693804122,9.51927862893856,2.048581536462408,10.357234692758471,1.94464858350942,9.870454165314865,0,0.0,0,138.0,1.7261076571212358e-06
STN_E_coastal_fails,2012-10-24 23:00:00,1014.5987450606686,11.254219200298332,258.1405079185961,40.5,-73.8,False,-0.4661906565319214,1.4965586193291092,-1.8228819174057662,1.5997475323532013,1014.7511367135359,1.6003045602375454,1014.4691738641541,1.2899552776334553,1014.727628849068,0,0.8999795402882711,0.6970069535781285,11.111544632133034,1.9574999709704064,10.240716102815483,1.9099530946895726,10.120982342691489,0,0.0,0,137.0,1.7261076571212358e-06
STN_E_coastal_fails,2012-10-25 00:00:00,1014.2492753817181,10.760046598097226,272.98783564690933,40.5,-73.8,False,-1.388868332183165,0.9153356054605339,-0.34946967895052694,1.1664861050396496,1015.0898824734871,1.3992650336289947,1014.1679888301022,1.2842774741184362,1014.6420001534337,0,-0.4941726022011057,0.4507122150373811,10.78950181946854,1.9659640236379585,10.354286180490256,1.8672315779360413,10.287593389701927,0,0.0,0,136.0,1.7261076571212358e-06
STN_E_coastal_fails,2012-10-25 01:00:00,1016.6426602934118,8.025889690926228,141.13528627026824,40.5,-73.8,False,1.4964482271494717,-3.349459905802801,2.3933849116937154,1.2928012138163203,1015.1635602452661,1.7291333395968873,1014.5676354489074,1.362292536720699,1014.8914236293894,0,-2.7341569071709984,1.7388661044331828,10.01338516310726,2.0607751409962796,9.76633189602291,1.8819384333139226,10.276035693029156,0,0.0,0,135.0,1.7261076571212358e-06
STN_E_coastal_fails,2012-10-25 02:00:00,1016.2651599454529,7.003920449217906,307.51290241019717,40.5,-73.8,False,1.494489569036432,-2.3947149783943615,-0.37750034795897136,1.2867652222101338,1015.7190318735276,1.402508136862166,1015.2350842935317,1.4159152521225353,1015.022823577673,0,-1.0219692417083213,1.9420143653057598,8.59661891274712,1.8974590397594127,9.854081772440077,1.9678315921445206,10.224427206230358,0,0.0,0,134.0,1.7261076571212358e-06
STN_E_coastal_fails,2012-10-25 03:00:00,1015.0244487218685,8.575891667634073,149.0499295676504,40.5,-73.8,False,-0.16343447101303354,-1.6635311605300132,-1.2407112235844124,0.8466088769629474,1015.9774229869109,1.0330987457218979,1015.5336527301992,1.3951939892106997,1015.0870373447405,0,1.5719712184161665,0.7977067983610899,7.868567269259402,1.7015724047938148,9.32903454436397,1.922043266253448,9.92838326372353,0,0.0,0,133.0,1.7261076571212358e-06
STN_E_coastal_fails,2012-10-25 04:00:00,1014.7065969088617,11.129834562545824,205.38329506041288,40.5,-73.8,False,-0.3555644881986382,0.06232784338126862,-0.3178518130067687,0.8235606488889449,1015.3320685253943,0.9738343598779536,1015.2478143853303,1.3761511418387335,1014.990114107421,0,2.553942894911751,2.0823418344321456,8.903215559799268,1.820347247714529,9.458300361453263,1.9063530357245944,9.907767527105868,0,0.0,0,132.0,1.7261076571212358e-06
STN_E_coastal_fails,2012-10-25 05:00:00,1014.8678987870796,11.38018283035079,0.2312293319545411,40.5,-73.8,False,-0.10829773802856835,0.12439128477502948,0.16130187821795516,0.15893182659744481,1014.8663148059367,0.9436882664558156,1015.2926733397321,1.3243202478544491,1014.880923601943,0,0.25034826780496644,1.551845540582474,10.361969686843564,1.8457510009296312,9.479294299795342,1.8569844556859758,9.860005201305412,0,0.0,0,131.0,1.7261076571212358e-06
STN_E_coastal_fails,2012-10-25 06:00:00,1015.2271627982332,7.264115445236275,232.1543212840304,40.5,-73.8,False,-0.7774965020386162,-2.572476929704383,0.35926401115352746,0.2664825731659053,1014.9338861647249,0.8011208090663293,1015.4556545758179,1.2782422285505974,1014.8118217029601,0,-4.1160673851145155,2.3075408724415154,9.924710946044296,1.911217007963936,8.896639107651849,1.9991595946958678,9.625462644071051,0,0.0,0,130.0,1.7261076571212358e-06
STN_E_coastal_fails,2012-10-25 07:00:00,1016.6000472810982,8.037801265063571,258.5432851660572,40.5,-73.8,False,0.8665009801832184,-0.7229660411101708,1.3728844828650608,0.9141681864163614,1015.5650362888036,0.7885838191454947,1015.4485524070991,1.3613788728980842,1015.0080939280033,0,0.7736858198272962,2.1875448564763573,8.894033180216878,1.9101375083059877,8.898624370008074,1.9478623822968009,9.332478133015492,0,0.0,0,129.0,1.7261076571212358e-06
STN_E_coastal_fails,2012-10-25 08:00:00,1015.4224674239202,8.553528628118322,204.15937157596522,40.5,-73.8,False,0.5978091394575813,-1.99030196259692,-1.1775798571779887,0.7427033975214568,1015.7498925010838,0.6818797019172028,1015.3081036535103,1.0520949010965952,1015.2715939735209,0,0.5157273630547508,0.6489929143161003,7.951815112806056,1.6954114766302215,9.156892399824809,1.7537511349606631,9.505487086132442,0,0.0,0,128.0,1.7261076571212358e-06
STN_E_coastal_fails,2012-10-25 09:00:00,1015.7260290325866,9.285389879466369,178.76117413570176,40.5,-73.8,False,0.8027594792259833,-1.8250760403732151,0.303561608666314,0.611385294368524,1015.9161812458683,0.6836615126801316,1015.4250337052966,0.8371393220295014,1015.4793432177479,0,0.7318612513480467,0.6269068185697508,8.625573257549421,1.6713558672417157,9.275142101796858,1.6082912616329277,9.302088323080413,0,0.0,0,127.0,1.7261076571212358e-06
STN_E_coastal_fails,2012-10-25 10:00:00,1016.1692701084256,7.275898338294695,291.577130536215,40.5,-73.8,False,0.4541549401321845,-2.6946235227917423,0.4432410758390688,0.37557213047855,1015.7725888549775,0.6353161257333525,1015.6688125718906,0.814170973764956,1015.4583134786103,0,-2.0094915411716734,1.017023131721518,8.371605615293129,1.5523384257302857,8.632819397755002,1.669549474221004,9.045559879604134,0,0.0,0,126.0,1.7261076571212358e-06
STN_E_coastal_fails,2012-10-25 11:00:00,1013.8303239980597,7.155896467719735,245.29417817948706,40.5,-73.8,False,-1.3445867960680289,-2.344058141176422,-2.338946110365896,1.2423652935991427,1015.2418743796907,0.9567949975157336,1015.4958834403873,0.9122352214906084,1015.3942783900596,0,-0.12000187057495992,1.196327637233636,7.9057282284936,0.8611584335349162,7.9287716706498275,1.5941459467770391,8.704032985222584,0,0.0,0,125.0,1.7261076571212358e-06
STN_E_coastal_fails,2012-10-25 12:00:00,1015.754861891176,8.356329407184893,100.10665429920827,40.5,-73.8,False,0.7328070445015555,-0.43371400317692554,1.9245378931162804,1.2480818068647934,1015.2514853325538,0.9513917526823642,1015.5838332892112,0.8412108932772406,1015.5197439325144,0,1.2004329394651574,0.6611569387214863,7.596041404399775,0.806248729431843,8.110807330974596,1.4574739065156135,8.503723219313223,0,0.0,0,124.0,1.7261076571212358e-06
STN_E_coastal_fails,2012-10-25 13:00:00,1014.7054312435032,10.172507672450012,345.2664017087949,40.5,-73.8,False,0.5574872453682929,1.0222498478040123,-1.049430647672807,0.963583889908155,1014.7635390442462,0.8563140728694218,1015.2680639496119,0.7904785320479835,1015.3583081783554,0,1.816178265265119,1.5187432246147072,8.561577849118214,1.1606867139737778,8.466591732205671,1.5237230523694527,8.682608051106872,0,0.0,0,123.0,1.7261076571212358e-06
STN_E_coastal_fails,2012-10-25 14:00:00,1012.4839048016391,7.638811320493019,254.61618991032267,40.5,-73.8,False,-2.0163647830879654,-2.0113978207753913,-2.2215264418640572,1.670112007110442,1014.3147326454394,1.4110194166739383,1014.778303512565,1.0921930889322322,1015.0432035830376,0,-2.5336963519569924,1.30594492608937,8.722549466709308,1.2061657708603397,8.314138847601454,1.470218918725999,8.735515623713132,0,0.0,0,122.0,1.7261076571212358e-06
STN_E_coastal_fails,2012-10-25 15:00:00,1012.8718304543736,9.768392980056468,355.65801440847287,40.5,-73.8,False,-2.2472908668643186,0.1621219698259928,0.38792565273445234,1.1865747551843393,1013.3537221665052,1.50556256888588,1014.3026037495296,1.2595130942537682,1014.8638187274131,0,2.129581659563449,1.361252115595383,9.193237324333166,1.2966745042332564,8.394639364366471,1.498478963249877,8.834890733081664,0,0.0,0,121.0,1.7261076571212358e-06
STN_E_coastal_fails,2012-10-25 16:00:00,1013.9818823833729,12.11710563228363,349.6540738567926,40.5,-73.8,False,-0.4636554178512142,0.7741260170430078,1.110051928999269,0.7774572263151798,1013.1125392131286,1.1962080058925724,1013.9380391286874,1.284856942867633,1014.8034258502889,0,2.348712652227162,2.2400405171371753,9.841436644277707,1.8496368727282222,9.20150724669796,1.6548763577373755,8.91716332222648,0,0.0,0,120.0,1.7261076571212358e-06
STN_E_coastal_fails,2012-10-25 17:00:00,1015.5312232214424,7.39644052517298,330.8075002116324,40.5,-73.8,False,0.259638355065249,-0.754862859271948,1.5493408380694973,1.3357296512344499,1014.1283120197295,1.3563940879772483,1014.2215223325844,1.3020367487167235,1014.858702886486,0,-4.7206651071106505,2.360342087652118,9.760646379171027,1.7983259794005584,9.241597922940167,1.5090150064102525,8.585184796794996,0,0.0,0,119.0,1.7261076571212358e-06
STN_E_coastal_fails,2012-10-25 18:00:00,1015.1137995553572,9.587108483178922,271.9337548411107,40.5,-73.8,False,0.7455744871062961,-1.1155120772632046,-0.41742366608514203,0.8016582848229113,1014.8756350533907,1.2308988230910503,1014.114678609948,1.299529191445137,1014.8492559495795,0,2.1906679580059416,2.362364307574224,9.700218213545178,1.7466018046977045,9.446727768939171,1.4727008163461637,8.778767549956884,0,0.0,0,118.0,1.7261076571212358e-06
STN_E_coastal_fails,2012-10-25 19:00:00,1015.1843666932721,12.049513467501548,219.39457265890826,40.5,-73.8,False,-0.7295331303919284,2.0198502229867383,0.07056713791484981,0.22343220041611572,1015.2764631566906,1.2909356005740056,1014.1945011849097,1.1853865349783572,1014.7312825672607,0,2.4624049843226263,2.3278585372140155,9.677687491951149,2.045171604180157,9.759562068114429,1.72323479013692,9.113076900160051,0,0.0,0,117.0,1.7261076571212358e-06
STN_E_coastal_fails,2012-10-25 20:00:00,1016.9509434633715,9.163463219272383,61.98143892585272,40.5,-73.8,False,2.007803459444972,-0.5812397227181982,1.766576770099391,1.0409027287538877,1015.7497032373336,1.39130647986795,1014.9390076285316,1.3386229360610784,1014.8586555705483,0,-2.8860502482291643,1.5584286772125662,10.266695056650951,1.8101910021525158,10.013670717910989,1.7142017063328465,9.163904782756221,0,0.0,0,116.0,1.7261076571212358e-06
STN_E_coastal_fails,2012-10-25 21:00:00,1013.7309103583739,8.852660618283165,195.60651027255278,40.5,-73.8,False,-1.1570359882730372,0.8314015051459691,-3.220033104997583,1.612551911277696,1015.2887401716725,1.1612013694881607,1015.0821876125316,1.3449835870922464,1014.6923956810306,0,-0.3108026009892182,1.7628458257242756,10.021879101685698,1.8725372970591143,9.86104865761544,1.7159644025766077,9.127844010990954,0,0.0,0,115.0,1.7261076571212358e-06
STN_E_coastal_fails,2012-10-25 22:00:00,1014.9725666088171,12.326991628612953,275.53554806195785,40.5,-73.8,False,-0.1926375806950773,1.409209883901795,1.2416562504432704,1.6240021767320538,1015.2181401435208,1.0372764720384782,1015.2473016501057,1.2676673428714016,1014.5926703893966,0,3.474331010329788,1.9224761040051879,10.114371822056167,1.9243554393999633,9.896029657003659,1.835720968739555,9.54876845185081,0,0.0,0,114.0,1.7261076571212358e-06
STN_E_coastal_fails,2012-10-25 23:00:00,1015.3044354717975,9.387595842056914,187.5085771340044,40.5,-73.8,False,-0.22654936243736756,0.46836925001889007,0.3318688629804001,0.8294404207111359,1014.6693041463295,1.0289599698953957,1015.2095036918316,1.2584672931206589,1014.7155130122081,0,-2.939395786556039,1.8707030431095746,10.189082696317678,1.5404866213395385,10.227888876484315,1.6774896376510904,9.73474339971224,0,0.0,0,113.0,1.7261076571212358e-06
STN_E_coastal_fails,2012-10-26 00:00:00,1014.2637268132935,12.208990050411153,312.5660862260368,40.5,-73.8,False,-1.00503629116929,3.2542663335997837,-1.0407086585040588,0.5316115922081364,1014.8469096313028,1.100789756736026,1015.0678249014876,1.2195272394491399,1014.5912517557177,0,2.8213942083542385,1.6640431305215895,11.307859173693673,1.6872431365645872,10.664869137689685,1.7565110437008156,10.055798453314429,0,0.0,0,112.0,1.7261076571212358e-06
STN_E_coastal_fails,2012-10-26 01:00:00,1015.0283266488141,10.857930782254426,39.476123709011375,40.5,-73.8,False,0.4371873885642117,0.48252626803880183,0.7645998355205847,0.53912328560573,1014.8654963113017,1.0993280204586513,1015.0418182274112,1.2258215285536864,1014.6181597061604,0,-1.3510592681567264,1.4111172442059747,10.818172224907498,1.5567488561301923,10.466272023481833,1.7717296721022715,10.112917045798131,0,0.0,0,111.0,1.7261076571212358e-06
STN_E_coastal_fails,2012-10-26 02:00:00,1013.400050534167,9.314310694180376,137.13852529750827,40.5,-73.8,False,-1.812211654802013,-0.6982913327001619,-1.6282761146470648,0.8146402814673381,1014.2307013320915,0.7735346200892437,1014.4500027392105,1.1032112215272996,1014.6945051838711,0,-1.54362008807405,1.4484067509834548,10.793743842281984,1.5325303674476372,10.491413269299832,1.6184144258933948,10.25254199360541,0,0.0,0,110.0,1.7261076571212358e-06
STN_E_coastal_fails,2012-10-26 03:00:00,1016.4099060374211,10.959381061195147,182.14719069371662,40.5,-73.8,False,2.150573676656336,0.4505807055643558,3.00985550325413,1.5066118092718574,1014.9460944068009,1.0119028102688363,1014.8965020190517,1.0429467435430873,1014.9893448157917,0,1.645070367014771,0.9218922250669263,10.377207512543317,1.3066765782972185,10.842533343118495,1.622538264274141,10.351791000366967,0,0.0,0,109.0,1.7261076571212358e-06
STN_E_coastal_fails,2012-10-26 04:00:00,1014.3183852025585,10.640899027692226,155.63710651287892,40.5,-73.8,False,0.23525376360953487,-0.6844916665430212,-2.0915208348626493,1.5425643215278837,1014.7094472580488,1.0369999196525523,1014.7874717846753,1.017612494538509,1015.0173867173907,0,-0.3184820335029208,0.8724987034091701,10.304863594355917,1.0863001752729589,10.561517909631707,1.5298420442198182,10.228773783317683,0,0.0,0,108.0,1.7261076571212358e-06
STN_E_coastal_fails,2012-10-26 05:00:00,1017.0313998321103,12.041765642005208,39.09115721575911,40.5,-73.8,False,1.3017119061133826,4.414276934043836,2.7130146295518216,1.4213351891599086,1015.91989702403,1.3890815775008134,1015.0752991780608,1.1675757245269047,1015.142401434946,0,1.4008666143129815,0.7343267276374555,11.214015243630861,1.052537675774303,11.00387954295642,1.3215403371757326,10.615884209720369,0,0.0,0,107.0,1.7261076571212358e-06
STN_E_coastal_fails,2012-10-26 06:00:00,1014.9675252253405,8.903308924270407,55.27018585606699,40.5,-73.8,False,-0.05022049459842037,-1.8574688519693758,-2.0638746067697866,1.4166515415943837,1015.4391034200031,1.3355259861885866,1015.1925989134019,1.1686645215704126,1015.1302119074448,0,-3.138456717734801,1.572236051387798,10.528657864655948,1.1556841061100696,10.452932688599633,1.38323490906963,10.55890091314466,0,0.0,0,106.0,1.7261076571212358e-06
STN_E_coastal_fails,2012-10-26 07:00:00,1016.0280529562,10.082412133564,301.5422254279754,40.5,-73.8,False,1.8139442955465483,0.8330223185400829,1.0605277308594623,1.032069314031421,1016.0089926712168,1.3727760874490589,1015.3592199646331,1.1972473353703348,1015.200519096022,0,1.1791032092935936,1.5853107538850812,10.342495566613204,1.144644276242415,10.32367958048456,1.304864514575638,10.394975801983197,0,0.0,0,105.0,1.7261076571212358e-06
STN_E_coastal_fails,2012-10-26 08:00:00,1014.9466963097032,9.876968640792018,174.37833331252236,40.5,-73.8,False,-0.10340336596459565,0.09319878368913415,-1.081356646496829,0.6183964624430757,1015.3140914970812,1.0349605126895773,1015.6169942605557,1.0631472569342422,1015.0334984998831,0,-0.20544349277198215,0.6298815563878882,9.620896566208808,1.065740467142645,10.417455904919835,1.259100307489126,10.454434587109834,0,0.0,0,104.0,1.7261076571212358e-06
STN_E_coastal_fails,2012-10-26 09:00:00,1014.9692550632425,11.408296283281757,17.54007363098195,40.5,-73.8,False,-1.159493145743454,1.4363957218853223,0.02255875353932879,0.6179123552220742,1015.3146681097152,0.9798633330973825,1015.3768857648593,0.9822378380100661,1015.1366938919555,0,1.5313276424897388,0.8311778947020902,10.455892352545925,1.1254783887288684,10.492275108600937,1.1769980656264907,10.667404225859714,0,0.0,0,103.0,1.7261076571212358e-06
STN_E_coastal_fails,2012-10-26 10:00:00,1014.4159691851521,7.949641611115338,5.936853231953969,40.5,-73.8,False,0.017328690006934266,-0.1302704710063214,-0.553285878090378,0.3131308142482238,1014.7773068526993,0.9593759309987718,1015.3931497619582,1.00360226132016,1015.0903107733166,0,-3.4586546721664195,1.7331015535389227,9.744968845063038,1.5211350786156426,10.04373220583812,1.2888968537659218,10.302625057734915,0,0.0,0,102.0,1.7261076571212358e-06
STN_E_coastal_fails,2012-10-26 11:00:00,1015.1191219468042,12.033954096481903,170.45114471795756,40.5,-73.8,False,0.015194357471045805,0.5453769774727615,0.7031527616520634,0.3703622442741169,1014.8347820650662,0.5260743390278079,1015.0744367810736,1.0014313132561432,1015.0748679795673,0,4.084312485366565,2.1998237928918414,10.463963996959667,1.5190849238202953,10.042430281584236,1.343348153278758,10.52315491227033,0,0.0,0,101.0,1.7261076571212358e-06
STN_E_coastal_fails,2012-10-26 12:00:00,1015.3179960481734,10.932657544351178,59.17634133279973,40.5,-73.8,False,0.7958871189567844,-1.0897077066370287,0.1988741013692561,0.473924603009705,1014.9510290600432,0.5312608500192193,1015.1328485848793,0.969538271457138,1015.1627237491406,0,-1.1012965521307247,2.1131669216208486,10.305417750649474,1.438514940573898,10.3806550515977,1.244636752677835,10.416793870098665,0,0.0,0,100.0,1.7261076571212358e-06
STN_E_coastal_fails,2012-10-26 13:00:00,1014.2157379678132,7.366149852751315,253.84534055971986,40.5,-73.8,False,-0.15265620229774868,-2.114710635242634,-1.1022580803602295,0.5874558703161767,1014.8842853209303,0.4250828629331294,1014.8307960868146,1.0074153931137209,1015.0950080257238,0,-3.5665076915998633,2.4399872837020196,10.110920497861466,1.9034305239378688,9.927944671462251,1.5116550155863608,10.125812125973406,0,0.0,0,99.0,1.7261076571212358e-06
STN_E_coastal_fails,2012-10-26 14:00:00,1014.8749509048799,12.416525650989499,286.3164465099905,40.5,-73.8,False,-0.25540424918222016,-0.320385246248895,0.6592129370667408,0.5546505763560817,1014.8028949736222,0.4221696548950534,1014.8188385193442,0.8611836549664611,1015.2179163899499,0,5.050375798238184,2.595770193204367,10.238444349363997,2.1554945557147667,10.35120417316183,1.6215302954866173,10.384330039040833,0,0.0,0,98.0,1.7261076571212358e-06
STN_E_coastal_fails,2012-10-26 15:00:00,1014.3898949349303,14.468186161642446,82.18681504455802,40.5,-73.8,False,-0.8153164814652882,4.908636768051279,-0.4850559699495989,0.34160689873415556,1014.4935279358746,0.4464438426326269,1014.7222784979589,0.8024254880450764,1015.049582131409,0,2.0516605106529475,3.6550085792697025,11.416953888461085,2.738700172885925,10.86118581955528,2.005542015612925,10.676730464078107,0,0.0,0,97.0,1.7261076571212358e-06
STN_E_coastal_fails,2012-10-26 16:00:00,1017.2996558777628,12.003667939175937,213.18370015744108,40.5,-73.8,False,2.5810054434665517,1.9296541598514185,2.909760942832463,1.558908926351013,1015.5215005725244,1.1099250241116236,1015.2028929467273,0.9940857676494068,1015.2980213543427,0,-2.464518222466509,1.3199502774755285,12.962793250602628,2.349101132604199,11.536856874232045,2.0415881545121204,10.790294540035083,0,0.0,0,96.0,1.7261076571212358e-06
STN_E_coastal_fails,2012-10-26 17:00:00,1014.9102584317743,12.853969534578964,55.60007165473896,40.5,-73.8,False,-0.36061891323197415,4.848251058036295,-2.389397445988493,1.5517037447151756,1015.5332697481558,1.1163345836568097,1015.168082360889,0.8334536060666846,1015.1212595709814,0,0.8503015954030264,1.2518358645806866,13.108607878465783,2.4069478549082173,11.673526113914889,2.099491404924412,10.857978197749562,0,0.0,0,95.0,1.7261076571212358e-06
STN_E_coastal_fails,2012-10-26 18:00:00,1016.5452179531443,10.170742763410203,109.28975457397932,40.5,-73.8,False,2.2113726322089633,1.4849215089916523,1.6349595213699786,1.221439681517875,1016.2517107542271,1.253318041984749,1015.3726193450508,0.9262677346084032,1015.2527339649649,0,-2.6832267711687603,1.3712727305085142,11.676126745721701,2.4730430278041533,11.546540317091393,2.0226939869888945,10.963597684344547,0,0.0,0,94.0,1.7261076571212358e-06
STN_E_coastal_fails,2012-10-26 19:00:00,1014.8043590463294,6.676990160855057,319.966377905316,40.5,-73.8,False,0.0806129980184096,-3.411209511170531,-1.7408589068148785,0.9759522742595726,1015.4199451437494,1.1645454067787466,1015.4707228581369,0.9001427180788267,1015.1507594724758,0,-3.493752602555146,3.0973399161427797,9.900567486281409,2.710623785396532,11.431680368442017,2.36712922538122,10.679812519952135,0,0.0,0,93.0,1.7261076571212358e-06
STN_E_coastal_fails,2012-10-26 20:00:00,1015.2592632767216,6.311759098200419,195.8753129336319,40.5,-73.8,False,0.45082568315751814,-3.733637456429312,0.4549042303922306,0.9028849153390235,1015.5362800920651,1.1354281092763023,1015.5347749201104,0.8982212642002294,1015.1768067197273,0,-0.36523106265463845,2.1303933871996676,7.719830674155226,3.3397520168028856,10.414219276310504,2.680102004112892,10.382711724736168,0,0.0,0,92.0,1.7261076571212358e-06
STN_E_coastal_fails,2012-10-26 21:00:00,1013.6786041307803,10.510164088595124,318.91993025191204,40.5,-73.8,False,-1.009739527753709,0.6936313109954284,-1.580659145941354,0.8137101576894339,1014.5807421512771,1.3035553184036393,1015.4162264527521,0.9971566009821857,1015.0692524753555,0,4.198404990394705,2.325697764571779,7.832971115883534,2.7104717589333442,9.754548930802617,2.6613327928168844,10.30786737517895,0,0.0,0,91.0,1.7261076571212358e-06
STN_E_coastal_fails,2012-10-26 22:00:00,1014.5528860139638,8.816042385913882,81.0892095046225,40.5,-73.8,False,-0.45388056203523774,-2.164384121511498,0.8742818831834711,0.7918144757721778,1014.4969178071552,0.942005860650202,1014.9584314754524,0.9897578783843461,1015.0806622110899,0,-1.694121702681242,2.112190316235242,8.545988524236476,2.484433586267931,9.223278005258942,2.6026450431640265,10.380067439745494,0,0.0,0,90.0,1.7261076571212358e-06
STN_E_coastal_fails,2012-10-26 23:00:00,1015.2104809182981,8.170847445531257,118.80876356951977,40.5,-73.8,False,0.25615154508136584,-0.48289437776455557,0.6575949043343599,0.7684883822161641,1014.480657021014,0.9468961115239605,1015.0084685565397,0.9904317443812974,1015.0882754587142,0,-0.6451949403826251,1.2082168135387565,9.165684640013422,1.739682053788304,8.442757657084323,2.6183452891882277,10.058141885499607,0,0.0,0,89.0,1.7261076571212358e-06
STN_E_coastal_fails,2012-10-27 00:00:00,1016.585934204824,9.874506635525371,169.54276984445414,40.5,-73.8,False,2.141915436771569,-1.7134886351817347,1.3754532865258398,1.0374317445807946,1015.4497670456952,0.960164995347831,1015.0152545984862,1.0806876325051664,1015.1939369717685,0,1.7036591899941147,0.8601431774664293,8.953798822323504,1.6841505204130465,8.393384969103517,2.6039950060964037,9.969962643097455,0,0.0,0,88.0,1.7261076571212358e-06
STN_E_coastal_fails,2012-10-27 01:00:00,1015.2218928154376,11.23117058118346,172.82882707003543,40.5,-73.8,False,0.683532147160804,1.4772456584593794,-1.3640413893863297,0.7908445787861649,1015.6727693128532,0.95694835480824,1015.0848435600042,1.0360014605678078,1015.2777832090705,0,1.356663945658088,1.533436738816229,9.758841554080028,1.7794421055993694,9.152415039158251,2.4891515328705873,10.292047703800135,0,0.0,0,87.0,1.7261076571212358e-06
STN_E_coastal_fails,2012-10-27 02:00:00,1016.383604413402,7.094484915049596,359.15326818613215,40.5,-73.8,False,1.2984705028090957,-6.960639954825875,1.1617115979644268,0.7361068868608338,1016.0638104778878,1.0976718805713113,1015.272233749451,1.0735322471565876,1015.4035043347808,0,-4.136685666133864,2.1087605414936283,9.400054043919475,1.5424468422598812,9.282869341966448,2.5496040155376556,9.848544309138477,0,0.0,0,86.0,1.7261076571212358e-06
STN_E_coastal_fails,2012-10-27 03:00:00,1015.6405800440759,9.102244772841019,41.20031482960683,40.5,-73.8,False,0.4348026105859617,0.5190921327855431,-0.7430243693261218,0.5883533583492406,1015.7486924243052,0.7718656840218805,1015.5992297350003,1.025831641134867,1015.5077280938762,0,2.007759857791423,2.068638563741157,9.14263342302469,1.4206837329899433,9.048216122674097,2.095920609905727,9.401382526738358,0,0.0,0,85.0,1.7261076571212358e-06
STN_E_coastal_fails,2012-10-27 04:00:00,1016.6272101738754,13.019741387095978,306.7074128165727,40.5,-73.8,False,1.56287075342334,1.9460226833963716,0.9866301297994369,0.5139500612865773,1016.2171315437845,0.666881546345161,1015.9449504283189,0.9332343135994206,1015.4516909518856,0,3.9174966142549597,3.0134847941872125,9.738823691662198,2.1384872571853877,9.748832622871113,2.2270304920328043,9.486055314065027,0,0.0,0,84.0,1.7261076571212358e-06
STN_E_coastal_fails,2012-10-27 05:00:00,1014.9407132399763,7.849423271867618,310.9255341918733,40.5,-73.8,False,-0.3050511707236865,-0.9219616979233951,-1.6864969338990932,0.8473020382919967,1015.7361678193092,0.7321984367005969,1015.8999891485986,0.931668146236467,1015.454228852569,0,-5.17031811522836,2.697175400570596,9.990469810601539,2.1893441251629406,9.695261927260507,1.9955611553855692,9.069009792172414,0,0.0,0,83.0,1.7261076571212358e-06
STN_E_coastal_fails,2012-10-27 06:00:00,1017.3899106679596,11.73952242416511,199.15150735360345,40.5,-73.8,False,2.488600481823596,-0.3317093661623929,2.4491974279833357,1.2532991125405812,1016.3192780272706,0.9297514264594255,1016.0339852257877,1.046431552705866,1015.524619912137,0,3.8900991522974913,2.692706860528149,10.869562361042902,2.3466272317397094,10.006097892033797,2.1216983038060593,9.199741430568658,0,0.0,0,82.0,1.7261076571212358e-06
STN_E_coastal_fails,2012-10-27 07:00:00,1014.5142066169136,9.03053855342647,123.85338057329535,40.5,-73.8,False,-1.142933826019771,-1.0091581704821575,-2.875704051046,1.5518886198200605,1015.6149435082831,1.085260480511134,1015.9160375260338,1.0677228338487352,1015.5004405430191,0,-2.7089838707386384,1.9944296734889577,9.539828083153067,2.288103124113529,9.639325887407631,1.9707035451427202,9.395870463282941,0,0.0,0,81.0,1.7261076571212358e-06
STN_E_coastal_fails,2012-10-27 08:00:00,1014.2330338815952,11.091587636685972,186.92139754378664,40.5,-73.8,False,-0.2191013286389989,0.07559216546723313,-0.2811727353183642,1.7471215823261192,1015.3790503888227,1.2435440019380324,1015.557609104066,1.128182105296889,1015.4149214267585,0,2.061049083259501,1.414586890482677,10.620549538092517,1.9568915717959323,10.305509674347027,1.7627513147208695,9.79418950815674,0,0.0,0,80.0,1.7261076571212358e-06
STN_E_coastal_fails,2012-10-27 09:00:00,1013.789308478955,12.19465519245403,105.28837373036298,40.5,-73.8,False,-1.0787381371120546,3.3220808215035635,-0.44372540264021154,0.36547404158952196,1014.1788496591547,1.4339323749529287,1015.2490638432124,1.1130442246323244,1015.4241467891064,0,1.1030675557680585,1.606046671258558,10.772260460855492,1.9836488491495725,10.820911410949199,1.8875999885566972,9.934563766811648,0,0.0,0,79.0,1.7261076571212358e-06
STN_E_coastal_fails,2012-10-27 10:00:00,1017.330217819755,11.48256380375101,287.67868143837825,40.5,-73.8,False,2.5352328719121715,-0.40807923446289074,3.540909340799999,1.9290532885118892,1015.1175200601018,1.5893618144833657,1015.3662317841926,1.2007102321749803,1015.6555911062555,0,-0.7120913887030209,0.5592695446839915,11.58960221096367,1.7253072337859774,10.564715147058367,1.9008624090687027,10.15677388496474,0,0.0,0,78.0,1.7261076571212358e-06
STN_E_coastal_fails,2012-10-27 11:00:00,1015.8184307987573,11.818319611390443,179.38049713571885,40.5,-73.8,False,1.6441416039521073,2.3696746721015653,-1.5117870209977582,1.7767421659385636,1015.6459856991559,1.5827428587840116,1015.5125180439892,1.1930232455791439,1015.706253596294,0,0.33575580763943336,0.3562383513425044,11.831846202531828,1.1363787292366856,11.226197870312172,1.845244900189231,10.460729898786338,0,0.0,0,77.0,1.7261076571212358e-06
STN_E_coastal_fails,2012-10-27 12:00:00,1014.6646011536686,7.696813544362048,333.3031843958822,40.5,-73.8,False,0.26458774923105466,-5.246677729015518,-1.1538296450886492,1.33680808004632,1015.9377499240603,1.3024476533612024,1015.0582997916075,1.1931594507160612,1015.5461425086977,0,-4.121506067028395,2.2887933228879653,10.332565653167833,1.7847083154496466,10.552413057011663,2.0080428386036626,10.27925547452273,0,0.0,0,76.0,1.7261076571212358e-06
STN_E_coastal_fails,2012-10-27 13:00:00,1016.2474200849778,12.227320327281381,224.16888396817575,40.5,-73.8,False,1.7942801953593062,1.6302512116300676,1.5828189313091343,0.8186035290756913,1015.5768173458013,1.3490105744908663,1015.3471687029515,1.2044966665436698,1015.6316031144926,0,4.530506782919334,2.505979035434702,10.580817827677956,1.7153364449716637,11.085210019320813,2.0705888029272734,10.362267953364222,0,0.0,0,75.0,1.7261076571212358e-06
STN_E_coastal_fails,2012-10-27 14:00:00,1015.6856877050022,8.294615130931923,185.154959921286,40.5,-73.8,False,0.5544821146155527,-0.6808175202251121,-0.561732379975524,0.8024417716508718,1015.532569647883,1.234564363915913,1015.5892776735194,1.1815153198679957,1015.5734433887927,0,-3.932705196349458,2.4613352950643685,9.406249667525117,2.0589041853057846,10.619047935028473,1.9220603070406175,10.46227880468775,0,0.0,0,74.0,1.7261076571212358e-06
STN_E_coastal_fails,2012-10-27 15:00:00,1016.9636266112245,10.519085546842476,255.9849674319548,40.5,-73.8,False,1.8726718762156906,2.902611123433572,1.277938906222289,0.6405236013071193,1016.2989114670681,0.9581554303595721,1016.1183306955642,1.2481984838201916,1015.6836972693885,0,2.2244704159105524,1.9719915845728393,10.347007001685261,1.910757137778931,10.339786327426546,1.873832291406911,10.58034886918787,0,0.0,0,73.0,1.7261076571212358e-06
STN_E_coastal_fails,2012-10-27 16:00:00,1013.4490547965155,10.516495347837646,181.41586719488433,40.5,-73.8,False,-1.6338920485668496,1.650092007932006,-3.5145718147090292,1.7789448959104173,1015.3661230375807,1.2438731043215763,1015.471470191691,1.3618063456041043,1015.4188509879417,0,-0.0025901990048300405,1.2835515207598307,9.776732008537348,1.834377380572529,10.178774918107655,1.7097308854564202,10.37174503258301,1,0.0,0,72.0,1.7261076571212358e-06
STN_E_coastal_fails,2012-10-27 17:00:00,1014.7307761551369,10.97024948571438,325.622286151001,40.5,-73.8,False,-1.2735505516112653,-0.10615971303425731,1.2817213586214393,1.7786064695499835,1015.0478191876256,1.2623139113473607,1015.2901944177543,1.3698321139141112,1015.4013562308719,0,0.453754137876734,0.26123055797185735,10.668610126798166,1.7113244328297186,10.037429897161642,1.5177569435091671,10.631813883736909,0,0.0,0,71.0,1.7261076571212358e-06
STN_E_coastal_fails,2012-10-27 18:00:00,1014.532694100714,10.673919739343228,66.40054591926287,40.5,-73.8,False,0.28551466565124883,-1.090590611332301,-0.19808205442291182,0.6899662169320081,1014.237508350789,1.2764577502120606,1015.2682099089285,1.2343845783952332,1015.163254850268,0,-0.2963297463711516,0.23039335033290775,10.720221524298418,1.272210472433031,10.533614262991838,1.4777001932052436,10.54301366000175,0,0.0,0,70.0,1.7261076571212358e-06
STN_E_coastal_fails,2012-10-27 19:00:00,1013.0204073891821,8.312389341469368,350.40552614852606,40.5,-73.8,False,-1.479252770527978,-2.720831906173391,-1.5122867115319423,0.9355576691404294,1014.0946258816776,1.449474643872233,1014.7303744596292,1.3732952004172194,1015.0387715812903,0,-2.36153039787386,1.4565288465522446,9.98551952217566,1.233154484510695,9.881125765356503,1.5569405366854712,10.483167892338658,0,0.0,0,69.0,1.7261076571212358e-06
STN_E_coastal_fails,2012-10-27 20:00:00,1016.053045356365,7.300278652161975,292.3885986664291,40.5,-73.8,False,0.9486939388438032,-0.42936122866601334,3.03263796718295,1.5163207707278685,1014.5353822820871,1.5046080339916157,1014.7916007348563,1.376716714058451,1015.1904392041879,0,-1.0121106893073932,1.7312157603165284,8.762195910991524,1.5219935328192207,9.715403018894845,1.7895524121570587,10.16722547696166,0,0.0,0,68.0,1.7261076571212358e-06
STN_E_coastal_fails,2012-10-27 21:00:00,1014.7206536124478,11.744716805758335,309.86401027135304,40.5,-73.8,False,-0.05162747343797491,2.372335835376738,-1.332391743917242,1.5200327857756268,1014.5980354526649,1.0740647827250211,1014.417771901727,1.315435827016621,1015.2680512986454,0,4.44443815359636,2.329458820222186,9.119128266463226,1.7207073204008287,9.91967489538082,1.7474296306881798,10.129730611403684,0,0.0,0,67.0,1.7261076571212358e-06
STN_E_coastal_fails,2012-10-27 22:00:00,1015.7286587862869,10.371697089332125,173.8468196535856,40.5,-73.8,False,1.2968418181150128,0.734667121946055,1.0080051738391376,0.6948103861966363,1015.5007859183665,1.066019542341588,1014.7977059000222,1.1591519150472833,1015.1345880458566,0,-1.3730197164262101,2.275661986434824,9.805564182417477,1.7116543693834771,9.895541852296569,1.697971200677571,10.03715838520211,0,0.0,0,66.0,1.7261076571212358e-06
STN_E_coastal_fails,2012-10-27 23:00:00,1017.3463534292135,12.298793632084454,301.39255776153504,40.5,-73.8,False,3.6154594809586342,4.823936149703768,1.6176946429266081,1.3245949013447453,1015.931888609316,1.4854565323696256,1015.2336354457016,1.314592379051631,1015.2619149317279,0,1.927096542752329,0.9921261139807266,11.471735842391638,1.948089034382114,10.11696587669158,1.7486979290452456,10.077197886926612,0,0.0,0,65.0,1.7261076571212358e-06
STN_E_coastal_fails,2012-10-28 00:00:00,1014.6303873829632,9.910591012900996,110.43867008779385,40.5,-73.8,False,0.6272190341190935,0.21203996273138515,-2.715966046250287,1.366236167816766,1015.9017998661546,1.4767467176860893,1015.2499176594098,1.3160419342775644,1015.2590637841691,0,-2.388202619183458,1.26687487208252,10.86036057810586,1.9292763212102364,9.989744422284543,1.5837388518556328,10.26167934263819,0,0.0,0,64.0,1.7261076571212358e-06
STN_E_coastal_fails,2012-10-28 01:00:00,1014.5589288004827,7.189751907382737,274.30134428310305,40.5,-73.8,False,0.21392374461834152,-4.080238766421317,-0.07145858248054537,1.5890937645010947,1015.5118898708865,1.09691803494364,1015.5063378946265,1.290785080006156,1015.118356177128,0,-2.720839105518259,2.55632498368052,9.79971218412273,2.1645748389100983,9.802638183270103,1.6800636346493483,9.841881974313303,0,0.0,0,63.0,1.7261076571212358e-06
STN_E_coastal_fails,2012-10-28 02:00:00,1015.0944875815736,11.932373145740861,50.56205702004815,40.5,-73.8,False,-0.3685991357073135,-0.5102461796514302,0.5355587810909128,0.2907801378395903,1014.7612679216732,1.0708630793861265,1015.3465782654947,1.2783855419406038,1015.0690895001754,0,4.742621238358124,2.3798818122375147,9.6775720220082,1.9039348231534658,10.574653932199919,1.7035283443447777,10.145028475547383,0,0.0,0,62.0,1.7261076571212358e-06
STN_E_coastal_fails,2012-10-28 03:00:00,1015.9579752562282,9.259418640858817,110.53868974650312,40.5,-73.8,False,1.1352493424748218,0.4792490928428954,0.863487674654607,0.7058995629250886,1015.2037972127615,1.0450456903492211,1015.552798539458,1.1713835901160934,1014.9852852205923,0,-2.6729545048820444,2.3776971486206393,9.460514564660805,1.868485195883691,10.160437571383332,1.7171396154137302,10.040056233382076,0,0.0,0,61.0,1.7261076571212358e-06
STN_E_coastal_fails,2012-10-28 04:00:00,1014.3979339224124,10.684230514032366,160.46375880950382,40.5,-73.8,False,-0.11922206291046678,1.4717985561929687,-1.560041333815775,0.7815078297319148,1015.1501322534046,1.1373873413503464,1015.3310110621456,1.0872601650872789,1015.064358481084,0,1.4248118731735495,1.3374499796374875,10.625340766877349,1.8798741221387714,10.21252647550004,1.7220462123095213,10.054034163898303,0,0.0,0,60.0,1.7261076571212358e-06
STN_E_coastal_fails,2012-10-28 05:00:00,1014.3264477534012,8.705392508157365,116.03509853163187,40.5,-73.8,False,-1.4561876059957513,-1.442128043076961,-0.07148616901122296,0.9220196335637935,1014.8941189773474,0.6157630536108416,1014.8276934495103,1.1046633774216634,1015.0306644476059,0,-1.9788380058750015,1.0208520692006764,9.549680554349516,1.6392978445706687,9.613626288178859,1.7365533724636055,9.865296082435218,0,0.0,0,59.0,1.7261076571212358e-06
STN_E_coastal_fails,2012-10-28 06:00:00,1016.0060074327254,13.289035078160868,139.3261616247061,40.5,-73.8,False,0.9069073483462944,3.4401277391750806,1.679559679324143,0.9497307867100604,1014.9101297028463,0.7654967576532068,1015.0569634578038,1.125955139693704,1015.1534405586068,0,4.583642570003503,2.298934024004333,10.892886033450202,2.2340373672555125,10.176700299055502,1.9924860649440828,10.083222360670023,0,0.0,0,58.0,1.7261076571212358e-06
STN_E_coastal_fails,2012-10-28 07:00:00,1015.317286896665,8.247466121891957,295.23770812213127,40.5,-73.8,False,-0.7214699782147136,-1.9418051894822472,-0.688720536060373,0.8442964429072545,1015.2165806942639,0.7285334633094329,1015.1833564738344,0.9036744137768653,1015.3448471842304,0,-5.041568956268911,2.7879769644433607,10.080631236070063,1.9782941497172069,10.352986001473706,1.9978126230101239,10.077812092371905,0,0.0,0,57.0,1.7261076571212358e-06
STN_E_coastal_fails,2012-10-28 08:00:00,1012.8819113037923,9.325959122349756,92.40332117118032,40.5,-73.8,False,-1.6538193337539724,-1.4982688496054823,-2.435375592872674,1.6414103121996801,1014.7350685443943,1.1938711484638127,1014.8145937608707,1.116382258137259,1015.0805860131826,0,1.078493000457799,2.6547609975406803,10.287486774134194,1.8437096750539845,9.918583664241856,1.819401761644251,10.246618798220887,0,0.0,0,56.0,1.7261076571212358e-06
STN_E_coastal_fails,2012-10-28 09:00:00,1013.6871085558035,10.216017273541443,268.301221975646,40.5,-73.8,False,-1.0699186235717661,1.5432632944209654,0.8051972520112258,1.240757719837932,1013.962102252087,1.1163396117854787,1014.4361159774666,1.1844681565069923,1014.9944572584624,0,0.8900581511916865,0.9857775527639533,9.26314750592772,1.8164680873966783,10.07801676968896,1.7574347463507776,10.119227170536146,0,0.0,0,55.0,1.7261076571212358e-06
STN_E_coastal_fails,2012-10-28 10:00:00,1016.3971324537182,7.817160506617056,26.536344880194665,40.5,-73.8,False,1.6494436205700822,-1.8130433321418726,2.7100238979146525,1.84161848540927,1014.3220507711047,1.371791961905841,1014.7693157326844,1.2367045904518457,1015.050163397415,0,-2.3988567669243865,1.2126548398423573,9.119712300836085,1.993576807141202,9.600171768453075,1.8748651070754503,9.906349121976556,0,0.0,0,54.0,1.7261076571212358e-06
STN_E_coastal_fails,2012-10-28 11:00:00,1015.2783796667494,10.663106979273033,275.6660787054219,40.5,-73.8,False,-0.27248688225813567,1.4021257904166333,-1.1187527869687983,1.361860313086387,1015.120873558757,1.3653608251568126,1014.9279710515756,1.011166670811668,1014.8778322505431,0,2.845946472655977,1.530458227591392,9.565428253143844,1.9779873327467405,9.926457513639019,1.7397033886549274,9.770041900908938,0,0.0,0,53.0,1.7261076571212358e-06
STN_E_coastal_fails,2012-10-28 12:00:00,1014.0915442337606,13.226612357792137,285.12836741871826,40.5,-73.8,False,-0.9437831410822355,5.580399975164331,-1.1868354329888007,1.152961634470455,1015.2556854514092,1.2843392651587628,1014.6088938517482,1.0348413266888579,1014.832928654776,0,2.5635053785191033,2.7059545598888963,10.568959947894074,1.9568144586457206,9.916053726910897,2.006898077450207,10.0463770129832,0,0.0,0,52.0,1.7261076571212358e-06
STN_E_coastal_fails,2012-10-28 13:00:00,1014.6568767424598,9.022826968839068,144.61155918089352,40.5,-73.8,False,0.9545257301215315,-2.4619563011135526,0.5653325086991572,0.5936392107580554,1014.6756002143233,1.2389857246872555,1014.498825492714,1.0328680791436997,1014.8410909832741,0,-4.203785388953069,2.1187217032407846,10.970848768634747,1.8471105092210542,10.045280534735415,1.831824049787606,10.19913326810456,0,0.0,0,51.0,1.7261076571212358e-06
STN_E_coastal_fails,2012-10-28 14:00:00,1014.8097939035612,10.795304538897236,260.0920163402894,40.5,-73.8,False,-0.2429661104818024,2.0097919069169414,0.1529171611014135,0.37834444001143985,1014.5194049599271,0.9527080107100343,1014.8201392593422,1.029783588107802,1014.8173665101064,0,1.772477570058168,2.1104796470215943,11.014914621842813,1.8299928717541638,10.29017143749333,1.7620991820832654,10.104377550867591,0,0.0,0,50.0,1.7261076571212358e-06
STN_E_coastal_fails,2012-10-28 15:00:00,1015.4966924444799,4.507814304188666,329.44982534823566,40.5,-73.8,False,1.1649236051282514,-5.983890914352908,0.6868985409187189,0.4473074403293039,1014.9877876968336,0.7957968036908307,1015.1217365741217,0.9912233128684647,1014.7789262757941,0,-6.28749023470857,3.241901436653813,8.10864860397499,2.9914520846521486,9.338804275934534,2.390911100002544,9.708410522811747,0,0.0,0,49.0,1.7261076571212358e-06
STN_E_coastal_fails,2012-10-28 16:00:00,1013.3615699191668,9.93100650064424,288.2566704796297,40.5,-73.8,False,-1.0509832016803102,0.2974756869780517,-2.135122525313136,1.0899488147459355,1014.5560187557361,0.7876854004590008,1014.6158094850294,1.0694943532703458,1014.6925626088569,0,5.423192196455575,3.4080922852865982,8.411375114576714,2.8994657245897137,9.69111194160573,2.3727824137974016,9.645641855029401,0,0.0,0,48.0,1.7261076571212358e-06
STN_E_coastal_fails,2012-10-28 17:00:00,1013.8315028207546,9.385618807328466,140.56074374290554,40.5,-73.8,False,-0.9050355317662024,-1.725010884838678,0.4699329015878675,1.1219359468540164,1014.2299217281337,0.7654371797201672,1014.3746633440305,1.0941567758928459,1014.651317197803,0,-0.5453876933157744,2.986118944565775,7.941479870720457,2.8604567165850883,9.478197246281637,2.356346254492912,9.702327379960327,0,0.0,0,47.0,1.7261076571212358e-06
STN_E_coastal_fails,2012-10-28 18:00:00,1014.8909694590625,8.378386994495564,174.31686514082318,40.5,-73.8,False,0.7675834899678193,-3.1100417425607034,1.0594666383078675,0.7834080931328392,1014.0280140663281,0.775805710965696,1014.5079008815807,1.0129887366358659,1014.5583973666645,0,-1.0072318128329023,0.7876749532301107,9.231670767489424,2.197839015190379,8.670159685732207,2.087949226499174,9.293106706321552,0,0.0,0,46.0,1.7261076571212358e-06
STN_E_coastal_fails,2012-10-28 19:00:00,1014.4558055579748,12.183028696931215,280.56871612288995,40.5,-73.8,False,-0.024571886050011926,3.746895903625095,-0.43516390108766245,0.53253968337292,1014.3927592792639,0.7724188437948347,1014.4743890174999,0.9844414154562053,1014.4866072551071,0,3.804641702435651,1.971265097136966,9.982344832918415,2.6345351392745053,9.196859973747564,2.214054600452955,9.62107025424149,0,0.0,0,45.0,1.7261076571212358e-06
STN_E_coastal_fails,2012-10-28 20:00:00,1015.0562316168766,9.373733208546328,105.33405234568448,40.5,-73.8,False,0.56295063665209,-0.3103940155734435,0.6004260589018031,0.3101587372704363,1014.8010022113045,0.7998845916353922,1014.5154619697191,0.8536458878610407,1014.6678006145306,0,-2.809295488384887,1.97307516797162,9.978382966657703,2.5236214166344246,8.95993141868908,2.2135185965237247,9.625051428091204,0,0.0,0,44.0,1.7261076571212358e-06
STN_E_coastal_fails,2012-10-28 21:00:00,1013.1736611598777,9.679051274262024,289.39778651119445,40.5,-73.8,False,-1.4628220499148483,-1.7705100325784269,-1.8825704569989057,0.9616372527576323,1014.2285661115765,0.7921212756678998,1014.1282900889522,0.9177319423126872,1014.6250133315367,0,0.30531806571569575,1.5413880754885219,10.411937726579856,1.2713900427869727,9.82180424703464,2.205900310831382,9.580304261484587,0,0.0,0,43.0,1.7261076571212358e-06
STN_E_coastal_fails,2012-10-28 22:00:00,1014.668029823806,9.289522395554686,118.10561132193882,40.5,-73.8,False,-0.31413999727976716,-0.5037821065481136,1.4943686639282987,0.9939743341289149,1014.2993075335202,0.7150198354893151,1014.346033406392,0.7309300223953664,1014.4809214457108,0,-0.3895288787073383,0.20495663347161852,9.447435626121012,1.287243442311027,9.714890229519714,2.1388438265938503,9.703001085562722,0,0.0,0,42.0,1.7261076571212358e-06
STN_E_coastal_fails,2012-10-28 23:00:00,1015.2979398296027,6.222810109161921,290.15660965879374,40.5,-73.8,False,2.3015575660808736,-4.4978395930606005,0.6299100057966598,1.0910609657412684,1014.3798769377621,0.7535575214351139,1014.5904395745333,0.7328892522073868,1014.4825514592818,0,-3.0667122863927645,1.893060132263446,8.39712792632621,1.93411250032275,9.187755446491957,2.3329280913596064,9.332976346386797,0,0.0,0,41.0,1.7261076571212358e-06
STN_E_coastal_fails,2012-10-29 00:00:00,1014.5750513118047,7.80825871953577,31.248159606260405,40.5,-73.8,False,1.0265899214391538,-2.682179806279926,-0.7228885177979691,0.3932767109531232,1014.8470069884046,0.7392603373278598,1014.5377865499904,0.722658047960871,1014.5228437157857,0,1.5854486103738488,1.5336510696994516,7.773530408084125,1.9948792130419635,9.09273406733199,2.0132719723365073,8.881446876532097,0,0.0,0,40.0,1.7261076571212358e-06
STN_E_coastal_fails,2012-10-29 01:00:00,1014.0942553456049,12.0142156129999,15.983026887812448,40.5,-73.8,False,0.3968851428578546,0.4702890689084711,-0.4807959661998211,0.6058862527050022,1014.6557488290041,0.7616747142883575,1014.4775281812622,0.731370181498746,1014.4759585993811,0,4.20595689346413,2.9928831805829974,8.681761480565862,1.9430954301937184,9.064598553343439,2.2081348671043464,9.1307292635455,0,0.0,0,39.0,1.7261076571212358e-06
STN_E_coastal_fails,2012-10-29 02:00:00,1013.7097337317894,5.896830345528012,359.16316105313604,40.5,-73.8,False,-0.031376425285316145,-5.917609471769302,-0.3845216138155365,0.43355048665847873,1014.1263467963996,0.7554040521145322,1014.2531118670809,0.7543049744037987,1014.3842869184001,0,-6.117385267471888,3.1295908765982605,8.57310155935456,2.3152745633201453,8.485114742840386,2.322266906147333,8.722523080764732,0,0.0,0,38.0,1.7261076571212358e-06
STN_E_coastal_fails,2012-10-29 03:00:00,1012.8032506578445,8.614778288397945,313.00456436448803,40.5,-73.8,False,-0.5303808062177495,-1.548492871930078,-0.9064830739448553,0.6628551298053528,1013.5357465784131,0.868008385119177,1014.1913767834086,0.7929469289295853,1014.1598334361805,0,2.717947942869933,3.0650127148928727,8.841941415641951,2.2452184844106604,8.30773591186304,1.9108399435587038,9.06477007944884,0,0.0,0,37.0,1.7261076571212358e-06
STN_E_coastal_fails,2012-10-29 04:00:00,1013.3789705934937,9.38588281191468,317.8251012478334,40.5,-73.8,False,-0.49360486878322263,-0.8886555023277563,0.5757199356492038,0.4587245472143089,1013.2973183277091,0.8857824634903491,1013.9765335783568,0.7913687829913674,1014.1612834923744,0,0.7711045235167351,1.832817972391949,7.965830481946878,2.2539733227016847,8.323795981256373,1.8947867886476915,9.019343105388044,0,0.0,0,36.0,1.7261076571212358e-06
STN_E_coastal_fails,2012-10-29 05:00:00,1014.5022285079441,13.7191989429515,342.4607811383823,40.5,-73.8,False,0.9753768862588004,4.636291410918114,1.1232579144503916,0.8640686239920621,1013.5614832530941,0.6852397327544906,1013.8439150247469,0.7896436974187763,1014.2171772996402,0,4.3333161310368205,2.75158563669281,10.57328668108804,2.854198168442001,9.573194120221302,2.3331968053379364,9.380474783356629,0,0.0,0,35.0,1.7261076571212358e-06
STN_E_coastal_fails,2012-10-29 06:00:00,1012.8919765569059,11.82624151867911,157.79387138921564,40.5,-73.8,False,-0.8327981308273138,1.0529601069366379,-1.610251951038208,0.8258110033846616,1013.5910585527812,0.6704133940486838,1013.5634025655971,0.8435893159307648,1014.0505945577937,0,-1.8929574242723906,2.1724129103868672,11.643774424515096,2.8285248418834024,10.242857920078524,2.4096177348447516,9.667795993705257,0,0.0,0,34.0,1.7261076571212358e-06
STN_E_coastal_fails,2012-10-29 07:00:00,1011.8648054972863,9.244220319594156,103.26079968485479,40.5,-73.8,False,-0.22955874779256646,-0.47678417264001105,-1.0271710596196044,1.3294103873949963,1013.0863368540454,0.896915843321101,1013.1918275908773,1.0393227701600698,1013.8346778860697,0,-2.582021199084954,2.2463138309290045,11.59655359374159,2.704940685696159,9.781192037844233,2.2764034329688814,9.422895295593836,0,0.0,0,33.0,1.7261076571212358e-06
STN_E_coastal_fails,2012-10-29 08:00:00,1011.9792447882231,13.051868466491557,46.808998206445075,40.5,-73.8,False,0.09100769870792647,2.5741839617710234,0.11443929093684346,0.5629174034406715,1012.2453422808052,0.9721442041725663,1012.9034127669496,1.0889344734022186,1013.5782623170153,0,3.8076481468974013,1.9436726103907744,11.374110101588274,2.17532299629767,10.973698391338159,2.505299436569051,9.729406567089272,0,0.0,0,32.0,1.7261076571212358e-06
STN_E_coastal_fails,2012-10-29 09:00:00,1012.3606361476905,9.063473627936855,180.43528807384723,40.5,-73.8,False,0.7444557224811206,-2.32657019495284,0.3813913594673295,0.25961630478152636,1012.0682288110665,0.9977218561715588,1012.829643681924,1.1404699355834234,1013.5105102326664,0,-3.9883948385547026,2.2523375696272474,10.453187471340854,2.0837970487138526,11.048480947927976,2.512715499089003,9.678108429895508,0,0.0,0,31.0,1.7261076571212358e-06
STN_E_coastal_fails,2012-10-29 10:00:00,1011.4441056540901,12.684739399762549,79.21739537157882,40.5,-73.8,False,0.3122562000869493,1.0012391995196026,-0.9165304936003622,0.460409493031048,1011.9279955300012,1.0928174315277006,1012.5071661920233,1.2199636397146787,1013.2418498851899,0,3.621265771825694,2.2043760617630506,11.600027164730319,1.9904982992174014,11.598290379235953,2.6522603872647292,9.961043180246163,0,0.0,0,30.0,1.7261076571212358e-06
STN_E_coastal_fails,2012-10-29 11:00:00,1011.9284385846877,8.09455191635311,336.7983084261551,40.5,-73.8,False,1.632691673505633,-5.1690135505688986,0.48433293059758853,0.4585123165936147,1011.9110601288227,0.4943350950171375,1012.0782012048139,1.0838835592150458,1012.9610581147804,0,-4.590187483409439,2.419441953778579,9.94758831468417,2.1126084247177666,10.660849208136224,2.4605392697062536,10.117021664178761,0,0.0,0,29.0,1.7261076571212358e-06
STN_E_coastal_fails,2012-10-29 12:00:00,1011.5573536603192,13.132076594711448,1.4411384794004745,40.5,-73.8,False,0.3328358279436543,0.717225099126102,-0.37108492436846063,0.2533467714580655,1011.6432992996989,0.326808218708953,1011.8557640553828,1.0237798280003698,1012.70958331049,0,5.037524678358338,2.7882666833208716,11.303789303609035,2.314311840065205,10.878488387474945,2.486235537813148,10.560673153776735,0,0.0,0,28.0,1.7261076571212358e-06
STN_E_coastal_fails,2012-10-29 13:00:00,1011.4789621682253,10.378198393720247,51.55082558752377,40.5,-73.8,False,1.0499614961936459,-0.021241491865529483,-0.07839149209394236,0.24009661113182115,1011.6549181377441,0.3608610428245109,1011.7914568338728,0.9796339011180268,1012.491642212375,0,-2.753878200991201,2.5224175329947305,10.534942301594933,2.197513900451439,11.067484733162628,2.4437769570361003,10.42433838550343,0,0.0,0,27.0,1.7261076571212358e-06
STN_E_coastal_fails,2012-10-29 14:00:00,1011.531421338389,9.374586230880276,88.73130711003364,40.5,-73.8,False,2.0446700626554275,-2.1151582950222814,0.05245917016372914,0.039936774753025005,1011.5225790556445,0.36056436241454853,1011.7168195922336,0.9341678432337507,1012.3101161795915,0,-1.0036121628399712,1.9454997795587659,10.961620406437321,2.040574877067345,10.454604360560749,2.0290673109061172,10.714151375949454,0,0.0,0,26.0,1.7261076571212358e-06
STN_E_coastal_fails,2012-10-29 15:00:00,1010.582447394908,11.279642820920394,71.62441617355022,40.5,-73.8,False,2.427181253635581,-2.5522581919727045,-0.9489739434810645,0.5333920147963744,1011.1976103005076,0.44617065840636155,1011.4204548001034,1.0414162431964467,1012.1250492410136,0,1.9050565900401182,0.9529847882649152,10.344142481840306,1.9363163606063518,10.82396589272467,1.9213838992895609,10.936223420326323,0,0.0,0,25.0,1.7261076571212358e-06
STN_E_coastal_fails,2012-10-29 16:00:00,1008.0904899258353,12.597535643516391,81.2802371686957,40.5,-73.8,False,0.08411003452908972,0.6005302934990162,-2.491957469072645,1.7771893802168397,1010.0681195530442,1.4289150831505228,1010.861518845394,1.486445021947683,1011.6843425187086,0,1.3178928225959972,1.620364414749406,11.083921565105685,1.9198129826802361,10.80943193335031,1.909443512011955,11.203861156293131,0,0.0,0,24.0,1.7261076571212358e-06
STN_E_coastal_fails,2012-10-29 17:00:00,1007.5174872903375,11.43459187139837,236.17713782202424,40.5,-73.8,False,-1.1208576381998228,0.33528274918930023,-0.5730026354978008,1.6295277685323621,1008.730141537027,1.8444767459564195,1010.1263602963357,1.642098354346129,1011.1022807505748,0,-1.1629437721180214,0.7203342878139547,11.77059011194505,1.3848718159866686,11.366105259191187,1.742440290020719,11.013477233663705,0,0.0,0,23.0,1.7261076571212358e-06
STN_E_coastal_fails,2012-10-29 18:00:00,1007.6986344587843,13.971629477780496,117.90434819273372,40.5,-73.8,False,-0.4245002697164182,0.002840197630382235,0.18114716844684153,0.29288707263944913,1007.768870558319,1.9170270779013032,1009.4832404294133,1.8039246913720184,1010.6695022423979,0,2.5370376063821265,1.2699824079272743,12.667918997565087,1.6212326538019795,11.506030739702695,1.9330522559276688,11.19225956358882,0,0.0,0,22.0,1.7261076571212358e-06
STN_E_coastal_fails,2012-10-29 19:00:00,1006.632876679416,12.202098002719888,221.4087774852144,40.5,-73.8,False,-1.5139798073818156,-1.481318883768978,-1.0657577793683686,0.5702616174185094,1007.2829994761793,1.9288619222097738,1008.6755595146116,2.0971862827159744,1010.2335081742422,0,-1.7695314750606084,1.301080776319191,12.536106450632916,1.5362321086878477,11.810014007869304,1.848818574697051,11.438749370515964,0,0.0,0,21.0,1.7261076571212358e-06
STN_E_coastal_fails,2012-10-29 20:00:00,1005.2110665998435,15.184456504854545,320.49285611266487,40.5,-73.8,False,-1.4179818588693252,1.769267327036431,-1.421810079572424,1.2480235974941758,1006.5141925793479,1.7771602050018138,1007.6221670581873,2.4631846236539183,1009.6694933252105,0,2.982358502134657,1.4998140592579718,13.786061328451643,1.525112044011609,12.778325720198346,2.102997984485402,11.616465040379547,0,0.0,0,20.0,1.7261076571212358e-06
STN_E_coastal_fails,2012-10-29 21:00:00,1005.1284651435924,15.481682054902809,216.92043558925272,40.5,-73.8,False,-0.29398224944065987,-0.43519113598299164,-0.08260145625115456,0.845736461314231,1005.657469474284,1.2875657501769069,1006.7131700163014,2.6243624194497035,1009.0668124082023,0,0.2972255500482639,1.813765733595437,14.289412187492415,1.658255900221098,13.47866559252875,2.2082070037037442,12.151315742626712,0,0.0,0,19.0,1.7261076571212358e-06
STN_E_coastal_fails,2012-10-29 22:00:00,1004.271881009778,15.21345093814731,250.03180486309734,40.5,-73.8,False,-0.15924764030080496,1.1167251522901438,-0.8565841338144082,0.5200366896294518,1004.8704709177381,1.408667030187225,1006.0767351969586,2.841465199363066,1008.4691270211764,0,-0.2682311167554978,0.16387578464629932,15.293196499301553,1.7228842806934463,13.914651474967236,2.377875787538102,12.362041704158775,0,0.0,0,18.0,1.7261076571212358e-06
STN_E_coastal_fails,2012-10-29 23:00:00,1003.206660242111,15.28162426941776,131.5811873596886,40.5,-73.8,False,-0.9166393285472623,-0.533976880282168,-1.0652207676670287,0.9627881163078904,1004.2023354651604,1.611587582991405,1005.358264022254,2.9878659343329086,1007.742312159295,0,0.06817333127044911,0.1394146409258364,15.32558575415596,1.2722390101639596,14.555823541303802,2.093392600676014,12.960964400247496,1,0.0,0,17.0,1.7261076571212358e-06
STN_E_coastal_fails,2012-10-30 00:00:00,1002.6514923395539,17.393816622437367,57.5058483441753,40.5,-73.8,False,0.7017126662635746,2.1282812468681183,-0.5551679025570593,0.8234648470913714,1003.3766778638143,1.4553174628505363,1004.5170736690492,3.059309867969821,1007.000157049231,0,2.1121923530196067,1.2396235084682026,15.962963943334145,1.6645713188352882,15.12618806541328,2.4552833969903642,13.316109402557986,0,0.0,0,16.0,1.7261076571212358e-06
STN_E_coastal_fails,2012-10-30 01:00:00,1003.194667654224,44.19226536148824,115.4102624819662,40.5,-73.8,False,1.7019716766480997,27.115903566827757,0.5431753146700657,0.3171210716583246,1003.0176067452962,1.0855106012934255,1003.9440388315171,2.886584515654815,1006.3097991730643,0,26.798448739050873,16.116468697733847,25.622568751114454,11.658290902104303,20.457882625208004,9.124072426665984,16.133948316538653,0,0.0,0,15.0,1.7261076571212358e-06
STN_E_coastal_fails,2012-10-30 02:00:00,1003.1460482539668,22.026513481730365,347.1417535334789,40.5,-73.8,False,1.8562356990809121,2.6485018248313175,-0.04861940025716649,0.30055194251753925,1002.9974027492482,0.9178648189082836,1003.5998691072044,2.496188249016522,1005.6110180826959,0,-22.165751879757874,14.323286933083448,27.870865155218656,11.370382780673472,21.59822545468731,9.002170195965576,17.188275587442828,0,0.0,0,14.0,1.7261076571212358e-06
STN_E_coastal_fails,2012-10-30 03:00:00,1003.2536991998061,12.675535058781161,223.85209840312936,40.5,-73.8,False,2.4765777200060484,-9.948634317115463,0.10765094583928203,0.05390933047761595,1003.1981383693322,0.5310020088993955,1003.2874081165733,2.020496726809416,1005.0002890664374,0,-9.350978422949204,16.18675200503501,26.298104633999923,11.724486457617552,21.130534288667032,8.927588803337253,17.304599940597893,0,0.0,0,13.0,1.7261076571212358e-06
STN_E_coastal_fails,2012-10-30 04:00:00,1003.2238921641916,19.716025371193517,99.90400299624547,40.5,-73.8,False,4.567121773576673,-1.2781999117741236,-0.029807035614453525,0.055583060596178,1003.2078798726549,0.22874277953552125,1003.1127433089756,1.822562482828227,1004.5947392529671,0,7.040490312412356,4.870791458865941,18.139357970568348,11.409890541286664,21.880963360841402,8.822265413213817,17.89780741790432,0,0.0,1,12.0,0.9999692772728221
STN_E_coastal_fails,2012-10-30 05:00:00,1003.2286957991691,7.375500027694045,162.32949617835737,40.5,-73.8,False,6.296659033721994,-14.004619429149315,0.0048036349775202325,0.016003667314201633,1003.235429054389,0.23072059204656808,1003.1164159018186,1.6048189258311718,1004.2373399620365,1,-12.340525343499472,6.1906844118599835,13.255686819222907,12.707221575142295,20.56327598722078,9.163806354664008,17.559549764262293,0,0.0,1,11.0,0.9999692772728221
STN_E_coastal_fails,2012-10-30 06:00:00,1003.2518821899276,47.339476722847756,300.78469347515795,40.5,-73.8,False,6.733385528719509,26.675199464194986,0.0231863907584966,0.01496732578316017,1003.2348233844295,0.04069191328039079,1003.2164808768808,1.1936440988067898,1003.8667772729649,0,39.96397669515371,20.46323151256726,24.81033404057844,16.52168127538378,25.554219337289183,12.44959020072528,20.34020370135123,0,0.0,1,10.0,0.9999692772728221
STN_E_coastal_fails,2012-10-30 07:00:00,1003.159712341292,21.75573098602461,240.63968545407846,40.5,-73.8,False,8.083339703165052,-4.388401346943159,-0.09216984863564903,0.04794372926462525,1003.2134301101296,0.046523893499827954,1003.2106549913923,0.8266055595598469,1003.5773469114546,0,-25.583745736823147,20.24202938455916,25.490235912188805,13.769399666297279,21.814796941378575,12.184506626434402,21.13633978329329,0,0.0,1,9.0,0.9999692772728221
STN_E_coastal_fails,2012-10-30 08:00:00,1003.185989490535,50.437900738916774,201.83502266250056,40.5,-73.8,False,9.513266048594687,23.154489914920457,0.02627714924301472,0.04748265873469355,1003.1991946739182,0.03739207406384105,1003.2173118641535,0.6507631951543107,1003.4085904856789,0,28.682169752892165,15.741638727927386,39.844369482596385,18.070332566480474,26.550028150909643,14.624617067366382,24.074126802798475,0,0.0,1,8.0,0.9999692772728221
STN_E_coastal_fails,2012-10-30 09:00:00,1003.1837796644099,29.22333564732874,318.6586355881828,40.5,-73.8,False,10.397550473252522,-0.8358115621481481,-0.0022098261250675932,0.014575137652648786,1003.176493832079,0.034572867972789884,1003.2056586082543,0.36129074540374945,1003.2465333624137,1,-21.214565091588035,14.880018778754309,33.8056557907567,16.743305083942403,29.307994915667575,14.427315714746152,25.2192646021673,0,0.0,1,7.0,0.9999692772728221
STN_E_coastal_fails,2012-10-30 10:00:00,1003.1278148291385,53.07384227677306,242.0782459980445,40.5,-73.8,False,11.309978560525565,18.725150072695236,-0.05596483527142482,0.032967755020489514,1003.1658613280279,0.04508909328345919,1003.1896457190787,0.16223534249704777,1003.1511945140272,0,23.850506629444318,13.075757634501837,44.245026221006185,18.37957356379491,34.8676310665975,16.08481001966152,28.374297213719448,0,0.0,1,6.0,0.9999692772728221
STN_E_coastal_fails,2012-10-30 11:00:00,1003.1791726484764,37.50481638269286,231.38270308479434,40.5,-73.8,False,11.848140076853952,7.898003871151541,0.05135781933790895,0.03106689789623984,1003.1635890473416,0.0408439739559779,1003.1813918606299,0.16157371943656892,1003.1489038812242,0,-15.569025894080198,12.109391375718282,39.93399810226489,12.560932677122365,39.889183792430636,15.715437363772487,30.226229889825706,0,0.0,1,5.0,0.9999692772728221
STN_E_coastal_fails,2012-10-30 12:00:00,1003.2591711288782,50.99361173393184,68.31652939587653,40.5,-73.8,False,12.473685288443448,5.267917325581969,0.07999848040174129,0.06619650020322414,1003.1887195354976,0.04338899472328332,1003.1826066837883,0.04383291257540595,1003.1995437803347,0,13.488795351238984,8.452509749866463,47.19075679779925,13.072575517536192,40.49820629427798,16.2067863244978,33.02621281578358,0,0.0,1,4.0,0.9999692772728221
STN_E_coastal_fails,2012-10-30 13:00:00,1003.204219061174,49.643181924480956,38.2999258844668,40.5,-73.8,False,13.715870423815545,9.03072625201036,-0.05495206770422101,0.040920266537342834,1003.2141876128429,0.04248723785094393,1003.1900244704353,0.043823038430877224,1003.2003397309137,0,-1.3504298094508869,7.428673936443147,46.047203347035214,9.562353600770239,45.14611478402071,16.61933716161312,33.48045586269964,0,0.0,1,3.0,0.9999692772728221
STN_E_coastal_fails,2012-10-30 14:00:00,1003.125049089592,51.19313069033555,347.45116214066366,40.5,-73.8,False,14.482766314148876,4.962955404342374,-0.07916997158190497,0.06742444592228387,1003.1961464265481,0.050224278078828746,1003.1798677369449,0.04652410401330758,1003.1985898005493,0,1.5499487658545945,0.8431893481501638,50.60997478291611,9.650506439177382,45.2719864425905,16.92196296050934,35.91100729675007,0,0.0,1,2.0,0.9999692772728221
STN_E_coastal_fails,2012-10-30 15:00:00,1003.114560185401,51.36317536906944,215.58901323612696,40.5,-73.8,False,15.042900073178885,13.306958755824986,-0.010488904190992798,0.04901805006919566,1003.1479427787223,0.05668087439174479,1003.16833115711,0.04882253548971235,1003.186994882682,1,0.17004467873388762,0.9477722844455229,50.73316266129532,5.718554812224797,48.96195972954729,15.736569078792273,39.13497732260743,0,0.0,1,1.0,0.9999692772728221
STN_E_coastal_fails,2012-10-30 16:00:00,,,,40.5,-73.8,True,,,,0.007416772557295068,1003.1198046374965,0.05935848762047969,1003.1764344227042,0.04973415910214201,1003.183640584363,0,,0.12023974545329524,51.278153029702494,5.983733199338873,48.13958322010213,15.207427620698999,40.90033659091778,0,1.0,0,,
STN_E_coastal_fails,2012-10-30 17:00:00,,,,40.5,-73.8,True,,,,,,0.06851848378329355,1003.1757498662612,0.05000210684078782,1003.1791350628824,0,,,,0.7847334783024954,50.79827492945445,10.935936758829365,44.25282024724016,0,2.0,0,,
STN_E_coastal_fails,2012-10-30 18:00:00,,,,40.5,-73.8,True,,,,,,0.04901804999647881,1003.1479427787223,0.045581980607153745,1003.1710520487663,0,,,,0.9477722844460776,50.733162661295324,11.542131310898828,43.90985841661709,0,3.0,0,,
STN_E_coastal_fails,2012-10-30 19:00:00,,,,40.5,-73.8,True,,,,,,0.007416771593524151,1003.1198046374964,0.048516673219853784,1003.1724695122006,0,,,,0.12023974546192841,51.27815302970251,8.565798512497675,46.67912434544115,0,4.0,0,,
STN_E_coastal_fails,2012-10-30 20:00:00,,,,40.5,-73.8,True,,,,,,,,0.05207073781166944,1003.1705380867243,0,,,,,,9.105525669129586,46.14215628923035,0,5.0,0,,
STN_E_coastal_fails,2012-10-30 21:00:00,,,,40.5,-73.8,True,,,,,,,,0.056680874742691977,1003.16833115711,0,,,,,,5.718554812224691,48.96195972954729,0,6.0,0,,
STN_E_coastal_fails,2012-10-30 22:00:00,,,,40.5,-73.8,True,,,,,,,,0.059358488039163534,1003.1764344227042,0,,,,,,5.983733199338752,48.139583220102125,0,7.0,0,,
STN_E_coastal_fails,2012-10-30 23:00:00,,,,40.5,-73.8,True,,,,,,,,0.06851848426692986,1003.1757498662612,0,,,,,,0.7847334783011196,50.79827492945445,0,8.0,0,,
STN_E_coastal_fails,2012-10-31 00:00:00,,,,40.5,-73.8,True,,,,,,,,0.04901805101235654,1003.1479427787223,0,,,,,,0.9477722844443727,50.73316266129532,0,9.0,0,,
STN_E_coastal_fails,2012-10-31 01:00:00,,,,40.5,-73.8,True,,,,,,,,0.007416785046350467,1003.1198046374964,0,,,,,,0.12023974543458296,51.278153029702494,0,10.0,0,,
STN_E_coastal_fails,2012-10-31 02:00:00,,,,40.5,-73.8,True,,,,,,,,,,0,,,,,,,,0,11.0,0,,
STN_E_coastal_fails,2012-10-31 03:00:00,,,,40.5,-73.8,True,,,,,,,,,,0,,,,,,,,0,12.0,0,,
STN_E_coastal_fails,2012-10-31 04:00:00,,,,40.5,-73.8,True,,,,,,,,,,0,,,,,,,,0,13.0,0,,
STN_E_coastal_fails,2012-10-31 05:00:00,,,,40.5,-73.8,True,,,,,,,,,,0,,,,,,,,0,14.0,0,,
STN_E_coastal_fails,2012-10-31 06:00:00,,,,40.5,-73.8,True,,,,,,,,,,0,,,,,,,,0,15.0,0,,
STN_E_coastal_fails,2012-10-31 07:00:00,,,,40.5,-73.8,True,,,,,,,,,,0,,,,,,,,0,16.0,0,,
STN_E_coastal_fails,2012-10-31 08:00:00,,,,40.5,-73.8,True,,,,,,,,,,0,,,,,,,,0,17.0,0,,
STN_E_coastal_fails,2012-10-31 09:00:00,,,,40.5,-73.8,True,,,,,,,,,,0,,,,,,,,0,18.0,0,,
STN_E_coastal_fails,2012-10-31 10:00:00,,,,40.5,-73.8,True,,,,,,,,,,0,,,,,,,,0,19.0,0,,
STN_E_coastal_fails,2012-10-31 11:00:00,,,,40.5,-73.8,True,,,,,,,,,,0,,,,,,,,0,20.0,0,,
STN_E_coastal_fails,2012-10-31 12:00:00,,,,40.5,-73.8,True,,,,,,,,,,0,,,,,,,,0,21.0,0,,
STN_E_coastal_fails,2012-10-31 13:00:00,,,,40.5,-73.8,True,,,,,,,,,,0,,,,,,,,0,22.0,0,,
STN_E_coastal_fails,2012-10-31 14:00:00,,,,40.5,-73.8,True,,,,,,,,,,0,,,,,,,,0,23.0,0,,
STN_E_coastal_fails,2012-10-31 15:00:00,,,,40.5,-73.8,True,,,,,,,,,,0,,,,,,,,0,24.0,0,,
STN_E_coastal_fails,2012-10-31 16:00:00,,,,40.5,-73.8,True,,,,,,,,,,0,,,,,,,,0,25.0,0,,
STN_E_coastal_fails,2012-10-31 17:00:00,,,,40.5,-73.8,True,,,,,,,,,,0,,,,,,,,0,26.0,0,,
STN_E_coastal_fails,2012-10-31 18:00:00,,,,40.5,-73.8,True,,,,,,,,,,0,,,,,,,,0,27.0,0,,
STN_E_coastal_fails,2012-10-31 19:00:00,,,,40.5,-73.8,True,,,,,,,,,,0,,,,,,,,0,28.0,0,,
STN_E_coastal_fails,2012-10-31 20:00:00,,,,40.5,-73.8,True,,,,,,,,,,0,,,,,,,,0,29.0,0,,
STN_E_coastal_fails,2012-10-31 21:00:00,,,,40.5,-73.8,True,,,,,,,,,,0,,,,,,,,0,30.0,0,,
STN_E_coastal_fails,2012-10-31 22:00:00,,,,40.5,-73.8,True,,,,,,,,,,0,,,,,,,,0,31.0,0,,
STN_E_coastal_fails,2012-10-31 23:00:00,,,,40.5,-73.8,True,,,,,,,,,,0,,,,,,,,0,32.0,0,,
STN_E_coastal_fails,2012-11-01 00:00:00,,,,40.5,-73.8,True,,,,,,,,,,0,,,,,,,,0,33.0,0,,
STN_E_coastal_fails,2012-11-01 01:00:00,,,,40.5,-73.8,True,,,,,,,,,,0,,,,,,,,0,34.0,0,,
STN_E_coastal_fails,2012-11-01 02:00:00,,,,40.5,-73.8,True,,,,,,,,,,0,,,,,,,,0,35.0,0,,
STN_E_coastal_fails,2012-11-01 03:00:00,,,,40.5,-73.8,True,,,,,,,,,,0,,,,,,,,0,36.0,0,,
STN_E_coastal_fails,2012-11-01 04:00:00,,,,40.5,-73.8,True,,,,,,,,,,0,,,,,,,,0,37.0,0,,
STN_E_coastal_fails,2012-11-01 05:00:00,,,,40.5,-73.8,True,,,,,,,,,,0,,,,,,,,0,38.0,0,,
STN_E_coastal_fails,2012-11-01 06:00:00,,,,40.5,-73.8,True,,,,,,,,,,0,,,,,,,,0,39.0,0,,
STN_E_coastal_fails,2012-11-01 07:00:00,,,,40.5,-73.8,True,,,,,,,,,,0,,,,,,,,0,40.0,0,,
STN_E_coastal_fails,2012-11-01 08:00:00,,,,40.5,-73.8,True,,,,,,,,,,0,,,,,,,,0,41.0,0,,
STN_E_coastal_fails,2012-11-01 09:00:00,,,,40.5,-73.8,True,,,,,,,,,,0,,,,,,,,0,42.0,0,,
STN_E_coastal_fails,2012-11-01 10:00:00,,,,40.5,-73.8,True,,,,,,,,,,0,,,,,,,,0,43.0,0,,
STN_E_coastal_fails,2012-11-01 11:00:00,,,,40.5,-73.8,True,,,,,,,,,,0,,,,,,,,0,44.0,0,,
STN_E_coastal_fails,2012-11-01 12:00:00,,,,40.5,-73.8,True,,,,,,,,,,0,,,,,,,,0,45.0,0,,
STN_E_coastal_fails,2012-11-01 13:00:00,,,,40.5,-73.8,True,,,,,,,,,,0,,,,,,,,0,46.0,0,,
STN_E_coastal_fails,2012-11-01 14:00:00,,,,40.5,-73.8,True,,,,,,,,,,0,,,,,,,,0,47.0,0,,
STN_E_coastal_fails,2012-11-01 15:00:00,,,,40.5,-73.8,True,,,,,,,,,,0,,,,,,,,0,48.0,0,,
STN_E_coastal_fails,2012-11-01 16:00:00,,,,40.5,-73.8,True,,,,,,,,,,0,,,,,,,,0,49.0,0,,
STN_E_coastal_fails,2012-11-01 17:00:00,,,,40.5,-73.8,True,,,,,,,,,,0,,,,,,,,0,50.0,0,,
STN_E_coastal_fails,2012-11-01 18:00:00,,,,40.5,-73.8,True,,,,,,,,,,0,,,,,,,,0,51.0,0,,
STN_E_coastal_fails,2012-11-01 19:00:00,,,,40.5,-73.8,True,,,,,,,,,,0,,,,,,,,0,52.0,0,,
STN_E_coastal_fails,2012-11-01 20:00:00,,,,40.5,-73.8,True,,,,,,,,,,0,,,,,,,,0,53.0,0,,
STN_E_coastal_fails,2012-11-01 21:00:00,,,,40.5,-73.8,True,,,,,,,,,,0,,,,,,,,0,54.0,0,,
STN_E_coastal_fails,2012-11-01 22:00:00,,,,40.5,-73.8,True,,,,,,,,,,0,,,,,,,,0,55.0,0,,
STN_E_coastal_fails,2012-11-01 23:00:00,,,,40.5,-73.8,True,,,,,,,,,,0,,,,,,,,0,56.0,0,,
STN_E_coastal_fails,2012-11-02 00:00:00,,,,40.5,-73.8,True,,,,,,,,,,0,,,,,,,,0,57.0,0,,
STN_E_coastal_fails,2012-11-02 01:00:00,,,,40.5,-73.8,True,,,,,,,,,,0,,,,,,,,0,58.0,0,,
STN_E_coastal_fails,2012-11-02 02:00:00,,,,40.5,-73.8,True,,,,,,,,,,0,,,,,,,,0,59.0,0,,
STN_E_coastal_fails,2012-11-02 03:00:00,,,,40.5,-73.8,True,,,,,,,,,,0,,,,,,,,0,60.0,0,,
STN_E_coastal_fails,2012-11-02 04:00:00,,,,40.5,-73.8,True,,,,,,,,,,0,,,,,,,,0,61.0,0,,
STN_E_coastal_fails,2012-11-02 05:00:00,,,,40.5,-73.8,True,,,,,,,,,,0,,,,,,,,0,62.0,0,,
STN_E_coastal_fails,2012-11-02 06:00:00,,,,40.5,-73.8,True,,,,,,,,,,0,,,,,,,,0,63.0,0,,
STN_E_coastal_fails,2012-11-02 07:00:00,,,,40.5,-73.8,True,,,,,,,,,,0,,,,,,,,0,64.0,0,,
STN_E_coastal_fails,2012-11-02 08:00:00,,,,40.5,-73.8,True,,,,,,,,,,0,,,,,,,,0,65.0,0,,
STN_E_coastal_fails,2012-11-02 09:00:00,,,,40.5,-73.8,True,,,,,,,,,,0,,,,,,,,0,66.0,0,,
STN_E_coastal_fails,2012-11-02 10:00:00,,,,40.5,-73.8,True,,,,,,,,,,0,,,,,,,,0,67.0,0,,
STN_E_coastal_fails,2012-11-02 11:00:00,,,,40.5,-73.8,True,,,,,,,,,,0,,,,,,,,0,68.0,0,,
STN_E_coastal_fails,2012-11-02 12:00:00,,,,40.5,-73.8,True,,,,,,,,,,0,,,,,,,,0,69.0,0,,
STN_E_coastal_fails,2012-11-02 13:00:00,,,,40.5,-73.8,True,,,,,,,,,,0,,,,,,,,0,70.0,0,,
STN_E_coastal_fails,2012-11-02 14:00:00,,,,40.5,-73.8,True,,,,,,,,,,0,,,,,,,,0,71.0,0,,
STN_E_coastal_fails,2012-11-02 15:00:00,,,,40.5,-73.8,True,,,,,,,,,,0,,,,,,,,0,72.0,0,,
STN_E_coastal_fails,2012-11-02 16:00:00,,,,40.5,-73.8,True,,,,,,,,,,0,,,,,,,,0,73.0,0,,
STN_E_coastal_fails,2012-11-02 17:00:00,,,,40.5,-73.8,True,,,,,,,,,,0,,,,,,,,0,74.0,0,,
STN_E_coastal_fails,2012-11-02 18:00:00,,,,40.5,-73.8,True,,,,,,,,,,0,,,,,,,,0,75.0,0,,
STN_E_coastal_fails,2012-11-02 19:00:00,,,,40.5,-73.8,True,,,,,,,,,,0,,,,,,,,0,76.0,0,,
STN_E_coastal_fails,2012-11-02 20:00:00,,,,40.5,-73.8,True,,,,,,,,,,0,,,,,,,,0,77.0,0,,
STN_E_coastal_fails,2012-11-02 21:00:00,,,,40.5,-73.8,True,,,,,,,,,,0,,,,,,,,0,78.0,0,,
STN_E_coastal_fails,2012-11-02 22:00:00,,,,40.5,-73.8,True,,,,,,,,,,0,,,,,,,,0,79.0,0,,
STN_E_coastal_fails,2012-11-02 23:00:00,,,,40.5,-73.8,True,,,,,,,,,,0,,,,,,,,0,80.0,0,,
