Region,mean,std,count
Inland,32.856857142857145,41.319039534665215,35
Rural,32.86262096774194,41.41005167519586,248
